"Gene","Entry.Name","UniProt.ID","Description","logFC","P.Val","adj.P.Val","log.P.Val","log.adj.P.Val","n_data_points_BK516_Ctrl","n_data_points_BK516_Cflag","imputed_BK516_Cflag","imputed_BK516_Ctrl","is_significant"
"GENE2433","GENE2433_HUMAN","P72894","Protein GENE2433",0.085,0.893978,0.196095,0.7069,0.7075,3,5,FALSE,FALSE,FALSE
"GENE2140","GENE2140_HUMAN","P81753","Protein GENE2140",0.4614,1,0.962022,0,0.0168,3,3,FALSE,FALSE,FALSE
"GENE1881","GENE1881_HUMAN","P66653","Protein GENE1881",-0.3839,1,0.958998,0,0.0182,3,6,FALSE,FALSE,FALSE
"GENE1130","GENE1130_HUMAN","P94475","Protein GENE1130",-0.345,1,0.72919,0,0.1372,5,2,FALSE,FALSE,FALSE
"GENE0893","GENE0893_HUMAN","P30221","Protein GENE0893",-0.2791,0.877728,0.558152,0,0.2532,3,6,TRUE,FALSE,FALSE
"GENE0324","GENE0324_HUMAN","P50337","Protein GENE0324",-0.2951,1,0.563731,0.1304,0.2489,4,4,FALSE,FALSE,FALSE
"GENE0849","GENE0849_HUMAN","P24295","Protein GENE0849",0.4226,1,0.530876,0,0.275,5,5,FALSE,TRUE,FALSE
"GENE0204","GENE0204_HUMAN","P06258","Protein GENE0204",-0.8644,0.524152,0.194547,0.1886,0.711,2,2,FALSE,FALSE,FALSE
"GENE2349","GENE2349_HUMAN","P49508","Protein GENE2349",4.1715,0.020576,0.005708,1.7247,2.2435,2,6,FALSE,FALSE,TRUE
"GENE2128","GENE2128_HUMAN","P03361","Protein GENE2128",0.4647,1,0.738046,0,0.1319,3,5,FALSE,FALSE,FALSE
"GENE1858","GENE1858_HUMAN","P53687","Protein GENE1858",-0.5712,0.968143,0.798744,0,0.0976,3,4,FALSE,FALSE,FALSE
"GENE1064","GENE1064_HUMAN","P94517","Protein GENE1064",0.5381,1,0.996338,0,0.0016,2,3,FALSE,FALSE,FALSE
"GENE0957","GENE0957_HUMAN","P68519","Protein GENE0957",-0.5184,1,0.361984,0.0338,0.4413,6,6,FALSE,FALSE,FALSE
"GENE1657","GENE1657_HUMAN","P81529","Protein GENE1657",0.0747,1,0.678535,0,0.1684,2,3,FALSE,FALSE,FALSE
"GENE1332","GENE1332_HUMAN","P12410","Protein GENE1332",-0.5133,1,0.485486,0.2195,0.3138,5,2,FALSE,FALSE,FALSE
"GENE2412","GENE2412_HUMAN","P28416","Protein GENE2412",-0.0315,0.3322,0.165739,0.3307,0.7806,3,3,FALSE,FALSE,FALSE
"GENE0398","GENE0398_HUMAN","P89369","Protein GENE0398",-4.0057,0.05761,0.030968,1.2346,1.5091,3,4,TRUE,FALSE,TRUE
"GENE0001","GENE0001_HUMAN","P24227","Protein GENE0001",0.4741,1,0.899017,0,0.0462,2,3,FALSE,FALSE,FALSE
"GENE2212","GENE2212_HUMAN","P19737","Protein GENE2212",0.6118,0.631677,0.212114,0.1058,0.6734,3,6,FALSE,FALSE,FALSE
"GENE1823","GENE1823_HUMAN","P15089","Protein GENE1823",-0.4156,1,0.902303,0,0.0446,3,5,FALSE,FALSE,FALSE
"GENE0071","GENE0071_HUMAN","P27973","Protein GENE0071",2.6865,0.074112,0.02954,0.9046,1.5296,2,6,FALSE,FALSE,TRUE
"GENE0285","GENE0285_HUMAN","P93854","Protein GENE0285",3.3158,0.068123,0.019728,1.062,1.7049,6,3,FALSE,FALSE,TRUE
"GENE1894","GENE1894_HUMAN","P09045","Protein GENE1894",2.5522,0.059936,0.016236,1.4925,1.7895,3,5,FALSE,FALSE,TRUE
"GENE2355","GENE2355_HUMAN","P93052","Protein GENE2355",3.9533,0.040647,0.011007,1.5157,1.9583,4,2,FALSE,FALSE,TRUE
"GENE2708","GENE2708_HUMAN","P35217","Protein GENE2708",-0.2394,0.38142,0.202818,0.0645,0.6929,4,4,FALSE,FALSE,FALSE
"GENE1744","GENE1744_HUMAN","P80861","Protein GENE1744",0.0069,1,0.940398,0,0.0267,3,3,FALSE,FALSE,FALSE
"GENE0283","GENE0283_HUMAN","P36697","Protein GENE0283",0.2034,1,0.416073,0.0672,0.3808,6,3,FALSE,FALSE,FALSE
"GENE2729","GENE2729_HUMAN","P80351","Protein GENE2729",0.4863,0.451804,0.163256,0.4768,0.7871,5,3,FALSE,FALSE,FALSE
"GENE0563","GENE0563_HUMAN","P14548","Protein GENE0563",-0.0754,0.299744,0.097941,0.5205,1.009,2,5,FALSE,FALSE,FALSE
"GENE2275","GENE2275_HUMAN","P94904","Protein GENE2275",-0.4806,1,0.90839,0,0.0417,2,4,TRUE,FALSE,FALSE
"GENE1244","GENE1244_HUMAN","P90459","Protein GENE1244",-0.0068,0.885943,0.772993,0,0.1118,5,4,FALSE,TRUE,FALSE
"GENE0700","GENE0700_HUMAN","P91201","Protein GENE0700",0.1765,0.496423,0.176307,0.1553,0.7537,5,6,FALSE,TRUE,FALSE
"GENE2071","GENE2071_HUMAN","P57245","Protein GENE2071",0.2894,1,0.708559,0,0.1496,3,5,FALSE,FALSE,FALSE
"GENE0645","GENE0645_HUMAN","P65791","Protein GENE0645",-0.4216,1,0.744825,0,0.1279,5,5,FALSE,FALSE,FALSE
"GENE2383","GENE2383_HUMAN","P36165","Protein GENE2383",-0.2149,1,0.674479,0.0618,0.171,5,4,FALSE,FALSE,FALSE
"GENE1865","GENE1865_HUMAN","P19971","Protein GENE1865",-0.4303,1,0.383035,0.0694,0.4168,6,3,FALSE,FALSE,FALSE
"GENE2675","GENE2675_HUMAN","P41199","Protein GENE2675",0.9419,1,0.943308,0,0.0253,2,6,FALSE,FALSE,FALSE
"GENE0888","GENE0888_HUMAN","P05926","Protein GENE0888",0.8923,1,0.624236,0,0.2047,5,5,FALSE,FALSE,FALSE
"GENE2330","GENE2330_HUMAN","P84731","Protein GENE2330",-0.1986,1,0.939089,0,0.0273,2,4,FALSE,TRUE,FALSE
"GENE2712","GENE2712_HUMAN","P26726","Protein GENE2712",-0.8892,0.094295,0.037647,0.8157,1.4243,5,5,FALSE,FALSE,TRUE
"GENE1652","GENE1652_HUMAN","P54200","Protein GENE1652",-0.1138,0.361644,0.223975,0.593,0.6498,2,6,FALSE,FALSE,FALSE
"GENE0257","GENE0257_HUMAN","P34127","Protein GENE0257",0.113,1,0.435949,0.0683,0.3606,2,6,FALSE,FALSE,FALSE
"GENE1429","GENE1429_HUMAN","P81567","Protein GENE1429",-0.1586,0.360612,0.270421,0.1783,0.568,4,2,TRUE,FALSE,FALSE
"GENE2403","GENE2403_HUMAN","P90594","Protein GENE2403",2.1659,0.155395,0.048621,0.7517,1.3132,3,2,FALSE,FALSE,TRUE
"GENE2774","GENE2774_HUMAN","P41674","Protein GENE2774",-4.349,0.058065,0.026005,0.9152,1.585,6,6,FALSE,FALSE,TRUE
"GENE1831","GENE1831_HUMAN","P91456","Protein GENE1831",-3.6643,0.012328,0.003095,2.4539,2.5093,2,2,FALSE,FALSE,TRUE
"GENE0919","GENE0919_HUMAN","P53928","Protein GENE0919",-0.3005,0.281751,0.088783,0.495,1.0517,6,4,TRUE,FALSE,FALSE
"GENE1919","GENE1919_HUMAN","P05903","Protein GENE1919",0.0029,1,0.683208,0,0.1654,2,5,FALSE,FALSE,FALSE
"GENE1138","GENE1138_HUMAN","P10124","Protein GENE1138",2.7897,0.14448,0.041751,0.9506,1.3793,6,6,FALSE,FALSE,TRUE
"GENE0343","GENE0343_HUMAN","P98890","Protein GENE0343",3.7934,0.044153,0.043379,0.9949,1.3627,2,4,FALSE,FALSE,TRUE
"GENE2621","GENE2621_HUMAN","P65101","Protein GENE2621",3.3178,0.105969,0.025207,1.391,1.5985,3,2,FALSE,FALSE,TRUE
"GENE0032","GENE0032_HUMAN","P40469","Protein GENE0032",-1.1431,0.137243,0.044098,1.0321,1.3556,4,3,FALSE,FALSE,TRUE
"GENE1316","GENE1316_HUMAN","P15967","Protein GENE1316",-0.0152,0.321925,0.166037,0.0915,0.7798,4,5,FALSE,FALSE,FALSE
"GENE1267","GENE1267_HUMAN","P95388","Protein GENE1267",-0.6969,0.251827,0.145332,0.6411,0.8376,6,5,FALSE,FALSE,FALSE
"AGGF1","AGGF1_HUMAN","P56126","Protein AGGF1",-0.744,0.999039,0.627914,0.0853,0.2021,5,2,FALSE,FALSE,FALSE
"GENE1806","GENE1806_HUMAN","P53955","Protein GENE1806",0.6619,0.634533,0.478185,0,0.3204,6,2,TRUE,FALSE,FALSE
"GENE0421","GENE0421_HUMAN","P47280","Protein GENE0421",0.8005,1,0.796706,0.057,0.0987,4,3,FALSE,FALSE,FALSE
"GENE0714","GENE0714_HUMAN","P08011","Protein GENE0714",0.6954,1,0.99007,0,0.0043,6,5,TRUE,FALSE,FALSE
"GENE1871","GENE1871_HUMAN","P77906","Protein GENE1871",2.4322,0.119382,0.031869,1.236,1.4966,5,6,TRUE,FALSE,TRUE
"GENE2317","GENE2317_HUMAN","P71371","Protein GENE2317",0.4095,1,0.863722,0,0.0636,4,5,FALSE,FALSE,FALSE
"GENE2624","GENE2624_HUMAN","P22310","Protein GENE2624",4.001,0.08717,0.020612,1.0207,1.6859,5,2,FALSE,FALSE,TRUE
"GENE2165","GENE2165_HUMAN","P76267","Protein GENE2165",-0.2724,1,0.664547,0,0.1775,3,2,FALSE,FALSE,FALSE
"GENE1975","GENE1975_HUMAN","P17812","Protein GENE1975",-2.1926,0.022525,0.011004,1.6491,1.9585,4,5,FALSE,FALSE,TRUE
"GENE1392","GENE1392_HUMAN","P70561","Protein GENE1392",0.5472,1,0.732962,0,0.1349,6,4,FALSE,FALSE,FALSE
"GENE1803","GENE1803_HUMAN","P78737","Protein GENE1803",0.0108,0.381197,0.137197,0.8104,0.8627,2,2,TRUE,FALSE,FALSE
"GENE0386","GENE0386_HUMAN","P74942","Protein GENE0386",0.2759,0.730906,0.681807,0,0.1663,5,6,FALSE,FALSE,FALSE
"GENE1644","GENE1644_HUMAN","P63728","Protein GENE1644",3.5781,0.160845,0.037129,1.3225,1.4303,4,4,FALSE,FALSE,TRUE
"GENE1128","GENE1128_HUMAN","P77787","Protein GENE1128",-0.4818,0.172018,0.15001,0.2659,0.8239,6,3,FALSE,FALSE,FALSE
"GENE1709","GENE1709_HUMAN","P58317","Protein GENE1709",-0.8505,1,0.787223,0,0.1039,2,2,FALSE,FALSE,FALSE
"GENE1464","GENE1464_HUMAN","P84315","Protein GENE1464",-0.2462,1,0.49206,0,0.308,6,5,FALSE,FALSE,FALSE
"GENE1155","GENE1155_HUMAN","P01107","Protein GENE1155",0.6305,0.998858,0.844069,0,0.0736,2,5,FALSE,FALSE,FALSE
"GENE0392","GENE0392_HUMAN","P56817","Protein GENE0392",-0.4873,1,0.300639,0,0.522,3,6,FALSE,FALSE,FALSE
"GENE2301","GENE2301_HUMAN","P79802","Protein GENE2301",-0.2915,1,0.438468,0,0.3581,4,2,FALSE,FALSE,FALSE
"GENE2806","GENE2806_HUMAN","P44948","Protein GENE2806",-3.4652,0.092208,0.01903,1.45,1.7206,6,4,FALSE,FALSE,TRUE
"GENE2486","GENE2486_HUMAN","P61016","Protein GENE2486",-0.0121,0.824594,0.272428,0.0372,0.5647,4,4,FALSE,FALSE,FALSE
"GENE2211","GENE2211_HUMAN","P33524","Protein GENE2211",-0.0462,1,0.355229,0,0.4495,4,5,FALSE,FALSE,FALSE
"GENE1994","GENE1994_HUMAN","P90546","Protein GENE1994",0.4713,1,0.323394,0,0.4903,5,5,FALSE,FALSE,FALSE
"GENE2785","GENE2785_HUMAN","P54466","Protein GENE2785",0.4404,1,0.74577,0,0.1274,2,2,FALSE,FALSE,FALSE
"GENE2733","GENE2733_HUMAN","P77725","Protein GENE2733",-0.0099,1,0.885743,0,0.0527,6,3,FALSE,FALSE,FALSE
"GENE0052","GENE0052_HUMAN","P52344","Protein GENE0052",-0.4567,1,0.621278,0,0.2067,4,2,FALSE,FALSE,FALSE
"GENE2542","GENE2542_HUMAN","P80235","Protein GENE2542",4.2892,0.206139,0.041395,1.2236,1.3831,6,2,FALSE,FALSE,TRUE
"GENE1706","GENE1706_HUMAN","P40511","Protein GENE1706",-0.4895,0.881352,0.560324,0,0.2516,2,3,FALSE,FALSE,FALSE
"GENE2148","GENE2148_HUMAN","P56066","Protein GENE2148",0.6079,1,0.637619,0,0.1954,5,6,FALSE,FALSE,FALSE
"GENE2490","GENE2490_HUMAN","P89356","Protein GENE2490",-1.0296,0.262518,0.165226,0.1564,0.7819,3,4,FALSE,FALSE,FALSE
"GENE1940","GENE1940_HUMAN","P24334","Protein GENE1940",0.2785,1,0.671574,0,0.1729,6,4,FALSE,FALSE,FALSE
"GENE2808","GENE2808_HUMAN","P23752","Protein GENE2808",-0.7053,0.646503,0.39418,0,0.4043,6,3,FALSE,FALSE,FALSE
"GENE0114","GENE0114_HUMAN","P09399","Protein GENE0114",0.1403,1,0.99708,0,0.0013,2,5,FALSE,FALSE,FALSE
"GENE1417","GENE1417_HUMAN","P67187","Protein GENE1417",-0.0034,1,0.882569,0,0.0543,5,2,FALSE,FALSE,FALSE
"GENE0869","GENE0869_HUMAN","P97761","Protein GENE0869",0.5976,0.490846,0.343978,0,0.4635,5,2,FALSE,FALSE,FALSE
"GENE1231","GENE1231_HUMAN","P65349","Protein GENE1231",0.693,1,0.71341,0,0.1467,2,4,TRUE,FALSE,FALSE
"GENE1457","GENE1457_HUMAN","P46582","Protein GENE1457",0.2619,1,0.570188,0,0.244,2,3,FALSE,FALSE,FALSE
"GENE2884","GENE2884_HUMAN","P92493","Protein GENE2884",-0.0959,1,0.911475,0,0.0403,4,3,FALSE,FALSE,FALSE
"GENE2141","GENE2141_HUMAN","P87556","Protein GENE2141",-0.1284,0.499884,0.360729,0.0909,0.4428,3,5,FALSE,FALSE,FALSE
"GENE1837","GENE1837_HUMAN","P70827","Protein GENE1837",-0.2485,1,0.555474,0,0.2553,5,5,FALSE,FALSE,FALSE
"GENE1832","GENE1832_HUMAN","P52219","Protein GENE1832",0.9119,1,0.593681,0,0.2264,3,6,FALSE,FALSE,FALSE
"GENE1102","GENE1102_HUMAN","P89026","Protein GENE1102",0.1323,1,0.28766,0.2918,0.5411,6,4,FALSE,FALSE,FALSE
"GENE2501","GENE2501_HUMAN","P21303","Protein GENE2501",-0.2954,0.351913,0.316094,0,0.5002,2,6,FALSE,FALSE,FALSE
"GENE2666","GENE2666_HUMAN","P03914","Protein GENE2666",3.3425,0.028587,0.015909,1.1304,1.7983,5,6,FALSE,FALSE,TRUE
"GENE1660","GENE1660_HUMAN","P56268","Protein GENE1660",-2.3173,0.097115,0.024267,1.0268,1.615,4,3,FALSE,FALSE,TRUE
"GENE0230","GENE0230_HUMAN","P06391","Protein GENE0230",0.3575,0.320794,0.176316,0.3647,0.7537,5,4,TRUE,FALSE,FALSE
"GENE0740","GENE0740_HUMAN","P36976","Protein GENE0740",-0.0611,0.296188,0.149664,0.3529,0.8249,2,6,FALSE,FALSE,FALSE
"GENE2189","GENE2189_HUMAN","P09800","Protein GENE2189",2.0245,0.052609,0.014218,1.5463,1.8472,5,3,FALSE,FALSE,TRUE
"GENE2271","GENE2271_HUMAN","P62465","Protein GENE2271",0.7708,0.023786,0.019135,1.025,1.7182,2,4,FALSE,FALSE,TRUE
"GENE1495","GENE1495_HUMAN","P01257","Protein GENE1495",-1.3538,0.104392,0.032049,1.3774,1.4942,3,6,FALSE,FALSE,TRUE
"GENE1178","GENE1178_HUMAN","P66763","Protein GENE1178",-0.0929,1,0.82076,0,0.0858,5,2,FALSE,FALSE,FALSE
"GENE0554","GENE0554_HUMAN","P48072","Protein GENE0554",0.278,0.323376,0.080944,0.9622,1.0918,2,2,FALSE,FALSE,FALSE
"GENE0802","GENE0802_HUMAN","P62413","Protein GENE0802",0.1749,1,0.546185,0,0.2627,4,3,FALSE,FALSE,FALSE
"GENE0956","GENE0956_HUMAN","P83964","Protein GENE0956",0.5922,0.75826,0.560469,0,0.2514,2,4,FALSE,FALSE,FALSE
"GENE1276","GENE1276_HUMAN","P95240","Protein GENE1276",-1.8221,0.011931,0.007316,1.881,2.1357,4,6,FALSE,FALSE,TRUE
"GENE0279","GENE0279_HUMAN","P75933","Protein GENE0279",-0.2243,0.796496,0.561224,0,0.2509,4,2,FALSE,FALSE,FALSE
"GENE1826","GENE1826_HUMAN","P43319","Protein GENE1826",-0.5087,1,0.715869,0,0.1452,5,4,FALSE,FALSE,FALSE
"TRIP4","TRIP4_HUMAN","P84384","Protein TRIP4",0.6591,1,0.627754,0,0.2022,4,5,FALSE,FALSE,FALSE
"GENE2174","GENE2174_HUMAN","P73366","Protein GENE2174",-0.4839,1,0.755599,0,0.1217,2,5,FALSE,TRUE,FALSE
"GENE0269","GENE0269_HUMAN","P45889","Protein GENE0269",-2.2079,0.02579,0.006908,1.6118,2.1606,6,5,TRUE,FALSE,TRUE
"GENE2693","GENE2693_HUMAN","P15097","Protein GENE2693",-2.7866,0.066353,0.04708,0.9799,1.3272,2,4,TRUE,FALSE,TRUE
"GENE0183","GENE0183_HUMAN","P05089","Protein GENE0183",-0.1187,1,0.954742,0,0.0201,5,5,TRUE,FALSE,FALSE
"GENE1185","GENE1185_HUMAN","P88245","Protein GENE1185",-1.3037,0.112295,0.034775,0.9318,1.4587,2,2,FALSE,FALSE,TRUE
"GENE0479","GENE0479_HUMAN","P55730","Protein GENE0479",0.4239,1,0.713466,0.0953,0.1466,5,4,FALSE,FALSE,FALSE
"GENE1459","GENE1459_HUMAN","P50570","Protein GENE1459",0.1592,1,0.818871,0,0.0868,2,4,FALSE,TRUE,FALSE
"GENE2291","GENE2291_HUMAN","P01488","Protein GENE2291",3.4375,0.076298,0.024739,1.2277,1.6066,6,5,FALSE,FALSE,TRUE
"GENE0059","GENE0059_HUMAN","P41368","Protein GENE0059",0.0728,0.476843,0.316905,0,0.4991,6,3,TRUE,FALSE,FALSE
"GENE2603","GENE2603_HUMAN","P53400","Protein GENE2603",-0.1744,1,0.301397,0.1101,0.5209,4,4,FALSE,FALSE,FALSE
"GENE0658","GENE0658_HUMAN","P59305","Protein GENE0658",-0.5009,1,0.570785,0,0.2435,4,5,FALSE,FALSE,FALSE
"GENE1864","GENE1864_HUMAN","P09237","Protein GENE1864",0.2726,1,0.550234,0,0.2595,3,4,FALSE,FALSE,FALSE
"GENE1556","GENE1556_HUMAN","P04566","Protein GENE1556",-2.6827,0.179292,0.042556,1.1232,1.371,3,2,FALSE,FALSE,TRUE
"GENE0493","GENE0493_HUMAN","P87062","Protein GENE0493",0.7665,1,0.400451,0.0725,0.3975,5,6,FALSE,FALSE,FALSE
"GENE0557","GENE0557_HUMAN","P25986","Protein GENE0557",0.3242,0.474708,0.391136,0.2128,0.4077,3,2,FALSE,TRUE,FALSE
"GENE0960","GENE0960_HUMAN","P38464","Protein GENE0960",0.0569,1,0.93168,0,0.0307,3,6,FALSE,FALSE,FALSE
"GENE1475","GENE1475_HUMAN","P38034","Protein GENE1475",0.0235,0.752557,0.438886,0.2025,0.3576,5,4,FALSE,TRUE,FALSE
"GENE1390","GENE1390_HUMAN","P84481","Protein GENE1390",-3.5971,0.063423,0.022686,1.0162,1.6442,4,3,FALSE,FALSE,TRUE
"GENE2188","GENE2188_HUMAN","P28643","Protein GENE2188",-0.5888,0.245003,0.139979,0.4971,0.8539,2,6,FALSE,FALSE,FALSE
"GENE0877","GENE0877_HUMAN","P03768","Protein GENE0877",0.0707,0.587696,0.278893,0.2114,0.5546,2,2,FALSE,TRUE,FALSE
"GENE0817","GENE0817_HUMAN","P14094","Protein GENE0817",-8e-04,0.619276,0.294982,0,0.5302,3,5,FALSE,FALSE,FALSE
"GENE1880","GENE1880_HUMAN","P63193","Protein GENE1880",-0.6026,0.76004,0.172259,0.5279,0.7638,6,2,FALSE,FALSE,FALSE
"GENE0262","GENE0262_HUMAN","P16718","Protein GENE0262",-0.2308,1,0.435241,0,0.3613,2,3,FALSE,FALSE,FALSE
"GENE1982","GENE1982_HUMAN","P64865","Protein GENE1982",0.7088,1,0.468553,0,0.3292,2,5,FALSE,FALSE,FALSE
"GENE1997","GENE1997_HUMAN","P32891","Protein GENE1997",-0.4445,1,0.788906,0,0.103,2,4,TRUE,FALSE,FALSE
"GENE0399","GENE0399_HUMAN","P38000","Protein GENE0399",0.1218,1,0.532025,0,0.2741,5,2,FALSE,FALSE,FALSE
"GENE1568","GENE1568_HUMAN","P45582","Protein GENE1568",-0.2582,0.940864,0.911963,0,0.04,3,4,FALSE,FALSE,FALSE
"GENE0008","GENE0008_HUMAN","P43633","Protein GENE0008",0.3134,1,0.87023,0,0.0604,3,4,FALSE,FALSE,FALSE
"GENE2596","GENE2596_HUMAN","P90463","Protein GENE2596",4.1952,0.075459,0.042453,0.8102,1.3721,6,5,FALSE,FALSE,TRUE
"GENE0560","GENE0560_HUMAN","P63847","Protein GENE0560",0.4935,1,0.775739,0,0.1103,4,4,FALSE,FALSE,FALSE
"GENE0261","GENE0261_HUMAN","P17068","Protein GENE0261",0.1717,1,0.949117,0,0.0227,3,2,FALSE,FALSE,FALSE
"GENE1085","GENE1085_HUMAN","P79112","Protein GENE1085",2.8747,0.021688,0.006502,1.7429,2.1869,3,5,FALSE,FALSE,TRUE
"GENE0551","GENE0551_HUMAN","P50953","Protein GENE0551",0.4346,0.903186,0.209557,0.5266,0.6787,6,6,FALSE,FALSE,FALSE
"GENE1623","GENE1623_HUMAN","P92737","Protein GENE1623",-0.6546,0.233478,0.077239,0.9079,1.1122,4,6,FALSE,FALSE,FALSE
"GENE2699","GENE2699_HUMAN","P02432","Protein GENE2699",-0.1535,0.758948,0.332275,0.3233,0.4785,6,6,FALSE,FALSE,FALSE
"GENE2583","GENE2583_HUMAN","P71672","Protein GENE2583",-0.5897,0.81719,0.722811,0,0.141,5,4,FALSE,FALSE,FALSE
"GENE1749","GENE1749_HUMAN","P10419","Protein GENE1749",-0.3732,1,0.514576,0,0.2886,4,3,FALSE,FALSE,FALSE
"GENE0411","GENE0411_HUMAN","P96172","Protein GENE0411",3.9232,0.023669,0.015429,1.2134,1.8117,5,4,FALSE,FALSE,TRUE
"GENE1361","GENE1361_HUMAN","P57217","Protein GENE1361",0.4537,1,0.728383,0,0.1376,3,6,TRUE,FALSE,FALSE
"GENE1608","GENE1608_HUMAN","P32058","Protein GENE1608",-0.6497,1,0.596057,0,0.2247,6,4,FALSE,FALSE,FALSE
"GENE2601","GENE2601_HUMAN","P03005","Protein GENE2601",-0.2131,0.598496,0.548505,0,0.2608,4,6,FALSE,FALSE,FALSE
"GENE0184","GENE0184_HUMAN","P23430","Protein GENE0184",-0.0769,0.330283,0.084281,0.439,1.0743,3,6,FALSE,FALSE,FALSE
"GENE0734","GENE0734_HUMAN","P04355","Protein GENE0734",-0.2572,1,0.657738,0,0.1819,4,6,FALSE,FALSE,FALSE
"GENE2126","GENE2126_HUMAN","P36875","Protein GENE2126",-0.4795,1,0.516106,0.2645,0.2873,2,6,FALSE,FALSE,FALSE
"GENE0265","GENE0265_HUMAN","P32888","Protein GENE0265",1.7779,0.012059,0.010969,1.2765,1.9598,5,6,FALSE,FALSE,TRUE
"GENE0237","GENE0237_HUMAN","P29702","Protein GENE0237",0.284,1,0.692255,0,0.1597,2,5,TRUE,FALSE,FALSE
"GENE1841","GENE1841_HUMAN","P51614","Protein GENE1841",0.4075,1,0.856526,0,0.0673,3,3,FALSE,FALSE,FALSE
"GENE1689","GENE1689_HUMAN","P58123","Protein GENE1689",0.2271,1,0.732183,0,0.1354,5,3,FALSE,TRUE,FALSE
"GENE0525","GENE0525_HUMAN","P39519","Protein GENE0525",-3.6324,0.039568,0.034611,0.8373,1.4608,5,2,FALSE,FALSE,TRUE
"GENE0085","GENE0085_HUMAN","P50255","Protein GENE0085",-0.6962,0.107582,0.026446,1.3371,1.5776,3,4,FALSE,FALSE,TRUE
"GENE0938","GENE0938_HUMAN","P00618","Protein GENE0938",4.2195,0.096053,0.024663,1.3312,1.608,3,5,FALSE,TRUE,TRUE
"GENE2109","GENE2109_HUMAN","P66731","Protein GENE2109",0.1273,1,0.985824,0,0.0062,2,3,FALSE,TRUE,FALSE
"GENE0922","GENE0922_HUMAN","P06745","Protein GENE0922",0.1197,1,0.906199,0,0.0428,2,3,TRUE,FALSE,FALSE
"GENE1737","GENE1737_HUMAN","P17412","Protein GENE1737",-0.4343,0.435874,0.133804,0.7107,0.8735,3,4,FALSE,FALSE,FALSE
"GENE1557","GENE1557_HUMAN","P63801","Protein GENE1557",-0.1713,0.377167,0.282453,0.4144,0.5491,4,4,FALSE,FALSE,FALSE
"GENE0499","GENE0499_HUMAN","P44030","Protein GENE0499",0.5747,0.084425,0.026528,1.0403,1.5763,5,5,FALSE,FALSE,TRUE
"GENE2474","GENE2474_HUMAN","P91014","Protein GENE2474",-0.0831,1,0.237135,0,0.625,6,5,FALSE,FALSE,FALSE
"GENE0669","GENE0669_HUMAN","P52013","Protein GENE0669",2.8816,0.124025,0.02864,0.8776,1.543,3,6,FALSE,FALSE,TRUE
"GENE0174","GENE0174_HUMAN","P30625","Protein GENE0174",-1.3307,0.054352,0.014889,1.4072,1.8271,4,4,FALSE,FALSE,TRUE
"GENE0286","GENE0286_HUMAN","P50486","Protein GENE0286",0.6529,0.852179,0.189375,0.2091,0.7227,5,6,FALSE,FALSE,FALSE
"GENE1752","GENE1752_HUMAN","P27180","Protein GENE1752",0.4467,0.698913,0.23232,0.4961,0.6339,5,4,FALSE,FALSE,FALSE
"GENE1620","GENE1620_HUMAN","P71156","Protein GENE1620",-0.5037,0.214192,0.200758,0.4177,0.6973,6,5,FALSE,FALSE,FALSE
"GENE2704","GENE2704_HUMAN","P74337","Protein GENE2704",-0.1438,1,0.795543,0,0.0993,6,2,FALSE,FALSE,FALSE
"ZNF598","ZNF598_HUMAN","P90800","Protein ZNF598",0.7549,0.056038,0.030119,0.985,1.5212,5,6,FALSE,FALSE,TRUE
"GENE2454","GENE2454_HUMAN","P98201","Protein GENE2454",-0.0939,1,0.476692,0.2848,0.3218,6,5,FALSE,FALSE,FALSE
"GENE1114","GENE1114_HUMAN","P37504","Protein GENE1114",0.3224,1,0.648139,0,0.1883,6,4,FALSE,FALSE,FALSE
"GENE0401","GENE0401_HUMAN","P61863","Protein GENE0401",0.0424,1,0.669289,0,0.1744,4,5,FALSE,FALSE,FALSE
"GENE0202","GENE0202_HUMAN","P61929","Protein GENE0202",0.1036,1,0.691901,0,0.16,2,5,FALSE,FALSE,FALSE
"GENE1046","GENE1046_HUMAN","P46551","Protein GENE1046",2.3785,0.036336,0.008331,1.4673,2.0793,3,2,FALSE,FALSE,TRUE
"GENE0170","GENE0170_HUMAN","P86508","Protein GENE0170",0.5833,1,0.465737,0,0.3319,4,5,FALSE,TRUE,FALSE
"GENE0803","GENE0803_HUMAN","P66754","Protein GENE0803",3.3185,0.054197,0.037481,1.1702,1.4262,2,3,FALSE,FALSE,TRUE
"GENE2496","GENE2496_HUMAN","P40922","Protein GENE2496",0.0164,0.901421,0.82324,0,0.0845,5,5,FALSE,FALSE,FALSE
"GENE1061","GENE1061_HUMAN","P84922","Protein GENE1061",0.5555,1,0.513312,0,0.2896,2,6,TRUE,FALSE,FALSE
"GENE0119","GENE0119_HUMAN","P36653","Protein GENE0119",0.4703,0.232343,0.193881,0.5019,0.7125,6,4,FALSE,FALSE,FALSE
"GPATCH3","GPATCH3_HUMAN","P50717","Protein GPATCH3",0.0617,1,0.500316,0,0.3008,6,2,TRUE,FALSE,FALSE
"GENE0224","GENE0224_HUMAN","P20607","Protein GENE0224",0.3534,1,0.703207,0,0.1529,3,6,FALSE,FALSE,FALSE
"GENE0685","GENE0685_HUMAN","P35177","Protein GENE0685",-0.3072,1,0.916143,0,0.038,3,4,FALSE,FALSE,FALSE
"GENE2605","GENE2605_HUMAN","P65411","Protein GENE2605",1.2251,1,0.594929,0,0.2255,4,3,TRUE,FALSE,FALSE
"GENE0102","GENE0102_HUMAN","P16571","Protein GENE0102",-0.4771,1,0.683249,0,0.1654,5,3,FALSE,FALSE,FALSE
"GENE0702","GENE0702_HUMAN","P93828","Protein GENE0702",0.2203,1,0.330473,0.1623,0.4809,4,4,FALSE,FALSE,FALSE
"GENE1434","GENE1434_HUMAN","P43366","Protein GENE1434",0.1717,0.221426,0.208267,0,0.6814,5,5,FALSE,FALSE,FALSE
"GENE1262","GENE1262_HUMAN","P43775","Protein GENE1262",0.0027,1,0.782465,0,0.1065,4,2,FALSE,FALSE,FALSE
"GENE0304","GENE0304_HUMAN","P77582","Protein GENE0304",-0.1324,1,0.497007,0.2049,0.3036,2,2,TRUE,FALSE,FALSE
"GENE1907","GENE1907_HUMAN","P05507","Protein GENE1907",-0.0438,0.986879,0.214471,0.0443,0.6686,2,3,FALSE,TRUE,FALSE
"GENE0321","GENE0321_HUMAN","P03212","Protein GENE0321",-0.2308,0.261713,0.224531,0,0.6487,2,4,FALSE,FALSE,FALSE
"GENE2506","GENE2506_HUMAN","P61030","Protein GENE2506",-0.315,0.338775,0.224829,0.3277,0.6481,2,4,FALSE,FALSE,FALSE
"GENE1152","GENE1152_HUMAN","P47984","Protein GENE1152",0.7066,0.069496,0.023738,0.9536,1.6246,3,6,FALSE,FALSE,TRUE
"GENE2670","GENE2670_HUMAN","P54454","Protein GENE2670",-0.5763,1,0.982911,0,0.0075,5,5,FALSE,FALSE,FALSE
"GENE0823","GENE0823_HUMAN","P94355","Protein GENE0823",-0.0481,1,0.636906,0,0.1959,5,4,FALSE,FALSE,FALSE
"GENE0274","GENE0274_HUMAN","P33104","Protein GENE0274",-0.5523,0.686926,0.204731,0.1754,0.6888,3,2,FALSE,FALSE,FALSE
"GENE1335","GENE1335_HUMAN","P84516","Protein GENE1335",-0.4949,0.724312,0.163132,0.0938,0.7875,3,6,FALSE,FALSE,FALSE
"GENE0461","GENE0461_HUMAN","P07273","Protein GENE0461",0.1795,0.113922,0.081178,0.5338,1.0906,3,2,FALSE,TRUE,FALSE
"GENE2815","GENE2815_HUMAN","P76601","Protein GENE2815",0.3928,1,0.499581,0,0.3014,3,3,FALSE,TRUE,FALSE
"LARP7","LARP7_HUMAN","P72670","Protein LARP7",1.093,0.070875,0.03474,0.8265,1.4592,4,3,TRUE,FALSE,TRUE
"GPATCH1","GPATCH1_HUMAN","P09446","Protein GPATCH1",0.459,0.860956,0.195301,0.2603,0.7093,6,2,FALSE,FALSE,FALSE
"GENE1990","GENE1990_HUMAN","P13131","Protein GENE1990",0.4695,1,0.891173,0,0.05,4,6,FALSE,FALSE,FALSE
"GENE1910","GENE1910_HUMAN","P80727","Protein GENE1910",2.7552,0.017934,0.005585,1.6483,2.253,2,6,FALSE,FALSE,TRUE
"GENE1524","GENE1524_HUMAN","P74020","Protein GENE1524",-0.592,0.409197,0.378205,0.2406,0.4223,4,5,FALSE,FALSE,FALSE
"GENE0822","GENE0822_HUMAN","P51927","Protein GENE0822",0.2637,0.642675,0.264876,0.0046,0.577,4,3,FALSE,FALSE,FALSE
"GENE0338","GENE0338_HUMAN","P76809","Protein GENE0338",-0.7726,1,0.827551,0,0.0822,5,4,FALSE,FALSE,FALSE
"GENE1852","GENE1852_HUMAN","P57360","Protein GENE1852",-0.3791,1,0.937921,0,0.0278,4,6,FALSE,FALSE,FALSE
"GENE0438","GENE0438_HUMAN","P68347","Protein GENE0438",-0.1518,0.802732,0.260068,0.3434,0.5849,3,2,TRUE,TRUE,FALSE
"GENE0769","GENE0769_HUMAN","P19432","Protein GENE0769",-0.6422,1,0.863956,0,0.0635,6,4,FALSE,FALSE,FALSE
"GENE0911","GENE0911_HUMAN","P39141","Protein GENE0911",0.3985,0.694219,0.231717,0.1655,0.635,6,2,FALSE,FALSE,FALSE
"GENE0710","GENE0710_HUMAN","P85416","Protein GENE0710",0.5866,0.519124,0.380336,0,0.4198,5,2,FALSE,FALSE,FALSE
"GENE2781","GENE2781_HUMAN","P22881","Protein GENE2781",0.2376,0.890718,0.385534,0,0.4139,3,2,FALSE,FALSE,FALSE
"GENE0858","GENE0858_HUMAN","P54698","Protein GENE0858",0.1554,1,0.951178,0,0.0217,3,5,TRUE,FALSE,FALSE
"GENE2625","GENE2625_HUMAN","P05948","Protein GENE2625",0.5871,0.083075,0.027916,1.3822,1.5541,6,4,FALSE,FALSE,TRUE
"GENE1729","GENE1729_HUMAN","P65540","Protein GENE1729",1.7344,0.019824,0.004724,1.9145,2.3257,5,6,FALSE,FALSE,TRUE
"GENE2725","GENE2725_HUMAN","P19768","Protein GENE2725",-0.3795,1,0.698042,0,0.1561,3,4,FALSE,FALSE,FALSE
"GENE2531","GENE2531_HUMAN","P31424","Protein GENE2531",0.7698,1,0.543114,0,0.2651,2,6,FALSE,FALSE,FALSE
"GENE1106","GENE1106_HUMAN","P27870","Protein GENE1106",0.4335,0.117406,0.101574,0.3707,0.9932,6,2,FALSE,FALSE,FALSE
"GENE1501","GENE1501_HUMAN","P96622","Protein GENE1501",0.0518,1,0.833267,0,0.0792,5,6,TRUE,TRUE,FALSE
"GENE1389","GENE1389_HUMAN","P60976","Protein GENE1389",-0.0588,0.461869,0.291756,0.3832,0.535,6,2,FALSE,FALSE,FALSE
"GENE2728","GENE2728_HUMAN","P07348","Protein GENE2728",0.3268,0.94248,0.636094,0,0.1965,5,5,TRUE,FALSE,FALSE
"GENE2497","GENE2497_HUMAN","P53884","Protein GENE2497",-0.1214,0.875144,0.465585,0,0.332,2,6,FALSE,FALSE,FALSE
"GENE2677","GENE2677_HUMAN","P16402","Protein GENE2677",0.0657,0.911137,0.736495,0,0.1328,2,6,TRUE,FALSE,FALSE
"GENE2218","GENE2218_HUMAN","P36250","Protein GENE2218",0.1965,0.662203,0.264506,0.1446,0.5776,4,2,FALSE,FALSE,FALSE
"GENE2265","GENE2265_HUMAN","P48871","Protein GENE2265",0.4711,1,0.615619,0,0.2107,2,5,FALSE,FALSE,FALSE
"GENE0974","GENE0974_HUMAN","P01612","Protein GENE0974",1.4241,0.124053,0.036342,1.1891,1.4396,5,3,TRUE,FALSE,TRUE
"GENE1535","GENE1535_HUMAN","P52475","Protein GENE1535",1.2934,0.055807,0.018838,1.3985,1.725,4,3,FALSE,FALSE,TRUE
"GENE1909","GENE1909_HUMAN","P18991","Protein GENE1909",-0.0676,1,0.642611,0,0.1921,6,2,FALSE,FALSE,FALSE
"GENE0798","GENE0798_HUMAN","P97332","Protein GENE0798",-0.0627,1,0.644657,0,0.1907,4,2,FALSE,FALSE,FALSE
"GENE2176","GENE2176_HUMAN","P52267","Protein GENE2176",-0.8589,0.277222,0.11481,0.6485,0.94,3,5,TRUE,FALSE,FALSE
"GENE2369","GENE2369_HUMAN","P54463","Protein GENE2369",-0.5033,1,0.334879,0,0.4751,6,6,FALSE,FALSE,FALSE
"GENE1984","GENE1984_HUMAN","P24868","Protein GENE1984",-0.3982,1,0.945296,0,0.0244,5,4,FALSE,FALSE,FALSE
"GENE1613","GENE1613_HUMAN","P05847","Protein GENE1613",-0.0509,1,0.683693,0,0.1651,3,3,FALSE,FALSE,FALSE
"GENE0962","GENE0962_HUMAN","P89481","Protein GENE0962",0.2701,1,0.740798,0,0.1303,3,3,FALSE,TRUE,FALSE
"GENE2424","GENE2424_HUMAN","P49799","Protein GENE2424",-2.2434,0.01579,0.010558,1.9763,1.9764,6,4,FALSE,FALSE,TRUE
"GENE1548","GENE1548_HUMAN","P24498","Protein GENE1548",0.8553,0.126401,0.042202,1.2691,1.3747,3,5,TRUE,FALSE,TRUE
"GENE2633","GENE2633_HUMAN","P30419","Protein GENE2633",2.0141,0.062321,0.029449,0.9855,1.5309,5,3,FALSE,FALSE,TRUE
"GENE0250","GENE0250_HUMAN","P82292","Protein GENE0250",0.7172,0.779449,0.463525,0,0.3339,5,2,FALSE,FALSE,FALSE
"GENE0638","GENE0638_HUMAN","P78148","Protein GENE0638",0.6271,1,0.535981,0,0.2709,6,4,FALSE,FALSE,FALSE
"GENE2632","GENE2632_HUMAN","P63785","Protein GENE2632",0.214,0.427879,0.136808,0.4623,0.8639,4,5,FALSE,FALSE,FALSE
"GENE1698","GENE1698_HUMAN","P75782","Protein GENE1698",3.6626,0.090805,0.044858,0.9747,1.3482,5,6,FALSE,FALSE,TRUE
"GENE2554","GENE2554_HUMAN","P83654","Protein GENE2554",0.6096,0.268792,0.12416,0.3584,0.906,4,6,TRUE,FALSE,FALSE
"GENE0860","GENE0860_HUMAN","P43766","Protein GENE0860",1.343,0.159515,0.035485,1.1986,1.45,5,4,FALSE,FALSE,TRUE
"GENE0108","GENE0108_HUMAN","P18545","Protein GENE0108",0.7231,0.7241,0.192985,0.4997,0.7145,6,2,FALSE,FALSE,FALSE
"GENE2814","GENE2814_HUMAN","P77385","Protein GENE2814",0.3189,1,0.741792,0,0.1297,4,2,FALSE,FALSE,FALSE
"GENE2737","GENE2737_HUMAN","P91100","Protein GENE2737",-0.1569,0.227131,0.2007,0.0956,0.6975,3,4,FALSE,FALSE,FALSE
"GENE2105","GENE2105_HUMAN","P31900","Protein GENE2105",0.282,1,0.466881,0,0.3308,3,4,FALSE,FALSE,FALSE
"GENE0549","GENE0549_HUMAN","P10711","Protein GENE0549",0.7124,0.030358,0.021958,1.0371,1.6584,4,2,FALSE,FALSE,TRUE
"GENE1453","GENE1453_HUMAN","P34416","Protein GENE1453",-0.0743,1,0.409491,0.2906,0.3878,6,2,FALSE,FALSE,FALSE
"GENE0101","GENE0101_HUMAN","P12858","Protein GENE0101",0.1236,1,0.978084,0,0.0096,3,6,FALSE,FALSE,FALSE
"GENE2181","GENE2181_HUMAN","P92457","Protein GENE2181",-0.2783,1,0.353777,0.167,0.4513,4,6,FALSE,FALSE,FALSE
"GENE0126","GENE0126_HUMAN","P21534","Protein GENE0126",0.0649,0.473137,0.177144,0.1685,0.7517,6,2,FALSE,FALSE,FALSE
"GENE0593","GENE0593_HUMAN","P07628","Protein GENE0593",-0.0787,0.878988,0.310645,0,0.5077,5,2,FALSE,FALSE,FALSE
"GENE2266","GENE2266_HUMAN","P86485","Protein GENE2266",-0.2541,1,0.913249,0,0.0394,4,4,FALSE,FALSE,FALSE
"GENE2839","GENE2839_HUMAN","P24845","Protein GENE2839",-0.3956,0.85529,0.781664,0,0.107,5,2,FALSE,FALSE,FALSE
"GENE1367","GENE1367_HUMAN","P82879","Protein GENE1367",-3.0887,0.024944,0.010577,1.753,1.9756,6,2,FALSE,FALSE,TRUE
"GENE0313","GENE0313_HUMAN","P48870","Protein GENE0313",-0.0366,1,0.998626,0,6e-04,5,5,TRUE,FALSE,FALSE
"GENE0966","GENE0966_HUMAN","P79065","Protein GENE0966",-0.7167,1,0.487698,0.0956,0.3118,4,4,FALSE,FALSE,FALSE
"GENE1236","GENE1236_HUMAN","P68337","Protein GENE1236",0.1596,0.851066,0.288167,0,0.5404,5,6,TRUE,FALSE,FALSE
"GENE2224","GENE2224_HUMAN","P89728","Protein GENE2224",0.2775,0.506288,0.341833,0.0138,0.4662,6,2,FALSE,FALSE,FALSE
"GENE0319","GENE0319_HUMAN","P96496","Protein GENE0319",-0.2702,0.893197,0.611415,0,0.2137,5,4,FALSE,FALSE,FALSE
"GENE1712","GENE1712_HUMAN","P36454","Protein GENE1712",0.0918,1,0.683551,0.0504,0.1652,3,4,TRUE,FALSE,FALSE
"GENE0647","GENE0647_HUMAN","P53389","Protein GENE0647",0.0899,0.629172,0.131045,0.4792,0.8826,4,2,TRUE,FALSE,FALSE
"GENE1514","GENE1514_HUMAN","P07626","Protein GENE1514",0.4543,1,0.713543,0,0.1466,5,2,FALSE,FALSE,FALSE
"GENE1587","GENE1587_HUMAN","P84884","Protein GENE1587",0.4514,1,0.849651,0,0.0708,4,2,FALSE,FALSE,FALSE
"GENE0441","GENE0441_HUMAN","P03674","Protein GENE0441",0.0664,1,0.567046,0,0.2464,2,4,FALSE,FALSE,FALSE
"GENE0468","GENE0468_HUMAN","P60857","Protein GENE0468",0.0802,1,0.720412,0,0.1424,5,6,FALSE,FALSE,FALSE
"GENE0022","GENE0022_HUMAN","P75790","Protein GENE0022",-0.5209,0.290759,0.275078,0.27,0.5605,2,5,FALSE,FALSE,FALSE
"GENE0165","GENE0165_HUMAN","P29367","Protein GENE0165",0.7033,1,0.844451,0,0.0734,5,3,FALSE,FALSE,FALSE
"GENE2253","GENE2253_HUMAN","P67561","Protein GENE2253",0.4845,1,0.853411,0,0.0688,4,5,FALSE,FALSE,FALSE
"GENE1402","GENE1402_HUMAN","P24504","Protein GENE1402",0.3122,1,0.268114,0,0.5717,5,3,FALSE,FALSE,FALSE
"GENE2070","GENE2070_HUMAN","P60700","Protein GENE2070",-0.5986,1,0.800281,0,0.0968,4,2,FALSE,FALSE,FALSE
"GENE1118","GENE1118_HUMAN","P90949","Protein GENE1118",0.3067,1,0.22327,0,0.6512,3,5,FALSE,FALSE,FALSE
"GENE2835","GENE2835_HUMAN","P52085","Protein GENE2835",0.7834,1,0.74032,0,0.1306,4,6,FALSE,FALSE,FALSE
"GENE1500","GENE1500_HUMAN","P77337","Protein GENE1500",0.177,0.179665,0.090959,0.8096,1.0412,4,5,FALSE,FALSE,FALSE
"GENE2016","GENE2016_HUMAN","P91712","Protein GENE2016",0.0245,1,0.542109,0.1059,0.2659,5,3,TRUE,FALSE,FALSE
"GENE0270","GENE0270_HUMAN","P13126","Protein GENE0270",-1.6967,0.09144,0.042437,0.7879,1.3723,4,4,FALSE,FALSE,TRUE
"GENE1101","GENE1101_HUMAN","P19067","Protein GENE1101",0.2263,0.572979,0.44146,0,0.3551,4,2,FALSE,FALSE,FALSE
"GENE0679","GENE0679_HUMAN","P39275","Protein GENE0679",-4.127,0.055171,0.048134,0.7045,1.3175,6,3,FALSE,FALSE,TRUE
"GENE1053","GENE1053_HUMAN","P94948","Protein GENE1053",0.1149,1,0.982386,0,0.0077,2,6,FALSE,FALSE,FALSE
"GENE1125","GENE1125_HUMAN","P90423","Protein GENE1125",0.5541,1,0.711955,0,0.1475,5,2,FALSE,FALSE,FALSE
"GENE2331","GENE2331_HUMAN","P09997","Protein GENE2331",-0.3418,1,0.908157,0,0.0418,5,3,FALSE,TRUE,FALSE
"GENE1004","GENE1004_HUMAN","P79009","Protein GENE1004",-0.2342,0.892952,0.349672,0.1567,0.4563,3,2,FALSE,FALSE,FALSE
"GENE0228","GENE0228_HUMAN","P12266","Protein GENE0228",0.2494,1,0.522054,0.0448,0.2823,2,5,FALSE,FALSE,FALSE
"GENE2746","GENE2746_HUMAN","P21054","Protein GENE2746",-0.2515,0.402653,0.376508,0,0.4242,6,2,FALSE,FALSE,FALSE
"GENE1343","GENE1343_HUMAN","P47929","Protein GENE1343",0.5593,1,0.534488,0.2512,0.2721,3,2,FALSE,FALSE,FALSE
"GENE1813","GENE1813_HUMAN","P90850","Protein GENE1813",0.0972,1,0.843785,0,0.0738,3,3,FALSE,FALSE,FALSE
"GENE0832","GENE0832_HUMAN","P92460","Protein GENE0832",0.3281,1,0.9318,0,0.0307,3,3,FALSE,FALSE,FALSE
"NCOA1","NCOA1_HUMAN","P53117","Protein NCOA1",-2.6987,0.014912,0.009556,1.4235,2.0197,5,6,FALSE,FALSE,TRUE
"GENE1238","GENE1238_HUMAN","P55026","Protein GENE1238",1.6866,0.104314,0.044642,0.8518,1.3503,3,5,FALSE,FALSE,TRUE
"GENE0365","GENE0365_HUMAN","P05094","Protein GENE0365",-0.1413,0.508206,0.270147,0.1784,0.5684,2,5,FALSE,FALSE,FALSE
"GENE1156","GENE1156_HUMAN","P61922","Protein GENE1156",0.078,1,0.734046,0,0.1343,5,5,TRUE,FALSE,FALSE
"GENE1159","GENE1159_HUMAN","P43681","Protein GENE1159",0.1366,0.314204,0.241967,0.0269,0.6162,6,3,FALSE,FALSE,FALSE
"GENE0649","GENE0649_HUMAN","P77558","Protein GENE0649",0.8273,0.521218,0.224807,0.1559,0.6482,2,2,FALSE,FALSE,FALSE
"GENE0029","GENE0029_HUMAN","P77469","Protein GENE0029",0.5061,0.066374,0.021433,1.3445,1.6689,3,6,FALSE,FALSE,TRUE
"GENE0606","GENE0606_HUMAN","P52823","Protein GENE0606",0.2224,1,0.525799,0,0.2792,3,4,FALSE,FALSE,FALSE
"GENE0853","GENE0853_HUMAN","P84024","Protein GENE0853",-0.0856,0.703452,0.223032,0,0.6516,3,4,TRUE,FALSE,FALSE
"GENE2892","GENE2892_HUMAN","P21058","Protein GENE2892",-0.5878,1,0.793863,0,0.1003,5,5,FALSE,FALSE,FALSE
"LARP1","LARP1_HUMAN","P98503","Protein LARP1",-0.2007,1,0.992849,0,0.0031,4,4,FALSE,FALSE,FALSE
"GENE1647","GENE1647_HUMAN","P21421","Protein GENE1647",-0.6734,0.37429,0.106581,0.2842,0.9723,3,2,FALSE,FALSE,FALSE
"GENE1090","GENE1090_HUMAN","P24216","Protein GENE1090",-0.0083,1,0.913092,0,0.0395,5,3,FALSE,FALSE,FALSE
"GENE0256","GENE0256_HUMAN","P78800","Protein GENE0256",0.6372,1,0.381091,0,0.419,3,6,FALSE,FALSE,FALSE
"GENE0742","GENE0742_HUMAN","P68096","Protein GENE0742",-0.0848,1,0.61549,0,0.2108,6,3,FALSE,FALSE,FALSE
"GENE2152","GENE2152_HUMAN","P47713","Protein GENE2152",-2.9549,0.05092,0.01063,1.5497,1.9735,5,3,TRUE,FALSE,TRUE
"GENE2443","GENE2443_HUMAN","P70983","Protein GENE2443",-0.2158,0.307915,0.159692,0.3085,0.7967,5,6,FALSE,TRUE,FALSE
"GENE0010","GENE0010_HUMAN","P30411","Protein GENE0010",0.7203,1,0.731046,0,0.1361,6,5,FALSE,FALSE,FALSE
"GENE1289","GENE1289_HUMAN","P28380","Protein GENE1289",-1.0141,1,0.587793,0,0.2308,6,2,FALSE,FALSE,FALSE
"GENE1992","GENE1992_HUMAN","P90451","Protein GENE1992",-0.0641,1,0.54493,0.2366,0.2637,4,2,FALSE,FALSE,FALSE
"GENE2089","GENE2089_HUMAN","P25945","Protein GENE2089",0.1435,0.711076,0.547665,0.053,0.2615,2,5,FALSE,FALSE,FALSE
"GENE0758","GENE0758_HUMAN","P22248","Protein GENE0758",-0.8796,1,0.397634,0,0.4005,4,6,FALSE,FALSE,FALSE
"GENE1719","GENE1719_HUMAN","P24364","Protein GENE1719",0.4871,1,0.577962,0,0.2381,5,6,FALSE,FALSE,FALSE
"GENE0520","GENE0520_HUMAN","P38100","Protein GENE0520",0.4133,1,0.572308,0.0342,0.2424,2,4,FALSE,FALSE,FALSE
"GENE2002","GENE2002_HUMAN","P18482","Protein GENE2002",3.2847,0.148466,0.046522,0.8863,1.3323,5,6,TRUE,FALSE,TRUE
"GENE0383","GENE0383_HUMAN","P64790","Protein GENE0383",-0.1079,1,0.756936,0,0.1209,5,5,FALSE,FALSE,FALSE
"GENE1523","GENE1523_HUMAN","P85857","Protein GENE1523",0.1239,0.424578,0.213251,0.3896,0.6711,6,5,FALSE,FALSE,FALSE
"GENE0215","GENE0215_HUMAN","P79712","Protein GENE0215",1.5576,0.05433,0.041828,0.7242,1.3785,5,6,FALSE,FALSE,TRUE
"GENE1728","GENE1728_HUMAN","P97340","Protein GENE1728",0.1843,0.534889,0.117438,0.4504,0.9302,6,4,FALSE,TRUE,FALSE
"GENE0371","GENE0371_HUMAN","P61945","Protein GENE0371",-4e-04,1,0.751513,0,0.1241,2,3,FALSE,TRUE,FALSE
"GENE2276","GENE2276_HUMAN","P53736","Protein GENE2276",0.8353,0.328698,0.282768,0.2494,0.5486,3,5,FALSE,FALSE,FALSE
"GENE1449","GENE1449_HUMAN","P63709","Protein GENE1449",3.7218,0.036084,0.011136,1.945,1.9533,4,3,FALSE,FALSE,TRUE
"GENE0657","GENE0657_HUMAN","P75727","Protein GENE0657",0.2625,1,0.910809,0,0.0406,6,2,FALSE,FALSE,FALSE
"GENE1255","GENE1255_HUMAN","P49991","Protein GENE1255",0.5214,1,0.875303,0,0.0578,2,3,FALSE,FALSE,FALSE
"GENE1341","GENE1341_HUMAN","P06834","Protein GENE1341",0.1862,0.2171,0.078522,0.5599,1.105,6,4,FALSE,FALSE,FALSE
"GENE2304","GENE2304_HUMAN","P86876","Protein GENE2304",-0.0726,1,0.618463,0,0.2087,3,5,FALSE,FALSE,FALSE
"GENE1898","GENE1898_HUMAN","P25824","Protein GENE1898",-0.1017,1,0.821392,0,0.0854,3,5,FALSE,FALSE,FALSE
"GENE1100","GENE1100_HUMAN","P68446","Protein GENE1100",0.0111,1,0.421256,0,0.3755,6,5,FALSE,FALSE,FALSE
"GENE0161","GENE0161_HUMAN","P94968","Protein GENE0161",0.293,1,0.791294,0,0.1017,2,3,FALSE,FALSE,FALSE
"GENE1033","GENE1033_HUMAN","P51880","Protein GENE1033",0.3195,0.286454,0.20476,0.2705,0.6888,5,3,FALSE,FALSE,FALSE
"GENE2783","GENE2783_HUMAN","P46097","Protein GENE2783",3.0931,0.047083,0.027826,0.9316,1.5555,4,6,FALSE,FALSE,TRUE
"GENE1211","GENE1211_HUMAN","P14879","Protein GENE1211",-0.4224,1,0.814679,0,0.089,2,3,FALSE,FALSE,FALSE
"GENE1775","GENE1775_HUMAN","P09788","Protein GENE1775",0.928,0.093851,0.026963,1.0674,1.5692,4,2,TRUE,FALSE,TRUE
"GENE0626","GENE0626_HUMAN","P78021","Protein GENE0626",0.2877,1,0.929658,0,0.0317,5,4,FALSE,FALSE,FALSE
"GENE0820","GENE0820_HUMAN","P65877","Protein GENE0820",0.0689,1,0.927035,0,0.0329,5,6,FALSE,FALSE,FALSE
"GENE2296","GENE2296_HUMAN","P76782","Protein GENE2296",0.1539,1,0.968492,0,0.0139,2,2,FALSE,FALSE,FALSE
"GENE1705","GENE1705_HUMAN","P04599","Protein GENE1705",0.4296,1,0.855146,0,0.068,3,6,FALSE,FALSE,FALSE
"GENE1163","GENE1163_HUMAN","P42444","Protein GENE1163",0.5728,1,0.355118,0,0.4496,6,5,FALSE,FALSE,FALSE
"GENE0034","GENE0034_HUMAN","P84014","Protein GENE0034",-0.671,0.64686,0.632934,0.1198,0.1986,6,5,FALSE,FALSE,FALSE
"GENE0561","GENE0561_HUMAN","P54649","Protein GENE0561",1.4749,0.068375,0.014125,1.5348,1.85,5,3,FALSE,FALSE,TRUE
"GENE1243","GENE1243_HUMAN","P37903","Protein GENE1243",0.4346,1,0.766348,0,0.1156,2,6,FALSE,FALSE,FALSE
"GENE1627","GENE1627_HUMAN","P74484","Protein GENE1627",0.5166,1,0.617001,0,0.2097,3,5,FALSE,FALSE,FALSE
"GENE0792","GENE0792_HUMAN","P98817","Protein GENE0792",-0.3832,0.929634,0.333642,0.4015,0.4767,4,4,FALSE,FALSE,FALSE
"GENE2778","GENE2778_HUMAN","P62019","Protein GENE2778",-0.1908,1,0.83543,0,0.0781,3,6,FALSE,FALSE,FALSE
"GENE1532","GENE1532_HUMAN","P57926","Protein GENE1532",0.2521,1,0.36803,0,0.4341,2,2,FALSE,FALSE,FALSE
"GENE2242","GENE2242_HUMAN","P37898","Protein GENE2242",0.5366,1,0.612362,0,0.213,2,2,FALSE,FALSE,FALSE
"GENE0293","GENE0293_HUMAN","P54310","Protein GENE0293",0.1039,0.402652,0.277352,0,0.557,2,4,TRUE,FALSE,FALSE
"GENE1844","GENE1844_HUMAN","P19299","Protein GENE1844",-3.1122,0.004594,0.001809,2.0666,2.7425,6,4,FALSE,FALSE,TRUE
"GENE0617","GENE0617_HUMAN","P78867","Protein GENE0617",-0.742,0.163046,0.087451,0.6764,1.0582,5,4,FALSE,FALSE,FALSE
"GENE1014","GENE1014_HUMAN","P41029","Protein GENE1014",0.3126,1,0.951349,0,0.0217,2,6,FALSE,FALSE,FALSE
"GENE0495","GENE0495_HUMAN","P94255","Protein GENE0495",-1.9733,0.013592,0.003007,2.026,2.5219,6,2,FALSE,FALSE,TRUE
"GENE2606","GENE2606_HUMAN","P25374","Protein GENE2606",-0.7691,1,0.522902,0,0.2816,5,3,FALSE,FALSE,FALSE
"GENE1423","GENE1423_HUMAN","P19106","Protein GENE1423",-0.2255,1,0.745902,0,0.1273,2,2,FALSE,FALSE,FALSE
"GENE2045","GENE2045_HUMAN","P71853","Protein GENE2045",-0.0084,1,0.283469,0,0.5475,5,5,FALSE,FALSE,FALSE
"GENE0043","GENE0043_HUMAN","P07439","Protein GENE0043",-0.2761,0.335923,0.325978,0,0.4868,5,3,FALSE,TRUE,FALSE
"GENE0497","GENE0497_HUMAN","P97165","Protein GENE0497",0.6802,0.317938,0.185486,0.3347,0.7317,6,4,FALSE,TRUE,FALSE
"GENE2413","GENE2413_HUMAN","P83725","Protein GENE2413",0.1564,1,0.866213,0,0.0624,3,3,FALSE,FALSE,FALSE
"GENE1320","GENE1320_HUMAN","P26099","Protein GENE1320",-0.1994,0.541786,0.123829,0.3263,0.9072,4,6,FALSE,FALSE,FALSE
"GENE2194","GENE2194_HUMAN","P55553","Protein GENE2194",1.6155,0.01321,0.005178,2.1863,2.2859,3,2,TRUE,TRUE,TRUE
"GENE0604","GENE0604_HUMAN","P15489","Protein GENE0604",0.3829,0.842402,0.797807,0,0.0981,5,2,FALSE,FALSE,FALSE
"GENE2214","GENE2214_HUMAN","P04269","Protein GENE2214",0.1639,1,0.366298,0.0387,0.4362,2,3,FALSE,FALSE,FALSE
"GENE2384","GENE2384_HUMAN","P35685","Protein GENE2384",4.2129,0.103183,0.025853,1.4556,1.5875,5,3,FALSE,FALSE,TRUE
"GENE1685","GENE1685_HUMAN","P63074","Protein GENE1685",-1.3402,0.043444,0.008901,1.5483,2.0506,3,4,FALSE,FALSE,TRUE
"GENE1607","GENE1607_HUMAN","P43381","Protein GENE1607",4.187,0.004568,0.001607,2.1885,2.7941,3,4,FALSE,FALSE,TRUE
"GENE2524","GENE2524_HUMAN","P27139","Protein GENE2524",-0.5337,0.190138,0.041021,0.8759,1.387,4,4,FALSE,FALSE,TRUE
"GENE2635","GENE2635_HUMAN","P18666","Protein GENE2635",0.2036,1,0.756315,0,0.1213,3,6,FALSE,FALSE,FALSE
"GENE1223","GENE1223_HUMAN","P11889","Protein GENE1223",0.2546,0.872063,0.346974,0.0407,0.4597,5,4,FALSE,FALSE,FALSE
"GENE0320","GENE0320_HUMAN","P11711","Protein GENE0320",0.0163,1,0.776607,0,0.1098,3,2,FALSE,FALSE,FALSE
"GENE0039","GENE0039_HUMAN","P83069","Protein GENE0039",-1.6673,0.018081,0.008278,1.4962,2.0821,2,4,FALSE,FALSE,TRUE
"GENE1809","GENE1809_HUMAN","P19316","Protein GENE1809",-0.0179,0.327174,0.203418,0.584,0.6916,6,3,TRUE,FALSE,FALSE
"GENE0162","GENE0162_HUMAN","P95556","Protein GENE0162",2.3131,0.024592,0.016424,1.6025,1.7845,5,5,FALSE,FALSE,TRUE
"GENE2567","GENE2567_HUMAN","P59183","Protein GENE2567",-0.3362,1,0.427951,0,0.3686,5,5,FALSE,FALSE,FALSE
"GENE0451","GENE0451_HUMAN","P21027","Protein GENE0451",-0.226,1,0.716174,0,0.145,3,4,FALSE,FALSE,FALSE
"GENE1790","GENE1790_HUMAN","P11799","Protein GENE1790",-0.5942,1,0.481808,0.0341,0.3171,4,4,FALSE,FALSE,FALSE
"GENE2589","GENE2589_HUMAN","P02160","Protein GENE2589",-0.6833,0.968813,0.314922,0.2369,0.5018,5,4,TRUE,FALSE,FALSE
"GENE1074","GENE1074_HUMAN","P64704","Protein GENE1074",0.114,0.527125,0.233804,0.1267,0.6311,5,2,FALSE,FALSE,FALSE
"GENE2377","GENE2377_HUMAN","P51322","Protein GENE2377",-0.3187,1,0.803147,0,0.0952,5,3,FALSE,FALSE,FALSE
"GENE1196","GENE1196_HUMAN","P95686","Protein GENE1196",0.0855,1,0.889532,0,0.0508,6,3,FALSE,FALSE,FALSE
"GENE0731","GENE0731_HUMAN","P42077","Protein GENE0731",0.0071,0.426073,0.298298,0.297,0.5253,3,6,FALSE,FALSE,FALSE
"GENE1580","GENE1580_HUMAN","P48697","Protein GENE1580",-0.0658,1,0.652296,0,0.1856,2,6,FALSE,FALSE,FALSE
"GENE2397","GENE2397_HUMAN","P38406","Protein GENE2397",-0.5144,0.51462,0.307028,0.0165,0.5128,3,6,FALSE,FALSE,FALSE
"GENE1124","GENE1124_HUMAN","P42722","Protein GENE1124",-0.4286,1,0.359679,0,0.4441,3,2,FALSE,FALSE,FALSE
"GENE1563","GENE1563_HUMAN","P21501","Protein GENE1563",0.4222,1,0.517726,0,0.2859,3,2,FALSE,TRUE,FALSE
"GENE1442","GENE1442_HUMAN","P80191","Protein GENE1442",-0.6781,0.077688,0.060386,0.7212,1.2191,5,5,FALSE,TRUE,FALSE
"GENE1779","GENE1779_HUMAN","P47398","Protein GENE1779",0.1802,1,0.540151,0,0.2675,3,4,FALSE,TRUE,FALSE
"GENE2258","GENE2258_HUMAN","P03595","Protein GENE2258",0.014,0.916431,0.294235,0,0.5313,4,6,FALSE,FALSE,FALSE
"GENE1619","GENE1619_HUMAN","P03764","Protein GENE1619",-0.1034,1,0.40026,0,0.3977,5,6,FALSE,FALSE,FALSE
"GENE1456","GENE1456_HUMAN","P01288","Protein GENE1456",-0.0685,1,0.809225,0,0.0919,2,3,FALSE,FALSE,FALSE
"GENE2657","GENE2657_HUMAN","P82504","Protein GENE2657",0.3241,1,0.651266,0,0.1862,3,3,FALSE,FALSE,FALSE
"GENE2686","GENE2686_HUMAN","P52984","Protein GENE2686",0.5131,0.05935,0.047399,1.2709,1.3242,5,3,FALSE,FALSE,TRUE
"GENE1345","GENE1345_HUMAN","P57950","Protein GENE1345",0.1613,0.496057,0.226946,0.4665,0.6441,3,4,FALSE,FALSE,FALSE
"GENE1753","GENE1753_HUMAN","P77393","Protein GENE1753",-0.3974,0.906602,0.299582,0,0.5235,5,4,FALSE,FALSE,FALSE
"GENE2270","GENE2270_HUMAN","P04395","Protein GENE2270",-0.3789,1,0.334941,0.0616,0.475,5,4,FALSE,FALSE,FALSE
"GENE1446","GENE1446_HUMAN","P16437","Protein GENE1446",3.3152,0.126027,0.040931,0.7878,1.3879,2,3,FALSE,FALSE,TRUE
"GENE1665","GENE1665_HUMAN","P84042","Protein GENE1665",3.3746,0.03993,0.014741,1.2327,1.8315,4,3,FALSE,FALSE,TRUE
"GENE2750","GENE2750_HUMAN","P58262","Protein GENE2750",-0.2873,1,0.905145,0,0.0433,5,4,FALSE,FALSE,FALSE
"GENE1696","GENE1696_HUMAN","P78766","Protein GENE1696",0.1745,1,0.953634,0,0.0206,5,5,FALSE,FALSE,FALSE
"GENE2604","GENE2604_HUMAN","P33148","Protein GENE2604",0.1673,0.244795,0.171438,0.1405,0.7659,5,3,FALSE,FALSE,FALSE
"GENE0062","GENE0062_HUMAN","P16447","Protein GENE0062",-3.8161,0.022864,0.007028,1.4625,2.1532,6,4,FALSE,TRUE,TRUE
"GENE1902","GENE1902_HUMAN","P24602","Protein GENE1902",-0.5481,1,0.505171,0.0491,0.2966,4,6,FALSE,TRUE,FALSE
"GENE2717","GENE2717_HUMAN","P63639","Protein GENE2717",-0.1376,1,0.715636,0,0.1453,5,5,FALSE,TRUE,FALSE
"GENE0890","GENE0890_HUMAN","P69564","Protein GENE0890",-1.5428,0.062768,0.033865,0.843,1.4702,3,5,FALSE,FALSE,TRUE
"GENE2793","GENE2793_HUMAN","P00931","Protein GENE2793",0.5651,1,0.536894,0,0.2701,2,5,TRUE,FALSE,FALSE
"GENE1463","GENE1463_HUMAN","P35248","Protein GENE1463",-0.0237,0.850938,0.604726,0,0.2184,3,2,FALSE,FALSE,FALSE
"GENE2073","GENE2073_HUMAN","P43776","Protein GENE2073",0.1734,1,0.616047,0.0643,0.2104,3,2,FALSE,FALSE,FALSE
"GENE2418","GENE2418_HUMAN","P62603","Protein GENE2418",-0.0974,1,0.854808,0,0.0681,5,6,FALSE,FALSE,FALSE
"GENE0127","GENE0127_HUMAN","P69419","Protein GENE0127",-0.2308,1,0.601343,0,0.2209,5,4,FALSE,FALSE,FALSE
"GENE0616","GENE0616_HUMAN","P91635","Protein GENE0616",-0.5474,1,0.865511,0,0.0627,4,5,FALSE,FALSE,FALSE
"GENE2101","GENE2101_HUMAN","P85689","Protein GENE2101",0.3833,1,0.542441,0,0.2656,3,4,FALSE,FALSE,FALSE
"GENE2759","GENE2759_HUMAN","P68069","Protein GENE2759",-0.0279,1,0.554779,0,0.2559,4,3,FALSE,FALSE,FALSE
"DHX36","DHX36_HUMAN","P85416","Protein DHX36",2.1211,0.147677,0.036765,0.8293,1.4346,3,4,TRUE,FALSE,TRUE
"GENE2847","GENE2847_HUMAN","P63118","Protein GENE2847",-0.4599,1,0.589418,0,0.2296,2,3,FALSE,TRUE,FALSE
"GENE2870","GENE2870_HUMAN","P26518","Protein GENE2870",-0.6941,1,0.94675,0,0.0238,3,3,FALSE,FALSE,FALSE
"GENE2078","GENE2078_HUMAN","P18318","Protein GENE2078",-0.4326,0.331459,0.084533,0.7278,1.073,3,3,FALSE,TRUE,FALSE
"GENE1650","GENE1650_HUMAN","P14846","Protein GENE1650",-0.0025,1,0.843479,0,0.0739,2,4,FALSE,FALSE,FALSE
"GENE1401","GENE1401_HUMAN","P94346","Protein GENE1401",0.0344,1,0.987789,0,0.0053,6,6,FALSE,FALSE,FALSE
"GENE2284","GENE2284_HUMAN","P61061","Protein GENE2284",0.5479,0.480911,0.102419,0.5394,0.9896,4,3,FALSE,FALSE,FALSE
"GENE1679","GENE1679_HUMAN","P23413","Protein GENE1679",-0.1391,0.231645,0.097171,0.4939,1.0125,4,3,TRUE,TRUE,FALSE
"GENE1146","GENE1146_HUMAN","P88725","Protein GENE1146",-0.814,0.072305,0.034815,1.0236,1.4582,3,4,FALSE,FALSE,TRUE
"GENE0761","GENE0761_HUMAN","P91015","Protein GENE0761",-0.2735,1,0.664694,0,0.1774,5,2,FALSE,FALSE,FALSE
"GENE2682","GENE2682_HUMAN","P37715","Protein GENE2682",0.6271,0.125052,0.03056,1.2612,1.5148,2,2,FALSE,TRUE,TRUE
"GENE1412","GENE1412_HUMAN","P55326","Protein GENE1412",-0.1733,1,0.252542,0.2531,0.5977,2,6,FALSE,FALSE,FALSE
"GENE1936","GENE1936_HUMAN","P74935","Protein GENE1936",-0.1631,1,0.540683,0,0.2671,2,4,FALSE,FALSE,FALSE
"GENE2399","GENE2399_HUMAN","P27032","Protein GENE2399",-2.4212,0.08698,0.037689,1.0095,1.4238,5,3,FALSE,FALSE,TRUE
"GENE1373","GENE1373_HUMAN","P02673","Protein GENE1373",-0.3277,1,0.636164,0.0297,0.1964,4,2,FALSE,FALSE,FALSE
"GENE1015","GENE1015_HUMAN","P16154","Protein GENE1015",0.2834,1,0.785363,0,0.1049,4,4,FALSE,FALSE,FALSE
"GENE1122","GENE1122_HUMAN","P56013","Protein GENE1122",-1.3804,0.02222,0.01652,1.3928,1.782,4,5,FALSE,FALSE,TRUE
"GENE2281","GENE2281_HUMAN","P68870","Protein GENE2281",0.7443,0.584645,0.303389,0,0.518,3,3,FALSE,FALSE,FALSE
"GENE1120","GENE1120_HUMAN","P23301","Protein GENE1120",1.3637,0.059396,0.042163,0.7611,1.3751,2,3,TRUE,FALSE,TRUE
"GENE2794","GENE2794_HUMAN","P40825","Protein GENE2794",0.3062,0.585757,0.19512,0.3553,0.7097,5,2,FALSE,FALSE,FALSE
"GENE0374","GENE0374_HUMAN","P67781","Protein GENE0374",0.2119,0.416291,0.1464,0.451,0.8345,2,2,TRUE,TRUE,FALSE
"GENE0150","GENE0150_HUMAN","P34362","Protein GENE0150",-0.1353,1,0.936298,0,0.0286,4,4,FALSE,FALSE,FALSE
"GENE1534","GENE1534_HUMAN","P74710","Protein GENE1534",-0.2277,1,0.959188,0,0.0181,3,5,TRUE,FALSE,FALSE
"GENE0723","GENE0723_HUMAN","P85002","Protein GENE0723",0.3444,1,0.953627,0,0.0206,5,4,FALSE,FALSE,FALSE
"GENE1955","GENE1955_HUMAN","P91268","Protein GENE1955",0.3602,0.492596,0.253655,0.3017,0.5958,5,5,FALSE,FALSE,FALSE
"GENE2196","GENE2196_HUMAN","P51976","Protein GENE2196",-0.068,1,0.591688,0,0.2279,2,2,FALSE,FALSE,FALSE
"GENE0449","GENE0449_HUMAN","P40053","Protein GENE0449",0.4425,0.147865,0.129231,0.2978,0.8886,3,3,FALSE,FALSE,FALSE
"GENE0808","GENE0808_HUMAN","P56579","Protein GENE0808",0.5995,1,0.729162,0,0.1372,6,4,FALSE,FALSE,FALSE
"GENE1283","GENE1283_HUMAN","P16236","Protein GENE1283",0.0127,0.338361,0.087148,0.5374,1.0597,3,6,FALSE,FALSE,FALSE
"GENE2164","GENE2164_HUMAN","P05292","Protein GENE2164",0.279,0.450219,0.149974,0.4425,0.824,5,6,FALSE,FALSE,FALSE
"GENE1436","GENE1436_HUMAN","P74243","Protein GENE1436",0.2245,1,0.903724,0,0.044,4,2,FALSE,FALSE,FALSE
"GENE1581","GENE1581_HUMAN","P94146","Protein GENE1581",-0.2495,1,0.634419,0,0.1976,6,6,FALSE,FALSE,FALSE
"GENE2411","GENE2411_HUMAN","P32450","Protein GENE2411",0.1803,1,0.485132,0,0.3141,5,4,FALSE,FALSE,FALSE
"GENE1291","GENE1291_HUMAN","P10773","Protein GENE1291",-0.0392,1,0.615691,0,0.2106,3,6,FALSE,FALSE,FALSE
"GENE0038","GENE0038_HUMAN","P58840","Protein GENE0038",0.3182,1,0.489361,0,0.3104,3,2,TRUE,FALSE,FALSE
"GENE2394","GENE2394_HUMAN","P99468","Protein GENE2394",0.4296,1,0.400461,0.1056,0.3974,4,2,FALSE,FALSE,FALSE
"GENE0884","GENE0884_HUMAN","P38332","Protein GENE0884",0.6387,1,0.728774,0,0.1374,5,4,FALSE,FALSE,FALSE
"GENE1314","GENE1314_HUMAN","P81580","Protein GENE1314",0.2755,0.778151,0.436034,0,0.3605,2,5,FALSE,FALSE,FALSE
"GENE0569","GENE0569_HUMAN","P64551","Protein GENE0569",-0.751,0.052957,0.042624,1.0754,1.3703,2,6,FALSE,FALSE,TRUE
"GENE1541","GENE1541_HUMAN","P14909","Protein GENE1541",-0.3404,1,0.589928,0,0.2292,6,6,FALSE,FALSE,FALSE
"GENE0181","GENE0181_HUMAN","P68401","Protein GENE0181",4.3842,0.134519,0.044875,0.7038,1.348,5,2,FALSE,FALSE,TRUE
"GENE0356","GENE0356_HUMAN","P10677","Protein GENE0356",0.4321,1,0.80274,0,0.0954,4,4,FALSE,FALSE,FALSE
"GENE2134","GENE2134_HUMAN","P60428","Protein GENE2134",-0.4313,0.920063,0.631887,0,0.1994,2,2,FALSE,FALSE,FALSE
"GENE1565","GENE1565_HUMAN","P70492","Protein GENE1565",0.4111,0.96232,0.742745,0,0.1292,4,6,FALSE,FALSE,FALSE
"GENE2036","GENE2036_HUMAN","P08220","Protein GENE2036",-0.5376,1,0.35676,0.123,0.4476,2,4,TRUE,FALSE,FALSE
"GENE0418","GENE0418_HUMAN","P83382","Protein GENE0418",0.0742,1,0.757161,0.0397,0.1208,3,2,TRUE,FALSE,FALSE
"GENE2611","GENE2611_HUMAN","P62946","Protein GENE2611",-0.509,1,0.847509,0,0.0719,2,5,FALSE,FALSE,FALSE
"GENE1575","GENE1575_HUMAN","P28576","Protein GENE1575",0.255,1,0.903596,0,0.044,5,2,FALSE,FALSE,FALSE
"GENE2371","GENE2371_HUMAN","P31319","Protein GENE2371",0.0958,1,0.429597,0,0.3669,5,5,FALSE,FALSE,FALSE
"GENE1249","GENE1249_HUMAN","P72599","Protein GENE1249",0.2142,1,0.690242,0,0.161,4,3,FALSE,FALSE,FALSE
"MED23","MED23_HUMAN","P36456","Protein MED23",-0.6546,1,0.660799,0,0.1799,6,3,FALSE,FALSE,FALSE
"GENE0900","GENE0900_HUMAN","P80057","Protein GENE0900",4.486,0.120588,0.037708,1.0283,1.4236,3,3,TRUE,FALSE,TRUE
"GENE0795","GENE0795_HUMAN","P39529","Protein GENE0795",0.0679,0.423304,0.145996,0.7593,0.8357,6,6,FALSE,FALSE,FALSE
"GENE1867","GENE1867_HUMAN","P51833","Protein GENE1867",0.1018,0.215148,0.064275,0.576,1.192,5,4,FALSE,FALSE,FALSE
"GENE1680","GENE1680_HUMAN","P53979","Protein GENE1680",0.9042,0.480842,0.141331,0.2065,0.8498,4,5,TRUE,FALSE,FALSE
"GENE2833","GENE2833_HUMAN","P71742","Protein GENE2833",-0.1311,1,0.459512,0,0.3377,6,5,TRUE,FALSE,FALSE
"GENE0591","GENE0591_HUMAN","P07878","Protein GENE0591",-0.6147,1,0.928735,0,0.0321,5,3,FALSE,FALSE,FALSE
"ASCC3","ASCC3_HUMAN","P87784","Protein ASCC3",3.5153,0.015259,0.003477,2.0379,2.4588,3,5,FALSE,FALSE,TRUE
"GENE1606","GENE1606_HUMAN","P07223","Protein GENE1606",-0.1141,1,0.623435,0,0.2052,2,3,TRUE,FALSE,FALSE
"GENE1346","GENE1346_HUMAN","P84536","Protein GENE1346",2.876,0.084083,0.020891,1.3542,1.68,5,2,FALSE,FALSE,TRUE
"GENE1338","GENE1338_HUMAN","P12059","Protein GENE1338",0.5223,0.038859,0.037801,0.9299,1.4225,2,4,FALSE,FALSE,TRUE
"GENE0186","GENE0186_HUMAN","P36227","Protein GENE0186",0.2011,1,0.748432,0,0.1258,6,6,FALSE,FALSE,FALSE
"GENE2505","GENE2505_HUMAN","P17951","Protein GENE2505",-0.0843,1,0.814676,0,0.089,2,4,TRUE,FALSE,FALSE
"GENE1677","GENE1677_HUMAN","P20864","Protein GENE1677",1.1136,0.009593,0.008604,1.5663,2.0653,2,2,FALSE,FALSE,TRUE
"GENE0538","GENE0538_HUMAN","P96784","Protein GENE0538",0.0938,1,0.710652,0,0.1483,2,3,FALSE,FALSE,FALSE
"GENE0841","GENE0841_HUMAN","P98030","Protein GENE0841",0.4008,1,0.780866,0,0.1074,5,5,FALSE,FALSE,FALSE
"GENE2803","GENE2803_HUMAN","P12386","Protein GENE2803",-0.0396,1,0.508662,0,0.2936,3,4,FALSE,FALSE,FALSE
"GENE0653","GENE0653_HUMAN","P63908","Protein GENE0653",2.1074,0.118111,0.036655,0.9524,1.4359,3,6,TRUE,FALSE,TRUE
"GENE1001","GENE1001_HUMAN","P98413","Protein GENE1001",0.4624,1,0.812463,0,0.0902,3,3,FALSE,FALSE,FALSE
"GENE0195","GENE0195_HUMAN","P97780","Protein GENE0195",-0.0302,1,0.828623,0,0.0816,5,3,FALSE,FALSE,FALSE
"GENE2010","GENE2010_HUMAN","P96445","Protein GENE2010",-0.1745,0.411588,0.290801,0,0.5364,4,2,TRUE,FALSE,FALSE
"GENE1814","GENE1814_HUMAN","P20921","Protein GENE1814",3.1648,0.004748,0.002187,2.0216,2.6602,2,3,FALSE,FALSE,TRUE
"SUGP1","SUGP1_HUMAN","P59678","Protein SUGP1",0.3609,1,0.960293,0,0.0176,3,2,FALSE,TRUE,FALSE
"GENE2739","GENE2739_HUMAN","P40224","Protein GENE2739",-0.2937,1,0.966067,0,0.015,3,5,FALSE,FALSE,FALSE
"GENE2683","GENE2683_HUMAN","P12341","Protein GENE2683",1.5395,0.047625,0.038559,0.8143,1.4139,5,2,TRUE,FALSE,TRUE
"GENE2233","GENE2233_HUMAN","P19167","Protein GENE2233",0.5831,1,0.697596,0,0.1564,3,6,FALSE,FALSE,FALSE
"GENE0829","GENE0829_HUMAN","P96813","Protein GENE0829",0.2997,0.204915,0.099555,0.5381,1.0019,3,6,FALSE,FALSE,FALSE
"GENE0970","GENE0970_HUMAN","P62463","Protein GENE0970",-0.6834,0.755261,0.248376,0.2789,0.6049,6,6,FALSE,FALSE,FALSE
"GENE1767","GENE1767_HUMAN","P40402","Protein GENE1767",0.1991,1,0.513321,0,0.2896,6,2,FALSE,FALSE,FALSE
"GENE0033","GENE0033_HUMAN","P41099","Protein GENE0033",-0.0203,0.461138,0.093401,0.3905,1.0296,5,3,FALSE,FALSE,FALSE
"GENE1549","GENE1549_HUMAN","P55469","Protein GENE1549",-0.3121,0.499879,0.227534,0.0296,0.643,2,4,TRUE,FALSE,FALSE
"GENE0219","GENE0219_HUMAN","P05544","Protein GENE0219",-0.01,1,0.879808,0,0.0556,3,5,FALSE,FALSE,FALSE
"GENE0373","GENE0373_HUMAN","P48050","Protein GENE0373",-1.3594,0.033465,0.02968,1.2863,1.5275,3,4,TRUE,FALSE,TRUE
"GENE1707","GENE1707_HUMAN","P62457","Protein GENE1707",0.0238,1,0.408073,0.0104,0.3893,5,3,FALSE,FALSE,FALSE
"GENE2553","GENE2553_HUMAN","P72622","Protein GENE2553",-0.1622,1,0.367576,0.1609,0.4347,5,3,FALSE,FALSE,FALSE
"GENE0683","GENE0683_HUMAN","P69270","Protein GENE0683",-0.076,1,0.594321,0,0.226,4,2,FALSE,FALSE,FALSE
"GENE0838","GENE0838_HUMAN","P66482","Protein GENE0838",-0.6616,1,0.546488,0.1011,0.2624,5,2,FALSE,FALSE,FALSE
"GENE2372","GENE2372_HUMAN","P42539","Protein GENE2372",-0.2166,1,0.440906,0,0.3557,4,6,FALSE,FALSE,FALSE
"GENE2855","GENE2855_HUMAN","P97997","Protein GENE2855",-0.0077,1,0.847402,0,0.0719,5,6,FALSE,FALSE,FALSE
"GENE1863","GENE1863_HUMAN","P20653","Protein GENE1863",-0.3436,1,0.807158,0,0.093,6,5,FALSE,FALSE,FALSE
"GENE0680","GENE0680_HUMAN","P61895","Protein GENE0680",0.8426,1,0.712466,0,0.1472,5,4,FALSE,FALSE,FALSE
"GENE0393","GENE0393_HUMAN","P66640","Protein GENE0393",-0.2021,1,0.64048,0,0.1935,3,2,FALSE,FALSE,FALSE
"GENE1149","GENE1149_HUMAN","P32489","Protein GENE1149",1.2701,0.079479,0.042043,0.7069,1.3763,6,5,FALSE,FALSE,TRUE
"GENE2379","GENE2379_HUMAN","P71241","Protein GENE2379",-0.1741,1,0.985495,0,0.0063,3,4,FALSE,TRUE,FALSE
"GENE0600","GENE0600_HUMAN","P75994","Protein GENE0600",-0.6116,1,0.91607,0,0.0381,6,3,FALSE,TRUE,FALSE
"GENE2043","GENE2043_HUMAN","P99845","Protein GENE2043",0.1844,1,0.406709,0,0.3907,3,5,FALSE,FALSE,FALSE
"GENE1756","GENE1756_HUMAN","P42995","Protein GENE1756",-0.1713,1,0.715126,0,0.1456,6,4,FALSE,FALSE,FALSE
"GENE0905","GENE0905_HUMAN","P16034","Protein GENE0905",-0.2781,0.95655,0.198463,0.3544,0.7023,2,6,FALSE,FALSE,FALSE
"GENE2461","GENE2461_HUMAN","P24966","Protein GENE2461",0.0108,1,0.403707,0,0.3939,4,4,FALSE,FALSE,FALSE
"GENE0916","GENE0916_HUMAN","P08629","Protein GENE0916",0.0872,1,0.999794,0,1e-04,2,3,FALSE,FALSE,FALSE
"GENE0835","GENE0835_HUMAN","P93201","Protein GENE0835",-2.97,0.000695,0.000623,2.6884,3.2052,2,5,FALSE,FALSE,TRUE
"GENE0665","GENE0665_HUMAN","P73851","Protein GENE0665",-0.0626,1,0.372977,0.2384,0.4283,3,3,FALSE,FALSE,FALSE
"GENE1181","GENE1181_HUMAN","P46508","Protein GENE1181",0.384,0.9774,0.345425,0.0114,0.4616,6,4,FALSE,FALSE,FALSE
"GENE2398","GENE2398_HUMAN","P75401","Protein GENE2398",-0.495,0.221293,0.071857,0.48,1.1435,5,6,FALSE,FALSE,FALSE
"GENE2822","GENE2822_HUMAN","P82143","Protein GENE2822",4.2479,0.070842,0.034379,1.0289,1.4637,6,4,TRUE,TRUE,TRUE
"GENE2376","GENE2376_HUMAN","P92732","Protein GENE2376",-0.0112,0.337268,0.081123,0.5923,1.0909,5,6,FALSE,TRUE,FALSE
"GENE0937","GENE0937_HUMAN","P66417","Protein GENE0937",0.0168,0.997172,0.986838,0,0.0058,6,4,TRUE,FALSE,FALSE
"GENE2801","GENE2801_HUMAN","P43510","Protein GENE2801",0.6266,1,0.426962,0,0.3696,5,5,FALSE,FALSE,FALSE
"GENE1516","GENE1516_HUMAN","P73378","Protein GENE1516",-4.388,0.060998,0.028937,0.9822,1.5386,3,4,FALSE,FALSE,TRUE
"GENE1674","GENE1674_HUMAN","P44773","Protein GENE1674",-0.2085,1,0.343788,0,0.4637,5,3,FALSE,FALSE,FALSE
"GENE0278","GENE0278_HUMAN","P71772","Protein GENE0278",-0.0894,1,0.723564,0,0.1405,4,4,TRUE,FALSE,FALSE
"GENE2097","GENE2097_HUMAN","P44346","Protein GENE2097",-0.0679,1,0.943016,0,0.0255,2,6,TRUE,FALSE,FALSE
"GENE0153","GENE0153_HUMAN","P84324","Protein GENE0153",-0.2987,1,0.608759,0,0.2156,5,6,FALSE,FALSE,FALSE
"GENE2378","GENE2378_HUMAN","P74196","Protein GENE2378",-0.7625,0.132244,0.027006,0.8839,1.5685,3,2,FALSE,FALSE,TRUE
"GENE0015","GENE0015_HUMAN","P75890","Protein GENE0015",0.4948,1,0.744031,0,0.1284,5,6,FALSE,FALSE,FALSE
"GENE2223","GENE2223_HUMAN","P52134","Protein GENE2223",-0.035,1,0.801045,0,0.0963,3,6,TRUE,FALSE,FALSE
"GENE0116","GENE0116_HUMAN","P58037","Protein GENE0116",0.1762,1,0.968279,0,0.014,2,3,FALSE,FALSE,FALSE
"GENE0163","GENE0163_HUMAN","P67314","Protein GENE0163",0.0539,0.196288,0.171618,0.5289,0.7654,3,3,FALSE,FALSE,FALSE
"GENE1141","GENE1141_HUMAN","P47641","Protein GENE1141",4.1576,0.048106,0.01583,1.1183,1.8005,6,4,FALSE,FALSE,TRUE
"GENE2711","GENE2711_HUMAN","P26761","Protein GENE2711",0.1844,1,0.859485,0,0.0658,2,5,FALSE,FALSE,FALSE
"GENE1787","GENE1787_HUMAN","P90994","Protein GENE1787",-0.0358,0.850708,0.358582,0,0.4454,3,2,FALSE,FALSE,FALSE
"GENE2875","GENE2875_HUMAN","P31989","Protein GENE2875",0.4575,1,0.55068,0,0.2591,4,3,FALSE,FALSE,FALSE
"GENE2485","GENE2485_HUMAN","P48525","Protein GENE2485",-1.5931,0.053461,0.023726,1.2198,1.6248,2,3,FALSE,FALSE,TRUE
"GENE2135","GENE2135_HUMAN","P09250","Protein GENE2135",-0.5866,0.507572,0.265252,0.2295,0.5763,2,4,FALSE,FALSE,FALSE
"GENE0447","GENE0447_HUMAN","P49970","Protein GENE0447",3.3907,0.095575,0.04807,1.0923,1.3181,3,3,FALSE,FALSE,TRUE
"GENE1824","GENE1824_HUMAN","P67111","Protein GENE1824",-0.1626,1,0.772868,0,0.1119,2,6,FALSE,TRUE,FALSE
"GENE2387","GENE2387_HUMAN","P71544","Protein GENE2387",0.1251,0.714658,0.160375,0.1386,0.7949,4,5,FALSE,FALSE,FALSE
"GENE1928","GENE1928_HUMAN","P89836","Protein GENE1928",0.6312,0.853321,0.181973,0.6851,0.74,2,4,FALSE,TRUE,FALSE
"GENE2590","GENE2590_HUMAN","P20328","Protein GENE2590",1.1398,1,0.505168,0.2045,0.2966,2,4,FALSE,FALSE,FALSE
"GENE1922","GENE1922_HUMAN","P91206","Protein GENE1922",4.168,0.11613,0.035846,1.1343,1.4456,2,6,FALSE,FALSE,TRUE
"GENE1912","GENE1912_HUMAN","P52639","Protein GENE1912",0.4442,0.852711,0.502415,0,0.2989,5,5,TRUE,FALSE,FALSE
"GENE1962","GENE1962_HUMAN","P78960","Protein GENE1962",-0.294,1,0.820631,0,0.0859,6,3,FALSE,FALSE,FALSE
"GENE1487","GENE1487_HUMAN","P99576","Protein GENE1487",0.3923,1,0.568681,0,0.2451,3,5,FALSE,FALSE,FALSE
"GENE0907","GENE0907_HUMAN","P26052","Protein GENE0907",-0.8708,0.026256,0.015088,1.243,1.8214,3,2,TRUE,FALSE,TRUE
"GENE2627","GENE2627_HUMAN","P67125","Protein GENE2627",1.6011,0.079458,0.021429,1.0266,1.669,6,6,FALSE,FALSE,TRUE
"GENE1573","GENE1573_HUMAN","P48759","Protein GENE1573",0.1278,0.547859,0.273305,0,0.5634,5,4,TRUE,FALSE,FALSE
"GENE0844","GENE0844_HUMAN","P74620","Protein GENE0844",0.2748,1,0.726029,0,0.139,6,4,FALSE,FALSE,FALSE
"GENE0481","GENE0481_HUMAN","P89491","Protein GENE0481",0.1384,1,0.524997,0,0.2798,5,2,FALSE,FALSE,FALSE
"GENE0361","GENE0361_HUMAN","P26969","Protein GENE0361",0.3782,1,0.549084,0,0.2604,2,5,FALSE,FALSE,FALSE
"GENE2558","GENE2558_HUMAN","P93582","Protein GENE2558",0.2434,0.457787,0.437169,0,0.3594,5,4,FALSE,FALSE,FALSE
"GENE0046","GENE0046_HUMAN","P71316","Protein GENE0046",4.4465,0.004864,0.00299,2.3885,2.5243,2,5,TRUE,FALSE,TRUE
"GENE0684","GENE0684_HUMAN","P22448","Protein GENE0684",0.9071,1,0.994651,0,0.0023,4,3,FALSE,FALSE,FALSE
"GENE0025","GENE0025_HUMAN","P10927","Protein GENE0025",0.2221,0.454676,0.21418,0.3175,0.6692,6,4,FALSE,FALSE,FALSE
"GENE0216","GENE0216_HUMAN","P65145","Protein GENE0216",-0.7003,1,0.336998,0,0.4724,6,4,FALSE,TRUE,FALSE
"GENE1215","GENE1215_HUMAN","P62043","Protein GENE1215",-1.9365,0.063202,0.018024,1.0563,1.7441,6,2,FALSE,FALSE,TRUE
"GENE1080","GENE1080_HUMAN","P38432","Protein GENE1080",-0.3919,0.174063,0.129886,0.2766,0.8864,2,6,FALSE,FALSE,FALSE
"GENE1406","GENE1406_HUMAN","P93424","Protein GENE1406",0.1226,0.537332,0.376507,0,0.4242,6,6,FALSE,FALSE,FALSE
"GENE0469","GENE0469_HUMAN","P69221","Protein GENE0469",3.425,0.016227,0.003388,2.1756,2.4701,4,3,FALSE,FALSE,TRUE
"GENE1208","GENE1208_HUMAN","P55066","Protein GENE1208",3.9832,0.055202,0.018434,1.3069,1.7344,6,4,FALSE,FALSE,TRUE
"GENE1631","GENE1631_HUMAN","P71444","Protein GENE1631",3.6262,0.141488,0.046244,0.8063,1.3349,4,4,FALSE,FALSE,TRUE
"GENE0776","GENE0776_HUMAN","P44332","Protein GENE0776",0.8579,1,0.987653,0,0.0054,6,6,FALSE,TRUE,FALSE
"GENE2205","GENE2205_HUMAN","P78071","Protein GENE2205",0.2313,0.556349,0.426069,0.3691,0.3705,2,4,FALSE,FALSE,FALSE
"GENE2338","GENE2338_HUMAN","P11625","Protein GENE2338",0.6005,1,0.256541,8e-04,0.5908,5,2,FALSE,FALSE,FALSE
"GENE0030","GENE0030_HUMAN","P24016","Protein GENE0030",0.3669,0.706495,0.546896,0,0.2621,3,2,FALSE,FALSE,FALSE
"GENE1230","GENE1230_HUMAN","P25771","Protein GENE1230",0.6201,0.587423,0.235687,0.0386,0.6277,4,6,FALSE,FALSE,FALSE
"GENE0999","GENE0999_HUMAN","P05395","Protein GENE0999",-2.2045,0.107538,0.040804,1.0083,1.3893,4,2,FALSE,FALSE,TRUE
"GENE0370","GENE0370_HUMAN","P24011","Protein GENE0370",-1.6496,0.071306,0.01888,1.4129,1.724,6,3,FALSE,TRUE,TRUE
"GENE0880","GENE0880_HUMAN","P33171","Protein GENE0880",-0.1764,0.612505,0.341985,0,0.466,2,2,FALSE,FALSE,FALSE
"GENE1629","GENE1629_HUMAN","P88187","Protein GENE1629",-0.2556,0.513314,0.295666,0,0.5292,2,3,FALSE,FALSE,FALSE
"GENE1018","GENE1018_HUMAN","P65393","Protein GENE1018",-0.0899,0.298025,0.081709,0.9586,1.0877,2,6,FALSE,TRUE,FALSE
"GENE0409","GENE0409_HUMAN","P55505","Protein GENE0409",0.2209,1,0.31361,0,0.5036,3,3,FALSE,FALSE,FALSE
"GENE0260","GENE0260_HUMAN","P85806","Protein GENE0260",3.0609,0.107763,0.048004,0.9794,1.3187,6,3,FALSE,TRUE,TRUE
"GENE2684","GENE2684_HUMAN","P89366","Protein GENE2684",-0.1656,1,0.640314,0,0.1936,3,4,FALSE,FALSE,FALSE
"GENE2856","GENE2856_HUMAN","P12290","Protein GENE2856",0.0711,1,0.343016,0.0575,0.4647,2,3,FALSE,FALSE,FALSE
"GENE2335","GENE2335_HUMAN","P74030","Protein GENE2335",-2.3911,0.018586,0.006989,1.5408,2.1556,6,5,FALSE,FALSE,TRUE
"GENE0326","GENE0326_HUMAN","P52641","Protein GENE0326",1.4604,0.024488,0.005359,1.5863,2.2709,6,6,FALSE,FALSE,TRUE
"GENE1478","GENE1478_HUMAN","P74569","Protein GENE1478",-0.2386,1,0.655995,0,0.1831,3,3,FALSE,TRUE,FALSE
"GENE1518","GENE1518_HUMAN","P05809","Protein GENE1518",-0.4617,0.113037,0.063248,0.6284,1.199,6,3,FALSE,FALSE,FALSE
"GENE0898","GENE0898_HUMAN","P43720","Protein GENE0898",0.6743,0.447439,0.421568,0.2311,0.3751,4,4,FALSE,FALSE,FALSE
"GENE0160","GENE0160_HUMAN","P00167","Protein GENE0160",-2.0994,0.002507,0.001045,2.4187,2.9808,6,3,FALSE,FALSE,TRUE
"GENE0582","GENE0582_HUMAN","P73085","Protein GENE0582",1.6077,0.102991,0.020846,1.0018,1.681,3,3,FALSE,TRUE,TRUE
"GENE1371","GENE1371_HUMAN","P96721","Protein GENE1371",-0.237,1,0.785226,0,0.105,4,5,FALSE,FALSE,FALSE
"GENE1751","GENE1751_HUMAN","P07323","Protein GENE1751",4.05,0.09203,0.032394,1.1077,1.4895,5,3,FALSE,FALSE,TRUE
"GENE2352","GENE2352_HUMAN","P06541","Protein GENE2352",0.2474,1,0.26432,0.1375,0.5779,3,5,FALSE,FALSE,FALSE
"GENE2837","GENE2837_HUMAN","P37882","Protein GENE2837",0.2846,1,0.398624,0,0.3994,2,2,FALSE,FALSE,FALSE
"GENE1258","GENE1258_HUMAN","P44295","Protein GENE1258",0.3055,1,0.441376,0,0.3552,4,2,FALSE,TRUE,FALSE
"GENE2556","GENE2556_HUMAN","P76186","Protein GENE2556",-0.0188,1,0.625748,0,0.2036,3,5,FALSE,FALSE,FALSE
"GENE0028","GENE0028_HUMAN","P51720","Protein GENE0028",0.1597,0.337077,0.092939,0.5712,1.0318,3,3,FALSE,FALSE,FALSE
"GENE1684","GENE1684_HUMAN","P51241","Protein GENE1684",-0.4592,0.970509,0.531663,0,0.2744,5,6,FALSE,FALSE,FALSE
"GENE2239","GENE2239_HUMAN","P05214","Protein GENE2239",0.1387,1,0.454011,0,0.3429,6,3,FALSE,FALSE,FALSE
"GENE2039","GENE2039_HUMAN","P29935","Protein GENE2039",0.3366,1,0.591725,0,0.2279,2,3,FALSE,FALSE,FALSE
"GENE0058","GENE0058_HUMAN","P77810","Protein GENE0058",0.3493,1,0.76166,0,0.1182,4,2,FALSE,FALSE,FALSE
"GENE1950","GENE1950_HUMAN","P88569","Protein GENE1950",-0.2242,1,0.597599,0,0.2236,2,4,FALSE,TRUE,FALSE
"GENE2228","GENE2228_HUMAN","P48469","Protein GENE2228",0.2526,0.698193,0.691866,0,0.16,4,2,FALSE,FALSE,FALSE
"GENE2244","GENE2244_HUMAN","P27851","Protein GENE2244",-0.3063,1,0.297727,0.4071,0.5262,5,4,TRUE,FALSE,FALSE
"GENE2180","GENE2180_HUMAN","P41530","Protein GENE2180",0.4599,1,0.736457,0,0.1329,6,4,FALSE,FALSE,FALSE
"GENE1260","GENE1260_HUMAN","P84537","Protein GENE1260",-0.8972,0.110966,0.025774,0.9227,1.5888,6,4,FALSE,TRUE,TRUE
"GENE2076","GENE2076_HUMAN","P99656","Protein GENE2076",-4.1103,0.146544,0.030365,1.0498,1.5176,5,4,FALSE,FALSE,TRUE
"GENE2445","GENE2445_HUMAN","P85372","Protein GENE2445",0.0814,0.961929,0.309816,0.2305,0.5089,5,6,FALSE,FALSE,FALSE
"GENE0490","GENE0490_HUMAN","P14978","Protein GENE0490",0.2576,1,0.895237,0,0.0481,6,6,FALSE,FALSE,FALSE
"GENE0389","GENE0389_HUMAN","P55395","Protein GENE0389",-0.226,1,0.885711,0,0.0527,2,4,FALSE,FALSE,FALSE
"GENE2090","GENE2090_HUMAN","P39244","Protein GENE2090",0.4851,0.850702,0.4179,0,0.3789,6,4,FALSE,FALSE,FALSE
"GENE2484","GENE2484_HUMAN","P70687","Protein GENE2484",0.0239,1,0.700052,0,0.1549,5,4,FALSE,FALSE,FALSE
"GENE0226","GENE0226_HUMAN","P87080","Protein GENE0226",-0.1516,0.857642,0.335278,0,0.4746,5,4,FALSE,FALSE,FALSE
"GENE1598","GENE1598_HUMAN","P41411","Protein GENE1598",0.0286,0.257746,0.098675,0.6867,1.0058,2,2,FALSE,FALSE,FALSE
"GENE1169","GENE1169_HUMAN","P64589","Protein GENE1169",-0.4286,1,0.758637,0,0.12,4,4,FALSE,FALSE,FALSE
"GENE0985","GENE0985_HUMAN","P86441","Protein GENE0985",-0.7666,0.013101,0.011566,1.2822,1.9368,6,4,FALSE,TRUE,TRUE
"GENE1174","GENE1174_HUMAN","P55992","Protein GENE1174",-0.3302,1,0.814321,0,0.0892,5,5,FALSE,FALSE,FALSE
"GENE2323","GENE2323_HUMAN","P96603","Protein GENE2323",-0.7169,1,0.938629,0,0.0275,2,3,TRUE,FALSE,FALSE
"GENE1985","GENE1985_HUMAN","P40806","Protein GENE1985",-0.0691,1,0.501899,0,0.2994,2,3,FALSE,FALSE,FALSE
"GENE1049","GENE1049_HUMAN","P34830","Protein GENE1049",-0.9661,0.043859,0.00972,1.3264,2.0123,6,6,FALSE,FALSE,TRUE
"GENE2857","GENE2857_HUMAN","P34062","Protein GENE2857",-3.0982,0.135112,0.032974,0.9117,1.4818,2,3,FALSE,FALSE,TRUE
"GENE0275","GENE0275_HUMAN","P11782","Protein GENE0275",-0.2123,1,0.458442,0,0.3387,3,5,FALSE,FALSE,FALSE
"GENE1968","GENE1968_HUMAN","P33405","Protein GENE1968",0.338,1,0.943759,0,0.0251,6,2,FALSE,FALSE,FALSE
"GENE1026","GENE1026_HUMAN","P06379","Protein GENE1026",0.7463,1,0.985922,0,0.0062,3,5,FALSE,FALSE,FALSE
"GENE0200","GENE0200_HUMAN","P47583","Protein GENE0200",-0.022,1,0.827022,0,0.0825,4,5,FALSE,FALSE,FALSE
"GENE0708","GENE0708_HUMAN","P34492","Protein GENE0708",-0.5711,0.211337,0.162018,0.5068,0.7904,2,4,FALSE,FALSE,FALSE
"GENE1879","GENE1879_HUMAN","P59275","Protein GENE1879",4.1509,0.012897,0.006795,1.7376,2.1678,3,2,TRUE,FALSE,TRUE
"GENE2851","GENE2851_HUMAN","P06198","Protein GENE2851",0.3517,1,0.788366,0,0.1033,5,3,FALSE,FALSE,FALSE
"GENE2297","GENE2297_HUMAN","P55773","Protein GENE2297",0.4083,0.188082,0.18402,0.4417,0.7351,4,6,FALSE,TRUE,FALSE
"GENE0448","GENE0448_HUMAN","P92980","Protein GENE0448",0.2028,1,0.365324,0,0.4373,4,5,FALSE,FALSE,FALSE
"GENE0592","GENE0592_HUMAN","P95950","Protein GENE0592",0.6072,0.377094,0.191267,0.0781,0.7184,2,6,FALSE,FALSE,FALSE
"GENE2694","GENE2694_HUMAN","P35871","Protein GENE2694",-0.3971,1,0.718773,0,0.1434,2,4,FALSE,FALSE,FALSE
"GENE1040","GENE1040_HUMAN","P42967","Protein GENE1040",-0.109,1,0.581913,0,0.2351,3,5,FALSE,FALSE,FALSE
"GENE1465","GENE1465_HUMAN","P53751","Protein GENE1465",0.3306,0.760506,0.604156,0,0.2189,3,5,TRUE,FALSE,FALSE
"GENE1452","GENE1452_HUMAN","P68570","Protein GENE1452",-0.3728,1,0.7748,0,0.1108,5,6,FALSE,FALSE,FALSE
"GENE1797","GENE1797_HUMAN","P43877","Protein GENE1797",-0.5226,0.293059,0.068773,0.6531,1.1626,5,2,FALSE,FALSE,FALSE
"GENE1646","GENE1646_HUMAN","P19591","Protein GENE1646",-0.1071,0.307586,0.066822,0.4956,1.1751,2,2,TRUE,TRUE,FALSE
"GENE0198","GENE0198_HUMAN","P03650","Protein GENE0198",0.6628,0.112378,0.034112,0.989,1.4671,4,5,FALSE,FALSE,TRUE
"GENE0266","GENE0266_HUMAN","P92247","Protein GENE0266",0.1562,1,0.438096,0.2866,0.3584,2,3,FALSE,TRUE,FALSE
"GENE0851","GENE0851_HUMAN","P67798","Protein GENE0851",-0.0088,1,0.872996,0,0.059,4,4,FALSE,FALSE,FALSE
"GENE1747","GENE1747_HUMAN","P48085","Protein GENE1747",-0.1599,0.510466,0.147836,0.4989,0.8302,5,4,FALSE,FALSE,FALSE
"GENE1129","GENE1129_HUMAN","P19234","Protein GENE1129",0.0125,1,0.845917,0,0.0727,3,6,FALSE,FALSE,FALSE
"GENE1012","GENE1012_HUMAN","P46769","Protein GENE1012",0.0613,1,0.397105,0.323,0.4011,5,3,FALSE,TRUE,FALSE
"GENE1073","GENE1073_HUMAN","P58876","Protein GENE1073",2.352,0.079795,0.021908,1.4986,1.6594,5,2,FALSE,FALSE,TRUE
"GENE0496","GENE0496_HUMAN","P82489","Protein GENE0496",-0.0894,0.182666,0.149757,0.7077,0.8246,2,4,FALSE,TRUE,FALSE
"GENE1873","GENE1873_HUMAN","P39731","Protein GENE1873",-0.0986,1,0.568213,0,0.2455,2,4,FALSE,FALSE,FALSE
"GENE2153","GENE2153_HUMAN","P98551","Protein GENE2153",-4.1811,0.118453,0.036827,1.0699,1.4338,5,5,FALSE,FALSE,TRUE
"GENE1829","GENE1829_HUMAN","P38606","Protein GENE1829",0.3337,0.521533,0.200281,0.4267,0.6984,6,4,FALSE,FALSE,FALSE
"GENE2463","GENE2463_HUMAN","P20594","Protein GENE2463",0.035,1,0.895888,0,0.0477,6,6,FALSE,FALSE,FALSE
"GENE1868","GENE1868_HUMAN","P53197","Protein GENE1868",-0.766,1,0.979672,0,0.0089,6,2,FALSE,FALSE,FALSE
"GENE1585","GENE1585_HUMAN","P56149","Protein GENE1585",0.1628,1,0.433212,0,0.3633,5,6,FALSE,TRUE,FALSE
"GENE1287","GENE1287_HUMAN","P58551","Protein GENE1287",0.0956,1,0.917247,0,0.0375,2,2,FALSE,FALSE,FALSE
"GENE0087","GENE0087_HUMAN","P68823","Protein GENE0087",-0.2338,0.580417,0.205804,0.0222,0.6865,4,3,FALSE,FALSE,FALSE
"GENE2797","GENE2797_HUMAN","P65202","Protein GENE2797",0.827,0.024209,0.0076,1.8239,2.1192,2,2,FALSE,FALSE,TRUE
"GENE1059","GENE1059_HUMAN","P76598","Protein GENE1059",-0.0519,1,0.59545,0.1891,0.2252,5,2,FALSE,FALSE,FALSE
"GENE0337","GENE0337_HUMAN","P62453","Protein GENE0337",-0.066,0.590635,0.559129,0,0.2525,2,6,FALSE,FALSE,FALSE
"GENE0873","GENE0873_HUMAN","P20912","Protein GENE0873",-3.608,0.029237,0.008022,1.9268,2.0957,6,6,FALSE,FALSE,TRUE
"GENE0049","GENE0049_HUMAN","P33783","Protein GENE0049",-0.0294,0.717444,0.408913,0,0.3884,4,6,FALSE,FALSE,FALSE
"GENE2890","GENE2890_HUMAN","P42838","Protein GENE2890",0.075,0.541617,0.354849,0.1261,0.45,6,6,FALSE,FALSE,FALSE
"GENE2260","GENE2260_HUMAN","P41090","Protein GENE2260",0.4035,1,0.901272,0,0.0451,4,5,FALSE,FALSE,FALSE
"GENE0300","GENE0300_HUMAN","P88275","Protein GENE0300",-1.0169,0.001678,0.000847,2.4672,3.0722,4,4,FALSE,FALSE,TRUE
"GENE1252","GENE1252_HUMAN","P87794","Protein GENE1252",-0.6111,1,0.881693,0,0.0547,2,2,FALSE,FALSE,FALSE
"GENE1031","GENE1031_HUMAN","P72589","Protein GENE1031",-3.4754,0.101222,0.020843,1.4256,1.681,3,3,FALSE,FALSE,TRUE
"GENE0362","GENE0362_HUMAN","P65836","Protein GENE0362",-0.0558,1,0.61041,0,0.2144,3,2,FALSE,FALSE,FALSE
"GENE1009","GENE1009_HUMAN","P28163","Protein GENE1009",0.0917,1,0.241847,0.4314,0.6165,5,5,FALSE,FALSE,FALSE
"GENE0733","GENE0733_HUMAN","P96667","Protein GENE0733",-0.0903,1,0.905328,0,0.0432,2,6,FALSE,FALSE,FALSE
"GENE2802","GENE2802_HUMAN","P87716","Protein GENE2802",-0.4512,0.383766,0.133731,0.5933,0.8738,4,2,FALSE,FALSE,FALSE
"GENE1041","GENE1041_HUMAN","P86430","Protein GENE1041",0.3075,1,0.827605,0,0.0822,2,6,FALSE,FALSE,FALSE
"GENE2498","GENE2498_HUMAN","P95744","Protein GENE2498",-1.2508,0.076225,0.019107,1.0256,1.7188,6,6,FALSE,TRUE,TRUE
"GENE0378","GENE0378_HUMAN","P76098","Protein GENE0378",-0.5277,0.753027,0.59975,0,0.222,4,5,FALSE,TRUE,FALSE
"GENE0003","GENE0003_HUMAN","P00544","Protein GENE0003",0.1558,1,0.720539,0,0.1423,3,4,TRUE,FALSE,FALSE
"GENE1044","GENE1044_HUMAN","P81027","Protein GENE1044",0.2504,1,0.659172,0,0.181,5,2,FALSE,FALSE,FALSE
"GENE2363","GENE2363_HUMAN","P64017","Protein GENE2363",1.2724,0.013311,0.008136,1.5193,2.0896,2,3,FALSE,FALSE,TRUE
"GENE2405","GENE2405_HUMAN","P21515","Protein GENE2405",-0.1315,0.261271,0.209789,0.1325,0.6782,4,5,FALSE,FALSE,FALSE
"GENE1701","GENE1701_HUMAN","P47332","Protein GENE1701",-2.8098,0.113973,0.039367,1.1698,1.4049,5,5,FALSE,FALSE,TRUE
"GENE0524","GENE0524_HUMAN","P63723","Protein GENE0524",-0.2729,1,0.87991,0,0.0556,3,3,FALSE,FALSE,FALSE
"GENE2455","GENE2455_HUMAN","P29397","Protein GENE2455",-0.1404,0.630375,0.262682,0,0.5806,6,6,FALSE,FALSE,FALSE
"GENE1658","GENE1658_HUMAN","P29409","Protein GENE1658",0.4659,1,0.757814,0,0.1204,2,4,FALSE,FALSE,FALSE
"GENE1227","GENE1227_HUMAN","P08429","Protein GENE1227",-0.4221,1,0.903351,0.0166,0.0441,6,6,FALSE,FALSE,FALSE
"GENE0296","GENE0296_HUMAN","P67023","Protein GENE0296",-1.3535,0.034825,0.013646,1.2372,1.865,5,4,FALSE,FALSE,TRUE
"GENE1743","GENE1743_HUMAN","P43976","Protein GENE1743",0.991,1,0.874846,0,0.0581,5,6,FALSE,FALSE,FALSE
"GENE1675","GENE1675_HUMAN","P68007","Protein GENE1675",2.8672,0.102843,0.042165,0.9868,1.3751,2,5,FALSE,FALSE,TRUE
"GENE2132","GENE2132_HUMAN","P77638","Protein GENE2132",-0.1407,0.298415,0.157467,0.1524,0.8028,2,3,FALSE,FALSE,FALSE
"GENE1802","GENE1802_HUMAN","P83305","Protein GENE1802",-0.5855,1,0.499544,0,0.3014,5,4,FALSE,FALSE,FALSE
"GENE0351","GENE0351_HUMAN","P32868","Protein GENE0351",0.0391,1,0.463013,0,0.3344,6,6,FALSE,FALSE,FALSE
"GENE0509","GENE0509_HUMAN","P01896","Protein GENE0509",-0.0877,0.278315,0.152184,0.1409,0.8176,5,6,FALSE,FALSE,FALSE
"GENE1622","GENE1622_HUMAN","P14021","Protein GENE1622",0.2302,1,0.277345,0,0.557,3,3,FALSE,FALSE,FALSE
"GENE0413","GENE0413_HUMAN","P20098","Protein GENE0413",0.8925,1,0.46579,0,0.3318,4,2,FALSE,FALSE,FALSE
"GENE2580","GENE2580_HUMAN","P78970","Protein GENE2580",1.0045,0.009529,0.002834,2.2133,2.5476,3,2,FALSE,FALSE,TRUE
"GENE1193","GENE1193_HUMAN","P40059","Protein GENE1193",-0.3825,1,0.563484,0,0.2491,6,2,FALSE,FALSE,FALSE
"GENE1691","GENE1691_HUMAN","P31811","Protein GENE1691",-0.6784,1,0.914259,0,0.0389,4,6,FALSE,FALSE,FALSE
"GENE1672","GENE1672_HUMAN","P30628","Protein GENE1672",0.3876,0.644858,0.197457,0.1917,0.7045,2,3,FALSE,FALSE,FALSE
"GENE0651","GENE0651_HUMAN","P67123","Protein GENE0651",3.0715,0.027187,0.005901,2.0726,2.2291,6,6,FALSE,FALSE,TRUE
"GENE0870","GENE0870_HUMAN","P10223","Protein GENE0870",0.5044,1,0.311287,0,0.5068,2,4,FALSE,FALSE,FALSE
"GENE0299","GENE0299_HUMAN","P42438","Protein GENE0299",0.1103,1,0.712106,0.127,0.1475,2,2,FALSE,FALSE,FALSE
"GENE2259","GENE2259_HUMAN","P59430","Protein GENE2259",-0.2237,0.595394,0.182319,0.471,0.7392,2,5,FALSE,FALSE,FALSE
"GENE0668","GENE0668_HUMAN","P41107","Protein GENE0668",0.8723,0.767873,0.542741,0.1495,0.2654,2,4,FALSE,FALSE,FALSE
"GENE1673","GENE1673_HUMAN","P86329","Protein GENE1673",-0.5634,1,0.692611,0,0.1595,3,5,FALSE,FALSE,FALSE
"GENE0100","GENE0100_HUMAN","P30810","Protein GENE0100",0.5195,1,0.784753,0,0.1053,3,4,FALSE,FALSE,FALSE
"GENE1589","GENE1589_HUMAN","P49614","Protein GENE1589",-0.1395,0.596841,0.587647,0.0708,0.2309,5,5,FALSE,FALSE,FALSE
"GENE0245","GENE0245_HUMAN","P81328","Protein GENE0245",-0.0769,0.351463,0.187141,0.5433,0.7278,6,4,FALSE,FALSE,FALSE
"GENE2374","GENE2374_HUMAN","P63669","Protein GENE2374",1.0184,0.070912,0.020885,1.2639,1.6802,2,3,TRUE,FALSE,TRUE
"GENE0453","GENE0453_HUMAN","P49762","Protein GENE0453",1.6672,0.037418,0.008164,2.0813,2.0881,6,2,FALSE,TRUE,TRUE
"GENE0121","GENE0121_HUMAN","P36779","Protein GENE0121",-0.2438,1,0.932094,0,0.0305,2,2,FALSE,FALSE,FALSE
"GENE0166","GENE0166_HUMAN","P75219","Protein GENE0166",-0.7811,1,0.865904,0,0.0625,3,2,FALSE,FALSE,FALSE
"GENE0143","GENE0143_HUMAN","P34945","Protein GENE0143",-0.551,1,0.516645,0,0.2868,2,2,FALSE,TRUE,FALSE
"GENE0056","GENE0056_HUMAN","P48378","Protein GENE0056",0.3848,1,0.583897,0,0.2337,4,5,FALSE,FALSE,FALSE
"GENE0623","GENE0623_HUMAN","P61255","Protein GENE0623",-0.9393,0.051399,0.014197,1.532,1.8478,4,2,TRUE,FALSE,TRUE
"GENE2692","GENE2692_HUMAN","P99856","Protein GENE2692",0.4411,1,0.584647,0,0.2331,3,2,TRUE,FALSE,FALSE
"GENE2370","GENE2370_HUMAN","P89344","Protein GENE2370",2.1461,0.055729,0.014367,1.167,1.8426,2,5,FALSE,FALSE,TRUE
"GENE1405","GENE1405_HUMAN","P58207","Protein GENE1405",-0.2577,0.620607,0.280533,0.0455,0.552,3,4,FALSE,FALSE,FALSE
"GENE0539","GENE0539_HUMAN","P26110","Protein GENE0539",-0.4059,0.492605,0.104152,0.4759,0.9823,6,6,FALSE,FALSE,FALSE
"GENE2876","GENE2876_HUMAN","P75893","Protein GENE2876",0.2594,1,0.292675,0.0634,0.5336,3,4,FALSE,FALSE,FALSE
"GENE2864","GENE2864_HUMAN","P23135","Protein GENE2864",-0.3409,1,0.670224,0,0.1738,3,5,TRUE,FALSE,FALSE
"GENE0332","GENE0332_HUMAN","P27140","Protein GENE0332",0.1736,1,0.448147,0,0.3486,2,3,FALSE,FALSE,FALSE
"GENE1245","GENE1245_HUMAN","P80946","Protein GENE1245",1.2866,0.115747,0.036885,0.847,1.4331,2,6,FALSE,FALSE,TRUE
"GENE2332","GENE2332_HUMAN","P42871","Protein GENE2332",0.1912,1,0.772315,0,0.1122,4,3,FALSE,TRUE,FALSE
"GENE1640","GENE1640_HUMAN","P96792","Protein GENE1640",0.1153,0.458035,0.268798,0.3128,0.5706,2,2,FALSE,TRUE,FALSE
"GENE1704","GENE1704_HUMAN","P10320","Protein GENE1704",-0.3314,1,0.930665,0,0.0312,2,5,FALSE,FALSE,FALSE
"GENE1219","GENE1219_HUMAN","P97492","Protein GENE1219",0.1573,0.926581,0.226476,0.5674,0.645,5,2,FALSE,TRUE,FALSE
"GENE0069","GENE0069_HUMAN","P85513","Protein GENE0069",-1.4016,0.054842,0.039641,1.0631,1.4019,6,5,FALSE,FALSE,TRUE
"GENE2685","GENE2685_HUMAN","P75280","Protein GENE2685",0.0982,1,0.750263,0,0.1248,6,2,FALSE,FALSE,FALSE
"GENE1480","GENE1480_HUMAN","P17083","Protein GENE1480",0.6949,1,0.635667,0,0.1968,2,3,FALSE,FALSE,FALSE
"GENE2341","GENE2341_HUMAN","P78559","Protein GENE2341",-0.0797,0.600714,0.126237,0.2993,0.8988,6,2,FALSE,FALSE,FALSE
"GENE0739","GENE0739_HUMAN","P18867","Protein GENE0739",-0.0227,0.406633,0.177135,0.3274,0.7517,2,3,FALSE,FALSE,FALSE
"GENE0578","GENE0578_HUMAN","P79115","Protein GENE0578",-0.4102,0.317529,0.194351,0.2156,0.7114,2,4,FALSE,FALSE,FALSE
"GENE2229","GENE2229_HUMAN","P36717","Protein GENE2229",-0.2305,0.968065,0.874729,0,0.0581,5,2,FALSE,TRUE,FALSE
"GENE1263","GENE1263_HUMAN","P63268","Protein GENE1263",0.3979,1,0.453746,0,0.3432,6,2,FALSE,FALSE,FALSE
"PABPC1","PABPC1_HUMAN","P12266","Protein PABPC1",3.9704,0.068242,0.016105,1.5374,1.793,5,6,FALSE,FALSE,TRUE
"GENE2877","GENE2877_HUMAN","P09761","Protein GENE2877",0.0415,1,0.443133,0.0523,0.3535,6,3,FALSE,FALSE,FALSE
"EP300","EP300_HUMAN","P71026","Protein EP300",1.2602,0.086318,0.023371,1.4108,1.6313,6,2,FALSE,FALSE,TRUE
"GENE2713","GENE2713_HUMAN","P73430","Protein GENE2713",0.031,1,0.987687,0,0.0054,2,6,FALSE,FALSE,FALSE
"GENE1942","GENE1942_HUMAN","P04500","Protein GENE1942",0.5353,0.966207,0.214956,0.3067,0.6677,4,2,FALSE,FALSE,FALSE
"GENE1054","GENE1054_HUMAN","P47892","Protein GENE1054",0.1389,1,0.952175,0,0.0213,2,3,FALSE,FALSE,FALSE
"GENE1386","GENE1386_HUMAN","P73330","Protein GENE1386",-0.5825,0.120849,0.072946,0.5618,1.137,4,2,FALSE,FALSE,FALSE
"GENE2676","GENE2676_HUMAN","P82207","Protein GENE2676",-0.0931,0.948174,0.250061,0.5502,0.602,5,4,FALSE,FALSE,FALSE
"GENE1381","GENE1381_HUMAN","P07252","Protein GENE1381",-0.6219,1,0.717591,0,0.1441,4,3,FALSE,TRUE,FALSE
"GENE2315","GENE2315_HUMAN","P20764","Protein GENE2315",-2.1792,0.144112,0.039175,0.9733,1.407,3,6,FALSE,FALSE,TRUE
"GENE2655","GENE2655_HUMAN","P17629","Protein GENE2655",0.0818,1,0.331485,0.2312,0.4795,5,2,FALSE,TRUE,FALSE
"GENE1776","GENE1776_HUMAN","P75492","Protein GENE1776",0.4673,1,0.864527,0,0.0632,4,2,FALSE,FALSE,FALSE
"GENE0715","GENE0715_HUMAN","P18887","Protein GENE0715",-0.0364,1,0.522415,0.0271,0.282,4,4,FALSE,FALSE,FALSE
"GENE1113","GENE1113_HUMAN","P69667","Protein GENE1113",0.0284,0.543421,0.238278,0.1686,0.6229,5,2,TRUE,FALSE,FALSE
"GENE1266","GENE1266_HUMAN","P79461","Protein GENE1266",0.1199,1,0.284448,0.0203,0.546,6,3,FALSE,TRUE,FALSE
"GENE2390","GENE2390_HUMAN","P76157","Protein GENE2390",-0.061,1,0.38352,0,0.4162,2,6,TRUE,FALSE,FALSE
"GENE0868","GENE0868_HUMAN","P46130","Protein GENE0868",2.9538,0.000588,0.000573,2.8864,3.2422,6,5,FALSE,FALSE,TRUE
"GENE1641","GENE1641_HUMAN","P95395","Protein GENE1641",1.6875,0.074319,0.023847,1.0661,1.6226,3,5,TRUE,FALSE,TRUE
"GENE2900","GENE2900_HUMAN","P32303","Protein GENE2900",-0.0411,0.353715,0.142494,0.8012,0.8462,5,5,FALSE,FALSE,FALSE
"GENE0577","GENE0577_HUMAN","P26515","Protein GENE0577",0.5357,1,0.582841,0,0.2345,6,4,FALSE,FALSE,FALSE
"GENE2515","GENE2515_HUMAN","P62419","Protein GENE2515",0.305,1,0.339636,0,0.469,3,6,FALSE,TRUE,FALSE
"GENE1377","GENE1377_HUMAN","P09923","Protein GENE1377",0.4434,1,0.960674,0,0.0174,5,6,TRUE,FALSE,FALSE
"GENE2823","GENE2823_HUMAN","P59309","Protein GENE2823",-0.268,1,0.883345,0,0.0539,5,3,TRUE,FALSE,FALSE
"GENE2645","GENE2645_HUMAN","P24469","Protein GENE2645",3.1422,0.031765,0.015135,1.5654,1.82,5,2,TRUE,FALSE,TRUE
"DDX46","DDX46_HUMAN","P85143","Protein DDX46",0.4131,1,0.776435,0,0.1099,4,4,FALSE,FALSE,FALSE
"GENE2462","GENE2462_HUMAN","P65412","Protein GENE2462",-0.6196,1,0.564831,0,0.2481,6,6,FALSE,FALSE,FALSE
"GENE1720","GENE1720_HUMAN","P27253","Protein GENE1720",0.104,0.589561,0.429467,0,0.3671,3,4,FALSE,FALSE,FALSE
"GENE1773","GENE1773_HUMAN","P94324","Protein GENE1773",-0.4163,1,0.367465,0,0.4348,6,3,FALSE,FALSE,FALSE
"GENE1134","GENE1134_HUMAN","P99224","Protein GENE1134",-0.2497,1,0.675964,0,0.1701,2,3,FALSE,FALSE,FALSE
"GENE1668","GENE1668_HUMAN","P56581","Protein GENE1668",4.2691,0.137553,0.02783,1.4796,1.5555,4,6,FALSE,FALSE,TRUE
"GENE0594","GENE0594_HUMAN","P40862","Protein GENE0594",-0.2604,0.763009,0.38693,0.3726,0.4124,6,5,FALSE,TRUE,FALSE
"GENE1688","GENE1688_HUMAN","P81423","Protein GENE1688",-0.2493,1,0.615307,0,0.2109,2,6,FALSE,FALSE,FALSE
"GENE2186","GENE2186_HUMAN","P86759","Protein GENE2186",0.5883,0.027612,0.007585,1.876,2.12,2,6,FALSE,FALSE,TRUE
"GENE1261","GENE1261_HUMAN","P37481","Protein GENE1261",0.1342,1,0.970522,0,0.013,4,3,TRUE,FALSE,FALSE
"GENE0703","GENE0703_HUMAN","P58918","Protein GENE0703",2.6919,0.068399,0.030308,0.9414,1.5184,2,2,FALSE,FALSE,TRUE
"GENE1336","GENE1336_HUMAN","P52264","Protein GENE1336",0.8384,1,0.899094,0,0.0462,4,4,FALSE,FALSE,FALSE
"GENE2591","GENE2591_HUMAN","P35409","Protein GENE2591",0.5754,1,0.623915,0,0.2049,6,2,FALSE,FALSE,FALSE
"GENE2024","GENE2024_HUMAN","P04286","Protein GENE2024",0.0135,1,0.728324,0,0.1377,6,3,FALSE,FALSE,FALSE
"GENE2507","GENE2507_HUMAN","P49179","Protein GENE2507",-0.0131,0.907081,0.644423,0,0.1908,5,6,FALSE,FALSE,FALSE
"GENE0172","GENE0172_HUMAN","P92698","Protein GENE0172",-0.1631,1,0.873112,0,0.0589,5,4,FALSE,FALSE,FALSE
"GENE2563","GENE2563_HUMAN","P88176","Protein GENE2563",0.8875,1,0.670904,0,0.1733,5,4,FALSE,TRUE,FALSE
"GENE0533","GENE0533_HUMAN","P82427","Protein GENE0533",-0.3507,0.904289,0.488517,0,0.3111,5,4,FALSE,FALSE,FALSE
"GENE1299","GENE1299_HUMAN","P28673","Protein GENE1299",0.452,1,0.872853,0.0585,0.0591,5,6,FALSE,FALSE,FALSE
"GENE1597","GENE1597_HUMAN","P85143","Protein GENE1597",0.2286,0.438298,0.299304,0,0.5239,3,3,FALSE,FALSE,FALSE
"GENE1745","GENE1745_HUMAN","P59188","Protein GENE1745",0.1799,1,0.688163,0,0.1623,6,3,TRUE,FALSE,FALSE
"GENE2343","GENE2343_HUMAN","P95559","Protein GENE2343",0.3212,1,0.732075,0,0.1354,6,6,FALSE,FALSE,FALSE
"GENE1235","GENE1235_HUMAN","P92181","Protein GENE1235",0.3809,0.298599,0.215166,0.4633,0.6672,6,6,FALSE,FALSE,FALSE
"GENE0350","GENE0350_HUMAN","P38404","Protein GENE0350",0.1473,0.740679,0.190426,0.1164,0.7203,2,5,FALSE,FALSE,FALSE
"GENE1439","GENE1439_HUMAN","P77859","Protein GENE1439",-2.8046,0.094539,0.02896,1.0937,1.5382,3,4,FALSE,FALSE,TRUE
"GENE0705","GENE0705_HUMAN","P03581","Protein GENE0705",-0.0449,1,0.667069,0.1656,0.1758,5,2,FALSE,FALSE,FALSE
"GENE0061","GENE0061_HUMAN","P62771","Protein GENE0061",0.0912,0.119512,0.108203,0.4086,0.9658,5,5,FALSE,FALSE,FALSE
"GENE0681","GENE0681_HUMAN","P01863","Protein GENE0681",-3.8523,0.06257,0.045983,1.1068,1.3374,6,6,FALSE,FALSE,TRUE
"GENE2862","GENE2862_HUMAN","P90874","Protein GENE2862",-1.9086,0.074524,0.037652,1.2505,1.4242,5,2,FALSE,FALSE,TRUE
"GENE2102","GENE2102_HUMAN","P96900","Protein GENE2102",0.1896,1,0.910546,0,0.0407,2,3,FALSE,FALSE,FALSE
"GENE2760","GENE2760_HUMAN","P43673","Protein GENE2760",2.7048,0.00275,0.001599,2.4884,2.7961,3,3,FALSE,FALSE,TRUE
"GENE0444","GENE0444_HUMAN","P20493","Protein GENE0444",-0.8243,0.32593,0.145273,0.1667,0.8378,4,6,FALSE,FALSE,FALSE
"GENE0280","GENE0280_HUMAN","P37774","Protein GENE0280",0.4255,0.979724,0.373266,0,0.428,2,5,FALSE,FALSE,FALSE
"DHX58","DHX58_HUMAN","P77431","Protein DHX58",-0.2942,0.995454,0.938492,0,0.0276,2,6,FALSE,FALSE,FALSE
"GENE2527","GENE2527_HUMAN","P94909","Protein GENE2527",-0.0221,0.382089,0.203851,0.1896,0.6907,3,6,TRUE,FALSE,FALSE
"GENE1633","GENE1633_HUMAN","P93781","Protein GENE1633",0.0234,0.578837,0.297054,0.2302,0.5272,2,4,TRUE,FALSE,FALSE
"GENE0041","GENE0041_HUMAN","P28069","Protein GENE0041",-0.3734,0.450281,0.099045,0.5302,1.0042,4,5,FALSE,FALSE,FALSE
"GENE0211","GENE0211_HUMAN","P22171","Protein GENE0211",-0.6479,0.40079,0.085209,0.9297,1.0695,3,5,FALSE,FALSE,FALSE
"GENE0325","GENE0325_HUMAN","P92591","Protein GENE0325",-1.1491,1,0.576054,0,0.2395,6,5,FALSE,FALSE,FALSE
"GENE1279","GENE1279_HUMAN","P13947","Protein GENE1279",0.2643,1,0.445484,0.2539,0.3512,5,6,FALSE,FALSE,FALSE
"GENE0839","GENE0839_HUMAN","P75795","Protein GENE0839",-0.0076,1,0.452815,0,0.3441,5,3,FALSE,FALSE,FALSE
"GENE0333","GENE0333_HUMAN","P34968","Protein GENE0333",-0.1109,0.821033,0.181256,0.2887,0.7417,3,4,TRUE,FALSE,FALSE
"GENE1000","GENE1000_HUMAN","P37581","Protein GENE1000",0.3868,1,0.35464,0,0.4502,4,2,FALSE,TRUE,FALSE
"GENE1694","GENE1694_HUMAN","P17478","Protein GENE1694",-0.2516,1,0.327246,0,0.4851,5,2,FALSE,FALSE,FALSE
"GENE2098","GENE2098_HUMAN","P64549","Protein GENE2098",0.0723,1,0.722204,0,0.1413,5,4,FALSE,FALSE,FALSE
"GENE1932","GENE1932_HUMAN","P69843","Protein GENE1932",1.3319,0.099319,0.044773,0.6724,1.349,3,6,FALSE,FALSE,TRUE
"GENE0677","GENE0677_HUMAN","P98147","Protein GENE0677",0.3289,0.717427,0.380447,0.2326,0.4197,5,4,FALSE,FALSE,FALSE
"GENE0603","GENE0603_HUMAN","P20198","Protein GENE0603",0.1848,0.651877,0.218256,0.3501,0.661,6,3,FALSE,FALSE,FALSE
"GENE0273","GENE0273_HUMAN","P49536","Protein GENE0273",0.3836,1,0.960186,0,0.0176,4,3,FALSE,FALSE,FALSE
"GENE1746","GENE1746_HUMAN","P70697","Protein GENE1746",0.6223,1,0.820536,0,0.0859,4,6,FALSE,FALSE,FALSE
"GENE1220","GENE1220_HUMAN","P84074","Protein GENE1220",-1.0956,1,0.893456,0,0.0489,6,4,FALSE,FALSE,FALSE
"GENE1151","GENE1151_HUMAN","P85070","Protein GENE1151",-0.0406,1,0.852525,0,0.0693,2,3,FALSE,FALSE,FALSE
"GENE2106","GENE2106_HUMAN","P60922","Protein GENE2106",-0.106,1,0.921895,0,0.0353,3,2,FALSE,FALSE,FALSE
"GENE1290","GENE1290_HUMAN","P38131","Protein GENE1290",0.5132,1,0.75348,0,0.1229,4,5,FALSE,FALSE,FALSE
"GENE2414","GENE2414_HUMAN","P46451","Protein GENE2414",2.9651,0.035096,0.019317,1.2305,1.7141,4,3,FALSE,FALSE,TRUE
"GENE2654","GENE2654_HUMAN","P18526","Protein GENE2654",3.7751,0.142656,0.041375,0.8236,1.3833,6,3,FALSE,FALSE,TRUE
"GENE0565","GENE0565_HUMAN","P49243","Protein GENE0565",-0.8647,1,0.226355,0.2416,0.6452,2,5,FALSE,FALSE,FALSE
"GENE1617","GENE1617_HUMAN","P77953","Protein GENE1617",0.2115,0.476539,0.232855,0.0144,0.6329,5,3,TRUE,FALSE,FALSE
"GENE2868","GENE2868_HUMAN","P77297","Protein GENE2868",0.5207,1,0.496298,0,0.3043,6,3,FALSE,FALSE,FALSE
"GENE1531","GENE1531_HUMAN","P79185","Protein GENE1531",-2.2962,0.037029,0.013412,1.4547,1.8725,5,5,FALSE,FALSE,TRUE
"GENE0290","GENE0290_HUMAN","P83060","Protein GENE0290",-0.3909,1,0.876315,0,0.0573,4,3,FALSE,TRUE,FALSE
"GENE2492","GENE2492_HUMAN","P38708","Protein GENE2492",-0.4589,1,0.429561,0,0.367,4,4,FALSE,FALSE,FALSE
"GENE1886","GENE1886_HUMAN","P39895","Protein GENE1886",1.4829,0.042717,0.012743,1.74,1.8947,6,4,FALSE,FALSE,TRUE
"GENE0552","GENE0552_HUMAN","P44611","Protein GENE0552",0.5225,0.646971,0.201795,5e-04,0.6951,2,4,FALSE,FALSE,FALSE
"GENE1271","GENE1271_HUMAN","P29570","Protein GENE1271",0.0118,0.210551,0.147002,0.2107,0.8327,6,6,FALSE,FALSE,FALSE
"GENE2703","GENE2703_HUMAN","P80358","Protein GENE2703",-0.1439,1,0.511233,0.1027,0.2914,3,3,FALSE,FALSE,FALSE
"GENE2638","GENE2638_HUMAN","P56327","Protein GENE2638",-0.6563,1,0.769748,0,0.1137,5,4,FALSE,FALSE,FALSE
"GENE1878","GENE1878_HUMAN","P69402","Protein GENE1878",1.3939,0.021766,0.01869,1.4173,1.7284,5,5,TRUE,FALSE,TRUE
"GENE1277","GENE1277_HUMAN","P98341","Protein GENE1277",1.8099,0.068691,0.048695,1.2468,1.3125,4,6,FALSE,FALSE,TRUE
"GENE0196","GENE0196_HUMAN","P25600","Protein GENE0196",-0.2765,1,0.987118,0,0.0056,4,6,FALSE,FALSE,FALSE
"GENE0380","GENE0380_HUMAN","P39988","Protein GENE0380",-1.8521,0.014216,0.005896,1.6084,2.2295,3,2,FALSE,FALSE,TRUE
"GENE2500","GENE2500_HUMAN","P50000","Protein GENE2500",-0.0439,1,0.800926,0,0.0964,5,5,FALSE,FALSE,FALSE
"GENE2723","GENE2723_HUMAN","P54823","Protein GENE2723",-0.1182,1,0.638341,0,0.1949,6,5,FALSE,FALSE,FALSE
"GENE1671","GENE1671_HUMAN","P55053","Protein GENE1671",0.1017,0.590794,0.118241,0.5106,0.9272,6,4,FALSE,FALSE,FALSE
"GENE2526","GENE2526_HUMAN","P94787","Protein GENE2526",-0.5882,0.564102,0.314789,0.2203,0.502,2,6,FALSE,FALSE,FALSE
"GENE2734","GENE2734_HUMAN","P50197","Protein GENE2734",-0.0271,1,0.320709,0,0.4939,3,2,FALSE,FALSE,FALSE
"GENE1498","GENE1498_HUMAN","P03170","Protein GENE1498",-0.3988,1,0.50462,0,0.297,6,3,FALSE,FALSE,FALSE
"GENE1006","GENE1006_HUMAN","P00493","Protein GENE1006",-0.0138,0.967516,0.194199,0.0598,0.7118,6,5,FALSE,FALSE,FALSE
"GENE1725","GENE1725_HUMAN","P34484","Protein GENE1725",-0.2496,1,0.830657,0,0.0806,3,4,FALSE,FALSE,FALSE
"GENE2127","GENE2127_HUMAN","P43603","Protein GENE2127",0.8193,0.494042,0.368946,0.1396,0.433,6,3,FALSE,FALSE,FALSE
"GENE2300","GENE2300_HUMAN","P25151","Protein GENE2300",0.3347,1,0.283788,0.0861,0.547,5,3,FALSE,FALSE,FALSE
"GENE1369","GENE1369_HUMAN","P27279","Protein GENE1369",0.1373,0.379232,0.193771,0.2177,0.7127,4,2,FALSE,FALSE,FALSE
"GENE2422","GENE2422_HUMAN","P79117","Protein GENE2422",-0.3456,1,0.460371,0.1229,0.3369,2,6,FALSE,FALSE,FALSE
"GENE0488","GENE0488_HUMAN","P13927","Protein GENE0488",-0.1748,1,0.762199,0,0.1179,4,6,FALSE,FALSE,FALSE
"GENE0778","GENE0778_HUMAN","P97845","Protein GENE0778",-2.7393,0.005349,0.002273,2.3596,2.6434,4,4,FALSE,FALSE,TRUE
"GENE1229","GENE1229_HUMAN","P51767","Protein GENE1229",0.6534,1,0.882117,0.04,0.0545,6,5,FALSE,TRUE,FALSE
"LARP4","LARP4_HUMAN","P55495","Protein LARP4",-0.1606,1,0.893954,0,0.0487,3,5,TRUE,FALSE,FALSE
"GENE2053","GENE2053_HUMAN","P78349","Protein GENE2053",0.0311,0.746951,0.238214,0.1879,0.623,5,5,FALSE,FALSE,FALSE
"GENE0979","GENE0979_HUMAN","P14111","Protein GENE0979",-2.7439,0.022913,0.005291,1.8523,2.2765,6,2,FALSE,FALSE,TRUE
"GENE2555","GENE2555_HUMAN","P36292","Protein GENE2555",-0.0496,0.43512,0.372602,0,0.4288,5,3,FALSE,FALSE,FALSE
"GENE2091","GENE2091_HUMAN","P16706","Protein GENE2091",0.1291,0.569864,0.172498,0.2156,0.7632,2,5,FALSE,TRUE,FALSE
"GENE0926","GENE0926_HUMAN","P22609","Protein GENE0926",-0.4807,1,0.537025,0,0.27,5,6,FALSE,FALSE,FALSE
"GENE0077","GENE0077_HUMAN","P65028","Protein GENE0077",-0.4816,0.186582,0.090846,0.6584,1.0417,6,6,FALSE,FALSE,FALSE
"GENE2469","GENE2469_HUMAN","P58358","Protein GENE2469",-0.4736,1,0.302453,0,0.5193,2,5,FALSE,FALSE,FALSE
"GENE0686","GENE0686_HUMAN","P39788","Protein GENE0686",-0.4605,1,0.808447,0,0.0923,4,4,FALSE,FALSE,FALSE
"GENE0423","GENE0423_HUMAN","P25684","Protein GENE0423",-0.7404,0.437434,0.365303,0,0.4373,4,4,FALSE,FALSE,FALSE
"GENE1546","GENE1546_HUMAN","P94594","Protein GENE1546",0.2446,1,0.701451,0,0.154,2,2,FALSE,FALSE,FALSE
"GENE1104","GENE1104_HUMAN","P34960","Protein GENE1104",0.163,1,0.89963,0,0.0459,3,2,FALSE,FALSE,FALSE
"GENE1574","GENE1574_HUMAN","P39715","Protein GENE1574",0.2763,1,0.987937,0,0.0053,6,6,FALSE,FALSE,FALSE
"GENE0369","GENE0369_HUMAN","P59478","Protein GENE0369",-0.0907,0.850408,0.389007,0,0.41,4,4,FALSE,FALSE,FALSE
"GENE0314","GENE0314_HUMAN","P89815","Protein GENE0314",0.6941,1,0.834994,0,0.0783,3,5,FALSE,FALSE,FALSE
"GENE1400","GENE1400_HUMAN","P33428","Protein GENE1400",1.4518,0.01883,0.003978,2.0532,2.4003,2,5,FALSE,TRUE,TRUE
"GENE0053","GENE0053_HUMAN","P79034","Protein GENE0053",0.3953,0.420861,0.199204,0.2749,0.7007,2,5,FALSE,FALSE,FALSE
"GENE2351","GENE2351_HUMAN","P31004","Protein GENE2351",2.9257,0.001048,0.000373,2.8662,3.4282,2,4,FALSE,FALSE,TRUE
"GENE1805","GENE1805_HUMAN","P21338","Protein GENE1805",0.2198,1,0.827777,0,0.0821,6,3,FALSE,FALSE,FALSE
"GENE1317","GENE1317_HUMAN","P19590","Protein GENE1317",0.0842,0.796409,0.168468,0.2073,0.7735,5,6,FALSE,FALSE,FALSE
"GENE0439","GENE0439_HUMAN","P97138","Protein GENE0439",0.1684,0.334503,0.333629,0,0.4767,2,3,FALSE,FALSE,FALSE
"GENE1780","GENE1780_HUMAN","P87165","Protein GENE1780",-4.0449,0.132735,0.027228,1.0045,1.565,6,3,TRUE,TRUE,TRUE
"GENE1167","GENE1167_HUMAN","P82067","Protein GENE1167",0.8386,0.488818,0.297929,0.119,0.5259,2,4,FALSE,FALSE,FALSE
"GENE1771","GENE1771_HUMAN","P15280","Protein GENE1771",-0.3851,0.688151,0.33855,0.1272,0.4704,6,3,FALSE,FALSE,FALSE
"GENE2364","GENE2364_HUMAN","P76096","Protein GENE2364",-0.638,0.445749,0.370023,0,0.4318,5,2,FALSE,FALSE,FALSE
"GENE1364","GENE1364_HUMAN","P10755","Protein GENE1364",-0.2995,0.794284,0.647947,0,0.1885,4,4,TRUE,FALSE,FALSE
"GENE0951","GENE0951_HUMAN","P34882","Protein GENE0951",2.2214,0.128672,0.040079,1.0476,1.3971,5,4,FALSE,FALSE,TRUE
"GENE0676","GENE0676_HUMAN","P78351","Protein GENE0676",0.0027,0.735587,0.539877,0,0.2677,3,4,FALSE,FALSE,FALSE
"GENE0112","GENE0112_HUMAN","P84587","Protein GENE0112",0.2931,0.598935,0.134057,0.2054,0.8727,2,3,FALSE,FALSE,FALSE
"GENE1740","GENE1740_HUMAN","P18471","Protein GENE1740",-0.0117,1,0.585785,0,0.2323,3,5,FALSE,FALSE,FALSE
"GENE0189","GENE0189_HUMAN","P10651","Protein GENE0189",0.2636,1,0.787248,0,0.1039,2,4,FALSE,FALSE,FALSE
"GENE0701","GENE0701_HUMAN","P63803","Protein GENE0701",1.0688,0.039805,0.031364,1.1462,1.5036,5,5,FALSE,FALSE,TRUE
"GENE2249","GENE2249_HUMAN","P65674","Protein GENE2249",-4.267,0.134907,0.047476,1.0527,1.3235,3,4,FALSE,FALSE,TRUE
"GENE0901","GENE0901_HUMAN","P84321","Protein GENE0901",0.5338,0.963036,0.581853,0,0.2352,3,4,FALSE,FALSE,FALSE
"GENE1551","GENE1551_HUMAN","P75268","Protein GENE1551",-0.0324,1,0.694805,0,0.1581,2,5,FALSE,FALSE,FALSE
"GENE1642","GENE1642_HUMAN","P76467","Protein GENE1642",3.3934,0.022985,0.0085,1.4546,2.0706,3,4,FALSE,FALSE,TRUE
"GENE0307","GENE0307_HUMAN","P54635","Protein GENE0307",-0.196,1,0.783098,0,0.1062,2,5,FALSE,FALSE,FALSE
"GENE1708","GENE1708_HUMAN","P77712","Protein GENE1708",0.5669,0.399318,0.18533,0.476,0.7321,2,4,FALSE,FALSE,FALSE
"GENE1661","GENE1661_HUMAN","P60561","Protein GENE1661",-0.8265,1,0.578706,0,0.2375,2,4,TRUE,FALSE,FALSE
"GENE0308","GENE0308_HUMAN","P28422","Protein GENE0308",0.3462,1,0.694019,0,0.1586,6,2,FALSE,FALSE,FALSE
"GENE0944","GENE0944_HUMAN","P18286","Protein GENE0944",0.1418,0.175978,0.063174,0.5521,1.1995,4,4,FALSE,FALSE,FALSE
"GENE0987","GENE0987_HUMAN","P73682","Protein GENE0987",-0.3851,1,0.975256,0,0.0109,3,4,TRUE,FALSE,FALSE
"GENE1525","GENE1525_HUMAN","P80306","Protein GENE1525",-0.0614,1,0.793467,0,0.1005,3,4,FALSE,FALSE,FALSE
"GENE0095","GENE0095_HUMAN","P86100","Protein GENE0095",3.8314,0.037424,0.026045,1.182,1.5843,3,6,TRUE,FALSE,TRUE
"GENE2104","GENE2104_HUMAN","P26232","Protein GENE2104",0.4646,1,0.251921,0.5898,0.5987,3,6,FALSE,FALSE,FALSE
"GENE1319","GENE1319_HUMAN","P29256","Protein GENE1319",0.2269,1,0.382245,0.1345,0.4177,6,2,FALSE,FALSE,FALSE
"GENE1895","GENE1895_HUMAN","P29493","Protein GENE1895",0.0597,1,0.8814,0,0.0548,5,6,FALSE,FALSE,FALSE
"GENE1843","GENE1843_HUMAN","P95041","Protein GENE1843",-0.6307,1,0.926837,0,0.033,5,2,FALSE,TRUE,FALSE
"STK3","STK3_HUMAN","P49225","Protein STK3",3.7089,0.162828,0.033964,0.9367,1.469,4,3,FALSE,FALSE,TRUE
"GENE2849","GENE2849_HUMAN","P32714","Protein GENE2849",-0.9602,0.054478,0.020013,1.4639,1.6987,5,3,FALSE,FALSE,TRUE
"GENE0896","GENE0896_HUMAN","P42476","Protein GENE0896",0.9506,0.098277,0.039174,1.0874,1.407,3,5,FALSE,FALSE,TRUE
"GENE1804","GENE1804_HUMAN","P28123","Protein GENE1804",-0.7177,0.523076,0.184715,0.1036,0.7335,2,4,FALSE,FALSE,FALSE
"GENE0236","GENE0236_HUMAN","P08551","Protein GENE0236",0.1359,1,0.915461,0,0.0384,6,2,TRUE,FALSE,FALSE
"GPKOW","GPKOW_HUMAN","P12956","Protein GPKOW",0.5678,1,0.956954,0,0.0191,2,5,FALSE,FALSE,FALSE
"GENE0315","GENE0315_HUMAN","P00275","Protein GENE0315",0.4132,1,0.656704,0,0.1826,4,6,FALSE,FALSE,FALSE
"GENE2665","GENE2665_HUMAN","P33834","Protein GENE2665",-0.7342,1,0.46539,0,0.3322,5,6,TRUE,FALSE,FALSE
"GENE2798","GENE2798_HUMAN","P00663","Protein GENE2798",0.1414,1,0.410669,0,0.3865,4,2,FALSE,FALSE,FALSE
"GENE1433","GENE1433_HUMAN","P22657","Protein GENE1433",0.2288,1,0.573209,0,0.2417,2,3,FALSE,FALSE,FALSE
"GENE2035","GENE2035_HUMAN","P66083","Protein GENE2035",0.4468,1,0.569768,0,0.2443,5,6,FALSE,FALSE,FALSE
"GENE1017","GENE1017_HUMAN","P09906","Protein GENE1017",-0.3405,1,0.659553,0,0.1808,2,6,FALSE,FALSE,FALSE
"GENE1225","GENE1225_HUMAN","P79129","Protein GENE1225",-0.0059,1,0.58383,0,0.2337,4,6,FALSE,FALSE,FALSE
"GENE2659","GENE2659_HUMAN","P73861","Protein GENE2659",0.2423,1,0.57334,0,0.2416,4,2,FALSE,FALSE,FALSE
"GENE1234","GENE1234_HUMAN","P67005","Protein GENE1234",-0.1433,0.48902,0.136585,0.2521,0.8646,6,5,FALSE,FALSE,FALSE
"GENE2241","GENE2241_HUMAN","P74226","Protein GENE2241",0.032,0.195132,0.090545,0.5908,1.0431,6,2,FALSE,FALSE,FALSE
"GENE0755","GENE0755_HUMAN","P93665","Protein GENE0755",-0.2832,1,0.490594,0,0.3093,4,6,FALSE,FALSE,FALSE
"GENE1232","GENE1232_HUMAN","P79853","Protein GENE1232",-0.1011,0.394746,0.203267,0.5733,0.6919,4,5,FALSE,FALSE,FALSE
"GENE2738","GENE2738_HUMAN","P19425","Protein GENE2738",0.0913,0.534249,0.121062,0.6243,0.917,4,6,FALSE,FALSE,FALSE
"GENE0132","GENE0132_HUMAN","P71270","Protein GENE0132",-0.7916,1,0.415127,0,0.3818,3,3,FALSE,FALSE,FALSE
"GENE2119","GENE2119_HUMAN","P53074","Protein GENE2119",-0.2465,0.845849,0.307993,0.225,0.5115,4,4,FALSE,FALSE,FALSE
"GENE0997","GENE0997_HUMAN","P67864","Protein GENE0997",0.0815,0.813707,0.507141,0,0.2949,2,6,TRUE,FALSE,FALSE
"GENE1027","GENE1027_HUMAN","P83462","Protein GENE1027",-0.2067,1,0.306762,0.1262,0.5132,4,6,FALSE,FALSE,FALSE
"GENE0535","GENE0535_HUMAN","P19997","Protein GENE0535",-0.1798,0.16876,0.120438,0.5624,0.9192,2,3,FALSE,FALSE,FALSE
"GENE0867","GENE0867_HUMAN","P07140","Protein GENE0867",-0.2356,1,0.815124,0,0.0888,2,4,FALSE,FALSE,FALSE
"GENE1519","GENE1519_HUMAN","P06741","Protein GENE1519",4.3238,0.005452,0.004679,1.7983,2.3298,4,5,FALSE,FALSE,TRUE
"GENE0543","GENE0543_HUMAN","P48719","Protein GENE0543",-0.0605,1,0.714014,0,0.1463,4,5,FALSE,FALSE,FALSE
"GENE0159","GENE0159_HUMAN","P84245","Protein GENE0159",0.3552,0.823419,0.258706,0.4509,0.5872,4,2,FALSE,FALSE,FALSE
"GENE0272","GENE0272_HUMAN","P67618","Protein GENE0272",0.1546,1,0.89301,0,0.0491,2,2,FALSE,FALSE,FALSE
"GENE1821","GENE1821_HUMAN","P86154","Protein GENE1821",-0.1338,1,0.877369,0,0.0568,5,2,TRUE,FALSE,FALSE
"GENE1945","GENE1945_HUMAN","P53726","Protein GENE1945",-0.8408,0.836703,0.241821,0.0101,0.6165,6,4,FALSE,TRUE,FALSE
"GENE2850","GENE2850_HUMAN","P24959","Protein GENE2850",0.7624,0.646132,0.155043,0.5197,0.8095,5,5,FALSE,FALSE,FALSE
"GENE2316","GENE2316_HUMAN","P83518","Protein GENE2316",0.2378,0.30245,0.12988,0.75,0.8865,3,2,TRUE,FALSE,FALSE
"GENE0465","GENE0465_HUMAN","P99218","Protein GENE0465",-3.8168,0.009632,0.006191,1.79,2.2082,4,3,FALSE,FALSE,TRUE
"GENE1528","GENE1528_HUMAN","P96026","Protein GENE1528",2.1928,0.097162,0.048769,0.8625,1.3119,6,2,FALSE,FALSE,TRUE
"GENE2011","GENE2011_HUMAN","P93686","Protein GENE2011",-0.4875,0.833857,0.647525,0.1585,0.1887,6,6,FALSE,FALSE,FALSE
"GENE2838","GENE2838_HUMAN","P87012","Protein GENE2838",2.4556,0.025984,0.00927,1.7901,2.0329,3,3,FALSE,FALSE,TRUE
"GENE2318","GENE2318_HUMAN","P77939","Protein GENE2318",0.1186,1,0.977382,0,0.0099,2,5,FALSE,FALSE,FALSE
"GENE2736","GENE2736_HUMAN","P69857","Protein GENE2736",4.433,0.131391,0.042733,0.8271,1.3692,6,4,FALSE,FALSE,TRUE
"GENE2788","GENE2788_HUMAN","P47767","Protein GENE2788",0.1508,0.776757,0.176078,0.5894,0.7543,5,4,FALSE,FALSE,FALSE
"GENE0246","GENE0246_HUMAN","P11612","Protein GENE0246",0.1368,1,0.759308,0,0.1196,5,6,FALSE,FALSE,FALSE
"GENE0130","GENE0130_HUMAN","P25519","Protein GENE0130",-0.4647,1,0.696213,0,0.1573,3,6,FALSE,FALSE,FALSE
"GENE0611","GENE0611_HUMAN","P24356","Protein GENE0611",-0.4969,0.707255,0.594109,0,0.2261,4,3,FALSE,FALSE,FALSE
"GENE2805","GENE2805_HUMAN","P89946","Protein GENE2805",-0.3543,1,0.941888,0,0.026,3,4,FALSE,TRUE,FALSE
"GENE0382","GENE0382_HUMAN","P92826","Protein GENE0382",1.176,0.019332,0.008735,1.5446,2.0587,2,4,FALSE,FALSE,TRUE
"GENE2581","GENE2581_HUMAN","P84808","Protein GENE2581",-0.3773,0.772223,0.675578,0,0.1703,2,3,FALSE,FALSE,FALSE
"GENE1543","GENE1543_HUMAN","P14565","Protein GENE1543",0.6435,1,0.839269,0,0.0761,6,2,FALSE,TRUE,FALSE
"GENE1030","GENE1030_HUMAN","P99071","Protein GENE1030",-0.0418,1,0.998354,0,7e-04,6,2,FALSE,FALSE,FALSE
"GENE2732","GENE2732_HUMAN","P68348","Protein GENE2732",-4.3574,0.078974,0.029225,1.1006,1.5342,4,3,FALSE,TRUE,TRUE
"GENE2843","GENE2843_HUMAN","P28299","Protein GENE2843",-0.0867,0.656702,0.392328,0.0443,0.4064,6,5,FALSE,FALSE,FALSE
"GENE1348","GENE1348_HUMAN","P40329","Protein GENE1348",-0.1036,1,0.552874,0,0.2574,6,2,FALSE,TRUE,FALSE
"GENE2310","GENE2310_HUMAN","P02208","Protein GENE2310",-0.0093,0.318922,0.121534,0.5916,0.9153,2,5,FALSE,FALSE,FALSE
"GENE0197","GENE0197_HUMAN","P14677","Protein GENE0197",-2.8826,0.056319,0.039956,0.8129,1.3984,5,6,FALSE,FALSE,TRUE
"GENE1441","GENE1441_HUMAN","P73075","Protein GENE1441",-0.3374,1,0.556141,0,0.2548,2,5,FALSE,FALSE,FALSE
"GENE1859","GENE1859_HUMAN","P57690","Protein GENE1859",0.4368,1,0.607007,0,0.2168,5,5,FALSE,FALSE,FALSE
"GENE0779","GENE0779_HUMAN","P91739","Protein GENE0779",-3.5778,0.017868,0.005001,1.8982,2.301,2,2,FALSE,FALSE,TRUE
"GENE1443","GENE1443_HUMAN","P38985","Protein GENE1443",0.1228,1,0.715829,0,0.1452,4,4,FALSE,FALSE,FALSE
"GENE2594","GENE2594_HUMAN","P10633","Protein GENE2594",-0.0665,0.560702,0.15176,0.1265,0.8188,3,4,FALSE,FALSE,FALSE
"GENE2362","GENE2362_HUMAN","P70436","Protein GENE2362",-0.5834,1,0.629676,0,0.2009,3,5,TRUE,FALSE,FALSE
"GENE2491","GENE2491_HUMAN","P26211","Protein GENE2491",0.6794,0.183745,0.168844,0.0784,0.7725,4,4,FALSE,TRUE,FALSE
"GENE0142","GENE0142_HUMAN","P43663","Protein GENE0142",-0.5025,0.521891,0.412457,0,0.3846,6,3,FALSE,TRUE,FALSE
"GENE1407","GENE1407_HUMAN","P70230","Protein GENE1407",0.2678,1,0.550591,0.0564,0.2592,6,5,FALSE,FALSE,FALSE
"GENE1330","GENE1330_HUMAN","P52636","Protein GENE1330",0.2446,0.360739,0.08332,0.6138,1.0793,2,6,FALSE,FALSE,FALSE
"GENE1147","GENE1147_HUMAN","P88962","Protein GENE1147",0.3855,0.74061,0.44177,0,0.3548,3,3,TRUE,FALSE,FALSE
"GENE1889","GENE1889_HUMAN","P17611","Protein GENE1889",0.634,0.134865,0.061549,0.569,1.2108,4,5,FALSE,FALSE,FALSE
"GENE2812","GENE2812_HUMAN","P54270","Protein GENE2812",0.1218,1,0.701498,0,0.154,3,4,FALSE,FALSE,FALSE
"GENE2357","GENE2357_HUMAN","P72862","Protein GENE2357",0.2731,1,0.581276,0,0.2356,2,3,FALSE,FALSE,FALSE
"GENE0986","GENE0986_HUMAN","P04393","Protein GENE0986",0.096,1,0.915822,0,0.0382,2,6,FALSE,FALSE,FALSE
"GENE0395","GENE0395_HUMAN","P85686","Protein GENE0395",-0.0786,1,0.521471,0,0.2828,6,4,FALSE,FALSE,FALSE
"GENE1783","GENE1783_HUMAN","P87370","Protein GENE1783",-1.0513,0.8927,0.244123,0,0.6124,3,5,FALSE,FALSE,FALSE
"GENE1005","GENE1005_HUMAN","P28743","Protein GENE1005",0.0393,1,0.380237,0.1785,0.4199,2,4,FALSE,FALSE,FALSE
"GENE1609","GENE1609_HUMAN","P34711","Protein GENE1609",-0.2438,1,0.623317,0,0.2053,6,6,TRUE,FALSE,FALSE
"GENE1431","GENE1431_HUMAN","P33208","Protein GENE1431",-0.1114,1,0.785034,0,0.1051,4,6,FALSE,TRUE,FALSE
"GENE2306","GENE2306_HUMAN","P58533","Protein GENE2306",-0.4158,0.096643,0.076097,0.5077,1.1186,4,2,FALSE,FALSE,FALSE
"GENE2018","GENE2018_HUMAN","P64017","Protein GENE2018",-0.0767,0.571323,0.139798,0.1619,0.8545,5,5,FALSE,TRUE,FALSE
"GENE0427","GENE0427_HUMAN","P92773","Protein GENE0427",0.3881,0.944005,0.716801,0,0.1446,2,4,FALSE,TRUE,FALSE
"GENE2758","GENE2758_HUMAN","P52256","Protein GENE2758",0.0048,0.459484,0.274965,0,0.5607,3,2,FALSE,FALSE,FALSE
"GENE2726","GENE2726_HUMAN","P48976","Protein GENE2726",0.1858,1,0.925749,0,0.0335,3,5,FALSE,FALSE,FALSE
"GENE2618","GENE2618_HUMAN","P16176","Protein GENE2618",0.6867,1,0.716836,0,0.1446,6,5,FALSE,FALSE,FALSE
"GENE0074","GENE0074_HUMAN","P58677","Protein GENE0074",-0.1704,1,0.593487,0,0.2266,3,3,FALSE,FALSE,FALSE
"GENE2243","GENE2243_HUMAN","P74710","Protein GENE2243",0.5928,1,0.725265,0,0.1395,2,6,FALSE,TRUE,FALSE
"GENE0235","GENE0235_HUMAN","P79266","Protein GENE0235",-0.2313,0.795688,0.450107,0,0.3467,6,2,TRUE,FALSE,FALSE
"GENE0066","GENE0066_HUMAN","P00486","Protein GENE0066",-0.5935,1,0.958503,0,0.0184,4,2,TRUE,FALSE,FALSE
"GENE0440","GENE0440_HUMAN","P01193","Protein GENE0440",0.4235,1,0.701056,0,0.1542,6,4,FALSE,FALSE,FALSE
"GENE2094","GENE2094_HUMAN","P29171","Protein GENE2094",0.1968,0.424636,0.126064,0.7207,0.8994,2,2,FALSE,FALSE,FALSE
"GENE1380","GENE1380_HUMAN","P98636","Protein GENE1380",0.2341,0.461116,0.145234,0.6225,0.8379,4,4,FALSE,FALSE,FALSE
"GENE1670","GENE1670_HUMAN","P07227","Protein GENE1670",-0.06,0.658167,0.143461,0.1612,0.8433,3,4,FALSE,FALSE,FALSE
"GENE2081","GENE2081_HUMAN","P54387","Protein GENE2081",-0.2035,0.64188,0.312691,0.4404,0.5049,5,3,FALSE,FALSE,FALSE
"GENE1892","GENE1892_HUMAN","P51507","Protein GENE1892",-0.0175,1,0.875656,0,0.0577,3,5,FALSE,FALSE,FALSE
"GENE1365","GENE1365_HUMAN","P27856","Protein GENE1365",3.5375,0.160158,0.047241,0.7751,1.3257,6,4,FALSE,FALSE,TRUE
"GENE1303","GENE1303_HUMAN","P12415","Protein GENE1303",-0.1655,1,0.860566,0,0.0652,6,4,FALSE,FALSE,FALSE
"GENE2706","GENE2706_HUMAN","P20061","Protein GENE2706",-0.1919,1,0.648237,0,0.1883,6,4,FALSE,FALSE,FALSE
"GENE2889","GENE2889_HUMAN","P60792","Protein GENE2889",0.0419,0.813528,0.352727,0.3898,0.4526,4,5,FALSE,FALSE,FALSE
"GENE2467","GENE2467_HUMAN","P87956","Protein GENE2467",-0.1075,1,0.909658,0,0.0411,6,5,FALSE,FALSE,FALSE
"GENE2520","GENE2520_HUMAN","P32345","Protein GENE2520",0.3618,1,0.542724,0,0.2654,6,6,FALSE,FALSE,FALSE
"DHX9","DHX9_HUMAN","P48689","Protein DHX9",-0.5385,1,0.849587,0,0.0708,2,4,FALSE,FALSE,FALSE
"GENE0995","GENE0995_HUMAN","P15327","Protein GENE0995",-0.1752,0.581759,0.238754,0,0.622,2,6,FALSE,FALSE,FALSE
"GENE0357","GENE0357_HUMAN","P57948","Protein GENE0357",0.4455,1,0.34663,0,0.4601,6,4,FALSE,FALSE,FALSE
"GENE0584","GENE0584_HUMAN","P83609","Protein GENE0584",0.5695,1,0.854816,0,0.0681,3,5,FALSE,FALSE,FALSE
"GENE2695","GENE2695_HUMAN","P78256","Protein GENE2695",0.1454,0.933026,0.577897,0,0.2381,4,2,FALSE,FALSE,FALSE
"GENE2846","GENE2846_HUMAN","P23205","Protein GENE2846",-0.514,1,0.764521,0,0.1166,2,5,FALSE,FALSE,FALSE
"GENE0712","GENE0712_HUMAN","P97012","Protein GENE0712",0.2151,1,0.694076,0,0.1586,4,5,FALSE,FALSE,FALSE
"GENE2252","GENE2252_HUMAN","P99634","Protein GENE2252",-0.5787,0.045883,0.041268,0.8364,1.3844,2,2,FALSE,TRUE,TRUE
"GENE0408","GENE0408_HUMAN","P92623","Protein GENE0408",-0.1077,0.391223,0.143473,0.2505,0.8432,2,3,FALSE,FALSE,FALSE
"GENE1292","GENE1292_HUMAN","P45752","Protein GENE1292",-3.514,0.085136,0.030202,0.8484,1.52,4,5,FALSE,FALSE,TRUE
"GENE2641","GENE2641_HUMAN","P40155","Protein GENE2641",0.4429,0.586702,0.135157,0.5139,0.8692,4,4,FALSE,FALSE,FALSE
"GENE1891","GENE1891_HUMAN","P18138","Protein GENE1891",0.1831,1,0.889265,0,0.051,3,2,FALSE,FALSE,FALSE
"GENE2395","GENE2395_HUMAN","P00583","Protein GENE2395",0.0801,1,0.510935,0,0.2916,5,4,FALSE,FALSE,FALSE
"GENE2562","GENE2562_HUMAN","P94777","Protein GENE2562",-0.3422,1,0.226766,0.1003,0.6444,5,2,FALSE,TRUE,FALSE
"GENE2219","GENE2219_HUMAN","P18333","Protein GENE2219",3.7801,0.132793,0.029972,1.4301,1.5233,5,4,TRUE,TRUE,TRUE
"GENE0848","GENE0848_HUMAN","P67660","Protein GENE0848",-0.2719,1,0.683263,0,0.1654,5,6,FALSE,TRUE,FALSE
"GENE1987","GENE1987_HUMAN","P73228","Protein GENE1987",0.4924,1,0.230788,0.1844,0.6368,6,3,FALSE,FALSE,FALSE
"GENE2647","GENE2647_HUMAN","P59347","Protein GENE2647",-0.5183,1,0.26684,0.0236,0.5737,4,4,FALSE,TRUE,FALSE
"GENE1179","GENE1179_HUMAN","P15262","Protein GENE1179",0.4699,1,0.406137,0,0.3913,2,6,FALSE,TRUE,FALSE
"GENE0179","GENE0179_HUMAN","P82097","Protein GENE0179",-0.5321,1,0.935038,0,0.0292,2,4,FALSE,FALSE,FALSE
"GENE0670","GENE0670_HUMAN","P72888","Protein GENE0670",1.5891,0.101133,0.041057,0.85,1.3866,2,2,FALSE,FALSE,TRUE
"GENE2293","GENE2293_HUMAN","P66894","Protein GENE2293",-0.0912,1,0.304742,0.0814,0.5161,6,4,FALSE,FALSE,FALSE
"GENE2392","GENE2392_HUMAN","P79933","Protein GENE2392",-0.651,0.456381,0.09255,0.4953,1.0336,3,2,FALSE,FALSE,FALSE
"GENE1398","GENE1398_HUMAN","P54069","Protein GENE1398",-0.1438,1,0.973475,0,0.0117,4,5,FALSE,FALSE,FALSE
"GENE1654","GENE1654_HUMAN","P82058","Protein GENE1654",0.246,1,0.391943,0,0.4068,6,6,FALSE,FALSE,FALSE
"GENE0837","GENE0837_HUMAN","P80076","Protein GENE0837",-1.9286,0.122843,0.025089,1.0577,1.6005,3,3,FALSE,TRUE,TRUE
"GENE1529","GENE1529_HUMAN","P64358","Protein GENE1529",-0.211,0.264551,0.248292,0.4488,0.605,2,5,FALSE,FALSE,FALSE
"GENE0652","GENE0652_HUMAN","P67993","Protein GENE0652",-0.5712,0.002179,0.001255,2.3057,2.9014,5,5,FALSE,FALSE,TRUE
"GENE2818","GENE2818_HUMAN","P56584","Protein GENE2818",0.0534,1,0.984483,0,0.0068,6,5,FALSE,FALSE,FALSE
"GENE2139","GENE2139_HUMAN","P99013","Protein GENE2139",-0.0142,1,0.946073,0,0.0241,3,2,FALSE,FALSE,FALSE
"MED1","MED1_HUMAN","P12805","Protein MED1",1.2323,0.040375,0.03016,0.8914,1.5206,6,4,TRUE,FALSE,TRUE
"GENE0366","GENE0366_HUMAN","P64900","Protein GENE0366",0.7911,1,0.778438,0,0.1088,2,4,FALSE,FALSE,FALSE
"GENE2066","GENE2066_HUMAN","P91110","Protein GENE2066",0.2402,1,0.551457,0,0.2585,4,4,FALSE,FALSE,FALSE
"GENE2118","GENE2118_HUMAN","P70234","Protein GENE2118",1.1297,0.151378,0.03246,0.9743,1.4887,2,3,FALSE,FALSE,TRUE
"GENE1111","GENE1111_HUMAN","P40029","Protein GENE1111",-0.1655,0.667217,0.186838,0.4824,0.7285,6,3,FALSE,FALSE,FALSE
"GENE0387","GENE0387_HUMAN","P85795","Protein GENE0387",-0.1559,0.944092,0.490303,0.0338,0.3095,6,4,FALSE,FALSE,FALSE
"GENE0505","GENE0505_HUMAN","P59468","Protein GENE0505",-0.1436,0.842815,0.184225,0.4186,0.7347,5,5,FALSE,TRUE,FALSE
"GENE1917","GENE1917_HUMAN","P74539","Protein GENE1917",-0.1682,1,0.575929,0.1672,0.2396,3,6,FALSE,FALSE,FALSE
"GENE1988","GENE1988_HUMAN","P66940","Protein GENE1988",-0.1557,1,0.858524,0,0.0662,4,2,FALSE,FALSE,FALSE
"DHX38","DHX38_HUMAN","P87028","Protein DHX38",0.0515,1,0.613015,0,0.2125,4,5,FALSE,FALSE,FALSE
"GENE1084","GENE1084_HUMAN","P58244","Protein GENE1084",0.1106,0.276995,0.224773,0.0019,0.6483,6,6,FALSE,TRUE,FALSE
"GENE0082","GENE0082_HUMAN","P96623","Protein GENE0082",0.1865,1,0.672629,0,0.1722,4,6,TRUE,FALSE,FALSE
"GENE2836","GENE2836_HUMAN","P83255","Protein GENE2836",0.3276,0.117453,0.111899,0.3825,0.9512,4,4,FALSE,FALSE,FALSE
"GENE1154","GENE1154_HUMAN","P17580","Protein GENE1154",-0.3992,1,0.841433,0,0.075,6,2,FALSE,FALSE,FALSE
"GENE2479","GENE2479_HUMAN","P14965","Protein GENE2479",-0.0334,1,0.296623,0.1024,0.5278,3,4,TRUE,FALSE,FALSE
"GENE1269","GENE1269_HUMAN","P20733","Protein GENE1269",4.3804,0.153893,0.04047,1.1328,1.3929,6,4,FALSE,FALSE,TRUE
"GENE1683","GENE1683_HUMAN","P79190","Protein GENE1683",1.594,0.077624,0.019881,1.1996,1.7016,5,6,FALSE,FALSE,TRUE
"GENE1043","GENE1043_HUMAN","P11957","Protein GENE1043",0.2113,1,0.583091,0,0.2343,2,5,FALSE,TRUE,FALSE
"GENE1778","GENE1778_HUMAN","P09160","Protein GENE1778",-0.3581,1,0.645677,0,0.19,6,2,FALSE,FALSE,FALSE
"GENE1772","GENE1772_HUMAN","P10847","Protein GENE1772",0.0899,1,0.496831,0.2077,0.3038,6,3,TRUE,FALSE,FALSE
"GENE2488","GENE2488_HUMAN","P71608","Protein GENE2488",0.096,1,0.722965,0,0.1409,5,6,FALSE,FALSE,FALSE
"GENE2525","GENE2525_HUMAN","P81830","Protein GENE2525",0.0651,1,0.431658,0,0.3649,4,2,TRUE,FALSE,FALSE
"GENE1382","GENE1382_HUMAN","P65160","Protein GENE1382",-0.0192,1,0.655579,0,0.1834,4,5,FALSE,FALSE,FALSE
"GENE1168","GENE1168_HUMAN","P16699","Protein GENE1168",0.1452,1,0.979277,0,0.0091,3,6,FALSE,FALSE,FALSE
"GENE1007","GENE1007_HUMAN","P50119","Protein GENE1007",-0.4887,1,0.491243,0,0.3087,3,4,FALSE,FALSE,FALSE
"GENE1237","GENE1237_HUMAN","P17513","Protein GENE1237",-0.0431,1,0.718062,0.0513,0.1438,2,3,FALSE,FALSE,FALSE
"GENE0093","GENE0093_HUMAN","P35756","Protein GENE0093",-0.3297,1,0.974896,0,0.011,3,6,FALSE,TRUE,FALSE
"GENE2630","GENE2630_HUMAN","P33957","Protein GENE2630",-0.0169,0.843859,0.642706,0,0.192,5,5,FALSE,FALSE,FALSE
"GENE0775","GENE0775_HUMAN","P23459","Protein GENE0775",-2.0336,0.1538,0.033334,0.8274,1.4771,5,4,FALSE,FALSE,TRUE
"GENE2459","GENE2459_HUMAN","P30670","Protein GENE2459",0.7087,0.498239,0.416863,0,0.38,3,2,FALSE,FALSE,FALSE
"GENE0698","GENE0698_HUMAN","P76569","Protein GENE0698",-0.489,1,0.427968,0,0.3686,3,6,FALSE,FALSE,FALSE
"GENE2861","GENE2861_HUMAN","P12118","Protein GENE2861",-0.1692,0.814132,0.17587,0.4729,0.7548,3,3,FALSE,FALSE,FALSE
"GENE0306","GENE0306_HUMAN","P18834","Protein GENE0306",0.4743,0.581458,0.125985,0.7995,0.8997,4,5,FALSE,FALSE,FALSE
"GENE2220","GENE2220_HUMAN","P29092","Protein GENE2220",-0.3294,0.511203,0.313485,0.1564,0.5038,3,4,FALSE,FALSE,FALSE
"GENE0192","GENE0192_HUMAN","P98033","Protein GENE0192",-1.8611,0.063264,0.041956,1.156,1.3772,4,6,TRUE,FALSE,TRUE
"GENE0630","GENE0630_HUMAN","P35530","Protein GENE0630",0.3024,0.522602,0.25614,0.0277,0.5915,6,4,FALSE,FALSE,FALSE
"GENE1941","GENE1941_HUMAN","P18575","Protein GENE1941",0.6671,1,0.71142,0,0.1479,4,6,FALSE,FALSE,FALSE
"GENE1711","GENE1711_HUMAN","P38108","Protein GENE1711",0.1159,1,0.90003,0,0.0457,5,3,FALSE,FALSE,FALSE
"GENE0612","GENE0612_HUMAN","P95037","Protein GENE0612",-3.905,0.137651,0.040283,0.9468,1.3949,3,2,FALSE,TRUE,TRUE
"GENE0437","GENE0437_HUMAN","P90674","Protein GENE0437",-0.2343,1,0.829438,0,0.0812,6,2,FALSE,TRUE,FALSE
"GENE2607","GENE2607_HUMAN","P95255","Protein GENE2607",0.1756,0.768657,0.329756,0.2101,0.4818,5,3,FALSE,FALSE,FALSE
"GENE0157","GENE0157_HUMAN","P39239","Protein GENE0157",0.6405,1,0.526491,0,0.2786,3,6,FALSE,FALSE,FALSE
"GENE1466","GENE1466_HUMAN","P93550","Protein GENE1466",-0.355,1,0.810586,0,0.0912,2,2,FALSE,FALSE,FALSE
"GENE0610","GENE0610_HUMAN","P41876","Protein GENE0610",4.0824,0.071124,0.030053,0.8313,1.5221,6,3,FALSE,FALSE,TRUE
"GENE2503","GENE2503_HUMAN","P13071","Protein GENE2503",2.0656,0.154365,0.048923,1.0931,1.3105,5,5,FALSE,FALSE,TRUE
"GENE0515","GENE0515_HUMAN","P85687","Protein GENE0515",0.3165,1,0.311136,0.2088,0.507,3,6,FALSE,FALSE,FALSE
"GENE2322","GENE2322_HUMAN","P49610","Protein GENE2322",0.5866,1,0.81561,0,0.0885,4,2,FALSE,FALSE,FALSE
"GENE0720","GENE0720_HUMAN","P47717","Protein GENE0720",3.8066,0.175,0.040488,0.8542,1.3927,2,4,FALSE,FALSE,TRUE
"GENE1851","GENE1851_HUMAN","P99262","Protein GENE1851",0.5946,0.225057,0.194108,0.1935,0.712,2,5,FALSE,FALSE,FALSE
"GENE1294","GENE1294_HUMAN","P13302","Protein GENE1294",0.2627,0.175256,0.097924,1.0086,1.0091,3,3,FALSE,FALSE,FALSE
"GENE0277","GENE0277_HUMAN","P55569","Protein GENE0277",0.6461,1,0.83776,0.0628,0.0769,4,3,FALSE,FALSE,FALSE
"GENE1692","GENE1692_HUMAN","P70039","Protein GENE1692",0.1279,0.642729,0.221803,0,0.654,2,2,FALSE,FALSE,FALSE
"NEK6","NEK6_HUMAN","P78475","Protein NEK6",3.3147,0.024171,0.009118,1.7325,2.0401,6,4,FALSE,FALSE,TRUE
"GENE0079","GENE0079_HUMAN","P31209","Protein GENE0079",-0.2572,1,0.262164,0.4301,0.5814,6,4,FALSE,FALSE,FALSE
"GENE0721","GENE0721_HUMAN","P38583","Protein GENE0721",0.367,0.787635,0.495226,0,0.3052,5,4,FALSE,FALSE,FALSE
"GENE2309","GENE2309_HUMAN","P23964","Protein GENE2309",0.1063,0.819854,0.587968,0,0.2306,3,6,FALSE,FALSE,FALSE
"GENE1119","GENE1119_HUMAN","P23030","Protein GENE1119",3.433,0.002129,0.00046,2.8135,3.337,2,4,FALSE,FALSE,TRUE
"GENE0980","GENE0980_HUMAN","P71701","Protein GENE0980",-0.097,1,0.696132,0.0827,0.1573,5,6,FALSE,FALSE,FALSE
"GENE0254","GENE0254_HUMAN","P10823","Protein GENE0254",0.328,0.896687,0.237058,0.1976,0.6251,5,6,FALSE,TRUE,FALSE
"GENE1593","GENE1593_HUMAN","P01156","Protein GENE1593",0.1838,1,0.901573,0.0344,0.045,2,4,FALSE,FALSE,FALSE
"GENE1791","GENE1791_HUMAN","P23213","Protein GENE1791",0.8381,0.651897,0.166925,0.2978,0.7775,3,5,FALSE,FALSE,FALSE
"GENE2640","GENE2640_HUMAN","P29409","Protein GENE2640",0.0445,0.214664,0.088532,0.8709,1.0529,2,4,FALSE,FALSE,FALSE
"GENE0845","GENE0845_HUMAN","P00503","Protein GENE0845",-0.2126,1,0.755995,0.0999,0.1215,2,6,FALSE,FALSE,FALSE
"GENE1979","GENE1979_HUMAN","P33307","Protein GENE1979",-1.4417,0.104088,0.024526,1.0048,1.6104,3,2,FALSE,FALSE,TRUE
"GENE2286","GENE2286_HUMAN","P96394","Protein GENE2286",0.3228,0.464633,0.130026,0.7747,0.886,3,5,FALSE,FALSE,FALSE
"WNK1","WNK1_HUMAN","P66066","Protein WNK1",2.4698,0.007742,0.003179,2.1527,2.4977,6,4,FALSE,FALSE,TRUE
"GENE1998","GENE1998_HUMAN","P67852","Protein GENE1998",0.7468,0.007382,0.002049,2.6785,2.6885,2,5,FALSE,FALSE,TRUE
"GENE0462","GENE0462_HUMAN","P20907","Protein GENE0462",0.1897,1,0.740771,0,0.1303,3,3,FALSE,FALSE,FALSE
"GENE0996","GENE0996_HUMAN","P22382","Protein GENE0996",-0.1883,0.568995,0.422263,0,0.3744,2,5,FALSE,FALSE,FALSE
"GENE1983","GENE1983_HUMAN","P15524","Protein GENE1983",2.4177,0.104895,0.034497,0.8716,1.4622,5,6,FALSE,FALSE,TRUE
"GENE1023","GENE1023_HUMAN","P60245","Protein GENE1023",0.4524,0.790541,0.383551,0,0.4162,2,6,FALSE,FALSE,FALSE
"GENE0302","GENE0302_HUMAN","P57309","Protein GENE0302",0.1617,0.846445,0.662198,0,0.179,2,6,FALSE,FALSE,FALSE
"GENE1394","GENE1394_HUMAN","P87648","Protein GENE1394",1.3683,0.120555,0.048183,1.0974,1.3171,3,6,FALSE,FALSE,TRUE
"GENE0971","GENE0971_HUMAN","P24733","Protein GENE0971",-0.3983,0.688756,0.375171,0,0.4258,3,4,FALSE,FALSE,FALSE
"GENE1835","GENE1835_HUMAN","P37523","Protein GENE1835",1.1225,0.042872,0.013289,1.6381,1.8765,6,3,FALSE,FALSE,TRUE
"GENE0558","GENE0558_HUMAN","P70492","Protein GENE0558",-0.5391,0.658249,0.453791,0,0.3431,3,5,TRUE,FALSE,FALSE
"GENE2716","GENE2716_HUMAN","P47456","Protein GENE2716",0.0453,0.937623,0.354981,0,0.4498,3,2,FALSE,FALSE,FALSE
"GENE1628","GENE1628_HUMAN","P70751","Protein GENE1628",-0.0097,1,0.394908,0.1747,0.4035,6,6,FALSE,FALSE,FALSE
"GENE2764","GENE2764_HUMAN","P39589","Protein GENE2764",0.2202,1,0.611784,0,0.2134,4,6,FALSE,FALSE,FALSE
"GENE0771","GENE0771_HUMAN","P13572","Protein GENE0771",0.596,1,0.728044,0,0.1378,6,4,FALSE,FALSE,FALSE
"GENE0151","GENE0151_HUMAN","P60550","Protein GENE0151",0.0134,1,0.520858,0,0.2833,6,5,FALSE,FALSE,FALSE
"GENE1333","GENE1333_HUMAN","P82957","Protein GENE1333",-0.0428,0.808058,0.36629,0,0.4362,5,6,FALSE,FALSE,FALSE
"GENE1191","GENE1191_HUMAN","P11870","Protein GENE1191",0.0493,1,0.684868,0,0.1644,3,2,FALSE,FALSE,FALSE
"GENE2575","GENE2575_HUMAN","P27948","Protein GENE2575",0.066,0.276819,0.069775,0.6885,1.1563,6,3,FALSE,FALSE,FALSE
"GENE0648","GENE0648_HUMAN","P36263","Protein GENE0648",0.3925,1,0.628198,0,0.2019,4,6,FALSE,FALSE,FALSE
"GENE2366","GENE2366_HUMAN","P86330","Protein GENE2366",0.4394,0.992187,0.793212,0,0.1006,3,4,FALSE,FALSE,FALSE
"GENE2185","GENE2185_HUMAN","P48619","Protein GENE2185",-0.1427,1,0.462528,0,0.3349,3,3,TRUE,FALSE,FALSE
"GENE0618","GENE0618_HUMAN","P50849","Protein GENE0618",2.9988,0.064965,0.023706,1.129,1.6252,4,5,TRUE,TRUE,TRUE
"GENE1094","GENE1094_HUMAN","P88502","Protein GENE1094",-0.3436,0.756343,0.444748,0.0468,0.3519,5,6,TRUE,FALSE,FALSE
"GENE1860","GENE1860_HUMAN","P26176","Protein GENE1860",-0.0456,0.246356,0.070196,1.0135,1.1537,5,4,FALSE,FALSE,FALSE
"GENE2502","GENE2502_HUMAN","P47937","Protein GENE2502",-0.3835,1,0.359486,0.1418,0.4443,2,3,FALSE,FALSE,FALSE
"GENE0334","GENE0334_HUMAN","P73290","Protein GENE0334",0.216,0.785649,0.410879,0.0531,0.3863,5,6,FALSE,FALSE,FALSE
"GENE0009","GENE0009_HUMAN","P11284","Protein GENE0009",0.149,1,0.618423,0,0.2087,3,4,FALSE,FALSE,FALSE
"GENE2308","GENE2308_HUMAN","P69121","Protein GENE2308",-0.7644,1,0.946702,0,0.0238,5,5,FALSE,FALSE,FALSE
"GENE0961","GENE0961_HUMAN","P39857","Protein GENE0961",-2.5253,0.095023,0.048913,0.679,1.3106,3,3,FALSE,FALSE,TRUE
"GENE1545","GENE1545_HUMAN","P88051","Protein GENE1545",0.858,0.684419,0.516014,0,0.2873,2,5,FALSE,FALSE,FALSE
"GENE0364","GENE0364_HUMAN","P98408","Protein GENE0364",2.4137,0.085671,0.020876,1.1508,1.6804,3,5,FALSE,FALSE,TRUE
"GENE1722","GENE1722_HUMAN","P50097","Protein GENE1722",-1.0813,0.051942,0.03116,1.1011,1.5064,4,2,TRUE,FALSE,TRUE
"GENE2817","GENE2817_HUMAN","P14387","Protein GENE2817",0.265,1,0.96039,0,0.0176,6,3,FALSE,FALSE,FALSE
"GENE1601","GENE1601_HUMAN","P42649","Protein GENE1601",-0.2141,0.109534,0.084344,0.634,1.0739,6,3,FALSE,FALSE,FALSE
"GENE2283","GENE2283_HUMAN","P73091","Protein GENE2283",0.2318,1,0.815096,0,0.0888,6,4,FALSE,FALSE,FALSE
"GENE1762","GENE1762_HUMAN","P70390","Protein GENE1762",3.2211,0.173052,0.043727,0.6682,1.3593,2,6,FALSE,FALSE,TRUE
"GENE1953","GENE1953_HUMAN","P11726","Protein GENE1953",-0.2084,1,0.595971,0,0.2248,5,5,FALSE,FALSE,FALSE
"GENE2619","GENE2619_HUMAN","P40120","Protein GENE2619",-0.6952,1,0.483332,0,0.3158,5,3,FALSE,FALSE,FALSE
"GENE0180","GENE0180_HUMAN","P71220","Protein GENE0180",0.632,1,0.818963,0,0.0867,3,5,FALSE,FALSE,FALSE
"GENE2416","GENE2416_HUMAN","P34050","Protein GENE2416",-1.0263,0.130921,0.036711,0.8098,1.4352,2,4,FALSE,FALSE,TRUE
"GENE2730","GENE2730_HUMAN","P56698","Protein GENE2730",0.2102,0.563498,0.194136,0.0193,0.7119,2,4,FALSE,TRUE,FALSE
"GENE1207","GENE1207_HUMAN","P56939","Protein GENE1207",0.482,1,0.76791,0.0697,0.1147,2,3,FALSE,FALSE,FALSE
"GENE2226","GENE2226_HUMAN","P72909","Protein GENE2226",-0.4252,1,0.929741,0,0.0316,4,2,FALSE,FALSE,FALSE
"GENE0885","GENE0885_HUMAN","P37310","Protein GENE0885",0.8236,0.005314,0.001525,2.1288,2.8167,3,5,TRUE,TRUE,TRUE
"GENE0023","GENE0023_HUMAN","P46453","Protein GENE0023",-4.0887,0.152564,0.03712,1.1961,1.4304,4,3,FALSE,FALSE,TRUE
"GENE1366","GENE1366_HUMAN","P62675","Protein GENE1366",3.7016,0.094509,0.030671,1.086,1.5133,5,6,FALSE,TRUE,TRUE
"GENE1840","GENE1840_HUMAN","P69334","Protein GENE1840",-4.0247,0.17223,0.040548,0.7271,1.392,3,4,FALSE,FALSE,TRUE
"GENE1481","GENE1481_HUMAN","P39464","Protein GENE1481",-0.374,0.428261,0.21814,0.077,0.6613,4,5,FALSE,FALSE,FALSE
"GENE1971","GENE1971_HUMAN","P48259","Protein GENE1971",0.0566,0.942312,0.493766,0,0.3065,5,4,FALSE,TRUE,FALSE
"GENE2792","GENE2792_HUMAN","P26967","Protein GENE2792",-0.269,0.7844,0.15835,0.3982,0.8004,6,2,FALSE,FALSE,FALSE
"GENE2561","GENE2561_HUMAN","P02069","Protein GENE2561",0.4119,1,0.517505,0,0.2861,6,4,FALSE,FALSE,FALSE
"GENE1182","GENE1182_HUMAN","P89518","Protein GENE1182",-0.573,1,0.976928,0,0.0101,6,6,FALSE,TRUE,FALSE
"GENE2334","GENE2334_HUMAN","P17902","Protein GENE2334",0.4509,1,0.804993,0,0.0942,2,3,FALSE,FALSE,FALSE
"GENE0671","GENE0671_HUMAN","P57831","Protein GENE0671",2.5558,0.011834,0.00803,1.6374,2.0953,5,4,TRUE,FALSE,TRUE
"GENE0622","GENE0622_HUMAN","P12662","Protein GENE0622",-0.4824,0.224705,0.139691,0.5532,0.8548,5,4,FALSE,FALSE,FALSE
"GENE0521","GENE0521_HUMAN","P25112","Protein GENE0521",0.4591,1,0.517999,0,0.2857,5,5,FALSE,FALSE,FALSE
"GENE2007","GENE2007_HUMAN","P36670","Protein GENE2007",-0.0555,1,0.787791,0.0484,0.1036,6,4,FALSE,FALSE,FALSE
"GENE2324","GENE2324_HUMAN","P13308","Protein GENE2324",-1.597,0.078579,0.017042,1.7471,1.7685,6,2,FALSE,FALSE,TRUE
"GENE0294","GENE0294_HUMAN","P47652","Protein GENE0294",0.1008,1,0.753497,0,0.1229,6,6,FALSE,FALSE,FALSE
"GENE2458","GENE2458_HUMAN","P52818","Protein GENE2458",0.5443,1,0.52434,0,0.2804,3,2,TRUE,FALSE,FALSE
"GENE1651","GENE1651_HUMAN","P92435","Protein GENE1651",0.0198,0.493069,0.12886,0.3824,0.8899,4,6,FALSE,FALSE,FALSE
"DDX3","DDX3_HUMAN","P26509","Protein DDX3",-0.4353,1,0.769694,0,0.1137,5,2,FALSE,TRUE,FALSE
"GENE2557","GENE2557_HUMAN","P13278","Protein GENE2557",-0.1898,1,0.944978,0,0.0246,3,5,FALSE,FALSE,FALSE
"GENE1217","GENE1217_HUMAN","P10450","Protein GENE1217",-0.3533,1,0.88198,0,0.0545,4,4,FALSE,FALSE,FALSE
"GENE2517","GENE2517_HUMAN","P22776","Protein GENE2517",0.6509,1,0.635464,0,0.1969,3,6,FALSE,FALSE,FALSE
"GENE0255","GENE0255_HUMAN","P69014","Protein GENE0255",-0.0069,1,0.648188,0,0.1883,6,5,FALSE,FALSE,FALSE
"GENE2566","GENE2566_HUMAN","P76459","Protein GENE2566",0.0994,0.630864,0.407602,0.0373,0.3898,2,3,FALSE,FALSE,FALSE
"GENE2048","GENE2048_HUMAN","P93350","Protein GENE2048",-0.413,1,0.705411,0,0.1516,5,5,FALSE,FALSE,FALSE
"GENE1202","GENE1202_HUMAN","P38580","Protein GENE1202",0.5431,0.11337,0.032531,1.2408,1.4877,4,6,FALSE,FALSE,TRUE
"GENE0825","GENE0825_HUMAN","P33620","Protein GENE0825",-0.3244,1,0.319347,0.1265,0.4957,5,3,FALSE,FALSE,FALSE
"GENE2052","GENE2052_HUMAN","P45334","Protein GENE2052",-0.2307,0.316377,0.081833,0.3966,1.0871,4,2,FALSE,FALSE,FALSE
"GENE1978","GENE1978_HUMAN","P83919","Protein GENE1978",0.0672,1,0.767204,0,0.1151,2,4,FALSE,FALSE,FALSE
"GENE1035","GENE1035_HUMAN","P03720","Protein GENE1035",-0.4684,1,0.500355,0,0.3007,3,5,FALSE,FALSE,FALSE
"GENE1855","GENE1855_HUMAN","P66851","Protein GENE1855",-1.0283,1,0.460718,0,0.3366,6,5,FALSE,TRUE,FALSE
"GENE1876","GENE1876_HUMAN","P78026","Protein GENE1876",-1.5161,0.078726,0.033456,0.9095,1.4755,2,2,FALSE,FALSE,TRUE
"GENE0816","GENE0816_HUMAN","P79523","Protein GENE0816",-0.3959,1,0.377333,0,0.4233,5,5,FALSE,FALSE,FALSE
"GENE2646","GENE2646_HUMAN","P89554","Protein GENE2646",0.2128,1,0.973318,0,0.0117,2,2,FALSE,FALSE,FALSE
"GENE1158","GENE1158_HUMAN","P55444","Protein GENE1158",0.03,0.39939,0.182585,0.3467,0.7385,5,6,FALSE,FALSE,FALSE
"GENE2439","GENE2439_HUMAN","P03628","Protein GENE2439",0.138,0.586611,0.391162,0.4065,0.4076,6,3,FALSE,TRUE,FALSE
"GENE2564","GENE2564_HUMAN","P00015","Protein GENE2564",-0.0571,0.989173,0.201919,0.2655,0.6948,6,5,FALSE,FALSE,FALSE
"GENE2891","GENE2891_HUMAN","P33509","Protein GENE2891",0.5319,0.26959,0.088656,0.4568,1.0523,5,4,FALSE,FALSE,FALSE
"GENE0532","GENE0532_HUMAN","P31734","Protein GENE0532",-0.179,0.212625,0.202819,0.4648,0.6929,6,5,FALSE,FALSE,FALSE
"GENE0607","GENE0607_HUMAN","P69890","Protein GENE0607",-0.0258,0.369952,0.129521,0.4713,0.8877,4,5,FALSE,FALSE,FALSE
"GENE2086","GENE2086_HUMAN","P91974","Protein GENE2086",-0.1528,0.799231,0.186971,0.1405,0.7282,2,2,FALSE,FALSE,FALSE
"GENE0746","GENE0746_HUMAN","P72810","Protein GENE0746",0.6183,1,0.912062,0,0.04,2,5,TRUE,FALSE,FALSE
"GENE2004","GENE2004_HUMAN","P02780","Protein GENE2004",0.7242,1,0.62369,0,0.205,6,2,FALSE,FALSE,FALSE
"GENE1358","GENE1358_HUMAN","P17909","Protein GENE1358",3.8104,0.056325,0.034811,0.7761,1.4583,3,6,TRUE,FALSE,TRUE
"GENE2285","GENE2285_HUMAN","P78021","Protein GENE2285",-0.7341,1,0.862997,0,0.064,3,2,FALSE,FALSE,FALSE
"GENE1222","GENE1222_HUMAN","P56874","Protein GENE1222",0.6707,1,0.35343,0.1948,0.4517,5,6,TRUE,FALSE,FALSE
"GENE2787","GENE2787_HUMAN","P92565","Protein GENE2787",0.145,1,0.547654,0,0.2615,4,5,FALSE,TRUE,FALSE
"GENE2289","GENE2289_HUMAN","P78903","Protein GENE2289",-0.2491,1,0.850313,0,0.0704,6,2,FALSE,FALSE,FALSE
"GENE0435","GENE0435_HUMAN","P80862","Protein GENE0435",0.2495,1,0.356448,0,0.448,5,2,FALSE,FALSE,FALSE
"GENE2565","GENE2565_HUMAN","P19324","Protein GENE2565",-1.0369,1,0.91988,0,0.0363,6,2,FALSE,FALSE,FALSE
"GENE1384","GENE1384_HUMAN","P81299","Protein GENE1384",0.2486,1,0.898203,0,0.0466,4,6,FALSE,TRUE,FALSE
"GENE1839","GENE1839_HUMAN","P24562","Protein GENE1839",0.1865,1,0.891809,0,0.0497,3,6,FALSE,FALSE,FALSE
"GENE2182","GENE2182_HUMAN","P51138","Protein GENE2182",0.226,1,0.72053,0,0.1423,4,2,TRUE,FALSE,FALSE
"GENE1947","GENE1947_HUMAN","P51892","Protein GENE1947",-3.582,0.033867,0.00806,1.5079,2.0937,5,3,FALSE,FALSE,TRUE
"GENE2040","GENE2040_HUMAN","P30400","Protein GENE2040",-0.0493,1,0.350764,0.3303,0.455,3,3,FALSE,FALSE,FALSE
"GENE0193","GENE0193_HUMAN","P25325","Protein GENE0193",0.2069,1,0.625237,0,0.204,2,4,FALSE,FALSE,FALSE
"GENE0935","GENE0935_HUMAN","P43016","Protein GENE0935",-0.4185,1,0.77267,0,0.112,6,3,FALSE,FALSE,FALSE
"GENE2375","GENE2375_HUMAN","P27848","Protein GENE2375",2.9616,0.045048,0.040297,0.7766,1.3947,3,3,FALSE,FALSE,TRUE
"GENE2473","GENE2473_HUMAN","P87471","Protein GENE2473",-0.4023,1,0.802829,0,0.0954,4,5,FALSE,FALSE,FALSE
"GENE2326","GENE2326_HUMAN","P26066","Protein GENE2326",-0.0811,1,0.734091,0,0.1343,6,4,FALSE,FALSE,FALSE
"GENE1538","GENE1538_HUMAN","P11015","Protein GENE1538",-0.1668,1,0.611902,0,0.2133,5,5,FALSE,FALSE,FALSE
"GENE1404","GENE1404_HUMAN","P57923","Protein GENE1404",0.0444,0.648445,0.424488,0.031,0.3721,2,5,FALSE,FALSE,FALSE
"GENE1489","GENE1489_HUMAN","P39507","Protein GENE1489",-0.6972,0.080849,0.018999,1.5709,1.7213,5,5,FALSE,FALSE,TRUE
"GENE1734","GENE1734_HUMAN","P80644","Protein GENE1734",-0.559,1,0.896798,0,0.0473,2,2,FALSE,FALSE,FALSE
"GENE1039","GENE1039_HUMAN","P58742","Protein GENE1039",-0.4658,0.956431,0.362906,0,0.4402,4,6,FALSE,FALSE,FALSE
"GENE2402","GENE2402_HUMAN","P67730","Protein GENE2402",-0.0131,0.883634,0.516964,0,0.2865,5,4,FALSE,FALSE,FALSE
"GENE1792","GENE1792_HUMAN","P48275","Protein GENE1792",0.0592,1,0.284039,0.2387,0.5466,6,3,FALSE,TRUE,FALSE
"GENE2669","GENE2669_HUMAN","P34423","Protein GENE2669",-0.2845,1,0.819252,0,0.0866,2,6,FALSE,FALSE,FALSE
"GENE1496","GENE1496_HUMAN","P42174","Protein GENE1496",-0.7915,1,0.962144,0,0.0168,4,5,FALSE,FALSE,FALSE
"GENE1458","GENE1458_HUMAN","P10628","Protein GENE1458",-0.7923,1,0.538259,0.2669,0.269,2,6,FALSE,FALSE,FALSE
"GENE0107","GENE0107_HUMAN","P64167","Protein GENE0107",0.5779,0.881177,0.411585,0,0.3855,3,6,FALSE,FALSE,FALSE
"GENE2509","GENE2509_HUMAN","P03460","Protein GENE2509",0.4367,1,0.556396,0,0.2546,2,2,FALSE,FALSE,FALSE
"GENE0530","GENE0530_HUMAN","P28177","Protein GENE0530",0.6543,1,0.963624,0,0.0161,5,2,FALSE,FALSE,FALSE
"GENE1717","GENE1717_HUMAN","P62630","Protein GENE1717",0.2573,1,0.795689,0,0.0993,6,5,FALSE,FALSE,FALSE
"GENE2881","GENE2881_HUMAN","P09740","Protein GENE2881",0.0111,1,0.796863,0,0.0986,3,5,FALSE,FALSE,FALSE
"GENE1162","GENE1162_HUMAN","P18461","Protein GENE1162",-0.2606,1,0.53874,0,0.2686,6,5,FALSE,FALSE,FALSE
"GENE2609","GENE2609_HUMAN","P69271","Protein GENE2609",-0.0598,0.565561,0.237803,0.0641,0.6238,3,4,FALSE,FALSE,FALSE
"GENE1060","GENE1060_HUMAN","P57583","Protein GENE1060",0.1467,0.750666,0.156447,0.12,0.8056,2,2,FALSE,FALSE,FALSE
"GENE1636","GENE1636_HUMAN","P65898","Protein GENE1636",0.2072,1,0.967079,0,0.0145,2,4,FALSE,FALSE,FALSE
"GENE1721","GENE1721_HUMAN","P08408","Protein GENE1721",0.1392,0.479919,0.105052,0.2859,0.9786,5,2,FALSE,FALSE,FALSE
"GENE1768","GENE1768_HUMAN","P89453","Protein GENE1768",-0.1093,1,0.508142,0.2022,0.294,2,4,TRUE,FALSE,FALSE
"GENE0111","GENE0111_HUMAN","P53909","Protein GENE0111",0.0961,0.426918,0.241607,0.0416,0.6169,2,4,FALSE,FALSE,FALSE
"GENE0774","GENE0774_HUMAN","P97832","Protein GENE0774",-0.2718,1,0.505402,0,0.2964,4,5,FALSE,FALSE,FALSE
"GENE2342","GENE2342_HUMAN","P63934","Protein GENE2342",-0.1045,1,0.85831,0,0.0664,3,5,FALSE,FALSE,FALSE
"GENE2345","GENE2345_HUMAN","P18326","Protein GENE2345",-0.0238,0.302871,0.079538,0.6325,1.0994,5,2,FALSE,FALSE,FALSE
"GENE0454","GENE0454_HUMAN","P65779","Protein GENE0454",-0.4597,0.510465,0.270712,0,0.5675,4,4,FALSE,FALSE,FALSE
"GENE0690","GENE0690_HUMAN","P22041","Protein GENE0690",-0.148,1,0.515094,0.1657,0.2881,2,2,FALSE,FALSE,FALSE
"GENE2465","GENE2465_HUMAN","P70557","Protein GENE2465",-0.7616,0.623649,0.141053,0.5471,0.8506,3,4,FALSE,FALSE,FALSE
"GENE2049","GENE2049_HUMAN","P43861","Protein GENE2049",-0.5378,0.719424,0.401295,0.1341,0.3965,3,3,FALSE,FALSE,FALSE
"GENE1241","GENE1241_HUMAN","P00956","Protein GENE1241",0.75,1,0.831921,0,0.0799,6,5,FALSE,FALSE,FALSE
"DDX41","DDX41_HUMAN","P10415","Protein DDX41",0.3971,1,0.461024,0,0.3363,2,5,FALSE,FALSE,FALSE
"GENE0141","GENE0141_HUMAN","P13920","Protein GENE0141",-0.0803,0.443744,0.302449,0.0366,0.5193,2,5,TRUE,FALSE,FALSE
"GENE1904","GENE1904_HUMAN","P46032","Protein GENE1904",0.2969,1,0.253217,0.4316,0.5965,5,2,TRUE,FALSE,FALSE
"GENE1078","GENE1078_HUMAN","P96592","Protein GENE1078",0.3586,1,0.329517,0.0568,0.4821,2,6,FALSE,TRUE,FALSE
"GENE1731","GENE1731_HUMAN","P64000","Protein GENE1731",0.0955,0.445206,0.204853,0.3052,0.6886,4,2,FALSE,FALSE,FALSE
"GENE1960","GENE1960_HUMAN","P01616","Protein GENE1960",-0.6927,1,0.907173,0,0.0423,6,3,FALSE,FALSE,FALSE
"GENE0819","GENE0819_HUMAN","P29016","Protein GENE0819",-0.4734,0.688079,0.425527,0.064,0.3711,3,3,FALSE,TRUE,FALSE
"GENE1081","GENE1081_HUMAN","P47466","Protein GENE1081",-0.204,1,0.967266,0,0.0145,6,4,FALSE,FALSE,FALSE
"GENE2687","GENE2687_HUMAN","P47001","Protein GENE2687",1.5752,0.162186,0.033402,1.0492,1.4762,4,4,FALSE,FALSE,TRUE
"GENE0773","GENE0773_HUMAN","P00646","Protein GENE0773",3.1882,0.070263,0.042213,0.8188,1.3746,5,5,FALSE,FALSE,TRUE
"GENE2610","GENE2610_HUMAN","P00133","Protein GENE2610",1.4462,0.102194,0.034383,0.7993,1.4637,4,2,FALSE,FALSE,TRUE
"GENE0906","GENE0906_HUMAN","P94670","Protein GENE0906",2.9634,0.132388,0.028945,1.0305,1.5384,4,6,FALSE,FALSE,TRUE
"GENE2173","GENE2173_HUMAN","P97745","Protein GENE2173",0.1973,1,0.773023,0,0.1118,2,5,FALSE,FALSE,FALSE
"GENE1391","GENE1391_HUMAN","P03082","Protein GENE1391",0.2764,1,0.771362,0,0.1127,4,6,FALSE,FALSE,FALSE
"GENE0339","GENE0339_HUMAN","P23859","Protein GENE0339",0.2887,1,0.54272,0,0.2654,3,5,FALSE,FALSE,FALSE
"GENE0847","GENE0847_HUMAN","P87009","Protein GENE0847",-3.6375,0.154212,0.031158,1.4449,1.5064,4,4,FALSE,FALSE,TRUE
"GENE2072","GENE2072_HUMAN","P11813","Protein GENE2072",-0.3174,1,0.495702,0.0457,0.3048,2,4,FALSE,FALSE,FALSE
"GENE2099","GENE2099_HUMAN","P04192","Protein GENE2099",-0.3382,1,0.396692,0.0527,0.4015,3,5,FALSE,FALSE,FALSE
"GENE2829","GENE2829_HUMAN","P55877","Protein GENE2829",-0.235,1,0.601757,0,0.2206,4,6,FALSE,FALSE,FALSE
"GENE2277","GENE2277_HUMAN","P74610","Protein GENE2277",0.4718,0.497264,0.122457,0.3654,0.912,6,4,FALSE,FALSE,FALSE
"GENE1469","GENE1469_HUMAN","P83808","Protein GENE1469",-0.015,1,0.873471,0,0.0588,3,2,FALSE,FALSE,FALSE
"GENE2123","GENE2123_HUMAN","P17540","Protein GENE2123",0.0554,1,0.709488,0,0.1491,4,2,FALSE,FALSE,FALSE
"GENE2060","GENE2060_HUMAN","P30239","Protein GENE2060",-0.2195,1,0.769086,0,0.114,6,5,FALSE,FALSE,FALSE
"GENE0859","GENE0859_HUMAN","P95230","Protein GENE0859",0.132,0.373539,0.178243,0.4712,0.749,6,5,FALSE,FALSE,FALSE
"GENE0634","GENE0634_HUMAN","P69003","Protein GENE0634",0.4701,0.596801,0.505176,0,0.2966,3,4,FALSE,FALSE,FALSE
"GENE1996","GENE1996_HUMAN","P48077","Protein GENE1996",0.3136,1,0.802211,0,0.0957,5,5,FALSE,FALSE,FALSE
"GENE0628","GENE0628_HUMAN","P46219","Protein GENE0628",2.984,0.111744,0.030911,1.4414,1.5099,6,5,FALSE,FALSE,TRUE
"GENE1602","GENE1602_HUMAN","P77739","Protein GENE1602",-0.3466,1,0.508204,0,0.294,4,3,FALSE,FALSE,FALSE
"GENE2263","GENE2263_HUMAN","P65450","Protein GENE2263",-1.6594,0.118995,0.044473,1.0442,1.3519,3,5,FALSE,FALSE,TRUE
"GENE0182","GENE0182_HUMAN","P60068","Protein GENE0182",2.156,0.105111,0.025395,1.2783,1.5952,3,5,FALSE,FALSE,TRUE
"GENE1488","GENE1488_HUMAN","P90953","Protein GENE1488",-0.5831,0.567826,0.478919,0,0.3197,4,3,FALSE,FALSE,FALSE
"GENE2769","GENE2769_HUMAN","P63142","Protein GENE2769",-0.2062,1,0.86442,0,0.0633,5,3,FALSE,TRUE,FALSE
"GENE2658","GENE2658_HUMAN","P90691","Protein GENE2658",-2.6168,0.049534,0.022011,1.4209,1.6574,3,3,FALSE,FALSE,TRUE
"GENE0770","GENE0770_HUMAN","P77627","Protein GENE0770",-0.4576,0.221091,0.102002,0.3065,0.9914,3,2,FALSE,FALSE,FALSE
"GENE1413","GENE1413_HUMAN","P31583","Protein GENE1413",-4.2935,0.217162,0.045335,0.7809,1.3436,6,5,FALSE,FALSE,TRUE
"GENE0644","GENE0644_HUMAN","P81706","Protein GENE0644",-0.4561,1,0.803048,0,0.0953,6,3,FALSE,FALSE,FALSE
"GENE2386","GENE2386_HUMAN","P40222","Protein GENE2386",-0.7147,0.081487,0.031291,0.8231,1.5046,3,2,FALSE,FALSE,TRUE
"GENE0810","GENE0810_HUMAN","P20723","Protein GENE0810",-3.0515,0.059192,0.02992,0.8389,1.524,2,2,FALSE,FALSE,TRUE
"GENE1739","GENE1739_HUMAN","P56179","Protein GENE1739",-0.1213,1,0.672357,0,0.1724,6,5,FALSE,FALSE,FALSE
"GENE0406","GENE0406_HUMAN","P02432","Protein GENE0406",-0.1103,1,0.997898,0,9e-04,5,4,FALSE,FALSE,FALSE
"GENE2878","GENE2878_HUMAN","P37969","Protein GENE2878",0.6691,1,0.928702,0,0.0321,6,2,FALSE,FALSE,FALSE
"GENE1533","GENE1533_HUMAN","P09613","Protein GENE1533",4.0442,0.010627,0.00257,1.9428,2.59,6,2,FALSE,FALSE,TRUE
"GENE2057","GENE2057_HUMAN","P61913","Protein GENE2057",2.5722,0.034508,0.032501,0.8648,1.4881,2,5,FALSE,FALSE,TRUE
"GENE0826","GENE0826_HUMAN","P20730","Protein GENE0826",-0.5737,1,0.548689,0,0.2607,2,3,FALSE,FALSE,FALSE
"GENE1877","GENE1877_HUMAN","P91075","Protein GENE1877",3.7303,0.032024,0.006426,1.8335,2.1921,4,5,FALSE,FALSE,TRUE
"GENE0865","GENE0865_HUMAN","P54688","Protein GENE0865",-0.1087,1,0.728822,0,0.1374,4,6,FALSE,FALSE,FALSE
"GENE2724","GENE2724_HUMAN","P17542","Protein GENE2724",0.3386,1,0.771187,0.1115,0.1128,3,2,FALSE,FALSE,FALSE
"GENE0682","GENE0682_HUMAN","P38972","Protein GENE0682",0.2417,1,0.690156,0,0.1611,2,5,FALSE,FALSE,FALSE
"GENE0757","GENE0757_HUMAN","P38052","Protein GENE0757",-0.3727,0.659113,0.17917,0.2852,0.7467,4,4,FALSE,FALSE,FALSE
"GENE1212","GENE1212_HUMAN","P90596","Protein GENE1212",-0.5743,0.918377,0.485148,0.2552,0.3141,5,3,FALSE,FALSE,FALSE
"GENE1726","GENE1726_HUMAN","P92017","Protein GENE1726",0.4184,1,0.539576,0,0.2679,5,4,FALSE,FALSE,FALSE
"GENE2499","GENE2499_HUMAN","P45925","Protein GENE2499",0.0147,1,0.352423,0,0.4529,4,2,FALSE,FALSE,FALSE
"GENE0327","GENE0327_HUMAN","P08564","Protein GENE0327",-0.143,0.80651,0.198341,0.4779,0.7026,4,4,FALSE,FALSE,FALSE
"GENE2650","GENE2650_HUMAN","P20359","Protein GENE2650",0.3652,0.333854,0.327302,0.1415,0.4851,4,4,FALSE,FALSE,FALSE
"GENE1107","GENE1107_HUMAN","P68462","Protein GENE1107",2.612,0.086342,0.030837,1.481,1.5109,3,5,FALSE,FALSE,TRUE
"GENE2250","GENE2250_HUMAN","P84582","Protein GENE2250",-0.2716,1,0.901857,0,0.0449,6,3,FALSE,FALSE,FALSE
"GENE1092","GENE1092_HUMAN","P36676","Protein GENE1092",0.1514,0.640785,0.138422,0.6036,0.8588,4,4,FALSE,FALSE,FALSE
"GENE0212","GENE0212_HUMAN","P43273","Protein GENE0212",0.0542,1,0.547746,0,0.2614,5,5,FALSE,FALSE,FALSE
"GENE0477","GENE0477_HUMAN","P52849","Protein GENE0477",-0.0399,1,0.719565,0,0.1429,2,3,FALSE,FALSE,FALSE
"GENE2197","GENE2197_HUMAN","P49120","Protein GENE2197",-3.3428,0.009084,0.002348,2.5914,2.6292,3,4,FALSE,FALSE,TRUE
"GENE2642","GENE2642_HUMAN","P39712","Protein GENE2642",0.0567,1,0.898559,0,0.0465,6,2,FALSE,FALSE,FALSE
"GENE0655","GENE0655_HUMAN","P02576","Protein GENE0655",0.5938,1,0.439091,0,0.3574,4,6,TRUE,FALSE,FALSE
"GENE2831","GENE2831_HUMAN","P61971","Protein GENE2831",0.4106,0.129807,0.064318,0.8847,1.1917,4,4,FALSE,FALSE,FALSE
"GENE0688","GENE0688_HUMAN","P98062","Protein GENE0688",0.476,0.707297,0.20818,0.3346,0.6816,2,3,FALSE,FALSE,FALSE
"GENE1242","GENE1242_HUMAN","P11399","Protein GENE1242",-0.4395,1,0.41498,0,0.382,4,3,FALSE,FALSE,FALSE
"GENE2381","GENE2381_HUMAN","P29263","Protein GENE2381",-0.179,1,0.316483,0,0.4997,3,5,FALSE,FALSE,FALSE
"GENE2643","GENE2643_HUMAN","P13563","Protein GENE2643",0.0734,0.961047,0.793621,0.095,0.1004,2,5,FALSE,FALSE,FALSE
"GENE1570","GENE1570_HUMAN","P04617","Protein GENE1570",-4.3142,0.158465,0.039122,0.8348,1.4076,6,4,FALSE,FALSE,TRUE
"GENE1664","GENE1664_HUMAN","P05022","Protein GENE1664",-0.3448,1,0.726427,0,0.1388,6,6,FALSE,TRUE,FALSE
"GENE1897","GENE1897_HUMAN","P47138","Protein GENE1897",-0.4349,1,0.712146,0,0.1474,4,3,TRUE,FALSE,FALSE
"GENE0347","GENE0347_HUMAN","P63042","Protein GENE0347",-0.7862,1,0.353625,0.0279,0.4515,5,5,FALSE,FALSE,FALSE
"GENE0598","GENE0598_HUMAN","P84203","Protein GENE0598",-0.0262,1,0.909034,0,0.0414,5,6,FALSE,FALSE,FALSE
"GENE1530","GENE1530_HUMAN","P04301","Protein GENE1530",0.0943,1,0.941934,0,0.026,4,6,FALSE,FALSE,FALSE
"GENE0076","GENE0076_HUMAN","P89110","Protein GENE0076",0.4484,1,0.567778,0,0.2458,5,3,FALSE,FALSE,FALSE
"GENE0864","GENE0864_HUMAN","P74399","Protein GENE0864",-0.0634,1,0.442677,0,0.3539,6,4,FALSE,FALSE,FALSE
"GENE0229","GENE0229_HUMAN","P49802","Protein GENE0229",0.2964,1,0.90876,0,0.0416,5,5,FALSE,TRUE,FALSE
"GENE0486","GENE0486_HUMAN","P28661","Protein GENE0486",0.2614,1,0.823966,0,0.0841,5,3,FALSE,FALSE,FALSE
"GENE2031","GENE2031_HUMAN","P51395","Protein GENE2031",-0.1269,1,0.248061,0.5043,0.6054,2,2,FALSE,FALSE,FALSE
"GENE1958","GENE1958_HUMAN","P42343","Protein GENE1958",0.0019,1,0.693413,0,0.159,4,2,FALSE,FALSE,FALSE
"GENE0494","GENE0494_HUMAN","P72265","Protein GENE0494",0.109,1,0.533347,0,0.273,3,3,FALSE,FALSE,FALSE
"GENE0099","GENE0099_HUMAN","P71293","Protein GENE0099",0.231,1,0.328031,0,0.4841,2,4,TRUE,FALSE,FALSE
"GENE1426","GENE1426_HUMAN","P69032","Protein GENE1426",2.9031,0.045008,0.022832,0.9958,1.6415,5,2,FALSE,FALSE,TRUE
"GENE0442","GENE0442_HUMAN","P24700","Protein GENE0442",3.0274,0.037717,0.035724,0.9134,1.447,4,5,FALSE,TRUE,TRUE
"GENE0433","GENE0433_HUMAN","P85610","Protein GENE0433",-0.4791,0.481019,0.203538,0.6782,0.6914,4,3,FALSE,FALSE,FALSE
"GENE1799","GENE1799_HUMAN","P72499","Protein GENE1799",0.4475,0.706694,0.483056,0,0.316,6,3,FALSE,FALSE,FALSE
"GENE1354","GENE1354_HUMAN","P24351","Protein GENE1354",0.2293,1,0.705779,0.0664,0.1513,4,3,FALSE,FALSE,FALSE
"GENE2251","GENE2251_HUMAN","P00198","Protein GENE2251",1.4018,0.080828,0.022121,1.0619,1.6552,2,6,FALSE,FALSE,TRUE
"GENE2894","GENE2894_HUMAN","P30024","Protein GENE2894",0.5756,1,0.647812,0,0.1886,3,4,FALSE,TRUE,FALSE
"GENE1517","GENE1517_HUMAN","P01968","Protein GENE1517",-0.0297,1,0.807867,0,0.0927,3,3,TRUE,FALSE,FALSE
"GENE2159","GENE2159_HUMAN","P21407","Protein GENE2159",0.3437,1,0.887572,0,0.0518,4,4,FALSE,FALSE,FALSE
"GENE1914","GENE1914_HUMAN","P86281","Protein GENE1914",-0.7414,0.962924,0.445036,0.1348,0.3516,4,3,FALSE,FALSE,FALSE
"GENE1083","GENE1083_HUMAN","P67595","Protein GENE1083",0.918,0.150862,0.034848,0.8041,1.4578,2,4,FALSE,FALSE,TRUE
"GENE0145","GENE0145_HUMAN","P50068","Protein GENE0145",0.4219,0.549802,0.117405,0.6545,0.9303,2,6,FALSE,FALSE,FALSE
"GENE1954","GENE1954_HUMAN","P86327","Protein GENE1954",0.3044,1,0.731278,0,0.1359,5,6,FALSE,FALSE,FALSE
"GENE0939","GENE0939_HUMAN","P52516","Protein GENE0939",0.3922,1,0.998048,0,8e-04,3,6,FALSE,FALSE,FALSE
"GENE1491","GENE1491_HUMAN","P18402","Protein GENE1491",0.1605,1,0.638606,0,0.1948,3,5,FALSE,FALSE,FALSE
"GENE1822","GENE1822_HUMAN","P29356","Protein GENE1822",0.6887,1,0.842213,0,0.0746,2,4,FALSE,FALSE,FALSE
"GENE1853","GENE1853_HUMAN","P37953","Protein GENE1853",-0.354,1,0.355489,0,0.4492,3,4,FALSE,FALSE,FALSE
"GENE1562","GENE1562_HUMAN","P95261","Protein GENE1562",2.1459,0.07238,0.028207,0.8807,1.5496,3,4,FALSE,FALSE,TRUE
"GENE1309","GENE1309_HUMAN","P66962","Protein GENE1309",-0.2687,0.172672,0.10035,0.6926,0.9985,4,5,FALSE,FALSE,FALSE
"GENE1944","GENE1944_HUMAN","P42445","Protein GENE1944",0.3953,0.24531,0.174458,0.3158,0.7583,3,4,FALSE,FALSE,FALSE
"GENE1194","GENE1194_HUMAN","P15558","Protein GENE1194",0.4919,0.752997,0.576333,0.1244,0.2393,6,6,FALSE,FALSE,FALSE
"GENE0091","GENE0091_HUMAN","P83541","Protein GENE0091",0.3335,0.513941,0.14079,0.5586,0.8514,6,4,TRUE,FALSE,FALSE
"GENE0619","GENE0619_HUMAN","P41415","Protein GENE0619",-0.4435,0.492633,0.153019,0.2381,0.8153,5,4,FALSE,FALSE,FALSE
"GENE0483","GENE0483_HUMAN","P90418","Protein GENE0483",0.6718,1,0.294921,0.0121,0.5303,2,2,FALSE,FALSE,FALSE
"GENE2483","GENE2483_HUMAN","P51693","Protein GENE2483",2.051,0.013847,0.004757,1.7959,2.3226,3,5,FALSE,FALSE,TRUE
"GENE0764","GENE0764_HUMAN","P67965","Protein GENE0764",0.6812,0.216971,0.047431,1.1314,1.3239,2,3,FALSE,FALSE,TRUE
"GENE0763","GENE0763_HUMAN","P09233","Protein GENE0763",-2.9736,0.092866,0.044674,1.1311,1.3499,5,3,FALSE,FALSE,TRUE
"GENE1403","GENE1403_HUMAN","P74787","Protein GENE1403",0.4623,1,0.849614,0,0.0708,5,5,FALSE,FALSE,FALSE
"GENE1653","GENE1653_HUMAN","P41255","Protein GENE1653",-0.2991,1,0.300172,0.0547,0.5226,6,3,FALSE,FALSE,FALSE
"GENE2145","GENE2145_HUMAN","P31556","Protein GENE2145",0.7147,1,0.829897,0,0.081,2,3,TRUE,FALSE,FALSE
"GENE1905","GENE1905_HUMAN","P16659","Protein GENE1905",0.1328,0.275847,0.141741,0.3694,0.8485,3,4,FALSE,FALSE,FALSE
"GENE0799","GENE0799_HUMAN","P44365","Protein GENE0799",-0.1134,0.462972,0.121104,0.658,0.9168,2,3,FALSE,FALSE,FALSE
"GENE0138","GENE0138_HUMAN","P56295","Protein GENE0138",-0.1573,0.433748,0.168928,0.2918,0.7723,3,4,FALSE,FALSE,FALSE
"GENE0031","GENE0031_HUMAN","P28416","Protein GENE0031",-0.5713,0.770271,0.327159,0,0.4852,6,6,FALSE,FALSE,FALSE
"GENE0856","GENE0856_HUMAN","P72233","Protein GENE0856",-0.0488,0.935945,0.404137,0,0.3935,6,2,FALSE,TRUE,FALSE
"GENE1313","GENE1313_HUMAN","P96952","Protein GENE1313",1.1746,0.134936,0.041366,0.7444,1.3834,6,5,FALSE,FALSE,TRUE
"GENE0572","GENE0572_HUMAN","P19517","Protein GENE0572",-0.6636,1,0.965776,0,0.0151,4,3,FALSE,FALSE,FALSE
"GENE2776","GENE2776_HUMAN","P97494","Protein GENE2776",0.49,1,0.403732,0,0.3939,3,3,TRUE,FALSE,FALSE
"GENE1308","GENE1308_HUMAN","P21854","Protein GENE1308",-0.145,1,0.476936,0,0.3215,3,6,FALSE,FALSE,FALSE
"GENE1596","GENE1596_HUMAN","P37644","Protein GENE1596",0.8231,1,0.861968,0,0.0645,5,2,FALSE,TRUE,FALSE
"GENE2789","GENE2789_HUMAN","P50468","Protein GENE2789",-0.1071,0.430764,0.164117,0.3919,0.7848,4,5,FALSE,FALSE,FALSE
"GENE0615","GENE0615_HUMAN","P08179","Protein GENE0615",0.2371,0.142762,0.062326,0.8412,1.2053,6,3,FALSE,FALSE,FALSE
"GENE2075","GENE2075_HUMAN","P47130","Protein GENE2075",0.0597,1,0.967296,0,0.0144,5,6,FALSE,FALSE,FALSE
"GENE1748","GENE1748_HUMAN","P80693","Protein GENE1748",0.6145,1,0.54015,0,0.2675,6,5,FALSE,FALSE,FALSE
"GENE0678","GENE0678_HUMAN","P56175","Protein GENE0678",-0.2976,0.50597,0.130993,0.3259,0.8828,5,5,FALSE,FALSE,FALSE
"GENE0597","GENE0597_HUMAN","P68958","Protein GENE0597",0.3398,0.271866,0.093718,0.4548,1.0282,2,3,FALSE,FALSE,FALSE
"GENE2110","GENE2110_HUMAN","P21368","Protein GENE2110",2.1192,0.053564,0.020062,1.4322,1.6976,4,2,FALSE,TRUE,TRUE
"GENE0504","GENE0504_HUMAN","P38610","Protein GENE0504",-0.554,0.210938,0.080248,0.6506,1.0956,5,3,FALSE,FALSE,FALSE
"GENE0394","GENE0394_HUMAN","P82426","Protein GENE0394",-0.0992,1,0.464984,0,0.3326,5,2,FALSE,FALSE,FALSE
"GENE0004","GENE0004_HUMAN","P28868","Protein GENE0004",0.2357,1,0.669427,0,0.1743,5,6,TRUE,FALSE,FALSE
"GENE1312","GENE1312_HUMAN","P48016","Protein GENE1312",0.46,1,0.950925,0,0.0219,6,4,FALSE,FALSE,FALSE
"GENE1818","GENE1818_HUMAN","P31569","Protein GENE1818",0.7912,1,0.836667,0,0.0774,4,6,FALSE,FALSE,FALSE
"GENE2138","GENE2138_HUMAN","P96581","Protein GENE2138",0.158,1,0.857687,0,0.0667,5,4,FALSE,FALSE,FALSE
"GENE2279","GENE2279_HUMAN","P13983","Protein GENE2279",-2.0896,0.027664,0.008079,1.9651,2.0926,5,4,TRUE,TRUE,TRUE
"GENE2216","GENE2216_HUMAN","P02285","Protein GENE2216",0.3909,0.622091,0.269492,0,0.5695,5,2,FALSE,FALSE,FALSE
"GENE2800","GENE2800_HUMAN","P18652","Protein GENE2800",0.3052,1,0.557474,0,0.2538,3,2,FALSE,TRUE,FALSE
"GENE2432","GENE2432_HUMAN","P15423","Protein GENE2432",0.3098,1,0.939113,0,0.0273,4,5,FALSE,FALSE,FALSE
"GENE0487","GENE0487_HUMAN","P05806","Protein GENE0487",0.8732,0.053325,0.013228,1.3451,1.8785,4,4,FALSE,FALSE,TRUE
"GENE1420","GENE1420_HUMAN","P53827","Protein GENE1420",-0.3537,1,0.431898,0,0.3646,2,4,FALSE,FALSE,FALSE
"GENE0109","GENE0109_HUMAN","P03269","Protein GENE0109",-0.3165,0.604225,0.16338,0.5275,0.7868,6,5,FALSE,FALSE,FALSE
"GENE2637","GENE2637_HUMAN","P62205","Protein GENE2637",0.4929,1,0.412622,0,0.3844,5,2,FALSE,FALSE,FALSE
"GENE2329","GENE2329_HUMAN","P28363","Protein GENE2329",-0.0654,1,0.374774,0,0.4262,6,6,FALSE,FALSE,FALSE
"GENE0998","GENE0998_HUMAN","P88791","Protein GENE0998",0.2149,0.621965,0.276617,0.0898,0.5581,6,2,FALSE,FALSE,FALSE
"GENE1980","GENE1980_HUMAN","P15102","Protein GENE1980",-3.7618,0.084811,0.047877,0.7446,1.3199,6,5,TRUE,FALSE,TRUE
"GENE1550","GENE1550_HUMAN","P13451","Protein GENE1550",-0.3845,1,0.582426,0,0.2348,2,3,FALSE,FALSE,FALSE
"GENE2391","GENE2391_HUMAN","P01300","Protein GENE2391",0.0466,0.594522,0.450989,0,0.3458,6,3,FALSE,FALSE,FALSE
"GENE2213","GENE2213_HUMAN","P37375","Protein GENE2213",-0.0012,0.548932,0.162265,0.1632,0.7898,2,5,FALSE,FALSE,FALSE
"GENE1473","GENE1473_HUMAN","P78052","Protein GENE1473",-0.0781,1,0.788114,0,0.1034,5,2,FALSE,FALSE,FALSE
"GENE0220","GENE0220_HUMAN","P91956","Protein GENE0220",-0.4283,0.513424,0.168892,0.31,0.7724,2,5,TRUE,FALSE,FALSE
"UFSP2","UFSP2_HUMAN","P49304","Protein UFSP2",3.8991,0.073888,0.016999,1.1178,1.7696,2,3,FALSE,FALSE,TRUE
"GENE0609","GENE0609_HUMAN","P63728","Protein GENE0609",-0.1673,1,0.833529,0,0.0791,4,4,TRUE,FALSE,FALSE
"GENE0517","GENE0517_HUMAN","P98254","Protein GENE0517",0.1136,0.977323,0.275942,0.4531,0.5592,3,5,FALSE,FALSE,FALSE
"GENE0988","GENE0988_HUMAN","P14737","Protein GENE0988",-4.284,0.058174,0.043861,0.8679,1.3579,2,2,TRUE,FALSE,TRUE
"GENE2714","GENE2714_HUMAN","P55220","Protein GENE2714",-0.3769,0.698457,0.482224,0,0.3168,3,2,FALSE,FALSE,FALSE
"GENE0057","GENE0057_HUMAN","P45870","Protein GENE0057",0.0919,0.502556,0.37177,0,0.4297,2,6,FALSE,FALSE,FALSE
"GENE2360","GENE2360_HUMAN","P00168","Protein GENE2360",-0.5277,0.281726,0.060489,0.9097,1.2183,5,6,FALSE,FALSE,FALSE
"GENE0717","GENE0717_HUMAN","P69478","Protein GENE0717",-0.0878,1,0.87186,0,0.0596,3,6,FALSE,FALSE,FALSE
"GENE0065","GENE0065_HUMAN","P77839","Protein GENE0065",-0.152,1,0.586849,0,0.2315,2,4,FALSE,FALSE,FALSE
"GENE1957","GENE1957_HUMAN","P20543","Protein GENE1957",0.3132,0.360488,0.081332,0.7211,1.0897,4,4,FALSE,FALSE,FALSE
"GENE0830","GENE0830_HUMAN","P05753","Protein GENE0830",-1.1629,0.113391,0.02918,1.1347,1.5349,5,6,FALSE,FALSE,TRUE
"GENE0345","GENE0345_HUMAN","P64249","Protein GENE0345",0.3797,1,0.610979,0,0.214,2,5,FALSE,FALSE,FALSE
"GENE0388","GENE0388_HUMAN","P28312","Protein GENE0388",-0.1277,0.421784,0.336767,0,0.4727,6,5,FALSE,FALSE,FALSE
"GENE0815","GENE0815_HUMAN","P22152","Protein GENE0815",-0.6403,1,0.847315,0,0.072,6,2,FALSE,FALSE,FALSE
"GENE2231","GENE2231_HUMAN","P43224","Protein GENE2231",2.8978,0.019442,0.004603,1.9322,2.337,2,4,FALSE,FALSE,TRUE
"GENE2136","GENE2136_HUMAN","P83819","Protein GENE2136",1.1048,0.062867,0.030454,1.1066,1.5164,6,6,FALSE,FALSE,TRUE
"GENE0694","GENE0694_HUMAN","P98957","Protein GENE0694",-0.1522,0.720894,0.627835,0.1683,0.2022,3,4,FALSE,FALSE,FALSE
"GENE1715","GENE1715_HUMAN","P54194","Protein GENE1715",4.0695,0.004532,0.003415,2.0443,2.4666,5,6,FALSE,TRUE,TRUE
"GENE1678","GENE1678_HUMAN","P76583","Protein GENE1678",0.2915,1,0.588732,0.0301,0.2301,5,2,FALSE,FALSE,FALSE
"GENE1115","GENE1115_HUMAN","P02591","Protein GENE1115",-3.1896,0.019973,0.004095,1.7264,2.3877,5,3,FALSE,FALSE,TRUE
"GENE2426","GENE2426_HUMAN","P21753","Protein GENE2426",1.9162,0.035793,0.007419,1.7435,2.1297,4,3,FALSE,FALSE,TRUE
"GENE1246","GENE1246_HUMAN","P52049","Protein GENE1246",-0.6622,1,0.890168,0,0.0505,6,5,TRUE,FALSE,FALSE
"GENE2178","GENE2178_HUMAN","P76520","Protein GENE2178",-0.452,1,0.683575,0.0142,0.1652,6,3,TRUE,FALSE,FALSE
"GENE0527","GENE0527_HUMAN","P57988","Protein GENE0527",-0.535,1,0.228121,0.4127,0.6418,3,4,FALSE,FALSE,FALSE
"GENE0344","GENE0344_HUMAN","P49666","Protein GENE0344",-2.2647,0.151933,0.047509,0.9632,1.3232,5,6,TRUE,FALSE,TRUE
"GENE2767","GENE2767_HUMAN","P13161","Protein GENE2767",-0.3808,0.920499,0.548589,0,0.2608,5,6,FALSE,TRUE,FALSE
"GENE1265","GENE1265_HUMAN","P07323","Protein GENE1265",-2.3689,0.093549,0.041384,1.1614,1.3832,6,6,FALSE,FALSE,TRUE
"GENE1052","GENE1052_HUMAN","P93795","Protein GENE1052",0.3337,1,0.798378,0,0.0978,3,4,FALSE,FALSE,FALSE
"GENE2014","GENE2014_HUMAN","P56301","Protein GENE2014",-0.2554,1,0.823533,0.0656,0.0843,2,3,FALSE,FALSE,FALSE
"GENE2092","GENE2092_HUMAN","P51752","Protein GENE2092",1.9054,0.106536,0.021553,1.4546,1.6665,2,3,FALSE,FALSE,TRUE
"GENE0752","GENE0752_HUMAN","P37235","Protein GENE0752",1.521,0.14065,0.03503,1.1461,1.4556,6,2,TRUE,FALSE,TRUE
"GENE2700","GENE2700_HUMAN","P01148","Protein GENE2700",0.3262,1,0.624978,0,0.2041,3,5,FALSE,FALSE,FALSE
"GENE0152","GENE0152_HUMAN","P67287","Protein GENE0152",-0.6439,1,0.624355,0,0.2046,6,5,FALSE,FALSE,FALSE
"FMR1","FMR1_HUMAN","P03791","Protein FMR1",1.7666,0.007454,0.001508,2.1715,2.8215,6,4,FALSE,TRUE,TRUE
"GENE0480","GENE0480_HUMAN","P71591","Protein GENE0480",0.1128,1,0.770062,0,0.1135,2,5,FALSE,FALSE,FALSE
"GENE1011","GENE1011_HUMAN","P06055","Protein GENE1011",0.015,1,0.834709,0,0.0785,3,3,FALSE,FALSE,FALSE
"GENE2026","GENE2026_HUMAN","P65650","Protein GENE2026",0.1222,0.415862,0.185301,0.0968,0.7321,6,5,FALSE,FALSE,FALSE
"GENE1966","GENE1966_HUMAN","P66468","Protein GENE1966",-0.1566,0.584276,0.267267,0,0.5731,4,2,FALSE,FALSE,FALSE
"GENE1760","GENE1760_HUMAN","P78024","Protein GENE1760",-0.0664,1,0.7782,0,0.1089,3,4,FALSE,FALSE,FALSE
"GENE0379","GENE0379_HUMAN","P42434","Protein GENE0379",-0.0347,1,0.827519,0,0.0822,4,4,FALSE,FALSE,FALSE
"GENE0899","GENE0899_HUMAN","P96405","Protein GENE0899",0.3382,1,0.684361,0,0.1647,6,4,FALSE,FALSE,FALSE
"GENE1716","GENE1716_HUMAN","P21705","Protein GENE1716",-0.1508,1,0.831145,0,0.0803,5,5,TRUE,FALSE,FALSE
"GENE1625","GENE1625_HUMAN","P15584","Protein GENE1625",0.8285,1,0.892569,0,0.0494,4,4,FALSE,FALSE,FALSE
"GENE2523","GENE2523_HUMAN","P58474","Protein GENE2523",0.2224,1,0.628903,0.0872,0.2014,6,2,FALSE,FALSE,FALSE
"GENE2888","GENE2888_HUMAN","P65307","Protein GENE2888",0.4676,1,0.29861,0,0.5249,6,4,FALSE,FALSE,FALSE
"GENE1210","GENE1210_HUMAN","P88098","Protein GENE1210",0.1646,0.414888,0.29078,0,0.5364,4,3,FALSE,FALSE,FALSE
"GENE1461","GENE1461_HUMAN","P51719","Protein GENE1461",0.1498,1,0.675195,0,0.1706,2,5,FALSE,FALSE,FALSE
"GENE0426","GENE0426_HUMAN","P72692","Protein GENE0426",0.1559,1,0.750606,0,0.1246,6,5,FALSE,FALSE,FALSE
"GENE0831","GENE0831_HUMAN","P35660","Protein GENE0831",0.4818,1,0.811587,0,0.0907,2,5,FALSE,FALSE,FALSE
"GENE0455","GENE0455_HUMAN","P23130","Protein GENE0455",0.5247,1,0.587178,0,0.2312,5,2,FALSE,FALSE,FALSE
"GENE2009","GENE2009_HUMAN","P22995","Protein GENE2009",-0.0669,1,0.769761,0,0.1136,6,5,FALSE,TRUE,FALSE
"GENE2796","GENE2796_HUMAN","P58076","Protein GENE2796",-0.4233,0.881939,0.416577,0.1878,0.3803,2,2,FALSE,FALSE,FALSE
"GENE2093","GENE2093_HUMAN","P99405","Protein GENE2093",0.0691,1,0.341634,0.1772,0.4664,5,4,TRUE,FALSE,FALSE
"GENE1137","GENE1137_HUMAN","P45239","Protein GENE1137",0.0834,1,0.523505,0,0.2811,6,5,FALSE,FALSE,FALSE
"GENE0244","GENE0244_HUMAN","P83150","Protein GENE0244",-0.5281,0.490409,0.154287,0.7583,0.8117,5,2,FALSE,FALSE,FALSE
"GENE0571","GENE0571_HUMAN","P49971","Protein GENE0571",-0.2321,1,0.40458,0.2553,0.393,2,4,FALSE,TRUE,FALSE
"GENE0711","GENE0711_HUMAN","P18740","Protein GENE0711",-0.2921,1,0.787511,0,0.1037,6,3,FALSE,FALSE,FALSE
"GENE1224","GENE1224_HUMAN","P32959","Protein GENE1224",0.1641,0.578779,0.134215,0.234,0.8722,6,6,FALSE,FALSE,FALSE
"GENE1197","GENE1197_HUMAN","P87537","Protein GENE1197",1.08,0.023265,0.021558,1.5096,1.6664,4,4,FALSE,FALSE,TRUE
"GENE2022","GENE2022_HUMAN","P60290","Protein GENE2022",0.1317,1,0.440215,0,0.3563,4,4,FALSE,FALSE,FALSE
"GENE2777","GENE2777_HUMAN","P39415","Protein GENE2777",0.3721,1,0.892703,0,0.0493,4,3,FALSE,FALSE,FALSE
"GENE2799","GENE2799_HUMAN","P66196","Protein GENE2799",0.5205,1,0.732328,0,0.1353,2,3,FALSE,FALSE,FALSE
"GENE0882","GENE0882_HUMAN","P05903","Protein GENE0882",0.3613,1,0.775213,0.0159,0.1106,5,5,FALSE,FALSE,FALSE
"GENE2117","GENE2117_HUMAN","P21740","Protein GENE2117",0.041,1,0.828703,0,0.0816,5,3,FALSE,FALSE,FALSE
"GENE0952","GENE0952_HUMAN","P97293","Protein GENE0952",-1.8527,0.137972,0.034053,1.1737,1.4678,5,6,FALSE,FALSE,TRUE
"GENE0673","GENE0673_HUMAN","P49678","Protein GENE0673",-0.4164,1,0.997508,0,0.0011,4,4,TRUE,FALSE,FALSE
"GENE2163","GENE2163_HUMAN","P30162","Protein GENE2163",0.1811,1,0.604425,0,0.2187,4,4,FALSE,FALSE,FALSE
"GENE0120","GENE0120_HUMAN","P74760","Protein GENE0120",-3.0949,0.115234,0.042208,0.8595,1.3746,2,2,FALSE,TRUE,TRUE
"GENE0129","GENE0129_HUMAN","P22496","Protein GENE0129",1.3824,0.077062,0.016633,1.1873,1.779,2,4,FALSE,TRUE,TRUE
"GENE2460","GENE2460_HUMAN","P60044","Protein GENE2460",-0.3088,1,0.792255,0,0.1011,5,4,FALSE,TRUE,FALSE
"GENE0608","GENE0608_HUMAN","P23948","Protein GENE0608",-0.4616,1,0.80455,0,0.0944,2,5,TRUE,FALSE,FALSE
"GENE0872","GENE0872_HUMAN","P81801","Protein GENE0872",-0.4149,1,0.70251,0,0.1533,3,4,TRUE,FALSE,FALSE
"GENE2190","GENE2190_HUMAN","P31875","Protein GENE2190",-0.1773,1,0.941061,0,0.0264,6,3,FALSE,FALSE,FALSE
"GENE0137","GENE0137_HUMAN","P91997","Protein GENE0137",-0.2406,1,0.511101,0,0.2915,3,6,FALSE,FALSE,FALSE
"GENE2560","GENE2560_HUMAN","P40838","Protein GENE2560",0.2453,0.914929,0.351656,0,0.4539,4,6,FALSE,FALSE,FALSE
"GENE0158","GENE0158_HUMAN","P43624","Protein GENE0158",-0.1396,1,0.663601,0,0.1781,6,6,FALSE,FALSE,FALSE
"GENE2578","GENE2578_HUMAN","P54593","Protein GENE2578",0.6086,0.134456,0.079619,0.4531,1.099,4,2,FALSE,FALSE,FALSE
"GENE0536","GENE0536_HUMAN","P32255","Protein GENE0536",0.5001,1,0.491956,0,0.3081,3,3,FALSE,FALSE,FALSE
"GENE2305","GENE2305_HUMAN","P27880","Protein GENE2305",-0.3613,0.900597,0.375339,0.2519,0.4256,6,2,FALSE,FALSE,FALSE
"GENE0805","GENE0805_HUMAN","P64928","Protein GENE0805",0.4806,1,0.857415,0,0.0668,3,3,FALSE,FALSE,FALSE
"GENE1034","GENE1034_HUMAN","P78127","Protein GENE1034",-0.3811,1,0.319493,0,0.4955,4,5,FALSE,FALSE,FALSE
"GENE2735","GENE2735_HUMAN","P56736","Protein GENE2735",-0.2512,1,0.853564,0,0.0688,3,3,FALSE,FALSE,FALSE
"GENE1170","GENE1170_HUMAN","P41826","Protein GENE1170",-4.4601,0.1141,0.037205,1.1766,1.4294,3,4,FALSE,FALSE,TRUE
"GENE1379","GENE1379_HUMAN","P47328","Protein GENE1379",-3.3089,0.025439,0.012765,1.2274,1.894,3,4,FALSE,FALSE,TRUE
"GENE0217","GENE0217_HUMAN","P15909","Protein GENE0217",0.2517,1,0.438468,0,0.3581,2,3,FALSE,FALSE,FALSE
"GENE0754","GENE0754_HUMAN","P64647","Protein GENE0754",0.5081,0.000632,0.000225,3.1645,3.647,6,4,FALSE,FALSE,TRUE
"GENE0762","GENE0762_HUMAN","P46856","Protein GENE0762",-0.3183,0.471234,0.136344,0.5795,0.8654,5,6,TRUE,FALSE,FALSE
"GENE2487","GENE2487_HUMAN","P91583","Protein GENE2487",2.1317,0.02168,0.018901,1.1382,1.7235,6,2,TRUE,TRUE,TRUE
"GENE2428","GENE2428_HUMAN","P11232","Protein GENE2428",-0.5745,0.953632,0.876849,0,0.0571,6,5,FALSE,FALSE,FALSE
"GENE1796","GENE1796_HUMAN","P71290","Protein GENE1796",4.1335,0.014003,0.007849,1.7097,2.1052,4,4,FALSE,TRUE,TRUE
"GENE2235","GENE2235_HUMAN","P87889","Protein GENE2235",-0.5952,1,0.93867,0,0.0275,5,3,FALSE,FALSE,FALSE
"GENE2103","GENE2103_HUMAN","P13962","Protein GENE2103",2.7397,0.080928,0.037494,0.8555,1.426,2,4,FALSE,FALSE,TRUE
"GENE0984","GENE0984_HUMAN","P83578","Protein GENE0984",-1.0285,1,0.950361,0,0.0221,3,2,FALSE,FALSE,FALSE
"DHX29","DHX29_HUMAN","P11708","Protein DHX29",-0.0343,1,0.604871,0.0135,0.2183,4,3,FALSE,FALSE,FALSE
"GENE1257","GENE1257_HUMAN","P22994","Protein GENE1257",-0.0824,1,0.686127,0,0.1636,5,5,FALSE,FALSE,FALSE
"GENE2853","GENE2853_HUMAN","P65271","Protein GENE2853",3.6707,0.014401,0.01076,1.7456,1.9682,2,2,FALSE,FALSE,TRUE
"GENE0925","GENE0925_HUMAN","P90881","Protein GENE0925",0.2104,1,0.395869,0,0.4024,2,4,FALSE,FALSE,FALSE
"GENE2755","GENE2755_HUMAN","P98598","Protein GENE2755",-0.2139,1,0.411457,0,0.3857,2,6,FALSE,FALSE,FALSE
"GENE2336","GENE2336_HUMAN","P56771","Protein GENE2336",0.0049,1,0.271674,0.2204,0.566,6,5,FALSE,FALSE,FALSE
"GENE0579","GENE0579_HUMAN","P27092","Protein GENE0579",0.3759,0.762347,0.185759,0.1505,0.7311,2,4,FALSE,FALSE,FALSE
"GENE2701","GENE2701_HUMAN","P93385","Protein GENE2701",0.4432,1,0.936223,0,0.0286,4,4,FALSE,FALSE,FALSE
"GENE1135","GENE1135_HUMAN","P32137","Protein GENE1135",0.0913,1,0.599721,0,0.2221,3,5,TRUE,FALSE,FALSE
"GENE0544","GENE0544_HUMAN","P93139","Protein GENE0544",-0.1427,0.848106,0.175507,0.1261,0.7557,4,3,FALSE,FALSE,FALSE
"GENE0781","GENE0781_HUMAN","P91188","Protein GENE0781",-0.074,1,0.386479,0,0.4129,4,5,FALSE,FALSE,FALSE
"GENE2121","GENE2121_HUMAN","P57008","Protein GENE2121",6e-04,1,0.358147,0.1018,0.4459,5,3,FALSE,FALSE,FALSE
"GENE0596","GENE0596_HUMAN","P27012","Protein GENE0596",-0.6738,1,0.304054,0,0.517,4,3,FALSE,FALSE,FALSE
"GENE0214","GENE0214_HUMAN","P38494","Protein GENE0214",-0.4878,0.292994,0.136501,0.4952,0.8649,3,4,FALSE,FALSE,FALSE
"GENE0785","GENE0785_HUMAN","P70498","Protein GENE0785",-0.8809,1,0.92273,0,0.0349,3,4,FALSE,FALSE,FALSE
"GENE1576","GENE1576_HUMAN","P18550","Protein GENE1576",-0.382,1,0.436604,0,0.3599,6,4,FALSE,FALSE,FALSE
"GENE2087","GENE2087_HUMAN","P77954","Protein GENE2087",0.7294,0.231462,0.070784,0.6405,1.1501,4,6,FALSE,FALSE,FALSE
"GENE2161","GENE2161_HUMAN","P05674","Protein GENE2161",1.9183,0.084297,0.045723,0.785,1.3399,2,5,FALSE,FALSE,TRUE
"GENE0749","GENE0749_HUMAN","P10621","Protein GENE0749",-0.4067,1,0.451425,0,0.3454,3,3,FALSE,FALSE,FALSE
"GENE2051","GENE2051_HUMAN","P06592","Protein GENE2051",0.5492,1,0.287453,0,0.5414,3,5,FALSE,FALSE,FALSE
"GENE2782","GENE2782_HUMAN","P34135","Protein GENE2782",-0.243,0.894141,0.225969,0.2698,0.646,2,4,FALSE,FALSE,FALSE
"GENE2227","GENE2227_HUMAN","P97020","Protein GENE2227",0.0633,0.766768,0.627688,0,0.2023,5,3,FALSE,FALSE,FALSE
"GENE1192","GENE1192_HUMAN","P12858","Protein GENE1192",-0.6599,1,0.617464,0.189,0.2094,6,4,FALSE,FALSE,FALSE
"GENE1827","GENE1827_HUMAN","P83641","Protein GENE1827",0.0556,1,0.732323,0,0.1353,6,2,FALSE,FALSE,FALSE
"GENE0954","GENE0954_HUMAN","P67917","Protein GENE0954",-2.994,0.048685,0.015464,1.4015,1.8107,6,6,FALSE,FALSE,TRUE
"GENE1584","GENE1584_HUMAN","P37331","Protein GENE1584",-0.0535,0.610064,0.313327,0,0.504,3,5,FALSE,FALSE,FALSE
"GENE0466","GENE0466_HUMAN","P05869","Protein GENE0466",0.0445,0.790217,0.443823,0,0.3528,6,6,FALSE,TRUE,FALSE
"GENE0185","GENE0185_HUMAN","P74619","Protein GENE0185",-0.0501,0.889045,0.624063,0.0378,0.2048,4,4,FALSE,FALSE,FALSE
"GENE1414","GENE1414_HUMAN","P48016","Protein GENE1414",0.1397,1,0.69781,0,0.1563,3,5,TRUE,FALSE,FALSE
"GENE0072","GENE0072_HUMAN","P41110","Protein GENE0072",0.228,1,0.485343,0,0.314,4,2,FALSE,FALSE,FALSE
"GENE0502","GENE0502_HUMAN","P19866","Protein GENE0502",-0.6807,1,0.79984,0,0.097,4,6,FALSE,FALSE,FALSE
"GENE0586","GENE0586_HUMAN","P82545","Protein GENE0586",0.0267,1,0.893293,0,0.049,5,5,FALSE,FALSE,FALSE
"GENE0096","GENE0096_HUMAN","P32220","Protein GENE0096",0.2031,1,0.445425,0,0.3512,4,2,FALSE,TRUE,FALSE
"DHX30","DHX30_HUMAN","P74450","Protein DHX30",-0.4225,1,0.434924,0.0769,0.3616,5,5,FALSE,FALSE,FALSE
"GENE1559","GENE1559_HUMAN","P24086","Protein GENE1559",-0.6114,1,0.638202,0,0.195,2,6,FALSE,FALSE,FALSE
"GENE1368","GENE1368_HUMAN","P58504","Protein GENE1368",-3.7171,0.011792,0.010211,1.3331,1.991,3,6,FALSE,FALSE,TRUE
"GENE1509","GENE1509_HUMAN","P66122","Protein GENE1509",-0.0341,1,0.468711,0,0.3291,5,2,FALSE,FALSE,FALSE
"GENE2095","GENE2095_HUMAN","P97456","Protein GENE2095",-0.0675,0.905912,0.639995,0,0.1938,5,2,FALSE,FALSE,FALSE
"GENE1497","GENE1497_HUMAN","P64917","Protein GENE1497",-0.4178,1,0.692157,0,0.1598,5,3,FALSE,TRUE,FALSE
"GENE0136","GENE0136_HUMAN","P64375","Protein GENE0136",-0.0448,1,0.977114,0,0.0101,5,5,FALSE,FALSE,FALSE
"GENE1504","GENE1504_HUMAN","P31730","Protein GENE1504",0.5367,1,0.548088,0,0.2611,2,4,FALSE,FALSE,FALSE
"GENE0048","GENE0048_HUMAN","P11507","Protein GENE0048",0.2249,1,0.890603,0,0.0503,5,4,FALSE,FALSE,FALSE
"GENE2151","GENE2151_HUMAN","P52867","Protein GENE2151",-0.0477,0.908307,0.642569,0,0.1921,5,2,FALSE,FALSE,FALSE
"GENE2476","GENE2476_HUMAN","P36315","Protein GENE2476",0.2572,1,0.398393,0,0.3997,3,3,FALSE,FALSE,FALSE
"GENE0878","GENE0878_HUMAN","P89729","Protein GENE0878",0.3472,1,0.276971,0,0.5576,3,2,FALSE,FALSE,FALSE
"GENE0416","GENE0416_HUMAN","P22077","Protein GENE0416",-2.3924,0.187367,0.040775,0.9518,1.3896,4,6,FALSE,FALSE,TRUE
"GENE2534","GENE2534_HUMAN","P99320","Protein GENE2534",0.4747,1,0.623847,0,0.2049,2,6,TRUE,FALSE,FALSE
"GENE2899","GENE2899_HUMAN","P16004","Protein GENE2899",0.371,0.689471,0.20519,0.338,0.6878,6,6,FALSE,FALSE,FALSE
"GENE1253","GENE1253_HUMAN","P67224","Protein GENE1253",0.2173,1,0.506155,0,0.2957,3,4,FALSE,FALSE,FALSE
"GENE0044","GENE0044_HUMAN","P34128","Protein GENE0044",0.3896,1,0.893738,0,0.0488,5,4,TRUE,FALSE,FALSE
"GENE0726","GENE0726_HUMAN","P95063","Protein GENE0726",-2.1059,0.114281,0.036447,1.0893,1.4383,2,6,FALSE,FALSE,TRUE
"GENE0514","GENE0514_HUMAN","P63301","Protein GENE0514",0.3291,1,0.726171,0,0.139,4,2,FALSE,FALSE,FALSE
"GENE1693","GENE1693_HUMAN","P88499","Protein GENE1693",-0.3221,1,0.696088,0,0.1573,6,6,FALSE,FALSE,FALSE
"GENE2489","GENE2489_HUMAN","P16273","Protein GENE2489",-0.4004,0.493847,0.266826,0.3497,0.5738,2,3,FALSE,FALSE,FALSE
"GENE0716","GENE0716_HUMAN","P11220","Protein GENE0716",-0.3213,0.335912,0.193172,0.0598,0.7141,3,3,FALSE,FALSE,FALSE
"GENE1923","GENE1923_HUMAN","P16742","Protein GENE1923",-0.176,1,0.926663,0,0.0331,5,2,FALSE,FALSE,FALSE
"GENE2388","GENE2388_HUMAN","P24117","Protein GENE2388",0.3568,0.268654,0.071829,0.7442,1.1437,4,3,FALSE,FALSE,FALSE
"GENE2585","GENE2585_HUMAN","P45804","Protein GENE2585",0.3662,0.40388,0.238511,0.0867,0.6225,5,4,FALSE,FALSE,FALSE
"DDX5","DDX5_HUMAN","P90154","Protein DDX5",1.0892,1,0.824603,0,0.0838,6,6,FALSE,FALSE,FALSE
"GENE1123","GENE1123_HUMAN","P87460","Protein GENE1123",0.2739,0.832755,0.313815,6e-04,0.5033,2,3,TRUE,FALSE,FALSE
"GENE0942","GENE0942_HUMAN","P86127","Protein GENE0942",1.7318,0.015508,0.01166,1.7321,1.9333,6,6,FALSE,FALSE,TRUE
"GENE0991","GENE0991_HUMAN","P60789","Protein GENE0991",0.501,1,0.540382,0,0.2673,6,4,FALSE,FALSE,FALSE
"GENE1378","GENE1378_HUMAN","P37285","Protein GENE1378",-3.5577,0.066915,0.023691,1.3039,1.6254,5,3,FALSE,TRUE,TRUE
"GENE1019","GENE1019_HUMAN","P98762","Protein GENE1019",-0.0817,1,0.873822,0,0.0586,2,6,FALSE,FALSE,FALSE
"GENE2674","GENE2674_HUMAN","P92283","Protein GENE2674",-0.5555,1,0.446086,0,0.3506,4,5,TRUE,FALSE,FALSE
"GENE0783","GENE0783_HUMAN","P55722","Protein GENE0783",-0.5745,1,0.695702,0,0.1576,2,5,TRUE,FALSE,FALSE
"GENE1710","GENE1710_HUMAN","P00041","Protein GENE1710",0.6051,0.022918,0.004642,1.8693,2.3333,3,6,FALSE,FALSE,TRUE
"GENE1288","GENE1288_HUMAN","P23216","Protein GENE1288",0.5228,0.970579,0.53842,0,0.2689,4,2,FALSE,FALSE,FALSE
"GENE0927","GENE0927_HUMAN","P25391","Protein GENE0927",1.5374,0.024111,0.014014,1.273,1.8534,2,6,FALSE,FALSE,TRUE
"GENE0329","GENE0329_HUMAN","P78472","Protein GENE0329",0.7644,1,0.867433,0,0.0618,2,3,FALSE,FALSE,FALSE
"GENE1735","GENE1735_HUMAN","P50792","Protein GENE1735",0.2155,1,0.753212,0,0.1231,4,4,FALSE,TRUE,FALSE
"GENE0811","GENE0811_HUMAN","P87461","Protein GENE0811",4.1076,0.032115,0.009937,1.5234,2.0028,5,4,FALSE,FALSE,TRUE
"GENE1788","GENE1788_HUMAN","P92417","Protein GENE1788",-0.7867,1,0.898375,0,0.0465,3,2,FALSE,FALSE,FALSE
"GENE0852","GENE0852_HUMAN","P76543","Protein GENE0852",0.2721,0.68113,0.336287,0.1859,0.4733,2,3,FALSE,FALSE,FALSE
"GENE1993","GENE1993_HUMAN","P96868","Protein GENE1993",-0.1739,1,0.833774,0,0.079,3,6,FALSE,FALSE,FALSE
"GENE2419","GENE2419_HUMAN","P92185","Protein GENE2419",3.671,0.078037,0.018686,1.2447,1.7285,6,2,FALSE,FALSE,TRUE
"GENE1427","GENE1427_HUMAN","P82530","Protein GENE1427",-0.162,1,0.379824,0,0.4204,2,4,FALSE,FALSE,FALSE
"GENE2598","GENE2598_HUMAN","P61754","Protein GENE2598",2.1688,0.068201,0.016914,1.1596,1.7718,4,2,FALSE,TRUE,TRUE
"GENE0404","GENE0404_HUMAN","P60510","Protein GENE0404",-0.1793,0.575815,0.180465,0.2793,0.7436,5,5,FALSE,FALSE,FALSE
"GENE0751","GENE0751_HUMAN","P62351","Protein GENE0751",0.571,0.57998,0.186624,0.4411,0.729,5,6,FALSE,FALSE,FALSE
"GENE0741","GENE0741_HUMAN","P78856","Protein GENE0741",-0.2325,0.582113,0.118025,0.5198,0.928,5,2,FALSE,FALSE,FALSE
"GENE0239","GENE0239_HUMAN","P27296","Protein GENE0239",0.1236,1,0.853409,0,0.0688,3,5,FALSE,TRUE,FALSE
"GENE0500","GENE0500_HUMAN","P57871","Protein GENE0500",0.2626,1,0.733732,0,0.1345,2,6,FALSE,FALSE,FALSE
"GENE1013","GENE1013_HUMAN","P46422","Protein GENE1013",0.7293,0.103234,0.0309,0.9437,1.51,6,3,FALSE,FALSE,TRUE
"GENE1999","GENE1999_HUMAN","P17319","Protein GENE1999",-0.3537,1,0.649325,0,0.1875,3,3,FALSE,FALSE,FALSE
"GENE2337","GENE2337_HUMAN","P92880","Protein GENE2337",0.3094,0.611687,0.336307,0.1868,0.4733,5,4,FALSE,FALSE,FALSE
"GENE0155","GENE0155_HUMAN","P50244","Protein GENE0155",-0.3827,0.776412,0.194719,0.4209,0.7106,6,4,TRUE,FALSE,FALSE
"GENE2247","GENE2247_HUMAN","P37304","Protein GENE2247",1.6705,0.055483,0.041482,0.9629,1.3821,3,3,FALSE,FALSE,TRUE
"GENE0782","GENE0782_HUMAN","P74889","Protein GENE0782",-0.0311,1,0.925829,0,0.0335,2,2,FALSE,FALSE,FALSE
"GENE0804","GENE0804_HUMAN","P23871","Protein GENE0804",0.0528,1,0.443794,0.0785,0.3528,4,5,FALSE,FALSE,FALSE
"GENE0234","GENE0234_HUMAN","P29969","Protein GENE0234",-0.755,0.397408,0.119103,0.4952,0.9241,6,4,FALSE,TRUE,FALSE
"GENE2495","GENE2495_HUMAN","P23150","Protein GENE2495",0.0627,1,0.36546,0,0.4372,5,5,TRUE,TRUE,FALSE
"GENE0627","GENE0627_HUMAN","P14174","Protein GENE0627",2.9324,0.150626,0.030731,0.8166,1.5124,4,4,FALSE,TRUE,TRUE
"GENE0042","GENE0042_HUMAN","P52481","Protein GENE0042",-3.5048,0.041166,0.029648,1.3873,1.528,5,6,FALSE,TRUE,TRUE
"GENE1713","GENE1713_HUMAN","P66999","Protein GENE1713",-0.4953,0.760969,0.19492,0.5761,0.7101,2,6,FALSE,FALSE,FALSE
"GPATCH2","GPATCH2_HUMAN","P53769","Protein GPATCH2",2.5146,0.181464,0.036625,0.883,1.4362,5,3,FALSE,FALSE,TRUE
"GENE0547","GENE0547_HUMAN","P77015","Protein GENE0547",0.2925,1,0.871605,0,0.0597,4,5,FALSE,FALSE,FALSE
"GENE1485","GENE1485_HUMAN","P61444","Protein GENE1485",0.4435,1,0.613675,0,0.2121,2,3,TRUE,FALSE,FALSE
"GENE0203","GENE0203_HUMAN","P45912","Protein GENE0203",2.6163,0.022958,0.00807,1.8816,2.0931,6,2,FALSE,FALSE,TRUE
"GENE1635","GENE1635_HUMAN","P91005","Protein GENE1635",0.2495,0.789598,0.202169,0.2898,0.6943,5,6,FALSE,TRUE,FALSE
"GENE0993","GENE0993_HUMAN","P38096","Protein GENE0993",-0.1478,1,0.267612,0.3067,0.5725,5,5,FALSE,FALSE,FALSE
"GENE0191","GENE0191_HUMAN","P00559","Protein GENE0191",2.0039,0.201377,0.0412,0.8641,1.3851,4,4,FALSE,FALSE,TRUE
"GENE0909","GENE0909_HUMAN","P00833","Protein GENE0909",0.2265,1,0.861053,0.0202,0.065,3,6,FALSE,FALSE,FALSE
"GENE1047","GENE1047_HUMAN","P84240","Protein GENE1047",2.187,0.201042,0.04772,0.7939,1.3213,3,2,FALSE,FALSE,TRUE
"GENE1213","GENE1213_HUMAN","P58551","Protein GENE1213",2.6262,0.014569,0.006035,1.5898,2.2194,3,5,FALSE,FALSE,TRUE
"GENE0512","GENE0512_HUMAN","P69903","Protein GENE0512",-0.0486,1,0.857399,0,0.0668,2,3,FALSE,TRUE,FALSE
"GENE2718","GENE2718_HUMAN","P90680","Protein GENE2718",-0.7508,0.295528,0.135213,0.255,0.869,5,5,FALSE,TRUE,FALSE
"GENE1200","GENE1200_HUMAN","P00464","Protein GENE1200",0.2845,0.862488,0.586159,0,0.232,2,4,FALSE,FALSE,FALSE
"GENE2681","GENE2681_HUMAN","P34256","Protein GENE2681",-0.2733,1,0.625661,0.0362,0.2037,6,3,FALSE,FALSE,FALSE
"GENE0836","GENE0836_HUMAN","P38606","Protein GENE0836",0.6149,0.020577,0.012661,1.368,1.8975,5,2,TRUE,FALSE,TRUE
"GENE0201","GENE0201_HUMAN","P36947","Protein GENE0201",0.1167,1,0.819407,0,0.0865,2,2,FALSE,FALSE,FALSE
"GENE1136","GENE1136_HUMAN","P73788","Protein GENE1136",1.1992,0.061615,0.027365,0.9806,1.5628,5,4,FALSE,FALSE,TRUE
"GENE2311","GENE2311_HUMAN","P26605","Protein GENE2311",0.1744,0.232717,0.198987,0.4142,0.7012,6,5,FALSE,FALSE,FALSE
"GENE2813","GENE2813_HUMAN","P57725","Protein GENE2813",3.4539,0.00743,0.00389,2.3366,2.4101,6,2,FALSE,FALSE,TRUE
"GENE2883","GENE2883_HUMAN","P04393","Protein GENE2883",-0.0407,1,0.647954,0,0.1885,4,3,TRUE,FALSE,FALSE
"GENE1857","GENE1857_HUMAN","P83045","Protein GENE1857",0.5352,1,0.926014,0,0.0334,5,3,FALSE,FALSE,FALSE
"GENE1611","GENE1611_HUMAN","P51179","Protein GENE1611",4.0849,0.127526,0.039492,0.7226,1.4035,5,3,FALSE,FALSE,TRUE
"GENE0482","GENE0482_HUMAN","P65895","Protein GENE0482",0.051,1,0.783375,0,0.106,3,3,FALSE,FALSE,FALSE
"GENE2206","GENE2206_HUMAN","P89480","Protein GENE2206",0.3151,1,0.757549,0,0.1206,3,6,FALSE,FALSE,FALSE
"GENE0405","GENE0405_HUMAN","P09924","Protein GENE0405",-0.0409,1,0.746466,0,0.127,3,5,FALSE,FALSE,FALSE
"GENE1870","GENE1870_HUMAN","P60078","Protein GENE1870",-0.5115,1,0.406936,0.17,0.3905,4,3,FALSE,FALSE,FALSE
"GENE2754","GENE2754_HUMAN","P10895","Protein GENE2754",-0.9389,1,0.904959,0,0.0434,4,2,FALSE,FALSE,FALSE
"GENE0724","GENE0724_HUMAN","P76441","Protein GENE0724",-0.3996,0.783474,0.434489,0,0.362,2,2,FALSE,FALSE,FALSE
"GENE1763","GENE1763_HUMAN","P53126","Protein GENE1763",3.7195,0.136641,0.032748,1.0309,1.4848,5,3,TRUE,FALSE,TRUE
"GENE2753","GENE2753_HUMAN","P10986","Protein GENE2753",-1.9272,0.095868,0.036634,0.9509,1.4361,4,3,FALSE,FALSE,TRUE
"GENE0252","GENE0252_HUMAN","P36098","Protein GENE0252",0.5833,1,0.85495,0,0.0681,4,4,FALSE,FALSE,FALSE
"GENE1610","GENE1610_HUMAN","P31974","Protein GENE1610",0.9468,0.00214,0.001884,2.1947,2.725,6,5,FALSE,FALSE,TRUE
"GENE1204","GENE1204_HUMAN","P03879","Protein GENE1204",0.4271,1,0.7973,0,0.0984,6,2,FALSE,FALSE,FALSE
"GENE2030","GENE2030_HUMAN","P76855","Protein GENE2030",-1.7412,0.057534,0.041999,0.7092,1.3768,2,3,FALSE,FALSE,TRUE
"GENE1583","GENE1583_HUMAN","P84269","Protein GENE1583",0.4193,0.593591,0.179942,0.2387,0.7449,5,3,FALSE,FALSE,FALSE
"GENE0784","GENE0784_HUMAN","P51340","Protein GENE0784",2.2511,0.02372,0.010259,1.8533,1.9889,3,6,FALSE,FALSE,TRUE
"GENE0934","GENE0934_HUMAN","P16853","Protein GENE0934",0.3388,1,0.941879,0,0.026,6,6,FALSE,FALSE,FALSE
"GENE1577","GENE1577_HUMAN","P81907","Protein GENE1577",-0.2056,1,0.6823,0,0.166,5,2,FALSE,FALSE,FALSE
"GENE1579","GENE1579_HUMAN","P98502","Protein GENE1579",3.1919,0.028468,0.02434,1.1519,1.6137,4,3,FALSE,FALSE,TRUE
"GENE2396","GENE2396_HUMAN","P81549","Protein GENE2396",0.1014,1,0.490229,0.0622,0.3096,6,6,FALSE,TRUE,FALSE
"GENE2062","GENE2062_HUMAN","P39271","Protein GENE2062",-0.4129,1,0.520037,0,0.284,6,4,FALSE,FALSE,FALSE
"GENE1845","GENE1845_HUMAN","P61243","Protein GENE1845",0.5459,1,0.973969,0,0.0115,2,4,FALSE,TRUE,FALSE
"GENE1695","GENE1695_HUMAN","P05104","Protein GENE1695",0.0987,1,0.558415,0,0.253,2,6,FALSE,FALSE,FALSE
"GENE0470","GENE0470_HUMAN","P45796","Protein GENE0470",0.3198,0.223309,0.116063,0.4883,0.9353,3,6,FALSE,FALSE,FALSE
"GENE1492","GENE1492_HUMAN","P64978","Protein GENE1492",0.7225,0.86597,0.257985,0.1311,0.5884,2,5,FALSE,TRUE,FALSE
"GENE2593","GENE2593_HUMAN","P12472","Protein GENE2593",0.769,1,0.453329,0,0.3436,3,3,FALSE,FALSE,FALSE
"GENE2328","GENE2328_HUMAN","P18178","Protein GENE2328",0.2212,1,0.889106,0,0.051,4,2,FALSE,FALSE,FALSE
"GENE1732","GENE1732_HUMAN","P36113","Protein GENE1732",-2.5614,0.140425,0.04363,1.0611,1.3602,5,5,FALSE,FALSE,TRUE
"GENE1578","GENE1578_HUMAN","P70875","Protein GENE1578",-0.4911,0.931937,0.492075,0.0424,0.308,4,2,FALSE,FALSE,FALSE
"GENE0040","GENE0040_HUMAN","P44042","Protein GENE0040",-0.2051,0.750052,0.465681,0,0.3319,5,5,FALSE,FALSE,FALSE
"GENE2579","GENE2579_HUMAN","P45418","Protein GENE2579",-0.1886,0.28387,0.128398,0.2402,0.8914,5,4,FALSE,FALSE,FALSE
"GENE2748","GENE2748_HUMAN","P74389","Protein GENE2748",0.3642,1,0.775941,0,0.1102,5,3,FALSE,FALSE,FALSE
"GENE0794","GENE0794_HUMAN","P06017","Protein GENE0794",-0.1612,0.499447,0.118482,0.6263,0.9263,3,3,TRUE,FALSE,FALSE
"GENE0566","GENE0566_HUMAN","P56593","Protein GENE0566",-0.3885,1,0.61097,0,0.214,6,2,FALSE,TRUE,FALSE
"GENE1076","GENE1076_HUMAN","P61554","Protein GENE1076",-3.3543,0.186986,0.04105,1.094,1.3867,5,6,FALSE,FALSE,TRUE
"GENE1972","GENE1972_HUMAN","P36045","Protein GENE1972",0.1554,1,0.687013,0,0.163,5,5,FALSE,FALSE,FALSE
"GENE1774","GENE1774_HUMAN","P74552","Protein GENE1774",0.0176,1,0.328922,0.2508,0.4829,5,2,FALSE,FALSE,FALSE
"GENE2672","GENE2672_HUMAN","P07317","Protein GENE2672",-3.9551,0.067759,0.045257,0.8082,1.3443,3,5,FALSE,FALSE,TRUE
"GENE0073","GENE0073_HUMAN","P99741","Protein GENE0073",-0.2932,1,0.639966,0.0946,0.1938,4,4,FALSE,FALSE,FALSE
"GENE0207","GENE0207_HUMAN","P53663","Protein GENE0207",3.8864,0.073321,0.042964,1.2024,1.3669,3,6,FALSE,FALSE,TRUE
"GENE1418","GENE1418_HUMAN","P55291","Protein GENE1418",-0.1664,0.107453,0.061058,0.9918,1.2143,2,6,FALSE,FALSE,FALSE
"GENE1468","GENE1468_HUMAN","P80052","Protein GENE1468",0.1844,0.202699,0.084592,0.6331,1.0727,5,4,FALSE,FALSE,FALSE
"GENE1736","GENE1736_HUMAN","P73752","Protein GENE1736",-1.0424,1,0.346273,0.4137,0.4606,4,3,FALSE,FALSE,FALSE
"GENE0642","GENE0642_HUMAN","P81356","Protein GENE0642",0.9741,0.020067,0.006653,1.494,2.177,4,3,FALSE,FALSE,TRUE
"GENE0164","GENE0164_HUMAN","P43788","Protein GENE0164",0.1111,1,0.5929,0.2254,0.227,5,4,FALSE,TRUE,FALSE
"GENE2183","GENE2183_HUMAN","P35413","Protein GENE2183",0.8762,1,0.380887,0,0.4192,5,4,FALSE,FALSE,FALSE
"GENE0941","GENE0941_HUMAN","P05056","Protein GENE0941",-0.4794,1,0.760055,0,0.1192,2,2,FALSE,FALSE,FALSE
"GENE2740","GENE2740_HUMAN","P87202","Protein GENE2740",2.2849,0.143397,0.048781,0.7002,1.3117,3,2,FALSE,TRUE,TRUE
"GENE0471","GENE0471_HUMAN","P28212","Protein GENE0471",0.1385,1,0.830417,0,0.0807,4,2,FALSE,FALSE,FALSE
"GENE1493","GENE1493_HUMAN","P45966","Protein GENE1493",-0.203,1,0.869684,0,0.0606,5,5,FALSE,FALSE,FALSE
"GENE2809","GENE2809_HUMAN","P87780","Protein GENE2809",0.2632,1,0.871726,0.0449,0.0596,3,3,FALSE,FALSE,FALSE
"GENE2546","GENE2546_HUMAN","P89739","Protein GENE2546",3.6629,0.035852,0.011784,1.5925,1.9287,6,6,FALSE,FALSE,TRUE
"GENE1765","GENE1765_HUMAN","P90492","Protein GENE1765",-2.9124,0.062799,0.017979,1.0651,1.7452,3,4,FALSE,FALSE,TRUE
"GENE0756","GENE0756_HUMAN","P84069","Protein GENE0756",-0.666,1,0.870939,0,0.06,2,4,FALSE,FALSE,FALSE
"GENE0587","GENE0587_HUMAN","P84515","Protein GENE0587",0.5198,0.484758,0.10725,0.4254,0.9696,3,4,FALSE,FALSE,FALSE
"GENE1393","GENE1393_HUMAN","P40979","Protein GENE1393",0.2112,0.570218,0.148765,0.5073,0.8275,3,5,FALSE,TRUE,FALSE
"GENE0436","GENE0436_HUMAN","P66043","Protein GENE0436",-0.5495,1,0.445762,0.0835,0.3509,4,2,FALSE,FALSE,FALSE
"GENE1415","GENE1415_HUMAN","P84677","Protein GENE1415",0.5695,1,0.918124,0,0.0371,6,3,FALSE,TRUE,FALSE
"GENE1986","GENE1986_HUMAN","P78139","Protein GENE1986",-0.1899,1,0.99566,0,0.0019,6,2,FALSE,FALSE,FALSE
"GENE2749","GENE2749_HUMAN","P71637","Protein GENE2749",-0.1794,1,0.823399,0,0.0844,6,6,FALSE,FALSE,FALSE
"GENE0335","GENE0335_HUMAN","P84495","Protein GENE0335",0.0028,1,0.844456,0,0.0734,6,5,FALSE,FALSE,FALSE
"GENE0253","GENE0253_HUMAN","P50565","Protein GENE0253",-0.1179,0.980992,0.963316,0,0.0162,3,6,FALSE,FALSE,FALSE
"GENE1399","GENE1399_HUMAN","P98608","Protein GENE1399",0.1784,0.74394,0.533981,0,0.2725,4,3,FALSE,FALSE,FALSE
"GENE0797","GENE0797_HUMAN","P19907","Protein GENE0797",0.3612,0.950294,0.264917,0.1109,0.5769,4,4,FALSE,FALSE,FALSE
"GENE0443","GENE0443_HUMAN","P20173","Protein GENE0443",0.2007,1,0.617361,0.17,0.2095,4,6,TRUE,TRUE,FALSE
"GENE0323","GENE0323_HUMAN","P09229","Protein GENE0323",-0.3355,0.655913,0.440719,0.1076,0.3558,3,6,FALSE,FALSE,FALSE
"GENE0047","GENE0047_HUMAN","P67069","Protein GENE0047",0.0438,1,0.420485,0.0378,0.3762,3,3,FALSE,FALSE,FALSE
"GPATCH8","GPATCH8_HUMAN","P35788","Protein GPATCH8",-0.2961,0.577795,0.422984,0.0647,0.3737,6,3,FALSE,FALSE,FALSE
"GENE2879","GENE2879_HUMAN","P41694","Protein GENE2879",0.0508,1,0.512534,0,0.2903,3,5,FALSE,FALSE,FALSE
"GENE0534","GENE0534_HUMAN","P79761","Protein GENE0534",3.6375,0.094917,0.024062,0.9901,1.6187,5,4,FALSE,FALSE,TRUE
"GENE2745","GENE2745_HUMAN","P28444","Protein GENE2745",0.3324,1,0.748941,0,0.1256,6,2,FALSE,FALSE,FALSE
"GENE2302","GENE2302_HUMAN","P92010","Protein GENE2302",-0.0797,1,0.263309,0,0.5795,4,2,FALSE,FALSE,FALSE
"GENE2417","GENE2417_HUMAN","P75518","Protein GENE2417",-0.5131,0.470803,0.172451,0.6625,0.7633,4,2,FALSE,TRUE,FALSE
"GENE0772","GENE0772_HUMAN","P92402","Protein GENE0772",-0.0369,1,0.646152,0,0.1897,5,3,FALSE,FALSE,FALSE
"GENE0105","GENE0105_HUMAN","P74482","Protein GENE0105",-0.1888,0.654731,0.181616,0.6961,0.7408,3,4,FALSE,FALSE,FALSE
"GENE2530","GENE2530_HUMAN","P85588","Protein GENE2530",-0.0398,0.341301,0.078869,0.5166,1.1031,4,6,FALSE,FALSE,FALSE
"GENE1888","GENE1888_HUMAN","P44829","Protein GENE1888",0.9459,0.082615,0.035096,0.9467,1.4547,2,3,FALSE,FALSE,TRUE
"GENE1586","GENE1586_HUMAN","P00260","Protein GENE1586",-0.6054,0.034225,0.009269,1.6963,2.033,3,3,FALSE,FALSE,TRUE
"GENE1349","GENE1349_HUMAN","P30073","Protein GENE1349",-1.028,1,0.917794,0,0.0373,5,2,FALSE,TRUE,FALSE
"GENE0508","GENE0508_HUMAN","P78791","Protein GENE0508",-0.3086,1,0.925893,0,0.0334,2,6,TRUE,FALSE,FALSE
"GENE2880","GENE2880_HUMAN","P10032","Protein GENE2880",-0.3404,1,0.428182,0.1005,0.3684,4,3,FALSE,FALSE,FALSE
"GENE0396","GENE0396_HUMAN","P45113","Protein GENE0396",-0.592,0.994234,0.308604,0,0.5106,4,5,FALSE,FALSE,FALSE
"GENE2582","GENE2582_HUMAN","P33028","Protein GENE2582",-0.1992,1,0.850033,0,0.0706,4,3,FALSE,FALSE,FALSE
"GENE0699","GENE0699_HUMAN","P41362","Protein GENE0699",-0.1362,1,0.569164,0,0.2448,5,2,FALSE,FALSE,FALSE
"GENE0972","GENE0972_HUMAN","P17182","Protein GENE0972",-0.1994,1,0.384148,0.0641,0.4155,2,2,FALSE,FALSE,FALSE
"GENE0666","GENE0666_HUMAN","P07820","Protein GENE0666",-0.3519,0.461477,0.288402,0,0.54,6,4,FALSE,FALSE,FALSE
"GENE1173","GENE1173_HUMAN","P00904","Protein GENE1173",0.0299,1,0.455948,0,0.3411,3,4,FALSE,FALSE,FALSE
"GENE2449","GENE2449_HUMAN","P17076","Protein GENE2449",-0.1794,0.116712,0.065651,0.5005,1.1828,2,3,FALSE,FALSE,FALSE
"GENE1624","GENE1624_HUMAN","P15921","Protein GENE1624",0.2246,0.606616,0.331007,0.1015,0.4802,6,4,TRUE,FALSE,FALSE
"GENE2493","GENE2493_HUMAN","P12750","Protein GENE2493",0.0506,1,0.533712,0.199,0.2727,6,3,FALSE,FALSE,FALSE
"GENE1939","GENE1939_HUMAN","P94551","Protein GENE1939",0.0622,1,0.542808,0,0.2654,3,2,TRUE,FALSE,FALSE
"GENE2382","GENE2382_HUMAN","P53469","Protein GENE2382",0.1979,0.554778,0.136399,0.6337,0.8652,3,4,FALSE,FALSE,FALSE
"GENE2005","GENE2005_HUMAN","P29282","Protein GENE2005",0.1025,1,0.614351,0,0.2116,4,6,FALSE,TRUE,FALSE
"GENE0625","GENE0625_HUMAN","P97546","Protein GENE0625",-0.4085,0.501711,0.11403,0.246,0.943,2,6,TRUE,FALSE,FALSE
"GENE0417","GENE0417_HUMAN","P56653","Protein GENE0417",-0.1394,0.615104,0.126263,0.4747,0.8987,3,5,TRUE,FALSE,FALSE
"GENE2751","GENE2751_HUMAN","P69215","Protein GENE2751",-0.3704,0.242724,0.063352,0.9151,1.1982,3,3,FALSE,TRUE,FALSE
"GENE2715","GENE2715_HUMAN","P21976","Protein GENE2715",0.7495,0.526175,0.219854,0.1817,0.6579,5,6,FALSE,FALSE,FALSE
"GENE0094","GENE0094_HUMAN","P42437","Protein GENE0094",-0.1,1,0.756317,0,0.1213,5,5,FALSE,FALSE,FALSE
"GENE0331","GENE0331_HUMAN","P91461","Protein GENE0331",0.4743,1,0.931183,0,0.031,2,5,FALSE,FALSE,FALSE
"GENE0403","GENE0403_HUMAN","P25401","Protein GENE0403",-4.4606,0.044214,0.01139,1.4195,1.9435,6,2,FALSE,FALSE,TRUE
"GENE1820","GENE1820_HUMAN","P74383","Protein GENE1820",-0.3997,1,0.489419,0,0.3103,2,6,FALSE,FALSE,FALSE
"GENE2528","GENE2528_HUMAN","P85198","Protein GENE2528",0.1623,0.431719,0.139538,0.4923,0.8553,4,2,FALSE,FALSE,FALSE
"GENE1946","GENE1946_HUMAN","P50777","Protein GENE1946",-0.1696,1,0.309271,0.1879,0.5097,4,2,FALSE,FALSE,FALSE
"GENE0892","GENE0892_HUMAN","P27326","Protein GENE0892",-0.0395,1,0.939038,0,0.0273,5,2,FALSE,FALSE,FALSE
"GENE0445","GENE0445_HUMAN","P30033","Protein GENE0445",-0.7317,0.150865,0.095952,0.4188,1.0179,3,6,FALSE,FALSE,FALSE
"GENE1164","GENE1164_HUMAN","P76212","Protein GENE1164",-0.6728,1,0.249012,0.0685,0.6038,5,6,FALSE,FALSE,FALSE
"GENE0340","GENE0340_HUMAN","P35774","Protein GENE0340",4.4777,0.136092,0.031227,1.0416,1.5055,4,3,FALSE,FALSE,TRUE
"GENE1160","GENE1160_HUMAN","P55674","Protein GENE1160",-0.3671,1,0.679408,0.0265,0.1679,4,3,FALSE,FALSE,FALSE
"GENE0190","GENE0190_HUMAN","P22953","Protein GENE0190",-0.0771,1,0.499875,0,0.3011,3,3,FALSE,FALSE,FALSE
"GENE0489","GENE0489_HUMAN","P54655","Protein GENE0489",0.5331,0.020696,0.013879,1.6911,1.8576,5,4,FALSE,FALSE,TRUE
"GENE0920","GENE0920_HUMAN","P48049","Protein GENE0920",-0.5114,0.835184,0.501686,0,0.2996,3,2,FALSE,FALSE,FALSE
"GENE2514","GENE2514_HUMAN","P42907","Protein GENE2514",-0.2657,1,0.482917,0.0281,0.3161,5,3,FALSE,FALSE,FALSE
"GENE2707","GENE2707_HUMAN","P75185","Protein GENE2707",-0.1593,0.207746,0.121872,0.8327,0.9141,3,2,FALSE,FALSE,FALSE
"GENE1264","GENE1264_HUMAN","P43854","Protein GENE1264",0.1767,0.357537,0.335404,0,0.4744,4,5,FALSE,FALSE,FALSE
"GENE1794","GENE1794_HUMAN","P47600","Protein GENE1794",-0.4311,1,0.449283,0,0.3475,5,2,FALSE,FALSE,FALSE
"GENE2865","GENE2865_HUMAN","P66726","Protein GENE2865",-0.4719,1,0.596187,0,0.2246,6,4,FALSE,TRUE,FALSE
"GENE1741","GENE1741_HUMAN","P76631","Protein GENE1741",0.0301,0.185902,0.171139,0.1141,0.7667,3,3,FALSE,TRUE,FALSE
"GENE2516","GENE2516_HUMAN","P58186","Protein GENE2516",0.1491,1,0.756455,0,0.1212,4,4,FALSE,FALSE,FALSE
"GENE2273","GENE2273_HUMAN","P81622","Protein GENE2273",-4.4813,0.013029,0.007057,1.8338,2.1514,6,5,FALSE,FALSE,TRUE
"DDX21","DDX21_HUMAN","P76268","Protein DDX21",-0.2355,1,0.832849,0,0.0794,3,2,FALSE,FALSE,FALSE
"GENE0336","GENE0336_HUMAN","P51114","Protein GENE0336",2.3188,0.104186,0.03148,0.8792,1.502,6,6,TRUE,FALSE,TRUE
"GENE2612","GENE2612_HUMAN","P36037","Protein GENE2612",-1.6987,0.052519,0.011704,1.6985,1.9317,5,2,FALSE,FALSE,TRUE
"GENE1121","GENE1121_HUMAN","P65444","Protein GENE1121",0.2685,0.681553,0.637154,0.0631,0.1958,6,6,FALSE,FALSE,FALSE
"GENE2747","GENE2747_HUMAN","P11930","Protein GENE2747",-0.1936,1,0.403552,0,0.3941,4,6,FALSE,FALSE,FALSE
"GENE2149","GENE2149_HUMAN","P25631","Protein GENE2149",-0.3844,1,0.385253,0.3447,0.4143,2,2,FALSE,FALSE,FALSE
"GENE1325","GENE1325_HUMAN","P26491","Protein GENE1325",2.5824,0.053286,0.021805,1.0946,1.6614,6,5,FALSE,FALSE,TRUE
"GENE0704","GENE0704_HUMAN","P06614","Protein GENE0704",0.4653,0.584918,0.288923,0.1552,0.5392,4,6,FALSE,FALSE,FALSE
"GENE1681","GENE1681_HUMAN","P90938","Protein GENE1681",-0.8241,1,0.650881,0,0.1865,6,4,TRUE,FALSE,FALSE
"GENE2248","GENE2248_HUMAN","P52830","Protein GENE2248",0.4963,0.471014,0.313938,0.1675,0.5032,3,4,FALSE,FALSE,FALSE
"GENE1450","GENE1450_HUMAN","P34206","Protein GENE1450",-0.5609,0.394838,0.320971,0.2547,0.4935,2,2,FALSE,TRUE,FALSE
"GENE1362","GENE1362_HUMAN","P20734","Protein GENE1362",-0.229,1,0.769018,0,0.1141,4,6,FALSE,TRUE,FALSE
"GENE1447","GENE1447_HUMAN","P83158","Protein GENE1447",0.1825,0.138735,0.118489,0.2733,0.9263,3,3,TRUE,FALSE,FALSE
"GENE2522","GENE2522_HUMAN","P71850","Protein GENE2522",0.3428,1,0.688524,0,0.1621,3,5,FALSE,FALSE,FALSE
"GENE1066","GENE1066_HUMAN","P65162","Protein GENE1066",0.3881,1,0.367357,0.3628,0.4349,2,5,FALSE,FALSE,FALSE
"GENE1383","GENE1383_HUMAN","P66219","Protein GENE1383",0.3752,0.282086,0.153784,0.2732,0.8131,5,2,FALSE,FALSE,FALSE
"GENE2280","GENE2280_HUMAN","P47175","Protein GENE2280",-0.3605,1,0.610566,0.0716,0.2143,6,4,FALSE,FALSE,FALSE
"GENE2047","GENE2047_HUMAN","P07249","Protein GENE2047",0.3362,1,0.336075,0.2709,0.4736,6,6,TRUE,FALSE,FALSE
"GENE0131","GENE0131_HUMAN","P88075","Protein GENE0131",-0.3681,0.310053,0.138224,0.1621,0.8594,4,3,FALSE,FALSE,FALSE
"GENE2651","GENE2651_HUMAN","P89840","Protein GENE2651",0.0247,1,0.675476,0.0474,0.1704,3,4,FALSE,FALSE,FALSE
"GENE1096","GENE1096_HUMAN","P42755","Protein GENE1096",0.4194,0.962782,0.740182,0,0.1307,5,6,FALSE,FALSE,FALSE
"GENE2539","GENE2539_HUMAN","P53413","Protein GENE2539",0.1913,0.580906,0.29031,0.3,0.5371,4,3,FALSE,FALSE,FALSE
"GENE0693","GENE0693_HUMAN","P16311","Protein GENE0693",-0.1002,1,0.744292,0,0.1283,4,5,TRUE,FALSE,FALSE
"MED15","MED15_HUMAN","P52234","Protein MED15",2.0985,0.082828,0.023912,1.0805,1.6214,4,2,FALSE,FALSE,TRUE
"GENE0464","GENE0464_HUMAN","P71745","Protein GENE0464",0.3811,0.389217,0.214042,0.3976,0.6695,4,2,TRUE,TRUE,FALSE
"GENE1639","GENE1639_HUMAN","P50326","Protein GENE1639",0.1438,1,0.820531,0,0.0859,5,2,FALSE,FALSE,FALSE
"GENE2763","GENE2763_HUMAN","P33718","Protein GENE2763",1.6835,0.039886,0.029729,0.9921,1.5268,5,3,FALSE,FALSE,TRUE
"GENE2217","GENE2217_HUMAN","P42690","Protein GENE2217",-0.0282,0.802296,0.323815,0,0.4897,2,5,FALSE,FALSE,FALSE
"GENE2513","GENE2513_HUMAN","P45555","Protein GENE2513",0.1542,0.89773,0.454393,0.2705,0.3426,3,4,FALSE,FALSE,FALSE
"GENE2649","GENE2649_HUMAN","P08379","Protein GENE2649",-0.1577,1,0.562862,0,0.2496,6,2,FALSE,FALSE,FALSE
"GENE2702","GENE2702_HUMAN","P07012","Protein GENE2702",0.0769,1,0.911024,0,0.0405,3,6,FALSE,FALSE,FALSE
"GENE0918","GENE0918_HUMAN","P13359","Protein GENE0918",0.0629,1,0.492014,0,0.308,6,2,FALSE,FALSE,FALSE
"GENE0550","GENE0550_HUMAN","P66750","Protein GENE0550",-0.5078,1,0.591403,0,0.2281,6,4,FALSE,TRUE,FALSE
"GENE0631","GENE0631_HUMAN","P93310","Protein GENE0631",0.3297,1,0.628351,0,0.2018,3,3,FALSE,FALSE,FALSE
"GENE2827","GENE2827_HUMAN","P24811","Protein GENE2827",-0.2821,1,0.809664,0,0.0917,6,4,TRUE,FALSE,FALSE
"GENE1190","GENE1190_HUMAN","P77101","Protein GENE1190",0.1217,0.641539,0.182389,0.5943,0.739,3,5,TRUE,FALSE,FALSE
"GENE1842","GENE1842_HUMAN","P81663","Protein GENE1842",-0.3,1,0.488372,0,0.3112,3,4,FALSE,FALSE,FALSE
"GENE0292","GENE0292_HUMAN","P48041","Protein GENE0292",-0.0375,1,0.606727,0,0.217,2,2,FALSE,TRUE,FALSE
"GENE1645","GENE1645_HUMAN","P23667","Protein GENE1645",-0.5786,0.666049,0.586079,0.2089,0.232,5,5,FALSE,TRUE,FALSE
"GENE0788","GENE0788_HUMAN","P13716","Protein GENE0788",-0.1993,1,0.456542,0,0.3405,4,2,FALSE,FALSE,FALSE
"GENE0789","GENE0789_HUMAN","P76237","Protein GENE0789",-0.4915,1,0.820568,0,0.0859,5,4,FALSE,FALSE,FALSE
"GENE2003","GENE2003_HUMAN","P10888","Protein GENE2003",0.3832,0.760162,0.166001,0.2424,0.7799,4,2,FALSE,FALSE,FALSE
"GENE0903","GENE0903_HUMAN","P58527","Protein GENE0903",-0.2931,1,0.26751,0,0.5727,5,2,FALSE,FALSE,FALSE
"GENE1812","GENE1812_HUMAN","P92068","Protein GENE1812",-0.258,0.996174,0.875762,0.0307,0.0576,3,6,FALSE,FALSE,FALSE
"GENE1416","GENE1416_HUMAN","P34947","Protein GENE1416",-0.3881,1,0.547926,0,0.2613,5,3,TRUE,FALSE,FALSE
"GENE1925","GENE1925_HUMAN","P73592","Protein GENE1925",-0.0337,1,0.57951,0,0.2369,2,2,FALSE,FALSE,FALSE
"GENE0583","GENE0583_HUMAN","P62607","Protein GENE0583",-4.076,0.105326,0.034627,0.8415,1.4606,6,5,FALSE,FALSE,TRUE
"GENE1490","GENE1490_HUMAN","P86994","Protein GENE1490",-0.8818,1,0.813191,0,0.0898,2,4,FALSE,FALSE,FALSE
"GENE1943","GENE1943_HUMAN","P27169","Protein GENE1943",-0.0961,0.159007,0.122645,0.8048,0.9114,3,4,FALSE,TRUE,FALSE
"GENE2549","GENE2549_HUMAN","P10861","Protein GENE2549",0.2239,1,0.892768,0,0.0493,4,4,FALSE,FALSE,FALSE
"GENE1304","GENE1304_HUMAN","P79755","Protein GENE1304",0.3223,0.98446,0.672919,0.1356,0.172,4,3,FALSE,TRUE,FALSE
"GENE1339","GENE1339_HUMAN","P26353","Protein GENE1339",-0.1838,1,0.598111,0.1817,0.2232,4,2,FALSE,FALSE,FALSE
"GENE1798","GENE1798_HUMAN","P21061","Protein GENE1798",0.2301,1,0.712376,0,0.1473,3,3,FALSE,FALSE,FALSE
"GENE2772","GENE2772_HUMAN","P97738","Protein GENE2772",0.0491,1,0.369204,0,0.4327,3,4,FALSE,FALSE,FALSE
"GENE2626","GENE2626_HUMAN","P50478","Protein GENE2626",-0.0411,1,0.535524,0,0.2712,6,3,FALSE,FALSE,FALSE
"GENE2550","GENE2550_HUMAN","P01824","Protein GENE2550",0.0696,0.526753,0.140467,0.2142,0.8524,6,6,FALSE,TRUE,FALSE
"GENE2871","GENE2871_HUMAN","P53532","Protein GENE2871",-0.4887,1,0.555052,0,0.2557,5,2,TRUE,FALSE,FALSE
"GENE1347","GENE1347_HUMAN","P76487","Protein GENE1347",0.446,0.698335,0.437611,0,0.3589,2,6,FALSE,FALSE,FALSE
"GENE1385","GENE1385_HUMAN","P55333","Protein GENE1385",-0.6061,1,0.71007,0,0.1487,5,5,FALSE,FALSE,FALSE
"GENE1908","GENE1908_HUMAN","P38129","Protein GENE1908",-0.2225,1,0.93527,0,0.0291,3,6,FALSE,FALSE,FALSE
"GENE0452","GENE0452_HUMAN","P55052","Protein GENE0452",-0.4367,1,0.583981,0,0.2336,5,4,FALSE,FALSE,FALSE
"GENE1069","GENE1069_HUMAN","P20037","Protein GENE1069",0.2331,0.125779,0.065152,0.9935,1.1861,4,4,FALSE,FALSE,FALSE
"GENE1700","GENE1700_HUMAN","P56276","Protein GENE1700",1.3719,0.013875,0.006563,1.5822,2.1829,4,4,FALSE,FALSE,TRUE
"GENE1254","GENE1254_HUMAN","P12173","Protein GENE1254",-0.4986,1,0.244813,0.1845,0.6112,3,2,FALSE,FALSE,FALSE
"GENE1786","GENE1786_HUMAN","P51279","Protein GENE1786",0.0947,1,0.908036,0,0.0419,3,4,FALSE,FALSE,FALSE
"GENE0812","GENE0812_HUMAN","P89372","Protein GENE0812",-0.0486,1,0.442732,0,0.3539,4,5,FALSE,FALSE,FALSE
"GENE2885","GENE2885_HUMAN","P39322","Protein GENE2885",0.2368,1,0.297281,0.0853,0.5268,5,3,FALSE,FALSE,FALSE
"GENE0528","GENE0528_HUMAN","P16662","Protein GENE0528",0.5053,1,0.875366,0,0.0578,4,4,FALSE,FALSE,FALSE
"GENE0055","GENE0055_HUMAN","P26548","Protein GENE0055",-0.5676,1,0.296173,0.0436,0.5285,3,4,FALSE,FALSE,FALSE
"GENE1370","GENE1370_HUMAN","P11222","Protein GENE1370",-0.4561,1,0.982304,0,0.0078,3,5,FALSE,FALSE,FALSE
"GENE2441","GENE2441_HUMAN","P94745","Protein GENE2441",0.0018,0.376631,0.16846,0.5586,0.7735,6,6,FALSE,FALSE,FALSE
"GENE0585","GENE0585_HUMAN","P43635","Protein GENE0585",0.2479,0.775588,0.295286,0.3224,0.5298,3,3,FALSE,FALSE,FALSE
"GENE2008","GENE2008_HUMAN","P10249","Protein GENE2008",-0.0406,1,0.897071,0,0.0472,5,3,TRUE,FALSE,FALSE
"GENE0965","GENE0965_HUMAN","P19897","Protein GENE0965",-0.9758,1,0.769946,0,0.1135,6,4,FALSE,FALSE,FALSE
"GENE2215","GENE2215_HUMAN","P35616","Protein GENE2215",0.9218,1,0.655007,0,0.1838,3,6,FALSE,FALSE,FALSE
"GENE1561","GENE1561_HUMAN","P95703","Protein GENE1561",0.4011,0.815527,0.671034,0.154,0.1733,6,2,FALSE,TRUE,FALSE
"GENE1020","GENE1020_HUMAN","P11570","Protein GENE1020",-0.2002,1,0.702186,0,0.1535,5,4,FALSE,FALSE,FALSE
"GENE1869","GENE1869_HUMAN","P38243","Protein GENE1869",0.3693,1,0.534544,0,0.272,6,3,FALSE,FALSE,FALSE
"GENE1352","GENE1352_HUMAN","P52356","Protein GENE1352",-0.3889,1,0.54336,0,0.2649,4,4,FALSE,FALSE,FALSE
"GENE1326","GENE1326_HUMAN","P42543","Protein GENE1326",-3.8403,0.177146,0.035504,1.2924,1.4497,2,3,FALSE,FALSE,TRUE
"GENE2577","GENE2577_HUMAN","P76250","Protein GENE2577",-3.9899,0.047894,0.016315,1.1274,1.7874,4,3,FALSE,FALSE,TRUE
"GENE2096","GENE2096_HUMAN","P88140","Protein GENE2096",-0.2931,0.289574,0.110533,0.5957,0.9565,5,6,FALSE,FALSE,FALSE
"GENE2028","GENE2028_HUMAN","P92401","Protein GENE2028",-0.285,1,0.918505,0,0.0369,5,5,FALSE,FALSE,FALSE
"GENE2521","GENE2521_HUMAN","P32394","Protein GENE2521",-0.5445,1,0.930565,0,0.0313,6,3,FALSE,TRUE,FALSE
"GENE1435","GENE1435_HUMAN","P55812","Protein GENE1435",3.7725,0.147558,0.03657,1.0003,1.4369,5,2,FALSE,FALSE,TRUE
"GENE0787","GENE0787_HUMAN","P74883","Protein GENE0787",0.4605,0.083566,0.079666,0.8743,1.0987,3,2,FALSE,FALSE,FALSE
"GENE1199","GENE1199_HUMAN","P04269","Protein GENE1199",0.0059,0.689942,0.141207,0.2275,0.8501,2,6,FALSE,FALSE,FALSE
"GENE0147","GENE0147_HUMAN","P96729","Protein GENE0147",1.1317,0.10754,0.023321,1.1428,1.6322,5,4,TRUE,FALSE,TRUE
"GENE0020","GENE0020_HUMAN","P84309","Protein GENE0020",2.786,0.152971,0.043401,0.6636,1.3625,4,6,TRUE,FALSE,TRUE
"GENE1315","GENE1315_HUMAN","P79120","Protein GENE1315",0.4022,1,0.933706,0,0.0298,4,6,TRUE,FALSE,FALSE
"GENE1105","GENE1105_HUMAN","P87125","Protein GENE1105",-0.6399,1,0.481724,0,0.3172,2,2,FALSE,FALSE,FALSE
"GENE0352","GENE0352_HUMAN","P81990","Protein GENE0352",-0.2729,1,0.948457,0,0.023,4,6,FALSE,FALSE,FALSE
"GENE0194","GENE0194_HUMAN","P32380","Protein GENE0194",-0.1821,0.888097,0.219504,0.2146,0.6586,4,3,FALSE,FALSE,FALSE
"GENE0429","GENE0429_HUMAN","P63259","Protein GENE0429",-2.0002,0.134811,0.044089,0.8216,1.3557,5,6,FALSE,FALSE,TRUE
"GENE2068","GENE2068_HUMAN","P53653","Protein GENE2068",-0.1172,1,0.582211,0,0.2349,3,3,TRUE,FALSE,FALSE
"GENE1874","GENE1874_HUMAN","P19979","Protein GENE1874",2.564,0.005466,0.002167,2.594,2.6642,2,4,FALSE,FALSE,TRUE
"GENE2234","GENE2234_HUMAN","P73710","Protein GENE2234",-0.1027,1,0.300307,0.2719,0.5224,2,2,FALSE,TRUE,FALSE
"GENE2720","GENE2720_HUMAN","P27809","Protein GENE2720",-3.9615,0.016867,0.007735,2.0738,2.1115,6,5,FALSE,FALSE,TRUE
"GENE2380","GENE2380_HUMAN","P15223","Protein GENE2380",-0.6729,0.047536,0.033385,0.973,1.4764,6,4,FALSE,FALSE,TRUE
"GENE1172","GENE1172_HUMAN","P79329","Protein GENE1172",-0.3032,1,0.757071,0,0.1209,3,5,FALSE,FALSE,FALSE
"GENE1422","GENE1422_HUMAN","P05335","Protein GENE1422",0.4599,0.658406,0.142427,0.2693,0.8464,3,4,TRUE,FALSE,FALSE
"GENE0067","GENE0067_HUMAN","P94455","Protein GENE0067",4.1217,0.011852,0.004141,2.0515,2.3829,6,3,FALSE,FALSE,TRUE
"GENE0063","GENE0063_HUMAN","P54399","Protein GENE0063",0.3829,0.202961,0.076562,1.0458,1.116,2,6,FALSE,FALSE,FALSE
"GENE0766","GENE0766_HUMAN","P86055","Protein GENE0766",-0.736,1,0.723389,0,0.1406,2,3,TRUE,FALSE,FALSE
"GENE0967","GENE0967_HUMAN","P56836","Protein GENE0967",2.9306,0.078285,0.043895,0.9654,1.3576,6,4,FALSE,FALSE,TRUE
"GENE1714","GENE1714_HUMAN","P75911","Protein GENE1714",-0.4217,1,0.44884,0,0.3479,6,5,FALSE,FALSE,FALSE
"GENE1566","GENE1566_HUMAN","P24454","Protein GENE1566",-0.4107,0.205203,0.191296,0.2185,0.7183,4,2,FALSE,FALSE,FALSE
"GENE2588","GENE2588_HUMAN","P91289","Protein GENE2588",2.1428,0.05071,0.014148,1.5873,1.8493,3,3,FALSE,FALSE,TRUE
"GENE2547","GENE2547_HUMAN","P42147","Protein GENE2547",0.0858,0.149145,0.146578,0.1837,0.8339,4,3,FALSE,FALSE,FALSE
"GENE1301","GENE1301_HUMAN","P13963","Protein GENE1301",1.1586,0.077163,0.025569,1.2591,1.5923,5,3,FALSE,FALSE,TRUE
"GENE2150","GENE2150_HUMAN","P92100","Protein GENE2150",-0.5391,0.394178,0.362122,0,0.4411,3,4,FALSE,FALSE,FALSE
"GENE2046","GENE2046_HUMAN","P15615","Protein GENE2046",-0.2093,1,0.77282,0,0.1119,2,3,FALSE,FALSE,FALSE
"GENE1542","GENE1542_HUMAN","P18643","Protein GENE1542",-0.0736,1,0.671121,0,0.1732,5,3,FALSE,FALSE,FALSE
"GENE2678","GENE2678_HUMAN","P97834","Protein GENE2678",-0.1842,0.184933,0.109262,0.5121,0.9615,3,4,FALSE,FALSE,FALSE
"GENE1419","GENE1419_HUMAN","P72410","Protein GENE1419",-3.6156,0.168974,0.046154,1.296,1.3358,3,6,FALSE,TRUE,TRUE
"GENE0317","GENE0317_HUMAN","P15778","Protein GENE0317",-0.2633,1,0.888088,0,0.0515,4,6,FALSE,FALSE,FALSE
"GENE2719","GENE2719_HUMAN","P31908","Protein GENE2719",-0.2903,1,0.99459,0,0.0024,6,3,FALSE,TRUE,FALSE
"ANKRD28","ANKRD28_HUMAN","P33819","Protein ANKRD28",-0.6885,0.048129,0.022346,1.033,1.6508,4,3,FALSE,FALSE,TRUE
"GENE1521","GENE1521_HUMAN","P04832","Protein GENE1521",0.7433,1,0.73182,0,0.1356,4,5,FALSE,FALSE,FALSE
"GENE2264","GENE2264_HUMAN","P68016","Protein GENE2264",-0.2725,1,0.76521,0,0.1162,3,2,FALSE,FALSE,FALSE
"GENE2595","GENE2595_HUMAN","P01493","Protein GENE2595",-0.2315,1,0.942051,0,0.0259,5,4,FALSE,FALSE,FALSE
"GENE1247","GENE1247_HUMAN","P48557","Protein GENE1247",0.1188,0.586339,0.351955,0,0.4535,6,2,FALSE,FALSE,FALSE
"GENE0791","GENE0791_HUMAN","P19844","Protein GENE0791",-0.014,1,0.740461,0,0.1305,4,3,TRUE,FALSE,FALSE
"GENE1567","GENE1567_HUMAN","P29726","Protein GENE1567",0.1162,1,0.344189,0,0.4632,5,3,FALSE,FALSE,FALSE
"GENE0548","GENE0548_HUMAN","P79690","Protein GENE0548",4.2764,0.058977,0.014106,1.2454,1.8506,6,2,FALSE,FALSE,TRUE
"GENE0994","GENE0994_HUMAN","P54977","Protein GENE0994",1.6942,0.100168,0.027368,1.1537,1.5628,6,3,FALSE,FALSE,TRUE
"GENE0910","GENE0910_HUMAN","P32324","Protein GENE0910",-0.5049,1,0.958767,0,0.0183,2,5,FALSE,FALSE,FALSE
"GENE1764","GENE1764_HUMAN","P35939","Protein GENE1764",0.1513,1,0.762713,0,0.1176,5,5,FALSE,FALSE,FALSE
"GENE1834","GENE1834_HUMAN","P23384","Protein GENE1834",-0.2278,0.388255,0.12568,0.3502,0.9007,5,6,TRUE,FALSE,FALSE
"GENE2202","GENE2202_HUMAN","P03536","Protein GENE2202",0.3951,1,0.547451,0,0.2617,5,4,FALSE,FALSE,FALSE
"GENE1754","GENE1754_HUMAN","P52936","Protein GENE1754",1.0854,0.927512,0.48955,0.0336,0.3102,2,4,TRUE,FALSE,FALSE
"GENE1553","GENE1553_HUMAN","P19726","Protein GENE1553",-0.0101,1,0.797972,0,0.098,4,5,FALSE,FALSE,FALSE
"GENE2628","GENE2628_HUMAN","P51970","Protein GENE2628",-2.2599,0.004541,0.002365,1.9974,2.6261,5,3,FALSE,FALSE,TRUE
"GENE2064","GENE2064_HUMAN","P06103","Protein GENE2064",0.1891,1,0.596253,0,0.2246,6,3,FALSE,FALSE,FALSE
"GENE1850","GENE1850_HUMAN","P25542","Protein GENE1850",-0.1327,1,0.553938,0,0.2565,5,2,TRUE,FALSE,FALSE
"GENE0943","GENE0943_HUMAN","P87319","Protein GENE0943",0.8369,0.008246,0.007373,2.0192,2.1323,2,3,FALSE,FALSE,TRUE
"GENE2195","GENE2195_HUMAN","P83212","Protein GENE2195",0.1388,1,0.29559,0.4229,0.5293,4,3,FALSE,FALSE,FALSE
"GENE1931","GENE1931_HUMAN","P83581","Protein GENE1931",-0.4089,1,0.649121,0,0.1877,6,5,FALSE,FALSE,FALSE
"GENE1188","GENE1188_HUMAN","P33886","Protein GENE1188",0.2054,0.879863,0.196375,0.2244,0.7069,3,2,FALSE,TRUE,FALSE
"GENE0007","GENE0007_HUMAN","P39392","Protein GENE0007",-0.1955,1,0.450233,0,0.3466,2,3,FALSE,FALSE,FALSE
"GENE1323","GENE1323_HUMAN","P30457","Protein GENE1323",-0.0761,1,0.793639,0,0.1004,5,5,TRUE,TRUE,FALSE
"GENE0258","GENE0258_HUMAN","P64675","Protein GENE0258",4.2749,0.07497,0.038004,0.8528,1.4202,2,6,FALSE,FALSE,TRUE
"GENE0297","GENE0297_HUMAN","P67222","Protein GENE0297",-2.2322,0.135515,0.043917,1.1071,1.3574,6,2,FALSE,FALSE,TRUE
"GENE0912","GENE0912_HUMAN","P83475","Protein GENE0912",0.271,0.59235,0.124033,0.2216,0.9065,6,2,FALSE,FALSE,FALSE
"GENE2574","GENE2574_HUMAN","P03709","Protein GENE2574",0.1144,1,0.8108,0,0.0911,3,2,FALSE,FALSE,FALSE
"GENE2100","GENE2100_HUMAN","P81074","Protein GENE2100",0.22,0.676535,0.352755,0.0217,0.4525,2,5,TRUE,FALSE,FALSE
"GENE1884","GENE1884_HUMAN","P73221","Protein GENE1884",3.0941,0.092928,0.020929,1.0064,1.6792,2,5,FALSE,FALSE,TRUE
"GENE2444","GENE2444_HUMAN","P03558","Protein GENE2444",-0.5582,0.522299,0.446032,0,0.3506,3,6,FALSE,FALSE,FALSE
"GENE1214","GENE1214_HUMAN","P60967","Protein GENE1214",-0.048,1,0.751055,0,0.1243,6,2,FALSE,FALSE,FALSE
"GENE2294","GENE2294_HUMAN","P55774","Protein GENE2294",-0.2982,1,0.39903,0.0322,0.399,4,6,FALSE,FALSE,FALSE
"GENE0291","GENE0291_HUMAN","P30498","Protein GENE0291",-0.1539,0.621989,0.136027,0.2787,0.8664,6,4,FALSE,TRUE,FALSE
"GENE2157","GENE2157_HUMAN","P40337","Protein GENE2157",0.4563,0.418292,0.23056,0.3836,0.6372,6,2,FALSE,FALSE,FALSE
"GENE0263","GENE0263_HUMAN","P65101","Protein GENE0263",-0.3518,1,0.845591,0,0.0728,2,2,FALSE,FALSE,FALSE
"GENE1486","GENE1486_HUMAN","P64329","Protein GENE1486",-0.3919,1,0.849518,0,0.0708,3,4,FALSE,FALSE,FALSE
"GENE0506","GENE0506_HUMAN","P20366","Protein GENE0506",0.7223,0.690091,0.451478,0.0735,0.3454,6,4,FALSE,FALSE,FALSE
"GENE2453","GENE2453_HUMAN","P00845","Protein GENE2453",-0.0087,0.258936,0.11706,0.5555,0.9316,2,5,FALSE,FALSE,FALSE
"GENE2430","GENE2430_HUMAN","P66882","Protein GENE2430",-0.4705,1,0.979728,0,0.0089,3,4,FALSE,FALSE,FALSE
"GENE1268","GENE1268_HUMAN","P01145","Protein GENE1268",-0.3942,0.948692,0.682026,0,0.1662,3,4,FALSE,FALSE,FALSE
"GENE1603","GENE1603_HUMAN","P74107","Protein GENE1603",-0.5541,1,0.570537,0.0654,0.2437,4,2,TRUE,FALSE,FALSE
"GENE2129","GENE2129_HUMAN","P58368","Protein GENE2129",0.3026,1,0.922843,0,0.0349,2,4,FALSE,FALSE,FALSE
"GENE1306","GENE1306_HUMAN","P76557","Protein GENE1306",0.3175,0.490013,0.391678,0,0.4071,2,2,FALSE,FALSE,FALSE
"GENE2133","GENE2133_HUMAN","P40090","Protein GENE2133",-0.1253,1,0.399344,0,0.3987,4,3,FALSE,FALSE,FALSE
"GENE2538","GENE2538_HUMAN","P40405","Protein GENE2538",-0.5544,1,0.401886,0,0.3959,4,5,TRUE,FALSE,FALSE
"GENE0982","GENE0982_HUMAN","P27014","Protein GENE0982",0.5129,1,0.822073,0,0.0851,4,2,FALSE,FALSE,FALSE
"GENE2429","GENE2429_HUMAN","P16051","Protein GENE2429",0.4967,1,0.73448,0,0.134,3,3,FALSE,FALSE,FALSE
"GENE1970","GENE1970_HUMAN","P69984","Protein GENE1970",0.3109,1,0.873663,0,0.0587,3,6,FALSE,FALSE,FALSE
"GENE1056","GENE1056_HUMAN","P95131","Protein GENE1056",0.3165,1,0.384285,0,0.4153,3,2,FALSE,FALSE,FALSE
"GENE0977","GENE0977_HUMAN","P63479","Protein GENE0977",4.2863,0.12292,0.031168,1.1955,1.5063,3,3,FALSE,FALSE,TRUE
"GENE2602","GENE2602_HUMAN","P37936","Protein GENE2602",0.4642,1,0.741668,0,0.1298,6,6,TRUE,FALSE,FALSE
"GENE1045","GENE1045_HUMAN","P78689","Protein GENE1045",-0.2758,1,0.518556,0,0.2852,5,5,FALSE,FALSE,FALSE
"GENE1112","GENE1112_HUMAN","P52162","Protein GENE1112",-0.1158,0.242718,0.148833,0.2511,0.8273,2,6,FALSE,FALSE,FALSE
"GENE0281","GENE0281_HUMAN","P58311","Protein GENE0281",0.8734,0.031067,0.014251,1.2779,1.8461,2,6,FALSE,FALSE,TRUE
"GENE0021","GENE0021_HUMAN","P14675","Protein GENE0021",4.3934,0.0742,0.028326,0.8997,1.5478,5,2,FALSE,FALSE,TRUE
"GENE0002","GENE0002_HUMAN","P23686","Protein GENE0002",-0.3717,0.910076,0.577737,0,0.2383,5,4,TRUE,FALSE,FALSE
"GENE0780","GENE0780_HUMAN","P01335","Protein GENE0780",-0.3294,1,0.580498,0,0.2362,5,2,FALSE,FALSE,FALSE
"GENE1161","GENE1161_HUMAN","P07276","Protein GENE1161",0.6662,1,0.976708,0,0.0102,5,6,FALSE,FALSE,FALSE
"GENE2614","GENE2614_HUMAN","P98138","Protein GENE2614",1.6739,0.061823,0.019815,1.0209,1.703,6,4,FALSE,FALSE,TRUE
"GENE1139","GENE1139_HUMAN","P82653","Protein GENE1139",0.0749,0.317655,0.098259,0.6662,1.0076,2,5,FALSE,FALSE,FALSE
"GENE2795","GENE2795_HUMAN","P88137","Protein GENE2795",-0.0362,1,0.54053,0,0.2672,5,4,FALSE,FALSE,FALSE
"GENE2743","GENE2743_HUMAN","P77836","Protein GENE2743",-0.1706,1,0.813021,0,0.0899,6,6,FALSE,FALSE,FALSE
"GENE1921","GENE1921_HUMAN","P20643","Protein GENE1921",-0.0641,0.856701,0.429345,0.3194,0.3672,3,6,FALSE,FALSE,FALSE
"GENE2230","GENE2230_HUMAN","P62492","Protein GENE2230",-0.2093,1,0.83872,0,0.0764,5,6,FALSE,FALSE,FALSE
"GENE2067","GENE2067_HUMAN","P70895","Protein GENE2067",0.2628,1,0.845969,0,0.0726,6,3,FALSE,FALSE,FALSE
"GENE2172","GENE2172_HUMAN","P57350","Protein GENE2172",-0.0848,0.73219,0.380372,0,0.4198,5,2,FALSE,FALSE,FALSE
"GENE2156","GENE2156_HUMAN","P21354","Protein GENE2156",-0.2198,1,0.771968,0,0.1124,2,6,TRUE,FALSE,FALSE
"GENE1209","GENE1209_HUMAN","P26686","Protein GENE1209",-0.824,1,0.916099,0,0.0381,4,4,FALSE,FALSE,FALSE
"GENE2059","GENE2059_HUMAN","P87184","Protein GENE2059",0.8432,0.470416,0.114318,0.3299,0.9419,4,5,FALSE,FALSE,FALSE
"GENE0491","GENE0491_HUMAN","P26917","Protein GENE0491",-0.3517,0.884776,0.236728,0.0577,0.6258,6,2,FALSE,FALSE,FALSE
"GENE1010","GENE1010_HUMAN","P48722","Protein GENE1010",-0.0136,0.364589,0.29736,0.2093,0.5267,2,3,FALSE,FALSE,FALSE
"GENE1847","GENE1847_HUMAN","P60918","Protein GENE1847",-0.3464,0.378581,0.092385,0.6282,1.0344,6,2,FALSE,FALSE,FALSE
"DHX15","DHX15_HUMAN","P60047","Protein DHX15",0.5996,1,0.586076,0,0.232,3,4,TRUE,FALSE,FALSE
"GENE0621","GENE0621_HUMAN","P20916","Protein GENE0621",0.1498,0.151637,0.115737,0.4765,0.9365,4,4,FALSE,FALSE,FALSE
"GENE1177","GENE1177_HUMAN","P19273","Protein GENE1177",-0.4329,0.674588,0.150314,0.2571,0.823,3,3,FALSE,FALSE,FALSE
"GENE0750","GENE0750_HUMAN","P57162","Protein GENE0750",-0.1798,1,0.930135,0,0.0315,5,4,FALSE,FALSE,FALSE
"GENE1885","GENE1885_HUMAN","P10491","Protein GENE1885",-0.4027,1,0.272307,0.0375,0.5649,3,2,FALSE,FALSE,FALSE
"GENE1697","GENE1697_HUMAN","P39707","Protein GENE1697",0.4238,1,0.963884,0,0.016,2,4,FALSE,FALSE,FALSE
"GENE1372","GENE1372_HUMAN","P36130","Protein GENE1372",-0.2774,0.328602,0.243312,0.101,0.6138,4,4,FALSE,FALSE,FALSE
"GENE1974","GENE1974_HUMAN","P53221","Protein GENE1974",-0.9115,1,0.819727,0,0.0863,4,2,FALSE,FALSE,FALSE
"GENE1233","GENE1233_HUMAN","P89015","Protein GENE1233",-0.0846,0.662314,0.156557,0.1739,0.8053,2,4,FALSE,FALSE,FALSE
"GENE2854","GENE2854_HUMAN","P08904","Protein GENE2854",0.0684,1,0.500959,0.0033,0.3002,5,2,FALSE,FALSE,FALSE
"GENE0833","GENE0833_HUMAN","P67605","Protein GENE0833",-0.2565,1,0.532898,0,0.2734,6,5,FALSE,FALSE,FALSE
"GENE0367","GENE0367_HUMAN","P08968","Protein GENE0367",0.0591,0.849062,0.62518,0,0.204,3,4,FALSE,FALSE,FALSE
"GENE2353","GENE2353_HUMAN","P65006","Protein GENE2353",-0.7246,1,0.770423,0,0.1133,2,3,FALSE,FALSE,FALSE
"GENE0249","GENE0249_HUMAN","P62427","Protein GENE0249",0.3707,1,0.852181,0,0.0695,5,4,FALSE,FALSE,FALSE
"GENE2423","GENE2423_HUMAN","P18552","Protein GENE2423",-0.1948,1,0.894689,0,0.0483,2,4,FALSE,FALSE,FALSE
"GENE2532","GENE2532_HUMAN","P89231","Protein GENE2532",-3.534,0.047181,0.015384,1.1968,1.8129,6,2,FALSE,FALSE,TRUE
"GENE2722","GENE2722_HUMAN","P20942","Protein GENE2722",-0.1373,0.389189,0.13102,0.3216,0.8827,4,6,FALSE,FALSE,FALSE
"GENE0602","GENE0602_HUMAN","P92617","Protein GENE0602",0.7088,1,0.54342,0.093,0.2649,5,3,FALSE,FALSE,FALSE
"GENE0446","GENE0446_HUMAN","P05651","Protein GENE0446",-0.0145,1,0.904379,0,0.0436,5,3,FALSE,FALSE,FALSE
"GENE2698","GENE2698_HUMAN","P58949","Protein GENE2698",3.8925,0.05946,0.027471,0.8958,1.5611,3,4,FALSE,TRUE,TRUE
"GENE0110","GENE0110_HUMAN","P06575","Protein GENE0110",-0.0041,0.81181,0.218351,0.3404,0.6608,6,3,FALSE,FALSE,FALSE
"GENE2023","GENE2023_HUMAN","P46954","Protein GENE2023",-0.2185,0.461829,0.442216,0.2055,0.3544,6,4,FALSE,FALSE,FALSE
"GENE0081","GENE0081_HUMAN","P63374","Protein GENE0081",0.1321,0.425904,0.132699,0.282,0.8771,6,5,FALSE,FALSE,FALSE
"GENE1057","GENE1057_HUMAN","P94220","Protein GENE1057",2.391,0.04481,0.01653,1.4893,1.7817,4,3,FALSE,FALSE,TRUE
"GENE0963","GENE0963_HUMAN","P91046","Protein GENE0963",-1.6936,0.187779,0.047276,0.7816,1.3254,6,5,FALSE,FALSE,TRUE
"GENE2688","GENE2688_HUMAN","P74085","Protein GENE2688",-0.1716,1,0.279513,0,0.5536,6,3,FALSE,FALSE,FALSE
"GENE0814","GENE0814_HUMAN","P60531","Protein GENE0814",-0.2124,1,0.289431,0.1678,0.5385,2,5,FALSE,FALSE,FALSE
"GENE2269","GENE2269_HUMAN","P43808","Protein GENE2269",-0.0779,0.529718,0.292527,0.3168,0.5338,2,4,FALSE,FALSE,FALSE
"GENE0696","GENE0696_HUMAN","P06515","Protein GENE0696",-0.5709,1,0.294489,0.0172,0.5309,5,3,FALSE,FALSE,FALSE
"GENE1462","GENE1462_HUMAN","P85663","Protein GENE1462",-0.4056,0.234181,0.105637,0.4895,0.9762,2,5,FALSE,FALSE,FALSE
"GENE0846","GENE0846_HUMAN","P24445","Protein GENE0846",-0.3423,1,0.396745,0,0.4015,2,2,FALSE,FALSE,FALSE
"GENE2573","GENE2573_HUMAN","P98331","Protein GENE2573",0.4341,1,0.796847,0,0.0986,6,4,FALSE,TRUE,FALSE
"GENE0664","GENE0664_HUMAN","P99063","Protein GENE0664",-0.2015,1,0.601035,0,0.2211,4,4,FALSE,FALSE,FALSE
"GENE2450","GENE2450_HUMAN","P93442","Protein GENE2450",3.4277,0.030102,0.00609,1.832,2.2154,5,6,FALSE,FALSE,TRUE
"GENE0310","GENE0310_HUMAN","P29089","Protein GENE0310",-0.3422,1,0.735744,0,0.1333,3,6,FALSE,TRUE,FALSE
"GENE2671","GENE2671_HUMAN","P98849","Protein GENE2671",-0.5836,1,0.990471,0,0.0042,3,5,FALSE,FALSE,FALSE
"GENE2427","GENE2427_HUMAN","P43399","Protein GENE2427",2.3263,0.096053,0.030053,0.8355,1.5221,4,4,FALSE,FALSE,TRUE
"GENE0128","GENE0128_HUMAN","P23493","Protein GENE0128",2.5763,0.113201,0.035053,1.0539,1.4553,4,2,FALSE,FALSE,TRUE
"GENE0140","GENE0140_HUMAN","P79015","Protein GENE0140",2.5065,0.007407,0.002345,2.3969,2.6298,5,6,FALSE,TRUE,TRUE
"GENE0501","GENE0501_HUMAN","P80674","Protein GENE0501",-0.4074,1,0.731066,0,0.136,4,2,FALSE,FALSE,FALSE
"GENE2238","GENE2238_HUMAN","P33007","Protein GENE2238",-0.5651,1,0.501746,0,0.2995,6,5,FALSE,FALSE,FALSE
"GENE1077","GENE1077_HUMAN","P97538","Protein GENE1077",0.5863,0.408357,0.086743,0.5237,1.0618,2,2,FALSE,FALSE,FALSE
"GENE1801","GENE1801_HUMAN","P35573","Protein GENE1801",4.0211,0.086237,0.02342,1.1935,1.6304,2,3,FALSE,FALSE,TRUE
"GENE2540","GENE2540_HUMAN","P23305","Protein GENE2540",-3.2943,0.020879,0.005267,2.1923,2.2785,6,4,FALSE,FALSE,TRUE
"GENE2287","GENE2287_HUMAN","P86119","Protein GENE2287",0.2526,0.694764,0.210338,0.0356,0.6771,5,5,FALSE,FALSE,FALSE
"GENE0516","GENE0516_HUMAN","P18693","Protein GENE0516",0.6327,0.615528,0.14186,0.2492,0.8481,5,5,TRUE,FALSE,FALSE
"GENE1789","GENE1789_HUMAN","P73479","Protein GENE1789",0.171,1,0.614789,0,0.2113,2,4,TRUE,FALSE,FALSE
"GENE0871","GENE0871_HUMAN","P93863","Protein GENE0871",-0.0233,1,0.57442,0.2203,0.2408,6,4,FALSE,FALSE,FALSE
"GENE2741","GENE2741_HUMAN","P17838","Protein GENE2741",-0.6512,0.120403,0.090096,0.4827,1.0453,5,4,FALSE,FALSE,FALSE
"GENE1021","GENE1021_HUMAN","P58808","Protein GENE1021",0.5429,1,0.775339,0,0.1105,2,3,FALSE,FALSE,FALSE
"GENE2295","GENE2295_HUMAN","P56581","Protein GENE2295",0.1346,1,0.600937,0,0.2212,6,5,FALSE,FALSE,FALSE
"GENE0473","GENE0473_HUMAN","P85352","Protein GENE0473",-0.1549,1,0.84171,0,0.0748,3,5,FALSE,FALSE,FALSE
"GENE2887","GENE2887_HUMAN","P02028","Protein GENE2887",0.9595,0.100251,0.042987,0.9566,1.3667,5,4,FALSE,TRUE,TRUE
"GENE2438","GENE2438_HUMAN","P75405","Protein GENE2438",-0.5119,0.155821,0.072211,1.1271,1.1414,5,5,FALSE,FALSE,FALSE
"GENE1539","GENE1539_HUMAN","P75717","Protein GENE1539",-0.0465,0.984987,0.380978,0.3517,0.4191,3,4,FALSE,TRUE,FALSE
"GENE0397","GENE0397_HUMAN","P93881","Protein GENE0397",0.2864,0.826563,0.526343,0.2781,0.2787,6,3,FALSE,FALSE,FALSE
"GENE2232","GENE2232_HUMAN","P48728","Protein GENE2232",-0.6524,1,0.426898,0.3663,0.3697,5,4,FALSE,FALSE,FALSE
"GENE1510","GENE1510_HUMAN","P88462","Protein GENE1510",0.2888,0.804379,0.592154,0,0.2276,6,5,FALSE,FALSE,FALSE
"GENE1866","GENE1866_HUMAN","P65836","Protein GENE1866",0.4481,1,0.60486,0,0.2183,3,2,FALSE,FALSE,FALSE
"GENE1849","GENE1849_HUMAN","P27862","Protein GENE1849",0.1629,0.903304,0.813504,0,0.0896,5,4,FALSE,FALSE,FALSE
"GENE1507","GENE1507_HUMAN","P57695","Protein GENE1507",-0.2479,1,0.303579,0.0727,0.5177,3,4,FALSE,FALSE,FALSE
"GENE2537","GENE2537_HUMAN","P13935","Protein GENE2537",-1.9324,0.082839,0.01972,1.1262,1.7051,3,5,FALSE,FALSE,TRUE
"GENE2874","GENE2874_HUMAN","P43819","Protein GENE2874",-0.2859,0.697252,0.156355,0.3501,0.8059,2,2,TRUE,FALSE,FALSE
"GENE0650","GENE0650_HUMAN","P85030","Protein GENE0650",0.1625,1,0.60281,0,0.2198,6,5,FALSE,FALSE,FALSE
"GENE1595","GENE1595_HUMAN","P75358","Protein GENE1595",-1.6309,0.077936,0.029846,0.8522,1.5251,5,6,FALSE,FALSE,TRUE
"GENE2184","GENE2184_HUMAN","P27132","Protein GENE2184",-0.6944,0.071759,0.025619,0.934,1.5914,3,6,FALSE,FALSE,TRUE
"GENE1396","GENE1396_HUMAN","P75284","Protein GENE1396",0.4503,1,0.889061,0,0.0511,2,5,FALSE,TRUE,FALSE
"GENE0463","GENE0463_HUMAN","P20865","Protein GENE0463",0.327,1,0.45308,0.0627,0.3438,3,5,FALSE,FALSE,FALSE
"GENE0115","GENE0115_HUMAN","P23481","Protein GENE0115",-0.8948,0.100655,0.02381,1.4481,1.6232,5,4,TRUE,FALSE,TRUE
"GENE1286","GENE1286_HUMAN","P15455","Protein GENE1286",0.0257,0.960884,0.731047,0,0.1361,6,5,FALSE,FALSE,FALSE
"GENE0247","GENE0247_HUMAN","P30042","Protein GENE0247",-0.2521,0.910364,0.807492,0,0.0929,3,2,FALSE,FALSE,FALSE
"GENE2319","GENE2319_HUMAN","P21364","Protein GENE2319",0.5419,0.905774,0.555914,0,0.255,4,2,FALSE,FALSE,FALSE
"GENE0090","GENE0090_HUMAN","P46169","Protein GENE0090",-0.1887,1,0.813191,0,0.0898,5,6,FALSE,FALSE,FALSE
"GENE2475","GENE2475_HUMAN","P74140","Protein GENE2475",0.7166,0.040311,0.011143,1.5122,1.953,5,2,FALSE,FALSE,TRUE
"GENE2147","GENE2147_HUMAN","P38998","Protein GENE2147",0.3276,0.973609,0.972741,0,0.012,5,3,FALSE,FALSE,FALSE
"GENE0531","GENE0531_HUMAN","P98015","Protein GENE0531",0.2292,1,0.745283,0,0.1277,4,5,FALSE,FALSE,FALSE
"GENE0384","GENE0384_HUMAN","P49081","Protein GENE0384",2.4526,0.050187,0.03117,1.1497,1.5063,5,3,FALSE,FALSE,TRUE
"NEK9","NEK9_HUMAN","P31739","Protein NEK9",-0.3186,1,0.891927,0,0.0497,5,4,FALSE,FALSE,FALSE
"GENE1477","GENE1477_HUMAN","P98946","Protein GENE1477",0.3994,1,0.71873,0,0.1434,5,5,FALSE,FALSE,FALSE
"GENE2592","GENE2592_HUMAN","P39488","Protein GENE2592",0.6937,0.063458,0.013426,1.3159,1.8721,2,5,FALSE,FALSE,TRUE
"GENE1758","GENE1758_HUMAN","P19899","Protein GENE1758",0.5159,0.786035,0.210807,0.1869,0.6761,2,6,FALSE,FALSE,FALSE
"GENE1331","GENE1331_HUMAN","P49430","Protein GENE1331",0.0675,1,0.466512,0,0.3311,5,3,FALSE,FALSE,FALSE
"GENE0786","GENE0786_HUMAN","P46264","Protein GENE0786",0.0693,1,0.284572,0,0.5458,3,4,FALSE,FALSE,FALSE
"GENE1991","GENE1991_HUMAN","P30785","Protein GENE1991",-0.0397,0.591315,0.257404,0,0.5894,5,5,FALSE,FALSE,FALSE
"GENE0818","GENE0818_HUMAN","P74397","Protein GENE0818",-0.3765,0.440827,0.180596,0.4004,0.7433,5,2,FALSE,FALSE,FALSE
"GENE1964","GENE1964_HUMAN","P87109","Protein GENE1964",-0.0279,0.415543,0.148773,0.5141,0.8275,5,6,FALSE,FALSE,FALSE
"GENE0104","GENE0104_HUMAN","P28990","Protein GENE0104",-0.2766,1,0.392413,0,0.4063,2,5,FALSE,FALSE,FALSE
"GENE2262","GENE2262_HUMAN","P47396","Protein GENE2262",0.0161,1,0.899489,0,0.046,3,2,FALSE,FALSE,FALSE
"GENE1930","GENE1930_HUMAN","P92076","Protein GENE1930",-0.8324,0.016929,0.014559,1.6673,1.8369,5,4,FALSE,FALSE,TRUE
"GENE0807","GENE0807_HUMAN","P44350","Protein GENE0807",-0.3295,1,0.6679,0,0.1753,3,5,FALSE,FALSE,FALSE
"GENE1511","GENE1511_HUMAN","P07390","Protein GENE1511",-0.5736,1,0.907184,0,0.0423,5,3,FALSE,FALSE,FALSE
"GENE0675","GENE0675_HUMAN","P68291","Protein GENE0675",-0.2413,0.6978,0.212064,0.1566,0.6735,4,3,FALSE,FALSE,FALSE
"GENE0080","GENE0080_HUMAN","P73180","Protein GENE0080",-0.4333,1,0.744007,0,0.1284,2,4,FALSE,FALSE,FALSE
"GENE0730","GENE0730_HUMAN","P98185","Protein GENE0730",-0.5927,0.692882,0.556882,0,0.2542,5,4,FALSE,FALSE,FALSE
"GENE1916","GENE1916_HUMAN","P13797","Protein GENE1916",-0.5062,0.50069,0.21808,0.3184,0.6614,4,3,FALSE,FALSE,FALSE
"GENE0375","GENE0375_HUMAN","P57728","Protein GENE0375",0.1548,1,0.997273,0,0.0012,3,4,FALSE,FALSE,FALSE
"GENE0735","GENE0735_HUMAN","P53685","Protein GENE0735",0.091,0.570457,0.508827,0,0.2934,3,2,FALSE,TRUE,FALSE
"GENE2572","GENE2572_HUMAN","P61484","Protein GENE2572",-0.2874,0.678304,0.253979,0,0.5952,5,4,FALSE,FALSE,FALSE
"GENE1334","GENE1334_HUMAN","P95718","Protein GENE1334",0.0779,1,0.778031,0,0.109,4,4,FALSE,TRUE,FALSE
"GENE2187","GENE2187_HUMAN","P84714","Protein GENE2187",-0.0933,1,0.62547,0,0.2038,2,2,FALSE,FALSE,FALSE
"GENE0796","GENE0796_HUMAN","P77440","Protein GENE0796",-0.1981,1,0.793328,0,0.1005,5,5,TRUE,FALSE,FALSE
"GENE2786","GENE2786_HUMAN","P22362","Protein GENE2786",-0.3382,1,0.57366,0,0.2413,6,3,FALSE,FALSE,FALSE
"GENE0990","GENE0990_HUMAN","P88782","Protein GENE0990",0.2413,0.423723,0.101352,0.5609,0.9942,3,2,FALSE,FALSE,FALSE
"GENE1067","GENE1067_HUMAN","P43327","Protein GENE1067",-0.2739,0.295963,0.097475,0.6896,1.0111,4,4,FALSE,FALSE,FALSE
"GENE1438","GENE1438_HUMAN","P50336","Protein GENE1438",-0.1228,1,0.613939,0,0.2119,6,6,FALSE,TRUE,FALSE
"GENE0346","GENE0346_HUMAN","P15056","Protein GENE0346",-0.3821,0.279567,0.249324,0.1441,0.6032,5,4,FALSE,TRUE,FALSE
"GENE1153","GENE1153_HUMAN","P19773","Protein GENE1153",-0.0451,1,0.691355,0,0.1603,3,2,FALSE,FALSE,FALSE
"GENE0567","GENE0567_HUMAN","P09882","Protein GENE0567",0.6293,1,0.527114,0.2688,0.2781,5,2,FALSE,FALSE,FALSE
"GENE2321","GENE2321_HUMAN","P03283","Protein GENE2321",0.324,1,0.946434,0,0.0239,6,6,FALSE,FALSE,FALSE
"GENE0485","GENE0485_HUMAN","P11457","Protein GENE0485",0.1696,1,0.479301,0,0.3194,4,3,FALSE,FALSE,FALSE
"GENE2314","GENE2314_HUMAN","P25514","Protein GENE2314",2.2133,0.096295,0.024126,1.2623,1.6175,3,2,FALSE,FALSE,TRUE
"GENE2137","GENE2137_HUMAN","P73054","Protein GENE2137",-0.2973,0.295755,0.149199,0.5165,0.8262,3,3,FALSE,TRUE,FALSE
"GENE0806","GENE0806_HUMAN","P21543","Protein GENE0806",0.2596,0.157805,0.146133,0.2653,0.8353,6,5,FALSE,FALSE,FALSE
"GENE2780","GENE2780_HUMAN","P47378","Protein GENE2780",0.635,1,0.549929,0,0.2597,6,3,TRUE,FALSE,FALSE
"GENE1800","GENE1800_HUMAN","P84773","Protein GENE1800",-0.6201,0.42989,0.369334,0,0.4326,3,6,FALSE,FALSE,FALSE
"GENE1028","GENE1028_HUMAN","P83788","Protein GENE1028",-0.3773,1,0.940188,0,0.0268,5,6,FALSE,FALSE,FALSE
"GENE1148","GENE1148_HUMAN","P23097","Protein GENE1148",0.1306,0.401656,0.090589,0.5958,1.0429,4,2,FALSE,FALSE,FALSE
"GENE0895","GENE0895_HUMAN","P90848","Protein GENE0895",0.954,1,0.677007,0.1466,0.1694,4,6,FALSE,FALSE,FALSE
"GENE2668","GENE2668_HUMAN","P12602","Protein GENE2668",0.0455,1,0.797413,0,0.0983,2,2,FALSE,FALSE,FALSE
"GENE0719","GENE0719_HUMAN","P21251","Protein GENE0719",0.6331,1,0.907367,0,0.0422,3,3,TRUE,FALSE,FALSE
"GENE0478","GENE0478_HUMAN","P80839","Protein GENE0478",3.3606,0.113896,0.02486,1.1549,1.6045,6,4,FALSE,FALSE,TRUE
"GENE2770","GENE2770_HUMAN","P59072","Protein GENE2770",-0.1188,0.161089,0.157657,0.3818,0.8023,4,6,FALSE,FALSE,FALSE
"GENE1353","GENE1353_HUMAN","P06768","Protein GENE1353",4.1793,0.05974,0.033855,0.9361,1.4704,6,6,FALSE,FALSE,TRUE
"GENE0070","GENE0070_HUMAN","P51299","Protein GENE0070",1.0323,0.025388,0.010251,1.4625,1.9892,2,2,FALSE,FALSE,TRUE
"GENE2629","GENE2629_HUMAN","P32177","Protein GENE2629",0.3047,1,0.925839,0,0.0335,6,5,FALSE,FALSE,FALSE
"GENE2721","GENE2721_HUMAN","P64806","Protein GENE2721",0.166,0.844104,0.504633,0,0.297,3,3,FALSE,FALSE,FALSE
"GENE0908","GENE0908_HUMAN","P91560","Protein GENE0908",-0.3751,1,0.47191,0,0.3261,5,5,FALSE,FALSE,FALSE
"GENE1359","GENE1359_HUMAN","P64540","Protein GENE1359",-0.0153,1,0.245026,0.1891,0.6108,2,6,FALSE,FALSE,FALSE
"GENE1051","GENE1051_HUMAN","P51769","Protein GENE1051",-0.4403,1,0.309097,0,0.5099,2,4,FALSE,FALSE,FALSE
"GENE2551","GENE2551_HUMAN","P11249","Protein GENE2551",-0.1617,1,0.754327,0,0.1224,4,6,TRUE,FALSE,FALSE
"GENE0850","GENE0850_HUMAN","P19061","Protein GENE0850",0.0507,1,0.439516,0,0.357,6,5,FALSE,FALSE,FALSE
"GENE1807","GENE1807_HUMAN","P89546","Protein GENE1807",-0.4604,0.367369,0.152425,0.2383,0.8169,4,2,FALSE,FALSE,FALSE
"GENE1089","GENE1089_HUMAN","P79168","Protein GENE1089",0.4943,1,0.502728,0,0.2987,6,4,TRUE,FALSE,FALSE
"GENE1218","GENE1218_HUMAN","P46918","Protein GENE1218",-0.3831,1,0.523716,0,0.2809,3,2,FALSE,FALSE,FALSE
"GENE1038","GENE1038_HUMAN","P28742","Protein GENE1038",0.0211,0.76535,0.721836,0,0.1416,6,2,FALSE,FALSE,FALSE
"GENE0051","GENE0051_HUMAN","P05342","Protein GENE0051",2.1225,0.030331,0.013462,1.7394,1.8709,6,4,FALSE,FALSE,TRUE
"ASCC1","ASCC1_HUMAN","P44264","Protein ASCC1",0.3794,1,0.854971,0,0.068,3,6,FALSE,FALSE,FALSE
"GENE2608","GENE2608_HUMAN","P54766","Protein GENE2608",-4.1626,0.014224,0.007624,1.4556,2.1178,3,4,FALSE,FALSE,TRUE
"GENE2303","GENE2303_HUMAN","P46840","Protein GENE2303",2.5301,0.170784,0.043181,1.0332,1.3647,5,6,FALSE,FALSE,TRUE
"GENE2130","GENE2130_HUMAN","P42399","Protein GENE2130",-4.0362,0.092262,0.018469,1.5789,1.7336,6,6,FALSE,FALSE,TRUE
"GENE0341","GENE0341_HUMAN","P74478","Protein GENE0341",0.0111,0.241795,0.220694,0.2997,0.6562,2,6,FALSE,FALSE,FALSE
"GENE0546","GENE0546_HUMAN","P91437","Protein GENE0546",0.1652,1,0.465198,0,0.3324,3,2,FALSE,FALSE,FALSE
"GENE0824","GENE0824_HUMAN","P92078","Protein GENE0824",-0.0144,0.235948,0.117338,0.2831,0.9306,5,2,FALSE,FALSE,FALSE
"GENE2154","GENE2154_HUMAN","P12042","Protein GENE2154",-0.1209,1,0.870619,0,0.0602,5,4,FALSE,FALSE,FALSE
"GENE1109","GENE1109_HUMAN","P99139","Protein GENE1109",2.0846,0.072196,0.048468,0.8696,1.3145,2,5,FALSE,FALSE,TRUE
"GENE1070","GENE1070_HUMAN","P41829","Protein GENE1070",3.9478,0.014948,0.007761,1.4508,2.1101,3,2,FALSE,FALSE,TRUE
"GENE0862","GENE0862_HUMAN","P96064","Protein GENE0862",0.075,0.975062,0.551012,0,0.2588,5,3,FALSE,FALSE,FALSE
"GENE2278","GENE2278_HUMAN","P32121","Protein GENE2278",4.0385,0.017113,0.006841,1.8006,2.1649,3,3,FALSE,FALSE,TRUE
"GENE2768","GENE2768_HUMAN","P84734","Protein GENE2768",0.3511,0.709872,0.569172,0,0.2448,5,5,FALSE,FALSE,FALSE
"GENE1656","GENE1656_HUMAN","P84834","Protein GENE1656",0.5387,0.122532,0.047233,0.6591,1.3258,6,3,FALSE,FALSE,TRUE
"GENE0295","GENE0295_HUMAN","P26597","Protein GENE0295",-0.1235,1,0.753052,0,0.1232,3,6,FALSE,TRUE,FALSE
"GENE0476","GENE0476_HUMAN","P38548","Protein GENE0476",0.2909,0.261474,0.078635,0.5724,1.1044,2,2,FALSE,FALSE,FALSE
"GENE1552","GENE1552_HUMAN","P67253","Protein GENE1552",2.2929,0.079882,0.041788,0.8171,1.3789,3,5,FALSE,FALSE,TRUE
"GENE1750","GENE1750_HUMAN","P87091","Protein GENE1750",-0.2573,1,0.986124,0,0.0061,2,6,TRUE,FALSE,FALSE
"GENE1724","GENE1724_HUMAN","P52924","Protein GENE1724",-1.1799,0.118606,0.044026,0.6703,1.3563,2,5,FALSE,FALSE,TRUE
"GENE1615","GENE1615_HUMAN","P74218","Protein GENE1615",-0.2328,1,0.732244,0,0.1353,4,5,FALSE,FALSE,FALSE
"GENE0018","GENE0018_HUMAN","P63334","Protein GENE0018",2.8943,0.043433,0.008837,1.9021,2.0537,2,4,FALSE,FALSE,TRUE
"GENE2446","GENE2446_HUMAN","P52823","Protein GENE2446",0.2843,0.739713,0.250317,0.2906,0.6015,3,5,TRUE,FALSE,FALSE
"GENE0474","GENE0474_HUMAN","P46297","Protein GENE0474",0.08,1,0.816934,0,0.0878,3,4,FALSE,FALSE,FALSE
"GENE1560","GENE1560_HUMAN","P06586","Protein GENE1560",0.0097,0.498027,0.155341,0.1483,0.8087,2,5,FALSE,FALSE,FALSE
"GENE1632","GENE1632_HUMAN","P51551","Protein GENE1632",-0.0806,0.635654,0.176833,0.6661,0.7524,4,5,FALSE,FALSE,FALSE
"GENE2779","GENE2779_HUMAN","P05578","Protein GENE2779",0.4814,0.993665,0.416729,0,0.3801,4,3,TRUE,FALSE,FALSE
"GENE1142","GENE1142_HUMAN","P82339","Protein GENE1142",0.4502,1,0.998526,0,6e-04,3,5,FALSE,FALSE,FALSE
"GENE2333","GENE2333_HUMAN","P85892","Protein GENE2333",0.0983,0.387759,0.226147,0.2577,0.6456,2,2,FALSE,FALSE,FALSE
"GENE0978","GENE0978_HUMAN","P90368","Protein GENE0978",-0.6943,0.421427,0.152194,0.1801,0.8176,5,6,FALSE,TRUE,FALSE
"GENE1296","GENE1296_HUMAN","P19423","Protein GENE1296",0.3751,1,0.46098,0,0.3363,3,3,TRUE,FALSE,FALSE
"GENE1903","GENE1903_HUMAN","P70883","Protein GENE1903",-0.1984,0.695422,0.142058,0.6758,0.8475,3,2,FALSE,FALSE,FALSE
"GENE0629","GENE0629_HUMAN","P30302","Protein GENE0629",0.6161,0.636519,0.234234,0.3998,0.6304,2,4,FALSE,FALSE,FALSE
"GENE1901","GENE1901_HUMAN","P03070","Protein GENE1901",-0.895,1,0.78535,0,0.1049,6,3,FALSE,FALSE,FALSE
"GENE1342","GENE1342_HUMAN","P22902","Protein GENE1342",0.7225,1,0.369393,0,0.4325,2,4,FALSE,FALSE,FALSE
"GENE0800","GENE0800_HUMAN","P86246","Protein GENE0800",0.0771,1,0.851214,0,0.07,3,6,FALSE,FALSE,FALSE
"GENE1387","GENE1387_HUMAN","P39050","Protein GENE1387",-0.2383,1,0.562544,0,0.2498,2,2,FALSE,FALSE,FALSE
"GENE2636","GENE2636_HUMAN","P70104","Protein GENE2636",0.1314,0.756726,0.453722,0.0101,0.3432,4,3,FALSE,TRUE,FALSE
"GENE0011","GENE0011_HUMAN","P01895","Protein GENE0011",0.1232,0.237378,0.060731,0.5507,1.2166,6,5,TRUE,FALSE,FALSE
"GENE2766","GENE2766_HUMAN","P37189","Protein GENE2766",-0.2504,0.811023,0.451351,0.0054,0.3455,6,6,FALSE,FALSE,FALSE
"GENE1310","GENE1310_HUMAN","P53521","Protein GENE1310",-0.1696,0.357752,0.125173,0.2671,0.9025,4,4,FALSE,FALSE,FALSE
"GENE1075","GENE1075_HUMAN","P49721","Protein GENE1075",-0.1122,1,0.819768,0,0.0863,6,3,FALSE,FALSE,FALSE
"GENE1766","GENE1766_HUMAN","P92905","Protein GENE1766",-0.3873,1,0.424581,0.1586,0.372,4,6,FALSE,FALSE,FALSE
"GENE1920","GENE1920_HUMAN","P80189","Protein GENE1920",-0.0102,1,0.738573,0.0984,0.1316,5,3,FALSE,TRUE,FALSE
"GENE0298","GENE0298_HUMAN","P61995","Protein GENE0298",-0.2292,1,0.746094,0.0117,0.1272,5,5,FALSE,FALSE,FALSE
"GENE1072","GENE1072_HUMAN","P16251","Protein GENE1072",-0.7309,1,0.393661,0,0.4049,4,4,FALSE,FALSE,FALSE
"GENE2125","GENE2125_HUMAN","P33524","Protein GENE2125",-0.1492,0.65453,0.397205,0.0652,0.401,3,5,FALSE,FALSE,FALSE
"GENE0614","GENE0614_HUMAN","P26410","Protein GENE0614",-0.4586,0.721991,0.479358,0,0.3193,4,3,FALSE,TRUE,FALSE
"GENE0084","GENE0084_HUMAN","P39650","Protein GENE0084",0.3881,0.842067,0.65508,0,0.1837,4,4,FALSE,FALSE,FALSE
"GENE0568","GENE0568_HUMAN","P42911","Protein GENE0568",1.1166,0.026798,0.008071,1.6627,2.0931,6,4,FALSE,FALSE,TRUE
"GENE2886","GENE2886_HUMAN","P16161","Protein GENE2886",0.2756,1,0.5898,0,0.2293,2,2,TRUE,FALSE,FALSE
"GENE1110","GENE1110_HUMAN","P40570","Protein GENE1110",0.1379,1,0.287662,0,0.5411,5,3,FALSE,FALSE,FALSE
"GENE1605","GENE1605_HUMAN","P68418","Protein GENE1605",-0.3246,1,0.713918,0,0.1464,3,3,FALSE,FALSE,FALSE
"GENE2559","GENE2559_HUMAN","P97745","Protein GENE2559",-0.2323,1,0.518135,0,0.2856,6,3,FALSE,FALSE,FALSE
"GENE1637","GENE1637_HUMAN","P27988","Protein GENE1637",-1.7306,0.009555,0.002971,1.9638,2.5272,6,3,FALSE,FALSE,TRUE
"GENE2240","GENE2240_HUMAN","P28256","Protein GENE2240",-2.0624,0.033042,0.017629,1.4563,1.7538,6,4,FALSE,FALSE,TRUE
"GENE1145","GENE1145_HUMAN","P60853","Protein GENE1145",0.1837,1,0.257675,0.0749,0.5889,5,3,FALSE,FALSE,FALSE
"GENE2203","GENE2203_HUMAN","P76870","Protein GENE2203",-1.1301,0.001505,0.001197,2.2966,2.9218,6,4,FALSE,FALSE,TRUE
"GENE1048","GENE1048_HUMAN","P84256","Protein GENE1048",-0.2276,1,0.815158,0,0.0888,6,3,FALSE,FALSE,FALSE
"GENE0360","GENE0360_HUMAN","P48352","Protein GENE0360",0.3012,0.995595,0.349476,0.3844,0.4566,2,3,FALSE,FALSE,FALSE
"GENE2221","GENE2221_HUMAN","P71669","Protein GENE2221",-1.9112,0.019338,0.013468,1.4643,1.8707,2,5,FALSE,FALSE,TRUE
"GENE2661","GENE2661_HUMAN","P71602","Protein GENE2661",0.6653,1,0.983338,0,0.0073,3,5,TRUE,FALSE,FALSE
"GENE2898","GENE2898_HUMAN","P06752","Protein GENE2898",-0.128,1,0.908417,0,0.0417,3,6,FALSE,FALSE,FALSE
"GENE1248","GENE1248_HUMAN","P02117","Protein GENE1248",-0.1898,0.854114,0.224021,0.1653,0.6497,6,2,FALSE,FALSE,FALSE
"GENE2841","GENE2841_HUMAN","P24999","Protein GENE2841",-0.5119,1,0.395721,0,0.4026,4,3,FALSE,FALSE,FALSE
"GENE0940","GENE0940_HUMAN","P96565","Protein GENE0940",-0.0254,0.836087,0.383621,0,0.4161,5,3,FALSE,FALSE,FALSE
"UFL1","UFL1_HUMAN","P14801","Protein UFL1",2.0558,0.111256,0.023582,1.2356,1.6274,4,3,FALSE,FALSE,TRUE
"GENE2437","GENE2437_HUMAN","P03429","Protein GENE2437",-0.0162,0.629479,0.2163,0.0869,0.6649,3,3,FALSE,FALSE,FALSE
"GENE1666","GENE1666_HUMAN","P74159","Protein GENE1666",-0.5034,1,0.732135,0,0.1354,3,2,FALSE,TRUE,FALSE
"GENE1687","GENE1687_HUMAN","P97563","Protein GENE1687",-1.4193,0.063814,0.019202,1.5086,1.7167,4,4,FALSE,FALSE,TRUE
"GENE1409","GENE1409_HUMAN","P22414","Protein GENE1409",0.1959,0.422631,0.098547,0.6596,1.0064,4,3,FALSE,FALSE,FALSE
"GENE1494","GENE1494_HUMAN","P90325","Protein GENE1494",0.3683,1,0.877963,0,0.0565,6,4,FALSE,FALSE,FALSE
"GENE0738","GENE0738_HUMAN","P20377","Protein GENE0738",0.5221,1,0.68314,0.1333,0.1655,2,2,FALSE,FALSE,FALSE
"GENE0518","GENE0518_HUMAN","P20916","Protein GENE0518",-3.1243,0.003543,0.001373,2.5497,2.8623,4,5,FALSE,FALSE,TRUE
"GENE1838","GENE1838_HUMAN","P36380","Protein GENE1838",-0.6178,1,0.604596,0,0.2185,2,4,FALSE,FALSE,FALSE
"GENE1324","GENE1324_HUMAN","P11372","Protein GENE1324",-0.3091,1,0.929204,0,0.0319,4,4,FALSE,FALSE,FALSE
"GENE1444","GENE1444_HUMAN","P93208","Protein GENE1444",0.1301,1,0.39838,0.2191,0.3997,5,3,FALSE,FALSE,FALSE
"GENE2017","GENE2017_HUMAN","P74252","Protein GENE2017",-0.3588,1,0.822677,0,0.0848,3,2,FALSE,FALSE,FALSE
"GENE1900","GENE1900_HUMAN","P98959","Protein GENE1900",-0.543,0.558465,0.160587,0.1506,0.7943,3,4,FALSE,FALSE,FALSE
"GENE2664","GENE2664_HUMAN","P09359","Protein GENE2664",0.0893,1,0.454052,0,0.3429,5,2,FALSE,FALSE,FALSE
"GENE1351","GENE1351_HUMAN","P48666","Protein GENE1351",-0.225,1,0.507885,0.091,0.2942,2,3,FALSE,TRUE,FALSE
"GENE0381","GENE0381_HUMAN","P59549","Protein GENE0381",-0.0306,1,0.933116,0,0.0301,6,4,FALSE,TRUE,FALSE
"GENE1082","GENE1082_HUMAN","P79743","Protein GENE1082",0.5032,1,0.546363,0,0.2625,2,4,FALSE,FALSE,FALSE
"GENE2617","GENE2617_HUMAN","P51185","Protein GENE2617",-0.0402,1,0.288466,0,0.5399,3,5,FALSE,FALSE,FALSE
"GENE1569","GENE1569_HUMAN","P99768","Protein GENE1569",-0.4926,1,0.434524,0,0.362,5,3,FALSE,FALSE,FALSE
"GENE1376","GENE1376_HUMAN","P12195","Protein GENE1376",-0.4197,0.674403,0.647658,0.1484,0.1887,3,3,FALSE,FALSE,FALSE
"GENE2535","GENE2535_HUMAN","P91284","Protein GENE2535",0.6041,1,0.416993,0,0.3799,4,3,FALSE,FALSE,FALSE
"GENE0134","GENE0134_HUMAN","P43013","Protein GENE0134",0.1938,1,0.677881,0,0.1688,4,6,FALSE,FALSE,FALSE
"GENE2245","GENE2245_HUMAN","P13529","Protein GENE2245",-0.3646,0.433124,0.126335,0.497,0.8985,5,4,FALSE,FALSE,FALSE
"GENE0117","GENE0117_HUMAN","P49727","Protein GENE0117",-0.1197,1,0.835014,0,0.0783,3,6,FALSE,TRUE,FALSE
"GENE1186","GENE1186_HUMAN","P25955","Protein GENE1186",-0.0374,1,0.535928,0,0.2709,5,6,FALSE,FALSE,FALSE
"GENE1099","GENE1099_HUMAN","P07235","Protein GENE1099",0.335,1,0.624952,0,0.2042,3,2,FALSE,TRUE,FALSE
"GENE1956","GENE1956_HUMAN","P65037","Protein GENE1956",4.3906,0.06635,0.023107,1.0272,1.6363,5,5,FALSE,TRUE,TRUE
"GENE2021","GENE2021_HUMAN","P10743","Protein GENE2021",-1.1982,0.03621,0.021267,1.4275,1.6723,5,5,FALSE,TRUE,TRUE
"GENE2168","GENE2168_HUMAN","P76482","Protein GENE2168",-0.3893,1,0.623161,0,0.2054,2,6,FALSE,FALSE,FALSE
"GENE2468","GENE2468_HUMAN","P53186","Protein GENE2468",0.3805,1,0.917781,0.0051,0.0373,4,3,FALSE,FALSE,FALSE
"GENE0759","GENE0759_HUMAN","P96445","Protein GENE0759",-0.7383,0.174465,0.13001,0.4121,0.886,5,4,FALSE,FALSE,FALSE
"GENE2860","GENE2860_HUMAN","P63569","Protein GENE2860",0.557,1,0.675405,0,0.1704,6,6,FALSE,FALSE,FALSE
"GENE0171","GENE0171_HUMAN","P60613","Protein GENE0171",0.1879,0.724041,0.351533,0,0.454,6,5,FALSE,FALSE,FALSE
"GENE0407","GENE0407_HUMAN","P45424","Protein GENE0407",0.5129,1,0.417988,0,0.3788,5,5,TRUE,TRUE,FALSE
"GENE1098","GENE1098_HUMAN","P01426","Protein GENE1098",0.1357,0.395001,0.318441,0.2047,0.497,3,5,FALSE,FALSE,FALSE
"GENE0542","GENE0542_HUMAN","P66120","Protein GENE0542",-0.0484,1,0.968605,0,0.0139,3,3,FALSE,FALSE,FALSE
"GENE1108","GENE1108_HUMAN","P35014","Protein GENE1108",0.0188,1,0.942814,0,0.0256,5,4,FALSE,FALSE,FALSE
"GENE2083","GENE2083_HUMAN","P27330","Protein GENE2083",-0.7567,0.099409,0.028671,1.3128,1.5426,3,2,FALSE,FALSE,TRUE
"GENE0946","GENE0946_HUMAN","P23789","Protein GENE0946",-0.0604,0.746525,0.333644,0,0.4767,6,6,FALSE,FALSE,FALSE
"GENE0144","GENE0144_HUMAN","P55662","Protein GENE0144",0.1809,1,0.763987,0,0.1169,6,5,FALSE,FALSE,FALSE
"GENE2464","GENE2464_HUMAN","P07443","Protein GENE2464",-0.4899,1,0.644775,0,0.1906,6,2,FALSE,FALSE,FALSE
"GENE2080","GENE2080_HUMAN","P85183","Protein GENE2080",1.8918,0.036123,0.02453,0.9161,1.6103,4,4,FALSE,FALSE,TRUE
"GENE0303","GENE0303_HUMAN","P23365","Protein GENE0303",-0.1383,0.425524,0.149782,0.342,0.8245,6,2,TRUE,FALSE,FALSE
"GENE0492","GENE0492_HUMAN","P01822","Protein GENE0492",3.4541,0.116676,0.047489,0.9437,1.3234,6,6,FALSE,FALSE,TRUE
"GENE0012","GENE0012_HUMAN","P08931","Protein GENE0012",-0.2842,0.358659,0.122577,0.5917,0.9116,2,2,FALSE,FALSE,FALSE
"GENE1856","GENE1856_HUMAN","P04715","Protein GENE1856",-0.3295,1,0.745878,0,0.1273,2,5,FALSE,FALSE,FALSE
"GENE0936","GENE0936_HUMAN","P69629","Protein GENE0936",0.2484,1,0.927576,0,0.0327,3,5,FALSE,FALSE,FALSE
"GENE0251","GENE0251_HUMAN","P42200","Protein GENE0251",0.5435,1,0.448918,0,0.3478,5,5,FALSE,FALSE,FALSE
"GENE2115","GENE2115_HUMAN","P58511","Protein GENE2115",0.0464,1,0.744967,0,0.1279,4,4,FALSE,FALSE,FALSE
"GENE1058","GENE1058_HUMAN","P96546","Protein GENE1058",0.6361,1,0.359469,0.3822,0.4443,5,2,FALSE,FALSE,FALSE
"GENE0400","GENE0400_HUMAN","P34060","Protein GENE0400",0.5616,1,0.327598,0,0.4847,5,4,FALSE,FALSE,FALSE
"GENE1883","GENE1883_HUMAN","P01629","Protein GENE1883",0.1802,1,0.601454,0,0.2208,2,2,FALSE,FALSE,FALSE
"GENE1216","GENE1216_HUMAN","P52493","Protein GENE1216",0.2575,1,0.442756,0.2434,0.3538,6,2,FALSE,FALSE,FALSE
"GENE2114","GENE2114_HUMAN","P96005","Protein GENE2114",0.1692,1,0.665756,0,0.1767,2,4,FALSE,FALSE,FALSE
"GENE0580","GENE0580_HUMAN","P71160","Protein GENE0580",-0.423,0.330051,0.250567,0.5735,0.6011,5,3,FALSE,FALSE,FALSE
"GENE1037","GENE1037_HUMAN","P16438","Protein GENE1037",-0.3524,1,0.301857,0.0371,0.5202,5,6,FALSE,FALSE,FALSE
"GENE2622","GENE2622_HUMAN","P02092","Protein GENE2622",0.687,1,0.232159,0.4337,0.6342,5,6,FALSE,FALSE,FALSE
"GENE0663","GENE0663_HUMAN","P96119","Protein GENE0663",-0.7479,1,0.312812,0,0.5047,5,4,FALSE,TRUE,FALSE
"GENE1328","GENE1328_HUMAN","P56321","Protein GENE1328",4.1041,0.052724,0.024185,0.9243,1.6165,6,2,FALSE,TRUE,TRUE
"GENE0431","GENE0431_HUMAN","P27157","Protein GENE0431",0.3744,1,0.591844,0.0197,0.2278,3,4,FALSE,FALSE,FALSE
"GENE0887","GENE0887_HUMAN","P10832","Protein GENE0887",-0.5568,1,0.685869,0,0.1638,5,3,FALSE,FALSE,FALSE
"GENE2571","GENE2571_HUMAN","P86745","Protein GENE2571",0.1669,1,0.808468,0,0.0923,3,6,FALSE,FALSE,FALSE
"GENE0037","GENE0037_HUMAN","P14583","Protein GENE0037",-0.0168,1,0.960958,0,0.0173,4,2,FALSE,TRUE,FALSE
"GENE2819","GENE2819_HUMAN","P25219","Protein GENE2819",-0.389,1,0.714769,0,0.1458,4,3,FALSE,FALSE,FALSE
"GENE1239","GENE1239_HUMAN","P50240","Protein GENE1239",-0.1054,1,0.733057,0,0.1349,4,4,FALSE,FALSE,FALSE
"GENE0225","GENE0225_HUMAN","P00907","Protein GENE0225",-0.0794,1,0.767242,0,0.1151,3,6,FALSE,FALSE,FALSE
"GENE2120","GENE2120_HUMAN","P14703","Protein GENE2120",0.101,1,0.275841,0.0525,0.5593,6,2,FALSE,FALSE,FALSE
"GENE1470","GENE1470_HUMAN","P00303","Protein GENE1470",-0.3042,1,0.902638,0,0.0445,4,4,FALSE,TRUE,FALSE
"GENE0948","GENE0948_HUMAN","P76871","Protein GENE0948",0.7993,0.674626,0.142095,0.5645,0.8474,4,3,FALSE,FALSE,FALSE
"GENE0697","GENE0697_HUMAN","P01003","Protein GENE0697",-0.2624,0.832335,0.24912,0,0.6036,6,6,FALSE,FALSE,FALSE
"GENE0635","GENE0635_HUMAN","P29262","Protein GENE0635",0.7295,1,0.770564,0,0.1132,5,4,FALSE,FALSE,FALSE
"GENE2191","GENE2191_HUMAN","P33628","Protein GENE2191",0.3478,0.91419,0.445943,0,0.3507,5,2,FALSE,FALSE,FALSE
"GENE1505","GENE1505_HUMAN","P32262","Protein GENE1505",-1.6038,0.036074,0.010055,1.4235,1.9976,6,2,FALSE,TRUE,TRUE
"GENE1899","GENE1899_HUMAN","P35088","Protein GENE1899",0.2927,0.477662,0.252395,0,0.5979,6,5,FALSE,FALSE,FALSE
"GENE0842","GENE0842_HUMAN","P82276","Protein GENE0842",0.3382,1,0.415206,0.2588,0.3817,6,4,TRUE,FALSE,FALSE
"GENE0930","GENE0930_HUMAN","P32263","Protein GENE0930",-0.8874,0.454404,0.358924,0,0.445,5,3,FALSE,FALSE,FALSE
"GENE2434","GENE2434_HUMAN","P97546","Protein GENE2434",-0.324,0.328753,0.113016,0.6181,0.9469,4,2,TRUE,FALSE,FALSE
"GENE2470","GENE2470_HUMAN","P89270","Protein GENE2470",-0.2737,0.397868,0.241303,1e-04,0.6174,2,2,FALSE,FALSE,FALSE
"GENE2548","GENE2548_HUMAN","P87698","Protein GENE2548",0.116,1,0.399404,0.2589,0.3986,5,5,FALSE,FALSE,FALSE
"GENE2299","GENE2299_HUMAN","P50713","Protein GENE2299",1.1681,0.156399,0.045031,0.979,1.3465,6,4,FALSE,FALSE,TRUE
"GENE0620","GENE0620_HUMAN","P91249","Protein GENE0620",0.0103,1,0.861567,0,0.0647,3,4,FALSE,FALSE,FALSE
"GENE2859","GENE2859_HUMAN","P19277","Protein GENE2859",0.0301,1,0.585822,0,0.2322,6,5,FALSE,FALSE,FALSE
"GENE0975","GENE0975_HUMAN","P69070","Protein GENE0975",1.2907,0.035465,0.013133,1.3258,1.8816,2,5,FALSE,FALSE,TRUE
"GENE2440","GENE2440_HUMAN","P88052","Protein GENE2440",0.1179,0.607654,0.275563,0,0.5598,3,3,TRUE,FALSE,FALSE
"GENE2198","GENE2198_HUMAN","P86260","Protein GENE2198",0.2022,1,0.550512,0,0.2592,2,6,FALSE,FALSE,FALSE
"GENE2757","GENE2757_HUMAN","P32143","Protein GENE2757",-0.7734,0.006061,0.002468,2.4251,2.6077,4,4,FALSE,TRUE,TRUE
"GENE2869","GENE2869_HUMAN","P27853","Protein GENE2869",0.5212,1,0.560329,0,0.2516,5,3,FALSE,FALSE,FALSE
"GENE2312","GENE2312_HUMAN","P22950","Protein GENE2312",-0.0403,1,0.95606,0,0.0195,6,4,FALSE,FALSE,FALSE
"GENE2873","GENE2873_HUMAN","P74875","Protein GENE2873",-0.1991,1,0.937771,0,0.0279,5,2,FALSE,FALSE,FALSE
"GENE0289","GENE0289_HUMAN","P80065","Protein GENE0289",0.3221,1,0.852735,0,0.0692,4,4,TRUE,FALSE,FALSE
"NCOA2","NCOA2_HUMAN","P41084","Protein NCOA2",-0.5162,0.600057,0.162082,0.6993,0.7903,2,2,FALSE,FALSE,FALSE
"GENE2840","GENE2840_HUMAN","P01726","Protein GENE2840",-2.4057,0.125767,0.030923,0.8731,1.5097,5,3,FALSE,FALSE,TRUE
"GENE0068","GENE0068_HUMAN","P86579","Protein GENE0068",0.7284,1,0.874324,0,0.0583,3,4,FALSE,FALSE,FALSE
"GENE1437","GENE1437_HUMAN","P68630","Protein GENE1437",0.3654,0.841656,0.673693,0,0.1715,3,4,FALSE,FALSE,FALSE
"GENE2584","GENE2584_HUMAN","P26116","Protein GENE2584",0.019,0.31675,0.165672,0.1135,0.7808,5,4,FALSE,FALSE,FALSE
"GENE2037","GENE2037_HUMAN","P30090","Protein GENE2037",0.1226,1,0.897096,0,0.0472,4,6,FALSE,FALSE,FALSE
"GENE2511","GENE2511_HUMAN","P63860","Protein GENE2511",-0.4713,1,0.608854,0,0.2155,3,6,FALSE,FALSE,FALSE
"GENE0122","GENE0122_HUMAN","P03634","Protein GENE0122",-0.3862,1,0.993047,0,0.003,4,2,FALSE,FALSE,FALSE
"GENE1117","GENE1117_HUMAN","P26697","Protein GENE1117",0.0564,0.923763,0.314041,0,0.503,4,3,FALSE,FALSE,FALSE
"GENE1079","GENE1079_HUMAN","P35445","Protein GENE1079",0.027,0.744821,0.321548,0.3286,0.4928,2,4,FALSE,FALSE,FALSE
"GENE1621","GENE1621_HUMAN","P95225","Protein GENE1621",0.2002,0.70483,0.28683,0,0.5424,5,4,FALSE,FALSE,FALSE
"GENE1594","GENE1594_HUMAN","P48583","Protein GENE1594",-2.7451,0.214325,0.048833,0.7212,1.3113,5,3,FALSE,FALSE,TRUE
"GENE2111","GENE2111_HUMAN","P96104","Protein GENE2111",3.3719,0.066742,0.030876,0.8305,1.5104,3,6,FALSE,FALSE,TRUE
"GENE0232","GENE0232_HUMAN","P53893","Protein GENE0232",0.6199,0.03166,0.026242,1.3706,1.581,6,2,FALSE,TRUE,TRUE
"GENE0928","GENE0928_HUMAN","P84145","Protein GENE0928",0.0946,0.766638,0.198648,0.1235,0.7019,5,4,FALSE,FALSE,FALSE
"GENE0305","GENE0305_HUMAN","P29428","Protein GENE0305",0.058,1,0.589933,0,0.2292,6,6,FALSE,TRUE,FALSE
"ASCC2","ASCC2_HUMAN","P73446","Protein ASCC2",0.6845,0.076475,0.028685,0.8602,1.5423,3,3,FALSE,FALSE,TRUE
"GENE1571","GENE1571_HUMAN","P02189","Protein GENE1571",0.5857,0.496396,0.170929,0.3879,0.7672,4,4,FALSE,TRUE,FALSE
"GENE2254","GENE2254_HUMAN","P46703","Protein GENE2254",-0.593,1,0.860274,0,0.0654,6,3,FALSE,FALSE,FALSE
"GENE2027","GENE2027_HUMAN","P25930","Protein GENE2027",-0.1651,0.957294,0.373226,0.0176,0.428,3,4,FALSE,FALSE,FALSE
"GENE1515","GENE1515_HUMAN","P50764","Protein GENE1515",-0.5731,1,0.787161,0,0.1039,2,5,FALSE,FALSE,FALSE
"GENE1198","GENE1198_HUMAN","P39709","Protein GENE1198",0.3102,1,0.767472,0,0.1149,3,2,FALSE,FALSE,FALSE
"GENE2420","GENE2420_HUMAN","P19962","Protein GENE2420",-0.2497,1,0.561156,0,0.2509,2,4,FALSE,TRUE,FALSE
"GENE1206","GENE1206_HUMAN","P96283","Protein GENE1206",-3.144,0.211025,0.046546,0.8712,1.3321,5,3,FALSE,TRUE,TRUE
"GENE1322","GENE1322_HUMAN","P25300","Protein GENE1322",-0.3614,0.130638,0.089876,0.5122,1.0464,5,3,FALSE,FALSE,FALSE
"GENE0372","GENE0372_HUMAN","P97106","Protein GENE0372",8e-04,1,0.95466,0,0.0202,2,2,FALSE,FALSE,FALSE
"GENE2131","GENE2131_HUMAN","P81346","Protein GENE2131",-0.4831,1,0.251318,0.1049,0.5998,6,5,FALSE,FALSE,FALSE
"GENE0175","GENE0175_HUMAN","P35534","Protein GENE0175",-4.4271,0.140378,0.031994,1.081,1.4949,2,4,FALSE,FALSE,TRUE
"GENE1097","GENE1097_HUMAN","P77440","Protein GENE1097",-0.1609,1,0.544072,0.1281,0.2643,5,2,FALSE,FALSE,FALSE
"GENE0353","GENE0353_HUMAN","P35697","Protein GENE0353",0.5393,0.103589,0.073669,0.7819,1.1327,4,3,TRUE,FALSE,FALSE
"GENE0914","GENE0914_HUMAN","P40571","Protein GENE0914",-0.0273,1,0.857656,0,0.0667,5,5,FALSE,FALSE,FALSE
"GENE2088","GENE2088_HUMAN","P55766","Protein GENE2088",-0.3963,0.569348,0.129143,0.7804,0.8889,2,3,TRUE,FALSE,FALSE
"GENE1166","GENE1166_HUMAN","P68729","Protein GENE1166",0.9276,1,0.775063,0,0.1107,4,3,FALSE,FALSE,FALSE
"GENE0139","GENE0139_HUMAN","P17334","Protein GENE0139",0.2475,1,0.453746,0.0237,0.3432,3,4,FALSE,FALSE,FALSE
"GENE2346","GENE2346_HUMAN","P72111","Protein GENE2346",0.617,0.05505,0.017965,1.2883,1.7456,5,3,FALSE,FALSE,TRUE
"GENE1887","GENE1887_HUMAN","P16226","Protein GENE1887",-0.9698,1,0.399768,0,0.3982,3,6,FALSE,FALSE,FALSE
"GENE2866","GENE2866_HUMAN","P13235","Protein GENE2866",-0.2648,0.73503,0.719181,0,0.1432,4,2,FALSE,FALSE,FALSE
"GENE0553","GENE0553_HUMAN","P57644","Protein GENE0553",-0.2643,1,0.909117,0,0.0414,3,3,FALSE,FALSE,FALSE
"GENE0457","GENE0457_HUMAN","P18868","Protein GENE0457",-0.8833,0.789638,0.565653,0,0.2474,3,5,FALSE,FALSE,FALSE
"GENE0458","GENE0458_HUMAN","P41822","Protein GENE0458",-0.333,1,0.848831,0,0.0712,3,4,FALSE,FALSE,FALSE
"GENE0692","GENE0692_HUMAN","P71265","Protein GENE0692",-0.1492,0.648392,0.345136,0,0.462,4,5,TRUE,FALSE,FALSE
"GENE1421","GENE1421_HUMAN","P64844","Protein GENE1421",-0.5473,0.682392,0.285546,0.0808,0.5443,3,5,FALSE,FALSE,FALSE
"GENE0727","GENE0727_HUMAN","P02288","Protein GENE0727",4.3932,0.023713,0.021542,1.3968,1.6667,4,3,FALSE,TRUE,TRUE
"GENE1329","GENE1329_HUMAN","P71096","Protein GENE1329",0.4773,1,0.448982,0,0.3478,6,2,FALSE,FALSE,FALSE
"GENE1024","GENE1024_HUMAN","P54271","Protein GENE1024",0.0344,1,0.60693,0,0.2169,5,6,FALSE,TRUE,FALSE
"GENE1281","GENE1281_HUMAN","P10493","Protein GENE1281",-0.1354,1,0.313515,0,0.5037,6,3,FALSE,FALSE,FALSE
"GENE2518","GENE2518_HUMAN","P06003","Protein GENE2518",-0.651,0.338517,0.06961,0.8323,1.1573,6,6,FALSE,FALSE,FALSE
"GENE0624","GENE0624_HUMAN","P26127","Protein GENE0624",-0.3438,1,0.783013,0,0.1062,6,3,FALSE,FALSE,FALSE
"GENE2077","GENE2077_HUMAN","P40805","Protein GENE2077",0.4037,0.15658,0.129182,0.204,0.8888,2,5,FALSE,FALSE,FALSE
"GENE1536","GENE1536_HUMAN","P08072","Protein GENE1536",4.4793,0.037025,0.010479,1.2952,1.9797,4,2,FALSE,FALSE,TRUE
"GENE0601","GENE0601_HUMAN","P84516","Protein GENE0601",0.7932,0.528801,0.279214,0.4679,0.5541,6,3,FALSE,FALSE,FALSE
"GENE0790","GENE0790_HUMAN","P07665","Protein GENE0790",0.5787,1,0.471016,0,0.327,6,4,FALSE,FALSE,FALSE
"GENE2644","GENE2644_HUMAN","P60372","Protein GENE2644",0.1683,0.612274,0.462215,0,0.3352,6,5,TRUE,FALSE,FALSE
"GENE2162","GENE2162_HUMAN","P06467","Protein GENE2162",-0.0821,0.846763,0.382951,0,0.4169,4,3,FALSE,FALSE,FALSE
"GENE0309","GENE0309_HUMAN","P61318","Protein GENE0309",-0.1186,1,0.592172,0,0.2276,3,2,FALSE,FALSE,FALSE
"GENE0209","GENE0209_HUMAN","P05145","Protein GENE0209",-0.4272,1,0.766652,0,0.1154,6,6,FALSE,FALSE,FALSE
"GENE0103","GENE0103_HUMAN","P82326","Protein GENE0103",4.1007,0.042785,0.016979,1.1078,1.7701,3,2,TRUE,FALSE,TRUE
"GENE1088","GENE1088_HUMAN","P37061","Protein GENE1088",-0.4648,1,0.891907,0,0.0497,4,5,FALSE,FALSE,FALSE
"GENE1659","GENE1659_HUMAN","P01922","Protein GENE1659",-0.0477,0.693311,0.317614,0.1342,0.4981,2,4,TRUE,FALSE,FALSE
"GENE0054","GENE0054_HUMAN","P34706","Protein GENE0054",-0.5462,1,0.325843,0.1858,0.487,5,2,FALSE,FALSE,FALSE
"GENE1554","GENE1554_HUMAN","P41782","Protein GENE1554",-0.3349,0.627909,0.499947,0,0.3011,6,5,FALSE,FALSE,FALSE
"GENE0748","GENE0748_HUMAN","P99687","Protein GENE0748",-0.1946,0.559897,0.153901,0.2197,0.8128,5,4,FALSE,FALSE,FALSE
"GENE2690","GENE2690_HUMAN","P52314","Protein GENE2690",-0.0367,1,0.365503,0.1403,0.4371,3,6,FALSE,FALSE,FALSE
"GENE0861","GENE0861_HUMAN","P63196","Protein GENE0861",-0.0509,1,0.960497,0,0.0175,6,6,FALSE,FALSE,FALSE
"GENE1175","GENE1175_HUMAN","P51507","Protein GENE1175",0.8198,0.801393,0.440808,0.1064,0.3558,4,4,FALSE,TRUE,FALSE
"GENE0013","GENE0013_HUMAN","P50130","Protein GENE0013",0.4356,1,0.668951,0,0.1746,3,3,FALSE,FALSE,FALSE
"GENE0348","GENE0348_HUMAN","P86947","Protein GENE0348",0.9872,0.022914,0.011646,1.4932,1.9338,6,4,TRUE,FALSE,TRUE
"GENE0968","GENE0968_HUMAN","P30035","Protein GENE0968",0.3584,0.870571,0.279006,0.1796,0.5544,2,2,FALSE,TRUE,FALSE
"GENE1008","GENE1008_HUMAN","P44071","Protein GENE1008",-0.2861,1,0.885177,0,0.053,3,2,FALSE,FALSE,FALSE
"GENE2533","GENE2533_HUMAN","P04940","Protein GENE2533",0.1326,1,0.942368,0,0.0258,5,2,FALSE,FALSE,FALSE
"GENE0768","GENE0768_HUMAN","P38973","Protein GENE0768",0.9725,0.522033,0.378678,0,0.4217,6,2,TRUE,FALSE,FALSE
"GENE1250","GENE1250_HUMAN","P60936","Protein GENE1250",-0.1781,1,0.645971,0.1763,0.1898,6,5,FALSE,FALSE,FALSE
"GENE0460","GENE0460_HUMAN","P92573","Protein GENE0460",-0.0917,1,0.328975,0.135,0.4828,4,2,FALSE,FALSE,FALSE
"GENE0154","GENE0154_HUMAN","P97926","Protein GENE0154",-0.0534,0.937697,0.513883,0,0.2891,4,5,FALSE,FALSE,FALSE
"GENE2108","GENE2108_HUMAN","P09471","Protein GENE2108",0.3926,1,0.3359,0.2101,0.4738,6,5,FALSE,FALSE,FALSE
"GENE1784","GENE1784_HUMAN","P66124","Protein GENE1784",0.0775,0.321368,0.075738,0.5166,1.1207,2,4,FALSE,FALSE,FALSE
"GENE1195","GENE1195_HUMAN","P41343","Protein GENE1195",0.3127,1,0.798169,0,0.0979,4,6,TRUE,FALSE,FALSE
"GENE2359","GENE2359_HUMAN","P13001","Protein GENE2359",0.0842,1,0.660202,0,0.1803,5,3,TRUE,FALSE,FALSE
"GENE0402","GENE0402_HUMAN","P77727","Protein GENE0402",-0.1489,1,0.403074,0.1726,0.3946,3,5,FALSE,FALSE,FALSE
"GENE2882","GENE2882_HUMAN","P29092","Protein GENE2882",0.207,1,0.804103,0,0.0947,4,5,FALSE,FALSE,FALSE
"GENE2631","GENE2631_HUMAN","P72566","Protein GENE2631",0.4639,0.651399,0.230349,0.03,0.6376,5,6,FALSE,FALSE,FALSE
"GENE1259","GENE1259_HUMAN","P28788","Protein GENE1259",-0.4128,1,0.884486,0,0.0533,2,3,FALSE,FALSE,FALSE
"GENE0659","GENE0659_HUMAN","P33333","Protein GENE0659",0.1723,1,0.908364,0,0.0417,6,2,FALSE,FALSE,FALSE
"GENE1926","GENE1926_HUMAN","P13589","Protein GENE1926",0.3404,1,0.470552,0,0.3274,4,6,FALSE,FALSE,FALSE
"GENE0897","GENE0897_HUMAN","P08573","Protein GENE0897",-0.2491,1,0.561884,0.1678,0.2504,4,6,FALSE,FALSE,FALSE
"GENE0843","GENE0843_HUMAN","P70185","Protein GENE0843",-0.6413,1,0.666608,0,0.1761,2,3,FALSE,FALSE,FALSE
"GENE0891","GENE0891_HUMAN","P91095","Protein GENE0891",-0.2798,1,0.874946,0,0.058,2,3,FALSE,FALSE,FALSE
"GENE2820","GENE2820_HUMAN","P17052","Protein GENE2820",-0.2177,1,0.931176,0,0.031,5,4,TRUE,FALSE,FALSE
"GENE2508","GENE2508_HUMAN","P50061","Protein GENE2508",0.2551,0.760273,0.262467,0.2803,0.5809,6,6,FALSE,FALSE,FALSE
"GENE2020","GENE2020_HUMAN","P36311","Protein GENE2020",0.1435,0.521539,0.288231,0.2458,0.5403,6,2,FALSE,FALSE,FALSE
"GENE0231","GENE0231_HUMAN","P06610","Protein GENE0231",0.321,1,0.865019,0,0.063,2,6,FALSE,FALSE,FALSE
"GENE2356","GENE2356_HUMAN","P74678","Protein GENE2356",-0.1331,1,0.918427,0,0.037,6,4,FALSE,FALSE,FALSE
"GENE2425","GENE2425_HUMAN","P79392","Protein GENE2425",-0.1105,0.829878,0.820525,0,0.0859,5,3,TRUE,FALSE,FALSE
"GENE2845","GENE2845_HUMAN","P97478","Protein GENE2845",0.2094,0.428755,0.096073,0.4001,1.0174,2,6,FALSE,FALSE,FALSE
"GENE2652","GENE2652_HUMAN","P17023","Protein GENE2652",3.5111,0.135918,0.038402,0.9515,1.4156,5,2,FALSE,FALSE,TRUE
"GENE1274","GENE1274_HUMAN","P50636","Protein GENE1274",0.0256,1,0.351621,0,0.4539,2,4,FALSE,FALSE,FALSE
"GENE2872","GENE2872_HUMAN","P13108","Protein GENE2872",0.1306,1,0.734808,0,0.1338,2,5,FALSE,FALSE,FALSE
"GENE1226","GENE1226_HUMAN","P45189","Protein GENE1226",-0.6175,1,0.582306,0,0.2348,6,5,TRUE,FALSE,FALSE
"GENE1455","GENE1455_HUMAN","P01115","Protein GENE1455",0.0861,1,0.65098,0,0.1864,5,2,FALSE,FALSE,FALSE
"GENE0745","GENE0745_HUMAN","P27701","Protein GENE0745",-0.4433,0.617903,0.269502,0.309,0.5694,2,6,FALSE,FALSE,FALSE
"GENE1340","GENE1340_HUMAN","P33905","Protein GENE1340",-0.2203,1,0.796946,0,0.0986,6,2,FALSE,FALSE,FALSE
"GENE2261","GENE2261_HUMAN","P61636","Protein GENE2261",0.3118,0.24595,0.133239,0.5996,0.8754,3,6,FALSE,TRUE,FALSE
"GENE2804","GENE2804_HUMAN","P63659","Protein GENE2804",-0.2851,1,0.369675,0.227,0.4322,6,2,FALSE,TRUE,FALSE
"GENE2246","GENE2246_HUMAN","P38293","Protein GENE2246",-0.57,1,0.456682,0,0.3404,4,2,FALSE,FALSE,FALSE
"GENE1540","GENE1540_HUMAN","P70074","Protein GENE1540",-0.029,1,0.560494,0,0.2514,2,6,FALSE,FALSE,FALSE
"GENE2175","GENE2175_HUMAN","P49950","Protein GENE2175",0.0765,1,0.355444,0,0.4492,5,5,FALSE,FALSE,FALSE
"GENE0156","GENE0156_HUMAN","P65804","Protein GENE0156",0.0341,1,0.534072,0.0443,0.2724,3,5,FALSE,FALSE,FALSE
"GENE0223","GENE0223_HUMAN","P91686","Protein GENE0223",2.5193,0.168903,0.036448,0.7662,1.4383,3,2,FALSE,FALSE,TRUE
"GENE2660","GENE2660_HUMAN","P72773","Protein GENE2660",-0.3633,1,0.485893,0,0.3135,6,6,TRUE,FALSE,FALSE
"GENE2679","GENE2679_HUMAN","P84757","Protein GENE2679",0.1127,0.682253,0.336725,0.2796,0.4727,6,2,FALSE,FALSE,FALSE
"GENE2568","GENE2568_HUMAN","P10818","Protein GENE2568",0.4098,1,0.457581,0,0.3395,2,6,FALSE,FALSE,FALSE
"GENE0777","GENE0777_HUMAN","P91819","Protein GENE0777",0.1516,1,0.467138,0.3028,0.3306,2,4,FALSE,FALSE,FALSE
"GENE1815","GENE1815_HUMAN","P22592","Protein GENE1815",3.552,0.131913,0.038103,0.723,1.419,4,3,FALSE,FALSE,TRUE
"GENE0639","GENE0639_HUMAN","P41564","Protein GENE0639",-0.9437,0.046994,0.033597,1.2276,1.4737,4,3,TRUE,FALSE,TRUE
"GENE0268","GENE0268_HUMAN","P94978","Protein GENE0268",0.1461,1,0.566645,0,0.2467,6,5,FALSE,FALSE,FALSE
"GENE2544","GENE2544_HUMAN","P17181","Protein GENE2544",-0.7943,0.094381,0.028667,1.01,1.5426,3,3,FALSE,FALSE,TRUE
"GENE1355","GENE1355_HUMAN","P48919","Protein GENE1355",-0.0181,0.289622,0.081729,0.5165,1.0876,4,5,FALSE,FALSE,FALSE
"GENE1846","GENE1846_HUMAN","P77086","Protein GENE1846",0.6621,1,0.714874,0,0.1458,3,5,FALSE,FALSE,FALSE
"GENE1911","GENE1911_HUMAN","P78102","Protein GENE1911",0.2771,0.161326,0.08168,0.4097,1.0879,6,4,FALSE,FALSE,FALSE
"GENE0503","GENE0503_HUMAN","P25924","Protein GENE0503",0.2467,0.742169,0.345695,0.4013,0.4613,5,3,TRUE,FALSE,FALSE
"GENE1131","GENE1131_HUMAN","P15959","Protein GENE1131",-0.7027,1,0.631801,0,0.1994,5,2,FALSE,FALSE,FALSE
"GENE2667","GENE2667_HUMAN","P96412","Protein GENE2667",-0.0917,1,0.791453,0,0.1016,4,6,FALSE,FALSE,FALSE
"GENE2155","GENE2155_HUMAN","P01689","Protein GENE2155",0.0246,1,0.690298,0,0.161,3,2,FALSE,FALSE,FALSE
"GENE1467","GENE1467_HUMAN","P41514","Protein GENE1467",0.5309,1,0.399068,0,0.399,3,2,FALSE,TRUE,FALSE
"GENE1544","GENE1544_HUMAN","P00980","Protein GENE1544",4.067,0.215925,0.048954,0.7633,1.3102,3,3,FALSE,FALSE,TRUE
"GENE1934","GENE1934_HUMAN","P98295","Protein GENE1934",-0.4038,1,0.577078,0,0.2388,4,6,FALSE,FALSE,FALSE
"GENE1327","GENE1327_HUMAN","P22261","Protein GENE1327",0.129,0.39592,0.279133,0.5321,0.5542,5,4,TRUE,FALSE,FALSE
"GENE0570","GENE0570_HUMAN","P74984","Protein GENE0570",-0.4579,1,0.613229,0,0.2124,3,3,FALSE,FALSE,FALSE
"GENE2519","GENE2519_HUMAN","P83732","Protein GENE2519",-0.0578,1,0.311852,0.0332,0.5061,3,5,FALSE,FALSE,FALSE
"GENE0301","GENE0301_HUMAN","P88250","Protein GENE0301",0.2518,1,0.93895,0,0.0274,4,6,FALSE,FALSE,FALSE
"GENE0415","GENE0415_HUMAN","P31226","Protein GENE0415",-0.0587,1,0.741336,0,0.13,5,4,FALSE,FALSE,FALSE
"GENE2000","GENE2000_HUMAN","P76019","Protein GENE2000",0.0022,1,0.789333,0,0.1027,5,5,FALSE,TRUE,FALSE
"GENE1103","GENE1103_HUMAN","P25103","Protein GENE1103",-0.0296,1,0.897371,0,0.047,3,4,FALSE,FALSE,FALSE
"GENE1171","GENE1171_HUMAN","P72701","Protein GENE1171",-0.6601,1,0.962326,0,0.0167,2,5,FALSE,TRUE,FALSE
"GENE2237","GENE2237_HUMAN","P89414","Protein GENE2237",-0.2798,0.544517,0.250505,0,0.6012,4,2,FALSE,TRUE,FALSE
"GENE1893","GENE1893_HUMAN","P46408","Protein GENE1893",0.2593,0.346859,0.182121,0.2278,0.7396,3,5,FALSE,FALSE,FALSE
"GENE1913","GENE1913_HUMAN","P09213","Protein GENE1913",0.1615,1,0.463211,0,0.3342,5,5,FALSE,FALSE,FALSE
"GENE0459","GENE0459_HUMAN","P82391","Protein GENE0459",3.8596,0.166386,0.043512,1.0892,1.3614,5,5,FALSE,FALSE,TRUE
"GENE0854","GENE0854_HUMAN","P05552","Protein GENE0854",0.2142,0.936543,0.202879,0.1961,0.6928,2,6,FALSE,TRUE,FALSE
"GENE0271","GENE0271_HUMAN","P07757","Protein GENE0271",-0.4507,1,0.554784,0,0.2559,5,4,TRUE,FALSE,FALSE
"GENE0187","GENE0187_HUMAN","P02944","Protein GENE0187",-0.433,1,0.384962,0,0.4146,3,3,FALSE,FALSE,FALSE
"GENE2771","GENE2771_HUMAN","P37805","Protein GENE2771",-0.5412,1,0.65967,0,0.1807,6,3,FALSE,FALSE,FALSE
"GENE1833","GENE1833_HUMAN","P63594","Protein GENE1833",-0.1528,1,0.429168,0,0.3674,4,2,FALSE,FALSE,FALSE
"GENE0662","GENE0662_HUMAN","P82729","Protein GENE0662",0.0164,1,0.635237,0,0.1971,3,4,FALSE,FALSE,FALSE
"GENE1604","GENE1604_HUMAN","P00899","Protein GENE1604",-0.0723,0.426465,0.211764,0.0228,0.6741,4,3,FALSE,FALSE,FALSE
"GENE1071","GENE1071_HUMAN","P41724","Protein GENE1071",-0.4302,1,0.8936,0,0.0489,3,3,FALSE,FALSE,FALSE
"GENE2274","GENE2274_HUMAN","P93901","Protein GENE2274",0.5238,0.517232,0.457388,0.2984,0.3397,2,5,FALSE,FALSE,FALSE
"GENE1648","GENE1648_HUMAN","P36092","Protein GENE1648",-0.1187,1,0.513728,0,0.2893,2,2,FALSE,FALSE,FALSE
"GENE2041","GENE2041_HUMAN","P78279","Protein GENE2041",0.466,1,0.445021,0.0957,0.3516,2,5,FALSE,FALSE,FALSE
"GENE0414","GENE0414_HUMAN","P31554","Protein GENE0414",0.4475,1,0.848591,0,0.0713,6,4,FALSE,FALSE,FALSE
"GENE2816","GENE2816_HUMAN","P34528","Protein GENE2816",-4.4984,0.084052,0.027586,1.0838,1.5593,6,5,FALSE,TRUE,TRUE
"GENE2448","GENE2448_HUMAN","P95186","Protein GENE2448",0.0471,0.615153,0.13899,0.5533,0.857,3,6,FALSE,FALSE,FALSE
"GENE2471","GENE2471_HUMAN","P93780","Protein GENE2471",0.0413,0.99916,0.223354,0.2867,0.651,3,4,FALSE,FALSE,FALSE
"GENE1592","GENE1592_HUMAN","P81204","Protein GENE1592",-0.443,1,0.94597,0,0.0241,2,6,FALSE,FALSE,FALSE
"GENE2055","GENE2055_HUMAN","P63057","Protein GENE2055",0.2163,1,0.868604,0,0.0612,3,2,FALSE,FALSE,FALSE
"GENE1618","GENE1618_HUMAN","P85328","Protein GENE1618",-0.1928,0.260801,0.237192,0.5111,0.6249,4,5,FALSE,FALSE,FALSE
"GENE1723","GENE1723_HUMAN","P89724","Protein GENE1723",-0.4092,0.938355,0.232865,0.0099,0.6329,4,6,FALSE,FALSE,FALSE
"GENE1203","GENE1203_HUMAN","P92123","Protein GENE1203",-0.2399,1,0.822006,0,0.0851,4,6,FALSE,FALSE,FALSE
"GENE2201","GENE2201_HUMAN","P42007","Protein GENE2201",-0.7479,1,0.868753,0,0.0611,6,2,FALSE,FALSE,FALSE
"GENE0743","GENE0743_HUMAN","P43496","Protein GENE0743",0.3683,1,0.620269,0,0.2074,4,5,FALSE,FALSE,FALSE
"GENE2451","GENE2451_HUMAN","P44257","Protein GENE2451",-0.627,1,0.343984,0.0922,0.4635,3,5,FALSE,TRUE,FALSE
"GENE0149","GENE0149_HUMAN","P12769","Protein GENE0149",-0.0766,0.230708,0.112428,0.5584,0.9491,4,3,FALSE,TRUE,FALSE
"GENE0133","GENE0133_HUMAN","P51422","Protein GENE0133",0.1732,0.418231,0.116984,0.8176,0.9319,2,3,FALSE,FALSE,FALSE
"GENE2320","GENE2320_HUMAN","P92015","Protein GENE2320",0.4902,1,0.926712,0,0.0331,6,4,FALSE,FALSE,FALSE
"CMTR1","CMTR1_HUMAN","P64300","Protein CMTR1",0.2601,1,0.882418,0,0.0543,6,2,FALSE,FALSE,FALSE
"GENE0318","GENE0318_HUMAN","P90022","Protein GENE0318",-0.151,1,0.412007,0,0.3851,5,3,FALSE,FALSE,FALSE
"GENE1981","GENE1981_HUMAN","P04031","Protein GENE1981",-0.3347,0.676475,0.173281,0.1808,0.7612,6,5,FALSE,FALSE,FALSE
"GENE1055","GENE1055_HUMAN","P09601","Protein GENE1055",-0.5021,1,0.715708,0,0.1453,4,2,FALSE,FALSE,FALSE
"GENE1572","GENE1572_HUMAN","P67531","Protein GENE1572",-0.937,0.597247,0.189697,0.214,0.7219,5,2,FALSE,FALSE,FALSE
"GENE0342","GENE0342_HUMAN","P68313","Protein GENE0342",-0.3269,0.65871,0.337959,0,0.4711,2,4,FALSE,FALSE,FALSE
"GENE2742","GENE2742_HUMAN","P72188","Protein GENE2742",0.0985,1,0.965304,0.0033,0.0153,2,2,FALSE,FALSE,FALSE
"GENE0349","GENE0349_HUMAN","P27191","Protein GENE0349",0.149,0.711714,0.350338,0.128,0.4555,6,5,FALSE,FALSE,FALSE
"GENE2058","GENE2058_HUMAN","P69981","Protein GENE2058",-0.0197,1,0.793834,0,0.1003,5,3,FALSE,FALSE,FALSE
"GENE0958","GENE0958_HUMAN","P49462","Protein GENE0958",-0.1451,0.185856,0.113053,0.3113,0.9467,3,4,FALSE,FALSE,FALSE
"GENE2512","GENE2512_HUMAN","P36231","Protein GENE2512",0.2313,0.765702,0.458294,0,0.3389,6,3,FALSE,FALSE,FALSE
"GENE0316","GENE0316_HUMAN","P75248","Protein GENE0316",0.326,1,0.399989,0,0.398,2,4,FALSE,FALSE,FALSE
"GENE0287","GENE0287_HUMAN","P79510","Protein GENE0287",0.3258,1,0.357193,0.098,0.4471,3,2,FALSE,TRUE,FALSE
"GENE2696","GENE2696_HUMAN","P61113","Protein GENE2696",0.8933,0.943247,0.589325,0,0.2296,2,6,FALSE,FALSE,FALSE
"GENE1116","GENE1116_HUMAN","P52119","Protein GENE1116",-1.0795,0.00727,0.003258,2.3645,2.4871,3,6,FALSE,TRUE,TRUE
"GENE0312","GENE0312_HUMAN","P97727","Protein GENE0312",-0.734,0.15757,0.037278,0.8,1.4285,6,3,TRUE,FALSE,TRUE
"GENE1927","GENE1927_HUMAN","P42588","Protein GENE1927",0.5902,1,0.677477,0,0.1691,6,5,FALSE,FALSE,FALSE
"GENE0564","GENE0564_HUMAN","P89802","Protein GENE0564",1.4302,0.100754,0.023995,0.9338,1.6199,2,5,FALSE,FALSE,TRUE
"GENE2653","GENE2653_HUMAN","P42304","Protein GENE2653",0.6386,1,0.494553,0,0.3058,6,2,FALSE,FALSE,FALSE
"GENE2166","GENE2166_HUMAN","P74867","Protein GENE2166",-0.6742,0.55809,0.230924,0.5365,0.6365,4,3,FALSE,FALSE,FALSE
"GENE1918","GENE1918_HUMAN","P46614","Protein GENE1918",-0.2919,1,0.466971,0,0.3307,4,4,FALSE,TRUE,FALSE
"GENE0027","GENE0027_HUMAN","P54138","Protein GENE0027",-0.0198,1,0.659208,0,0.181,3,6,TRUE,FALSE,FALSE
"GENE1915","GENE1915_HUMAN","P67326","Protein GENE1915",-0.6192,1,0.689128,0,0.1617,6,3,FALSE,FALSE,FALSE
"GENE1785","GENE1785_HUMAN","P80589","Protein GENE1785",3.4679,0.121759,0.024391,1.1391,1.6128,4,3,FALSE,FALSE,TRUE
"GENE0218","GENE0218_HUMAN","P47054","Protein GENE0218",-0.1036,1,0.608908,0,0.2154,4,3,FALSE,FALSE,FALSE
"GENE2013","GENE2013_HUMAN","P23504","Protein GENE2013",0.2576,0.831576,0.232578,0.1739,0.6334,2,6,TRUE,FALSE,FALSE
"GENE0088","GENE0088_HUMAN","P77731","Protein GENE0088",0.4346,1,0.676198,0,0.1699,5,4,FALSE,FALSE,FALSE
"GENE2210","GENE2210_HUMAN","P07405","Protein GENE2210",-3.0425,0.185826,0.041093,0.8983,1.3862,3,5,FALSE,TRUE,TRUE
"GENE1311","GENE1311_HUMAN","P61461","Protein GENE1311",-0.4707,0.437036,0.094784,0.492,1.0233,6,6,FALSE,FALSE,FALSE
"GENE0722","GENE0722_HUMAN","P60810","Protein GENE0722",-0.1555,0.917575,0.477192,0.1027,0.3213,2,4,TRUE,FALSE,FALSE
"GENE2400","GENE2400_HUMAN","P52700","Protein GENE2400",-0.0717,1,0.396214,0.3571,0.4021,6,6,FALSE,FALSE,FALSE
"GENE0390","GENE0390_HUMAN","P47549","Protein GENE0390",-0.9208,0.173623,0.121721,0.8297,0.9146,3,3,FALSE,FALSE,FALSE
"GENE2844","GENE2844_HUMAN","P08356","Protein GENE2844",-0.1778,1,0.736032,0,0.1331,6,6,FALSE,FALSE,FALSE
"GENE2410","GENE2410_HUMAN","P87911","Protein GENE2410",-0.4044,0.475202,0.237183,0.4623,0.6249,5,5,TRUE,FALSE,FALSE
"GENE1029","GENE1029_HUMAN","P68207","Protein GENE1029",0.4485,0.661075,0.548719,0,0.2606,5,4,FALSE,FALSE,FALSE
"GENE2204","GENE2204_HUMAN","P75920","Protein GENE2204",-0.0941,0.598027,0.384392,0,0.4152,5,4,FALSE,FALSE,FALSE
"GENE1782","GENE1782_HUMAN","P42091","Protein GENE1782",0.3506,0.1985,0.076812,0.492,1.1146,3,2,FALSE,FALSE,FALSE
"GENE0834","GENE0834_HUMAN","P51408","Protein GENE0834",0.136,0.752728,0.350346,0,0.4555,6,4,FALSE,FALSE,FALSE
"GENE1848","GENE1848_HUMAN","P51909","Protein GENE1848",0.0323,1,0.847443,0,0.0719,5,2,TRUE,FALSE,FALSE
"GENE0736","GENE0736_HUMAN","P83302","Protein GENE0736",-0.5645,0.054028,0.042759,0.8139,1.369,2,2,FALSE,FALSE,TRUE
"GENE1022","GENE1022_HUMAN","P48876","Protein GENE1022",3.6208,0.024396,0.009979,1.5203,2.0009,5,2,FALSE,FALSE,TRUE
"GENE0883","GENE0883_HUMAN","P94737","Protein GENE0883",0.0746,0.840027,0.444387,0,0.3522,4,6,FALSE,FALSE,FALSE
"GENE0168","GENE0168_HUMAN","P64975","Protein GENE0168",-0.1995,0.982156,0.260048,0.5437,0.5849,5,3,FALSE,FALSE,FALSE
"GENE2697","GENE2697_HUMAN","P89511","Protein GENE2697",-0.2178,1,0.703275,0,0.1529,5,4,FALSE,FALSE,FALSE
"GENE1690","GENE1690_HUMAN","P07114","Protein GENE1690",3.7418,0.069356,0.03409,1.2712,1.4674,5,3,TRUE,FALSE,TRUE
"GENE1282","GENE1282_HUMAN","P87906","Protein GENE1282",-0.039,0.267426,0.116928,0.2931,0.9321,6,4,TRUE,FALSE,FALSE
"GENE1445","GENE1445_HUMAN","P97297","Protein GENE1445",0.2996,1,0.545067,0,0.2636,5,5,FALSE,FALSE,FALSE
"GENE2807","GENE2807_HUMAN","P97181","Protein GENE2807",1.0348,0.149601,0.042829,0.7509,1.3683,6,5,FALSE,FALSE,TRUE
"GENE0507","GENE0507_HUMAN","P35765","Protein GENE0507",0.2687,1,0.528445,0,0.277,5,6,FALSE,FALSE,FALSE
"GENE0472","GENE0472_HUMAN","P71111","Protein GENE0472",-0.0703,1,0.749798,0,0.1251,6,3,FALSE,FALSE,FALSE
"GENE0562","GENE0562_HUMAN","P54947","Protein GENE0562",0.3128,0.923776,0.252191,0.007,0.5983,2,6,FALSE,FALSE,FALSE
"GENE1952","GENE1952_HUMAN","P48188","Protein GENE1952",-0.5355,1,0.525186,0,0.2797,3,2,FALSE,FALSE,FALSE
"GENE0992","GENE0992_HUMAN","P33671","Protein GENE0992",-0.4045,1,0.998844,0,5e-04,4,6,FALSE,TRUE,FALSE
"GENE2639","GENE2639_HUMAN","P36191","Protein GENE2639",0.5178,0.868355,0.327424,0.0326,0.4849,4,3,FALSE,FALSE,FALSE
"GENE1769","GENE1769_HUMAN","P49273","Protein GENE1769",-1.1293,0.096078,0.025816,1.0056,1.5881,3,5,FALSE,FALSE,TRUE
"GENE1733","GENE1733_HUMAN","P14725","Protein GENE1733",-0.244,1,0.730128,0,0.1366,4,2,FALSE,FALSE,FALSE
"PKN3","PKN3_HUMAN","P63316","Protein PKN3",3.898,0.105468,0.02817,1.0134,1.5502,4,2,FALSE,FALSE,TRUE
"GENE0643","GENE0643_HUMAN","P84146","Protein GENE0643",-0.2116,1,0.685365,0,0.1641,3,2,FALSE,FALSE,FALSE
"GENE0801","GENE0801_HUMAN","P34212","Protein GENE0801",-0.3703,0.411655,0.091826,0.3774,1.037,5,5,FALSE,FALSE,FALSE
"GENE1793","GENE1793_HUMAN","P43775","Protein GENE1793",-0.0424,1,0.242236,0.1484,0.6158,5,4,FALSE,FALSE,FALSE
"GENE2663","GENE2663_HUMAN","P35983","Protein GENE2663",-0.3003,1,0.985092,0,0.0065,6,4,TRUE,FALSE,FALSE
"GENE2144","GENE2144_HUMAN","P82551","Protein GENE2144",-0.4714,0.421989,0.120305,0.5325,0.9197,6,5,FALSE,FALSE,FALSE
"GENE1638","GENE1638_HUMAN","P82046","Protein GENE1638",0.6409,1,0.877996,0,0.0565,2,4,TRUE,FALSE,FALSE
"GENE0045","GENE0045_HUMAN","P74785","Protein GENE0045",-0.1205,1,0.915945,0,0.0381,6,2,FALSE,FALSE,FALSE
"GENE0050","GENE0050_HUMAN","P76688","Protein GENE0050",1.7425,0.174717,0.045351,0.8347,1.3434,4,4,FALSE,FALSE,TRUE
"GENE2044","GENE2044_HUMAN","P47879","Protein GENE2044",0.3259,0.399328,0.174483,0.078,0.7582,3,2,FALSE,TRUE,FALSE
"GENE1810","GENE1810_HUMAN","P47863","Protein GENE1810",0.0408,1,0.717939,0,0.1439,6,3,FALSE,FALSE,FALSE
"GENE1454","GENE1454_HUMAN","P88461","Protein GENE1454",0.2156,1,0.44415,0.295,0.3525,3,6,FALSE,TRUE,FALSE
"GENE0355","GENE0355_HUMAN","P84926","Protein GENE0355",0.0073,1,0.459278,0,0.3379,6,5,FALSE,TRUE,FALSE
"GENE0637","GENE0637_HUMAN","P59758","Protein GENE0637",-0.4145,0.244088,0.070227,0.6588,1.1535,6,2,FALSE,FALSE,FALSE
"GENE0391","GENE0391_HUMAN","P11318","Protein GENE0391",-0.0601,1,0.357268,0,0.447,6,3,FALSE,FALSE,FALSE
"GENE2327","GENE2327_HUMAN","P42172","Protein GENE2327",3.8151,0.091178,0.019591,1.4509,1.7079,5,3,FALSE,TRUE,TRUE
"GENE0881","GENE0881_HUMAN","P89556","Protein GENE0881",-0.2708,1,0.976383,0,0.0104,4,2,FALSE,FALSE,FALSE
"GENE0718","GENE0718_HUMAN","P84830","Protein GENE0718",-0.1934,0.963123,0.7313,0,0.1359,2,4,FALSE,FALSE,FALSE
"GENE0284","GENE0284_HUMAN","P54422","Protein GENE0284",-0.3706,0.775756,0.244323,0.0224,0.612,4,3,FALSE,FALSE,FALSE
"GENE0169","GENE0169_HUMAN","P45309","Protein GENE0169",-0.0112,0.580779,0.557493,0,0.2538,6,6,FALSE,TRUE,FALSE
"GENE0793","GENE0793_HUMAN","P69143","Protein GENE0793",-0.3955,1,0.297463,0.3688,0.5266,4,6,FALSE,FALSE,FALSE
"GENE0976","GENE0976_HUMAN","P24438","Protein GENE0976",0.6175,0.207925,0.146296,0.2265,0.8348,5,2,FALSE,FALSE,FALSE
"GENE0113","GENE0113_HUMAN","P93346","Protein GENE0113",-0.0532,1,0.987421,0,0.0055,2,2,FALSE,TRUE,FALSE
"GENE2447","GENE2447_HUMAN","P71445","Protein GENE2447",0.2338,0.318398,0.206063,0.0945,0.686,4,6,FALSE,TRUE,FALSE
"GENE0206","GENE0206_HUMAN","P32444","Protein GENE0206",-3.6687,0.04503,0.010074,1.4826,1.9968,4,5,TRUE,FALSE,TRUE
"GENE0412","GENE0412_HUMAN","P57244","Protein GENE0412",0.2656,1,0.805899,0,0.0937,2,5,FALSE,FALSE,FALSE
"GENE2050","GENE2050_HUMAN","P64380","Protein GENE2050",-0.0991,1,0.856285,0,0.0674,5,3,FALSE,FALSE,FALSE
"GENE0484","GENE0484_HUMAN","P04156","Protein GENE0484",0.1654,0.626623,0.526384,0,0.2787,4,6,FALSE,FALSE,FALSE
"GENE1537","GENE1537_HUMAN","P00124","Protein GENE1537",-0.0751,1,0.294672,0,0.5307,4,4,TRUE,FALSE,FALSE
"GENE1410","GENE1410_HUMAN","P41493","Protein GENE1410",-0.5019,1,0.887886,0,0.0516,5,5,FALSE,FALSE,FALSE
"GENE2821","GENE2821_HUMAN","P80650","Protein GENE2821",0.2323,0.448479,0.296854,0,0.5275,4,6,FALSE,FALSE,FALSE
"GENE2124","GENE2124_HUMAN","P92572","Protein GENE2124",-0.5271,1,0.51336,0,0.2896,6,3,FALSE,FALSE,FALSE
"GENE1819","GENE1819_HUMAN","P99655","Protein GENE1819",0.0816,1,0.443897,0.1421,0.3527,6,6,FALSE,FALSE,FALSE
"GENE1272","GENE1272_HUMAN","P83349","Protein GENE1272",-3.8501,0.175115,0.035174,1.4302,1.4538,3,6,FALSE,FALSE,TRUE
"GENE0177","GENE0177_HUMAN","P77464","Protein GENE0177",0.1511,1,0.561097,0,0.251,3,3,FALSE,FALSE,FALSE
"GENE1973","GENE1973_HUMAN","P40400","Protein GENE1973",-0.8655,1,0.411999,0.0532,0.3851,4,5,FALSE,FALSE,FALSE
"GENE1140","GENE1140_HUMAN","P54757","Protein GENE1140",-0.4508,1,0.529388,0,0.2762,4,2,FALSE,FALSE,FALSE
"GENE1727","GENE1727_HUMAN","P11620","Protein GENE1727",-0.1975,1,0.976016,0,0.0105,6,6,TRUE,FALSE,FALSE
"GENE1761","GENE1761_HUMAN","P21769","Protein GENE1761",-0.3165,1,0.644345,0,0.1909,2,4,FALSE,FALSE,FALSE
"GENE2600","GENE2600_HUMAN","P29775","Protein GENE2600",-0.0925,1,0.762186,0,0.1179,6,3,FALSE,FALSE,FALSE
"GENE1669","GENE1669_HUMAN","P50618","Protein GENE1669",-0.4481,1,0.763351,0,0.1173,3,5,FALSE,FALSE,FALSE
"GENE1506","GENE1506_HUMAN","P81866","Protein GENE1506",0.0968,1,0.820524,0,0.0859,2,5,FALSE,FALSE,FALSE
"GENE0522","GENE0522_HUMAN","P46400","Protein GENE0522",2.7525,0.008912,0.004819,1.9351,2.317,5,6,FALSE,FALSE,TRUE
"GENE1828","GENE1828_HUMAN","P00547","Protein GENE1828",0.2002,1,0.402759,0.0047,0.395,6,2,FALSE,TRUE,FALSE
"GENE0267","GENE0267_HUMAN","P86773","Protein GENE0267",-0.0122,1,0.722386,0,0.1412,4,4,TRUE,TRUE,FALSE
"GENE1686","GENE1686_HUMAN","P82821","Protein GENE1686",-2.6471,0.108134,0.024154,0.9274,1.617,4,4,FALSE,FALSE,TRUE
"GENE0167","GENE0167_HUMAN","P97651","Protein GENE0167",-0.0156,0.718915,0.268387,0.4399,0.5712,2,5,FALSE,FALSE,FALSE
"GENE0354","GENE0354_HUMAN","P77152","Protein GENE0354",0.3828,0.917011,0.197271,0.4768,0.7049,3,6,FALSE,FALSE,FALSE
"GENE2775","GENE2775_HUMAN","P57199","Protein GENE2775",-0.2247,0.985308,0.932688,0,0.0303,2,5,TRUE,FALSE,FALSE
"GENE1699","GENE1699_HUMAN","P86394","Protein GENE1699",0.14,1,0.21071,0.1434,0.6763,3,6,FALSE,FALSE,FALSE
"GENE2361","GENE2361_HUMAN","P46424","Protein GENE2361",0.8496,0.067216,0.015537,1.56,1.8086,5,3,FALSE,FALSE,TRUE
"GENE1307","GENE1307_HUMAN","P40635","Protein GENE1307",0.1094,0.753744,0.15567,0.5908,0.8078,2,5,FALSE,FALSE,FALSE
"GENE1093","GENE1093_HUMAN","P88495","Protein GENE1093",-0.4312,1,0.568326,0,0.2454,3,3,FALSE,FALSE,FALSE
"GENE1411","GENE1411_HUMAN","P48612","Protein GENE1411",-0.0781,1,0.511255,0,0.2914,3,6,FALSE,FALSE,FALSE
"GENE0540","GENE0540_HUMAN","P71371","Protein GENE0540",0.2386,1,0.512512,0,0.2903,2,2,FALSE,TRUE,FALSE
"GENE2576","GENE2576_HUMAN","P51832","Protein GENE2576",-0.4759,1,0.647028,0,0.1891,2,3,FALSE,FALSE,FALSE
"GENE1318","GENE1318_HUMAN","P60771","Protein GENE1318",-0.0022,1,0.715382,0,0.1455,4,6,FALSE,TRUE,FALSE
"GENE0863","GENE0863_HUMAN","P08183","Protein GENE0863",-0.3554,0.557899,0.144042,0.3329,0.8415,3,4,FALSE,FALSE,FALSE
"GENE2282","GENE2282_HUMAN","P69427","Protein GENE2282",0.0873,0.75401,0.157902,0.557,0.8016,3,4,FALSE,FALSE,FALSE
"GENE0573","GENE0573_HUMAN","P12484","Protein GENE0573",0.1262,1,0.423403,0,0.3732,6,6,FALSE,FALSE,FALSE
"GENE1614","GENE1614_HUMAN","P56829","Protein GENE1614",0.1462,1,0.642016,0.1316,0.1925,6,4,FALSE,FALSE,FALSE
"GENE0282","GENE0282_HUMAN","P72369","Protein GENE0282",-2.0871,0.046624,0.027107,0.8966,1.5669,2,4,FALSE,FALSE,TRUE
"GENE1483","GENE1483_HUMAN","P14513","Protein GENE1483",0.0699,0.139093,0.097973,0.5829,1.0089,4,4,FALSE,FALSE,FALSE
"GENE0728","GENE0728_HUMAN","P91205","Protein GENE0728",0.8848,1,0.883889,0,0.0536,5,5,FALSE,FALSE,FALSE
"GENE1228","GENE1228_HUMAN","P75596","Protein GENE1228",1.1243,0.509861,0.102751,0.8855,0.9882,2,2,FALSE,FALSE,FALSE
"GENE0475","GENE0475_HUMAN","P05548","Protein GENE0475",0.6645,1,0.777119,0,0.1095,6,3,FALSE,FALSE,FALSE
"GENE0243","GENE0243_HUMAN","P66894","Protein GENE0243",-0.2923,1,0.940345,0,0.0267,4,4,FALSE,FALSE,FALSE
"GENE2408","GENE2408_HUMAN","P36720","Protein GENE2408",0.0535,1,0.394314,0,0.4042,5,3,FALSE,FALSE,FALSE
"GENE1471","GENE1471_HUMAN","P74881","Protein GENE1471",0.0157,1,0.702413,0,0.1534,6,5,FALSE,FALSE,FALSE
"GENE0821","GENE0821_HUMAN","P82196","Protein GENE0821",0.3191,1,0.857357,0,0.0668,3,2,FALSE,FALSE,FALSE
"GENE2082","GENE2082_HUMAN","P22434","Protein GENE2082",3.2384,0.023258,0.017802,1.093,1.7495,6,2,FALSE,FALSE,TRUE
"GENE2179","GENE2179_HUMAN","P87549","Protein GENE2179",0.2273,1,0.789768,0,0.1025,4,6,FALSE,TRUE,FALSE
"GENE1676","GENE1676_HUMAN","P65128","Protein GENE1676",-0.232,1,0.631571,0,0.1996,6,5,FALSE,FALSE,FALSE
"GENE0613","GENE0613_HUMAN","P52707","Protein GENE0613",-3.3708,0.077281,0.036704,1.0317,1.4353,4,6,FALSE,FALSE,TRUE
"GENE1951","GENE1951_HUMAN","P33176","Protein GENE1951",3.2443,0.041836,0.031908,1.4152,1.4961,4,5,FALSE,FALSE,TRUE
"GENE1759","GENE1759_HUMAN","P80888","Protein GENE1759",0.0202,1,0.728838,0,0.1374,6,6,FALSE,FALSE,FALSE
"GENE2727","GENE2727_HUMAN","P02359","Protein GENE2727",-0.0239,0.40574,0.365848,0,0.4367,6,3,FALSE,FALSE,FALSE
"GENE1086","GENE1086_HUMAN","P24009","Protein GENE1086",0.0681,0.630274,0.184129,0.4507,0.7349,5,6,FALSE,FALSE,FALSE
"NCOA7","NCOA7_HUMAN","P00428","Protein NCOA7",3.1201,0.063028,0.026627,0.9445,1.5747,2,5,FALSE,FALSE,TRUE
"GENE0661","GENE0661_HUMAN","P67253","Protein GENE0661",0.9319,0.729457,0.182702,0.4336,0.7383,3,4,FALSE,FALSE,FALSE
"GENE2367","GENE2367_HUMAN","P93394","Protein GENE2367",-0.3093,1,0.828259,0,0.0818,5,4,FALSE,FALSE,FALSE
"GENE0809","GENE0809_HUMAN","P22056","Protein GENE0809",-0.5988,1,0.806279,0.0087,0.0935,2,2,FALSE,FALSE,FALSE
"GENE1063","GENE1063_HUMAN","P15154","Protein GENE1063",0.5569,1,0.805581,0,0.0939,4,5,FALSE,FALSE,FALSE
"GENE2340","GENE2340_HUMAN","P17300","Protein GENE2340",0.2334,1,0.745341,0,0.1276,5,4,FALSE,FALSE,FALSE
"GENE0006","GENE0006_HUMAN","P86438","Protein GENE0006",-0.072,0.922458,0.494447,0,0.3059,6,2,FALSE,TRUE,FALSE
"GENE2025","GENE2025_HUMAN","P56420","Protein GENE2025",-0.4011,0.389324,0.083781,0.6889,1.0769,2,4,FALSE,FALSE,FALSE
"GENE0921","GENE0921_HUMAN","P10068","Protein GENE0921",-0.674,1,0.899603,0,0.0459,6,4,FALSE,FALSE,FALSE
"GENE2545","GENE2545_HUMAN","P00298","Protein GENE2545",0.3414,1,0.912556,0,0.0397,2,3,FALSE,FALSE,FALSE
"GENE1976","GENE1976_HUMAN","P95303","Protein GENE1976",-0.7322,1,0.701226,0.0723,0.1541,6,5,FALSE,FALSE,FALSE
"GENE1284","GENE1284_HUMAN","P89606","Protein GENE1284",0.5035,0.308025,0.138532,0.1616,0.8585,5,2,TRUE,FALSE,FALSE
"GENE1460","GENE1460_HUMAN","P79955","Protein GENE1460",-0.2469,1,0.840956,0,0.0752,3,2,FALSE,FALSE,FALSE
"GENE2208","GENE2208_HUMAN","P45067","Protein GENE2208",-0.3919,1,0.917742,0,0.0373,3,5,FALSE,FALSE,FALSE
"GENE1702","GENE1702_HUMAN","P63466","Protein GENE1702",-0.4722,1,0.971579,0,0.0125,4,4,FALSE,FALSE,FALSE
"GENE0765","GENE0765_HUMAN","P38822","Protein GENE0765",-0.7093,1,0.799811,0,0.097,5,2,FALSE,FALSE,FALSE
"GENE0511","GENE0511_HUMAN","P86219","Protein GENE0511",-0.4382,0.964895,0.922507,0,0.035,2,2,FALSE,FALSE,FALSE
"GENE2478","GENE2478_HUMAN","P81175","Protein GENE2478",-0.6485,1,0.744442,0,0.1282,5,4,FALSE,FALSE,FALSE
"GENE2084","GENE2084_HUMAN","P21641","Protein GENE2084",-0.5771,0.567201,0.395681,0,0.4027,4,3,FALSE,FALSE,FALSE
"GENE0434","GENE0434_HUMAN","P75714","Protein GENE0434",-0.56,0.566657,0.128374,0.4976,0.8915,6,3,FALSE,TRUE,FALSE
"GENE2482","GENE2482_HUMAN","P46076","Protein GENE2482",0.4668,0.9014,0.317657,0.284,0.498,6,6,FALSE,FALSE,FALSE
"GENE2069","GENE2069_HUMAN","P27153","Protein GENE2069",-0.3901,0.699546,0.197989,0.1329,0.7034,3,5,FALSE,FALSE,FALSE
"GENE2529","GENE2529_HUMAN","P89887","Protein GENE2529",0.2946,1,0.494599,0.1008,0.3057,5,6,FALSE,FALSE,FALSE
"GENE0376","GENE0376_HUMAN","P22566","Protein GENE0376",3.0734,0.097613,0.031018,0.8381,1.5084,3,6,FALSE,FALSE,TRUE
"GENE2272","GENE2272_HUMAN","P47017","Protein GENE2272",-0.2049,1,0.362437,0,0.4408,5,6,FALSE,TRUE,FALSE
"GENE0227","GENE0227_HUMAN","P83690","Protein GENE0227",0.4795,1,0.723006,0,0.1409,5,2,FALSE,TRUE,FALSE
"GENE0060","GENE0060_HUMAN","P41846","Protein GENE0060",-0.686,1,0.623429,0.0242,0.2052,4,4,FALSE,FALSE,FALSE
"DDRGK1","DDRGK1_HUMAN","P23731","Protein DDRGK1",2.739,0.059352,0.037618,1.1941,1.4246,2,4,FALSE,TRUE,TRUE
"GENE0879","GENE0879_HUMAN","P63063","Protein GENE0879",0.1444,1,0.404437,0,0.3931,2,4,FALSE,FALSE,FALSE
"GENE1582","GENE1582_HUMAN","P64907","Protein GENE1582",-0.2887,1,0.312071,0,0.5057,5,3,FALSE,TRUE,FALSE
"GENE0419","GENE0419_HUMAN","P86765","Protein GENE0419",2.4499,0.034816,0.008998,1.4458,2.0458,5,2,FALSE,FALSE,TRUE
"GENE0036","GENE0036_HUMAN","P66874","Protein GENE0036",-0.5815,0.329706,0.235525,0.0225,0.628,3,3,FALSE,FALSE,FALSE
"GENE2292","GENE2292_HUMAN","P23234","Protein GENE2292",-0.3347,1,0.966416,0,0.0148,5,5,FALSE,FALSE,FALSE
"GENE2673","GENE2673_HUMAN","P50927","Protein GENE2673",-0.45,1,0.560901,0.0051,0.2511,6,2,FALSE,FALSE,FALSE
"GENE1240","GENE1240_HUMAN","P07497","Protein GENE1240",-0.3358,1,0.740726,0,0.1303,2,5,FALSE,FALSE,FALSE
"GENE1555","GENE1555_HUMAN","P69341","Protein GENE1555",-1.9618,0.049268,0.043827,0.6782,1.3583,5,6,FALSE,FALSE,TRUE
"GENE1395","GENE1395_HUMAN","P94105","Protein GENE1395",3.9926,0.033767,0.008552,1.4091,2.068,2,4,FALSE,FALSE,TRUE
"GENE2773","GENE2773_HUMAN","P05358","Protein GENE2773",-0.0042,1,0.911618,0,0.0402,6,3,FALSE,FALSE,FALSE
"GENE2393","GENE2393_HUMAN","P18571","Protein GENE2393",0.3521,1,0.630816,0,0.2001,5,3,FALSE,FALSE,FALSE
"GENE0089","GENE0089_HUMAN","P56979","Protein GENE0089",0.1323,0.359199,0.150666,0.6228,0.822,5,2,FALSE,FALSE,FALSE
"GENE1189","GENE1189_HUMAN","P22672","Protein GENE1189",0.0333,1,0.389017,0,0.41,5,6,FALSE,FALSE,FALSE
"GENE0932","GENE0932_HUMAN","P92493","Protein GENE0932",-0.4737,0.792326,0.423625,0,0.373,3,3,FALSE,FALSE,FALSE
"GENE2466","GENE2466_HUMAN","P98891","Protein GENE2466",-0.2399,0.857174,0.654485,0.0559,0.1841,3,5,FALSE,FALSE,FALSE
"GENE1520","GENE1520_HUMAN","P63532","Protein GENE1520",0.6213,1,0.541635,0,0.2663,5,5,FALSE,FALSE,FALSE
"GENE2015","GENE2015_HUMAN","P32711","Protein GENE2015",-0.5837,1,0.880571,0,0.0552,2,6,FALSE,FALSE,FALSE
"GENE2415","GENE2415_HUMAN","P05412","Protein GENE2415",0.79,1,0.647213,0.1348,0.189,4,2,FALSE,FALSE,FALSE
"GENE1251","GENE1251_HUMAN","P02714","Protein GENE1251",-0.8154,1,0.93365,0,0.0298,6,6,FALSE,FALSE,FALSE
"GENE0737","GENE0737_HUMAN","P20882","Protein GENE0737",0.0317,1,0.503589,0,0.2979,5,2,FALSE,FALSE,FALSE
"GENE0886","GENE0886_HUMAN","P51139","Protein GENE0886",0.3623,1,0.96872,0,0.0138,5,4,TRUE,TRUE,FALSE
"GENE2858","GENE2858_HUMAN","P93772","Protein GENE2858",-3.0712,0.027318,0.008847,1.7949,2.0532,6,3,FALSE,FALSE,TRUE
"GENE0857","GENE0857_HUMAN","P13082","Protein GENE0857",0.3818,0.609999,0.364494,0.1168,0.4383,2,6,TRUE,FALSE,FALSE
"GENE1305","GENE1305_HUMAN","P12803","Protein GENE1305",0.1946,1,0.279967,0.0967,0.5529,3,3,FALSE,FALSE,FALSE
"GENE1132","GENE1132_HUMAN","P86605","Protein GENE1132",-0.5729,1,0.524738,0,0.2801,3,6,FALSE,FALSE,FALSE
"GENE1388","GENE1388_HUMAN","P85116","Protein GENE1388",0.5673,0.080023,0.061578,0.6782,1.2106,2,2,FALSE,FALSE,FALSE
"GENE2225","GENE2225_HUMAN","P60549","Protein GENE2225",-0.1725,0.483981,0.140074,0.4178,0.8536,6,6,TRUE,FALSE,FALSE
"GENE2112","GENE2112_HUMAN","P62531","Protein GENE2112",-6e-04,1,0.880289,0,0.0554,6,6,FALSE,FALSE,FALSE
"GENE0729","GENE0729_HUMAN","P16601","Protein GENE0729",0.5572,1,0.387301,0,0.412,6,6,FALSE,FALSE,FALSE
"GENE2863","GENE2863_HUMAN","P03051","Protein GENE2863",-0.8777,0.296191,0.170009,0.5392,0.7695,5,6,FALSE,FALSE,FALSE
"GENE2634","GENE2634_HUMAN","P37632","Protein GENE2634",0.4852,1,0.94553,0,0.0243,5,4,TRUE,FALSE,FALSE
"GENE1297","GENE1297_HUMAN","P79148","Protein GENE1297",-0.5786,1,0.797914,0,0.098,4,3,FALSE,FALSE,FALSE
"GENE1755","GENE1755_HUMAN","P30993","Protein GENE1755",0.0184,1,0.566831,0,0.2465,6,4,FALSE,FALSE,FALSE
"GENE2896","GENE2896_HUMAN","P35971","Protein GENE2896",0.0693,1,0.881251,0,0.0549,5,6,FALSE,FALSE,FALSE
"GENE0667","GENE0667_HUMAN","P33775","Protein GENE0667",-3.9611,0.048266,0.040472,1.0001,1.3928,3,2,FALSE,FALSE,TRUE
"GENE0929","GENE0929_HUMAN","P73669","Protein GENE0929",0.2315,0.477639,0.176963,0.1959,0.7521,4,4,FALSE,FALSE,FALSE
"GENE2494","GENE2494_HUMAN","P84881","Protein GENE2494",-0.1876,1,0.596111,0,0.2247,2,6,FALSE,FALSE,FALSE
"GENE2828","GENE2828_HUMAN","P20392","Protein GENE2828",-0.0192,1,0.625602,0,0.2037,2,6,FALSE,FALSE,FALSE
"GENE1127","GENE1127_HUMAN","P66689","Protein GENE1127",0.3104,1,0.415391,0,0.3815,3,2,FALSE,FALSE,FALSE
"GENE0368","GENE0368_HUMAN","P47182","Protein GENE0368",-3.5888,0.122647,0.037329,1.2569,1.428,2,5,FALSE,FALSE,TRUE
"GENE0541","GENE0541_HUMAN","P56648","Protein GENE0541",0.5049,0.034729,0.013851,1.3881,1.8585,2,3,FALSE,FALSE,TRUE
"GENE2457","GENE2457_HUMAN","P63671","Protein GENE2457",0.1906,1,0.731591,0,0.1357,3,3,FALSE,FALSE,FALSE
"GENE1285","GENE1285_HUMAN","P83855","Protein GENE1285",0.0762,0.596014,0.350503,0,0.4553,5,3,FALSE,FALSE,FALSE
"GENE2350","GENE2350_HUMAN","P87431","Protein GENE2350",0.315,1,0.490239,0,0.3096,4,5,FALSE,FALSE,FALSE
"GENE2431","GENE2431_HUMAN","P88964","Protein GENE2431",0.3729,1,0.654705,0,0.184,2,3,FALSE,FALSE,FALSE
"GENE2029","GENE2029_HUMAN","P67543","Protein GENE2029",-0.5822,1,0.478337,0.1793,0.3203,2,4,FALSE,TRUE,FALSE
"GENE2406","GENE2406_HUMAN","P44119","Protein GENE2406",-0.3564,1,0.625529,0,0.2038,3,4,FALSE,FALSE,FALSE
"GENE0238","GENE0238_HUMAN","P21641","Protein GENE0238",0.0963,1,0.878693,0,0.0562,4,5,FALSE,FALSE,FALSE
"GENE0813","GENE0813_HUMAN","P71474","Protein GENE0813",-0.3396,0.82186,0.320624,0.0111,0.494,2,3,TRUE,TRUE,FALSE
"GENE0026","GENE0026_HUMAN","P26605","Protein GENE0026",-0.6439,1,0.814005,0,0.0894,5,2,FALSE,FALSE,FALSE
"GENE2065","GENE2065_HUMAN","P32715","Protein GENE2065",-0.427,0.879307,0.688178,0,0.1623,2,6,FALSE,FALSE,FALSE
"GENE2867","GENE2867_HUMAN","P23998","Protein GENE2867",0.4226,1,0.664736,0,0.1774,3,4,FALSE,FALSE,FALSE
"GENE2063","GENE2063_HUMAN","P06572","Protein GENE2063",-0.3229,1,0.824758,0,0.0837,4,6,FALSE,FALSE,FALSE
"GENE0672","GENE0672_HUMAN","P56884","Protein GENE0672",0.2536,0.321655,0.31605,0,0.5002,5,2,FALSE,FALSE,FALSE
"GENE1937","GENE1937_HUMAN","P62060","Protein GENE1937",-0.0967,1,0.714019,0.0825,0.1463,4,4,FALSE,FALSE,FALSE
"GENE1440","GENE1440_HUMAN","P75952","Protein GENE1440",1.5456,0.023059,0.006464,2.1654,2.1895,5,6,FALSE,FALSE,TRUE
"GENE1374","GENE1374_HUMAN","P31908","Protein GENE1374",-0.214,0.634323,0.565212,0,0.2478,2,5,FALSE,TRUE,FALSE
"GENE0199","GENE0199_HUMAN","P58538","Protein GENE0199",-0.085,1,0.791819,0,0.1014,5,6,FALSE,FALSE,FALSE
"GENE0529","GENE0529_HUMAN","P11259","Protein GENE0529",1.2804,1,0.913988,0,0.0391,6,3,FALSE,FALSE,FALSE
"GENE2061","GENE2061_HUMAN","P36246","Protein GENE2061",1.2549,0.029225,0.021368,1.5099,1.6702,3,6,FALSE,FALSE,TRUE
"GENE0428","GENE0428_HUMAN","P34911","Protein GENE0428",-0.132,1,0.615221,0,0.211,6,3,FALSE,FALSE,FALSE
"GENE2656","GENE2656_HUMAN","P97037","Protein GENE2656",0.1157,1,0.389564,0,0.4094,5,4,FALSE,TRUE,FALSE
"GENE1591","GENE1591_HUMAN","P19301","Protein GENE1591",0.0974,0.380435,0.195506,0.32,0.7088,6,3,TRUE,FALSE,FALSE
"GENE0024","GENE0024_HUMAN","P23220","Protein GENE0024",-2.4348,0.128455,0.038154,0.9113,1.4185,3,5,FALSE,TRUE,TRUE
"GENE0377","GENE0377_HUMAN","P14437","Protein GENE0377",0.1842,1,0.62878,0.0539,0.2015,3,5,FALSE,FALSE,FALSE
"GENE0124","GENE0124_HUMAN","P91894","Protein GENE0124",0.3733,1,0.278603,0,0.555,5,2,FALSE,FALSE,FALSE
"GENE2158","GENE2158_HUMAN","P05370","Protein GENE2158",-0.1859,1,0.991136,0,0.0039,4,5,FALSE,FALSE,FALSE
"GENE1187","GENE1187_HUMAN","P30435","Protein GENE1187",-0.6072,0.754516,0.359107,0.2944,0.4448,6,4,TRUE,FALSE,FALSE
"GENE2893","GENE2893_HUMAN","P58468","Protein GENE2893",0.6235,1,0.607598,0,0.2164,2,5,TRUE,FALSE,FALSE
"GENE0248","GENE0248_HUMAN","P98396","Protein GENE0248",0.2579,0.305843,0.102441,0.4008,0.9895,3,2,FALSE,FALSE,FALSE
"GENE1808","GENE1808_HUMAN","P26057","Protein GENE1808",-0.1583,1,0.957158,0,0.019,3,4,FALSE,FALSE,FALSE
"GENE0545","GENE0545_HUMAN","P69330","Protein GENE0545",-0.4425,1,0.289568,0.3333,0.5382,4,5,FALSE,FALSE,FALSE
"GENE1875","GENE1875_HUMAN","P71310","Protein GENE1875",-0.325,0.677513,0.641774,0,0.1926,6,4,FALSE,FALSE,FALSE
"GENE1600","GENE1600_HUMAN","P49700","Protein GENE1600",0.1919,1,0.622436,0,0.2059,5,6,FALSE,FALSE,FALSE
"GENE2006","GENE2006_HUMAN","P94341","Protein GENE2006",-0.0128,1,0.559495,0,0.2522,5,3,FALSE,FALSE,FALSE
"GENE1165","GENE1165_HUMAN","P99762","Protein GENE1165",-0.2301,0.578499,0.12656,0.6575,0.8977,2,4,FALSE,FALSE,FALSE
"GENE2834","GENE2834_HUMAN","P70780","Protein GENE2834",0.6399,1,0.923008,0,0.0348,3,4,FALSE,FALSE,FALSE
"GENE0709","GENE0709_HUMAN","P79653","Protein GENE0709",-4.205,0.109856,0.032659,0.8691,1.486,2,2,FALSE,FALSE,TRUE
"GENE1062","GENE1062_HUMAN","P46084","Protein GENE1062",-0.0915,1,0.751933,0,0.1238,5,2,FALSE,FALSE,FALSE
"GENE2288","GENE2288_HUMAN","P79172","Protein GENE2288",-0.1644,1,0.74123,0.0345,0.13,3,5,FALSE,FALSE,FALSE
"GENE1295","GENE1295_HUMAN","P30215","Protein GENE1295",4.462,0.138881,0.033435,0.8393,1.4758,4,2,FALSE,TRUE,TRUE
"GENE1293","GENE1293_HUMAN","P16549","Protein GENE1293",-0.5957,1,0.441925,0.3424,0.3547,4,4,FALSE,FALSE,FALSE
"GENE1836","GENE1836_HUMAN","P25036","Protein GENE1836",0.0345,1,0.631405,0,0.1997,3,3,FALSE,TRUE,FALSE
"GENE2257","GENE2257_HUMAN","P01368","Protein GENE2257",-0.0422,1,0.890338,0,0.0504,5,6,FALSE,FALSE,FALSE
"GENE0241","GENE0241_HUMAN","P04285","Protein GENE0241",-0.3431,1,0.930662,0,0.0312,2,4,FALSE,FALSE,FALSE
"GENE2019","GENE2019_HUMAN","P20882","Protein GENE2019",-0.2785,1,0.850957,0,0.0701,2,6,FALSE,TRUE,FALSE
"GENE1280","GENE1280_HUMAN","P46916","Protein GENE1280",-0.5211,1,0.550034,0,0.2596,4,6,FALSE,FALSE,FALSE
"GENE0707","GENE0707_HUMAN","P24724","Protein GENE0707",-3.9098,0.021369,0.020722,1.1078,1.6836,4,5,FALSE,FALSE,TRUE
"GENE0205","GENE0205_HUMAN","P22646","Protein GENE0205",0.6857,0.233893,0.098568,0.6657,1.0063,4,4,FALSE,FALSE,FALSE
"GENE1499","GENE1499_HUMAN","P99691","Protein GENE1499",-0.199,1,0.785835,0,0.1047,5,6,FALSE,FALSE,FALSE
"GENE2452","GENE2452_HUMAN","P12723","Protein GENE2452",-0.3367,1,0.771361,0,0.1127,3,2,TRUE,TRUE,FALSE
"GENE2409","GENE2409_HUMAN","P86842","Protein GENE2409",-0.7518,0.195508,0.045424,0.8363,1.3427,3,4,TRUE,FALSE,TRUE
"GENE0947","GENE0947_HUMAN","P91067","Protein GENE0947",-0.1675,1,0.698412,0,0.1559,3,2,FALSE,FALSE,FALSE
"GENE1180","GENE1180_HUMAN","P49708","Protein GENE1180",0.5077,0.203825,0.088669,0.4844,1.0522,5,5,FALSE,FALSE,FALSE
"GENE0135","GENE0135_HUMAN","P92328","Protein GENE0135",0.0144,1,0.636872,0.0639,0.1959,2,2,TRUE,FALSE,FALSE
"GENE1626","GENE1626_HUMAN","P04064","Protein GENE1626",-1.0101,0.781514,0.635165,0,0.1971,3,5,FALSE,FALSE,FALSE
"GENE2256","GENE2256_HUMAN","P10532","Protein GENE2256",-0.8575,0.589969,0.281702,0.2019,0.5502,5,6,FALSE,FALSE,FALSE
"GENE1929","GENE1929_HUMAN","P46607","Protein GENE1929",-0.71,0.883922,0.33309,0,0.4774,2,6,FALSE,FALSE,FALSE
"GENE2192","GENE2192_HUMAN","P61948","Protein GENE2192",-0.3393,1,0.896721,0,0.0473,2,5,FALSE,TRUE,FALSE
"GENE2167","GENE2167_HUMAN","P98207","Protein GENE2167",-0.6576,1,0.770727,0,0.1131,2,5,FALSE,FALSE,FALSE
"GENE0827","GENE0827_HUMAN","P65980","Protein GENE0827",-0.337,0.546118,0.444698,0,0.3519,3,3,TRUE,FALSE,FALSE
"GENE0950","GENE0950_HUMAN","P94717","Protein GENE0950",0.4052,1,0.636521,0.0672,0.1962,5,5,FALSE,FALSE,FALSE
"GENE2810","GENE2810_HUMAN","P21619","Protein GENE2810",0.1004,0.690373,0.278642,0.0075,0.555,5,2,FALSE,FALSE,FALSE
"GENE1201","GENE1201_HUMAN","P15756","Protein GENE1201",0.8336,0.042652,0.00988,1.4471,2.0052,2,4,FALSE,FALSE,TRUE
"GENE0086","GENE0086_HUMAN","P17666","Protein GENE0086",-2.9516,0.056643,0.04036,0.8082,1.3941,2,5,FALSE,FALSE,TRUE
"GENE0964","GENE0964_HUMAN","P35258","Protein GENE0964",-0.8148,0.027393,0.010679,1.6209,1.9715,6,3,FALSE,FALSE,TRUE
"GENE0555","GENE0555_HUMAN","P57681","Protein GENE0555",0.058,1,0.442716,0,0.3539,3,3,FALSE,FALSE,FALSE
"GENE0706","GENE0706_HUMAN","P54724","Protein GENE0706",-0.4164,1,0.874598,0,0.0582,5,3,FALSE,FALSE,FALSE
"GENE2421","GENE2421_HUMAN","P47158","Protein GENE2421",-0.2729,1,0.653636,0,0.1847,5,5,FALSE,FALSE,FALSE
"GENE1662","GENE1662_HUMAN","P43296","Protein GENE1662",-0.2854,1,0.976102,0,0.0105,5,5,FALSE,FALSE,FALSE
"GENE1547","GENE1547_HUMAN","P62764","Protein GENE1547",0.2883,1,0.321524,0,0.4928,5,4,FALSE,FALSE,FALSE
"GENE2193","GENE2193_HUMAN","P61181","Protein GENE2193",0.424,0.297006,0.068124,0.5354,1.1667,2,4,FALSE,FALSE,FALSE
"GENE2832","GENE2832_HUMAN","P45800","Protein GENE2832",-0.2124,0.215324,0.077251,0.5307,1.1121,4,5,FALSE,FALSE,FALSE
"GENE2599","GENE2599_HUMAN","P16461","Protein GENE2599",-0.0697,1,0.424965,0.149,0.3716,3,2,FALSE,FALSE,FALSE
"GENE0633","GENE0633_HUMAN","P12970","Protein GENE0633",0.1777,1,0.892592,0,0.0493,5,3,FALSE,FALSE,FALSE
"GENE2552","GENE2552_HUMAN","P94344","Protein GENE2552",-0.3005,1,0.886571,0,0.0523,2,5,FALSE,TRUE,FALSE
"GENE0259","GENE0259_HUMAN","P80741","Protein GENE0259",2.1789,0.032858,0.011487,1.3217,1.9398,4,5,FALSE,FALSE,TRUE
"GENE1275","GENE1275_HUMAN","P43311","Protein GENE1275",2.0633,0.031965,0.026529,1.5052,1.5763,4,4,FALSE,FALSE,TRUE
"GENE0767","GENE0767_HUMAN","P14109","Protein GENE0767",2.8497,0.162747,0.037831,1.1694,1.4222,5,2,FALSE,FALSE,TRUE
"GENE2032","GENE2032_HUMAN","P18058","Protein GENE2032",0.0082,1,0.850641,0,0.0703,3,4,FALSE,FALSE,FALSE
"GENE0760","GENE0760_HUMAN","P92078","Protein GENE0760",-0.2595,1,0.963805,0,0.016,6,6,FALSE,FALSE,FALSE
"GENE2541","GENE2541_HUMAN","P34349","Protein GENE2541",0.1486,1,0.5848,0,0.233,4,6,FALSE,FALSE,FALSE
"GENE2146","GENE2146_HUMAN","P97272","Protein GENE2146",-0.0816,1,0.70411,0,0.1524,3,4,TRUE,FALSE,FALSE
"GENE1087","GENE1087_HUMAN","P20617","Protein GENE1087",0.3628,1,0.701164,0,0.1542,4,5,FALSE,FALSE,FALSE
"GENE0017","GENE0017_HUMAN","P26043","Protein GENE0017",-0.8898,0.066419,0.031435,1.2831,1.5026,6,3,FALSE,TRUE,TRUE
"GENE0513","GENE0513_HUMAN","P15852","Protein GENE0513",-1.385,0.042282,0.018983,1.0612,1.7216,3,2,FALSE,FALSE,TRUE
"GENE2689","GENE2689_HUMAN","P65491","Protein GENE2689",-0.2744,1,0.798846,0,0.0975,4,6,TRUE,FALSE,FALSE
"GENE0092","GENE0092_HUMAN","P96570","Protein GENE0092",3.6673,0.009288,0.003511,2.4451,2.4545,4,6,FALSE,FALSE,TRUE
"GENE1861","GENE1861_HUMAN","P79016","Protein GENE1861",0.6466,0.527429,0.166229,0.127,0.7793,6,5,FALSE,FALSE,FALSE
"GENE0097","GENE0097_HUMAN","P80638","Protein GENE0097",1.1618,0.128827,0.038836,1.3886,1.4108,5,3,FALSE,FALSE,TRUE
"GENE0450","GENE0450_HUMAN","P97022","Protein GENE0450",0.0768,0.76152,0.201209,0.3784,0.6964,6,4,FALSE,FALSE,FALSE
"GENE2709","GENE2709_HUMAN","P91908","Protein GENE2709",0.2882,0.22993,0.209822,0.5627,0.6781,4,6,FALSE,TRUE,FALSE
"GENE1811","GENE1811_HUMAN","P67436","Protein GENE1811",0.2908,0.993563,0.814674,0,0.089,2,6,FALSE,FALSE,FALSE
"GENE2456","GENE2456_HUMAN","P20097","Protein GENE2456",0.2185,1,0.466742,0,0.3309,4,2,FALSE,FALSE,FALSE
"GENE0363","GENE0363_HUMAN","P76671","Protein GENE0363",-4.0878,0.078649,0.036456,1.0683,1.4382,3,4,FALSE,FALSE,TRUE
"GENE2074","GENE2074_HUMAN","P02404","Protein GENE2074",0.4638,1,0.967916,0,0.0142,4,4,FALSE,FALSE,FALSE
"GENE2170","GENE2170_HUMAN","P51162","Protein GENE2170",-0.2471,1,0.213447,0,0.6707,5,6,FALSE,FALSE,FALSE
"GENE0526","GENE0526_HUMAN","P68087","Protein GENE0526",-0.4905,1,0.856845,0,0.0671,2,2,FALSE,FALSE,FALSE
"GENE2222","GENE2222_HUMAN","P52613","Protein GENE2222",0.6358,1,0.869823,0,0.0606,2,2,FALSE,FALSE,FALSE
"GENE1977","GENE1977_HUMAN","P16334","Protein GENE1977",-0.1136,0.691962,0.288003,0.017,0.5406,3,4,FALSE,FALSE,FALSE
"GENE1408","GENE1408_HUMAN","P05768","Protein GENE1408",-0.1837,1,0.599688,0,0.2221,3,5,FALSE,FALSE,FALSE
"GENE0125","GENE0125_HUMAN","P27146","Protein GENE0125",-0.2742,1,0.773745,0,0.1114,2,5,FALSE,FALSE,FALSE
"GENE2200","GENE2200_HUMAN","P53860","Protein GENE2200",1.0651,0.123134,0.032755,1.2613,1.4847,4,3,FALSE,FALSE,TRUE
"GENE2897","GENE2897_HUMAN","P80867","Protein GENE2897",0.264,1,0.503028,0,0.2984,3,6,TRUE,FALSE,FALSE
"GENE0636","GENE0636_HUMAN","P37592","Protein GENE0636",3.2272,0.006282,0.001286,2.2752,2.8908,6,5,TRUE,FALSE,TRUE
"GENE1933","GENE1933_HUMAN","P60628","Protein GENE1933",-2.792,0.09197,0.029017,1.1601,1.5373,2,3,FALSE,FALSE,TRUE
"GENE1375","GENE1375_HUMAN","P42737","Protein GENE1375",0.7001,1,0.445058,0,0.3516,2,6,FALSE,FALSE,FALSE
"GENE0005","GENE0005_HUMAN","P27050","Protein GENE0005",0.4297,1,0.71842,0,0.1436,2,3,FALSE,FALSE,FALSE
"GENE1451","GENE1451_HUMAN","P91484","Protein GENE1451",0.0452,1,0.842045,0,0.0747,5,6,FALSE,FALSE,FALSE
"GENE0599","GENE0599_HUMAN","P94687","Protein GENE0599",0.0805,0.092536,0.070623,0.6137,1.1511,6,3,FALSE,FALSE,FALSE
"GENE1273","GENE1273_HUMAN","P14349","Protein GENE1273",-0.6306,1,0.526415,0,0.2787,2,2,FALSE,FALSE,FALSE
"GENE0118","GENE0118_HUMAN","P55324","Protein GENE0118",-0.939,0.143075,0.030669,0.9341,1.5133,6,6,FALSE,TRUE,TRUE
"GENE1184","GENE1184_HUMAN","P63272","Protein GENE1184",-0.3647,1,0.736739,0,0.1327,4,5,FALSE,FALSE,FALSE
"GENE1432","GENE1432_HUMAN","P46006","Protein GENE1432",-0.4499,1,0.338249,0,0.4708,5,4,FALSE,FALSE,FALSE
"GENE0875","GENE0875_HUMAN","P35050","Protein GENE0875",0.8374,1,0.690564,0,0.1608,6,4,FALSE,FALSE,FALSE
"GENE0640","GENE0640_HUMAN","P79032","Protein GENE0640",-0.6234,1,0.990449,0,0.0042,2,6,FALSE,FALSE,FALSE
"GENE1948","GENE1948_HUMAN","P51096","Protein GENE1948",-0.5053,1,0.888437,0,0.0514,2,5,FALSE,FALSE,FALSE
"GENE1050","GENE1050_HUMAN","P98198","Protein GENE1050",1.1074,0.08389,0.043255,1.0188,1.364,4,3,FALSE,FALSE,TRUE
"GENE2477","GENE2477_HUMAN","P22083","Protein GENE2477",-4.1956,0.112953,0.02348,1.4624,1.6293,5,4,FALSE,FALSE,TRUE
"GENE1590","GENE1590_HUMAN","P92102","Protein GENE1590",-1.4397,0.207692,0.046758,0.806,1.3301,5,3,FALSE,FALSE,TRUE
"GENE2570","GENE2570_HUMAN","P78354","Protein GENE2570",0.4582,0.794041,0.291088,0.05,0.536,5,2,FALSE,FALSE,FALSE
"GENE0519","GENE0519_HUMAN","P80148","Protein GENE0519",0.4598,0.87559,0.26467,0.56,0.5773,2,4,TRUE,FALSE,FALSE
"GENE0973","GENE0973_HUMAN","P51495","Protein GENE0973",0.5115,0.244336,0.077038,0.8676,1.1133,4,6,FALSE,FALSE,FALSE
"GENE0959","GENE0959_HUMAN","P69219","Protein GENE0959",0.0864,1,0.303238,0.0089,0.5182,2,3,FALSE,FALSE,FALSE
"GENE0210","GENE0210_HUMAN","P47859","Protein GENE0210",0.3865,0.492331,0.314696,0,0.5021,4,5,FALSE,FALSE,FALSE
"GENE0894","GENE0894_HUMAN","P02914","Protein GENE0894",-0.4983,1,0.249252,0,0.6034,4,6,FALSE,TRUE,FALSE
"GENE0098","GENE0098_HUMAN","P72642","Protein GENE0098",-0.0902,0.851767,0.827431,0,0.0823,5,3,FALSE,FALSE,FALSE
"SUGP2","SUGP2_HUMAN","P50234","Protein SUGP2",-0.0377,1,0.304732,0.0866,0.5161,6,5,FALSE,FALSE,FALSE
"GENE2404","GENE2404_HUMAN","P36864","Protein GENE2404",-0.0275,1,0.51302,0,0.2899,5,3,FALSE,FALSE,FALSE
"GENE1003","GENE1003_HUMAN","P57181","Protein GENE1003",0.1534,1,0.661864,0,0.1792,4,4,FALSE,FALSE,FALSE
"GENE2752","GENE2752_HUMAN","P91683","Protein GENE2752",0.2793,0.745647,0.632982,0,0.1986,2,5,FALSE,FALSE,FALSE
"GENE2761","GENE2761_HUMAN","P53779","Protein GENE2761",3.3762,0.078949,0.023775,0.9602,1.6239,5,3,TRUE,FALSE,TRUE
"GENE0595","GENE0595_HUMAN","P82911","Protein GENE0595",-0.1537,1,0.52279,0,0.2817,3,3,FALSE,FALSE,FALSE
"GENE2691","GENE2691_HUMAN","P51849","Protein GENE2691",0.2389,1,0.605868,0,0.2176,2,3,FALSE,FALSE,FALSE
"GENE2107","GENE2107_HUMAN","P77262","Protein GENE2107",4.4696,0.067229,0.013496,1.3987,1.8698,6,6,FALSE,FALSE,TRUE
"GENE1817","GENE1817_HUMAN","P49339","Protein GENE1817",0.1495,1,0.235871,0.1331,0.6273,6,5,FALSE,FALSE,FALSE
"GENE2116","GENE2116_HUMAN","P57909","Protein GENE2116",-0.1877,0.723307,0.205976,0.0409,0.6862,4,4,FALSE,FALSE,FALSE
"GENE1397","GENE1397_HUMAN","P14738","Protein GENE1397",0.2736,0.606247,0.250879,0.2268,0.6005,2,2,FALSE,FALSE,FALSE
"GENE0889","GENE0889_HUMAN","P01474","Protein GENE0889",-0.312,0.126723,0.094998,0.4478,1.0223,2,5,FALSE,FALSE,FALSE
"GENE0732","GENE0732_HUMAN","P29277","Protein GENE0732",1.0681,0.18846,0.038404,0.8397,1.4156,6,5,FALSE,FALSE,TRUE
"GENE2620","GENE2620_HUMAN","P00736","Protein GENE2620",0.1932,0.233116,0.114774,0.6883,0.9402,5,6,FALSE,FALSE,FALSE
"GENE0574","GENE0574_HUMAN","P47409","Protein GENE0574",-0.2097,1,0.859605,0,0.0657,2,3,TRUE,FALSE,FALSE
"GENE2236","GENE2236_HUMAN","P08234","Protein GENE2236",0.3682,1,0.969071,0,0.0136,3,5,FALSE,FALSE,FALSE
"GENE0981","GENE0981_HUMAN","P30368","Protein GENE0981",0.8095,0.777596,0.65052,0,0.1867,5,5,FALSE,FALSE,FALSE
"GENE1484","GENE1484_HUMAN","P77199","Protein GENE1484",3.7949,0.058281,0.018018,1.3467,1.7443,3,3,FALSE,FALSE,TRUE
"GENE0523","GENE0523_HUMAN","P78055","Protein GENE0523",-0.2637,1,0.913974,0,0.0391,4,2,FALSE,FALSE,FALSE
"GENE0330","GENE0330_HUMAN","P79570","Protein GENE0330",0.0286,0.445968,0.286429,0.204,0.543,4,4,FALSE,TRUE,FALSE
"GENE0328","GENE0328_HUMAN","P38965","Protein GENE0328",2.8731,0.017177,0.009742,1.8655,2.0113,2,2,FALSE,FALSE,TRUE
"GENE1337","GENE1337_HUMAN","P46631","Protein GENE1337",0.0092,0.813096,0.31564,0,0.5008,3,5,FALSE,FALSE,FALSE
"GENE2177","GENE2177_HUMAN","P91879","Protein GENE2177",0.834,1,0.696084,0,0.1573,4,6,FALSE,FALSE,FALSE
"GENE1854","GENE1854_HUMAN","P17791","Protein GENE1854",0.1027,1,0.925434,0,0.0337,5,3,FALSE,FALSE,FALSE
"GENE1935","GENE1935_HUMAN","P69993","Protein GENE1935",4.0083,0.150465,0.032803,0.7961,1.4841,3,2,FALSE,FALSE,TRUE
"GENE0311","GENE0311_HUMAN","P77697","Protein GENE0311",3.2962,0.045684,0.044536,0.86,1.3513,4,5,FALSE,FALSE,TRUE
"GENE0556","GENE0556_HUMAN","P35112","Protein GENE0556",0.5052,1,0.304243,0.4559,0.5168,4,4,TRUE,FALSE,FALSE
"GENE1663","GENE1663_HUMAN","P31872","Protein GENE1663",0.0751,0.28898,0.114287,0.411,0.942,5,5,FALSE,FALSE,FALSE
"GENE0075","GENE0075_HUMAN","P58759","Protein GENE0075",-0.4922,1,0.829233,0,0.0813,4,6,FALSE,FALSE,FALSE
"GENE2085","GENE2085_HUMAN","P02932","Protein GENE2085",-3.1475,0.051759,0.018595,1.0429,1.7306,4,6,FALSE,FALSE,TRUE
"GENE1002","GENE1002_HUMAN","P96653","Protein GENE1002",-0.1036,0.76629,0.464408,0,0.3331,3,3,TRUE,FALSE,FALSE
"GENE2615","GENE2615_HUMAN","P88587","Protein GENE2615",0.0367,1,0.975354,0,0.0108,3,3,FALSE,FALSE,FALSE
"GENE0208","GENE0208_HUMAN","P94558","Protein GENE0208",0.3716,1,0.496002,0,0.3045,5,3,TRUE,FALSE,FALSE
"GENE2373","GENE2373_HUMAN","P64585","Protein GENE2373",0.3085,0.349814,0.269438,0,0.5695,4,3,FALSE,FALSE,FALSE
"GENE2054","GENE2054_HUMAN","P14577","Protein GENE2054",2.9191,0.00206,0.000459,3.0738,3.3384,3,2,FALSE,FALSE,TRUE
"GENE1278","GENE1278_HUMAN","P97802","Protein GENE1278",3.7305,0.020315,0.011869,1.6333,1.9256,4,4,FALSE,FALSE,TRUE
"GENE0581","GENE0581_HUMAN","P82564","Protein GENE0581",-0.8274,0.367818,0.301782,0,0.5203,2,6,FALSE,FALSE,FALSE
"GENE2169","GENE2169_HUMAN","P16265","Protein GENE2169",-0.0394,1,0.971555,0,0.0125,6,4,FALSE,FALSE,FALSE
"GENE0989","GENE0989_HUMAN","P06689","Protein GENE0989",0.1036,0.727008,0.397687,0,0.4005,5,3,FALSE,FALSE,FALSE
"GENE1036","GENE1036_HUMAN","P42988","Protein GENE1036",-0.1396,1,0.729829,0,0.1368,2,5,FALSE,FALSE,FALSE
"GENE1924","GENE1924_HUMAN","P33564","Protein GENE1924",0.1611,1,0.499948,0,0.3011,3,6,FALSE,FALSE,FALSE
"GENE2368","GENE2368_HUMAN","P76883","Protein GENE2368",0.2604,1,0.686596,0,0.1633,3,4,FALSE,FALSE,FALSE
"GENE2504","GENE2504_HUMAN","P80288","Protein GENE2504",0.2406,1,0.508914,0,0.2934,3,2,FALSE,FALSE,FALSE
"PKN1","PKN1_HUMAN","P32860","Protein PKN1",1.3757,0.00567,0.002713,2.2066,2.5665,6,5,FALSE,FALSE,TRUE
"GENE0322","GENE0322_HUMAN","P22424","Protein GENE0322",-0.3175,1,0.969417,0,0.0135,3,3,FALSE,FALSE,FALSE
"GENE2705","GENE2705_HUMAN","P23023","Protein GENE2705",0.1224,1,0.412348,0.0299,0.3847,5,2,FALSE,FALSE,FALSE
"GENE2543","GENE2543_HUMAN","P78234","Protein GENE2543",0.1357,0.964942,0.527494,0,0.2778,3,5,FALSE,FALSE,FALSE
"GENE2207","GENE2207_HUMAN","P63869","Protein GENE2207",-0.2324,1,0.500647,0,0.3005,4,5,FALSE,FALSE,FALSE
"GENE0510","GENE0510_HUMAN","P44223","Protein GENE0510",-0.5178,1,0.368503,0.1307,0.4336,2,5,FALSE,TRUE,FALSE
"GENE0923","GENE0923_HUMAN","P38922","Protein GENE0923",-0.1657,0.709377,0.181279,0.1407,0.7417,3,2,FALSE,FALSE,FALSE
"GENE0646","GENE0646_HUMAN","P14639","Protein GENE0646",-0.0214,1,0.795078,0.0622,0.0996,4,6,FALSE,FALSE,FALSE
"GENE0035","GENE0035_HUMAN","P91979","Protein GENE0035",-1.2124,0.047193,0.009933,1.9195,2.0029,4,5,FALSE,FALSE,TRUE
"GENE1612","GENE1612_HUMAN","P12934","Protein GENE1612",-0.7022,0.43488,0.234395,0.2943,0.6301,4,2,FALSE,FALSE,FALSE
"GENE1527","GENE1527_HUMAN","P65030","Protein GENE1527",-0.127,1,0.573253,0,0.2417,2,6,FALSE,FALSE,FALSE
"GENE0933","GENE0933_HUMAN","P60824","Protein GENE0933",-0.0243,1,0.66456,1e-04,0.1775,2,2,TRUE,FALSE,FALSE
"GENE1065","GENE1065_HUMAN","P04910","Protein GENE1065",0.4498,1,0.673627,0,0.1716,5,2,FALSE,FALSE,FALSE
"GENE0276","GENE0276_HUMAN","P57799","Protein GENE0276",0.6297,0.267404,0.1449,0.4177,0.8389,6,3,FALSE,FALSE,FALSE
"GENE2344","GENE2344_HUMAN","P10266","Protein GENE2344",1.5996,0.133155,0.029197,0.8617,1.5347,2,6,FALSE,FALSE,TRUE
"GENE2765","GENE2765_HUMAN","P72426","Protein GENE2765",0.1979,0.857729,0.282231,0.1372,0.5494,5,4,FALSE,FALSE,FALSE
"GENE0123","GENE0123_HUMAN","P04630","Protein GENE0123",-2.43,0.027022,0.009393,1.501,2.0272,6,3,FALSE,FALSE,TRUE
"GENE2385","GENE2385_HUMAN","P62811","Protein GENE2385",-0.1305,1,0.933636,0,0.0298,4,3,FALSE,FALSE,FALSE
"GENE1503","GENE1503_HUMAN","P15765","Protein GENE1503",1.8286,0.006144,0.001541,2.4455,2.8121,4,2,FALSE,FALSE,TRUE
"GENE1969","GENE1969_HUMAN","P49544","Protein GENE1969",1.0514,0.005743,0.003259,1.9574,2.4869,6,2,FALSE,FALSE,TRUE
"NCOA3","NCOA3_HUMAN","P71098","Protein NCOA3",1.9923,0.046312,0.020294,1.038,1.6926,5,2,TRUE,TRUE,TRUE
"GENE2038","GENE2038_HUMAN","P79390","Protein GENE2038",-3.669,0.056898,0.014527,1.348,1.8378,4,6,FALSE,FALSE,TRUE
"GENE2358","GENE2358_HUMAN","P45040","Protein GENE2358",-0.0184,0.368847,0.150477,0.5073,0.8225,5,4,FALSE,FALSE,FALSE
"GENE0264","GENE0264_HUMAN","P23584","Protein GENE0264",-3.5459,0.150166,0.043058,0.7817,1.3659,4,5,FALSE,FALSE,TRUE
"GENE0498","GENE0498_HUMAN","P04365","Protein GENE0498",-1.3238,0.012282,0.003605,2.2879,2.4431,2,5,FALSE,TRUE,TRUE
"GENE2199","GENE2199_HUMAN","P04463","Protein GENE2199",-0.7274,1,0.802194,0,0.0957,6,4,FALSE,FALSE,FALSE
"GENE1588","GENE1588_HUMAN","P41759","Protein GENE1588",0.0927,1,0.980094,0,0.0087,6,2,FALSE,TRUE,FALSE
"GENE1830","GENE1830_HUMAN","P28659","Protein GENE1830",-0.5105,0.986177,0.477379,0,0.3211,2,2,FALSE,FALSE,FALSE
"GENE0874","GENE0874_HUMAN","P79869","Protein GENE0874",0.3748,0.799467,0.248034,0.483,0.6055,5,2,FALSE,FALSE,FALSE
"GENE2762","GENE2762_HUMAN","P27884","Protein GENE2762",-0.0556,0.547927,0.274909,0.1298,0.5608,5,3,FALSE,FALSE,FALSE
"GENE2042","GENE2042_HUMAN","P53928","Protein GENE2042",-0.2253,1,0.246531,0.3399,0.6081,5,4,FALSE,FALSE,FALSE
"GENE2313","GENE2313_HUMAN","P54228","Protein GENE2313",0.2019,0.878367,0.24077,0,0.6184,3,2,FALSE,FALSE,FALSE
"GENE2784","GENE2784_HUMAN","P42645","Protein GENE2784",1.072,0.037693,0.018825,1.1983,1.7253,2,2,FALSE,FALSE,TRUE
"GENE1430","GENE1430_HUMAN","P63454","Protein GENE1430",-0.2239,0.704656,0.703478,0.0946,0.1527,3,6,FALSE,TRUE,FALSE
"GENE1424","GENE1424_HUMAN","P11898","Protein GENE1424",0.7311,1,0.480174,0,0.3186,5,2,FALSE,FALSE,FALSE
"GENE0605","GENE0605_HUMAN","P78769","Protein GENE0605",-4.0965,0.031661,0.0086,1.8788,2.0655,5,4,FALSE,FALSE,TRUE
"GENE2298","GENE2298_HUMAN","P87209","Protein GENE2298",-0.1856,0.645387,0.459354,0.2697,0.3379,4,6,FALSE,FALSE,FALSE
"GENE1025","GENE1025_HUMAN","P34871","Protein GENE1025",0.09,1,0.983536,0,0.0072,5,5,FALSE,FALSE,FALSE
"GENE0744","GENE0744_HUMAN","P96942","Protein GENE0744",-0.2684,1,0.771555,0,0.1126,6,3,FALSE,FALSE,FALSE
"GENE1558","GENE1558_HUMAN","P83680","Protein GENE1558",0.0596,0.466623,0.259236,0,0.5863,5,3,FALSE,FALSE,FALSE
"GENE1959","GENE1959_HUMAN","P39915","Protein GENE1959",-0.1647,1,0.956133,0,0.0195,3,4,FALSE,FALSE,FALSE
"GENE2756","GENE2756_HUMAN","P74612","Protein GENE2756",0.2297,1,0.541449,0,0.2664,5,5,FALSE,FALSE,FALSE
"GENE0576","GENE0576_HUMAN","P51188","Protein GENE0576",0.6567,1,0.760492,0,0.1189,2,4,FALSE,FALSE,FALSE
"GENE0221","GENE0221_HUMAN","P75808","Protein GENE0221",-0.3103,1,0.331349,0.1534,0.4797,2,3,FALSE,FALSE,FALSE
"GENE0014","GENE0014_HUMAN","P14696","Protein GENE0014",0.5729,1,0.668921,0,0.1746,3,4,FALSE,FALSE,FALSE
"GENE2435","GENE2435_HUMAN","P90011","Protein GENE2435",-0.2275,0.342193,0.228805,0,0.6405,4,4,FALSE,FALSE,FALSE
"GENE2171","GENE2171_HUMAN","P06507","Protein GENE2171",-0.5813,1,0.835402,0,0.0781,5,2,FALSE,FALSE,FALSE
"GENE0747","GENE0747_HUMAN","P77155","Protein GENE0747",-0.0249,1,0.670961,0,0.1733,6,3,FALSE,FALSE,FALSE
"GENE1032","GENE1032_HUMAN","P80791","Protein GENE1032",-0.2996,0.781435,0.220342,0.0527,0.6569,3,4,FALSE,FALSE,FALSE
"GENE0955","GENE0955_HUMAN","P89223","Protein GENE0955",-0.2024,0.458825,0.219204,0.2086,0.6592,4,4,FALSE,FALSE,FALSE
"GENE0176","GENE0176_HUMAN","P66608","Protein GENE0176",0.5108,0.564922,0.135539,0.2075,0.8679,4,3,FALSE,FALSE,FALSE
"GENE0146","GENE0146_HUMAN","P33376","Protein GENE0146",0.4509,0.898638,0.248068,0.0941,0.6054,5,4,FALSE,TRUE,FALSE
"GENE1882","GENE1882_HUMAN","P49650","Protein GENE1882",-0.2105,1,0.644637,0,0.1907,6,6,FALSE,FALSE,FALSE
"GENE0641","GENE0641_HUMAN","P40527","Protein GENE0641",0.6473,1,0.593894,0,0.2263,3,2,FALSE,FALSE,FALSE
"GENE0467","GENE0467_HUMAN","P35671","Protein GENE0467",-0.9572,0.763606,0.652933,0,0.1851,5,6,FALSE,TRUE,FALSE
"GENE2830","GENE2830_HUMAN","P15495","Protein GENE2830",0.2329,1,0.883568,0,0.0538,6,2,FALSE,FALSE,FALSE
"PPP6R1","PPP6R1_HUMAN","P93886","Protein PPP6R1",3.2874,0.092197,0.018594,1.2721,1.7306,5,3,FALSE,TRUE,TRUE
"GENE2365","GENE2365_HUMAN","P44038","Protein GENE2365",-2.3803,0.011492,0.006444,1.5261,2.1909,2,6,TRUE,FALSE,TRUE
"GENE2325","GENE2325_HUMAN","P28832","Protein GENE2325",-0.1289,1,0.915479,0,0.0384,5,5,FALSE,FALSE,FALSE
"GENE1221","GENE1221_HUMAN","P34754","Protein GENE1221",-0.2609,1,0.232295,0.3032,0.634,5,4,FALSE,FALSE,FALSE
"GENE1183","GENE1183_HUMAN","P68274","Protein GENE1183",-0.5277,1,0.846748,0,0.0722,2,4,FALSE,FALSE,FALSE
"GENE2255","GENE2255_HUMAN","P19454","Protein GENE2255",0.0903,0.379004,0.123667,0.209,0.9077,2,5,FALSE,FALSE,FALSE
"GENE1967","GENE1967_HUMAN","P17445","Protein GENE1967",0.1264,1,0.461669,0.296,0.3357,6,2,TRUE,FALSE,FALSE
"GENE1667","GENE1667_HUMAN","P98998","Protein GENE1667",0.3643,0.835735,0.174568,0.2154,0.758,4,3,FALSE,FALSE,FALSE
"GENE0559","GENE0559_HUMAN","P94586","Protein GENE0559",-0.4493,1,0.960327,0,0.0176,4,3,FALSE,FALSE,FALSE
"GENE0173","GENE0173_HUMAN","P05414","Protein GENE0173",0.5495,1,0.29654,0,0.5279,6,6,FALSE,FALSE,FALSE
"GENE1730","GENE1730_HUMAN","P60703","Protein GENE1730",0.5344,0.646801,0.574528,0.0423,0.2407,5,5,FALSE,FALSE,FALSE
"GENE2001","GENE2001_HUMAN","P74131","Protein GENE2001",-0.2302,1,0.726922,0,0.1385,5,4,FALSE,FALSE,FALSE
"GENE2442","GENE2442_HUMAN","P65545","Protein GENE2442",0.8442,1,0.704177,0,0.1523,3,4,TRUE,FALSE,FALSE
"GENE0385","GENE0385_HUMAN","P06604","Protein GENE0385",0.3296,1,0.352171,0,0.4532,2,6,FALSE,FALSE,FALSE
"GENE2731","GENE2731_HUMAN","P37243","Protein GENE2731",-0.0722,1,0.804314,0,0.0946,3,4,FALSE,FALSE,FALSE
"GENE2348","GENE2348_HUMAN","P40786","Protein GENE2348",-0.2058,1,0.277412,0.0256,0.5569,4,5,TRUE,FALSE,FALSE
"GENE2623","GENE2623_HUMAN","P16259","Protein GENE2623",-2e-04,1,0.57108,0,0.2433,4,4,TRUE,FALSE,FALSE
"GENE1738","GENE1738_HUMAN","P02942","Protein GENE1738",-0.2661,0.810801,0.260811,0.1202,0.5837,6,6,TRUE,FALSE,FALSE
"GENE1157","GENE1157_HUMAN","P72358","Protein GENE1157",-0.5179,1,0.353262,0.0201,0.4519,2,2,FALSE,TRUE,FALSE
"GENE0725","GENE0725_HUMAN","P82529","Protein GENE0725",4.0846,0.079052,0.019547,1.1459,1.7089,2,5,FALSE,FALSE,TRUE
"GENE1476","GENE1476_HUMAN","P97628","Protein GENE1476",0.1001,1,0.382181,0,0.4177,3,2,FALSE,FALSE,FALSE
"GENE2510","GENE2510_HUMAN","P38901","Protein GENE2510",0.3925,1,0.827758,0,0.0821,3,4,FALSE,FALSE,FALSE
"GENE1350","GENE1350_HUMAN","P13138","Protein GENE1350",-3.7878,0.123883,0.031709,1.1502,1.4988,4,5,FALSE,FALSE,TRUE
"GENE0106","GENE0106_HUMAN","P09115","Protein GENE0106",0.2575,1,0.499001,0,0.3019,2,4,FALSE,FALSE,FALSE
"GENE2744","GENE2744_HUMAN","P97796","Protein GENE2744",0.3105,1,0.853877,0,0.0686,5,5,FALSE,FALSE,FALSE
"LARP5","LARP5_HUMAN","P70317","Protein LARP5",0.075,1,0.278322,0.3754,0.5555,6,5,FALSE,TRUE,FALSE
"GENE1425","GENE1425_HUMAN","P19440","Protein GENE1425",-0.2452,1,0.603199,0,0.2195,4,4,FALSE,FALSE,FALSE
"GENE0590","GENE0590_HUMAN","P47717","Protein GENE0590",-0.9592,1,0.951779,0,0.0215,4,3,FALSE,FALSE,FALSE
"GENE1091","GENE1091_HUMAN","P30896","Protein GENE1091",-0.4627,1,0.728558,0,0.1375,4,2,FALSE,FALSE,FALSE
"GENE1795","GENE1795_HUMAN","P49150","Protein GENE1795",0.562,0.960616,0.26517,0.548,0.5765,4,3,FALSE,FALSE,FALSE
"GENE1321","GENE1321_HUMAN","P14688","Protein GENE1321",0.5941,0.259115,0.192053,0.6863,0.7166,5,6,FALSE,FALSE,FALSE
"GENE0589","GENE0589_HUMAN","P74144","Protein GENE0589",-1.7625,0.201411,0.047043,0.6912,1.3275,3,3,FALSE,TRUE,TRUE
"GENE2848","GENE2848_HUMAN","P56392","Protein GENE2848",2.9879,0.009224,0.003516,1.9631,2.4539,4,4,FALSE,FALSE,TRUE
"GENE0953","GENE0953_HUMAN","P00887","Protein GENE0953",-1.5306,0.005862,0.003553,2.0444,2.4495,5,3,FALSE,FALSE,TRUE
"GENE0430","GENE0430_HUMAN","P90328","Protein GENE0430",0.1005,1,0.546593,0,0.2623,4,5,FALSE,FALSE,FALSE
"GENE0178","GENE0178_HUMAN","P73834","Protein GENE0178",-0.3206,1,0.593301,0,0.2267,2,4,FALSE,FALSE,FALSE
"GENE0575","GENE0575_HUMAN","P58094","Protein GENE0575",0.4355,0.587119,0.311193,0.1485,0.507,2,4,FALSE,FALSE,FALSE
"GENE0904","GENE0904_HUMAN","P74843","Protein GENE0904",0.8431,1,0.882915,0,0.0541,5,6,FALSE,FALSE,FALSE
"GENE1872","GENE1872_HUMAN","P09860","Protein GENE1872",0.0089,1,0.651908,0.0884,0.1858,4,5,FALSE,TRUE,FALSE
"GENE0660","GENE0660_HUMAN","P91271","Protein GENE0660",0.1148,1,0.495816,0,0.3047,2,6,FALSE,FALSE,FALSE
"GENE1757","GENE1757_HUMAN","P34460","Protein GENE1757",-0.0882,1,0.945899,0,0.0242,6,5,FALSE,FALSE,FALSE
"GENE0753","GENE0753_HUMAN","P09856","Protein GENE0753",0.3761,0.964052,0.902577,0,0.0445,4,4,FALSE,FALSE,FALSE
"GENE1995","GENE1995_HUMAN","P59971","Protein GENE1995",-0.2913,1,0.425929,0,0.3707,3,6,FALSE,TRUE,FALSE
"GENE1777","GENE1777_HUMAN","P81031","Protein GENE1777",0.1374,1,0.680216,0,0.1674,2,5,FALSE,FALSE,FALSE
"GENE1643","GENE1643_HUMAN","P56580","Protein GENE1643",-3.7057,0.03624,0.023603,1.038,1.627,5,5,FALSE,TRUE,TRUE
"GENE0359","GENE0359_HUMAN","P02169","Protein GENE0359",3.5795,0.108226,0.030808,1.0374,1.5113,4,6,FALSE,FALSE,TRUE
"GENE1126","GENE1126_HUMAN","P26475","Protein GENE1126",-0.6095,0.648159,0.43637,0,0.3601,3,5,FALSE,FALSE,FALSE
"GENE1961","GENE1961_HUMAN","P00236","Protein GENE1961",-0.3547,1,0.222327,0,0.653,3,2,FALSE,FALSE,FALSE
"GENE0674","GENE0674_HUMAN","P74360","Protein GENE0674",0.4313,0.313302,0.12104,0.602,0.9171,6,5,FALSE,TRUE,FALSE
"GENE2587","GENE2587_HUMAN","P19702","Protein GENE2587",0.2162,0.144805,0.122716,0.4283,0.9111,6,4,FALSE,FALSE,FALSE
"GENE1298","GENE1298_HUMAN","P93895","Protein GENE1298",-1.4714,0.045926,0.03007,0.9064,1.5219,5,3,FALSE,FALSE,TRUE
"GENE0949","GENE0949_HUMAN","P04831","Protein GENE0949",0.7953,0.032965,0.01716,1.1242,1.7655,6,2,TRUE,FALSE,TRUE
"GENE1742","GENE1742_HUMAN","P75205","Protein GENE1742",-0.204,1,0.418981,0,0.3778,5,5,FALSE,FALSE,FALSE
"GENE1176","GENE1176_HUMAN","P79378","Protein GENE1176",-0.9349,1,0.455659,0,0.3414,5,3,FALSE,FALSE,FALSE
"GENE1363","GENE1363_HUMAN","P30846","Protein GENE1363",-0.5297,0.772185,0.464135,0,0.3334,3,5,FALSE,FALSE,FALSE
"GENE1526","GENE1526_HUMAN","P73971","Protein GENE1526",3.4782,0.086976,0.041019,0.9216,1.387,4,2,FALSE,FALSE,TRUE
"GENE1513","GENE1513_HUMAN","P49269","Protein GENE1513",-0.2171,1,0.690631,0.0142,0.1608,5,3,FALSE,FALSE,FALSE
"GENE0713","GENE0713_HUMAN","P54496","Protein GENE0713",-0.2733,0.256623,0.138138,0.3308,0.8597,3,4,FALSE,TRUE,FALSE
"GENE0656","GENE0656_HUMAN","P89434","Protein GENE0656",0.155,1,0.82028,0,0.086,2,6,FALSE,FALSE,FALSE
"GENE1718","GENE1718_HUMAN","P03029","Protein GENE1718",1.1076,0.069375,0.030189,0.9704,1.5201,5,4,FALSE,FALSE,TRUE
"GENE0917","GENE0917_HUMAN","P91495","Protein GENE0917",0.6421,1,0.549945,0,0.2597,6,2,TRUE,FALSE,FALSE
"GENE2662","GENE2662_HUMAN","P65791","Protein GENE2662",0.4832,1,0.977465,0,0.0099,4,3,FALSE,FALSE,FALSE
"GENE2481","GENE2481_HUMAN","P89109","Protein GENE2481",0.207,1,0.814147,0,0.0893,2,6,FALSE,FALSE,FALSE
"GENE1649","GENE1649_HUMAN","P44419","Protein GENE1649",0.1939,0.699784,0.290404,0.2186,0.537,6,6,FALSE,FALSE,FALSE
"GENE0632","GENE0632_HUMAN","P07210","Protein GENE0632",-0.447,1,0.829745,0,0.0811,6,6,FALSE,FALSE,FALSE
"GENE1042","GENE1042_HUMAN","P82617","Protein GENE1042",2.3983,0.092949,0.02219,1.227,1.6538,4,4,FALSE,FALSE,TRUE
"GENE2268","GENE2268_HUMAN","P89740","Protein GENE2268",-0.2362,1,0.785931,0,0.1046,6,5,FALSE,FALSE,FALSE
"GENE2436","GENE2436_HUMAN","P02938","Protein GENE2436",-0.1229,1,0.499422,0.2251,0.3015,6,2,FALSE,FALSE,FALSE
"GENE1655","GENE1655_HUMAN","P18382","Protein GENE1655",-0.1569,0.3424,0.280424,0.2438,0.5522,3,4,FALSE,FALSE,FALSE
"GENE2347","GENE2347_HUMAN","P09851","Protein GENE2347",-0.3852,0.920145,0.858343,0,0.0663,2,3,FALSE,FALSE,FALSE
"GENE0537","GENE0537_HUMAN","P68822","Protein GENE0537",0.4303,1,0.273298,0,0.5634,6,2,FALSE,FALSE,FALSE
"GENE2825","GENE2825_HUMAN","P73745","Protein GENE2825",-2.6196,0.057065,0.016402,1.1906,1.7851,6,3,FALSE,FALSE,TRUE
"GENE1448","GENE1448_HUMAN","P53980","Protein GENE1448",1.1801,0.627907,0.208656,0.2236,0.6806,3,3,FALSE,TRUE,FALSE
"GENE1068","GENE1068_HUMAN","P20762","Protein GENE1068",0.1947,1,0.504342,0,0.2973,4,3,FALSE,FALSE,FALSE
"GENE0689","GENE0689_HUMAN","P12535","Protein GENE0689",2.7438,0.033438,0.024171,0.9906,1.6167,6,4,FALSE,FALSE,TRUE
"GENE1357","GENE1357_HUMAN","P88956","Protein GENE1357",-2.0384,0.04073,0.010113,1.8917,1.9951,4,5,TRUE,FALSE,TRUE
"GENE0915","GENE0915_HUMAN","P44177","Protein GENE0915",0.1103,1,0.668113,0,0.1752,5,3,FALSE,FALSE,FALSE
"GENE2034","GENE2034_HUMAN","P53873","Protein GENE2034",0.0625,1,0.73563,0,0.1333,5,2,FALSE,FALSE,FALSE
"GENE0828","GENE0828_HUMAN","P56845","Protein GENE0828",0.9744,0.156821,0.048263,0.7907,1.3164,5,4,FALSE,FALSE,TRUE
"GENE2824","GENE2824_HUMAN","P16760","Protein GENE2824",0.0393,0.532545,0.183012,0.4691,0.7375,4,5,FALSE,FALSE,FALSE
"GENE1949","GENE1949_HUMAN","P38755","Protein GENE1949",-0.1141,1,0.814462,0,0.0891,2,6,FALSE,FALSE,FALSE
"GENE2811","GENE2811_HUMAN","P35857","Protein GENE2811",0.7662,0.06874,0.041818,0.747,1.3786,2,6,FALSE,FALSE,TRUE
"GENE0240","GENE0240_HUMAN","P11420","Protein GENE0240",-0.3589,0.572002,0.234632,0.4826,0.6296,6,5,FALSE,FALSE,FALSE
"GENE1095","GENE1095_HUMAN","P60525","Protein GENE1095",-2.2669,0.016204,0.003294,1.9988,2.4822,5,3,FALSE,FALSE,TRUE
"GENE2401","GENE2401_HUMAN","P66041","Protein GENE2401",0.0828,1,0.720764,0,0.1422,5,4,FALSE,TRUE,FALSE
"GENE1133","GENE1133_HUMAN","P48624","Protein GENE1133",-0.3316,0.811043,0.71613,0,0.145,5,5,FALSE,TRUE,FALSE
"GENE2790","GENE2790_HUMAN","P47980","Protein GENE2790",-0.0031,1,0.615443,0,0.2108,2,6,FALSE,FALSE,FALSE
"GENE1300","GENE1300_HUMAN","P78702","Protein GENE1300",0.0533,1,0.491062,0,0.3089,5,5,FALSE,FALSE,FALSE
"GENE1770","GENE1770_HUMAN","P59943","Protein GENE1770",0.3746,1,0.856494,0,0.0673,2,2,FALSE,FALSE,FALSE
"GENE0422","GENE0422_HUMAN","P50778","Protein GENE0422",0.509,1,0.828861,0,0.0815,3,6,TRUE,FALSE,FALSE
"GENE1599","GENE1599_HUMAN","P14547","Protein GENE1599",0.0536,0.294884,0.077839,1.0335,1.1088,3,5,FALSE,FALSE,FALSE
"GENE2852","GENE2852_HUMAN","P97777","Protein GENE2852",-0.1766,0.589858,0.321442,0.303,0.4929,5,3,FALSE,FALSE,FALSE
"GENE2480","GENE2480_HUMAN","P32615","Protein GENE2480",1.6973,0.050749,0.011009,1.8615,1.9583,3,2,FALSE,FALSE,TRUE
"GENE0855","GENE0855_HUMAN","P64820","Protein GENE0855",0.0166,1,0.982894,0,0.0075,4,5,TRUE,FALSE,FALSE
"GENE0213","GENE0213_HUMAN","P60052","Protein GENE0213",0.311,0.408541,0.35999,0,0.4437,4,6,FALSE,FALSE,FALSE
"GENE1682","GENE1682_HUMAN","P67499","Protein GENE1682",-0.452,1,0.8523,0,0.0694,3,5,FALSE,FALSE,FALSE
"GENE2648","GENE2648_HUMAN","P42505","Protein GENE2648",-0.7879,0.110463,0.048988,1.1499,1.3099,5,2,TRUE,FALSE,TRUE
"GENE1508","GENE1508_HUMAN","P17669","Protein GENE1508",0.4213,1,0.742865,0,0.1291,6,5,TRUE,FALSE,FALSE
"GENE1989","GENE1989_HUMAN","P64214","Protein GENE1989",2.326,0.017941,0.006301,1.709,2.2006,2,5,FALSE,FALSE,TRUE
"GENE2613","GENE2613_HUMAN","P28435","Protein GENE2613",-0.2144,1,0.416938,0.3268,0.3799,4,5,FALSE,FALSE,FALSE
"GENE2143","GENE2143_HUMAN","P32878","Protein GENE2143",0.4049,1,0.605652,0,0.2178,6,4,FALSE,TRUE,FALSE
"GENE1016","GENE1016_HUMAN","P61626","Protein GENE1016",0.3084,1,0.675171,0,0.1706,5,6,FALSE,FALSE,FALSE
"GENE0424","GENE0424_HUMAN","P01624","Protein GENE0424",0.4023,1,0.702802,0,0.1532,5,2,FALSE,TRUE,FALSE
"GENE2160","GENE2160_HUMAN","P28620","Protein GENE2160",0.243,1,0.288168,0,0.5404,5,4,FALSE,FALSE,FALSE
"GENE0691","GENE0691_HUMAN","P36173","Protein GENE0691",0.2517,1,0.437353,0,0.3592,4,2,FALSE,FALSE,FALSE
"GENE0695","GENE0695_HUMAN","P41393","Protein GENE0695",-0.1378,1,0.707883,0,0.15,2,5,FALSE,FALSE,FALSE
"GENE2710","GENE2710_HUMAN","P24850","Protein GENE2710",2.7422,0.019743,0.013133,1.2383,1.8816,3,2,FALSE,FALSE,TRUE
"GENE2389","GENE2389_HUMAN","P25014","Protein GENE2389",-0.7915,1,0.955922,0,0.0196,3,4,TRUE,FALSE,FALSE
"GENE0233","GENE0233_HUMAN","P24114","Protein GENE0233",-0.5072,0.799537,0.483735,0.0069,0.3154,6,4,FALSE,FALSE,FALSE
"GENE1143","GENE1143_HUMAN","P78988","Protein GENE1143",-0.8727,0.224205,0.151562,0.121,0.8194,2,4,FALSE,FALSE,FALSE
"GENE0078","GENE0078_HUMAN","P81585","Protein GENE0078",0.0855,1,0.808667,0,0.0922,2,2,FALSE,FALSE,FALSE
"GENE2680","GENE2680_HUMAN","P89159","Protein GENE2680",0.5625,1,0.912342,0,0.0398,2,3,FALSE,FALSE,FALSE
"GENE2339","GENE2339_HUMAN","P62590","Protein GENE2339",-0.7365,0.019352,0.004558,1.8212,2.3413,5,4,FALSE,FALSE,TRUE
"GENE0432","GENE0432_HUMAN","P47488","Protein GENE0432",0.3725,1,0.653031,0,0.1851,3,5,FALSE,TRUE,FALSE
"GENE2536","GENE2536_HUMAN","P08627","Protein GENE2536",-0.5897,1,0.428605,0,0.3679,4,2,FALSE,FALSE,FALSE
"NEK1","NEK1_HUMAN","P02492","Protein NEK1",-0.0154,1,0.891233,0,0.05,5,4,FALSE,FALSE,FALSE
"GENE2569","GENE2569_HUMAN","P33160","Protein GENE2569",-0.1968,1,0.886418,0,0.0524,5,5,FALSE,FALSE,FALSE
"GENE1144","GENE1144_HUMAN","P50159","Protein GENE1144",-0.1086,1,0.612341,0,0.213,2,4,FALSE,FALSE,FALSE
"GENE0148","GENE0148_HUMAN","P86823","Protein GENE0148",-0.5154,0.460559,0.134212,0.4989,0.8722,5,5,FALSE,FALSE,FALSE
"GENE1630","GENE1630_HUMAN","P66976","Protein GENE1630",0.1963,0.712782,0.257175,0.2828,0.5898,5,6,FALSE,FALSE,FALSE
"GENE1896","GENE1896_HUMAN","P24759","Protein GENE1896",-0.1851,1,0.850696,0,0.0702,2,3,FALSE,FALSE,FALSE
"GENE2307","GENE2307_HUMAN","P49628","Protein GENE2307",0.7353,0.253876,0.061986,0.6307,1.2077,3,5,FALSE,FALSE,FALSE
"GENE2079","GENE2079_HUMAN","P16712","Protein GENE2079",0.5981,1,0.780015,0,0.1079,6,5,FALSE,FALSE,FALSE
"GENE1825","GENE1825_HUMAN","P93836","Protein GENE1825",-1.107,0.003224,0.002414,1.9972,2.6173,5,5,FALSE,FALSE,TRUE
"GENE1890","GENE1890_HUMAN","P44575","Protein GENE1890",-0.0675,1,0.625466,0.0138,0.2038,5,6,FALSE,FALSE,FALSE
"GENE1472","GENE1472_HUMAN","P61604","Protein GENE1472",0.1811,1,0.904254,0,0.0437,3,2,FALSE,TRUE,FALSE
"GENE2597","GENE2597_HUMAN","P27128","Protein GENE2597",-2.0696,0.038845,0.036347,1.326,1.4395,5,5,FALSE,FALSE,TRUE
"GENE2791","GENE2791_HUMAN","P63087","Protein GENE2791",-0.0635,0.219176,0.074479,0.5746,1.128,4,6,FALSE,FALSE,FALSE
"GENE2826","GENE2826_HUMAN","P82229","Protein GENE2826",0.1031,1,0.30425,0,0.5168,5,6,FALSE,FALSE,FALSE
"GENE2113","GENE2113_HUMAN","P86252","Protein GENE2113",-0.2934,1,0.452365,0,0.3445,5,2,TRUE,FALSE,FALSE
"GENE1938","GENE1938_HUMAN","P64918","Protein GENE1938",0.2525,0.903636,0.319686,0.1742,0.4953,3,2,FALSE,FALSE,FALSE
"GENE2895","GENE2895_HUMAN","P43851","Protein GENE2895",-0.4213,1,0.733382,5e-04,0.1347,3,4,FALSE,FALSE,FALSE
"GENE0420","GENE0420_HUMAN","P33434","Protein GENE0420",-0.2162,0.913768,0.636253,0,0.1964,4,4,TRUE,FALSE,FALSE
"GENE2290","GENE2290_HUMAN","P32665","Protein GENE2290",0.5068,1,0.872082,0,0.0594,2,4,FALSE,FALSE,FALSE
"GENE2033","GENE2033_HUMAN","P33086","Protein GENE2033",-0.1596,1,0.660185,0,0.1803,6,3,TRUE,FALSE,FALSE
"GENE2616","GENE2616_HUMAN","P77533","Protein GENE2616",-0.2214,1,0.58412,0,0.2335,3,4,FALSE,FALSE,FALSE
"GENE1150","GENE1150_HUMAN","P77757","Protein GENE1150",0.2475,0.880617,0.585494,0.0948,0.2325,4,5,FALSE,FALSE,FALSE
"GENE0410","GENE0410_HUMAN","P51330","Protein GENE0410",-0.1507,1,0.634614,0,0.1975,3,5,TRUE,FALSE,FALSE
"GENE1302","GENE1302_HUMAN","P13257","Protein GENE1302",-0.1152,1,0.787611,0,0.1037,6,3,FALSE,FALSE,FALSE
"GENE1906","GENE1906_HUMAN","P30242","Protein GENE1906",-2.7727,0.063886,0.032926,1.4665,1.4825,2,6,FALSE,FALSE,TRUE
"GENE1512","GENE1512_HUMAN","P53594","Protein GENE1512",1.2737,1,0.747621,0,0.1263,3,2,FALSE,FALSE,FALSE
"GENE0840","GENE0840_HUMAN","P59416","Protein GENE0840",-0.36,1,0.654758,0,0.1839,6,3,FALSE,FALSE,FALSE
"GENE1205","GENE1205_HUMAN","P20164","Protein GENE1205",3.991,0.007868,0.004407,2.0401,2.3558,5,6,TRUE,FALSE,TRUE
"GENE0876","GENE0876_HUMAN","P84278","Protein GENE0876",0.0422,1,0.299263,0.1138,0.5239,3,4,FALSE,FALSE,FALSE
"GENE2012","GENE2012_HUMAN","P73611","Protein GENE2012",0.6576,1,0.88159,0,0.0547,2,6,FALSE,FALSE,FALSE
"GENE2142","GENE2142_HUMAN","P27918","Protein GENE2142",0.1715,1,0.772881,0,0.1119,5,5,FALSE,FALSE,FALSE
"GENE0064","GENE0064_HUMAN","P04325","Protein GENE0064",-0.7032,1,0.888851,0,0.0512,4,4,FALSE,FALSE,FALSE
"GENE1270","GENE1270_HUMAN","P16692","Protein GENE1270",1.4905,0.148321,0.03693,0.9939,1.4326,3,3,FALSE,FALSE,TRUE
"GENE1356","GENE1356_HUMAN","P88441","Protein GENE1356",-0.1653,1,0.771911,0,0.1124,4,2,FALSE,FALSE,FALSE
"GENE1479","GENE1479_HUMAN","P15021","Protein GENE1479",-0.389,1,0.717477,0,0.1442,4,3,FALSE,FALSE,FALSE
"GENE1965","GENE1965_HUMAN","P81572","Protein GENE1965",0.3181,1,0.955957,0,0.0196,3,4,FALSE,FALSE,FALSE
"GENE1474","GENE1474_HUMAN","P26771","Protein GENE1474",4.1494,0.096333,0.048429,0.6767,1.3149,4,4,FALSE,FALSE,TRUE
"GENE0456","GENE0456_HUMAN","P42458","Protein GENE0456",-0.0726,1,0.791401,0.0586,0.1016,4,5,FALSE,FALSE,FALSE
"GENE2586","GENE2586_HUMAN","P92591","Protein GENE2586",-0.134,0.504687,0.222234,0.3717,0.6532,4,6,FALSE,FALSE,FALSE
"GENE1703","GENE1703_HUMAN","P46832","Protein GENE1703",0.1421,1,0.466688,0,0.331,5,2,FALSE,FALSE,FALSE
"GENE2209","GENE2209_HUMAN","P28351","Protein GENE2209",0.3089,1,0.726812,0.0568,0.1386,5,6,FALSE,FALSE,FALSE
"GENE1428","GENE1428_HUMAN","P80312","Protein GENE1428",-0.1808,1,0.97498,0,0.011,2,6,FALSE,FALSE,FALSE
"GENE0902","GENE0902_HUMAN","P24915","Protein GENE0902",0.8124,0.151597,0.030961,1.4268,1.5092,5,4,FALSE,FALSE,TRUE
"GENE1256","GENE1256_HUMAN","P18484","Protein GENE1256",-0.0531,0.867979,0.241234,0,0.6176,2,4,FALSE,FALSE,FALSE
"GENE1816","GENE1816_HUMAN","P06741","Protein GENE1816",0.3745,1,0.884671,0,0.0532,2,5,FALSE,FALSE,FALSE
"GENE0358","GENE0358_HUMAN","P79063","Protein GENE0358",0.1807,0.430144,0.134785,0.176,0.8704,5,2,FALSE,FALSE,FALSE
"DDX50","DDX50_HUMAN","P11594","Protein DDX50",0.1247,1,0.928836,0,0.0321,5,6,FALSE,FALSE,FALSE
"GENE0288","GENE0288_HUMAN","P01955","Protein GENE0288",-0.0525,1,0.565756,0,0.2474,6,5,FALSE,FALSE,FALSE
"GENE1634","GENE1634_HUMAN","P16701","Protein GENE1634",-0.2101,1,0.519374,0,0.2845,4,2,FALSE,TRUE,FALSE
"GENE1522","GENE1522_HUMAN","P46123","Protein GENE1522",0.4294,1,0.580568,0,0.2361,2,3,FALSE,TRUE,FALSE
"GENE1862","GENE1862_HUMAN","P79403","Protein GENE1862",0.2563,1,0.688101,0,0.1623,2,4,FALSE,FALSE,FALSE
"GENE1502","GENE1502_HUMAN","P09504","Protein GENE1502",-0.3839,0.622654,0.258988,0.474,0.5867,3,5,FALSE,FALSE,FALSE
"GENE0425","GENE0425_HUMAN","P04128","Protein GENE0425",-0.7059,1,0.566456,0,0.2468,4,6,FALSE,FALSE,FALSE
"GENE0016","GENE0016_HUMAN","P81033","Protein GENE0016",-3.9234,0.038179,0.008703,1.465,2.0603,5,3,FALSE,FALSE,TRUE
"GPATCH4","GPATCH4_HUMAN","P55126","Protein GPATCH4",0.1697,0.735531,0.272399,0.1512,0.5648,3,4,FALSE,FALSE,FALSE
"GENE1482","GENE1482_HUMAN","P76616","Protein GENE1482",-0.489,0.584749,0.422031,0.0854,0.3747,2,3,FALSE,FALSE,FALSE
"GENE1963","GENE1963_HUMAN","P62595","Protein GENE1963",-1.2661,0.028194,0.008419,1.4662,2.0747,3,5,TRUE,FALSE,TRUE
"GENE1781","GENE1781_HUMAN","P96971","Protein GENE1781",-0.1044,1,0.714501,0,0.146,4,5,FALSE,FALSE,FALSE
"GENE1564","GENE1564_HUMAN","P27235","Protein GENE1564",0.1065,1,0.550131,0,0.2595,2,6,FALSE,FALSE,FALSE
"GENE0924","GENE0924_HUMAN","P60747","Protein GENE0924",-1.2444,0.029159,0.012557,1.6996,1.9011,3,6,FALSE,TRUE,TRUE
"GENE0866","GENE0866_HUMAN","P38962","Protein GENE0866",-1.1339,0.031625,0.008348,1.5495,2.0784,4,3,TRUE,FALSE,TRUE
"GENE2407","GENE2407_HUMAN","P11037","Protein GENE2407",-0.3735,1,0.631427,0,0.1997,6,6,FALSE,FALSE,FALSE
"GENE0019","GENE0019_HUMAN","P44053","Protein GENE0019",0.0466,1,0.593535,0,0.2266,5,6,FALSE,FALSE,FALSE
"GENE0913","GENE0913_HUMAN","P09790","Protein GENE0913",0.0468,1,0.692105,0,0.1598,2,3,FALSE,FALSE,FALSE
"GENE0242","GENE0242_HUMAN","P02186","Protein GENE0242",0.5122,0.330532,0.254262,0,0.5947,6,6,FALSE,FALSE,FALSE
"GENE0188","GENE0188_HUMAN","P69424","Protein GENE0188",-0.0813,1,0.962634,0,0.0165,5,2,FALSE,FALSE,FALSE
"GENE2354","GENE2354_HUMAN","P12298","Protein GENE2354",0.1927,0.731552,0.497966,0.146,0.3028,6,6,FALSE,FALSE,FALSE
"GENE2056","GENE2056_HUMAN","P70688","Protein GENE2056",-0.0669,1,0.635327,0,0.197,5,5,FALSE,FALSE,FALSE
"GENE0983","GENE0983_HUMAN","P84331","Protein GENE0983",0.0871,1,0.515683,0,0.2876,3,6,FALSE,FALSE,FALSE
"GENE1344","GENE1344_HUMAN","P87633","Protein GENE1344",-0.0735,1,0.744926,0,0.1279,6,2,FALSE,FALSE,FALSE
"GENE2472","GENE2472_HUMAN","P60596","Protein GENE2472",0.2389,1,0.811119,0,0.0909,3,5,FALSE,FALSE,FALSE
"GENE1360","GENE1360_HUMAN","P37382","Protein GENE1360",-0.1183,0.854575,0.598849,0,0.2227,4,2,FALSE,TRUE,FALSE
"GENE2842","GENE2842_HUMAN","P10809","Protein GENE2842",0.2975,0.634908,0.316364,0.1773,0.4998,5,4,FALSE,FALSE,FALSE
"GENE2267","GENE2267_HUMAN","P96704","Protein GENE2267",0.5346,0.019897,0.01014,1.8735,1.9939,2,5,FALSE,FALSE,TRUE
"GENE0654","GENE0654_HUMAN","P31989","Protein GENE0654",0.0489,1,0.807228,0,0.093,6,2,FALSE,FALSE,FALSE
"GENE0931","GENE0931_HUMAN","P50263","Protein GENE0931",-0.6444,1,0.623843,0,0.2049,6,6,FALSE,FALSE,FALSE
"GENE1616","GENE1616_HUMAN","P98929","Protein GENE1616",0.8366,1,0.509679,0.1567,0.2927,3,5,FALSE,FALSE,FALSE
"GENE0588","GENE0588_HUMAN","P52563","Protein GENE0588",-0.4575,1,0.43392,0,0.3626,2,6,FALSE,TRUE,FALSE
"DDX17","DDX17_HUMAN","P77499","Protein DDX17",-0.1316,1,0.570636,0,0.2436,5,2,TRUE,FALSE,FALSE
"GENE0687","GENE0687_HUMAN","P05719","Protein GENE0687",0.1756,0.112077,0.076826,0.6821,1.1145,3,2,FALSE,FALSE,FALSE
"GENE2122","GENE2122_HUMAN","P38769","Protein GENE2122",2.2317,0.032775,0.015812,1.2412,1.801,2,6,FALSE,FALSE,TRUE
"GENE0969","GENE0969_HUMAN","P71976","Protein GENE0969",-0.2502,1,0.667692,0,0.1754,5,4,FALSE,FALSE,FALSE
"GENE0945","GENE0945_HUMAN","P88934","Protein GENE0945",2.6798,0.080901,0.018693,1.1724,1.7283,3,3,TRUE,TRUE,TRUE
"GENE0222","GENE0222_HUMAN","P48800","Protein GENE0222",0.4366,1,0.433122,0,0.3634,2,6,TRUE,FALSE,FALSE
"GENE0083","GENE0083_HUMAN","P17309","Protein GENE0083",-0.5593,0.125009,0.042706,1.1363,1.3695,5,6,FALSE,FALSE,TRUE
