"Gene","Entry.Name","UniProt.ID","Description","logFC","P.Val","adj.P.Val","log.P.Val","log.adj.P.Val","n_data_points_BK516_Ctrl","n_data_points_BK516_Cflag","imputed_BK516_Cflag","imputed_BK516_Ctrl","is_significant"
"GENE1580","GENE1580_HUMAN","P76071","Protein GENE1580",2.2682,0.031224,0.030769,1.2413,1.5119,4,4,FALSE,FALSE,TRUE
"GENE2482","GENE2482_HUMAN","P39430","Protein GENE2482",-0.4057,1,0.361054,0.2597,0.4424,4,4,FALSE,FALSE,FALSE
"GENE2788","GENE2788_HUMAN","P53940","Protein GENE2788",-0.4911,1,0.427018,0.1959,0.3696,6,4,FALSE,FALSE,FALSE
"GENE2284","GENE2284_HUMAN","P40563","Protein GENE2284",-0.4902,0.581043,0.556078,0,0.2549,6,4,FALSE,FALSE,FALSE
"GENE2460","GENE2460_HUMAN","P02303","Protein GENE2460",-0.146,0.438181,0.15817,0.1531,0.8009,2,4,FALSE,FALSE,FALSE
"GENE2863","GENE2863_HUMAN","P12582","Protein GENE2863",-3.0262,0.040199,0.034976,1.0477,1.4562,3,6,FALSE,FALSE,TRUE
"GENE0276","GENE0276_HUMAN","P77907","Protein GENE0276",0.524,1,0.618004,0.0676,0.209,5,5,TRUE,TRUE,FALSE
"GENE1866","GENE1866_HUMAN","P92022","Protein GENE1866",0.7759,0.001994,0.001535,2.7138,2.8139,5,3,TRUE,FALSE,TRUE
"GENE2098","GENE2098_HUMAN","P23963","Protein GENE2098",-0.7134,1,0.743499,0,0.1287,3,6,FALSE,TRUE,FALSE
"GENE0128","GENE0128_HUMAN","P31958","Protein GENE0128",-0.8099,0.630162,0.375302,0,0.4256,2,4,FALSE,FALSE,FALSE
"GENE1142","GENE1142_HUMAN","P09845","Protein GENE1142",0.4253,1,0.580139,0,0.2365,2,2,FALSE,TRUE,FALSE
"GENE0215","GENE0215_HUMAN","P25222","Protein GENE0215",-3.8442,0.06504,0.046726,0.649,1.3304,3,4,FALSE,FALSE,TRUE
"GENE1789","GENE1789_HUMAN","P82708","Protein GENE1789",-0.4844,0.370633,0.113435,0.4956,0.9453,5,2,FALSE,FALSE,FALSE
"GENE0205","GENE0205_HUMAN","P58321","Protein GENE0205",-0.5507,0.784679,0.196595,0.3955,0.7064,3,4,FALSE,FALSE,FALSE
"GENE2054","GENE2054_HUMAN","P95445","Protein GENE2054",0.017,0.242224,0.184759,0.0922,0.7334,2,2,FALSE,TRUE,FALSE
"GENE0264","GENE0264_HUMAN","P48125","Protein GENE0264",-0.7406,1,0.626491,0.0012,0.2031,4,2,FALSE,FALSE,FALSE
"GENE0568","GENE0568_HUMAN","P53129","Protein GENE0568",-0.0294,1,0.701118,0,0.1542,3,6,FALSE,FALSE,FALSE
"GENE1130","GENE1130_HUMAN","P58343","Protein GENE1130",3.6407,0.045149,0.019183,1.1572,1.7171,6,4,FALSE,FALSE,TRUE
"GENE0529","GENE0529_HUMAN","P64060","Protein GENE0529",0.1481,1,0.769169,0,0.114,2,2,FALSE,FALSE,FALSE
"GENE1558","GENE1558_HUMAN","P22433","Protein GENE1558",0.6958,0.147798,0.038291,1.3489,1.4169,2,5,FALSE,FALSE,TRUE
"GENE2299","GENE2299_HUMAN","P23049","Protein GENE2299",-1.1147,0.158921,0.043408,1.1758,1.3624,6,5,TRUE,FALSE,TRUE
"GENE1492","GENE1492_HUMAN","P01300","Protein GENE1492",0.0856,1,0.732239,0,0.1353,6,4,FALSE,TRUE,FALSE
"GENE2731","GENE2731_HUMAN","P97201","Protein GENE2731",0.2376,0.38318,0.156232,0.6823,0.8062,4,4,FALSE,FALSE,FALSE
"GENE0654","GENE0654_HUMAN","P66705","Protein GENE0654",0.2255,1,0.477542,0.0198,0.321,5,5,TRUE,TRUE,FALSE
"GENE0637","GENE0637_HUMAN","P83179","Protein GENE0637",-0.3109,1,0.486967,0,0.3125,3,5,FALSE,FALSE,FALSE
"GENE2539","GENE2539_HUMAN","P48566","Protein GENE2539",0.5696,0.306574,0.063082,0.9015,1.2001,4,5,FALSE,TRUE,FALSE
"GENE2898","GENE2898_HUMAN","P19107","Protein GENE2898",0.1771,0.358733,0.152039,0.1798,0.818,5,6,FALSE,FALSE,FALSE
"GENE1426","GENE1426_HUMAN","P89107","Protein GENE1426",2.7076,0.053378,0.038744,1.2702,1.4118,3,6,FALSE,TRUE,TRUE
"GENE2171","GENE2171_HUMAN","P55970","Protein GENE2171",0.192,0.723388,0.636919,0.0331,0.1959,2,6,FALSE,FALSE,FALSE
"GENE0852","GENE0852_HUMAN","P49322","Protein GENE0852",0.2229,1,0.886367,0,0.0524,3,4,FALSE,FALSE,FALSE
"GENE0828","GENE0828_HUMAN","P80450","Protein GENE0828",-0.8331,1,0.90857,0,0.0416,4,2,TRUE,FALSE,FALSE
"GENE1618","GENE1618_HUMAN","P88773","Protein GENE1618",-0.4842,0.66174,0.154728,0.1585,0.8104,5,2,FALSE,FALSE,FALSE
"GENE0640","GENE0640_HUMAN","P89533","Protein GENE0640",-0.1798,0.318741,0.083925,0.682,1.0761,3,4,FALSE,FALSE,FALSE
"GENE1772","GENE1772_HUMAN","P50615","Protein GENE1772",-3.9513,0.078849,0.02781,1.5169,1.5558,4,6,TRUE,FALSE,TRUE
"GENE2268","GENE2268_HUMAN","P14568","Protein GENE2268",-0.7099,0.302726,0.111867,0.3139,0.9513,3,4,FALSE,FALSE,FALSE
"GENE1816","GENE1816_HUMAN","P58645","Protein GENE1816",3.322,0.17107,0.040177,0.8771,1.396,5,5,FALSE,FALSE,TRUE
"GENE1065","GENE1065_HUMAN","P92512","Protein GENE1065",-1.0215,1,0.758357,0,0.1201,5,2,FALSE,FALSE,FALSE
"GENE1834","GENE1834_HUMAN","P99062","Protein GENE1834",0.2703,1,0.501115,0,0.3001,6,4,FALSE,FALSE,FALSE
"GENE1302","GENE1302_HUMAN","P23949","Protein GENE1302",-2.6439,0.12536,0.044557,1.3136,1.3511,2,3,FALSE,FALSE,TRUE
"GENE2365","GENE2365_HUMAN","P22635","Protein GENE2365",-0.1243,0.747807,0.241895,0.6064,0.6164,5,4,FALSE,FALSE,FALSE
"GENE0472","GENE0472_HUMAN","P72764","Protein GENE0472",-0.5833,0.551761,0.165057,0.5188,0.7824,4,6,FALSE,FALSE,FALSE
"GENE1269","GENE1269_HUMAN","P01393","Protein GENE1269",3.5121,0.157626,0.036291,0.8609,1.4402,4,5,FALSE,TRUE,TRUE
"GENE1420","GENE1420_HUMAN","P08690","Protein GENE1420",0.1628,1,0.7727,0,0.112,2,5,FALSE,FALSE,FALSE
"GENE1991","GENE1991_HUMAN","P74687","Protein GENE1991",-0.2308,0.8874,0.291511,0.2903,0.5353,3,4,FALSE,FALSE,FALSE
"GENE0035","GENE0035_HUMAN","P29303","Protein GENE0035",0.202,1,0.700075,0,0.1549,5,3,FALSE,FALSE,FALSE
"GENE2390","GENE2390_HUMAN","P06157","Protein GENE2390",0.1281,0.871275,0.234618,0.618,0.6296,5,3,FALSE,FALSE,FALSE
"GENE2151","GENE2151_HUMAN","P17361","Protein GENE2151",0.7102,1,0.629081,0,0.2013,2,5,FALSE,FALSE,FALSE
"GENE1395","GENE1395_HUMAN","P62525","Protein GENE1395",2.8711,0.026938,0.009398,1.6617,2.027,3,6,FALSE,FALSE,TRUE
"GENE2331","GENE2331_HUMAN","P97077","Protein GENE2331",-0.0034,1,0.593183,0,0.2268,4,2,FALSE,FALSE,FALSE
"GENE2758","GENE2758_HUMAN","P65959","Protein GENE2758",-0.8349,1,0.972981,0,0.0119,6,2,FALSE,FALSE,FALSE
"GENE0348","GENE0348_HUMAN","P89716","Protein GENE0348",-0.673,1,0.998087,0,8e-04,6,3,FALSE,TRUE,FALSE
"GENE2342","GENE2342_HUMAN","P74367","Protein GENE2342",-4.1786,0.040848,0.016047,1.1972,1.7946,5,5,FALSE,FALSE,TRUE
"GENE0610","GENE0610_HUMAN","P65925","Protein GENE0610",0.8101,0.206966,0.042073,1.0097,1.376,5,6,FALSE,FALSE,TRUE
"GENE2115","GENE2115_HUMAN","P67398","Protein GENE2115",-0.3061,0.891045,0.429102,0,0.3674,6,3,FALSE,FALSE,FALSE
"GENE1207","GENE1207_HUMAN","P01548","Protein GENE1207",4.494,0.027574,0.021249,1.3445,1.6727,2,5,FALSE,FALSE,TRUE
"GENE0181","GENE0181_HUMAN","P52730","Protein GENE0181",4.1005,0.018518,0.004931,2.001,2.3071,5,4,FALSE,FALSE,TRUE
"GENE2345","GENE2345_HUMAN","P49373","Protein GENE2345",-0.9666,1,0.745325,0,0.1277,6,5,FALSE,FALSE,FALSE
"GENE1109","GENE1109_HUMAN","P38831","Protein GENE1109",0.4509,1,0.685697,0,0.1639,4,4,FALSE,FALSE,FALSE
"GENE0474","GENE0474_HUMAN","P82068","Protein GENE0474",-0.9845,1,0.575473,0.2229,0.24,3,4,FALSE,FALSE,FALSE
"GENE1490","GENE1490_HUMAN","P80875","Protein GENE1490",-0.3859,1,0.906501,0,0.0426,2,2,FALSE,FALSE,FALSE
"GENE0513","GENE0513_HUMAN","P02731","Protein GENE0513",-0.4516,1,0.883023,0,0.054,4,6,FALSE,FALSE,FALSE
"GENE2532","GENE2532_HUMAN","P50101","Protein GENE2532",-0.1407,0.96855,0.944252,0,0.0249,5,6,FALSE,FALSE,FALSE
"GENE0784","GENE0784_HUMAN","P99923","Protein GENE0784",-0.48,0.765955,0.166426,0.341,0.7788,3,5,FALSE,FALSE,FALSE
"GENE1480","GENE1480_HUMAN","P93396","Protein GENE1480",0.6339,0.037925,0.014936,1.1295,1.8258,3,6,FALSE,TRUE,TRUE
"GENE1562","GENE1562_HUMAN","P75465","Protein GENE1562",-0.0539,1,0.958649,0,0.0183,3,6,FALSE,TRUE,FALSE
"GENE0703","GENE0703_HUMAN","P98252","Protein GENE0703",-0.4003,1,0.945476,0,0.0243,4,5,FALSE,FALSE,FALSE
"DHX30","DHX30_HUMAN","P34671","Protein DHX30",-1.3712,0.1701,0.034972,0.8072,1.4563,6,6,FALSE,FALSE,TRUE
"GENE1347","GENE1347_HUMAN","P46296","Protein GENE1347",0.6633,0.175092,0.043743,0.8549,1.3591,5,5,FALSE,TRUE,TRUE
"GENE0247","GENE0247_HUMAN","P52650","Protein GENE0247",0.9672,0.16954,0.040961,0.9492,1.3876,4,4,FALSE,FALSE,TRUE
"GENE1078","GENE1078_HUMAN","P79071","Protein GENE1078",-0.8134,1,0.892613,0,0.0493,3,3,FALSE,FALSE,FALSE
"GENE0581","GENE0581_HUMAN","P87614","Protein GENE0581",0.0214,1,0.260036,0.541,0.585,4,4,FALSE,FALSE,FALSE
"GENE0028","GENE0028_HUMAN","P68519","Protein GENE0028",-0.7053,0.62583,0.549849,0,0.2598,3,2,FALSE,FALSE,FALSE
"GENE0835","GENE0835_HUMAN","P73006","Protein GENE0835",-0.8043,1,0.681701,0,0.1664,4,4,FALSE,FALSE,FALSE
"GENE2107","GENE2107_HUMAN","P05948","Protein GENE2107",0.0753,1,0.847045,0,0.0721,4,2,FALSE,FALSE,FALSE
"GENE1962","GENE1962_HUMAN","P98952","Protein GENE1962",0.1599,1,0.530306,0,0.2755,4,3,FALSE,FALSE,FALSE
"GENE2051","GENE2051_HUMAN","P17480","Protein GENE2051",1.7079,0.018709,0.004806,1.7464,2.3182,6,2,FALSE,FALSE,TRUE
"GENE1191","GENE1191_HUMAN","P52534","Protein GENE1191",2.6615,0.059724,0.013391,1.6535,1.8732,6,6,FALSE,FALSE,TRUE
"GENE1774","GENE1774_HUMAN","P63739","Protein GENE1774",0.2059,0.435005,0.150989,0.3129,0.8211,5,4,FALSE,FALSE,FALSE
"GENE2692","GENE2692_HUMAN","P75934","Protein GENE2692",-0.2629,0.229314,0.218998,0.3031,0.6596,2,4,TRUE,FALSE,FALSE
"GENE2760","GENE2760_HUMAN","P77444","Protein GENE2760",-0.4276,0.506269,0.139282,0.253,0.8561,6,3,TRUE,TRUE,FALSE
"GENE1643","GENE1643_HUMAN","P70003","Protein GENE1643",-0.2713,1,0.994776,0,0.0023,5,3,TRUE,FALSE,FALSE
"GENE0380","GENE0380_HUMAN","P35286","Protein GENE0380",0.7141,1,0.558433,0,0.253,2,6,FALSE,FALSE,FALSE
"GENE0455","GENE0455_HUMAN","P28199","Protein GENE0455",0.0419,0.633915,0.52798,0,0.2774,6,2,TRUE,FALSE,FALSE
"GENE0885","GENE0885_HUMAN","P74238","Protein GENE0885",-0.5209,1,0.885393,0,0.0529,2,3,TRUE,FALSE,FALSE
"GENE2257","GENE2257_HUMAN","P52372","Protein GENE2257",-0.1228,1,0.459895,0,0.3373,2,5,FALSE,FALSE,FALSE
"GENE0919","GENE0919_HUMAN","P65352","Protein GENE0919",0.1089,0.26942,0.255602,0,0.5924,6,3,TRUE,FALSE,FALSE
"GENE1831","GENE1831_HUMAN","P87381","Protein GENE1831",-0.152,0.424751,0.090846,0.9899,1.0417,3,4,TRUE,FALSE,FALSE
"GENE0737","GENE0737_HUMAN","P83245","Protein GENE0737",1.0742,0.094508,0.026757,1.3163,1.5726,6,4,TRUE,FALSE,TRUE
"GENE1743","GENE1743_HUMAN","P49716","Protein GENE1743",-0.3419,0.481369,0.313515,0.1401,0.5037,6,2,FALSE,FALSE,FALSE
"GENE2662","GENE2662_HUMAN","P25510","Protein GENE2662",-0.9308,0.814907,0.273211,0.0504,0.5635,3,4,TRUE,FALSE,FALSE
"GENE2422","GENE2422_HUMAN","P28632","Protein GENE2422",-3.0227,0.071327,0.027348,1.1266,1.5631,2,2,FALSE,FALSE,TRUE
"GENE0019","GENE0019_HUMAN","P56554","Protein GENE0019",1.8831,0.079283,0.033421,1.2013,1.476,6,4,FALSE,FALSE,TRUE
"LARP7","LARP7_HUMAN","P98968","Protein LARP7",0.3583,0.855016,0.41801,0,0.3788,6,6,FALSE,FALSE,FALSE
"GENE2154","GENE2154_HUMAN","P45527","Protein GENE2154",2.034,0.10095,0.043403,0.8356,1.3625,6,5,FALSE,FALSE,TRUE
"GENE2397","GENE2397_HUMAN","P53244","Protein GENE2397",-1.6525,0.022424,0.015946,1.7543,1.7974,4,5,FALSE,FALSE,TRUE
"GENE2508","GENE2508_HUMAN","P52370","Protein GENE2508",3.8749,0.045707,0.01748,1.0927,1.7575,5,4,FALSE,FALSE,TRUE
"GENE1645","GENE1645_HUMAN","P87606","Protein GENE1645",0.6171,0.276346,0.225121,0.3651,0.6476,4,2,FALSE,FALSE,FALSE
"GENE1940","GENE1940_HUMAN","P84490","Protein GENE1940",-0.2808,1,0.683469,0.0673,0.1653,6,3,FALSE,FALSE,FALSE
"GENE0429","GENE0429_HUMAN","P02421","Protein GENE0429",0.061,0.402582,0.1032,0.4176,0.9863,6,3,FALSE,FALSE,FALSE
"GENE2705","GENE2705_HUMAN","P65392","Protein GENE2705",-0.3321,1,0.519267,0,0.2846,2,4,FALSE,FALSE,FALSE
"GENE2880","GENE2880_HUMAN","P23996","Protein GENE2880",2.2146,0.058591,0.038167,0.7641,1.4183,3,5,FALSE,FALSE,TRUE
"GENE2172","GENE2172_HUMAN","P11023","Protein GENE2172",-0.2945,0.464075,0.187248,0.29,0.7276,3,6,FALSE,FALSE,FALSE
"GENE2756","GENE2756_HUMAN","P07912","Protein GENE2756",4.4981,0.047177,0.028204,0.8971,1.5497,3,3,TRUE,FALSE,TRUE
"GENE2346","GENE2346_HUMAN","P21949","Protein GENE2346",3.2437,0.031477,0.008723,1.4201,2.0593,3,5,FALSE,FALSE,TRUE
"GENE1491","GENE1491_HUMAN","P32690","Protein GENE1491",-3.2156,0.023589,0.016123,1.267,1.7925,3,3,FALSE,FALSE,TRUE
"GENE0710","GENE0710_HUMAN","P35404","Protein GENE0710",-0.109,0.206504,0.094539,0.7371,1.0244,6,6,FALSE,FALSE,FALSE
"GENE0538","GENE0538_HUMAN","P69218","Protein GENE0538",-0.2821,1,0.795602,0,0.0993,3,3,FALSE,FALSE,FALSE
"GENE1364","GENE1364_HUMAN","P93535","Protein GENE1364",-0.3371,1,0.589182,0,0.2298,6,5,FALSE,FALSE,FALSE
"GENE0951","GENE0951_HUMAN","P37038","Protein GENE0951",0.5222,1,0.803438,0,0.095,6,6,FALSE,FALSE,FALSE
"GENE1542","GENE1542_HUMAN","P09614","Protein GENE1542",0.1391,1,0.759179,0,0.1197,2,4,FALSE,FALSE,FALSE
"GENE1135","GENE1135_HUMAN","P61874","Protein GENE1135",-3.0612,0.092025,0.028578,1.4976,1.544,4,6,FALSE,FALSE,TRUE
"GENE2708","GENE2708_HUMAN","P05542","Protein GENE2708",0.0968,1,0.830464,0,0.0807,5,2,FALSE,FALSE,FALSE
"GENE1703","GENE1703_HUMAN","P56309","Protein GENE1703",-0.6295,1,0.599449,0,0.2222,5,6,FALSE,FALSE,FALSE
"GENE1443","GENE1443_HUMAN","P70736","Protein GENE1443",0.3768,1,0.302661,0,0.519,3,2,FALSE,FALSE,FALSE
"GENE2634","GENE2634_HUMAN","P30655","Protein GENE2634",-0.4723,1,0.51194,0,0.2908,6,6,FALSE,FALSE,FALSE
"GENE0721","GENE0721_HUMAN","P32178","Protein GENE0721",0.1315,0.245605,0.085075,0.4433,1.0702,6,6,FALSE,FALSE,FALSE
"GENE2064","GENE2064_HUMAN","P36602","Protein GENE2064",0.3531,1,0.25604,0.1461,0.5917,3,2,FALSE,TRUE,FALSE
"GENE1201","GENE1201_HUMAN","P20328","Protein GENE1201",-0.2986,0.164466,0.10616,0.7812,0.974,5,4,FALSE,FALSE,FALSE
"GENE2757","GENE2757_HUMAN","P32544","Protein GENE2757",0.1205,1,0.685383,0,0.1641,4,6,FALSE,FALSE,FALSE
"GENE2232","GENE2232_HUMAN","P99695","Protein GENE2232",-0.3713,1,0.717718,0,0.144,3,5,TRUE,FALSE,FALSE
"GENE2701","GENE2701_HUMAN","P78186","Protein GENE2701",-0.2179,0.304693,0.288171,0,0.5403,2,3,FALSE,FALSE,FALSE
"GENE1694","GENE1694_HUMAN","P81239","Protein GENE1694",0.481,0.543063,0.384838,0,0.4147,5,3,FALSE,FALSE,FALSE
"GENE0156","GENE0156_HUMAN","P20473","Protein GENE0156",-0.4953,0.311446,0.17062,0.2586,0.768,5,4,FALSE,FALSE,FALSE
"GENE2709","GENE2709_HUMAN","P40279","Protein GENE2709",0.224,1,0.591781,0.079,0.2278,2,5,FALSE,FALSE,FALSE
"GENE2631","GENE2631_HUMAN","P72779","Protein GENE2631",0.4347,1,0.76062,0,0.1188,4,4,FALSE,FALSE,FALSE
"GENE0996","GENE0996_HUMAN","P96228","Protein GENE0996",0.2332,1,0.782928,0,0.1063,3,4,FALSE,TRUE,FALSE
"GENE2647","GENE2647_HUMAN","P32042","Protein GENE2647",-0.2868,1,0.856337,0,0.0674,2,3,FALSE,FALSE,FALSE
"GENE2658","GENE2658_HUMAN","P66851","Protein GENE2658",-4.3979,0.089076,0.034652,0.9142,1.4603,5,5,FALSE,FALSE,TRUE
"GENE2285","GENE2285_HUMAN","P98433","Protein GENE2285",0.6908,1,0.357989,0,0.4461,6,2,FALSE,FALSE,FALSE
"GENE1885","GENE1885_HUMAN","P57237","Protein GENE1885",-0.2531,0.518899,0.120938,0.466,0.9174,5,3,FALSE,FALSE,FALSE
"GENE1401","GENE1401_HUMAN","P20663","Protein GENE1401",0.3509,1,0.905872,0.0385,0.0429,3,2,FALSE,FALSE,FALSE
"GENE1231","GENE1231_HUMAN","P65147","Protein GENE1231",0.5633,0.04536,0.024404,1.1761,1.6125,6,2,FALSE,FALSE,TRUE
"GENE0824","GENE0824_HUMAN","P59739","Protein GENE0824",-0.2653,0.621985,0.149144,0.3687,0.8264,2,6,FALSE,FALSE,FALSE
"GENE1427","GENE1427_HUMAN","P37347","Protein GENE1427",-0.1392,1,0.455135,0,0.3419,3,2,FALSE,FALSE,FALSE
"GENE0704","GENE0704_HUMAN","P84354","Protein GENE0704",0.9679,0.160206,0.043982,1.2472,1.3567,6,3,FALSE,FALSE,TRUE
"GENE2039","GENE2039_HUMAN","P93197","Protein GENE2039",0.5165,1,0.486604,0.0602,0.3128,4,5,FALSE,FALSE,FALSE
"GENE2750","GENE2750_HUMAN","P10197","Protein GENE2750",-0.1383,1,0.525458,0,0.2795,4,6,FALSE,FALSE,FALSE
"GENE2643","GENE2643_HUMAN","P72121","Protein GENE2643",-0.2381,1,0.628423,0,0.2017,2,3,FALSE,FALSE,FALSE
"GENE1563","GENE1563_HUMAN","P01707","Protein GENE1563",-0.0066,1,0.673792,0,0.1715,6,2,FALSE,FALSE,FALSE
"GENE2198","GENE2198_HUMAN","P84504","Protein GENE2198",0.0037,0.256303,0.066601,0.9512,1.1765,3,4,FALSE,FALSE,FALSE
"GENE1058","GENE1058_HUMAN","P64446","Protein GENE1058",0.6648,1,0.538226,0,0.269,2,4,FALSE,FALSE,FALSE
"GENE0650","GENE0650_HUMAN","P52440","Protein GENE0650",3.8326,0.076682,0.022561,1.2081,1.6466,2,4,TRUE,FALSE,TRUE
"GENE1077","GENE1077_HUMAN","P73149","Protein GENE1077",4.4697,0.085175,0.034996,1.1632,1.456,2,6,FALSE,FALSE,TRUE
"GENE1345","GENE1345_HUMAN","P12010","Protein GENE1345",0.3439,0.493452,0.195086,0.1224,0.7098,5,5,FALSE,FALSE,FALSE
"GENE2458","GENE2458_HUMAN","P07290","Protein GENE2458",-0.5885,0.974617,0.29922,0.2143,0.524,3,2,FALSE,FALSE,FALSE
"GENE1779","GENE1779_HUMAN","P01530","Protein GENE1779",3.9719,0.021764,0.008146,1.8085,2.089,3,5,FALSE,FALSE,TRUE
"GENE0256","GENE0256_HUMAN","P62334","Protein GENE0256",-0.4135,1,0.57222,0,0.2424,4,5,FALSE,FALSE,FALSE
"GENE2254","GENE2254_HUMAN","P06409","Protein GENE2254",-0.4101,1,0.649618,0,0.1873,6,4,FALSE,FALSE,FALSE
"GENE0356","GENE0356_HUMAN","P56619","Protein GENE0356",0.475,0.342713,0.121454,0.2216,0.9156,6,4,TRUE,TRUE,FALSE
"GENE1048","GENE1048_HUMAN","P50591","Protein GENE1048",-0.2895,1,0.741355,0,0.13,6,6,FALSE,FALSE,FALSE
"GENE0509","GENE0509_HUMAN","P98916","Protein GENE0509",-0.4883,1,0.97044,0,0.013,3,2,FALSE,FALSE,FALSE
"GENE0434","GENE0434_HUMAN","P75767","Protein GENE0434",4.2649,0.042344,0.011701,1.3858,1.9318,4,2,FALSE,FALSE,TRUE
"GENE2449","GENE2449_HUMAN","P38910","Protein GENE2449",-0.3683,1,0.760208,0,0.1191,2,5,FALSE,FALSE,FALSE
"GENE1120","GENE1120_HUMAN","P65371","Protein GENE1120",0.6694,1,0.684985,0,0.1643,3,4,FALSE,FALSE,FALSE
"GENE2217","GENE2217_HUMAN","P48038","Protein GENE2217",-0.0953,0.640157,0.135885,0.2388,0.8668,5,5,TRUE,FALSE,FALSE
"GENE0476","GENE0476_HUMAN","P25881","Protein GENE0476",2.6826,0.026464,0.022487,1.2094,1.6481,3,6,FALSE,FALSE,TRUE
"GENE0395","GENE0395_HUMAN","P68806","Protein GENE0395",-0.1117,1,0.978689,0,0.0094,4,5,TRUE,FALSE,FALSE
"GENE2160","GENE2160_HUMAN","P00228","Protein GENE2160",-1.8991,0.0278,0.010267,1.7449,1.9885,2,5,FALSE,FALSE,TRUE
"GENE2517","GENE2517_HUMAN","P71374","Protein GENE2517",-0.1422,1,0.864859,0,0.0631,4,6,FALSE,FALSE,FALSE
"GENE1489","GENE1489_HUMAN","P63732","Protein GENE1489",1.366,0.003835,0.002567,2.359,2.5905,2,6,TRUE,FALSE,TRUE
"GENE0729","GENE0729_HUMAN","P86209","Protein GENE0729",-0.2788,0.699644,0.681418,0,0.1666,3,2,FALSE,FALSE,FALSE
"GENE1257","GENE1257_HUMAN","P31766","Protein GENE1257",0.4986,1,0.305261,0,0.5153,3,6,FALSE,FALSE,FALSE
"GENE1684","GENE1684_HUMAN","P39618","Protein GENE1684",0.0138,1,0.61285,0,0.2126,2,4,FALSE,FALSE,FALSE
"GENE0439","GENE0439_HUMAN","P55680","Protein GENE0439",-3.9942,0.051885,0.021118,1.3198,1.6753,4,3,FALSE,FALSE,TRUE
"GENE2328","GENE2328_HUMAN","P33758","Protein GENE2328",0.0887,0.377669,0.156598,0.6453,0.8052,2,4,FALSE,FALSE,FALSE
"GENE2607","GENE2607_HUMAN","P96562","Protein GENE2607",0.0771,1,0.835176,0,0.0782,6,4,FALSE,FALSE,FALSE
"GENE1797","GENE1797_HUMAN","P57900","Protein GENE1797",-0.7619,0.715665,0.169027,0.6602,0.772,2,4,FALSE,FALSE,FALSE
"GENE1116","GENE1116_HUMAN","P54688","Protein GENE1116",-0.4564,0.688255,0.688233,0,0.1623,5,5,FALSE,FALSE,FALSE
"GENE0086","GENE0086_HUMAN","P65628","Protein GENE0086",-4.4175,0.062925,0.019056,1.3145,1.72,5,6,FALSE,TRUE,TRUE
"GENE1691","GENE1691_HUMAN","P74326","Protein GENE1691",0.3304,1,0.527285,0,0.278,6,3,FALSE,FALSE,FALSE
"GENE1934","GENE1934_HUMAN","P13070","Protein GENE1934",-0.0835,0.601969,0.147446,0.3192,0.8314,5,4,FALSE,FALSE,FALSE
"GENE0087","GENE0087_HUMAN","P62695","Protein GENE0087",-0.0869,1,0.478291,0,0.3203,5,2,FALSE,FALSE,FALSE
"GENE0369","GENE0369_HUMAN","P83715","Protein GENE0369",-0.1659,0.403728,0.289305,0.1258,0.5386,2,4,FALSE,FALSE,FALSE
"GENE2190","GENE2190_HUMAN","P57526","Protein GENE2190",0.5452,0.342455,0.334927,0.3228,0.4751,5,5,FALSE,FALSE,FALSE
"GENE2468","GENE2468_HUMAN","P10063","Protein GENE2468",-0.0025,0.403268,0.089326,0.9976,1.049,5,4,FALSE,FALSE,FALSE
"GENE0130","GENE0130_HUMAN","P14805","Protein GENE0130",0.0718,0.878814,0.293598,0,0.5322,6,6,FALSE,FALSE,FALSE
"GENE0934","GENE0934_HUMAN","P72058","Protein GENE0934",-0.243,0.836315,0.534815,0,0.2718,2,6,FALSE,FALSE,FALSE
"GENE1277","GENE1277_HUMAN","P21747","Protein GENE1277",0.0101,0.288678,0.27634,0,0.5586,4,2,FALSE,FALSE,FALSE
"GENE2572","GENE2572_HUMAN","P12623","Protein GENE2572",0.188,0.967531,0.283656,0.1183,0.5472,4,6,FALSE,FALSE,FALSE
"GENE0196","GENE0196_HUMAN","P34033","Protein GENE0196",0.4343,1,0.907649,0,0.0421,6,5,FALSE,FALSE,FALSE
"GENE1279","GENE1279_HUMAN","P32563","Protein GENE1279",0.1164,1,0.885828,0,0.0527,4,5,FALSE,FALSE,FALSE
"GENE0390","GENE0390_HUMAN","P94086","Protein GENE0390",0.275,1,0.939781,0,0.027,3,4,FALSE,FALSE,FALSE
"GENE1410","GENE1410_HUMAN","P26534","Protein GENE1410",4.1375,0.004107,0.002395,2.2628,2.6207,4,6,FALSE,FALSE,TRUE
"GENE0667","GENE0667_HUMAN","P73472","Protein GENE0667",0.4307,1,0.958872,0,0.0182,6,4,TRUE,FALSE,FALSE
"ANKRD28","ANKRD28_HUMAN","P54967","Protein ANKRD28",-0.6807,0.673249,0.160444,0.618,0.7947,6,3,FALSE,FALSE,FALSE
"GENE1222","GENE1222_HUMAN","P71307","Protein GENE1222",0.2233,1,0.379584,0,0.4207,5,3,FALSE,TRUE,FALSE
"GENE0379","GENE0379_HUMAN","P18579","Protein GENE0379",0.0535,1,0.582523,0,0.2347,5,3,FALSE,TRUE,FALSE
"GENE1128","GENE1128_HUMAN","P30073","Protein GENE1128",2.4595,0.030984,0.008694,1.5101,2.0608,5,5,FALSE,FALSE,TRUE
"GENE0223","GENE0223_HUMAN","P00802","Protein GENE0223",-0.2087,1,0.384648,0.225,0.4149,6,2,FALSE,FALSE,FALSE
"GENE2798","GENE2798_HUMAN","P55674","Protein GENE2798",-0.0043,1,0.631508,0,0.1996,2,4,FALSE,FALSE,FALSE
"GENE0279","GENE0279_HUMAN","P63877","Protein GENE0279",0.5526,0.798532,0.680267,0,0.1673,4,5,FALSE,FALSE,FALSE
"GENE0265","GENE0265_HUMAN","P08049","Protein GENE0265",-0.0216,0.47042,0.121963,0.3138,0.9138,6,5,FALSE,FALSE,FALSE
"GENE0556","GENE0556_HUMAN","P89068","Protein GENE0556",0.1204,1,0.416834,0.2729,0.38,6,5,FALSE,FALSE,FALSE
"GENE1324","GENE1324_HUMAN","P95641","Protein GENE1324",0.9633,0.078028,0.0242,1.0282,1.6162,4,5,FALSE,FALSE,TRUE
"GENE0747","GENE0747_HUMAN","P57350","Protein GENE0747",-0.2131,0.640256,0.134295,0.3851,0.8719,6,3,FALSE,FALSE,FALSE
"GENE0385","GENE0385_HUMAN","P70673","Protein GENE0385",-0.0783,0.884822,0.676103,0,0.17,2,2,TRUE,FALSE,FALSE
"GENE1424","GENE1424_HUMAN","P27032","Protein GENE1424",-0.0233,0.578118,0.234922,0.2589,0.6291,5,4,FALSE,FALSE,FALSE
"GENE1924","GENE1924_HUMAN","P95274","Protein GENE1924",-0.6157,1,0.771991,0,0.1124,5,3,FALSE,FALSE,FALSE
"GENE2808","GENE2808_HUMAN","P51156","Protein GENE2808",-0.2335,0.66825,0.136761,0.2544,0.864,2,4,FALSE,FALSE,FALSE
"GENE1660","GENE1660_HUMAN","P20301","Protein GENE1660",-2.1822,0.04154,0.039046,0.9215,1.4084,6,4,FALSE,FALSE,TRUE
"GENE0480","GENE0480_HUMAN","P44654","Protein GENE0480",0.1585,1,0.951135,0,0.0218,3,6,FALSE,TRUE,FALSE
"GENE1088","GENE1088_HUMAN","P86716","Protein GENE1088",-0.376,1,0.694852,0,0.1581,3,2,FALSE,FALSE,FALSE
"GENE1349","GENE1349_HUMAN","P76460","Protein GENE1349",0.3264,1,0.437604,0.2953,0.3589,2,6,FALSE,FALSE,FALSE
"GENE1081","GENE1081_HUMAN","P03801","Protein GENE1081",-2.6434,0.134154,0.027574,1.3571,1.5595,5,6,TRUE,FALSE,TRUE
"GENE1373","GENE1373_HUMAN","P31061","Protein GENE1373",-0.6402,0.798548,0.206415,0.1413,0.6853,2,2,FALSE,FALSE,FALSE
"GENE1164","GENE1164_HUMAN","P10342","Protein GENE1164",2.4795,0.023447,0.00916,1.5539,2.0381,2,3,FALSE,FALSE,TRUE
"GENE0213","GENE0213_HUMAN","P07311","Protein GENE0213",0.0431,1,0.658105,0,0.1817,3,3,FALSE,FALSE,FALSE
"GENE2214","GENE2214_HUMAN","P06110","Protein GENE2214",0.3163,1,0.680069,0,0.1674,3,4,FALSE,FALSE,FALSE
"GENE2809","GENE2809_HUMAN","P42966","Protein GENE2809",0.1099,1,0.996827,0,0.0014,2,3,FALSE,FALSE,FALSE
"GENE2608","GENE2608_HUMAN","P55493","Protein GENE2608",0.2485,1,0.816892,0,0.0878,2,6,FALSE,FALSE,FALSE
"GENE0597","GENE0597_HUMAN","P13888","Protein GENE0597",-0.1735,1,0.424359,0,0.3723,3,6,FALSE,FALSE,FALSE
"GENE1880","GENE1880_HUMAN","P27796","Protein GENE1880",0.3115,1,0.74859,0,0.1258,4,5,FALSE,FALSE,FALSE
"GENE1252","GENE1252_HUMAN","P42316","Protein GENE1252",1.0809,0.121551,0.035762,0.8397,1.4466,3,5,FALSE,FALSE,TRUE
"GENE1724","GENE1724_HUMAN","P01509","Protein GENE1724",0.1264,1,0.793883,0,0.1002,5,3,TRUE,FALSE,FALSE
"GENE1125","GENE1125_HUMAN","P88536","Protein GENE1125",-0.1005,1,0.79442,0,0.0999,4,6,FALSE,FALSE,FALSE
"GENE1245","GENE1245_HUMAN","P00256","Protein GENE1245",-0.2188,1,0.480521,0.0633,0.3183,4,3,TRUE,TRUE,FALSE
"GENE1739","GENE1739_HUMAN","P89103","Protein GENE1739",0.3631,0.7257,0.198208,0.0228,0.7029,2,4,FALSE,FALSE,FALSE
"GENE0735","GENE0735_HUMAN","P99594","Protein GENE0735",-0.1505,1,0.476075,0,0.3223,6,5,FALSE,FALSE,FALSE
"GENE2771","GENE2771_HUMAN","P91277","Protein GENE2771",-0.1577,0.348694,0.290377,0.0081,0.537,6,2,FALSE,FALSE,FALSE
"GENE2848","GENE2848_HUMAN","P88888","Protein GENE2848",-0.1312,1,0.925105,0,0.0338,3,6,FALSE,FALSE,FALSE
"GENE2411","GENE2411_HUMAN","P49414","Protein GENE2411",-0.0803,1,0.476401,0,0.322,3,6,FALSE,FALSE,FALSE
"GENE2889","GENE2889_HUMAN","P29457","Protein GENE2889",-0.0786,1,0.823821,0,0.0842,6,5,FALSE,FALSE,FALSE
"GENE1570","GENE1570_HUMAN","P98472","Protein GENE1570",0.3671,1,0.9474,0,0.0235,4,3,FALSE,FALSE,FALSE
"GENE2869","GENE2869_HUMAN","P01041","Protein GENE2869",-0.4431,1,0.757685,0,0.1205,2,4,FALSE,FALSE,FALSE
"GENE2389","GENE2389_HUMAN","P75081","Protein GENE2389",-0.839,1,0.63233,0.0112,0.1991,3,3,TRUE,FALSE,FALSE
"GENE0630","GENE0630_HUMAN","P75356","Protein GENE0630",-0.1082,1,0.892283,0,0.0495,5,3,FALSE,FALSE,FALSE
"GENE0183","GENE0183_HUMAN","P69724","Protein GENE0183",0.1475,1,0.368617,0.1394,0.4334,3,3,FALSE,FALSE,FALSE
"GENE2886","GENE2886_HUMAN","P09707","Protein GENE2886",0.284,1,0.690524,0,0.1608,5,4,FALSE,FALSE,FALSE
"GENE0774","GENE0774_HUMAN","P58615","Protein GENE0774",-2.997,0.208258,0.042366,0.75,1.373,5,4,FALSE,FALSE,TRUE
"GENE0189","GENE0189_HUMAN","P69892","Protein GENE0189",-0.3345,1,0.968111,0,0.0141,2,3,TRUE,FALSE,FALSE
"GENE1073","GENE1073_HUMAN","P17771","Protein GENE1073",-0.3155,0.623158,0.583473,0,0.234,3,2,FALSE,FALSE,FALSE
"GENE1059","GENE1059_HUMAN","P03540","Protein GENE1059",-0.422,1,0.619352,0,0.2081,3,5,FALSE,FALSE,FALSE
"GENE2725","GENE2725_HUMAN","P21267","Protein GENE2725",0.1518,0.880773,0.460642,0,0.3366,2,4,FALSE,FALSE,FALSE
"GENE1341","GENE1341_HUMAN","P37614","Protein GENE1341",0.0357,1,0.630586,0.1532,0.2003,5,4,FALSE,FALSE,FALSE
"GENE1521","GENE1521_HUMAN","P79598","Protein GENE1521",-2.5146,0.066845,0.033786,0.8918,1.4713,4,2,FALSE,FALSE,TRUE
"GENE1481","GENE1481_HUMAN","P84783","Protein GENE1481",0.2363,1,0.631908,0,0.1993,3,4,FALSE,FALSE,FALSE
"GENE0981","GENE0981_HUMAN","P78027","Protein GENE0981",0.3043,1,0.347382,0,0.4592,3,3,FALSE,FALSE,FALSE
"GENE2372","GENE2372_HUMAN","P86802","Protein GENE2372",4.4633,0.006832,0.001778,2.06,2.75,3,2,FALSE,FALSE,TRUE
"GENE2494","GENE2494_HUMAN","P22908","Protein GENE2494",0.2119,1,0.46768,0,0.3301,4,2,FALSE,FALSE,FALSE
"GENE2187","GENE2187_HUMAN","P85150","Protein GENE2187",0.2604,1,0.493022,0.0651,0.3071,2,3,TRUE,FALSE,FALSE
"GENE0709","GENE0709_HUMAN","P83024","Protein GENE0709",0.252,0.553979,0.121519,0.3252,0.9154,5,5,FALSE,FALSE,FALSE
"GPATCH4","GPATCH4_HUMAN","P42009","Protein GPATCH4",-0.0929,1,0.57843,0.1926,0.2377,4,5,FALSE,FALSE,FALSE
"GENE2373","GENE2373_HUMAN","P16200","Protein GENE2373",-0.3214,1,0.720643,0,0.1423,3,5,FALSE,FALSE,FALSE
"GENE0405","GENE0405_HUMAN","P01904","Protein GENE0405",-0.2313,1,0.402227,0.1303,0.3955,2,2,FALSE,FALSE,FALSE
"GENE2418","GENE2418_HUMAN","P71167","Protein GENE2418",0.1703,1,0.417003,0.0864,0.3799,3,4,FALSE,FALSE,FALSE
"GENE0584","GENE0584_HUMAN","P10747","Protein GENE0584",-0.5055,1,0.800054,0,0.0969,2,4,FALSE,FALSE,FALSE
"GENE1953","GENE1953_HUMAN","P45139","Protein GENE1953",3.572,0.069872,0.016585,1.1376,1.7803,4,4,FALSE,FALSE,TRUE
"GENE1430","GENE1430_HUMAN","P20625","Protein GENE1430",-0.1132,0.378644,0.1025,0.3052,0.9893,5,5,FALSE,FALSE,FALSE
"GENE1732","GENE1732_HUMAN","P97980","Protein GENE1732",-3.6816,0.039116,0.015634,1.2048,1.8059,4,2,FALSE,FALSE,TRUE
"GENE0830","GENE0830_HUMAN","P25225","Protein GENE0830",-7e-04,1,0.353662,0,0.4514,3,3,FALSE,FALSE,FALSE
"GENE2040","GENE2040_HUMAN","P86197","Protein GENE2040",0.5932,1,0.60517,0,0.2181,4,6,TRUE,FALSE,FALSE
"GENE1016","GENE1016_HUMAN","P31810","Protein GENE1016",-0.5689,1,0.546,0,0.2628,6,5,FALSE,TRUE,FALSE
"GENE2318","GENE2318_HUMAN","P01402","Protein GENE2318",-0.2351,1,0.609853,0,0.2148,6,4,FALSE,TRUE,FALSE
"GENE0755","GENE0755_HUMAN","P07776","Protein GENE0755",-0.9111,1,0.448619,0,0.3481,4,4,FALSE,FALSE,FALSE
"GENE1944","GENE1944_HUMAN","P85423","Protein GENE1944",4.0251,0.082142,0.026987,0.9435,1.5688,3,4,FALSE,FALSE,TRUE
"GENE1583","GENE1583_HUMAN","P07772","Protein GENE1583",-0.8312,0.154204,0.040811,1.0526,1.3892,6,6,FALSE,FALSE,TRUE
"GENE0827","GENE0827_HUMAN","P00711","Protein GENE0827",-0.3497,0.4044,0.30465,0,0.5162,4,5,FALSE,FALSE,FALSE
"GENE1782","GENE1782_HUMAN","P53217","Protein GENE1782",0.5411,1,0.471591,0,0.3264,5,5,FALSE,FALSE,FALSE
"GENE1099","GENE1099_HUMAN","P27481","Protein GENE1099",-0.5129,0.110122,0.025004,1.5138,1.602,5,6,FALSE,FALSE,TRUE
"GENE2368","GENE2368_HUMAN","P78948","Protein GENE2368",-0.1892,0.543963,0.14198,0.2785,0.8478,6,5,FALSE,TRUE,FALSE
"GENE0070","GENE0070_HUMAN","P70459","Protein GENE0070",0.2884,0.730252,0.466379,0,0.3313,5,2,FALSE,FALSE,FALSE
"GENE0420","GENE0420_HUMAN","P41957","Protein GENE0420",0.6082,0.827771,0.407219,0,0.3902,5,6,FALSE,FALSE,FALSE
"GENE0506","GENE0506_HUMAN","P09147","Protein GENE0506",-0.0792,1,0.860502,0,0.0652,6,4,FALSE,FALSE,FALSE
"GENE0203","GENE0203_HUMAN","P09052","Protein GENE0203",0.4685,1,0.982101,0,0.0078,3,3,FALSE,FALSE,FALSE
"GENE0716","GENE0716_HUMAN","P96541","Protein GENE0716",-0.1949,0.119523,0.088493,0.3891,1.0531,4,2,FALSE,TRUE,FALSE
"GENE2742","GENE2742_HUMAN","P48001","Protein GENE2742",-0.1802,1,0.847442,0,0.0719,5,3,FALSE,FALSE,FALSE
"GENE1229","GENE1229_HUMAN","P43455","Protein GENE1229",0.1626,0.483522,0.145618,0.2792,0.8368,2,2,FALSE,FALSE,FALSE
"GENE1189","GENE1189_HUMAN","P24349","Protein GENE1189",-0.1294,0.394249,0.080268,0.6853,1.0955,2,3,TRUE,FALSE,FALSE
"GENE2849","GENE2849_HUMAN","P42049","Protein GENE2849",-3.6136,0.030897,0.016477,1.3105,1.7831,4,3,FALSE,FALSE,TRUE
"GENE0535","GENE0535_HUMAN","P78943","Protein GENE0535",-0.1097,1,0.90036,0,0.0456,4,6,FALSE,FALSE,FALSE
"GENE0642","GENE0642_HUMAN","P40559","Protein GENE0642",1.1044,0.001678,0.000365,3.1578,3.4374,2,4,FALSE,FALSE,TRUE
"GENE1435","GENE1435_HUMAN","P36293","Protein GENE1435",0.3593,1,0.949228,0,0.0226,5,4,FALSE,FALSE,FALSE
"GENE1750","GENE1750_HUMAN","P49718","Protein GENE1750",-0.3385,1,0.666092,0,0.1765,3,3,FALSE,FALSE,FALSE
"GENE2792","GENE2792_HUMAN","P01761","Protein GENE2792",0.2988,0.972199,0.298179,0.3149,0.5255,2,6,FALSE,FALSE,FALSE
"GENE2841","GENE2841_HUMAN","P24738","Protein GENE2841",-0.1841,1,0.597945,0.1931,0.2233,6,5,TRUE,FALSE,FALSE
"GENE2153","GENE2153_HUMAN","P80159","Protein GENE2153",-0.4317,1,0.654097,0,0.1844,6,2,FALSE,FALSE,FALSE
"GENE1696","GENE1696_HUMAN","P92985","Protein GENE1696",-0.0246,0.652398,0.451941,0,0.3449,2,6,TRUE,FALSE,FALSE
"GENE0013","GENE0013_HUMAN","P06866","Protein GENE0013",-0.5555,1,0.897397,0,0.047,5,4,FALSE,FALSE,FALSE
"GENE1067","GENE1067_HUMAN","P50706","Protein GENE1067",0.0166,0.985862,0.225884,0.0325,0.6461,3,4,FALSE,FALSE,FALSE
"GENE1465","GENE1465_HUMAN","P05781","Protein GENE1465",-0.202,0.808607,0.444277,0.2714,0.3523,3,6,FALSE,FALSE,FALSE
"GENE1673","GENE1673_HUMAN","P99274","Protein GENE1673",-0.1039,0.261011,0.256951,0.3239,0.5901,3,3,FALSE,FALSE,FALSE
"GENE1843","GENE1843_HUMAN","P41202","Protein GENE1843",-0.0578,0.841407,0.469055,0,0.3288,5,4,FALSE,TRUE,FALSE
"GENE2350","GENE2350_HUMAN","P44113","Protein GENE2350",-0.6347,0.607861,0.587133,0,0.2313,3,4,FALSE,FALSE,FALSE
"GENE0218","GENE0218_HUMAN","P78537","Protein GENE0218",0.5907,0.985552,0.287969,0.1818,0.5407,3,2,FALSE,FALSE,FALSE
"GENE0327","GENE0327_HUMAN","P65694","Protein GENE0327",4.1032,0.059296,0.038274,0.7852,1.4171,4,4,FALSE,TRUE,TRUE
"GENE1868","GENE1868_HUMAN","P11050","Protein GENE1868",-0.3552,1,0.27925,0.0673,0.554,3,5,TRUE,FALSE,FALSE
"GENE0623","GENE0623_HUMAN","P21559","Protein GENE0623",-0.2506,0.666528,0.344669,0.2452,0.4626,3,2,FALSE,FALSE,FALSE
"GENE0425","GENE0425_HUMAN","P98551","Protein GENE0425",0.3553,1,0.929226,0,0.0319,4,2,FALSE,FALSE,FALSE
"GENE2558","GENE2558_HUMAN","P89339","Protein GENE2558",-0.0018,1,0.697213,0,0.1566,3,4,FALSE,FALSE,FALSE
"GENE1440","GENE1440_HUMAN","P08860","Protein GENE1440",1.5086,0.071628,0.025947,1.0485,1.5859,6,3,FALSE,FALSE,TRUE
"GENE0520","GENE0520_HUMAN","P40841","Protein GENE0520",-0.0153,1,0.857405,0,0.0668,4,4,FALSE,FALSE,FALSE
"GENE1070","GENE1070_HUMAN","P54928","Protein GENE1070",-0.2389,1,0.762219,0,0.1179,3,3,FALSE,FALSE,FALSE
"GENE2295","GENE2295_HUMAN","P48486","Protein GENE2295",-0.2187,1,0.792582,0,0.101,2,5,FALSE,TRUE,FALSE
"GENE2221","GENE2221_HUMAN","P93449","Protein GENE2221",0.725,0.719268,0.215203,0.5429,0.6672,5,2,FALSE,FALSE,FALSE
"GENE2506","GENE2506_HUMAN","P85439","Protein GENE2506",-0.0068,1,0.679959,0,0.1675,3,2,FALSE,FALSE,FALSE
"GENE1197","GENE1197_HUMAN","P59007","Protein GENE1197",-0.3506,1,0.523971,0,0.2807,6,5,FALSE,FALSE,FALSE
"GENE2088","GENE2088_HUMAN","P67818","Protein GENE2088",-0.0097,1,0.484326,0,0.3149,2,5,FALSE,FALSE,FALSE
"GENE1820","GENE1820_HUMAN","P54918","Protein GENE1820",3.9372,0.114513,0.047026,0.9298,1.3277,3,2,TRUE,FALSE,TRUE
"GENE2686","GENE2686_HUMAN","P04409","Protein GENE2686",0.8656,0.769207,0.278315,0,0.5555,6,5,FALSE,FALSE,FALSE
"GENE0805","GENE0805_HUMAN","P67321","Protein GENE0805",-0.5463,0.865994,0.562456,0,0.2499,4,6,FALSE,FALSE,FALSE
"GENE1316","GENE1316_HUMAN","P88988","Protein GENE1316",-0.1636,0.755856,0.437414,0,0.3591,6,4,FALSE,FALSE,FALSE
"GENE1406","GENE1406_HUMAN","P98399","Protein GENE1406",0.4385,0.197946,0.191245,0.3541,0.7184,6,5,FALSE,FALSE,FALSE
"GENE1275","GENE1275_HUMAN","P14078","Protein GENE1275",-0.7837,1,0.497763,0,0.303,2,2,FALSE,FALSE,FALSE
"GENE2072","GENE2072_HUMAN","P11695","Protein GENE2072",-1.8625,0.09574,0.019182,1.2207,1.7171,4,2,FALSE,FALSE,TRUE
"GENE0561","GENE0561_HUMAN","P06616","Protein GENE0561",-3.5525,0.054097,0.040367,0.7511,1.394,2,6,FALSE,FALSE,TRUE
"GENE2312","GENE2312_HUMAN","P69972","Protein GENE2312",2.0676,0.144027,0.031677,0.9227,1.4993,2,6,TRUE,FALSE,TRUE
"GENE0750","GENE0750_HUMAN","P36040","Protein GENE0750",-0.1866,1,0.811271,0,0.0908,2,3,FALSE,FALSE,FALSE
"GENE2306","GENE2306_HUMAN","P30946","Protein GENE2306",0.0345,0.799452,0.240634,0.0707,0.6186,5,6,FALSE,FALSE,FALSE
"GENE1627","GENE1627_HUMAN","P64410","Protein GENE1627",-3.1106,0.063519,0.033824,0.8379,1.4708,6,2,FALSE,TRUE,TRUE
"GENE2293","GENE2293_HUMAN","P87603","Protein GENE2293",0.5019,1,0.419037,0,0.3777,3,3,FALSE,FALSE,FALSE
"GENE1716","GENE1716_HUMAN","P05349","Protein GENE1716",0.333,1,0.408415,0,0.3889,3,3,FALSE,FALSE,FALSE
"GENE0960","GENE0960_HUMAN","P86152","Protein GENE0960",0.4303,0.206216,0.064362,0.7476,1.1914,2,6,TRUE,FALSE,FALSE
"GENE0442","GENE0442_HUMAN","P96138","Protein GENE0442",-4.4316,0.108019,0.026124,0.8971,1.583,2,4,TRUE,FALSE,TRUE
"GENE1087","GENE1087_HUMAN","P74770","Protein GENE1087",-0.1592,0.489882,0.101167,0.6405,0.995,5,3,FALSE,FALSE,FALSE
"GENE1998","GENE1998_HUMAN","P79289","Protein GENE1998",-0.4713,0.147697,0.111472,0.6367,0.9528,4,2,TRUE,FALSE,FALSE
"GENE1705","GENE1705_HUMAN","P98129","Protein GENE1705",0.0338,0.565998,0.41904,0.005,0.3777,3,5,FALSE,TRUE,FALSE
"DDX21","DDX21_HUMAN","P05505","Protein DDX21",-0.3308,1,0.589575,0,0.2295,3,2,FALSE,FALSE,FALSE
"GENE2543","GENE2543_HUMAN","P58670","Protein GENE2543",-4.0472,0.129676,0.044523,0.6592,1.3514,3,6,FALSE,FALSE,TRUE
"GENE1525","GENE1525_HUMAN","P87262","Protein GENE1525",0.3915,1,0.519205,0,0.2847,4,6,TRUE,FALSE,FALSE
"GENE1262","GENE1262_HUMAN","P47265","Protein GENE1262",-0.2462,1,0.837836,0,0.0768,6,2,FALSE,FALSE,FALSE
"GENE1764","GENE1764_HUMAN","P42819","Protein GENE1764",0.4443,0.915164,0.252226,0,0.5982,4,5,FALSE,TRUE,FALSE
"GENE2027","GENE2027_HUMAN","P28953","Protein GENE2027",0.6666,1,0.805693,0,0.0938,3,2,FALSE,FALSE,FALSE
"GENE1707","GENE1707_HUMAN","P22335","Protein GENE1707",0.7756,0.693686,0.589635,0,0.2294,4,3,FALSE,FALSE,FALSE
"GENE0818","GENE0818_HUMAN","P39483","Protein GENE0818",0.3045,1,0.853631,0,0.0687,3,4,FALSE,FALSE,FALSE
"GENE2175","GENE2175_HUMAN","P41532","Protein GENE2175",2.1899,0.008341,0.007471,1.5833,2.1266,6,2,FALSE,FALSE,TRUE
"GENE2753","GENE2753_HUMAN","P77263","Protein GENE2753",0.6141,1,0.96369,0,0.0161,3,5,FALSE,FALSE,FALSE
"GENE1586","GENE1586_HUMAN","P51953","Protein GENE1586",-0.3536,0.549648,0.471829,0,0.3262,5,3,FALSE,FALSE,FALSE
"GENE1411","GENE1411_HUMAN","P92470","Protein GENE1411",-0.2506,1,0.411584,0,0.3855,5,6,FALSE,FALSE,FALSE
"GENE0252","GENE0252_HUMAN","P22819","Protein GENE0252",0.0196,0.255866,0.122626,0.6952,0.9114,5,4,FALSE,FALSE,FALSE
"GENE2358","GENE2358_HUMAN","P51475","Protein GENE2358",-0.8772,0.082684,0.020549,1.19,1.6872,6,5,FALSE,FALSE,TRUE
"GENE2795","GENE2795_HUMAN","P70022","Protein GENE2795",-0.7353,0.452655,0.181586,0.0456,0.7409,2,5,FALSE,FALSE,FALSE
"GENE0754","GENE0754_HUMAN","P45182","Protein GENE0754",0.0699,1,0.972892,0,0.0119,6,4,FALSE,FALSE,FALSE
"GENE0321","GENE0321_HUMAN","P11437","Protein GENE0321",-0.1938,0.93521,0.510376,0,0.2921,4,6,FALSE,FALSE,FALSE
"GENE1041","GENE1041_HUMAN","P59139","Protein GENE1041",-0.4407,1,0.762221,0,0.1179,6,6,FALSE,FALSE,FALSE
"GENE1331","GENE1331_HUMAN","P12521","Protein GENE1331",0.5626,1,0.662808,0,0.1786,3,5,FALSE,FALSE,FALSE
"GENE2604","GENE2604_HUMAN","P76196","Protein GENE2604",-3.1121,0.123178,0.030011,0.8893,1.5227,6,5,TRUE,FALSE,TRUE
"GENE0565","GENE0565_HUMAN","P49770","Protein GENE0565",-0.6275,0.726613,0.586374,0,0.2318,6,2,FALSE,FALSE,FALSE
"GENE1145","GENE1145_HUMAN","P71403","Protein GENE1145",2.4382,0.09075,0.035015,0.9281,1.4557,4,2,FALSE,FALSE,TRUE
"GENE0338","GENE0338_HUMAN","P10029","Protein GENE0338",-0.5227,0.668592,0.241106,0.0921,0.6178,3,5,FALSE,FALSE,FALSE
"GENE2189","GENE2189_HUMAN","P53442","Protein GENE2189",-4.3666,0.013292,0.002926,2.0408,2.5338,4,6,FALSE,FALSE,TRUE
"GENE0319","GENE0319_HUMAN","P74714","Protein GENE0319",-0.4947,1,0.710452,0,0.1485,4,6,FALSE,FALSE,FALSE
"GENE2330","GENE2330_HUMAN","P77519","Protein GENE2330",0.1977,1,0.709658,0,0.149,3,6,FALSE,FALSE,FALSE
"GENE0840","GENE0840_HUMAN","P84439","Protein GENE0840",-0.4019,1,0.960531,0,0.0175,4,2,FALSE,TRUE,FALSE
"GENE1517","GENE1517_HUMAN","P28151","Protein GENE1517",0.4426,0.352806,0.254866,0,0.5937,3,3,FALSE,FALSE,FALSE
"GENE1828","GENE1828_HUMAN","P24596","Protein GENE1828",0.4857,0.956287,0.191934,0.0674,0.7168,6,3,FALSE,FALSE,FALSE
"DDX50","DDX50_HUMAN","P92098","Protein DDX50",-0.7106,0.146872,0.065641,0.5911,1.1828,4,6,FALSE,FALSE,FALSE
"GENE1832","GENE1832_HUMAN","P19289","Protein GENE1832",0.07,0.59085,0.312258,0.4504,0.5055,2,6,FALSE,FALSE,FALSE
"GENE2132","GENE2132_HUMAN","P21002","Protein GENE2132",0.0478,1,0.779575,0,0.1081,4,3,FALSE,FALSE,FALSE
"GENE1151","GENE1151_HUMAN","P68905","Protein GENE1151",3.895,0.113777,0.031414,0.9033,1.5029,2,6,FALSE,FALSE,TRUE
"GENE0553","GENE0553_HUMAN","P41474","Protein GENE0553",-0.0627,1,0.632219,0,0.1991,6,5,FALSE,TRUE,FALSE
"GENE1543","GENE1543_HUMAN","P45360","Protein GENE1543",-0.9111,0.806543,0.589833,0,0.2293,5,4,FALSE,FALSE,FALSE
"GENE1576","GENE1576_HUMAN","P81615","Protein GENE1576",0.5875,1,0.718322,0.0586,0.1437,6,6,FALSE,FALSE,FALSE
"GENE2480","GENE2480_HUMAN","P49901","Protein GENE2480",0.4791,1,0.843561,0,0.0739,3,5,FALSE,FALSE,FALSE
"GENE1858","GENE1858_HUMAN","P04596","Protein GENE1858",0.7996,0.790862,0.425242,0,0.3714,2,2,FALSE,FALSE,FALSE
"GENE2037","GENE2037_HUMAN","P97567","Protein GENE2037",2.6026,0.222884,0.04695,0.7803,1.3284,5,5,FALSE,TRUE,TRUE
"GENE0815","GENE0815_HUMAN","P00204","Protein GENE0815",-0.8826,0.929587,0.528999,0,0.2765,2,4,FALSE,FALSE,FALSE
"GENE2281","GENE2281_HUMAN","P12936","Protein GENE2281",-0.8749,1,0.689062,0,0.1617,2,2,FALSE,FALSE,FALSE
"GENE0857","GENE0857_HUMAN","P10986","Protein GENE0857",0.3521,1,0.331881,0,0.479,5,6,TRUE,TRUE,FALSE
"GENE1723","GENE1723_HUMAN","P51175","Protein GENE1723",0.3091,1,0.851777,0,0.0697,5,2,FALSE,FALSE,FALSE
"GENE1444","GENE1444_HUMAN","P90030","Protein GENE1444",3.6097,0.10195,0.043786,0.9537,1.3587,3,3,FALSE,FALSE,TRUE
"GENE1283","GENE1283_HUMAN","P42632","Protein GENE1283",4.0307,0.049112,0.030886,1.4184,1.5102,4,3,FALSE,FALSE,TRUE
"GENE0724","GENE0724_HUMAN","P47875","Protein GENE0724",4.3478,0.032429,0.007126,1.4705,2.1472,5,2,FALSE,TRUE,TRUE
"GENE1709","GENE1709_HUMAN","P34806","Protein GENE1709",-0.1414,1,0.855367,0,0.0678,5,4,FALSE,FALSE,FALSE
"GENE1374","GENE1374_HUMAN","P03170","Protein GENE1374",0.1104,0.708378,0.187259,0.0817,0.7276,6,3,FALSE,FALSE,FALSE
"GENE0941","GENE0941_HUMAN","P50670","Protein GENE0941",-0.6091,1,0.674423,0,0.1711,5,4,FALSE,FALSE,FALSE
"GENE0916","GENE0916_HUMAN","P00057","Protein GENE0916",3.8705,0.131253,0.039979,0.8027,1.3982,3,4,FALSE,FALSE,TRUE
"GENE0989","GENE0989_HUMAN","P02709","Protein GENE0989",0.3662,1,0.757588,0,0.1206,4,2,FALSE,FALSE,FALSE
"GENE0088","GENE0088_HUMAN","P18296","Protein GENE0088",1.9517,0.046162,0.01244,1.8952,1.9052,6,4,FALSE,FALSE,TRUE
"GENE1188","GENE1188_HUMAN","P01895","Protein GENE1188",3.4711,0.003844,0.003123,1.8729,2.5055,4,4,FALSE,FALSE,TRUE
"GENE0408","GENE0408_HUMAN","P74241","Protein GENE0408",1.9376,0.099208,0.045978,1.1928,1.3375,6,4,FALSE,FALSE,TRUE
"GENE1478","GENE1478_HUMAN","P12712","Protein GENE1478",0.0082,0.784826,0.166402,0.2192,0.7788,6,6,FALSE,FALSE,FALSE
"GENE0727","GENE0727_HUMAN","P35424","Protein GENE0727",0.2656,1,0.847997,0,0.0716,2,4,FALSE,FALSE,FALSE
"GENE0431","GENE0431_HUMAN","P17675","Protein GENE0431",0.808,1,0.829709,0,0.0811,5,2,FALSE,FALSE,FALSE
"GENE1533","GENE1533_HUMAN","P13827","Protein GENE1533",2.0108,0.080099,0.025208,1.1122,1.5985,5,2,FALSE,FALSE,TRUE
"GENE0940","GENE0940_HUMAN","P69425","Protein GENE0940",-0.8544,0.57841,0.125764,0.3109,0.9004,6,2,FALSE,FALSE,FALSE
"GENE0199","GENE0199_HUMAN","P42280","Protein GENE0199",0.7261,1,0.361207,0.2654,0.4422,3,3,FALSE,FALSE,FALSE
"GENE1960","GENE1960_HUMAN","P93696","Protein GENE1960",-0.0898,1,0.993951,0,0.0026,4,2,FALSE,FALSE,FALSE
"GENE0789","GENE0789_HUMAN","P68775","Protein GENE0789",-0.1282,0.677238,0.163567,0.3812,0.7863,5,3,FALSE,FALSE,FALSE
"GENE1688","GENE1688_HUMAN","P58889","Protein GENE1688",1.3722,0.003756,0.001386,2.591,2.8582,4,6,FALSE,FALSE,TRUE
"GENE0945","GENE0945_HUMAN","P22164","Protein GENE0945",4.3822,0.179384,0.044394,1.0538,1.3527,4,3,FALSE,FALSE,TRUE
"GENE2086","GENE2086_HUMAN","P83868","Protein GENE2086",0.5068,0.030853,0.007341,1.9409,2.1342,5,5,FALSE,FALSE,TRUE
"GENE0523","GENE0523_HUMAN","P39220","Protein GENE0523",0.242,1,0.872618,0,0.0592,6,3,FALSE,FALSE,FALSE
"GENE1755","GENE1755_HUMAN","P25296","Protein GENE1755",-0.3556,0.555976,0.493912,0,0.3064,2,3,TRUE,FALSE,FALSE
"GENE1150","GENE1150_HUMAN","P56114","Protein GENE1150",-0.1654,1,0.895837,0,0.0478,3,3,FALSE,FALSE,FALSE
"GENE0902","GENE0902_HUMAN","P41769","Protein GENE0902",-0.0994,0.3077,0.115935,0.8527,0.9358,5,6,FALSE,TRUE,FALSE
"GENE0113","GENE0113_HUMAN","P96445","Protein GENE0113",-0.1942,1,0.791037,0,0.1018,5,5,FALSE,FALSE,FALSE
"GENE2656","GENE2656_HUMAN","P75295","Protein GENE2656",0.9766,1,0.626878,0,0.2028,5,4,FALSE,FALSE,FALSE
"GENE0731","GENE0731_HUMAN","P08056","Protein GENE0731",0.0566,1,0.420556,0.01,0.3762,3,4,FALSE,FALSE,FALSE
"GENE0937","GENE0937_HUMAN","P25290","Protein GENE0937",3.6615,0.064759,0.017208,1.308,1.7643,2,5,FALSE,FALSE,TRUE
"GENE2181","GENE2181_HUMAN","P17593","Protein GENE2181",-0.257,0.768692,0.713596,0,0.1465,5,5,FALSE,FALSE,FALSE
"GENE2838","GENE2838_HUMAN","P76766","Protein GENE2838",-0.5656,1,0.789515,0,0.1026,2,5,FALSE,FALSE,FALSE
"GENE1652","GENE1652_HUMAN","P12627","Protein GENE1652",-2.1872,0.110441,0.031234,1.0438,1.5054,4,3,FALSE,FALSE,TRUE
"GENE2453","GENE2453_HUMAN","P77345","Protein GENE2453",2.874,0.043202,0.023162,1.1638,1.6352,3,6,FALSE,TRUE,TRUE
"GENE1173","GENE1173_HUMAN","P20603","Protein GENE1173",0.0721,0.498304,0.109203,0.6196,0.9618,4,6,FALSE,FALSE,FALSE
"GENE0239","GENE0239_HUMAN","P00232","Protein GENE0239",0.0977,1,0.831068,0,0.0804,5,6,FALSE,FALSE,FALSE
"GENE0757","GENE0757_HUMAN","P45141","Protein GENE0757",0.1689,1,0.730994,0,0.1361,5,4,FALSE,FALSE,FALSE
"GENE2092","GENE2092_HUMAN","P08171","Protein GENE2092",0.2461,1,0.368645,0,0.4334,5,6,FALSE,FALSE,FALSE
"GENE0282","GENE0282_HUMAN","P15719","Protein GENE0282",-0.6651,1,0.746129,0,0.1272,4,2,FALSE,FALSE,FALSE
"GENE1422","GENE1422_HUMAN","P79941","Protein GENE1422",0.0219,1,0.416481,0,0.3804,5,2,FALSE,FALSE,FALSE
"GENE1788","GENE1788_HUMAN","P91837","Protein GENE1788",-0.7141,0.010424,0.009889,1.4193,2.0048,6,2,TRUE,FALSE,TRUE
"GENE0099","GENE0099_HUMAN","P99574","Protein GENE0099",0.032,1,0.875673,0,0.0577,6,3,FALSE,FALSE,FALSE
"GENE0384","GENE0384_HUMAN","P39933","Protein GENE0384",0.5554,1,0.563622,0.1144,0.249,3,5,FALSE,FALSE,FALSE
"GENE0077","GENE0077_HUMAN","P73725","Protein GENE0077",0.3073,1,0.977884,0,0.0097,3,4,FALSE,TRUE,FALSE
"GENE0873","GENE0873_HUMAN","P71735","Protein GENE0873",0.0679,1,0.585029,0,0.2328,3,2,FALSE,FALSE,FALSE
"GPATCH2","GPATCH2_HUMAN","P92978","Protein GPATCH2",0.1946,1,0.304568,0.1332,0.5163,5,6,FALSE,FALSE,FALSE
"GENE2356","GENE2356_HUMAN","P31600","Protein GENE2356",-0.1008,1,0.512001,0,0.2907,2,4,TRUE,FALSE,FALSE
"GENE2063","GENE2063_HUMAN","P81415","Protein GENE2063",0.4503,0.48956,0.183129,0.2368,0.7372,2,6,FALSE,FALSE,FALSE
"GENE2471","GENE2471_HUMAN","P83869","Protein GENE2471",1.4896,0.040112,0.026702,0.923,1.5735,6,5,FALSE,FALSE,TRUE
"GENE2735","GENE2735_HUMAN","P19673","Protein GENE2735",3.0823,0.088764,0.023214,1.1498,1.6343,2,3,FALSE,FALSE,TRUE
"GENE2057","GENE2057_HUMAN","P25254","Protein GENE2057",0.2962,1,0.64775,0,0.1886,3,5,FALSE,FALSE,FALSE
"GENE0599","GENE0599_HUMAN","P54984","Protein GENE0599",-0.8681,0.143518,0.104623,0.4967,0.9804,5,4,FALSE,FALSE,FALSE
"GENE2166","GENE2166_HUMAN","P16634","Protein GENE2166",-0.0729,1,0.340092,0.4673,0.4684,5,5,FALSE,FALSE,FALSE
"PKN1","PKN1_HUMAN","P54454","Protein PKN1",0.2229,0.890693,0.338238,0.0396,0.4708,5,4,TRUE,FALSE,FALSE
"GENE2387","GENE2387_HUMAN","P89943","Protein GENE2387",0.5663,1,0.674405,0,0.1711,6,4,FALSE,FALSE,FALSE
"GENE1683","GENE1683_HUMAN","P89299","Protein GENE1683",-0.6003,0.355248,0.217206,0.5618,0.6631,4,5,FALSE,FALSE,FALSE
"GENE1246","GENE1246_HUMAN","P80081","Protein GENE1246",0.4606,0.492354,0.477815,0,0.3207,5,4,FALSE,FALSE,FALSE
"GENE2845","GENE2845_HUMAN","P33261","Protein GENE2845",-0.0079,0.490649,0.167705,0.1549,0.7755,2,5,FALSE,FALSE,FALSE
"GENE2121","GENE2121_HUMAN","P22823","Protein GENE2121",0.1502,1,0.733499,0,0.1346,3,3,FALSE,FALSE,FALSE
"GENE0898","GENE0898_HUMAN","P49562","Protein GENE0898",-0.0654,0.326729,0.093954,0.5554,1.0271,4,6,FALSE,FALSE,FALSE
"GENE0592","GENE0592_HUMAN","P74548","Protein GENE0592",0.0608,0.92381,0.892965,0,0.0492,5,4,FALSE,FALSE,FALSE
"GENE0353","GENE0353_HUMAN","P25831","Protein GENE0353",0.293,1,0.252604,0.0386,0.5976,3,5,FALSE,FALSE,FALSE
"GENE0673","GENE0673_HUMAN","P34705","Protein GENE0673",-0.0696,1,0.993841,0,0.0027,5,5,FALSE,FALSE,FALSE
"GENE0263","GENE0263_HUMAN","P91612","Protein GENE0263",0.1535,1,0.89901,0,0.0462,6,2,FALSE,FALSE,FALSE
"TRIP4","TRIP4_HUMAN","P31688","Protein TRIP4",-0.3815,1,0.513731,0,0.2893,6,6,FALSE,FALSE,FALSE
"GENE1957","GENE1957_HUMAN","P51282","Protein GENE1957",0.0616,1,0.275173,0.0691,0.5604,4,2,FALSE,FALSE,FALSE
"GENE0477","GENE0477_HUMAN","P68376","Protein GENE0477",2.5989,0.135211,0.047147,0.8723,1.3266,6,3,TRUE,FALSE,TRUE
"GENE0468","GENE0468_HUMAN","P40797","Protein GENE0468",0.3002,1,0.598984,0,0.2226,3,5,FALSE,TRUE,FALSE
"GENE1361","GENE1361_HUMAN","P18261","Protein GENE1361",-0.6033,1,0.934762,0,0.0293,5,5,FALSE,FALSE,FALSE
"GENE0909","GENE0909_HUMAN","P96355","Protein GENE0909",1.1965,0.157296,0.034535,1.153,1.4617,5,6,TRUE,FALSE,TRUE
"GENE2857","GENE2857_HUMAN","P23023","Protein GENE2857",0.0165,1,0.510403,0,0.2921,5,3,FALSE,FALSE,FALSE
"GENE2111","GENE2111_HUMAN","P49211","Protein GENE2111",0.2072,0.723973,0.24219,0,0.6158,5,6,FALSE,FALSE,FALSE
"GENE0689","GENE0689_HUMAN","P99156","Protein GENE0689",3.9568,0.062368,0.043275,0.7909,1.3638,3,2,FALSE,FALSE,TRUE
"GENE2343","GENE2343_HUMAN","P04155","Protein GENE2343",-0.1528,0.372517,0.199417,0.3504,0.7002,2,5,FALSE,FALSE,FALSE
"GENE0502","GENE0502_HUMAN","P46633","Protein GENE0502",0.3659,1,0.525687,0,0.2793,2,5,FALSE,FALSE,FALSE
"GENE1625","GENE1625_HUMAN","P60211","Protein GENE1625",0.0769,1,0.659682,0,0.1807,5,4,FALSE,FALSE,FALSE
"GENE0849","GENE0849_HUMAN","P16583","Protein GENE0849",0.4067,0.331635,0.182239,0.0813,0.7394,4,6,FALSE,FALSE,FALSE
"GENE0246","GENE0246_HUMAN","P78587","Protein GENE0246",0.82,0.394263,0.103079,0.3119,0.9868,6,6,FALSE,FALSE,FALSE
"GENE2042","GENE2042_HUMAN","P36197","Protein GENE2042",-0.1653,0.193326,0.079745,0.7714,1.0983,5,5,FALSE,FALSE,FALSE
"GENE1760","GENE1760_HUMAN","P65128","Protein GENE1760",-0.2277,0.668099,0.17228,0.154,0.7638,6,2,FALSE,TRUE,FALSE
"GENE0998","GENE0998_HUMAN","P16688","Protein GENE0998",0.6738,0.776515,0.613862,0.1389,0.2119,3,6,FALSE,FALSE,FALSE
"GENE0394","GENE0394_HUMAN","P23883","Protein GENE0394",-0.2198,1,0.290693,0.1928,0.5366,2,2,TRUE,FALSE,FALSE
"GENE1387","GENE1387_HUMAN","P89212","Protein GENE1387",1.2042,0.049661,0.044494,0.9712,1.3517,2,4,FALSE,FALSE,TRUE
"GENE0693","GENE0693_HUMAN","P60637","Protein GENE0693",0.2453,0.52341,0.207239,0.6723,0.6835,3,3,FALSE,FALSE,FALSE
"GENE0891","GENE0891_HUMAN","P25717","Protein GENE0891",3.9534,0.05691,0.014386,1.5132,1.8421,6,3,FALSE,TRUE,TRUE
"GENE0987","GENE0987_HUMAN","P97090","Protein GENE0987",0.0726,0.59417,0.570524,0,0.2437,4,4,FALSE,FALSE,FALSE
"GENE0862","GENE0862_HUMAN","P67899","Protein GENE0862",0.1481,1,0.589524,0.04,0.2295,2,4,FALSE,FALSE,FALSE
"GENE1321","GENE1321_HUMAN","P84209","Protein GENE1321",1.0706,0.108497,0.038662,0.7287,1.4127,4,4,FALSE,FALSE,TRUE
"GENE0776","GENE0776_HUMAN","P63894","Protein GENE0776",-0.127,0.266116,0.17909,0.2527,0.7469,6,5,FALSE,FALSE,FALSE
"GENE1133","GENE1133_HUMAN","P36527","Protein GENE1133",0.0726,0.882139,0.392207,0.2772,0.4065,6,3,FALSE,FALSE,FALSE
"GENE1055","GENE1055_HUMAN","P46991","Protein GENE1055",0.1725,0.551572,0.208742,0.166,0.6804,4,3,FALSE,FALSE,FALSE
"GENE2850","GENE2850_HUMAN","P55102","Protein GENE2850",0.4729,0.371156,0.229202,0,0.6398,2,2,FALSE,FALSE,FALSE
"GENE0453","GENE0453_HUMAN","P79354","Protein GENE0453",0.0684,1,0.940721,0,0.0265,4,6,FALSE,FALSE,FALSE
"GENE0931","GENE0931_HUMAN","P14538","Protein GENE0931",0.643,0.061376,0.042429,0.9509,1.3723,6,5,FALSE,TRUE,TRUE
"GENE2212","GENE2212_HUMAN","P64363","Protein GENE2212",-0.6653,0.948819,0.418849,0.3621,0.3779,6,3,FALSE,FALSE,FALSE
"GENE0457","GENE0457_HUMAN","P95307","Protein GENE0457",0.6473,0.17032,0.1034,0.3676,0.9855,4,6,FALSE,FALSE,FALSE
"GENE1756","GENE1756_HUMAN","P30730","Protein GENE1756",0.0872,0.980735,0.382197,0.0948,0.4177,6,5,FALSE,FALSE,FALSE
"GENE0383","GENE0383_HUMAN","P61834","Protein GENE0383",0.1944,1,0.436494,0,0.36,5,5,FALSE,TRUE,FALSE
"GENE2165","GENE2165_HUMAN","P64646","Protein GENE2165",3.4931,0.154914,0.033685,0.8139,1.4726,6,3,FALSE,FALSE,TRUE
"GENE1171","GENE1171_HUMAN","P31690","Protein GENE1171",0.1934,1,0.937799,0,0.0279,6,2,FALSE,FALSE,FALSE
"GENE2433","GENE2433_HUMAN","P41361","Protein GENE2433",4.0205,0.132855,0.029063,1.2106,1.5367,2,4,TRUE,FALSE,TRUE
"GENE0387","GENE0387_HUMAN","P12434","Protein GENE0387",-0.1219,1,0.849534,0,0.0708,4,3,FALSE,FALSE,FALSE
"GENE0116","GENE0116_HUMAN","P41922","Protein GENE0116",-0.1529,1,0.63906,0,0.1945,3,3,FALSE,FALSE,FALSE
"GENE1287","GENE1287_HUMAN","P58302","Protein GENE1287",0.8003,1,0.509322,0,0.293,6,6,FALSE,FALSE,FALSE
"GENE2225","GENE2225_HUMAN","P91437","Protein GENE2225",-0.1442,0.536519,0.254007,0,0.5952,5,2,FALSE,FALSE,FALSE
"GENE2600","GENE2600_HUMAN","P03644","Protein GENE2600",1.8431,0.016623,0.003802,2.4133,2.42,6,4,TRUE,FALSE,TRUE
"GENE2246","GENE2246_HUMAN","P22237","Protein GENE2246",0.1843,0.231415,0.181591,0.3518,0.7409,4,4,FALSE,FALSE,FALSE
"GENE0530","GENE0530_HUMAN","P72178","Protein GENE0530",-0.7604,1,0.864105,0,0.0634,6,6,FALSE,FALSE,FALSE
"GENE1908","GENE1908_HUMAN","P70781","Protein GENE1908",-0.0187,1,0.417949,0.2023,0.3789,2,3,FALSE,FALSE,FALSE
"GENE0547","GENE0547_HUMAN","P45473","Protein GENE0547",0.3052,1,0.813557,0,0.0896,6,5,FALSE,FALSE,FALSE
"GENE1887","GENE1887_HUMAN","P77860","Protein GENE1887",-0.7452,0.464052,0.184031,0.6912,0.7351,5,4,FALSE,FALSE,FALSE
"GENE0056","GENE0056_HUMAN","P56605","Protein GENE0056",0.1106,1,0.5842,0,0.2334,6,6,FALSE,TRUE,FALSE
"GENE0781","GENE0781_HUMAN","P09004","Protein GENE0781",-0.0913,1,0.744723,0,0.128,5,6,TRUE,TRUE,FALSE
"GENE0409","GENE0409_HUMAN","P11612","Protein GENE0409",0.9214,0.013652,0.004476,2.156,2.3491,5,5,TRUE,TRUE,TRUE
"GENE0284","GENE0284_HUMAN","P60192","Protein GENE0284",0.2542,0.145953,0.105325,0.3743,0.9775,2,2,FALSE,FALSE,FALSE
"GENE1010","GENE1010_HUMAN","P17736","Protein GENE1010",0.3194,1,0.387758,0.1828,0.4114,4,5,FALSE,FALSE,FALSE
"GENE1616","GENE1616_HUMAN","P23558","Protein GENE1616",-0.0082,1,0.824341,0,0.0839,3,6,FALSE,FALSE,FALSE
"GENE2200","GENE2200_HUMAN","P51732","Protein GENE2200",0.0727,0.366958,0.226533,0.0132,0.6449,6,5,FALSE,FALSE,FALSE
"GENE2520","GENE2520_HUMAN","P65022","Protein GENE2520",-3.9472,0.051609,0.012838,1.8159,1.8915,4,3,FALSE,FALSE,TRUE
"GENE2035","GENE2035_HUMAN","P13335","Protein GENE2035",0.2455,1,0.758689,0,0.1199,4,2,TRUE,FALSE,FALSE
"GENE1483","GENE1483_HUMAN","P66829","Protein GENE1483",-0.1736,1,0.462173,0.0165,0.3352,4,6,FALSE,FALSE,FALSE
"GENE1974","GENE1974_HUMAN","P34023","Protein GENE1974",0.3846,0.521628,0.31659,0.0257,0.4995,5,4,FALSE,FALSE,FALSE
"GENE0106","GENE0106_HUMAN","P37049","Protein GENE0106",0.0422,1,0.378694,0.0647,0.4217,5,3,FALSE,FALSE,FALSE
"GENE2006","GENE2006_HUMAN","P30403","Protein GENE2006",-4.0123,0.063939,0.014707,1.43,1.8325,2,3,FALSE,FALSE,TRUE
"GENE0738","GENE0738_HUMAN","P87030","Protein GENE0738",-0.2617,0.33107,0.284773,0.4598,0.5455,6,6,FALSE,FALSE,FALSE
"GENE0093","GENE0093_HUMAN","P18512","Protein GENE0093",3.2108,0.028533,0.026526,0.8797,1.5763,6,5,TRUE,FALSE,TRUE
"GENE0012","GENE0012_HUMAN","P04902","Protein GENE0012",0.9147,1,0.493355,0,0.3068,3,3,FALSE,FALSE,FALSE
"GENE2021","GENE2021_HUMAN","P52754","Protein GENE2021",0.1822,1,0.459712,0,0.3375,6,6,FALSE,FALSE,FALSE
"GENE0137","GENE0137_HUMAN","P29047","Protein GENE0137",1.6563,0.116028,0.030193,0.913,1.5201,2,6,FALSE,FALSE,TRUE
"GENE0488","GENE0488_HUMAN","P66587","Protein GENE0488",-0.6236,0.795429,0.230174,0.5445,0.6379,3,5,FALSE,FALSE,FALSE
"GENE0317","GENE0317_HUMAN","P60388","Protein GENE0317",-0.314,1,0.431454,0,0.3651,2,4,FALSE,FALSE,FALSE
"GENE0763","GENE0763_HUMAN","P46205","Protein GENE0763",-0.0319,1,0.620655,0,0.2071,4,3,FALSE,TRUE,FALSE
"GENE1903","GENE1903_HUMAN","P50017","Protein GENE1903",0.3962,0.239617,0.163259,0.4423,0.7871,3,2,FALSE,FALSE,FALSE
"GENE2142","GENE2142_HUMAN","P90936","Protein GENE2142",-0.6617,1,0.792109,0,0.1012,2,5,FALSE,FALSE,FALSE
"GENE2126","GENE2126_HUMAN","P65435","Protein GENE2126",0.7334,0.186811,0.048356,0.6943,1.3155,2,2,FALSE,FALSE,TRUE
"GENE0001","GENE0001_HUMAN","P31047","Protein GENE0001",0.5484,1,0.605939,0,0.2176,2,3,FALSE,FALSE,FALSE
"GENE2790","GENE2790_HUMAN","P39120","Protein GENE2790",0.0829,1,0.625312,0,0.2039,2,6,FALSE,FALSE,FALSE
"GENE2739","GENE2739_HUMAN","P75743","Protein GENE2739",1.6959,0.098765,0.043067,0.768,1.3659,5,4,TRUE,TRUE,TRUE
"GENE2148","GENE2148_HUMAN","P03256","Protein GENE2148",0.3926,1,0.220165,0.5705,0.6573,5,4,FALSE,FALSE,FALSE
"GENE1182","GENE1182_HUMAN","P31689","Protein GENE1182",-0.6181,1,0.734058,0,0.1343,2,4,FALSE,FALSE,FALSE
"GENE2865","GENE2865_HUMAN","P86898","Protein GENE2865",-0.4561,0.336053,0.124515,0.9023,0.9048,6,2,TRUE,FALSE,FALSE
"GENE1990","GENE1990_HUMAN","P57703","Protein GENE1990",0.3451,1,0.863739,0,0.0636,3,6,TRUE,FALSE,FALSE
"GENE2892","GENE2892_HUMAN","P01614","Protein GENE2892",0.1721,1,0.92409,0,0.0343,3,6,FALSE,FALSE,FALSE
"GENE0986","GENE0986_HUMAN","P98040","Protein GENE0986",0.4981,0.212553,0.061158,0.9553,1.2135,3,2,FALSE,FALSE,FALSE
"GENE2041","GENE2041_HUMAN","P03117","Protein GENE2041",-0.4894,1,0.721731,0,0.1416,3,6,FALSE,FALSE,FALSE
"GENE0601","GENE0601_HUMAN","P57149","Protein GENE0601",-0.0994,1,0.431995,0,0.3645,3,2,TRUE,FALSE,FALSE
"GENE1089","GENE1089_HUMAN","P23688","Protein GENE1089",-0.5553,1,0.306667,0.1854,0.5133,5,4,FALSE,FALSE,FALSE
"GENE1214","GENE1214_HUMAN","P02512","Protein GENE1214",0.4312,0.529135,0.177102,0.218,0.7518,6,5,FALSE,FALSE,FALSE
"GENE0992","GENE0992_HUMAN","P47169","Protein GENE0992",-0.2414,1,0.657804,0,0.1819,4,6,TRUE,FALSE,FALSE
"GENE2075","GENE2075_HUMAN","P57926","Protein GENE2075",0.0848,0.583499,0.315845,0.0328,0.5005,5,3,FALSE,FALSE,FALSE
"GENE0823","GENE0823_HUMAN","P39636","Protein GENE0823",-2.0772,0.077057,0.040259,0.8135,1.3951,2,2,FALSE,FALSE,TRUE
"GENE0949","GENE0949_HUMAN","P55931","Protein GENE0949",1.5029,0.010686,0.008028,1.4213,2.0954,6,5,FALSE,FALSE,TRUE
"GENE0971","GENE0971_HUMAN","P41963","Protein GENE0971",-0.4256,1,0.724634,0,0.1399,6,4,TRUE,FALSE,FALSE
"GENE0858","GENE0858_HUMAN","P00966","Protein GENE0858",-0.0779,0.895605,0.620043,0,0.2076,4,3,FALSE,TRUE,FALSE
"GENE0613","GENE0613_HUMAN","P07616","Protein GENE0613",0.8894,1,0.690516,0,0.1608,3,4,FALSE,FALSE,FALSE
"GENE2193","GENE2193_HUMAN","P45979","Protein GENE2193",-0.2748,1,0.956393,0,0.0194,6,6,FALSE,FALSE,FALSE
"GENE1309","GENE1309_HUMAN","P39473","Protein GENE1309",0.03,0.548405,0.167839,0.0903,0.7751,4,2,FALSE,FALSE,FALSE
"GENE0499","GENE0499_HUMAN","P12927","Protein GENE0499",0.0485,0.492489,0.262359,0.0467,0.5811,5,3,FALSE,FALSE,FALSE
"GENE2872","GENE2872_HUMAN","P58965","Protein GENE2872",0.8436,1,0.845501,0,0.0729,6,6,FALSE,TRUE,FALSE
"GENE1402","GENE1402_HUMAN","P66722","Protein GENE1402",4.1888,0.008184,0.004023,1.7829,2.3955,5,4,FALSE,FALSE,TRUE
"GENE2104","GENE2104_HUMAN","P12682","Protein GENE2104",-3.0557,0.003431,0.00305,2.2814,2.5157,2,5,FALSE,FALSE,TRUE
"GENE1343","GENE1343_HUMAN","P18362","Protein GENE1343",-0.6162,1,0.943432,0,0.0253,2,4,TRUE,FALSE,FALSE
"GENE1728","GENE1728_HUMAN","P17239","Protein GENE1728",0.0589,0.164265,0.150733,0.5774,0.8218,2,6,FALSE,FALSE,FALSE
"GENE1699","GENE1699_HUMAN","P03427","Protein GENE1699",0.5885,1,0.691238,0,0.1604,6,6,FALSE,FALSE,FALSE
"GENE0748","GENE0748_HUMAN","P15308","Protein GENE0748",-0.1102,1,0.514091,0,0.289,2,6,FALSE,FALSE,FALSE
"GENE2109","GENE2109_HUMAN","P28511","Protein GENE2109",-0.1684,0.291609,0.205386,0.03,0.6874,5,6,FALSE,TRUE,FALSE
"GENE1639","GENE1639_HUMAN","P16243","Protein GENE1639",0.2577,1,0.751682,0,0.124,3,5,FALSE,TRUE,FALSE
"GENE1969","GENE1969_HUMAN","P36358","Protein GENE1969",0.9374,1,0.405553,0,0.392,4,2,FALSE,FALSE,FALSE
"GENE2687","GENE2687_HUMAN","P43699","Protein GENE2687",1.7572,0.024344,0.020547,1.0691,1.6872,5,6,FALSE,FALSE,TRUE
"GENE0361","GENE0361_HUMAN","P05410","Protein GENE0361",-0.3395,0.801056,0.336576,0.4078,0.4729,2,3,FALSE,FALSE,FALSE
"GENE0877","GENE0877_HUMAN","P48517","Protein GENE0877",-0.3279,1,0.405925,0,0.3916,6,6,FALSE,FALSE,FALSE
"GENE1474","GENE1474_HUMAN","P62211","Protein GENE1474",-0.1119,0.413309,0.108111,0.9325,0.9661,3,4,TRUE,TRUE,FALSE
"GENE0660","GENE0660_HUMAN","P79069","Protein GENE0660",0.2776,0.307252,0.160884,0.3441,0.7935,3,6,FALSE,TRUE,FALSE
"GENE1436","GENE1436_HUMAN","P81645","Protein GENE1436",0.1952,1,0.359311,0,0.4445,5,2,TRUE,FALSE,FALSE
"GENE1559","GENE1559_HUMAN","P43525","Protein GENE1559",-0.5676,0.350495,0.252005,0.2128,0.5986,5,3,FALSE,FALSE,FALSE
"GENE0646","GENE0646_HUMAN","P29979","Protein GENE0646",-0.5418,1,0.653067,0,0.185,6,6,FALSE,TRUE,FALSE
"GENE1308","GENE1308_HUMAN","P81935","Protein GENE1308",-0.0895,0.695647,0.371752,0,0.4297,2,3,FALSE,FALSE,FALSE
"GENE2629","GENE2629_HUMAN","P38360","Protein GENE2629",0.3146,0.677388,0.427325,0.208,0.3692,5,6,FALSE,TRUE,FALSE
"GENE0473","GENE0473_HUMAN","P72300","Protein GENE0473",0.2778,1,0.77729,0,0.1094,4,3,FALSE,FALSE,FALSE
"GENE2784","GENE2784_HUMAN","P96444","Protein GENE2784",-0.4038,1,0.749769,0.0419,0.1251,4,6,FALSE,FALSE,FALSE
"GENE1602","GENE1602_HUMAN","P81958","Protein GENE1602",0.7737,1,0.516198,0,0.2872,4,5,FALSE,FALSE,FALSE
"GENE1933","GENE1933_HUMAN","P84614","Protein GENE1933",-0.0417,1,0.831719,0,0.08,5,2,TRUE,FALSE,FALSE
"GENE0831","GENE0831_HUMAN","P56920","Protein GENE0831",4.2563,0.228927,0.048254,0.9103,1.3165,4,6,FALSE,FALSE,TRUE
"GENE0412","GENE0412_HUMAN","P06337","Protein GENE0412",1.0164,0.040559,0.024074,0.9869,1.6184,2,5,FALSE,FALSE,TRUE
"GENE1622","GENE1622_HUMAN","P08850","Protein GENE1622",-0.6024,0.009365,0.002335,2.5599,2.6317,4,5,FALSE,FALSE,TRUE
"GENE1952","GENE1952_HUMAN","P29853","Protein GENE1952",-0.167,1,0.823307,0,0.0844,3,2,FALSE,FALSE,FALSE
"GENE0033","GENE0033_HUMAN","P77439","Protein GENE0033",0.414,1,0.642355,0,0.1922,4,2,FALSE,TRUE,FALSE
"GENE0332","GENE0332_HUMAN","P90410","Protein GENE0332",-0.1702,1,0.9658,0,0.0151,2,2,FALSE,FALSE,FALSE
"GENE0325","GENE0325_HUMAN","P82923","Protein GENE0325",0.7238,1,0.643908,0,0.1912,2,2,FALSE,FALSE,FALSE
"GENE0229","GENE0229_HUMAN","P14741","Protein GENE0229",-0.2634,0.885403,0.555325,0,0.2555,2,5,FALSE,FALSE,FALSE
"GENE2067","GENE2067_HUMAN","P50151","Protein GENE2067",0.608,1,0.911173,0,0.0404,3,6,FALSE,TRUE,FALSE
"GENE1200","GENE1200_HUMAN","P47933","Protein GENE1200",0.1763,0.176053,0.15325,0.7897,0.8146,6,4,FALSE,FALSE,FALSE
"GENE0907","GENE0907_HUMAN","P38805","Protein GENE0907",0.0324,1,0.742601,0,0.1292,3,6,FALSE,TRUE,FALSE
"GENE1351","GENE1351_HUMAN","P08482","Protein GENE1351",-0.1619,1,0.715048,0,0.1457,5,2,FALSE,FALSE,FALSE
"GENE0224","GENE0224_HUMAN","P55283","Protein GENE0224",1.8143,0.140984,0.046845,0.8941,1.3293,2,5,FALSE,FALSE,TRUE
"GENE1219","GENE1219_HUMAN","P70151","Protein GENE1219",0.1564,1,0.995428,0,0.002,3,2,FALSE,TRUE,FALSE
"GENE1449","GENE1449_HUMAN","P46652","Protein GENE1449",-0.0599,1,0.717669,0,0.1441,2,2,TRUE,FALSE,FALSE
"GENE1224","GENE1224_HUMAN","P16623","Protein GENE1224",0.4665,1,0.527508,0.1472,0.2778,3,4,FALSE,FALSE,FALSE
"GENE1165","GENE1165_HUMAN","P72548","Protein GENE1165",0.1389,0.600139,0.173407,0.3353,0.7609,6,6,FALSE,FALSE,FALSE
"GENE2797","GENE2797_HUMAN","P93080","Protein GENE2797",-0.3484,1,0.813498,0,0.0896,2,2,FALSE,FALSE,FALSE
"GENE0498","GENE0498_HUMAN","P22370","Protein GENE0498",-0.4757,1,0.964106,0,0.0159,6,6,FALSE,FALSE,FALSE
"GENE0143","GENE0143_HUMAN","P67652","Protein GENE0143",-0.1779,1,0.494557,0,0.3058,6,3,FALSE,FALSE,FALSE
"GENE2222","GENE2222_HUMAN","P04029","Protein GENE2222",-0.6952,0.520063,0.254763,0.1094,0.5939,3,2,FALSE,FALSE,FALSE
"GENE1272","GENE1272_HUMAN","P56840","Protein GENE1272",-0.0423,1,0.897083,0,0.0472,4,4,FALSE,FALSE,FALSE
"GENE0988","GENE0988_HUMAN","P84506","Protein GENE0988",1.3981,0.647083,0.162713,0.7436,0.7886,3,2,FALSE,FALSE,FALSE
"GENE2498","GENE2498_HUMAN","P74162","Protein GENE2498",0.2791,1,0.999316,0,3e-04,4,4,FALSE,FALSE,FALSE
"GENE0479","GENE0479_HUMAN","P50745","Protein GENE0479",0.1259,1,0.792892,0,0.1008,3,5,FALSE,TRUE,FALSE
"GENE1042","GENE1042_HUMAN","P97301","Protein GENE1042",-0.36,1,0.960933,0,0.0173,2,2,FALSE,FALSE,FALSE
"GPATCH3","GPATCH3_HUMAN","P13480","Protein GPATCH3",0.7729,0.140233,0.097791,0.452,1.0097,3,3,FALSE,FALSE,FALSE
"GENE2406","GENE2406_HUMAN","P35389","Protein GENE2406",0.0643,0.187315,0.151032,0.2953,0.8209,3,4,FALSE,FALSE,FALSE
"GENE1966","GENE1966_HUMAN","P82814","Protein GENE1966",0.4478,0.975648,0.30747,0.1884,0.5122,4,6,FALSE,FALSE,FALSE
"GENE0607","GENE0607_HUMAN","P27690","Protein GENE0607",-0.6492,1,0.306334,0,0.5138,6,3,FALSE,FALSE,FALSE
"GENE0371","GENE0371_HUMAN","P31357","Protein GENE0371",-3.0764,0.067924,0.015964,1.5606,1.7969,5,4,FALSE,FALSE,TRUE
"GENE2710","GENE2710_HUMAN","P28888","Protein GENE2710",-0.2602,1,0.259912,0.3538,0.5852,3,3,TRUE,FALSE,FALSE
"GENE2185","GENE2185_HUMAN","P62435","Protein GENE2185",-0.1128,1,0.667902,0.1439,0.1753,4,3,FALSE,FALSE,FALSE
"GENE1600","GENE1600_HUMAN","P12154","Protein GENE1600",-0.6799,1,0.953467,0,0.0207,5,2,FALSE,FALSE,FALSE
"GENE2102","GENE2102_HUMAN","P62906","Protein GENE2102",0.3708,1,0.960351,0,0.0176,5,5,FALSE,FALSE,FALSE
"GENE2519","GENE2519_HUMAN","P55662","Protein GENE2519",0.2029,1,0.32881,0.2921,0.4831,6,3,FALSE,TRUE,FALSE
"GENE0254","GENE0254_HUMAN","P24887","Protein GENE0254",0.076,1,0.46276,0,0.3346,5,5,FALSE,FALSE,FALSE
"GENE1166","GENE1166_HUMAN","P02651","Protein GENE1166",-0.1148,1,0.737007,0,0.1325,6,5,FALSE,FALSE,FALSE
"GENE0051","GENE0051_HUMAN","P55836","Protein GENE0051",0.1288,1,0.762196,0,0.1179,2,3,FALSE,TRUE,FALSE
"GENE0058","GENE0058_HUMAN","P52056","Protein GENE0058",2.4668,0.071122,0.023262,1.5519,1.6334,6,3,FALSE,FALSE,TRUE
"GENE1068","GENE1068_HUMAN","P66416","Protein GENE1068",-0.6951,1,0.580229,0,0.2364,2,4,FALSE,FALSE,FALSE
"GENE2859","GENE2859_HUMAN","P88855","Protein GENE2859",-0.7239,1,0.753607,0,0.1229,6,3,FALSE,FALSE,FALSE
"GENE0820","GENE0820_HUMAN","P96032","Protein GENE0820",1.2845,1,0.899965,0,0.0458,4,4,TRUE,FALSE,FALSE
"GENE0018","GENE0018_HUMAN","P45751","Protein GENE0018",-1.0626,1,0.353744,0,0.4513,4,6,FALSE,FALSE,FALSE
"GENE2749","GENE2749_HUMAN","P57247","Protein GENE2749",3.4739,0.01301,0.010092,1.588,1.996,5,2,TRUE,TRUE,TRUE
"GENE1461","GENE1461_HUMAN","P14513","Protein GENE1461",-0.6208,1,0.516726,0,0.2867,5,3,FALSE,FALSE,FALSE
"GENE0108","GENE0108_HUMAN","P90399","Protein GENE0108",-0.0489,0.952767,0.278431,0.2573,0.5553,4,3,FALSE,FALSE,FALSE
"GENE2714","GENE2714_HUMAN","P48553","Protein GENE2714",0.2504,1,0.296805,0,0.5275,3,3,FALSE,FALSE,FALSE
"GENE0632","GENE0632_HUMAN","P05250","Protein GENE0632",0.2297,1,0.927557,0,0.0327,4,3,TRUE,FALSE,FALSE
"PPP6R1","PPP6R1_HUMAN","P11674","Protein PPP6R1",3.5839,0.006944,0.001514,2.5291,2.8198,3,5,FALSE,TRUE,TRUE
"GENE1670","GENE1670_HUMAN","P34579","Protein GENE1670",0.5695,0.028222,0.013924,1.7728,1.8562,3,5,TRUE,FALSE,TRUE
"GENE1035","GENE1035_HUMAN","P68642","Protein GENE1035",-0.6623,0.011446,0.002526,2.0068,2.5976,2,6,FALSE,FALSE,TRUE
"GENE1482","GENE1482_HUMAN","P28174","Protein GENE1482",-0.7123,0.565535,0.32826,0.0981,0.4838,3,4,FALSE,FALSE,FALSE
"GENE1500","GENE1500_HUMAN","P73175","Protein GENE1500",-0.4842,1,0.629277,0,0.2012,4,6,TRUE,FALSE,FALSE
"GENE1565","GENE1565_HUMAN","P62831","Protein GENE1565",0.1579,0.574356,0.462573,0.0029,0.3348,6,2,TRUE,TRUE,FALSE
"GENE2199","GENE2199_HUMAN","P77096","Protein GENE2199",-0.3804,0.111305,0.080024,0.4631,1.0968,6,2,FALSE,FALSE,FALSE
"GENE0493","GENE0493_HUMAN","P48232","Protein GENE0493",-0.5606,0.059742,0.016827,1.4649,1.774,2,4,FALSE,FALSE,TRUE
"GENE0806","GENE0806_HUMAN","P08401","Protein GENE0806",-0.1236,0.260311,0.140822,0.1726,0.8513,3,3,FALSE,FALSE,FALSE
"GENE2533","GENE2533_HUMAN","P19711","Protein GENE2533",-1.3741,0.005836,0.001722,2.1029,2.7639,4,6,FALSE,FALSE,TRUE
"GENE0572","GENE0572_HUMAN","P61193","Protein GENE0572",-3.705,0.002834,0.001918,2.598,2.7172,2,5,TRUE,FALSE,TRUE
"CMTR1","CMTR1_HUMAN","P19729","Protein CMTR1",0.8841,0.119736,0.040644,1.0869,1.391,5,5,FALSE,FALSE,TRUE
"GENE0206","GENE0206_HUMAN","P64946","Protein GENE0206",-0.4603,1,0.644754,0,0.1906,3,5,FALSE,TRUE,FALSE
"GENE0482","GENE0482_HUMAN","P51667","Protein GENE0482",-0.77,0.500638,0.166693,0.671,0.7781,4,3,FALSE,TRUE,FALSE
"GENE2729","GENE2729_HUMAN","P99962","Protein GENE2729",2.3183,0.101643,0.036827,1.3233,1.4338,4,4,TRUE,FALSE,TRUE
"GENE2255","GENE2255_HUMAN","P92936","Protein GENE2255",-1.5539,0.019035,0.015872,1.4883,1.7994,2,4,FALSE,FALSE,TRUE
"GENE0751","GENE0751_HUMAN","P30659","Protein GENE0751",3.7575,0.017733,0.004188,1.7073,2.378,4,2,FALSE,FALSE,TRUE
"GENE1303","GENE1303_HUMAN","P13316","Protein GENE1303",0.4358,1,0.97066,0,0.0129,5,3,TRUE,FALSE,FALSE
"GENE1103","GENE1103_HUMAN","P25379","Protein GENE1103",-2.8428,0.004013,0.000985,2.6275,3.0064,4,3,FALSE,TRUE,TRUE
"GENE0401","GENE0401_HUMAN","P54413","Protein GENE0401",0.534,0.315465,0.07576,0.8955,1.1206,2,5,FALSE,FALSE,FALSE
"GENE2667","GENE2667_HUMAN","P42436","Protein GENE2667",-0.4817,1,0.564543,0,0.2483,2,6,FALSE,FALSE,FALSE
"GENE0104","GENE0104_HUMAN","P35082","Protein GENE0104",0.7394,1,0.907356,0,0.0422,4,6,FALSE,FALSE,FALSE
"GENE2014","GENE2014_HUMAN","P80360","Protein GENE2014",-0.348,0.885044,0.444666,0,0.352,4,5,FALSE,TRUE,FALSE
"GENE1649","GENE1649_HUMAN","P02113","Protein GENE1649",-0.3272,1,0.408769,0,0.3885,6,4,FALSE,FALSE,FALSE
"GENE0658","GENE0658_HUMAN","P28535","Protein GENE0658",-0.1169,1,0.904413,0,0.0436,2,4,FALSE,FALSE,FALSE
"GENE1071","GENE1071_HUMAN","P34723","Protein GENE1071",0.5791,1,0.51525,0.0026,0.288,4,2,FALSE,FALSE,FALSE
"GENE2885","GENE2885_HUMAN","P99834","Protein GENE2885",-2.7512,0.032194,0.031253,1.0902,1.5051,2,3,FALSE,TRUE,TRUE
"GENE0939","GENE0939_HUMAN","P98023","Protein GENE0939",-4.3256,0.023302,0.006339,1.9487,2.198,2,2,FALSE,FALSE,TRUE
"GENE2707","GENE2707_HUMAN","P01914","Protein GENE2707",0.3149,1,0.83437,0,0.0786,5,4,FALSE,FALSE,FALSE
"GENE0533","GENE0533_HUMAN","P16319","Protein GENE0533",-0.1392,0.257327,0.088761,0.6133,1.0518,2,3,FALSE,FALSE,FALSE
"GENE2617","GENE2617_HUMAN","P43806","Protein GENE2617",-0.404,0.736947,0.158808,0.6926,0.7991,2,5,TRUE,FALSE,FALSE
"GENE2762","GENE2762_HUMAN","P39256","Protein GENE2762",2.3524,0.059991,0.018974,1.2431,1.7218,3,5,TRUE,FALSE,TRUE
"GENE2407","GENE2407_HUMAN","P46937","Protein GENE2407",-0.0409,1,0.752903,0,0.1233,2,6,FALSE,FALSE,FALSE
"GENE0990","GENE0990_HUMAN","P97256","Protein GENE0990",1.0095,0.178956,0.036395,1.0425,1.439,2,6,FALSE,TRUE,TRUE
"GENE1655","GENE1655_HUMAN","P18587","Protein GENE1655",-3.9216,0.023479,0.005899,1.6835,2.2292,3,6,FALSE,TRUE,TRUE
"GENE2831","GENE2831_HUMAN","P27370","Protein GENE2831",0.134,0.35739,0.188018,0.3134,0.7258,4,6,FALSE,FALSE,FALSE
"GENE1333","GENE1333_HUMAN","P10263","Protein GENE1333",-1.059,0.087835,0.022197,1.062,1.6537,6,2,FALSE,FALSE,TRUE
"GENE2030","GENE2030_HUMAN","P39896","Protein GENE2030",-0.0146,0.277941,0.219537,0.0622,0.6585,6,5,FALSE,FALSE,FALSE
"GENE2136","GENE2136_HUMAN","P95769","Protein GENE2136",-0.0422,0.288773,0.127229,0.4132,0.8954,5,4,FALSE,FALSE,FALSE
"GENE0344","GENE0344_HUMAN","P69142","Protein GENE0344",-0.4456,0.791575,0.473222,0.3026,0.3249,6,6,FALSE,FALSE,FALSE
"GENE2483","GENE2483_HUMAN","P90894","Protein GENE2483",0.6416,1,0.497336,0,0.3034,6,4,FALSE,FALSE,FALSE
"GENE0467","GENE0467_HUMAN","P27182","Protein GENE0467",2.3945,0.017248,0.005259,1.5928,2.2791,6,2,FALSE,FALSE,TRUE
"GENE1869","GENE1869_HUMAN","P14151","Protein GENE1869",-0.8772,0.088217,0.030024,1.4726,1.5225,2,4,FALSE,TRUE,TRUE
"GENE2223","GENE2223_HUMAN","P39411","Protein GENE2223",0.6516,1,0.648475,0,0.1881,5,2,FALSE,FALSE,FALSE
"GENE1215","GENE1215_HUMAN","P26164","Protein GENE1215",3.6805,0.138232,0.048543,0.9724,1.3139,4,6,FALSE,FALSE,TRUE
"GENE2734","GENE2734_HUMAN","P26345","Protein GENE2734",0.3022,0.211878,0.120534,0.3441,0.9189,2,3,FALSE,TRUE,FALSE
"GENE0134","GENE0134_HUMAN","P68182","Protein GENE0134",0.4492,1,0.52326,0,0.2813,5,5,FALSE,FALSE,FALSE
"GENE1824","GENE1824_HUMAN","P13098","Protein GENE1824",1.3425,0.025058,0.017382,1.0697,1.7599,3,5,FALSE,FALSE,TRUE
"GENE0055","GENE0055_HUMAN","P91702","Protein GENE0055",0.0359,1,0.577209,0,0.2387,6,2,FALSE,FALSE,FALSE
"GENE0159","GENE0159_HUMAN","P20017","Protein GENE0159",0.6053,0.006783,0.00213,2.3235,2.6717,5,2,FALSE,FALSE,TRUE
"GENE0350","GENE0350_HUMAN","P81881","Protein GENE0350",0.5413,0.353243,0.298487,0.4195,0.5251,5,6,TRUE,FALSE,FALSE
"GENE1028","GENE1028_HUMAN","P69486","Protein GENE1028",3.3366,0.095794,0.046396,1.0811,1.3335,3,6,FALSE,FALSE,TRUE
"GENE0567","GENE0567_HUMAN","P57536","Protein GENE0567",0.2164,0.86489,0.185585,0.4306,0.7315,4,3,FALSE,FALSE,FALSE
"GENE2551","GENE2551_HUMAN","P81858","Protein GENE2551",0.6031,0.68224,0.170372,0.3231,0.7686,5,5,TRUE,FALSE,FALSE
"GENE2724","GENE2724_HUMAN","P81870","Protein GENE2724",1.0894,0.065761,0.03635,1.1457,1.4395,3,2,FALSE,FALSE,TRUE
"GENE1291","GENE1291_HUMAN","P69889","Protein GENE1291",2.8798,0.0737,0.016942,1.1244,1.771,3,4,FALSE,FALSE,TRUE
"GENE2512","GENE2512_HUMAN","P13630","Protein GENE2512",0.138,0.726301,0.383649,0,0.4161,2,2,FALSE,FALSE,FALSE
"GENE0540","GENE0540_HUMAN","P71233","Protein GENE0540",2.2253,0.028252,0.009095,1.5264,2.0412,5,4,FALSE,FALSE,TRUE
"GENE1372","GENE1372_HUMAN","P13692","Protein GENE1372",0.0062,1,0.925943,0,0.0334,3,3,FALSE,FALSE,FALSE
"GENE0261","GENE0261_HUMAN","P43992","Protein GENE0261",0.3491,1,0.750783,0.0219,0.1245,4,6,FALSE,FALSE,FALSE
"GENE0905","GENE0905_HUMAN","P36884","Protein GENE0905",0.8715,0.747775,0.159695,0.7569,0.7967,6,4,TRUE,FALSE,FALSE
"GENE0320","GENE0320_HUMAN","P14753","Protein GENE0320",0.4183,1,0.359608,0.0803,0.4442,6,4,FALSE,FALSE,FALSE
"GENE2690","GENE2690_HUMAN","P12584","Protein GENE2690",0.3067,0.346593,0.092689,0.6446,1.033,3,5,FALSE,FALSE,FALSE
"GENE0004","GENE0004_HUMAN","P44251","Protein GENE0004",-3.6709,0.056304,0.022663,1.2004,1.6447,6,5,FALSE,FALSE,TRUE
"GENE0389","GENE0389_HUMAN","P48303","Protein GENE0389",0.559,0.479897,0.386027,0.2908,0.4134,5,4,FALSE,TRUE,FALSE
"GENE2391","GENE2391_HUMAN","P12253","Protein GENE2391",0.3204,0.602807,0.134944,0.4211,0.8698,6,2,TRUE,FALSE,FALSE
"GENE2310","GENE2310_HUMAN","P04758","Protein GENE2310",0.5782,0.732241,0.712302,0,0.1473,3,6,FALSE,FALSE,FALSE
"GENE1470","GENE1470_HUMAN","P16572","Protein GENE1470",-0.2653,1,0.746085,0,0.1272,3,5,FALSE,FALSE,FALSE
"GENE1389","GENE1389_HUMAN","P91246","Protein GENE1389",-0.4703,0.975729,0.281676,0.1773,0.5502,4,3,FALSE,FALSE,FALSE
"DDX41","DDX41_HUMAN","P10783","Protein DDX41",-0.6458,0.598092,0.540484,0,0.2672,2,6,FALSE,TRUE,FALSE
"GENE1787","GENE1787_HUMAN","P20157","Protein GENE1787",3.8183,0.087473,0.023861,1.3058,1.6223,6,2,FALSE,FALSE,TRUE
"GENE2080","GENE2080_HUMAN","P20350","Protein GENE2080",1.153,0.185553,0.038561,0.9084,1.4139,2,4,FALSE,FALSE,TRUE
"GENE1945","GENE1945_HUMAN","P42379","Protein GENE1945",1.3853,0.164882,0.034075,0.772,1.4676,4,3,FALSE,FALSE,TRUE
"GENE1339","GENE1339_HUMAN","P15965","Protein GENE1339",1.197,0.035267,0.020241,1.3691,1.6938,6,5,FALSE,FALSE,TRUE
"GENE1537","GENE1537_HUMAN","P04838","Protein GENE1537",0.2516,0.891198,0.329473,0.2098,0.4822,4,4,FALSE,FALSE,FALSE
"GENE1735","GENE1735_HUMAN","P15662","Protein GENE1735",-0.3497,0.778261,0.356473,0.0116,0.448,4,3,FALSE,FALSE,FALSE
"GENE1741","GENE1741_HUMAN","P73044","Protein GENE1741",2.5958,0.098316,0.038783,1.1482,1.4114,6,5,FALSE,FALSE,TRUE
"GENE2290","GENE2290_HUMAN","P46863","Protein GENE2290",0.4115,1,0.396904,0.122,0.4013,6,2,FALSE,FALSE,FALSE
"GENE0783","GENE0783_HUMAN","P35342","Protein GENE0783",-0.4933,1,0.940532,0,0.0266,6,3,FALSE,FALSE,FALSE
"GENE1340","GENE1340_HUMAN","P59507","Protein GENE1340",-0.2412,1,0.761194,0,0.1185,3,6,FALSE,FALSE,FALSE
"GENE1121","GENE1121_HUMAN","P50699","Protein GENE1121",-0.5675,1,0.915373,0,0.0384,5,5,FALSE,TRUE,FALSE
"GENE2799","GENE2799_HUMAN","P33216","Protein GENE2799",0.2437,0.204435,0.153544,0.2532,0.8138,2,6,FALSE,FALSE,FALSE
"GENE0633","GENE0633_HUMAN","P26484","Protein GENE0633",-0.0923,0.937949,0.912436,0,0.0398,6,6,FALSE,FALSE,FALSE
"GENE1531","GENE1531_HUMAN","P59154","Protein GENE1531",-0.2046,1,0.334548,0.0798,0.4755,3,5,FALSE,FALSE,FALSE
"GENE1811","GENE1811_HUMAN","P28749","Protein GENE1811",-0.4208,1,0.531855,0.1546,0.2742,2,4,FALSE,FALSE,FALSE
"GENE1356","GENE1356_HUMAN","P67928","Protein GENE1356",0.2293,0.435707,0.316698,0,0.4994,5,4,FALSE,FALSE,FALSE
"GENE0708","GENE0708_HUMAN","P29285","Protein GENE0708",-3.5561,0.026408,0.006727,1.7963,2.1722,6,3,FALSE,FALSE,TRUE
"GENE0006","GENE0006_HUMAN","P11368","Protein GENE0006",-0.0424,1,0.718944,0,0.1433,4,4,FALSE,FALSE,FALSE
"GENE2414","GENE2414_HUMAN","P14332","Protein GENE2414",0.1615,0.268465,0.214263,0.0511,0.6691,5,6,FALSE,FALSE,FALSE
"GENE2827","GENE2827_HUMAN","P74799","Protein GENE2827",3.5359,0.123639,0.035309,0.9383,1.4521,2,4,FALSE,FALSE,TRUE
"GENE0518","GENE0518_HUMAN","P48243","Protein GENE0518",-0.1428,1,0.725359,0.1293,0.1394,3,3,FALSE,FALSE,FALSE
"GENE1094","GENE1094_HUMAN","P47400","Protein GENE1094",-0.4234,0.227489,0.224878,0.2235,0.6481,2,3,FALSE,FALSE,FALSE
"GENE0289","GENE0289_HUMAN","P81231","Protein GENE0289",3.6966,0.200317,0.041759,1.3092,1.3793,6,2,FALSE,FALSE,TRUE
"GENE2060","GENE2060_HUMAN","P61492","Protein GENE2060",0.2182,1,0.767384,0,0.115,3,6,FALSE,FALSE,FALSE
"GENE0214","GENE0214_HUMAN","P97867","Protein GENE0214",-0.0336,1,0.638171,0,0.1951,3,3,FALSE,FALSE,FALSE
"GENE2625","GENE2625_HUMAN","P57958","Protein GENE2625",0.0832,1,0.284976,0.0568,0.5452,4,2,FALSE,TRUE,FALSE
"GENE1980","GENE1980_HUMAN","P47165","Protein GENE1980",-0.6164,1,0.61873,0,0.2085,5,6,FALSE,FALSE,FALSE
"GENE0983","GENE0983_HUMAN","P43707","Protein GENE0983",0.404,1,0.357242,0,0.447,6,4,FALSE,FALSE,FALSE
"GENE2801","GENE2801_HUMAN","P20855","Protein GENE2801",-0.3398,0.989018,0.220506,0.3843,0.6566,4,5,FALSE,FALSE,FALSE
"GENE2526","GENE2526_HUMAN","P60830","Protein GENE2526",0.1016,1,0.760155,0,0.1191,6,5,FALSE,FALSE,FALSE
"GENE2279","GENE2279_HUMAN","P13592","Protein GENE2279",0.1554,0.169757,0.119765,0.243,0.9217,3,5,FALSE,FALSE,FALSE
"GENE0003","GENE0003_HUMAN","P18192","Protein GENE0003",0.1453,1,0.449625,0,0.3471,2,4,FALSE,FALSE,FALSE
"GENE1664","GENE1664_HUMAN","P77191","Protein GENE1664",2.9795,0.073445,0.043553,1.281,1.361,5,3,FALSE,FALSE,TRUE
"GENE1460","GENE1460_HUMAN","P29051","Protein GENE1460",0.2132,1,0.686762,0,0.1632,4,6,FALSE,FALSE,FALSE
"GENE2294","GENE2294_HUMAN","P77126","Protein GENE2294",-0.1149,0.664252,0.656821,0,0.1826,6,2,FALSE,FALSE,FALSE
"GENE1592","GENE1592_HUMAN","P69726","Protein GENE1592",0.3038,0.087803,0.082397,0.5517,1.0841,4,4,FALSE,FALSE,FALSE
"GENE1520","GENE1520_HUMAN","P15501","Protein GENE1520",-2.0997,0.142459,0.032795,0.9165,1.4842,6,3,FALSE,FALSE,TRUE
"GENE2640","GENE2640_HUMAN","P57711","Protein GENE2640",-0.0964,1,0.963423,0,0.0162,3,2,FALSE,FALSE,FALSE
"GENE2374","GENE2374_HUMAN","P36078","Protein GENE2374",0.5366,0.763438,0.493171,0,0.307,2,6,FALSE,FALSE,FALSE
"GENE1158","GENE1158_HUMAN","P64349","Protein GENE1158",0.1015,0.832677,0.527823,0,0.2775,5,3,FALSE,FALSE,FALSE
"GENE1497","GENE1497_HUMAN","P87071","Protein GENE1497",0.1182,1,0.541637,0,0.2663,5,3,FALSE,FALSE,FALSE
"GENE1281","GENE1281_HUMAN","P68016","Protein GENE1281",0.0164,0.248462,0.108195,0.6035,0.9658,3,6,FALSE,FALSE,FALSE
"GENE1295","GENE1295_HUMAN","P80845","Protein GENE1295",-2.3286,0.01054,0.0048,1.673,2.3187,6,5,FALSE,FALSE,TRUE
"GENE2271","GENE2271_HUMAN","P30075","Protein GENE2271",0.3347,1,0.544477,0,0.264,5,5,FALSE,FALSE,FALSE
"GENE1278","GENE1278_HUMAN","P67167","Protein GENE1278",0.546,1,0.681178,0,0.1667,3,5,FALSE,FALSE,FALSE
"GENE1264","GENE1264_HUMAN","P12733","Protein GENE1264",-0.1732,1,0.750829,0,0.1245,2,3,TRUE,FALSE,FALSE
"GENE0539","GENE0539_HUMAN","P38686","Protein GENE0539",0.5449,0.264671,0.126005,0.3252,0.8996,2,2,FALSE,FALSE,FALSE
"GENE1516","GENE1516_HUMAN","P86177","Protein GENE1516",0.1194,1,0.463923,0,0.3336,3,3,FALSE,TRUE,FALSE
"GENE2606","GENE2606_HUMAN","P22452","Protein GENE2606",3.8543,0.079244,0.033364,0.9,1.4767,3,6,FALSE,FALSE,TRUE
"GENE1192","GENE1192_HUMAN","P21695","Protein GENE1192",0.2985,1,0.998921,0,5e-04,5,3,FALSE,FALSE,FALSE
"GENE0903","GENE0903_HUMAN","P13399","Protein GENE0903",0.0386,1,0.806667,0,0.0933,5,2,FALSE,FALSE,FALSE
"GENE2034","GENE2034_HUMAN","P19067","Protein GENE2034",2.5351,0.166884,0.035721,0.824,1.4471,4,6,FALSE,FALSE,TRUE
"GENE0536","GENE0536_HUMAN","P30610","Protein GENE0536",0.065,0.139044,0.108483,0.5633,0.9646,2,3,TRUE,FALSE,FALSE
"GENE1352","GENE1352_HUMAN","P69834","Protein GENE1352",4.2405,0.141165,0.036704,0.7494,1.4353,3,5,FALSE,FALSE,TRUE
"GENE2873","GENE2873_HUMAN","P94423","Protein GENE2873",-1.2703,0.065981,0.03697,1.3264,1.4322,3,4,FALSE,FALSE,TRUE
"GENE2479","GENE2479_HUMAN","P47807","Protein GENE2479",-0.213,0.689492,0.500772,0,0.3004,2,6,FALSE,FALSE,FALSE
"GENE1663","GENE1663_HUMAN","P10851","Protein GENE1663",0.6219,1,0.972324,0,0.0122,2,6,FALSE,FALSE,FALSE
"GENE0268","GENE0268_HUMAN","P83492","Protein GENE0268",-0.0763,1,0.391145,0,0.4077,2,2,FALSE,FALSE,FALSE
"GENE1861","GENE1861_HUMAN","P06528","Protein GENE1861",0.7423,1,0.962876,0,0.0164,3,2,FALSE,FALSE,FALSE
"GENE1053","GENE1053_HUMAN","P42728","Protein GENE1053",0.0019,1,0.504503,0,0.2971,3,2,FALSE,FALSE,FALSE
"GENE2262","GENE2262_HUMAN","P90977","Protein GENE2262",1.3884,0.785247,0.241868,0.3317,0.6164,6,3,FALSE,TRUE,FALSE
"GENE0993","GENE0993_HUMAN","P65453","Protein GENE0993",1.4796,0.183389,0.036922,0.9293,1.4327,3,6,FALSE,FALSE,TRUE
"GENE1783","GENE1783_HUMAN","P50342","Protein GENE1783",0.8707,1,0.86645,0,0.0623,4,4,FALSE,FALSE,FALSE
"GENE0638","GENE0638_HUMAN","P34435","Protein GENE0638",0.2054,1,0.936305,0,0.0286,5,5,FALSE,FALSE,FALSE
"GENE2116","GENE2116_HUMAN","P74996","Protein GENE2116",-0.2639,1,0.265391,0,0.5761,2,4,FALSE,TRUE,FALSE
"GENE1588","GENE1588_HUMAN","P12456","Protein GENE1588",-0.1833,0.762777,0.159529,0.1462,0.7972,5,2,FALSE,FALSE,FALSE
"GENE2821","GENE2821_HUMAN","P07998","Protein GENE2821",0.1104,1,0.867567,0,0.0617,6,4,TRUE,FALSE,FALSE
"GENE1598","GENE1598_HUMAN","P15165","Protein GENE1598",-0.5511,1,0.76729,0,0.115,5,3,TRUE,FALSE,FALSE
"GENE1365","GENE1365_HUMAN","P66557","Protein GENE1365",-0.2679,1,0.337391,0,0.4719,2,6,FALSE,FALSE,FALSE
"GENE2755","GENE2755_HUMAN","P11258","Protein GENE2755",-0.2021,0.990315,0.415031,0,0.3819,4,6,FALSE,FALSE,FALSE
"GENE1004","GENE1004_HUMAN","P74302","Protein GENE1004",0.1508,0.114345,0.085817,0.8014,1.0664,2,6,FALSE,FALSE,FALSE
"GENE1509","GENE1509_HUMAN","P10027","Protein GENE1509",0.4092,1,0.675689,0,0.1703,5,3,TRUE,FALSE,FALSE
"GENE2195","GENE2195_HUMAN","P23276","Protein GENE2195",0.3159,1,0.728959,0,0.1373,6,2,FALSE,TRUE,FALSE
"GENE0657","GENE0657_HUMAN","P52385","Protein GENE0657",-0.2428,1,0.494484,0,0.3058,6,6,FALSE,FALSE,FALSE
"GENE1134","GENE1134_HUMAN","P15218","Protein GENE1134",0.6386,0.53583,0.360564,0,0.443,4,2,FALSE,FALSE,FALSE
"GENE0899","GENE0899_HUMAN","P83882","Protein GENE0899",0.513,1,0.628802,0,0.2015,2,4,FALSE,TRUE,FALSE
"GENE1032","GENE1032_HUMAN","P77297","Protein GENE1032",0.0363,1,0.947871,0,0.0233,6,6,FALSE,FALSE,FALSE
"GENE1394","GENE1394_HUMAN","P94620","Protein GENE1394",-7e-04,1,0.735015,0,0.1337,3,4,TRUE,FALSE,FALSE
"GENE2108","GENE2108_HUMAN","P85064","Protein GENE2108",0.2159,0.729582,0.194044,0.4113,0.7121,4,5,FALSE,FALSE,FALSE
"GENE0577","GENE0577_HUMAN","P05687","Protein GENE0577",0.7509,1,0.731178,0,0.136,2,4,FALSE,FALSE,FALSE
"GENE2518","GENE2518_HUMAN","P35883","Protein GENE2518",-1.7316,0.026108,0.010145,1.4022,1.9938,6,4,FALSE,FALSE,TRUE
"GENE0115","GENE0115_HUMAN","P77411","Protein GENE0115",-0.6644,0.283358,0.228764,0.1471,0.6406,2,3,FALSE,FALSE,FALSE
"GENE1765","GENE1765_HUMAN","P07350","Protein GENE1765",2.6879,0.053872,0.033581,1.1578,1.4739,3,3,FALSE,FALSE,TRUE
"GENE0014","GENE0014_HUMAN","P17688","Protein GENE0014",-0.1115,1,0.935924,0,0.0288,4,5,FALSE,FALSE,FALSE
"GENE1046","GENE1046_HUMAN","P04588","Protein GENE1046",0.264,0.703703,0.36157,0,0.4418,3,5,FALSE,FALSE,FALSE
"GENE1857","GENE1857_HUMAN","P34652","Protein GENE1857",-0.5003,1,0.416514,0.3139,0.3804,3,6,FALSE,FALSE,FALSE
"GENE2044","GENE2044_HUMAN","P08685","Protein GENE2044",-0.1805,0.186072,0.165809,0.1042,0.7804,3,6,FALSE,FALSE,FALSE
"GENE1901","GENE1901_HUMAN","P19345","Protein GENE1901",0.0391,0.531618,0.247054,0.3476,0.6072,6,6,FALSE,FALSE,FALSE
"GENE2546","GENE2546_HUMAN","P90226","Protein GENE2546",0.6031,0.020105,0.012611,1.4367,1.8992,2,3,FALSE,FALSE,TRUE
"GENE1288","GENE1288_HUMAN","P43297","Protein GENE1288",-0.4517,0.244201,0.200733,0.2724,0.6974,3,3,FALSE,FALSE,FALSE
"GENE0187","GENE0187_HUMAN","P34413","Protein GENE0187",0.2803,0.526568,0.126103,0.4906,0.8993,4,6,FALSE,FALSE,FALSE
"GENE1226","GENE1226_HUMAN","P65437","Protein GENE1226",-0.3222,1,0.353767,0,0.4513,3,3,FALSE,FALSE,FALSE
"GENE0423","GENE0423_HUMAN","P18475","Protein GENE0423",0.0394,0.795498,0.383896,0.0076,0.4158,3,4,TRUE,FALSE,FALSE
"GENE2304","GENE2304_HUMAN","P55305","Protein GENE2304",0.1039,0.613905,0.522477,0,0.2819,6,2,TRUE,FALSE,FALSE
"GENE0965","GENE0965_HUMAN","P39849","Protein GENE0965",0.163,1,0.686309,0,0.1635,6,5,FALSE,FALSE,FALSE
"GENE0697","GENE0697_HUMAN","P48828","Protein GENE0697",-0.3204,1,0.822652,0,0.0848,2,6,FALSE,FALSE,FALSE
"GENE1417","GENE1417_HUMAN","P71365","Protein GENE1417",-0.0723,1,0.430069,0,0.3665,5,4,FALSE,TRUE,FALSE
"GENE2408","GENE2408_HUMAN","P12823","Protein GENE2408",-0.1419,1,0.715256,0.1134,0.1455,4,2,FALSE,FALSE,FALSE
"GENE2547","GENE2547_HUMAN","P18550","Protein GENE2547",0.8481,1,0.85291,0,0.0691,6,3,FALSE,FALSE,FALSE
"GENE2272","GENE2272_HUMAN","P11303","Protein GENE2272",0.0665,1,0.490128,0,0.3097,6,5,FALSE,FALSE,FALSE
"GENE1613","GENE1613_HUMAN","P26856","Protein GENE1613",0.0517,1,0.481076,0,0.3178,3,2,FALSE,FALSE,FALSE
"GENE2513","GENE2513_HUMAN","P68934","Protein GENE2513",2.1569,0.046696,0.022269,1.1168,1.6523,4,6,FALSE,FALSE,TRUE
"GENE2340","GENE2340_HUMAN","P77427","Protein GENE2340",0.5238,0.530089,0.142331,0.3007,0.8467,2,3,FALSE,FALSE,FALSE
"GENE0192","GENE0192_HUMAN","P12745","Protein GENE0192",-0.138,1,0.746051,0,0.1272,4,6,FALSE,FALSE,FALSE
"GENE1630","GENE1630_HUMAN","P05053","Protein GENE1630",0.171,1,0.438704,0,0.3578,5,4,FALSE,FALSE,FALSE
"GENE1973","GENE1973_HUMAN","P41617","Protein GENE1973",0.6192,1,0.867631,0,0.0617,4,5,FALSE,FALSE,FALSE
"GENE2593","GENE2593_HUMAN","P28347","Protein GENE2593",-0.2535,0.73012,0.494965,0.2647,0.3054,3,2,TRUE,FALSE,FALSE
"GENE0169","GENE0169_HUMAN","P57643","Protein GENE0169",0.034,1,0.803236,0,0.0952,2,5,FALSE,FALSE,FALSE
"GENE0047","GENE0047_HUMAN","P39427","Protein GENE0047",1.5836,0.030326,0.022273,1.4045,1.6522,6,6,FALSE,FALSE,TRUE
"GENE0975","GENE0975_HUMAN","P11572","Protein GENE0975",0.7738,0.914065,0.31683,0,0.4992,2,6,TRUE,FALSE,FALSE
"GENE1926","GENE1926_HUMAN","P81401","Protein GENE1926",-1.609,0.063476,0.040846,0.7638,1.3889,3,6,FALSE,FALSE,TRUE
"GENE2197","GENE2197_HUMAN","P03627","Protein GENE2197",2.9196,0.094189,0.036331,0.7916,1.4397,5,6,FALSE,FALSE,TRUE
"GENE1329","GENE1329_HUMAN","P66274","Protein GENE1329",-0.4509,1,0.863664,0,0.0637,3,4,TRUE,FALSE,FALSE
"GENE2259","GENE2259_HUMAN","P54192","Protein GENE2259",-0.0663,1,0.461738,0.0878,0.3356,5,4,FALSE,FALSE,FALSE
"GENE1956","GENE1956_HUMAN","P58146","Protein GENE1956",2.1716,0.055149,0.040586,1.2323,1.3916,5,4,FALSE,FALSE,TRUE
"GENE0869","GENE0869_HUMAN","P09776","Protein GENE0869",0.8113,0.00063,0.00018,3.7399,3.7444,3,2,FALSE,FALSE,TRUE
"GENE2560","GENE2560_HUMAN","P87770","Protein GENE2560",0.3283,0.278956,0.24341,0,0.6137,6,4,FALSE,FALSE,FALSE
"GENE2134","GENE2134_HUMAN","P30023","Protein GENE2134",0.0304,0.288107,0.075524,0.8532,1.1219,3,2,FALSE,FALSE,FALSE
"GENE0422","GENE0422_HUMAN","P70054","Protein GENE0422",3.4826,0.039295,0.015008,1.1862,1.8237,6,5,FALSE,TRUE,TRUE
"GENE1186","GENE1186_HUMAN","P19268","Protein GENE1186",-0.6152,0.323329,0.088307,0.4692,1.054,2,4,FALSE,FALSE,FALSE
"GENE2693","GENE2693_HUMAN","P25099","Protein GENE2693",0.2332,0.318482,0.078507,1.0679,1.1051,5,5,FALSE,FALSE,FALSE
"GENE1466","GENE1466_HUMAN","P69520","Protein GENE1466",-0.122,1,0.532787,0,0.2734,3,2,FALSE,FALSE,FALSE
"GENE2087","GENE2087_HUMAN","P55593","Protein GENE2087",-0.9251,0.850809,0.814312,0,0.0892,3,6,FALSE,FALSE,FALSE
"GENE0972","GENE0972_HUMAN","P33754","Protein GENE0972",4.2116,0.05493,0.014516,1.2107,1.8382,5,2,FALSE,FALSE,TRUE
"GENE0892","GENE0892_HUMAN","P88358","Protein GENE0892",0.5838,1,0.431801,0.1101,0.3647,3,2,TRUE,FALSE,FALSE
"GENE2074","GENE2074_HUMAN","P04555","Protein GENE2074",0.3341,1,0.929287,0,0.0319,3,2,FALSE,FALSE,FALSE
"GENE2881","GENE2881_HUMAN","P87559","Protein GENE2881",0.3289,1,0.8863,0,0.0524,3,4,FALSE,FALSE,FALSE
"GENE2596","GENE2596_HUMAN","P37792","Protein GENE2596",0.5244,1,0.750915,0,0.1244,3,4,FALSE,FALSE,FALSE
"GENE1208","GENE1208_HUMAN","P80560","Protein GENE1208",0.6912,1,0.955941,0,0.0196,3,2,FALSE,FALSE,FALSE
"GENE0063","GENE0063_HUMAN","P84441","Protein GENE0063",0.2327,1,0.958762,0,0.0183,6,6,FALSE,FALSE,FALSE
"GENE2233","GENE2233_HUMAN","P94243","Protein GENE2233",-0.8002,0.319116,0.142727,0.32,0.8455,6,4,FALSE,FALSE,FALSE
"GENE0241","GENE0241_HUMAN","P42643","Protein GENE0241",3.549,0.146585,0.031881,0.8967,1.4965,4,5,FALSE,FALSE,TRUE
"GENE1174","GENE1174_HUMAN","P31220","Protein GENE1174",-0.1152,1,0.557433,0,0.2538,2,6,FALSE,FALSE,FALSE
"GENE1005","GENE1005_HUMAN","P37482","Protein GENE1005",-0.3984,1,0.716369,0,0.1449,2,4,FALSE,FALSE,FALSE
"GENE0010","GENE0010_HUMAN","P12105","Protein GENE0010",-0.0251,0.682429,0.257696,0.0319,0.5889,4,2,FALSE,FALSE,FALSE
"GENE2569","GENE2569_HUMAN","P44092","Protein GENE2569",-0.1682,1,0.527322,0,0.2779,2,4,FALSE,FALSE,FALSE
"GENE1270","GENE1270_HUMAN","P96490","Protein GENE1270",-2.7982,0.039264,0.011566,1.377,1.9368,5,2,FALSE,FALSE,TRUE
"GENE0069","GENE0069_HUMAN","P97265","Protein GENE0069",0.3683,0.413403,0.098305,0.4376,1.0074,2,3,FALSE,FALSE,FALSE
"GENE2864","GENE2864_HUMAN","P22678","Protein GENE2864",-0.1293,1,0.682165,0,0.1661,4,4,FALSE,FALSE,FALSE
"GENE0740","GENE0740_HUMAN","P59425","Protein GENE0740",-2.825,0.024207,0.016634,1.4799,1.779,2,4,FALSE,FALSE,TRUE
"GENE2470","GENE2470_HUMAN","P48030","Protein GENE2470",-0.1067,0.348568,0.203889,0.0723,0.6906,5,2,FALSE,FALSE,FALSE
"GENE0027","GENE0027_HUMAN","P26322","Protein GENE0027",-0.1029,1,0.341277,0.1964,0.4669,2,2,FALSE,FALSE,FALSE
"GENE2803","GENE2803_HUMAN","P12757","Protein GENE2803",-0.5325,1,0.853468,0,0.0688,4,2,TRUE,FALSE,FALSE
"GENE0388","GENE0388_HUMAN","P08412","Protein GENE0388",0.2391,1,0.405232,0.105,0.3923,2,6,FALSE,TRUE,FALSE
"GENE1626","GENE1626_HUMAN","P50637","Protein GENE1626",-4.2401,0.068843,0.022304,1.141,1.6516,3,6,FALSE,FALSE,TRUE
"GENE0804","GENE0804_HUMAN","P83415","Protein GENE0804",-0.5935,0.018769,0.009358,1.3662,2.0288,4,5,FALSE,FALSE,TRUE
"GENE2196","GENE2196_HUMAN","P86903","Protein GENE2196",0.0344,1,0.247586,0.4126,0.6063,6,4,FALSE,FALSE,FALSE
"GENE2457","GENE2457_HUMAN","P04996","Protein GENE2457",1.5071,0.081837,0.018012,1.0566,1.7444,3,6,FALSE,FALSE,TRUE
"GENE1666","GENE1666_HUMAN","P53334","Protein GENE1666",0.2284,0.94928,0.931708,0,0.0307,5,2,TRUE,FALSE,FALSE
"GENE1119","GENE1119_HUMAN","P65017","Protein GENE1119",1.095,0.049545,0.013466,1.6536,1.8708,3,5,FALSE,FALSE,TRUE
"GENE0711","GENE0711_HUMAN","P78762","Protein GENE0711",-0.1035,1,0.634028,0,0.1979,4,3,FALSE,FALSE,FALSE
"GENE1975","GENE1975_HUMAN","P20336","Protein GENE1975",0.1354,0.260871,0.14658,0.2525,0.8339,6,6,FALSE,FALSE,FALSE
"GENE1320","GENE1320_HUMAN","P07490","Protein GENE1320",-0.2213,1,0.681944,0,0.1663,6,6,FALSE,FALSE,FALSE
"GENE0687","GENE0687_HUMAN","P32464","Protein GENE0687",-0.23,1,0.668461,0,0.1749,4,2,FALSE,FALSE,FALSE
"GENE0525","GENE0525_HUMAN","P37695","Protein GENE0525",-2.8984,0.09939,0.035352,1.3989,1.4516,6,2,FALSE,FALSE,TRUE
"GENE2043","GENE2043_HUMAN","P48207","Protein GENE2043",-0.1638,0.776708,0.405732,0,0.3918,5,3,FALSE,FALSE,FALSE
"GENE1823","GENE1823_HUMAN","P85781","Protein GENE1823",-0.2823,1,0.906023,0,0.0429,3,6,TRUE,FALSE,FALSE
"GENE2870","GENE2870_HUMAN","P30524","Protein GENE2870",-0.7996,1,0.420418,0,0.3763,6,5,FALSE,FALSE,FALSE
"GENE0382","GENE0382_HUMAN","P53831","Protein GENE0382",1.1367,0.18875,0.038643,0.7493,1.4129,2,6,FALSE,FALSE,TRUE
"GENE1817","GENE1817_HUMAN","P43432","Protein GENE1817",0.1757,1,0.615746,0,0.2106,4,5,FALSE,FALSE,FALSE
"GENE2022","GENE2022_HUMAN","P77061","Protein GENE2022",-0.1032,1,0.798069,0,0.098,5,4,FALSE,TRUE,FALSE
"GENE0589","GENE0589_HUMAN","P03927","Protein GENE0589",-0.0774,1,0.663811,0,0.178,5,4,FALSE,FALSE,FALSE
"GENE1526","GENE1526_HUMAN","P24189","Protein GENE1526",-0.0975,0.727766,0.148881,0.5383,0.8272,5,4,FALSE,FALSE,FALSE
"GENE0604","GENE0604_HUMAN","P37970","Protein GENE0604",0.3342,1,0.848922,0,0.0711,4,4,FALSE,TRUE,FALSE
"GENE2673","GENE2673_HUMAN","P86205","Protein GENE2673",0.4977,0.975394,0.264228,0.1067,0.578,5,5,FALSE,FALSE,FALSE
"GENE0411","GENE0411_HUMAN","P87703","Protein GENE0411",-0.281,0.22989,0.092237,0.7967,1.0351,4,5,TRUE,FALSE,FALSE
"GENE1994","GENE1994_HUMAN","P56401","Protein GENE1994",0.214,0.228599,0.1656,0.2709,0.7809,4,4,TRUE,TRUE,FALSE
"GENE1209","GENE1209_HUMAN","P06318","Protein GENE1209",-2.0739,0.171502,0.037534,0.8722,1.4256,5,5,FALSE,FALSE,TRUE
"GENE2099","GENE2099_HUMAN","P15195","Protein GENE2099",-0.4214,0.185574,0.081667,0.4168,1.088,4,3,FALSE,FALSE,FALSE
"GENE2527","GENE2527_HUMAN","P04386","Protein GENE2527",0.9051,0.065338,0.023394,1.0253,1.6309,5,2,FALSE,FALSE,TRUE
"GENE1216","GENE1216_HUMAN","P57929","Protein GENE1216",-0.0974,0.841772,0.633566,0,0.1982,6,3,FALSE,FALSE,FALSE
"GENE1729","GENE1729_HUMAN","P21619","Protein GENE1729",0.9426,1,0.996558,0,0.0015,6,3,FALSE,TRUE,FALSE
"GENE0313","GENE0313_HUMAN","P67861","Protein GENE0313",-0.4137,1,0.387712,0,0.4115,6,2,TRUE,FALSE,FALSE
"GENE1326","GENE1326_HUMAN","P78407","Protein GENE1326",2.4547,0.024908,0.007766,1.7649,2.1098,3,5,FALSE,FALSE,TRUE
"GENE2561","GENE2561_HUMAN","P96481","Protein GENE2561",0.2743,1,0.918248,0,0.037,5,5,TRUE,FALSE,FALSE
"GENE0440","GENE0440_HUMAN","P91752","Protein GENE0440",0.5768,1,0.881151,0,0.0549,2,3,FALSE,FALSE,FALSE
"GENE1590","GENE1590_HUMAN","P64929","Protein GENE1590",0.2849,1,0.686691,0,0.1632,3,3,FALSE,TRUE,FALSE
"GENE2405","GENE2405_HUMAN","P13856","Protein GENE2405",-0.0324,1,0.595389,0,0.2252,4,4,FALSE,FALSE,FALSE
"GENE0211","GENE0211_HUMAN","P31443","Protein GENE0211",0.5202,0.09492,0.023417,1.2669,1.6305,6,5,TRUE,FALSE,TRUE
"GENE0671","GENE0671_HUMAN","P34906","Protein GENE0671",4.0698,0.037936,0.00779,1.778,2.1085,5,4,FALSE,FALSE,TRUE
"LARP4","LARP4_HUMAN","P38038","Protein LARP4",-0.1232,1,0.925969,0,0.0334,6,2,FALSE,FALSE,FALSE
"GENE2488","GENE2488_HUMAN","P02051","Protein GENE2488",-0.5324,1,0.445355,0,0.3513,2,6,FALSE,FALSE,FALSE
"GENE2141","GENE2141_HUMAN","P46317","Protein GENE2141",-0.9955,1,0.93397,0,0.0297,5,3,FALSE,TRUE,FALSE
"GENE0328","GENE0328_HUMAN","P15250","Protein GENE0328",0.0126,1,0.666029,0,0.1765,6,2,TRUE,FALSE,FALSE
"GENE0076","GENE0076_HUMAN","P57821","Protein GENE0076",0.2324,1,0.909496,0,0.0412,3,4,FALSE,FALSE,FALSE
"GENE2641","GENE2641_HUMAN","P11079","Protein GENE2641",-0.0084,1,0.81742,0,0.0876,2,6,FALSE,FALSE,FALSE
"GENE0234","GENE0234_HUMAN","P76019","Protein GENE0234",-0.1864,1,0.916018,0,0.0381,6,5,TRUE,FALSE,FALSE
"GENE2595","GENE2595_HUMAN","P64958","Protein GENE2595",0.3107,0.338949,0.247011,0,0.6073,5,3,FALSE,FALSE,FALSE
"GENE2180","GENE2180_HUMAN","P91438","Protein GENE2180",-0.0827,1,0.424989,0,0.3716,2,4,FALSE,FALSE,FALSE
"GENE1853","GENE1853_HUMAN","P15704","Protein GENE1853",0.1311,1,0.444205,0,0.3524,2,2,TRUE,FALSE,FALSE
"GENE1038","GENE1038_HUMAN","P79595","Protein GENE1038",-0.0072,0.81675,0.280927,0.0836,0.5514,6,3,FALSE,FALSE,FALSE
"GENE2070","GENE2070_HUMAN","P80449","Protein GENE2070",-0.0617,0.528519,0.417223,0.2072,0.3796,4,3,TRUE,FALSE,FALSE
"GENE0208","GENE0208_HUMAN","P38284","Protein GENE0208",-0.4216,0.489029,0.115758,0.3437,0.9364,3,5,FALSE,FALSE,FALSE
"GENE1423","GENE1423_HUMAN","P96117","Protein GENE1423",-0.2835,1,0.435013,0,0.3615,4,6,FALSE,TRUE,FALSE
"GENE0743","GENE0743_HUMAN","P27505","Protein GENE0743",-0.4672,1,0.828659,0,0.0816,4,6,FALSE,TRUE,FALSE
"GENE2366","GENE2366_HUMAN","P65704","Protein GENE2366",-0.4223,1,0.336769,0,0.4727,4,4,FALSE,FALSE,FALSE
"GENE0590","GENE0590_HUMAN","P33171","Protein GENE0590",-9e-04,0.970652,0.653091,0,0.185,2,5,FALSE,FALSE,FALSE
"GENE1983","GENE1983_HUMAN","P66230","Protein GENE1983",0.2473,0.414029,0.150849,0.6195,0.8215,2,3,FALSE,FALSE,FALSE
"GENE0193","GENE0193_HUMAN","P15309","Protein GENE0193",0.101,1,0.6071,0,0.2167,3,2,FALSE,FALSE,FALSE
"GENE0141","GENE0141_HUMAN","P39390","Protein GENE0141",-0.0344,1,0.615423,0,0.2108,4,5,FALSE,FALSE,FALSE
"GENE1181","GENE1181_HUMAN","P95071","Protein GENE1181",0.2686,1,0.815551,0,0.0885,5,2,FALSE,FALSE,FALSE
"GENE0848","GENE0848_HUMAN","P03913","Protein GENE0848",-0.4985,1,0.778927,0,0.1085,3,3,FALSE,FALSE,FALSE
"GENE1432","GENE1432_HUMAN","P87132","Protein GENE1432",-0.1623,1,0.638459,0,0.1949,6,6,FALSE,FALSE,FALSE
"GENE0154","GENE0154_HUMAN","P89212","Protein GENE0154",-0.1095,0.842733,0.292082,0.0523,0.5345,6,3,FALSE,FALSE,FALSE
"GENE2184","GENE2184_HUMAN","P10498","Protein GENE2184",9e-04,0.717408,0.43912,0,0.3574,4,3,FALSE,TRUE,FALSE
"GENE0210","GENE0210_HUMAN","P20234","Protein GENE0210",-0.0742,1,0.891701,0,0.0498,2,6,FALSE,FALSE,FALSE
"LARP1","LARP1_HUMAN","P12218","Protein LARP1",-1.2667,0.153579,0.034847,1.0687,1.4578,2,5,FALSE,FALSE,TRUE
"GENE0652","GENE0652_HUMAN","P77805","Protein GENE0652",-0.0168,1,0.82346,0,0.0844,2,3,FALSE,FALSE,FALSE
"GENE1610","GENE1610_HUMAN","P60291","Protein GENE1610",0.7476,0.190332,0.119423,0.5394,0.9229,5,3,FALSE,FALSE,FALSE
"GENE0814","GENE0814_HUMAN","P28025","Protein GENE0814",0.0894,1,0.84571,0.0175,0.0728,5,3,FALSE,FALSE,FALSE
"GENE2316","GENE2316_HUMAN","P81920","Protein GENE2316",0.4592,0.751264,0.425865,0,0.3707,5,6,FALSE,TRUE,FALSE
"GENE1206","GENE1206_HUMAN","P00272","Protein GENE1206",0.3734,1,0.664795,0.0575,0.1773,6,4,FALSE,FALSE,FALSE
"GENE0528","GENE0528_HUMAN","P81598","Protein GENE0528",-0.2416,1,0.311492,0.038,0.5066,2,3,TRUE,FALSE,FALSE
"GENE0800","GENE0800_HUMAN","P03783","Protein GENE0800",-0.4133,0.638936,0.155747,0.3041,0.8076,2,4,FALSE,FALSE,FALSE
"GENE1931","GENE1931_HUMAN","P11255","Protein GENE1931",-0.4156,1,0.889156,0,0.051,6,3,FALSE,FALSE,FALSE
"GENE1523","GENE1523_HUMAN","P26184","Protein GENE1523",0.2043,0.737721,0.616862,0,0.2098,6,6,FALSE,FALSE,FALSE
"GENE1251","GENE1251_HUMAN","P65586","Protein GENE1251",-0.6206,1,0.570872,0,0.2435,3,6,FALSE,FALSE,FALSE
"GENE2244","GENE2244_HUMAN","P51092","Protein GENE2244",-0.441,1,0.425952,0.087,0.3706,4,4,FALSE,FALSE,FALSE
"GENE2602","GENE2602_HUMAN","P11587","Protein GENE2602",-4.2405,0.076307,0.026372,0.9634,1.5789,6,5,FALSE,FALSE,TRUE
"GENE2354","GENE2354_HUMAN","P97653","Protein GENE2354",0.3571,1,0.483881,0,0.3153,2,6,FALSE,FALSE,FALSE
"DDX46","DDX46_HUMAN","P33463","Protein DDX46",-4.1151,0.07024,0.015554,1.6257,1.8082,3,5,FALSE,FALSE,TRUE
"GENE2695","GENE2695_HUMAN","P57986","Protein GENE2695",0.1167,1,0.475683,5e-04,0.3227,5,6,FALSE,FALSE,FALSE
"GENE1475","GENE1475_HUMAN","P83120","Protein GENE1475",0.4261,1,0.871596,0,0.0597,2,6,FALSE,FALSE,FALSE
"GENE0714","GENE0714_HUMAN","P57788","Protein GENE0714",-0.2148,1,0.891208,0,0.05,2,3,FALSE,FALSE,FALSE
"GENE2900","GENE2900_HUMAN","P54074","Protein GENE2900",-0.0891,1,0.359865,0.4428,0.4439,4,6,FALSE,FALSE,FALSE
"GENE0009","GENE0009_HUMAN","P60441","Protein GENE0009",0.8074,0.573498,0.136745,0.1855,0.8641,5,3,FALSE,FALSE,FALSE
"GENE0578","GENE0578_HUMAN","P61317","Protein GENE0578",0.6486,0.010787,0.00583,1.9549,2.2343,4,3,FALSE,FALSE,TRUE
"GENE2403","GENE2403_HUMAN","P82457","Protein GENE2403",0.0226,0.272354,0.190398,0.2795,0.7203,5,6,TRUE,FALSE,FALSE
"GENE0510","GENE0510_HUMAN","P63114","Protein GENE0510",-1.4265,0.006306,0.001342,2.3988,2.8721,6,5,FALSE,FALSE,TRUE
"GENE2048","GENE2048_HUMAN","P93126","Protein GENE2048",-2.9154,0.003544,0.001382,2.8211,2.8594,5,5,FALSE,FALSE,TRUE
"GENE2446","GENE2446_HUMAN","P09097","Protein GENE2446",0.3834,1,0.819587,0,0.0864,6,5,FALSE,FALSE,FALSE
"LARP5","LARP5_HUMAN","P88564","Protein LARP5",-3.2196,0.188659,0.043641,0.7263,1.3601,2,4,FALSE,FALSE,TRUE
"GENE1522","GENE1522_HUMAN","P19973","Protein GENE1522",0.576,0.080966,0.016804,1.2486,1.7746,4,5,FALSE,FALSE,TRUE
"GENE0163","GENE0163_HUMAN","P04491","Protein GENE0163",0.0653,1,0.540409,0,0.2673,5,3,FALSE,FALSE,FALSE
"GENE1842","GENE1842_HUMAN","P18785","Protein GENE1842",-3.6244,0.028515,0.006107,2.1803,2.2142,5,6,FALSE,FALSE,TRUE
"GENE1566","GENE1566_HUMAN","P45767","Protein GENE1566",0.488,0.180882,0.107585,0.6194,0.9682,2,2,FALSE,FALSE,FALSE
"GENE1574","GENE1574_HUMAN","P87290","Protein GENE1574",0.9184,0.666028,0.214433,0.3878,0.6687,3,4,FALSE,FALSE,FALSE
"GENE1060","GENE1060_HUMAN","P37669","Protein GENE1060",0.6033,1,0.647509,0,0.1888,3,5,TRUE,TRUE,FALSE
"GENE1830","GENE1830_HUMAN","P66392","Protein GENE1830",0.3031,1,0.965139,0,0.0154,6,2,FALSE,FALSE,FALSE
"GENE0452","GENE0452_HUMAN","P16004","Protein GENE0452",-0.1004,0.353971,0.307456,0.035,0.5122,4,4,FALSE,FALSE,FALSE
"GENE2621","GENE2621_HUMAN","P87744","Protein GENE2621",0.3781,1,0.904425,0,0.0436,2,3,FALSE,FALSE,FALSE
"GENE2856","GENE2856_HUMAN","P04662","Protein GENE2856",-0.2206,1,0.555769,0,0.2551,6,3,TRUE,FALSE,FALSE
"GENE1589","GENE1589_HUMAN","P22585","Protein GENE1589",0.2663,1,0.523599,0,0.281,6,3,FALSE,FALSE,FALSE
"GENE2812","GENE2812_HUMAN","P18838","Protein GENE2812",0.8832,1,0.907772,0,0.042,5,2,FALSE,FALSE,FALSE
"GENE0131","GENE0131_HUMAN","P41335","Protein GENE0131",0.227,1,0.45488,0,0.3421,5,3,FALSE,FALSE,FALSE
"DDX5","DDX5_HUMAN","P43479","Protein DDX5",0.3598,1,0.63758,0,0.1955,3,4,TRUE,FALSE,FALSE
"GENE1848","GENE1848_HUMAN","P58659","Protein GENE1848",-0.1331,0.860231,0.20589,0.2288,0.6864,4,5,FALSE,FALSE,FALSE
"GENE0144","GENE0144_HUMAN","P22461","Protein GENE0144",-0.0118,1,0.44974,0,0.347,5,5,FALSE,FALSE,FALSE
"GENE1711","GENE1711_HUMAN","P10673","Protein GENE1711",-0.3949,1,0.800407,0,0.0967,3,3,FALSE,FALSE,FALSE
"GENE2432","GENE2432_HUMAN","P86289","Protein GENE2432",0.1206,1,0.804933,0,0.0942,6,5,FALSE,FALSE,FALSE
"GENE0002","GENE0002_HUMAN","P29856","Protein GENE0002",-0.2259,1,0.32376,0.248,0.4898,2,5,FALSE,FALSE,FALSE
"GENE1342","GENE1342_HUMAN","P01222","Protein GENE1342",0.295,0.331145,0.089734,0.5121,1.047,6,3,FALSE,FALSE,FALSE
"GENE2544","GENE2544_HUMAN","P50907","Protein GENE2544",-0.0517,1,0.689517,0,0.1615,2,2,FALSE,FALSE,FALSE
"GENE1153","GENE1153_HUMAN","P79150","Protein GENE1153",0.9493,0.064227,0.048827,0.7134,1.3113,5,3,FALSE,FALSE,TRUE
"GENE1263","GENE1263_HUMAN","P70190","Protein GENE1263",0.6078,1,0.78813,0,0.1034,5,6,FALSE,FALSE,FALSE
"GENE0335","GENE0335_HUMAN","P05816","Protein GENE0335",0.3954,1,0.350771,0,0.455,4,2,FALSE,FALSE,FALSE
"GENE1676","GENE1676_HUMAN","P00863","Protein GENE1676",-0.3727,0.316954,0.074225,0.6575,1.1295,6,4,TRUE,FALSE,FALSE
"GENE0190","GENE0190_HUMAN","P54911","Protein GENE0190",-0.6378,1,0.881092,0,0.055,3,2,FALSE,FALSE,FALSE
"GENE0026","GENE0026_HUMAN","P96687","Protein GENE0026",-0.1722,1,0.607236,0,0.2166,5,4,FALSE,FALSE,FALSE
"GENE2611","GENE2611_HUMAN","P96533","Protein GENE2611",-0.186,1,0.991278,0,0.0038,6,4,FALSE,FALSE,FALSE
"GENE1979","GENE1979_HUMAN","P41299","Protein GENE1979",-0.7345,1,0.845496,0,0.0729,2,6,FALSE,FALSE,FALSE
"GENE2337","GENE2337_HUMAN","P43496","Protein GENE2337",0.7367,0.83657,0.239639,0,0.6204,3,4,FALSE,FALSE,FALSE
"GENE2016","GENE2016_HUMAN","P84799","Protein GENE2016",0.3572,1,0.627032,0,0.2027,4,6,FALSE,FALSE,FALSE
"GENE2101","GENE2101_HUMAN","P80039","Protein GENE2101",-0.2348,0.398747,0.209282,0.0104,0.6793,5,4,TRUE,FALSE,FALSE
"GENE0071","GENE0071_HUMAN","P98388","Protein GENE0071",-0.4172,0.271055,0.263679,0.2551,0.5789,5,2,FALSE,FALSE,FALSE
"GENE2247","GENE2247_HUMAN","P90574","Protein GENE2247",1.2649,0.105275,0.03053,1.0921,1.5153,3,4,FALSE,FALSE,TRUE
"GENE0904","GENE0904_HUMAN","P15957","Protein GENE0904",-0.1736,1,0.803612,0,0.095,5,2,FALSE,FALSE,FALSE
"GENE2682","GENE2682_HUMAN","P06137","Protein GENE2682",-0.7668,1,0.779348,0,0.1083,2,2,TRUE,FALSE,FALSE
"GENE2573","GENE2573_HUMAN","P53645","Protein GENE2573",0.3538,1,0.874722,0,0.0581,2,5,FALSE,FALSE,FALSE
"GENE0616","GENE0616_HUMAN","P10608","Protein GENE0616",0.3355,0.762536,0.564573,0,0.2483,4,5,FALSE,FALSE,FALSE
"GENE1536","GENE1536_HUMAN","P81702","Protein GENE1536",0.3367,1,0.32587,0.2289,0.487,2,4,FALSE,FALSE,FALSE
"GENE0374","GENE0374_HUMAN","P79658","Protein GENE0374",-0.6578,1,0.765649,0,0.116,2,2,FALSE,FALSE,FALSE
"GENE1346","GENE1346_HUMAN","P61001","Protein GENE1346",-2.2564,0.071472,0.015586,1.1666,1.8073,4,5,FALSE,TRUE,TRUE
"GENE0882","GENE0882_HUMAN","P12758","Protein GENE0882",0.6893,0.679526,0.603562,0,0.2193,4,3,FALSE,FALSE,FALSE
"GENE0283","GENE0283_HUMAN","P03455","Protein GENE0283",-0.2277,0.561085,0.52263,0,0.2818,5,4,FALSE,FALSE,FALSE
"GENE0732","GENE0732_HUMAN","P66343","Protein GENE0732",-0.0016,1,0.932564,0,0.0303,2,6,FALSE,FALSE,FALSE
"GENE2093","GENE2093_HUMAN","P47718","Protein GENE2093",1.0581,0.113412,0.036947,1.2535,1.4324,2,2,FALSE,FALSE,TRUE
"GENE1294","GENE1294_HUMAN","P22083","Protein GENE1294",0.1245,1,0.959317,0,0.018,4,4,TRUE,TRUE,FALSE
"WNK1","WNK1_HUMAN","P06719","Protein WNK1",2.4213,0.048137,0.033133,0.8713,1.4797,5,5,FALSE,FALSE,TRUE
"GENE0370","GENE0370_HUMAN","P32334","Protein GENE0370",3.8503,0.030472,0.00641,1.8578,2.1932,6,2,FALSE,FALSE,TRUE
"GENE2164","GENE2164_HUMAN","P49532","Protein GENE2164",0.0049,1,0.87598,0,0.0575,3,3,FALSE,FALSE,FALSE
"GENE1289","GENE1289_HUMAN","P24118","Protein GENE1289",0.5889,0.742266,0.309297,0.2664,0.5096,6,2,TRUE,FALSE,FALSE
"GENE0615","GENE0615_HUMAN","P70377","Protein GENE0615",0.4523,0.72585,0.604577,0,0.2185,4,5,FALSE,TRUE,FALSE
"GENE0485","GENE0485_HUMAN","P82042","Protein GENE0485",3.9618,0.20856,0.04898,0.6184,1.31,3,3,FALSE,FALSE,TRUE
"GENE0378","GENE0378_HUMAN","P87584","Protein GENE0378",0.8432,0.088012,0.024207,1.2333,1.6161,4,3,FALSE,FALSE,TRUE
"GENE1686","GENE1686_HUMAN","P44156","Protein GENE1686",0.4745,1,0.708344,0,0.1498,3,6,TRUE,FALSE,FALSE
"GENE1176","GENE1176_HUMAN","P81749","Protein GENE1176",0.1087,0.217976,0.064281,0.8828,1.1919,6,5,FALSE,FALSE,FALSE
"GENE0270","GENE0270_HUMAN","P38353","Protein GENE0270",0.0244,1,0.313908,0,0.5032,2,4,FALSE,TRUE,FALSE
"GENE2768","GENE2768_HUMAN","P82503","Protein GENE2768",0.2008,1,0.36852,0.0569,0.4335,5,4,FALSE,FALSE,FALSE
"GENE0024","GENE0024_HUMAN","P92172","Protein GENE0024",0.4859,1,0.450778,0,0.346,3,3,FALSE,FALSE,FALSE
"GENE1845","GENE1845_HUMAN","P90850","Protein GENE1845",-0.2182,1,0.718469,0,0.1436,4,4,FALSE,FALSE,FALSE
"GENE2583","GENE2583_HUMAN","P67597","Protein GENE2583",0.3756,1,0.423307,0,0.3733,5,6,FALSE,FALSE,FALSE
"GENE1557","GENE1557_HUMAN","P88764","Protein GENE1557",1.5943,0.024301,0.020052,1.0038,1.6978,2,5,FALSE,FALSE,TRUE
"GENE1836","GENE1836_HUMAN","P28169","Protein GENE1836",-0.7307,1,0.561302,0,0.2508,6,6,FALSE,FALSE,FALSE
"GENE0551","GENE0551_HUMAN","P40035","Protein GENE0551",-0.6245,1,0.906582,0,0.0426,2,3,FALSE,FALSE,FALSE
"GENE0598","GENE0598_HUMAN","P46066","Protein GENE0598",0.615,1,0.61102,0.0203,0.2139,5,6,FALSE,FALSE,FALSE
"GENE0795","GENE0795_HUMAN","P45733","Protein GENE0795",0.0195,1,0.428055,0,0.3685,4,2,FALSE,FALSE,FALSE
"GENE2601","GENE2601_HUMAN","P85939","Protein GENE2601",-0.0967,0.423874,0.090138,0.4109,1.0451,5,5,FALSE,FALSE,FALSE
"GENE2315","GENE2315_HUMAN","P96817","Protein GENE2315",1.9167,0.023138,0.011824,1.2548,1.9273,3,4,FALSE,FALSE,TRUE
"GENE0048","GENE0048_HUMAN","P71021","Protein GENE0048",0.5776,1,0.347507,0,0.459,4,4,FALSE,FALSE,FALSE
"GENE1612","GENE1612_HUMAN","P62003","Protein GENE1612",1.0335,0.078329,0.018381,1.2312,1.7356,2,3,TRUE,FALSE,TRUE
"GENE0953","GENE0953_HUMAN","P70734","Protein GENE0953",-0.4671,0.7238,0.240685,0.3162,0.6186,5,6,FALSE,FALSE,FALSE
"GENE1446","GENE1446_HUMAN","P10493","Protein GENE1446",-1.0377,1,0.82529,0,0.0834,3,6,FALSE,FALSE,FALSE
"GENE2587","GENE2587_HUMAN","P59215","Protein GENE2587",-0.1239,1,0.3537,0,0.4514,3,2,TRUE,FALSE,FALSE
"GENE0138","GENE0138_HUMAN","P75070","Protein GENE0138",0.4806,0.240989,0.133094,0.44,0.8758,6,4,FALSE,FALSE,FALSE
"GENE1235","GENE1235_HUMAN","P75616","Protein GENE1235",-0.0454,1,0.446928,0,0.3498,6,6,FALSE,FALSE,FALSE
"GENE1873","GENE1873_HUMAN","P26145","Protein GENE1873",-0.1941,1,0.716112,0,0.145,2,4,FALSE,FALSE,FALSE
"GENE2675","GENE2675_HUMAN","P90459","Protein GENE2675",0.4731,1,0.78412,0,0.1056,5,2,TRUE,FALSE,FALSE
"GENE1930","GENE1930_HUMAN","P86290","Protein GENE1930",0.1534,1,0.440874,0.2537,0.3557,6,3,FALSE,FALSE,FALSE
"GENE2767","GENE2767_HUMAN","P04930","Protein GENE2767",-4.244,0.079017,0.033148,0.9919,1.4795,3,6,FALSE,FALSE,TRUE
"GENE1614","GENE1614_HUMAN","P19753","Protein GENE1614",0.2807,1,0.689001,0.1354,0.1618,5,3,FALSE,FALSE,FALSE
"GENE1726","GENE1726_HUMAN","P09063","Protein GENE1726",-0.3021,1,0.387229,0,0.412,3,3,FALSE,FALSE,FALSE
"GENE0178","GENE0178_HUMAN","P91162","Protein GENE0178",0.2572,0.556962,0.348608,0,0.4577,3,2,FALSE,FALSE,FALSE
"GENE1909","GENE1909_HUMAN","P66255","Protein GENE1909",-3.111,0.021347,0.004279,1.6881,2.3687,3,3,FALSE,FALSE,TRUE
"GENE0801","GENE0801_HUMAN","P19656","Protein GENE0801",0.2755,0.889725,0.376515,0,0.4242,5,2,FALSE,FALSE,FALSE
"GENE0342","GENE0342_HUMAN","P21396","Protein GENE0342",3.9294,0.089892,0.02978,1.1064,1.5261,4,2,FALSE,FALSE,TRUE
"GENE0511","GENE0511_HUMAN","P65301","Protein GENE0511",0.446,1,0.314833,0,0.5019,6,2,FALSE,FALSE,FALSE
"GENE2450","GENE2450_HUMAN","P91015","Protein GENE2450",0.4592,0.28809,0.07827,0.498,1.1064,2,5,FALSE,FALSE,FALSE
"GENE1376","GENE1376_HUMAN","P21949","Protein GENE1376",-0.0922,1,0.504742,0,0.2969,3,4,FALSE,FALSE,FALSE
"GENE1293","GENE1293_HUMAN","P41404","Protein GENE1293",-0.0265,1,0.432483,0.3577,0.364,4,6,TRUE,FALSE,FALSE
"MED23","MED23_HUMAN","P67190","Protein MED23",3.5954,0.009653,0.002345,2.0347,2.6299,4,5,FALSE,FALSE,TRUE
"GENE2890","GENE2890_HUMAN","P37638","Protein GENE2890",0.3022,1,0.848595,0,0.0713,2,5,FALSE,FALSE,FALSE
"GENE1890","GENE1890_HUMAN","P28935","Protein GENE1890",0.0091,1,0.680538,0,0.1671,6,4,FALSE,FALSE,FALSE
"GENE2536","GENE2536_HUMAN","P91792","Protein GENE2536",-0.1142,1,0.381207,0,0.4188,2,3,FALSE,FALSE,FALSE
"GENE1550","GENE1550_HUMAN","P21056","Protein GENE1550",-1.0455,1,0.672695,0,0.1722,6,4,FALSE,FALSE,FALSE
"GENE0238","GENE0238_HUMAN","P82657","Protein GENE0238",-0.0091,1,0.319152,0,0.496,2,3,FALSE,FALSE,FALSE
"GENE1799","GENE1799_HUMAN","P81794","Protein GENE1799",-4.4518,0.013861,0.007464,1.5769,2.127,5,4,FALSE,FALSE,TRUE
"GENE1391","GENE1391_HUMAN","P36555","Protein GENE1391",2.9174,0.173015,0.039249,0.7483,1.4062,4,6,FALSE,FALSE,TRUE
"GENE1761","GENE1761_HUMAN","P61715","Protein GENE1761",0.6483,1,0.507781,0.1967,0.2943,2,4,FALSE,FALSE,FALSE
"GENE1467","GENE1467_HUMAN","P43037","Protein GENE1467",0.5384,1,0.992083,0,0.0035,2,3,FALSE,FALSE,FALSE
"GENE2866","GENE2866_HUMAN","P88195","Protein GENE2866",1.1445,1,0.285816,0,0.5439,3,2,FALSE,FALSE,FALSE
"GENE1253","GENE1253_HUMAN","P13803","Protein GENE1253",0.7057,1,0.520449,0,0.2836,2,2,FALSE,FALSE,FALSE
"GENE2110","GENE2110_HUMAN","P99714","Protein GENE2110",3.5263,0.151772,0.043802,0.9981,1.3585,4,6,FALSE,TRUE,TRUE
"GENE2867","GENE2867_HUMAN","P85712","Protein GENE2867",-0.5806,0.173053,0.066801,0.914,1.1752,3,2,FALSE,FALSE,FALSE
"GENE0258","GENE0258_HUMAN","P02351","Protein GENE0258",2.3863,0.047068,0.010998,1.7009,1.9587,6,4,FALSE,FALSE,TRUE
"GENE2818","GENE2818_HUMAN","P88592","Protein GENE2818",4.4167,0.189386,0.042712,0.8082,1.3695,5,5,TRUE,FALSE,TRUE
"GENE0611","GENE0611_HUMAN","P93488","Protein GENE0611",-0.7463,1,0.707058,0,0.1505,4,5,FALSE,TRUE,FALSE
"GENE2024","GENE2024_HUMAN","P27739","Protein GENE2024",0.3377,1,0.5897,0,0.2294,6,2,FALSE,FALSE,FALSE
"GENE0074","GENE0074_HUMAN","P30260","Protein GENE0074",-0.3814,1,0.579778,0,0.2367,4,6,FALSE,FALSE,FALSE
"GENE1706","GENE1706_HUMAN","P64253","Protein GENE1706",3.6435,0.033577,0.011327,1.9277,1.9459,3,6,FALSE,FALSE,TRUE
"GENE1159","GENE1159_HUMAN","P40433","Protein GENE1159",-0.5836,1,0.443769,0,0.3528,6,2,FALSE,FALSE,FALSE
"GENE0803","GENE0803_HUMAN","P46487","Protein GENE0803",2.5548,0.012881,0.012867,1.2018,1.8905,2,3,FALSE,FALSE,TRUE
"GENE0357","GENE0357_HUMAN","P64590","Protein GENE0357",-2.0829,0.107347,0.039784,0.7929,1.4003,4,5,TRUE,FALSE,TRUE
"PABPC1","PABPC1_HUMAN","P32313","Protein PABPC1",0.7605,0.032831,0.012111,1.3606,1.9168,5,2,FALSE,FALSE,TRUE
"GENE2243","GENE2243_HUMAN","P69079","Protein GENE2243",-0.0144,1,0.633363,0,0.1983,2,3,FALSE,FALSE,FALSE
"GENE0492","GENE0492_HUMAN","P90283","Protein GENE0492",3.5019,0.076978,0.0342,0.8465,1.466,2,2,FALSE,FALSE,TRUE
"GENE2380","GENE2380_HUMAN","P65010","Protein GENE2380",-0.3978,1,0.591184,0,0.2283,4,4,TRUE,FALSE,FALSE
"GENE1459","GENE1459_HUMAN","P67755","Protein GENE1459",3.0521,0.013171,0.004111,2.1273,2.386,4,4,FALSE,FALSE,TRUE
"GENE1508","GENE1508_HUMAN","P59408","Protein GENE1508",-0.4729,0.308906,0.147079,0.6261,0.8325,6,6,FALSE,FALSE,FALSE
"GENE0944","GENE0944_HUMAN","P53864","Protein GENE0944",0.0014,1,0.572097,0,0.2425,6,3,FALSE,FALSE,FALSE
"GENE2298","GENE2298_HUMAN","P37650","Protein GENE2298",-0.273,1,0.737964,0,0.132,6,3,FALSE,TRUE,FALSE
"GENE1131","GENE1131_HUMAN","P34258","Protein GENE1131",-0.0576,1,0.503611,0,0.2979,4,4,FALSE,FALSE,FALSE
"GENE2053","GENE2053_HUMAN","P58405","Protein GENE2053",-0.3203,0.879013,0.359478,0,0.4443,4,3,FALSE,FALSE,FALSE
"GENE1462","GENE1462_HUMAN","P52525","Protein GENE1462",1.9952,0.127343,0.036189,0.7822,1.4414,5,5,FALSE,FALSE,TRUE
"GENE1996","GENE1996_HUMAN","P01052","Protein GENE1996",-0.2162,1,0.956187,0,0.0195,2,4,FALSE,FALSE,FALSE
"GENE0913","GENE0913_HUMAN","P43823","Protein GENE0913",0.5034,0.468779,0.21987,0.4646,0.6578,3,6,TRUE,FALSE,FALSE
"GENE1496","GENE1496_HUMAN","P77856","Protein GENE1496",0.85,0.227948,0.047589,0.7645,1.3225,2,4,FALSE,TRUE,TRUE
"GENE0504","GENE0504_HUMAN","P86433","Protein GENE0504",0.0544,1,0.352067,0.1018,0.4534,4,4,FALSE,FALSE,FALSE
"GENE1674","GENE1674_HUMAN","P89866","Protein GENE1674",0.1336,0.13679,0.085611,0.702,1.0675,6,3,FALSE,FALSE,FALSE
"GENE1767","GENE1767_HUMAN","P10894","Protein GENE1767",0.0306,1,0.492725,0,0.3074,5,3,FALSE,TRUE,FALSE
"GENE1815","GENE1815_HUMAN","P68939","Protein GENE1815",0.3245,1,0.595738,0,0.2249,4,5,FALSE,FALSE,FALSE
"GENE1450","GENE1450_HUMAN","P37735","Protein GENE1450",0.2991,0.182156,0.114025,0.502,0.943,2,2,TRUE,FALSE,FALSE
"GENE2325","GENE2325_HUMAN","P50821","Protein GENE2325",-0.4682,1,0.537161,0.169,0.2699,6,4,FALSE,FALSE,FALSE
"GENE2504","GENE2504_HUMAN","P48117","Protein GENE2504",0.16,1,0.991785,0,0.0036,6,4,FALSE,FALSE,FALSE
"GENE2029","GENE2029_HUMAN","P35527","Protein GENE2029",0.3157,1,0.813265,0,0.0898,3,2,FALSE,FALSE,FALSE
"GENE1221","GENE1221_HUMAN","P19870","Protein GENE1221",2.2787,0.069718,0.035807,0.7719,1.446,4,5,TRUE,FALSE,TRUE
"GENE0886","GENE0886_HUMAN","P55945","Protein GENE0886",1.0494,1,0.78901,0,0.1029,2,5,FALSE,FALSE,FALSE
"GENE1999","GENE1999_HUMAN","P59572","Protein GENE1999",4.2386,0.114831,0.044038,0.902,1.3562,3,3,FALSE,FALSE,TRUE
"GENE0846","GENE0846_HUMAN","P14121","Protein GENE0846",-0.4911,0.877335,0.386549,0.0945,0.4128,5,2,FALSE,FALSE,FALSE
"GENE0157","GENE0157_HUMAN","P56364","Protein GENE0157",-0.0031,1,0.83803,0,0.0767,5,3,FALSE,FALSE,FALSE
"GENE2173","GENE2173_HUMAN","P26622","Protein GENE2173",-0.2332,0.142125,0.106708,0.4001,0.9718,3,5,FALSE,FALSE,FALSE
"GENE2616","GENE2616_HUMAN","P06937","Protein GENE2616",0.0446,1,0.367998,0.3568,0.4342,4,6,FALSE,FALSE,FALSE
"GENE2431","GENE2431_HUMAN","P66676","Protein GENE2431",-1.9356,0.003271,0.000753,3.0179,3.1229,5,6,FALSE,FALSE,TRUE
"GENE0856","GENE0856_HUMAN","P48835","Protein GENE0856",2.8029,0.16656,0.034155,0.9963,1.4665,4,4,FALSE,FALSE,TRUE
"GENE2580","GENE2580_HUMAN","P43362","Protein GENE2580",2.574,0.077611,0.032634,0.9472,1.4863,5,4,FALSE,FALSE,TRUE
"GENE2202","GENE2202_HUMAN","P87599","Protein GENE2202",-0.0287,1,0.612388,0,0.213,3,4,FALSE,TRUE,FALSE
"GENE2238","GENE2238_HUMAN","P51592","Protein GENE2238",-0.1756,0.20805,0.085078,0.8817,1.0702,4,3,FALSE,FALSE,FALSE
"GENE1505","GENE1505_HUMAN","P71625","Protein GENE1505",-0.318,1,0.816463,0,0.0881,2,5,FALSE,FALSE,FALSE
"GENE0045","GENE0045_HUMAN","P56868","Protein GENE0045",-0.5473,1,0.500294,0,0.3008,6,3,FALSE,FALSE,FALSE
"GENE0305","GENE0305_HUMAN","P50138","Protein GENE0305",-0.0586,0.788878,0.61017,0,0.2145,2,2,FALSE,TRUE,FALSE
"GENE0507","GENE0507_HUMAN","P06698","Protein GENE0507",-1.7799,0.076343,0.038559,1.0371,1.4139,3,5,FALSE,TRUE,TRUE
"GENE1177","GENE1177_HUMAN","P25459","Protein GENE1177",0.1797,1,0.883778,0,0.0537,2,3,TRUE,FALSE,FALSE
"GENE2402","GENE2402_HUMAN","P41759","Protein GENE2402",-2.2975,0.195328,0.04097,1.1556,1.3875,3,5,FALSE,FALSE,TRUE
"GENE0397","GENE0397_HUMAN","P72106","Protein GENE0397",-3.8643,0.178065,0.039877,0.9891,1.3993,2,5,TRUE,FALSE,TRUE
"GENE1355","GENE1355_HUMAN","P77447","Protein GENE1355",4.0906,0.114529,0.026734,0.9487,1.5729,5,3,TRUE,TRUE,TRUE
"GENE2487","GENE2487_HUMAN","P33825","Protein GENE2487",0.1462,1,0.940355,0,0.0267,2,5,FALSE,FALSE,FALSE
"GENE0222","GENE0222_HUMAN","P34070","Protein GENE0222",-0.1406,0.667672,0.537513,0.1034,0.2696,3,6,FALSE,FALSE,FALSE
"GENE0329","GENE0329_HUMAN","P84556","Protein GENE0329",3.8537,0.168254,0.035735,0.8338,1.4469,6,3,FALSE,FALSE,TRUE
"GENE0746","GENE0746_HUMAN","P96278","Protein GENE0746",4.1171,0.13395,0.042304,0.7664,1.3736,5,5,FALSE,FALSE,TRUE
"GENE1225","GENE1225_HUMAN","P39356","Protein GENE1225",-0.9817,1,0.75677,0,0.121,5,4,TRUE,FALSE,FALSE
"GENE1941","GENE1941_HUMAN","P73541","Protein GENE1941",-0.5615,0.544814,0.308796,0,0.5103,4,5,TRUE,FALSE,FALSE
"GENE1019","GENE1019_HUMAN","P57897","Protein GENE1019",0.0338,0.642213,0.373591,0.408,0.4276,3,3,FALSE,FALSE,FALSE
"GENE1360","GENE1360_HUMAN","P95020","Protein GENE1360",0.1668,0.649024,0.322662,0.0718,0.4913,3,4,FALSE,FALSE,FALSE
"GENE0928","GENE0928_HUMAN","P13570","Protein GENE0928",-0.0993,1,0.824431,0,0.0838,4,3,FALSE,FALSE,FALSE
"GENE0977","GENE0977_HUMAN","P92644","Protein GENE0977",0.2879,1,0.944276,0,0.0249,3,6,FALSE,FALSE,FALSE
"GENE0407","GENE0407_HUMAN","P59907","Protein GENE0407",-0.001,1,0.930218,0,0.0314,2,3,FALSE,FALSE,FALSE
"GENE0811","GENE0811_HUMAN","P24118","Protein GENE0811",2.217,0.047096,0.019933,1.142,1.7004,2,2,FALSE,TRUE,TRUE
"GENE1256","GENE1256_HUMAN","P73119","Protein GENE1256",0.0168,0.987479,0.328856,0,0.483,3,3,FALSE,FALSE,FALSE
"GENE1599","GENE1599_HUMAN","P70860","Protein GENE1599",1.079,1,0.769394,0,0.1139,2,4,FALSE,FALSE,FALSE
"GENE1547","GENE1547_HUMAN","P38021","Protein GENE1547",-0.1681,0.987646,0.936616,0,0.0284,2,4,FALSE,TRUE,FALSE
"GENE1753","GENE1753_HUMAN","P47280","Protein GENE1753",0.0044,0.654279,0.497738,0,0.303,3,5,FALSE,FALSE,FALSE
"GENE2176","GENE2176_HUMAN","P26120","Protein GENE2176",-0.0943,1,0.652168,0,0.1856,2,3,FALSE,FALSE,FALSE
"GENE0415","GENE0415_HUMAN","P90449","Protein GENE0415",-0.3109,0.971404,0.222516,0.022,0.6526,6,4,FALSE,FALSE,FALSE
"GENE1476","GENE1476_HUMAN","P17886","Protein GENE1476",0.6271,1,0.526402,0,0.2787,4,2,FALSE,FALSE,FALSE
"GENE0020","GENE0020_HUMAN","P44154","Protein GENE0020",0.528,1,0.944211,0,0.0249,4,5,FALSE,FALSE,FALSE
"GENE2322","GENE2322_HUMAN","P59299","Protein GENE2322",-0.119,0.339651,0.195778,0.4471,0.7082,6,3,FALSE,FALSE,FALSE
"DDRGK1","DDRGK1_HUMAN","P33720","Protein DDRGK1",3.287,0.02771,0.007087,1.5017,2.1495,4,3,FALSE,FALSE,TRUE
"GENE1958","GENE1958_HUMAN","P20218","Protein GENE1958",0.0104,1,0.561824,0,0.2504,3,6,FALSE,FALSE,FALSE
"GENE2275","GENE2275_HUMAN","P93109","Protein GENE2275",0.1646,1,0.957342,0,0.0189,6,3,FALSE,FALSE,FALSE
"GENE1863","GENE1863_HUMAN","P40259","Protein GENE1863",0.6923,1,0.945147,0,0.0245,5,4,FALSE,FALSE,FALSE
"GENE0418","GENE0418_HUMAN","P25807","Protein GENE0418",0.0854,0.317258,0.094702,0.6374,1.0236,3,5,FALSE,FALSE,FALSE
"GENE1959","GENE1959_HUMAN","P40151","Protein GENE1959",0.4223,0.476555,0.220329,0.2364,0.6569,3,4,FALSE,FALSE,FALSE
"GENE0985","GENE0985_HUMAN","P63754","Protein GENE0985",-3.8391,0.025568,0.012543,1.2912,1.9016,2,3,FALSE,FALSE,TRUE
"GENE0072","GENE0072_HUMAN","P18124","Protein GENE0072",-0.0361,1,0.861677,0,0.0647,4,6,FALSE,FALSE,FALSE
"GENE1964","GENE1964_HUMAN","P05848","Protein GENE1964",-0.0335,0.626353,0.150851,0.3537,0.8215,6,5,FALSE,FALSE,FALSE
"GENE0139","GENE0139_HUMAN","P95673","Protein GENE0139",-0.1879,1,0.457222,0,0.3399,6,3,FALSE,FALSE,FALSE
"GENE2727","GENE2727_HUMAN","P71305","Protein GENE2727",-2.6443,0.033469,0.025993,1.0109,1.5851,5,5,FALSE,FALSE,TRUE
"GENE2570","GENE2570_HUMAN","P44323","Protein GENE2570",-0.7464,1,0.736466,0,0.1328,6,3,TRUE,FALSE,FALSE
"GENE0700","GENE0700_HUMAN","P31543","Protein GENE0700",4.2108,0.045871,0.015273,1.4245,1.8161,4,3,FALSE,TRUE,TRUE
"GENE2559","GENE2559_HUMAN","P76907","Protein GENE2559",0.5327,0.898849,0.198902,0.3407,0.7014,4,4,TRUE,FALSE,FALSE
"GENE0813","GENE0813_HUMAN","P40009","Protein GENE0813",2.083,0.043502,0.015853,1.491,1.7999,5,6,FALSE,FALSE,TRUE
"GENE0481","GENE0481_HUMAN","P23844","Protein GENE0481",-0.0902,0.329798,0.310768,0.1052,0.5076,4,3,FALSE,FALSE,FALSE
"GENE1232","GENE1232_HUMAN","P58151","Protein GENE1232",0.0031,1,0.539495,0,0.268,4,6,FALSE,FALSE,FALSE
"GENE2678","GENE2678_HUMAN","P85540","Protein GENE2678",4.0552,0.046661,0.009841,1.5633,2.007,4,6,FALSE,FALSE,TRUE
"GENE0049","GENE0049_HUMAN","P73673","Protein GENE0049",-0.1726,1,0.905207,0,0.0433,5,3,FALSE,FALSE,FALSE
"GENE1841","GENE1841_HUMAN","P29575","Protein GENE1841",0.6703,0.495912,0.257535,0.5653,0.5892,4,3,FALSE,TRUE,FALSE
"GENE2159","GENE2159_HUMAN","P59947","Protein GENE2159",0.3799,0.723571,0.313722,0.0143,0.5035,4,3,FALSE,FALSE,FALSE
"GENE0863","GENE0863_HUMAN","P44123","Protein GENE0863",0.1116,0.153536,0.066237,0.6167,1.1789,6,2,FALSE,FALSE,FALSE
"GENE0291","GENE0291_HUMAN","P16346","Protein GENE0291",-0.275,1,0.921007,0,0.0357,6,6,FALSE,FALSE,FALSE
"GENE1325","GENE1325_HUMAN","P34154","Protein GENE1325",-0.1256,1,0.510675,0,0.2919,6,3,FALSE,FALSE,FALSE
"GENE2716","GENE2716_HUMAN","P23749","Protein GENE2716",-0.0705,0.803336,0.56735,0,0.2461,2,3,FALSE,FALSE,FALSE
"GENE2773","GENE2773_HUMAN","P57411","Protein GENE2773",-4.1713,0.066121,0.019163,1.3009,1.7175,4,5,FALSE,FALSE,TRUE
"GENE2476","GENE2476_HUMAN","P67085","Protein GENE2476",-0.441,0.796514,0.452657,0,0.3442,6,3,FALSE,FALSE,FALSE
"GENE0273","GENE0273_HUMAN","P25941","Protein GENE0273",0.063,0.348121,0.146332,0.5772,0.8347,2,6,FALSE,FALSE,FALSE
"GENE0296","GENE0296_HUMAN","P57549","Protein GENE0296",-0.1909,1,0.809649,0,0.0917,4,3,FALSE,FALSE,FALSE
"GENE1141","GENE1141_HUMAN","P30945","Protein GENE1141",-0.5648,1,0.953345,0,0.0207,3,2,FALSE,FALSE,FALSE
"GENE1335","GENE1335_HUMAN","P59476","Protein GENE1335",-0.3825,0.158711,0.158322,0.1028,0.8005,2,4,FALSE,FALSE,FALSE
"GENE0908","GENE0908_HUMAN","P94795","Protein GENE0908",0.0441,0.796702,0.402247,0.2279,0.3955,2,5,FALSE,FALSE,FALSE
"GPATCH8","GPATCH8_HUMAN","P45728","Protein GPATCH8",-0.215,1,0.456771,0,0.3403,5,4,FALSE,FALSE,FALSE
"GENE2445","GENE2445_HUMAN","P39790","Protein GENE2445",-0.2515,0.673222,0.163394,0.219,0.7868,2,4,FALSE,TRUE,FALSE
"GENE2208","GENE2208_HUMAN","P11653","Protein GENE2208",0.6497,0.736613,0.43962,0,0.3569,6,4,FALSE,TRUE,FALSE
"GENE1268","GENE1268_HUMAN","P98557","Protein GENE1268",-0.009,1,0.92963,0,0.0317,2,5,FALSE,FALSE,FALSE
"GENE0544","GENE0544_HUMAN","P02366","Protein GENE0544",0.6429,0.828867,0.232641,0.256,0.6333,3,3,FALSE,FALSE,FALSE
"GENE2240","GENE2240_HUMAN","P74966","Protein GENE2240",-0.1978,1,0.863823,0,0.0636,2,6,FALSE,FALSE,FALSE
"GENE1292","GENE1292_HUMAN","P34885","Protein GENE1292",-0.3372,1,0.8035,0,0.095,5,5,FALSE,FALSE,FALSE
"GENE0622","GENE0622_HUMAN","P01114","Protein GENE0622",0.299,0.643114,0.389051,0,0.41,3,6,FALSE,FALSE,FALSE
"GENE0816","GENE0816_HUMAN","P64185","Protein GENE0816",-0.3818,0.40246,0.113354,0.5685,0.9456,6,3,FALSE,FALSE,FALSE
"GENE1161","GENE1161_HUMAN","P10146","Protein GENE1161",0.2599,1,0.569653,0.1295,0.2444,3,5,FALSE,FALSE,FALSE
"GENE2590","GENE2590_HUMAN","P18612","Protein GENE2590",0.0185,1,0.728667,0,0.1375,2,2,FALSE,FALSE,FALSE
"GENE2769","GENE2769_HUMAN","P45194","Protein GENE2769",0.2869,0.284232,0.067948,0.6227,1.1678,5,2,FALSE,FALSE,FALSE
"GENE1667","GENE1667_HUMAN","P38064","Protein GENE1667",0.0264,1,0.513199,0,0.2897,4,6,TRUE,FALSE,FALSE
"GENE2697","GENE2697_HUMAN","P44157","Protein GENE2697",0.9225,0.875106,0.566684,0.0837,0.2467,4,2,FALSE,FALSE,FALSE
"GENE1596","GENE1596_HUMAN","P72206","Protein GENE1596",-0.1126,0.075493,0.066826,0.6063,1.1751,4,4,FALSE,FALSE,FALSE
"GENE1650","GENE1650_HUMAN","P30172","Protein GENE1650",-0.0202,1,0.938213,0,0.0277,3,6,FALSE,TRUE,FALSE
"GENE0836","GENE0836_HUMAN","P09011","Protein GENE0836",-0.4513,1,0.886823,0,0.0522,3,2,FALSE,FALSE,FALSE
"GENE1297","GENE1297_HUMAN","P79159","Protein GENE1297",-3.5458,0.112321,0.034846,0.9248,1.4579,3,6,FALSE,FALSE,TRUE
"GENE0675","GENE0675_HUMAN","P94649","Protein GENE0675",0.2586,1,0.540186,0,0.2675,3,3,TRUE,TRUE,FALSE
"GENE1906","GENE1906_HUMAN","P92528","Protein GENE1906",0.2318,1,0.475746,0,0.3226,6,5,FALSE,FALSE,FALSE
"GENE0626","GENE0626_HUMAN","P07460","Protein GENE0626",0.2523,0.914987,0.673267,0,0.1718,3,5,FALSE,FALSE,FALSE
"GENE2671","GENE2671_HUMAN","P98753","Protein GENE2671",0.301,1,0.988321,0,0.0051,3,2,FALSE,FALSE,FALSE
"GENE1286","GENE1286_HUMAN","P75529","Protein GENE1286",-0.0115,0.272863,0.204021,0.4622,0.6903,2,2,FALSE,FALSE,FALSE
"GENE0195","GENE0195_HUMAN","P06290","Protein GENE0195",-0.3837,1,0.508202,0,0.294,5,4,TRUE,FALSE,FALSE
"GENE1946","GENE1946_HUMAN","P10590","Protein GENE1946",-0.4778,0.792206,0.410401,0.3683,0.3868,4,3,FALSE,FALSE,FALSE
"GENE0595","GENE0595_HUMAN","P73839","Protein GENE0595",-4.4256,0.022946,0.018546,1.1494,1.7318,4,2,FALSE,FALSE,TRUE
"GENE1587","GENE1587_HUMAN","P41229","Protein GENE1587",-0.429,0.317825,0.158186,0.3687,0.8008,4,5,FALSE,FALSE,FALSE
"GENE2510","GENE2510_HUMAN","P20326","Protein GENE2510",0.5239,1,0.455929,0,0.3411,4,3,TRUE,FALSE,FALSE
"GENE1902","GENE1902_HUMAN","P49289","Protein GENE1902",0.9005,0.058429,0.026117,0.9792,1.5831,3,6,FALSE,FALSE,TRUE
"GENE0080","GENE0080_HUMAN","P15846","Protein GENE0080",-0.4399,0.460035,0.376373,0,0.4244,6,5,FALSE,FALSE,FALSE
"GENE1954","GENE1954_HUMAN","P42506","Protein GENE1954",-0.2654,0.718533,0.199776,0.1866,0.6995,4,4,FALSE,FALSE,FALSE
"GENE2854","GENE2854_HUMAN","P28209","Protein GENE2854",0.8302,0.845894,0.509939,0,0.2925,3,2,FALSE,TRUE,FALSE
"GENE1175","GENE1175_HUMAN","P48389","Protein GENE1175",0.0121,1,0.8639,0,0.0635,6,3,FALSE,FALSE,FALSE
"GENE1661","GENE1661_HUMAN","P76045","Protein GENE1661",-1.9673,0.097358,0.032455,0.8665,1.4887,4,6,FALSE,FALSE,TRUE
"GENE0413","GENE0413_HUMAN","P11773","Protein GENE0413",-0.6653,1,0.631006,0.0423,0.2,4,4,FALSE,FALSE,FALSE
"AGGF1","AGGF1_HUMAN","P01829","Protein AGGF1",0.6932,0.03794,0.014656,1.1732,1.834,5,2,FALSE,FALSE,TRUE
"GENE1193","GENE1193_HUMAN","P75529","Protein GENE1193",0.3159,1,0.908496,0,0.0417,6,4,FALSE,FALSE,FALSE
"GENE0997","GENE0997_HUMAN","P46666","Protein GENE0997",-0.3946,0.622753,0.566623,0,0.2467,4,2,FALSE,FALSE,FALSE
"GENE0575","GENE0575_HUMAN","P66402","Protein GENE0575",-0.0878,0.514153,0.12276,0.6183,0.9109,2,3,FALSE,FALSE,FALSE
"GENE1115","GENE1115_HUMAN","P97308","Protein GENE1115",0.0599,1,0.789807,0,0.1025,4,6,FALSE,FALSE,FALSE
"GENE1248","GENE1248_HUMAN","P46350","Protein GENE1248",0.6392,1,0.828856,0,0.0815,2,4,FALSE,FALSE,FALSE
"GENE0619","GENE0619_HUMAN","P00654","Protein GENE0619",0.1412,0.178883,0.06349,0.596,1.1973,2,6,FALSE,TRUE,FALSE
"GENE2830","GENE2830_HUMAN","P76084","Protein GENE2830",-0.1771,1,0.375898,0.0781,0.4249,3,4,TRUE,FALSE,FALSE
"GENE1061","GENE1061_HUMAN","P36707","Protein GENE1061",-0.1337,1,0.894358,0,0.0485,5,5,FALSE,FALSE,FALSE
"GENE0039","GENE0039_HUMAN","P86609","Protein GENE0039",-0.9657,1,0.831197,0,0.0803,3,3,FALSE,FALSE,FALSE
"GENE2392","GENE2392_HUMAN","P18645","Protein GENE2392",-0.3167,1,0.548569,0,0.2608,5,4,FALSE,FALSE,FALSE
"GENE0191","GENE0191_HUMAN","P39953","Protein GENE0191",0.082,0.910274,0.499224,0.2081,0.3017,6,5,FALSE,FALSE,FALSE
"GENE0669","GENE0669_HUMAN","P51900","Protein GENE0669",-0.6047,1,0.447151,0.0273,0.3495,4,5,FALSE,FALSE,FALSE
"GENE1408","GENE1408_HUMAN","P02899","Protein GENE1408",-0.1062,0.355187,0.208837,0.2148,0.6802,5,6,FALSE,FALSE,FALSE
"GENE1488","GENE1488_HUMAN","P87960","Protein GENE1488",-0.513,1,0.477662,0.299,0.3209,3,6,FALSE,FALSE,FALSE
"GENE2335","GENE2335_HUMAN","P99508","Protein GENE2335",0.0042,0.244815,0.113154,0.4421,0.9463,2,6,FALSE,FALSE,FALSE
"GENE1943","GENE1943_HUMAN","P96635","Protein GENE1943",-0.0442,1,0.926762,0,0.033,5,4,FALSE,TRUE,FALSE
"GENE0552","GENE0552_HUMAN","P23017","Protein GENE0552",1.0799,0.010442,0.004172,1.6825,2.3796,5,5,FALSE,FALSE,TRUE
"GENE1976","GENE1976_HUMAN","P38007","Protein GENE1976",-0.2444,1,0.846363,0,0.0724,4,6,FALSE,FALSE,FALSE
"GENE1697","GENE1697_HUMAN","P25983","Protein GENE1697",0.1458,1,0.305722,0,0.5147,5,6,FALSE,FALSE,FALSE
"GENE2158","GENE2158_HUMAN","P81951","Protein GENE2158",-0.1884,0.829211,0.172965,0.0958,0.762,2,4,TRUE,FALSE,FALSE
"DHX36","DHX36_HUMAN","P16578","Protein DHX36",-0.14,0.24622,0.098562,0.8294,1.0063,2,5,FALSE,FALSE,FALSE
"GENE2168","GENE2168_HUMAN","P60331","Protein GENE2168",0.1325,1,0.383094,0,0.4167,2,3,FALSE,FALSE,FALSE
"GENE0829","GENE0829_HUMAN","P53555","Protein GENE0829",0.0375,1,0.995295,0,0.002,6,2,FALSE,FALSE,FALSE
"GENE0854","GENE0854_HUMAN","P12216","Protein GENE0854",-0.4454,1,0.881707,0,0.0547,5,3,FALSE,FALSE,FALSE
"GENE0235","GENE0235_HUMAN","P86255","Protein GENE0235",-0.1077,1,0.600818,0,0.2213,6,4,FALSE,FALSE,FALSE
"GENE1296","GENE1296_HUMAN","P04940","Protein GENE1296",0.2635,1,0.616698,0,0.2099,6,2,FALSE,FALSE,FALSE
"GENE0120","GENE0120_HUMAN","P23616","Protein GENE0120",-2.6526,0.180012,0.045107,1.0555,1.3458,2,4,FALSE,FALSE,TRUE
"GENE1635","GENE1635_HUMAN","P70907","Protein GENE1635",0.3284,0.331543,0.067683,0.4858,1.1695,6,5,FALSE,TRUE,FALSE
"GENE2329","GENE2329_HUMAN","P77025","Protein GENE2329",0.4004,0.218717,0.130469,0.2267,0.8845,3,2,FALSE,FALSE,FALSE
"GENE0631","GENE0631_HUMAN","P25149","Protein GENE0631",0.1862,1,0.785748,0,0.1047,6,2,FALSE,FALSE,FALSE
"GENE2779","GENE2779_HUMAN","P64554","Protein GENE2779",-0.2621,1,0.49814,0,0.3026,3,3,FALSE,FALSE,FALSE
"GENE1486","GENE1486_HUMAN","P24012","Protein GENE1486",0.2816,0.883632,0.348669,0,0.4576,5,2,FALSE,FALSE,FALSE
"GENE0145","GENE0145_HUMAN","P45759","Protein GENE0145",-0.1655,1,0.959002,0,0.0182,2,4,FALSE,FALSE,FALSE
"GENE2481","GENE2481_HUMAN","P29557","Protein GENE2481",1.7868,0.015029,0.00647,1.6023,2.1891,2,2,FALSE,FALSE,TRUE
"GENE2162","GENE2162_HUMAN","P80507","Protein GENE2162",-0.5523,1,0.70124,0,0.1541,6,4,FALSE,FALSE,FALSE
"GENE0031","GENE0031_HUMAN","P04811","Protein GENE0031",1.1008,0.000815,0.000286,3.0916,3.5436,3,2,FALSE,FALSE,TRUE
"GENE1050","GENE1050_HUMAN","P62543","Protein GENE1050",0.1595,1,0.687219,0,0.1629,3,6,TRUE,FALSE,FALSE
"GENE1241","GENE1241_HUMAN","P74885","Protein GENE1241",0.2864,1,0.402476,0,0.3953,5,2,FALSE,TRUE,FALSE
"GENE2719","GENE2719_HUMAN","P80764","Protein GENE2719",-0.0446,1,0.465977,0,0.3316,5,2,FALSE,FALSE,FALSE
"GENE0225","GENE0225_HUMAN","P63392","Protein GENE0225",0.1713,1,0.639836,0,0.1939,4,3,FALSE,FALSE,FALSE
"GENE1412","GENE1412_HUMAN","P05718","Protein GENE1412",-0.0164,0.59235,0.43158,0.3576,0.3649,5,3,FALSE,FALSE,FALSE
"GENE1066","GENE1066_HUMAN","P96362","Protein GENE1066",-4.0268,0.169693,0.044275,0.7461,1.3538,3,3,FALSE,FALSE,TRUE
"GENE1656","GENE1656_HUMAN","P98839","Protein GENE1656",-0.2125,1,0.444281,0,0.3523,4,6,FALSE,FALSE,FALSE
"GENE1585","GENE1585_HUMAN","P75127","Protein GENE1585",-0.3154,0.844294,0.276554,0.4557,0.5582,2,2,FALSE,TRUE,FALSE
"GENE2011","GENE2011_HUMAN","P10959","Protein GENE2011",3.246,0.055515,0.012777,1.4807,1.8936,6,4,FALSE,FALSE,TRUE
"GENE1949","GENE1949_HUMAN","P32878","Protein GENE1949",0.5678,0.628936,0.581257,0,0.2356,2,4,FALSE,FALSE,FALSE
"GENE0625","GENE0625_HUMAN","P45405","Protein GENE0625",1.47,0.027534,0.006881,1.7025,2.1623,5,2,FALSE,FALSE,TRUE
"GENE0952","GENE0952_HUMAN","P14771","Protein GENE0952",0.7181,1,0.716264,0,0.1449,2,2,FALSE,FALSE,FALSE
"GENE1737","GENE1737_HUMAN","P57428","Protein GENE1737",2.178,0.135158,0.032275,0.919,1.4911,5,4,FALSE,FALSE,TRUE
"GENE0894","GENE0894_HUMAN","P49340","Protein GENE0894",-0.9264,0.215364,0.048221,0.6325,1.3168,6,6,FALSE,FALSE,TRUE
"GENE0097","GENE0097_HUMAN","P98033","Protein GENE0097",-0.4527,0.683417,0.177825,0.34,0.75,3,5,TRUE,FALSE,FALSE
"GENE0527","GENE0527_HUMAN","P14452","Protein GENE0527",-0.4826,1,0.282409,0.0321,0.5491,5,3,TRUE,FALSE,FALSE
"GENE1682","GENE1682_HUMAN","P37491","Protein GENE1682",2.3082,0.130557,0.047814,0.9239,1.3204,6,6,FALSE,FALSE,TRUE
"GENE1062","GENE1062_HUMAN","P90586","Protein GENE1062",0.9849,0.188658,0.040655,1.1304,1.3909,6,6,FALSE,FALSE,TRUE
"GENE1210","GENE1210_HUMAN","P56227","Protein GENE1210",-0.2281,1,0.825105,0,0.0835,3,5,FALSE,FALSE,FALSE
"GENE2463","GENE2463_HUMAN","P23491","Protein GENE2463",-0.5571,0.883726,0.372231,0,0.4292,2,5,FALSE,FALSE,FALSE
"GENE1124","GENE1124_HUMAN","P36843","Protein GENE1124",-0.2115,1,0.803535,0.053,0.095,2,3,FALSE,FALSE,FALSE
"GENE2852","GENE2852_HUMAN","P65857","Protein GENE2852",0.5518,0.711548,0.667414,0,0.1756,3,6,FALSE,FALSE,FALSE
"GENE0038","GENE0038_HUMAN","P73960","Protein GENE0038",2.0568,0.085975,0.023388,1.4461,1.631,2,5,FALSE,TRUE,TRUE
"GENE1348","GENE1348_HUMAN","P02602","Protein GENE1348",-0.3431,1,0.992215,0,0.0034,2,5,FALSE,TRUE,FALSE
"GENE0391","GENE0391_HUMAN","P97035","Protein GENE0391",2.12,0.021072,0.005508,1.5934,2.259,6,3,FALSE,FALSE,TRUE
"GENE0874","GENE0874_HUMAN","P40939","Protein GENE0874",-0.0629,1,0.838721,0,0.0764,2,2,FALSE,FALSE,FALSE
"GENE2649","GENE2649_HUMAN","P83869","Protein GENE2649",-0.247,1,0.747614,0,0.1263,2,5,FALSE,FALSE,FALSE
"GENE1818","GENE1818_HUMAN","P36455","Protein GENE1818",-3.2039,0.190225,0.038947,1.0038,1.4095,6,5,FALSE,FALSE,TRUE
"GENE0663","GENE0663_HUMAN","P22343","Protein GENE0663",0.0214,1,0.959898,0,0.0178,4,6,FALSE,FALSE,FALSE
"GENE1336","GENE1336_HUMAN","P54148","Protein GENE1336",-1.8303,4.8e-05,1.2e-05,4.819,4.9059,2,2,FALSE,FALSE,TRUE
"GENE0311","GENE0311_HUMAN","P83299","Protein GENE0311",-0.0284,1,0.665773,0,0.1767,5,6,FALSE,FALSE,FALSE
"GENE0839","GENE0839_HUMAN","P04041","Protein GENE0839",0.3779,0.180882,0.173904,0.3359,0.7597,5,6,FALSE,FALSE,FALSE
"GENE0351","GENE0351_HUMAN","P94653","Protein GENE0351",-4.2326,0.104229,0.031207,1.1555,1.5057,4,5,FALSE,FALSE,TRUE
"GENE1143","GENE1143_HUMAN","P76859","Protein GENE1143",0.1816,0.243267,0.075478,0.7388,1.1222,5,5,FALSE,FALSE,FALSE
"GENE0946","GENE0946_HUMAN","P37024","Protein GENE0946",2.3211,0.104916,0.021545,1.2416,1.6667,6,5,FALSE,FALSE,TRUE
"GENE1802","GENE1802_HUMAN","P34721","Protein GENE1802",2.3514,0.125886,0.02882,1.493,1.5403,4,5,FALSE,FALSE,TRUE
"GENE2385","GENE2385_HUMAN","P89448","Protein GENE2385",0.661,1,0.537776,0.2028,0.2694,2,5,FALSE,FALSE,FALSE
"GENE1276","GENE1276_HUMAN","P04709","Protein GENE1276",-0.5296,0.197093,0.046003,0.7167,1.3372,6,4,FALSE,FALSE,TRUE
"GENE1651","GENE1651_HUMAN","P21524","Protein GENE1651",0.032,1,0.640587,0,0.1934,4,4,FALSE,FALSE,FALSE
"GENE1104","GENE1104_HUMAN","P11158","Protein GENE1104",-0.0442,1,0.73004,0,0.1367,4,4,FALSE,FALSE,FALSE
"GENE2609","GENE2609_HUMAN","P64618","Protein GENE2609",-0.0429,1,0.938882,0,0.0274,6,4,FALSE,FALSE,FALSE
"GENE2421","GENE2421_HUMAN","P70286","Protein GENE2421",0.5057,1,0.742683,0,0.1292,5,2,FALSE,FALSE,FALSE
"GENE2046","GENE2046_HUMAN","P00459","Protein GENE2046",0.6407,0.129811,0.032495,1.2251,1.4882,3,5,FALSE,FALSE,TRUE
"GENE0469","GENE0469_HUMAN","P17548","Protein GENE0469",-0.8553,1,0.811505,0,0.0907,5,6,FALSE,FALSE,FALSE
"GENE0490","GENE0490_HUMAN","P78118","Protein GENE0490",0.225,1,0.298427,0.1639,0.5252,6,3,FALSE,FALSE,FALSE
"GENE0331","GENE0331_HUMAN","P02889","Protein GENE0331",0.2987,0.417307,0.166572,0.2524,0.7784,5,5,FALSE,FALSE,FALSE
"GENE0400","GENE0400_HUMAN","P99052","Protein GENE0400",0.3724,1,0.819555,0,0.0864,6,5,FALSE,FALSE,FALSE
"GENE2888","GENE2888_HUMAN","P64751","Protein GENE2888",0.5648,0.338359,0.089966,0.9448,1.0459,4,2,FALSE,FALSE,FALSE
"GENE1965","GENE1965_HUMAN","P35928","Protein GENE1965",-0.0534,1,0.908541,0,0.0417,4,4,FALSE,TRUE,FALSE
"GENE0695","GENE0695_HUMAN","P78034","Protein GENE0695",-0.5506,0.870832,0.434892,0,0.3616,3,2,FALSE,FALSE,FALSE
"GENE2000","GENE2000_HUMAN","P28155","Protein GENE2000",0.0694,1,0.687261,0,0.1629,3,5,TRUE,FALSE,FALSE
"GENE1160","GENE1160_HUMAN","P35730","Protein GENE1160",-0.8909,0.656341,0.321416,0.0033,0.4929,5,4,FALSE,FALSE,FALSE
"GENE0649","GENE0649_HUMAN","P00532","Protein GENE0649",0.1004,1,0.862533,0,0.0642,6,4,FALSE,FALSE,FALSE
"GENE0683","GENE0683_HUMAN","P96182","Protein GENE0683",3.1265,0.12361,0.045491,1.091,1.3421,4,6,FALSE,FALSE,TRUE
"GENE2028","GENE2028_HUMAN","P82177","Protein GENE2028",0.5887,0.768954,0.597963,0,0.2233,6,2,FALSE,FALSE,FALSE
"GENE1608","GENE1608_HUMAN","P20163","Protein GENE1608",2.4337,0.005624,0.002691,2.2489,2.5701,6,5,FALSE,FALSE,TRUE
"GENE0628","GENE0628_HUMAN","P51447","Protein GENE0628",0.1809,1,0.431778,0.1827,0.3647,3,4,FALSE,FALSE,FALSE
"GENE0665","GENE0665_HUMAN","P69900","Protein GENE0665",2.9323,0.066033,0.014338,1.2305,1.8435,6,3,FALSE,FALSE,TRUE
"GENE2802","GENE2802_HUMAN","P45873","Protein GENE2802",0.0461,0.485429,0.1106,0.4083,0.9562,2,5,FALSE,FALSE,FALSE
"GENE0875","GENE0875_HUMAN","P26237","Protein GENE0875",0.0404,1,0.660241,0,0.1803,6,3,TRUE,FALSE,FALSE
"GENE0512","GENE0512_HUMAN","P64876","Protein GENE0512",-1.9557,0.191272,0.045493,0.6653,1.3421,4,3,FALSE,FALSE,TRUE
"GENE2130","GENE2130_HUMAN","P39918","Protein GENE2130",0.1313,1,0.431722,0,0.3648,3,3,FALSE,FALSE,FALSE
"GENE2360","GENE2360_HUMAN","P89668","Protein GENE2360",-1.2135,0.157618,0.034352,1.0539,1.464,4,5,FALSE,FALSE,TRUE
"GENE2082","GENE2082_HUMAN","P34663","Protein GENE2082",0.3446,1,0.567433,0.0238,0.2461,6,6,FALSE,FALSE,FALSE
"GENE2893","GENE2893_HUMAN","P33447","Protein GENE2893",-2.5586,0.102971,0.048875,0.6942,1.3109,4,4,FALSE,TRUE,TRUE
"GENE1434","GENE1434_HUMAN","P17832","Protein GENE1434",0.0962,0.248193,0.132541,0.3461,0.8776,4,3,FALSE,FALSE,FALSE
"GENE1442","GENE1442_HUMAN","P50235","Protein GENE1442",0.3112,1,0.760086,0,0.1191,5,4,FALSE,FALSE,FALSE
"GENE1052","GENE1052_HUMAN","P35362","Protein GENE1052",0.1687,1,0.511939,0.1778,0.2908,6,2,FALSE,TRUE,FALSE
"GENE0438","GENE0438_HUMAN","P25521","Protein GENE0438",-0.1,1,0.825779,0,0.0831,6,2,FALSE,FALSE,FALSE
"GENE2288","GENE2288_HUMAN","P05895","Protein GENE2288",1.6012,0.019394,0.012599,1.2732,1.8997,4,3,FALSE,TRUE,TRUE
"GENE1163","GENE1163_HUMAN","P90983","Protein GENE1163",0.0168,1,0.895008,0,0.0482,4,2,FALSE,FALSE,FALSE
"GENE0606","GENE0606_HUMAN","P92325","Protein GENE0606",0.6256,1,0.874781,0,0.0581,2,2,FALSE,FALSE,FALSE
"GENE1458","GENE1458_HUMAN","P09333","Protein GENE1458",-0.2423,1,0.682407,0,0.166,6,6,FALSE,FALSE,FALSE
"GENE0176","GENE0176_HUMAN","P95612","Protein GENE0176",-2.374,0.066155,0.024979,1.0703,1.6024,6,3,TRUE,FALSE,TRUE
"GENE1382","GENE1382_HUMAN","P77052","Protein GENE1382",-1.0666,0.014729,0.003061,2.2225,2.5142,4,2,FALSE,FALSE,TRUE
"GENE0685","GENE0685_HUMAN","P66683","Protein GENE0685",0.48,1,0.326549,0,0.4861,5,6,FALSE,FALSE,FALSE
"GENE1812","GENE1812_HUMAN","P59044","Protein GENE1812",4.4557,0.092579,0.019208,1.2611,1.7165,2,3,FALSE,FALSE,TRUE
"GENE1057","GENE1057_HUMAN","P81917","Protein GENE1057",0.1984,0.934488,0.33047,0,0.4809,2,4,FALSE,FALSE,FALSE
"GENE2008","GENE2008_HUMAN","P94411","Protein GENE2008",-0.2936,1,0.870812,0,0.0601,5,5,FALSE,FALSE,FALSE
"GENE0545","GENE0545_HUMAN","P09136","Protein GENE0545",3.7699,0.17666,0.039692,0.7097,1.4013,5,6,FALSE,FALSE,TRUE
"GENE1266","GENE1266_HUMAN","P08078","Protein GENE1266",-3.201,0.128536,0.040638,0.8646,1.3911,2,5,TRUE,FALSE,TRUE
"GENE0680","GENE0680_HUMAN","P87902","Protein GENE0680",0.0977,1,0.514272,0,0.2888,3,4,FALSE,FALSE,FALSE
"GENE1758","GENE1758_HUMAN","P53191","Protein GENE1758",-0.4354,0.227148,0.149948,0.3652,0.8241,2,3,FALSE,FALSE,FALSE
"GENE2174","GENE2174_HUMAN","P93531","Protein GENE2174",-0.2446,0.360238,0.085505,0.4758,1.068,6,6,FALSE,TRUE,FALSE
"GENE0293","GENE0293_HUMAN","P35034","Protein GENE0293",-0.325,0.136204,0.061478,0.9423,1.2113,3,4,TRUE,TRUE,FALSE
"GENE1541","GENE1541_HUMAN","P74632","Protein GENE1541",-1.0333,0.005679,0.002235,2.3021,2.6506,2,5,FALSE,FALSE,TRUE
"GENE1049","GENE1049_HUMAN","P90456","Protein GENE1049",0.5816,0.079886,0.025933,1.1654,1.5862,6,5,FALSE,FALSE,TRUE
"GENE2216","GENE2216_HUMAN","P58239","Protein GENE2216",0.0132,1,0.585016,0,0.2328,5,3,FALSE,FALSE,FALSE
"GENE2819","GENE2819_HUMAN","P05770","Protein GENE2819",0.6124,0.645418,0.282202,0.2048,0.5494,6,5,FALSE,FALSE,FALSE
"GENE2301","GENE2301_HUMAN","P40999","Protein GENE2301",0.3032,0.345835,0.096134,0.7708,1.0171,3,4,TRUE,FALSE,FALSE
"GENE2056","GENE2056_HUMAN","P58750","Protein GENE2056",-0.1847,0.894639,0.457094,0.2485,0.34,3,4,FALSE,FALSE,FALSE
"GENE0733","GENE0733_HUMAN","P30401","Protein GENE0733",0.1472,1,0.91863,0,0.0369,3,4,FALSE,FALSE,FALSE
"GENE2823","GENE2823_HUMAN","P48050","Protein GENE2823",0.1696,1,0.781033,0,0.1073,6,6,FALSE,FALSE,FALSE
"GENE2336","GENE2336_HUMAN","P10855","Protein GENE2336",-0.1283,1,0.55713,0.0763,0.254,5,5,FALSE,FALSE,FALSE
"GENE1936","GENE1936_HUMAN","P05032","Protein GENE1936",0.2148,1,0.624096,0.0641,0.2047,5,5,FALSE,TRUE,FALSE
"GENE2785","GENE2785_HUMAN","P26608","Protein GENE2785",-1.9598,0.048349,0.011263,1.5981,1.9483,6,4,FALSE,TRUE,TRUE
"GENE0221","GENE0221_HUMAN","P59082","Protein GENE0221",0.1543,0.651552,0.191471,0.6691,0.7179,6,4,FALSE,FALSE,FALSE
"GENE0036","GENE0036_HUMAN","P31955","Protein GENE0036",-0.6868,0.564783,0.419288,0,0.3775,2,4,FALSE,FALSE,FALSE
"GENE2127","GENE2127_HUMAN","P31917","Protein GENE2127",0.2438,1,0.915932,0,0.0381,5,6,FALSE,FALSE,FALSE
"GENE1438","GENE1438_HUMAN","P77879","Protein GENE1438",0.3993,0.426673,0.151861,0.4783,0.8186,2,4,FALSE,FALSE,FALSE
"GENE2875","GENE2875_HUMAN","P11919","Protein GENE2875",-2.2417,0.031032,0.017305,1.1699,1.7618,5,3,FALSE,FALSE,TRUE
"GENE1383","GENE1383_HUMAN","P77827","Protein GENE1383",-0.0543,0.527919,0.256891,0.1387,0.5903,4,6,FALSE,FALSE,FALSE
"GENE0307","GENE0307_HUMAN","P28785","Protein GENE0307",1.0712,0.038925,0.017818,1.2654,1.7491,6,5,FALSE,FALSE,TRUE
"GENE0025","GENE0025_HUMAN","P69973","Protein GENE0025",0.7581,0.372941,0.231148,0.1031,0.6361,4,4,FALSE,TRUE,FALSE
"GENE0785","GENE0785_HUMAN","P79964","Protein GENE0785",3.4655,0.026855,0.020459,1.3639,1.6891,4,3,FALSE,FALSE,TRUE
"GENE2847","GENE2847_HUMAN","P85717","Protein GENE2847",0.1682,0.554568,0.216834,0.1261,0.6639,6,5,FALSE,FALSE,FALSE
"GENE0399","GENE0399_HUMAN","P01574","Protein GENE0399",-0.1022,1,0.397322,0,0.4009,4,6,FALSE,FALSE,FALSE
"GENE2614","GENE2614_HUMAN","P91556","Protein GENE2614",1.0689,1,0.767994,0,0.1146,6,3,FALSE,FALSE,FALSE
"GENE0674","GENE0674_HUMAN","P37388","Protein GENE0674",-0.4871,0.104077,0.082763,0.8024,1.0822,6,2,FALSE,FALSE,FALSE
"GENE1495","GENE1495_HUMAN","P46601","Protein GENE1495",0.456,0.430951,0.341009,0,0.4672,3,5,TRUE,FALSE,FALSE
"GENE1503","GENE1503_HUMAN","P65558","Protein GENE1503",-0.3949,1,0.58445,0,0.2333,5,4,TRUE,FALSE,FALSE
"GENE2119","GENE2119_HUMAN","P49937","Protein GENE2119",-0.0381,1,0.68154,0,0.1665,5,4,FALSE,FALSE,FALSE
"GENE1593","GENE1593_HUMAN","P28892","Protein GENE1593",-0.1876,1,0.46588,0,0.3317,6,3,FALSE,FALSE,FALSE
"GENE1258","GENE1258_HUMAN","P62137","Protein GENE1258",-1.3111,0.083908,0.048442,1.0849,1.3148,2,6,FALSE,FALSE,TRUE
"GENE0242","GENE0242_HUMAN","P66115","Protein GENE0242",0.3992,0.849303,0.22026,0.0438,0.6571,6,6,FALSE,FALSE,FALSE
"GENE2535","GENE2535_HUMAN","P10606","Protein GENE2535",4.3924,0.051564,0.015338,1.1748,1.8142,6,4,FALSE,FALSE,TRUE
"GENE1020","GENE1020_HUMAN","P09404","Protein GENE1020",-0.0825,1,0.860229,0,0.0654,3,3,TRUE,FALSE,FALSE
"GENE0845","GENE0845_HUMAN","P64567","Protein GENE0845",-1.4115,0.012725,0.00259,2.0453,2.5867,4,3,FALSE,FALSE,TRUE
"GENE2267","GENE2267_HUMAN","P36269","Protein GENE2267",2.8474,0.044228,0.010589,1.7273,1.9752,2,2,FALSE,FALSE,TRUE
"GENE2178","GENE2178_HUMAN","P02208","Protein GENE2178",-1.125,0.040337,0.020176,1.0139,1.6952,5,3,FALSE,FALSE,TRUE
"GENE2428","GENE2428_HUMAN","P60368","Protein GENE2428",-0.1316,0.413977,0.088433,0.6099,1.0534,6,4,FALSE,FALSE,FALSE
"GENE1362","GENE1362_HUMAN","P99432","Protein GENE1362",0.6157,0.820092,0.572179,0,0.2425,6,6,FALSE,FALSE,FALSE
"GENE1083","GENE1083_HUMAN","P77476","Protein GENE1083",-0.5353,0.022548,0.010437,1.3354,1.9814,5,6,FALSE,FALSE,TRUE
"GENE0773","GENE0773_HUMAN","P72302","Protein GENE0773",-0.0754,1,0.405333,0,0.3922,4,5,FALSE,FALSE,FALSE
"GENE2249","GENE2249_HUMAN","P62680","Protein GENE2249",-0.6535,1,0.3051,0.0515,0.5156,3,2,FALSE,FALSE,FALSE
"GENE0098","GENE0098_HUMAN","P75145","Protein GENE0098",-0.5837,1,0.834951,0,0.0783,5,4,FALSE,FALSE,FALSE
"GENE1555","GENE1555_HUMAN","P31191","Protein GENE1555",2.227,0.174977,0.041595,0.8442,1.381,4,5,FALSE,FALSE,TRUE
"GENE2566","GENE2566_HUMAN","P90937","Protein GENE2566",0.1876,1,0.862341,0,0.0643,6,2,FALSE,FALSE,FALSE
"GENE2500","GENE2500_HUMAN","P74242","Protein GENE2500",0.1994,1,0.644397,0,0.1908,6,4,FALSE,FALSE,FALSE
"GENE0022","GENE0022_HUMAN","P06207","Protein GENE0022",-0.7125,1,0.992808,0,0.0031,3,6,FALSE,FALSE,FALSE
"GENE1390","GENE1390_HUMAN","P70678","Protein GENE1390",-0.7125,1,0.468875,0,0.3289,4,5,FALSE,FALSE,FALSE
"GENE1867","GENE1867_HUMAN","P70503","Protein GENE1867",0.4507,1,0.737676,0,0.1321,3,4,FALSE,FALSE,FALSE
"GENE2805","GENE2805_HUMAN","P61632","Protein GENE2805",-0.9983,1,0.489954,0.2403,0.3098,2,4,FALSE,FALSE,FALSE
"GENE0677","GENE0677_HUMAN","P85444","Protein GENE0677",-0.5007,0.338804,0.128764,0.7509,0.8902,2,5,FALSE,FALSE,FALSE
"GENE1431","GENE1431_HUMAN","P64462","Protein GENE1431",-0.4359,0.383368,0.33622,0.0805,0.4734,2,5,FALSE,FALSE,FALSE
"GENE2712","GENE2712_HUMAN","P99498","Protein GENE2712",-0.2722,0.956217,0.610436,0,0.2144,2,3,FALSE,FALSE,FALSE
"GENE2654","GENE2654_HUMAN","P67462","Protein GENE2654",-0.3913,1,0.910488,0,0.0407,5,2,FALSE,FALSE,FALSE
"GENE0172","GENE0172_HUMAN","P89193","Protein GENE0172",2.1642,0.141532,0.039341,1.1089,1.4052,3,5,FALSE,TRUE,TRUE
"GENE1250","GENE1250_HUMAN","P36986","Protein GENE1250",2.6693,0.126488,0.036669,0.8724,1.4357,3,3,TRUE,TRUE,TRUE
"GENE1746","GENE1746_HUMAN","P10709","Protein GENE1746",-0.3905,1,0.687831,0,0.1625,3,2,FALSE,FALSE,FALSE
"GENE0059","GENE0059_HUMAN","P08960","Protein GENE0059",-1.1972,1,0.357538,0,0.4467,3,3,FALSE,FALSE,FALSE
"GENE0458","GENE0458_HUMAN","P38015","Protein GENE0458",0.2857,1,0.472376,0,0.3257,2,6,FALSE,FALSE,FALSE
"GENE1798","GENE1798_HUMAN","P78513","Protein GENE1798",-4.0846,0.020319,0.010496,1.4306,1.979,5,2,FALSE,FALSE,TRUE
"GENE0292","GENE0292_HUMAN","P40754","Protein GENE0292",0.1784,1,0.605834,0,0.2176,5,6,FALSE,FALSE,FALSE
"GENE0314","GENE0314_HUMAN","P52962","Protein GENE0314",-0.2523,0.238845,0.232919,0.42,0.6328,6,4,FALSE,FALSE,FALSE
"GENE2459","GENE2459_HUMAN","P09767","Protein GENE2459",-0.9637,1,0.818134,0,0.0872,6,4,FALSE,FALSE,FALSE
"GENE0414","GENE0414_HUMAN","P67048","Protein GENE0414",-0.3002,0.239708,0.073776,0.7261,1.1321,4,2,FALSE,FALSE,FALSE
"GENE0890","GENE0890_HUMAN","P57292","Protein GENE0890",-2.5714,0.173578,0.0464,1.047,1.3335,3,6,FALSE,FALSE,TRUE
"GENE0466","GENE0466_HUMAN","P56012","Protein GENE0466",-0.0142,0.776493,0.774795,0,0.1108,5,2,FALSE,FALSE,FALSE
"GENE0301","GENE0301_HUMAN","P61506","Protein GENE0301",-0.0018,1,0.383365,0,0.4164,3,4,FALSE,FALSE,FALSE
"GENE1638","GENE1638_HUMAN","P33891","Protein GENE1638",-0.283,1,0.770099,0,0.1135,3,5,FALSE,FALSE,FALSE
"GENE1429","GENE1429_HUMAN","P30498","Protein GENE1429",-0.4396,0.537632,0.376091,0,0.4247,5,3,FALSE,FALSE,FALSE
"GENE2297","GENE2297_HUMAN","P36220","Protein GENE2297",4.495,0.031833,0.01575,1.2406,1.8027,6,4,FALSE,FALSE,TRUE
"GENE0142","GENE0142_HUMAN","P70096","Protein GENE0142",-0.3551,1,0.984399,0,0.0068,6,6,FALSE,FALSE,FALSE
"GENE2226","GENE2226_HUMAN","P57150","Protein GENE2226",0.895,0.180812,0.158926,0.105,0.7988,6,4,FALSE,FALSE,FALSE
"GENE0923","GENE0923_HUMAN","P67358","Protein GENE0923",-0.6457,0.382902,0.19826,0.555,0.7028,5,5,FALSE,FALSE,FALSE
"GENE0249","GENE0249_HUMAN","P53453","Protein GENE0249",1.9668,0.022821,0.012508,1.685,1.9028,6,3,FALSE,FALSE,TRUE
"GENE1220","GENE1220_HUMAN","P68174","Protein GENE1220",2.8124,0.208736,0.046644,0.848,1.3312,4,4,FALSE,FALSE,TRUE
"GENE1082","GENE1082_HUMAN","P45901","Protein GENE1082",-0.1139,1,0.986949,0,0.0057,6,2,FALSE,FALSE,FALSE
"GENE1239","GENE1239_HUMAN","P02440","Protein GENE1239",0.0641,1,0.511435,0,0.2912,6,4,FALSE,FALSE,FALSE
"GENE0554","GENE0554_HUMAN","P04176","Protein GENE0554",1.3632,0.156949,0.035046,0.8652,1.4554,4,3,FALSE,FALSE,TRUE
"GENE0094","GENE0094_HUMAN","P84229","Protein GENE0094",0.5564,0.400956,0.084298,0.5026,1.0742,6,6,FALSE,FALSE,FALSE
"GENE2502","GENE2502_HUMAN","P07543","Protein GENE2502",-0.0018,1,0.497326,0,0.3034,4,5,FALSE,FALSE,FALSE
"GENE2152","GENE2152_HUMAN","P19379","Protein GENE2152",-0.459,0.498418,0.365776,0,0.4368,3,5,FALSE,FALSE,FALSE
"GENE1712","GENE1712_HUMAN","P41300","Protein GENE1712",-1.4216,0.16808,0.040574,1.0127,1.3917,2,5,FALSE,FALSE,TRUE
"GENE1719","GENE1719_HUMAN","P49664","Protein GENE1719",-0.5992,0.808213,0.580763,0,0.236,6,3,FALSE,FALSE,FALSE
"GENE0933","GENE0933_HUMAN","P12393","Protein GENE0933",0.2433,0.349185,0.319815,0.2272,0.4951,6,5,FALSE,FALSE,FALSE
"GENE2620","GENE2620_HUMAN","P47452","Protein GENE2620",3.3994,0.023676,0.005071,2.0507,2.2949,3,3,FALSE,TRUE,TRUE
"GENE0146","GENE0146_HUMAN","P96676","Protein GENE0146",0.4454,1,0.247895,0.1791,0.6057,5,6,FALSE,FALSE,FALSE
"GENE2868","GENE2868_HUMAN","P75075","Protein GENE2868",0.3935,0.340007,0.096728,0.725,1.0144,3,2,FALSE,FALSE,FALSE
"GENE0300","GENE0300_HUMAN","P13820","Protein GENE0300",-0.6502,1,0.523794,0,0.2808,3,5,FALSE,TRUE,FALSE
"GENE1310","GENE1310_HUMAN","P73273","Protein GENE1310",-0.6584,0.827444,0.200044,0.4637,0.6989,4,2,FALSE,FALSE,FALSE
"GENE1388","GENE1388_HUMAN","P68475","Protein GENE1388",-0.2822,1,0.861607,0,0.0647,6,2,FALSE,FALSE,FALSE
"GENE2069","GENE2069_HUMAN","P45591","Protein GENE2069",-0.2633,1,0.529407,0,0.2762,3,6,FALSE,TRUE,FALSE
"GENE1386","GENE1386_HUMAN","P62141","Protein GENE1386",4.0732,0.026076,0.020663,1.2928,1.6848,4,2,FALSE,TRUE,TRUE
"GENE2149","GENE2149_HUMAN","P35244","Protein GENE2149",-3.8932,0.135228,0.044899,0.7271,1.3478,4,4,FALSE,FALSE,TRUE
"GENE0354","GENE0354_HUMAN","P99462","Protein GENE0354",2.5894,0.040807,0.008285,1.4805,2.0817,4,5,FALSE,FALSE,TRUE
"GENE0901","GENE0901_HUMAN","P97374","Protein GENE0901",3.2477,0.105683,0.045904,0.6802,1.3381,3,2,FALSE,FALSE,TRUE
"GENE2144","GENE2144_HUMAN","P56793","Protein GENE2144",-0.5105,1,0.815217,0,0.0887,5,6,TRUE,FALSE,FALSE
"GENE0508","GENE0508_HUMAN","P40327","Protein GENE0508",-0.3868,1,0.461438,0.2575,0.3359,2,2,TRUE,FALSE,FALSE
"GENE2548","GENE2548_HUMAN","P44640","Protein GENE2548",-0.5298,1,0.85379,0,0.0686,5,2,FALSE,TRUE,FALSE
"GENE1211","GENE1211_HUMAN","P41452","Protein GENE1211",4.0305,0.003121,0.000757,3.0184,3.1211,5,3,FALSE,FALSE,TRUE
"GENE0462","GENE0462_HUMAN","P50434","Protein GENE0462",0.8392,0.524837,0.331705,0,0.4792,3,4,FALSE,FALSE,FALSE
"GENE0777","GENE0777_HUMAN","P89695","Protein GENE0777",0.0716,0.475449,0.258404,0.5,0.5877,2,6,FALSE,FALSE,FALSE
"GENE2751","GENE2751_HUMAN","P14868","Protein GENE2751",-2.1269,0.150655,0.034195,0.9488,1.466,5,6,FALSE,FALSE,TRUE
"GENE1392","GENE1392_HUMAN","P02514","Protein GENE1392",-0.058,0.957001,0.387216,0.1983,0.412,6,5,TRUE,FALSE,FALSE
"GENE1855","GENE1855_HUMAN","P29663","Protein GENE1855",0.7207,0.917277,0.352627,0.2258,0.4527,6,2,FALSE,TRUE,FALSE
"GENE2891","GENE2891_HUMAN","P17013","Protein GENE2891",-0.4376,1,0.839465,0,0.076,2,4,FALSE,FALSE,FALSE
"GENE1472","GENE1472_HUMAN","P27546","Protein GENE1472",-0.1278,0.811091,0.573822,0,0.2412,2,5,FALSE,FALSE,FALSE
"GENE0200","GENE0200_HUMAN","P33924","Protein GENE0200",0.0515,1,0.635325,0,0.197,3,5,FALSE,FALSE,FALSE
"GENE1132","GENE1132_HUMAN","P53831","Protein GENE1132",-0.0386,1,0.732959,0.0091,0.1349,5,6,FALSE,FALSE,FALSE
"GENE1722","GENE1722_HUMAN","P22732","Protein GENE1722",0.2584,0.64063,0.147897,0.1875,0.83,5,3,FALSE,FALSE,FALSE
"GENE0594","GENE0594_HUMAN","P44349","Protein GENE0594",-0.0505,0.436949,0.295214,0,0.5299,5,3,FALSE,FALSE,FALSE
"GENE2415","GENE2415_HUMAN","P77833","Protein GENE2415",1.4034,0.09536,0.032964,0.8558,1.482,4,4,FALSE,FALSE,TRUE
"GENE0155","GENE0155_HUMAN","P31691","Protein GENE0155",-0.1871,1,0.215037,0.4587,0.6675,6,3,FALSE,FALSE,FALSE
"GENE0522","GENE0522_HUMAN","P95611","Protein GENE0522",-0.1334,1,0.384206,0,0.4154,2,5,FALSE,FALSE,FALSE
"GENE0730","GENE0730_HUMAN","P24471","Protein GENE0730",-3.5994,0.125764,0.04641,0.7895,1.3334,5,3,FALSE,FALSE,TRUE
"GENE0927","GENE0927_HUMAN","P38053","Protein GENE0927",-0.3785,1,0.847599,0,0.0718,2,2,FALSE,FALSE,FALSE
"GENE0586","GENE0586_HUMAN","P28913","Protein GENE0586",-0.5839,1,0.663151,0.1457,0.1784,3,6,FALSE,FALSE,FALSE
"GENE0878","GENE0878_HUMAN","P89851","Protein GENE0878",1.064,0.125733,0.029956,0.8914,1.5235,2,5,FALSE,FALSE,TRUE
"GENE1838","GENE1838_HUMAN","P34124","Protein GENE1838",-0.0767,1,0.500833,0,0.3003,5,3,FALSE,FALSE,FALSE
"GENE1243","GENE1243_HUMAN","P32393","Protein GENE1243",-0.0023,0.606286,0.604229,0.0104,0.2188,5,6,FALSE,FALSE,FALSE
"GENE1752","GENE1752_HUMAN","P76582","Protein GENE1752",-0.3848,1,0.499074,0,0.3018,3,4,FALSE,FALSE,FALSE
"GENE0558","GENE0558_HUMAN","P85407","Protein GENE0558",-0.6102,0.963526,0.806968,0,0.0931,5,5,FALSE,FALSE,FALSE
"GENE1126","GENE1126_HUMAN","P07752","Protein GENE1126",1.5969,0.013584,0.012739,1.3381,1.8949,6,6,TRUE,FALSE,TRUE
"GENE2469","GENE2469_HUMAN","P61395","Protein GENE2469",-0.7561,1,0.362622,0.0313,0.4405,6,4,FALSE,FALSE,FALSE
"GENE1582","GENE1582_HUMAN","P87680","Protein GENE1582",-0.5408,0.762989,0.4571,0,0.34,6,2,FALSE,FALSE,FALSE
"GENE0177","GENE0177_HUMAN","P79868","Protein GENE0177",-0.5796,1,0.766053,0,0.1157,3,6,FALSE,FALSE,FALSE
"GENE0073","GENE0073_HUMAN","P11417","Protein GENE0073",0.2494,1,0.799566,0,0.0971,6,5,FALSE,FALSE,FALSE
"GENE1665","GENE1665_HUMAN","P30251","Protein GENE1665",-0.3359,1,0.669065,0,0.1745,6,4,FALSE,TRUE,FALSE
"GENE2191","GENE2191_HUMAN","P90458","Protein GENE2191",-0.5052,0.361927,0.109872,0.4801,0.9591,5,3,FALSE,FALSE,FALSE
"GENE1136","GENE1136_HUMAN","P98725","Protein GENE1136",2.8531,0.010253,0.002575,1.9001,2.5892,3,6,FALSE,FALSE,TRUE
"GENE2474","GENE2474_HUMAN","P98204","Protein GENE2474",0.564,0.442451,0.093873,0.4001,1.0275,3,6,FALSE,FALSE,FALSE
"GENE0921","GENE0921_HUMAN","P52738","Protein GENE0921",0.5917,1,0.865123,0,0.0629,3,4,FALSE,FALSE,FALSE
"GENE2440","GENE2440_HUMAN","P44371","Protein GENE2440",3.9168,0.022433,0.009237,1.9385,2.0345,4,4,FALSE,FALSE,TRUE
"GENE1230","GENE1230_HUMAN","P85797","Protein GENE1230",0.2557,1,0.572749,0,0.242,5,4,FALSE,FALSE,FALSE
"GENE1556","GENE1556_HUMAN","P45698","Protein GENE1556",-0.3811,0.65478,0.437663,0.0366,0.3589,4,2,FALSE,FALSE,FALSE
"GENE1428","GENE1428_HUMAN","P07687","Protein GENE1428",3.9681,0.023679,0.015289,1.7725,1.8156,4,5,FALSE,FALSE,TRUE
"GENE1923","GENE1923_HUMAN","P80418","Protein GENE1923",-0.5933,1,0.720336,0,0.1425,2,3,FALSE,FALSE,FALSE
"GENE2645","GENE2645_HUMAN","P43493","Protein GENE2645",0.6045,0.750847,0.444019,0,0.3526,6,6,FALSE,FALSE,FALSE
"GENE1594","GENE1594_HUMAN","P50230","Protein GENE1594",-0.0691,1,0.404546,0,0.393,2,4,FALSE,FALSE,FALSE
"GENE2026","GENE2026_HUMAN","P80262","Protein GENE2026",4.1031,0.114687,0.038997,0.8102,1.409,5,2,FALSE,FALSE,TRUE
"GENE1889","GENE1889_HUMAN","P31285","Protein GENE1889",0.1367,1,0.362639,0,0.4405,2,6,FALSE,TRUE,FALSE
"GENE0150","GENE0150_HUMAN","P98041","Protein GENE0150",-0.4225,0.557962,0.245749,0.0601,0.6095,2,2,FALSE,FALSE,FALSE
"GENE1657","GENE1657_HUMAN","P36414","Protein GENE1657",0.1929,0.355255,0.235385,0.2543,0.6282,3,5,FALSE,FALSE,FALSE
"GENE1894","GENE1894_HUMAN","P49949","Protein GENE1894",-0.0388,0.510655,0.154342,0.5018,0.8115,3,2,FALSE,FALSE,FALSE
"GENE2793","GENE2793_HUMAN","P25337","Protein GENE2793",-0.6078,0.789513,0.289306,0.2215,0.5386,3,5,FALSE,FALSE,FALSE
"GENE1190","GENE1190_HUMAN","P32213","Protein GENE1190",-0.8244,0.959709,0.316563,0,0.4995,6,6,FALSE,FALSE,FALSE
"GENE0017","GENE0017_HUMAN","P14280","Protein GENE0017",-4.0052,0.036089,0.014483,1.475,1.8392,6,5,FALSE,FALSE,TRUE
"GENE2635","GENE2635_HUMAN","P89458","Protein GENE2635",0.1508,1,0.521896,0,0.2824,4,2,FALSE,FALSE,FALSE
"GENE0162","GENE0162_HUMAN","P07172","Protein GENE0162",3.992,0.007702,0.005025,1.664,2.2989,3,5,FALSE,TRUE,TRUE
"GENE0833","GENE0833_HUMAN","P85921","Protein GENE0833",-0.0053,1,0.415674,0,0.3812,4,2,FALSE,FALSE,FALSE
"GENE1403","GENE1403_HUMAN","P33779","Protein GENE1403",-0.0183,0.459864,0.444012,0.2918,0.3526,6,4,FALSE,FALSE,FALSE
"GENE2276","GENE2276_HUMAN","P47420","Protein GENE2276",0.6721,0.166144,0.074428,1.1201,1.1283,4,4,FALSE,FALSE,FALSE
"GENE2780","GENE2780_HUMAN","P21789","Protein GENE2780",0.5009,1,0.52191,0,0.2824,2,2,FALSE,FALSE,FALSE
"GENE2348","GENE2348_HUMAN","P59124","Protein GENE2348",0.1247,1,0.840962,0,0.0752,4,5,FALSE,FALSE,FALSE
"GENE1844","GENE1844_HUMAN","P62549","Protein GENE1844",-4.1526,0.006565,0.003187,2.0362,2.4966,5,3,TRUE,FALSE,TRUE
"GENE0966","GENE0966_HUMAN","P20780","Protein GENE0966",0.6734,0.960209,0.679869,0.0039,0.1676,4,6,FALSE,FALSE,FALSE
"GENE0496","GENE0496_HUMAN","P55198","Protein GENE0496",1.6991,0.038575,0.031681,0.9214,1.4992,5,4,FALSE,FALSE,TRUE
"GENE2351","GENE2351_HUMAN","P89531","Protein GENE2351",0.0866,1,0.846282,0,0.0725,4,2,FALSE,FALSE,FALSE
"GENE2663","GENE2663_HUMAN","P64191","Protein GENE2663",1.2266,0.096908,0.037007,0.8638,1.4317,3,5,FALSE,FALSE,TRUE
"GENE1511","GENE1511_HUMAN","P52697","Protein GENE1511",0.0919,1,0.790107,0,0.1023,2,6,FALSE,FALSE,FALSE
"GENE0067","GENE0067_HUMAN","P29622","Protein GENE0067",0.1343,1,0.970539,0,0.013,4,4,FALSE,FALSE,FALSE
"GENE2683","GENE2683_HUMAN","P60443","Protein GENE2683",-0.2287,0.139329,0.081507,0.4972,1.0888,2,2,FALSE,FALSE,FALSE
"GENE2182","GENE2182_HUMAN","P27730","Protein GENE2182",0.339,0.224974,0.206767,0.6642,0.6845,4,3,FALSE,FALSE,FALSE
"GENE0034","GENE0034_HUMAN","P43178","Protein GENE0034",-0.2436,1,0.356652,0.1047,0.4478,3,4,FALSE,FALSE,FALSE
"GENE2424","GENE2424_HUMAN","P54281","Protein GENE2424",0.513,1,0.686338,0,0.1635,3,2,FALSE,FALSE,FALSE
"GENE0620","GENE0620_HUMAN","P40916","Protein GENE0620",0.0826,1,0.591597,0.1126,0.228,2,5,FALSE,FALSE,FALSE
"GENE2684","GENE2684_HUMAN","P86454","Protein GENE2684",-0.2993,1,0.741783,0,0.1297,5,3,FALSE,FALSE,FALSE
"GENE1897","GENE1897_HUMAN","P63196","Protein GENE1897",-0.1982,1,0.642827,0,0.1919,5,5,FALSE,FALSE,FALSE
"GENE1110","GENE1110_HUMAN","P47464","Protein GENE1110",0.3665,1,0.342432,0,0.4654,6,5,FALSE,FALSE,FALSE
"DDX17","DDX17_HUMAN","P29859","Protein DDX17",0.1264,1,0.50223,0,0.2991,4,3,FALSE,FALSE,FALSE
"GENE1407","GENE1407_HUMAN","P21550","Protein GENE1407",2.6999,0.159519,0.038826,0.7392,1.4109,2,6,FALSE,FALSE,TRUE
"GENE0719","GENE0719_HUMAN","P33677","Protein GENE0719",-0.2465,1,0.309609,0.151,0.5092,5,6,FALSE,TRUE,FALSE
"GENE2188","GENE2188_HUMAN","P15086","Protein GENE2188",0.0631,1,0.884336,0,0.0534,3,4,FALSE,FALSE,FALSE
"GENE0243","GENE0243_HUMAN","P41704","Protein GENE0243",0.5034,1,0.522842,0,0.2816,3,6,FALSE,TRUE,FALSE
"GENE0614","GENE0614_HUMAN","P13948","Protein GENE0614",0.1094,0.574073,0.184682,0.4521,0.7336,6,6,FALSE,FALSE,FALSE
"GENE2789","GENE2789_HUMAN","P23917","Protein GENE2789",-0.4026,0.204854,0.176425,0.061,0.7534,2,5,FALSE,TRUE,FALSE
"GENE0095","GENE0095_HUMAN","P20161","Protein GENE0095",-0.4443,1,0.381482,0,0.4185,6,2,FALSE,FALSE,FALSE
"GENE1822","GENE1822_HUMAN","P96294","Protein GENE1822",-0.2671,0.466546,0.282034,0.1054,0.5497,5,2,FALSE,FALSE,FALSE
"GENE1859","GENE1859_HUMAN","P77133","Protein GENE1859",0.0557,1,0.776468,0,0.1099,4,2,FALSE,FALSE,FALSE
"GENE1911","GENE1911_HUMAN","P38947","Protein GENE1911",0.0375,1,0.854932,0,0.0681,6,3,FALSE,TRUE,FALSE
"GENE1968","GENE1968_HUMAN","P96896","Protein GENE1968",-2.9559,0.031993,0.014562,1.254,1.8368,4,3,FALSE,FALSE,TRUE
"GENE1416","GENE1416_HUMAN","P36377","Protein GENE1416",0.4337,0.972649,0.372085,0.1256,0.4294,5,3,FALSE,TRUE,FALSE
"GENE1874","GENE1874_HUMAN","P82857","Protein GENE1874",-0.1846,0.778417,0.157709,0.5909,0.8021,6,6,FALSE,FALSE,FALSE
"GENE1786","GENE1786_HUMAN","P06872","Protein GENE1786",-0.4338,1,0.780331,0,0.1077,5,6,FALSE,FALSE,FALSE
"GENE0635","GENE0635_HUMAN","P51784","Protein GENE0635",0.5571,1,0.633454,0,0.1983,6,2,TRUE,FALSE,FALSE
"GENE2375","GENE2375_HUMAN","P02623","Protein GENE2375",0.2504,0.476616,0.141698,0.1775,0.8486,6,2,FALSE,FALSE,FALSE
"GENE0337","GENE0337_HUMAN","P96426","Protein GENE0337",-0.5548,1,0.306325,0.0865,0.5138,4,4,FALSE,FALSE,FALSE
"GENE0910","GENE0910_HUMAN","P48481","Protein GENE0910",-0.6231,1,0.638411,0,0.1949,3,3,FALSE,FALSE,FALSE
"GENE1734","GENE1734_HUMAN","P93697","Protein GENE1734",2.6438,0.149355,0.03792,1.182,1.4211,3,4,FALSE,FALSE,TRUE
"GENE0365","GENE0365_HUMAN","P90846","Protein GENE0365",-0.0613,1,0.874299,0,0.0583,3,6,TRUE,TRUE,FALSE
"GENE1027","GENE1027_HUMAN","P33044","Protein GENE1027",-0.338,1,0.790491,0,0.1021,6,3,FALSE,FALSE,FALSE
"GENE1778","GENE1778_HUMAN","P08436","Protein GENE1778",-0.1954,1,0.776879,0,0.1096,3,6,FALSE,TRUE,FALSE
"GENE1763","GENE1763_HUMAN","P47429","Protein GENE1763",0.5521,0.059526,0.019011,1.1257,1.721,4,6,FALSE,FALSE,TRUE
"GPATCH1","GPATCH1_HUMAN","P48504","Protein GPATCH1",0.9143,1,0.574239,0,0.2409,3,4,FALSE,TRUE,FALSE
"GENE0345","GENE0345_HUMAN","P25249","Protein GENE0345",0.2428,1,0.482872,0,0.3162,3,4,TRUE,FALSE,FALSE
"DHX38","DHX38_HUMAN","P36686","Protein DHX38",-0.7614,1,0.697614,0,0.1564,5,3,FALSE,FALSE,FALSE
"GENE0563","GENE0563_HUMAN","P91898","Protein GENE0563",0.3869,1,0.828729,0,0.0816,6,4,FALSE,FALSE,FALSE
"GENE0778","GENE0778_HUMAN","P98523","Protein GENE0778",0.1392,1,0.876899,0,0.0571,3,6,FALSE,TRUE,FALSE
"GENE1203","GENE1203_HUMAN","P19519","Protein GENE1203",0.1293,0.353862,0.325875,0,0.4869,4,6,FALSE,FALSE,FALSE
"GENE1357","GENE1357_HUMAN","P51686","Protein GENE1357",-0.4075,0.208641,0.123062,0.5864,0.9099,4,2,FALSE,FALSE,FALSE
"GENE0085","GENE0085_HUMAN","P61777","Protein GENE0085",-0.4777,1,0.384804,0,0.4148,4,2,TRUE,TRUE,FALSE
"GENE1681","GENE1681_HUMAN","P34785","Protein GENE1681",0.3656,0.219051,0.125046,0.3187,0.9029,6,5,FALSE,FALSE,FALSE
"GENE2840","GENE2840_HUMAN","P35000","Protein GENE2840",-0.028,0.240232,0.135056,0.4864,0.8695,4,4,FALSE,FALSE,FALSE
"GENE0149","GENE0149_HUMAN","P53733","Protein GENE0149",0.2787,0.329628,0.239257,0,0.6211,5,3,TRUE,FALSE,FALSE
"GENE0991","GENE0991_HUMAN","P34836","Protein GENE0991",0.3055,0.984274,0.253615,0.1427,0.5958,3,5,FALSE,FALSE,FALSE
"GENE2009","GENE2009_HUMAN","P95753","Protein GENE2009",-3.4267,0.138575,0.04257,0.7251,1.3709,2,5,FALSE,FALSE,TRUE
"GENE2137","GENE2137_HUMAN","P17812","Protein GENE2137",-0.472,1,0.643959,0.0562,0.1911,3,3,FALSE,FALSE,FALSE
"GENE2493","GENE2493_HUMAN","P94890","Protein GENE2493",-0.4943,0.990252,0.524036,0,0.2806,4,3,FALSE,FALSE,FALSE
"GENE2820","GENE2820_HUMAN","P52055","Protein GENE2820",-0.1913,0.633915,0.422246,0.3304,0.3744,3,5,FALSE,FALSE,FALSE
"GENE2626","GENE2626_HUMAN","P63946","Protein GENE2626",0.4837,0.769117,0.185905,0.0427,0.7307,3,5,FALSE,FALSE,FALSE
"GENE1851","GENE1851_HUMAN","P72394","Protein GENE1851",-0.4203,1,0.450871,0,0.3459,2,6,FALSE,FALSE,FALSE
"GENE0651","GENE0651_HUMAN","P07807","Protein GENE0651",0.3379,1,0.893868,0,0.0487,5,4,FALSE,FALSE,FALSE
"GENE0057","GENE0057_HUMAN","P58337","Protein GENE0057",0.2717,0.464601,0.18121,0.0467,0.7418,5,5,FALSE,FALSE,FALSE
"GENE2177","GENE2177_HUMAN","P73404","Protein GENE2177",1.1617,1,0.537276,0,0.2698,3,6,FALSE,FALSE,FALSE
"GENE2702","GENE2702_HUMAN","P13950","Protein GENE2702",-0.1738,0.77722,0.29979,0.0786,0.5232,5,4,FALSE,FALSE,FALSE
"GENE0083","GENE0083_HUMAN","P34210","Protein GENE0083",0.0354,1,0.495538,0.2905,0.3049,4,4,FALSE,FALSE,FALSE
"GENE2740","GENE2740_HUMAN","P48886","Protein GENE2740",0.0364,1,0.324928,0,0.4882,4,5,FALSE,FALSE,FALSE
"GENE1993","GENE1993_HUMAN","P90059","Protein GENE1993",0.2347,0.895991,0.224605,0.2024,0.6486,3,3,TRUE,FALSE,FALSE
"GENE0164","GENE0164_HUMAN","P00923","Protein GENE0164",-0.1451,1,0.755426,0,0.1218,6,4,FALSE,FALSE,FALSE
"GENE0165","GENE0165_HUMAN","P68368","Protein GENE0165",0.236,0.747202,0.231202,0.1139,0.636,4,5,FALSE,FALSE,FALSE
"GENE0419","GENE0419_HUMAN","P63835","Protein GENE0419",-3.2589,0.150992,0.034915,1.0536,1.457,3,4,FALSE,FALSE,TRUE
"GENE0736","GENE0736_HUMAN","P17629","Protein GENE0736",3.4113,0.00253,0.000944,2.3514,3.025,4,5,FALSE,FALSE,TRUE
"GENE0532","GENE0532_HUMAN","P04643","Protein GENE0532",-0.4487,1,0.518879,0,0.2849,6,2,FALSE,FALSE,FALSE
"GENE1982","GENE1982_HUMAN","P72701","Protein GENE1982",0.5658,1,0.67848,0.0256,0.1685,2,2,FALSE,FALSE,FALSE
"GENE0662","GENE0662_HUMAN","P47556","Protein GENE0662",0.5028,1,0.932254,0,0.0305,5,3,FALSE,FALSE,FALSE
"GENE1315","GENE1315_HUMAN","P95387","Protein GENE1315",-0.0083,1,0.461155,0,0.3362,2,4,FALSE,TRUE,FALSE
"GENE1524","GENE1524_HUMAN","P40301","Protein GENE1524",-0.0363,0.687105,0.150323,0.1726,0.823,6,3,FALSE,FALSE,FALSE
"GENE2698","GENE2698_HUMAN","P83008","Protein GENE2698",-0.3957,0.579361,0.31459,0.2928,0.5023,3,4,FALSE,FALSE,FALSE
"GENE2100","GENE2100_HUMAN","P84589","Protein GENE2100",-0.2477,0.59173,0.132981,0.1807,0.8762,4,2,FALSE,FALSE,FALSE
"GENE1773","GENE1773_HUMAN","P84775","Protein GENE1773",1.488,0.022803,0.011199,1.8258,1.9508,2,2,TRUE,FALSE,TRUE
"GENE2860","GENE2860_HUMAN","P44892","Protein GENE2860",-0.1232,1,0.268152,0.105,0.5716,3,6,FALSE,FALSE,FALSE
"GENE2352","GENE2352_HUMAN","P13858","Protein GENE2352",0.5061,0.042606,0.014227,1.247,1.8469,2,2,FALSE,FALSE,TRUE
"GENE0912","GENE0912_HUMAN","P39031","Protein GENE0912",3.911,0.056717,0.040326,0.7304,1.3944,3,6,FALSE,FALSE,TRUE
"GENE1234","GENE1234_HUMAN","P91792","Protein GENE1234",0.5305,1,0.524504,0,0.2803,2,6,FALSE,FALSE,FALSE
"GENE0517","GENE0517_HUMAN","P98003","Protein GENE0517",-0.6879,1,0.753754,0,0.1228,2,5,FALSE,TRUE,FALSE
"GENE1255","GENE1255_HUMAN","P02289","Protein GENE1255",-0.4665,1,0.479469,0,0.3192,5,5,FALSE,TRUE,FALSE
"GENE0655","GENE0655_HUMAN","P20092","Protein GENE0655",0.5213,1,0.698268,0,0.156,4,2,FALSE,TRUE,FALSE
"GENE0105","GENE0105_HUMAN","P94134","Protein GENE0105",-0.2667,0.411488,0.128559,0.2266,0.8909,6,4,FALSE,FALSE,FALSE
"GENE0515","GENE0515_HUMAN","P91838","Protein GENE0515",4.1685,0.126222,0.041805,1.0819,1.3788,6,4,FALSE,FALSE,TRUE
"GENE1624","GENE1624_HUMAN","P48128","Protein GENE1624",-0.2278,0.836351,0.194421,0.069,0.7113,4,6,FALSE,FALSE,FALSE
"GENE0871","GENE0871_HUMAN","P79243","Protein GENE0871",0.0579,0.549449,0.499458,0,0.3015,3,6,FALSE,FALSE,FALSE
"GENE1515","GENE1515_HUMAN","P86698","Protein GENE1515",-0.2214,1,0.958483,0,0.0184,3,2,FALSE,TRUE,FALSE
"GENE1441","GENE1441_HUMAN","P52058","Protein GENE1441",0.3569,1,0.562488,0,0.2499,3,2,FALSE,FALSE,FALSE
"GENE0876","GENE0876_HUMAN","P41769","Protein GENE0876",-0.3894,0.611165,0.217313,0.0166,0.6629,2,2,FALSE,FALSE,FALSE
"GENE2032","GENE2032_HUMAN","P15344","Protein GENE2032",-0.1651,0.977126,0.472892,0,0.3252,5,3,FALSE,FALSE,FALSE
"GENE1662","GENE1662_HUMAN","P18110","Protein GENE1662",0.6192,0.366935,0.181065,0.4142,0.7422,2,3,FALSE,FALSE,FALSE
"GENE2745","GENE2745_HUMAN","P58274","Protein GENE2745",0.5383,1,0.846175,0,0.0725,5,6,FALSE,FALSE,FALSE
"GENE1714","GENE1714_HUMAN","P69116","Protein GENE1714",-0.1197,0.611243,0.525547,0.2419,0.2794,5,4,FALSE,TRUE,FALSE
"GENE2307","GENE2307_HUMAN","P81062","Protein GENE2307",-0.3385,1,0.920942,0,0.0358,2,5,FALSE,FALSE,FALSE
"GENE2379","GENE2379_HUMAN","P22138","Protein GENE2379",0.3812,0.260616,0.245735,0.067,0.6095,6,4,FALSE,FALSE,FALSE
"GENE1011","GENE1011_HUMAN","P75960","Protein GENE1011",-0.1194,1,0.933724,0,0.0298,6,2,FALSE,FALSE,FALSE
"GENE1337","GENE1337_HUMAN","P88341","Protein GENE1337",-0.1781,1,0.82104,0.0124,0.0856,6,6,FALSE,FALSE,FALSE
"GENE2113","GENE2113_HUMAN","P80500","Protein GENE2113",-0.0643,1,0.445604,0,0.3511,5,5,FALSE,FALSE,FALSE
"GENE2409","GENE2409_HUMAN","P75906","Protein GENE2409",4.157,0.025461,0.016454,1.4521,1.7837,6,5,FALSE,FALSE,TRUE
"GENE1997","GENE1997_HUMAN","P06592","Protein GENE1997",1.7476,0.021696,0.009202,1.7561,2.0361,3,6,FALSE,FALSE,TRUE
"GENE2455","GENE2455_HUMAN","P67291","Protein GENE2455",0.2223,1,0.353391,0,0.4517,5,5,FALSE,FALSE,FALSE
"GENE0859","GENE0859_HUMAN","P22449","Protein GENE0859",0.4752,0.841531,0.309006,0.435,0.51,4,5,FALSE,FALSE,FALSE
"GENE2786","GENE2786_HUMAN","P28836","Protein GENE2786",0.198,1,0.856883,0,0.0671,6,5,FALSE,FALSE,FALSE
"GENE1538","GENE1538_HUMAN","P40087","Protein GENE1538",0.9612,0.065356,0.015783,1.5011,1.8018,6,4,FALSE,FALSE,TRUE
"GENE0585","GENE0585_HUMAN","P57621","Protein GENE0585",0.8075,0.108806,0.02912,1.0161,1.5358,6,3,FALSE,FALSE,TRUE
"GENE1261","GENE1261_HUMAN","P85059","Protein GENE1261",0.791,0.33893,0.125659,0.6719,0.9008,5,4,FALSE,FALSE,FALSE
"GENE0475","GENE0475_HUMAN","P35553","Protein GENE0475",0.0573,0.410959,0.089063,0.3624,1.0503,6,2,FALSE,TRUE,FALSE
"GENE2123","GENE2123_HUMAN","P43260","Protein GENE2123",0.3196,0.187832,0.092443,0.5336,1.0341,3,6,FALSE,FALSE,FALSE
"GENE0061","GENE0061_HUMAN","P81338","Protein GENE0061",-0.1469,0.878738,0.187839,0.1445,0.7262,3,3,FALSE,FALSE,FALSE
"GENE1628","GENE1628_HUMAN","P60761","Protein GENE1628",0.154,0.638432,0.264036,0,0.5783,6,6,FALSE,FALSE,FALSE
"GENE2167","GENE2167_HUMAN","P38296","Protein GENE2167",-4.1917,0.101694,0.027416,1.0945,1.562,6,3,FALSE,FALSE,TRUE
"GENE1872","GENE1872_HUMAN","P94014","Protein GENE1872",1.9999,0.177124,0.038331,0.9748,1.4165,2,4,FALSE,FALSE,TRUE
"GENE0295","GENE0295_HUMAN","P48727","Protein GENE0295",-0.0495,1,0.840597,0,0.0754,2,6,FALSE,TRUE,FALSE
"GENE1603","GENE1603_HUMAN","P93982","Protein GENE1603",0.335,0.178858,0.07327,0.5108,1.1351,4,2,FALSE,FALSE,FALSE
"GENE2636","GENE2636_HUMAN","P34316","Protein GENE2636",-0.7922,0.102617,0.025107,1.2847,1.6002,2,2,TRUE,FALSE,TRUE
"GENE1037","GENE1037_HUMAN","P84191","Protein GENE1037",0.6481,0.21752,0.115168,0.3111,0.9387,5,4,FALSE,FALSE,FALSE
"GENE0021","GENE0021_HUMAN","P98861","Protein GENE0021",-0.1227,0.939723,0.6391,0,0.1944,6,3,FALSE,TRUE,FALSE
"GENE1886","GENE1886_HUMAN","P18884","Protein GENE1886",0.7218,1,0.487688,0.096,0.3119,2,6,FALSE,FALSE,FALSE
"GENE1242","GENE1242_HUMAN","P96495","Protein GENE1242",-0.5383,0.175014,0.125265,0.2954,0.9022,2,3,FALSE,FALSE,FALSE
"GENE2305","GENE2305_HUMAN","P67612","Protein GENE2305",-0.4346,1,0.770206,0,0.1134,6,2,FALSE,FALSE,FALSE
"GENE2323","GENE2323_HUMAN","P78968","Protein GENE2323",0.474,0.276038,0.07441,1.0805,1.1284,2,4,FALSE,TRUE,FALSE
"GENE0672","GENE0672_HUMAN","P08704","Protein GENE0672",3.0166,0.140282,0.037672,0.8057,1.424,6,4,FALSE,FALSE,TRUE
"GENE0393","GENE0393_HUMAN","P88267","Protein GENE0393",2.3788,0.040483,0.018253,1.11,1.7387,2,6,FALSE,FALSE,TRUE
"GENE0090","GENE0090_HUMAN","P20807","Protein GENE0090",0.3287,0.350286,0.239607,0.2246,0.6205,5,3,FALSE,FALSE,FALSE
"GENE2562","GENE2562_HUMAN","P34881","Protein GENE2562",0.2064,1,0.438109,0.0939,0.3584,2,4,FALSE,TRUE,FALSE
"GENE2567","GENE2567_HUMAN","P96555","Protein GENE2567",-0.9903,0.189584,0.116013,0.599,0.9355,3,2,FALSE,FALSE,FALSE
"GENE1800","GENE1800_HUMAN","P63853","Protein GENE1800",4.0239,0.087502,0.03915,0.7601,1.4073,4,4,FALSE,FALSE,TRUE
"GENE2419","GENE2419_HUMAN","P78523","Protein GENE2419",-0.1133,1,0.994705,0,0.0023,2,3,FALSE,FALSE,FALSE
"GENE1569","GENE1569_HUMAN","P88328","Protein GENE1569",-0.0303,1,0.888656,0,0.0513,2,3,FALSE,FALSE,FALSE
"GENE1528","GENE1528_HUMAN","P89640","Protein GENE1528",-0.1378,1,0.349202,0,0.4569,4,6,FALSE,FALSE,FALSE
"GENE0334","GENE0334_HUMAN","P70707","Protein GENE0334",0.0611,0.400981,0.167508,0.3896,0.776,6,3,FALSE,FALSE,FALSE
"GENE2553","GENE2553_HUMAN","P89720","Protein GENE2553",-2.593,0.010836,0.009964,1.3395,2.0016,3,3,TRUE,FALSE,TRUE
"GENE1544","GENE1544_HUMAN","P66245","Protein GENE1544",-2.4476,0.040545,0.011973,1.4994,1.9218,6,6,FALSE,FALSE,TRUE
"GENE2161","GENE2161_HUMAN","P11808","Protein GENE2161",0.4962,1,0.488052,0,0.3115,4,4,FALSE,FALSE,FALSE
"GENE0285","GENE0285_HUMAN","P52923","Protein GENE0285",0.0175,1,0.641918,0.1396,0.1925,2,2,FALSE,FALSE,FALSE
"GENE1469","GENE1469_HUMAN","P77680","Protein GENE1469",-0.2093,1,0.525638,0,0.2793,5,3,FALSE,FALSE,FALSE
"GENE1319","GENE1319_HUMAN","P90147","Protein GENE1319",2.9777,0.057409,0.033275,1.0412,1.4779,6,2,FALSE,FALSE,TRUE
"GENE1700","GENE1700_HUMAN","P84894","Protein GENE1700",-4.4197,0.109811,0.031969,1.0532,1.4953,3,5,FALSE,FALSE,TRUE
"GENE0084","GENE0084_HUMAN","P17580","Protein GENE0084",-0.0484,0.906525,0.625285,0,0.2039,6,3,FALSE,FALSE,FALSE
"GENE0487","GENE0487_HUMAN","P67759","Protein GENE0487",0.1079,0.602391,0.224908,0.4295,0.648,2,5,FALSE,FALSE,FALSE
"GENE2071","GENE2071_HUMAN","P85596","Protein GENE2071",-0.9532,1,0.451057,0,0.3458,6,5,FALSE,FALSE,FALSE
"GENE0100","GENE0100_HUMAN","P72854","Protein GENE0100",0.2613,0.674713,0.232934,0.4601,0.6328,5,3,FALSE,FALSE,FALSE
"GENE2657","GENE2657_HUMAN","P27060","Protein GENE2657",-0.397,0.790764,0.203847,0.1627,0.6907,3,5,FALSE,FALSE,FALSE
"GENE1790","GENE1790_HUMAN","P92437","Protein GENE1790",0.2391,1,0.907439,0,0.0422,3,6,FALSE,FALSE,FALSE
"GENE0102","GENE0102_HUMAN","P58057","Protein GENE0102",0.4179,0.876843,0.334627,0,0.4754,6,4,TRUE,FALSE,FALSE
"GENE1477","GENE1477_HUMAN","P57428","Protein GENE1477",-0.2572,0.456833,0.204879,0.3852,0.6885,2,2,FALSE,FALSE,FALSE
"GENE2781","GENE2781_HUMAN","P40987","Protein GENE2781",-0.5841,1,0.378389,0.0698,0.4221,5,5,FALSE,FALSE,FALSE
"GENE0410","GENE0410_HUMAN","P59712","Protein GENE0410",-0.7637,0.792152,0.586943,0,0.2314,6,4,FALSE,FALSE,FALSE
"GENE0310","GENE0310_HUMAN","P99108","Protein GENE0310",0.5075,0.035269,0.018752,1.0939,1.727,2,6,FALSE,TRUE,TRUE
"GENE1154","GENE1154_HUMAN","P66456","Protein GENE1154",0.2692,0.952368,0.76077,0,0.1187,4,6,FALSE,FALSE,FALSE
"GENE2245","GENE2245_HUMAN","P72070","Protein GENE2245",2.5976,0.093114,0.044449,1.0056,1.3521,4,6,TRUE,FALSE,TRUE
"GENE0808","GENE0808_HUMAN","P76690","Protein GENE0808",0.2653,1,0.642694,0,0.192,5,2,FALSE,FALSE,FALSE
"GENE1123","GENE1123_HUMAN","P70767","Protein GENE1123",0.5413,1,0.273283,0,0.5634,4,3,FALSE,FALSE,FALSE
"GENE1204","GENE1204_HUMAN","P09720","Protein GENE1204",0.1519,0.335318,0.083518,0.8793,1.0782,4,4,FALSE,TRUE,FALSE
"GENE0129","GENE0129_HUMAN","P05229","Protein GENE0129",-0.4899,0.900703,0.891162,0,0.05,3,2,FALSE,FALSE,FALSE
"GENE1000","GENE1000_HUMAN","P76125","Protein GENE1000",-0.1733,1,0.592453,0.0786,0.2273,2,6,FALSE,FALSE,FALSE
"GENE1530","GENE1530_HUMAN","P54819","Protein GENE1530",2.6775,0.099429,0.025297,0.9546,1.5969,3,6,FALSE,FALSE,TRUE
"GENE1237","GENE1237_HUMAN","P92381","Protein GENE1237",-0.1126,1,0.832784,0,0.0795,2,2,FALSE,FALSE,FALSE
"GENE1254","GENE1254_HUMAN","P53871","Protein GENE1254",1.1956,0.074781,0.016353,1.2567,1.7864,5,3,FALSE,FALSE,TRUE
"GENE0304","GENE0304_HUMAN","P08649","Protein GENE0304",0.294,0.967775,0.729201,0,0.1372,2,2,FALSE,FALSE,FALSE
"GENE1095","GENE1095_HUMAN","P07494","Protein GENE1095",0.1037,0.857476,0.487304,0.0658,0.3122,6,2,FALSE,FALSE,FALSE
"GENE0185","GENE0185_HUMAN","P45587","Protein GENE0185",-0.1117,1,0.904334,0,0.0437,5,4,FALSE,FALSE,FALSE
"GENE0797","GENE0797_HUMAN","P33293","Protein GENE0797",-0.9172,0.641182,0.548655,0,0.2607,6,5,TRUE,FALSE,FALSE
"GENE1455","GENE1455_HUMAN","P92265","Protein GENE1455",4.4565,0.008923,0.00351,1.7564,2.4546,4,2,TRUE,FALSE,TRUE
"GENE1573","GENE1573_HUMAN","P81996","Protein GENE1573",0.4006,1,0.9767,0,0.0102,3,4,FALSE,FALSE,FALSE
"GENE0231","GENE0231_HUMAN","P90643","Protein GENE0231",-0.1087,1,0.657433,0,0.1821,3,3,FALSE,FALSE,FALSE
"GENE2837","GENE2837_HUMAN","P72907","Protein GENE2837",0.1097,1,0.882589,0,0.0542,4,6,FALSE,FALSE,FALSE
"GENE0309","GENE0309_HUMAN","P61415","Protein GENE0309",-0.4986,1,0.727227,0,0.1383,4,5,FALSE,TRUE,FALSE
"GENE1749","GENE1749_HUMAN","P24119","Protein GENE1749",-2.3902,0.059493,0.028297,1.0278,1.5483,6,6,FALSE,FALSE,TRUE
"GENE0639","GENE0639_HUMAN","P10216","Protein GENE0639",-0.3653,1,0.437131,0,0.3594,6,5,FALSE,FALSE,FALSE
"GENE0980","GENE0980_HUMAN","P68737","Protein GENE0980",-1.3487,0.57542,0.213525,0.2767,0.6706,6,5,FALSE,TRUE,FALSE
"GENE0668","GENE0668_HUMAN","P30570","Protein GENE0668",0.0843,0.065982,0.063977,1.0029,1.194,6,4,FALSE,FALSE,FALSE
"GENE0942","GENE0942_HUMAN","P10379","Protein GENE0942",-0.4452,1,0.462675,0,0.3347,2,3,FALSE,FALSE,FALSE
"GENE1140","GENE1140_HUMAN","P43236","Protein GENE1140",0.2364,1,0.618203,0,0.2089,6,4,FALSE,FALSE,FALSE
"GENE1963","GENE1963_HUMAN","P28815","Protein GENE1963",2.0768,0.049801,0.012043,1.4367,1.9193,5,4,TRUE,FALSE,TRUE
"GENE0543","GENE0543_HUMAN","P80999","Protein GENE0543",0.2129,0.391398,0.100594,0.3384,0.9974,3,6,FALSE,FALSE,FALSE
"ZNF598","ZNF598_HUMAN","P02674","Protein ZNF598",-0.4164,1,0.466078,0,0.3315,4,2,TRUE,FALSE,FALSE
"GENE2023","GENE2023_HUMAN","P74028","Protein GENE2023",-0.4012,1,0.842928,0,0.0742,2,6,FALSE,FALSE,FALSE
"GENE0186","GENE0186_HUMAN","P32346","Protein GENE0186",2.2523,0.049655,0.019565,1.2227,1.7085,4,3,FALSE,FALSE,TRUE
"GENE0266","GENE0266_HUMAN","P89478","Protein GENE0266",0.4259,0.362996,0.209178,0.3613,0.6795,4,2,FALSE,FALSE,FALSE
"GENE2412","GENE2412_HUMAN","P80175","Protein GENE2412",-0.2178,0.339775,0.157545,0.4126,0.8026,6,3,FALSE,FALSE,FALSE
"GENE1794","GENE1794_HUMAN","P15429","Protein GENE1794",-0.5096,1,0.307549,0,0.5121,5,2,FALSE,FALSE,FALSE
"GENE0030","GENE0030_HUMAN","P49489","Protein GENE0030",-0.256,1,0.880681,0,0.0552,3,3,FALSE,TRUE,FALSE
"GENE0133","GENE0133_HUMAN","P75957","Protein GENE0133",0,1,0.372806,0,0.4285,3,6,TRUE,FALSE,FALSE
"GENE0461","GENE0461_HUMAN","P82168","Protein GENE0461",0.3257,1,0.547054,0,0.262,4,5,FALSE,FALSE,FALSE
"GENE2791","GENE2791_HUMAN","P62638","Protein GENE2791",-0.5724,0.038302,0.027364,0.8924,1.5628,6,2,FALSE,FALSE,TRUE
"GENE0938","GENE0938_HUMAN","P16099","Protein GENE0938",0.3876,1,0.714417,0.14,0.146,5,6,TRUE,FALSE,FALSE
"GENE0782","GENE0782_HUMAN","P00765","Protein GENE0782",0.2701,0.72639,0.233928,0.3321,0.6309,2,6,FALSE,FALSE,FALSE
"GENE0600","GENE0600_HUMAN","P76688","Protein GENE0600",0.4108,0.5593,0.356496,0,0.4479,4,5,FALSE,FALSE,FALSE
"GENE0103","GENE0103_HUMAN","P60308","Protein GENE0103",-0.4013,1,0.905632,0,0.043,5,5,FALSE,FALSE,FALSE
"GENE0537","GENE0537_HUMAN","P25400","Protein GENE0537",-0.0258,0.410194,0.192233,0.2911,0.7162,5,2,FALSE,FALSE,FALSE
"GENE1771","GENE1771_HUMAN","P80147","Protein GENE1771",-0.1723,1,0.657423,0,0.1822,5,2,TRUE,FALSE,FALSE
"GENE0929","GENE0929_HUMAN","P75113","Protein GENE0929",-0.5314,0.808323,0.400795,0,0.3971,4,4,FALSE,FALSE,FALSE
"GENE1564","GENE1564_HUMAN","P68719","Protein GENE1564",0.5637,0.535681,0.437973,0,0.3586,5,4,TRUE,FALSE,FALSE
"GENE0963","GENE0963_HUMAN","P31000","Protein GENE0963",4.0952,0.085879,0.022392,1.1002,1.6499,5,4,FALSE,FALSE,TRUE
"GENE2589","GENE2589_HUMAN","P35056","Protein GENE2589",2.8938,0.02404,0.008823,1.8299,2.0544,6,2,FALSE,FALSE,TRUE
"GENE0456","GENE0456_HUMAN","P31005","Protein GENE0456",2.9255,0.159504,0.04163,0.6978,1.3806,4,5,FALSE,FALSE,TRUE
"GENE1454","GENE1454_HUMAN","P90285","Protein GENE1454",-0.1176,1,0.790928,0.052,0.1019,3,2,FALSE,FALSE,FALSE
"GENE0082","GENE0082_HUMAN","P70061","Protein GENE0082",0.1032,1,0.310558,0.0568,0.5079,3,5,FALSE,FALSE,FALSE
"GENE1328","GENE1328_HUMAN","P81706","Protein GENE1328",0.4387,1,0.473865,0.0196,0.3243,5,2,FALSE,FALSE,FALSE
"GENE2563","GENE2563_HUMAN","P96700","Protein GENE2563",0.1095,0.569794,0.176425,0.1395,0.7534,5,5,FALSE,FALSE,FALSE
"GENE1904","GENE1904_HUMAN","P22938","Protein GENE1904",0.5658,1,0.493578,0.0633,0.3066,3,6,FALSE,FALSE,FALSE
"GENE1156","GENE1156_HUMAN","P79125","Protein GENE1156",1.468,0.007279,0.001615,2.2659,2.7919,6,2,FALSE,TRUE,TRUE
"GENE1805","GENE1805_HUMAN","P22158","Protein GENE1805",-0.9212,1,0.485174,0,0.3141,2,6,FALSE,FALSE,FALSE
"GENE2394","GENE2394_HUMAN","P24217","Protein GENE2394",-4.483,0.082301,0.033309,1.1232,1.4774,5,4,FALSE,FALSE,TRUE
"GENE2542","GENE2542_HUMAN","P78991","Protein GENE2542",2.2186,0.065111,0.015317,1.438,1.8148,2,2,FALSE,FALSE,TRUE
"GENE2660","GENE2660_HUMAN","P29505","Protein GENE2660",0.6368,1,0.993949,0,0.0026,5,6,FALSE,FALSE,FALSE
"GENE0167","GENE0167_HUMAN","P07693","Protein GENE0167",-0.3971,1,0.991199,0,0.0038,5,4,FALSE,FALSE,FALSE
"GENE2555","GENE2555_HUMAN","P71359","Protein GENE2555",-1.7336,0.117729,0.042536,1.0359,1.3712,5,2,FALSE,FALSE,TRUE
"GENE1680","GENE1680_HUMAN","P09553","Protein GENE1680",0.5659,0.793534,0.163783,0.2309,0.7857,5,6,FALSE,FALSE,FALSE
"GENE2309","GENE2309_HUMAN","P88869","Protein GENE2309",-2.4891,0.082515,0.017694,1.473,1.7522,5,3,FALSE,FALSE,TRUE
"GENE2871","GENE2871_HUMAN","P54618","Protein GENE2871",0.0603,1,0.741405,0,0.1299,4,5,TRUE,FALSE,FALSE
"GENE1183","GENE1183_HUMAN","P54990","Protein GENE1183",-0.1108,1,0.713651,0,0.1465,2,3,FALSE,FALSE,FALSE
"GENE2464","GENE2464_HUMAN","P87291","Protein GENE2464",1.7635,0.113746,0.024915,1.13,1.6035,3,4,FALSE,FALSE,TRUE
"GENE1762","GENE1762_HUMAN","P81074","Protein GENE1762",-2.8419,0.039639,0.018251,1.4436,1.7387,6,4,FALSE,FALSE,TRUE
"GENE1687","GENE1687_HUMAN","P69448","Protein GENE1687",0.9153,0.049393,0.048318,1.107,1.3159,3,5,FALSE,FALSE,TRUE
"GENE1415","GENE1415_HUMAN","P88541","Protein GENE1415",-0.1064,1,0.550141,0,0.2595,5,2,TRUE,FALSE,FALSE
"GENE1419","GENE1419_HUMAN","P06154","Protein GENE1419",0.1478,1,0.698883,0.1507,0.1556,4,5,TRUE,FALSE,FALSE
"GENE0956","GENE0956_HUMAN","P47674","Protein GENE0956",0.2115,0.452705,0.177046,0.3282,0.7519,4,3,FALSE,FALSE,FALSE
"GENE1282","GENE1282_HUMAN","P31227","Protein GENE1282",-0.3273,1,0.772035,0,0.1124,3,5,FALSE,FALSE,FALSE
"GENE0182","GENE0182_HUMAN","P06501","Protein GENE0182",-0.2336,1,0.772061,0,0.1123,3,6,FALSE,FALSE,FALSE
"GENE2505","GENE2505_HUMAN","P77532","Protein GENE2505",0.2356,0.243352,0.079235,0.6908,1.1011,3,5,FALSE,FALSE,FALSE
"GENE0670","GENE0670_HUMAN","P35616","Protein GENE0670",0.009,0.191263,0.10732,0.7501,0.9693,6,5,FALSE,FALSE,FALSE
"GENE2623","GENE2623_HUMAN","P19899","Protein GENE2623",-0.099,0.701055,0.210547,0.1454,0.6767,5,5,FALSE,FALSE,FALSE
"GENE0322","GENE0322_HUMAN","P32777","Protein GENE0322",0.0757,0.868755,0.303595,0.4127,0.5177,5,2,FALSE,TRUE,FALSE
"GENE1950","GENE1950_HUMAN","P95328","Protein GENE1950",-2.4572,0.07193,0.023022,0.9562,1.6379,6,6,FALSE,FALSE,TRUE
"GENE0583","GENE0583_HUMAN","P57222","Protein GENE0583",-0.6949,1,0.512686,0,0.2901,6,2,FALSE,FALSE,FALSE
"GENE2776","GENE2776_HUMAN","P44947","Protein GENE2776",0.7446,1,0.587195,0.1547,0.2312,5,2,FALSE,FALSE,FALSE
"GENE0855","GENE0855_HUMAN","P03754","Protein GENE0855",0.1685,1,0.6092,0,0.2152,4,6,FALSE,TRUE,FALSE
"GENE0717","GENE0717_HUMAN","P14602","Protein GENE0717",0.5492,0.452692,0.128812,0.4061,0.89,4,5,FALSE,FALSE,FALSE
"GENE0889","GENE0889_HUMAN","P10796","Protein GENE0889",3.9503,0.090013,0.023289,1.0137,1.6328,4,3,FALSE,FALSE,TRUE
"GENE0706","GENE0706_HUMAN","P79949","Protein GENE0706",-0.2542,1,0.575768,0,0.2398,6,3,FALSE,FALSE,FALSE
"GENE0591","GENE0591_HUMAN","P23751","Protein GENE0591",-0.0051,0.70309,0.289352,0.1984,0.5386,6,3,FALSE,FALSE,FALSE
"GENE1370","GENE1370_HUMAN","P10933","Protein GENE1370",-0.7501,1,0.898322,0,0.0466,2,5,FALSE,FALSE,FALSE
"GENE1898","GENE1898_HUMAN","P21164","Protein GENE1898",-0.0337,0.157544,0.090827,0.9405,1.0418,4,2,FALSE,TRUE,FALSE
"GENE1860","GENE1860_HUMAN","P17684","Protein GENE1860",-0.1547,0.921435,0.856227,0,0.0674,5,6,FALSE,FALSE,FALSE
"GENE2524","GENE2524_HUMAN","P03590","Protein GENE2524",0.934,0.052973,0.028011,1.2359,1.5527,2,6,FALSE,TRUE,TRUE
"GENE1770","GENE1770_HUMAN","P24537","Protein GENE1770",0.2379,1,0.557965,0,0.2534,2,6,FALSE,FALSE,FALSE
"GENE1810","GENE1810_HUMAN","P15012","Protein GENE1810",0.1061,0.903692,0.810797,0,0.0911,5,5,FALSE,FALSE,FALSE
"GENE0454","GENE0454_HUMAN","P42630","Protein GENE0454",-0.1614,1,0.887926,0,0.0516,4,6,FALSE,FALSE,FALSE
"GENE0893","GENE0893_HUMAN","P89261","Protein GENE0893",1.307,0.19464,0.046044,0.7023,1.3368,3,4,FALSE,FALSE,TRUE
"GENE1463","GENE1463_HUMAN","P46235","Protein GENE1463",-0.5023,0.012725,0.007685,2.0514,2.1144,6,3,TRUE,TRUE,TRUE
"GENE0459","GENE0459_HUMAN","P66198","Protein GENE0459",3.5179,0.157218,0.035205,1.1041,1.4534,6,4,FALSE,FALSE,TRUE
"GENE0341","GENE0341_HUMAN","P88483","Protein GENE0341",-0.0086,0.334261,0.088936,0.6396,1.0509,5,5,FALSE,FALSE,FALSE
"GENE1026","GENE1026_HUMAN","P43319","Protein GENE1026",0.1554,1,0.978684,0,0.0094,5,4,FALSE,FALSE,FALSE
"GENE2516","GENE2516_HUMAN","P91087","Protein GENE2516",0.2097,1,0.771712,0,0.1125,4,4,FALSE,FALSE,FALSE
"GENE2525","GENE2525_HUMAN","P66730","Protein GENE2525",0.1334,1,0.523563,0.0823,0.281,3,3,FALSE,FALSE,FALSE
"GENE2239","GENE2239_HUMAN","P86663","Protein GENE2239",0.0637,0.486564,0.116112,0.4131,0.9351,5,3,FALSE,FALSE,FALSE
"GENE0521","GENE0521_HUMAN","P40261","Protein GENE0521",0.639,1,0.887824,0,0.0517,2,2,FALSE,FALSE,FALSE
"GENE0932","GENE0932_HUMAN","P22547","Protein GENE0932",0.3655,0.538708,0.128099,0.4623,0.8925,3,3,TRUE,TRUE,FALSE
"GENE0964","GENE0964_HUMAN","P17192","Protein GENE0964",-0.2905,0.418666,0.213084,0,0.6714,5,2,FALSE,FALSE,FALSE
"GENE1056","GENE1056_HUMAN","P46140","Protein GENE1056",0.2233,1,0.689002,0,0.1618,6,6,FALSE,FALSE,FALSE
"GENE2747","GENE2747_HUMAN","P62815","Protein GENE2747",0.3908,0.971582,0.795563,0.091,0.0993,4,5,FALSE,FALSE,FALSE
"GENE2592","GENE2592_HUMAN","P08598","Protein GENE2592",-3.8451,0.027571,0.005936,1.735,2.2265,6,4,FALSE,FALSE,TRUE
"GENE0605","GENE0605_HUMAN","P15123","Protein GENE0605",-0.2642,1,0.341206,0.0491,0.467,4,3,FALSE,FALSE,FALSE
"GENE2549","GENE2549_HUMAN","P92914","Protein GENE2549",-2.411,0.100752,0.025107,1.0088,1.6002,4,3,FALSE,FALSE,TRUE
"GENE0054","GENE0054_HUMAN","P72585","Protein GENE0054",0.2572,1,0.660707,0.0085,0.18,3,6,FALSE,FALSE,FALSE
"GENE0471","GENE0471_HUMAN","P10801","Protein GENE0471",-0.0036,1,0.248056,0.0157,0.6055,3,3,FALSE,FALSE,FALSE
"GENE2748","GENE2748_HUMAN","P55028","Protein GENE2748",-0.2524,0.868412,0.702838,0,0.1531,5,5,FALSE,FALSE,FALSE
"GENE0588","GENE0588_HUMAN","P59162","Protein GENE0588",-0.5386,0.491913,0.295763,0.0586,0.5291,4,2,FALSE,FALSE,FALSE
"GENE0982","GENE0982_HUMAN","P34619","Protein GENE0982",-0.1565,1,0.727965,0.0633,0.1379,6,4,FALSE,FALSE,FALSE
"GENE1792","GENE1792_HUMAN","P06642","Protein GENE1792",-2.3638,0.002736,0.001026,2.4717,2.989,3,4,FALSE,FALSE,TRUE
"GENE2003","GENE2003_HUMAN","P58365","Protein GENE2003",-0.6899,1,0.862098,0,0.0644,2,3,FALSE,FALSE,FALSE
"GENE0107","GENE0107_HUMAN","P87104","Protein GENE0107",-0.1689,1,0.81216,0,0.0904,4,4,FALSE,FALSE,FALSE
"GENE2730","GENE2730_HUMAN","P71945","Protein GENE2730",-0.0668,1,0.535658,0.0011,0.2711,3,2,FALSE,FALSE,FALSE
"GENE1690","GENE1690_HUMAN","P07652","Protein GENE1690",-3.6524,0.078431,0.02837,1.0444,1.5471,5,5,FALSE,FALSE,TRUE
"GENE0726","GENE0726_HUMAN","P44395","Protein GENE0726",1.4513,0.046728,0.017125,1.6141,1.7664,3,6,FALSE,FALSE,TRUE
"DHX58","DHX58_HUMAN","P14517","Protein DHX58",-0.4616,1,0.840127,0,0.0757,4,4,TRUE,FALSE,FALSE
"GENE1825","GENE1825_HUMAN","P31388","Protein GENE1825",0.0594,1,0.940672,0,0.0266,5,4,FALSE,FALSE,FALSE
"GENE0286","GENE0286_HUMAN","P53103","Protein GENE0286",0.1392,1,0.933565,0,0.0299,5,5,FALSE,FALSE,FALSE
"GENE0109","GENE0109_HUMAN","P97230","Protein GENE0109",1.721,0.081375,0.017474,1.1033,1.7576,2,2,FALSE,FALSE,TRUE
"GENE0377","GENE0377_HUMAN","P06493","Protein GENE0377",-0.1106,0.82693,0.592131,0,0.2276,2,4,FALSE,FALSE,FALSE
"GENE1513","GENE1513_HUMAN","P57230","Protein GENE1513",0.2222,0.630636,0.21714,0.0851,0.6633,5,6,FALSE,FALSE,FALSE
"GENE1111","GENE1111_HUMAN","P97477","Protein GENE1111",-0.2898,0.484793,0.249191,0,0.6035,4,2,FALSE,FALSE,FALSE
"GENE1759","GENE1759_HUMAN","P49330","Protein GENE1759",1.6317,0.037001,0.031294,0.9325,1.5045,2,4,FALSE,FALSE,TRUE
"GENE2824","GENE2824_HUMAN","P52513","Protein GENE2824",0.2111,1,0.61864,0,0.2086,6,3,FALSE,FALSE,FALSE
"GENE0277","GENE0277_HUMAN","P82800","Protein GENE0277",0.1882,1,0.54842,0,0.2609,2,5,FALSE,FALSE,FALSE
"GENE0464","GENE0464_HUMAN","P28307","Protein GENE0464",-0.4332,0.824231,0.380321,0.0769,0.4198,6,2,FALSE,FALSE,FALSE
"GENE2059","GENE2059_HUMAN","P17687","Protein GENE2059",0.4261,0.493296,0.133854,0.501,0.8734,5,5,FALSE,FALSE,FALSE
"GENE0166","GENE0166_HUMAN","P90501","Protein GENE0166",3.9011,0.120652,0.043879,0.8152,1.3577,2,4,TRUE,FALSE,TRUE
"GENE1620","GENE1620_HUMAN","P56017","Protein GENE1620",2.6616,0.01677,0.004244,1.6757,2.3722,4,3,TRUE,FALSE,TRUE
"GENE2300","GENE2300_HUMAN","P54307","Protein GENE2300",0.5206,1,0.450832,0,0.346,3,4,FALSE,FALSE,FALSE
"GENE1047","GENE1047_HUMAN","P18826","Protein GENE1047",-0.1002,1,0.956722,0,0.0192,2,5,FALSE,FALSE,FALSE
"GENE1640","GENE1640_HUMAN","P45315","Protein GENE1640",0.6244,0.050057,0.018999,1.0818,1.7213,3,6,FALSE,FALSE,TRUE
"GENE1240","GENE1240_HUMAN","P77208","Protein GENE1240",-0.201,0.543151,0.189868,0.1594,0.7215,3,2,FALSE,FALSE,FALSE
"GENE1146","GENE1146_HUMAN","P11968","Protein GENE1146",2.2657,0.12157,0.027392,1.1618,1.5624,2,3,FALSE,TRUE,TRUE
"GENE2619","GENE2619_HUMAN","P42653","Protein GENE2619",-0.1229,0.573746,0.310079,0.0426,0.5085,5,5,FALSE,FALSE,FALSE
"GENE2672","GENE2672_HUMAN","P25462","Protein GENE2672",-2.6296,0.015895,0.004412,1.6602,2.3554,4,2,TRUE,FALSE,TRUE
"ASCC3","ASCC3_HUMAN","P26495","Protein ASCC3",0.135,1,0.416863,0.3247,0.38,2,3,FALSE,FALSE,FALSE
"GENE1785","GENE1785_HUMAN","P16652","Protein GENE1785",-0.3352,1,0.699345,0,0.1553,5,6,FALSE,FALSE,FALSE
"GENE1989","GENE1989_HUMAN","P03903","Protein GENE1989",-0.5076,0.927279,0.236183,0.1498,0.6268,4,4,FALSE,TRUE,FALSE
"GENE2220","GENE2220_HUMAN","P23887","Protein GENE2220",-0.1505,1,0.515981,0,0.2874,6,2,FALSE,FALSE,FALSE
"GENE2437","GENE2437_HUMAN","P44671","Protein GENE2437",0.0016,1,0.873366,0,0.0588,4,5,FALSE,FALSE,FALSE
"GENE2404","GENE2404_HUMAN","P51751","Protein GENE2404",-0.2124,1,0.635696,0,0.1968,2,6,FALSE,TRUE,FALSE
"GENE2089","GENE2089_HUMAN","P21313","Protein GENE2089",-1.7909,0.076456,0.039054,0.7788,1.4083,3,6,FALSE,FALSE,TRUE
"GENE1044","GENE1044_HUMAN","P83422","Protein GENE1044",-1.0503,1,0.606494,0,0.2172,5,6,FALSE,TRUE,FALSE
"GENE2521","GENE2521_HUMAN","P21416","Protein GENE2521",0.8267,1,0.837793,0,0.0769,4,5,FALSE,TRUE,FALSE
"GENE2265","GENE2265_HUMAN","P00177","Protein GENE2265",-2.1368,0.03101,0.00701,1.504,2.1543,6,4,FALSE,FALSE,TRUE
"GENE2816","GENE2816_HUMAN","P95921","Protein GENE2816",-0.3124,0.554039,0.413352,0.1923,0.3837,3,2,TRUE,FALSE,FALSE
"GENE1451","GENE1451_HUMAN","P68290","Protein GENE1451",0.0496,1,0.438626,0,0.3579,2,3,FALSE,FALSE,FALSE
"GENE0336","GENE0336_HUMAN","P96839","Protein GENE0336",-0.0294,1,0.437751,0.0679,0.3588,5,4,FALSE,FALSE,FALSE
"GENE0976","GENE0976_HUMAN","P52020","Protein GENE0976",0.2131,0.419279,0.260287,0.1851,0.5845,2,3,TRUE,FALSE,FALSE
"GENE0664","GENE0664_HUMAN","P92221","Protein GENE0664",4.3629,0.001723,0.00047,3.0586,3.3276,4,6,FALSE,FALSE,TRUE
"GENE0326","GENE0326_HUMAN","P24579","Protein GENE0326",-0.3301,1,0.690905,0,0.1606,4,2,FALSE,FALSE,FALSE
"GENE1781","GENE1781_HUMAN","P46762","Protein GENE1781",0.1952,0.366003,0.239703,0,0.6203,2,3,FALSE,FALSE,FALSE
"GENE2531","GENE2531_HUMAN","P89465","Protein GENE2531",-0.936,0.411884,0.088408,0.899,1.0535,2,2,FALSE,FALSE,FALSE
"GENE0645","GENE0645_HUMAN","P30782","Protein GENE0645",-0.641,0.45633,0.405842,0,0.3916,3,2,FALSE,TRUE,FALSE
"GENE1912","GENE1912_HUMAN","P14916","Protein GENE1912",-0.8479,1,0.717879,0,0.1439,3,2,FALSE,FALSE,FALSE
"GENE2150","GENE2150_HUMAN","P06395","Protein GENE2150",0.2548,0.623509,0.215465,0.3081,0.6666,6,3,FALSE,TRUE,FALSE
"GENE1414","GENE1414_HUMAN","P75778","Protein GENE1414",-4.224,0.032835,0.010363,1.4545,1.9845,3,3,FALSE,FALSE,TRUE
"GENE1247","GENE1247_HUMAN","P83633","Protein GENE1247",0.4209,1,0.931435,0,0.0308,2,5,FALSE,FALSE,FALSE
"GENE1970","GENE1970_HUMAN","P16360","Protein GENE1970",0.1665,0.814449,0.807714,0,0.0927,6,2,FALSE,FALSE,FALSE
"GENE2302","GENE2302_HUMAN","P40046","Protein GENE2302",0.5918,1,0.230578,0.5253,0.6372,2,2,TRUE,FALSE,FALSE
"GENE0278","GENE0278_HUMAN","P24314","Protein GENE0278",-0.4971,0.589499,0.171136,0.6057,0.7667,5,5,FALSE,FALSE,FALSE
"GENE1170","GENE1170_HUMAN","P06251","Protein GENE1170",0.2737,0.354624,0.074201,1.0152,1.1296,6,4,TRUE,FALSE,FALSE
"GENE1418","GENE1418_HUMAN","P74149","Protein GENE1418",0.1006,1,0.341463,0.4274,0.4667,2,3,FALSE,FALSE,FALSE
"GENE0603","GENE0603_HUMAN","P46852","Protein GENE0603",0.3951,0.121752,0.101896,0.9791,0.9918,5,6,FALSE,FALSE,FALSE
"GENE1835","GENE1835_HUMAN","P27213","Protein GENE1835",0.3765,0.349333,0.071389,0.5202,1.1464,4,2,FALSE,FALSE,FALSE
"GENE2825","GENE2825_HUMAN","P78798","Protein GENE2825",-0.884,0.046771,0.021723,1.5323,1.6631,5,4,FALSE,FALSE,TRUE
"GENE0114","GENE0114_HUMAN","P90734","Protein GENE0114",-0.2017,1,0.400807,0,0.3971,4,3,FALSE,FALSE,FALSE
"GENE1021","GENE1021_HUMAN","P36789","Protein GENE1021",0.8479,0.073736,0.033792,0.908,1.4712,4,5,FALSE,FALSE,TRUE
"GENE1884","GENE1884_HUMAN","P51238","Protein GENE1884",0.1144,1,0.617017,0,0.2097,4,2,FALSE,FALSE,FALSE
"GENE2363","GENE2363_HUMAN","P52330","Protein GENE2363",2.3226,0.006456,0.001637,2.2452,2.7859,6,5,FALSE,FALSE,TRUE
"GENE1187","GENE1187_HUMAN","P84644","Protein GENE1187",-0.1976,0.590946,0.288924,0.4999,0.5392,4,3,FALSE,FALSE,FALSE
"GENE1534","GENE1534_HUMAN","P30582","Protein GENE1534",0.537,1,0.25915,0,0.5864,5,5,FALSE,FALSE,FALSE
"GENE0749","GENE0749_HUMAN","P42391","Protein GENE0749",0.1159,1,0.803634,0,0.0949,6,4,FALSE,FALSE,FALSE
"GENE2273","GENE2273_HUMAN","P79659","Protein GENE2273",0.4102,1,0.91732,0,0.0375,6,3,TRUE,TRUE,FALSE
"GENE0896","GENE0896_HUMAN","P07302","Protein GENE0896",0.0682,1,0.763807,0,0.117,5,2,FALSE,FALSE,FALSE
"GENE2179","GENE2179_HUMAN","P06194","Protein GENE2179",0.0592,1,0.996759,0,0.0014,3,5,TRUE,FALSE,FALSE
"GENE0884","GENE0884_HUMAN","P98184","Protein GENE0884",-0.3109,0.642932,0.355833,0.1561,0.4488,5,5,FALSE,TRUE,FALSE
"GENE2568","GENE2568_HUMAN","P20986","Protein GENE2568",3.1481,0.04714,0.030426,1.0262,1.5167,6,4,FALSE,FALSE,TRUE
"GENE0330","GENE0330_HUMAN","P36209","Protein GENE0330",2.1124,0.060341,0.027012,1.3774,1.5684,2,4,FALSE,FALSE,TRUE
"GENE2813","GENE2813_HUMAN","P33480","Protein GENE2813",3.257,0.14021,0.039088,0.7521,1.408,4,2,FALSE,FALSE,TRUE
"GENE2694","GENE2694_HUMAN","P93747","Protein GENE2694",0.2763,1,0.626286,0,0.2032,3,4,FALSE,FALSE,FALSE
"GENE0346","GENE0346_HUMAN","P92999","Protein GENE0346",4.3031,0.160213,0.036114,0.9666,1.4423,5,6,FALSE,FALSE,TRUE
"GENE1893","GENE1893_HUMAN","P67619","Protein GENE1893",0.7223,0.590789,0.139168,0.3997,0.8565,5,6,FALSE,FALSE,FALSE
"GENE2661","GENE2661_HUMAN","P81707","Protein GENE2661",0.0509,1,0.629057,0,0.2013,2,6,TRUE,FALSE,FALSE
"GENE2489","GENE2489_HUMAN","P64124","Protein GENE2489",0.1438,1,0.911253,0,0.0404,5,5,FALSE,FALSE,FALSE
"GENE0759","GENE0759_HUMAN","P87905","Protein GENE0759",-2.0653,0.026127,0.023478,0.9363,1.6293,2,2,FALSE,FALSE,TRUE
"GENE1948","GENE1948_HUMAN","P49630","Protein GENE1948",-0.1811,1,0.72869,0,0.1375,5,4,FALSE,FALSE,FALSE
"GENE2844","GENE2844_HUMAN","P01694","Protein GENE2844",-0.0265,0.654847,0.607515,0,0.2164,3,3,FALSE,FALSE,FALSE
"GENE1636","GENE1636_HUMAN","P45368","Protein GENE1636",0.5103,0.117049,0.032367,1.258,1.4899,5,6,FALSE,FALSE,TRUE
"GENE1330","GENE1330_HUMAN","P76307","Protein GENE1330",0.385,1,0.66777,0,0.1754,3,2,FALSE,FALSE,FALSE
"GENE0416","GENE0416_HUMAN","P12537","Protein GENE0416",-0.289,1,0.987846,0,0.0053,5,2,FALSE,FALSE,FALSE
"GENE1921","GENE1921_HUMAN","P13250","Protein GENE1921",0.0772,0.8474,0.572134,0,0.2425,4,4,FALSE,FALSE,FALSE
"GENE1096","GENE1096_HUMAN","P79872","Protein GENE1096",-2.5359,0.023694,0.017106,1.2887,1.7668,6,5,FALSE,FALSE,TRUE
"GENE0023","GENE0023_HUMAN","P15246","Protein GENE0023",-0.0688,1,0.958683,0,0.0183,6,5,FALSE,FALSE,FALSE
"GENE0692","GENE0692_HUMAN","P58212","Protein GENE0692",-3.2524,0.046425,0.031152,0.8446,1.5065,6,4,FALSE,FALSE,TRUE
"NEK6","NEK6_HUMAN","P06629","Protein NEK6",3.0009,0.015927,0.004238,1.7726,2.3729,3,3,FALSE,FALSE,TRUE
"GENE2015","GENE2015_HUMAN","P03887","Protein GENE2015",-0.0391,1,0.267669,0.1896,0.5724,6,3,FALSE,FALSE,FALSE
"GENE0648","GENE0648_HUMAN","P25103","Protein GENE0648",0.3325,0.630917,0.350813,0,0.4549,3,5,FALSE,TRUE,FALSE
"GENE0979","GENE0979_HUMAN","P52233","Protein GENE0979",-0.0072,0.316247,0.142621,0.757,0.8458,4,6,TRUE,TRUE,FALSE
"EP300","EP300_HUMAN","P45831","Protein EP300",0.9014,0.004336,0.003071,2.3561,2.5127,5,2,FALSE,FALSE,TRUE
"GENE0918","GENE0918_HUMAN","P94093","Protein GENE0918",0.0767,0.416163,0.111196,0.8759,0.9539,5,6,FALSE,FALSE,FALSE
"GENE1167","GENE1167_HUMAN","P11670","Protein GENE1167",-0.7698,1,0.43124,0,0.3653,2,5,FALSE,FALSE,FALSE
"GENE1808","GENE1808_HUMAN","P01444","Protein GENE1808",0.4625,0.464634,0.210415,0,0.6769,4,3,FALSE,FALSE,FALSE
"GENE1311","GENE1311_HUMAN","P77485","Protein GENE1311",0.7096,1,0.829313,0,0.0813,3,4,FALSE,FALSE,FALSE
"GENE1833","GENE1833_HUMAN","P66957","Protein GENE1833",-3.803,0.033686,0.008237,1.4408,2.0842,3,3,FALSE,FALSE,TRUE
"GENE0173","GENE0173_HUMAN","P54264","Protein GENE0173",-0.698,0.781284,0.593533,0,0.2266,4,5,FALSE,FALSE,FALSE
"GENE0842","GENE0842_HUMAN","P11440","Protein GENE0842",-1.7383,0.10228,0.039627,0.776,1.402,2,2,FALSE,FALSE,TRUE
"GENE2146","GENE2146_HUMAN","P09693","Protein GENE2146",0.4062,1,0.999553,0,2e-04,6,4,TRUE,FALSE,FALSE
"GENE0180","GENE0180_HUMAN","P51462","Protein GENE0180",-0.0025,1,0.407782,0,0.3896,6,3,FALSE,FALSE,FALSE
"GENE1217","GENE1217_HUMAN","P00644","Protein GENE1217",0.8966,1,0.981514,0,0.0081,6,6,FALSE,TRUE,FALSE
"GENE1742","GENE1742_HUMAN","P54701","Protein GENE1742",-4.174,0.172191,0.043119,1.3381,1.3653,4,4,FALSE,FALSE,TRUE
"GENE1736","GENE1736_HUMAN","P93338","Protein GENE1736",-0.1494,1,0.718717,0,0.1434,3,6,FALSE,FALSE,FALSE
"GENE0078","GENE0078_HUMAN","P21742","Protein GENE0078",0.1855,1,0.832758,0,0.0795,3,3,FALSE,FALSE,FALSE
"GENE2718","GENE2718_HUMAN","P91737","Protein GENE2718",0.02,0.642406,0.145412,0.6764,0.8374,5,2,TRUE,FALSE,FALSE
"GENE1180","GENE1180_HUMAN","P71312","Protein GENE1180",0.5899,0.478757,0.117446,0.4411,0.9302,3,2,FALSE,FALSE,FALSE
"GENE0682","GENE0682_HUMAN","P30570","Protein GENE0682",1.4065,0.047864,0.010474,1.5055,1.9799,5,6,FALSE,FALSE,TRUE
"GENE1290","GENE1290_HUMAN","P44567","Protein GENE1290",-0.0908,1,0.884993,0,0.0531,6,6,FALSE,TRUE,FALSE
"GENE1202","GENE1202_HUMAN","P51144","Protein GENE1202",1.5868,0.12032,0.04069,1.2987,1.3905,2,3,FALSE,TRUE,TRUE
"GENE2084","GENE2084_HUMAN","P06909","Protein GENE2084",-0.3513,1,0.713419,0,0.1467,2,6,FALSE,TRUE,FALSE
"GENE0661","GENE0661_HUMAN","P44640","Protein GENE0661",-0.2397,0.744653,0.517501,0.0278,0.2861,5,4,FALSE,FALSE,FALSE
"GENE1113","GENE1113_HUMAN","P22204","Protein GENE1113",0.18,0.787197,0.538459,0.1834,0.2688,2,4,FALSE,FALSE,FALSE
"GENE2277","GENE2277_HUMAN","P36030","Protein GENE2277",-0.4248,0.316627,0.082566,0.4619,1.0832,6,2,FALSE,FALSE,FALSE
"GENE2143","GENE2143_HUMAN","P53926","Protein GENE2143",2.0184,0.045564,0.010291,1.2997,1.9876,3,4,FALSE,TRUE,TRUE
"GENE2597","GENE2597_HUMAN","P06752","Protein GENE2597",0.0233,0.980711,0.632782,0,0.1987,4,2,FALSE,FALSE,FALSE
"GENE0124","GENE0124_HUMAN","P98948","Protein GENE0124",-0.3987,0.738184,0.155962,0.245,0.807,2,2,FALSE,FALSE,FALSE
"GENE1323","GENE1323_HUMAN","P95719","Protein GENE1323",-0.6599,1,0.989122,0,0.0048,3,3,FALSE,FALSE,FALSE
"GENE0713","GENE0713_HUMAN","P47963","Protein GENE0713",-0.0234,0.971787,0.828055,0,0.0819,2,3,FALSE,FALSE,FALSE
"GENE1803","GENE1803_HUMAN","P65250","Protein GENE1803",-0.2809,0.157704,0.074348,0.5989,1.1287,3,5,FALSE,FALSE,FALSE
"GENE2274","GENE2274_HUMAN","P28453","Protein GENE2274",0.1613,0.710931,0.241391,0.2074,0.6173,5,6,FALSE,FALSE,FALSE
"GENE0524","GENE0524_HUMAN","P95107","Protein GENE0524",-4.2306,0.004233,0.000891,2.6567,3.0501,6,3,FALSE,FALSE,TRUE
"GENE1915","GENE1915_HUMAN","P65450","Protein GENE1915",1.1027,0.211899,0.042643,0.8055,1.3702,5,3,FALSE,FALSE,TRUE
"GENE0838","GENE0838_HUMAN","P30764","Protein GENE0838",-0.1412,0.735275,0.460856,0,0.3364,5,5,FALSE,FALSE,FALSE
"GENE1512","GENE1512_HUMAN","P62526","Protein GENE1512",0.6047,1,0.512939,0,0.2899,6,2,FALSE,FALSE,FALSE
"GENE2260","GENE2260_HUMAN","P38384","Protein GENE2260",0.262,1,0.764774,0,0.1165,2,2,FALSE,FALSE,FALSE
"GENE2002","GENE2002_HUMAN","P35295","Protein GENE2002",-0.1112,1,0.984564,0,0.0068,5,3,FALSE,FALSE,FALSE
"GENE2303","GENE2303_HUMAN","P60832","Protein GENE2303",-2.48,0.054414,0.013745,1.4561,1.8619,4,6,FALSE,FALSE,TRUE
"GENE0065","GENE0065_HUMAN","P70733","Protein GENE0065",-0.2909,1,0.461348,0,0.336,4,4,TRUE,FALSE,FALSE
"GENE0478","GENE0478_HUMAN","P82423","Protein GENE0478",-0.1135,1,0.253287,0.0497,0.5964,6,3,FALSE,FALSE,FALSE
"GENE0064","GENE0064_HUMAN","P29989","Protein GENE0064",0.5599,0.646562,0.596242,0,0.2246,5,5,FALSE,FALSE,FALSE
"GENE1313","GENE1313_HUMAN","P63802","Protein GENE1313",0.3329,1,0.932436,0,0.0304,3,4,FALSE,FALSE,FALSE
"GENE1748","GENE1748_HUMAN","P17795","Protein GENE1748",3.8774,0.080907,0.025385,1.4597,1.5954,3,2,FALSE,FALSE,TRUE
"GENE1399","GENE1399_HUMAN","P55548","Protein GENE1399",0.3044,1,0.807912,0,0.0926,6,4,FALSE,FALSE,FALSE
"GENE0817","GENE0817_HUMAN","P67705","Protein GENE0817",-0.0274,1,0.892909,0,0.0492,6,2,TRUE,FALSE,FALSE
"GENE1468","GENE1468_HUMAN","P98681","Protein GENE1468",3.7685,0.188389,0.040592,0.7785,1.3916,5,3,TRUE,FALSE,TRUE
"GENE1358","GENE1358_HUMAN","P73731","Protein GENE1358",-0.0247,0.624912,0.466944,0,0.3307,5,5,FALSE,FALSE,FALSE
"GENE1826","GENE1826_HUMAN","P81907","Protein GENE1826",-0.1,1,0.817703,0,0.0874,2,5,FALSE,FALSE,FALSE
"GENE2211","GENE2211_HUMAN","P13926","Protein GENE2211",0.1704,1,0.391376,0,0.4074,2,2,FALSE,FALSE,FALSE
"GENE2579","GENE2579_HUMAN","P30377","Protein GENE2579",-0.3232,1,0.825902,0,0.0831,5,6,FALSE,FALSE,FALSE
"GENE0930","GENE0930_HUMAN","P01864","Protein GENE0930",0.3379,1,0.27234,0.3323,0.5649,6,2,FALSE,FALSE,FALSE
"GENE1396","GENE1396_HUMAN","P66073","Protein GENE1396",-0.1984,0.993508,0.602657,0,0.2199,4,6,FALSE,FALSE,FALSE
"GENE2884","GENE2884_HUMAN","P23667","Protein GENE2884",0.0882,1,0.374715,0.3892,0.4263,5,6,FALSE,FALSE,FALSE
"GENE2741","GENE2741_HUMAN","P12827","Protein GENE2741",-1.1126,0.096855,0.023462,1.1747,1.6296,2,5,FALSE,FALSE,TRUE
"GENE0244","GENE0244_HUMAN","P93030","Protein GENE0244",0.4995,1,0.455244,0,0.3418,5,5,FALSE,FALSE,FALSE
"GENE1579","GENE1579_HUMAN","P68641","Protein GENE1579",-0.3957,0.339591,0.180621,0.2093,0.7432,2,2,FALSE,FALSE,FALSE
"GENE2005","GENE2005_HUMAN","P75833","Protein GENE2005",-0.5167,0.962338,0.205426,0.098,0.6873,2,2,FALSE,TRUE,FALSE
"GENE0188","GENE0188_HUMAN","P06598","Protein GENE0188",0.2217,1,0.658458,0,0.1815,2,3,FALSE,FALSE,FALSE
"GENE2700","GENE2700_HUMAN","P61153","Protein GENE2700",-0.493,1,0.912001,0,0.04,2,3,FALSE,FALSE,FALSE
"GENE1332","GENE1332_HUMAN","P78604","Protein GENE1332",-0.6567,0.214622,0.204778,0.6001,0.6887,6,5,FALSE,FALSE,FALSE
"GENE1568","GENE1568_HUMAN","P46411","Protein GENE1568",0.5918,0.767614,0.18268,0.1677,0.7383,3,3,FALSE,FALSE,FALSE
"GENE1086","GENE1086_HUMAN","P31650","Protein GENE1086",3.802,0.018272,0.003881,2.0202,2.4111,2,4,FALSE,FALSE,TRUE
"GENE0756","GENE0756_HUMAN","P44191","Protein GENE0756",0.1162,1,0.757863,0,0.1204,5,6,FALSE,FALSE,FALSE
"GENE2052","GENE2052_HUMAN","P18493","Protein GENE2052",0.3831,1,0.859641,0,0.0657,6,5,FALSE,FALSE,FALSE
"GENE2192","GENE2192_HUMAN","P36925","Protein GENE2192",-0.7112,1,0.972783,0,0.012,4,4,FALSE,TRUE,FALSE
"GENE1896","GENE1896_HUMAN","P83927","Protein GENE1896",-0.3513,0.615527,0.225944,0.3319,0.646,2,5,FALSE,FALSE,FALSE
"GENE0161","GENE0161_HUMAN","P54732","Protein GENE0161",-0.0702,1,0.490818,0.2017,0.3091,6,4,TRUE,FALSE,FALSE
"GENE2073","GENE2073_HUMAN","P07992","Protein GENE2073",-0.6486,0.012283,0.009065,1.4697,2.0426,3,5,FALSE,FALSE,TRUE
"GENE0571","GENE0571_HUMAN","P07895","Protein GENE0571",-0.2686,1,0.855097,0,0.068,6,3,FALSE,FALSE,FALSE
"GENE0602","GENE0602_HUMAN","P46308","Protein GENE0602",0.1689,1,0.402516,0,0.3952,4,4,TRUE,FALSE,FALSE
"GENE2680","GENE2680_HUMAN","P24851","Protein GENE2680",-0.4462,1,0.795085,0,0.0996,3,4,FALSE,FALSE,FALSE
"GENE0112","GENE0112_HUMAN","P35209","Protein GENE0112",0.0432,1,0.759679,0,0.1194,6,5,TRUE,FALSE,FALSE
"GENE1498","GENE1498_HUMAN","P46781","Protein GENE1498",2.6313,0.071409,0.031286,0.9336,1.5047,4,4,FALSE,FALSE,TRUE
"GENE2269","GENE2269_HUMAN","P70591","Protein GENE2269",2.8891,0.140771,0.034522,0.791,1.4619,6,2,FALSE,FALSE,TRUE
"GENE1033","GENE1033_HUMAN","P11494","Protein GENE1033",0.105,1,0.400186,0,0.3977,5,6,FALSE,FALSE,FALSE
"GENE1079","GENE1079_HUMAN","P59627","Protein GENE1079",-0.5199,1,0.791661,0,0.1015,2,2,FALSE,FALSE,FALSE
"GENE2485","GENE2485_HUMAN","P48983","Protein GENE2485",1.6496,0.037332,0.016574,1.5189,1.7806,2,4,FALSE,FALSE,TRUE
"GENE1659","GENE1659_HUMAN","P61770","Protein GENE1659",-0.1117,1,0.781737,0,0.1069,6,5,FALSE,FALSE,FALSE
"GENE2646","GENE2646_HUMAN","P21652","Protein GENE2646",-2.9218,0.086979,0.044737,0.6608,1.3493,5,2,FALSE,FALSE,TRUE
"GENE0375","GENE0375_HUMAN","P20780","Protein GENE0375",4.1024,0.107293,0.022244,1.5001,1.6528,4,5,FALSE,FALSE,TRUE
"GENE0576","GENE0576_HUMAN","P95983","Protein GENE0576",3.0485,0.006334,0.002387,2.1895,2.6222,3,6,FALSE,FALSE,TRUE
"GENE1185","GENE1185_HUMAN","P88301","Protein GENE1185",-0.3732,0.599212,0.283235,0,0.5479,4,5,FALSE,FALSE,FALSE
"GENE0911","GENE0911_HUMAN","P54478","Protein GENE0911",1.6069,0.049374,0.012599,1.2379,1.8997,3,3,FALSE,FALSE,TRUE
"GENE1101","GENE1101_HUMAN","P81125","Protein GENE1101",-0.2601,1,0.237222,0.1816,0.6248,4,4,FALSE,FALSE,FALSE
"GENE1093","GENE1093_HUMAN","P16701","Protein GENE1093",-0.2273,0.340069,0.150383,0.1549,0.8228,5,2,FALSE,FALSE,FALSE
"GENE1720","GENE1720_HUMAN","P33150","Protein GENE1720",0.0459,1,0.952723,0,0.021,4,6,FALSE,FALSE,FALSE
"GENE1535","GENE1535_HUMAN","P92701","Protein GENE1535",0.1182,1,0.954685,0,0.0201,2,6,FALSE,FALSE,FALSE
"GENE2090","GENE2090_HUMAN","P91728","Protein GENE2090",0.3158,1,0.939499,0,0.0271,4,3,FALSE,FALSE,FALSE
"GENE0765","GENE0765_HUMAN","P44614","Protein GENE0765",0.2977,0.334994,0.095955,0.3815,1.0179,2,4,FALSE,FALSE,FALSE
"GENE2612","GENE2612_HUMAN","P99272","Protein GENE2612",0.2294,1,0.380136,0.0051,0.4201,2,2,FALSE,FALSE,FALSE
"GENE2169","GENE2169_HUMAN","P28105","Protein GENE2169",0.5407,0.573587,0.132953,0.4791,0.8763,5,6,FALSE,FALSE,FALSE
"GENE0684","GENE0684_HUMAN","P81250","Protein GENE0684",-0.2371,1,0.865636,0,0.0627,4,3,FALSE,FALSE,FALSE
"GENE0294","GENE0294_HUMAN","P56394","Protein GENE0294",0.8848,1,0.989181,0,0.0047,6,5,FALSE,FALSE,FALSE
"GENE1338","GENE1338_HUMAN","P38227","Protein GENE1338",-0.1378,0.420268,0.284097,0.2357,0.5465,3,5,FALSE,FALSE,FALSE
"GENE2079","GENE2079_HUMAN","P77760","Protein GENE2079",0.4762,1,0.406776,0,0.3906,2,4,FALSE,FALSE,FALSE
"GENE1900","GENE1900_HUMAN","P84500","Protein GENE1900",0.4571,0.203589,0.075447,0.5273,1.1224,6,6,FALSE,TRUE,FALSE
"GENE0403","GENE0403_HUMAN","P63628","Protein GENE0403",0.0222,1,0.384579,0,0.415,5,3,FALSE,FALSE,FALSE
"GENE0123","GENE0123_HUMAN","P46495","Protein GENE0123",3.4832,0.133048,0.032149,0.8788,1.4928,5,2,FALSE,FALSE,TRUE
"GENE2754","GENE2754_HUMAN","P34358","Protein GENE2754",0.2738,1,0.436429,0,0.3601,2,3,FALSE,FALSE,FALSE
"GENE0819","GENE0819_HUMAN","P76711","Protein GENE0819",-0.472,1,0.409009,0.0618,0.3883,2,5,FALSE,FALSE,FALSE
"GENE1780","GENE1780_HUMAN","P01788","Protein GENE1780",-0.1044,0.732215,0.441534,0,0.355,3,3,FALSE,FALSE,FALSE
"GENE0174","GENE0174_HUMAN","P98683","Protein GENE0174",0.6758,1,0.432077,0.3357,0.3644,4,6,FALSE,FALSE,FALSE
"GENE1549","GENE1549_HUMAN","P53441","Protein GENE1549",-0.4278,1,0.856088,0,0.0675,5,3,FALSE,FALSE,FALSE
"GENE1870","GENE1870_HUMAN","P78434","Protein GENE1870",0.048,0.575985,0.286959,0.0101,0.5422,6,3,FALSE,FALSE,FALSE
"GENE1227","GENE1227_HUMAN","P04676","Protein GENE1227",-0.0477,0.405188,0.135267,0.2257,0.8688,6,3,FALSE,FALSE,FALSE
"GENE2068","GENE2068_HUMAN","P46020","Protein GENE2068",-0.0685,0.237985,0.104411,0.6945,0.9813,3,6,FALSE,FALSE,FALSE
"GENE0579","GENE0579_HUMAN","P75258","Protein GENE0579",-0.0323,1,0.598149,0,0.2232,4,3,TRUE,FALSE,FALSE
"GENE0016","GENE0016_HUMAN","P57092","Protein GENE0016",0.2544,1,0.914981,0,0.0386,4,6,FALSE,FALSE,FALSE
"GENE2248","GENE2248_HUMAN","P98292","Protein GENE2248",4.0814,0.083072,0.018495,1.46,1.7329,6,4,FALSE,FALSE,TRUE
"GENE2140","GENE2140_HUMAN","P65466","Protein GENE2140",0.7301,0.618835,0.287367,0,0.5416,6,3,FALSE,FALSE,FALSE
"GENE0915","GENE0915_HUMAN","P52115","Protein GENE0915",0.4462,0.489909,0.160884,0.3665,0.7935,3,5,FALSE,FALSE,FALSE
"GENE0564","GENE0564_HUMAN","P07523","Protein GENE0564",0.0315,0.30408,0.075711,0.6293,1.1208,3,5,FALSE,FALSE,FALSE
"GENE2203","GENE2203_HUMAN","P01417","Protein GENE2203",-0.0011,0.361089,0.136349,0.2145,0.8653,5,3,TRUE,FALSE,FALSE
"GENE2047","GENE2047_HUMAN","P52954","Protein GENE2047",1.5689,0.015307,0.003841,2.0801,2.4155,3,6,FALSE,TRUE,TRUE
"GENE2382","GENE2382_HUMAN","P36809","Protein GENE2382",0.3133,1,0.491178,0.2328,0.3088,6,5,TRUE,FALSE,FALSE
"GENE1484","GENE1484_HUMAN","P82899","Protein GENE1484",3.5724,0.136277,0.041606,0.8086,1.3808,2,4,TRUE,FALSE,TRUE
"GENE0799","GENE0799_HUMAN","P71573","Protein GENE0799",0.0456,0.755482,0.415334,0,0.3816,6,2,FALSE,FALSE,FALSE
"GENE2118","GENE2118_HUMAN","P50776","Protein GENE2118",-0.3528,1,0.798363,0,0.0978,4,2,FALSE,FALSE,FALSE
"GENE1425","GENE1425_HUMAN","P92125","Protein GENE1425",3.0056,0.004352,0.003722,2.3995,2.4292,4,2,FALSE,FALSE,TRUE
"GENE2552","GENE2552_HUMAN","P75985","Protein GENE2552",-0.7069,1,0.791499,0.0161,0.1015,2,2,FALSE,FALSE,FALSE
"GENE0762","GENE0762_HUMAN","P06631","Protein GENE0762",-0.0077,1,0.842804,0,0.0743,2,3,FALSE,FALSE,FALSE
"GENE0444","GENE0444_HUMAN","P86626","Protein GENE0444",-0.3469,0.365697,0.141197,0.547,0.8502,3,6,FALSE,FALSE,FALSE
"GENE0126","GENE0126_HUMAN","P55096","Protein GENE0126",-0.1713,0.501842,0.128116,0.5283,0.8924,4,5,FALSE,FALSE,FALSE
"GENE0744","GENE0744_HUMAN","P49786","Protein GENE0744",-0.7124,0.440875,0.127211,0.6925,0.8955,5,5,FALSE,FALSE,FALSE
"GENE2139","GENE2139_HUMAN","P67662","Protein GENE2139",0.5348,0.044359,0.017352,1.4757,1.7606,5,2,FALSE,TRUE,TRUE
"GENE1704","GENE1704_HUMAN","P30061","Protein GENE1704",-1.7945,0.180687,0.048972,1.289,1.3101,2,5,FALSE,FALSE,TRUE
"GENE0269","GENE0269_HUMAN","P56182","Protein GENE0269",2.4194,0.103595,0.021674,1.4916,1.6641,2,3,FALSE,FALSE,TRUE
"GENE2829","GENE2829_HUMAN","P67039","Protein GENE2829",-0.4644,0.198998,0.180779,0.4914,0.7429,2,3,TRUE,FALSE,FALSE
"GENE2078","GENE2078_HUMAN","P16275","Protein GENE2078",0.5943,0.527889,0.389406,0,0.4096,5,4,FALSE,FALSE,FALSE
"GENE0068","GENE0068_HUMAN","P13818","Protein GENE0068",0.4154,1,0.301701,0.1127,0.5204,6,6,FALSE,FALSE,FALSE
"GENE1233","GENE1233_HUMAN","P48489","Protein GENE1233",-2.0267,0.127333,0.046201,0.7749,1.3354,5,6,FALSE,FALSE,TRUE
"GENE0826","GENE0826_HUMAN","P44862","Protein GENE0826",0.297,1,0.699717,0,0.1551,3,5,TRUE,FALSE,FALSE
"GENE2770","GENE2770_HUMAN","P01164","Protein GENE2770",4.0307,0.158174,0.039067,1.182,1.4082,6,5,FALSE,FALSE,TRUE
"GENE0426","GENE0426_HUMAN","P83100","Protein GENE0426",0.0212,1,0.890744,0,0.0502,6,5,FALSE,FALSE,FALSE
"GENE1766","GENE1766_HUMAN","P54132","Protein GENE1766",-0.3324,1,0.664044,0,0.1778,3,2,FALSE,FALSE,FALSE
"GENE2129","GENE2129_HUMAN","P53572","Protein GENE2129",0.8656,0.157055,0.037897,1.2795,1.4214,6,2,FALSE,FALSE,TRUE
"GENE2715","GENE2715_HUMAN","P74119","Protein GENE2715",-0.1662,1,0.562949,0,0.2495,4,2,FALSE,FALSE,FALSE
"GENE0629","GENE0629_HUMAN","P85239","Protein GENE0629",-0.6069,0.016082,0.007566,1.5743,2.1211,4,2,FALSE,TRUE,TRUE
"GENE1529","GENE1529_HUMAN","P38622","Protein GENE1529",-0.9421,0.755189,0.176145,0.1066,0.7541,5,3,FALSE,FALSE,FALSE
"GENE2135","GENE2135_HUMAN","P36932","Protein GENE2135",-0.2643,0.399525,0.086212,0.4453,1.0644,3,5,FALSE,FALSE,FALSE
"GENE0484","GENE0484_HUMAN","P49858","Protein GENE0484",-0.5879,0.617823,0.337507,0,0.4717,2,2,FALSE,FALSE,FALSE
"GENE2685","GENE2685_HUMAN","P78715","Protein GENE2685",0.1381,0.20459,0.069898,0.7175,1.1555,4,6,FALSE,FALSE,FALSE
"GENE1877","GENE1877_HUMAN","P74467","Protein GENE1877",-0.1899,1,0.948221,0,0.0231,5,6,FALSE,FALSE,FALSE
"GENE1601","GENE1601_HUMAN","P98818","Protein GENE1601",0.0117,1,0.86205,0,0.0645,2,5,FALSE,TRUE,FALSE
"GENE2851","GENE2851_HUMAN","P11314","Protein GENE2851",-0.6843,1,0.677605,0,0.169,3,6,FALSE,TRUE,FALSE
"GENE1852","GENE1852_HUMAN","P40637","Protein GENE1852",0.1011,1,0.441083,0.2603,0.3555,5,6,FALSE,FALSE,FALSE
"GENE0925","GENE0925_HUMAN","P69537","Protein GENE0925",0.2658,1,0.715251,0,0.1455,6,4,FALSE,FALSE,FALSE
"GENE0618","GENE0618_HUMAN","P65876","Protein GENE0618",0.3816,1,0.457501,0.0751,0.3396,5,2,FALSE,FALSE,FALSE
"GENE0644","GENE0644_HUMAN","P51808","Protein GENE0644",0.2658,0.311912,0.117541,0.8795,0.9298,4,4,FALSE,FALSE,FALSE
"GENE1051","GENE1051_HUMAN","P32102","Protein GENE1051",0.6758,0.045371,0.025622,0.9408,1.5914,2,5,FALSE,FALSE,TRUE
"GENE0950","GENE0950_HUMAN","P26209","Protein GENE0950",-0.1367,1,0.952562,0,0.0211,4,2,TRUE,TRUE,FALSE
"GENE2713","GENE2713_HUMAN","P57396","Protein GENE2713",-0.877,1,0.468372,0,0.3294,2,6,FALSE,TRUE,FALSE
"GENE1013","GENE1013_HUMAN","P68182","Protein GENE1013",0.3478,0.866654,0.200756,0.3324,0.6973,2,2,FALSE,FALSE,FALSE
"GENE0961","GENE0961_HUMAN","P68387","Protein GENE0961",3.9963,0.02204,0.01807,1.158,1.7431,2,6,TRUE,FALSE,TRUE
"GENE1862","GENE1862_HUMAN","P96309","Protein GENE1862",0.1715,1,0.61536,0,0.2109,6,2,FALSE,FALSE,FALSE
"GENE0297","GENE0297_HUMAN","P62673","Protein GENE0297",-0.0665,1,0.864109,0,0.0634,3,4,FALSE,FALSE,FALSE
"GENE0807","GENE0807_HUMAN","P27397","Protein GENE0807",-1.1498,0.054228,0.013823,1.2394,1.8594,4,2,FALSE,TRUE,TRUE
"GENE0140","GENE0140_HUMAN","P78173","Protein GENE0140",-0.021,1,0.415447,0.0988,0.3815,3,5,TRUE,FALSE,FALSE
"GENE1212","GENE1212_HUMAN","P63900","Protein GENE1212",-4.4709,0.089815,0.03425,0.9134,1.4653,3,6,TRUE,FALSE,TRUE
"GENE2369","GENE2369_HUMAN","P71422","Protein GENE2369",0.3624,0.451311,0.219806,0.5048,0.658,2,2,FALSE,TRUE,FALSE
"GENE0837","GENE0837_HUMAN","P44413","Protein GENE0837",0.1395,0.88786,0.686941,0,0.1631,6,4,FALSE,FALSE,FALSE
"GENE1527","GENE1527_HUMAN","P81090","Protein GENE1527",0.2487,0.227148,0.180426,0.3456,0.7437,4,2,FALSE,TRUE,FALSE
"GENE2582","GENE2582_HUMAN","P12818","Protein GENE2582",0.6789,1,0.60634,0,0.2173,6,4,FALSE,FALSE,FALSE
"GENE0168","GENE0168_HUMAN","P19507","Protein GENE0168",3.3686,0.068117,0.045434,1.3153,1.3426,5,5,FALSE,FALSE,TRUE
"GENE2156","GENE2156_HUMAN","P97557","Protein GENE2156",0.348,1,0.845195,0,0.073,2,5,FALSE,FALSE,FALSE
"GENE1801","GENE1801_HUMAN","P76512","Protein GENE1801",-0.4885,1,0.960917,0,0.0173,2,5,FALSE,FALSE,FALSE
"GENE0005","GENE0005_HUMAN","P13643","Protein GENE0005",0.5915,0.179914,0.04148,1.0378,1.3822,5,2,FALSE,FALSE,TRUE
"GENE1984","GENE1984_HUMAN","P26125","Protein GENE1984",-0.9402,1,0.523312,0,0.2812,6,5,FALSE,FALSE,FALSE
"GENE2744","GENE2744_HUMAN","P35545","Protein GENE2744",0.0525,1,0.935758,0,0.0288,5,3,FALSE,TRUE,FALSE
"GENE2327","GENE2327_HUMAN","P20262","Protein GENE2327",-0.2988,0.499154,0.210801,0.0534,0.6761,6,6,FALSE,FALSE,FALSE
"GENE0491","GENE0491_HUMAN","P16538","Protein GENE0491",-0.0713,0.205093,0.078315,0.5005,1.1062,2,2,FALSE,FALSE,FALSE
"GENE0184","GENE0184_HUMAN","P16656","Protein GENE0184",0.1179,1,0.784456,0,0.1054,2,6,FALSE,FALSE,FALSE
"GENE0969","GENE0969_HUMAN","P71017","Protein GENE0969",-0.3336,1,0.832229,0,0.0798,2,2,FALSE,FALSE,FALSE
"GENE0780","GENE0780_HUMAN","P05308","Protein GENE0780",-0.0419,0.931801,0.290029,0.1021,0.5376,6,6,FALSE,FALSE,FALSE
"GENE2765","GENE2765_HUMAN","P34649","Protein GENE2765",-0.2999,0.414256,0.186254,0.0408,0.7299,2,4,FALSE,FALSE,FALSE
"GENE1745","GENE1745_HUMAN","P36926","Protein GENE1745",0.0596,1,0.70921,0,0.1492,4,6,FALSE,FALSE,FALSE
"GENE0421","GENE0421_HUMAN","P81675","Protein GENE0421",0.3184,1,0.742736,0,0.1292,6,6,FALSE,FALSE,FALSE
"GENE0343","GENE0343_HUMAN","P46937","Protein GENE0343",-0.1738,0.95042,0.194078,0.3504,0.712,2,6,FALSE,FALSE,FALSE
"GENE1091","GENE1091_HUMAN","P47396","Protein GENE1091",-0.527,0.9421,0.637402,0,0.1956,5,2,FALSE,FALSE,FALSE
"GENE1791","GENE1791_HUMAN","P16792","Protein GENE1791",0.8551,0.199269,0.044575,0.7225,1.3509,2,6,FALSE,FALSE,TRUE
"GENE1548","GENE1548_HUMAN","P06257","Protein GENE1548",0.3954,1,0.852668,0,0.0692,6,4,TRUE,FALSE,FALSE
"GENE0767","GENE0767_HUMAN","P61294","Protein GENE0767",-0.1998,1,0.988527,0,0.005,6,6,FALSE,FALSE,FALSE
"GENE1632","GENE1632_HUMAN","P81198","Protein GENE1632",-0.1273,1,0.567654,0,0.2459,6,3,FALSE,FALSE,FALSE
"GENE2359","GENE2359_HUMAN","P62845","Protein GENE2359",0.3097,0.902557,0.722879,0,0.1409,2,5,FALSE,FALSE,FALSE
"GENE1393","GENE1393_HUMAN","P33145","Protein GENE1393",0.257,1,0.925972,0,0.0334,3,6,FALSE,FALSE,FALSE
"GENE0043","GENE0043_HUMAN","P15400","Protein GENE0043",1.5752,0.073511,0.02278,1.2167,1.6424,2,3,FALSE,FALSE,TRUE
"GENE2783","GENE2783_HUMAN","P10094","Protein GENE2783",0.0843,0.414929,0.389638,0.0729,0.4093,2,6,TRUE,FALSE,FALSE
"GENE2507","GENE2507_HUMAN","P36031","Protein GENE2507",0.1675,0.327899,0.124817,0.5453,0.9037,5,6,FALSE,FALSE,FALSE
"GENE1883","GENE1883_HUMAN","P83873","Protein GENE1883",0.305,1,0.635396,0,0.197,3,3,FALSE,FALSE,FALSE
"GENE1507","GENE1507_HUMAN","P38712","Protein GENE1507",0.3482,0.622956,0.451846,0.0742,0.345,5,4,FALSE,FALSE,FALSE
"GENE0251","GENE0251_HUMAN","P42370","Protein GENE0251",-0.4385,0.732791,0.614732,0,0.2113,2,6,FALSE,FALSE,FALSE
"GENE0136","GENE0136_HUMAN","P86030","Protein GENE0136",-0.4388,0.185096,0.110766,0.3318,0.9556,4,5,FALSE,FALSE,FALSE
"GENE0308","GENE0308_HUMAN","P37515","Protein GENE0308",0.3972,1,0.945823,0,0.0242,4,5,FALSE,FALSE,FALSE
"GENE2894","GENE2894_HUMAN","P11989","Protein GENE2894",0.1836,1,0.921364,0,0.0356,4,3,FALSE,FALSE,FALSE
"GENE0955","GENE0955_HUMAN","P93521","Protein GENE0955",-0.3658,1,0.483217,0,0.3159,4,3,FALSE,TRUE,FALSE
"GENE0825","GENE0825_HUMAN","P66488","Protein GENE0825",-0.1276,1,0.667324,0,0.1757,5,6,FALSE,FALSE,FALSE
"GENE0580","GENE0580_HUMAN","P98287","Protein GENE0580",0.3852,0.813326,0.299774,0,0.5232,4,6,FALSE,FALSE,FALSE
"GENE1445","GENE1445_HUMAN","P69350","Protein GENE1445",0.9636,0.298393,0.080562,0.6408,1.0939,2,6,FALSE,FALSE,FALSE
"GENE1572","GENE1572_HUMAN","P54535","Protein GENE1572",2.553,0.219893,0.046661,0.736,1.331,4,2,FALSE,FALSE,TRUE
"GENE1678","GENE1678_HUMAN","P18674","Protein GENE1678",0.5354,0.72382,0.5232,0,0.2813,4,6,FALSE,FALSE,FALSE
"GENE2586","GENE2586_HUMAN","P95447","Protein GENE2586",-0.1679,0.784764,0.234685,0.013,0.6295,5,5,FALSE,FALSE,FALSE
"GENE2828","GENE2828_HUMAN","P19601","Protein GENE2828",-0.3022,1,0.764907,0.0487,0.1164,4,6,FALSE,FALSE,FALSE
"GENE0118","GENE0118_HUMAN","P63533","Protein GENE0118",1.0808,1,0.410262,0,0.3869,6,3,FALSE,FALSE,FALSE
"GENE1698","GENE1698_HUMAN","P57924","Protein GENE1698",0.677,0.914479,0.402861,0.2641,0.3948,2,4,FALSE,FALSE,FALSE
"GENE1871","GENE1871_HUMAN","P17282","Protein GENE1871",0.189,0.279679,0.121857,0.2674,0.9142,2,2,FALSE,FALSE,FALSE
"GENE0366","GENE0366_HUMAN","P72021","Protein GENE0366",-0.0973,1,0.740278,0,0.1306,2,5,FALSE,FALSE,FALSE
"GENE0850","GENE0850_HUMAN","P01232","Protein GENE0850",0.2894,1,0.826977,0,0.0825,2,4,FALSE,FALSE,FALSE
"GENE0232","GENE0232_HUMAN","P20573","Protein GENE0232",0.3792,0.972146,0.221084,0.2945,0.6554,2,4,TRUE,FALSE,FALSE
"GENE1471","GENE1471_HUMAN","P98501","Protein GENE1471",0.1789,0.477025,0.18978,0.1834,0.7217,5,4,FALSE,FALSE,FALSE
"GENE1007","GENE1007_HUMAN","P64276","Protein GENE1007",0.0661,1,0.964892,0,0.0155,4,3,FALSE,FALSE,FALSE
"GENE2320","GENE2320_HUMAN","P64048","Protein GENE2320",-2.8573,0.029256,0.013775,1.3174,1.8609,5,4,FALSE,FALSE,TRUE
"GENE1937","GENE1937_HUMAN","P38706","Protein GENE1937",-0.7799,1,0.745089,0,0.1278,2,2,TRUE,FALSE,FALSE
"GENE0340","GENE0340_HUMAN","P25925","Protein GENE0340",-0.2108,1,0.580552,0,0.2362,5,6,FALSE,TRUE,FALSE
"GENE2145","GENE2145_HUMAN","P03901","Protein GENE2145",0.8316,1,0.832802,0,0.0795,6,5,FALSE,TRUE,FALSE
"GENE1675","GENE1675_HUMAN","P12102","Protein GENE1675",-0.0879,0.308202,0.20755,0.2114,0.6829,3,4,FALSE,FALSE,FALSE
"GENE0761","GENE0761_HUMAN","P15795","Protein GENE0761",0.2418,0.203911,0.091187,0.5658,1.0401,4,4,FALSE,FALSE,FALSE
"GENE0867","GENE0867_HUMAN","P97506","Protein GENE0867",0.546,1,0.96319,0,0.0163,5,5,FALSE,FALSE,FALSE
"GENE0147","GENE0147_HUMAN","P06649","Protein GENE0147",-0.1924,0.443842,0.406418,0.0382,0.391,4,3,FALSE,FALSE,FALSE
"GENE2774","GENE2774_HUMAN","P52170","Protein GENE2774",0.2046,0.755299,0.388744,0.1255,0.4103,6,3,FALSE,FALSE,FALSE
"GENE0152","GENE0152_HUMAN","P36069","Protein GENE0152",-0.6206,1,0.800509,0,0.0966,5,2,FALSE,FALSE,FALSE
"GENE1092","GENE1092_HUMAN","P74017","Protein GENE1092",0.0292,1,0.883593,0,0.0537,4,4,FALSE,FALSE,FALSE
"GENE0872","GENE0872_HUMAN","P49199","Protein GENE0872",-0.2562,0.556788,0.41644,0.3144,0.3804,5,6,FALSE,FALSE,FALSE
"GENE1493","GENE1493_HUMAN","P82098","Protein GENE1493",0.3524,0.662908,0.236793,0,0.6256,4,6,FALSE,FALSE,FALSE
"GENE2501","GENE2501_HUMAN","P04413","Protein GENE2501",0.2469,1,0.70282,0,0.1532,3,4,TRUE,FALSE,FALSE
"GENE1084","GENE1084_HUMAN","P94716","Protein GENE1084",-0.338,1,0.54082,0,0.2669,2,4,FALSE,FALSE,FALSE
"GENE1301","GENE1301_HUMAN","P32298","Protein GENE1301",-0.4742,1,0.843761,0,0.0738,3,2,FALSE,FALSE,FALSE
"GENE2630","GENE2630_HUMAN","P68216","Protein GENE2630",0.2959,0.551315,0.47996,0,0.3188,5,6,FALSE,FALSE,FALSE
"GENE1721","GENE1721_HUMAN","P06574","Protein GENE1721",-0.4151,0.646723,0.206404,0.2965,0.6853,3,4,FALSE,FALSE,FALSE
"GENE2388","GENE2388_HUMAN","P80445","Protein GENE2388",0.3257,1,0.525098,0,0.2798,2,6,FALSE,FALSE,FALSE
"GENE1708","GENE1708_HUMAN","P74069","Protein GENE1708",0.4319,1,0.962973,0,0.0164,2,2,FALSE,FALSE,FALSE
"GENE0596","GENE0596_HUMAN","P14406","Protein GENE0596",0.0641,1,0.457093,0.0502,0.34,4,3,FALSE,FALSE,FALSE
"GENE1985","GENE1985_HUMAN","P88068","Protein GENE1985",0.1868,1,0.779886,0,0.108,2,5,FALSE,FALSE,FALSE
"GENE1738","GENE1738_HUMAN","P64689","Protein GENE1738",1.2372,0.024346,0.013774,1.4275,1.8609,3,6,FALSE,TRUE,TRUE
"GENE2723","GENE2723_HUMAN","P36175","Protein GENE2723",0.0478,0.981587,0.814218,0,0.0893,5,3,FALSE,FALSE,FALSE
"GENE0318","GENE0318_HUMAN","P75003","Protein GENE0318",0.0654,1,0.687075,0,0.163,2,4,FALSE,FALSE,FALSE
"GENE0868","GENE0868_HUMAN","P28718","Protein GENE0868",0.3633,1,0.938947,0,0.0274,5,5,FALSE,FALSE,FALSE
"GENE1925","GENE1925_HUMAN","P40265","Protein GENE1925",-0.3586,1,0.376012,0.2032,0.4248,3,6,FALSE,FALSE,FALSE
"GENE2114","GENE2114_HUMAN","P78400","Protein GENE2114",-0.057,1,0.975475,0,0.0108,5,2,FALSE,FALSE,FALSE
"GENE2746","GENE2746_HUMAN","P71405","Protein GENE2746",-0.1693,1,0.386503,0.1199,0.4128,5,5,FALSE,FALSE,FALSE
"GENE2456","GENE2456_HUMAN","P75722","Protein GENE2456",0.3608,1,0.971102,0,0.0127,5,5,TRUE,FALSE,FALSE
"GENE0656","GENE0656_HUMAN","P01233","Protein GENE0656",-0.6001,0.185814,0.116423,0.4393,0.934,2,6,FALSE,FALSE,FALSE
"GENE0219","GENE0219_HUMAN","P28575","Protein GENE0219",-0.0868,1,0.955209,0,0.0199,4,4,FALSE,FALSE,FALSE
"GENE2737","GENE2737_HUMAN","P67452","Protein GENE2737",-0.2808,1,0.520548,0,0.2835,3,2,FALSE,FALSE,FALSE
"GENE0788","GENE0788_HUMAN","P69794","Protein GENE0788",0.0452,0.543806,0.1812,0.4582,0.7418,3,2,TRUE,FALSE,FALSE
"GENE1008","GENE1008_HUMAN","P10513","Protein GENE1008",-1.1714,1,0.976979,0,0.0101,2,2,FALSE,TRUE,FALSE
"GENE0691","GENE0691_HUMAN","P43161","Protein GENE0691",-3.933,0.017816,0.010297,1.6992,1.9873,3,5,FALSE,FALSE,TRUE
"GENE2706","GENE2706_HUMAN","P26750","Protein GENE2706",0.2058,1,0.49235,0,0.3077,5,6,FALSE,FALSE,FALSE
"GENE2878","GENE2878_HUMAN","P33238","Protein GENE2878",0.411,1,0.858004,0,0.0665,2,5,TRUE,FALSE,FALSE
"GENE2486","GENE2486_HUMAN","P24068","Protein GENE2486",0.3294,0.43845,0.256989,0,0.5901,2,2,TRUE,FALSE,FALSE
"GENE1378","GENE1378_HUMAN","P17992","Protein GENE1378",0.9484,0.049144,0.030455,1.2576,1.5163,2,5,FALSE,FALSE,TRUE
"GENE2163","GENE2163_HUMAN","P82719","Protein GENE2163",2.058,0.068374,0.031236,0.9517,1.5053,6,2,FALSE,FALSE,TRUE
"GENE0647","GENE0647_HUMAN","P76183","Protein GENE0647",2.3881,0.012505,0.003042,1.9349,2.5169,4,4,FALSE,FALSE,TRUE
"GENE1927","GENE1927_HUMAN","P61109","Protein GENE1927",-0.3538,1,0.58553,0,0.2325,6,6,FALSE,TRUE,FALSE
"GENE2377","GENE2377_HUMAN","P09987","Protein GENE2377",-0.438,1,0.682305,0,0.166,5,3,FALSE,FALSE,FALSE
"GENE1098","GENE1098_HUMAN","P10820","Protein GENE1098",0.1301,1,0.5982,0.0314,0.2232,5,6,FALSE,FALSE,FALSE
"GENE2287","GENE2287_HUMAN","P21974","Protein GENE2287",2.0088,0.117559,0.048161,0.7422,1.3173,2,4,FALSE,FALSE,TRUE
"GENE1671","GENE1671_HUMAN","P24557","Protein GENE1671",0.5935,1,0.726399,0,0.1388,2,2,FALSE,TRUE,FALSE
"GENE0864","GENE0864_HUMAN","P67034","Protein GENE0864",0.0808,1,0.959916,0,0.0178,3,5,FALSE,FALSE,FALSE
"GENE2049","GENE2049_HUMAN","P96037","Protein GENE2049",-0.1328,1,0.941457,0,0.0262,3,5,FALSE,FALSE,FALSE
"GENE0715","GENE0715_HUMAN","P35160","Protein GENE0715",0.2989,1,0.880222,0,0.0554,6,4,FALSE,FALSE,FALSE
"GENE1882","GENE1882_HUMAN","P93762","Protein GENE1882",0.0196,0.398794,0.376706,0,0.424,6,6,FALSE,TRUE,FALSE
"GENE1561","GENE1561_HUMAN","P61352","Protein GENE1561",0.3146,0.385192,0.170095,0.1968,0.7693,3,5,FALSE,FALSE,FALSE
"GENE1577","GENE1577_HUMAN","P65666","Protein GENE1577",0.5315,0.044558,0.015541,1.5624,1.8085,2,2,FALSE,FALSE,TRUE
"GENE2806","GENE2806_HUMAN","P38801","Protein GENE2806",0.8815,1,0.782364,0.0976,0.1066,2,4,FALSE,FALSE,FALSE
"GENE1856","GENE1856_HUMAN","P35206","Protein GENE1856",0.5621,0.563039,0.229775,0.0102,0.6387,3,6,FALSE,FALSE,FALSE
"GENE0958","GENE0958_HUMAN","P37629","Protein GENE0958",0.4837,1,0.604673,0,0.2185,6,5,FALSE,FALSE,FALSE
"GENE1978","GENE1978_HUMAN","P19286","Protein GENE1978",0.0566,0.576013,0.373369,0,0.4279,4,3,FALSE,FALSE,FALSE
"GENE2416","GENE2416_HUMAN","P72062","Protein GENE2416",-0.4404,1,0.750413,0,0.1247,2,4,FALSE,FALSE,FALSE
"GENE1617","GENE1617_HUMAN","P46100","Protein GENE1617",0.1753,1,0.610933,0,0.214,6,2,FALSE,TRUE,FALSE
"GENE0288","GENE0288_HUMAN","P28919","Protein GENE0288",-0.3274,1,0.840705,0,0.0754,4,2,FALSE,FALSE,FALSE
"GENE0445","GENE0445_HUMAN","P22794","Protein GENE0445",4.2114,0.170998,0.034241,1.0783,1.4655,6,6,FALSE,FALSE,TRUE
"GENE2334","GENE2334_HUMAN","P29156","Protein GENE2334",0.5747,1,0.410086,0,0.3871,5,3,FALSE,FALSE,FALSE
"GENE1914","GENE1914_HUMAN","P62170","Protein GENE1914",0.6608,0.086893,0.03762,1.0484,1.4246,2,5,FALSE,FALSE,TRUE
"GENE1951","GENE1951_HUMAN","P62803","Protein GENE1951",0.1525,0.135785,0.101506,0.6512,0.9935,3,4,FALSE,TRUE,FALSE
"GENE2442","GENE2442_HUMAN","P88293","Protein GENE2442",0.0105,1,0.490287,0,0.3095,4,6,FALSE,FALSE,FALSE
"GENE1821","GENE1821_HUMAN","P55832","Protein GENE1821",0.2816,0.806393,0.215502,0.0263,0.6665,2,2,FALSE,FALSE,FALSE
"GENE2017","GENE2017_HUMAN","P08944","Protein GENE2017",-1.1602,0.041518,0.009822,1.4672,2.0078,3,2,TRUE,TRUE,TRUE
"GENE0793","GENE0793_HUMAN","P60215","Protein GENE0793",0.3724,1,0.626171,0,0.2033,6,6,FALSE,FALSE,FALSE
"GENE0718","GENE0718_HUMAN","P35254","Protein GENE0718",-0.1511,0.395969,0.199882,0.1357,0.6992,2,3,FALSE,FALSE,FALSE
"GENE2817","GENE2817_HUMAN","P12961","Protein GENE2817",-0.383,1,0.329555,0.3899,0.4821,6,4,FALSE,FALSE,FALSE
"GENE0494","GENE0494_HUMAN","P02863","Protein GENE0494",0.4844,0.446544,0.371472,0,0.4301,3,3,FALSE,TRUE,FALSE
"GENE1157","GENE1157_HUMAN","P41450","Protein GENE1157",0.7621,0.142053,0.067099,0.812,1.1733,5,5,FALSE,FALSE,FALSE
"GENE2058","GENE2058_HUMAN","P43430","Protein GENE2058",-0.2793,1,0.96922,0,0.0136,6,4,FALSE,FALSE,FALSE
"GENE1380","GENE1380_HUMAN","P15316","Protein GENE1380",-0.1726,1,0.555596,0,0.2552,3,6,FALSE,FALSE,FALSE
"GENE1479","GENE1479_HUMAN","P93252","Protein GENE1479",-0.1297,1,0.955469,0,0.0198,5,4,TRUE,FALSE,FALSE
"GENE2124","GENE2124_HUMAN","P27270","Protein GENE2124",0.1705,0.967317,0.88964,0,0.0508,3,5,FALSE,FALSE,FALSE
"GENE2497","GENE2497_HUMAN","P09216","Protein GENE2497",-0.4167,0.145941,0.094924,0.4411,1.0226,5,6,TRUE,FALSE,FALSE
"GENE2062","GENE2062_HUMAN","P44808","Protein GENE2062",0.4101,1,0.846665,0,0.0723,5,2,FALSE,FALSE,FALSE
"GENE0681","GENE0681_HUMAN","P35875","Protein GENE0681",-3.8166,0.135993,0.042621,0.7758,1.3704,3,5,FALSE,FALSE,TRUE
"GENE0771","GENE0771_HUMAN","P91100","Protein GENE0771",3.1438,0.152357,0.041139,0.7824,1.3858,2,6,FALSE,FALSE,TRUE
"GENE0465","GENE0465_HUMAN","P21916","Protein GENE0465",-0.4025,1,0.291771,0.158,0.535,3,3,FALSE,FALSE,FALSE
"GENE0772","GENE0772_HUMAN","P78820","Protein GENE0772",-0.3875,1,0.546044,0,0.2628,5,4,FALSE,FALSE,FALSE
"GENE0531","GENE0531_HUMAN","P93369","Protein GENE0531",-0.7218,1,0.903762,0,0.0439,2,4,FALSE,FALSE,FALSE
"GENE1611","GENE1611_HUMAN","P47028","Protein GENE1611",-0.3938,1,0.735268,0,0.1336,3,6,FALSE,FALSE,FALSE
"GENE1318","GENE1318_HUMAN","P68333","Protein GENE1318",0.291,0.645217,0.337378,0.3939,0.4719,4,3,FALSE,FALSE,FALSE
"GENE2472","GENE2472_HUMAN","P50268","Protein GENE2472",0.3113,1,0.638128,0,0.1951,3,5,FALSE,FALSE,FALSE
"GENE1892","GENE1892_HUMAN","P69739","Protein GENE1892",-0.1042,0.18728,0.092447,0.4318,1.0341,2,6,TRUE,FALSE,FALSE
"GENE0175","GENE0175_HUMAN","P35099","Protein GENE0175",0.3459,1,0.589449,0,0.2296,4,2,FALSE,FALSE,FALSE
"GENE1168","GENE1168_HUMAN","P76524","Protein GENE1168",-0.3203,1,0.73394,0,0.1343,2,5,FALSE,FALSE,FALSE
"GENE0843","GENE0843_HUMAN","P69853","Protein GENE0843",1.2661,0.024456,0.021652,1.5524,1.6645,5,2,FALSE,FALSE,TRUE
"GENE2399","GENE2399_HUMAN","P27512","Protein GENE2399",-0.3098,0.396959,0.210043,0.449,0.6777,3,5,FALSE,FALSE,FALSE
"GENE1768","GENE1768_HUMAN","P82969","Protein GENE1768",4.0778,0.066013,0.026604,0.9701,1.5751,5,3,FALSE,FALSE,TRUE
"GENE0769","GENE0769_HUMAN","P62521","Protein GENE0769",3.928,0.162943,0.043894,0.7138,1.3576,2,6,FALSE,FALSE,TRUE
"GENE2899","GENE2899_HUMAN","P58328","Protein GENE2899",-0.1241,1,0.581058,0.2279,0.2358,4,2,FALSE,FALSE,FALSE
"GENE0376","GENE0376_HUMAN","P03013","Protein GENE0376",-0.2762,1,0.678604,0,0.1684,2,5,FALSE,FALSE,FALSE
"GENE0201","GENE0201_HUMAN","P61104","Protein GENE0201",-0.8004,0.946537,0.939179,0,0.0273,3,5,FALSE,FALSE,FALSE
"GENE2514","GENE2514_HUMAN","P63682","Protein GENE2514",-0.3066,1,0.882042,0,0.0545,4,5,FALSE,FALSE,FALSE
"GENE2401","GENE2401_HUMAN","P24008","Protein GENE2401",0.531,1,0.663037,0.062,0.1785,6,3,FALSE,FALSE,FALSE
"GENE0560","GENE0560_HUMAN","P25382","Protein GENE0560",-0.6318,0.96208,0.516619,0,0.2868,2,4,FALSE,FALSE,FALSE
"GENE1553","GENE1553_HUMAN","P71706","Protein GENE1553",-0.0434,1,0.439215,0,0.3573,5,5,FALSE,FALSE,FALSE
"GENE1280","GENE1280_HUMAN","P67597","Protein GENE1280",0.3189,0.240982,0.178022,0.081,0.7495,5,3,FALSE,FALSE,FALSE
"GENE1905","GENE1905_HUMAN","P53870","Protein GENE1905",-0.5344,1,0.65916,0,0.181,5,3,TRUE,FALSE,FALSE
"DHX9","DHX9_HUMAN","P21586","Protein DHX9",-1.1873,0.177922,0.136147,0.3511,0.866,4,5,FALSE,FALSE,FALSE
"GENE0883","GENE0883_HUMAN","P21420","Protein GENE0883",0.7636,1,0.838636,0,0.0764,2,4,FALSE,FALSE,FALSE
"GENE1244","GENE1244_HUMAN","P59995","Protein GENE1244",-0.2162,1,0.335741,0,0.474,3,5,FALSE,FALSE,FALSE
"GENE2688","GENE2688_HUMAN","P12240","Protein GENE2688",-0.1671,1,0.726398,0,0.1388,6,6,TRUE,FALSE,FALSE
"GENE2676","GENE2676_HUMAN","P78879","Protein GENE2676",-0.7856,1,0.684658,0,0.1645,4,5,FALSE,FALSE,FALSE
"GENE2386","GENE2386_HUMAN","P50265","Protein GENE2386",-0.4763,1,0.373329,0,0.4279,5,2,FALSE,FALSE,FALSE
"GENE1995","GENE1995_HUMAN","P04231","Protein GENE1995",-0.1574,1,0.954292,0,0.0203,2,5,FALSE,FALSE,FALSE
"GENE0216","GENE0216_HUMAN","P93482","Protein GENE0216",0.015,1,0.457722,0,0.3394,4,6,FALSE,FALSE,FALSE
"GENE1795","GENE1795_HUMAN","P17207","Protein GENE1795",0.3081,0.87378,0.702613,0.0582,0.1533,6,5,TRUE,FALSE,FALSE
"GENE1017","GENE1017_HUMAN","P79308","Protein GENE1017",-0.491,1,0.501232,0,0.3,4,4,FALSE,TRUE,FALSE
"GENE1375","GENE1375_HUMAN","P35664","Protein GENE1375",0.022,1,0.263906,0.4337,0.5786,6,5,FALSE,FALSE,FALSE
"GENE1747","GENE1747_HUMAN","P20301","Protein GENE1747",-0.1179,1,0.695541,0,0.1577,2,3,FALSE,FALSE,FALSE
"GENE0570","GENE0570_HUMAN","P42863","Protein GENE0570",3.0981,0.053528,0.041727,0.7019,1.3796,6,5,FALSE,FALSE,TRUE
"GENE2018","GENE2018_HUMAN","P08969","Protein GENE2018",0.5956,0.472731,0.102924,0.6315,0.9875,3,2,FALSE,FALSE,FALSE
"GENE2045","GENE2045_HUMAN","P29755","Protein GENE2045",-0.2259,0.943971,0.392804,0,0.4058,3,4,FALSE,FALSE,FALSE
"GENE2772","GENE2772_HUMAN","P09634","Protein GENE2772",0.152,0.092589,0.061371,1.0187,1.212,5,4,FALSE,FALSE,FALSE
"GENE1155","GENE1155_HUMAN","P42380","Protein GENE1155",-1.4023,0.071531,0.022207,1.5282,1.6535,6,6,FALSE,FALSE,TRUE
"GENE1453","GENE1453_HUMAN","P48391","Protein GENE1453",0.564,1,0.335451,0,0.4744,6,5,FALSE,FALSE,FALSE
"GENE1397","GENE1397_HUMAN","P09793","Protein GENE1397",-0.6583,0.069995,0.017275,1.3515,1.7626,6,6,FALSE,FALSE,TRUE
"GENE2835","GENE2835_HUMAN","P08275","Protein GENE2835",-0.5363,1,0.723307,0,0.1407,2,6,FALSE,FALSE,FALSE
"GENE1913","GENE1913_HUMAN","P37617","Protein GENE1913",0.341,1,0.412296,0,0.3848,6,4,FALSE,FALSE,FALSE
"GENE2477","GENE2477_HUMAN","P98670","Protein GENE2477",-0.0077,1,0.939885,0,0.0269,5,3,FALSE,FALSE,FALSE
"ASCC2","ASCC2_HUMAN","P39527","Protein ASCC2",1.7073,0.015393,0.006594,1.7831,2.1808,3,2,FALSE,FALSE,TRUE
"GENE0349","GENE0349_HUMAN","P81816","Protein GENE0349",-1.9659,0.006676,0.002639,1.8932,2.5786,4,6,FALSE,FALSE,TRUE
"GENE1819","GENE1819_HUMAN","P24886","Protein GENE1819",-0.3445,1,0.651328,0,0.1862,2,6,FALSE,FALSE,FALSE
"GENE2879","GENE2879_HUMAN","P92846","Protein GENE2879",-3.1497,0.146216,0.035654,0.8936,1.4479,5,2,FALSE,TRUE,TRUE
"GENE1501","GENE1501_HUMAN","P94144","Protein GENE1501",-0.2406,0.169267,0.065854,0.6787,1.1814,5,5,FALSE,FALSE,FALSE
"GENE1274","GENE1274_HUMAN","P62185","Protein GENE1274",3.0534,0.07068,0.022821,1.5341,1.6417,6,6,FALSE,FALSE,TRUE
"GENE2201","GENE2201_HUMAN","P99779","Protein GENE2201",0.0761,1,0.675371,0.0176,0.1705,4,2,FALSE,FALSE,FALSE
"GENE2344","GENE2344_HUMAN","P50805","Protein GENE2344",0.0685,0.9844,0.45838,0,0.3388,4,4,TRUE,FALSE,FALSE
"GENE1144","GENE1144_HUMAN","P28395","Protein GENE1144",0.3805,1,0.806212,0,0.0936,2,4,FALSE,TRUE,FALSE
"GENE0262","GENE0262_HUMAN","P37740","Protein GENE0262",-2.3275,0.044706,0.016194,1.2035,1.7906,2,5,FALSE,FALSE,TRUE
"GENE2420","GENE2420_HUMAN","P00731","Protein GENE2420",0.2215,0.460647,0.305217,0,0.5154,2,5,TRUE,FALSE,FALSE
"GENE2370","GENE2370_HUMAN","P90001","Protein GENE2370",0.0152,1,0.896196,0,0.0476,2,5,FALSE,FALSE,FALSE
"NCOA7","NCOA7_HUMAN","P02538","Protein NCOA7",3.9173,0.086226,0.022887,1.3362,1.6404,5,6,FALSE,FALSE,TRUE
"GENE2292","GENE2292_HUMAN","P45779","Protein GENE2292",0.5324,1,0.767534,0,0.1149,2,4,FALSE,FALSE,FALSE
"GENE2253","GENE2253_HUMAN","P88541","Protein GENE2253",0.1709,0.467628,0.459465,0,0.3377,2,2,FALSE,TRUE,FALSE
"GENE2324","GENE2324_HUMAN","P97349","Protein GENE2324",0.5238,0.364649,0.139487,0.4088,0.8555,2,5,FALSE,FALSE,FALSE
"GENE2321","GENE2321_HUMAN","P38658","Protein GENE2321",0.1317,0.998955,0.41106,0,0.3861,3,4,FALSE,FALSE,FALSE
"GENE0690","GENE0690_HUMAN","P58904","Protein GENE0690",-0.1426,1,0.336205,0,0.4734,2,4,FALSE,FALSE,FALSE
"GENE1433","GENE1433_HUMAN","P46375","Protein GENE1433",0.2108,0.562567,0.137303,0.4876,0.8623,4,6,FALSE,FALSE,FALSE
"GENE0111","GENE0111_HUMAN","P04162","Protein GENE0111",-0.01,1,0.579192,0,0.2372,5,2,FALSE,FALSE,FALSE
"GENE0957","GENE0957_HUMAN","P07864","Protein GENE0957",-3.8689,0.134206,0.040422,1.1773,1.3934,5,3,FALSE,FALSE,TRUE
"GENE0460","GENE0460_HUMAN","P03477","Protein GENE0460",-2.2026,0.139145,0.036753,0.8308,1.4347,6,2,FALSE,TRUE,TRUE
"GENE2689","GENE2689_HUMAN","P14749","Protein GENE2689",0.3695,0.57663,0.558515,0.1,0.253,6,2,FALSE,FALSE,FALSE
"UFSP2","UFSP2_HUMAN","P08370","Protein UFSP2",3.5053,0.074376,0.02875,0.893,1.5414,6,6,FALSE,TRUE,TRUE
"GENE2804","GENE2804_HUMAN","P79932","Protein GENE2804",0.9498,1,0.951258,0,0.0217,6,6,FALSE,FALSE,FALSE
"GENE1895","GENE1895_HUMAN","P91677","Protein GENE1895",-2.279,0.020233,0.00605,2.1707,2.2182,5,5,FALSE,FALSE,TRUE
"GENE2736","GENE2736_HUMAN","P63830","Protein GENE2736",-0.1899,1,0.818798,0,0.0868,2,4,FALSE,FALSE,FALSE
"GENE1888","GENE1888_HUMAN","P05941","Protein GENE1888",0.3382,1,0.741047,0,0.1302,2,5,FALSE,FALSE,FALSE
"GENE0367","GENE0367_HUMAN","P06824","Protein GENE0367",0.7569,1,0.76298,0.0175,0.1175,2,5,FALSE,FALSE,FALSE
"GENE1105","GENE1105_HUMAN","P95515","Protein GENE1105",0.2402,0.848019,0.777553,0,0.1093,2,6,FALSE,FALSE,FALSE
"GENE2429","GENE2429_HUMAN","P62211","Protein GENE2429",0.4404,1,0.997162,0,0.0012,3,2,FALSE,FALSE,FALSE
"GENE2703","GENE2703_HUMAN","P89820","Protein GENE2703",-0.0563,1,0.800952,0,0.0964,3,2,FALSE,FALSE,FALSE
"GENE1731","GENE1731_HUMAN","P72101","Protein GENE1731",-3.7807,0.044989,0.014657,1.6263,1.834,3,2,FALSE,FALSE,TRUE
"GENE1784","GENE1784_HUMAN","P01556","Protein GENE1784",4.0788,0.023706,0.006585,1.8105,2.1814,5,3,FALSE,FALSE,TRUE
"GENE2227","GENE2227_HUMAN","P22783","Protein GENE2227",-0.0161,1,0.700881,0.0095,0.1544,4,2,FALSE,FALSE,FALSE
"GENE0432","GENE0432_HUMAN","P16288","Protein GENE0432",-3.842,0.082783,0.045286,1.2378,1.344,5,4,FALSE,FALSE,TRUE
"GENE0609","GENE0609_HUMAN","P24642","Protein GENE0609",-0.2046,1,0.999295,0,3e-04,2,5,FALSE,TRUE,FALSE
"GENE2677","GENE2677_HUMAN","P01564","Protein GENE2677",0.2986,0.98432,0.24361,0.6106,0.6133,2,5,FALSE,TRUE,FALSE
"GENE1689","GENE1689_HUMAN","P07409","Protein GENE1689",0.5157,1,0.60177,0,0.2206,3,3,FALSE,TRUE,FALSE
"GENE0373","GENE0373_HUMAN","P01940","Protein GENE0373",0.4957,1,0.391213,0.2376,0.4076,5,2,FALSE,FALSE,FALSE
"GENE1223","GENE1223_HUMAN","P62884","Protein GENE1223",-0.1106,1,0.49249,0,0.3076,2,6,FALSE,FALSE,FALSE
"GENE1259","GENE1259_HUMAN","P56740","Protein GENE1259",-1.6901,0.010937,0.00326,1.8146,2.4868,4,4,FALSE,FALSE,TRUE
"GENE1122","GENE1122_HUMAN","P59910","Protein GENE1122",0.6248,0.991872,0.7629,0,0.1175,2,3,FALSE,FALSE,FALSE
"GENE2665","GENE2665_HUMAN","P46632","Protein GENE2665",0.1197,0.571649,0.131897,0.3545,0.8798,6,3,FALSE,FALSE,FALSE
"GENE0760","GENE0760_HUMAN","P31347","Protein GENE0760",0.082,0.558922,0.18961,0.1726,0.7221,4,2,FALSE,FALSE,FALSE
"GENE0209","GENE0209_HUMAN","P38572","Protein GENE0209",-0.2583,1,0.337692,0,0.4715,4,6,FALSE,FALSE,FALSE
"GENE0860","GENE0860_HUMAN","P91916","Protein GENE0860",-0.2039,0.665485,0.458037,0,0.3391,4,4,FALSE,FALSE,FALSE
"GENE1637","GENE1637_HUMAN","P59714","Protein GENE1637",-2.1498,0.081777,0.040015,0.999,1.3978,2,3,FALSE,FALSE,TRUE
"GENE0015","GENE0015_HUMAN","P46968","Protein GENE0015",-0.0533,0.303101,0.255513,0.461,0.5926,4,5,FALSE,FALSE,FALSE
"GENE1148","GENE1148_HUMAN","P05289","Protein GENE1148",4.1739,0.039667,0.025259,0.9515,1.5976,4,5,FALSE,FALSE,TRUE
"GENE2381","GENE2381_HUMAN","P26042","Protein GENE2381",-0.2287,1,0.819257,0,0.0866,4,6,FALSE,FALSE,FALSE
"GENE0032","GENE0032_HUMAN","P95098","Protein GENE0032",1.4929,0.070856,0.022172,1.1638,1.6542,2,2,FALSE,FALSE,TRUE
"GENE1350","GENE1350_HUMAN","P83267","Protein GENE1350",-0.1706,0.875127,0.243315,0.533,0.6138,6,5,FALSE,FALSE,FALSE
"GENE1839","GENE1839_HUMAN","P24770","Protein GENE1839",-0.2601,0.599675,0.124147,0.2202,0.9061,3,6,FALSE,FALSE,FALSE
"GENE2396","GENE2396_HUMAN","P17958","Protein GENE2396",1.3261,0.086782,0.022759,1.4848,1.6428,6,3,FALSE,FALSE,TRUE
"GENE0768","GENE0768_HUMAN","P24227","Protein GENE0768",-0.3461,0.437503,0.090557,0.5951,1.0431,3,5,FALSE,FALSE,FALSE
"GENE1668","GENE1668_HUMAN","P45357","Protein GENE1668",1.4339,1,0.581079,0,0.2358,6,2,FALSE,FALSE,FALSE
"GENE1754","GENE1754_HUMAN","P84388","Protein GENE1754",1.4947,0.162979,0.040578,0.8183,1.3917,5,6,FALSE,FALSE,TRUE
"GENE0050","GENE0050_HUMAN","P61037","Protein GENE0050",-4.2685,0.024322,0.010983,1.5617,1.9593,5,6,FALSE,FALSE,TRUE
"GENE1149","GENE1149_HUMAN","P92299","Protein GENE1149",-3.7263,0.015216,0.008431,1.5362,2.0741,4,6,FALSE,FALSE,TRUE
"GENE0734","GENE0734_HUMAN","P40906","Protein GENE0734",-0.2629,0.52011,0.205239,0.5951,0.6877,2,4,TRUE,FALSE,FALSE
"GENE2800","GENE2800_HUMAN","P74688","Protein GENE2800",-0.0532,0.479532,0.163337,0.3198,0.7869,4,6,TRUE,FALSE,FALSE
"GENE1195","GENE1195_HUMAN","P70036","Protein GENE1195",-2.9197,0.037445,0.022411,1.2395,1.6495,5,6,TRUE,FALSE,TRUE
"GENE0676","GENE0676_HUMAN","P56183","Protein GENE0676",-0.3666,0.312608,0.106507,0.3679,0.9726,5,3,FALSE,FALSE,FALSE
"GENE0364","GENE0364_HUMAN","P36138","Protein GENE0364",-0.1345,1,0.902136,0,0.0447,3,5,FALSE,FALSE,FALSE
"GENE2669","GENE2669_HUMAN","P06578","Protein GENE2669",-0.5153,0.063346,0.027101,0.9503,1.567,6,2,TRUE,TRUE,TRUE
"GENE1881","GENE1881_HUMAN","P79415","Protein GENE1881",0.3187,0.197181,0.100671,0.4296,0.9971,5,2,TRUE,FALSE,FALSE
"GENE1850","GENE1850_HUMAN","P36709","Protein GENE1850",-0.2193,1,0.530092,0,0.2756,2,2,FALSE,FALSE,FALSE
"GENE0752","GENE0752_HUMAN","P33384","Protein GENE0752",2.7061,0.089855,0.027159,1.0064,1.5661,6,4,FALSE,TRUE,TRUE
"GENE0053","GENE0053_HUMAN","P11376","Protein GENE0053",3.1294,0.071947,0.036824,0.8531,1.4339,4,3,FALSE,FALSE,TRUE
"GENE2291","GENE2291_HUMAN","P11765","Protein GENE2291",0.5507,0.433752,0.174284,0.4491,0.7587,5,6,FALSE,FALSE,FALSE
"GENE2490","GENE2490_HUMAN","P83942","Protein GENE2490",0.3572,0.737702,0.649694,0,0.1873,2,6,FALSE,FALSE,FALSE
"GENE2720","GENE2720_HUMAN","P44133","Protein GENE2720",-0.2117,1,0.662756,0,0.1786,6,3,FALSE,FALSE,FALSE
"GENE2503","GENE2503_HUMAN","P13166","Protein GENE2503",-0.0365,1,0.40264,0,0.3951,3,5,FALSE,FALSE,FALSE
"GENE1922","GENE1922_HUMAN","P36848","Protein GENE1922",1.1406,0.155031,0.048314,0.6435,1.3159,5,6,FALSE,FALSE,TRUE
"GENE0974","GENE0974_HUMAN","P73954","Protein GENE0974",0.6932,1,0.658392,0,0.1815,3,5,FALSE,FALSE,FALSE
"GENE1074","GENE1074_HUMAN","P09898","Protein GENE1074",0.0671,1,0.818107,0,0.0872,3,6,FALSE,FALSE,FALSE
"GENE1405","GENE1405_HUMAN","P19310","Protein GENE1405",-0.0512,1,0.918125,0,0.0371,6,4,FALSE,FALSE,FALSE
"GENE2764","GENE2764_HUMAN","P94439","Protein GENE2764",2.2352,0.075757,0.024655,0.9528,1.6081,3,5,FALSE,FALSE,TRUE
"GENE1437","GENE1437_HUMAN","P19557","Protein GENE1437",0.0448,1,0.301514,0,0.5207,6,6,FALSE,FALSE,FALSE
"GENE0505","GENE0505_HUMAN","P38280","Protein GENE0505",-0.2881,1,0.964388,0,0.0157,5,3,FALSE,FALSE,FALSE
"GENE0954","GENE0954_HUMAN","P80417","Protein GENE0954",-0.4609,0.769205,0.531246,0,0.2747,6,4,FALSE,FALSE,FALSE
"GENE1702","GENE1702_HUMAN","P09610","Protein GENE1702",2.0306,0.035609,0.019345,1.438,1.7134,4,2,FALSE,FALSE,TRUE
"GENE1685","GENE1685_HUMAN","P70482","Protein GENE1685",0.1145,1,0.568781,0,0.2451,4,3,FALSE,FALSE,FALSE
"GENE0029","GENE0029_HUMAN","P33088","Protein GENE0029",0.184,1,0.898963,0,0.0463,5,3,FALSE,FALSE,FALSE
"GENE2361","GENE2361_HUMAN","P30702","Protein GENE2361",-0.167,1,0.611399,0,0.2137,2,4,FALSE,FALSE,FALSE
"GENE2883","GENE2883_HUMAN","P52545","Protein GENE2883",0.4377,1,0.851806,0,0.0697,3,5,FALSE,TRUE,FALSE
"GENE2261","GENE2261_HUMAN","P88101","Protein GENE2261",2.7622,0.104866,0.023278,1.3004,1.6331,5,4,FALSE,FALSE,TRUE
"GENE0566","GENE0566_HUMAN","P97513","Protein GENE0566",-1.3109,0.057319,0.036461,0.9074,1.4382,3,2,TRUE,TRUE,TRUE
"GENE0624","GENE0624_HUMAN","P06205","Protein GENE0624",2.0037,0.018142,0.006817,1.9133,2.1664,5,4,FALSE,FALSE,TRUE
"GENE0562","GENE0562_HUMAN","P76002","Protein GENE0562",0.0359,1,0.704665,0.1127,0.152,5,2,TRUE,FALSE,FALSE
"GENE1920","GENE1920_HUMAN","P10392","Protein GENE1920",0.6009,1,0.871406,0,0.0598,5,6,FALSE,FALSE,FALSE
"GENE1504","GENE1504_HUMAN","P58083","Protein GENE1504",0.3328,0.557952,0.132672,0.391,0.8772,2,2,TRUE,FALSE,FALSE
"MED1","MED1_HUMAN","P78709","Protein MED1",2.5545,0.015893,0.004551,2.2308,2.3419,3,5,FALSE,FALSE,TRUE
"GENE1647","GENE1647_HUMAN","P85854","Protein GENE1647",0.6803,0.745723,0.152283,0.3599,0.8173,6,3,FALSE,FALSE,FALSE
"GENE0822","GENE0822_HUMAN","P66790","Protein GENE0822",-0.0944,1,0.670452,0.0763,0.1736,3,2,FALSE,FALSE,FALSE
"GENE1409","GENE1409_HUMAN","P08352","Protein GENE1409",1.0213,1,0.755262,0,0.1219,2,6,FALSE,FALSE,FALSE
"GENE2435","GENE2435_HUMAN","P48714","Protein GENE2435",-0.6819,1,0.477072,0,0.3214,4,3,FALSE,FALSE,FALSE
"GENE1452","GENE1452_HUMAN","P68182","Protein GENE1452",3.8517,0.161275,0.043704,1.0158,1.3595,5,4,FALSE,FALSE,TRUE
"GENE1591","GENE1591_HUMAN","P31042","Protein GENE1591",4.0614,0.036298,0.011567,1.7431,1.9368,2,3,FALSE,FALSE,TRUE
"GENE1218","GENE1218_HUMAN","P44279","Protein GENE1218",0.5429,0.146067,0.04796,1.0443,1.3191,2,6,FALSE,FALSE,TRUE
"GENE2364","GENE2364_HUMAN","P34220","Protein GENE2364",-0.3683,0.495537,0.236847,0.2788,0.6255,2,4,TRUE,FALSE,FALSE
"GENE0119","GENE0119_HUMAN","P43419","Protein GENE0119",-0.5448,1,0.513247,0,0.2897,3,4,FALSE,TRUE,FALSE
"GENE0052","GENE0052_HUMAN","P60390","Protein GENE0052",-0.3135,1,0.967521,0,0.0143,6,2,FALSE,FALSE,FALSE
"GENE0449","GENE0449_HUMAN","P02697","Protein GENE0449",-0.1114,0.209159,0.064886,0.8137,1.1878,6,2,FALSE,FALSE,FALSE
"GENE2207","GENE2207_HUMAN","P19296","Protein GENE2207",1.7061,0.147233,0.031438,1.1501,1.5025,3,6,FALSE,FALSE,TRUE
"GENE2651","GENE2651_HUMAN","P76586","Protein GENE2651",-0.1816,0.622562,0.173546,0.5812,0.7606,4,6,FALSE,FALSE,FALSE
"GENE2317","GENE2317_HUMAN","P43202","Protein GENE2317",-2.9183,0.031763,0.027578,1.5461,1.5594,3,5,FALSE,FALSE,TRUE
"GENE0008","GENE0008_HUMAN","P77730","Protein GENE0008",-0.7453,0.00639,0.00152,2.5886,2.8182,6,3,FALSE,FALSE,TRUE
"GENE2492","GENE2492_HUMAN","P10363","Protein GENE2492",0.2079,1,0.959107,0,0.0181,6,3,FALSE,FALSE,FALSE
"GENE2674","GENE2674_HUMAN","P42383","Protein GENE2674",0.1801,1,0.513791,0,0.2892,4,3,FALSE,FALSE,FALSE
"GENE2013","GENE2013_HUMAN","P10520","Protein GENE2013",0.1797,1,0.543999,0,0.2644,4,6,FALSE,TRUE,FALSE
"GENE2726","GENE2726_HUMAN","P05378","Protein GENE2726",2.3134,0.131184,0.033914,0.9982,1.4696,5,5,FALSE,FALSE,TRUE
"GENE1400","GENE1400_HUMAN","P53564","Protein GENE1400",2.2971,0.029394,0.011274,1.4586,1.9479,6,6,FALSE,FALSE,TRUE
"GENE0698","GENE0698_HUMAN","P53433","Protein GENE0698",-0.8771,0.223747,0.100325,0.5153,0.9986,2,4,FALSE,FALSE,FALSE
"GENE0259","GENE0259_HUMAN","P87915","Protein GENE0259",-0.407,0.227987,0.216403,0.1585,0.6647,4,6,FALSE,FALSE,FALSE
"GENE0534","GENE0534_HUMAN","P26305","Protein GENE0534",0.4956,0.701745,0.480337,0,0.3185,2,4,FALSE,FALSE,FALSE
"GENE0207","GENE0207_HUMAN","P92778","Protein GENE0207",-0.2823,1,0.66047,0,0.1801,6,3,FALSE,TRUE,FALSE
"GENE0967","GENE0967_HUMAN","P86662","Protein GENE0967",1.1388,0.047993,0.030549,0.8797,1.515,6,5,FALSE,FALSE,TRUE
"GENE2229","GENE2229_HUMAN","P93114","Protein GENE2229",0.0099,1,0.890996,0,0.0501,4,4,FALSE,FALSE,FALSE
"GENE1986","GENE1986_HUMAN","P73624","Protein GENE1986",-0.624,0.119271,0.032356,0.8385,1.49,4,6,TRUE,TRUE,TRUE
"GENE2704","GENE2704_HUMAN","P05863","Protein GENE2704",0.7033,1,0.751421,0.0123,0.1241,2,5,FALSE,FALSE,FALSE
"GENE1514","GENE1514_HUMAN","P44527","Protein GENE1514",0.366,1,0.859469,0,0.0658,3,4,FALSE,FALSE,FALSE
"DDX3","DDX3_HUMAN","P19732","Protein DDX3",-0.3157,1,0.75243,0,0.1235,4,6,FALSE,FALSE,FALSE
"GENE1169","GENE1169_HUMAN","P33763","Protein GENE1169",-0.2302,1,0.365188,0.3613,0.4375,5,6,FALSE,FALSE,FALSE
"GENE0406","GENE0406_HUMAN","P68325","Protein GENE0406",-0.8988,0.03282,0.013046,1.5542,1.8845,2,5,FALSE,FALSE,TRUE
"GENE2644","GENE2644_HUMAN","P12336","Protein GENE2644",1.486,0.12667,0.040679,0.7406,1.3906,3,5,FALSE,FALSE,TRUE
"GENE2228","GENE2228_HUMAN","P15637","Protein GENE2228",0.55,0.071522,0.048356,0.8916,1.3155,5,6,FALSE,FALSE,TRUE
"GENE1939","GENE1939_HUMAN","P60773","Protein GENE1939",0.0221,1,0.943374,0,0.0253,6,2,FALSE,FALSE,FALSE
"GENE0593","GENE0593_HUMAN","P44632","Protein GENE0593",0.2394,0.517094,0.403796,0,0.3938,6,2,FALSE,FALSE,FALSE
"GENE1001","GENE1001_HUMAN","P50303","Protein GENE1001",0.93,0.928104,0.187057,0.2262,0.728,6,4,FALSE,FALSE,FALSE
"GENE2584","GENE2584_HUMAN","P84319","Protein GENE2584",0.8141,1,0.464604,0,0.3329,4,5,TRUE,FALSE,FALSE
"GENE1090","GENE1090_HUMAN","P77988","Protein GENE1090",0.3821,1,0.811684,0,0.0906,6,5,FALSE,FALSE,FALSE
"GENE0519","GENE0519_HUMAN","P55633","Protein GENE0519",0.6133,1,0.964108,0,0.0159,3,4,FALSE,TRUE,FALSE
"GENE2522","GENE2522_HUMAN","P37550","Protein GENE2522",0.3079,0.658508,0.19072,0.106,0.7196,4,3,FALSE,FALSE,FALSE
"GENE1710","GENE1710_HUMAN","P24751","Protein GENE1710",-0.054,0.779966,0.21219,0,0.6733,4,6,TRUE,FALSE,FALSE
"GENE2444","GENE2444_HUMAN","P40417","Protein GENE2444",0.1389,1,0.792419,0,0.101,6,6,FALSE,FALSE,FALSE
"GENE0096","GENE0096_HUMAN","P99127","Protein GENE0096",-0.3443,1,0.430487,0,0.366,5,3,FALSE,FALSE,FALSE
"GENE0999","GENE0999_HUMAN","P78312","Protein GENE0999",-0.5467,1,0.258822,0,0.587,2,2,TRUE,FALSE,FALSE
"GENE2574","GENE2574_HUMAN","P94493","Protein GENE2574",0.4454,1,0.305635,0.0701,0.5148,4,4,FALSE,FALSE,FALSE
"GENE2585","GENE2585_HUMAN","P87819","Protein GENE2585",0.2927,1,0.548055,0,0.2612,5,5,FALSE,FALSE,FALSE
"GENE0392","GENE0392_HUMAN","P59380","Protein GENE0392",-0.1207,0.167296,0.090869,0.5258,1.0416,4,4,FALSE,FALSE,FALSE
"GENE2012","GENE2012_HUMAN","P67308","Protein GENE2012",0.2993,0.388697,0.327867,0,0.4843,5,6,FALSE,FALSE,FALSE
"GENE0678","GENE0678_HUMAN","P01629","Protein GENE0678",0.238,1,0.646928,0,0.1891,4,3,FALSE,FALSE,FALSE
"GENE1757","GENE1757_HUMAN","P87028","Protein GENE1757",-2.4269,0.023398,0.00958,1.8,2.0186,4,2,FALSE,FALSE,TRUE
"GENE0786","GENE0786_HUMAN","P62406","Protein GENE0786",2.3422,0.093442,0.032142,0.8377,1.4929,5,5,FALSE,FALSE,TRUE
"GENE2256","GENE2256_HUMAN","P08287","Protein GENE2256",0.0918,0.072412,0.064727,0.9357,1.1889,2,6,FALSE,FALSE,FALSE
"GENE0922","GENE0922_HUMAN","P03680","Protein GENE0922",-0.2447,1,0.872524,0,0.0592,3,4,FALSE,FALSE,FALSE
"GENE1502","GENE1502_HUMAN","P28028","Protein GENE1502",-0.0543,1,0.797249,0,0.0984,4,6,FALSE,FALSE,FALSE
"GENE0483","GENE0483_HUMAN","P47016","Protein GENE0483",-0.5757,1,0.491221,0,0.3087,6,6,TRUE,FALSE,FALSE
"GENE2448","GENE2448_HUMAN","P16673","Protein GENE2448",3.0364,0.036228,0.011684,1.8159,1.9324,4,6,FALSE,FALSE,TRUE
"GENE2628","GENE2628_HUMAN","P45267","Protein GENE2628",0.0768,1,0.768608,0,0.1143,2,3,FALSE,FALSE,FALSE
"GENE0500","GENE0500_HUMAN","P41601","Protein GENE0500",-0.0045,1,0.409285,0,0.388,4,6,FALSE,FALSE,FALSE
"GENE0122","GENE0122_HUMAN","P50285","Protein GENE0122",-0.5882,1,0.729614,0,0.1369,6,4,FALSE,FALSE,FALSE
"GENE1379","GENE1379_HUMAN","P02124","Protein GENE1379",3.299,0.092948,0.025793,1.548,1.5885,2,4,TRUE,FALSE,TRUE
"GENE1178","GENE1178_HUMAN","P83406","Protein GENE1178",0.7311,1,0.439011,0.1196,0.3575,6,6,FALSE,FALSE,FALSE
"GENE2796","GENE2796_HUMAN","P42915","Protein GENE2796",4.0106,0.10535,0.021636,1.1436,1.6648,6,2,FALSE,FALSE,TRUE
"GENE1623","GENE1623_HUMAN","P00826","Protein GENE1623",-0.6704,1,0.937686,0,0.0279,2,5,FALSE,FALSE,FALSE
"GENE2499","GENE2499_HUMAN","P48100","Protein GENE2499",-0.0578,1,0.366738,0.1175,0.4356,3,4,FALSE,FALSE,FALSE
"GENE1306","GENE1306_HUMAN","P05072","Protein GENE1306",-0.0435,1,0.371638,0.3173,0.4299,5,6,FALSE,FALSE,FALSE
"GENE1045","GENE1045_HUMAN","P51128","Protein GENE1045",0.2676,1,0.637607,0,0.1954,6,5,FALSE,FALSE,FALSE
"GENE2556","GENE2556_HUMAN","P39432","Protein GENE2556",-3.7367,0.03237,0.014464,1.5418,1.8397,6,4,FALSE,FALSE,TRUE
"GENE2752","GENE2752_HUMAN","P62854","Protein GENE2752",-2.3281,0.008124,0.00627,1.5599,2.2027,3,2,TRUE,FALSE,TRUE
"GENE1919","GENE1919_HUMAN","P67795","Protein GENE1919",0.0551,0.730254,0.266824,0,0.5738,3,3,FALSE,FALSE,FALSE
"GENE2529","GENE2529_HUMAN","P77713","Protein GENE2529",0.0258,0.899943,0.459107,0,0.3381,5,2,FALSE,FALSE,FALSE
"GENE2097","GENE2097_HUMAN","P91873","Protein GENE2097",-0.0453,0.874052,0.668503,0,0.1749,2,4,FALSE,FALSE,FALSE
"GENE1864","GENE1864_HUMAN","P33276","Protein GENE1864",-0.0174,1,0.889663,0,0.0508,4,4,FALSE,FALSE,FALSE
"GENE2371","GENE2371_HUMAN","P00148","Protein GENE2371",-0.0701,0.396198,0.137012,0.2576,0.8632,4,4,FALSE,FALSE,FALSE
"GENE0451","GENE0451_HUMAN","P81459","Protein GENE0451",-0.5215,0.687439,0.223864,0.0586,0.65,3,4,FALSE,TRUE,FALSE
"GENE2296","GENE2296_HUMAN","P03447","Protein GENE2296",0.5016,1,0.80366,0,0.0949,6,2,FALSE,FALSE,FALSE
"GENE2650","GENE2650_HUMAN","P42374","Protein GENE2650",0.3681,1,0.708939,0,0.1494,5,4,FALSE,FALSE,FALSE
"SUGP1","SUGP1_HUMAN","P14987","Protein SUGP1",0.3144,1,0.710201,0,0.1486,2,3,FALSE,TRUE,FALSE
"GENE1679","GENE1679_HUMAN","P95938","Protein GENE1679",0.7996,0.021731,0.004403,1.9736,2.3563,4,5,FALSE,FALSE,TRUE
"GENE1162","GENE1162_HUMAN","P89240","Protein GENE1162",-0.3997,1,0.63547,0,0.1969,4,4,FALSE,FALSE,FALSE
"GENE1371","GENE1371_HUMAN","P18684","Protein GENE1371",0.0634,0.499396,0.203293,0.1276,0.6919,2,6,FALSE,FALSE,FALSE
"GENE0202","GENE0202_HUMAN","P79168","Protein GENE0202",0.1335,1,0.474895,0,0.3234,3,4,FALSE,FALSE,FALSE
"GENE1031","GENE1031_HUMAN","P69442","Protein GENE1031",0.1155,0.817976,0.320716,0.3212,0.4939,4,6,FALSE,FALSE,FALSE
"GENE2496","GENE2496_HUMAN","P82063","Protein GENE2496",-0.1503,0.411881,0.121611,0.5593,0.915,5,4,FALSE,FALSE,FALSE
"GENE1910","GENE1910_HUMAN","P47133","Protein GENE1910",0.086,0.779796,0.19629,0.3612,0.7071,6,3,FALSE,FALSE,FALSE
"GENE2106","GENE2106_HUMAN","P48630","Protein GENE2106",-0.2301,1,0.959424,0,0.018,2,5,FALSE,FALSE,FALSE
"GENE2743","GENE2743_HUMAN","P96752","Protein GENE2743",0.0292,0.654157,0.643427,0,0.1915,4,6,FALSE,FALSE,FALSE
"GENE2778","GENE2778_HUMAN","P60608","Protein GENE2778",-3.5285,0.079338,0.032046,0.8247,1.4942,5,4,FALSE,FALSE,TRUE
"GENE1932","GENE1932_HUMAN","P09569","Protein GENE1932",-0.3796,1,0.719373,0,0.143,5,6,FALSE,FALSE,FALSE
"GENE2732","GENE2732_HUMAN","P47824","Protein GENE2732",-0.2073,0.626251,0.18796,0.3162,0.7259,6,6,FALSE,FALSE,FALSE
"GENE0037","GENE0037_HUMAN","P82353","Protein GENE0037",-0.3138,1,0.906763,0,0.0425,3,6,TRUE,FALSE,FALSE
"GENE2728","GENE2728_HUMAN","P20590","Protein GENE2728",-0.3109,0.689384,0.517874,0,0.2858,5,5,FALSE,FALSE,FALSE
"GENE0574","GENE0574_HUMAN","P25041","Protein GENE0574",-0.7932,0.099658,0.095242,0.5292,1.0212,2,5,FALSE,FALSE,FALSE
"GENE1701","GENE1701_HUMAN","P09248","Protein GENE1701",3.4572,0.160027,0.035076,1.4019,1.455,4,2,FALSE,FALSE,TRUE
"GENE0643","GENE0643_HUMAN","P53267","Protein GENE0643",-0.7713,1,0.626267,0.1006,0.2032,2,5,FALSE,FALSE,FALSE
"GENE0495","GENE0495_HUMAN","P44412","Protein GENE0495",-0.246,1,0.810618,0,0.0912,4,3,FALSE,FALSE,FALSE
"GENE0707","GENE0707_HUMAN","P45997","Protein GENE0707",-0.4839,1,0.969672,0,0.0134,3,5,FALSE,FALSE,FALSE
"GENE0272","GENE0272_HUMAN","P11978","Protein GENE0272",0.0183,1,0.395374,0.3021,0.403,6,2,FALSE,FALSE,FALSE
"GENE0686","GENE0686_HUMAN","P77350","Protein GENE0686",-0.19,1,0.263922,0.0077,0.5785,3,6,FALSE,FALSE,FALSE
"GENE1545","GENE1545_HUMAN","P02857","Protein GENE1545",1.7355,0.169151,0.043023,1.0918,1.3663,3,2,FALSE,FALSE,TRUE
"GENE0787","GENE0787_HUMAN","P47874","Protein GENE0787",-0.2641,0.56826,0.115345,0.662,0.938,2,3,FALSE,FALSE,FALSE
"GENE2578","GENE2578_HUMAN","P63936","Protein GENE2578",0.0137,1,0.821369,0,0.0855,6,6,FALSE,FALSE,FALSE
"GENE1551","GENE1551_HUMAN","P44326","Protein GENE1551",0.3122,1,0.887101,0,0.052,6,3,FALSE,FALSE,FALSE
"GENE0968","GENE0968_HUMAN","P05154","Protein GENE0968",-0.7705,1,0.767215,0,0.1151,4,3,FALSE,FALSE,FALSE
"GENE1036","GENE1036_HUMAN","P87526","Protein GENE1036",-0.0521,0.876652,0.807759,0,0.0927,3,5,FALSE,FALSE,FALSE
"GENE2096","GENE2096_HUMAN","P36296","Protein GENE2096",-0.7459,1,0.742631,0,0.1292,5,5,FALSE,FALSE,FALSE
"GENE2642","GENE2642_HUMAN","P48620","Protein GENE2642",0.0943,0.423859,0.13862,0.8064,0.8582,6,3,TRUE,FALSE,FALSE
"GENE2362","GENE2362_HUMAN","P53722","Protein GENE2362",-0.021,1,0.916768,0,0.0377,2,3,FALSE,FALSE,FALSE
"GENE1194","GENE1194_HUMAN","P04639","Protein GENE1194",0.3083,0.611805,0.200483,0.5844,0.6979,6,3,FALSE,FALSE,FALSE
"GENE0821","GENE0821_HUMAN","P46295","Protein GENE0821",-1.0215,1,0.645947,0,0.1898,4,6,FALSE,FALSE,FALSE
"GENE1014","GENE1014_HUMAN","P48128","Protein GENE1014",-0.2177,0.660681,0.468233,0,0.3295,2,2,FALSE,FALSE,FALSE
"GENE2204","GENE2204_HUMAN","P08506","Protein GENE2204",-0.4433,1,0.671646,0,0.1729,6,4,FALSE,FALSE,FALSE
"GENE1353","GENE1353_HUMAN","P18180","Protein GENE1353",0.2878,0.882662,0.690777,0,0.1607,6,2,FALSE,FALSE,FALSE
"GENE2430","GENE2430_HUMAN","P10918","Protein GENE2430",0.2327,0.983633,0.707506,0,0.1503,3,5,FALSE,FALSE,FALSE
"GENE2147","GENE2147_HUMAN","P32318","Protein GENE2147",-0.0438,1,0.331476,0.2695,0.4795,6,4,FALSE,FALSE,FALSE
"GENE0428","GENE0428_HUMAN","P72085","Protein GENE0428",0.1754,1,0.964942,0,0.0155,2,6,FALSE,TRUE,FALSE
"GENE0227","GENE0227_HUMAN","P34041","Protein GENE0227",3.1721,0.125037,0.039132,1.1874,1.4075,4,4,TRUE,TRUE,TRUE
"GENE2554","GENE2554_HUMAN","P74868","Protein GENE2554",4.3215,0.121539,0.04768,0.737,1.3217,2,5,FALSE,FALSE,TRUE
"GENE0550","GENE0550_HUMAN","P99382","Protein GENE0550",0.5504,0.852981,0.411707,0,0.3854,2,6,FALSE,FALSE,FALSE
"GENE1879","GENE1879_HUMAN","P03574","Protein GENE1879",0.3185,1,0.465259,0,0.3323,4,2,FALSE,FALSE,FALSE
"GENE2263","GENE2263_HUMAN","P74396","Protein GENE2263",0.1176,1,0.707262,0,0.1504,6,2,FALSE,FALSE,FALSE
"GENE1034","GENE1034_HUMAN","P76356","Protein GENE1034",0.0277,1,0.624895,0,0.2042,6,5,FALSE,TRUE,FALSE
"GENE0170","GENE0170_HUMAN","P23248","Protein GENE0170",0.3582,0.720689,0.266181,0,0.5748,4,5,FALSE,FALSE,FALSE
"GENE2125","GENE2125_HUMAN","P36733","Protein GENE2125",-0.2049,1,0.840003,0,0.0757,5,6,FALSE,FALSE,FALSE
"GENE2648","GENE2648_HUMAN","P94836","Protein GENE2648",0.1152,1,0.432211,0.173,0.3643,5,5,FALSE,FALSE,FALSE
"GENE0887","GENE0887_HUMAN","P72747","Protein GENE0887",0.0919,1,0.376608,0,0.4241,5,3,FALSE,FALSE,FALSE
"GENE2122","GENE2122_HUMAN","P94635","Protein GENE2122",1.0406,0.028478,0.008796,1.7418,2.0557,6,4,FALSE,FALSE,TRUE
"GENE2353","GENE2353_HUMAN","P29074","Protein GENE2353",0.0081,1,0.662824,0.0203,0.1786,5,5,FALSE,FALSE,FALSE
"GENE2722","GENE2722_HUMAN","P97934","Protein GENE2722",0.0558,0.900978,0.70576,0,0.1513,6,5,FALSE,FALSE,FALSE
"GENE0516","GENE0516_HUMAN","P99928","Protein GENE0516",0.8165,0.291301,0.112275,0.2749,0.9497,2,5,FALSE,FALSE,FALSE
"GENE2588","GENE2588_HUMAN","P39818","Protein GENE2588",-0.5443,1,0.711571,0,0.1478,6,3,FALSE,FALSE,FALSE
"GENE1228","GENE1228_HUMAN","P96382","Protein GENE1228",0.0653,0.27495,0.125503,0.2399,0.9013,3,5,FALSE,FALSE,FALSE
"GENE2530","GENE2530_HUMAN","P49101","Protein GENE2530",0.0769,0.358683,0.083292,0.487,1.0794,4,6,FALSE,FALSE,FALSE
"GENE1377","GENE1377_HUMAN","P01934","Protein GENE1377",-0.0053,1,0.661988,0,0.1791,3,3,FALSE,FALSE,FALSE
"GENE1172","GENE1172_HUMAN","P68264","Protein GENE1172",0.0056,0.423186,0.188671,0.3805,0.7243,6,2,FALSE,FALSE,FALSE
"GENE0798","GENE0798_HUMAN","P90014","Protein GENE0798",-2.104,0.044687,0.037178,1.1475,1.4297,5,5,FALSE,FALSE,TRUE
"GENE1025","GENE1025_HUMAN","P74705","Protein GENE1025",3.5948,0.129242,0.026394,1.0556,1.5785,6,6,FALSE,FALSE,TRUE
"GENE0659","GENE0659_HUMAN","P48875","Protein GENE0659",2.614,0.06196,0.020923,1.0229,1.6794,5,3,FALSE,FALSE,TRUE
"GENE2319","GENE2319_HUMAN","P85997","Protein GENE2319",0.0912,0.460874,0.110997,0.3016,0.9547,5,6,FALSE,FALSE,FALSE
"GENE0245","GENE0245_HUMAN","P33128","Protein GENE0245",-0.5523,1,0.911104,0,0.0404,5,2,FALSE,FALSE,FALSE
"GENE0101","GENE0101_HUMAN","P09421","Protein GENE0101",0.4804,0.466582,0.238202,0.597,0.6231,3,2,FALSE,FALSE,FALSE
"PKN3","PKN3_HUMAN","P41133","Protein PKN3",4.1153,0.033856,0.02489,1.235,1.604,5,2,FALSE,FALSE,TRUE
"GENE0011","GENE0011_HUMAN","P93740","Protein GENE0011",0.5219,0.912956,0.399912,0,0.398,6,5,FALSE,FALSE,FALSE
"GENE1271","GENE1271_HUMAN","P76450","Protein GENE1271",0.0758,1,0.549313,0,0.2602,2,5,FALSE,FALSE,FALSE
"GENE2155","GENE2155_HUMAN","P20763","Protein GENE2155",0.3567,0.263276,0.077928,0.7176,1.1083,4,4,FALSE,FALSE,FALSE
"GENE1917","GENE1917_HUMAN","P04178","Protein GENE1917",2.7028,0.051508,0.012705,1.7542,1.896,4,3,FALSE,FALSE,TRUE
"GENE2575","GENE2575_HUMAN","P20751","Protein GENE2575",0.2267,0.477681,0.183607,0.7341,0.7361,4,6,FALSE,FALSE,FALSE
"GENE1118","GENE1118_HUMAN","P31543","Protein GENE1118",-0.2915,1,0.935417,0,0.029,2,3,FALSE,TRUE,FALSE
"GENE2105","GENE2105_HUMAN","P40709","Protein GENE2105",-0.2535,0.566626,0.187282,0.0575,0.7275,5,3,FALSE,FALSE,FALSE
"GENE0897","GENE0897_HUMAN","P86524","Protein GENE0897",1.2866,0.053705,0.018697,1.1844,1.7282,2,3,FALSE,FALSE,TRUE
"GENE2843","GENE2843_HUMAN","P93857","Protein GENE2843",0.4162,0.357213,0.187305,0.1753,0.7275,6,3,FALSE,FALSE,FALSE
"GENE2234","GENE2234_HUMAN","P16727","Protein GENE2234",-0.2488,1,0.80241,0,0.0956,4,4,FALSE,FALSE,FALSE
"GENE1604","GENE1604_HUMAN","P25297","Protein GENE1604",2.9009,0.215994,0.048036,1.0668,1.3184,3,4,FALSE,FALSE,TRUE
"GENE2576","GENE2576_HUMAN","P77477","Protein GENE2576",0.7394,0.053753,0.028156,0.8652,1.5504,2,4,FALSE,FALSE,TRUE
"GENE0720","GENE0720_HUMAN","P62128","Protein GENE0720",-0.4673,1,0.56347,0,0.2491,6,6,FALSE,FALSE,FALSE
"GENE0427","GENE0427_HUMAN","P73741","Protein GENE0427",-0.2228,1,0.414796,0,0.3822,6,3,FALSE,FALSE,FALSE
"GENE0489","GENE0489_HUMAN","P95163","Protein GENE0489",-0.2142,1,0.639947,0,0.1939,5,6,FALSE,FALSE,FALSE
"GENE0775","GENE0775_HUMAN","P67229","Protein GENE0775",0.3632,1,0.74865,0,0.1257,5,5,FALSE,FALSE,FALSE
"GENE1865","GENE1865_HUMAN","P10645","Protein GENE1865",-0.2924,1,0.487202,0,0.3123,5,3,FALSE,FALSE,FALSE
"GENE1009","GENE1009_HUMAN","P78113","Protein GENE1009",-0.3392,0.650299,0.317789,0,0.4979,2,4,FALSE,FALSE,FALSE
"GENE2761","GENE2761_HUMAN","P96805","Protein GENE2761",-4.1386,0.019982,0.004095,1.8557,2.3878,4,3,FALSE,FALSE,TRUE
"GENE1114","GENE1114_HUMAN","P33306","Protein GENE1114",0.4181,1,0.53243,0,0.2737,6,4,FALSE,TRUE,FALSE
"GENE2341","GENE2341_HUMAN","P12374","Protein GENE2341",3.1536,0.205201,0.046881,0.6539,1.329,4,2,FALSE,FALSE,TRUE
"GENE2242","GENE2242_HUMAN","P65050","Protein GENE2242",-3.6904,0.090349,0.035793,0.922,1.4462,4,5,FALSE,FALSE,TRUE
"GENE1312","GENE1312_HUMAN","P32312","Protein GENE1312",0.3064,1,0.372127,0,0.4293,6,3,FALSE,FALSE,FALSE
"GENE1152","GENE1152_HUMAN","P23304","Protein GENE1152",0.4252,1,0.800004,0,0.0969,5,2,FALSE,FALSE,FALSE
"GENE0696","GENE0696_HUMAN","P25764","Protein GENE0696",-0.2031,1,0.952647,0,0.0211,2,2,FALSE,FALSE,FALSE
"GENE1076","GENE1076_HUMAN","P31777","Protein GENE1076",0.3648,1,0.50462,0.1263,0.297,2,4,FALSE,FALSE,FALSE
"GENE0363","GENE0363_HUMAN","P42557","Protein GENE0363",-0.1937,1,0.331778,0,0.4792,3,4,FALSE,FALSE,FALSE
"GENE1837","GENE1837_HUMAN","P02544","Protein GENE1837",0.0709,0.57694,0.454255,0.0361,0.3427,3,2,TRUE,TRUE,FALSE
"GENE1265","GENE1265_HUMAN","P71764","Protein GENE1265",-0.4124,0.325538,0.073413,1.0704,1.1342,6,2,FALSE,FALSE,FALSE
"GENE1942","GENE1942_HUMAN","P35756","Protein GENE1942",-0.1595,1,0.535509,0,0.2712,5,5,TRUE,FALSE,FALSE
"GENE1006","GENE1006_HUMAN","P98515","Protein GENE1006",-0.239,0.376593,0.191428,0.0722,0.718,6,2,TRUE,FALSE,FALSE
"GENE2436","GENE2436_HUMAN","P37858","Protein GENE2436",3.3289,0.032069,0.008388,1.6003,2.0764,4,3,FALSE,FALSE,TRUE
"GENE1002","GENE1002_HUMAN","P61230","Protein GENE1002",-1.8957,0.085427,0.030657,1.2509,1.5135,4,6,FALSE,TRUE,TRUE
"GENE1284","GENE1284_HUMAN","P53494","Protein GENE1284",0.1359,1,0.794188,0.0172,0.1001,3,4,FALSE,FALSE,FALSE
"GENE1571","GENE1571_HUMAN","P37722","Protein GENE1571",-0.1379,1,0.290739,0.2912,0.5365,6,6,TRUE,FALSE,FALSE
"GENE0753","GENE0753_HUMAN","P90310","Protein GENE0753",-0.1363,0.841809,0.232115,0.0409,0.6343,2,3,FALSE,FALSE,FALSE
"GENE1615","GENE1615_HUMAN","P57830","Protein GENE1615",0.2107,1,0.744657,0,0.128,2,5,FALSE,FALSE,FALSE
"GENE1267","GENE1267_HUMAN","P15865","Protein GENE1267",-0.0884,1,0.943412,0,0.0253,5,6,FALSE,FALSE,FALSE
"GENE1473","GENE1473_HUMAN","P16379","Protein GENE1473",-0.2175,1,0.645763,0,0.1899,5,4,FALSE,FALSE,FALSE
"GENE0514","GENE0514_HUMAN","P43145","Protein GENE0514",2.9225,0.053182,0.020471,1.1017,1.6889,5,4,TRUE,FALSE,TRUE
"GENE2462","GENE2462_HUMAN","P53957","Protein GENE2462",-0.0596,1,0.73864,0,0.1316,3,6,FALSE,FALSE,FALSE
"GENE2833","GENE2833_HUMAN","P98774","Protein GENE2833",-0.3902,1,0.5879,0,0.2307,5,6,TRUE,FALSE,FALSE
"GENE2637","GENE2637_HUMAN","P19587","Protein GENE2637",3.5591,0.107596,0.043943,0.7694,1.3571,4,6,FALSE,FALSE,TRUE
"GENE0978","GENE0978_HUMAN","P08495","Protein GENE0978",0.224,0.473444,0.09968,0.5933,1.0014,4,2,FALSE,FALSE,FALSE
"GENE1829","GENE1829_HUMAN","P91162","Protein GENE1829",2.674,0.002803,0.001671,2.4835,2.777,4,2,FALSE,FALSE,TRUE
"GENE2896","GENE2896_HUMAN","P95922","Protein GENE2896",-0.018,0.44991,0.105496,0.4979,0.9768,2,2,FALSE,FALSE,FALSE
"GENE2311","GENE2311_HUMAN","P13721","Protein GENE2311",0.1269,0.744197,0.263925,0,0.5785,6,6,FALSE,FALSE,FALSE
"GENE1777","GENE1777_HUMAN","P09066","Protein GENE1777",-0.4466,0.290221,0.209545,0,0.6787,4,6,FALSE,TRUE,FALSE
"GENE0497","GENE0497_HUMAN","P56891","Protein GENE0497",0.3594,1,0.575728,0,0.2398,2,5,FALSE,FALSE,FALSE
"GENE0947","GENE0947_HUMAN","P63514","Protein GENE0947",-0.8733,0.820052,0.500946,0,0.3002,4,6,FALSE,FALSE,FALSE
"GENE0973","GENE0973_HUMAN","P63898","Protein GENE0973",0.2399,1,0.99163,0,0.0037,4,4,FALSE,FALSE,FALSE
"GENE1846","GENE1846_HUMAN","P00275","Protein GENE1846",0.0555,1,0.54012,0,0.2675,5,5,FALSE,FALSE,FALSE
"GENE1595","GENE1595_HUMAN","P30625","Protein GENE1595",0.2728,0.617427,0.431679,0,0.3648,6,4,FALSE,FALSE,FALSE
"GENE2283","GENE2283_HUMAN","P99499","Protein GENE2283",3.1942,0.171629,0.042134,0.9011,1.3754,3,2,FALSE,FALSE,TRUE
"GENE2653","GENE2653_HUMAN","P05853","Protein GENE2653",-0.0934,1,0.994472,0,0.0024,2,2,FALSE,FALSE,FALSE
"GENE1384","GENE1384_HUMAN","P75175","Protein GENE1384",0.3778,0.568575,0.250209,0.0132,0.6017,3,5,FALSE,FALSE,FALSE
"GENE2826","GENE2826_HUMAN","P01161","Protein GENE2826",0.0487,1,0.895675,0,0.0478,3,2,TRUE,FALSE,FALSE
"GENE2639","GENE2639_HUMAN","P39904","Protein GENE2639",0.7764,1,0.858788,0,0.0661,5,4,FALSE,FALSE,FALSE
"GENE0555","GENE0555_HUMAN","P78451","Protein GENE0555",0.3001,0.401654,0.100916,0.3548,0.996,5,4,FALSE,TRUE,FALSE
"GENE1307","GENE1307_HUMAN","P11529","Protein GENE1307",0.302,1,0.547129,0,0.2619,6,6,FALSE,FALSE,FALSE
"GENE1796","GENE1796_HUMAN","P19023","Protein GENE1796",0.0126,0.639211,0.257079,0.3628,0.5899,6,4,FALSE,FALSE,FALSE
"GENE0066","GENE0066_HUMAN","P30922","Protein GENE0066",0.521,0.47646,0.441117,0.0014,0.3554,2,4,FALSE,FALSE,FALSE
"GENE0226","GENE0226_HUMAN","P35209","Protein GENE0226",-3.9781,0.065773,0.020358,1.316,1.6913,4,4,TRUE,FALSE,TRUE
"GENE1298","GENE1298_HUMAN","P41730","Protein GENE1298",0.4835,1,0.977209,0,0.01,5,6,FALSE,TRUE,FALSE
"MED15","MED15_HUMAN","P21987","Protein MED15",2.4759,0.030413,0.010737,1.3428,1.9691,6,6,FALSE,FALSE,TRUE
"GENE1814","GENE1814_HUMAN","P79849","Protein GENE1814",-2.7581,0.086363,0.019261,1.0407,1.7153,3,6,FALSE,FALSE,TRUE
"GENE0612","GENE0612_HUMAN","P04126","Protein GENE0612",0.0981,0.412332,0.1229,0.2488,0.9104,5,2,TRUE,FALSE,FALSE
"GENE1039","GENE1039_HUMAN","P92172","Protein GENE1039",-0.5274,1,0.293983,0,0.5317,2,6,FALSE,FALSE,FALSE
"GENE1322","GENE1322_HUMAN","P10700","Protein GENE1322",0.6846,1,0.937678,0,0.0279,5,2,FALSE,FALSE,FALSE
"GENE2061","GENE2061_HUMAN","P81872","Protein GENE2061",-0.3673,1,0.275952,0.2152,0.5592,3,5,FALSE,FALSE,FALSE
"GENE0962","GENE0962_HUMAN","P46892","Protein GENE0962",0.0653,0.555116,0.466556,0.2519,0.3311,5,2,FALSE,FALSE,FALSE
"GENE2846","GENE2846_HUMAN","P01854","Protein GENE2846",0.2462,1,0.955306,0,0.0199,6,4,FALSE,FALSE,FALSE
"GENE2383","GENE2383_HUMAN","P85081","Protein GENE2383",0.1525,1,0.858572,0,0.0662,4,3,TRUE,FALSE,FALSE
"GENE2738","GENE2738_HUMAN","P41071","Protein GENE2738",-0.1117,0.709926,0.367095,0.144,0.4352,5,5,FALSE,FALSE,FALSE
"GENE1605","GENE1605_HUMAN","P23544","Protein GENE1605",0.5734,0.195923,0.040982,0.8169,1.3874,5,6,FALSE,FALSE,TRUE
"GENE1064","GENE1064_HUMAN","P72807","Protein GENE1064",-2.5659,0.020585,0.00591,2.206,2.2284,3,5,FALSE,FALSE,TRUE
"GENE0237","GENE0237_HUMAN","P95072","Protein GENE0237",3.0037,0.121114,0.047197,0.7807,1.3261,5,6,FALSE,FALSE,TRUE
"GENE2832","GENE2832_HUMAN","P74961","Protein GENE2832",-0.0403,1,0.532877,0.0521,0.2734,4,3,FALSE,FALSE,FALSE
"GENE1196","GENE1196_HUMAN","P27107","Protein GENE1196",0.5873,1,0.539229,0,0.2682,3,4,FALSE,FALSE,FALSE
"GENE0236","GENE0236_HUMAN","P47073","Protein GENE0236",-0.1564,1,0.913936,0,0.0391,6,2,FALSE,FALSE,FALSE
"GENE0290","GENE0290_HUMAN","P39023","Protein GENE0290",3.6172,0.126875,0.02707,0.8846,1.5675,3,2,FALSE,TRUE,TRUE
"ASCC1","ASCC1_HUMAN","P69750","Protein ASCC1",3.5163,0.140649,0.032827,0.785,1.4838,4,5,FALSE,FALSE,TRUE
"GENE2050","GENE2050_HUMAN","P44791","Protein GENE2050",0.0775,1,0.790519,0,0.1021,2,4,FALSE,FALSE,FALSE
"GENE0230","GENE0230_HUMAN","P52675","Protein GENE0230",0.5001,0.969286,0.600026,0,0.2218,6,3,FALSE,FALSE,FALSE
"GENE0117","GENE0117_HUMAN","P79723","Protein GENE0117",-0.2051,1,0.618195,0,0.2089,2,4,FALSE,FALSE,FALSE
"GENE2599","GENE2599_HUMAN","P54766","Protein GENE2599",0.0929,1,0.423149,0,0.3735,6,5,FALSE,FALSE,FALSE
"GENE2733","GENE2733_HUMAN","P54221","Protein GENE2733",1.0718,0.182787,0.037172,1.3944,1.4298,6,2,FALSE,FALSE,TRUE
"GENE2876","GENE2876_HUMAN","P59388","Protein GENE2876",-0.3001,0.809574,0.199791,0.3828,0.6994,4,6,TRUE,FALSE,FALSE
"GENE1012","GENE1012_HUMAN","P57173","Protein GENE1012",2.7812,0.078041,0.04313,0.8642,1.3652,6,6,FALSE,FALSE,TRUE
"GENE1672","GENE1672_HUMAN","P09656","Protein GENE1672",2.2665,0.119574,0.02668,1.1097,1.5738,4,5,FALSE,FALSE,TRUE
"GENE0470","GENE0470_HUMAN","P96025","Protein GENE0470",-0.2801,1,0.550632,0.2305,0.2591,3,2,FALSE,FALSE,FALSE
"GENE2794","GENE2794_HUMAN","P01659","Protein GENE2794",-0.288,0.735266,0.229685,0.32,0.6389,5,5,FALSE,FALSE,FALSE
"GENE2313","GENE2313_HUMAN","P07260","Protein GENE2313",-0.6961,1,0.803039,0,0.0953,6,3,FALSE,TRUE,FALSE
"GENE0417","GENE0417_HUMAN","P70002","Protein GENE0417",-0.8755,0.499213,0.101813,0.2966,0.9922,5,5,FALSE,FALSE,FALSE
"GENE1117","GENE1117_HUMAN","P74226","Protein GENE1117",0.321,1,0.621225,0,0.2068,4,2,FALSE,FALSE,FALSE
"GENE2378","GENE2378_HUMAN","P28638","Protein GENE2378",-0.1946,1,0.783604,0,0.1059,3,4,FALSE,FALSE,FALSE
"GENE1806","GENE1806_HUMAN","P94435","Protein GENE1806",-0.0597,0.528799,0.275319,0,0.5602,6,6,FALSE,FALSE,FALSE
"GENE0441","GENE0441_HUMAN","P21934","Protein GENE0441",0.5432,1,0.690317,0,0.161,5,4,FALSE,FALSE,FALSE
"GENE1457","GENE1457_HUMAN","P79004","Protein GENE1457",-0.424,1,0.976197,0,0.0105,2,3,FALSE,FALSE,FALSE
"GENE2395","GENE2395_HUMAN","P58424","Protein GENE2395",-0.363,1,0.793995,0,0.1002,3,2,FALSE,FALSE,FALSE
"GENE2571","GENE2571_HUMAN","P27708","Protein GENE2571",0.0454,1,0.731995,0,0.1355,3,3,TRUE,FALSE,FALSE
"GENE0194","GENE0194_HUMAN","P88764","Protein GENE0194",-0.5176,1,0.423663,0,0.373,4,6,FALSE,FALSE,FALSE
"GENE0160","GENE0160_HUMAN","P37055","Protein GENE0160",0.5151,0.896092,0.331004,0.0055,0.4802,4,2,TRUE,TRUE,FALSE
"GENE2627","GENE2627_HUMAN","P66282","Protein GENE2627",0.0466,0.567556,0.273942,0,0.5623,4,2,FALSE,FALSE,FALSE
"GENE2224","GENE2224_HUMAN","P26562","Protein GENE2224",-1.0963,0.002042,0.00107,2.6721,2.9705,4,5,FALSE,FALSE,TRUE
"GENE1439","GENE1439_HUMAN","P24093","Protein GENE1439",0.4767,1,0.390726,0.1729,0.4081,5,5,TRUE,FALSE,FALSE
"GENE2138","GENE2138_HUMAN","P38446","Protein GENE2138",-0.0657,1,0.571597,0,0.2429,3,3,FALSE,FALSE,FALSE
"GPKOW","GPKOW_HUMAN","P05502","Protein GPKOW",-0.5297,0.813769,0.213571,0,0.6705,4,5,FALSE,FALSE,FALSE
"GENE0148","GENE0148_HUMAN","P80847","Protein GENE0148",-0.1733,1,0.476304,0.1212,0.3221,3,4,FALSE,FALSE,FALSE
"GENE2133","GENE2133_HUMAN","P19418","Protein GENE2133",-0.7021,0.07121,0.029898,0.8507,1.5244,3,3,FALSE,FALSE,TRUE
"GENE1015","GENE1015_HUMAN","P92810","Protein GENE1015",0.2515,0.62039,0.326817,0,0.4857,4,3,FALSE,TRUE,FALSE
"GENE1368","GENE1368_HUMAN","P56861","Protein GENE1368",-1.4225,0.103518,0.031312,0.8228,1.5043,3,2,FALSE,FALSE,TRUE
"GENE1043","GENE1043_HUMAN","P13489","Protein GENE1043",1.1115,0.050195,0.010493,1.8404,1.9791,6,4,FALSE,FALSE,TRUE
"GENE2853","GENE2853_HUMAN","P33843","Protein GENE2853",-0.2164,1,0.936014,0,0.0287,4,4,TRUE,FALSE,FALSE
"GENE1840","GENE1840_HUMAN","P41556","Protein GENE1840",4.0505,0.117707,0.035692,0.8501,1.4474,2,5,FALSE,FALSE,TRUE
"GENE2357","GENE2357_HUMAN","P32748","Protein GENE2357",-0.239,1,0.910776,0,0.0406,2,3,FALSE,FALSE,FALSE
"GENE2004","GENE2004_HUMAN","P70680","Protein GENE2004",-0.8027,1,0.437319,0,0.3592,2,6,FALSE,FALSE,FALSE
"GENE2339","GENE2339_HUMAN","P94802","Protein GENE2339",0.1611,1,0.457047,0.2855,0.34,3,3,TRUE,FALSE,FALSE
"GENE2425","GENE2425_HUMAN","P10593","Protein GENE2425",3.0117,0.163046,0.03441,1.1942,1.4633,5,2,TRUE,FALSE,TRUE
"GENE1054","GENE1054_HUMAN","P50235","Protein GENE1054",0.2476,0.28954,0.083518,0.6061,1.0782,2,3,FALSE,FALSE,FALSE
"GENE0627","GENE0627_HUMAN","P52265","Protein GENE0627",1.765,0.042181,0.016363,1.4679,1.7861,5,4,TRUE,FALSE,TRUE
"GENE1899","GENE1899_HUMAN","P92492","Protein GENE1899",-3.8698,0.169782,0.048272,0.8737,1.3163,3,6,FALSE,TRUE,TRUE
"GENE2441","GENE2441_HUMAN","P67105","Protein GENE2441",0.2534,1,0.981193,0,0.0082,2,2,FALSE,FALSE,FALSE
"GENE0486","GENE0486_HUMAN","P32703","Protein GENE0486",-0.0974,0.191598,0.079574,0.7566,1.0992,6,4,FALSE,FALSE,FALSE
"GENE2157","GENE2157_HUMAN","P05705","Protein GENE2157",0.1943,1,0.83631,0,0.0776,5,5,FALSE,FALSE,FALSE
"GENE1485","GENE1485_HUMAN","P04133","Protein GENE1485",-0.0372,1,0.818699,0,0.0869,5,2,FALSE,FALSE,FALSE
"GENE2103","GENE2103_HUMAN","P20887","Protein GENE2103",-0.0262,1,0.635023,0,0.1972,2,4,FALSE,FALSE,FALSE
"GENE0046","GENE0046_HUMAN","P38729","Protein GENE0046",0.1731,1,0.952527,0,0.0211,4,5,FALSE,FALSE,FALSE
"GENE2624","GENE2624_HUMAN","P13950","Protein GENE2624",-1.9499,0.068911,0.015444,1.6211,1.8112,2,4,FALSE,FALSE,TRUE
"GENE2264","GENE2264_HUMAN","P72276","Protein GENE2264",-0.2145,1,0.928376,0,0.0323,6,6,FALSE,FALSE,FALSE
"GENE0621","GENE0621_HUMAN","P32490","Protein GENE0621",1.495,0.157734,0.043387,0.704,1.3626,6,2,FALSE,FALSE,TRUE
"GENE2206","GENE2206_HUMAN","P36028","Protein GENE2206",-0.5943,1,0.826376,0,0.0828,6,2,FALSE,FALSE,FALSE
"GENE2076","GENE2076_HUMAN","P65503","Protein GENE2076",0.2565,0.885416,0.402609,9e-04,0.3951,4,2,FALSE,FALSE,FALSE
"GENE2423","GENE2423_HUMAN","P11781","Protein GENE2423",0.306,1,0.878033,0,0.0565,5,4,FALSE,FALSE,FALSE
"GENE2787","GENE2787_HUMAN","P21730","Protein GENE2787",0.2194,1,0.937506,0,0.028,6,3,FALSE,FALSE,FALSE
"DHX29","DHX29_HUMAN","P75735","Protein DHX29",-2.1315,0.068098,0.028972,0.8478,1.538,4,3,FALSE,FALSE,TRUE
"GENE2439","GENE2439_HUMAN","P94124","Protein GENE2439",0.2778,0.258287,0.061265,0.5722,1.2128,4,6,FALSE,FALSE,FALSE
"GENE1075","GENE1075_HUMAN","P62680","Protein GENE1075",0.103,1,0.719567,0,0.1429,5,4,FALSE,FALSE,FALSE
"NCOA2","NCOA2_HUMAN","P19850","Protein NCOA2",1.3292,0.064725,0.020483,1.3748,1.6886,3,6,FALSE,FALSE,TRUE
"GENE0541","GENE0541_HUMAN","P61417","Protein GENE0541",-0.0914,1,0.491532,0,0.3084,4,4,FALSE,FALSE,FALSE
"GENE1205","GENE1205_HUMAN","P01041","Protein GENE1205",0.3506,0.977801,0.231117,0.1813,0.6362,6,6,FALSE,FALSE,FALSE
"GENE0437","GENE0437_HUMAN","P38642","Protein GENE0437",-0.8286,1,0.227264,0.1164,0.6435,2,4,FALSE,FALSE,FALSE
"GENE0881","GENE0881_HUMAN","P51871","Protein GENE0881",-2.2708,0.207581,0.045695,0.7834,1.3401,6,3,TRUE,FALSE,TRUE
"GENE2466","GENE2466_HUMAN","P54289","Protein GENE2466",1.0556,1,0.742681,0.0696,0.1292,6,2,TRUE,FALSE,FALSE
"GENE2393","GENE2393_HUMAN","P90963","Protein GENE2393",0.7442,0.00064,0.000141,3.4936,3.85,6,6,FALSE,FALSE,TRUE
"GENE0271","GENE0271_HUMAN","P48030","Protein GENE0271",0.2295,0.530887,0.318952,0.4293,0.4963,3,5,TRUE,FALSE,FALSE
"GENE0794","GENE0794_HUMAN","P65202","Protein GENE0794",-0.024,1,0.713733,0,0.1465,3,4,FALSE,FALSE,FALSE
"GENE1606","GENE1606_HUMAN","P30450","Protein GENE1606",0.714,1,0.552952,0,0.2573,3,3,FALSE,FALSE,FALSE
"GENE2465","GENE2465_HUMAN","P25045","Protein GENE2465",3.9194,0.000513,0.000119,3.7426,3.9231,5,5,FALSE,FALSE,TRUE
"NCOA1","NCOA1_HUMAN","P96274","Protein NCOA1",2.0497,0.01859,0.007595,1.6525,2.1194,4,2,FALSE,FALSE,TRUE
"GENE2810","GENE2810_HUMAN","P99026","Protein GENE2810",-0.0193,0.826272,0.729973,0,0.1367,6,5,TRUE,FALSE,FALSE
"GENE1769","GENE1769_HUMAN","P55893","Protein GENE1769",-0.2007,0.546977,0.204403,0.1721,0.6895,3,5,FALSE,FALSE,FALSE
"GENE1955","GENE1955_HUMAN","P65773","Protein GENE1955",0.3211,0.128832,0.07555,0.4318,1.1218,5,4,FALSE,FALSE,FALSE
"GENE2128","GENE2128_HUMAN","P30248","Protein GENE2128",3.528,0.130052,0.04512,0.7417,1.3456,2,6,FALSE,TRUE,TRUE
"GENE1641","GENE1641_HUMAN","P96901","Protein GENE1641",0.4907,0.11661,0.099953,0.8982,1.0002,6,4,FALSE,FALSE,FALSE
"GENE1404","GENE1404_HUMAN","P14915","Protein GENE1404",-0.1579,1,0.401712,0,0.3961,3,5,FALSE,FALSE,FALSE
"GENE1398","GENE1398_HUMAN","P49191","Protein GENE1398",0.3113,1,0.690462,0,0.1609,4,4,FALSE,FALSE,FALSE
"GENE0127","GENE0127_HUMAN","P69681","Protein GENE0127",-0.2455,1,0.942385,0,0.0258,2,5,FALSE,FALSE,FALSE
"GENE0248","GENE0248_HUMAN","P45831","Protein GENE0248",-0.0107,1,0.851494,0.0229,0.0698,6,2,FALSE,TRUE,FALSE
"GENE0041","GENE0041_HUMAN","P59591","Protein GENE0041",-4.339,0.134804,0.041952,0.8758,1.3772,4,6,FALSE,FALSE,TRUE
"GENE1740","GENE1740_HUMAN","P32667","Protein GENE1740",-0.1299,1,0.479743,0,0.319,6,3,FALSE,FALSE,FALSE
"GENE1653","GENE1653_HUMAN","P63577","Protein GENE1653",-0.0686,0.441395,0.370107,0.3252,0.4317,5,5,FALSE,FALSE,FALSE
"GENE0368","GENE0368_HUMAN","P54807","Protein GENE0368",1.396,0.188103,0.046641,0.9329,1.3312,5,5,FALSE,FALSE,TRUE
"GENE2332","GENE2332_HUMAN","P85921","Protein GENE2332",0.0385,1,0.47767,0,0.3209,6,4,FALSE,FALSE,FALSE
"GENE1669","GENE1669_HUMAN","P78338","Protein GENE1669",-0.7728,1,0.58086,0,0.2359,2,2,FALSE,FALSE,FALSE
"GENE2815","GENE2815_HUMAN","P65495","Protein GENE2815",0.0607,1,0.572411,0,0.2423,2,2,FALSE,FALSE,FALSE
"GENE2036","GENE2036_HUMAN","P81825","Protein GENE2036",0.1539,1,0.938119,0,0.0277,2,2,FALSE,FALSE,FALSE
"GENE1813","GENE1813_HUMAN","P05745","Protein GENE1813",0.4399,1,0.660103,0,0.1804,6,6,FALSE,FALSE,FALSE
"GENE2670","GENE2670_HUMAN","P86487","Protein GENE2670",-0.7465,1,0.846472,0,0.0724,4,3,TRUE,FALSE,FALSE
"GENE1532","GENE1532_HUMAN","P42800","Protein GENE1532",-0.2294,1,0.872429,0,0.0593,4,2,FALSE,TRUE,FALSE
"GENE1063","GENE1063_HUMAN","P47035","Protein GENE1063",0.0324,1,0.623641,0,0.2051,3,2,FALSE,FALSE,FALSE
"GENE0240","GENE0240_HUMAN","P33732","Protein GENE0240",-0.3769,1,0.554913,0,0.2558,5,4,FALSE,TRUE,FALSE
"GENE1646","GENE1646_HUMAN","P76608","Protein GENE1646",0.0858,0.530518,0.127013,0.4454,0.8962,6,4,FALSE,FALSE,FALSE
"GENE1631","GENE1631_HUMAN","P60384","Protein GENE1631",-0.0972,0.706933,0.258907,0.0296,0.5869,5,4,FALSE,FALSE,FALSE
"GENE2550","GENE2550_HUMAN","P25048","Protein GENE2550",-0.4435,0.168302,0.124866,0.4773,0.9036,3,2,FALSE,FALSE,FALSE
"GENE2398","GENE2398_HUMAN","P38182","Protein GENE2398",-0.0295,1,0.818992,0,0.0867,4,2,TRUE,FALSE,FALSE
"GENE1730","GENE1730_HUMAN","P27986","Protein GENE1730",-0.3683,1,0.387037,0.2619,0.4122,5,6,FALSE,FALSE,FALSE
"GENE0075","GENE0075_HUMAN","P65517","Protein GENE0075",-0.2171,1,0.339433,0.4394,0.4692,2,4,FALSE,FALSE,FALSE
"GENE2077","GENE2077_HUMAN","P38610","Protein GENE2077",-0.4128,1,0.572592,0.2304,0.2422,3,2,FALSE,FALSE,FALSE
"GENE0132","GENE0132_HUMAN","P11515","Protein GENE0132",-0.1972,1,0.874894,0,0.058,6,2,FALSE,FALSE,FALSE
"GENE2426","GENE2426_HUMAN","P89386","Protein GENE2426",-0.1923,1,0.270628,0.1948,0.5676,4,3,FALSE,FALSE,FALSE
"GENE0641","GENE0641_HUMAN","P66177","Protein GENE0641",0.3212,0.207478,0.116132,0.7829,0.935,2,2,FALSE,FALSE,FALSE
"GENE1928","GENE1928_HUMAN","P13221","Protein GENE1928",0.2234,0.581772,0.472441,0,0.3257,6,4,FALSE,FALSE,FALSE
"GENE2326","GENE2326_HUMAN","P42162","Protein GENE2326",0.3984,0.654987,0.240532,0,0.6188,2,2,FALSE,FALSE,FALSE
"GENE0503","GENE0503_HUMAN","P76438","Protein GENE0503",-0.001,1,0.454286,0,0.3427,2,6,FALSE,FALSE,FALSE
"GENE0089","GENE0089_HUMAN","P51884","Protein GENE0089",0.3733,0.466105,0.252201,0.2486,0.5983,5,5,FALSE,FALSE,FALSE
"GENE1642","GENE1642_HUMAN","P00370","Protein GENE1642",1.8717,0.011427,0.002718,2.1871,2.5658,6,6,TRUE,FALSE,TRUE
"GENE2194","GENE2194_HUMAN","P68860","Protein GENE2194",-0.4737,1,0.910091,0,0.0409,4,6,FALSE,FALSE,FALSE
"GENE1003","GENE1003_HUMAN","P90832","Protein GENE1003",1.9741,0.144339,0.030474,1.3875,1.5161,4,6,FALSE,FALSE,TRUE
"GENE0569","GENE0569_HUMAN","P21969","Protein GENE0569",-0.2284,0.85672,0.334074,0.0742,0.4762,4,3,FALSE,TRUE,FALSE
"GENE0260","GENE0260_HUMAN","P88228","Protein GENE0260",4.0933,0.079983,0.029393,0.847,1.5318,5,5,FALSE,FALSE,TRUE
"GENE2814","GENE2814_HUMAN","P01225","Protein GENE2814",2.9151,0.041963,0.016785,1.4826,1.7751,5,3,TRUE,FALSE,TRUE
"GENE1072","GENE1072_HUMAN","P83077","Protein GENE1072",0.1059,0.30029,0.069455,0.7944,1.1583,3,2,FALSE,FALSE,FALSE
"GENE1793","GENE1793_HUMAN","P75142","Protein GENE1793",-0.4161,0.761665,0.224014,0.4333,0.6497,2,3,FALSE,FALSE,FALSE
"GENE2095","GENE2095_HUMAN","P76720","Protein GENE2095",0.0253,1,0.410043,0,0.3872,4,4,FALSE,FALSE,FALSE
"GENE0791","GENE0791_HUMAN","P38802","Protein GENE0791",0.1038,1,0.577114,0,0.2387,4,2,FALSE,FALSE,FALSE
"GENE1108","GENE1108_HUMAN","P45977","Protein GENE1108",1.5822,0.117303,0.026706,1.0377,1.5734,5,4,FALSE,FALSE,TRUE
"GENE2605","GENE2605_HUMAN","P65468","Protein GENE2605",0.2208,0.349451,0.103041,0.4345,0.987,3,2,FALSE,FALSE,FALSE
"GENE2717","GENE2717_HUMAN","P86130","Protein GENE2717",0.2661,1,0.562156,0,0.2501,5,5,FALSE,FALSE,FALSE
"GENE2278","GENE2278_HUMAN","P63745","Protein GENE2278",-3.8296,0.056967,0.016122,1.2086,1.7926,2,4,FALSE,FALSE,TRUE
"GENE2766","GENE2766_HUMAN","P00049","Protein GENE2766",-0.6407,0.984791,0.384615,0,0.415,2,3,FALSE,FALSE,FALSE
"GENE0861","GENE0861_HUMAN","P43557","Protein GENE0861",0.0878,0.459153,0.112035,0.263,0.9506,6,3,FALSE,FALSE,FALSE
"GENE0171","GENE0171_HUMAN","P26885","Protein GENE0171",-0.0919,1,0.79651,0,0.0988,2,2,FALSE,FALSE,FALSE
"GENE1102","GENE1102_HUMAN","P72112","Protein GENE1102",-0.4013,0.158616,0.071599,0.7278,1.1451,6,6,FALSE,FALSE,FALSE
"GENE1540","GENE1540_HUMAN","P38677","Protein GENE1540",-3.9063,0.215982,0.047796,0.9381,1.3206,3,3,FALSE,FALSE,TRUE
"GENE1285","GENE1285_HUMAN","P18072","Protein GENE1285",-0.327,0.673976,0.446455,0.0187,0.3502,6,6,FALSE,FALSE,FALSE
"GENE1447","GENE1447_HUMAN","P27108","Protein GENE1447",1.3332,0.023155,0.009823,1.4363,2.0078,6,5,TRUE,FALSE,TRUE
"GENE1907","GENE1907_HUMAN","P08298","Protein GENE1907",2.6888,0.020825,0.018879,1.0887,1.724,4,2,TRUE,FALSE,TRUE
"GENE2691","GENE2691_HUMAN","P50142","Protein GENE2691",0.0995,1,0.670967,0,0.1733,4,6,FALSE,FALSE,FALSE
"GENE1299","GENE1299_HUMAN","P54947","Protein GENE1299",0.0682,1,0.471443,0.3113,0.3266,5,6,FALSE,TRUE,FALSE
"GENE0044","GENE0044_HUMAN","P12479","Protein GENE0044",-0.2907,1,0.409726,0.0246,0.3875,4,5,TRUE,FALSE,FALSE
"GENE0792","GENE0792_HUMAN","P52097","Protein GENE0792",0.7815,0.065356,0.016902,1.1253,1.7721,6,3,TRUE,FALSE,TRUE
"GENE0802","GENE0802_HUMAN","P52332","Protein GENE0802",0.29,1,0.413689,0.0985,0.3833,5,3,FALSE,FALSE,FALSE
"GENE2410","GENE2410_HUMAN","P25711","Protein GENE2410",3.1788,0.058747,0.033082,0.838,1.4804,4,2,TRUE,FALSE,TRUE
"GENE0880","GENE0880_HUMAN","P40543","Protein GENE0880",-0.3535,1,0.602031,0,0.2204,4,6,FALSE,FALSE,FALSE
"GENE2478","GENE2478_HUMAN","P88287","Protein GENE2478",0.0597,0.899623,0.269196,0.3817,0.5699,6,2,FALSE,FALSE,FALSE
"GENE0796","GENE0796_HUMAN","P87362","Protein GENE0796",2.0221,0.159973,0.032069,1.4753,1.4939,2,5,FALSE,FALSE,TRUE
"GENE1147","GENE1147_HUMAN","P67986","Protein GENE1147",2.3526,0.174218,0.047214,0.7728,1.3259,3,4,FALSE,FALSE,TRUE
"GENE0396","GENE0396_HUMAN","P29727","Protein GENE0396",0.4386,1,0.934178,0,0.0296,5,4,FALSE,TRUE,FALSE
"GENE2618","GENE2618_HUMAN","P43142","Protein GENE2618",0.3552,1,0.927223,0,0.0328,3,4,FALSE,TRUE,FALSE
"GENE1546","GENE1546_HUMAN","P86422","Protein GENE1546",-0.0643,1,0.423824,0,0.3728,5,3,FALSE,FALSE,FALSE
"GENE1981","GENE1981_HUMAN","P52077","Protein GENE1981",2.6636,0.017223,0.008911,1.7036,2.0501,6,2,FALSE,FALSE,TRUE
"GENE2782","GENE2782_HUMAN","P61935","Protein GENE2782",-0.1323,1,0.438589,0.1892,0.3579,6,5,FALSE,FALSE,FALSE
"GENE1138","GENE1138_HUMAN","P30898","Protein GENE1138",0.1522,1,0.901878,0,0.0449,5,5,FALSE,FALSE,FALSE
"GENE0198","GENE0198_HUMAN","P11532","Protein GENE0198",0.2346,1,0.389958,0,0.409,4,3,FALSE,FALSE,FALSE
"GENE2473","GENE2473_HUMAN","P52454","Protein GENE2473",0.1816,1,0.863367,0,0.0638,5,2,TRUE,FALSE,FALSE
"GENE0306","GENE0306_HUMAN","P50084","Protein GENE0306",-0.0232,0.725152,0.546177,0,0.2627,2,3,FALSE,FALSE,FALSE
"GENE1567","GENE1567_HUMAN","P41556","Protein GENE1567",-0.018,1,0.530821,0,0.2751,5,3,FALSE,FALSE,FALSE
"GENE0917","GENE0917_HUMAN","P10775","Protein GENE0917",0.7715,0.140811,0.03409,0.834,1.4674,5,4,FALSE,FALSE,TRUE
"GENE2610","GENE2610_HUMAN","P19550","Protein GENE2610",-0.0496,0.842566,0.492139,0,0.3079,5,2,FALSE,FALSE,FALSE
"GENE1695","GENE1695_HUMAN","P22550","Protein GENE1695",0.4409,0.522132,0.280349,0.3407,0.5523,5,6,FALSE,FALSE,FALSE
"GENE1494","GENE1494_HUMAN","P23713","Protein GENE1494",0.401,1,0.765302,0,0.1162,3,2,FALSE,FALSE,FALSE
"GENE2882","GENE2882_HUMAN","P09843","Protein GENE2882",3.4686,0.21741,0.04456,0.7177,1.3511,5,3,FALSE,TRUE,TRUE
"GENE0741","GENE0741_HUMAN","P31911","Protein GENE0741",-0.3666,1,0.761062,0,0.1186,6,6,FALSE,FALSE,FALSE
"GENE0728","GENE0728_HUMAN","P23820","Protein GENE0728",-0.4295,1,0.995782,0,0.0018,5,4,FALSE,FALSE,FALSE
"GENE0121","GENE0121_HUMAN","P87188","Protein GENE0121",-4.0561,0.027735,0.019776,1.3567,1.7039,5,3,FALSE,FALSE,TRUE
"GENE2711","GENE2711_HUMAN","P94714","Protein GENE2711",-0.1834,1,0.588222,0,0.2305,5,5,FALSE,TRUE,FALSE
"GENE0040","GENE0040_HUMAN","P87394","Protein GENE0040",1.1545,0.044869,0.009641,1.3297,2.0159,4,6,FALSE,FALSE,TRUE
"GENE0688","GENE0688_HUMAN","P62065","Protein GENE0688",-3.2017,0.036235,0.035425,0.7678,1.4507,2,4,FALSE,FALSE,TRUE
"GENE0970","GENE0970_HUMAN","P92004","Protein GENE0970",4.3747,0.184222,0.040909,0.704,1.3882,3,4,FALSE,FALSE,TRUE
"GENE0888","GENE0888_HUMAN","P66401","Protein GENE0888",0.0747,1,0.821966,0,0.0851,6,3,FALSE,FALSE,FALSE
"GENE0062","GENE0062_HUMAN","P42782","Protein GENE0062",0.0741,1,0.901194,0,0.0452,3,2,TRUE,FALSE,FALSE
"GENE1317","GENE1317_HUMAN","P74964","Protein GENE1317",-0.5506,0.515345,0.459113,0,0.3381,4,5,FALSE,FALSE,FALSE
"GENE1023","GENE1023_HUMAN","P91069","Protein GENE1023",0.5415,1,0.810232,0,0.0914,4,3,FALSE,FALSE,FALSE
"GENE2367","GENE2367_HUMAN","P44399","Protein GENE2367",0.8955,0.606752,0.252234,0.0431,0.5982,6,6,FALSE,TRUE,FALSE
"GENE1713","GENE1713_HUMAN","P38800","Protein GENE1713",2.6579,0.007979,0.006546,2.0323,2.184,4,4,FALSE,FALSE,TRUE
"GENE2427","GENE2427_HUMAN","P97357","Protein GENE2427",-0.1631,0.474239,0.452767,0,0.3441,2,6,TRUE,FALSE,FALSE
"GENE2613","GENE2613_HUMAN","P45217","Protein GENE2613",0.102,1,0.984664,0,0.0067,3,5,FALSE,TRUE,FALSE
"GENE0275","GENE0275_HUMAN","P80496","Protein GENE0275",-4.4434,0.001675,0.000894,2.907,3.0489,6,5,FALSE,FALSE,TRUE
"GENE1139","GENE1139_HUMAN","P52631","Protein GENE1139",0.0943,0.152763,0.091478,0.8929,1.0387,6,2,TRUE,FALSE,FALSE
"GENE1300","GENE1300_HUMAN","P16711","Protein GENE1300",0.277,0.9117,0.253733,0,0.5956,4,2,TRUE,FALSE,FALSE
"GENE2066","GENE2066_HUMAN","P16604","Protein GENE2066",0.0575,1,0.849442,0,0.0709,4,4,FALSE,FALSE,FALSE
"GENE0841","GENE0841_HUMAN","P72972","Protein GENE0841",2.6631,0.134553,0.027679,1.0567,1.5579,4,5,FALSE,FALSE,TRUE
"GENE2308","GENE2308_HUMAN","P24198","Protein GENE2308",0.1556,1,0.864266,0,0.0634,5,2,FALSE,FALSE,FALSE
"GENE1947","GENE1947_HUMAN","P98693","Protein GENE1947",2.7045,0.144399,0.033605,1.1066,1.4736,3,2,FALSE,TRUE,TRUE
"GENE2509","GENE2509_HUMAN","P06547","Protein GENE2509",0.272,0.577259,0.227334,0.4593,0.6433,3,6,FALSE,FALSE,FALSE
"GENE1366","GENE1366_HUMAN","P10714","Protein GENE1366",-0.3634,0.987035,0.211725,0.1064,0.6742,2,5,TRUE,FALSE,FALSE
"GENE1648","GENE1648_HUMAN","P25184","Protein GENE1648",-0.0032,0.755776,0.671673,0,0.1728,5,4,FALSE,FALSE,FALSE
"GENE1112","GENE1112_HUMAN","P42521","Protein GENE1112",0.2747,1,0.469185,0,0.3287,5,5,FALSE,TRUE,FALSE
"GENE1875","GENE1875_HUMAN","P68568","Protein GENE1875",-0.0927,1,0.664825,0,0.1773,4,2,FALSE,TRUE,FALSE
"GENE0435","GENE0435_HUMAN","P13697","Protein GENE0435",-0.67,0.003523,0.001268,2.5003,2.8969,6,3,FALSE,FALSE,TRUE
"GENE2349","GENE2349_HUMAN","P85954","Protein GENE2349",0.1403,0.619237,0.469594,0,0.3283,2,6,FALSE,FALSE,FALSE
"GENE2213","GENE2213_HUMAN","P44398","Protein GENE2213",-0.108,0.535145,0.107199,0.7,0.9698,6,3,FALSE,FALSE,FALSE
"GENE2528","GENE2528_HUMAN","P17412","Protein GENE2528",-0.4052,1,0.528905,0.0993,0.2766,2,2,FALSE,FALSE,FALSE
"GENE1619","GENE1619_HUMAN","P04679","Protein GENE1619",-0.5618,1,0.718585,0.1223,0.1435,3,4,FALSE,TRUE,FALSE
"GENE2557","GENE2557_HUMAN","P36304","Protein GENE2557",0.954,0.283961,0.211306,0.2084,0.6751,4,6,FALSE,FALSE,FALSE
"GENE2120","GENE2120_HUMAN","P17155","Protein GENE2120",1.227,0.011156,0.002543,1.8969,2.5946,6,4,FALSE,FALSE,TRUE
"GENE0125","GENE0125_HUMAN","P49812","Protein GENE0125",2.5516,0.172441,0.041286,1.3424,1.3842,2,6,FALSE,FALSE,TRUE
"NEK1","NEK1_HUMAN","P75193","Protein NEK1",-0.5695,1,0.848306,0,0.0714,2,2,FALSE,FALSE,FALSE
"GENE1179","GENE1179_HUMAN","P21701","Protein GENE1179",-0.4448,1,0.487357,0,0.3122,2,3,TRUE,FALSE,FALSE
"GENE2638","GENE2638_HUMAN","P15112","Protein GENE2638",0.1693,1,0.433903,0,0.3626,3,4,FALSE,FALSE,FALSE
"GENE2545","GENE2545_HUMAN","P85076","Protein GENE2545",-0.4704,0.973082,0.23954,0.0547,0.6206,6,4,FALSE,FALSE,FALSE
"GENE0865","GENE0865_HUMAN","P90888","Protein GENE0865",-0.0052,1,0.87457,0,0.0582,6,6,FALSE,TRUE,FALSE
"GENE2085","GENE2085_HUMAN","P80406","Protein GENE2085",-0.8914,1,0.342518,0.1761,0.4653,6,3,FALSE,FALSE,FALSE
"GENE0302","GENE0302_HUMAN","P14372","Protein GENE0302",0.3041,0.571929,0.194776,0.1344,0.7105,5,3,FALSE,FALSE,FALSE
"GENE1597","GENE1597_HUMAN","P56728","Protein GENE1597",-1.5415,0.118419,0.027451,1.2761,1.5614,6,4,FALSE,FALSE,TRUE
"GENE2280","GENE2280_HUMAN","P21090","Protein GENE2280",-3.4192,0.038981,0.038072,0.7403,1.4194,3,6,FALSE,FALSE,TRUE
"GENE1363","GENE1363_HUMAN","P32350","Protein GENE1363",0.5384,0.380246,0.083249,0.5807,1.0796,3,2,FALSE,FALSE,FALSE
"GENE1024","GENE1024_HUMAN","P20345","Protein GENE1024",-2.2762,0.01557,0.003425,2.1161,2.4653,4,6,FALSE,FALSE,TRUE
"GENE1977","GENE1977_HUMAN","P45357","Protein GENE1977",0.1428,1,0.784103,0,0.1056,5,4,FALSE,FALSE,FALSE
"GENE1369","GENE1369_HUMAN","P51286","Protein GENE1369",0.0451,0.357337,0.188901,0.3959,0.7238,5,2,FALSE,FALSE,FALSE
"GENE0582","GENE0582_HUMAN","P62757","Protein GENE0582",-0.174,1,0.580864,0,0.2359,5,3,FALSE,FALSE,FALSE
"GENE1464","GENE1464_HUMAN","P88020","Protein GENE1464",-0.6862,1,0.968542,0,0.0139,3,6,FALSE,FALSE,FALSE
"GENE2858","GENE2858_HUMAN","P58354","Protein GENE2858",0.5268,0.632333,0.185541,0.7215,0.7316,3,5,TRUE,FALSE,FALSE
"GENE2862","GENE2862_HUMAN","P10923","Protein GENE2862",0.0591,1,0.938168,0,0.0277,4,2,FALSE,FALSE,FALSE
"GENE2055","GENE2055_HUMAN","P02339","Protein GENE2055",0.9343,1,0.669698,0,0.1741,2,2,FALSE,FALSE,FALSE
"GENE2434","GENE2434_HUMAN","P54356","Protein GENE2434",-0.5825,1,0.621879,0,0.2063,4,3,FALSE,FALSE,FALSE
"GENE0608","GENE0608_HUMAN","P17160","Protein GENE0608",0.3456,1,0.36802,0.4192,0.4341,6,6,FALSE,TRUE,FALSE
"GENE0287","GENE0287_HUMAN","P88540","Protein GENE0287",0.9838,0.997624,0.215495,0.1505,0.6666,4,4,FALSE,FALSE,FALSE
"GENE0339","GENE0339_HUMAN","P03563","Protein GENE0339",-0.3074,1,0.76552,0,0.116,4,2,FALSE,FALSE,FALSE
"GENE1554","GENE1554_HUMAN","P13057","Protein GENE1554",-0.1565,1,0.353847,0,0.4512,4,6,FALSE,FALSE,FALSE
"GENE0358","GENE0358_HUMAN","P08559","Protein GENE0358",1.7,0.044958,0.009455,1.4221,2.0244,3,4,FALSE,FALSE,TRUE
"GENE0914","GENE0914_HUMAN","P08006","Protein GENE0914",0.2094,1,0.808131,0,0.0925,5,6,TRUE,FALSE,FALSE
"GENE2081","GENE2081_HUMAN","P07067","Protein GENE2081",-0.0692,0.758303,0.231201,0.1084,0.636,6,5,TRUE,FALSE,FALSE
"FMR1","FMR1_HUMAN","P59733","Protein FMR1",1.0659,0.003962,0.00239,1.9523,2.6216,2,5,FALSE,FALSE,TRUE
"GENE0060","GENE0060_HUMAN","P95755","Protein GENE0060",2.5089,0.088751,0.028976,1.2023,1.538,5,5,FALSE,FALSE,TRUE
"GENE2117","GENE2117_HUMAN","P81310","Protein GENE2117",-0.123,1,0.435839,0.0458,0.3607,2,3,FALSE,FALSE,FALSE
"GENE0994","GENE0994_HUMAN","P83950","Protein GENE0994",0.4239,0.394952,0.220651,0.4334,0.6563,3,4,FALSE,FALSE,FALSE
"GENE2270","GENE2270_HUMAN","P40053","Protein GENE2270",-0.036,0.600434,0.337511,0,0.4717,5,2,FALSE,TRUE,FALSE
"GENE2511","GENE2511_HUMAN","P50999","Protein GENE2511",-0.7565,1,0.595014,0,0.2255,5,5,FALSE,FALSE,FALSE
"GENE2681","GENE2681_HUMAN","P29453","Protein GENE2681",-0.0191,0.71798,0.218157,0.1819,0.6612,5,4,FALSE,FALSE,FALSE
"GENE0712","GENE0712_HUMAN","P36660","Protein GENE0712",0.6918,0.981525,0.284128,0.3441,0.5465,3,5,FALSE,FALSE,FALSE
"GENE1106","GENE1106_HUMAN","P88546","Protein GENE1106",-3.7546,0.00197,0.000643,2.8756,3.1921,4,5,FALSE,FALSE,TRUE
"GENE1987","GENE1987_HUMAN","P50746","Protein GENE1987",-0.1025,0.737952,0.215987,0.5118,0.6656,4,3,FALSE,TRUE,FALSE
"GENE2696","GENE2696_HUMAN","P26344","Protein GENE2696",0.7692,0.713103,0.502146,0,0.2992,6,3,FALSE,FALSE,FALSE
"GENE0443","GENE0443_HUMAN","P38237","Protein GENE0443",0.5717,0.276445,0.233345,0.4487,0.632,2,6,FALSE,FALSE,FALSE
"GENE2400","GENE2400_HUMAN","P91210","Protein GENE2400",0.2375,0.822685,0.687727,0,0.1626,6,4,FALSE,FALSE,FALSE
"GENE2033","GENE2033_HUMAN","P88282","Protein GENE2033",-0.3124,0.695057,0.614389,0,0.2116,5,3,FALSE,TRUE,FALSE
"GENE2010","GENE2010_HUMAN","P87926","Protein GENE2010",0.2206,0.287476,0.162012,0.3458,0.7905,6,6,FALSE,FALSE,FALSE
"GENE0546","GENE0546_HUMAN","P03819","Protein GENE0546",-0.854,0.074109,0.02908,0.9646,1.5364,5,2,FALSE,FALSE,TRUE
"GENE1575","GENE1575_HUMAN","P34399","Protein GENE1575",-0.1304,0.838962,0.36952,0.2795,0.4324,4,5,FALSE,FALSE,FALSE
"GENE0559","GENE0559_HUMAN","P09933","Protein GENE0559",0.3643,1,0.589667,0,0.2294,5,6,TRUE,FALSE,FALSE
"GENE1238","GENE1238_HUMAN","P08570","Protein GENE1238",-0.02,1,0.595609,0,0.225,6,3,FALSE,FALSE,FALSE
"GENE0679","GENE0679_HUMAN","P92577","Protein GENE0679",-0.4931,0.588978,0.295253,0,0.5298,5,5,FALSE,FALSE,FALSE
"GENE0984","GENE0984_HUMAN","P66428","Protein GENE0984",-0.2508,0.666834,0.613557,0,0.2121,2,6,FALSE,TRUE,FALSE
"GENE0463","GENE0463_HUMAN","P96463","Protein GENE0463",0.1204,0.777352,0.265778,0.1148,0.5755,3,6,FALSE,TRUE,FALSE
"GENE2241","GENE2241_HUMAN","P63464","Protein GENE2241",0.4849,1,0.948718,0,0.0229,5,3,TRUE,FALSE,FALSE
"GENE0548","GENE0548_HUMAN","P64632","Protein GENE0548",-0.2498,0.263145,0.081356,0.7333,1.0896,3,5,FALSE,FALSE,FALSE
"GENE1198","GENE1198_HUMAN","P66971","Protein GENE1198",3.4371,0.070107,0.018235,1.0964,1.7391,3,4,FALSE,FALSE,TRUE
"GENE1127","GENE1127_HUMAN","P59057","Protein GENE1127",-0.2281,1,0.614833,0,0.2112,4,6,TRUE,FALSE,FALSE
"NEK9","NEK9_HUMAN","P27926","Protein NEK9",-1.4684,0.069093,0.021211,1.4577,1.6734,5,6,FALSE,FALSE,TRUE
"GENE0895","GENE0895_HUMAN","P93484","Protein GENE0895",-0.4134,0.923984,0.231008,0.0803,0.6364,3,5,FALSE,FALSE,FALSE
"GENE1967","GENE1967_HUMAN","P85267","Protein GENE1967",4.4578,0.071686,0.019273,1.3887,1.7151,4,6,FALSE,FALSE,TRUE
"GENE0281","GENE0281_HUMAN","P73666","Protein GENE0281",0.3296,0.45409,0.3762,0,0.4246,4,4,FALSE,FALSE,FALSE
"GENE1381","GENE1381_HUMAN","P09599","Protein GENE1381",0.4601,1,0.727577,0,0.1381,6,6,FALSE,FALSE,FALSE
"GENE2461","GENE2461_HUMAN","P68637","Protein GENE2461",1.9779,0.148384,0.038212,1.0602,1.4178,4,5,FALSE,FALSE,TRUE
"GENE1891","GENE1891_HUMAN","P84900","Protein GENE1891",-0.2446,1,0.366639,0,0.4358,3,3,TRUE,FALSE,FALSE
"GENE0091","GENE0091_HUMAN","P30954","Protein GENE0091",-0.9698,0.100672,0.020319,1.3784,1.6921,3,3,FALSE,FALSE,TRUE
"GENE1751","GENE1751_HUMAN","P73246","Protein GENE1751",-3.6769,0.041364,0.030772,1.2356,1.5118,4,2,FALSE,FALSE,TRUE
"GENE2250","GENE2250_HUMAN","P60113","Protein GENE2250",0.1341,0.657075,0.162218,0.5754,0.7899,2,4,FALSE,FALSE,FALSE
"GENE0153","GENE0153_HUMAN","P95207","Protein GENE0153",0.4669,0.40179,0.328548,0.3449,0.4834,2,3,FALSE,FALSE,FALSE
"GENE2347","GENE2347_HUMAN","P38967","Protein GENE2347",0.2829,1,0.207506,0.03,0.683,5,6,FALSE,FALSE,FALSE
"GENE2025","GENE2025_HUMAN","P39020","Protein GENE2025",0.2779,1,0.750253,0,0.1248,5,2,FALSE,FALSE,FALSE
"GENE0549","GENE0549_HUMAN","P47985","Protein GENE0549",0.0326,1,0.561178,0,0.2509,3,4,FALSE,FALSE,FALSE
"GENE2523","GENE2523_HUMAN","P05689","Protein GENE2523",0.8008,1,0.844663,0,0.0733,6,4,FALSE,TRUE,FALSE
"GENE2001","GENE2001_HUMAN","P25355","Protein GENE2001",0.1002,0.983318,0.325366,0,0.4876,3,3,FALSE,FALSE,FALSE
"GENE2236","GENE2236_HUMAN","P81409","Protein GENE2236",-0.4409,1,0.863765,0,0.0636,3,3,FALSE,FALSE,FALSE
"GENE0042","GENE0042_HUMAN","P70475","Protein GENE0042",-0.1444,0.462613,0.220015,0.619,0.6575,5,5,FALSE,TRUE,FALSE
"GENE2065","GENE2065_HUMAN","P23510","Protein GENE2065",-1.1072,1,0.512919,0.1129,0.29,2,3,FALSE,FALSE,FALSE
"GENE0959","GENE0959_HUMAN","P47741","Protein GENE0959",0.5198,0.789784,0.245689,0.493,0.6096,6,6,FALSE,FALSE,FALSE
"GENE2655","GENE2655_HUMAN","P31549","Protein GENE2655",0.2949,0.538305,0.307537,0,0.5121,5,3,FALSE,FALSE,FALSE
"GENE2231","GENE2231_HUMAN","P73716","Protein GENE2231",-0.2297,0.608711,0.368247,0,0.4339,4,3,FALSE,FALSE,FALSE
"GENE1097","GENE1097_HUMAN","P99669","Protein GENE1097",0.5059,1,0.495189,0,0.3052,5,2,FALSE,FALSE,FALSE
"GENE2897","GENE2897_HUMAN","P11272","Protein GENE2897",-1.6869,0.086294,0.045476,0.6963,1.3422,4,2,FALSE,FALSE,TRUE
"GENE0255","GENE0255_HUMAN","P28917","Protein GENE0255",0.5191,1,0.782423,0,0.1066,6,5,FALSE,FALSE,FALSE
"GENE0790","GENE0790_HUMAN","P02676","Protein GENE0790",0.7466,1,0.873921,0,0.0585,3,6,FALSE,FALSE,FALSE
"GENE0355","GENE0355_HUMAN","P04117","Protein GENE0355",3.3758,0.079707,0.017672,1.1652,1.7527,6,6,FALSE,FALSE,TRUE
"GENE0943","GENE0943_HUMAN","P15358","Protein GENE0943",0.4964,1,0.557789,0.0539,0.2535,3,6,FALSE,FALSE,FALSE
"GENE0212","GENE0212_HUMAN","P75710","Protein GENE0212",0.8148,1,0.707507,0,0.1503,4,6,FALSE,FALSE,FALSE
"GENE1487","GENE1487_HUMAN","P12822","Protein GENE1487",-0.3578,0.15585,0.135518,0.8117,0.868,3,5,FALSE,FALSE,FALSE
"GENE0433","GENE0433_HUMAN","P53966","Protein GENE0433",-0.1883,0.544736,0.294847,0,0.5304,5,6,FALSE,FALSE,FALSE
"GENE1733","GENE1733_HUMAN","P85063","Protein GENE1733",-0.3357,1,0.756395,0,0.1213,2,3,FALSE,FALSE,FALSE
"GENE1506","GENE1506_HUMAN","P75541","Protein GENE1506",0.1362,0.87015,0.286003,0.3889,0.5436,5,3,FALSE,FALSE,FALSE
"GENE2594","GENE2594_HUMAN","P59119","Protein GENE2594",-0.1694,1,0.617386,0.0937,0.2094,4,2,FALSE,FALSE,FALSE
"GENE2286","GENE2286_HUMAN","P18243","Protein GENE2286",0.4641,1,0.345177,0.258,0.462,2,6,TRUE,FALSE,FALSE
"GENE0617","GENE0617_HUMAN","P26487","Protein GENE0617",-0.2618,0.923058,0.340435,0.4045,0.468,5,3,FALSE,FALSE,FALSE
"GENE0653","GENE0653_HUMAN","P38265","Protein GENE0653",-1.4176,0.030076,0.022661,1.0832,1.6447,4,6,FALSE,FALSE,TRUE
"GENE1236","GENE1236_HUMAN","P18865","Protein GENE1236",1.8413,0.008577,0.007466,2.0259,2.1269,2,5,FALSE,FALSE,TRUE
"GENE0810","GENE0810_HUMAN","P25052","Protein GENE0810",0.2004,0.465545,0.427625,0.025,0.3689,6,4,FALSE,FALSE,FALSE
"GENE0233","GENE0233_HUMAN","P21240","Protein GENE0233",-0.4806,0.964342,0.468562,0,0.3292,6,6,FALSE,FALSE,FALSE
"GENE0316","GENE0316_HUMAN","P60026","Protein GENE0316",-0.1665,1,0.887546,0,0.0518,4,6,FALSE,FALSE,FALSE
"GENE2775","GENE2775_HUMAN","P73720","Protein GENE2775",-0.4405,1,0.865447,0,0.0628,3,3,FALSE,FALSE,FALSE
"GENE2622","GENE2622_HUMAN","P06033","Protein GENE2622",0.6103,0.611513,0.188177,0.3178,0.7254,2,5,FALSE,FALSE,FALSE
"GENE2083","GENE2083_HUMAN","P07854","Protein GENE2083",-0.248,1,0.744034,0,0.1284,3,6,FALSE,FALSE,FALSE
"GENE2230","GENE2230_HUMAN","P87003","Protein GENE2230",0.2214,0.319016,0.24909,0.0363,0.6036,5,2,FALSE,FALSE,FALSE
"GENE2632","GENE2632_HUMAN","P77691","Protein GENE2632",-0.7811,0.285767,0.282923,0.0473,0.5483,5,4,TRUE,FALSE,FALSE
"GENE0995","GENE0995_HUMAN","P03165","Protein GENE0995",0.422,1,0.752535,0,0.1235,6,2,FALSE,FALSE,FALSE
"GENE0092","GENE0092_HUMAN","P46937","Protein GENE0092",2.9055,0.130815,0.043958,0.6935,1.357,5,4,TRUE,FALSE,TRUE
"GENE1854","GENE1854_HUMAN","P40346","Protein GENE1854",0.3423,1,0.88683,0,0.0522,3,4,FALSE,FALSE,FALSE
"GENE2861","GENE2861_HUMAN","P55107","Protein GENE2861",0.1178,1,0.661046,0,0.1798,4,6,FALSE,FALSE,FALSE
"GENE0935","GENE0935_HUMAN","P48873","Protein GENE0935",0.0719,0.823502,0.180202,0.1431,0.7442,6,4,FALSE,FALSE,FALSE
"GENE0722","GENE0722_HUMAN","P88710","Protein GENE0722",3.8459,0.223243,0.046245,0.8679,1.3349,6,6,FALSE,FALSE,TRUE
"GENE0179","GENE0179_HUMAN","P62371","Protein GENE0179",-3.5115,0.11132,0.042103,1.081,1.3757,3,3,TRUE,FALSE,TRUE
"GENE1305","GENE1305_HUMAN","P71275","Protein GENE1305",-0.0544,1,0.855113,0,0.068,4,6,FALSE,FALSE,FALSE
"GENE0424","GENE0424_HUMAN","P99301","Protein GENE0424",-0.2375,1,0.758263,0,0.1202,6,6,FALSE,FALSE,FALSE
"GENE2447","GENE2447_HUMAN","P67967","Protein GENE2447",2.8838,0.027584,0.020457,1.3557,1.6891,2,6,FALSE,FALSE,TRUE
"GENE1938","GENE1938_HUMAN","P30172","Protein GENE1938",-0.1661,1,0.570111,0,0.244,2,3,FALSE,FALSE,FALSE
"GENE1421","GENE1421_HUMAN","P27022","Protein GENE1421",0.197,0.943859,0.488567,0.0951,0.3111,2,5,FALSE,FALSE,FALSE
"GENE2252","GENE2252_HUMAN","P27759","Protein GENE2252",0.5853,1,0.765547,0,0.116,6,5,FALSE,FALSE,FALSE
"GENE2020","GENE2020_HUMAN","P80559","Protein GENE2020",-0.0858,1,0.395384,0.1997,0.403,4,2,FALSE,FALSE,FALSE
"GENE0404","GENE0404_HUMAN","P59739","Protein GENE0404",0.0196,1,0.251022,0,0.6003,5,6,FALSE,FALSE,FALSE
"SUGP2","SUGP2_HUMAN","P79707","Protein SUGP2",-0.5009,0.689419,0.213106,0.2558,0.6714,5,5,FALSE,FALSE,FALSE
"GENE0447","GENE0447_HUMAN","P41139","Protein GENE0447",0.1284,1,0.779563,0,0.1081,4,2,FALSE,FALSE,FALSE
"GENE1775","GENE1775_HUMAN","P80794","Protein GENE1775",4.0187,0.046296,0.020585,1.6796,1.6865,4,2,FALSE,FALSE,TRUE
"GENE0347","GENE0347_HUMAN","P14064","Protein GENE0347",4.3847,0.012992,0.010176,1.522,1.9924,2,3,TRUE,TRUE,TRUE
"GENE2170","GENE2170_HUMAN","P34165","Protein GENE2170",3.8327,0.00645,0.006434,1.8126,2.1915,4,5,FALSE,FALSE,TRUE
"GENE1040","GENE1040_HUMAN","P37961","Protein GENE1040",-2.1259,0.127121,0.031778,1.3355,1.4979,6,4,FALSE,FALSE,TRUE
"GENE2266","GENE2266_HUMAN","P67832","Protein GENE2266",0.2169,1,0.61501,0.0347,0.2111,3,4,FALSE,TRUE,FALSE
"GENE0303","GENE0303_HUMAN","P96595","Protein GENE0303",0.0156,0.910077,0.81157,0,0.0907,3,4,FALSE,FALSE,FALSE
"GENE1609","GENE1609_HUMAN","P76581","Protein GENE1609",0.5808,1,0.942877,0,0.0255,5,6,FALSE,FALSE,FALSE
"GENE2679","GENE2679_HUMAN","P45394","Protein GENE2679",0.2097,1,0.64156,0,0.1928,6,2,FALSE,FALSE,FALSE
"GENE1085","GENE1085_HUMAN","P10762","Protein GENE1085",0.0615,0.829202,0.661815,0,0.1793,6,5,TRUE,FALSE,FALSE
"GENE0587","GENE0587_HUMAN","P47539","Protein GENE0587",0.4194,1,0.268353,0,0.5713,6,6,FALSE,FALSE,FALSE
"GENE0372","GENE0372_HUMAN","P45463","Protein GENE0372",0.0354,1,0.564162,0,0.2486,3,5,FALSE,FALSE,FALSE
"GENE1692","GENE1692_HUMAN","P06512","Protein GENE1692",0.1296,0.817388,0.493235,0,0.3069,4,3,FALSE,FALSE,FALSE
"GENE2515","GENE2515_HUMAN","P95505","Protein GENE2515",0.5133,0.02546,0.007171,1.5686,2.1444,5,4,FALSE,FALSE,TRUE
"GENE2591","GENE2591_HUMAN","P94058","Protein GENE2591",-0.0231,1,0.658124,0,0.1817,3,6,FALSE,FALSE,FALSE
"GENE0135","GENE0135_HUMAN","P22279","Protein GENE0135",0.5759,1,0.657544,0,0.1821,4,2,FALSE,FALSE,FALSE
"GENE1367","GENE1367_HUMAN","P31943","Protein GENE1367",-0.0546,1,0.710896,0,0.1482,2,3,FALSE,FALSE,FALSE
"GENE1327","GENE1327_HUMAN","P76601","Protein GENE1327",3.1086,0.059224,0.019071,1.2168,1.7196,2,6,FALSE,FALSE,TRUE
"GENE0007","GENE0007_HUMAN","P64121","Protein GENE0007",0.6046,1,0.742845,0,0.1291,2,5,FALSE,FALSE,FALSE
"GENE2633","GENE2633_HUMAN","P74320","Protein GENE2633",-0.473,0.557165,0.121334,0.8425,0.916,6,2,FALSE,FALSE,FALSE
"GENE1069","GENE1069_HUMAN","P50970","Protein GENE1069",0.22,1,0.368574,0,0.4335,2,6,TRUE,FALSE,FALSE
"GENE2652","GENE2652_HUMAN","P04203","Protein GENE2652",0.3423,1,0.263773,0.2932,0.5788,3,4,FALSE,FALSE,FALSE
"GENE1080","GENE1080_HUMAN","P70502","Protein GENE1080",-2.6812,0.03578,0.028271,1.1937,1.5487,6,4,FALSE,FALSE,TRUE
"GENE0866","GENE0866_HUMAN","P14809","Protein GENE0866",-0.0363,0.326673,0.10685,0.3341,0.9712,3,4,FALSE,FALSE,FALSE
"GENE1100","GENE1100_HUMAN","P71771","Protein GENE1100",1.041,1,0.248155,0.0592,0.6053,4,3,FALSE,FALSE,FALSE
"GENE2338","GENE2338_HUMAN","P60342","Protein GENE2338",0.036,1,0.673317,0,0.1718,3,5,FALSE,TRUE,FALSE
"GENE0448","GENE0448_HUMAN","P52838","Protein GENE0448",-0.1198,1,0.698345,0.082,0.1559,3,5,FALSE,FALSE,FALSE
"GENE2112","GENE2112_HUMAN","P11346","Protein GENE2112",1.2003,0.093028,0.025151,1.3951,1.5994,4,4,FALSE,FALSE,TRUE
"GENE2668","GENE2668_HUMAN","P38528","Protein GENE2668",-4.2825,0.042358,0.019025,1.2318,1.7207,6,6,FALSE,FALSE,TRUE
"GENE2721","GENE2721_HUMAN","P43501","Protein GENE2721",0.6463,1,0.475044,0,0.3233,6,3,FALSE,FALSE,FALSE
"GENE1804","GENE1804_HUMAN","P60282","Protein GENE1804",-0.2698,0.465974,0.368946,0.2519,0.433,2,4,FALSE,FALSE,FALSE
"GENE1916","GENE1916_HUMAN","P51071","Protein GENE1916",-0.4406,1,0.501288,0,0.2999,3,6,FALSE,FALSE,FALSE
"GENE1022","GENE1022_HUMAN","P88916","Protein GENE1022",-0.0167,1,0.776009,0,0.1101,5,3,FALSE,FALSE,FALSE
"GENE2581","GENE2581_HUMAN","P35507","Protein GENE2581",1.9848,0.151324,0.033045,0.7956,1.4809,5,3,FALSE,FALSE,TRUE
"GENE2219","GENE2219_HUMAN","P62857","Protein GENE2219",-0.6367,0.788507,0.288388,0.0855,0.54,5,3,FALSE,TRUE,FALSE
"GENE1584","GENE1584_HUMAN","P20897","Protein GENE1584",2.7546,0.016931,0.005067,1.8172,2.2952,2,3,FALSE,TRUE,TRUE
"GENE0770","GENE0770_HUMAN","P68024","Protein GENE0770",2.2857,0.025727,0.00997,1.908,2.0013,4,4,TRUE,FALSE,TRUE
"GENE2491","GENE2491_HUMAN","P78639","Protein GENE2491",-0.398,0.794404,0.193823,0.5266,0.7126,2,2,FALSE,FALSE,FALSE
"GENE2836","GENE2836_HUMAN","P65307","Protein GENE2836",0.1656,1,0.793356,0.0448,0.1005,3,4,FALSE,FALSE,FALSE
"GENE2251","GENE2251_HUMAN","P81988","Protein GENE2251",-0.2099,1,0.692026,0,0.1599,5,3,FALSE,FALSE,FALSE
"GENE1776","GENE1776_HUMAN","P80100","Protein GENE1776",0.6872,1,0.844667,0,0.0733,6,5,FALSE,FALSE,FALSE
"GENE1137","GENE1137_HUMAN","P14531","Protein GENE1137",0.3169,0.931348,0.679791,0,0.1676,5,6,FALSE,FALSE,FALSE
"GENE1107","GENE1107_HUMAN","P85666","Protein GENE1107",-0.0423,0.656035,0.387068,0.0566,0.4122,2,3,FALSE,FALSE,FALSE
"GENE0742","GENE0742_HUMAN","P63237","Protein GENE0742",0.6839,1,0.463169,0,0.3343,3,3,FALSE,FALSE,FALSE
"GENE2540","GENE2540_HUMAN","P63169","Protein GENE2540",-0.6742,0.89068,0.619201,0,0.2082,5,5,FALSE,FALSE,FALSE
"GENE2186","GENE2186_HUMAN","P76711","Protein GENE2186",-1.1314,0.576939,0.262678,0.276,0.5806,5,5,FALSE,FALSE,FALSE
"GENE2877","GENE2877_HUMAN","P40720","Protein GENE2877",-0.4581,0.764071,0.632307,0,0.1991,4,6,FALSE,FALSE,FALSE
"GENE1878","GENE1878_HUMAN","P60798","Protein GENE1878",-2.0132,0.159022,0.035533,1.0869,1.4494,5,3,FALSE,FALSE,TRUE
"GENE1344","GENE1344_HUMAN","P63333","Protein GENE1344",-0.2759,1,0.7585,0,0.12,6,2,FALSE,FALSE,FALSE
"GENE0702","GENE0702_HUMAN","P91904","Protein GENE0702",1.9715,0.065746,0.03466,0.943,1.4602,3,2,FALSE,FALSE,TRUE
"GENE0936","GENE0936_HUMAN","P39166","Protein GENE0936",0.5342,0.107936,0.028205,1.0741,1.5497,3,2,FALSE,FALSE,TRUE
"GENE1184","GENE1184_HUMAN","P15522","Protein GENE1184",-0.2517,1,0.722776,0.1344,0.141,6,2,FALSE,FALSE,FALSE
"GENE1807","GENE1807_HUMAN","P78351","Protein GENE1807",0.3795,0.350595,0.21477,0.3989,0.668,5,3,TRUE,FALSE,FALSE
"DHX15","DHX15_HUMAN","P00665","Protein DHX15",-0.8903,1,0.318293,0,0.4972,5,5,FALSE,FALSE,FALSE
"GENE0299","GENE0299_HUMAN","P23090","Protein GENE0299",0.0389,1,0.916947,0,0.0377,6,3,FALSE,FALSE,FALSE
"GENE2895","GENE2895_HUMAN","P70496","Protein GENE2895",-2.2297,0.155568,0.037525,1.1702,1.4257,5,4,FALSE,FALSE,TRUE
"GENE1029","GENE1029_HUMAN","P35596","Protein GENE1029",-0.4319,0.376664,0.12213,0.5821,0.9132,3,4,FALSE,FALSE,FALSE
"GENE1260","GENE1260_HUMAN","P59167","Protein GENE1260",4.3912,0.018442,0.010332,1.794,1.9858,4,5,FALSE,TRUE,TRUE
"GENE0220","GENE0220_HUMAN","P11744","Protein GENE0220",-0.5134,1,0.901998,0,0.0448,3,6,TRUE,FALSE,FALSE
"GENE2822","GENE2822_HUMAN","P79432","Protein GENE2822",4.128,0.065755,0.042231,1.3235,1.3744,3,2,FALSE,FALSE,TRUE
"GENE1552","GENE1552_HUMAN","P67321","Protein GENE1552",0.018,1,0.971216,0,0.0127,5,2,FALSE,FALSE,FALSE
"GENE1539","GENE1539_HUMAN","P56331","Protein GENE1539",0.2684,0.581784,0.178431,0.3029,0.7485,5,6,FALSE,FALSE,FALSE
"GENE2664","GENE2664_HUMAN","P27868","Protein GENE2664",0.3757,1,0.390429,0,0.4085,2,4,FALSE,FALSE,FALSE
"GENE2834","GENE2834_HUMAN","P41184","Protein GENE2834",3.3948,0.003857,0.001565,2.3419,2.8055,5,6,FALSE,TRUE,TRUE
"GENE1519","GENE1519_HUMAN","P29543","Protein GENE1519",0.4007,1,0.548931,0.0753,0.2605,6,6,FALSE,FALSE,FALSE
"GENE1560","GENE1560_HUMAN","P09090","Protein GENE1560",0.2393,1,0.43844,0,0.3581,2,4,FALSE,FALSE,FALSE
"GENE2007","GENE2007_HUMAN","P86225","Protein GENE2007",-0.0609,1,0.451761,0,0.3451,5,2,TRUE,FALSE,FALSE
"GENE1304","GENE1304_HUMAN","P56285","Protein GENE1304",1.9105,0.086123,0.020111,1.4559,1.6966,2,5,FALSE,FALSE,TRUE
"GENE0333","GENE0333_HUMAN","P94532","Protein GENE0333",-0.3088,0.258963,0.08647,0.4405,1.0631,3,2,FALSE,FALSE,FALSE
"GENE2209","GENE2209_HUMAN","P92197","Protein GENE2209",0.2079,0.855179,0.782621,0,0.1064,4,4,FALSE,FALSE,FALSE
"GENE2451","GENE2451_HUMAN","P79203","Protein GENE2451",-0.156,0.321654,0.245425,0.1036,0.6101,3,5,FALSE,FALSE,FALSE
"GENE2699","GENE2699_HUMAN","P43596","Protein GENE2699",0.1606,1,0.953609,0,0.0206,6,4,FALSE,FALSE,FALSE
"GENE0779","GENE0779_HUMAN","P01668","Protein GENE0779",-0.4217,1,0.573625,0.0271,0.2414,6,5,FALSE,FALSE,FALSE
"GENE1634","GENE1634_HUMAN","P17481","Protein GENE1634",3.3849,0.043283,0.010691,1.9639,1.971,6,2,FALSE,TRUE,TRUE
"GENE0158","GENE0158_HUMAN","P04917","Protein GENE0158",-0.3201,0.48358,0.384635,0.1179,0.415,5,6,FALSE,FALSE,FALSE
"GENE1677","GENE1677_HUMAN","P12690","Protein GENE1677",-0.0489,1,0.816333,0,0.0881,5,6,FALSE,FALSE,FALSE
"GENE0832","GENE0832_HUMAN","P08634","Protein GENE0832",0.2672,1,0.664969,0,0.1772,2,5,FALSE,FALSE,FALSE
"GENE0725","GENE0725_HUMAN","P86035","Protein GENE0725",0.1333,0.427559,0.349935,0,0.456,3,4,TRUE,FALSE,FALSE
"GENE2237","GENE2237_HUMAN","P14934","Protein GENE2237",-1.6496,0.219332,0.045118,0.8516,1.3457,6,2,FALSE,FALSE,TRUE
"GENE0924","GENE0924_HUMAN","P65975","Protein GENE0924",0.161,1,0.766434,0,0.1155,6,3,FALSE,FALSE,FALSE
"GENE0853","GENE0853_HUMAN","P32803","Protein GENE0853",-0.1022,0.203918,0.158262,0.2919,0.8006,6,6,FALSE,FALSE,FALSE
"GENE2413","GENE2413_HUMAN","P27935","Protein GENE2413",0.1509,1,0.291775,0.1371,0.535,5,4,FALSE,FALSE,FALSE
"GENE1621","GENE1621_HUMAN","P19082","Protein GENE1621",2.3757,0.160354,0.037626,1.0356,1.4245,5,4,FALSE,FALSE,TRUE
"GENE2094","GENE2094_HUMAN","P99939","Protein GENE2094",0.3563,0.956076,0.240406,0.2214,0.6191,3,3,FALSE,TRUE,FALSE
"GENE2807","GENE2807_HUMAN","P36665","Protein GENE2807",2.2572,0.001238,0.000729,2.7124,3.1375,2,5,FALSE,FALSE,TRUE
"GENE1809","GENE1809_HUMAN","P34267","Protein GENE1809",0.8297,1,0.841059,0,0.0752,6,4,FALSE,TRUE,FALSE
"GENE0398","GENE0398_HUMAN","P42306","Protein GENE0398",0.0964,0.986704,0.227753,0.1655,0.6425,3,4,FALSE,FALSE,FALSE
"GENE2887","GENE2887_HUMAN","P20925","Protein GENE2887",0.8842,1,0.555692,0,0.2552,6,3,FALSE,TRUE,FALSE
"GENE1727","GENE1727_HUMAN","P77194","Protein GENE1727",-0.1966,1,0.289515,0.1537,0.5383,4,4,FALSE,FALSE,FALSE
"GENE2355","GENE2355_HUMAN","P25803","Protein GENE2355",2.274,0.049681,0.019584,1.4842,1.7081,6,6,FALSE,TRUE,TRUE
"GENE0723","GENE0723_HUMAN","P64505","Protein GENE0723",-0.1424,1,0.441197,0,0.3554,5,6,FALSE,FALSE,FALSE
"GENE2205","GENE2205_HUMAN","P60638","Protein GENE2205",0.3741,0.398196,0.171436,0.1653,0.7659,5,2,FALSE,FALSE,FALSE
"GENE1633","GENE1633_HUMAN","P44080","Protein GENE1633",-0.1016,1,0.419959,0,0.3768,2,6,FALSE,FALSE,FALSE
"GENE1413","GENE1413_HUMAN","P59951","Protein GENE1413",0.08,1,0.929588,0,0.0317,6,3,FALSE,FALSE,FALSE
"GENE2763","GENE2763_HUMAN","P78689","Protein GENE2763",0.1639,1,0.579643,0,0.2368,4,6,FALSE,FALSE,FALSE
"GENE2874","GENE2874_HUMAN","P17024","Protein GENE2874",-4.363,0.190217,0.04835,0.8514,1.3156,2,3,FALSE,FALSE,TRUE
"GENE1988","GENE1988_HUMAN","P05927","Protein GENE1988",-0.2978,1,0.417158,0,0.3797,5,2,FALSE,FALSE,FALSE
"GENE0573","GENE0573_HUMAN","P58939","Protein GENE0573",3.6371,0.063989,0.03792,0.8477,1.4211,3,6,FALSE,FALSE,TRUE
"GENE0844","GENE0844_HUMAN","P84348","Protein GENE0844",2.7978,0.008479,0.00171,2.6158,2.7669,4,5,FALSE,FALSE,TRUE
"GENE0315","GENE0315_HUMAN","P75009","Protein GENE0315",0.2347,0.435425,0.363361,0,0.4397,5,3,FALSE,FALSE,FALSE
"GENE1658","GENE1658_HUMAN","P82262","Protein GENE1658",0.2145,0.933344,0.214667,0.1602,0.6682,6,3,FALSE,FALSE,FALSE
"GENE2577","GENE2577_HUMAN","P98175","Protein GENE2577",0.0959,1,0.274352,0.241,0.5617,4,3,FALSE,FALSE,FALSE
"GENE1992","GENE1992_HUMAN","P01733","Protein GENE1992",-0.0529,1,0.958898,0,0.0182,3,4,FALSE,FALSE,FALSE
"GENE0900","GENE0900_HUMAN","P05189","Protein GENE0900",1.0909,1,0.581317,0,0.2356,5,3,FALSE,FALSE,FALSE
"GENE0298","GENE0298_HUMAN","P29865","Protein GENE0298",0.345,1,0.620417,0,0.2073,6,2,FALSE,FALSE,FALSE
"STK3","STK3_HUMAN","P56034","Protein STK3",3.5314,0.008258,0.00262,2.1104,2.5818,5,6,FALSE,FALSE,TRUE
"GENE1827","GENE1827_HUMAN","P21697","Protein GENE1827",-0.3767,1,0.473633,0.2631,0.3246,6,6,TRUE,FALSE,FALSE
"GENE2839","GENE2839_HUMAN","P17274","Protein GENE2839",1.2751,0.188556,0.038691,0.9496,1.4124,4,6,FALSE,FALSE,TRUE
"GENE0870","GENE0870_HUMAN","P70247","Protein GENE0870",0.5586,0.687922,0.423557,0,0.3731,3,6,FALSE,FALSE,FALSE
"GENE0253","GENE0253_HUMAN","P38844","Protein GENE0253",-0.4794,1,0.31391,0,0.5032,6,6,FALSE,FALSE,FALSE
"GENE1578","GENE1578_HUMAN","P85752","Protein GENE1578",0.3694,0.562806,0.346584,0,0.4602,2,2,FALSE,FALSE,FALSE
"GENE1849","GENE1849_HUMAN","P55666","Protein GENE1849",-0.3197,1,0.374867,0,0.4261,6,2,FALSE,FALSE,FALSE
"GENE0812","GENE0812_HUMAN","P22248","Protein GENE0812",0.6684,1,0.875133,0,0.0579,4,6,FALSE,TRUE,FALSE
"GENE2031","GENE2031_HUMAN","P79812","Protein GENE2031",-0.0365,1,0.914009,0,0.039,2,2,FALSE,FALSE,FALSE
"GENE0666","GENE0666_HUMAN","P96484","Protein GENE0666",0.1062,1,0.652607,0.1269,0.1853,3,6,FALSE,FALSE,FALSE
"GENE1499","GENE1499_HUMAN","P98196","Protein GENE1499",2.1411,0.031216,0.017057,1.7561,1.7681,3,6,FALSE,FALSE,TRUE
"GENE1314","GENE1314_HUMAN","P34223","Protein GENE1314",2.2269,0.037008,0.0281,0.907,1.5513,5,4,FALSE,FALSE,TRUE
"GENE2376","GENE2376_HUMAN","P27207","Protein GENE2376",0.0125,0.420033,0.159805,0.1157,0.7964,5,6,FALSE,FALSE,FALSE
"GENE1518","GENE1518_HUMAN","P73582","Protein GENE1518",-2.4825,0.01009,0.002292,1.9568,2.6397,4,6,FALSE,FALSE,TRUE
"GENE0879","GENE0879_HUMAN","P82824","Protein GENE0879",0.3845,1,0.707539,0,0.1502,4,3,FALSE,TRUE,FALSE
"GENE0110","GENE0110_HUMAN","P28177","Protein GENE0110",0.0477,0.41838,0.162565,0.3114,0.789,4,6,FALSE,FALSE,FALSE
"GENE0926","GENE0926_HUMAN","P12755","Protein GENE0926",0.3777,1,0.930217,0,0.0314,3,2,FALSE,FALSE,FALSE
"GENE0228","GENE0228_HUMAN","P20361","Protein GENE0228",-0.0937,1,0.981187,0,0.0082,2,2,FALSE,FALSE,FALSE
"GENE1972","GENE1972_HUMAN","P73819","Protein GENE1972",0.2127,0.270805,0.14232,0.3539,0.8467,5,5,TRUE,FALSE,FALSE
"GENE1607","GENE1607_HUMAN","P95574","Protein GENE1607",0.0759,1,0.822017,0,0.0851,4,3,TRUE,FALSE,FALSE
"GENE2215","GENE2215_HUMAN","P96929","Protein GENE2215",0.9624,0.110054,0.027824,1.2926,1.5556,4,2,FALSE,FALSE,TRUE
"GENE0764","GENE0764_HUMAN","P80233","Protein GENE0764",0.0464,0.738294,0.571904,0,0.2427,4,3,FALSE,FALSE,FALSE
"GENE1385","GENE1385_HUMAN","P73004","Protein GENE1385",0.3968,1,0.331432,0,0.4796,5,6,TRUE,FALSE,FALSE
"GENE1929","GENE1929_HUMAN","P42255","Protein GENE1929",-0.0875,0.924011,0.675849,0,0.1702,4,2,FALSE,TRUE,FALSE
"GENE2091","GENE2091_HUMAN","P39034","Protein GENE2091",3.5568,0.066617,0.034688,0.9453,1.4598,5,6,FALSE,FALSE,TRUE
"GENE1359","GENE1359_HUMAN","P76778","Protein GENE1359",-0.2153,1,0.547694,0,0.2615,3,3,FALSE,FALSE,FALSE
"GENE0526","GENE0526_HUMAN","P46052","Protein GENE0526",0.3682,0.517213,0.15914,0.2638,0.7982,4,5,FALSE,FALSE,FALSE
"GENE0204","GENE0204_HUMAN","P25511","Protein GENE0204",0.8238,0.160987,0.141271,0.3116,0.8499,4,4,FALSE,FALSE,FALSE
"GENE2258","GENE2258_HUMAN","P41193","Protein GENE2258",-0.0335,1,0.925094,0,0.0338,2,4,FALSE,FALSE,FALSE
"GENE2534","GENE2534_HUMAN","P88231","Protein GENE2534",-1.1316,1,0.770569,0,0.1132,3,4,FALSE,TRUE,FALSE
"GENE0430","GENE0430_HUMAN","P78511","Protein GENE0430",-0.0658,0.336431,0.198952,0.2696,0.7013,4,2,TRUE,FALSE,FALSE
"GENE1273","GENE1273_HUMAN","P91972","Protein GENE1273",3.2292,0.162417,0.040281,1.2536,1.3949,5,2,FALSE,FALSE,TRUE
"GENE2333","GENE2333_HUMAN","P68482","Protein GENE2333",0.9003,1,0.968027,0,0.0141,3,3,FALSE,FALSE,FALSE
"GENE0359","GENE0359_HUMAN","P88996","Protein GENE0359",-0.1165,1,0.670205,0,0.1738,2,6,FALSE,FALSE,FALSE
"GENE0267","GENE0267_HUMAN","P43816","Protein GENE0267",0.3253,1,0.888625,0,0.0513,6,3,TRUE,FALSE,FALSE
"GENE0323","GENE0323_HUMAN","P58928","Protein GENE0323",0.0204,0.199393,0.142871,0.2648,0.8451,3,4,FALSE,FALSE,FALSE
"GENE1654","GENE1654_HUMAN","P09920","Protein GENE1654",-0.1674,0.964617,0.358799,0.0178,0.4451,2,3,FALSE,FALSE,FALSE
"NCOA3","NCOA3_HUMAN","P93559","Protein NCOA3",2.8421,0.074489,0.017101,1.491,1.767,3,5,FALSE,TRUE,TRUE
"GENE0705","GENE0705_HUMAN","P91125","Protein GENE0705",-0.4033,1,0.430457,0.0363,0.3661,4,4,FALSE,FALSE,FALSE
"GENE2218","GENE2218_HUMAN","P32396","Protein GENE2218",0.1054,1,0.885289,0,0.0529,5,6,FALSE,FALSE,FALSE
"GENE1725","GENE1725_HUMAN","P20515","Protein GENE1725",-0.4152,1,0.82094,0,0.0857,3,4,FALSE,FALSE,FALSE
"GENE0257","GENE0257_HUMAN","P98602","Protein GENE0257",-0.2954,0.093179,0.090193,0.4741,1.0448,6,4,FALSE,FALSE,FALSE
"GENE0324","GENE0324_HUMAN","P49928","Protein GENE0324",2.8999,0.126525,0.025661,1.0681,1.5907,3,4,FALSE,FALSE,TRUE
"GENE2417","GENE2417_HUMAN","P90350","Protein GENE2417",0.161,1,0.327224,0,0.4852,6,2,FALSE,FALSE,FALSE
"GENE2454","GENE2454_HUMAN","P18053","Protein GENE2454",-0.0228,1,0.35302,0.0627,0.4522,2,3,FALSE,FALSE,FALSE
"GENE1961","GENE1961_HUMAN","P99247","Protein GENE1961",-3.8789,0.096976,0.030539,1.0033,1.5151,2,6,FALSE,FALSE,TRUE
"GENE2438","GENE2438_HUMAN","P49316","Protein GENE2438",0.2233,1,0.68042,0,0.1672,2,3,FALSE,FALSE,FALSE
"GENE2537","GENE2537_HUMAN","P32585","Protein GENE2537",2.6977,0.141188,0.029537,1.5209,1.5296,4,2,FALSE,FALSE,TRUE
"UFL1","UFL1_HUMAN","P51725","Protein UFL1",2.4342,0.060094,0.03574,0.842,1.4468,2,4,TRUE,TRUE,TRUE
"GENE0081","GENE0081_HUMAN","P54314","Protein GENE0081",0.6051,0.247126,0.074574,0.5554,1.1274,4,3,TRUE,FALSE,FALSE
"GENE0542","GENE0542_HUMAN","P81563","Protein GENE0542",-0.1391,1,0.479121,0.1104,0.3196,3,5,FALSE,FALSE,FALSE
"GENE2565","GENE2565_HUMAN","P42979","Protein GENE2565",3.8519,0.006014,0.001598,2.5361,2.7964,2,3,FALSE,FALSE,TRUE
"GENE2855","GENE2855_HUMAN","P48637","Protein GENE2855",-0.0819,0.66584,0.293144,0,0.5329,3,3,TRUE,FALSE,FALSE
"GENE1718","GENE1718_HUMAN","P22539","Protein GENE1718",-0.1595,1,0.693414,0,0.159,6,2,TRUE,FALSE,FALSE
"GENE0766","GENE0766_HUMAN","P06226","Protein GENE0766",-0.1725,0.450463,0.131148,0.3027,0.8822,3,2,FALSE,FALSE,FALSE
"GENE0694","GENE0694_HUMAN","P17121","Protein GENE0694",-0.3225,1,0.97872,0,0.0093,2,6,FALSE,TRUE,FALSE
"GENE1629","GENE1629_HUMAN","P98893","Protein GENE1629",-0.055,1,0.85616,0,0.0674,4,6,FALSE,FALSE,FALSE
"GENE0362","GENE0362_HUMAN","P78127","Protein GENE0362",-0.4354,0.391802,0.220934,0.5228,0.6557,3,2,FALSE,FALSE,FALSE
"GENE2235","GENE2235_HUMAN","P59524","Protein GENE2235",0.2909,0.555387,0.170922,0.2099,0.7672,6,6,FALSE,FALSE,FALSE
"GENE1030","GENE1030_HUMAN","P73168","Protein GENE1030",-0.4106,0.345842,0.080884,0.823,1.0921,2,3,FALSE,FALSE,FALSE
"GENE1334","GENE1334_HUMAN","P41677","Protein GENE1334",0.2366,0.165168,0.098406,0.3756,1.007,5,5,FALSE,FALSE,FALSE
"GENE0280","GENE0280_HUMAN","P66287","Protein GENE0280",0.4818,1,0.66466,0,0.1774,4,2,FALSE,FALSE,FALSE
"GENE0436","GENE0436_HUMAN","P09857","Protein GENE0436",0.3561,1,0.290785,0,0.5364,6,3,FALSE,FALSE,FALSE
"GENE0809","GENE0809_HUMAN","P78390","Protein GENE0809",0.5235,1,0.995846,0,0.0018,3,3,FALSE,FALSE,FALSE
"GENE1249","GENE1249_HUMAN","P87413","Protein GENE1249",-0.1055,0.339415,0.147712,0.3377,0.8306,5,6,FALSE,FALSE,FALSE
"GENE1644","GENE1644_HUMAN","P56926","Protein GENE1644",0.6786,1,0.915408,0,0.0384,2,4,FALSE,FALSE,FALSE
"GENE0699","GENE0699_HUMAN","P51186","Protein GENE0699",-0.1164,1,0.667759,0,0.1754,4,5,FALSE,FALSE,FALSE
"GENE0274","GENE0274_HUMAN","P76934","Protein GENE0274",1.9435,0.026995,0.011885,1.6556,1.925,4,2,TRUE,FALSE,TRUE
"GENE2452","GENE2452_HUMAN","P12395","Protein GENE2452",-0.0397,0.45164,0.118257,0.5303,0.9272,6,3,FALSE,FALSE,FALSE
"GENE1448","GENE1448_HUMAN","P64419","Protein GENE1448",0.0472,1,0.909716,0,0.0411,5,4,FALSE,FALSE,FALSE
"GENE2564","GENE2564_HUMAN","P66873","Protein GENE2564",1.8892,0.036484,0.020121,1.1455,1.6964,6,4,FALSE,FALSE,TRUE
"GENE0381","GENE0381_HUMAN","P42761","Protein GENE0381",0.9689,1,0.489747,0,0.31,2,6,FALSE,TRUE,FALSE
"GENE1129","GENE1129_HUMAN","P08687","Protein GENE1129",-0.3596,1,0.276899,0,0.5577,6,2,FALSE,FALSE,FALSE
"GENE2314","GENE2314_HUMAN","P60202","Protein GENE2314",-0.1811,0.660307,0.455,0,0.342,3,2,FALSE,FALSE,FALSE
"GENE0847","GENE0847_HUMAN","P30629","Protein GENE0847",-0.3056,0.817901,0.228151,0.0469,0.6418,2,2,FALSE,FALSE,FALSE
"GENE2777","GENE2777_HUMAN","P41557","Protein GENE2777",-1.082,0.293023,0.188645,0.1314,0.7244,2,5,FALSE,FALSE,FALSE
"GENE0948","GENE0948_HUMAN","P68353","Protein GENE0948",-0.0988,0.446044,0.424256,0,0.3724,5,3,FALSE,FALSE,FALSE
"GENE1971","GENE1971_HUMAN","P98369","Protein GENE1971",-1.3615,0.004355,0.002198,2.1158,2.658,6,3,FALSE,FALSE,TRUE
"GENE2615","GENE2615_HUMAN","P46225","Protein GENE2615",-0.0538,0.710034,0.272302,0.1291,0.5649,3,5,FALSE,FALSE,FALSE
"GENE2811","GENE2811_HUMAN","P53431","Protein GENE2811",0.901,1,0.604063,0,0.2189,6,5,FALSE,FALSE,FALSE
"GENE0446","GENE0446_HUMAN","P15712","Protein GENE0446",-0.234,1,0.590103,0,0.2291,6,5,FALSE,FALSE,FALSE
"GENE1581","GENE1581_HUMAN","P21147","Protein GENE1581",-0.3055,0.715858,0.631134,0.0076,0.1999,4,4,FALSE,TRUE,FALSE
"GENE0745","GENE0745_HUMAN","P49752","Protein GENE0745",-0.9013,0.59871,0.311386,0.0913,0.5067,2,2,TRUE,FALSE,FALSE
"GENE0250","GENE0250_HUMAN","P14897","Protein GENE0250",-0.3886,1,0.835157,0,0.0782,6,5,FALSE,FALSE,FALSE
"GENE1213","GENE1213_HUMAN","P30564","Protein GENE1213",0.1312,0.841275,0.691945,0,0.1599,6,6,FALSE,FALSE,FALSE
"GENE0450","GENE0450_HUMAN","P80121","Protein GENE0450",0.2184,1,0.405153,0,0.3924,4,3,FALSE,FALSE,FALSE
"GENE2443","GENE2443_HUMAN","P77718","Protein GENE2443",0.2972,0.58202,0.188801,0.1629,0.724,4,5,FALSE,FALSE,FALSE
"GENE2210","GENE2210_HUMAN","P49133","Protein GENE2210",-0.5408,1,0.840336,0,0.0755,6,4,FALSE,FALSE,FALSE
"GENE0851","GENE0851_HUMAN","P13879","Protein GENE0851",-1.0162,0.008946,0.002826,2.1536,2.5489,3,5,FALSE,FALSE,TRUE
"GENE0634","GENE0634_HUMAN","P70630","Protein GENE0634",3.9421,0.034986,0.0229,1.0324,1.6402,6,4,FALSE,FALSE,TRUE
"GENE2495","GENE2495_HUMAN","P16854","Protein GENE2495",-0.3932,1,0.722731,0,0.141,3,3,FALSE,FALSE,FALSE
"GENE2759","GENE2759_HUMAN","P74175","Protein GENE2759",0.5682,1,0.883316,0,0.0539,4,3,TRUE,FALSE,FALSE
"GENE0151","GENE0151_HUMAN","P58366","Protein GENE0151",-0.0163,0.315685,0.180979,0.5043,0.7424,6,6,FALSE,FALSE,FALSE
"GENE0217","GENE0217_HUMAN","P04312","Protein GENE0217",-0.0528,1,0.636276,0,0.1964,2,4,FALSE,FALSE,FALSE
"GENE2038","GENE2038_HUMAN","P90325","Protein GENE2038",0.4791,1,0.649804,0,0.1872,2,5,FALSE,FALSE,FALSE
"GENE0636","GENE0636_HUMAN","P31833","Protein GENE0636",3.692,0.014683,0.00399,1.9147,2.399,2,4,FALSE,FALSE,TRUE
"GENE2484","GENE2484_HUMAN","P59307","Protein GENE2484",0.7347,0.141443,0.030438,0.8332,1.5166,3,4,FALSE,FALSE,TRUE
"GENE1018","GENE1018_HUMAN","P89021","Protein GENE1018",-0.6696,1,0.624385,0,0.2045,6,3,FALSE,FALSE,FALSE
"GENE2538","GENE2538_HUMAN","P16558","Protein GENE2538",-2.4946,0.167969,0.03573,1.3828,1.447,2,3,FALSE,FALSE,TRUE
"GENE1847","GENE1847_HUMAN","P54580","Protein GENE1847",2.9778,0.050584,0.047427,0.6726,1.324,2,3,FALSE,FALSE,TRUE
"GENE2541","GENE2541_HUMAN","P57731","Protein GENE2541",4.3375,0.031244,0.013749,1.7239,1.8617,6,5,TRUE,FALSE,TRUE
"GENE0402","GENE0402_HUMAN","P78984","Protein GENE0402",-0.3477,1,0.972603,0,0.0121,5,5,FALSE,TRUE,FALSE
"GENE0360","GENE0360_HUMAN","P63579","Protein GENE0360",-0.6305,1,0.949544,0,0.0225,4,6,FALSE,TRUE,FALSE
"GENE2131","GENE2131_HUMAN","P76860","Protein GENE2131",-0.7125,0.313767,0.087812,0.6236,1.0564,6,6,FALSE,FALSE,FALSE
"GENE0906","GENE0906_HUMAN","P91679","Protein GENE0906",-1.1835,1,0.569822,0,0.2443,5,3,FALSE,FALSE,FALSE
"GENE1199","GENE1199_HUMAN","P58863","Protein GENE1199",0.1351,1,0.323541,0,0.4901,6,4,FALSE,FALSE,FALSE
"GENE1456","GENE1456_HUMAN","P11923","Protein GENE1456",-0.2666,0.405626,0.356408,0,0.4481,5,2,FALSE,FALSE,FALSE
"GENE2842","GENE2842_HUMAN","P76713","Protein GENE2842",-0.4829,1,0.494116,0,0.3062,3,3,FALSE,TRUE,FALSE
"GENE2289","GENE2289_HUMAN","P37691","Protein GENE2289",1.7979,0.140164,0.033904,1.1985,1.4697,6,4,FALSE,FALSE,TRUE
"GENE1717","GENE1717_HUMAN","P08029","Protein GENE1717",-1.9652,0.197921,0.048073,1.2238,1.3181,4,6,FALSE,FALSE,TRUE
"GENE2666","GENE2666_HUMAN","P42433","Protein GENE2666",-2.9589,0.034335,0.010316,1.4049,1.9865,5,2,FALSE,FALSE,TRUE
"GENE0920","GENE0920_HUMAN","P58331","Protein GENE0920",-0.2775,1,0.897343,0,0.047,3,2,TRUE,FALSE,FALSE
"GENE2019","GENE2019_HUMAN","P14796","Protein GENE2019",0.1484,1,0.50982,0,0.2926,4,5,FALSE,FALSE,FALSE
"GENE0352","GENE0352_HUMAN","P38530","Protein GENE0352",-0.333,1,0.513151,0,0.2898,5,3,FALSE,FALSE,FALSE
"GENE0386","GENE0386_HUMAN","P25308","Protein GENE0386",-0.0873,1,0.630462,0,0.2003,6,6,TRUE,FALSE,FALSE
"GENE0701","GENE0701_HUMAN","P95944","Protein GENE0701",0.1179,1,0.569099,0,0.2448,2,4,FALSE,FALSE,FALSE
"GENE2659","GENE2659_HUMAN","P14461","Protein GENE2659",3.1837,0.044448,0.012577,1.2857,1.9004,4,4,FALSE,FALSE,TRUE
"GENE2183","GENE2183_HUMAN","P88251","Protein GENE2183",-0.211,0.520192,0.155361,0.1892,0.8087,4,6,FALSE,FALSE,FALSE
"GENE2282","GENE2282_HUMAN","P55096","Protein GENE2282",0.2151,1,0.532924,0,0.2733,2,4,FALSE,FALSE,FALSE
"GENE2603","GENE2603_HUMAN","P08166","Protein GENE2603",0.2823,0.596323,0.21949,0.2966,0.6586,6,4,FALSE,FALSE,FALSE
"GENE0758","GENE0758_HUMAN","P76136","Protein GENE0758",0.5179,0.788362,0.21228,0.1889,0.6731,2,4,FALSE,FALSE,FALSE
"GENE0834","GENE0834_HUMAN","P88548","Protein GENE0834",0.3104,1,0.938761,0,0.0274,3,6,FALSE,FALSE,FALSE
"GENE0739","GENE0739_HUMAN","P07183","Protein GENE0739",2.7296,0.146096,0.044133,1.2992,1.3552,6,3,FALSE,FALSE,TRUE
"GENE0501","GENE0501_HUMAN","P12279","Protein GENE0501",0.4117,1,0.752631,0,0.1234,3,6,FALSE,FALSE,FALSE
"GENE1715","GENE1715_HUMAN","P38075","Protein GENE1715",0.2633,0.886105,0.210918,0.0405,0.6759,5,6,TRUE,FALSE,FALSE
"GENE1744","GENE1744_HUMAN","P10447","Protein GENE1744",-0.332,1,0.971655,0,0.0125,6,6,FALSE,FALSE,FALSE
"GENE2467","GENE2467_HUMAN","P51093","Protein GENE2467",0.2186,1,0.891434,0,0.0499,3,3,FALSE,FALSE,FALSE
"GENE1354","GENE1354_HUMAN","P54798","Protein GENE1354",-0.1964,1,0.861544,0,0.0647,6,6,FALSE,TRUE,FALSE
"GENE0312","GENE0312_HUMAN","P87968","Protein GENE0312",-2.4358,0.18581,0.045194,0.9405,1.3449,6,6,FALSE,TRUE,TRUE
"GENE2598","GENE2598_HUMAN","P11452","Protein GENE2598",0.0982,1,0.644977,0,0.1905,6,4,FALSE,FALSE,FALSE
"GENE1918","GENE1918_HUMAN","P27253","Protein GENE1918",-0.6335,1,0.678091,0,0.1687,4,4,FALSE,FALSE,FALSE
"GENE1693","GENE1693_HUMAN","P86536","Protein GENE1693",2.7252,0.043287,0.008921,1.9021,2.0496,5,4,FALSE,FALSE,TRUE
"GENE1876","GENE1876_HUMAN","P34829","Protein GENE1876",0.4241,0.878373,0.329224,0.0627,0.4825,5,2,FALSE,FALSE,FALSE
"GENE0197","GENE0197_HUMAN","P13379","Protein GENE0197",0.1615,0.626433,0.247624,0.3998,0.6062,4,6,FALSE,FALSE,FALSE
"GENE1935","GENE1935_HUMAN","P91169","Protein GENE1935",-0.7155,1,0.385716,0,0.4137,4,5,TRUE,FALSE,FALSE
"GENE1510","GENE1510_HUMAN","P53291","Protein GENE1510",-0.8434,1,0.660175,0,0.1803,6,5,FALSE,FALSE,FALSE
"GENE2384","GENE2384_HUMAN","P14990","Protein GENE2384",-0.24,0.665215,0.197378,0.5697,0.7047,3,5,FALSE,FALSE,FALSE
"GENE2475","GENE2475_HUMAN","P08905","Protein GENE2475",-0.7244,0.600838,0.138541,0.1864,0.8584,4,2,TRUE,FALSE,FALSE
"GENE0079","GENE0079_HUMAN","P06308","Protein GENE0079",-3.6176,0.192075,0.042054,1.2246,1.3762,4,3,FALSE,FALSE,TRUE
"GENE0557","GENE0557_HUMAN","P30056","Protein GENE0557",1.7101,0.114425,0.044237,0.7964,1.3542,3,3,FALSE,FALSE,TRUE
