"Gene","Entry.Name","UniProt.ID","Description","logFC","P.Val","adj.P.Val","log.P.Val","log.adj.P.Val","n_data_points_BK516_Ctrl","n_data_points_BK516_Cflag","imputed_BK516_Cflag","imputed_BK516_Ctrl","is_significant"
"GENE0236","GENE0236_HUMAN","P56309","Protein GENE0236",0.2045,0.557787,0.217222,0.3935,0.6631,3,6,FALSE,FALSE,FALSE
"GENE0822","GENE0822_HUMAN","P91646","Protein GENE0822",0.0981,1,0.936491,0,0.0285,4,3,FALSE,FALSE,FALSE
"GENE0118","GENE0118_HUMAN","P04679","Protein GENE0118",-0.0208,1,0.754129,0,0.1226,2,2,FALSE,FALSE,FALSE
"GENE2508","GENE2508_HUMAN","P98299","Protein GENE2508",0.1929,1,0.796153,0,0.099,6,6,FALSE,FALSE,FALSE
"GENE0918","GENE0918_HUMAN","P51887","Protein GENE0918",-0.0189,0.819073,0.261875,0.4808,0.5819,5,4,FALSE,FALSE,FALSE
"GENE1045","GENE1045_HUMAN","P60984","Protein GENE1045",0.213,1,0.700742,0.1116,0.1544,6,3,TRUE,TRUE,FALSE
"GENE2689","GENE2689_HUMAN","P82375","Protein GENE2689",0.9477,1,0.283886,0.263,0.5469,3,2,FALSE,FALSE,FALSE
"GENE1842","GENE1842_HUMAN","P50051","Protein GENE1842",-0.0195,1,0.612043,0,0.2132,5,2,FALSE,FALSE,FALSE
"GENE2038","GENE2038_HUMAN","P05249","Protein GENE2038",-0.5397,1,0.384892,0,0.4147,3,5,FALSE,FALSE,FALSE
"GENE2420","GENE2420_HUMAN","P84960","Protein GENE2420",0.5714,0.855812,0.724193,0.0113,0.1401,4,4,FALSE,FALSE,FALSE
"GENE0565","GENE0565_HUMAN","P22275","Protein GENE0565",-0.4744,1,0.93044,0,0.0313,3,2,FALSE,FALSE,FALSE
"GENE2764","GENE2764_HUMAN","P49579","Protein GENE2764",0.1118,1,0.980774,0,0.0084,6,5,FALSE,FALSE,FALSE
"GENE2561","GENE2561_HUMAN","P98765","Protein GENE2561",-0.1078,1,0.850771,0,0.0702,2,3,FALSE,FALSE,FALSE
"GENE2172","GENE2172_HUMAN","P44876","Protein GENE2172",-0.2934,0.699807,0.433447,0,0.3631,4,6,FALSE,FALSE,FALSE
"GENE0048","GENE0048_HUMAN","P57020","Protein GENE0048",-0.4118,0.479097,0.45526,0.121,0.3417,2,3,FALSE,FALSE,FALSE
"GENE0083","GENE0083_HUMAN","P61947","Protein GENE0083",-0.1412,1,0.237037,0.1753,0.6252,5,3,FALSE,FALSE,FALSE
"GENE0300","GENE0300_HUMAN","P65549","Protein GENE0300",0.1691,1,0.518643,0,0.2851,2,3,FALSE,FALSE,FALSE
"GENE0168","GENE0168_HUMAN","P15735","Protein GENE0168",-0.0442,0.786413,0.194365,0.4987,0.7114,2,3,FALSE,FALSE,FALSE
"GENE1521","GENE1521_HUMAN","P10271","Protein GENE1521",0.2213,0.835213,0.241746,0,0.6166,5,6,FALSE,FALSE,FALSE
"GENE0856","GENE0856_HUMAN","P65518","Protein GENE0856",0.5505,1,0.244769,0.5228,0.6112,2,2,FALSE,FALSE,FALSE
"GENE1791","GENE1791_HUMAN","P83343","Protein GENE1791",-0.021,1,0.71384,0.0392,0.1464,6,4,TRUE,FALSE,FALSE
"GENE1494","GENE1494_HUMAN","P80289","Protein GENE1494",0.1889,1,0.675373,0,0.1705,2,6,FALSE,FALSE,FALSE
"GENE1941","GENE1941_HUMAN","P17392","Protein GENE1941",0.2994,1,0.535368,0,0.2713,2,5,FALSE,FALSE,FALSE
"GENE0450","GENE0450_HUMAN","P64131","Protein GENE0450",0.1528,1,0.785519,0,0.1048,3,6,FALSE,FALSE,FALSE
"GENE0805","GENE0805_HUMAN","P25060","Protein GENE0805",-0.5855,1,0.409608,0,0.3876,3,5,TRUE,FALSE,FALSE
"GENE0901","GENE0901_HUMAN","P64694","Protein GENE0901",0.2025,1,0.861101,0,0.0649,6,5,FALSE,FALSE,FALSE
"GENE2823","GENE2823_HUMAN","P11467","Protein GENE2823",-0.1563,1,0.734006,0,0.1343,3,4,TRUE,FALSE,FALSE
"GENE1059","GENE1059_HUMAN","P90931","Protein GENE1059",0.4452,1,0.739526,0,0.131,5,6,FALSE,FALSE,FALSE
"GENE1792","GENE1792_HUMAN","P58186","Protein GENE1792",-0.258,1,0.871927,0,0.0595,3,6,FALSE,FALSE,FALSE
"GENE0285","GENE0285_HUMAN","P07970","Protein GENE0285",-0.3211,1,0.31365,0.2762,0.5036,4,3,FALSE,FALSE,FALSE
"GENE0777","GENE0777_HUMAN","P86191","Protein GENE0777",0.3884,0.975327,0.643143,0,0.1917,3,6,FALSE,FALSE,FALSE
"GENE2165","GENE2165_HUMAN","P54856","Protein GENE2165",0.1829,0.969553,0.746366,0.1006,0.127,5,3,FALSE,FALSE,FALSE
"GENE2281","GENE2281_HUMAN","P06127","Protein GENE2281",0.1294,1,0.386203,0.1317,0.4132,2,2,FALSE,FALSE,FALSE
"GENE2173","GENE2173_HUMAN","P43267","Protein GENE2173",-0.4912,1,0.375709,0.1706,0.4251,3,3,FALSE,FALSE,FALSE
"GENE1424","GENE1424_HUMAN","P96243","Protein GENE1424",-0.0584,1,0.628754,0,0.2015,6,6,FALSE,FALSE,FALSE
"GENE0983","GENE0983_HUMAN","P72165","Protein GENE0983",0.8879,0.161172,0.140222,0.3338,0.8532,5,5,FALSE,FALSE,FALSE
"DHX36","DHX36_HUMAN","P85171","Protein DHX36",-0.1523,0.893964,0.345956,0,0.461,4,6,FALSE,FALSE,FALSE
"GENE0851","GENE0851_HUMAN","P42608","Protein GENE0851",0.3471,1,0.680419,0,0.1672,5,6,FALSE,FALSE,FALSE
"GENE2077","GENE2077_HUMAN","P23196","Protein GENE2077",0.4063,0.529061,0.510438,0.1489,0.2921,4,6,FALSE,FALSE,FALSE
"GENE0298","GENE0298_HUMAN","P65003","Protein GENE0298",0.3423,1,0.876168,0,0.0574,4,5,FALSE,FALSE,FALSE
"GENE2614","GENE2614_HUMAN","P36680","Protein GENE2614",-0.0323,1,0.486716,0.049,0.3127,4,5,FALSE,FALSE,FALSE
"MED1","MED1_HUMAN","P11215","Protein MED1",2.1754,0.058278,0.019995,1.256,1.6991,6,2,FALSE,FALSE,TRUE
"GENE0825","GENE0825_HUMAN","P62749","Protein GENE0825",-0.2233,1,0.850553,0,0.0703,6,4,FALSE,FALSE,FALSE
"GENE1320","GENE1320_HUMAN","P41276","Protein GENE1320",-0.2869,0.465885,0.306547,0.3139,0.5135,6,2,FALSE,FALSE,FALSE
"GENE1536","GENE1536_HUMAN","P60507","Protein GENE1536",-0.4104,0.225193,0.079241,0.6328,1.101,2,2,FALSE,FALSE,FALSE
"GENE0804","GENE0804_HUMAN","P41908","Protein GENE0804",-0.291,0.578869,0.142753,0.4122,0.8454,4,3,FALSE,FALSE,FALSE
"GENE0402","GENE0402_HUMAN","P32262","Protein GENE0402",-0.152,0.840841,0.722361,0,0.1412,6,2,FALSE,FALSE,FALSE
"GENE0849","GENE0849_HUMAN","P05286","Protein GENE0849",-0.2046,0.838904,0.514943,0,0.2882,3,6,FALSE,FALSE,FALSE
"GENE1963","GENE1963_HUMAN","P74099","Protein GENE1963",-0.2814,0.326377,0.197007,0.0306,0.7055,6,2,FALSE,FALSE,FALSE
"GENE1967","GENE1967_HUMAN","P26653","Protein GENE1967",-0.3237,1,0.769221,0,0.1139,5,5,FALSE,FALSE,FALSE
"GENE1228","GENE1228_HUMAN","P26232","Protein GENE1228",-0.4637,1,0.422658,0,0.374,5,5,FALSE,FALSE,FALSE
"GENE1667","GENE1667_HUMAN","P93636","Protein GENE1667",0.2979,1,0.69022,0,0.161,5,5,FALSE,FALSE,FALSE
"GENE0205","GENE0205_HUMAN","P97233","Protein GENE0205",0.3157,0.385706,0.13741,0.7399,0.862,2,3,FALSE,FALSE,FALSE
"GENE0960","GENE0960_HUMAN","P99963","Protein GENE0960",1.3189,0.13836,0.033732,0.8154,1.472,5,3,TRUE,FALSE,TRUE
"GENE1016","GENE1016_HUMAN","P36576","Protein GENE1016",-0.0535,0.923835,0.314533,0.1032,0.5023,5,2,FALSE,FALSE,FALSE
"GENE1172","GENE1172_HUMAN","P70749","Protein GENE1172",0.0866,0.19304,0.182767,0.5993,0.7381,6,3,FALSE,FALSE,FALSE
"GENE0547","GENE0547_HUMAN","P62781","Protein GENE0547",0.0361,1,0.412951,0,0.3841,4,4,FALSE,FALSE,FALSE
"GENE0832","GENE0832_HUMAN","P75587","Protein GENE0832",-0.1852,1,0.866897,0,0.062,5,2,TRUE,FALSE,FALSE
"GENE2324","GENE2324_HUMAN","P83199","Protein GENE2324",0.5506,1,0.688168,0,0.1623,3,3,FALSE,FALSE,FALSE
"GENE1505","GENE1505_HUMAN","P72890","Protein GENE1505",-0.1606,1,0.798472,0,0.0977,2,3,FALSE,FALSE,FALSE
"GENE0715","GENE0715_HUMAN","P26823","Protein GENE0715",0.1242,0.821609,0.693119,0.1312,0.1592,5,2,FALSE,FALSE,FALSE
"GENE1700","GENE1700_HUMAN","P18487","Protein GENE1700",0.6168,1,0.969413,0,0.0135,3,2,FALSE,FALSE,FALSE
"GENE2091","GENE2091_HUMAN","P70220","Protein GENE2091",0.2077,0.777052,0.469499,0,0.3284,6,3,FALSE,FALSE,FALSE
"GENE2300","GENE2300_HUMAN","P97570","Protein GENE2300",-3.508,0.054964,0.023736,0.9662,1.6246,2,3,FALSE,FALSE,TRUE
"GENE0501","GENE0501_HUMAN","P42767","Protein GENE0501",0.3878,0.859651,0.353976,0.1321,0.451,6,5,FALSE,FALSE,FALSE
"GENE0214","GENE0214_HUMAN","P83331","Protein GENE0214",0.0202,0.788529,0.402906,0,0.3948,2,3,FALSE,FALSE,FALSE
"GENE0092","GENE0092_HUMAN","P77474","Protein GENE0092",-0.15,0.969272,0.401251,0,0.3966,3,3,FALSE,FALSE,FALSE
"GENE0888","GENE0888_HUMAN","P00347","Protein GENE0888",0.266,1,0.678153,0,0.1687,2,3,FALSE,FALSE,FALSE
"GENE1104","GENE1104_HUMAN","P47132","Protein GENE1104",0.3202,1,0.923384,0,0.0346,3,2,TRUE,TRUE,FALSE
"GENE2014","GENE2014_HUMAN","P18493","Protein GENE2014",-0.2347,0.793831,0.322072,0.1638,0.492,6,6,FALSE,FALSE,FALSE
"GENE2691","GENE2691_HUMAN","P62381","Protein GENE2691",-0.4135,0.338467,0.231454,0.3834,0.6355,4,6,FALSE,FALSE,FALSE
"GENE1399","GENE1399_HUMAN","P71998","Protein GENE1399",-0.0318,1,0.799389,0,0.0972,5,5,TRUE,FALSE,FALSE
"GENE1166","GENE1166_HUMAN","P70859","Protein GENE1166",1.0507,1,0.372055,0.0667,0.4294,4,3,FALSE,FALSE,FALSE
"GENE2642","GENE2642_HUMAN","P78619","Protein GENE2642",-0.2344,0.743443,0.311187,0.0777,0.507,4,6,FALSE,FALSE,FALSE
"GENE2449","GENE2449_HUMAN","P46634","Protein GENE2449",-0.3063,0.653729,0.24725,0.1605,0.6069,3,2,FALSE,FALSE,FALSE
"GENE0740","GENE0740_HUMAN","P72291","Protein GENE0740",0.125,0.411482,0.364413,0,0.4384,5,6,TRUE,FALSE,FALSE
"GENE0411","GENE0411_HUMAN","P42766","Protein GENE0411",-0.4555,1,0.547635,0,0.2615,5,5,FALSE,FALSE,FALSE
"GENE2436","GENE2436_HUMAN","P19167","Protein GENE2436",0.359,1,0.496645,0,0.304,5,3,FALSE,FALSE,FALSE
"GENE2560","GENE2560_HUMAN","P07036","Protein GENE2560",0.3929,0.776637,0.351453,0,0.4541,3,2,TRUE,FALSE,FALSE
"GENE0610","GENE0610_HUMAN","P43286","Protein GENE0610",-0.411,1,0.92406,0,0.0343,3,5,FALSE,FALSE,FALSE
"GENE2715","GENE2715_HUMAN","P81990","Protein GENE2715",-0.2553,0.655677,0.135545,0.1822,0.8679,6,3,FALSE,FALSE,FALSE
"GENE2575","GENE2575_HUMAN","P49146","Protein GENE2575",0.3445,0.200776,0.147385,0.5812,0.8315,3,3,FALSE,FALSE,FALSE
"GENE2050","GENE2050_HUMAN","P85008","Protein GENE2050",-0.3453,1,0.310214,0,0.5083,4,2,FALSE,FALSE,FALSE
"GENE0281","GENE0281_HUMAN","P44932","Protein GENE0281",-0.0854,1,0.345867,0.2436,0.4611,6,2,FALSE,FALSE,FALSE
"GENE1266","GENE1266_HUMAN","P02877","Protein GENE1266",0.6426,1,0.645154,0,0.1903,3,3,FALSE,FALSE,FALSE
"GENE1508","GENE1508_HUMAN","P57495","Protein GENE1508",-0.283,0.347374,0.31165,0.238,0.5063,6,5,FALSE,FALSE,FALSE
"GENE0561","GENE0561_HUMAN","P56060","Protein GENE0561",-0.4196,1,0.676218,0,0.1699,4,2,FALSE,FALSE,FALSE
"GENE2391","GENE2391_HUMAN","P70107","Protein GENE2391",0.7187,1,0.90401,0.0184,0.0438,3,3,TRUE,FALSE,FALSE
"GENE2872","GENE2872_HUMAN","P33496","Protein GENE2872",0.3514,1,0.765811,0,0.1159,2,4,FALSE,FALSE,FALSE
"GENE2527","GENE2527_HUMAN","P05959","Protein GENE2527",-0.0669,1,0.374913,0.1158,0.4261,5,6,FALSE,FALSE,FALSE
"GENE0677","GENE0677_HUMAN","P40148","Protein GENE0677",-0.0193,1,0.757355,0,0.1207,6,3,FALSE,FALSE,FALSE
"GENE2625","GENE2625_HUMAN","P00712","Protein GENE2625",0.2867,0.93297,0.297353,0,0.5267,5,3,FALSE,FALSE,FALSE
"GENE1383","GENE1383_HUMAN","P91577","Protein GENE1383",0.0762,0.223583,0.06462,0.5109,1.1896,4,4,FALSE,FALSE,FALSE
"GENE1875","GENE1875_HUMAN","P99067","Protein GENE1875",-1.42,0.03832,0.016016,1.2003,1.7954,6,4,FALSE,TRUE,TRUE
"GENE2104","GENE2104_HUMAN","P77430","Protein GENE2104",0.4218,0.799596,0.306285,0,0.5139,4,5,FALSE,FALSE,FALSE
"GENE1176","GENE1176_HUMAN","P75432","Protein GENE1176",0.1924,1,0.790489,0,0.1021,2,3,FALSE,FALSE,FALSE
"GENE0742","GENE0742_HUMAN","P32620","Protein GENE0742",0.9384,0.915801,0.21341,0.28,0.6708,3,2,FALSE,FALSE,FALSE
"GENE2406","GENE2406_HUMAN","P53682","Protein GENE2406",0.0577,1,0.235983,0.1005,0.6271,6,5,FALSE,FALSE,FALSE
"GENE2522","GENE2522_HUMAN","P80125","Protein GENE2522",0.3849,0.89839,0.503517,0,0.298,2,3,FALSE,FALSE,FALSE
"GENE2730","GENE2730_HUMAN","P46087","Protein GENE2730",-0.1072,1,0.511172,0,0.2914,4,6,FALSE,TRUE,FALSE
"GENE2337","GENE2337_HUMAN","P19230","Protein GENE2337",0.1442,1,0.776808,0,0.1097,2,3,FALSE,FALSE,FALSE
"GENE0628","GENE0628_HUMAN","P58397","Protein GENE0628",0.3402,0.451802,0.161144,0.6784,0.7928,2,5,FALSE,FALSE,FALSE
"GENE0664","GENE0664_HUMAN","P81971","Protein GENE0664",-0.1247,1,0.275977,0.355,0.5591,3,5,FALSE,FALSE,FALSE
"GENE0405","GENE0405_HUMAN","P64334","Protein GENE0405",-0.329,1,0.653851,0,0.1845,6,3,FALSE,FALSE,FALSE
"GENE1814","GENE1814_HUMAN","P10497","Protein GENE1814",0.2241,1,0.278375,0.512,0.5554,4,3,FALSE,FALSE,FALSE
"GENE0207","GENE0207_HUMAN","P52341","Protein GENE0207",-0.0681,1,0.550299,0,0.2594,2,6,FALSE,TRUE,FALSE
"GENE2751","GENE2751_HUMAN","P89313","Protein GENE2751",-0.5694,1,0.96731,0,0.0144,4,5,FALSE,FALSE,FALSE
"GENE0810","GENE0810_HUMAN","P19359","Protein GENE0810",-0.8513,0.356486,0.132341,0.2399,0.8783,4,5,FALSE,FALSE,FALSE
"GENE2881","GENE2881_HUMAN","P24974","Protein GENE2881",-0.7751,1,0.676347,0,0.1698,4,4,FALSE,FALSE,FALSE
"GENE2259","GENE2259_HUMAN","P02429","Protein GENE2259",0.2645,1,0.901673,0,0.045,3,5,FALSE,FALSE,FALSE
"GENE1915","GENE1915_HUMAN","P26283","Protein GENE1915",0.1343,1,0.407313,0,0.3901,3,3,FALSE,FALSE,FALSE
"GENE0331","GENE0331_HUMAN","P48144","Protein GENE0331",0.6085,0.834605,0.401898,0,0.3959,3,2,FALSE,FALSE,FALSE
"GENE0322","GENE0322_HUMAN","P08026","Protein GENE0322",-0.3906,0.801848,0.500225,0,0.3008,5,2,FALSE,FALSE,FALSE
"GENE2312","GENE2312_HUMAN","P23803","Protein GENE2312",1.0052,1,0.979105,0,0.0092,2,6,FALSE,FALSE,FALSE
"GENE2316","GENE2316_HUMAN","P40802","Protein GENE2316",0.3572,1,0.964048,0,0.0159,6,2,FALSE,FALSE,FALSE
"GENE0532","GENE0532_HUMAN","P31489","Protein GENE0532",0.033,1,0.452253,0,0.3446,5,6,FALSE,FALSE,FALSE
"GENE1845","GENE1845_HUMAN","P63774","Protein GENE1845",0.1649,1,0.783783,0,0.1058,3,2,FALSE,FALSE,FALSE
"GENE2242","GENE2242_HUMAN","P91527","Protein GENE2242",-0.1282,1,0.884836,0,0.0531,6,3,FALSE,FALSE,FALSE
"GENE0491","GENE0491_HUMAN","P94829","Protein GENE0491",-0.8018,0.822133,0.164893,0.4763,0.7828,5,3,FALSE,FALSE,FALSE
"GENE2759","GENE2759_HUMAN","P81119","Protein GENE2759",0.5034,0.28385,0.173972,0.6975,0.7595,2,4,FALSE,FALSE,FALSE
"GENE0215","GENE0215_HUMAN","P20946","Protein GENE0215",-0.3312,0.106414,0.068865,0.9017,1.162,4,6,TRUE,FALSE,FALSE
"GENE1366","GENE1366_HUMAN","P12058","Protein GENE1366",-0.0129,1,0.446346,0,0.3503,3,3,FALSE,FALSE,FALSE
"GENE0898","GENE0898_HUMAN","P47096","Protein GENE0898",-0.0101,0.740847,0.350168,0,0.4557,2,5,FALSE,FALSE,FALSE
"GENE2745","GENE2745_HUMAN","P99069","Protein GENE2745",0.1903,1,0.809741,0,0.0917,3,3,FALSE,FALSE,FALSE
"GENE1311","GENE1311_HUMAN","P68481","Protein GENE1311",-0.4154,1,0.848388,0,0.0714,4,4,FALSE,FALSE,FALSE
"GENE2234","GENE2234_HUMAN","P11176","Protein GENE2234",0.7774,1,0.573842,0,0.2412,4,2,FALSE,TRUE,FALSE
"GENE2635","GENE2635_HUMAN","P58415","Protein GENE2635",0.5526,1,0.53802,0,0.2692,5,2,FALSE,FALSE,FALSE
"GENE1467","GENE1467_HUMAN","P58945","Protein GENE1467",0.1306,0.174056,0.119549,0.6445,0.9225,6,5,FALSE,FALSE,FALSE
"GENE2613","GENE2613_HUMAN","P00928","Protein GENE2613",-0.2739,1,0.965167,0,0.0154,5,3,FALSE,FALSE,FALSE
"GENE2492","GENE2492_HUMAN","P17539","Protein GENE2492",-0.3805,1,0.966308,0,0.0149,4,6,FALSE,FALSE,FALSE
"GENE2402","GENE2402_HUMAN","P86909","Protein GENE2402",-0.5795,1,0.994344,0,0.0025,3,4,FALSE,FALSE,FALSE
"GENE0023","GENE0023_HUMAN","P84358","Protein GENE0023",0.1177,1,0.562867,0,0.2496,6,5,TRUE,FALSE,FALSE
"GENE2505","GENE2505_HUMAN","P41743","Protein GENE2505",0.4629,1,0.981347,0,0.0082,2,3,FALSE,FALSE,FALSE
"GENE0655","GENE0655_HUMAN","P22117","Protein GENE0655",0.4143,1,0.319599,0.3312,0.4954,6,2,FALSE,FALSE,FALSE
"GENE2358","GENE2358_HUMAN","P00096","Protein GENE2358",0.1172,0.726838,0.513098,0,0.2898,3,6,FALSE,FALSE,FALSE
"GENE0520","GENE0520_HUMAN","P77554","Protein GENE0520",-0.1361,1,0.287055,0,0.542,2,3,FALSE,FALSE,FALSE
"GENE0820","GENE0820_HUMAN","P78474","Protein GENE0820",-0.4631,1,0.653921,0,0.1845,3,5,FALSE,FALSE,FALSE
"GENE0143","GENE0143_HUMAN","P18418","Protein GENE0143",-0.1569,0.39519,0.254077,0.0765,0.595,6,4,FALSE,FALSE,FALSE
"GENE2228","GENE2228_HUMAN","P34832","Protein GENE2228",2.9794,0.22389,0.045377,0.8327,1.3432,5,3,FALSE,FALSE,TRUE
"GENE2210","GENE2210_HUMAN","P13468","Protein GENE2210",1.0425,1,0.783294,0.1036,0.1061,6,4,FALSE,FALSE,FALSE
"GENE1067","GENE1067_HUMAN","P57304","Protein GENE1067",0.2344,0.278046,0.171513,0.2045,0.7657,2,4,FALSE,FALSE,FALSE
"GENE2129","GENE2129_HUMAN","P48929","Protein GENE2129",0.204,0.362652,0.323352,0,0.4903,5,6,FALSE,FALSE,FALSE
"GENE1476","GENE1476_HUMAN","P49098","Protein GENE1476",-0.3188,1,0.845997,0,0.0726,5,4,FALSE,FALSE,FALSE
"GENE1929","GENE1929_HUMAN","P87853","Protein GENE1929",-0.1933,0.313813,0.105985,0.3505,0.9748,3,3,FALSE,FALSE,FALSE
"GENE0981","GENE0981_HUMAN","P12299","Protein GENE0981",-0.1399,1,0.991537,0,0.0037,3,6,FALSE,FALSE,FALSE
"GENE1007","GENE1007_HUMAN","P03432","Protein GENE1007",0.0313,0.322102,0.121881,0.2587,0.9141,3,2,FALSE,FALSE,FALSE
"GENE2015","GENE2015_HUMAN","P46505","Protein GENE2015",0.4411,1,0.460099,0,0.3371,2,2,FALSE,FALSE,FALSE
"GENE1745","GENE1745_HUMAN","P52234","Protein GENE1745",0.8139,0.824761,0.305092,0,0.5156,2,6,FALSE,FALSE,FALSE
"GENE0227","GENE0227_HUMAN","P18760","Protein GENE0227",-0.0033,1,0.805625,0,0.0939,5,3,FALSE,FALSE,FALSE
"GENE2097","GENE2097_HUMAN","P23530","Protein GENE2097",0.2594,1,0.529874,0,0.2758,3,2,FALSE,FALSE,FALSE
"GENE0169","GENE0169_HUMAN","P00985","Protein GENE0169",0.4158,0.185589,0.089345,1.0135,1.0489,6,2,FALSE,FALSE,FALSE
"GENE1061","GENE1061_HUMAN","P56453","Protein GENE1061",-1.1005,1,0.646996,0,0.1891,3,4,FALSE,FALSE,FALSE
"GENE0732","GENE0732_HUMAN","P87510","Protein GENE0732",-0.093,1,0.214896,0.3914,0.6678,2,3,FALSE,FALSE,FALSE
"GENE1292","GENE1292_HUMAN","P13321","Protein GENE1292",0.2869,0.292015,0.255303,0.4213,0.5929,3,5,FALSE,FALSE,FALSE
"GENE0323","GENE0323_HUMAN","P21873","Protein GENE0323",-0.036,0.402161,0.13281,0.3977,0.8768,5,5,FALSE,FALSE,FALSE
"GENE1798","GENE1798_HUMAN","P36057","Protein GENE1798",-0.0308,1,0.518484,0,0.2853,5,5,FALSE,FALSE,FALSE
"GENE1264","GENE1264_HUMAN","P87698","Protein GENE1264",-0.8431,0.814908,0.787747,0,0.1036,5,4,FALSE,FALSE,FALSE
"GENE1211","GENE1211_HUMAN","P96810","Protein GENE1211",0.7802,1,0.437294,0,0.3592,5,4,FALSE,FALSE,FALSE
"GENE0716","GENE0716_HUMAN","P20826","Protein GENE0716",0.0705,1,0.448546,0.3266,0.3482,3,6,FALSE,FALSE,FALSE
"GENE1775","GENE1775_HUMAN","P18042","Protein GENE1775",0.2282,1,0.544333,0,0.2641,3,5,FALSE,FALSE,FALSE
"GENE0811","GENE0811_HUMAN","P36739","Protein GENE0811",0.3379,0.891871,0.302091,0.143,0.5199,3,3,FALSE,FALSE,FALSE
"GENE2818","GENE2818_HUMAN","P42091","Protein GENE2818",0.4835,0.650054,0.569317,0,0.2446,2,6,FALSE,FALSE,FALSE
"GENE0635","GENE0635_HUMAN","P49462","Protein GENE0635",-0.03,1,0.682088,0,0.1662,3,4,FALSE,FALSE,FALSE
"GENE1236","GENE1236_HUMAN","P81150","Protein GENE1236",-0.0809,0.248423,0.159967,0.3243,0.796,3,6,FALSE,FALSE,FALSE
"GENE0585","GENE0585_HUMAN","P73935","Protein GENE0585",-0.3658,1,0.805994,0,0.0937,3,2,FALSE,FALSE,FALSE
"GENE0193","GENE0193_HUMAN","P89703","Protein GENE0193",1.3171,0.095028,0.021591,1.0975,1.6657,4,4,FALSE,FALSE,TRUE
"GENE2828","GENE2828_HUMAN","P30110","Protein GENE2828",0.2456,0.693703,0.164789,0.7826,0.7831,5,2,FALSE,FALSE,FALSE
"GENE0271","GENE0271_HUMAN","P33977","Protein GENE0271",0.8363,0.967269,0.575335,0,0.2401,3,6,FALSE,FALSE,FALSE
"GENE2845","GENE2845_HUMAN","P09536","Protein GENE2845",-0.4397,1,0.462233,0.0393,0.3351,6,6,FALSE,FALSE,FALSE
"GENE2403","GENE2403_HUMAN","P92512","Protein GENE2403",-0.2471,0.34544,0.223049,0.3952,0.6516,3,4,FALSE,FALSE,FALSE
"GENE1690","GENE1690_HUMAN","P77540","Protein GENE1690",0.6373,0.60424,0.19323,0.0168,0.7139,2,5,TRUE,FALSE,FALSE
"GENE1460","GENE1460_HUMAN","P52564","Protein GENE1460",-0.7675,0.426334,0.109845,0.7413,0.9592,3,5,FALSE,FALSE,FALSE
"LARP1","LARP1_HUMAN","P52618","Protein LARP1",0.4003,0.53343,0.381577,0,0.4184,6,4,FALSE,FALSE,FALSE
"GENE0672","GENE0672_HUMAN","P93624","Protein GENE0672",-1.1847,1,0.745825,0,0.1274,3,4,TRUE,FALSE,FALSE
"GENE0726","GENE0726_HUMAN","P17652","Protein GENE0726",0.2198,0.624326,0.257593,0,0.5891,6,2,FALSE,FALSE,FALSE
"GENE0123","GENE0123_HUMAN","P31588","Protein GENE0123",2.324,0.066285,0.039161,1.1724,1.4072,5,5,FALSE,FALSE,TRUE
"GENE2042","GENE2042_HUMAN","P65989","Protein GENE2042",-0.3439,1,0.500806,0,0.3003,2,6,FALSE,FALSE,FALSE
"GENE1825","GENE1825_HUMAN","P67349","Protein GENE1825",0.252,0.506673,0.38317,0.2299,0.4166,5,2,FALSE,FALSE,FALSE
"GENE0831","GENE0831_HUMAN","P81949","Protein GENE0831",0.3916,1,0.687821,0,0.1625,4,6,FALSE,FALSE,FALSE
"GENE1034","GENE1034_HUMAN","P25294","Protein GENE1034",0.3245,1,0.965958,0,0.015,5,6,FALSE,TRUE,FALSE
"GENE1706","GENE1706_HUMAN","P10602","Protein GENE1706",-0.4787,0.424248,0.088766,0.7084,1.0518,3,5,FALSE,FALSE,FALSE
"GENE2768","GENE2768_HUMAN","P71456","Protein GENE2768",0.0437,1,0.853511,0,0.0688,2,2,FALSE,FALSE,FALSE
"GENE0264","GENE0264_HUMAN","P57580","Protein GENE0264",0.0501,0.208513,0.120094,0.6087,0.9205,4,4,FALSE,FALSE,FALSE
"GENE2323","GENE2323_HUMAN","P42494","Protein GENE2323",0.5227,0.712961,0.178536,0.1998,0.7483,6,3,FALSE,FALSE,FALSE
"GENE0239","GENE0239_HUMAN","P41141","Protein GENE0239",-0.0519,0.730532,0.529674,0,0.276,2,2,FALSE,FALSE,FALSE
"GENE0251","GENE0251_HUMAN","P92506","Protein GENE0251",-0.4036,1,0.497069,0,0.3036,6,3,FALSE,FALSE,FALSE
"ASCC1","ASCC1_HUMAN","P71693","Protein ASCC1",1.4586,0.058376,0.026133,1.427,1.5828,3,4,FALSE,FALSE,TRUE
"GENE1041","GENE1041_HUMAN","P14697","Protein GENE1041",-0.4296,0.542688,0.143484,0.5306,0.8432,5,3,TRUE,FALSE,FALSE
"GENE1547","GENE1547_HUMAN","P44746","Protein GENE1547",0.1177,1,0.783057,0.0704,0.1062,4,5,FALSE,TRUE,FALSE
"GENE2369","GENE2369_HUMAN","P08094","Protein GENE2369",0.6961,0.73987,0.496386,0,0.3042,5,6,FALSE,FALSE,FALSE
"GENE0874","GENE0874_HUMAN","P29634","Protein GENE0874",0.3363,0.538216,0.537193,0,0.2699,5,2,FALSE,FALSE,FALSE
"GENE1975","GENE1975_HUMAN","P50633","Protein GENE1975",0.1512,1,0.926621,0,0.0331,4,4,FALSE,FALSE,FALSE
"NEK1","NEK1_HUMAN","P06971","Protein NEK1",0.0629,0.199723,0.062704,0.7491,1.2027,2,3,FALSE,FALSE,FALSE
"GENE2010","GENE2010_HUMAN","P18791","Protein GENE2010",0.6675,0.320241,0.081239,0.7199,1.0902,2,5,FALSE,FALSE,FALSE
"GENE2133","GENE2133_HUMAN","P24340","Protein GENE2133",-0.0128,1,0.836032,0,0.0778,4,4,FALSE,FALSE,FALSE
"GENE0381","GENE0381_HUMAN","P86119","Protein GENE0381",0.1503,1,0.708163,0,0.1499,4,5,FALSE,FALSE,FALSE
"GENE2805","GENE2805_HUMAN","P94597","Protein GENE2805",0.5331,1,0.914212,0,0.039,2,4,FALSE,FALSE,FALSE
"GENE1997","GENE1997_HUMAN","P69933","Protein GENE1997",-0.5597,0.552218,0.138263,0.2044,0.8593,4,5,FALSE,FALSE,FALSE
"GENE0803","GENE0803_HUMAN","P23843","Protein GENE0803",0.0505,1,0.419522,0.0801,0.3772,6,4,FALSE,FALSE,FALSE
"GENE0202","GENE0202_HUMAN","P40329","Protein GENE0202",0.4409,0.518027,0.157066,0.7542,0.8039,5,4,FALSE,FALSE,FALSE
"GENE1932","GENE1932_HUMAN","P77159","Protein GENE1932",-0.2406,0.82865,0.212765,0.2077,0.6721,2,6,FALSE,FALSE,FALSE
"GENE2547","GENE2547_HUMAN","P07296","Protein GENE2547",0.008,1,0.324558,0,0.4887,5,4,TRUE,TRUE,FALSE
"GENE1863","GENE1863_HUMAN","P81007","Protein GENE1863",0.2332,0.405104,0.340515,0.0068,0.4679,2,5,TRUE,FALSE,FALSE
"GENE2744","GENE2744_HUMAN","P37516","Protein GENE2744",0.3348,0.187084,0.078587,0.6775,1.1046,5,5,TRUE,FALSE,FALSE
"GENE0409","GENE0409_HUMAN","P61904","Protein GENE0409",0.4809,1,0.480393,0.2496,0.3184,3,4,FALSE,FALSE,FALSE
"GENE2051","GENE2051_HUMAN","P25627","Protein GENE2051",-0.1913,1,0.787143,0,0.1039,3,2,TRUE,FALSE,FALSE
"GENE0852","GENE0852_HUMAN","P76720","Protein GENE0852",-4.4046,0.137345,0.035056,0.775,1.4552,5,2,FALSE,FALSE,TRUE
"GENE1502","GENE1502_HUMAN","P01968","Protein GENE1502",-0.0532,0.89334,0.499812,0,0.3012,6,5,FALSE,TRUE,FALSE
"GENE1821","GENE1821_HUMAN","P06596","Protein GENE1821",0.0785,0.913876,0.218487,0.3984,0.6606,2,3,FALSE,TRUE,FALSE
"GENE2382","GENE2382_HUMAN","P67915","Protein GENE2382",-0.1308,0.614576,0.13241,0.2212,0.8781,4,5,FALSE,FALSE,FALSE
"GENE2439","GENE2439_HUMAN","P32335","Protein GENE2439",0.0144,1,0.604795,0,0.2184,6,2,FALSE,TRUE,FALSE
"GENE0396","GENE0396_HUMAN","P49673","Protein GENE0396",0.1842,1,0.714773,0.0754,0.1458,3,4,FALSE,FALSE,FALSE
"GENE2861","GENE2861_HUMAN","P08461","Protein GENE2861",0.5332,1,0.331873,0.2432,0.479,4,5,FALSE,FALSE,FALSE
"GENE1116","GENE1116_HUMAN","P32761","Protein GENE1116",0.2317,1,0.898979,0,0.0463,6,2,FALSE,FALSE,FALSE
"GENE2665","GENE2665_HUMAN","P80388","Protein GENE2665",0.05,1,0.925588,0,0.0336,5,3,FALSE,TRUE,FALSE
"GENE0247","GENE0247_HUMAN","P83107","Protein GENE0247",-0.5449,1,0.958857,0,0.0182,6,5,FALSE,FALSE,FALSE
"GENE2350","GENE2350_HUMAN","P17425","Protein GENE2350",0.0884,1,0.797341,0,0.0984,4,4,FALSE,FALSE,FALSE
"GENE2556","GENE2556_HUMAN","P52231","Protein GENE2556",0.5809,1,0.865097,0,0.0629,6,3,FALSE,FALSE,FALSE
"GENE0642","GENE0642_HUMAN","P01806","Protein GENE0642",0.185,1,0.787925,0,0.1035,5,2,FALSE,TRUE,FALSE
"GENE1042","GENE1042_HUMAN","P54855","Protein GENE1042",0.2916,1,0.434031,0,0.3625,5,3,FALSE,FALSE,FALSE
"GENE1688","GENE1688_HUMAN","P49231","Protein GENE1688",-0.1389,1,0.890375,0,0.0504,6,4,FALSE,FALSE,FALSE
"GENE1121","GENE1121_HUMAN","P44496","Protein GENE1121",0.0015,1,0.30055,0.2223,0.5221,6,6,FALSE,FALSE,FALSE
"GENE1781","GENE1781_HUMAN","P78225","Protein GENE1781",-0.0111,0.477379,0.095563,0.3665,1.0197,5,3,FALSE,FALSE,FALSE
"GENE1880","GENE1880_HUMAN","P13024","Protein GENE1880",0.2004,0.652219,0.148893,0.252,0.8271,5,6,FALSE,FALSE,FALSE
"GENE1091","GENE1091_HUMAN","P02578","Protein GENE1091",0.0464,1,0.414691,0.0057,0.3823,5,2,FALSE,FALSE,FALSE
"GENE1823","GENE1823_HUMAN","P46169","Protein GENE1823",0.2177,0.40818,0.143494,0.3189,0.8432,2,5,FALSE,FALSE,FALSE
"GENE1127","GENE1127_HUMAN","P96397","Protein GENE1127",-0.1298,1,0.405591,0.1599,0.3919,6,2,FALSE,FALSE,FALSE
"GENE2196","GENE2196_HUMAN","P97555","Protein GENE2196",0.0635,0.69642,0.519616,0,0.2843,5,3,FALSE,FALSE,FALSE
"GENE1217","GENE1217_HUMAN","P19548","Protein GENE1217",-0.4964,1,0.41,0.2415,0.3872,5,5,FALSE,FALSE,FALSE
"GENE1833","GENE1833_HUMAN","P80615","Protein GENE1833",0.2453,0.914809,0.667672,0,0.1754,3,5,FALSE,FALSE,FALSE
"GENE2122","GENE2122_HUMAN","P96024","Protein GENE2122",0.2488,1,0.704266,0,0.1523,2,2,FALSE,FALSE,FALSE
"GENE1676","GENE1676_HUMAN","P10065","Protein GENE1676",-0.7816,0.323556,0.068263,0.8053,1.1658,6,5,FALSE,FALSE,FALSE
"GENE2720","GENE2720_HUMAN","P09755","Protein GENE2720",-0.3689,1,0.841621,0,0.0749,6,3,FALSE,FALSE,FALSE
"GENE1995","GENE1995_HUMAN","P11391","Protein GENE1995",0.6583,0.205223,0.063516,0.5047,1.1971,5,4,FALSE,FALSE,FALSE
"GENE1738","GENE1738_HUMAN","P47599","Protein GENE1738",-0.5376,1,0.632148,0,0.1992,6,3,FALSE,FALSE,FALSE
"GENE1882","GENE1882_HUMAN","P16994","Protein GENE1882",0.5211,1,0.987897,0,0.0053,5,3,FALSE,FALSE,FALSE
"GENE1586","GENE1586_HUMAN","P33847","Protein GENE1586",-0.5454,1,0.799778,0,0.097,6,2,FALSE,FALSE,FALSE
"GENE1619","GENE1619_HUMAN","P29007","Protein GENE1619",0.6931,1,0.834412,0,0.0786,2,6,FALSE,FALSE,FALSE
"GENE1370","GENE1370_HUMAN","P22375","Protein GENE1370",-0.4291,1,0.253301,0.4125,0.5964,4,3,FALSE,FALSE,FALSE
"GENE2632","GENE2632_HUMAN","P89837","Protein GENE2632",-0.2165,0.533438,0.263301,0,0.5795,4,6,FALSE,FALSE,FALSE
"GENE0338","GENE0338_HUMAN","P74127","Protein GENE0338",0.2151,1,0.833125,0,0.0793,6,2,FALSE,FALSE,FALSE
"GENE2520","GENE2520_HUMAN","P44121","Protein GENE2520",-0.2854,1,0.494734,0,0.3056,4,6,FALSE,FALSE,FALSE
"GENE1489","GENE1489_HUMAN","P51027","Protein GENE1489",0.2205,1,0.838239,0,0.0766,6,5,FALSE,FALSE,FALSE
"GENE1101","GENE1101_HUMAN","P43351","Protein GENE1101",-0.4084,0.245938,0.234258,0,0.6303,5,3,FALSE,FALSE,FALSE
"GENE1083","GENE1083_HUMAN","P65340","Protein GENE1083",-0.3736,1,0.884401,0,0.0534,6,3,TRUE,FALSE,FALSE
"GENE1209","GENE1209_HUMAN","P99678","Protein GENE1209",0.5259,0.799002,0.459465,0.0587,0.3377,5,6,FALSE,FALSE,FALSE
"GENE2349","GENE2349_HUMAN","P01343","Protein GENE2349",-0.0618,1,0.908857,0,0.0415,4,5,FALSE,FALSE,FALSE
"GENE0499","GENE0499_HUMAN","P07982","Protein GENE0499",-0.595,1,0.887936,0,0.0516,2,4,FALSE,FALSE,FALSE
"GENE1746","GENE1746_HUMAN","P87232","Protein GENE1746",-0.0808,0.250699,0.107338,0.3849,0.9692,6,6,FALSE,FALSE,FALSE
"GENE1487","GENE1487_HUMAN","P33013","Protein GENE1487",0.4262,1,0.337655,0.1908,0.4715,6,3,FALSE,TRUE,FALSE
"GENE0172","GENE0172_HUMAN","P90715","Protein GENE0172",0.4478,0.725818,0.329434,0,0.4822,5,5,FALSE,FALSE,FALSE
"GENE1648","GENE1648_HUMAN","P07637","Protein GENE1648",0.7404,0.293322,0.20442,0.0061,0.6895,2,6,FALSE,FALSE,FALSE
"GENE1996","GENE1996_HUMAN","P95071","Protein GENE1996",-0.1337,1,0.995802,0,0.0018,2,6,FALSE,FALSE,FALSE
"GENE0588","GENE0588_HUMAN","P85739","Protein GENE0588",-0.0196,1,0.852643,0,0.0692,5,2,FALSE,TRUE,FALSE
"GENE0853","GENE0853_HUMAN","P23046","Protein GENE0853",-0.466,0.928903,0.36909,0.1506,0.4329,5,6,FALSE,FALSE,FALSE
"GENE1043","GENE1043_HUMAN","P44790","Protein GENE1043",-0.0124,1,0.856111,0,0.0675,2,3,FALSE,FALSE,FALSE
"GENE2063","GENE2063_HUMAN","P81001","Protein GENE2063",0.0504,1,0.621704,0,0.2064,5,6,FALSE,FALSE,FALSE
"GENE1095","GENE1095_HUMAN","P24240","Protein GENE1095",-0.3216,1,0.92007,0,0.0362,4,6,FALSE,FALSE,FALSE
"GENE1073","GENE1073_HUMAN","P45955","Protein GENE1073",0.302,1,0.880118,0,0.0555,6,5,FALSE,FALSE,FALSE
"GENE0352","GENE0352_HUMAN","P45097","Protein GENE0352",0.0916,0.379782,0.285077,0.0017,0.545,2,2,FALSE,FALSE,FALSE
"GENE1525","GENE1525_HUMAN","P13886","Protein GENE1525",0.3577,1,0.754806,0,0.1222,3,6,FALSE,FALSE,FALSE
"GENE2819","GENE2819_HUMAN","P97417","Protein GENE2819",0.8993,0.674916,0.219648,0.5198,0.6583,5,6,FALSE,TRUE,FALSE
"GENE2381","GENE2381_HUMAN","P91171","Protein GENE2381",-0.5886,0.713217,0.355717,0,0.4489,2,4,TRUE,FALSE,FALSE
"GENE0563","GENE0563_HUMAN","P91882","Protein GENE0563",0.1793,1,0.9362,0.0188,0.0286,6,6,FALSE,FALSE,FALSE
"GENE1888","GENE1888_HUMAN","P05413","Protein GENE1888",-0.0786,1,0.766649,0,0.1154,6,6,FALSE,TRUE,FALSE
"GENE1558","GENE1558_HUMAN","P24728","Protein GENE1558",0.4546,0.121322,0.105718,0.548,0.9759,2,2,FALSE,FALSE,FALSE
"GENE2377","GENE2377_HUMAN","P41439","Protein GENE2377",-0.5058,1,0.633802,0,0.198,4,5,FALSE,FALSE,FALSE
"GENE1158","GENE1158_HUMAN","P05070","Protein GENE1158",-0.4547,1,0.635423,0,0.1969,2,6,FALSE,FALSE,FALSE
"GENE0647","GENE0647_HUMAN","P21765","Protein GENE0647",-0.2722,0.959188,0.330407,0.0155,0.481,3,3,FALSE,FALSE,FALSE
"GENE0665","GENE0665_HUMAN","P21535","Protein GENE0665",0.4515,1,0.793771,0.0963,0.1003,6,2,TRUE,FALSE,FALSE
"GENE0449","GENE0449_HUMAN","P34751","Protein GENE0449",0.129,0.096137,0.061972,0.7606,1.2078,2,6,FALSE,FALSE,FALSE
"GENE0232","GENE0232_HUMAN","P67731","Protein GENE0232",0.0819,1,0.607661,0,0.2163,6,5,FALSE,FALSE,FALSE
"GENE1455","GENE1455_HUMAN","P23690","Protein GENE1455",0.1293,1,0.589571,0,0.2295,2,6,FALSE,FALSE,FALSE
"GENE1402","GENE1402_HUMAN","P43994","Protein GENE1402",0.1455,1,0.959377,0,0.018,3,4,FALSE,FALSE,FALSE
"GENE1433","GENE1433_HUMAN","P21766","Protein GENE1433",-1.1255,1,0.903563,0,0.044,3,5,FALSE,FALSE,FALSE
"GENE2553","GENE2553_HUMAN","P32420","Protein GENE2553",-0.3268,1,0.710969,0,0.1481,6,4,FALSE,FALSE,FALSE
"GENE1983","GENE1983_HUMAN","P74252","Protein GENE1983",0.0232,1,0.627933,0,0.2021,3,6,FALSE,FALSE,FALSE
"GENE0696","GENE0696_HUMAN","P01465","Protein GENE0696",0.3065,0.726806,0.252982,0.5362,0.5969,2,5,FALSE,FALSE,FALSE
"GENE1391","GENE1391_HUMAN","P69353","Protein GENE1391",-0.5485,1,0.785212,0,0.105,6,5,FALSE,FALSE,FALSE
"GENE2486","GENE2486_HUMAN","P22325","Protein GENE2486",0.3923,0.908119,0.861158,0,0.0649,3,5,FALSE,FALSE,FALSE
"GENE2113","GENE2113_HUMAN","P50484","Protein GENE2113",0.064,0.30545,0.242026,0.5253,0.6161,2,6,FALSE,FALSE,FALSE
"GENE1457","GENE1457_HUMAN","P88442","Protein GENE1457",-0.0982,1,0.326953,0,0.4855,5,3,FALSE,FALSE,FALSE
"GENE1068","GENE1068_HUMAN","P60532","Protein GENE1068",-0.4514,1,0.950465,0,0.0221,2,6,FALSE,FALSE,FALSE
"GENE1488","GENE1488_HUMAN","P73937","Protein GENE1488",0.416,1,0.265062,0,0.5767,5,2,FALSE,FALSE,FALSE
"GENE0553","GENE0553_HUMAN","P47539","Protein GENE0553",0.6761,1,0.45794,0,0.3392,5,3,FALSE,FALSE,FALSE
"GENE2653","GENE2653_HUMAN","P64785","Protein GENE2653",0.3459,1,0.304968,0.3101,0.5157,2,3,FALSE,FALSE,FALSE
"GENE1822","GENE1822_HUMAN","P62500","Protein GENE1822",0.2508,1,0.60395,0,0.219,2,5,FALSE,TRUE,FALSE
"GENE0249","GENE0249_HUMAN","P58649","Protein GENE0249",-0.0598,1,0.864851,0,0.0631,3,6,FALSE,FALSE,FALSE
"GENE1654","GENE1654_HUMAN","P38474","Protein GENE1654",-0.4486,1,0.87925,0,0.0559,2,5,FALSE,FALSE,FALSE
"GENE0177","GENE0177_HUMAN","P03330","Protein GENE0177",-0.2224,1,0.624633,0,0.2044,4,5,FALSE,FALSE,FALSE
"GENE1251","GENE1251_HUMAN","P69678","Protein GENE1251",0.2625,1,0.817936,0,0.0873,5,6,FALSE,FALSE,FALSE
"GENE0699","GENE0699_HUMAN","P10813","Protein GENE0699",0.2801,1,0.583044,0,0.2343,2,5,FALSE,TRUE,FALSE
"GENE1827","GENE1827_HUMAN","P88294","Protein GENE1827",0.3917,0.582756,0.297597,0,0.5264,3,3,FALSE,FALSE,FALSE
"GENE1416","GENE1416_HUMAN","P79119","Protein GENE1416",-0.4623,1,0.328059,0,0.484,3,2,FALSE,FALSE,FALSE
"GENE1899","GENE1899_HUMAN","P89339","Protein GENE1899",0.2314,0.920387,0.532982,0,0.2733,4,2,FALSE,FALSE,FALSE
"GENE1749","GENE1749_HUMAN","P47268","Protein GENE1749",0.512,0.78499,0.354834,0.2369,0.45,5,6,FALSE,FALSE,FALSE
"GENE1512","GENE1512_HUMAN","P92038","Protein GENE1512",1.6266,1,0.815296,0,0.0887,6,2,FALSE,FALSE,FALSE
"GENE2542","GENE2542_HUMAN","P29320","Protein GENE2542",0.3417,1,0.971804,0,0.0124,4,4,FALSE,TRUE,FALSE
"GENE2644","GENE2644_HUMAN","P43048","Protein GENE2644",0.1501,1,0.594162,0.0446,0.2261,6,3,FALSE,FALSE,FALSE
"GENE2688","GENE2688_HUMAN","P04581","Protein GENE2688",0.0471,1,0.485549,0,0.3138,3,4,FALSE,TRUE,FALSE
"GENE1742","GENE1742_HUMAN","P77677","Protein GENE1742",0.0701,1,0.538829,0,0.2685,3,2,FALSE,FALSE,FALSE
"GENE1340","GENE1340_HUMAN","P09707","Protein GENE1340",0.0304,1,0.653573,0,0.1847,3,6,FALSE,FALSE,FALSE
"GENE2795","GENE2795_HUMAN","P66243","Protein GENE2795",0.2183,0.913875,0.843897,0,0.0737,6,3,FALSE,FALSE,FALSE
"GENE0316","GENE0316_HUMAN","P97252","Protein GENE0316",-0.4372,0.753059,0.433717,0,0.3628,6,5,FALSE,FALSE,FALSE
"GENE0724","GENE0724_HUMAN","P73233","Protein GENE0724",0.0025,1,0.777557,0,0.1093,5,3,FALSE,FALSE,FALSE
"GENE1994","GENE1994_HUMAN","P49099","Protein GENE1994",-0.2196,0.508713,0.387654,0.2018,0.4116,5,5,FALSE,FALSE,FALSE
"GENE2453","GENE2453_HUMAN","P10300","Protein GENE2453",1.1737,0.001376,0.000343,2.9078,3.4647,5,2,TRUE,FALSE,TRUE
"GENE0626","GENE0626_HUMAN","P58738","Protein GENE0626",0.1713,1,0.748134,0,0.126,4,5,FALSE,FALSE,FALSE
"GENE1405","GENE1405_HUMAN","P82309","Protein GENE1405",-0.684,0.918324,0.30793,0,0.5115,2,6,FALSE,FALSE,FALSE
"GENE1914","GENE1914_HUMAN","P52199","Protein GENE1914",0.3706,1,0.962554,0,0.0166,3,6,FALSE,FALSE,FALSE
"GENE1957","GENE1957_HUMAN","P97321","Protein GENE1957",-0.1902,0.331091,0.194903,0.3679,0.7102,4,3,FALSE,FALSE,FALSE
"GENE1806","GENE1806_HUMAN","P23117","Protein GENE1806",0.0063,1,0.327609,0.2615,0.4846,6,3,FALSE,FALSE,FALSE
"GENE0538","GENE0538_HUMAN","P45344","Protein GENE0538",0.0947,0.58901,0.178662,0.5202,0.748,4,4,FALSE,FALSE,FALSE
"GENE0717","GENE0717_HUMAN","P60367","Protein GENE0717",0.3872,1,0.677337,0,0.1692,5,2,FALSE,FALSE,FALSE
"GENE1527","GENE1527_HUMAN","P73492","Protein GENE1527",-1.0184,1,0.931539,0,0.0308,3,6,FALSE,FALSE,FALSE
"GENE1599","GENE1599_HUMAN","P87171","Protein GENE1599",-0.2725,1,0.387373,0.1367,0.4119,2,2,FALSE,FALSE,FALSE
"GENE0881","GENE0881_HUMAN","P37456","Protein GENE0881",0.7296,1,0.473332,0,0.3248,6,5,FALSE,TRUE,FALSE
"GENE0014","GENE0014_HUMAN","P42319","Protein GENE0014",0.5462,0.851378,0.334156,0.1108,0.4761,6,6,FALSE,FALSE,FALSE
"GENE0189","GENE0189_HUMAN","P27689","Protein GENE0189",0.1271,1,0.750941,0,0.1244,3,2,FALSE,FALSE,FALSE
"GENE2334","GENE2334_HUMAN","P92603","Protein GENE2334",0.108,1,0.484749,0,0.3145,3,4,FALSE,FALSE,FALSE
"GENE2222","GENE2222_HUMAN","P09251","Protein GENE2222",0.3857,1,0.938168,0,0.0277,3,5,FALSE,FALSE,FALSE
"GENE0029","GENE0029_HUMAN","P82611","Protein GENE0029",-0.442,1,0.731972,0,0.1355,4,5,FALSE,FALSE,FALSE
"GENE0463","GENE0463_HUMAN","P79906","Protein GENE0463",0.2171,1,0.904249,0.0104,0.0437,3,6,FALSE,FALSE,FALSE
"GENE0408","GENE0408_HUMAN","P36914","Protein GENE0408",-0.0144,1,0.805739,0,0.0938,4,6,TRUE,FALSE,FALSE
"GENE2413","GENE2413_HUMAN","P72032","Protein GENE2413",2.0634,0.050198,0.014853,1.4307,1.8282,6,6,FALSE,FALSE,TRUE
"GENE0632","GENE0632_HUMAN","P54315","Protein GENE0632",-0.5085,0.276195,0.125634,0.2167,0.9009,6,4,FALSE,FALSE,FALSE
"GENE1766","GENE1766_HUMAN","P02892","Protein GENE1766",0.566,0.911796,0.442062,0.3186,0.3545,5,6,FALSE,FALSE,FALSE
"DDX21","DDX21_HUMAN","P31998","Protein DDX21",0.3466,1,0.879952,0,0.0555,5,2,FALSE,FALSE,FALSE
"GENE1544","GENE1544_HUMAN","P48245","Protein GENE1544",-0.2597,0.427945,0.267065,0,0.5734,5,2,FALSE,FALSE,FALSE
"GENE2498","GENE2498_HUMAN","P20469","Protein GENE2498",-0.6785,1,0.970849,0,0.0128,4,2,FALSE,TRUE,FALSE
"GENE2737","GENE2737_HUMAN","P48098","Protein GENE2737",0.3432,1,0.911314,0,0.0403,4,5,FALSE,FALSE,FALSE
"GENE1231","GENE1231_HUMAN","P68848","Protein GENE1231",-0.5609,1,0.965617,0,0.0152,5,5,FALSE,FALSE,FALSE
"GENE2511","GENE2511_HUMAN","P71443","Protein GENE2511",0.523,0.379511,0.09852,0.5775,1.0065,5,6,FALSE,FALSE,FALSE
"GENE2230","GENE2230_HUMAN","P32147","Protein GENE2230",0.3372,1,0.865048,0,0.063,3,4,FALSE,FALSE,FALSE
"GENE0339","GENE0339_HUMAN","P76215","Protein GENE0339",-0.3965,0.99621,0.706843,0,0.1507,4,4,FALSE,FALSE,FALSE
"GENE2673","GENE2673_HUMAN","P27355","Protein GENE2673",-0.5617,1,0.517427,0,0.2862,2,3,FALSE,FALSE,FALSE
"GENE2333","GENE2333_HUMAN","P24487","Protein GENE2333",0.1933,1,0.683445,0.1378,0.1653,5,4,FALSE,FALSE,FALSE
"GENE2374","GENE2374_HUMAN","P42063","Protein GENE2374",2.6475,0.002485,0.000839,2.5243,3.0765,2,2,TRUE,TRUE,TRUE
"GENE1972","GENE1972_HUMAN","P72262","Protein GENE1972",0.1583,0.973091,0.204469,0.4697,0.6894,3,5,FALSE,FALSE,FALSE
"GENE1786","GENE1786_HUMAN","P07828","Protein GENE1786",0.1614,1,0.934298,0,0.0295,3,4,FALSE,FALSE,FALSE
"GENE1526","GENE1526_HUMAN","P33047","Protein GENE1526",-0.5429,1,0.971804,0,0.0124,2,2,FALSE,TRUE,FALSE
"GENE2342","GENE2342_HUMAN","P53069","Protein GENE2342",0.5207,0.833121,0.213208,0.1825,0.6712,6,4,FALSE,FALSE,FALSE
"GENE2226","GENE2226_HUMAN","P08084","Protein GENE2226",0.4028,1,0.631909,0,0.1993,2,3,FALSE,FALSE,FALSE
"GENE0748","GENE0748_HUMAN","P60066","Protein GENE0748",0.4828,1,0.861492,0,0.0647,4,3,FALSE,FALSE,FALSE
"GENE1072","GENE1072_HUMAN","P10426","Protein GENE1072",-0.2002,1,0.511583,0,0.2911,3,6,TRUE,TRUE,FALSE
"GENE1979","GENE1979_HUMAN","P29597","Protein GENE1979",-0.1492,1,0.448818,0,0.3479,6,2,FALSE,FALSE,FALSE
"GENE2770","GENE2770_HUMAN","P71334","Protein GENE2770",0.2821,1,0.599147,0,0.2225,6,3,FALSE,FALSE,FALSE
"GENE1893","GENE1893_HUMAN","P02237","Protein GENE1893",0.2434,1,0.866444,0,0.0623,5,5,FALSE,FALSE,FALSE
"GENE0592","GENE0592_HUMAN","P30323","Protein GENE0592",-0.5494,1,0.515858,0,0.2875,6,2,TRUE,FALSE,FALSE
"GENE2021","GENE2021_HUMAN","P11739","Protein GENE2021",0.6218,1,0.9544,0,0.0203,2,5,FALSE,FALSE,FALSE
"GENE0743","GENE0743_HUMAN","P83859","Protein GENE0743",0.2992,0.776778,0.253479,0.3895,0.5961,6,4,FALSE,FALSE,FALSE
"GENE0630","GENE0630_HUMAN","P63385","Protein GENE0630",0.4777,1,0.918865,0.0118,0.0367,4,6,FALSE,FALSE,FALSE
"GENE2329","GENE2329_HUMAN","P81044","Protein GENE2329",-0.2998,1,0.717548,0.1115,0.1441,6,3,FALSE,FALSE,FALSE
"GENE0902","GENE0902_HUMAN","P90363","Protein GENE0902",0.4793,1,0.654903,0,0.1838,6,3,FALSE,FALSE,FALSE
"GENE0336","GENE0336_HUMAN","P80473","Protein GENE0336",-0.7311,0.068964,0.023909,1.0442,1.6214,5,3,FALSE,FALSE,TRUE
"GENE0045","GENE0045_HUMAN","P01989","Protein GENE0045",0.5865,1,0.728967,0.102,0.1373,5,6,FALSE,FALSE,FALSE
"GENE2044","GENE2044_HUMAN","P23271","Protein GENE2044",-0.6983,1,0.667487,0,0.1756,2,2,FALSE,FALSE,FALSE
"NCOA3","NCOA3_HUMAN","P70663","Protein NCOA3",-0.5206,1,0.891302,0,0.05,5,2,FALSE,FALSE,FALSE
"GENE2592","GENE2592_HUMAN","P27211","Protein GENE2592",0.1654,1,0.749136,0,0.1254,6,6,FALSE,FALSE,FALSE
"GENE1306","GENE1306_HUMAN","P66790","Protein GENE1306",-0.563,1,0.699126,0,0.1554,5,4,FALSE,FALSE,FALSE
"GENE2546","GENE2546_HUMAN","P74848","Protein GENE2546",0.1169,1,0.939222,0,0.0272,3,4,FALSE,FALSE,FALSE
"GENE1853","GENE1853_HUMAN","P33636","Protein GENE1853",-0.492,1,0.851707,0,0.0697,4,5,FALSE,FALSE,FALSE
"GENE2022","GENE2022_HUMAN","P70183","Protein GENE2022",0.098,1,0.622312,0,0.206,4,4,FALSE,FALSE,FALSE
"GENE2411","GENE2411_HUMAN","P70568","Protein GENE2411",0.4801,1,0.984328,0,0.0069,2,3,FALSE,FALSE,FALSE
"GENE0028","GENE0028_HUMAN","P11421","Protein GENE0028",-0.9347,1,0.334655,0,0.4754,5,5,FALSE,TRUE,FALSE
"GENE2672","GENE2672_HUMAN","P74435","Protein GENE2672",0.2906,1,0.574236,0,0.2409,5,3,TRUE,FALSE,FALSE
"GENE1363","GENE1363_HUMAN","P99204","Protein GENE1363",-0.141,0.840419,0.182655,0.2336,0.7384,5,4,TRUE,FALSE,FALSE
"GENE1824","GENE1824_HUMAN","P81742","Protein GENE1824",0.006,1,0.772597,0,0.112,5,6,FALSE,TRUE,FALSE
"GENE1858","GENE1858_HUMAN","P25373","Protein GENE1858",0.0099,0.215605,0.155725,0.3174,0.8076,2,3,FALSE,FALSE,FALSE
"GENE1295","GENE1295_HUMAN","P82403","Protein GENE1295",0.3519,0.691433,0.624941,0,0.2042,2,2,FALSE,FALSE,FALSE
"DDX41","DDX41_HUMAN","P63057","Protein DDX41",0.1639,1,0.72768,0,0.1381,6,5,TRUE,TRUE,FALSE
"GENE0744","GENE0744_HUMAN","P62018","Protein GENE0744",0.589,0.283406,0.070765,0.8294,1.1502,5,5,FALSE,FALSE,FALSE
"GENE2880","GENE2880_HUMAN","P37272","Protein GENE2880",-0.4995,0.92117,0.603618,0,0.2192,2,6,FALSE,FALSE,FALSE
"GENE0762","GENE0762_HUMAN","P04170","Protein GENE0762",-0.5272,1,0.691002,0,0.1605,2,6,FALSE,FALSE,FALSE
"GENE1372","GENE1372_HUMAN","P70829","Protein GENE1372",0.2194,0.929086,0.535221,0,0.2715,2,3,TRUE,FALSE,FALSE
"GENE2780","GENE2780_HUMAN","P60933","Protein GENE2780",0.6569,1,0.368622,0.1973,0.4334,3,6,FALSE,FALSE,FALSE
"GENE0369","GENE0369_HUMAN","P60135","Protein GENE0369",0.3717,0.771175,0.222681,0,0.6523,5,5,FALSE,FALSE,FALSE
"GENE1197","GENE1197_HUMAN","P30484","Protein GENE1197",-0.0703,0.718717,0.286528,0.3405,0.5428,3,4,FALSE,TRUE,FALSE
"GENE1903","GENE1903_HUMAN","P11532","Protein GENE1903",0.3266,1,0.494268,0,0.306,2,5,TRUE,FALSE,FALSE
"GENE2257","GENE2257_HUMAN","P46073","Protein GENE2257",0.024,0.441504,0.257084,0,0.5899,6,3,FALSE,FALSE,FALSE
"GENE0904","GENE0904_HUMAN","P59536","Protein GENE0904",0.4322,0.442765,0.186149,0.0569,0.7301,2,2,FALSE,FALSE,FALSE
"GENE1152","GENE1152_HUMAN","P69960","Protein GENE1152",0.4006,1,0.68953,0,0.1614,4,6,FALSE,FALSE,FALSE
"GENE1164","GENE1164_HUMAN","P78740","Protein GENE1164",0.8602,1,0.851873,0,0.0696,5,4,FALSE,FALSE,FALSE
"GENE0270","GENE0270_HUMAN","P89257","Protein GENE0270",0.111,0.608822,0.305391,0.272,0.5151,2,3,FALSE,FALSE,FALSE
"GENE1144","GENE1144_HUMAN","P03186","Protein GENE1144",0.3418,1,0.555919,0.0339,0.255,4,3,FALSE,FALSE,FALSE
"GENE1409","GENE1409_HUMAN","P74448","Protein GENE1409",0.0739,0.788737,0.343451,0.2181,0.4641,3,6,FALSE,FALSE,FALSE
"GENE0183","GENE0183_HUMAN","P76647","Protein GENE0183",0.1574,1,0.791597,0,0.1015,5,2,FALSE,FALSE,FALSE
"GENE2341","GENE2341_HUMAN","P55272","Protein GENE2341",4.4818,0.113111,0.035312,0.8408,1.4521,2,3,FALSE,FALSE,TRUE
"GENE0771","GENE0771_HUMAN","P81599","Protein GENE0771",0.4388,1,0.477116,0.154,0.3214,2,5,FALSE,FALSE,FALSE
"GENE1378","GENE1378_HUMAN","P16855","Protein GENE1378",-0.3908,1,0.656358,0,0.1829,5,3,FALSE,FALSE,FALSE
"GENE0386","GENE0386_HUMAN","P55156","Protein GENE0386",0.3393,0.511818,0.308856,0,0.5102,3,3,FALSE,FALSE,FALSE
"GENE0860","GENE0860_HUMAN","P65063","Protein GENE0860",0.0516,1,0.487838,0,0.3117,6,5,FALSE,FALSE,FALSE
"GENE2567","GENE2567_HUMAN","P55551","Protein GENE2567",0.2523,0.396824,0.177463,0.1226,0.7509,6,3,FALSE,FALSE,FALSE
"GENE1451","GENE1451_HUMAN","P63571","Protein GENE1451",-0.3315,1,0.956894,0,0.0191,4,4,FALSE,FALSE,FALSE
"GENE0514","GENE0514_HUMAN","P84412","Protein GENE0514",-0.289,1,0.984359,0,0.0068,6,6,FALSE,FALSE,FALSE
"GENE0268","GENE0268_HUMAN","P36862","Protein GENE0268",0.48,0.48209,0.115696,0.5434,0.9367,2,2,FALSE,TRUE,FALSE
"GENE1681","GENE1681_HUMAN","P49295","Protein GENE1681",-0.1165,1,0.641567,0,0.1928,2,6,FALSE,FALSE,FALSE
"GENE1906","GENE1906_HUMAN","P62934","Protein GENE1906",0.5308,1,0.865702,0,0.0626,3,6,FALSE,FALSE,FALSE
"GENE0507","GENE0507_HUMAN","P37929","Protein GENE0507",-0.1959,1,0.665154,0,0.1771,4,6,TRUE,FALSE,FALSE
"GENE2057","GENE2057_HUMAN","P23244","Protein GENE2057",-0.3226,0.8982,0.774567,0,0.1109,6,6,FALSE,FALSE,FALSE
"GENE0364","GENE0364_HUMAN","P41787","Protein GENE0364",-0.1779,1,0.399132,0.0498,0.3989,6,2,FALSE,FALSE,FALSE
"GENE1936","GENE1936_HUMAN","P16430","Protein GENE1936",-0.3011,1,0.916107,0,0.0381,2,6,FALSE,FALSE,FALSE
"GENE1282","GENE1282_HUMAN","P89481","Protein GENE1282",-0.3526,1,0.53039,0,0.2754,2,6,FALSE,FALSE,FALSE
"GENE0990","GENE0990_HUMAN","P39704","Protein GENE0990",0.3613,1,0.839047,0,0.0762,3,3,FALSE,TRUE,FALSE
"GENE0335","GENE0335_HUMAN","P53528","Protein GENE0335",-0.1084,1,0.274843,0.0427,0.5609,3,3,FALSE,TRUE,FALSE
"GENE0433","GENE0433_HUMAN","P57627","Protein GENE0433",-0.2199,0.675016,0.639954,0,0.1939,5,2,FALSE,FALSE,FALSE
"GENE1065","GENE1065_HUMAN","P15132","Protein GENE1065",-0.3102,1,0.68711,0,0.163,5,5,FALSE,FALSE,FALSE
"GENE2452","GENE2452_HUMAN","P15609","Protein GENE2452",-0.3141,1,0.410245,0,0.387,4,3,TRUE,FALSE,FALSE
"GENE0426","GENE0426_HUMAN","P95209","Protein GENE0426",-0.1959,0.571474,0.285681,0.0673,0.5441,3,5,FALSE,FALSE,FALSE
"GENE1431","GENE1431_HUMAN","P00770","Protein GENE1431",-0.0544,1,0.934901,0,0.0292,5,6,TRUE,FALSE,FALSE
"GENE1758","GENE1758_HUMAN","P47766","Protein GENE1758",0.5186,1,0.407804,0,0.3895,2,5,FALSE,FALSE,FALSE
"GENE2794","GENE2794_HUMAN","P75236","Protein GENE2794",-0.1848,1,0.65849,0,0.1815,5,3,FALSE,FALSE,FALSE
"GENE1662","GENE1662_HUMAN","P26960","Protein GENE1662",0.0368,1,0.564938,0,0.248,5,3,FALSE,FALSE,FALSE
"GENE0327","GENE0327_HUMAN","P74423","Protein GENE0327",0.0777,1,0.333086,0,0.4774,2,5,FALSE,FALSE,FALSE
"GENE1188","GENE1188_HUMAN","P57612","Protein GENE1188",0.2007,1,0.806397,0,0.0935,4,2,FALSE,FALSE,FALSE
"GENE1398","GENE1398_HUMAN","P03534","Protein GENE1398",0.1109,0.635123,0.282221,0.5457,0.5494,3,5,FALSE,FALSE,FALSE
"GENE0776","GENE0776_HUMAN","P41079","Protein GENE0776",0.5869,1,0.964905,0,0.0155,2,5,FALSE,FALSE,FALSE
"GENE2328","GENE2328_HUMAN","P18704","Protein GENE2328",-0.2393,1,0.93991,0,0.0269,4,3,FALSE,FALSE,FALSE
"GENE0425","GENE0425_HUMAN","P02374","Protein GENE0425",0.6281,0.594398,0.201743,0.0997,0.6952,4,2,FALSE,FALSE,FALSE
"GENE2643","GENE2643_HUMAN","P42732","Protein GENE2643",-0.3972,1,0.887924,0,0.0516,2,3,FALSE,FALSE,FALSE
"GENE1179","GENE1179_HUMAN","P65133","Protein GENE1179",0.0338,1,0.562568,0.0736,0.2498,5,5,FALSE,FALSE,FALSE
"GENE1638","GENE1638_HUMAN","P34877","Protein GENE1638",0.1701,0.421272,0.1191,0.3703,0.9241,5,5,FALSE,FALSE,FALSE
"GENE0293","GENE0293_HUMAN","P70272","Protein GENE0293",-0.0719,1,0.860672,0,0.0652,3,2,TRUE,FALSE,FALSE
"GENE1048","GENE1048_HUMAN","P66608","Protein GENE1048",-0.0207,0.222661,0.083159,0.8366,1.0801,6,4,FALSE,FALSE,FALSE
"GENE0046","GENE0046_HUMAN","P12779","Protein GENE0046",0.1938,1,0.7959,0,0.0991,3,6,FALSE,FALSE,FALSE
"GENE2621","GENE2621_HUMAN","P34511","Protein GENE2621",-0.0885,1,0.989125,0,0.0047,6,4,FALSE,TRUE,FALSE
"GENE0666","GENE0666_HUMAN","P30300","Protein GENE0666",-0.0551,0.28917,0.07563,0.5421,1.1213,4,2,FALSE,FALSE,FALSE
"GENE1736","GENE1736_HUMAN","P29264","Protein GENE1736",-0.2596,1,0.721406,0,0.1418,6,6,FALSE,FALSE,FALSE
"GENE0209","GENE0209_HUMAN","P40590","Protein GENE0209",0.696,0.959823,0.41482,0,0.3821,3,4,FALSE,FALSE,FALSE
"GENE1632","GENE1632_HUMAN","P18620","Protein GENE1632",0.3217,1,0.662888,0,0.1786,6,6,FALSE,FALSE,FALSE
"GENE0690","GENE0690_HUMAN","P07968","Protein GENE0690",0.7821,1,0.383082,0,0.4167,5,4,FALSE,FALSE,FALSE
"GENE1200","GENE1200_HUMAN","P35765","Protein GENE1200",0.1499,1,0.233744,0.372,0.6313,3,3,FALSE,FALSE,FALSE
"GENE2443","GENE2443_HUMAN","P21287","Protein GENE2443",0.8292,1,0.678199,0,0.1686,3,2,FALSE,FALSE,FALSE
"GENE1283","GENE1283_HUMAN","P28740","Protein GENE1283",0.2704,1,0.634939,0,0.1973,6,3,FALSE,FALSE,FALSE
"GENE0676","GENE0676_HUMAN","P99750","Protein GENE0676",-0.6995,1,0.709109,0,0.1493,6,4,FALSE,FALSE,FALSE
"GENE2493","GENE2493_HUMAN","P82433","Protein GENE2493",-0.6548,1,0.887604,0,0.0518,5,3,TRUE,FALSE,FALSE
"GENE2898","GENE2898_HUMAN","P86174","Protein GENE2898",0.2468,0.959599,0.732871,0,0.135,2,4,FALSE,TRUE,FALSE
"GENE2883","GENE2883_HUMAN","P27504","Protein GENE2883",-0.1107,0.392721,0.099595,0.3107,1.0018,4,3,FALSE,FALSE,FALSE
"GENE0890","GENE0890_HUMAN","P52706","Protein GENE0890",1.9013,0.031596,0.010203,1.5151,1.9913,2,6,FALSE,FALSE,TRUE
"GENE1286","GENE1286_HUMAN","P83163","Protein GENE1286",-0.2379,1,0.933321,0,0.03,5,2,FALSE,FALSE,FALSE
"GENE0859","GENE0859_HUMAN","P68474","Protein GENE0859",0.2297,1,0.273539,0.1787,0.563,2,3,TRUE,FALSE,FALSE
"GENE0972","GENE0972_HUMAN","P87025","Protein GENE0972",-0.0647,1,0.901993,0,0.0448,4,6,FALSE,FALSE,FALSE
"GENE1598","GENE1598_HUMAN","P35557","Protein GENE1598",-0.7893,0.793451,0.424806,0,0.3718,2,3,FALSE,FALSE,FALSE
"GENE0783","GENE0783_HUMAN","P40762","Protein GENE0783",-0.1458,1,0.922656,0,0.035,2,5,TRUE,FALSE,FALSE
"GENE1661","GENE1661_HUMAN","P26896","Protein GENE1661",0.1947,0.818973,0.26257,0,0.5808,4,2,FALSE,FALSE,FALSE
"GENE0495","GENE0495_HUMAN","P28144","Protein GENE0495",-0.5735,0.415665,0.166478,0.4264,0.7786,3,5,FALSE,FALSE,FALSE
"GENE1633","GENE1633_HUMAN","P71029","Protein GENE1633",-0.0546,0.239891,0.163194,0.2916,0.7873,5,2,FALSE,FALSE,FALSE
"GENE2264","GENE2264_HUMAN","P28747","Protein GENE2264",-0.8358,0.085347,0.020341,1.6649,1.6916,6,4,TRUE,FALSE,TRUE
"GENE1809","GENE1809_HUMAN","P07882","Protein GENE1809",0.1874,1,0.894994,0,0.0482,4,2,FALSE,FALSE,FALSE
"GENE1392","GENE1392_HUMAN","P90405","Protein GENE1392",-0.4759,1,0.933594,0,0.0298,5,4,FALSE,FALSE,FALSE
"GENE0057","GENE0057_HUMAN","P81656","Protein GENE0057",0.0076,1,0.465171,0,0.3324,3,3,FALSE,FALSE,FALSE
"GENE0992","GENE0992_HUMAN","P62966","Protein GENE0992",0.0454,1,0.512235,0,0.2905,4,5,FALSE,FALSE,FALSE
"GENE0043","GENE0043_HUMAN","P43744","Protein GENE0043",0.0056,1,0.759142,0,0.1197,4,6,FALSE,FALSE,FALSE
"GENE0658","GENE0658_HUMAN","P61030","Protein GENE0658",-0.49,1,0.721771,0,0.1416,3,5,FALSE,FALSE,FALSE
"GENE1291","GENE1291_HUMAN","P76588","Protein GENE1291",-0.8813,0.160704,0.085901,0.522,1.066,2,3,FALSE,TRUE,FALSE
"GENE1854","GENE1854_HUMAN","P42373","Protein GENE1854",-0.2153,0.755754,0.51392,0,0.2891,5,3,FALSE,FALSE,FALSE
"GENE0194","GENE0194_HUMAN","P22925","Protein GENE0194",-0.5165,1,0.430972,0,0.3656,2,6,FALSE,FALSE,FALSE
"GENE0031","GENE0031_HUMAN","P35257","Protein GENE0031",-0.3105,1,0.764642,0,0.1165,5,3,FALSE,FALSE,FALSE
"GENE1765","GENE1765_HUMAN","P86036","Protein GENE1765",-0.1824,0.743,0.300614,0.1055,0.522,6,5,FALSE,FALSE,FALSE
"GENE2400","GENE2400_HUMAN","P07455","Protein GENE2400",0.3646,1,0.425369,0,0.3712,4,6,FALSE,TRUE,FALSE
"GENE0012","GENE0012_HUMAN","P09610","Protein GENE0012",0.3916,1,0.953661,0,0.0206,5,2,TRUE,TRUE,FALSE
"GENE1950","GENE1950_HUMAN","P21408","Protein GENE1950",-0.2343,1,0.571058,0.0903,0.2433,2,5,FALSE,TRUE,FALSE
"GENE0985","GENE0985_HUMAN","P37552","Protein GENE0985",-0.6225,1,0.316603,0,0.4995,2,3,FALSE,FALSE,FALSE
"GENE2747","GENE2747_HUMAN","P80348","Protein GENE2747",0.2081,0.28296,0.164289,0.6174,0.7844,6,6,FALSE,FALSE,FALSE
"GENE2474","GENE2474_HUMAN","P52655","Protein GENE2474",0.5919,1,0.709212,0,0.1492,2,6,FALSE,FALSE,FALSE
"GENE2248","GENE2248_HUMAN","P20768","Protein GENE2248",0.0462,0.962533,0.845902,0,0.0727,4,2,FALSE,FALSE,FALSE
"GENE2258","GENE2258_HUMAN","P28922","Protein GENE2258",-0.0135,1,0.648921,0,0.1878,4,5,FALSE,FALSE,FALSE
"GENE2585","GENE2585_HUMAN","P93467","Protein GENE2585",-0.2819,0.753542,0.472364,0.0087,0.3257,3,4,FALSE,FALSE,FALSE
"GENE2371","GENE2371_HUMAN","P15556","Protein GENE2371",-0.1611,1,0.52238,0,0.282,2,2,FALSE,FALSE,FALSE
"GENE2338","GENE2338_HUMAN","P27240","Protein GENE2338",-0.3215,1,0.355583,0,0.4491,4,3,FALSE,FALSE,FALSE
"GENE1612","GENE1612_HUMAN","P03107","Protein GENE1612",0.1955,1,0.299014,0,0.5243,5,6,FALSE,FALSE,FALSE
"GENE0885","GENE0885_HUMAN","P81546","Protein GENE0885",-0.2845,0.550953,0.190089,0.2786,0.721,2,2,FALSE,TRUE,FALSE
"GENE0254","GENE0254_HUMAN","P78212","Protein GENE0254",-0.4237,0.183465,0.072336,0.5799,1.1406,2,4,FALSE,FALSE,FALSE
"GENE1803","GENE1803_HUMAN","P84923","Protein GENE1803",0.4006,1,0.343113,0.2819,0.4646,2,4,TRUE,FALSE,FALSE
"GENE2433","GENE2433_HUMAN","P30023","Protein GENE2433",0.956,0.532308,0.254859,0.0561,0.5937,4,6,FALSE,FALSE,FALSE
"GENE0359","GENE0359_HUMAN","P21024","Protein GENE0359",-0.2333,1,0.701908,0,0.1537,3,2,FALSE,FALSE,FALSE
"GENE2761","GENE2761_HUMAN","P07643","Protein GENE2761",0.4083,1,0.615731,0,0.2106,4,6,FALSE,FALSE,FALSE
"GENE0513","GENE0513_HUMAN","P85846","Protein GENE0513",-0.3813,1,0.569107,0,0.2448,4,5,FALSE,FALSE,FALSE
"GENE0415","GENE0415_HUMAN","P62594","Protein GENE0415",-0.346,0.882941,0.653898,0,0.1845,4,2,TRUE,FALSE,FALSE
"GENE0424","GENE0424_HUMAN","P23738","Protein GENE0424",-0.4824,1,0.585616,0,0.2324,5,6,TRUE,FALSE,FALSE
"GENE1186","GENE1186_HUMAN","P79424","Protein GENE1186",-0.0379,1,0.725288,0,0.1395,4,5,FALSE,FALSE,FALSE
"GENE1480","GENE1480_HUMAN","P93537","Protein GENE1480",-0.3914,1,0.52526,0,0.2796,5,5,FALSE,FALSE,FALSE
"GENE0603","GENE0603_HUMAN","P12995","Protein GENE0603",0.3042,1,0.321858,0,0.4923,4,2,FALSE,FALSE,FALSE
"GENE1224","GENE1224_HUMAN","P93996","Protein GENE1224",-0.062,0.482077,0.417722,0,0.3791,2,6,FALSE,FALSE,FALSE
"GENE0799","GENE0799_HUMAN","P18242","Protein GENE0799",-0.7586,1,0.717432,0,0.1442,6,2,FALSE,FALSE,FALSE
"GENE1215","GENE1215_HUMAN","P94755","Protein GENE1215",3.8377,0.082506,0.044309,0.7479,1.3535,4,2,FALSE,FALSE,TRUE
"GENE0741","GENE0741_HUMAN","P74899","Protein GENE0741",0.1437,0.398781,0.14529,0.5079,0.8378,4,2,FALSE,FALSE,FALSE
"GENE2119","GENE2119_HUMAN","P51405","Protein GENE2119",-0.4113,0.55135,0.263173,0.2938,0.5798,5,3,FALSE,FALSE,FALSE
"GENE1924","GENE1924_HUMAN","P67546","Protein GENE1924",0.9247,0.929799,0.243297,0,0.6139,4,3,FALSE,FALSE,FALSE
"GENE2638","GENE2638_HUMAN","P49281","Protein GENE2638",0.4604,1,0.968817,0,0.0138,3,4,FALSE,FALSE,FALSE
"GENE0967","GENE0967_HUMAN","P54480","Protein GENE0967",-2.3732,0.127075,0.034902,0.7826,1.4572,3,2,FALSE,FALSE,TRUE
"GENE1949","GENE1949_HUMAN","P61609","Protein GENE1949",0.2242,1,0.960714,0,0.0174,5,4,FALSE,FALSE,FALSE
"GENE0756","GENE0756_HUMAN","P93273","Protein GENE0756",0.2932,1,0.823317,0,0.0844,2,5,FALSE,FALSE,FALSE
"GENE0979","GENE0979_HUMAN","P38163","Protein GENE0979",-0.5806,1,0.963032,0,0.0164,3,4,FALSE,FALSE,FALSE
"GENE0866","GENE0866_HUMAN","P42135","Protein GENE0866",0.5255,1,0.826817,0,0.0826,2,4,FALSE,TRUE,FALSE
"GENE1272","GENE1272_HUMAN","P66996","Protein GENE1272",-0.1173,0.595976,0.47019,0,0.3277,2,3,FALSE,FALSE,FALSE
"GENE0146","GENE0146_HUMAN","P14819","Protein GENE0146",-0.6697,0.525533,0.150326,0.5457,0.823,6,2,FALSE,TRUE,FALSE
"GENE1860","GENE1860_HUMAN","P50604","Protein GENE1860",-0.2844,1,0.63126,0.1844,0.1998,6,4,FALSE,FALSE,FALSE
"GENE1039","GENE1039_HUMAN","P92945","Protein GENE1039",-0.2558,1,0.853401,0,0.0688,4,3,FALSE,FALSE,FALSE
"GENE1885","GENE1885_HUMAN","P51060","Protein GENE1885",0.1013,0.330695,0.145614,0.5631,0.8368,6,4,FALSE,FALSE,FALSE
"GENE2340","GENE2340_HUMAN","P88281","Protein GENE2340",0.5358,1,0.796501,0,0.0988,3,3,FALSE,TRUE,FALSE
"GENE2200","GENE2200_HUMAN","P72006","Protein GENE2200",-0.3285,1,0.485161,0.072,0.3141,4,3,FALSE,FALSE,FALSE
"GENE2456","GENE2456_HUMAN","P34725","Protein GENE2456",-0.5765,1,0.736346,0,0.1329,6,5,FALSE,FALSE,FALSE
"GENE2525","GENE2525_HUMAN","P10063","Protein GENE2525",-0.0322,1,0.746354,0.1203,0.1271,4,3,FALSE,FALSE,FALSE
"GENE0949","GENE0949_HUMAN","P85532","Protein GENE0949",-0.4265,1,0.403815,0,0.3938,4,3,FALSE,FALSE,FALSE
"GENE2753","GENE2753_HUMAN","P88755","Protein GENE2753",-0.3125,0.43083,0.148148,0.3009,0.8293,6,5,FALSE,FALSE,FALSE
"GENE0113","GENE0113_HUMAN","P44792","Protein GENE0113",-0.2872,1,0.777449,0,0.1093,4,4,FALSE,FALSE,FALSE
"GENE0469","GENE0469_HUMAN","P87196","Protein GENE0469",-0.3347,1,0.572808,0,0.242,2,6,FALSE,FALSE,FALSE
"GENE0941","GENE0941_HUMAN","P98457","Protein GENE0941",0.1899,1,0.759977,0,0.1192,4,4,FALSE,FALSE,FALSE
"GENE2723","GENE2723_HUMAN","P17770","Protein GENE2723",0.54,0.54708,0.494846,0.0905,0.3055,5,6,TRUE,FALSE,FALSE
"GENE0378","GENE0378_HUMAN","P56497","Protein GENE0378",0.6918,0.658416,0.547498,0,0.2616,4,6,FALSE,FALSE,FALSE
"GENE2225","GENE2225_HUMAN","P59927","Protein GENE2225",0.1121,0.26364,0.236206,0.0226,0.6267,4,3,FALSE,FALSE,FALSE
"GENE0333","GENE0333_HUMAN","P39202","Protein GENE0333",-0.1705,1,0.962148,0,0.0168,6,6,FALSE,FALSE,FALSE
"GENE1697","GENE1697_HUMAN","P91929","Protein GENE1697",-0.4519,1,0.281777,0.2899,0.5501,6,6,FALSE,FALSE,FALSE
"GENE0773","GENE0773_HUMAN","P47581","Protein GENE0773",-0.0348,1,0.751706,0,0.124,6,5,FALSE,FALSE,FALSE
"GENE0348","GENE0348_HUMAN","P43724","Protein GENE0348",-0.5836,1,0.512139,0,0.2906,6,4,FALSE,FALSE,FALSE
"GENE2532","GENE2532_HUMAN","P35288","Protein GENE2532",0.2142,0.588201,0.551137,0,0.2587,5,2,FALSE,FALSE,FALSE
"GENE0211","GENE0211_HUMAN","P15059","Protein GENE0211",0.2501,1,0.898099,0,0.0467,5,3,FALSE,FALSE,FALSE
"GENE0673","GENE0673_HUMAN","P10966","Protein GENE0673",0.5814,0.425255,0.365869,0,0.4367,4,2,FALSE,FALSE,FALSE
"GENE0090","GENE0090_HUMAN","P75109","Protein GENE0090",-0.0789,1,0.572312,0.0193,0.2424,2,6,FALSE,FALSE,FALSE
"GENE1891","GENE1891_HUMAN","P95834","Protein GENE1891",0.3942,1,0.377052,0.3199,0.4236,6,6,FALSE,FALSE,FALSE
"GENE2675","GENE2675_HUMAN","P91745","Protein GENE2675",0.359,1,0.57641,0,0.2393,3,3,FALSE,FALSE,FALSE
"GENE0617","GENE0617_HUMAN","P66870","Protein GENE0617",0.2194,0.587341,0.241696,0.0523,0.6167,6,4,FALSE,FALSE,FALSE
"GENE1280","GENE1280_HUMAN","P14056","Protein GENE1280",-0.0858,0.838126,0.576091,0,0.2395,3,5,FALSE,FALSE,FALSE
"GENE0685","GENE0685_HUMAN","P69169","Protein GENE0685",0.2171,0.350956,0.080464,0.6797,1.0944,3,2,TRUE,FALSE,FALSE
"GENE2193","GENE2193_HUMAN","P22317","Protein GENE2193",-0.335,0.666546,0.151524,0.4046,0.8195,5,5,FALSE,FALSE,FALSE
"GENE1395","GENE1395_HUMAN","P37531","Protein GENE1395",0.398,0.340361,0.161254,0.1061,0.7925,3,4,FALSE,FALSE,FALSE
"PKN3","PKN3_HUMAN","P18955","Protein PKN3",2.8538,0.038691,0.019268,1.3905,1.7152,3,5,FALSE,FALSE,TRUE
"GENE0899","GENE0899_HUMAN","P36908","Protein GENE0899",0.0026,1,0.713531,0,0.1466,2,5,FALSE,FALSE,FALSE
"GENE1669","GENE1669_HUMAN","P41874","Protein GENE1669",0.6028,0.397098,0.180391,0.31,0.7438,2,3,FALSE,FALSE,FALSE
"GENE0778","GENE0778_HUMAN","P47038","Protein GENE0778",-0.1012,1,0.636442,0,0.1962,2,4,TRUE,FALSE,FALSE
"GENE1660","GENE1660_HUMAN","P80221","Protein GENE1660",-0.709,1,0.83438,0,0.0786,5,3,FALSE,FALSE,FALSE
"GENE1021","GENE1021_HUMAN","P92336","Protein GENE1021",0.2986,1,0.568439,0,0.2453,6,3,FALSE,FALSE,FALSE
"GENE0191","GENE0191_HUMAN","P41592","Protein GENE0191",0.0917,1,0.96157,0,0.017,5,2,TRUE,FALSE,FALSE
"GENE1944","GENE1944_HUMAN","P17392","Protein GENE1944",-0.4636,1,0.813396,0,0.0897,6,6,FALSE,FALSE,FALSE
"GENE0714","GENE0714_HUMAN","P50035","Protein GENE0714",-0.4067,1,0.577824,0,0.2382,4,2,FALSE,FALSE,FALSE
"GENE2386","GENE2386_HUMAN","P49262","Protein GENE2386",-0.0498,1,0.935606,0,0.0289,3,2,FALSE,FALSE,FALSE
"GENE2529","GENE2529_HUMAN","P66049","Protein GENE2529",0.4344,1,0.697729,0,0.1563,5,4,FALSE,TRUE,FALSE
"GENE1703","GENE1703_HUMAN","P33987","Protein GENE1703",-0.321,0.641482,0.301165,0.4221,0.5212,6,5,FALSE,FALSE,FALSE
"GENE0761","GENE0761_HUMAN","P81416","Protein GENE0761",-0.1877,0.134731,0.077209,0.6758,1.1123,5,4,FALSE,FALSE,FALSE
"GENE0719","GENE0719_HUMAN","P46231","Protein GENE0719",-0.237,1,0.498227,0,0.3026,4,4,FALSE,FALSE,FALSE
"GENE2725","GENE2725_HUMAN","P02781","Protein GENE2725",-0.3958,1,0.942943,0,0.0255,3,6,FALSE,FALSE,FALSE
"GENE1923","GENE1923_HUMAN","P04077","Protein GENE1923",0.7812,0.296815,0.110324,0.3714,0.9573,3,3,FALSE,FALSE,FALSE
"GENE1143","GENE1143_HUMAN","P77624","Protein GENE1143",0.0373,0.61321,0.160745,0.6249,0.7939,3,4,TRUE,FALSE,FALSE
"GENE0982","GENE0982_HUMAN","P91573","Protein GENE0982",0.229,1,0.577052,0,0.2388,2,2,FALSE,FALSE,FALSE
"GENE0754","GENE0754_HUMAN","P71099","Protein GENE0754",0.0861,0.784893,0.357358,0.1897,0.4469,4,5,FALSE,FALSE,FALSE
"GENE2477","GENE2477_HUMAN","P93937","Protein GENE2477",0.1201,1,0.526241,0.017,0.2788,4,2,FALSE,FALSE,FALSE
"GENE0257","GENE0257_HUMAN","P95030","Protein GENE0257",-0.1487,1,0.789673,0,0.1026,6,4,FALSE,FALSE,FALSE
"GENE0889","GENE0889_HUMAN","P01874","Protein GENE0889",-0.4844,1,0.445268,0,0.3514,6,3,FALSE,FALSE,FALSE
"GENE0421","GENE0421_HUMAN","P76469","Protein GENE0421",0.5689,1,0.536514,0,0.2704,6,2,FALSE,TRUE,FALSE
"GENE0884","GENE0884_HUMAN","P39524","Protein GENE0884",-0.0575,1,0.771193,0,0.1128,6,3,FALSE,FALSE,FALSE
"GENE1810","GENE1810_HUMAN","P47905","Protein GENE1810",-0.6894,1,0.386009,0,0.4134,5,5,FALSE,FALSE,FALSE
"GENE0102","GENE0102_HUMAN","P68796","Protein GENE0102",-0.0595,1,0.853555,0,0.0688,3,2,FALSE,FALSE,FALSE
"GENE2205","GENE2205_HUMAN","P81102","Protein GENE2205",0.2944,1,0.910409,0,0.0408,2,6,FALSE,TRUE,FALSE
"GENE0053","GENE0053_HUMAN","P90577","Protein GENE0053",-0.1254,0.503582,0.108221,0.9189,0.9657,4,2,FALSE,FALSE,FALSE
"GENE0806","GENE0806_HUMAN","P95474","Protein GENE0806",-0.028,1,0.836186,0,0.0777,4,5,FALSE,FALSE,FALSE
"GENE0073","GENE0073_HUMAN","P97712","Protein GENE0073",-0.0275,0.758162,0.591613,0,0.228,5,3,FALSE,FALSE,FALSE
"GENE0471","GENE0471_HUMAN","P05417","Protein GENE0471",-0.7711,1,0.909485,0,0.0412,5,4,FALSE,FALSE,FALSE
"GENE2645","GENE2645_HUMAN","P26004","Protein GENE2645",0.5949,1,0.710524,0,0.1484,6,2,FALSE,FALSE,FALSE
"GENE1805","GENE1805_HUMAN","P32065","Protein GENE1805",0.2106,0.406345,0.146839,0.4324,0.8332,2,5,TRUE,FALSE,FALSE
"GENE1265","GENE1265_HUMAN","P39406","Protein GENE1265",0.5572,1,0.893993,0,0.0487,6,2,FALSE,FALSE,FALSE
"GENE2722","GENE2722_HUMAN","P24006","Protein GENE2722",0.5847,1,0.495671,0,0.3048,5,3,TRUE,FALSE,FALSE
"GENE2054","GENE2054_HUMAN","P26569","Protein GENE2054",-0.47,1,0.922936,0,0.0348,4,4,FALSE,FALSE,FALSE
"GENE0108","GENE0108_HUMAN","P81036","Protein GENE0108",-0.1271,1,0.749737,0,0.1251,2,6,FALSE,FALSE,FALSE
"GENE1658","GENE1658_HUMAN","P47685","Protein GENE1658",0.1643,1,0.775156,0,0.1106,3,3,FALSE,FALSE,FALSE
"GENE1170","GENE1170_HUMAN","P43823","Protein GENE1170",0.543,0.418323,0.373748,0,0.4274,3,2,FALSE,FALSE,FALSE
"GENE2588","GENE2588_HUMAN","P15497","Protein GENE2588",-0.4031,1,0.442154,0,0.3544,3,3,FALSE,FALSE,FALSE
"GENE0253","GENE0253_HUMAN","P17740","Protein GENE0253",-0.3607,1,0.450875,0,0.3459,4,4,FALSE,FALSE,FALSE
"GENE0423","GENE0423_HUMAN","P92047","Protein GENE0423",0.2256,1,0.508451,0.1492,0.2938,3,4,FALSE,FALSE,FALSE
"DDX5","DDX5_HUMAN","P93241","Protein DDX5",0.068,0.768618,0.175197,0.2959,0.7565,4,4,FALSE,FALSE,FALSE
"GENE1763","GENE1763_HUMAN","P65787","Protein GENE1763",0.5688,0.304471,0.125297,0.2224,0.9021,5,2,FALSE,FALSE,FALSE
"GENE1764","GENE1764_HUMAN","P67302","Protein GENE1764",0.1185,1,0.943709,0,0.0252,6,3,FALSE,FALSE,FALSE
"GENE2537","GENE2537_HUMAN","P48470","Protein GENE2537",-0.5601,1,0.514378,0,0.2887,6,5,FALSE,FALSE,FALSE
"GENE2357","GENE2357_HUMAN","P46412","Protein GENE2357",-0.7948,0.827169,0.180729,0.1387,0.743,5,4,FALSE,FALSE,FALSE
"GENE1696","GENE1696_HUMAN","P99158","Protein GENE1696",-0.1581,0.815375,0.297921,0.2403,0.5259,2,5,FALSE,FALSE,FALSE
"GENE2174","GENE2174_HUMAN","P73001","Protein GENE2174",-0.0817,1,0.968352,0,0.014,2,2,FALSE,FALSE,FALSE
"GENE0488","GENE0488_HUMAN","P62669","Protein GENE0488",-0.6631,0.601441,0.476595,0.0511,0.3219,6,6,FALSE,FALSE,FALSE
"GENE0965","GENE0965_HUMAN","P32069","Protein GENE0965",0.162,0.51433,0.132909,0.7267,0.8764,6,2,FALSE,TRUE,FALSE
"GENE0933","GENE0933_HUMAN","P96798","Protein GENE0933",-0.2167,1,0.540403,0,0.2673,6,4,FALSE,FALSE,FALSE
"GENE2267","GENE2267_HUMAN","P34943","Protein GENE2267",-0.1263,1,0.841544,0,0.0749,3,2,FALSE,TRUE,FALSE
"GENE0875","GENE0875_HUMAN","P63864","Protein GENE0875",0.4084,0.717899,0.603113,0.0387,0.2196,5,5,FALSE,FALSE,FALSE
"GENE1493","GENE1493_HUMAN","P63925","Protein GENE1493",-0.2014,1,0.976183,0,0.0105,4,5,FALSE,FALSE,FALSE
"GENE1079","GENE1079_HUMAN","P57403","Protein GENE1079",0.7639,1,0.389317,0,0.4097,4,2,FALSE,FALSE,FALSE
"GENE1032","GENE1032_HUMAN","P76215","Protein GENE1032",0.3416,1,0.980885,0,0.0084,5,6,FALSE,FALSE,FALSE
"GENE0574","GENE0574_HUMAN","P30607","Protein GENE0574",-0.2218,0.937624,0.242702,0.5876,0.6149,2,3,FALSE,FALSE,FALSE
"GENE1269","GENE1269_HUMAN","P84711","Protein GENE1269",-0.5815,1,0.942134,0,0.0259,2,4,FALSE,FALSE,FALSE
"GENE2154","GENE2154_HUMAN","P74191","Protein GENE2154",0.401,1,0.410086,0.3097,0.3871,4,3,FALSE,FALSE,FALSE
"GENE0154","GENE0154_HUMAN","P63394","Protein GENE0154",-0.296,0.528172,0.108982,0.843,0.9626,5,5,FALSE,FALSE,FALSE
"GENE1589","GENE1589_HUMAN","P73890","Protein GENE1589",0.7441,1,0.292703,0.303,0.5336,6,6,FALSE,FALSE,FALSE
"GENE1305","GENE1305_HUMAN","P56542","Protein GENE1305",0.0347,0.752581,0.349656,0,0.4564,4,3,FALSE,FALSE,FALSE
"GENE0334","GENE0334_HUMAN","P91686","Protein GENE0334",-0.0481,1,0.97789,0,0.0097,3,2,FALSE,FALSE,FALSE
"GENE2305","GENE2305_HUMAN","P20809","Protein GENE2305",0.353,1,0.847334,0,0.0719,5,5,FALSE,FALSE,FALSE
"GENE2841","GENE2841_HUMAN","P78118","Protein GENE2841",-0.0427,1,0.4974,0,0.3033,5,3,TRUE,FALSE,FALSE
"GENE1122","GENE1122_HUMAN","P24116","Protein GENE1122",0.0688,0.451307,0.148798,0.2347,0.8274,2,2,FALSE,FALSE,FALSE
"GENE2650","GENE2650_HUMAN","P26099","Protein GENE2650",-0.0988,1,0.315934,0,0.5004,4,4,FALSE,FALSE,FALSE
"GENE2428","GENE2428_HUMAN","P54094","Protein GENE2428",0.0038,1,0.883809,0,0.0536,4,4,FALSE,FALSE,FALSE
"GENE1174","GENE1174_HUMAN","P14751","Protein GENE1174",-0.1547,1,0.519958,0,0.284,2,4,FALSE,FALSE,FALSE
"GENE1737","GENE1737_HUMAN","P96743","Protein GENE1737",0.0937,1,0.457443,0,0.3397,2,3,FALSE,FALSE,FALSE
"GENE0646","GENE0646_HUMAN","P21845","Protein GENE0646",0.3709,1,0.916946,0,0.0377,3,6,FALSE,TRUE,FALSE
"GENE1260","GENE1260_HUMAN","P68578","Protein GENE1260",-0.5622,0.509032,0.246527,0.1485,0.6081,6,2,FALSE,FALSE,FALSE
"GENE2189","GENE2189_HUMAN","P80223","Protein GENE2189",0.0783,0.470893,0.197427,0.0302,0.7046,3,3,FALSE,FALSE,FALSE
"GENE1857","GENE1857_HUMAN","P36287","Protein GENE1857",-0.6304,1,0.620435,0,0.2073,6,2,FALSE,FALSE,FALSE
"GENE1509","GENE1509_HUMAN","P84448","Protein GENE1509",-0.765,0.408409,0.152228,0.3713,0.8175,3,4,FALSE,TRUE,FALSE
"GENE1524","GENE1524_HUMAN","P69353","Protein GENE1524",0.172,1,0.827807,0,0.0821,4,5,FALSE,FALSE,FALSE
"GENE1120","GENE1120_HUMAN","P90788","Protein GENE1120",-0.0264,0.959109,0.556542,0,0.2545,4,4,FALSE,TRUE,FALSE
"GENE1452","GENE1452_HUMAN","P77002","Protein GENE1452",0.3278,1,0.454482,0,0.3425,4,4,FALSE,FALSE,FALSE
"GENE0951","GENE0951_HUMAN","P95972","Protein GENE0951",0.3994,0.265086,0.098835,0.4992,1.0051,3,5,FALSE,FALSE,FALSE
"GENE2201","GENE2201_HUMAN","P74592","Protein GENE2201",-0.522,1,0.549952,0.2101,0.2597,2,6,TRUE,FALSE,FALSE
"GENE1602","GENE1602_HUMAN","P92320","Protein GENE1602",0.0547,0.386317,0.342865,0,0.4649,4,6,FALSE,TRUE,FALSE
"GENE1153","GENE1153_HUMAN","P53723","Protein GENE1153",0.515,0.61076,0.224095,0.2093,0.6496,2,3,FALSE,FALSE,FALSE
"GENE1314","GENE1314_HUMAN","P34543","Protein GENE1314",-0.0431,0.782368,0.677269,0,0.1692,5,4,FALSE,FALSE,FALSE
"GENE0152","GENE0152_HUMAN","P96834","Protein GENE0152",-0.2439,1,0.440105,0,0.3564,3,4,FALSE,FALSE,FALSE
"GENE0075","GENE0075_HUMAN","P64967","Protein GENE0075",-4e-04,1,0.722093,0,0.1414,4,6,FALSE,FALSE,FALSE
"GENE1628","GENE1628_HUMAN","P39661","Protein GENE1628",-0.4116,0.281195,0.248776,0.1172,0.6042,6,4,FALSE,FALSE,FALSE
"GENE1026","GENE1026_HUMAN","P38254","Protein GENE1026",-0.7961,0.701371,0.470812,0,0.3272,6,3,FALSE,FALSE,FALSE
"GENE0180","GENE0180_HUMAN","P36439","Protein GENE0180",-0.4163,1,0.943745,0,0.0251,6,3,FALSE,FALSE,FALSE
"GENE0758","GENE0758_HUMAN","P70281","Protein GENE0758",0.3491,0.612546,0.225152,0.5531,0.6475,3,2,FALSE,FALSE,FALSE
"GENE1163","GENE1163_HUMAN","P38772","Protein GENE1163",0.2341,1,0.728198,0,0.1378,3,2,FALSE,FALSE,FALSE
"GENE0779","GENE0779_HUMAN","P70020","Protein GENE0779",-0.0834,0.232444,0.076373,0.6521,1.1171,3,4,FALSE,FALSE,FALSE
"GENE2494","GENE2494_HUMAN","P40336","Protein GENE2494",-0.4518,1,0.88764,0,0.0518,5,5,FALSE,TRUE,FALSE
"GENE1733","GENE1733_HUMAN","P96964","Protein GENE1733",-0.6017,1,0.366326,0.1422,0.4361,4,6,FALSE,FALSE,FALSE
"GENE1114","GENE1114_HUMAN","P95568","Protein GENE1114",0.1166,0.950639,0.19657,0.3538,0.7065,3,4,TRUE,FALSE,FALSE
"GENE2121","GENE2121_HUMAN","P25701","Protein GENE2121",0.0502,0.801779,0.613402,0,0.2123,2,6,FALSE,FALSE,FALSE
"GENE1303","GENE1303_HUMAN","P36814","Protein GENE1303",0.4536,0.573884,0.326443,0,0.4862,6,5,FALSE,FALSE,FALSE
"GENE0948","GENE0948_HUMAN","P21115","Protein GENE0948",-0.0383,1,0.458186,0,0.339,6,4,FALSE,TRUE,FALSE
"GENE1989","GENE1989_HUMAN","P82861","Protein GENE1989",0.2127,1,0.516742,0.0946,0.2867,6,5,FALSE,FALSE,FALSE
"GENE0065","GENE0065_HUMAN","P44444","Protein GENE0065",0.5796,1,0.71086,0,0.1482,2,2,FALSE,FALSE,FALSE
"GENE2849","GENE2849_HUMAN","P91113","Protein GENE2849",1.4941,0.017094,0.007604,1.5675,2.1189,3,5,TRUE,FALSE,TRUE
"GENE0056","GENE0056_HUMAN","P44844","Protein GENE0056",0.1477,1,0.618764,0,0.2085,4,4,FALSE,FALSE,FALSE
"GENE1569","GENE1569_HUMAN","P53921","Protein GENE1569",-0.6384,1,0.783252,0,0.1061,5,2,FALSE,FALSE,FALSE
"GENE0905","GENE0905_HUMAN","P73916","Protein GENE0905",0.0761,1,0.937023,0,0.0282,5,6,TRUE,FALSE,FALSE
"GENE1955","GENE1955_HUMAN","P81750","Protein GENE1955",-0.2614,0.909728,0.497382,0.0096,0.3033,6,3,FALSE,FALSE,FALSE
"GENE1784","GENE1784_HUMAN","P99055","Protein GENE1784",0.329,0.751576,0.197796,0.0985,0.7038,2,4,TRUE,FALSE,FALSE
"GENE0288","GENE0288_HUMAN","P29424","Protein GENE0288",-0.8869,1,0.959631,0,0.0179,2,4,FALSE,FALSE,FALSE
"GENE1610","GENE1610_HUMAN","P55526","Protein GENE1610",-0.0958,1,0.595623,0,0.225,3,2,FALSE,FALSE,FALSE
"GENE2739","GENE2739_HUMAN","P86036","Protein GENE2739",-0.1668,1,0.564515,0,0.2483,4,6,FALSE,FALSE,FALSE
"GENE0668","GENE0668_HUMAN","P03489","Protein GENE0668",0.1296,1,0.810963,0,0.091,2,3,FALSE,FALSE,FALSE
"GENE1548","GENE1548_HUMAN","P18228","Protein GENE1548",-0.4581,1,0.520893,0,0.2833,6,3,FALSE,FALSE,FALSE
"GENE0562","GENE0562_HUMAN","P09298","Protein GENE0562",-0.6337,1,0.897126,0,0.0471,3,3,FALSE,FALSE,FALSE
"GENE1721","GENE1721_HUMAN","P39688","Protein GENE1721",-0.8479,1,0.485015,0,0.3142,2,4,FALSE,FALSE,FALSE
"GENE2838","GENE2838_HUMAN","P00723","Protein GENE2838",0.5419,0.998699,0.994603,0,0.0024,4,3,FALSE,FALSE,FALSE
"GENE2025","GENE2025_HUMAN","P23883","Protein GENE2025",-0.7523,1,0.626184,0,0.2033,3,5,FALSE,FALSE,FALSE
"GENE2163","GENE2163_HUMAN","P70912","Protein GENE2163",-0.0965,1,0.543111,0,0.2651,5,6,FALSE,FALSE,FALSE
"GENE0201","GENE0201_HUMAN","P59932","Protein GENE0201",0.5054,0.752383,0.263414,0.424,0.5794,5,5,FALSE,FALSE,FALSE
"GENE2709","GENE2709_HUMAN","P89676","Protein GENE2709",-0.3898,1,0.31732,0,0.4985,5,4,FALSE,FALSE,FALSE
"GENE1551","GENE1551_HUMAN","P97071","Protein GENE1551",0.2876,1,0.26482,0,0.577,6,5,FALSE,FALSE,FALSE
"GENE2126","GENE2126_HUMAN","P31369","Protein GENE2126",-0.4729,1,0.879504,0,0.0558,6,4,FALSE,FALSE,FALSE
"GENE2465","GENE2465_HUMAN","P45473","Protein GENE2465",0.8466,1,0.639653,0,0.1941,6,2,FALSE,FALSE,FALSE
"GENE1004","GENE1004_HUMAN","P13904","Protein GENE1004",0.5117,1,0.308683,0.1664,0.5105,4,3,FALSE,FALSE,FALSE
"GENE2417","GENE2417_HUMAN","P28632","Protein GENE2417",0.3921,0.305258,0.245167,0.2178,0.6105,4,4,FALSE,FALSE,FALSE
"ANKRD28","ANKRD28_HUMAN","P77092","Protein ANKRD28",2.8944,0.038549,0.021917,1.1179,1.6592,4,2,FALSE,FALSE,TRUE
"GENE2663","GENE2663_HUMAN","P64482","Protein GENE2663",0.3917,1,0.723827,0,0.1404,6,5,FALSE,FALSE,FALSE
"GENE0368","GENE0368_HUMAN","P44044","Protein GENE0368",0.4573,1,0.799326,0,0.0973,4,4,FALSE,FALSE,FALSE
"GENE0208","GENE0208_HUMAN","P34496","Protein GENE0208",4.1334,0.018642,0.005711,1.8871,2.2433,3,3,FALSE,FALSE,TRUE
"GENE0452","GENE0452_HUMAN","P63855","Protein GENE0452",0.2469,0.868493,0.295836,0,0.5289,3,5,FALSE,FALSE,FALSE
"GENE2563","GENE2563_HUMAN","P34555","Protein GENE2563",0.4559,1,0.966287,0,0.0149,4,2,FALSE,FALSE,FALSE
"GENE2743","GENE2743_HUMAN","P72271","Protein GENE2743",0.1246,0.127661,0.088208,0.4309,1.0545,6,6,FALSE,FALSE,FALSE
"GENE1074","GENE1074_HUMAN","P86346","Protein GENE1074",0.1937,1,0.737165,0,0.1324,4,3,FALSE,FALSE,FALSE
"GENE0418","GENE0418_HUMAN","P94056","Protein GENE0418",-0.1433,1,0.610559,0,0.2143,2,5,FALSE,TRUE,FALSE
"GENE2552","GENE2552_HUMAN","P62214","Protein GENE2552",0.1282,1,0.801001,0,0.0964,5,2,FALSE,FALSE,FALSE
"GENE2697","GENE2697_HUMAN","P10336","Protein GENE2697",-0.2628,0.618025,0.33255,0,0.4781,2,6,FALSE,FALSE,FALSE
"GENE1012","GENE1012_HUMAN","P12074","Protein GENE1012",-0.1899,1,0.443373,0,0.3532,3,3,FALSE,FALSE,FALSE
"GENE1545","GENE1545_HUMAN","P43860","Protein GENE1545",-0.573,0.569381,0.237608,0.1359,0.6241,6,6,FALSE,FALSE,FALSE
"GENE0377","GENE0377_HUMAN","P74580","Protein GENE0377",-0.2408,1,0.413813,0,0.3832,4,5,TRUE,FALSE,FALSE
"GENE1049","GENE1049_HUMAN","P34388","Protein GENE1049",-0.2771,1,0.359609,0,0.4442,3,2,FALSE,FALSE,FALSE
"GENE1470","GENE1470_HUMAN","P27268","Protein GENE1470",0.3076,1,0.265654,0.2533,0.5757,5,6,FALSE,TRUE,FALSE
"GENE0219","GENE0219_HUMAN","P19223","Protein GENE0219",-0.0959,0.774014,0.475784,0,0.3226,4,6,FALSE,FALSE,FALSE
"GENE0523","GENE0523_HUMAN","P22561","Protein GENE0523",0.008,0.441134,0.136981,0.3757,0.8633,4,4,FALSE,FALSE,FALSE
"GENE0572","GENE0572_HUMAN","P88005","Protein GENE0572",0.6324,1,0.649796,0,0.1872,2,2,FALSE,TRUE,FALSE
"GENE0038","GENE0038_HUMAN","P11247","Protein GENE0038",0.3124,1,0.581162,0,0.2357,4,4,FALSE,FALSE,FALSE
"GENE1148","GENE1148_HUMAN","P73173","Protein GENE1148",-0.2779,0.866736,0.720197,0,0.1425,6,6,FALSE,FALSE,FALSE
"GENE2191","GENE2191_HUMAN","P15313","Protein GENE2191",-0.2688,1,0.981129,0,0.0083,3,6,TRUE,TRUE,FALSE
"GENE2108","GENE2108_HUMAN","P65724","Protein GENE2108",0.2285,1,0.246139,0.5058,0.6088,2,3,TRUE,FALSE,FALSE
"GENE2551","GENE2551_HUMAN","P99083","Protein GENE2551",-0.3875,1,0.874617,0,0.0582,6,6,FALSE,FALSE,FALSE
"GENE0707","GENE0707_HUMAN","P15547","Protein GENE0707",-0.1015,0.644315,0.523119,0,0.2814,5,3,TRUE,FALSE,FALSE
"GENE2607","GENE2607_HUMAN","P11800","Protein GENE2607",-0.0579,1,0.713452,0,0.1466,2,5,FALSE,FALSE,FALSE
"GENE2182","GENE2182_HUMAN","P00419","Protein GENE2182",-0.447,0.300227,0.099719,0.4006,1.0012,6,4,FALSE,FALSE,FALSE
"GENE0464","GENE0464_HUMAN","P96286","Protein GENE0464",0.718,0.226696,0.079317,0.7597,1.1006,6,3,FALSE,FALSE,FALSE
"GENE2809","GENE2809_HUMAN","P05346","Protein GENE2809",-0.6511,1,0.708195,0,0.1498,4,3,FALSE,FALSE,FALSE
"GENE2683","GENE2683_HUMAN","P76366","Protein GENE2683",-0.0283,1,0.503108,0,0.2983,5,3,FALSE,FALSE,FALSE
"GENE0700","GENE0700_HUMAN","P88290","Protein GENE0700",-0.3396,1,0.736654,0,0.1327,4,4,FALSE,FALSE,FALSE
"GENE0880","GENE0880_HUMAN","P50727","Protein GENE0880",0.1748,1,0.393622,0,0.4049,5,5,TRUE,FALSE,FALSE
"GENE1355","GENE1355_HUMAN","P23020","Protein GENE1355",0.3695,0.444403,0.171754,0.62,0.7651,3,4,FALSE,FALSE,FALSE
"GENE0745","GENE0745_HUMAN","P50316","Protein GENE0745",0.7413,0.831305,0.223108,0.2089,0.6515,3,6,FALSE,FALSE,FALSE
"GENE0991","GENE0991_HUMAN","P66264","Protein GENE0991",-0.0067,0.841279,0.251487,0.5614,0.5995,3,3,FALSE,FALSE,FALSE
"GENE1350","GENE1350_HUMAN","P48389","Protein GENE1350",0.2949,0.691009,0.621769,0,0.2064,5,4,FALSE,FALSE,FALSE
"GENE1318","GENE1318_HUMAN","P44215","Protein GENE1318",0.3456,1,0.587338,0.066,0.2311,2,2,FALSE,FALSE,FALSE
"GENE0517","GENE0517_HUMAN","P85682","Protein GENE0517",0.0215,0.17948,0.084022,0.9556,1.0756,4,4,FALSE,FALSE,FALSE
"GENE0909","GENE0909_HUMAN","P05455","Protein GENE0909",0.3451,1,0.340957,0,0.4673,2,6,FALSE,FALSE,FALSE
"GENE2422","GENE2422_HUMAN","P53720","Protein GENE2422",-0.038,0.46385,0.267893,0.0803,0.572,6,6,FALSE,FALSE,FALSE
"GENE0929","GENE0929_HUMAN","P76669","Protein GENE0929",0.4309,0.513389,0.221066,0.3825,0.6555,5,2,FALSE,FALSE,FALSE
"GENE0616","GENE0616_HUMAN","P68015","Protein GENE0616",0.124,0.401302,0.08412,0.3944,1.0751,5,5,FALSE,FALSE,FALSE
"GENE0786","GENE0786_HUMAN","P29584","Protein GENE0786",-0.3846,0.562622,0.123216,0.3569,0.9093,3,3,FALSE,FALSE,FALSE
"GENE0824","GENE0824_HUMAN","P99944","Protein GENE0824",0.7233,0.293339,0.128626,0.7593,0.8907,2,4,FALSE,FALSE,FALSE
"GENE0044","GENE0044_HUMAN","P28058","Protein GENE0044",0.6505,1,0.433067,0,0.3634,6,3,FALSE,FALSE,FALSE
"GENE2283","GENE2283_HUMAN","P40223","Protein GENE2283",-0.6788,0.622398,0.148757,0.2115,0.8275,6,6,FALSE,FALSE,FALSE
"GENE2792","GENE2792_HUMAN","P80632","Protein GENE2792",-0.4466,1,0.93244,0,0.0304,3,6,FALSE,FALSE,FALSE
"GENE1237","GENE1237_HUMAN","P99576","Protein GENE1237",0.0038,0.137987,0.130582,0.4392,0.8841,3,2,FALSE,FALSE,FALSE
"GENE0165","GENE0165_HUMAN","P62673","Protein GENE0165",3.0838,0.069493,0.014697,1.5183,1.8328,5,2,TRUE,FALSE,TRUE
"GENE1615","GENE1615_HUMAN","P06040","Protein GENE1615",0.1552,1,0.739021,0,0.1313,5,4,TRUE,FALSE,FALSE
"GENE1092","GENE1092_HUMAN","P09621","Protein GENE1092",0.4145,0.994026,0.416074,0,0.3808,2,6,FALSE,FALSE,FALSE
"GENE2345","GENE2345_HUMAN","P32357","Protein GENE2345",-0.3264,1,0.795377,0,0.0994,2,4,FALSE,TRUE,FALSE
"GENE2359","GENE2359_HUMAN","P52050","Protein GENE2359",-0.1221,0.242116,0.072062,0.5903,1.1423,3,2,FALSE,FALSE,FALSE
"GENE1354","GENE1354_HUMAN","P91082","Protein GENE1354",-0.2301,0.926913,0.502851,0,0.2986,5,5,FALSE,FALSE,FALSE
"GENE0937","GENE0937_HUMAN","P78020","Protein GENE0937",0.1579,0.989292,0.489804,0,0.31,4,6,FALSE,FALSE,FALSE
"GENE0032","GENE0032_HUMAN","P91966","Protein GENE0032",-0.0512,1,0.462446,0,0.3349,2,2,FALSE,FALSE,FALSE
"GENE0894","GENE0894_HUMAN","P81846","Protein GENE0894",0.2637,1,0.375159,0,0.4258,4,2,FALSE,FALSE,FALSE
"GENE0263","GENE0263_HUMAN","P37459","Protein GENE0263",0.5761,1,0.551187,0.074,0.2587,5,6,FALSE,FALSE,FALSE
"GENE0310","GENE0310_HUMAN","P25661","Protein GENE0310",0.6524,1,0.283983,0.124,0.5467,5,2,FALSE,FALSE,FALSE
"GENE0158","GENE0158_HUMAN","P64027","Protein GENE0158",-0.1566,1,0.293137,0.3819,0.5329,3,6,FALSE,FALSE,FALSE
"GENE0971","GENE0971_HUMAN","P77836","Protein GENE0971",-0.0905,1,0.279422,0.1076,0.5537,3,3,FALSE,FALSE,FALSE
"GENE2844","GENE2844_HUMAN","P86496","Protein GENE2844",0.6221,1,0.998063,0,8e-04,2,2,FALSE,FALSE,FALSE
"GENE2536","GENE2536_HUMAN","P99209","Protein GENE2536",-0.3404,1,0.326248,0.1598,0.4865,5,4,FALSE,TRUE,FALSE
"GENE1715","GENE1715_HUMAN","P17243","Protein GENE1715",0.6725,1,0.660645,0,0.18,4,4,FALSE,FALSE,FALSE
"GENE0927","GENE0927_HUMAN","P02202","Protein GENE0927",-0.3479,0.922557,0.437657,0,0.3589,5,2,FALSE,FALSE,FALSE
"GENE2311","GENE2311_HUMAN","P46874","Protein GENE2311",0.2936,1,0.418533,0.1831,0.3783,5,4,FALSE,FALSE,FALSE
"GENE2095","GENE2095_HUMAN","P33436","Protein GENE2095",0.8101,0.399677,0.232411,0.3093,0.6337,5,3,FALSE,FALSE,FALSE
"GENE0230","GENE0230_HUMAN","P09774","Protein GENE0230",0.0602,1,0.317698,0.3161,0.498,5,5,FALSE,FALSE,FALSE
"GENE1159","GENE1159_HUMAN","P52427","Protein GENE1159",-0.8108,0.97882,0.442539,0,0.354,6,6,FALSE,FALSE,FALSE
"GENE2833","GENE2833_HUMAN","P54099","Protein GENE2833",-0.4308,1,0.68435,0,0.1647,5,4,TRUE,FALSE,FALSE
"GENE0548","GENE0548_HUMAN","P25041","Protein GENE0548",-1.1527,0.162642,0.035092,0.9006,1.4548,2,6,FALSE,FALSE,TRUE
"GENE1865","GENE1865_HUMAN","P96020","Protein GENE1865",0.1525,1,0.798857,0,0.0975,6,5,FALSE,TRUE,FALSE
"GENE0877","GENE0877_HUMAN","P42484","Protein GENE0877",-0.78,1,0.956239,0,0.0194,5,3,FALSE,FALSE,FALSE
"GENE2086","GENE2086_HUMAN","P74890","Protein GENE2086",0.3093,1,0.967655,0,0.0143,4,3,FALSE,FALSE,FALSE
"GENE1142","GENE1142_HUMAN","P01717","Protein GENE1142",-0.0926,0.160172,0.091674,0.4265,1.0378,3,4,FALSE,FALSE,FALSE
"GENE0963","GENE0963_HUMAN","P03359","Protein GENE0963",0.5596,1,0.587853,0,0.2307,2,5,FALSE,FALSE,FALSE
"GENE0142","GENE0142_HUMAN","P84320","Protein GENE0142",-0.3099,0.902848,0.194477,0.1415,0.7111,6,6,FALSE,TRUE,FALSE
"GENE1155","GENE1155_HUMAN","P93968","Protein GENE1155",0.4351,1,0.823231,0,0.0845,4,5,FALSE,FALSE,FALSE
"GENE2671","GENE2671_HUMAN","P99019","Protein GENE2671",-0.1684,0.187684,0.179672,0.4913,0.7455,4,2,FALSE,FALSE,FALSE
"GENE2274","GENE2274_HUMAN","P13120","Protein GENE2274",-0.3514,1,0.504031,0.2778,0.2975,4,6,FALSE,FALSE,FALSE
"GENE0082","GENE0082_HUMAN","P82768","Protein GENE0082",0.3175,0.939179,0.246261,0.0129,0.6086,6,2,FALSE,TRUE,FALSE
"GENE0815","GENE0815_HUMAN","P94779","Protein GENE0815",-0.549,0.430478,0.232624,0,0.6333,6,3,FALSE,FALSE,FALSE
"GENE2824","GENE2824_HUMAN","P88306","Protein GENE2824",-0.1926,1,0.31444,0,0.5025,4,6,FALSE,FALSE,FALSE
"GENE2566","GENE2566_HUMAN","P49957","Protein GENE2566",0.0835,0.429121,0.093016,0.5454,1.0314,3,4,FALSE,FALSE,FALSE
"GENE1233","GENE1233_HUMAN","P57564","Protein GENE1233",-2.2748,0.012429,0.005658,1.7395,2.2473,3,4,FALSE,TRUE,TRUE
"GENE1468","GENE1468_HUMAN","P43699","Protein GENE1468",0.0603,1,0.631301,0,0.1998,4,5,FALSE,FALSE,FALSE
"GENE1393","GENE1393_HUMAN","P91576","Protein GENE1393",0.59,0.441192,0.095272,0.7916,1.021,5,5,FALSE,FALSE,FALSE
"GENE0133","GENE0133_HUMAN","P84002","Protein GENE0133",-0.0073,0.982074,0.203816,0.0106,0.6908,2,2,TRUE,FALSE,FALSE
"GENE0055","GENE0055_HUMAN","P15400","Protein GENE0055",0.5034,1,0.810469,0,0.0913,4,4,FALSE,FALSE,FALSE
"GENE1308","GENE1308_HUMAN","P12745","Protein GENE1308",-0.4693,1,0.640649,0,0.1934,5,5,FALSE,FALSE,FALSE
"GENE0733","GENE0733_HUMAN","P27448","Protein GENE0733",-0.2842,0.4351,0.217144,0.2478,0.6633,2,4,FALSE,FALSE,FALSE
"GENE0785","GENE0785_HUMAN","P87884","Protein GENE0785",-0.1738,1,0.613835,0,0.2119,5,2,TRUE,FALSE,FALSE
"GENE2096","GENE2096_HUMAN","P23291","Protein GENE2096",0.2099,1,0.352451,0,0.4529,5,5,FALSE,FALSE,FALSE
"GENE1019","GENE1019_HUMAN","P07233","Protein GENE1019",-0.8823,0.330889,0.15587,0.2199,0.8072,5,4,FALSE,TRUE,FALSE
"GENE2187","GENE2187_HUMAN","P70184","Protein GENE2187",0.1906,0.312474,0.14793,0.2492,0.8299,5,6,FALSE,FALSE,FALSE
"GENE0545","GENE0545_HUMAN","P11095","Protein GENE0545",-0.46,1,0.886591,0,0.0523,4,6,FALSE,FALSE,FALSE
"GENE0608","GENE0608_HUMAN","P33696","Protein GENE0608",0.4742,1,0.928057,0,0.0324,6,6,FALSE,FALSE,FALSE
"GENE0494","GENE0494_HUMAN","P43316","Protein GENE0494",-4.417,0.111362,0.041641,1.2111,1.3805,4,3,FALSE,FALSE,TRUE
"GENE2278","GENE2278_HUMAN","P77987","Protein GENE2278",-0.3036,1,0.644547,0,0.1907,4,4,FALSE,FALSE,FALSE
"GENE0392","GENE0392_HUMAN","P84904","Protein GENE0392",-0.15,1,0.814505,0,0.0891,3,6,FALSE,FALSE,FALSE
"GENE1897","GENE1897_HUMAN","P39314","Protein GENE1897",0.1122,1,0.626675,0.1482,0.203,5,5,FALSE,FALSE,FALSE
"GENE2703","GENE2703_HUMAN","P87650","Protein GENE2703",-0.2094,0.148388,0.067618,0.7738,1.1699,3,6,FALSE,FALSE,FALSE
"GPATCH3","GPATCH3_HUMAN","P28342","Protein GPATCH3",0.8716,1,0.813362,0,0.0897,2,3,FALSE,FALSE,FALSE
"GENE2620","GENE2620_HUMAN","P85988","Protein GENE2620",0.021,0.451656,0.144517,0.1669,0.8401,4,4,FALSE,FALSE,FALSE
"GENE1752","GENE1752_HUMAN","P80440","Protein GENE1752",-0.2866,1,0.928958,0,0.032,4,2,FALSE,FALSE,FALSE
"GENE2294","GENE2294_HUMAN","P82147","Protein GENE2294",1e-04,0.172254,0.062298,0.7317,1.2055,6,5,FALSE,FALSE,FALSE
"GENE2068","GENE2068_HUMAN","P23776","Protein GENE2068",-0.1297,1,0.886304,0,0.0524,3,4,FALSE,FALSE,FALSE
"GENE1192","GENE1192_HUMAN","P47021","Protein GENE1192",0.182,1,0.793113,0,0.1007,3,6,FALSE,FALSE,FALSE
"GENE2071","GENE2071_HUMAN","P53264","Protein GENE2071",0.3065,0.266925,0.100546,0.4922,0.9976,5,2,FALSE,FALSE,FALSE
"GENE1657","GENE1657_HUMAN","P23694","Protein GENE1657",0.0817,1,0.638689,0,0.1947,4,2,FALSE,FALSE,FALSE
"GENE1081","GENE1081_HUMAN","P78695","Protein GENE1081",-0.2166,1,0.547879,0.1904,0.2613,4,6,FALSE,FALSE,FALSE
"GENE0292","GENE0292_HUMAN","P07513","Protein GENE0292",-0.2271,1,0.354866,0,0.4499,6,3,FALSE,FALSE,FALSE
"GENE0812","GENE0812_HUMAN","P96557","Protein GENE0812",-0.0837,0.215679,0.12493,0.4329,0.9033,5,5,FALSE,FALSE,FALSE
"GENE1051","GENE1051_HUMAN","P48151","Protein GENE1051",-1.0546,1,0.564136,0,0.2486,2,2,FALSE,FALSE,FALSE
"GENE1507","GENE1507_HUMAN","P11321","Protein GENE1507",0.2029,1,0.587499,0,0.231,5,2,FALSE,FALSE,FALSE
"GENE0817","GENE0817_HUMAN","P24970","Protein GENE0817",-1.1967,0.059227,0.022873,0.9488,1.6407,4,5,FALSE,FALSE,TRUE
"GENE1856","GENE1856_HUMAN","P60893","Protein GENE1856",0.697,0.440104,0.201731,0.1204,0.6952,3,4,FALSE,FALSE,FALSE
"GENE1135","GENE1135_HUMAN","P21654","Protein GENE1135",-0.227,0.341336,0.116262,0.4691,0.9346,2,3,FALSE,FALSE,FALSE
"GENE1441","GENE1441_HUMAN","P87517","Protein GENE1441",-0.0644,0.666049,0.22523,0.4178,0.6474,6,6,FALSE,FALSE,FALSE
"GENE2250","GENE2250_HUMAN","P74903","Protein GENE2250",0.1146,1,0.669723,0,0.1741,2,6,FALSE,FALSE,FALSE
"GENE2584","GENE2584_HUMAN","P42668","Protein GENE2584",0.008,1,0.956997,0,0.0191,5,5,FALSE,FALSE,FALSE
"GENE2509","GENE2509_HUMAN","P10501","Protein GENE2509",0.1351,1,0.742588,0,0.1293,5,6,FALSE,FALSE,FALSE
"GENE2177","GENE2177_HUMAN","P09425","Protein GENE2177",-0.0795,1,0.992716,0,0.0032,5,4,FALSE,FALSE,FALSE
"GENE2811","GENE2811_HUMAN","P88268","Protein GENE2811",-0.2172,0.668255,0.399963,0.1607,0.398,5,5,FALSE,FALSE,FALSE
"GENE0166","GENE0166_HUMAN","P87358","Protein GENE0166",-0.1811,0.155829,0.126478,0.5444,0.898,5,3,TRUE,FALSE,FALSE
"GENE0200","GENE0200_HUMAN","P54603","Protein GENE0200",-0.255,1,0.924855,0,0.0339,5,4,FALSE,TRUE,FALSE
"GENE0693","GENE0693_HUMAN","P22290","Protein GENE0693",0.1107,0.49534,0.295982,0.4817,0.5287,4,5,FALSE,FALSE,FALSE
"GENE2450","GENE2450_HUMAN","P42761","Protein GENE2450",0.0119,0.437447,0.194909,0.4602,0.7102,2,5,FALSE,FALSE,FALSE
"GENE2836","GENE2836_HUMAN","P42121","Protein GENE2836",0.0494,1,0.81182,0,0.0905,2,5,TRUE,FALSE,FALSE
"GENE1785","GENE1785_HUMAN","P45250","Protein GENE1785",0.0088,1,0.988231,0,0.0051,4,5,FALSE,FALSE,FALSE
"GENE1270","GENE1270_HUMAN","P88069","Protein GENE1270",0.0733,1,0.509697,0,0.2927,4,6,TRUE,TRUE,FALSE
"GENE1594","GENE1594_HUMAN","P98141","Protein GENE1594",0.0572,1,0.434046,0,0.3625,5,4,FALSE,FALSE,FALSE
"GENE1254","GENE1254_HUMAN","P78863","Protein GENE1254",0.7302,1,0.551969,0,0.2581,6,6,FALSE,FALSE,FALSE
"GENE2710","GENE2710_HUMAN","P65819","Protein GENE2710",-1.5747,0.005282,0.00168,2.3915,2.7748,4,3,FALSE,FALSE,TRUE
"GENE2425","GENE2425_HUMAN","P53215","Protein GENE2425",-2e-04,1,0.433544,0,0.363,4,4,FALSE,FALSE,FALSE
"GENE2169","GENE2169_HUMAN","P17730","Protein GENE2169",-0.7131,1,0.95214,0,0.0213,2,6,FALSE,FALSE,FALSE
"GENE0876","GENE0876_HUMAN","P14992","Protein GENE0876",0.4338,1,0.802118,0,0.0958,5,6,FALSE,FALSE,FALSE
"GENE0942","GENE0942_HUMAN","P99755","Protein GENE0942",0.1418,1,0.459205,0.047,0.338,2,5,FALSE,FALSE,FALSE
"GENE1744","GENE1744_HUMAN","P55482","Protein GENE1744",0.0501,1,0.987783,0,0.0053,4,6,FALSE,FALSE,FALSE
"GENE2681","GENE2681_HUMAN","P69016","Protein GENE2681",0.0753,1,0.814655,0,0.089,3,3,FALSE,FALSE,FALSE
"GENE0566","GENE0566_HUMAN","P57081","Protein GENE0566",-0.1825,1,0.346456,0.1826,0.4604,3,3,FALSE,FALSE,FALSE
"GENE0952","GENE0952_HUMAN","P33252","Protein GENE0952",-0.2316,1,0.642502,0,0.1921,4,6,FALSE,FALSE,FALSE
"GENE1281","GENE1281_HUMAN","P39252","Protein GENE1281",3.3732,0.013118,0.011183,1.403,1.9515,5,6,FALSE,FALSE,TRUE
"GENE0367","GENE0367_HUMAN","P17543","Protein GENE0367",0.1632,0.993015,0.653316,0,0.1849,3,2,FALSE,FALSE,FALSE
"GENE0086","GENE0086_HUMAN","P54597","Protein GENE0086",-0.2293,1,0.729345,0,0.1371,6,5,FALSE,TRUE,FALSE
"GENE0132","GENE0132_HUMAN","P49211","Protein GENE0132",-0.5903,1,0.879514,0,0.0558,5,3,TRUE,FALSE,FALSE
"GENE1828","GENE1828_HUMAN","P21072","Protein GENE1828",-0.2246,0.535819,0.506209,0,0.2957,3,3,FALSE,FALSE,FALSE
"GENE1006","GENE1006_HUMAN","P06779","Protein GENE1006",0.1312,0.685742,0.176452,0.0704,0.7534,4,3,FALSE,FALSE,FALSE
"GENE0291","GENE0291_HUMAN","P54066","Protein GENE0291",0.555,1,0.991673,0,0.0036,5,5,FALSE,FALSE,FALSE
"GENE1139","GENE1139_HUMAN","P84201","Protein GENE1139",-0.2328,1,0.89681,0,0.0473,3,2,FALSE,FALSE,FALSE
"GENE0041","GENE0041_HUMAN","P99427","Protein GENE0041",-0.3533,1,0.436674,0,0.3598,5,4,FALSE,FALSE,FALSE
"GENE2185","GENE2185_HUMAN","P04556","Protein GENE2185",0.0839,1,0.543893,0,0.2645,4,3,FALSE,FALSE,FALSE
"GENE1388","GENE1388_HUMAN","P67605","Protein GENE1388",0.8198,1,0.292982,0,0.5332,5,5,TRUE,FALSE,FALSE
"GENE2778","GENE2778_HUMAN","P00828","Protein GENE2778",0.0061,0.340708,0.100411,0.9197,0.9982,2,3,FALSE,FALSE,FALSE
"GENE1046","GENE1046_HUMAN","P18399","Protein GENE1046",-0.4019,1,0.495717,0,0.3048,6,5,TRUE,FALSE,FALSE
"GENE1352","GENE1352_HUMAN","P72574","Protein GENE1352",-0.0691,0.975766,0.430592,0,0.3659,6,3,FALSE,FALSE,FALSE
"GENE2072","GENE2072_HUMAN","P40478","Protein GENE2072",-0.2532,1,0.762441,0,0.1178,4,4,FALSE,FALSE,FALSE
"GENE1268","GENE1268_HUMAN","P40583","Protein GENE1268",-0.0398,1,0.38962,0,0.4094,2,3,FALSE,FALSE,FALSE
"GENE2192","GENE2192_HUMAN","P27724","Protein GENE2192",0.0842,1,0.5992,0,0.2224,6,4,FALSE,FALSE,FALSE
"GENE1115","GENE1115_HUMAN","P90751","Protein GENE1115",-0.1542,1,0.643903,0,0.1912,4,2,FALSE,FALSE,FALSE
"GENE1005","GENE1005_HUMAN","P09371","Protein GENE1005",0.3108,0.56015,0.18974,0.1376,0.7218,6,5,FALSE,FALSE,FALSE
"GENE1991","GENE1991_HUMAN","P07884","Protein GENE1991",-0.1571,0.417533,0.08807,0.6374,1.0552,6,4,FALSE,FALSE,FALSE
"GENE0486","GENE0486_HUMAN","P03234","Protein GENE0486",-0.3678,1,0.303651,0,0.5176,3,5,TRUE,FALSE,FALSE
"GENE0410","GENE0410_HUMAN","P63748","Protein GENE0410",-0.6118,0.296731,0.072622,0.9527,1.1389,3,2,FALSE,FALSE,FALSE
"GENE1707","GENE1707_HUMAN","P84244","Protein GENE1707",3.6539,0.023398,0.005157,1.8137,2.2876,4,2,FALSE,FALSE,TRUE
"GENE1849","GENE1849_HUMAN","P97082","Protein GENE1849",0.294,1,0.495251,0,0.3052,2,2,FALSE,FALSE,FALSE
"GENE0737","GENE0737_HUMAN","P54608","Protein GENE0737",-0.3282,0.586781,0.130464,0.2715,0.8845,2,3,FALSE,FALSE,FALSE
"GENE1515","GENE1515_HUMAN","P52803","Protein GENE1515",0.3183,1,0.777799,0,0.1091,5,5,FALSE,FALSE,FALSE
"GENE0112","GENE0112_HUMAN","P68328","Protein GENE0112",-0.3021,1,0.822393,0,0.0849,6,2,FALSE,FALSE,FALSE
"GENE1606","GENE1606_HUMAN","P39791","Protein GENE1606",-0.4778,0.443048,0.09722,0.875,1.0122,6,4,FALSE,FALSE,FALSE
"GENE2427","GENE2427_HUMAN","P15995","Protein GENE2427",-0.1036,1,0.463465,0,0.334,3,4,FALSE,FALSE,FALSE
"GENE0622","GENE0622_HUMAN","P21416","Protein GENE0622",0.1712,1,0.460724,0,0.3366,6,4,FALSE,FALSE,FALSE
"GENE1182","GENE1182_HUMAN","P57630","Protein GENE1182",0.0103,0.91776,0.188209,0.0517,0.7254,2,2,FALSE,FALSE,FALSE
"GENE0275","GENE0275_HUMAN","P17501","Protein GENE0275",-0.2063,1,0.95586,0,0.0196,2,6,FALSE,FALSE,FALSE
"GENE2287","GENE2287_HUMAN","P06534","Protein GENE2287",-0.1121,0.35896,0.123211,0.5111,0.9094,4,2,FALSE,FALSE,FALSE
"GENE1904","GENE1904_HUMAN","P31429","Protein GENE1904",0.4249,1,0.944259,0,0.0249,3,4,FALSE,TRUE,FALSE
"GENE1723","GENE1723_HUMAN","P31161","Protein GENE1723",-0.2028,0.200573,0.06658,0.5805,1.1767,4,3,FALSE,FALSE,FALSE
"GENE1214","GENE1214_HUMAN","P33373","Protein GENE1214",-0.2275,1,0.824746,0.0239,0.0837,3,5,FALSE,FALSE,FALSE
"GENE1062","GENE1062_HUMAN","P33848","Protein GENE1062",0.4237,1,0.605427,0,0.2179,3,5,FALSE,FALSE,FALSE
"GENE2011","GENE2011_HUMAN","P44722","Protein GENE2011",-0.3821,1,0.603423,0,0.2194,2,3,FALSE,FALSE,FALSE
"GENE0256","GENE0256_HUMAN","P13698","Protein GENE0256",-0.4906,0.813421,0.602251,0,0.2202,6,6,FALSE,FALSE,FALSE
"GENE0061","GENE0061_HUMAN","P29334","Protein GENE0061",-0.0379,1,0.314763,0.4899,0.502,4,4,FALSE,FALSE,FALSE
"DDX17","DDX17_HUMAN","P26253","Protein DDX17",0.0948,0.633243,0.219176,0.1633,0.6592,3,5,FALSE,FALSE,FALSE
"GENE0022","GENE0022_HUMAN","P65607","Protein GENE0022",-0.0937,0.963565,0.641524,0,0.1928,5,4,FALSE,FALSE,FALSE
"GENE1413","GENE1413_HUMAN","P46388","Protein GENE1413",-0.2782,1,0.733059,0,0.1349,5,4,FALSE,FALSE,FALSE
"GENE2019","GENE2019_HUMAN","P47910","Protein GENE2019",-0.1684,1,0.295508,0.1195,0.5294,3,4,FALSE,FALSE,FALSE
"GENE2204","GENE2204_HUMAN","P63527","Protein GENE2204",-4.1291,0.043974,0.012102,1.4913,1.9171,3,5,FALSE,FALSE,TRUE
"GENE0752","GENE0752_HUMAN","P65373","Protein GENE0752",0.1971,0.905184,0.651393,0,0.1862,6,3,TRUE,FALSE,FALSE
"GENE0503","GENE0503_HUMAN","P25888","Protein GENE0503",0.4063,0.100194,0.073931,0.9709,1.1312,4,6,FALSE,FALSE,FALSE
"GENE0312","GENE0312_HUMAN","P93113","Protein GENE0312",0.1592,1,0.762886,0,0.1175,2,6,FALSE,FALSE,FALSE
"GENE0657","GENE0657_HUMAN","P33963","Protein GENE0657",-0.4474,0.426981,0.309451,0.403,0.5094,2,6,TRUE,FALSE,FALSE
"GENE0914","GENE0914_HUMAN","P32537","Protein GENE0914",0.4094,1,0.441666,0,0.3549,4,5,FALSE,FALSE,FALSE
"GENE0669","GENE0669_HUMAN","P56231","Protein GENE0669",-0.4751,1,0.74909,0,0.1255,6,5,TRUE,FALSE,FALSE
"GENE0262","GENE0262_HUMAN","P42324","Protein GENE0262",-0.087,1,0.301611,0,0.5206,2,5,FALSE,FALSE,FALSE
"GENE1304","GENE1304_HUMAN","P95780","Protein GENE1304",0.1505,1,0.842396,0,0.0745,5,5,TRUE,FALSE,FALSE
"GENE0241","GENE0241_HUMAN","P48642","Protein GENE0241",0.6117,1,0.999346,0,3e-04,3,2,FALSE,FALSE,FALSE
"GENE1245","GENE1245_HUMAN","P11363","Protein GENE1245",-0.2651,0.871443,0.301063,0,0.5213,4,5,FALSE,FALSE,FALSE
"GENE2850","GENE2850_HUMAN","P86084","Protein GENE2850",0.1034,1,0.798678,0,0.0976,6,3,FALSE,FALSE,FALSE
"GENE0969","GENE0969_HUMAN","P48910","Protein GENE0969",0.1997,0.60324,0.558113,0,0.2533,6,2,FALSE,FALSE,FALSE
"GENE0837","GENE0837_HUMAN","P10069","Protein GENE0837",-0.4053,0.864599,0.794462,0,0.0999,4,6,FALSE,FALSE,FALSE
"GENE0644","GENE0644_HUMAN","P33626","Protein GENE0644",-0.2906,0.242392,0.233154,0.0975,0.6324,5,5,FALSE,FALSE,FALSE
"GENE2244","GENE2244_HUMAN","P12484","Protein GENE2244",0.4316,1,0.257382,0.1302,0.5894,3,6,FALSE,FALSE,FALSE
"GENE2799","GENE2799_HUMAN","P58871","Protein GENE2799",-0.119,0.793873,0.729478,0,0.137,5,2,FALSE,FALSE,FALSE
"GENE0437","GENE0437_HUMAN","P02148","Protein GENE0437",-0.3064,1,0.716554,0,0.1448,4,5,FALSE,TRUE,FALSE
"GENE0344","GENE0344_HUMAN","P58885","Protein GENE0344",0.512,1,0.508482,0,0.2937,2,6,FALSE,FALSE,FALSE
"GENE2783","GENE2783_HUMAN","P81882","Protein GENE2783",-0.2072,1,0.501588,0.0288,0.2997,3,5,FALSE,FALSE,FALSE
"GENE0936","GENE0936_HUMAN","P75900","Protein GENE0936",0.0696,1,0.905893,0,0.0429,3,3,TRUE,FALSE,FALSE
"GENE1482","GENE1482_HUMAN","P35125","Protein GENE1482",0.5884,1,0.603209,0,0.2195,5,3,FALSE,FALSE,FALSE
"GENE2577","GENE2577_HUMAN","P96453","Protein GENE2577",0.008,1,0.578414,0.0897,0.2378,4,2,FALSE,FALSE,FALSE
"GENE2692","GENE2692_HUMAN","P89990","Protein GENE2692",0.9355,0.59903,0.261869,0.1834,0.5819,2,5,FALSE,FALSE,FALSE
"GENE0586","GENE0586_HUMAN","P27782","Protein GENE0586",-0.103,1,0.745558,0,0.1275,2,5,FALSE,FALSE,FALSE
"GENE2565","GENE2565_HUMAN","P48091","Protein GENE2565",-0.1011,1,0.819144,0,0.0866,3,2,FALSE,FALSE,FALSE
"GENE2277","GENE2277_HUMAN","P11806","Protein GENE2277",0.2087,0.807083,0.536603,0.2414,0.2703,3,6,FALSE,TRUE,FALSE
"GENE1462","GENE1462_HUMAN","P55416","Protein GENE1462",0.0143,1,0.315488,0,0.501,6,5,FALSE,FALSE,FALSE
"STK3","STK3_HUMAN","P13943","Protein STK3",0.1076,0.677501,0.413771,0.0366,0.3832,3,4,FALSE,FALSE,FALSE
"GENE0996","GENE0996_HUMAN","P88093","Protein GENE0996",-0.0012,0.318513,0.176714,0.2795,0.7527,4,3,FALSE,TRUE,FALSE
"GENE1124","GENE1124_HUMAN","P37407","Protein GENE1124",0.0606,1,0.689061,0,0.1617,4,4,FALSE,FALSE,FALSE
"GENE2227","GENE2227_HUMAN","P99981","Protein GENE2227",-0.0384,0.466109,0.181637,0.3503,0.7408,3,6,FALSE,FALSE,FALSE
"GENE0755","GENE0755_HUMAN","P73514","Protein GENE0755",0.7215,0.845506,0.285033,0.3151,0.5451,6,6,FALSE,FALSE,FALSE
"PPP6R1","PPP6R1_HUMAN","P66574","Protein PPP6R1",0.0744,1,0.988217,0,0.0051,2,3,FALSE,FALSE,FALSE
"GENE1456","GENE1456_HUMAN","P28272","Protein GENE1456",-0.4331,1,0.944219,0,0.0249,2,5,FALSE,FALSE,FALSE
"GENE1344","GENE1344_HUMAN","P71587","Protein GENE1344",-1.1189,1,0.523906,0,0.2807,5,6,FALSE,FALSE,FALSE
"GENE2170","GENE2170_HUMAN","P19863","Protein GENE2170",0.2448,1,0.238993,0.0218,0.6216,6,3,FALSE,FALSE,FALSE
"GENE1324","GENE1324_HUMAN","P53820","Protein GENE1324",-0.249,0.893899,0.27097,0.5577,0.5671,6,3,FALSE,FALSE,FALSE
"GENE1226","GENE1226_HUMAN","P89663","Protein GENE1226",-0.4059,1,0.475132,0,0.3232,6,2,FALSE,TRUE,FALSE
"GENE0680","GENE0680_HUMAN","P22919","Protein GENE0680",-0.4826,1,0.224194,0,0.6494,3,4,FALSE,FALSE,FALSE
"GENE0170","GENE0170_HUMAN","P76569","Protein GENE0170",-0.3216,1,0.752576,0.0042,0.1234,2,3,FALSE,FALSE,FALSE
"GENE1848","GENE1848_HUMAN","P95609","Protein GENE1848",0.0136,1,0.218948,0.1594,0.6597,5,2,FALSE,FALSE,FALSE
"GENE1418","GENE1418_HUMAN","P61043","Protein GENE1418",0.7197,0.638881,0.18701,0.1664,0.7281,6,3,FALSE,FALSE,FALSE
"GENE1631","GENE1631_HUMAN","P20090","Protein GENE1631",-0.0629,0.560581,0.218283,0.1223,0.661,5,5,FALSE,FALSE,FALSE
"GENE0935","GENE0935_HUMAN","P98787","Protein GENE0935",0.3834,1,0.781041,0,0.1073,5,4,TRUE,FALSE,FALSE
"GENE1078","GENE1078_HUMAN","P86963","Protein GENE1078",-0.0674,1,0.95328,0,0.0208,3,6,FALSE,FALSE,FALSE
"GENE1194","GENE1194_HUMAN","P46299","Protein GENE1194",0.2181,1,0.321633,0,0.4926,2,6,FALSE,FALSE,FALSE
"GENE0455","GENE0455_HUMAN","P69902","Protein GENE0455",0.1281,1,0.978079,0,0.0096,3,6,FALSE,FALSE,FALSE
"GENE2859","GENE2859_HUMAN","P06268","Protein GENE2859",0.2888,0.521633,0.34515,0,0.462,6,3,FALSE,FALSE,FALSE
"GENE0155","GENE0155_HUMAN","P37927","Protein GENE0155",0.1151,0.683341,0.149184,0.3351,0.8263,6,5,FALSE,FALSE,FALSE
"GENE0539","GENE0539_HUMAN","P46982","Protein GENE0539",0.1762,0.224271,0.133703,0.5833,0.8739,2,2,FALSE,FALSE,FALSE
"GENE0304","GENE0304_HUMAN","P43951","Protein GENE0304",0.1786,1,0.379517,0,0.4208,2,2,FALSE,FALSE,FALSE
"GENE2573","GENE2573_HUMAN","P51476","Protein GENE2573",-0.3409,0.843303,0.202485,0.3925,0.6936,4,5,FALSE,FALSE,FALSE
"GENE0839","GENE0839_HUMAN","P34206","Protein GENE0839",0.5321,1,0.80732,0,0.093,6,6,FALSE,FALSE,FALSE
"GENE2167","GENE2167_HUMAN","P04230","Protein GENE2167",-0.7584,0.483437,0.186372,0.0882,0.7296,6,3,FALSE,FALSE,FALSE
"DHX9","DHX9_HUMAN","P71997","Protein DHX9",-0.5138,1,0.804111,0,0.0947,4,6,TRUE,FALSE,FALSE
"GENE1808","GENE1808_HUMAN","P10521","Protein GENE1808",0.1477,1,0.464535,0,0.333,4,6,FALSE,FALSE,FALSE
"GENE2058","GENE2058_HUMAN","P04828","Protein GENE2058",-0.6585,1,0.81139,0,0.0908,5,3,FALSE,TRUE,FALSE
"GENE0838","GENE0838_HUMAN","P71863","Protein GENE0838",0.295,0.54432,0.242459,0.1198,0.6154,6,5,FALSE,FALSE,FALSE
"GENE0863","GENE0863_HUMAN","P85869","Protein GENE0863",-0.1379,1,0.506271,0,0.2956,2,6,FALSE,FALSE,FALSE
"GENE1753","GENE1753_HUMAN","P40486","Protein GENE1753",0.2992,0.851032,0.222724,0,0.6522,6,2,FALSE,TRUE,FALSE
"GENE0749","GENE0749_HUMAN","P54187","Protein GENE0749",-0.1823,1,0.85027,0,0.0704,2,3,FALSE,FALSE,FALSE
"GENE0922","GENE0922_HUMAN","P47390","Protein GENE0922",0.0126,1,0.913445,0,0.0393,2,5,FALSE,FALSE,FALSE
"GENE0818","GENE0818_HUMAN","P23435","Protein GENE0818",1.0379,1,0.386164,0.1182,0.4132,6,4,FALSE,FALSE,FALSE
"GENE2773","GENE2773_HUMAN","P32069","Protein GENE2773",0.0915,0.924478,0.206187,0.0819,0.6857,5,6,FALSE,FALSE,FALSE
"GENE1257","GENE1257_HUMAN","P89070","Protein GENE1257",0.4761,1,0.57879,0,0.2375,5,2,FALSE,TRUE,FALSE
"GENE1732","GENE1732_HUMAN","P32909","Protein GENE1732",0.3707,1,0.949253,0,0.0226,5,4,FALSE,FALSE,FALSE
"GENE0619","GENE0619_HUMAN","P41110","Protein GENE0619",-0.0452,0.818989,0.221961,0.0657,0.6537,3,3,FALSE,FALSE,FALSE
"GENE1604","GENE1604_HUMAN","P83957","Protein GENE1604",0.044,0.906241,0.312262,0,0.5055,6,2,FALSE,FALSE,FALSE
"GENE1877","GENE1877_HUMAN","P59303","Protein GENE1877",-1.617,0.042284,0.015015,1.3452,1.8235,4,2,FALSE,FALSE,TRUE
"GENE0451","GENE0451_HUMAN","P36953","Protein GENE0451",0.0393,1,0.897816,0,0.0468,2,4,FALSE,FALSE,FALSE
"GENE0059","GENE0059_HUMAN","P95309","Protein GENE0059",-0.274,1,0.42007,0.0518,0.3767,6,3,FALSE,TRUE,FALSE
"GENE0147","GENE0147_HUMAN","P56884","Protein GENE0147",-0.375,1,0.31997,0,0.4949,4,6,FALSE,FALSE,FALSE
"GENE2894","GENE2894_HUMAN","P36303","Protein GENE2894",-0.1833,0.92091,0.73162,0,0.1357,2,4,FALSE,FALSE,FALSE
"GENE2251","GENE2251_HUMAN","P16653","Protein GENE2251",0.2336,0.838146,0.373969,0,0.4272,5,6,FALSE,FALSE,FALSE
"GENE2544","GENE2544_HUMAN","P89015","Protein GENE2544",-0.5246,1,0.481294,0,0.3176,3,6,FALSE,FALSE,FALSE
"GENE2048","GENE2048_HUMAN","P15288","Protein GENE2048",0.3129,1,0.50822,0,0.2939,4,5,FALSE,FALSE,FALSE
"GENE2806","GENE2806_HUMAN","P96100","Protein GENE2806",-0.7207,1,0.957336,0,0.0189,4,5,FALSE,FALSE,FALSE
"GENE2605","GENE2605_HUMAN","P98692","Protein GENE2605",-0.0848,1,0.505181,0,0.2966,4,2,FALSE,FALSE,FALSE
"GENE1057","GENE1057_HUMAN","P16963","Protein GENE1057",0.6555,1,0.822306,0,0.085,4,5,FALSE,FALSE,FALSE
"GENE0363","GENE0363_HUMAN","P23152","Protein GENE0363",0.1603,0.495543,0.365706,0.2049,0.4369,6,6,FALSE,FALSE,FALSE
"GENE0708","GENE0708_HUMAN","P11104","Protein GENE0708",-0.5335,1,0.394265,0.3577,0.4042,2,3,FALSE,FALSE,FALSE
"GENE0106","GENE0106_HUMAN","P69289","Protein GENE0106",-0.2263,1,0.947669,0,0.0233,4,2,FALSE,FALSE,FALSE
"GENE1770","GENE1770_HUMAN","P31850","Protein GENE1770",-0.5356,0.2613,0.137561,0.2498,0.8615,3,2,FALSE,FALSE,FALSE
"GENE2164","GENE2164_HUMAN","P66249","Protein GENE2164",0.0451,0.943298,0.191779,0.4291,0.7172,2,2,FALSE,TRUE,FALSE
"GENE0808","GENE0808_HUMAN","P21668","Protein GENE0808",-0.4046,0.542602,0.312735,0,0.5048,3,5,TRUE,FALSE,FALSE
"GENE1330","GENE1330_HUMAN","P62021","Protein GENE1330",0.2802,1,0.415648,0.0724,0.3813,3,5,FALSE,FALSE,FALSE
"GENE0648","GENE0648_HUMAN","P71980","Protein GENE0648",0.1241,1,0.392861,0,0.4058,4,3,FALSE,FALSE,FALSE
"GENE2863","GENE2863_HUMAN","P86181","Protein GENE2863",0.0467,1,0.832244,0.0721,0.0797,4,5,FALSE,FALSE,FALSE
"GENE1804","GENE1804_HUMAN","P79629","Protein GENE1804",-0.1108,1,0.464046,0,0.3334,5,6,TRUE,FALSE,FALSE
"GENE2767","GENE2767_HUMAN","P50213","Protein GENE2767",0.3722,0.803531,0.232278,0.1241,0.634,4,2,FALSE,FALSE,FALSE
"GENE0994","GENE0994_HUMAN","P08347","Protein GENE0994",0.761,1,0.57675,0,0.239,3,4,FALSE,FALSE,FALSE
"GENE2405","GENE2405_HUMAN","P54322","Protein GENE2405",-0.1305,1,0.471684,0,0.3263,2,5,FALSE,FALSE,FALSE
"GENE2734","GENE2734_HUMAN","P34696","Protein GENE2734",0.4291,0.136665,0.114998,0.7157,0.9393,4,6,FALSE,FALSE,FALSE
"GENE0598","GENE0598_HUMAN","P45493","Protein GENE0598",0.6075,1,0.853235,0,0.0689,2,4,TRUE,FALSE,FALSE
"GENE1518","GENE1518_HUMAN","P70784","Protein GENE1518",0.0833,0.794706,0.347223,0.0805,0.4594,2,6,FALSE,FALSE,FALSE
"GENE0601","GENE0601_HUMAN","P08488","Protein GENE0601",-0.1512,1,0.818402,0,0.087,5,2,FALSE,FALSE,FALSE
"GENE0614","GENE0614_HUMAN","P05859","Protein GENE0614",-0.1916,1,0.614096,0,0.2118,5,4,FALSE,FALSE,FALSE
"GENE1475","GENE1475_HUMAN","P42724","Protein GENE1475",0.7999,1,0.945945,0,0.0241,2,3,FALSE,FALSE,FALSE
"GENE1098","GENE1098_HUMAN","P33734","Protein GENE1098",0.6728,1,0.866137,0,0.0624,5,2,FALSE,FALSE,FALSE
"GENE1076","GENE1076_HUMAN","P74279","Protein GENE1076",-0.5958,1,0.323214,0,0.4905,6,3,FALSE,FALSE,FALSE
"GENE2375","GENE2375_HUMAN","P41320","Protein GENE2375",-0.1989,0.202993,0.061095,0.6753,1.214,3,3,FALSE,FALSE,FALSE
"GENE0210","GENE0210_HUMAN","P12913","Protein GENE0210",-0.016,1,0.732559,0,0.1352,2,2,FALSE,FALSE,FALSE
"GENE2840","GENE2840_HUMAN","P90404","Protein GENE2840",-0.6716,1,0.907522,0,0.0421,4,6,FALSE,FALSE,FALSE
"GENE0084","GENE0084_HUMAN","P34280","Protein GENE0084",0.7583,0.439228,0.420749,0,0.376,6,5,FALSE,FALSE,FALSE
"GENE1549","GENE1549_HUMAN","P05335","Protein GENE1549",-0.109,1,0.422531,0.1218,0.3741,5,6,FALSE,FALSE,FALSE
"GENE1175","GENE1175_HUMAN","P30285","Protein GENE1175",0.4461,1,0.805208,0,0.0941,3,3,FALSE,FALSE,FALSE
"GENE2026","GENE2026_HUMAN","P77979","Protein GENE2026",-0.2771,1,0.351436,0,0.4542,4,4,FALSE,TRUE,FALSE
"GENE1445","GENE1445_HUMAN","P02077","Protein GENE1445",-0.0137,1,0.66108,0,0.1797,4,5,FALSE,TRUE,FALSE
"GENE1307","GENE1307_HUMAN","P48984","Protein GENE1307",0.5123,0.382675,0.138712,0.4189,0.8579,2,4,FALSE,FALSE,FALSE
"PKN1","PKN1_HUMAN","P31862","Protein PKN1",2.2067,0.008197,0.001812,2.1236,2.7417,3,4,FALSE,FALSE,TRUE
"GENE2708","GENE2708_HUMAN","P74850","Protein GENE2708",-0.1632,1,0.488168,0,0.3114,2,5,FALSE,FALSE,FALSE
"GENE1780","GENE1780_HUMAN","P26873","Protein GENE1780",0.5251,1,0.739549,0,0.131,5,2,FALSE,FALSE,FALSE
"GENE0976","GENE0976_HUMAN","P66464","Protein GENE0976",0.4976,1,0.349247,0,0.4569,2,5,TRUE,FALSE,FALSE
"GENE2194","GENE2194_HUMAN","P29402","Protein GENE2194",-0.1229,1,0.82789,0,0.082,5,2,FALSE,FALSE,FALSE
"GENE2206","GENE2206_HUMAN","P37728","Protein GENE2206",0.8094,0.80334,0.258547,0,0.5875,5,5,FALSE,FALSE,FALSE
"GENE1896","GENE1896_HUMAN","P94379","Protein GENE1896",0.1991,1,0.446413,0,0.3503,2,6,FALSE,FALSE,FALSE
"GENE2649","GENE2649_HUMAN","P08164","Protein GENE2649",0.0695,0.605833,0.155568,0.1656,0.8081,4,6,FALSE,TRUE,FALSE
"GENE1184","GENE1184_HUMAN","P27115","Protein GENE1184",0.6927,0.907257,0.229468,0.0175,0.6393,3,2,FALSE,FALSE,FALSE
"GENE2594","GENE2594_HUMAN","P08644","Protein GENE2594",0.2383,1,0.341344,0,0.4668,4,3,FALSE,FALSE,FALSE
"GENE2211","GENE2211_HUMAN","P92894","Protein GENE2211",0.3329,1,0.632835,0,0.1987,2,2,FALSE,FALSE,FALSE
"GENE2139","GENE2139_HUMAN","P30151","Protein GENE2139",-0.3134,1,0.836623,0,0.0775,6,3,FALSE,FALSE,FALSE
"GENE2855","GENE2855_HUMAN","P70820","Protein GENE2855",-0.5699,0.044391,0.034955,0.7581,1.4565,4,2,FALSE,FALSE,TRUE
"GENE1751","GENE1751_HUMAN","P55130","Protein GENE1751",0.5344,0.187178,0.147043,0.3865,0.8326,6,4,FALSE,FALSE,FALSE
"GENE2507","GENE2507_HUMAN","P36159","Protein GENE2507",-0.1954,1,0.812968,0,0.0899,2,5,FALSE,FALSE,FALSE
"GENE2142","GENE2142_HUMAN","P39931","Protein GENE2142",-0.3175,1,0.605833,0,0.2176,6,6,FALSE,FALSE,FALSE
"GENE0484","GENE0484_HUMAN","P06074","Protein GENE0484",0.0398,0.737058,0.627307,0,0.2025,6,5,FALSE,FALSE,FALSE
"GENE1528","GENE1528_HUMAN","P50610","Protein GENE1528",-0.099,1,0.873556,0,0.0587,5,2,TRUE,FALSE,FALSE
"GENE2729","GENE2729_HUMAN","P98955","Protein GENE2729",-0.0181,1,0.944252,0,0.0249,5,6,FALSE,FALSE,FALSE
"GENE1106","GENE1106_HUMAN","P83535","Protein GENE1106",-0.1519,1,0.662414,0,0.1789,2,2,FALSE,FALSE,FALSE
"GENE0974","GENE0974_HUMAN","P10175","Protein GENE0974",-0.4733,0.998605,0.748489,0,0.1258,4,6,FALSE,FALSE,FALSE
"GENE2598","GENE2598_HUMAN","P70510","Protein GENE2598",0.8321,1,0.89745,0,0.047,2,4,FALSE,FALSE,FALSE
"GENE1420","GENE1420_HUMAN","P26600","Protein GENE1420",0.1415,1,0.943334,0,0.0253,6,5,FALSE,FALSE,FALSE
"GENE0457","GENE0457_HUMAN","P97314","Protein GENE0457",-0.3015,1,0.511581,0,0.2911,3,3,TRUE,FALSE,FALSE
"GENE1931","GENE1931_HUMAN","P13292","Protein GENE1931",-0.0945,0.492705,0.123152,0.2139,0.9096,3,2,TRUE,FALSE,FALSE
"GENE1879","GENE1879_HUMAN","P93600","Protein GENE1879",0.1607,0.273939,0.269324,0.4676,0.5697,5,5,FALSE,FALSE,FALSE
"GENE2640","GENE2640_HUMAN","P37771","Protein GENE2640",0.2781,1,0.967782,0,0.0142,6,6,TRUE,FALSE,FALSE
"GENE0795","GENE0795_HUMAN","P74910","Protein GENE0795",-0.1033,1,0.561489,0,0.2507,6,2,FALSE,FALSE,FALSE
"GENE2197","GENE2197_HUMAN","P75443","Protein GENE2197",0.1448,1,0.83701,0,0.0773,2,5,TRUE,FALSE,FALSE
"GENE1022","GENE1022_HUMAN","P11843","Protein GENE1022",0.0637,1,0.852359,0,0.0694,3,6,FALSE,FALSE,FALSE
"GENE1221","GENE1221_HUMAN","P23994","Protein GENE1221",0.9028,1,0.848856,0,0.0712,4,4,FALSE,FALSE,FALSE
"GENE1262","GENE1262_HUMAN","P97459","Protein GENE1262",0.6224,1,0.526765,0,0.2784,6,3,FALSE,FALSE,FALSE
"GENE0362","GENE0362_HUMAN","P63910","Protein GENE0362",-1.1281,0.064437,0.015703,1.1898,1.804,3,5,FALSE,FALSE,TRUE
"GENE2106","GENE2106_HUMAN","P92896","Protein GENE2106",-0.8694,1,0.44975,0,0.347,5,3,FALSE,FALSE,FALSE
"GENE1816","GENE1816_HUMAN","P22505","Protein GENE1816",-0.1628,1,0.34135,0,0.4668,2,5,FALSE,FALSE,FALSE
"GENE2028","GENE2028_HUMAN","P06104","Protein GENE2028",0.4548,1,0.581268,0,0.2356,5,6,FALSE,FALSE,FALSE
"GENE1113","GENE1113_HUMAN","P40830","Protein GENE1113",0.1313,0.821289,0.430376,0.2667,0.3662,5,3,FALSE,FALSE,FALSE
"GENE1945","GENE1945_HUMAN","P41778","Protein GENE1945",-0.0651,1,0.974463,0,0.0112,5,2,FALSE,FALSE,FALSE
"GENE2550","GENE2550_HUMAN","P34795","Protein GENE2550",0.2621,0.420328,0.121311,0.3558,0.9161,2,3,TRUE,TRUE,FALSE
"GENE2628","GENE2628_HUMAN","P04288","Protein GENE2628",0.3193,1,0.774563,0,0.1109,4,6,TRUE,FALSE,FALSE
"GENE0493","GENE0493_HUMAN","P47944","Protein GENE0493",-0.5705,1,0.790923,0,0.1019,3,2,FALSE,TRUE,FALSE
"GENE2326","GENE2326_HUMAN","P54322","Protein GENE2326",0.1185,1,0.85655,0,0.0672,2,4,FALSE,FALSE,FALSE
"GENE2702","GENE2702_HUMAN","P51091","Protein GENE2702",0.0015,0.580861,0.122199,0.5647,0.9129,3,6,FALSE,FALSE,FALSE
"GENE2100","GENE2100_HUMAN","P97316","Protein GENE2100",0.2809,1,0.346849,0.2801,0.4599,4,5,FALSE,FALSE,FALSE
"GENE1090","GENE1090_HUMAN","P17358","Protein GENE1090",-0.2513,0.443944,0.174041,0.1884,0.7593,4,2,FALSE,FALSE,FALSE
"GENE1981","GENE1981_HUMAN","P52013","Protein GENE1981",-0.6322,0.695694,0.397466,0.2511,0.4007,6,5,FALSE,TRUE,FALSE
"GENE1797","GENE1797_HUMAN","P00547","Protein GENE1797",0.3908,0.706827,0.518647,0,0.2851,3,2,FALSE,FALSE,FALSE
"GENE0243","GENE0243_HUMAN","P52929","Protein GENE0243",-0.1277,1,0.942508,0,0.0257,3,6,FALSE,FALSE,FALSE
"GENE0350","GENE0350_HUMAN","P04649","Protein GENE0350",0.0018,0.432182,0.285273,0,0.5447,6,3,FALSE,FALSE,FALSE
"GENE0722","GENE0722_HUMAN","P87971","Protein GENE0722",-0.6715,1,0.984705,0,0.0067,6,6,FALSE,FALSE,FALSE
"GENE0861","GENE0861_HUMAN","P71762","Protein GENE0861",0.1645,0.538426,0.268913,0.4553,0.5704,2,2,FALSE,FALSE,FALSE
"GENE1565","GENE1565_HUMAN","P47835","Protein GENE1565",0.4248,1,0.601847,0.1632,0.2205,3,2,FALSE,FALSE,FALSE
"GENE1242","GENE1242_HUMAN","P72537","Protein GENE1242",-0.326,1,0.731195,0,0.136,4,4,FALSE,FALSE,FALSE
"GENE0324","GENE0324_HUMAN","P17117","Protein GENE0324",-0.0316,0.259788,0.063314,0.6618,1.1985,3,4,FALSE,FALSE,FALSE
"GENE1698","GENE1698_HUMAN","P69987","Protein GENE1698",-0.0294,1,0.498583,0,0.3023,2,2,TRUE,FALSE,FALSE
"GENE0887","GENE0887_HUMAN","P69587","Protein GENE0887",-0.6239,1,0.866776,0,0.0621,5,6,FALSE,FALSE,FALSE
"GENE0650","GENE0650_HUMAN","P52879","Protein GENE0650",-0.731,1,0.978436,0,0.0095,3,3,FALSE,FALSE,FALSE
"GENE1625","GENE1625_HUMAN","P14263","Protein GENE1625",0.1973,0.927909,0.468917,0,0.3289,4,5,FALSE,FALSE,FALSE
"GENE0064","GENE0064_HUMAN","P03500","Protein GENE0064",0.6673,0.927651,0.302635,0.3525,0.5191,5,3,FALSE,FALSE,FALSE
"GENE0593","GENE0593_HUMAN","P13940","Protein GENE0593",0.1503,1,0.77964,0,0.1081,4,2,TRUE,FALSE,FALSE
"GENE2807","GENE2807_HUMAN","P91067","Protein GENE2807",-0.3177,1,0.507385,0,0.2947,4,2,FALSE,FALSE,FALSE
"GENE2140","GENE2140_HUMAN","P57330","Protein GENE2140",-0.0179,1,0.623574,0,0.2051,5,3,TRUE,FALSE,FALSE
"GENE1782","GENE1782_HUMAN","P02283","Protein GENE1782",0.3639,1,0.423528,0.0366,0.3731,4,2,FALSE,FALSE,FALSE
"GENE0299","GENE0299_HUMAN","P25061","Protein GENE0299",0.3493,1,0.331639,0,0.4793,2,3,FALSE,FALSE,FALSE
"GENE0605","GENE0605_HUMAN","P05051","Protein GENE0605",-0.3495,1,0.626631,0,0.203,4,3,FALSE,TRUE,FALSE
"GENE1103","GENE1103_HUMAN","P26316","Protein GENE1103",-1.0242,0.131262,0.027483,1.244,1.5609,6,4,FALSE,FALSE,TRUE
"GENE0248","GENE0248_HUMAN","P85687","Protein GENE0248",-0.3002,0.514999,0.399941,0,0.398,5,4,FALSE,FALSE,FALSE
"GENE2103","GENE2103_HUMAN","P72000","Protein GENE2103",-0.3957,1,0.428379,0,0.3682,2,4,FALSE,FALSE,FALSE
"GENE2804","GENE2804_HUMAN","P23726","Protein GENE2804",-0.2535,1,0.898415,0,0.0465,2,4,FALSE,FALSE,FALSE
"GENE0584","GENE0584_HUMAN","P64471","Protein GENE0584",0.2084,1,0.288829,0.1863,0.5394,5,4,FALSE,FALSE,FALSE
"GENE0417","GENE0417_HUMAN","P44192","Protein GENE0417",0.3754,1,0.624322,0,0.2046,5,2,FALSE,FALSE,FALSE
"GENE2468","GENE2468_HUMAN","P54533","Protein GENE2468",-0.064,1,0.370931,0.3382,0.4307,6,4,FALSE,FALSE,FALSE
"GENE2112","GENE2112_HUMAN","P23140","Protein GENE2112",0.4466,1,0.551302,0,0.2586,4,4,FALSE,FALSE,FALSE
"GENE2848","GENE2848_HUMAN","P60543","Protein GENE2848",0.6645,1,0.666462,0,0.1762,6,6,FALSE,FALSE,FALSE
"GENE1636","GENE1636_HUMAN","P47295","Protein GENE1636",-0.0026,0.489475,0.393105,0.2611,0.4055,2,3,FALSE,FALSE,FALSE
"GENE1872","GENE1872_HUMAN","P62086","Protein GENE1872",-0.6101,1,0.708601,0,0.1496,6,5,FALSE,FALSE,FALSE
"GENE1134","GENE1134_HUMAN","P79717","Protein GENE1134",3.803,0.039787,0.016509,1.1189,1.7823,6,5,FALSE,FALSE,TRUE
"GENE0388","GENE0388_HUMAN","P01829","Protein GENE0388",0.0336,1,0.962056,0,0.0168,6,5,TRUE,FALSE,FALSE
"GENE2597","GENE2597_HUMAN","P73325","Protein GENE2597",0.4478,1,0.666256,0,0.1764,2,6,FALSE,FALSE,FALSE
"GENE0033","GENE0033_HUMAN","P27710","Protein GENE0033",0.3135,1,0.83361,0,0.079,4,4,FALSE,FALSE,FALSE
"GENE0252","GENE0252_HUMAN","P97154","Protein GENE0252",0.2327,1,0.679832,0,0.1676,6,4,FALSE,FALSE,FALSE
"GENE0244","GENE0244_HUMAN","P40677","Protein GENE0244",0.5526,1,0.844247,0,0.0735,4,5,FALSE,FALSE,FALSE
"GENE2147","GENE2147_HUMAN","P63491","Protein GENE2147",-0.1177,1,0.881383,0,0.0548,4,3,FALSE,FALSE,FALSE
"GENE2273","GENE2273_HUMAN","P42230","Protein GENE2273",-0.5807,0.702445,0.166416,0.3941,0.7788,4,6,FALSE,FALSE,FALSE
"GENE0594","GENE0594_HUMAN","P08359","Protein GENE0594",0.9887,1,0.231467,0.1332,0.6355,5,2,FALSE,FALSE,FALSE
"GENE2067","GENE2067_HUMAN","P26739","Protein GENE2067",0.0615,0.357998,0.326461,0,0.4862,3,4,FALSE,FALSE,FALSE
"GENE1552","GENE1552_HUMAN","P45130","Protein GENE1552",-0.8006,1,0.818485,0,0.087,2,3,FALSE,FALSE,FALSE
"GENE0995","GENE0995_HUMAN","P36060","Protein GENE0995",0.1316,1,0.99845,0,7e-04,5,4,FALSE,FALSE,FALSE
"GENE1678","GENE1678_HUMAN","P25526","Protein GENE1678",0.4529,1,0.590037,0,0.2291,6,5,FALSE,FALSE,FALSE
"GENE1309","GENE1309_HUMAN","P74308","Protein GENE1309",-0.4065,0.691379,0.187649,0.1973,0.7267,2,4,FALSE,FALSE,FALSE
"GENE0345","GENE0345_HUMAN","P81425","Protein GENE0345",-0.4304,0.409257,0.199241,0.2572,0.7006,2,4,FALSE,FALSE,FALSE
"GENE0313","GENE0313_HUMAN","P50763","Protein GENE0313",-0.408,1,0.426948,0,0.3696,5,2,FALSE,FALSE,FALSE
"GENE2319","GENE2319_HUMAN","P91564","Protein GENE2319",0.071,1,0.727103,0,0.1384,4,4,FALSE,FALSE,FALSE
"GENE2540","GENE2540_HUMAN","P42925","Protein GENE2540",0.0341,1,0.94855,0,0.0229,3,5,FALSE,FALSE,FALSE
"GENE0604","GENE0604_HUMAN","P63411","Protein GENE0604",0.4092,1,0.555772,0,0.2551,3,2,FALSE,FALSE,FALSE
"GENE0827","GENE0827_HUMAN","P55841","Protein GENE0827",0.0489,1,0.943844,0,0.0251,4,6,FALSE,FALSE,FALSE
"GENE2606","GENE2606_HUMAN","P46860","Protein GENE2606",-0.7515,0.837095,0.412893,0,0.3842,5,6,FALSE,FALSE,FALSE
"GENE1412","GENE1412_HUMAN","P49428","Protein GENE1412",0.1308,1,0.42167,0,0.375,2,4,FALSE,FALSE,FALSE
"GENE2356","GENE2356_HUMAN","P20210","Protein GENE2356",-0.5181,1,0.804001,0.0787,0.0947,4,4,FALSE,FALSE,FALSE
"DDX46","DDX46_HUMAN","P58016","Protein DDX46",0.2328,0.802341,0.250843,0.0209,0.6006,6,6,FALSE,FALSE,FALSE
"GENE2202","GENE2202_HUMAN","P92057","Protein GENE2202",0.197,1,0.388039,0.302,0.4111,2,5,FALSE,FALSE,FALSE
"GENE0361","GENE0361_HUMAN","P11180","Protein GENE0361",-0.3609,1,0.779068,0,0.1084,3,3,TRUE,FALSE,FALSE
"GPATCH4","GPATCH4_HUMAN","P14537","Protein GPATCH4",0.2927,1,0.6275,0,0.2024,2,2,FALSE,FALSE,FALSE
"GENE1070","GENE1070_HUMAN","P80918","Protein GENE1070",0.1449,1,0.864774,0,0.0631,3,3,FALSE,TRUE,FALSE
"DDRGK1","DDRGK1_HUMAN","P42277","Protein DDRGK1",2.5146,0.074824,0.015454,1.312,1.811,3,5,FALSE,FALSE,TRUE
"GENE1401","GENE1401_HUMAN","P65075","Protein GENE1401",0.2412,0.692765,0.284434,0.1314,0.546,2,3,FALSE,FALSE,FALSE
"GENE2682","GENE2682_HUMAN","P06970","Protein GENE2682",-0.511,1,0.502945,0,0.2985,5,3,FALSE,TRUE,FALSE
"GENE0380","GENE0380_HUMAN","P27387","Protein GENE0380",1.2596,1,0.597755,0,0.2235,2,3,FALSE,FALSE,FALSE
"GENE2179","GENE2179_HUMAN","P18076","Protein GENE2179",0.4119,1,0.34993,0,0.456,5,6,FALSE,FALSE,FALSE
"GENE2435","GENE2435_HUMAN","P12436","Protein GENE2435",0.168,1,0.924198,0,0.0342,6,6,TRUE,FALSE,FALSE
"GENE1343","GENE1343_HUMAN","P30023","Protein GENE1343",-0.0162,1,0.925363,0,0.0337,5,4,FALSE,FALSE,FALSE
"GENE2800","GENE2800_HUMAN","P88042","Protein GENE2800",-0.2322,0.315895,0.315711,0.1282,0.5007,5,5,FALSE,FALSE,FALSE
"GENE0793","GENE0793_HUMAN","P93151","Protein GENE0793",0.2666,1,0.977574,0,0.0099,2,3,FALSE,FALSE,FALSE
"GENE0373","GENE0373_HUMAN","P16467","Protein GENE0373",-0.1032,1,0.673808,0,0.1715,4,4,FALSE,FALSE,FALSE
"GENE0950","GENE0950_HUMAN","P17255","Protein GENE0950",-0.6434,1,0.676601,0,0.1697,6,2,FALSE,FALSE,FALSE
"GENE0459","GENE0459_HUMAN","P56620","Protein GENE0459",0.0696,0.433546,0.12026,0.3201,0.9199,6,6,FALSE,FALSE,FALSE
"GENE2680","GENE2680_HUMAN","P15448","Protein GENE2680",0.2221,0.297785,0.150594,0.2473,0.8222,6,6,FALSE,FALSE,FALSE
"GENE0004","GENE0004_HUMAN","P73580","Protein GENE0004",0.256,0.539322,0.168013,0.3141,0.7747,3,3,FALSE,FALSE,FALSE
"GENE1274","GENE1274_HUMAN","P43204","Protein GENE1274",1.165,0.166259,0.061319,0.8437,1.2124,6,5,FALSE,FALSE,FALSE
"GENE0814","GENE0814_HUMAN","P86993","Protein GENE0814",-0.3084,0.70073,0.145659,0.7494,0.8367,5,6,FALSE,FALSE,FALSE
"GENE1485","GENE1485_HUMAN","P26872","Protein GENE1485",0.02,1,0.87235,0,0.0593,4,2,FALSE,FALSE,FALSE
"GENE2611","GENE2611_HUMAN","P38570","Protein GENE2611",-0.4878,1,0.682444,0,0.1659,6,2,FALSE,FALSE,FALSE
"GENE0943","GENE0943_HUMAN","P41790","Protein GENE0943",0.0891,0.983002,0.42671,0,0.3699,4,5,TRUE,FALSE,FALSE
"GENE1959","GENE1959_HUMAN","P25197","Protein GENE1959",-0.6781,1,0.90717,0,0.0423,3,2,FALSE,FALSE,FALSE
"GENE2887","GENE2887_HUMAN","P26050","Protein GENE2887",-0.0035,0.794537,0.184834,0.1439,0.7332,4,6,FALSE,FALSE,FALSE
"GENE1871","GENE1871_HUMAN","P40372","Protein GENE1871",0.6846,1,0.66915,0,0.1745,2,4,FALSE,FALSE,FALSE
"GENE0321","GENE0321_HUMAN","P76542","Protein GENE0321",-0.1141,0.352923,0.161049,0.3559,0.793,2,6,FALSE,FALSE,FALSE
"GENE1348","GENE1348_HUMAN","P78275","Protein GENE1348",0.0896,1,0.806488,0,0.0934,6,6,FALSE,TRUE,FALSE
"GENE2523","GENE2523_HUMAN","P35854","Protein GENE2523",-0.3622,0.380586,0.098546,0.8528,1.0064,6,5,FALSE,TRUE,FALSE
"GENE1453","GENE1453_HUMAN","P70561","Protein GENE1453",-0.657,1,0.876793,0,0.0571,2,2,FALSE,FALSE,FALSE
"GENE1180","GENE1180_HUMAN","P81994","Protein GENE1180",0.2699,1,0.781182,0,0.1072,3,5,FALSE,FALSE,FALSE
"GENE0100","GENE0100_HUMAN","P90357","Protein GENE0100",-0.016,0.547439,0.255765,0.0901,0.5922,3,2,FALSE,FALSE,FALSE
"GENE1839","GENE1839_HUMAN","P79768","Protein GENE1839",0.3284,1,0.757184,0,0.1208,2,2,FALSE,FALSE,FALSE
"GENE1677","GENE1677_HUMAN","P22214","Protein GENE1677",0.1928,0.402408,0.12521,0.2561,0.9024,6,6,FALSE,FALSE,FALSE
"GENE2726","GENE2726_HUMAN","P58908","Protein GENE2726",-0.1242,0.424225,0.186156,0.4667,0.7301,3,3,FALSE,FALSE,FALSE
"GENE2120","GENE2120_HUMAN","P39749","Protein GENE2120",-0.5638,0.293089,0.087857,0.7449,1.0562,4,5,FALSE,FALSE,FALSE
"GENE0229","GENE0229_HUMAN","P79241","Protein GENE0229",0.6968,1,0.332044,0.0493,0.4788,4,2,FALSE,FALSE,FALSE
"GENE1449","GENE1449_HUMAN","P05061","Protein GENE1449",0.3692,1,0.868563,0.0052,0.0612,6,4,FALSE,FALSE,FALSE
"GENE0387","GENE0387_HUMAN","P27064","Protein GENE0387",-0.0206,1,0.834215,0,0.0787,6,3,FALSE,FALSE,FALSE
"GENE0591","GENE0591_HUMAN","P02005","Protein GENE0591",0.0814,0.446738,0.216819,0.5779,0.6639,6,5,FALSE,FALSE,FALSE
"GENE0078","GENE0078_HUMAN","P00708","Protein GENE0078",-0.3034,1,0.601815,0,0.2205,4,6,FALSE,FALSE,FALSE
"GENE0279","GENE0279_HUMAN","P86056","Protein GENE0279",-0.0155,1,0.767608,0,0.1149,6,4,FALSE,FALSE,FALSE
"GENE0015","GENE0015_HUMAN","P66712","Protein GENE0015",1.2577,1,0.626373,0,0.2032,3,6,FALSE,FALSE,FALSE
"GENE2138","GENE2138_HUMAN","P41487","Protein GENE2138",0.0343,1,0.987481,0,0.0055,6,4,FALSE,FALSE,FALSE
"GENE2843","GENE2843_HUMAN","P70731","Protein GENE2843",0.1323,0.600009,0.198697,0.1394,0.7018,6,3,FALSE,FALSE,FALSE
"GENE1796","GENE1796_HUMAN","P30011","Protein GENE1796",-1.0759,0.582566,0.406344,0,0.3911,5,3,FALSE,FALSE,FALSE
"GENE1367","GENE1367_HUMAN","P30285","Protein GENE1367",0.0974,0.382711,0.328903,0,0.4829,6,6,TRUE,FALSE,FALSE
"GENE1285","GENE1285_HUMAN","P43371","Protein GENE1285",-0.0301,0.892893,0.194583,0.3449,0.7109,2,6,FALSE,FALSE,FALSE
"GENE1652","GENE1652_HUMAN","P87440","Protein GENE1652",0.5999,1,0.326606,0.1944,0.486,4,3,FALSE,FALSE,FALSE
"GENE0413","GENE0413_HUMAN","P41848","Protein GENE0413",-0.0818,0.550665,0.215457,0.1015,0.6666,5,2,TRUE,FALSE,FALSE
"GENE1917","GENE1917_HUMAN","P67549","Protein GENE1917",0.0422,1,0.934055,0,0.0296,4,4,FALSE,FALSE,FALSE
"GENE2110","GENE2110_HUMAN","P30464","Protein GENE2110",0.8924,0.297694,0.069823,0.4587,1.156,5,2,FALSE,FALSE,FALSE
"GENE0621","GENE0621_HUMAN","P63938","Protein GENE0621",-0.0175,1,0.53358,0,0.2728,6,3,FALSE,TRUE,FALSE
"GENE2587","GENE2587_HUMAN","P47160","Protein GENE2587",-0.9991,1,0.789271,0,0.1028,6,5,TRUE,FALSE,FALSE
"GENE2331","GENE2331_HUMAN","P55066","Protein GENE2331",-0.492,0.557881,0.133586,0.3289,0.8742,2,5,FALSE,FALSE,FALSE
"GENE0320","GENE0320_HUMAN","P66743","Protein GENE0320",-0.3944,0.999818,0.205671,0.0442,0.6868,4,2,FALSE,FALSE,FALSE
"GENE2802","GENE2802_HUMAN","P97491","Protein GENE2802",0.4757,0.6791,0.246314,0.0654,0.6085,6,3,FALSE,FALSE,FALSE
"GENE2101","GENE2101_HUMAN","P00080","Protein GENE2101",-0.0215,1,0.95387,0,0.0205,2,5,FALSE,FALSE,FALSE
"GENE1883","GENE1883_HUMAN","P66575","Protein GENE1883",0.4514,0.718784,0.240052,0.5721,0.6197,4,3,FALSE,FALSE,FALSE
"GENE0325","GENE0325_HUMAN","P77256","Protein GENE0325",0.1858,0.339085,0.074785,0.5819,1.1262,4,2,FALSE,FALSE,FALSE
"GENE0536","GENE0536_HUMAN","P15707","Protein GENE0536",-0.4731,1,0.861208,0,0.0649,3,4,FALSE,TRUE,FALSE
"GENE1841","GENE1841_HUMAN","P96160","Protein GENE1841",0.1172,0.393925,0.091127,0.684,1.0404,5,4,FALSE,FALSE,FALSE
"GENE2504","GENE2504_HUMAN","P73647","Protein GENE2504",0.1936,0.578625,0.260104,0.5426,0.5849,6,3,TRUE,FALSE,FALSE
"GENE1241","GENE1241_HUMAN","P32277","Protein GENE1241",0.1704,0.980272,0.962023,0,0.0168,2,2,FALSE,FALSE,FALSE
"GENE0122","GENE0122_HUMAN","P04605","Protein GENE0122",0.3738,1,0.86377,0,0.0636,6,2,TRUE,FALSE,FALSE
"GENE1714","GENE1714_HUMAN","P45678","Protein GENE1714",0.0314,1,0.462322,0,0.3351,6,3,FALSE,FALSE,FALSE
"GENE1570","GENE1570_HUMAN","P90418","Protein GENE1570",-0.0127,0.714592,0.274379,0,0.5616,5,3,TRUE,FALSE,FALSE
"GENE2574","GENE2574_HUMAN","P08898","Protein GENE2574",0.4119,1,0.730847,0,0.1362,3,4,FALSE,FALSE,FALSE
"GENE1118","GENE1118_HUMAN","P67004","Protein GENE1118",-0.1204,0.439761,0.163568,0.7353,0.7863,2,4,FALSE,FALSE,FALSE
"GENE1443","GENE1443_HUMAN","P12515","Protein GENE1443",-0.9494,0.509973,0.224906,0.1626,0.648,2,5,FALSE,FALSE,FALSE
"GENE0766","GENE0766_HUMAN","P77431","Protein GENE0766",-0.334,0.556764,0.259555,0,0.5858,5,6,FALSE,FALSE,FALSE
"GENE2656","GENE2656_HUMAN","P81244","Protein GENE2656",0.1479,0.529785,0.382744,0,0.4171,3,2,FALSE,TRUE,FALSE
"GENE2215","GENE2215_HUMAN","P35022","Protein GENE2215",0.378,1,0.548544,0.2205,0.2608,3,4,FALSE,TRUE,FALSE
"GENE1466","GENE1466_HUMAN","P72150","Protein GENE1466",0.6363,0.486907,0.269482,0,0.5695,3,2,FALSE,FALSE,FALSE
"GENE0290","GENE0290_HUMAN","P89217","Protein GENE0290",-0.5638,1,0.483348,0.2501,0.3157,6,6,FALSE,FALSE,FALSE
"GENE0651","GENE0651_HUMAN","P71869","Protein GENE0651",0.702,0.482631,0.255254,0.1176,0.593,6,5,FALSE,FALSE,FALSE
"GENE0117","GENE0117_HUMAN","P18594","Protein GENE0117",2.451,0.006275,0.002399,2.131,2.62,3,6,FALSE,FALSE,TRUE
"GENE0184","GENE0184_HUMAN","P10112","Protein GENE0184",-0.5771,1,0.445471,0,0.3512,4,2,FALSE,FALSE,FALSE
"GENE1840","GENE1840_HUMAN","P39904","Protein GENE1840",-0.0125,0.416879,0.138685,0.2363,0.858,5,4,FALSE,FALSE,FALSE
"GENE2401","GENE2401_HUMAN","P62525","Protein GENE2401",-0.258,1,0.327559,0,0.4847,3,2,FALSE,FALSE,FALSE
"GENE0734","GENE0734_HUMAN","P14809","Protein GENE0734",0.2929,1,0.532144,0,0.274,5,6,TRUE,FALSE,FALSE
"GENE0522","GENE0522_HUMAN","P98374","Protein GENE0522",0.0161,1,0.942678,0,0.0256,6,4,FALSE,FALSE,FALSE
"GENE2387","GENE2387_HUMAN","P48901","Protein GENE2387",0.6807,1,0.39035,0.0371,0.4085,5,5,FALSE,FALSE,FALSE
"GENE1783","GENE1783_HUMAN","P54663","Protein GENE1783",0.8366,1,0.553616,0,0.2568,2,3,FALSE,FALSE,FALSE
"GENE2220","GENE2220_HUMAN","P34627","Protein GENE2220",-0.1323,0.737862,0.202821,0.2076,0.6929,2,3,FALSE,FALSE,FALSE
"GENE0482","GENE0482_HUMAN","P54369","Protein GENE0482",0.0223,1,0.556805,0,0.2543,2,4,FALSE,FALSE,FALSE
"GENE0009","GENE0009_HUMAN","P20839","Protein GENE0009",-0.0993,0.737008,0.728636,0,0.1375,3,4,FALSE,FALSE,FALSE
"GENE1961","GENE1961_HUMAN","P99671","Protein GENE1961",0.0744,1,0.618869,0,0.2084,5,6,FALSE,FALSE,FALSE
"GENE2362","GENE2362_HUMAN","P69859","Protein GENE2362",-0.3112,1,0.642384,0,0.1922,6,5,FALSE,FALSE,FALSE
"GENE0710","GENE0710_HUMAN","P72850","Protein GENE0710",0.1374,0.605392,0.126009,0.8544,0.8996,3,5,TRUE,FALSE,FALSE
"GENE1670","GENE1670_HUMAN","P97416","Protein GENE1670",0.5847,0.852264,0.224827,0.0765,0.6482,3,2,FALSE,FALSE,FALSE
"GENE1140","GENE1140_HUMAN","P26080","Protein GENE1140",0.6,0.972835,0.60449,0,0.2186,5,4,FALSE,FALSE,FALSE
"GENE0731","GENE0731_HUMAN","P97843","Protein GENE0731",-0.3616,0.145105,0.11964,0.2738,0.9221,5,6,TRUE,FALSE,FALSE
"GENE2074","GENE2074_HUMAN","P57573","Protein GENE2074",0.0513,1,0.923482,0,0.0346,5,3,FALSE,FALSE,FALSE
"GENE1807","GENE1807_HUMAN","P73880","Protein GENE1807",-0.2305,1,0.588311,0,0.2304,2,5,FALSE,FALSE,FALSE
"GENE2017","GENE2017_HUMAN","P00219","Protein GENE2017",-0.1223,1,0.604042,0,0.2189,3,5,FALSE,FALSE,FALSE
"GENE2862","GENE2862_HUMAN","P61901","Protein GENE2862",2.8787,0.046487,0.028222,1.2056,1.5494,5,3,FALSE,FALSE,TRUE
"GENE1665","GENE1665_HUMAN","P53962","Protein GENE1665",0.0397,1,0.624953,0,0.2042,4,6,FALSE,TRUE,FALSE
"GENE0787","GENE0787_HUMAN","P66086","Protein GENE0787",0.1412,0.713755,0.604449,0,0.2186,2,3,FALSE,FALSE,FALSE
"GENE1892","GENE1892_HUMAN","P20503","Protein GENE1892",1.1411,0.205459,0.04635,0.7986,1.334,4,3,FALSE,FALSE,TRUE
"GENE0674","GENE0674_HUMAN","P60773","Protein GENE0674",0.1018,1,0.988609,0,0.005,4,2,FALSE,FALSE,FALSE
"GENE2268","GENE2268_HUMAN","P22159","Protein GENE2268",-1.0992,1,0.951982,0,0.0214,5,4,FALSE,FALSE,FALSE
"GENE0354","GENE0354_HUMAN","P13296","Protein GENE0354",0.4194,1,0.758278,0,0.1202,5,2,FALSE,FALSE,FALSE
"GENE0988","GENE0988_HUMAN","P62259","Protein GENE0988",0.0013,1,0.841226,0,0.0751,4,3,FALSE,FALSE,FALSE
"GENE1948","GENE1948_HUMAN","P64074","Protein GENE1948",0.1072,0.26543,0.18243,0.1462,0.7389,3,5,FALSE,FALSE,FALSE
"GENE0416","GENE0416_HUMAN","P44800","Protein GENE0416",0.2488,1,0.500549,0,0.3006,5,6,FALSE,FALSE,FALSE
"GENE1691","GENE1691_HUMAN","P65026","Protein GENE1691",-0.7302,1,0.769552,0,0.1138,4,6,FALSE,FALSE,FALSE
"GENE0182","GENE0182_HUMAN","P87402","Protein GENE0182",-0.0852,1,0.901767,0,0.0449,2,5,FALSE,FALSE,FALSE
"GENE2237","GENE2237_HUMAN","P30638","Protein GENE2237",0.0821,1,0.826405,0.0246,0.0828,3,4,FALSE,TRUE,FALSE
"GENE1699","GENE1699_HUMAN","P91093","Protein GENE1699",0.2766,0.598998,0.248427,0.414,0.6048,6,3,FALSE,FALSE,FALSE
"GENE1109","GENE1109_HUMAN","P51218","Protein GENE1109",-0.0839,0.320021,0.239468,0.3502,0.6208,6,3,FALSE,FALSE,FALSE
"GENE0840","GENE0840_HUMAN","P18159","Protein GENE0840",0.7321,1,0.823749,0,0.0842,2,2,TRUE,FALSE,FALSE
"GENE1145","GENE1145_HUMAN","P93464","Protein GENE1145",0.1598,0.904141,0.626064,0,0.2034,2,2,FALSE,FALSE,FALSE
"GENE0497","GENE0497_HUMAN","P78397","Protein GENE0497",-0.2264,1,0.940976,0,0.0264,4,4,FALSE,FALSE,FALSE
"GENE1916","GENE1916_HUMAN","P18921","Protein GENE1916",-0.2852,0.776498,0.506647,0,0.2953,5,5,FALSE,FALSE,FALSE
"GENE0474","GENE0474_HUMAN","P20281","Protein GENE0474",-0.1333,0.906834,0.195884,0.2121,0.708,5,2,FALSE,TRUE,FALSE
"GENE2407","GENE2407_HUMAN","P42498","Protein GENE2407",0.2072,0.781883,0.161296,0.3725,0.7924,4,4,FALSE,FALSE,FALSE
"GENE0342","GENE0342_HUMAN","P83561","Protein GENE0342",0.7081,0.427788,0.235371,0.2906,0.6282,6,3,TRUE,FALSE,FALSE
"GENE0326","GENE0326_HUMAN","P53640","Protein GENE0326",-0.0588,1,0.974048,0,0.0114,3,2,TRUE,FALSE,FALSE
"GENE1767","GENE1767_HUMAN","P26613","Protein GENE1767",-0.0566,0.563909,0.189477,0.7165,0.7224,3,2,FALSE,FALSE,FALSE
"GENE2698","GENE2698_HUMAN","P45693","Protein GENE2698",0.1757,1,0.729981,0,0.1367,6,3,FALSE,FALSE,FALSE
"GENE2188","GENE2188_HUMAN","P75989","Protein GENE2188",0.1692,1,0.511198,0,0.2914,4,4,FALSE,FALSE,FALSE
"GENE2633","GENE2633_HUMAN","P10122","Protein GENE2633",0.6187,0.844684,0.217935,0.1995,0.6617,3,5,FALSE,FALSE,FALSE
"GENE1832","GENE1832_HUMAN","P07525","Protein GENE1832",0.1392,1,0.810486,0.0036,0.0913,4,4,FALSE,FALSE,FALSE
"GENE0938","GENE0938_HUMAN","P94521","Protein GENE0938",1.0714,1,0.652398,0,0.1855,5,6,TRUE,FALSE,FALSE
"GENE1171","GENE1171_HUMAN","P08441","Protein GENE1171",-0.2159,1,0.967194,0,0.0145,3,4,FALSE,FALSE,FALSE
"GENE0404","GENE0404_HUMAN","P86734","Protein GENE0404",0.5334,0.573901,0.282868,0.2163,0.5484,4,3,FALSE,FALSE,FALSE
"GENE2674","GENE2674_HUMAN","P56939","Protein GENE2674",-0.5293,0.122897,0.044276,0.9806,1.3538,4,6,FALSE,FALSE,TRUE
"GENE1517","GENE1517_HUMAN","P50237","Protein GENE1517",0.2613,0.992595,0.547802,0,0.2614,3,6,FALSE,TRUE,FALSE
"GENE1290","GENE1290_HUMAN","P15983","Protein GENE1290",0.1019,1,0.58558,0,0.2324,2,5,TRUE,FALSE,FALSE
"GENE0400","GENE0400_HUMAN","P61929","Protein GENE0400",0.0203,0.917596,0.300386,0.0588,0.5223,2,3,FALSE,FALSE,FALSE
"GENE1710","GENE1710_HUMAN","P63064","Protein GENE1710",-0.471,1,0.407077,0,0.3903,5,6,FALSE,FALSE,FALSE
"GENE1150","GENE1150_HUMAN","P70077","Protein GENE1150",-1.0732,1,0.975824,0,0.0106,3,2,FALSE,TRUE,FALSE
"GENE1998","GENE1998_HUMAN","P93830","Protein GENE1998",0.1676,1,0.519346,0,0.2845,6,2,FALSE,FALSE,FALSE
"GENE0641","GENE0641_HUMAN","P97635","Protein GENE0641",0.0884,0.392201,0.132287,0.1903,0.8785,2,6,FALSE,FALSE,FALSE
"GENE1086","GENE1086_HUMAN","P37481","Protein GENE1086",-0.3696,1,0.992297,0,0.0034,5,3,FALSE,FALSE,FALSE
"GENE1686","GENE1686_HUMAN","P03997","Protein GENE1686",-0.3387,1,0.626312,0,0.2032,4,4,FALSE,FALSE,FALSE
"GENE2481","GENE2481_HUMAN","P80574","Protein GENE2481",-0.6092,1,0.560761,0,0.2512,5,2,FALSE,FALSE,FALSE
"GENE2593","GENE2593_HUMAN","P00607","Protein GENE2593",0.4072,0.400916,0.109491,0.3803,0.9606,6,3,FALSE,FALSE,FALSE
"GENE2059","GENE2059_HUMAN","P95505","Protein GENE2059",-0.1302,1,0.710285,0,0.1486,4,4,FALSE,FALSE,FALSE
"GENE2719","GENE2719_HUMAN","P24228","Protein GENE2719",-0.5989,1,0.897276,0,0.0471,3,4,TRUE,FALSE,FALSE
"GENE1417","GENE1417_HUMAN","P63138","Protein GENE1417",-0.2968,1,0.779162,0,0.1084,5,4,FALSE,FALSE,FALSE
"GENE1595","GENE1595_HUMAN","P75695","Protein GENE1595",-0.1104,1,0.670681,0,0.1735,5,2,FALSE,FALSE,FALSE
"GENE1195","GENE1195_HUMAN","P37822","Protein GENE1195",4.3792,0.114875,0.042546,0.8952,1.3711,4,4,FALSE,FALSE,TRUE
"GENE0736","GENE0736_HUMAN","P37228","Protein GENE0736",0.2401,1,0.395721,0.1295,0.4026,2,3,FALSE,TRUE,FALSE
"GENE1243","GENE1243_HUMAN","P06773","Protein GENE1243",3.114,0.074228,0.020253,1.0015,1.6935,4,6,TRUE,TRUE,TRUE
"GENE0659","GENE0659_HUMAN","P49477","Protein GENE0659",-0.371,1,0.939454,0,0.0271,4,5,FALSE,FALSE,FALSE
"GENE1927","GENE1927_HUMAN","P59354","Protein GENE1927",0.2691,0.622557,0.495694,0,0.3048,5,3,FALSE,FALSE,FALSE
"GENE1756","GENE1756_HUMAN","P95049","Protein GENE1756",0.3192,0.99486,0.546988,0,0.262,4,2,FALSE,FALSE,FALSE
"GENE0231","GENE0231_HUMAN","P79352","Protein GENE0231",0.3362,1,0.350143,0,0.4558,4,2,FALSE,FALSE,FALSE
"GENE0542","GENE0542_HUMAN","P29551","Protein GENE0542",-0.425,1,0.468801,0,0.329,2,2,FALSE,FALSE,FALSE
"GENE1183","GENE1183_HUMAN","P27825","Protein GENE1183",-0.4633,1,0.830578,0,0.0806,6,5,FALSE,FALSE,FALSE
"GENE0441","GENE0441_HUMAN","P92066","Protein GENE0441",-0.1256,0.904676,0.187862,0.1607,0.7262,6,2,FALSE,FALSE,FALSE
"GENE0796","GENE0796_HUMAN","P84319","Protein GENE0796",-0.3367,0.66181,0.321392,0,0.493,4,6,FALSE,FALSE,FALSE
"GENE2857","GENE2857_HUMAN","P78218","Protein GENE2857",-0.8058,0.519994,0.282109,0,0.5496,5,2,FALSE,FALSE,FALSE
"GENE0746","GENE0746_HUMAN","P77261","Protein GENE0746",-0.5327,1,0.404174,0,0.3934,5,6,TRUE,FALSE,FALSE
"GENE1554","GENE1554_HUMAN","P16144","Protein GENE1554",-0.1171,0.459971,0.20408,0.0206,0.6902,5,5,FALSE,FALSE,FALSE
"GENE2265","GENE2265_HUMAN","P36823","Protein GENE2265",-0.1927,1,0.739376,0,0.1311,2,4,FALSE,FALSE,FALSE
"GENE0871","GENE0871_HUMAN","P95656","Protein GENE0871",-0.4895,1,0.663169,0,0.1784,2,3,FALSE,FALSE,FALSE
"GENE0453","GENE0453_HUMAN","P07615","Protein GENE0453",0.2371,1,0.981412,0,0.0081,5,6,FALSE,FALSE,FALSE
"GENE0003","GENE0003_HUMAN","P13646","Protein GENE0003",-4.2897,0.007709,0.002971,1.8589,2.527,2,3,FALSE,TRUE,TRUE
"GENE1341","GENE1341_HUMAN","P32816","Protein GENE1341",-0.3298,1,0.366707,0,0.4357,4,4,FALSE,FALSE,FALSE
"GENE2247","GENE2247_HUMAN","P02297","Protein GENE2247",-0.95,1,0.79014,0,0.1023,6,6,FALSE,FALSE,FALSE
"GENE1346","GENE1346_HUMAN","P37233","Protein GENE1346",0.0999,1,0.98949,0,0.0046,2,3,FALSE,FALSE,FALSE
"GENE2749","GENE2749_HUMAN","P11731","Protein GENE2749",0.2194,1,0.785786,0,0.1047,3,3,FALSE,FALSE,FALSE
"GENE2093","GENE2093_HUMAN","P93845","Protein GENE2093",0.5172,1,0.398627,0,0.3994,2,4,FALSE,TRUE,FALSE
"GENE0599","GENE0599_HUMAN","P06122","Protein GENE0599",-0.0937,1,0.715882,0,0.1452,2,2,FALSE,TRUE,FALSE
"GENE2846","GENE2846_HUMAN","P94278","Protein GENE2846",0.7416,0.381256,0.335564,0,0.4742,2,6,FALSE,FALSE,FALSE
"GENE1514","GENE1514_HUMAN","P46133","Protein GENE1514",-0.3677,0.608248,0.229517,0.3341,0.6392,6,4,FALSE,FALSE,FALSE
"GENE0629","GENE0629_HUMAN","P01601","Protein GENE0629",-0.0342,1,0.900618,0,0.0455,6,3,FALSE,FALSE,FALSE
"GENE0096","GENE0096_HUMAN","P49578","Protein GENE0096",-0.5725,1,0.481888,0,0.3171,6,3,FALSE,FALSE,FALSE
"GENE1137","GENE1137_HUMAN","P78693","Protein GENE1137",-0.3482,0.271053,0.100199,0.7543,0.9991,4,5,FALSE,FALSE,FALSE
"GENE2040","GENE2040_HUMAN","P32009","Protein GENE2040",0.3742,1,0.236144,0.1047,0.6268,6,6,FALSE,FALSE,FALSE
"GENE0613","GENE0613_HUMAN","P21048","Protein GENE0613",-0.1071,0.541146,0.372599,0,0.4288,3,3,FALSE,FALSE,FALSE
"GENE1429","GENE1429_HUMAN","P43538","Protein GENE1429",-0.0142,0.911346,0.888581,0,0.0513,2,3,FALSE,TRUE,FALSE
"GENE2321","GENE2321_HUMAN","P23737","Protein GENE2321",0.9647,1,0.604984,0,0.2183,4,2,FALSE,FALSE,FALSE
"GENE0919","GENE0919_HUMAN","P32412","Protein GENE0919",-0.0492,1,0.54679,0.0376,0.2622,4,3,FALSE,FALSE,FALSE
"GENE0788","GENE0788_HUMAN","P67879","Protein GENE0788",0.2465,0.826206,0.246228,0.3977,0.6087,3,2,FALSE,TRUE,FALSE
"GENE1513","GENE1513_HUMAN","P34963","Protein GENE1513",0.0681,1,0.458913,0.0866,0.3383,4,2,FALSE,FALSE,FALSE
"GENE1939","GENE1939_HUMAN","P49357","Protein GENE1939",0.0888,1,0.904155,0,0.0438,3,6,FALSE,FALSE,FALSE
"GENE0393","GENE0393_HUMAN","P03028","Protein GENE0393",4.4002,0.192953,0.040669,1.2056,1.3907,4,4,FALSE,FALSE,TRUE
"GENE2276","GENE2276_HUMAN","P47922","Protein GENE2276",0.1254,1,0.939616,0,0.027,2,2,FALSE,FALSE,FALSE
"GENE0552","GENE0552_HUMAN","P05899","Protein GENE0552",0.173,0.486702,0.127779,0.2229,0.8935,3,4,FALSE,FALSE,FALSE
"GENE2085","GENE2085_HUMAN","P06901","Protein GENE2085",-0.6005,0.70763,0.482329,0.2905,0.3167,6,2,FALSE,FALSE,FALSE
"GENE2001","GENE2001_HUMAN","P64079","Protein GENE2001",-0.6905,1,0.671707,0,0.1728,2,2,FALSE,FALSE,FALSE
"GENE1930","GENE1930_HUMAN","P13471","Protein GENE1930",0.8739,0.682118,0.394221,0,0.4043,2,2,FALSE,FALSE,FALSE
"GENE1503","GENE1503_HUMAN","P86038","Protein GENE1503",0.9855,0.933124,0.391031,0,0.4078,5,2,FALSE,TRUE,FALSE
"GENE2056","GENE2056_HUMAN","P25063","Protein GENE2056",0.2289,1,0.374266,0,0.4268,4,3,FALSE,FALSE,FALSE
"GENE0713","GENE0713_HUMAN","P87217","Protein GENE0713",-0.2478,1,0.938341,0,0.0276,3,3,FALSE,FALSE,FALSE
"GENE2444","GENE2444_HUMAN","P88766","Protein GENE2444",0.3435,1,0.743902,0,0.1285,4,5,FALSE,FALSE,FALSE
"GENE1776","GENE1776_HUMAN","P28803","Protein GENE1776",-0.116,0.974324,0.261079,0,0.5832,4,6,FALSE,TRUE,FALSE
"GENE1205","GENE1205_HUMAN","P26625","Protein GENE1205",-0.0524,0.562373,0.384541,0,0.4151,5,5,FALSE,TRUE,FALSE
"GENE1640","GENE1640_HUMAN","P51061","Protein GENE1640",-0.6895,1,0.762469,0,0.1178,5,2,FALSE,FALSE,FALSE
"GENE0040","GENE0040_HUMAN","P18299","Protein GENE0040",-0.3659,1,0.91922,0,0.0366,2,5,TRUE,FALSE,FALSE
"GENE1643","GENE1643_HUMAN","P83867","Protein GENE1643",0.4966,1,0.62743,0,0.2024,4,5,FALSE,FALSE,FALSE
"GENE1408","GENE1408_HUMAN","P81769","Protein GENE1408",0.4644,1,0.850734,0,0.0702,2,3,FALSE,FALSE,FALSE
"GENE2065","GENE2065_HUMAN","P49279","Protein GENE2065",0.4324,1,0.612039,0,0.2132,2,2,TRUE,FALSE,FALSE
"GENE0440","GENE0440_HUMAN","P41877","Protein GENE0440",0.1804,0.628934,0.247073,0.3542,0.6072,3,2,FALSE,FALSE,FALSE
"GENE0067","GENE0067_HUMAN","P99818","Protein GENE0067",-0.2114,1,0.836228,0,0.0777,6,3,FALSE,FALSE,FALSE
"GENE0427","GENE0427_HUMAN","P18925","Protein GENE0427",-0.5203,0.876042,0.603365,0,0.2194,4,3,FALSE,FALSE,FALSE
"GENE1769","GENE1769_HUMAN","P82668","Protein GENE1769",0.1805,0.31691,0.199797,0.4372,0.6994,3,5,FALSE,TRUE,FALSE
"GENE0224","GENE0224_HUMAN","P73284","Protein GENE0224",0.5371,0.831211,0.388851,0.2512,0.4102,3,6,FALSE,TRUE,FALSE
"GENE1762","GENE1762_HUMAN","P06317","Protein GENE1762",-2.3404,0.137733,0.043157,0.8325,1.3649,5,3,FALSE,FALSE,TRUE
"GENE1768","GENE1768_HUMAN","P08251","Protein GENE1768",0.2029,1,0.729945,0,0.1367,4,2,FALSE,FALSE,FALSE
"GENE1357","GENE1357_HUMAN","P64095","Protein GENE1357",-0.4227,1,0.318969,0.422,0.4963,6,4,FALSE,FALSE,FALSE
"GENE0711","GENE0711_HUMAN","P36855","Protein GENE0711",0.0164,1,0.856031,0,0.0675,4,3,FALSE,FALSE,FALSE
"GENE1315","GENE1315_HUMAN","P70555","Protein GENE1315",0.8748,1,0.766828,0,0.1153,5,5,FALSE,FALSE,FALSE
"GENE2143","GENE2143_HUMAN","P75789","Protein GENE2143",0.776,1,0.499603,0,0.3014,2,6,FALSE,FALSE,FALSE
"GENE2404","GENE2404_HUMAN","P35293","Protein GENE2404",0.3941,1,0.956651,0,0.0192,6,4,FALSE,FALSE,FALSE
"GENE2890","GENE2890_HUMAN","P14027","Protein GENE2890",0.8122,0.624304,0.379284,0,0.421,2,4,FALSE,FALSE,FALSE
"GENE2742","GENE2742_HUMAN","P11631","Protein GENE2742",-0.682,0.462846,0.311278,0,0.5069,3,3,TRUE,FALSE,FALSE
"GENE1328","GENE1328_HUMAN","P13108","Protein GENE1328",0.2077,1,0.536896,0,0.2701,5,2,FALSE,FALSE,FALSE
"GENE0317","GENE0317_HUMAN","P77784","Protein GENE0317",-0.4623,1,0.501293,0,0.2999,2,3,FALSE,FALSE,FALSE
"GENE2270","GENE2270_HUMAN","P63661","Protein GENE2270",0.0527,0.355455,0.210291,0.1066,0.6772,2,3,TRUE,FALSE,FALSE
"GENE1123","GENE1123_HUMAN","P78421","Protein GENE1123",0.4731,1,0.928992,0,0.032,3,4,FALSE,FALSE,FALSE
"GENE0460","GENE0460_HUMAN","P21724","Protein GENE0460",1.041,0.639107,0.59854,0.0128,0.2229,5,3,FALSE,FALSE,FALSE
"GENE1969","GENE1969_HUMAN","P95875","Protein GENE1969",-0.1287,1,0.983889,0,0.0071,4,2,FALSE,FALSE,FALSE
"GENE2092","GENE2092_HUMAN","P75749","Protein GENE2092",0.61,0.48626,0.447089,0.0189,0.3496,2,4,FALSE,TRUE,FALSE
"GENE0260","GENE0260_HUMAN","P51785","Protein GENE0260",-0.3914,1,0.719756,0,0.1428,3,5,FALSE,FALSE,FALSE
"GENE0968","GENE0968_HUMAN","P29345","Protein GENE0968",0.1879,0.140478,0.064543,1.1649,1.1902,6,6,FALSE,FALSE,FALSE
"GENE0836","GENE0836_HUMAN","P92614","Protein GENE0836",-0.7338,1,0.26385,0,0.5786,4,5,FALSE,FALSE,FALSE
"GENE0720","GENE0720_HUMAN","P79853","Protein GENE0720",-0.7005,0.398401,0.230399,0,0.6375,3,2,FALSE,FALSE,FALSE
"GENE2636","GENE2636_HUMAN","P57423","Protein GENE2636",0.9286,0.457681,0.40826,0,0.3891,2,5,FALSE,FALSE,FALSE
"GENE2168","GENE2168_HUMAN","P41685","Protein GENE2168",0.0091,0.716833,0.555694,0,0.2552,4,3,FALSE,FALSE,FALSE
"GENE2502","GENE2502_HUMAN","P09558","Protein GENE2502",-0.1678,1,0.721872,0,0.1415,6,2,FALSE,FALSE,FALSE
"GENE2786","GENE2786_HUMAN","P28365","Protein GENE2786",0.4954,1,0.842276,0,0.0745,4,2,FALSE,FALSE,FALSE
"GENE1656","GENE1656_HUMAN","P71883","Protein GENE1656",0.3836,0.599853,0.205253,0.0902,0.6877,3,4,FALSE,FALSE,FALSE
"GENE2146","GENE2146_HUMAN","P11812","Protein GENE2146",0.5033,0.64554,0.353615,0,0.4515,2,5,TRUE,FALSE,FALSE
"GENE0555","GENE0555_HUMAN","P03493","Protein GENE0555",0.3963,0.569591,0.194292,0.461,0.7115,2,2,FALSE,FALSE,FALSE
"GENE0634","GENE0634_HUMAN","P25614","Protein GENE0634",0.3816,1,0.937579,0,0.028,3,6,FALSE,FALSE,FALSE
"GENE1187","GENE1187_HUMAN","P03970","Protein GENE1187",0.6376,0.263292,0.066069,0.8325,1.18,5,2,FALSE,FALSE,FALSE
"GENE2888","GENE2888_HUMAN","P09552","Protein GENE2888",0.2969,1,0.602617,0,0.22,4,4,TRUE,FALSE,FALSE
"GENE2181","GENE2181_HUMAN","P16704","Protein GENE2181",0.1623,1,0.909476,0.0051,0.0412,3,2,FALSE,FALSE,FALSE
"GENE0623","GENE0623_HUMAN","P30707","Protein GENE0623",0.3662,0.442782,0.139475,0.4012,0.8555,4,6,FALSE,FALSE,FALSE
"GENE2461","GENE2461_HUMAN","P26802","Protein GENE2461",0.6593,1,0.596358,0,0.2245,6,4,FALSE,FALSE,FALSE
"GENE2370","GENE2370_HUMAN","P48865","Protein GENE2370",-0.0618,1,0.999962,0,0,2,6,FALSE,FALSE,FALSE
"GENE2765","GENE2765_HUMAN","P69854","Protein GENE2765",-0.0718,1,0.831069,0,0.0804,2,5,FALSE,FALSE,FALSE
"GENE2332","GENE2332_HUMAN","P44835","Protein GENE2332",-0.2526,1,0.783406,0,0.106,6,5,FALSE,FALSE,FALSE
"GENE1426","GENE1426_HUMAN","P88763","Protein GENE1426",0.3922,1,0.80516,0,0.0941,2,4,FALSE,FALSE,FALSE
"GENE0024","GENE0024_HUMAN","P29545","Protein GENE0024",0.085,0.578436,0.116454,0.3964,0.9338,4,2,FALSE,FALSE,FALSE
"GENE0097","GENE0097_HUMAN","P47651","Protein GENE0097",0.3173,1,0.803161,0,0.0952,5,6,FALSE,FALSE,FALSE
"GENE0767","GENE0767_HUMAN","P35071","Protein GENE0767",-0.6956,1,0.268672,0,0.5708,5,3,FALSE,FALSE,FALSE
"GENE2183","GENE2183_HUMAN","P54966","Protein GENE2183",0.0341,1,0.283829,0.3329,0.5469,2,2,FALSE,FALSE,FALSE
"GENE1365","GENE1365_HUMAN","P05814","Protein GENE1365",-0.254,0.671816,0.599741,0.0911,0.222,4,3,FALSE,FALSE,FALSE
"GENE2389","GENE2389_HUMAN","P68154","Protein GENE2389",-0.1002,1,0.888359,0,0.0514,5,4,FALSE,FALSE,FALSE
"GENE1735","GENE1735_HUMAN","P50715","Protein GENE1735",0.1017,0.339264,0.296681,0.5052,0.5277,5,6,FALSE,FALSE,FALSE
"GENE1071","GENE1071_HUMAN","P46497","Protein GENE1071",0.3111,1,0.967634,0,0.0143,4,2,FALSE,FALSE,FALSE
"GENE2347","GENE2347_HUMAN","P56736","Protein GENE2347",-0.4517,1,0.575888,0,0.2397,3,3,FALSE,FALSE,FALSE
"GENE1980","GENE1980_HUMAN","P75723","Protein GENE1980",0.2799,1,0.897681,0,0.0469,5,6,FALSE,FALSE,FALSE
"GENE2796","GENE2796_HUMAN","P09090","Protein GENE2796",-0.0961,1,0.782042,0,0.1068,2,4,FALSE,TRUE,FALSE
"GENE0088","GENE0088_HUMAN","P85736","Protein GENE0088",0.6676,1,0.464504,0,0.333,3,6,TRUE,FALSE,FALSE
"GENE0504","GENE0504_HUMAN","P63117","Protein GENE0504",-0.1382,1,0.709794,0,0.1489,5,2,FALSE,FALSE,FALSE
"GENE1336","GENE1336_HUMAN","P28419","Protein GENE1336",0.4011,1,0.405299,0,0.3922,3,2,FALSE,FALSE,FALSE
"GENE2224","GENE2224_HUMAN","P56959","Protein GENE2224",0.1322,1,0.866428,0,0.0623,6,5,FALSE,FALSE,FALSE
"GENE2446","GENE2446_HUMAN","P31184","Protein GENE2446",0.2258,1,0.750413,0,0.1247,6,4,TRUE,FALSE,FALSE
"GENE0848","GENE0848_HUMAN","P79866","Protein GENE0848",-0.9328,1,0.377333,0.1229,0.4233,5,6,FALSE,FALSE,FALSE
"GENE0656","GENE0656_HUMAN","P69371","Protein GENE0656",0.3028,1,0.898477,0,0.0465,3,3,FALSE,FALSE,FALSE
"GENE1990","GENE1990_HUMAN","P64942","Protein GENE1990",0.0293,0.403242,0.113412,0.5062,0.9453,2,3,FALSE,FALSE,FALSE
"GENE0541","GENE0541_HUMAN","P94721","Protein GENE0541",-0.5667,1,0.962869,0,0.0164,4,2,FALSE,FALSE,FALSE
"GENE2741","GENE2741_HUMAN","P29151","Protein GENE2741",0.4139,1,0.606735,0,0.217,2,5,FALSE,FALSE,FALSE
"GENE0466","GENE0466_HUMAN","P76763","Protein GENE0466",0.3232,1,0.349521,0,0.4565,3,3,FALSE,FALSE,FALSE
"ZNF598","ZNF598_HUMAN","P76553","Protein ZNF598",-0.2414,1,0.434743,0,0.3618,6,6,FALSE,FALSE,FALSE
"GENE0002","GENE0002_HUMAN","P25148","Protein GENE0002",-0.107,0.739538,0.600855,0.079,0.2212,3,3,FALSE,FALSE,FALSE
"GENE1002","GENE1002_HUMAN","P77452","Protein GENE1002",-1.0446,1,0.57148,0.2142,0.243,3,5,FALSE,FALSE,FALSE
"GENE0289","GENE0289_HUMAN","P83785","Protein GENE0289",0.137,0.887259,0.276287,0,0.5586,3,4,FALSE,FALSE,FALSE
"GENE1557","GENE1557_HUMAN","P72092","Protein GENE1557",0.2657,0.189572,0.091609,0.6428,1.0381,5,2,TRUE,FALSE,FALSE
"GENE2109","GENE2109_HUMAN","P53853","Protein GENE2109",1.4283,1,0.847302,0,0.072,2,6,FALSE,FALSE,FALSE
"GENE2631","GENE2631_HUMAN","P36965","Protein GENE2631",0.3892,0.441628,0.117468,0.2848,0.9301,2,5,FALSE,FALSE,FALSE
"GENE1621","GENE1621_HUMAN","P79002","Protein GENE1621",0.027,1,0.801154,0,0.0963,2,4,FALSE,FALSE,FALSE
"GENE2279","GENE2279_HUMAN","P69286","Protein GENE2279",-0.1435,0.608273,0.494654,0,0.3057,5,5,TRUE,FALSE,FALSE
"GENE1147","GENE1147_HUMAN","P12561","Protein GENE1147",-0.6151,0.634755,0.311143,0.2308,0.507,4,6,FALSE,FALSE,FALSE
"GENE0908","GENE0908_HUMAN","P67035","Protein GENE0908",0.4989,1,0.579343,0,0.2371,2,2,FALSE,FALSE,FALSE
"GENE2336","GENE2336_HUMAN","P35209","Protein GENE2336",-0.8493,1,0.708234,0,0.1498,3,3,FALSE,FALSE,FALSE
"GENE2801","GENE2801_HUMAN","P77629","Protein GENE2801",-0.2033,1,0.845487,0,0.0729,5,5,FALSE,FALSE,FALSE
"GENE1847","GENE1847_HUMAN","P16595","Protein GENE1847",0.1868,0.927596,0.395958,0.2386,0.4024,5,5,FALSE,FALSE,FALSE
"GENE1910","GENE1910_HUMAN","P88819","Protein GENE1910",0.9327,1,0.766834,0,0.1153,5,3,FALSE,FALSE,FALSE
"GENE1247","GENE1247_HUMAN","P74414","Protein GENE1247",0.4879,1,0.789966,0.0249,0.1024,5,5,FALSE,TRUE,FALSE
"GENE1232","GENE1232_HUMAN","P19577","Protein GENE1232",-0.0064,1,0.862827,0,0.0641,4,3,FALSE,FALSE,FALSE
"GENE1771","GENE1771_HUMAN","P80316","Protein GENE1771",0.7619,0.588667,0.202634,0.1884,0.6933,6,2,FALSE,TRUE,FALSE
"GENE1729","GENE1729_HUMAN","P12686","Protein GENE1729",-0.0751,1,0.8794,0,0.0558,3,4,FALSE,FALSE,FALSE
"GENE1890","GENE1890_HUMAN","P72000","Protein GENE1890",-0.3315,1,0.945801,0,0.0242,4,6,TRUE,TRUE,FALSE
"GENE0868","GENE0868_HUMAN","P60916","Protein GENE0868",-0.25,1,0.535911,0,0.2709,4,4,FALSE,FALSE,FALSE
"GENE2155","GENE2155_HUMAN","P32988","Protein GENE2155",0.3815,0.26584,0.168077,0.4109,0.7745,5,4,FALSE,FALSE,FALSE
"GENE1574","GENE1574_HUMAN","P98705","Protein GENE1574",-0.2314,0.712042,0.506423,0.1897,0.2955,2,4,FALSE,FALSE,FALSE
"GENE1495","GENE1495_HUMAN","P70057","Protein GENE1495",0.4142,0.787367,0.240687,0.1155,0.6185,6,5,FALSE,TRUE,FALSE
"GENE0531","GENE0531_HUMAN","P94712","Protein GENE0531",-0.3601,1,0.971155,0,0.0127,4,4,FALSE,FALSE,FALSE
"GENE0007","GENE0007_HUMAN","P02391","Protein GENE0007",-0.4155,0.624433,0.215932,0.1005,0.6657,6,2,TRUE,TRUE,FALSE
"GENE1218","GENE1218_HUMAN","P65940","Protein GENE1218",-0.1346,1,0.967975,0,0.0141,5,5,FALSE,FALSE,FALSE
"GENE2721","GENE2721_HUMAN","P21384","Protein GENE2721",-0.0441,1,0.840945,0,0.0752,6,6,FALSE,TRUE,FALSE
"GENE0519","GENE0519_HUMAN","P28302","Protein GENE0519",0.7642,1,0.725356,0,0.1394,2,2,FALSE,FALSE,FALSE
"GENE1680","GENE1680_HUMAN","P72613","Protein GENE1680",0.1103,0.984572,0.549891,0,0.2597,4,5,FALSE,FALSE,FALSE
"GENE1410","GENE1410_HUMAN","P55758","Protein GENE1410",-0.2859,0.76139,0.304692,0,0.5161,3,2,FALSE,FALSE,FALSE
"GENE0534","GENE0534_HUMAN","P88835","Protein GENE0534",0.0851,1,0.858069,0,0.0665,3,4,FALSE,TRUE,FALSE
"GENE2619","GENE2619_HUMAN","P57333","Protein GENE2619",0.5084,1,0.671544,0,0.1729,6,5,FALSE,FALSE,FALSE
"GENE0094","GENE0094_HUMAN","P83539","Protein GENE0094",0.0093,1,0.790003,0,0.1024,4,3,FALSE,FALSE,FALSE
"GENE0567","GENE0567_HUMAN","P54885","Protein GENE0567",-0.2748,1,0.914386,0,0.0389,2,5,FALSE,TRUE,FALSE
"GENE2661","GENE2661_HUMAN","P96691","Protein GENE2661",0.0411,0.706946,0.509222,0,0.2931,5,2,FALSE,TRUE,FALSE
"GENE1112","GENE1112_HUMAN","P07941","Protein GENE1112",-0.2016,0.392914,0.0859,0.445,1.066,3,3,FALSE,FALSE,FALSE
"GENE0557","GENE0557_HUMAN","P01449","Protein GENE0557",0.4992,1,0.666817,0,0.176,2,5,FALSE,FALSE,FALSE
"GENE1014","GENE1014_HUMAN","P01376","Protein GENE1014",0.1394,0.685658,0.626248,0,0.2033,3,6,FALSE,FALSE,FALSE
"GENE2262","GENE2262_HUMAN","P05824","Protein GENE2262",0.3917,0.144549,0.061248,0.6283,1.2129,2,6,TRUE,FALSE,FALSE
"GENE2482","GENE2482_HUMAN","P16447","Protein GENE2482",0.2699,1,0.493925,0,0.3063,6,2,FALSE,FALSE,FALSE
"GENE2470","GENE2470_HUMAN","P52362","Protein GENE2470",1.0294,1,0.987196,0,0.0056,4,3,FALSE,FALSE,FALSE
"GENE1397","GENE1397_HUMAN","P53927","Protein GENE1397",0.3798,1,0.947621,0,0.0234,3,4,FALSE,FALSE,FALSE
"GENE1227","GENE1227_HUMAN","P41135","Protein GENE1227",0.2783,0.52366,0.343689,0,0.4638,5,6,TRUE,FALSE,FALSE
"GENE1411","GENE1411_HUMAN","P22151","Protein GENE1411",-0.4819,1,0.900655,0,0.0454,3,2,FALSE,FALSE,FALSE
"GENE1430","GENE1430_HUMAN","P49939","Protein GENE1430",0.0927,1,0.955626,0,0.0197,6,6,FALSE,FALSE,FALSE
"GENE2851","GENE2851_HUMAN","P28224","Protein GENE2851",0.0046,1,0.76526,0,0.1162,2,5,FALSE,FALSE,FALSE
"GENE1458","GENE1458_HUMAN","P83691","Protein GENE1458",0.1502,1,0.496962,0,0.3037,5,5,FALSE,TRUE,FALSE
"GENE0318","GENE0318_HUMAN","P89775","Protein GENE0318",0.1898,0.591284,0.374604,0.1901,0.4264,4,6,FALSE,FALSE,FALSE
"GENE0156","GENE0156_HUMAN","P54915","Protein GENE0156",-0.6936,1,0.870712,0,0.0601,5,3,FALSE,FALSE,FALSE
"GENE0730","GENE0730_HUMAN","P99734","Protein GENE0730",-0.1548,0.255516,0.104138,0.3963,0.9824,3,6,TRUE,FALSE,FALSE
"GENE1609","GENE1609_HUMAN","P16683","Protein GENE1609",0.4355,1,0.827955,0,0.082,4,5,FALSE,FALSE,FALSE
"GENE1529","GENE1529_HUMAN","P50377","Protein GENE1529",0.1898,0.545822,0.487226,0,0.3123,2,6,FALSE,FALSE,FALSE
"GENE0997","GENE0997_HUMAN","P10743","Protein GENE0997",-0.3261,0.468284,0.220644,0.3695,0.6563,2,2,FALSE,FALSE,FALSE
"DDX3","DDX3_HUMAN","P66375","Protein DDX3",-0.6446,1,0.217266,0.0589,0.663,3,3,FALSE,FALSE,FALSE
"GENE0543","GENE0543_HUMAN","P03077","Protein GENE0543",-0.0637,1,0.309737,0.057,0.509,5,6,FALSE,FALSE,FALSE
"GENE1375","GENE1375_HUMAN","P47890","Protein GENE1375",0.0288,0.715555,0.232448,0.3254,0.6337,2,5,FALSE,FALSE,FALSE
"GENE1027","GENE1027_HUMAN","P11890","Protein GENE1027",-0.0701,1,0.603942,0,0.219,5,4,FALSE,FALSE,FALSE
"GENE1235","GENE1235_HUMAN","P38673","Protein GENE1235",0.0511,0.172244,0.108071,0.9445,0.9663,6,5,FALSE,FALSE,FALSE
"GENE1151","GENE1151_HUMAN","P80274","Protein GENE1151",0.6393,1,0.889085,0,0.0511,6,3,FALSE,FALSE,FALSE
"GENE0186","GENE0186_HUMAN","P39503","Protein GENE0186",-0.5483,1,0.284576,0,0.5458,2,5,FALSE,FALSE,FALSE
"GENE2580","GENE2580_HUMAN","P74348","Protein GENE2580",-0.398,0.303463,0.068509,0.5385,1.1643,5,6,FALSE,TRUE,FALSE
"GENE2208","GENE2208_HUMAN","P39097","Protein GENE2208",-0.0468,1,0.957481,0,0.0189,6,6,FALSE,FALSE,FALSE
"GENE1757","GENE1757_HUMAN","P33853","Protein GENE1757",0.0349,1,0.658937,0,0.1812,4,3,FALSE,FALSE,FALSE
"GENE2892","GENE2892_HUMAN","P68351","Protein GENE2892",0.1453,0.824918,0.201882,0.6702,0.6949,5,4,FALSE,FALSE,FALSE
"GENE1496","GENE1496_HUMAN","P56037","Protein GENE1496",0.1117,0.785219,0.171944,0.5329,0.7646,3,4,FALSE,FALSE,FALSE
"GENE2032","GENE2032_HUMAN","P09604","Protein GENE2032",-0.2901,1,0.998481,0,7e-04,3,3,FALSE,FALSE,FALSE
"GENE2256","GENE2256_HUMAN","P84469","Protein GENE2256",0.5651,1,0.353562,0,0.4515,3,2,FALSE,FALSE,FALSE
"GENE1506","GENE1506_HUMAN","P25810","Protein GENE1506",-0.4961,1,0.401397,0,0.3964,5,5,FALSE,FALSE,FALSE
"GENE2361","GENE2361_HUMAN","P72000","Protein GENE2361",-0.9298,0.067868,0.029872,0.8506,1.5247,2,4,FALSE,FALSE,TRUE
"GENE2488","GENE2488_HUMAN","P22507","Protein GENE2488",0.1535,0.360436,0.294189,0,0.5314,2,6,FALSE,FALSE,FALSE
"GENE2431","GENE2431_HUMAN","P77097","Protein GENE2431",0.9653,1,0.928615,0,0.0322,3,3,FALSE,TRUE,FALSE
"GENE2886","GENE2886_HUMAN","P18673","Protein GENE2886",0.2891,1,0.497474,0.0509,0.3032,4,5,FALSE,FALSE,FALSE
"GENE1522","GENE1522_HUMAN","P12082","Protein GENE1522",0.5948,1,0.969889,0,0.0133,5,6,FALSE,FALSE,FALSE
"GENE0577","GENE0577_HUMAN","P53506","Protein GENE0577",-1.0964,1,0.676172,0,0.1699,6,6,FALSE,FALSE,FALSE
"GENE2545","GENE2545_HUMAN","P83967","Protein GENE2545",-0.1308,0.527118,0.19418,0.0992,0.7118,3,4,FALSE,FALSE,FALSE
"GENE2335","GENE2335_HUMAN","P03037","Protein GENE2335",0.1763,0.962717,0.933399,0,0.0299,6,3,FALSE,FALSE,FALSE
"GENE0105","GENE0105_HUMAN","P27009","Protein GENE0105",0.1262,1,0.674548,0.0862,0.171,3,4,FALSE,FALSE,FALSE
"GENE2873","GENE2873_HUMAN","P96721","Protein GENE2873",0.1355,1,0.328267,0.3059,0.4838,3,6,FALSE,FALSE,FALSE
"GENE1368","GENE1368_HUMAN","P46657","Protein GENE1368",0.2517,1,0.254486,0.0352,0.5943,2,2,FALSE,TRUE,FALSE
"GENE1156","GENE1156_HUMAN","P21613","Protein GENE1156",0.4862,1,0.899922,0,0.0458,3,3,FALSE,FALSE,FALSE
"GENE2178","GENE2178_HUMAN","P36529","Protein GENE2178",0.5153,1,0.928544,0,0.0322,6,2,FALSE,FALSE,FALSE
"GENE1716","GENE1716_HUMAN","P74058","Protein GENE1716",-0.1146,1,0.678925,0,0.1682,6,4,FALSE,FALSE,FALSE
"GENE2627","GENE2627_HUMAN","P51159","Protein GENE2627",0.1874,0.11156,0.083094,0.6565,1.0804,6,6,TRUE,TRUE,FALSE
"GENE2835","GENE2835_HUMAN","P45118","Protein GENE2835",-0.3225,1,0.65416,0.0195,0.1843,3,3,FALSE,TRUE,FALSE
"GENE0319","GENE0319_HUMAN","P05173","Protein GENE0319",0.4756,0.727509,0.193508,0.6955,0.7133,3,3,FALSE,FALSE,FALSE
"GENE1920","GENE1920_HUMAN","P71750","Protein GENE1920",0.2732,0.301495,0.124918,0.5542,0.9034,4,4,TRUE,FALSE,FALSE
"GENE1855","GENE1855_HUMAN","P96492","Protein GENE1855",-0.9382,1,0.810927,0,0.091,3,6,FALSE,FALSE,FALSE
"GENE0283","GENE0283_HUMAN","P04913","Protein GENE0283",0.2239,0.242995,0.164904,0.5769,0.7828,4,2,FALSE,FALSE,FALSE
"GENE0807","GENE0807_HUMAN","P25445","Protein GENE0807",0.804,0.587567,0.266266,0,0.5747,6,4,FALSE,TRUE,FALSE
"GENE2699","GENE2699_HUMAN","P43720","Protein GENE2699",-0.2324,0.250331,0.079535,1.0987,1.0994,4,2,FALSE,FALSE,FALSE
"GENE1624","GENE1624_HUMAN","P10256","Protein GENE1624",0.2657,1,0.470544,0,0.3274,3,3,FALSE,TRUE,FALSE
"GENE1250","GENE1250_HUMAN","P01500","Protein GENE1250",-0.2794,1,0.835925,0,0.0778,2,2,FALSE,TRUE,FALSE
"GENE2221","GENE2221_HUMAN","P65526","Protein GENE2221",-0.1702,1,0.358837,0,0.4451,3,2,FALSE,FALSE,FALSE
"GENE2484","GENE2484_HUMAN","P31895","Protein GENE2484",-0.3456,0.927951,0.695104,0,0.1579,2,3,FALSE,FALSE,FALSE
"GENE2609","GENE2609_HUMAN","P34553","Protein GENE2609",0.1563,1,0.783964,0,0.1057,5,4,FALSE,FALSE,FALSE
"GENE0037","GENE0037_HUMAN","P44248","Protein GENE0037",0.4804,1,0.636824,0,0.196,2,4,FALSE,TRUE,FALSE
"GENE2217","GENE2217_HUMAN","P58968","Protein GENE2217",0.0082,1,0.942892,0,0.0255,4,3,FALSE,FALSE,FALSE
"GENE0266","GENE0266_HUMAN","P91212","Protein GENE0266",-0.7794,0.413931,0.195435,0.5468,0.709,3,4,FALSE,FALSE,FALSE
"GENE0637","GENE0637_HUMAN","P20658","Protein GENE0637",0.9453,0.641611,0.382784,0.366,0.417,5,2,FALSE,FALSE,FALSE
"GENE1289","GENE1289_HUMAN","P75102","Protein GENE1289",-2.5306,0.027655,0.006987,1.9301,2.1557,2,5,FALSE,FALSE,TRUE
"GENE2346","GENE2346_HUMAN","P46263","Protein GENE2346",-0.043,1,0.77958,0,0.1081,5,4,FALSE,FALSE,FALSE
"GENE1694","GENE1694_HUMAN","P39841","Protein GENE1694",-0.3573,1,0.664763,0,0.1773,4,4,FALSE,FALSE,FALSE
"GENE1813","GENE1813_HUMAN","P72020","Protein GENE1813",-0.3103,1,0.989973,0,0.0044,2,5,FALSE,FALSE,FALSE
"GENE2047","GENE2047_HUMAN","P16959","Protein GENE2047",0.847,1,0.591746,0,0.2279,5,6,FALSE,FALSE,FALSE
"GENE2364","GENE2364_HUMAN","P19775","Protein GENE2364",-0.0867,0.329716,0.094973,0.3653,1.0224,4,3,FALSE,FALSE,FALSE
"GENE1003","GENE1003_HUMAN","P72797","Protein GENE1003",-0.1177,1,0.407575,0.0917,0.3898,6,2,FALSE,FALSE,FALSE
"GENE0218","GENE0218_HUMAN","P89393","Protein GENE0218",-0.1736,0.52875,0.259133,0,0.5865,3,5,FALSE,FALSE,FALSE
"GENE0728","GENE0728_HUMAN","P45106","Protein GENE0728",0.5659,1,0.745711,0,0.1274,3,5,FALSE,FALSE,FALSE
"GENE0479","GENE0479_HUMAN","P63005","Protein GENE0479",0.0679,0.37831,0.076664,0.4396,1.1154,4,5,FALSE,FALSE,FALSE
"GENE0034","GENE0034_HUMAN","P67505","Protein GENE0034",0.0972,1,0.299196,0,0.524,3,3,FALSE,FALSE,FALSE
"GENE0895","GENE0895_HUMAN","P78645","Protein GENE0895",-3.0307,0.060048,0.02847,1.2571,1.5456,6,6,TRUE,FALSE,TRUE
"GENE2214","GENE2214_HUMAN","P59956","Protein GENE2214",-0.2293,1,0.757439,0,0.1207,3,4,FALSE,FALSE,FALSE
"GENE1519","GENE1519_HUMAN","P69344","Protein GENE1519",-0.3866,0.97844,0.889948,0,0.0506,5,5,FALSE,FALSE,FALSE
"GENE0846","GENE0846_HUMAN","P41535","Protein GENE0846",0.2271,1,0.797794,0,0.0981,5,2,FALSE,FALSE,FALSE
"GENE2285","GENE2285_HUMAN","P19656","Protein GENE2285",-0.0107,1,0.740966,0,0.1302,6,2,FALSE,FALSE,FALSE
"GENE1898","GENE1898_HUMAN","P47744","Protein GENE1898",0.066,1,0.939523,0,0.0271,4,3,FALSE,FALSE,FALSE
"GENE1722","GENE1722_HUMAN","P17591","Protein GENE1722",0.2033,0.390925,0.187722,0.2122,0.7265,5,6,FALSE,FALSE,FALSE
"GENE2137","GENE2137_HUMAN","P62399","Protein GENE2137",0.4946,0.761303,0.324807,0,0.4884,4,4,FALSE,FALSE,FALSE
"GENE1361","GENE1361_HUMAN","P53127","Protein GENE1361",0.1524,0.962368,0.307442,0.2583,0.5122,6,5,FALSE,FALSE,FALSE
"GENE2124","GENE2124_HUMAN","P65038","Protein GENE2124",-0.7409,1,0.279331,0.4317,0.5539,4,2,TRUE,FALSE,FALSE
"GENE0435","GENE0435_HUMAN","P47444","Protein GENE0435",0.0562,0.869578,0.564003,0.0375,0.2487,4,2,FALSE,TRUE,FALSE
"GENE2390","GENE2390_HUMAN","P02906","Protein GENE2390",0.2343,1,0.737178,0,0.1324,4,5,FALSE,FALSE,FALSE
"GENE1718","GENE1718_HUMAN","P05842","Protein GENE1718",-0.3929,1,0.501077,0,0.3001,2,2,TRUE,FALSE,FALSE
"GENE2457","GENE2457_HUMAN","P26230","Protein GENE2457",-0.5032,1,0.714758,0,0.1458,5,3,FALSE,FALSE,FALSE
"GENE1591","GENE1591_HUMAN","P72771","Protein GENE1591",-0.6794,1,0.712463,0,0.1472,4,6,FALSE,FALSE,FALSE
"GENE0366","GENE0366_HUMAN","P04700","Protein GENE0366",0.0224,0.914931,0.526727,0,0.2784,6,3,FALSE,FALSE,FALSE
"GENE2528","GENE2528_HUMAN","P66503","Protein GENE2528",0.1719,1,0.316812,0,0.4992,2,6,FALSE,FALSE,FALSE
"GENE2472","GENE2472_HUMAN","P77748","Protein GENE2472",0.2601,1,0.942143,0,0.0259,2,4,FALSE,FALSE,FALSE
"GENE2667","GENE2667_HUMAN","P01258","Protein GENE2667",-0.1267,1,0.914416,0,0.0389,4,6,FALSE,FALSE,FALSE
"GENE0934","GENE0934_HUMAN","P94762","Protein GENE0934",-0.9836,0.365218,0.150562,0.1595,0.8223,2,5,FALSE,TRUE,FALSE
"GPATCH8","GPATCH8_HUMAN","P39664","Protein GPATCH8",-0.4229,0.448034,0.185424,0.2438,0.7318,2,2,FALSE,FALSE,FALSE
"GENE2788","GENE2788_HUMAN","P17726","Protein GENE2788",0.3537,1,0.891147,0,0.0501,3,3,FALSE,FALSE,FALSE
"GENE0686","GENE0686_HUMAN","P41284","Protein GENE0686",0.0778,0.540286,0.256857,0.0427,0.5903,2,2,TRUE,FALSE,FALSE
"GENE1946","GENE1946_HUMAN","P21243","Protein GENE1946",-0.3283,1,0.965425,0,0.0153,3,5,FALSE,FALSE,FALSE
"GENE0980","GENE0980_HUMAN","P60234","Protein GENE0980",0.5528,1,0.777133,0,0.1095,4,2,FALSE,FALSE,FALSE
"GENE1572","GENE1572_HUMAN","P07293","Protein GENE1572",-0.1119,0.661679,0.442859,0.0955,0.3537,6,4,FALSE,FALSE,FALSE
"GENE2622","GENE2622_HUMAN","P84208","Protein GENE2622",-2.6211,0.071945,0.03616,1.2202,1.4418,6,3,FALSE,FALSE,TRUE
"GENE0662","GENE0662_HUMAN","P63715","Protein GENE0662",0.144,0.737042,0.276197,0.3391,0.5588,2,2,FALSE,TRUE,FALSE
"GENE2617","GENE2617_HUMAN","P96488","Protein GENE2617",0.1488,1,0.791259,0,0.1017,3,5,FALSE,FALSE,FALSE
"GENE2447","GENE2447_HUMAN","P30658","Protein GENE2447",0.0436,1,0.636034,0.0522,0.1965,5,6,FALSE,FALSE,FALSE
"GENE2209","GENE2209_HUMAN","P92969","Protein GENE2209",0.6288,0.200729,0.06047,1.0112,1.2185,6,2,TRUE,FALSE,FALSE
"GENE2027","GENE2027_HUMAN","P36357","Protein GENE2027",-0.1877,0.496397,0.314217,0.0508,0.5028,5,4,FALSE,FALSE,FALSE
"GENE1516","GENE1516_HUMAN","P86054","Protein GENE1516",0.4118,1,0.658687,0,0.1813,4,4,FALSE,TRUE,FALSE
"GENE1935","GENE1935_HUMAN","P95366","Protein GENE1935",0.1132,1,0.872979,0,0.059,2,3,FALSE,FALSE,FALSE
"NEK6","NEK6_HUMAN","P54454","Protein NEK6",1.9449,0.026084,0.014183,1.2418,1.8482,6,5,FALSE,TRUE,TRUE
"GENE0019","GENE0019_HUMAN","P00527","Protein GENE0019",0.06,0.183076,0.072669,0.7952,1.1386,2,5,FALSE,FALSE,FALSE
"GENE2616","GENE2616_HUMAN","P80140","Protein GENE2616",-0.3333,0.338754,0.123492,0.3752,0.9084,3,6,FALSE,FALSE,FALSE
"GENE1864","GENE1864_HUMAN","P27091","Protein GENE1864",0.2838,1,0.395579,0.0334,0.4028,3,2,FALSE,TRUE,FALSE
"GENE1711","GENE1711_HUMAN","P06792","Protein GENE1711",0.1881,0.514912,0.335108,0.4478,0.4748,4,5,FALSE,FALSE,FALSE
"GENE1535","GENE1535_HUMAN","P02731","Protein GENE1535",-0.3676,1,0.564787,0,0.2481,2,5,FALSE,FALSE,FALSE
"GENE2216","GENE2216_HUMAN","P36564","Protein GENE2216",0.246,1,0.340405,0.4671,0.468,4,2,FALSE,FALSE,FALSE
"GENE2231","GENE2231_HUMAN","P98594","Protein GENE2231",-0.5341,1,0.952131,0,0.0213,5,3,FALSE,FALSE,FALSE
"GENE1063","GENE1063_HUMAN","P19047","Protein GENE1063",-0.273,0.133442,0.101028,0.7372,0.9956,3,6,FALSE,FALSE,FALSE
"GENE1553","GENE1553_HUMAN","P86602","Protein GENE1553",0.1562,0.568809,0.125589,0.5847,0.901,4,2,FALSE,FALSE,FALSE
"GENE0355","GENE0355_HUMAN","P16574","Protein GENE0355",-0.6436,0.821029,0.481868,0.1633,0.3171,3,5,FALSE,FALSE,FALSE
"GENE0164","GENE0164_HUMAN","P23198","Protein GENE0164",0.0474,0.18768,0.127696,0.4251,0.8938,4,3,FALSE,TRUE,FALSE
"GENE0199","GENE0199_HUMAN","P18016","Protein GENE0199",0.3229,1,0.674048,0,0.1713,5,3,FALSE,FALSE,FALSE
"GENE2810","GENE2810_HUMAN","P93644","Protein GENE2810",-0.0136,0.579469,0.266039,0.2432,0.5751,4,5,FALSE,FALSE,FALSE
"GENE0962","GENE0962_HUMAN","P26488","Protein GENE0962",-0.0527,1,0.629081,0,0.2013,5,2,FALSE,FALSE,FALSE
"GENE0930","GENE0930_HUMAN","P10284","Protein GENE0930",-0.1261,1,0.526369,0,0.2787,6,2,FALSE,FALSE,FALSE
"GENE2291","GENE2291_HUMAN","P19609","Protein GENE2291",-0.248,1,0.584022,0,0.2336,2,5,FALSE,FALSE,FALSE
"GENE0573","GENE0573_HUMAN","P71329","Protein GENE0573",-0.1179,1,0.693946,0,0.1587,3,6,FALSE,FALSE,FALSE
"NCOA2","NCOA2_HUMAN","P87453","Protein NCOA2",1.5813,0.045457,0.029983,0.9524,1.5231,2,4,FALSE,TRUE,TRUE
"GENE2394","GENE2394_HUMAN","P70392","Protein GENE2394",-0.4537,1,0.958247,0,0.0185,6,4,FALSE,FALSE,FALSE
"GENE0311","GENE0311_HUMAN","P75942","Protein GENE0311",-0.4063,1,0.829408,0,0.0812,3,3,TRUE,FALSE,FALSE
"GENE0873","GENE0873_HUMAN","P20360","Protein GENE0873",0.0882,0.342564,0.18356,0.2558,0.7362,6,4,FALSE,FALSE,FALSE
"GENE0826","GENE0826_HUMAN","P07685","Protein GENE0826",0.6243,0.596251,0.134631,0.4354,0.8709,2,3,TRUE,TRUE,FALSE
"GENE0134","GENE0134_HUMAN","P58525","Protein GENE0134",-0.6599,0.492363,0.287605,0.0781,0.5412,2,6,FALSE,FALSE,FALSE
"DHX29","DHX29_HUMAN","P85893","Protein DHX29",-0.1112,0.703608,0.172943,0.0836,0.7621,6,5,FALSE,FALSE,FALSE
"GENE1748","GENE1748_HUMAN","P54065","Protein GENE1748",0.4801,0.6,0.544955,0.1931,0.2636,2,6,FALSE,FALSE,FALSE
"GENE0109","GENE0109_HUMAN","P37515","Protein GENE0109",-0.5618,0.062517,0.028501,0.8861,1.5451,6,4,FALSE,FALSE,TRUE
"GENE2151","GENE2151_HUMAN","P51480","Protein GENE2151",-0.4313,1,0.784914,0,0.1052,3,4,FALSE,FALSE,FALSE
"GENE0212","GENE0212_HUMAN","P93243","Protein GENE0212",-0.5883,1,0.659419,0,0.1808,5,6,FALSE,FALSE,FALSE
"GENE2249","GENE2249_HUMAN","P45686","Protein GENE2249",0.5776,1,0.562308,0.1885,0.25,2,3,FALSE,FALSE,FALSE
"GENE0492","GENE0492_HUMAN","P98495","Protein GENE0492",0.6903,0.149662,0.036969,0.8262,1.4322,2,3,FALSE,FALSE,TRUE
"GENE1011","GENE1011_HUMAN","P66798","Protein GENE1011",-0.0863,1,0.854267,0,0.0684,3,4,FALSE,TRUE,FALSE
"GENE1836","GENE1836_HUMAN","P45676","Protein GENE1836",-0.386,1,0.943839,0.0131,0.0251,2,3,FALSE,FALSE,FALSE
"GENE2815","GENE2815_HUMAN","P23068","Protein GENE2815",0.3228,0.61379,0.158205,0.4807,0.8008,5,5,FALSE,FALSE,FALSE
"GENE0537","GENE0537_HUMAN","P61463","Protein GENE0537",-0.4939,1,0.708893,0,0.1494,4,6,FALSE,FALSE,FALSE
"GENE2816","GENE2816_HUMAN","P49182","Protein GENE2816",-0.3005,1,0.822452,0,0.0849,6,6,FALSE,TRUE,FALSE
"GENE0512","GENE0512_HUMAN","P74305","Protein GENE0512",-0.7709,0.923256,0.913405,0,0.0393,4,2,FALSE,FALSE,FALSE
"GENE0129","GENE0129_HUMAN","P53737","Protein GENE0129",0.218,0.448409,0.126616,0.4422,0.8975,2,4,FALSE,FALSE,FALSE
"GENE1345","GENE1345_HUMAN","P99599","Protein GENE1345",0.4936,0.20852,0.13749,0.2638,0.8617,2,3,FALSE,FALSE,FALSE
"GENE1119","GENE1119_HUMAN","P60097","Protein GENE1119",0.0222,1,0.544457,0,0.264,3,2,FALSE,FALSE,FALSE
"GENE1499","GENE1499_HUMAN","P61943","Protein GENE1499",-0.4446,0.952039,0.195375,0.0798,0.7091,4,2,FALSE,TRUE,FALSE
"GENE1298","GENE1298_HUMAN","P63388","Protein GENE1298",-0.1191,0.463764,0.152715,0.2925,0.8161,6,5,FALSE,FALSE,FALSE
"GENE1498","GENE1498_HUMAN","P77038","Protein GENE1498",-0.1022,1,0.935076,0,0.0292,2,3,TRUE,FALSE,FALSE
"GENE2731","GENE2731_HUMAN","P55335","Protein GENE2731",0.3932,0.428477,0.109039,0.5467,0.9624,5,2,FALSE,FALSE,FALSE
"GENE1351","GENE1351_HUMAN","P16953","Protein GENE1351",0.0706,1,0.879629,0,0.0557,4,5,FALSE,FALSE,FALSE
"GENE2658","GENE2658_HUMAN","P89519","Protein GENE2658",-0.6299,1,0.783917,0,0.1057,2,2,FALSE,FALSE,FALSE
"GENE2756","GENE2756_HUMAN","P23243","Protein GENE2756",0.4575,1,0.48419,0.1589,0.315,6,3,FALSE,FALSE,FALSE
"GENE1818","GENE1818_HUMAN","P08103","Protein GENE1818",0.0428,1,0.524634,0,0.2801,3,4,FALSE,FALSE,FALSE
"GENE2900","GENE2900_HUMAN","P20772","Protein GENE2900",0.1101,1,0.347425,0,0.4591,6,5,TRUE,FALSE,FALSE
"GENE0502","GENE0502_HUMAN","P15860","Protein GENE0502",-0.0988,1,0.80774,0,0.0927,2,6,FALSE,TRUE,FALSE
"GENE0196","GENE0196_HUMAN","P96893","Protein GENE0196",-1.6114,0.004189,0.00245,2.4399,2.6108,3,2,FALSE,FALSE,TRUE
"GENE0365","GENE0365_HUMAN","P94941","Protein GENE0365",-0.3253,1,0.511033,0,0.2916,4,3,TRUE,FALSE,FALSE
"GENE1271","GENE1271_HUMAN","P99997","Protein GENE1271",0.1787,1,0.706052,0,0.1512,2,3,TRUE,FALSE,FALSE
"GENE0098","GENE0098_HUMAN","P77082","Protein GENE0098",-0.19,1,0.849796,0,0.0707,4,6,FALSE,TRUE,FALSE
"GENE0161","GENE0161_HUMAN","P17765","Protein GENE0161",0.0844,1,0.500533,0,0.3006,6,4,FALSE,FALSE,FALSE
"GENE2480","GENE2480_HUMAN","P60660","Protein GENE2480",-0.2284,0.909056,0.900376,0,0.0456,4,3,FALSE,FALSE,FALSE
"GENE2343","GENE2343_HUMAN","P56093","Protein GENE2343",-0.0479,1,0.648308,0,0.1882,5,2,FALSE,FALSE,FALSE
"GENE0091","GENE0091_HUMAN","P30416","Protein GENE0091",0.4258,1,0.446811,0,0.3499,2,3,FALSE,FALSE,FALSE
"GENE0893","GENE0893_HUMAN","P84843","Protein GENE0893",0.4106,0.689802,0.163958,0.1953,0.7853,4,5,FALSE,FALSE,FALSE
"GENE1414","GENE1414_HUMAN","P73232","Protein GENE1414",-0.4699,1,0.704089,0,0.1524,2,6,FALSE,TRUE,FALSE
"GENE0784","GENE0784_HUMAN","P14510","Protein GENE0784",0.6096,1,0.268024,0,0.5718,5,3,FALSE,FALSE,FALSE
"GENE0723","GENE0723_HUMAN","P65365","Protein GENE0723",-0.4639,0.859018,0.418848,0.2669,0.3779,3,2,FALSE,FALSE,FALSE
"GENE1869","GENE1869_HUMAN","P32660","Protein GENE1869",0.0254,1,0.604625,0.2114,0.2185,3,4,FALSE,FALSE,FALSE
"GENE2263","GENE2263_HUMAN","P01179","Protein GENE2263",0.8804,0.53704,0.360134,0,0.4435,3,3,FALSE,FALSE,FALSE
"GENE2066","GENE2066_HUMAN","P60614","Protein GENE2066",0.3914,1,0.934653,0,0.0293,2,4,FALSE,FALSE,FALSE
"GENE0986","GENE0986_HUMAN","P26297","Protein GENE0986",-0.3631,0.70123,0.233231,0.1795,0.6322,5,5,FALSE,FALSE,FALSE
"GENE0705","GENE0705_HUMAN","P40681","Protein GENE0705",0.0289,0.516269,0.421044,0,0.3757,3,6,FALSE,FALSE,FALSE
"GENE1759","GENE1759_HUMAN","P95176","Protein GENE1759",-0.4517,1,0.569054,0,0.2448,3,4,FALSE,FALSE,FALSE
"GENE0272","GENE0272_HUMAN","P37817","Protein GENE0272",-0.096,1,0.93669,0,0.0284,6,5,FALSE,FALSE,FALSE
"GENE2467","GENE2467_HUMAN","P69671","Protein GENE2467",0.1098,1,0.787746,0,0.1036,2,6,FALSE,FALSE,FALSE
"GENE0412","GENE0412_HUMAN","P72257","Protein GENE0412",-0.5637,1,0.283165,0.1561,0.548,2,6,FALSE,FALSE,FALSE
"GENE1964","GENE1964_HUMAN","P23008","Protein GENE1964",-0.3198,0.512402,0.107666,0.6813,0.9679,6,6,FALSE,FALSE,FALSE
"GENE0049","GENE0049_HUMAN","P71621","Protein GENE0049",-0.1098,1,0.60961,0,0.2149,2,4,FALSE,FALSE,FALSE
"GENE2535","GENE2535_HUMAN","P97354","Protein GENE2535",0.202,1,0.810576,0,0.0912,4,5,FALSE,TRUE,FALSE
"GENE0535","GENE0535_HUMAN","P48881","Protein GENE0535",-0.1322,0.386711,0.35946,0,0.4443,2,4,FALSE,FALSE,FALSE
"GENE0587","GENE0587_HUMAN","P16178","Protein GENE0587",-0.6561,0.779402,0.574329,0,0.2408,2,5,FALSE,FALSE,FALSE
"GENE1299","GENE1299_HUMAN","P58950","Protein GENE1299",0.1841,1,0.648666,0,0.188,5,6,FALSE,FALSE,FALSE
"GENE1618","GENE1618_HUMAN","P43131","Protein GENE1618",0.3741,0.604603,0.377914,0.1286,0.4226,5,5,FALSE,FALSE,FALSE
"GENE1199","GENE1199_HUMAN","P90777","Protein GENE1199",0.1129,0.781545,0.279275,0,0.554,6,2,FALSE,FALSE,FALSE
"GENE1720","GENE1720_HUMAN","P57111","Protein GENE1720",-0.5358,1,0.336466,0.1212,0.4731,6,6,TRUE,FALSE,FALSE
"GENE0624","GENE0624_HUMAN","P10003","Protein GENE0624",-0.6557,0.158883,0.082478,0.5117,1.0837,6,4,FALSE,TRUE,FALSE
"GENE1138","GENE1138_HUMAN","P68078","Protein GENE1138",0.4166,1,0.521565,0,0.2827,6,4,FALSE,FALSE,FALSE
"GENE2870","GENE2870_HUMAN","P86042","Protein GENE2870",-0.5301,0.392998,0.102584,0.3472,0.9889,2,3,FALSE,FALSE,FALSE
"GENE0174","GENE0174_HUMAN","P39180","Protein GENE0174",-0.3284,0.591447,0.182815,0.2139,0.738,5,6,FALSE,FALSE,FALSE
"GENE2203","GENE2203_HUMAN","P63921","Protein GENE2203",-0.23,0.43086,0.182171,0.4626,0.7395,4,6,FALSE,TRUE,FALSE
"GENE2510","GENE2510_HUMAN","P33204","Protein GENE2510",0.0948,0.597197,0.160996,0.7588,0.7932,2,4,FALSE,FALSE,FALSE
"GENE0058","GENE0058_HUMAN","P32208","Protein GENE0058",-1.0091,0.218477,0.074366,0.4425,1.1286,4,6,FALSE,FALSE,FALSE
"GENE2148","GENE2148_HUMAN","P23897","Protein GENE2148",-0.3339,1,0.709206,0,0.1492,5,4,FALSE,FALSE,FALSE
"GENE2752","GENE2752_HUMAN","P64970","Protein GENE2752",-0.2201,1,0.830963,0,0.0804,5,3,FALSE,FALSE,FALSE
"GENE0688","GENE0688_HUMAN","P63755","Protein GENE0688",0.2866,1,0.483135,0,0.3159,5,2,FALSE,FALSE,FALSE
"GENE1986","GENE1986_HUMAN","P16606","Protein GENE1986",0.0572,0.488522,0.427076,0,0.3695,5,5,TRUE,FALSE,FALSE
"GENE2712","GENE2712_HUMAN","P88318","Protein GENE2712",0.096,1,0.588477,0,0.2303,6,5,FALSE,FALSE,FALSE
"GENE0907","GENE0907_HUMAN","P64672","Protein GENE0907",0.0011,1,0.816506,0,0.088,5,6,TRUE,FALSE,FALSE
"GENE0882","GENE0882_HUMAN","P85030","Protein GENE0882",1.0875,1,0.324193,0.165,0.4892,2,4,FALSE,FALSE,FALSE
"GENE0481","GENE0481_HUMAN","P64159","Protein GENE0481",-0.0285,0.232307,0.139388,0.2379,0.8558,2,2,FALSE,FALSE,FALSE
"GENE0579","GENE0579_HUMAN","P04188","Protein GENE0579",0.7415,0.670543,0.137546,0.5211,0.8616,6,3,FALSE,TRUE,FALSE
"GENE0843","GENE0843_HUMAN","P42392","Protein GENE0843",0.4885,1,0.465226,0,0.3323,5,2,FALSE,FALSE,FALSE
"GENE1248","GENE1248_HUMAN","P73921","Protein GENE1248",0.2896,1,0.781232,0,0.1072,2,4,TRUE,FALSE,FALSE
"GENE2219","GENE2219_HUMAN","P58935","Protein GENE2219",-1.4864,0.829621,0.243828,0.2827,0.6129,5,3,FALSE,FALSE,FALSE
"GENE1647","GENE1647_HUMAN","P27062","Protein GENE1647",0.2219,0.817568,0.496473,0.0634,0.3041,6,5,FALSE,FALSE,FALSE
"GENE2740","GENE2740_HUMAN","P03321","Protein GENE2740",0.0406,1,0.664753,0,0.1773,3,6,FALSE,FALSE,FALSE
"GENE2322","GENE2322_HUMAN","P09004","Protein GENE2322",-0.3147,0.366657,0.082239,0.6516,1.0849,3,3,FALSE,FALSE,FALSE
"GENE1830","GENE1830_HUMAN","P62994","Protein GENE1830",2.7264,0.01125,0.002639,2.5055,2.5786,2,2,FALSE,FALSE,TRUE
"GENE2445","GENE2445_HUMAN","P24113","Protein GENE2445",-0.0842,1,0.653425,0,0.1848,5,2,TRUE,FALSE,FALSE
"GENE2539","GENE2539_HUMAN","P96146","Protein GENE2539",0.3996,0.17153,0.064099,0.9325,1.1931,5,5,FALSE,TRUE,FALSE
"GENE1634","GENE1634_HUMAN","P10561","Protein GENE1634",-0.2502,0.299021,0.207039,0.2779,0.6839,6,3,FALSE,FALSE,FALSE
"GENE1538","GENE1538_HUMAN","P37050","Protein GENE1538",0.182,1,0.956461,0,0.0193,2,5,FALSE,TRUE,FALSE
"GENE1887","GENE1887_HUMAN","P78279","Protein GENE1887",0.5331,0.952945,0.350583,0,0.4552,2,4,FALSE,FALSE,FALSE
"GENE1578","GENE1578_HUMAN","P81695","Protein GENE1578",-3.5587,0.128857,0.043897,0.8658,1.3576,2,6,FALSE,TRUE,TRUE
"NCOA1","NCOA1_HUMAN","P71813","Protein NCOA1",2.7434,0.170557,0.037484,0.8845,1.4262,3,6,FALSE,FALSE,TRUE
"GENE0702","GENE0702_HUMAN","P22681","Protein GENE0702",-0.2421,1,0.81231,0,0.0903,4,6,FALSE,FALSE,FALSE
"GENE0107","GENE0107_HUMAN","P21670","Protein GENE0107",0.6604,0.467883,0.259406,0.3918,0.586,5,4,FALSE,FALSE,FALSE
"GENE1335","GENE1335_HUMAN","P76588","Protein GENE1335",0.8241,1,0.982516,0,0.0077,6,6,FALSE,FALSE,FALSE
"GENE1423","GENE1423_HUMAN","P10949","Protein GENE1423",-0.6305,0.570333,0.123487,0.4204,0.9084,5,3,FALSE,FALSE,FALSE
"GENE1312","GENE1312_HUMAN","P93673","Protein GENE1312",0.4603,0.454191,0.162782,0.3364,0.7884,4,6,FALSE,FALSE,FALSE
"GENE1339","GENE1339_HUMAN","P77500","Protein GENE1339",-0.1097,1,0.294299,0,0.5312,6,4,FALSE,TRUE,FALSE
"GENE0602","GENE0602_HUMAN","P75083","Protein GENE0602",0.1928,0.566134,0.413986,0.0935,0.383,4,3,FALSE,FALSE,FALSE
"GENE2132","GENE2132_HUMAN","P61844","Protein GENE2132",-0.2562,1,0.90483,0,0.0434,6,5,FALSE,FALSE,FALSE
"GENE1988","GENE1988_HUMAN","P55795","Protein GENE1988",-0.1443,1,0.740122,0,0.1307,4,4,FALSE,FALSE,FALSE
"GENE1613","GENE1613_HUMAN","P20312","Protein GENE1613",0.2999,0.60033,0.143568,0.7126,0.8429,4,2,FALSE,FALSE,FALSE
"GENE1428","GENE1428_HUMAN","P74594","Protein GENE1428",-0.1027,1,0.573052,0,0.2418,6,4,FALSE,FALSE,FALSE
"GENE2175","GENE2175_HUMAN","P95882","Protein GENE2175",0.2128,1,0.528074,0,0.2773,3,4,FALSE,FALSE,FALSE
"GENE0054","GENE0054_HUMAN","P98759","Protein GENE0054",0.1639,0.480471,0.32155,0,0.4928,5,2,FALSE,FALSE,FALSE
"GENE2385","GENE2385_HUMAN","P44753","Protein GENE2385",-0.0207,1,0.888172,0,0.0515,2,5,FALSE,FALSE,FALSE
"GENE2018","GENE2018_HUMAN","P17560","Protein GENE2018",0.5086,0.818453,0.165817,0.126,0.7804,6,5,FALSE,FALSE,FALSE
"GENE1576","GENE1576_HUMAN","P45065","Protein GENE1576",-0.0733,0.677864,0.593929,0,0.2263,4,3,FALSE,FALSE,FALSE
"GENE0540","GENE0540_HUMAN","P57699","Protein GENE0540",0.6154,0.280938,0.121169,0.5771,0.9166,2,6,TRUE,FALSE,FALSE
"GENE0729","GENE0729_HUMAN","P62585","Protein GENE0729",-0.1301,0.357575,0.150008,0.2942,0.8239,5,5,FALSE,TRUE,FALSE
"TRIP4","TRIP4_HUMAN","P14666","Protein TRIP4",0.2639,0.541611,0.117972,0.7954,0.9282,2,4,FALSE,FALSE,FALSE
"GENE1216","GENE1216_HUMAN","P66333","Protein GENE1216",0.3022,0.251771,0.083181,0.494,1.08,6,6,TRUE,FALSE,FALSE
"GENE2035","GENE2035_HUMAN","P44068","Protein GENE2035",-0.0164,0.741778,0.227946,0.3667,0.6422,4,5,TRUE,FALSE,FALSE
"GENE0529","GENE0529_HUMAN","P84609","Protein GENE0529",-0.0204,1,0.685271,0,0.1641,4,5,FALSE,FALSE,FALSE
"GENE0005","GENE0005_HUMAN","P58723","Protein GENE0005",-0.1174,1,0.916363,0,0.0379,3,5,FALSE,FALSE,FALSE
"GENE1258","GENE1258_HUMAN","P77032","Protein GENE1258",-0.3325,1,0.964024,0,0.0159,4,5,FALSE,FALSE,FALSE
"GENE2378","GENE2378_HUMAN","P19689","Protein GENE2378",0.727,0.195396,0.069245,0.933,1.1596,5,5,TRUE,FALSE,FALSE
"DHX58","DHX58_HUMAN","P68447","Protein DHX58",0.1352,0.959382,0.865709,0,0.0626,5,5,FALSE,FALSE,FALSE
"GENE1629","GENE1629_HUMAN","P96369","Protein GENE1629",-0.2462,1,0.625351,0,0.2039,6,2,FALSE,FALSE,FALSE
"GENE1593","GENE1593_HUMAN","P22743","Protein GENE1593",0.187,1,0.545158,0,0.2635,2,5,FALSE,FALSE,FALSE
"GENE1259","GENE1259_HUMAN","P09237","Protein GENE1259",-0.5125,0.4651,0.244486,0.494,0.6117,5,2,FALSE,FALSE,FALSE
"GENE1287","GENE1287_HUMAN","P06365","Protein GENE1287",-0.1018,1,0.29815,0,0.5256,4,3,FALSE,TRUE,FALSE
"GENE1052","GENE1052_HUMAN","P89237","Protein GENE1052",0.1501,1,0.517633,0,0.286,4,5,FALSE,FALSE,FALSE
"GENE0684","GENE0684_HUMAN","P28359","Protein GENE0684",-0.7655,1,0.485161,0,0.3141,3,4,FALSE,FALSE,FALSE
"GENE2136","GENE2136_HUMAN","P01449","Protein GENE2136",-0.7452,1,0.859056,0,0.066,2,3,FALSE,FALSE,FALSE
"GENE0259","GENE0259_HUMAN","P60199","Protein GENE0259",-0.1505,1,0.708793,0,0.1495,2,2,FALSE,FALSE,FALSE
"GENE1755","GENE1755_HUMAN","P49069","Protein GENE1755",0.251,0.443866,0.281009,0.3084,0.5513,5,5,FALSE,FALSE,FALSE
"GENE0206","GENE0206_HUMAN","P70622","Protein GENE0206",-0.8535,1,0.777361,0,0.1094,5,4,FALSE,FALSE,FALSE
"GENE1035","GENE1035_HUMAN","P49229","Protein GENE1035",-0.0275,1,0.699743,0,0.1551,6,5,FALSE,FALSE,FALSE
"GENE1683","GENE1683_HUMAN","P21060","Protein GENE1683",-0.0359,1,0.720881,0,0.1421,6,6,FALSE,FALSE,FALSE
"GENE0800","GENE0800_HUMAN","P36781","Protein GENE0800",0.1098,1,0.537638,0,0.2695,5,4,FALSE,FALSE,FALSE
"GENE2419","GENE2419_HUMAN","P40087","Protein GENE2419",-0.1314,1,0.9793,0,0.0091,5,6,FALSE,FALSE,FALSE
"GENE0273","GENE0273_HUMAN","P74876","Protein GENE0273",-0.3308,1,0.524469,0,0.2803,4,3,FALSE,FALSE,FALSE
"GENE1481","GENE1481_HUMAN","P45050","Protein GENE1481",-0.3533,0.15348,0.111148,0.2622,0.9541,5,6,FALSE,FALSE,FALSE
"GENE2235","GENE2235_HUMAN","P97332","Protein GENE2235",3.4818,0.054915,0.019186,1.57,1.717,5,3,FALSE,FALSE,TRUE
"GENE1128","GENE1128_HUMAN","P10381","Protein GENE1128",-0.0476,1,0.974758,0,0.0111,4,4,FALSE,FALSE,FALSE
"GENE2847","GENE2847_HUMAN","P96282","Protein GENE2847",0.1364,0.31985,0.240723,0.0585,0.6185,5,6,FALSE,FALSE,FALSE
"GENE2223","GENE2223_HUMAN","P65486","Protein GENE2223",1.9256,0.213909,0.045368,1.078,1.3432,5,6,FALSE,FALSE,TRUE
"GENE2864","GENE2864_HUMAN","P84430","Protein GENE2864",0.1518,1,0.787984,0,0.1035,2,4,TRUE,FALSE,FALSE
"GENE0356","GENE0356_HUMAN","P73883","Protein GENE0356",0.6447,1,0.495691,0.0488,0.3048,2,3,FALSE,FALSE,FALSE
"GENE0429","GENE0429_HUMAN","P87239","Protein GENE0429",-0.6129,0.431184,0.289754,0.2719,0.538,3,3,FALSE,FALSE,FALSE
"GENE0444","GENE0444_HUMAN","P83790","Protein GENE0444",-0.164,0.546329,0.142716,0.1916,0.8455,4,4,FALSE,FALSE,FALSE
"GENE1870","GENE1870_HUMAN","P09514","Protein GENE1870",-0.6714,0.540321,0.322823,0,0.491,6,2,FALSE,FALSE,FALSE
"GENE0407","GENE0407_HUMAN","P79531","Protein GENE0407",-0.207,0.798369,0.347491,7e-04,0.4591,2,4,TRUE,FALSE,FALSE
"GENE1020","GENE1020_HUMAN","P68073","Protein GENE1020",0.3487,1,0.926174,0,0.0333,3,2,FALSE,FALSE,FALSE
"GENE0768","GENE0768_HUMAN","P07006","Protein GENE0768",-0.626,0.049526,0.017771,1.0645,1.7503,4,6,FALSE,FALSE,TRUE
"GENE2424","GENE2424_HUMAN","P49483","Protein GENE2424",-0.6497,0.985499,0.268295,0.1364,0.5714,2,4,TRUE,FALSE,FALSE
"GENE0560","GENE0560_HUMAN","P42167","Protein GENE0560",0.0692,1,0.761314,0,0.1184,3,3,TRUE,FALSE,FALSE
"GENE1444","GENE1444_HUMAN","P68881","Protein GENE1444",-0.2079,0.436365,0.400678,0.2519,0.3972,3,5,FALSE,FALSE,FALSE
"GENE2831","GENE2831_HUMAN","P24811","Protein GENE2831",0.0825,1,0.869482,0,0.0607,5,5,FALSE,FALSE,FALSE
"GENE0738","GENE0738_HUMAN","P44940","Protein GENE0738",-0.2301,1,0.492522,0,0.3076,3,5,FALSE,TRUE,FALSE
"GENE1325","GENE1325_HUMAN","P49803","Protein GENE1325",0.4016,1,0.385173,0,0.4143,2,2,FALSE,FALSE,FALSE
"GENE1193","GENE1193_HUMAN","P75988","Protein GENE1193",-0.2251,1,0.737976,0,0.132,4,2,TRUE,FALSE,FALSE
"GENE2295","GENE2295_HUMAN","P58121","Protein GENE2295",-0.5655,1,0.492031,0,0.308,2,6,FALSE,FALSE,FALSE
"GENE2772","GENE2772_HUMAN","P54340","Protein GENE2772",-0.195,0.180379,0.092314,0.9564,1.0347,6,3,FALSE,FALSE,FALSE
"GENE0372","GENE0372_HUMAN","P61011","Protein GENE0372",-0.7612,0.474158,0.214974,0.2888,0.6676,4,3,FALSE,FALSE,FALSE
"GENE0498","GENE0498_HUMAN","P95424","Protein GENE0498",-0.0285,1,0.838885,0,0.0763,6,3,FALSE,FALSE,FALSE
"GENE0051","GENE0051_HUMAN","P64747","Protein GENE0051",0.3787,0.624658,0.450232,0.2055,0.3466,2,3,FALSE,FALSE,FALSE
"GENE1058","GENE1058_HUMAN","P76205","Protein GENE1058",0.2458,0.682452,0.160127,0.3834,0.7955,4,5,FALSE,FALSE,FALSE
"GENE1157","GENE1157_HUMAN","P36162","Protein GENE1157",-0.195,1,0.697019,0,0.1568,4,6,FALSE,TRUE,FALSE
"GENE0462","GENE0462_HUMAN","P43579","Protein GENE0462",-0.2157,1,0.79813,0,0.0979,4,2,FALSE,TRUE,FALSE
"GENE0753","GENE0753_HUMAN","P10996","Protein GENE0753",0.311,0.414584,0.117134,0.258,0.9313,3,3,TRUE,FALSE,FALSE
"GENE0138","GENE0138_HUMAN","P51710","Protein GENE0138",-0.2921,0.50986,0.155779,0.6354,0.8075,4,5,FALSE,FALSE,FALSE
"GENE0008","GENE0008_HUMAN","P83838","Protein GENE0008",-0.3693,1,0.637928,0,0.1952,4,6,FALSE,FALSE,FALSE
"GENE2152","GENE2152_HUMAN","P89629","Protein GENE2152",0.8103,1,0.869425,0,0.0608,6,5,FALSE,FALSE,FALSE
"GENE2105","GENE2105_HUMAN","P23272","Protein GENE2105",0.2569,0.699397,0.302965,0.0044,0.5186,5,4,FALSE,FALSE,FALSE
"GENE2591","GENE2591_HUMAN","P78196","Protein GENE2591",0.4657,1,0.821891,0,0.0852,6,2,FALSE,FALSE,FALSE
"GENE2156","GENE2156_HUMAN","P18510","Protein GENE2156",0.442,0.196029,0.092486,0.6987,1.0339,3,3,FALSE,FALSE,FALSE
"GENE1900","GENE1900_HUMAN","P59275","Protein GENE1900",-0.0855,0.519145,0.229478,0.1256,0.6393,2,4,FALSE,FALSE,FALSE
"GENE0287","GENE0287_HUMAN","P69020","Protein GENE0287",0.0801,1,0.346444,0,0.4604,5,2,TRUE,FALSE,FALSE
"GENE2005","GENE2005_HUMAN","P98066","Protein GENE2005",0.6256,1,0.743737,0,0.1286,6,4,FALSE,FALSE,FALSE
"GENE0101","GENE0101_HUMAN","P74566","Protein GENE0101",0.1951,1,0.886546,0,0.0523,3,5,FALSE,FALSE,FALSE
"GENE0337","GENE0337_HUMAN","P71769","Protein GENE0337",0.5367,1,0.697919,0,0.1562,6,5,FALSE,FALSE,FALSE
"GENE0706","GENE0706_HUMAN","P35008","Protein GENE0706",-0.1773,1,0.753531,0,0.1229,6,6,FALSE,FALSE,FALSE
"GENE1213","GENE1213_HUMAN","P52058","Protein GENE1213",1.0388,0.532068,0.132796,0.4318,0.8768,3,5,TRUE,FALSE,FALSE
"GENE1918","GENE1918_HUMAN","P68991","Protein GENE1918",-0.0619,1,0.729652,0,0.1369,6,3,FALSE,FALSE,FALSE
"GENE2466","GENE2466_HUMAN","P17038","Protein GENE2466",-1.9692,0.128389,0.029791,1.116,1.5259,6,3,FALSE,TRUE,TRUE
"GENE2717","GENE2717_HUMAN","P07882","Protein GENE2717",0.0188,1,0.788727,0,0.1031,2,5,FALSE,FALSE,FALSE
"GENE2596","GENE2596_HUMAN","P45892","Protein GENE2596",-0.8721,1,0.918157,0,0.0371,3,5,FALSE,FALSE,FALSE
"GENE1876","GENE1876_HUMAN","P53196","Protein GENE1876",-0.6873,0.360257,0.110179,0.4454,0.9579,4,6,FALSE,FALSE,FALSE
"GENE0964","GENE0964_HUMAN","P10188","Protein GENE0964",0.0353,1,0.522759,0,0.2817,4,3,FALSE,FALSE,FALSE
"GENE0506","GENE0506_HUMAN","P53506","Protein GENE0506",0.1843,1,0.870956,0,0.06,4,5,FALSE,FALSE,FALSE
"GENE1377","GENE1377_HUMAN","P41438","Protein GENE1377",0.6024,0.104058,0.094398,0.5621,1.025,3,2,FALSE,FALSE,FALSE
"GENE0235","GENE0235_HUMAN","P29145","Protein GENE0235",0.0089,0.702944,0.279434,0.1872,0.5537,4,2,TRUE,FALSE,FALSE
"GENE0294","GENE0294_HUMAN","P56609","Protein GENE0294",-0.1305,1,0.695706,0,0.1576,6,6,FALSE,FALSE,FALSE
"GENE0704","GENE0704_HUMAN","P31252","Protein GENE0704",-1.0627,0.142101,0.031256,0.9851,1.5051,4,5,FALSE,FALSE,TRUE
"GENE2677","GENE2677_HUMAN","P29741","Protein GENE2677",-0.0406,0.354812,0.100933,0.5156,0.996,3,4,FALSE,FALSE,FALSE
"GENE0639","GENE0639_HUMAN","P71354","Protein GENE0639",0.0537,1,0.819287,0,0.0866,4,4,FALSE,FALSE,FALSE
"GENE1884","GENE1884_HUMAN","P09052","Protein GENE1884",-0.2345,1,0.591564,0,0.228,5,4,FALSE,TRUE,FALSE
"GENE0490","GENE0490_HUMAN","P00454","Protein GENE0490",-0.5168,1,0.699915,0,0.155,2,3,TRUE,FALSE,FALSE
"GENE2073","GENE2073_HUMAN","P48199","Protein GENE2073",-0.6927,0.318184,0.124627,0.4902,0.9044,4,6,TRUE,FALSE,FALSE
"GENE0027","GENE0027_HUMAN","P31842","Protein GENE0027",0.2698,1,0.697045,0.0493,0.1567,2,4,FALSE,FALSE,FALSE
"GENE1044","GENE1044_HUMAN","P02062","Protein GENE1044",-0.6232,0.580209,0.295825,0.0544,0.529,2,4,FALSE,FALSE,FALSE
"GENE2696","GENE2696_HUMAN","P45139","Protein GENE2696",-0.3374,1,0.675859,0,0.1701,6,3,TRUE,FALSE,FALSE
"GENE1673","GENE1673_HUMAN","P25669","Protein GENE1673",-0.6155,0.757235,0.222341,0.311,0.653,5,6,FALSE,FALSE,FALSE
"GENE1907","GENE1907_HUMAN","P81887","Protein GENE1907",0.0547,1,0.939732,0,0.027,3,6,FALSE,FALSE,FALSE
"GENE2049","GENE2049_HUMAN","P29672","Protein GENE2049",-0.3736,0.172501,0.166767,0.0797,0.7779,4,2,FALSE,FALSE,FALSE
"GENE2423","GENE2423_HUMAN","P44679","Protein GENE2423",0.3101,0.980344,0.231205,0.0205,0.636,3,5,FALSE,FALSE,FALSE
"GENE0640","GENE0640_HUMAN","P25314","Protein GENE0640",0.053,0.918641,0.208951,0.1197,0.68,2,5,FALSE,FALSE,FALSE
"GENE1191","GENE1191_HUMAN","P85056","Protein GENE1191",0.6328,0.59503,0.459332,0,0.3379,4,4,FALSE,FALSE,FALSE
"GENE0697","GENE0697_HUMAN","P62158","Protein GENE0697",-0.1494,1,0.638059,0,0.1951,4,4,FALSE,FALSE,FALSE
"GENE0654","GENE0654_HUMAN","P44437","Protein GENE0654",-0.1406,1,0.88953,0,0.0508,2,4,FALSE,TRUE,FALSE
"GENE0124","GENE0124_HUMAN","P79222","Protein GENE0124",-0.0849,1,0.442968,0,0.3536,6,5,FALSE,FALSE,FALSE
"GENE1374","GENE1374_HUMAN","P56161","Protein GENE1374",-0.1653,1,0.71622,0,0.145,6,3,FALSE,TRUE,FALSE
"GENE2602","GENE2602_HUMAN","P14642","Protein GENE2602",-0.0128,0.630552,0.354491,0,0.4504,2,4,FALSE,FALSE,FALSE
"GENE1284","GENE1284_HUMAN","P48327","Protein GENE1284",0.2884,0.485233,0.44939,0,0.3474,4,5,FALSE,FALSE,FALSE
"GENE0302","GENE0302_HUMAN","P23438","Protein GENE0302",0.5075,0.844546,0.458931,0.2048,0.3383,5,2,FALSE,FALSE,FALSE
"GENE0580","GENE0580_HUMAN","P76365","Protein GENE0580",0.3795,1,0.561397,0,0.2507,5,4,TRUE,FALSE,FALSE
"GENE0526","GENE0526_HUMAN","P73496","Protein GENE0526",0.0156,0.994946,0.439968,0,0.3566,3,2,FALSE,FALSE,FALSE
"GENE0128","GENE0128_HUMAN","P37609","Protein GENE0128",0.2123,1,0.286614,0,0.5427,6,2,FALSE,FALSE,FALSE
"GENE2789","GENE2789_HUMAN","P58179","Protein GENE2789",-0.4031,1,0.891611,0,0.0498,5,6,FALSE,FALSE,FALSE
"GENE0652","GENE0652_HUMAN","P95565","Protein GENE0652",-0.6465,0.754364,0.17237,0.4197,0.7635,6,6,FALSE,FALSE,FALSE
"GENE2117","GENE2117_HUMAN","P80844","Protein GENE2117",1.8035,0.064357,0.017659,1.3451,1.753,6,3,FALSE,FALSE,TRUE
"GENE2408","GENE2408_HUMAN","P99286","Protein GENE2408",0.3307,1,0.881282,0,0.0549,4,6,FALSE,FALSE,FALSE
"GENE2003","GENE2003_HUMAN","P65548","Protein GENE2003",-0.8107,1,0.322606,0,0.4913,5,5,FALSE,FALSE,FALSE
"GENE2678","GENE2678_HUMAN","P40350","Protein GENE2678",0.8853,1,0.26673,0.3309,0.5739,5,2,FALSE,FALSE,FALSE
"GENE2589","GENE2589_HUMAN","P78408","Protein GENE2589",-1.7997,0.198741,0.041941,0.862,1.3774,5,6,FALSE,FALSE,TRUE
"GENE0470","GENE0470_HUMAN","P59255","Protein GENE0470",0.4847,1,0.514421,0,0.2887,5,5,FALSE,FALSE,FALSE
"GENE0611","GENE0611_HUMAN","P12998","Protein GENE0611",0.0542,0.847162,0.379963,0,0.4203,5,2,FALSE,FALSE,FALSE
"GENE1968","GENE1968_HUMAN","P59209","Protein GENE1968",-0.1583,1,0.96798,0,0.0141,4,4,FALSE,FALSE,FALSE
"GENE2793","GENE2793_HUMAN","P90164","Protein GENE2793",-0.0586,0.394369,0.278871,0.1914,0.5546,5,4,FALSE,FALSE,FALSE
"GENE0070","GENE0070_HUMAN","P59545","Protein GENE0070",-0.3855,1,0.343185,0,0.4645,6,2,FALSE,FALSE,FALSE
"GENE0477","GENE0477_HUMAN","P59293","Protein GENE0477",0.2372,1,0.932777,0,0.0302,5,5,FALSE,FALSE,FALSE
"GENE0192","GENE0192_HUMAN","P47419","Protein GENE0192",0.069,1,0.602623,0,0.22,2,4,FALSE,FALSE,FALSE
"GENE1246","GENE1246_HUMAN","P74787","Protein GENE1246",0.2604,1,0.987578,0,0.0054,5,3,FALSE,FALSE,FALSE
"GENE1396","GENE1396_HUMAN","P33877","Protein GENE1396",0.2433,0.747859,0.514523,0,0.2886,6,4,TRUE,FALSE,FALSE
"GENE2280","GENE2280_HUMAN","P36439","Protein GENE2280",0.1851,1,0.783301,0,0.1061,3,4,FALSE,FALSE,FALSE
"GENE0422","GENE0422_HUMAN","P09336","Protein GENE0422",0.662,0.312806,0.16314,0.5058,0.7874,4,3,TRUE,FALSE,FALSE
"GENE0675","GENE0675_HUMAN","P70187","Protein GENE0675",-0.2209,0.182768,0.125612,0.4486,0.901,2,6,FALSE,FALSE,FALSE
"GENE2489","GENE2489_HUMAN","P26813","Protein GENE2489",-0.0712,1,0.512092,0.2107,0.2907,2,3,FALSE,FALSE,FALSE
"GENE2791","GENE2791_HUMAN","P52477","Protein GENE2791",0.178,0.356692,0.216041,0.1143,0.6655,5,6,TRUE,FALSE,FALSE
"GENE0709","GENE0709_HUMAN","P71506","Protein GENE0709",0.3358,0.632675,0.301323,0,0.521,6,3,FALSE,FALSE,FALSE
"GENE2455","GENE2455_HUMAN","P78351","Protein GENE2455",-0.4694,1,0.986979,0,0.0057,5,3,FALSE,TRUE,FALSE
"GENE1911","GENE1911_HUMAN","P80112","Protein GENE1911",0.2219,1,0.815269,0,0.0887,3,3,FALSE,FALSE,FALSE
"GENE2232","GENE2232_HUMAN","P91189","Protein GENE2232",-0.3088,1,0.36451,0,0.4383,3,4,FALSE,FALSE,FALSE
"GENE2415","GENE2415_HUMAN","P39968","Protein GENE2415",-0.3475,1,0.764613,0,0.1166,5,2,FALSE,FALSE,FALSE
"GENE1800","GENE1800_HUMAN","P24351","Protein GENE1800",-0.5019,1,0.71359,0,0.1466,3,4,FALSE,FALSE,FALSE
"GENE2053","GENE2053_HUMAN","P20983","Protein GENE2053",0.4044,1,0.564399,0,0.2484,2,4,FALSE,FALSE,FALSE
"GENE0465","GENE0465_HUMAN","P08003","Protein GENE0465",-0.4421,1,0.838604,0,0.0764,6,2,FALSE,FALSE,FALSE
"GENE1047","GENE1047_HUMAN","P28912","Protein GENE1047",-0.1703,1,0.929012,0,0.032,3,4,FALSE,FALSE,FALSE
"GENE1684","GENE1684_HUMAN","P36932","Protein GENE1684",-0.0578,0.489383,0.254862,0,0.5937,3,5,FALSE,FALSE,FALSE
"GENE1581","GENE1581_HUMAN","P01729","Protein GENE1581",0.2694,0.99587,0.317317,0.0519,0.4985,6,3,FALSE,FALSE,FALSE
"GENE2184","GENE2184_HUMAN","P39885","Protein GENE2184",1.1447,1,0.765763,0,0.1159,2,4,FALSE,FALSE,FALSE
"GENE2024","GENE2024_HUMAN","P19398","Protein GENE2024",0.5096,1,0.375718,0.2304,0.4251,5,3,FALSE,FALSE,FALSE
"GENE0921","GENE0921_HUMAN","P00039","Protein GENE0921",0.4305,1,0.961973,0,0.0168,2,6,TRUE,FALSE,FALSE
"GENE1539","GENE1539_HUMAN","P89597","Protein GENE1539",0.4646,0.992536,0.206579,0.6202,0.6849,4,6,FALSE,FALSE,FALSE
"GENE2002","GENE2002_HUMAN","P11554","Protein GENE2002",-0.0071,1,0.688558,0,0.1621,4,2,FALSE,FALSE,FALSE
"GENE2308","GENE2308_HUMAN","P09436","Protein GENE2308",-0.5082,1,0.875969,0,0.0575,3,4,FALSE,FALSE,FALSE
"GENE1273","GENE1273_HUMAN","P88520","Protein GENE1273",0.4761,0.772069,0.576867,0.0102,0.2389,5,6,FALSE,FALSE,FALSE
"GENE2600","GENE2600_HUMAN","P56920","Protein GENE2600",-4.45,0.077769,0.016455,1.4692,1.7837,2,2,TRUE,FALSE,TRUE
"GENE0382","GENE0382_HUMAN","P60568","Protein GENE0382",-0.3408,0.30271,0.222399,0,0.6529,2,5,FALSE,FALSE,FALSE
"GENE1537","GENE1537_HUMAN","P88707","Protein GENE1537",1.6787,0.060984,0.046245,1.3222,1.3349,4,6,FALSE,FALSE,TRUE
"GENE0791","GENE0791_HUMAN","P87262","Protein GENE0791",-0.4949,1,0.395511,0.1783,0.4028,5,6,TRUE,FALSE,FALSE
"GENE0068","GENE0068_HUMAN","P65246","Protein GENE0068",0.014,0.825483,0.370485,0,0.4312,3,6,FALSE,FALSE,FALSE
"GENE2033","GENE2033_HUMAN","P74744","Protein GENE2033",-0.0587,0.177098,0.136328,0.4314,0.8654,6,6,FALSE,FALSE,FALSE
"GENE0430","GENE0430_HUMAN","P81978","Protein GENE0430",0.5568,1,0.444506,0,0.3521,5,3,FALSE,FALSE,FALSE
"GENE1244","GENE1244_HUMAN","P93820","Protein GENE1244",0.7688,1,0.576048,0,0.2395,6,2,TRUE,FALSE,FALSE
"GENE0131","GENE0131_HUMAN","P07793","Protein GENE0131",-0.8159,1,0.279513,0,0.5536,5,2,FALSE,TRUE,FALSE
"GENE1054","GENE1054_HUMAN","P63643","Protein GENE1054",0.2458,0.350443,0.150393,0.6465,0.8228,5,3,FALSE,FALSE,FALSE
"GENE0798","GENE0798_HUMAN","P47517","Protein GENE0798",-0.3695,0.72555,0.629725,0,0.2008,6,3,FALSE,FALSE,FALSE
"GENE2255","GENE2255_HUMAN","P08332","Protein GENE2255",-0.5199,0.524511,0.113517,0.5372,0.9449,2,6,FALSE,FALSE,FALSE
"GENE1018","GENE1018_HUMAN","P87758","Protein GENE1018",-0.025,0.630441,0.315207,0,0.5014,3,2,FALSE,FALSE,FALSE
"GENE2360","GENE2360_HUMAN","P93160","Protein GENE2360",0.0123,0.844138,0.251137,0,0.6001,5,2,FALSE,FALSE,FALSE
"GENE0984","GENE0984_HUMAN","P93032","Protein GENE0984",-0.5163,0.183808,0.128353,0.1935,0.8916,5,5,FALSE,FALSE,FALSE
"GENE2318","GENE2318_HUMAN","P75354","Protein GENE2318",0.3432,0.85236,0.18304,0.0578,0.7375,6,2,FALSE,FALSE,FALSE
"GENE0906","GENE0906_HUMAN","P86464","Protein GENE0906",0.6259,1,0.925243,0,0.0337,5,4,TRUE,FALSE,FALSE
"GENE0764","GENE0764_HUMAN","P88873","Protein GENE0764",-0.1005,0.758836,0.729229,0,0.1371,3,5,TRUE,FALSE,FALSE
"GENE2442","GENE2442_HUMAN","P32215","Protein GENE2442",-0.2004,0.300205,0.258736,0.3971,0.5871,6,5,FALSE,FALSE,FALSE
"GENE2724","GENE2724_HUMAN","P45031","Protein GENE2724",-0.2366,1,0.882278,0,0.0544,6,6,FALSE,FALSE,FALSE
"GENE1386","GENE1386_HUMAN","P89860","Protein GENE1386",-0.1041,1,0.848069,0.005,0.0716,4,6,FALSE,TRUE,FALSE
"GENE2519","GENE2519_HUMAN","P63782","Protein GENE2519",-0.0739,1,0.331887,0,0.479,5,3,FALSE,FALSE,FALSE
"GENE1908","GENE1908_HUMAN","P78372","Protein GENE1908",0.7571,1,0.634652,0.0839,0.1975,2,2,FALSE,FALSE,FALSE
"GENE2127","GENE2127_HUMAN","P65506","Protein GENE2127",0.1026,1,0.441281,0.0483,0.3553,4,5,FALSE,FALSE,FALSE
"GENE1973","GENE1973_HUMAN","P29749","Protein GENE1973",-0.095,1,0.664204,0,0.1777,4,3,FALSE,FALSE,FALSE
"UFL1","UFL1_HUMAN","P04701","Protein UFL1",1.6247,0.00538,0.005242,1.7338,2.2805,4,3,FALSE,FALSE,TRUE
"GENE2084","GENE2084_HUMAN","P97341","Protein GENE2084",0.4401,0.388712,0.169887,0.4568,0.7698,3,6,FALSE,TRUE,FALSE
"GENE1779","GENE1779_HUMAN","P15352","Protein GENE1779",-0.2298,0.720592,0.508839,0.0342,0.2934,4,5,FALSE,FALSE,FALSE
"GENE0769","GENE0769_HUMAN","P77933","Protein GENE0769",-0.8567,1,0.339546,0,0.4691,5,3,FALSE,FALSE,FALSE
"GENE1107","GENE1107_HUMAN","P18432","Protein GENE1107",0.5146,0.340663,0.320908,0.2756,0.4936,4,4,FALSE,FALSE,FALSE
"GENE1394","GENE1394_HUMAN","P00379","Protein GENE1394",-0.2829,0.189302,0.13355,0.2047,0.8744,3,6,FALSE,FALSE,FALSE
"GENE1740","GENE1740_HUMAN","P63364","Protein GENE1740",0.8012,0.569462,0.433051,0.2158,0.3635,6,2,TRUE,FALSE,FALSE
"GENE0609","GENE0609_HUMAN","P24614","Protein GENE0609",-0.4513,1,0.967474,0,0.0144,5,2,FALSE,FALSE,FALSE
"GENE2590","GENE2590_HUMAN","P40620","Protein GENE2590",-2.7512,0.04335,0.013944,1.2306,1.8556,4,2,FALSE,FALSE,TRUE
"GENE0139","GENE0139_HUMAN","P07757","Protein GENE0139",-0.057,1,0.957514,0,0.0189,4,6,FALSE,FALSE,FALSE
"GENE1689","GENE1689_HUMAN","P14956","Protein GENE1689",-0.7426,1,0.584115,0,0.2335,4,3,FALSE,FALSE,FALSE
"GENE2289","GENE2289_HUMAN","P24164","Protein GENE2289",0.6445,1,0.339489,0,0.4692,3,5,FALSE,TRUE,FALSE
"GENE2034","GENE2034_HUMAN","P66787","Protein GENE2034",0.6223,0.303081,0.066655,0.5429,1.1762,4,6,FALSE,FALSE,FALSE
"GENE0869","GENE0869_HUMAN","P93453","Protein GENE0869",-0.2642,1,0.70406,0,0.1524,5,6,FALSE,FALSE,FALSE
"GENE0414","GENE0414_HUMAN","P56108","Protein GENE0414",-0.4082,0.460438,0.234448,0.2987,0.63,4,5,FALSE,FALSE,FALSE
"GENE1492","GENE1492_HUMAN","P97838","Protein GENE1492",-0.6698,1,0.740498,0.0417,0.1305,3,2,FALSE,FALSE,FALSE
"GENE2161","GENE2161_HUMAN","P25799","Protein GENE2161",0.4948,1,0.43969,0,0.3569,4,3,FALSE,FALSE,FALSE
"GENE2693","GENE2693_HUMAN","P85343","Protein GENE2693",0.7201,1,0.997238,0,0.0012,4,3,FALSE,FALSE,FALSE
"GENE1025","GENE1025_HUMAN","P52852","Protein GENE1025",-2.791,0.13152,0.034996,0.7639,1.456,3,2,FALSE,FALSE,TRUE
"GENE0896","GENE0896_HUMAN","P19200","Protein GENE0896",-0.4793,0.25943,0.088936,0.5115,1.0509,5,2,FALSE,FALSE,FALSE
"GENE0765","GENE0765_HUMAN","P11199","Protein GENE0765",-0.7804,0.789715,0.224763,0.2273,0.6483,4,5,FALSE,TRUE,FALSE
"GENE0627","GENE0627_HUMAN","P24863","Protein GENE0627",-0.0808,1,0.736535,0,0.1328,5,3,FALSE,FALSE,FALSE
"GENE1934","GENE1934_HUMAN","P82843","Protein GENE1934",-0.445,0.526801,0.268038,0.0466,0.5718,2,2,FALSE,FALSE,FALSE
"GENE2572","GENE2572_HUMAN","P37192","Protein GENE2572",0.4626,0.592975,0.403708,0,0.3939,6,3,FALSE,FALSE,FALSE
"GENE0549","GENE0549_HUMAN","P54757","Protein GENE0549",0.1977,1,0.76221,0.0468,0.1179,6,4,FALSE,FALSE,FALSE
"GENE1040","GENE1040_HUMAN","P32636","Protein GENE1040",-0.3577,0.989158,0.198125,0.6292,0.7031,3,5,FALSE,FALSE,FALSE
"GENE2877","GENE2877_HUMAN","P50612","Protein GENE2877",0.6458,0.163387,0.070189,0.6326,1.1537,4,5,FALSE,FALSE,FALSE
"GENE0649","GENE0649_HUMAN","P70372","Protein GENE0649",-3.7865,0.041166,0.009441,1.3845,2.025,4,4,TRUE,FALSE,TRUE
"GENE0144","GENE0144_HUMAN","P99777","Protein GENE0144",0.1044,1,0.442544,0,0.354,5,2,FALSE,FALSE,FALSE
"GENE0854","GENE0854_HUMAN","P60688","Protein GENE0854",-0.5299,1,0.844191,0,0.0736,3,5,FALSE,FALSE,FALSE
"GENE2271","GENE2271_HUMAN","P34314","Protein GENE2271",-0.5868,0.397019,0.193602,0.2647,0.7131,5,2,TRUE,FALSE,FALSE
"GENE2586","GENE2586_HUMAN","P14156","Protein GENE2586",0.1722,1,0.457742,0.0346,0.3394,2,2,FALSE,FALSE,FALSE
"GENE0958","GENE0958_HUMAN","P84229","Protein GENE0958",-0.2758,1,0.906203,0.032,0.0428,3,2,FALSE,FALSE,FALSE
"GENE1913","GENE1913_HUMAN","P25098","Protein GENE1913",-0.1951,1,0.629818,0,0.2008,6,2,FALSE,FALSE,FALSE
"GENE2397","GENE2397_HUMAN","P74983","Protein GENE2397",-0.0902,0.080482,0.062775,1.0412,1.2022,6,2,FALSE,FALSE,FALSE
"GENE1219","GENE1219_HUMAN","P52973","Protein GENE1219",0.2358,1,0.286214,0,0.5433,2,3,TRUE,FALSE,FALSE
"GENE2039","GENE2039_HUMAN","P79602","Protein GENE2039",-0.0543,0.60801,0.328869,0,0.483,5,5,FALSE,FALSE,FALSE
"GENE1371","GENE1371_HUMAN","P84350","Protein GENE1371",-0.0253,1,0.744884,0,0.1279,2,3,FALSE,FALSE,FALSE
"GENE1279","GENE1279_HUMAN","P43307","Protein GENE1279",-0.1603,1,0.618939,0,0.2084,5,5,FALSE,TRUE,FALSE
"GENE1202","GENE1202_HUMAN","P13934","Protein GENE1202",-0.0965,1,0.795736,0,0.0992,3,2,FALSE,FALSE,FALSE
"GENE2555","GENE2555_HUMAN","P64045","Protein GENE2555",-0.1113,0.251209,0.156043,0.782,0.8068,2,6,FALSE,FALSE,FALSE
"GENE2826","GENE2826_HUMAN","P26458","Protein GENE2826",0.1548,0.464935,0.416744,0.2937,0.3801,6,6,FALSE,FALSE,FALSE
"GENE0692","GENE0692_HUMAN","P38644","Protein GENE0692",-0.343,0.614482,0.178386,0.131,0.7486,5,4,TRUE,FALSE,FALSE
"GENE1434","GENE1434_HUMAN","P97718","Protein GENE1434",0.3819,0.68741,0.634691,0.0261,0.1974,6,6,FALSE,FALSE,FALSE
"PABPC1","PABPC1_HUMAN","P83039","Protein PABPC1",2.1094,0.079337,0.018799,1.5194,1.7259,3,5,FALSE,FALSE,TRUE
"GENE2513","GENE2513_HUMAN","P79078","Protein GENE2513",0.565,0.802159,0.304651,0.2312,0.5162,3,5,FALSE,FALSE,FALSE
"GENE0240","GENE0240_HUMAN","P03122","Protein GENE0240",-0.4617,1,0.967817,0,0.0142,2,5,FALSE,FALSE,FALSE
"GENE2379","GENE2379_HUMAN","P06214","Protein GENE2379",0.0951,1,0.879248,0,0.0559,2,6,FALSE,TRUE,FALSE
"GENE1674","GENE1674_HUMAN","P28256","Protein GENE1674",0.4036,0.549809,0.224397,0.1847,0.649,5,6,FALSE,FALSE,FALSE
"GENE1404","GENE1404_HUMAN","P51456","Protein GENE1404",-0.8326,0.106309,0.062271,0.5394,1.2057,2,4,FALSE,FALSE,FALSE
"GENE1958","GENE1958_HUMAN","P39168","Protein GENE1958",0.5562,1,0.673563,0,0.1716,2,2,FALSE,FALSE,FALSE
"GENE0246","GENE0246_HUMAN","P09212","Protein GENE0246",0.3734,1,0.462737,0.2914,0.3347,4,4,FALSE,FALSE,FALSE
"GENE2145","GENE2145_HUMAN","P40789","Protein GENE2145",0.2732,1,0.445777,0.1636,0.3509,2,2,FALSE,FALSE,FALSE
"GENE2558","GENE2558_HUMAN","P46401","Protein GENE2558",-0.2073,0.885785,0.404326,0,0.3933,2,2,FALSE,FALSE,FALSE
"GENE0682","GENE0682_HUMAN","P39569","Protein GENE0682",0.0639,1,0.947376,0,0.0235,3,6,FALSE,FALSE,FALSE
"GENE2082","GENE2082_HUMAN","P33956","Protein GENE2082",-0.0679,1,0.802185,0,0.0957,6,6,FALSE,FALSE,FALSE
"GENE0571","GENE0571_HUMAN","P32435","Protein GENE0571",0.3765,0.344795,0.229644,0.1435,0.6389,2,2,FALSE,FALSE,FALSE
"GENE1530","GENE1530_HUMAN","P75382","Protein GENE1530",0.2898,0.367022,0.215242,0.1894,0.6671,5,6,FALSE,FALSE,FALSE
"GENE2483","GENE2483_HUMAN","P73363","Protein GENE2483",-0.539,0.792306,0.210192,0.538,0.6774,2,3,FALSE,FALSE,FALSE
"GENE2727","GENE2727_HUMAN","P05065","Protein GENE2727",0.2271,1,0.851927,0,0.0696,5,6,FALSE,FALSE,FALSE
"GENE0375","GENE0375_HUMAN","P03227","Protein GENE0375",0.1471,1,0.903896,0,0.0439,5,4,FALSE,FALSE,FALSE
"GENE0546","GENE0546_HUMAN","P61624","Protein GENE0546",0.2597,0.998651,0.361885,0,0.4414,5,4,FALSE,FALSE,FALSE
"GENE1239","GENE1239_HUMAN","P57609","Protein GENE1239",0.2705,1,0.867101,0,0.0619,6,3,FALSE,FALSE,FALSE
"GENE0892","GENE0892_HUMAN","P13625","Protein GENE0892",-0.7555,1,0.477819,0,0.3207,3,5,FALSE,FALSE,FALSE
"GENE0267","GENE0267_HUMAN","P64507","Protein GENE0267",0.4699,0.733864,0.353007,0.0283,0.4522,3,2,FALSE,FALSE,FALSE
"GENE2046","GENE2046_HUMAN","P65239","Protein GENE2046",0.0535,0.73532,0.296239,0.0913,0.5284,3,3,FALSE,FALSE,FALSE
"GENE1294","GENE1294_HUMAN","P08645","Protein GENE1294",-0.1208,0.979053,0.403077,0,0.3946,3,3,FALSE,FALSE,FALSE
"GENE1687","GENE1687_HUMAN","P73888","Protein GENE1687",-0.431,1,0.841999,0,0.0747,3,2,FALSE,FALSE,FALSE
"GENE0398","GENE0398_HUMAN","P86794","Protein GENE0398",0.6237,1,0.309398,0.5002,0.5095,2,6,FALSE,FALSE,FALSE
"GENE1682","GENE1682_HUMAN","P14184","Protein GENE1682",-0.2771,1,0.310575,0,0.5078,6,4,FALSE,FALSE,FALSE
"GENE1866","GENE1866_HUMAN","P18030","Protein GENE1866",-0.6051,1,0.558298,0,0.2531,2,2,FALSE,TRUE,FALSE
"GENE0954","GENE0954_HUMAN","P33354","Protein GENE0954",-0.1476,0.863745,0.217885,0.2274,0.6618,3,4,FALSE,FALSE,FALSE
"GENE0568","GENE0568_HUMAN","P77262","Protein GENE0568",-0.1307,1,0.703154,0,0.1529,4,3,FALSE,FALSE,FALSE
"GENE1933","GENE1933_HUMAN","P30027","Protein GENE1933",0.3029,0.213575,0.061258,0.536,1.2128,5,4,FALSE,FALSE,FALSE
"GENE0284","GENE0284_HUMAN","P96135","Protein GENE0284",-0.1054,1,0.4799,0,0.3188,2,6,FALSE,FALSE,FALSE
"GENE2020","GENE2020_HUMAN","P54935","Protein GENE2020",0.0962,1,0.989645,0,0.0045,4,6,FALSE,TRUE,FALSE
"GENE0010","GENE0010_HUMAN","P56148","Protein GENE0010",0.2507,1,0.441352,0,0.3552,5,4,FALSE,FALSE,FALSE
"GENE0891","GENE0891_HUMAN","P80348","Protein GENE0891",0.2929,1,0.46646,0,0.3312,5,4,FALSE,FALSE,FALSE
"GENE0063","GENE0063_HUMAN","P07967","Protein GENE0063",-0.006,0.358593,0.168006,0.1152,0.7747,5,3,FALSE,FALSE,FALSE
"GENE1664","GENE1664_HUMAN","P35460","Protein GENE1664",0.0017,0.644974,0.14586,0.6406,0.8361,2,2,FALSE,FALSE,FALSE
"GENE2462","GENE2462_HUMAN","P38402","Protein GENE2462",-0.0508,1,0.89586,0,0.0478,3,4,FALSE,FALSE,FALSE
"GENE1129","GENE1129_HUMAN","P49693","Protein GENE1129",-0.1384,1,0.437339,0,0.3592,3,5,FALSE,FALSE,FALSE
"GENE2327","GENE2327_HUMAN","P95471","Protein GENE2327",-0.7782,0.374164,0.112291,0.7305,0.9497,2,3,FALSE,FALSE,FALSE
"GENE1501","GENE1501_HUMAN","P75796","Protein GENE1501",0.7639,0.438682,0.088365,0.7661,1.0537,3,3,FALSE,FALSE,FALSE
"GENE1717","GENE1717_HUMAN","P62028","Protein GENE1717",-0.4019,1,0.89227,0,0.0495,2,6,FALSE,FALSE,FALSE
"GENE0175","GENE0175_HUMAN","P66586","Protein GENE0175",0.2136,1,0.922345,0,0.0351,4,4,FALSE,FALSE,FALSE
"GENE1332","GENE1332_HUMAN","P22202","Protein GENE1332",-0.2015,1,0.980571,0,0.0085,4,3,FALSE,TRUE,FALSE
"GENE0924","GENE0924_HUMAN","P71330","Protein GENE0924",-0.307,0.707157,0.617704,0,0.2092,6,3,FALSE,FALSE,FALSE
"GENE1117","GENE1117_HUMAN","P46395","Protein GENE1117",-0.2185,1,0.424993,0,0.3716,2,6,FALSE,FALSE,FALSE
"GENE1902","GENE1902_HUMAN","P96972","Protein GENE1902",0.4994,1,0.600635,0,0.2214,2,2,FALSE,FALSE,FALSE
"GENE0957","GENE0957_HUMAN","P65530","Protein GENE0957",-0.0944,1,0.377715,0,0.4228,4,5,FALSE,FALSE,FALSE
"GENE2624","GENE2624_HUMAN","P81647","Protein GENE2624",-0.2903,1,0.762159,0,0.118,5,6,FALSE,FALSE,FALSE
"GENE0595","GENE0595_HUMAN","P65753","Protein GENE0595",-1.166,0.98678,0.493072,0,0.3071,4,3,FALSE,FALSE,FALSE
"GENE1060","GENE1060_HUMAN","P33694","Protein GENE1060",-0.5334,1,0.899269,0,0.0461,2,3,FALSE,FALSE,FALSE
"GENE0678","GENE0678_HUMAN","P26971","Protein GENE0678",-0.4379,0.959969,0.251841,0.069,0.5989,5,2,FALSE,FALSE,FALSE
"GENE2646","GENE2646_HUMAN","P27207","Protein GENE2646",-0.3599,1,0.606528,0,0.2171,4,5,FALSE,FALSE,FALSE
"GENE2306","GENE2306_HUMAN","P57769","Protein GENE2306",0.3171,1,0.302734,0.1522,0.5189,3,4,FALSE,FALSE,FALSE
"GENE2376","GENE2376_HUMAN","P06220","Protein GENE2376",-0.5068,0.184229,0.12245,0.5989,0.912,3,6,FALSE,FALSE,FALSE
"GENE2162","GENE2162_HUMAN","P30633","Protein GENE2162",0.1649,1,0.481612,0,0.3173,5,4,FALSE,FALSE,FALSE
"GENE0167","GENE0167_HUMAN","P14377","Protein GENE0167",-0.1654,0.486735,0.176051,0.1954,0.7544,5,5,FALSE,FALSE,FALSE
"GENE2009","GENE2009_HUMAN","P54805","Protein GENE2009",-0.4028,0.846971,0.410766,0.1773,0.3864,5,5,FALSE,FALSE,FALSE
"GENE0757","GENE0757_HUMAN","P01062","Protein GENE0757",0.226,1,0.497153,0.071,0.3035,6,6,FALSE,FALSE,FALSE
"GENE1463","GENE1463_HUMAN","P78840","Protein GENE1463",0.7784,0.941885,0.658125,0,0.1817,3,2,FALSE,FALSE,FALSE
"GENE1373","GENE1373_HUMAN","P00216","Protein GENE1373",0.3547,1,0.915363,0,0.0384,6,4,FALSE,FALSE,FALSE
"GENE2559","GENE2559_HUMAN","P23329","Protein GENE2559",0.4618,1,0.955597,0,0.0197,2,4,FALSE,FALSE,FALSE
"GENE2149","GENE2149_HUMAN","P58533","Protein GENE2149",-0.0683,1,0.612631,0,0.2128,5,5,FALSE,FALSE,FALSE
"GENE1491","GENE1491_HUMAN","P92547","Protein GENE1491",-0.3013,1,0.55228,0,0.2578,5,6,FALSE,FALSE,FALSE
"GENE2876","GENE2876_HUMAN","P37321","Protein GENE2876",-0.111,0.783222,0.61189,0,0.2133,5,6,FALSE,FALSE,FALSE
"GENE2190","GENE2190_HUMAN","P02948","Protein GENE2190",0.074,0.59292,0.210923,0.1492,0.6759,5,3,FALSE,FALSE,FALSE
"GENE1668","GENE1668_HUMAN","P49261","Protein GENE1668",-0.4509,1,0.487335,0,0.3122,6,4,FALSE,FALSE,FALSE
"GENE2297","GENE2297_HUMAN","P00078","Protein GENE2297",0.2987,0.85604,0.270881,0.0752,0.5672,5,3,FALSE,FALSE,FALSE
"GENE1940","GENE1940_HUMAN","P29582","Protein GENE1940",-0.0661,1,0.298077,0.0589,0.5257,6,3,FALSE,FALSE,FALSE
"GENE2160","GENE2160_HUMAN","P74147","Protein GENE2160",0.6022,1,0.934339,0,0.0295,5,5,FALSE,FALSE,FALSE
"GENE0528","GENE0528_HUMAN","P01522","Protein GENE0528",3.3883,0.028507,0.012731,1.6561,1.8951,3,3,FALSE,TRUE,TRUE
"GENE1709","GENE1709_HUMAN","P23351","Protein GENE1709",-0.2191,0.820705,0.369077,0,0.4329,2,2,FALSE,FALSE,FALSE
"GENE1926","GENE1926_HUMAN","P60439","Protein GENE1926",-0.2347,1,0.72482,0.0604,0.1398,5,3,FALSE,FALSE,FALSE
"GENE2087","GENE2087_HUMAN","P66938","Protein GENE2087",0.5915,1,0.437988,0,0.3585,4,5,FALSE,FALSE,FALSE
"GENE0813","GENE0813_HUMAN","P28252","Protein GENE0813",-0.5042,0.279328,0.081673,0.5256,1.0879,2,6,FALSE,FALSE,FALSE
"GENE0157","GENE0157_HUMAN","P64069","Protein GENE0157",-0.7453,1,0.36968,0.2205,0.4322,4,2,FALSE,FALSE,FALSE
"GENE1531","GENE1531_HUMAN","P96360","Protein GENE1531",0.0408,1,0.963842,0,0.016,4,6,FALSE,FALSE,FALSE
"GENE0645","GENE0645_HUMAN","P05512","Protein GENE0645",0.3584,0.96571,0.225812,0.0314,0.6463,5,4,FALSE,FALSE,FALSE
"GENE1085","GENE1085_HUMAN","P85430","Protein GENE1085",-0.2551,0.365335,0.085909,1.0374,1.066,2,6,FALSE,FALSE,FALSE
"GENE1641","GENE1641_HUMAN","P64057","Protein GENE1641",0.2194,1,0.540903,0,0.2669,6,2,FALSE,FALSE,FALSE
"GENE0220","GENE0220_HUMAN","P21373","Protein GENE0220",0.4154,1,0.774186,0,0.1112,4,2,FALSE,FALSE,FALSE
"EP300","EP300_HUMAN","P65041","Protein EP300",3.1748,0.02942,0.009706,1.6042,2.0129,5,4,FALSE,FALSE,TRUE
"GENE1928","GENE1928_HUMAN","P02011","Protein GENE1928",-0.433,1,0.659964,0,0.1805,2,5,FALSE,FALSE,FALSE
"GENE1075","GENE1075_HUMAN","P08534","Protein GENE1075",-1.0684,1,0.575092,0,0.2403,6,6,FALSE,TRUE,FALSE
"GENE0011","GENE0011_HUMAN","P71899","Protein GENE0011",0.3197,0.702483,0.258276,0,0.5879,2,5,FALSE,FALSE,FALSE
"GENE0085","GENE0085_HUMAN","P57875","Protein GENE0085",-0.3768,1,0.583972,0.0423,0.2336,5,5,FALSE,FALSE,FALSE
"GENE1543","GENE1543_HUMAN","P52307","Protein GENE1543",0.0379,1,0.762845,0,0.1176,3,4,FALSE,FALSE,FALSE
"GENE1181","GENE1181_HUMAN","P74449","Protein GENE1181",-0.5106,0.225444,0.047237,0.8179,1.3257,3,6,FALSE,FALSE,TRUE
"GENE2599","GENE2599_HUMAN","P29163","Protein GENE2599",0.3811,1,0.722494,0,0.1412,3,2,FALSE,FALSE,FALSE
"GENE2150","GENE2150_HUMAN","P00032","Protein GENE2150",0.2307,0.686279,0.149216,0.4973,0.8262,2,6,FALSE,FALSE,FALSE
"GENE2750","GENE2750_HUMAN","P00853","Protein GENE2750",0.7586,1,0.88443,0,0.0533,2,4,FALSE,FALSE,FALSE
"GENE1812","GENE1812_HUMAN","P56666","Protein GENE1812",0.1253,0.50255,0.311034,0,0.5072,4,3,FALSE,FALSE,FALSE
"GENE1644","GENE1644_HUMAN","P23026","Protein GENE1644",-0.1766,0.26763,0.200905,0.2001,0.697,6,4,FALSE,FALSE,FALSE
"GENE2395","GENE2395_HUMAN","P19639","Protein GENE2395",-0.0794,0.76376,0.715043,0,0.1457,4,4,FALSE,FALSE,FALSE
"GENE0511","GENE0511_HUMAN","P89411","Protein GENE0511",-0.3089,1,0.912895,0,0.0396,6,5,FALSE,FALSE,FALSE
"GENE0833","GENE0833_HUMAN","P69169","Protein GENE0833",-0.043,1,0.89965,0,0.0459,6,5,FALSE,FALSE,FALSE
"GENE1342","GENE1342_HUMAN","P02380","Protein GENE1342",-0.0031,1,0.99239,0,0.0033,4,3,FALSE,FALSE,FALSE
"GENE0772","GENE0772_HUMAN","P27061","Protein GENE0772",0.4323,1,0.868467,0,0.0612,2,4,FALSE,FALSE,FALSE
"GENE0760","GENE0760_HUMAN","P42332","Protein GENE0760",-0.022,0.174376,0.067855,0.515,1.1684,2,6,FALSE,FALSE,FALSE
"GENE1447","GENE1447_HUMAN","P94373","Protein GENE1447",-0.3243,0.599401,0.166521,0.1447,0.7785,4,3,FALSE,FALSE,FALSE
"GENE1702","GENE1702_HUMAN","P40845","Protein GENE1702",0.0935,1,0.680221,0,0.1673,4,4,FALSE,FALSE,FALSE
"UFSP2","UFSP2_HUMAN","P82588","Protein UFSP2",1.7401,0.060048,0.037379,0.9858,1.4274,5,3,FALSE,FALSE,TRUE
"GENE1655","GENE1655_HUMAN","P70903","Protein GENE1655",0.8098,0.195674,0.07325,0.6008,1.1352,3,5,FALSE,FALSE,FALSE
"GENE0265","GENE0265_HUMAN","P56409","Protein GENE0265",0.3036,0.158531,0.157722,0.2237,0.8021,3,2,FALSE,FALSE,FALSE
"GENE2610","GENE2610_HUMAN","P50595","Protein GENE2610",-0.1925,1,0.7525,0,0.1235,5,6,FALSE,FALSE,FALSE
"GENE0903","GENE0903_HUMAN","P69217","Protein GENE0903",0.4052,1,0.818994,0,0.0867,4,4,FALSE,FALSE,FALSE
"GENE2603","GENE2603_HUMAN","P65034","Protein GENE2603",-0.0403,1,0.78671,0,0.1042,6,2,FALSE,FALSE,FALSE
"GENE0625","GENE0625_HUMAN","P27237","Protein GENE0625",-0.1907,0.810323,0.18616,0.1469,0.7301,6,3,FALSE,TRUE,FALSE
"GENE1597","GENE1597_HUMAN","P76400","Protein GENE1597",0.3782,1,0.519397,0,0.2845,5,4,FALSE,FALSE,FALSE
"GENE0518","GENE0518_HUMAN","P58075","Protein GENE0518",0.0561,1,0.705068,0,0.1518,6,4,FALSE,FALSE,FALSE
"GENE0255","GENE0255_HUMAN","P44397","Protein GENE0255",0.3735,0.2312,0.09907,0.4368,1.0041,4,2,FALSE,FALSE,FALSE
"GENE2070","GENE2070_HUMAN","P78144","Protein GENE2070",-0.6544,1,0.491026,0,0.3089,6,4,FALSE,FALSE,FALSE
"GENE1297","GENE1297_HUMAN","P29162","Protein GENE1297",0.3388,0.621755,0.360981,0.0684,0.4425,4,6,FALSE,FALSE,FALSE
"GENE0883","GENE0883_HUMAN","P58661","Protein GENE0883",0.398,1,0.9176,0,0.0373,4,3,FALSE,FALSE,FALSE
"GENE0712","GENE0712_HUMAN","P85522","Protein GENE0712",-0.2716,1,0.445869,0.2578,0.3508,6,2,FALSE,FALSE,FALSE
"GENE1337","GENE1337_HUMAN","P90650","Protein GENE1337",-3.3952,0.054387,0.017265,1.0912,1.7628,5,2,FALSE,TRUE,TRUE
"GENE1055","GENE1055_HUMAN","P11881","Protein GENE1055",0.4856,1,0.913546,0,0.0393,2,4,FALSE,FALSE,FALSE
"GENE0018","GENE0018_HUMAN","P58831","Protein GENE0018",-0.0125,1,0.808647,0,0.0922,2,5,FALSE,TRUE,FALSE
"GENE1407","GENE1407_HUMAN","P56129","Protein GENE1407",0.8191,1,0.345453,0.1364,0.4616,5,5,TRUE,TRUE,FALSE
"GENE0701","GENE0701_HUMAN","P09320","Protein GENE0701",-0.6865,1,0.974896,0,0.011,6,2,FALSE,TRUE,FALSE
"GENE1037","GENE1037_HUMAN","P28718","Protein GENE1037",0.9707,0.482593,0.304475,0.1338,0.5164,3,2,FALSE,FALSE,FALSE
"GENE1974","GENE1974_HUMAN","P89107","Protein GENE1974",0.3073,1,0.563832,0,0.2489,2,2,FALSE,TRUE,FALSE
"GENE0510","GENE0510_HUMAN","P91420","Protein GENE0510",0.0511,0.343766,0.149624,0.1514,0.825,5,5,FALSE,FALSE,FALSE
"GENE2763","GENE2763_HUMAN","P35265","Protein GENE2763",-0.162,1,0.447089,0,0.3496,2,4,FALSE,FALSE,FALSE
"GENE0242","GENE0242_HUMAN","P60617","Protein GENE0242",-0.3671,1,0.384652,0.2214,0.4149,6,5,FALSE,FALSE,FALSE
"GENE1334","GENE1334_HUMAN","P80859","Protein GENE1334",-0.165,0.320558,0.09045,0.5985,1.0436,4,5,FALSE,FALSE,FALSE
"GENE1427","GENE1427_HUMAN","P68088","Protein GENE1427",-0.4503,0.81549,0.431519,0,0.365,3,5,FALSE,FALSE,FALSE
"GENE2541","GENE2541_HUMAN","P27441","Protein GENE2541",-0.2812,1,0.60734,0,0.2166,3,3,FALSE,FALSE,FALSE
"GENE2352","GENE2352_HUMAN","P83317","Protein GENE2352",0.8929,1,0.284307,0,0.5462,4,3,FALSE,FALSE,FALSE
"GENE1728","GENE1728_HUMAN","P59480","Protein GENE1728",-0.0262,1,0.752818,0,0.1233,2,4,FALSE,FALSE,FALSE
"GENE2641","GENE2641_HUMAN","P58439","Protein GENE2641",-0.0369,1,0.871596,0,0.0597,5,5,FALSE,FALSE,FALSE
"ASCC2","ASCC2_HUMAN","P59933","Protein ASCC2",2.9133,0.068197,0.014111,1.6736,1.8505,4,3,FALSE,FALSE,TRUE
"GENE2372","GENE2372_HUMAN","P99663","Protein GENE2372",0.2717,1,0.263418,0.0736,0.5794,6,3,FALSE,FALSE,FALSE
"GENE0775","GENE0775_HUMAN","P16779","Protein GENE0775",-0.5454,0.247243,0.100763,0.9055,0.9967,4,2,FALSE,FALSE,FALSE
"GENE0120","GENE0120_HUMAN","P27888","Protein GENE0120",-0.3945,1,0.360303,0,0.4433,4,4,FALSE,FALSE,FALSE
"GENE0176","GENE0176_HUMAN","P27098","Protein GENE0176",-0.1768,1,0.679848,0,0.1676,5,2,FALSE,FALSE,FALSE
"GENE2618","GENE2618_HUMAN","P43047","Protein GENE2618",-0.3294,1,0.394032,0,0.4045,4,5,FALSE,FALSE,FALSE
"GENE0694","GENE0694_HUMAN","P00090","Protein GENE0694",-0.1675,1,0.917688,0,0.0373,5,5,FALSE,FALSE,FALSE
"GENE1560","GENE1560_HUMAN","P27301","Protein GENE1560",-0.3131,0.760375,0.317786,0.4116,0.4979,2,6,FALSE,FALSE,FALSE
"GENE0570","GENE0570_HUMAN","P25694","Protein GENE0570",0.0506,0.967915,0.299704,0.0367,0.5233,6,5,FALSE,FALSE,FALSE
"GENE1154","GENE1154_HUMAN","P98601","Protein GENE1154",0.0475,1,0.990888,0,0.004,6,6,FALSE,FALSE,FALSE
"GENE1077","GENE1077_HUMAN","P30952","Protein GENE1077",-0.4541,0.693286,0.522002,0,0.2823,5,2,FALSE,FALSE,FALSE
"GENE2037","GENE2037_HUMAN","P07057","Protein GENE2037",-0.3782,1,0.861596,0,0.0647,4,5,FALSE,TRUE,FALSE
"GENE1637","GENE1637_HUMAN","P37340","Protein GENE1637",-0.1789,1,0.824489,0,0.0838,3,6,TRUE,TRUE,FALSE
"GENE0703","GENE0703_HUMAN","P81014","Protein GENE0703",0.6456,0.830243,0.278878,0.272,0.5546,5,5,FALSE,FALSE,FALSE
"GENE1023","GENE1023_HUMAN","P87418","Protein GENE1023",-0.2791,1,0.666169,0,0.1764,5,2,FALSE,FALSE,FALSE
"GENE1666","GENE1666_HUMAN","P69271","Protein GENE1666",0.1891,0.391637,0.101029,0.5018,0.9956,5,6,FALSE,FALSE,FALSE
"GENE0939","GENE0939_HUMAN","P97566","Protein GENE0939",-0.2749,1,0.898747,0,0.0464,2,4,TRUE,FALSE,FALSE
"GENE0438","GENE0438_HUMAN","P22582","Protein GENE0438",-0.7516,0.618709,0.335466,0.3242,0.4744,2,5,FALSE,FALSE,FALSE
"GENE2099","GENE2099_HUMAN","P88854","Protein GENE2099",-0.2481,1,0.490183,0,0.3096,5,4,TRUE,FALSE,FALSE
"GENE0178","GENE0178_HUMAN","P17225","Protein GENE0178",0.1192,1,0.469158,0,0.3287,3,4,FALSE,FALSE,FALSE
"GENE0060","GENE0060_HUMAN","P52569","Protein GENE0060",0.0107,1,0.607986,0,0.2161,6,5,FALSE,FALSE,FALSE
"GENE2670","GENE2670_HUMAN","P60900","Protein GENE2670",-0.1278,1,0.644592,0,0.1907,5,3,FALSE,FALSE,FALSE
"GENE2817","GENE2817_HUMAN","P56329","Protein GENE2817",0.524,0.5882,0.144489,0.4347,0.8402,4,5,FALSE,FALSE,FALSE
"GENE1479","GENE1479_HUMAN","P78855","Protein GENE1479",-0.3513,0.91805,0.672628,0,0.1722,4,2,FALSE,FALSE,FALSE
"GENE1566","GENE1566_HUMAN","P07049","Protein GENE1566",2.4401,0.008797,0.003569,2.0725,2.4474,2,4,FALSE,FALSE,TRUE
"GENE2303","GENE2303_HUMAN","P39096","Protein GENE2303",0.1128,1,0.856606,0,0.0672,5,6,FALSE,FALSE,FALSE
"GENE1432","GENE1432_HUMAN","P12510","Protein GENE1432",-0.6231,1,0.28119,0.2461,0.551,2,4,TRUE,FALSE,FALSE
"GENE0879","GENE0879_HUMAN","P69572","Protein GENE0879",0.2421,0.521275,0.302715,0.2978,0.519,2,4,TRUE,FALSE,FALSE
"GENE2569","GENE2569_HUMAN","P19126","Protein GENE2569",-1.62,0.157702,0.043648,1.3546,1.36,6,3,FALSE,FALSE,TRUE
"GENE0428","GENE0428_HUMAN","P04636","Protein GENE0428",-0.1292,1,0.89877,0,0.0464,6,6,FALSE,FALSE,FALSE
"GENE1255","GENE1255_HUMAN","P72310","Protein GENE1255",0.65,0.965579,0.209243,0.1194,0.6793,6,3,FALSE,FALSE,FALSE
"GENE0782","GENE0782_HUMAN","P70089","Protein GENE0782",0.6351,1,0.405624,0.268,0.3919,4,6,FALSE,FALSE,FALSE
"GENE2766","GENE2766_HUMAN","P19064","Protein GENE2766",-0.7048,0.211801,0.046254,0.6966,1.3348,4,4,FALSE,FALSE,TRUE
"GENE1562","GENE1562_HUMAN","P24911","Protein GENE1562",0.0507,0.608819,0.172162,0.1996,0.7641,2,4,FALSE,FALSE,FALSE
"GENE0127","GENE0127_HUMAN","P81535","Protein GENE0127",-0.4119,1,0.954468,0,0.0202,2,5,FALSE,FALSE,FALSE
"GENE0829","GENE0829_HUMAN","P98596","Protein GENE0829",-0.4928,0.39084,0.205513,0.6589,0.6872,3,4,FALSE,FALSE,FALSE
"GENE0739","GENE0739_HUMAN","P15371","Protein GENE0739",-0.5399,1,0.857001,0,0.067,2,3,FALSE,FALSE,FALSE
"GENE1333","GENE1333_HUMAN","P81176","Protein GENE1333",-0.6111,0.266642,0.12555,0.4252,0.9012,4,6,FALSE,FALSE,FALSE
"GENE0150","GENE0150_HUMAN","P19151","Protein GENE0150",0.3104,0.992338,0.886646,0,0.0522,3,2,FALSE,FALSE,FALSE
"GENE0358","GENE0358_HUMAN","P09575","Protein GENE0358",0.6118,0.561245,0.117003,0.6106,0.9318,6,6,FALSE,FALSE,FALSE
"GENE0987","GENE0987_HUMAN","P99684","Protein GENE0987",0.7791,0.366812,0.136055,0.2655,0.8663,3,2,FALSE,FALSE,FALSE
"GENE2114","GENE2114_HUMAN","P32809","Protein GENE2114",-0.085,1,0.873551,0,0.0587,4,2,FALSE,TRUE,FALSE
"GENE2471","GENE2471_HUMAN","P34759","Protein GENE2471",-1.029,1,0.752609,0,0.1234,3,2,FALSE,FALSE,FALSE
"GENE2052","GENE2052_HUMAN","P80784","Protein GENE2052",0.4101,1,0.711754,0,0.1477,5,5,FALSE,FALSE,FALSE
"GENE2260","GENE2260_HUMAN","P77149","Protein GENE2260",0.6808,0.776588,0.260027,0.0958,0.585,5,5,FALSE,FALSE,FALSE
"GENE2031","GENE2031_HUMAN","P80821","Protein GENE2031",0.7888,1,0.729153,0,0.1372,2,2,FALSE,FALSE,FALSE
"GENE0286","GENE0286_HUMAN","P67357","Protein GENE0286",0.3387,0.893108,0.218722,0.3549,0.6601,2,4,FALSE,TRUE,FALSE
"GENE0687","GENE0687_HUMAN","P76968","Protein GENE0687",0.4038,0.906929,0.825829,0,0.0831,5,5,FALSE,FALSE,FALSE
"GENE2479","GENE2479_HUMAN","P76262","Protein GENE2479",0.256,1,0.665764,0,0.1767,4,3,FALSE,FALSE,FALSE
"GENE1252","GENE1252_HUMAN","P15296","Protein GENE1252",-0.2605,1,0.593309,0,0.2267,2,6,FALSE,TRUE,FALSE
"GENE1642","GENE1642_HUMAN","P93328","Protein GENE1642",0.5666,0.317055,0.168561,0.1391,0.7732,6,3,FALSE,FALSE,FALSE
"GENE0448","GENE0448_HUMAN","P58223","Protein GENE0448",0.5669,0.865994,0.440257,0,0.3563,2,4,FALSE,TRUE,FALSE
"GENE0357","GENE0357_HUMAN","P09070","Protein GENE0357",-0.0388,1,0.628113,0,0.202,5,4,FALSE,FALSE,FALSE
"GENE1987","GENE1987_HUMAN","P60446","Protein GENE1987",-0.6316,0.349981,0.330909,0,0.4803,4,6,FALSE,FALSE,FALSE
"GENE0203","GENE0203_HUMAN","P57045","Protein GENE0203",0.051,0.176105,0.113192,0.2889,0.9462,4,6,FALSE,FALSE,FALSE
"GENE2079","GENE2079_HUMAN","P79804","Protein GENE2079",-0.034,1,0.531242,0,0.2747,6,3,FALSE,FALSE,FALSE
"GPATCH1","GPATCH1_HUMAN","P68675","Protein GPATCH1",-0.0213,1,0.590024,0,0.2291,3,6,FALSE,FALSE,FALSE
"GENE0445","GENE0445_HUMAN","P33978","Protein GENE0445",0.0255,0.229554,0.103163,0.3765,0.9865,5,4,FALSE,FALSE,FALSE
"GENE1478","GENE1478_HUMAN","P91643","Protein GENE1478",-0.3353,1,0.911956,0,0.04,2,3,FALSE,TRUE,FALSE
"GENE1793","GENE1793_HUMAN","P09715","Protein GENE1793",0.4212,0.754729,0.214125,0.4209,0.6693,2,5,FALSE,FALSE,FALSE
"GENE1653","GENE1653_HUMAN","P06846","Protein GENE1653",1.0435,1,0.819038,0,0.0867,5,3,FALSE,FALSE,FALSE
"GENE0691","GENE0691_HUMAN","P89468","Protein GENE0691",-0.1503,1,0.769825,0,0.1136,5,6,FALSE,FALSE,FALSE
"GENE1317","GENE1317_HUMAN","P53462","Protein GENE1317",0.0482,1,0.484207,0.1105,0.315,5,2,FALSE,FALSE,FALSE
"GENE0759","GENE0759_HUMAN","P73767","Protein GENE0759",0.2876,0.124618,0.118255,0.5318,0.9272,2,4,FALSE,FALSE,FALSE
"GENE0346","GENE0346_HUMAN","P95749","Protein GENE0346",-0.0298,1,0.764894,0,0.1164,3,3,FALSE,FALSE,FALSE
"GENE0330","GENE0330_HUMAN","P12459","Protein GENE0330",-0.3678,1,0.6508,0,0.1866,2,6,FALSE,FALSE,FALSE
"GENE0035","GENE0035_HUMAN","P28551","Protein GENE0035",-0.3868,1,0.734194,0,0.1342,2,4,FALSE,FALSE,FALSE
"GENE0725","GENE0725_HUMAN","P84532","Protein GENE0725",-0.5273,1,0.642498,0,0.1921,3,2,FALSE,FALSE,FALSE
"GENE1895","GENE1895_HUMAN","P15473","Protein GENE1895",-0.5653,0.13991,0.076951,0.8048,1.1138,6,4,FALSE,FALSE,FALSE
"GENE0376","GENE0376_HUMAN","P29973","Protein GENE0376",0.1107,0.382398,0.079278,0.6689,1.1008,2,2,FALSE,FALSE,FALSE
"GPKOW","GPKOW_HUMAN","P84300","Protein GPKOW",-0.215,0.816144,0.199919,0.3276,0.6991,2,2,FALSE,FALSE,FALSE
"GENE0797","GENE0797_HUMAN","P29915","Protein GENE0797",0.5169,1,0.795602,0,0.0993,4,2,FALSE,FALSE,FALSE
"GENE0234","GENE0234_HUMAN","P14073","Protein GENE0234",-3.7436,0.059185,0.037121,1.0908,1.4304,6,6,FALSE,FALSE,TRUE
"GENE1789","GENE1789_HUMAN","P12438","Protein GENE1789",0.1618,0.377279,0.120769,0.292,0.918,4,3,TRUE,FALSE,FALSE
"GENE0483","GENE0483_HUMAN","P08435","Protein GENE0483",-0.5067,1,0.514641,0,0.2885,5,4,TRUE,FALSE,FALSE
"GENE1028","GENE1028_HUMAN","P73831","Protein GENE1028",0.0906,1,0.639647,0,0.1941,4,6,FALSE,FALSE,FALSE
"GENE0661","GENE0661_HUMAN","P88032","Protein GENE0661",0.2407,1,0.360325,0,0.4433,3,6,FALSE,FALSE,FALSE
"GENE0160","GENE0160_HUMAN","P99705","Protein GENE0160",0.4707,0.71458,0.526962,0.0517,0.2782,3,4,TRUE,FALSE,FALSE
"GENE0718","GENE0718_HUMAN","P29624","Protein GENE0718",0.3201,1,0.97581,0,0.0106,4,4,FALSE,FALSE,FALSE
"GENE1695","GENE1695_HUMAN","P85261","Protein GENE1695",-0.361,0.798082,0.32178,0.2266,0.4924,4,3,FALSE,FALSE,FALSE
"DHX38","DHX38_HUMAN","P09326","Protein DHX38",-0.0079,1,0.891034,0,0.0501,4,5,FALSE,FALSE,FALSE
"GENE1099","GENE1099_HUMAN","P80114","Protein GENE1099",-0.6766,0.188384,0.153557,0.1268,0.8137,3,3,FALSE,FALSE,FALSE
"GENE0977","GENE0977_HUMAN","P33755","Protein GENE0977",0.6328,1,0.419001,0,0.3778,4,2,FALSE,FALSE,FALSE
"GENE2899","GENE2899_HUMAN","P80790","Protein GENE2899",0.0294,0.695714,0.174796,0.141,0.7575,6,6,FALSE,FALSE,FALSE
"GENE0819","GENE0819_HUMAN","P87894","Protein GENE0819",-0.3996,0.707864,0.171457,0.6349,0.7658,4,6,TRUE,FALSE,FALSE
"GENE0653","GENE0653_HUMAN","P74043","Protein GENE0653",-0.1556,0.367408,0.217861,0.1497,0.6618,5,3,FALSE,FALSE,FALSE
"GENE1743","GENE1743_HUMAN","P79866","Protein GENE1743",-0.3034,1,0.709741,0.1307,0.1489,3,3,FALSE,FALSE,FALSE
"GENE0399","GENE0399_HUMAN","P14623","Protein GENE0399",0.0619,1,0.760493,0,0.1189,3,3,FALSE,FALSE,FALSE
"GENE2383","GENE2383_HUMAN","P34912","Protein GENE2383",-0.4593,1,0.879012,0,0.056,4,4,FALSE,FALSE,FALSE
"GENE0026","GENE0026_HUMAN","P98478","Protein GENE0026",0.2238,1,0.596783,0,0.2242,3,2,FALSE,FALSE,FALSE
"GENE2198","GENE2198_HUMAN","P74993","Protein GENE2198",0.1663,0.489832,0.346435,0.2761,0.4604,6,2,FALSE,FALSE,FALSE
"GENE2853","GENE2853_HUMAN","P27017","Protein GENE2853",-0.1171,1,0.401161,0,0.3967,5,4,FALSE,TRUE,FALSE
"GENE1322","GENE1322_HUMAN","P79265","Protein GENE1322",0.1241,0.439622,0.430421,0,0.3661,2,2,FALSE,FALSE,FALSE
"GENE1256","GENE1256_HUMAN","P67367","Protein GENE1256",-0.4994,1,0.800455,0,0.0967,2,5,FALSE,FALSE,FALSE
"GENE1111","GENE1111_HUMAN","P15902","Protein GENE1111",-0.0334,1,0.84586,0,0.0727,5,4,FALSE,FALSE,FALSE
"GENE2207","GENE2207_HUMAN","P91784","Protein GENE2207",0.5674,1,0.594324,0,0.226,4,4,FALSE,FALSE,FALSE
"GENE2757","GENE2757_HUMAN","P96001","Protein GENE2757",0.7424,1,0.548566,0.0984,0.2608,3,4,FALSE,FALSE,FALSE
"GENE1385","GENE1385_HUMAN","P03791","Protein GENE1385",0.0253,0.442926,0.103572,0.3091,0.9848,5,2,FALSE,FALSE,FALSE
"GENE1592","GENE1592_HUMAN","P18488","Protein GENE1592",-0.1004,1,0.451636,0,0.3452,4,4,FALSE,FALSE,FALSE
"GENE1635","GENE1635_HUMAN","P75016","Protein GENE1635",-0.504,0.593723,0.372169,0.0841,0.4293,3,4,FALSE,FALSE,FALSE
"GENE2659","GENE2659_HUMAN","P18495","Protein GENE2659",-3.4549,0.018754,0.01421,1.1816,1.8474,6,6,FALSE,FALSE,TRUE
"GENE2239","GENE2239_HUMAN","P65340","Protein GENE2239",-0.1404,1,0.817314,0,0.0876,3,5,FALSE,FALSE,FALSE
"GENE1739","GENE1739_HUMAN","P92847","Protein GENE1739",-0.6334,1,0.709475,0,0.1491,5,5,FALSE,TRUE,FALSE
"GENE2102","GENE2102_HUMAN","P51442","Protein GENE2102",-0.4501,1,0.676076,0,0.17,2,2,FALSE,FALSE,FALSE
"GENE2686","GENE2686_HUMAN","P97884","Protein GENE2686",-0.2828,1,0.759586,0,0.1194,6,2,FALSE,FALSE,FALSE
"GENE1909","GENE1909_HUMAN","P64443","Protein GENE1909",0.2973,1,0.602039,0,0.2204,4,3,TRUE,FALSE,FALSE
"GENE0111","GENE0111_HUMAN","P27391","Protein GENE0111",-0.2593,0.306777,0.299923,0.1631,0.523,6,3,FALSE,TRUE,FALSE
"GENE1582","GENE1582_HUMAN","P82054","Protein GENE1582",-0.0474,1,0.579992,0.0683,0.2366,4,4,FALSE,FALSE,FALSE
"GENE2601","GENE2601_HUMAN","P53965","Protein GENE2601",-0.8246,1,0.90048,0,0.0455,6,3,FALSE,FALSE,FALSE
"GENE1167","GENE1167_HUMAN","P56609","Protein GENE1167",0.2628,1,0.951285,0,0.0217,3,6,FALSE,TRUE,FALSE
"GENE2440","GENE2440_HUMAN","P91945","Protein GENE2440",-0.1348,0.230459,0.101952,0.9197,0.9916,2,5,FALSE,FALSE,FALSE
"GENE0341","GENE0341_HUMAN","P52719","Protein GENE0341",-0.6917,1,0.384074,0,0.4156,2,6,FALSE,FALSE,FALSE
"GENE1504","GENE1504_HUMAN","P29744","Protein GENE1504",-0.1187,1,0.711311,0.0343,0.1479,6,4,FALSE,TRUE,FALSE
"GENE0436","GENE0436_HUMAN","P99946","Protein GENE0436",0.5685,1,0.96448,0,0.0157,6,4,FALSE,FALSE,FALSE
"GENE0080","GENE0080_HUMAN","P93757","Protein GENE0080",0.4765,1,0.955806,0,0.0196,5,5,FALSE,FALSE,FALSE
"GENE2437","GENE2437_HUMAN","P20131","Protein GENE2437",0.0253,1,0.711956,0,0.1475,4,2,FALSE,TRUE,FALSE
"GENE2131","GENE2131_HUMAN","P50258","Protein GENE2131",-0.4208,1,0.577878,0.0625,0.2382,2,5,FALSE,FALSE,FALSE
"GENE2612","GENE2612_HUMAN","P34408","Protein GENE2612",0.0862,1,0.691182,0,0.1604,5,6,FALSE,FALSE,FALSE
"GENE0953","GENE0953_HUMAN","P79977","Protein GENE0953",0.1433,0.9594,0.317482,0.4497,0.4983,6,4,FALSE,FALSE,FALSE
"GENE0966","GENE0966_HUMAN","P50562","Protein GENE0966",0.125,1,0.775272,0,0.1105,2,3,FALSE,FALSE,FALSE
"GENE2775","GENE2775_HUMAN","P91519","Protein GENE2775",1.6589,0.048281,0.032375,1.0994,1.4898,3,6,FALSE,FALSE,TRUE
"GENE1947","GENE1947_HUMAN","P07140","Protein GENE1947",-0.0238,1,0.36583,0.1139,0.4367,5,2,TRUE,FALSE,FALSE
"GENE2412","GENE2412_HUMAN","P75399","Protein GENE2412",0.1727,0.399967,0.23943,0.5747,0.6208,5,6,TRUE,FALSE,FALSE
"GENE2293","GENE2293_HUMAN","P94650","Protein GENE2293",-0.5729,1,0.688815,0,0.1619,6,3,FALSE,FALSE,FALSE
"GENE1568","GENE1568_HUMAN","P25569","Protein GENE1568",-0.4505,1,0.471409,0,0.3266,3,6,FALSE,TRUE,FALSE
"GENE0606","GENE0606_HUMAN","P87193","Protein GENE0606",0.2845,0.739544,0.243086,0.4418,0.6142,3,5,FALSE,FALSE,FALSE
"GENE0575","GENE0575_HUMAN","P99275","Protein GENE0575",0.1038,0.538454,0.504035,0,0.2975,2,3,FALSE,FALSE,FALSE
"GENE1905","GENE1905_HUMAN","P99510","Protein GENE1905",0.3953,1,0.708069,0,0.1499,3,4,FALSE,FALSE,FALSE
"GENE1747","GENE1747_HUMAN","P31726","Protein GENE1747",-0.091,1,0.890551,0,0.0503,4,4,FALSE,FALSE,FALSE
"GENE0774","GENE0774_HUMAN","P84111","Protein GENE0774",0.4825,1,0.406737,0,0.3907,5,3,FALSE,TRUE,FALSE
"GENE0670","GENE0670_HUMAN","P30855","Protein GENE0670",-0.4576,1,0.780495,0,0.1076,6,2,FALSE,FALSE,FALSE
"GENE1030","GENE1030_HUMAN","P53897","Protein GENE1030",-0.48,1,0.430482,0,0.366,5,4,TRUE,FALSE,FALSE
"GENE2711","GENE2711_HUMAN","P11895","Protein GENE2711",0.2514,1,0.858661,0,0.0662,6,6,FALSE,FALSE,FALSE
"GENE2852","GENE2852_HUMAN","P34662","Protein GENE2852",-0.0819,1,0.223678,0.4297,0.6504,4,4,FALSE,FALSE,FALSE
"GENE0792","GENE0792_HUMAN","P31961","Protein GENE0792",0.0179,1,0.575444,0,0.24,5,6,FALSE,FALSE,FALSE
"GENE2128","GENE2128_HUMAN","P84006","Protein GENE2128",-0.1374,1,0.979831,0,0.0088,4,6,FALSE,FALSE,FALSE
"GENE2495","GENE2495_HUMAN","P72097","Protein GENE2495",0.3343,1,0.329927,0.0716,0.4816,6,2,FALSE,FALSE,FALSE
"GENE0857","GENE0857_HUMAN","P92609","Protein GENE0857",-0.6963,0.416206,0.370742,0,0.4309,5,4,FALSE,FALSE,FALSE
"GENE2654","GENE2654_HUMAN","P93040","Protein GENE2654",0.5497,0.934122,0.376826,0,0.4239,3,6,FALSE,FALSE,FALSE
"GENE0442","GENE0442_HUMAN","P96010","Protein GENE0442",0.1178,0.332645,0.13454,0.2504,0.8711,4,6,FALSE,FALSE,FALSE
"GENE2839","GENE2839_HUMAN","P77180","Protein GENE2839",0.5051,1,0.279207,0.4823,0.5541,4,4,FALSE,FALSE,FALSE
"GENE0135","GENE0135_HUMAN","P81674","Protein GENE0135",0.7379,1,0.60283,0,0.2198,5,3,FALSE,FALSE,FALSE
"GENE2660","GENE2660_HUMAN","P97268","Protein GENE2660",-0.2788,0.872585,0.203846,0.0501,0.6907,2,2,FALSE,FALSE,FALSE
"GENE1438","GENE1438_HUMAN","P53714","Protein GENE1438",-0.1094,0.771676,0.519538,0.0311,0.2844,5,4,FALSE,FALSE,FALSE
"GENE1177","GENE1177_HUMAN","P85188","Protein GENE1177",-0.1281,0.459548,0.422516,0.2418,0.3742,4,4,FALSE,FALSE,FALSE
"GENE2195","GENE2195_HUMAN","P21563","Protein GENE2195",0.3234,1,0.90297,0,0.0443,2,3,FALSE,FALSE,FALSE
"GENE1772","GENE1772_HUMAN","P41067","Protein GENE1772",2.2093,0.027445,0.019812,1.6199,1.7031,2,3,FALSE,FALSE,TRUE
"GENE2282","GENE2282_HUMAN","P37816","Protein GENE2282",0.487,0.562311,0.190507,0.1909,0.7201,2,6,FALSE,FALSE,FALSE
"GENE1790","GENE1790_HUMAN","P79782","Protein GENE1790",0.0383,1,0.892949,0,0.0492,5,3,FALSE,FALSE,FALSE
"GENE1611","GENE1611_HUMAN","P29823","Protein GENE1611",0.3451,1,0.994584,0,0.0024,2,3,FALSE,TRUE,FALSE
"GENE2878","GENE2878_HUMAN","P77542","Protein GENE2878",0.7031,1,0.788694,0,0.1031,2,4,TRUE,FALSE,FALSE
"GENE2762","GENE2762_HUMAN","P01628","Protein GENE2762",-0.2451,1,0.510353,0,0.2921,2,3,FALSE,FALSE,FALSE
"GENE1620","GENE1620_HUMAN","P60683","Protein GENE1620",0.3578,1,0.976445,0,0.0104,4,5,FALSE,FALSE,FALSE
"GENE2882","GENE2882_HUMAN","P45444","Protein GENE2882",-0.0491,1,0.997929,0,9e-04,4,6,FALSE,FALSE,FALSE
"GENE0581","GENE0581_HUMAN","P25785","Protein GENE0581",0.0906,0.881894,0.477678,0,0.3209,2,5,FALSE,TRUE,FALSE
"GENE2212","GENE2212_HUMAN","P87418","Protein GENE2212",0.6448,0.656617,0.617785,0,0.2092,3,3,FALSE,FALSE,FALSE
"GENE0926","GENE0926_HUMAN","P33064","Protein GENE0926",0.2088,0.294817,0.237843,0.2495,0.6237,4,5,FALSE,FALSE,FALSE
"GENE1754","GENE1754_HUMAN","P06559","Protein GENE1754",0.1478,0.842581,0.595817,0,0.2249,5,5,FALSE,FALSE,FALSE
"GENE0500","GENE0500_HUMAN","P85081","Protein GENE0500",-0.34,0.305512,0.175993,0.1607,0.7545,6,3,FALSE,FALSE,FALSE
"GENE1425","GENE1425_HUMAN","P76532","Protein GENE1425",0.0214,1,0.631731,0,0.1995,4,2,FALSE,FALSE,FALSE
"GENE2464","GENE2464_HUMAN","P60257","Protein GENE2464",-0.9239,0.130479,0.042146,0.7611,1.3752,3,6,FALSE,FALSE,TRUE
"GENE0295","GENE0295_HUMAN","P01120","Protein GENE0295",0.1259,1,0.817162,0,0.0877,2,3,FALSE,FALSE,FALSE
"GENE0187","GENE0187_HUMAN","P44010","Protein GENE0187",-0.3397,1,0.246951,0.5898,0.6074,3,5,FALSE,FALSE,FALSE
"GENE1389","GENE1389_HUMAN","P91107","Protein GENE1389",0.0921,1,0.422818,0,0.3738,3,5,FALSE,FALSE,FALSE
"GENE0681","GENE0681_HUMAN","P11165","Protein GENE0681",0.1202,1,0.818479,0,0.087,3,2,FALSE,FALSE,FALSE
"GENE1844","GENE1844_HUMAN","P04648","Protein GENE1844",0.2573,1,0.761564,0.0565,0.1183,2,4,FALSE,FALSE,FALSE
"GENE2570","GENE2570_HUMAN","P61801","Protein GENE2570",0.1836,1,0.368572,0.4239,0.4335,5,4,FALSE,TRUE,FALSE
"GENE0089","GENE0089_HUMAN","P26598","Protein GENE0089",0.3202,0.983432,0.717827,0,0.144,5,6,FALSE,FALSE,FALSE
"GENE2694","GENE2694_HUMAN","P64712","Protein GENE2694",0.1251,0.295904,0.294905,7e-04,0.5303,6,3,FALSE,FALSE,FALSE
"GENE1356","GENE1356_HUMAN","P70053","Protein GENE1356",0.3387,1,0.90172,0,0.0449,3,6,FALSE,FALSE,FALSE
"GENE1719","GENE1719_HUMAN","P24534","Protein GENE1719",-0.5412,1,0.729313,0,0.1371,5,5,FALSE,FALSE,FALSE
"GENE1500","GENE1500_HUMAN","P86735","Protein GENE1500",0.3837,0.965225,0.914502,0,0.0388,4,6,FALSE,FALSE,FALSE
"GENE0489","GENE0489_HUMAN","P03499","Protein GENE0489",-0.1448,1,0.426116,0,0.3705,3,2,TRUE,FALSE,FALSE
"GENE0910","GENE0910_HUMAN","P23512","Protein GENE0910",-0.0093,1,0.891672,0,0.0498,2,6,FALSE,FALSE,FALSE
"GENE1820","GENE1820_HUMAN","P90406","Protein GENE1820",0.014,0.687374,0.428414,0,0.3681,3,6,FALSE,FALSE,FALSE
"GENE2429","GENE2429_HUMAN","P89065","Protein GENE2429",-0.4135,1,0.494962,0,0.3054,6,2,FALSE,FALSE,FALSE
"GENE1406","GENE1406_HUMAN","P36762","Protein GENE1406",-0.7476,0.942961,0.275263,0.0877,0.5603,2,4,FALSE,FALSE,FALSE
"GENE2115","GENE2115_HUMAN","P59035","Protein GENE2115",0.3419,1,0.56781,0,0.2458,5,4,FALSE,FALSE,FALSE
"GENE0955","GENE0955_HUMAN","P47877","Protein GENE0955",0.2885,1,0.470391,0,0.3275,5,3,FALSE,FALSE,FALSE
"GENE1868","GENE1868_HUMAN","P96829","Protein GENE1868",-0.0587,1,0.496967,0,0.3037,4,4,TRUE,FALSE,FALSE
"GENE0095","GENE0095_HUMAN","P43272","Protein GENE0095",0.9505,0.138072,0.112967,0.5995,0.947,6,6,FALSE,FALSE,FALSE
"GENE0072","GENE0072_HUMAN","P62897","Protein GENE0072",0.2845,0.973396,0.701287,0.0776,0.1541,2,2,FALSE,FALSE,FALSE
"GENE1403","GENE1403_HUMAN","P80136","Protein GENE1403",-0.1318,1,0.600117,0,0.2218,4,5,FALSE,TRUE,FALSE
"GENE1422","GENE1422_HUMAN","P02090","Protein GENE1422",0.4334,0.300983,0.210442,0.1861,0.6769,3,3,FALSE,TRUE,FALSE
"GENE2538","GENE2538_HUMAN","P15708","Protein GENE2538",-0.7221,1,0.582777,0.0286,0.2345,5,6,FALSE,FALSE,FALSE
"GENE0340","GENE0340_HUMAN","P57311","Protein GENE0340",0.4805,1,0.829708,0,0.0811,4,6,FALSE,FALSE,FALSE
"GENE1087","GENE1087_HUMAN","P28971","Protein GENE1087",-0.5616,0.437331,0.396168,0,0.4021,2,5,FALSE,FALSE,FALSE
"GENE1275","GENE1275_HUMAN","P38863","Protein GENE1275",0.8124,0.694705,0.658199,0,0.1816,3,4,FALSE,FALSE,FALSE
"DHX30","DHX30_HUMAN","P73522","Protein DHX30",-0.718,0.079666,0.038873,0.9377,1.4104,3,5,FALSE,FALSE,TRUE
"GENE1852","GENE1852_HUMAN","P40386","Protein GENE1852",0.1069,1,0.235245,0.0359,0.6285,2,2,FALSE,FALSE,FALSE
"GENE1817","GENE1817_HUMAN","P59538","Protein GENE1817",-0.149,1,0.74498,0,0.1279,5,2,FALSE,FALSE,FALSE
"GENE1953","GENE1953_HUMAN","P72562","Protein GENE1953",-0.3723,1,0.680501,0,0.1672,2,6,FALSE,FALSE,FALSE
"GENE1649","GENE1649_HUMAN","P87818","Protein GENE1649",0.2774,0.188789,0.094441,0.864,1.0248,4,5,FALSE,FALSE,FALSE
"GENE2016","GENE2016_HUMAN","P94137","Protein GENE2016",-0.2839,1,0.695605,0,0.1576,6,6,FALSE,FALSE,FALSE
"GENE1617","GENE1617_HUMAN","P07058","Protein GENE1617",-0.8804,1,0.895203,0,0.0481,5,3,FALSE,FALSE,FALSE
"GENE1727","GENE1727_HUMAN","P59675","Protein GENE1727",0.2723,1,0.491357,0,0.3086,6,4,FALSE,FALSE,FALSE
"GENE1520","GENE1520_HUMAN","P40505","Protein GENE1520",0.0449,1,0.77638,0,0.1099,3,4,FALSE,TRUE,FALSE
"GENE0823","GENE0823_HUMAN","P88375","Protein GENE0823",0.1213,0.675368,0.342784,0.21,0.465,5,6,FALSE,FALSE,FALSE
"GENE0173","GENE0173_HUMAN","P92566","Protein GENE0173",-0.9918,1,0.877019,0,0.057,6,5,TRUE,FALSE,FALSE
"GENE0554","GENE0554_HUMAN","P56386","Protein GENE0554",-0.1161,1,0.580993,0.0013,0.2358,2,4,FALSE,FALSE,FALSE
"GENE0660","GENE0660_HUMAN","P17350","Protein GENE0660",0.1095,1,0.560532,0,0.2514,5,3,FALSE,TRUE,FALSE
"GENE0185","GENE0185_HUMAN","P20394","Protein GENE0185",0.0258,1,0.647835,0,0.1885,2,3,FALSE,FALSE,FALSE
"GENE2023","GENE2023_HUMAN","P39669","Protein GENE2023",0.2832,1,0.816136,0,0.0882,6,4,FALSE,FALSE,FALSE
"GENE0087","GENE0087_HUMAN","P48017","Protein GENE0087",-0.0446,0.212891,0.089602,0.3912,1.0477,4,3,TRUE,FALSE,FALSE
"GENE0314","GENE0314_HUMAN","P52035","Protein GENE0314",0.0405,1,0.277941,0,0.556,5,2,FALSE,FALSE,FALSE
"GENE0296","GENE0296_HUMAN","P77463","Protein GENE0296",-0.6107,1,0.428251,0,0.3683,5,2,FALSE,FALSE,FALSE
"GENE1561","GENE1561_HUMAN","P16292","Protein GENE1561",-0.4294,1,0.598579,0.0555,0.2229,6,3,FALSE,FALSE,FALSE
"GENE2081","GENE2081_HUMAN","P61448","Protein GENE2081",-0.2584,1,0.578589,0,0.2376,3,3,FALSE,FALSE,FALSE
"GENE2286","GENE2286_HUMAN","P96193","Protein GENE2286",-0.3362,1,0.420395,0.2103,0.3763,3,2,FALSE,FALSE,FALSE
"GENE1795","GENE1795_HUMAN","P98367","Protein GENE1795",0.5964,1,0.684356,0,0.1647,6,2,FALSE,FALSE,FALSE
"GENE1168","GENE1168_HUMAN","P44561","Protein GENE1168",-0.2465,0.422122,0.101097,0.55,0.9953,4,4,FALSE,TRUE,FALSE
"GENE0478","GENE0478_HUMAN","P91701","Protein GENE0478",0.6108,1,0.488662,0.1228,0.311,4,4,TRUE,FALSE,FALSE
"GENE2043","GENE2043_HUMAN","P28385","Protein GENE2043",-0.5938,1,0.710901,0,0.1482,4,2,FALSE,FALSE,FALSE
"GENE2704","GENE2704_HUMAN","P59538","Protein GENE2704",0.0266,1,0.723221,0,0.1407,3,6,FALSE,FALSE,FALSE
"GENE0343","GENE0343_HUMAN","P39973","Protein GENE0343",2.4425,0.089347,0.026753,0.8941,1.5726,2,2,FALSE,FALSE,TRUE
"GENE0225","GENE0225_HUMAN","P08076","Protein GENE0225",0.1609,0.157439,0.069859,0.7027,1.1558,4,2,FALSE,FALSE,FALSE
"GENE1359","GENE1359_HUMAN","P14630","Protein GENE1359",-0.5806,0.323363,0.31034,0.1159,0.5082,6,5,FALSE,FALSE,FALSE
"GENE2045","GENE2045_HUMAN","P88977","Protein GENE2045",-0.8485,1,0.699151,0,0.1554,2,6,FALSE,FALSE,FALSE
"GENE1985","GENE1985_HUMAN","P66092","Protein GENE1985",-0.1713,0.911112,0.267438,0,0.5728,2,5,FALSE,FALSE,FALSE
"GENE0181","GENE0181_HUMAN","P37040","Protein GENE0181",-0.272,1,0.323965,0.2939,0.4895,5,4,FALSE,FALSE,FALSE
"GENE2579","GENE2579_HUMAN","P66163","Protein GENE2579",-0.0758,0.838329,0.176138,0.2569,0.7541,6,5,FALSE,FALSE,FALSE
"GENE2062","GENE2062_HUMAN","P25172","Protein GENE2062",-0.416,1,0.722843,0,0.141,2,2,FALSE,FALSE,FALSE
"GENE2814","GENE2814_HUMAN","P87257","Protein GENE2814",-0.853,1,0.357399,0,0.4468,5,5,FALSE,FALSE,FALSE
"GENE0915","GENE0915_HUMAN","P89438","Protein GENE0915",0.5773,0.783616,0.647516,0,0.1887,3,4,FALSE,FALSE,FALSE
"GENE1829","GENE1829_HUMAN","P26690","Protein GENE1829",0.1735,0.17741,0.085111,0.4601,1.07,6,3,FALSE,FALSE,FALSE
"GENE1942","GENE1942_HUMAN","P47230","Protein GENE1942",0.0011,0.909097,0.298726,0.1493,0.5247,3,3,FALSE,FALSE,FALSE
"GENE1575","GENE1575_HUMAN","P76671","Protein GENE1575",0.3954,1,0.701559,0,0.1539,3,6,FALSE,FALSE,FALSE
"GENE0137","GENE0137_HUMAN","P37934","Protein GENE0137",0.1616,0.244262,0.103844,0.3004,0.9836,2,6,TRUE,FALSE,FALSE
"GENE1108","GENE1108_HUMAN","P07730","Protein GENE1108",-1.3686,0.714746,0.241403,0.2645,0.6173,5,6,FALSE,TRUE,FALSE
"GENE1387","GENE1387_HUMAN","P35219","Protein GENE1387",-0.4369,1,0.235541,0.6233,0.6279,5,6,FALSE,FALSE,FALSE
"GENE0389","GENE0389_HUMAN","P68051","Protein GENE0389",0.1728,1,0.324122,0,0.4893,4,4,FALSE,FALSE,FALSE
"GENE2860","GENE2860_HUMAN","P74204","Protein GENE2860",0.5979,1,0.691466,0,0.1602,5,4,FALSE,FALSE,FALSE
"GENE2399","GENE2399_HUMAN","P35844","Protein GENE2399",0.6857,1,0.941795,0,0.026,2,6,FALSE,FALSE,FALSE
"GENE1596","GENE1596_HUMAN","P14172","Protein GENE1596",0.0671,0.510022,0.152625,0.2658,0.8164,5,5,FALSE,FALSE,FALSE
"GENE1201","GENE1201_HUMAN","P45592","Protein GENE1201",-0.5121,1,0.887581,0,0.0518,4,6,FALSE,FALSE,FALSE
"GENE2339","GENE2339_HUMAN","P79985","Protein GENE2339",0.3041,1,0.927352,0,0.0328,4,5,FALSE,FALSE,FALSE
"GENE0274","GENE0274_HUMAN","P49114","Protein GENE0274",1.6503,0.192875,0.038997,0.865,1.409,4,2,FALSE,FALSE,TRUE
"FMR1","FMR1_HUMAN","P22388","Protein FMR1",-0.3432,0.462511,0.447156,0,0.3495,6,4,FALSE,FALSE,FALSE
"GENE2363","GENE2363_HUMAN","P05874","Protein GENE2363",-0.1024,0.809792,0.240464,0.1895,0.619,2,4,FALSE,TRUE,FALSE
"GENE1556","GENE1556_HUMAN","P03569","Protein GENE1556",-0.3344,1,0.854524,0,0.0683,6,6,FALSE,FALSE,FALSE
"GENE0912","GENE0912_HUMAN","P99203","Protein GENE0912",-0.2461,1,0.904172,0,0.0437,6,6,FALSE,FALSE,FALSE
"GENE1210","GENE1210_HUMAN","P38726","Protein GENE1210",-0.2879,1,0.943104,0,0.0254,5,2,FALSE,FALSE,FALSE
"GENE2501","GENE2501_HUMAN","P12758","Protein GENE2501",-0.8641,1,0.911497,0,0.0402,2,5,TRUE,FALSE,FALSE
"GENE0467","GENE0467_HUMAN","P10148","Protein GENE0467",0.478,1,0.537652,0,0.2695,6,3,FALSE,FALSE,FALSE
"GENE0850","GENE0850_HUMAN","P43388","Protein GENE0850",-0.1745,1,0.520059,0,0.2839,6,2,TRUE,FALSE,FALSE
"GENE2700","GENE2700_HUMAN","P86423","Protein GENE2700",-0.1067,1,0.905266,0,0.0432,2,4,FALSE,TRUE,FALSE
"GENE1094","GENE1094_HUMAN","P25444","Protein GENE1094",0.0408,0.760805,0.743272,0,0.1289,5,5,FALSE,FALSE,FALSE
"GENE0013","GENE0013_HUMAN","P57823","Protein GENE0013",-0.2094,1,0.991906,0,0.0035,6,3,FALSE,FALSE,FALSE
"WNK1","WNK1_HUMAN","P48006","Protein WNK1",2.4945,0.186541,0.038327,0.733,1.4165,5,3,FALSE,FALSE,TRUE
"GENE1712","GENE1712_HUMAN","P52389","Protein GENE1712",-0.0391,1,0.947207,0,0.0236,5,5,FALSE,TRUE,FALSE
"GENE0222","GENE0222_HUMAN","P03584","Protein GENE0222",-0.207,1,0.82099,0,0.0857,6,3,FALSE,FALSE,FALSE
"GENE0472","GENE0472_HUMAN","P00805","Protein GENE0472",-0.283,1,0.896684,0,0.0474,3,5,TRUE,FALSE,FALSE
"GENE1327","GENE1327_HUMAN","P83552","Protein GENE1327",-0.3168,0.364438,0.265693,0.3165,0.5756,3,6,TRUE,FALSE,FALSE
"GENE0458","GENE0458_HUMAN","P12951","Protein GENE0458",-0.5787,0.587873,0.388931,0,0.4101,4,2,FALSE,FALSE,FALSE
"GENE0145","GENE0145_HUMAN","P17583","Protein GENE0145",0.367,1,0.860612,0,0.0652,2,4,FALSE,FALSE,FALSE
"GENE0618","GENE0618_HUMAN","P89697","Protein GENE0618",0.1926,1,0.992367,0,0.0033,5,6,FALSE,TRUE,FALSE
"GENE2302","GENE2302_HUMAN","P84981","Protein GENE2302",0.2476,1,0.962211,0,0.0167,3,2,TRUE,FALSE,FALSE
"GENE2738","GENE2738_HUMAN","P63911","Protein GENE2738",-0.1763,0.489828,0.321586,0.4394,0.4927,5,4,FALSE,FALSE,FALSE
"GENE0303","GENE0303_HUMAN","P52927","Protein GENE0303",0.3079,1,0.740411,0,0.1305,6,3,FALSE,TRUE,FALSE
"GENE1623","GENE1623_HUMAN","P30375","Protein GENE1623",0.1119,1,0.469664,0,0.3282,5,4,FALSE,FALSE,FALSE
"GENE0473","GENE0473_HUMAN","P08049","Protein GENE0473",0.7567,1,0.353758,0,0.4513,2,4,FALSE,FALSE,FALSE
"GENE0485","GENE0485_HUMAN","P85081","Protein GENE0485",0.1863,1,0.496744,0.0145,0.3039,2,6,FALSE,TRUE,FALSE
"GENE0600","GENE0600_HUMAN","P98988","Protein GENE0600",0.3065,1,0.5494,0,0.2601,5,6,FALSE,FALSE,FALSE
"GENE2707","GENE2707_HUMAN","P66433","Protein GENE2707",-0.0386,1,0.82109,0,0.0856,3,2,FALSE,TRUE,FALSE
"GENE1446","GENE1446_HUMAN","P46155","Protein GENE1446",0.0334,0.24241,0.062006,0.5986,1.2076,2,4,FALSE,FALSE,FALSE
"NCOA7","NCOA7_HUMAN","P76486","Protein NCOA7",3.1223,0.030047,0.022145,1.1177,1.6547,5,2,TRUE,FALSE,TRUE
"GENE2896","GENE2896_HUMAN","P44508","Protein GENE2896",-0.1869,1,0.742393,0,0.1294,4,6,FALSE,FALSE,FALSE
"GENE0353","GENE0353_HUMAN","P02658","Protein GENE0353",0.289,0.172488,0.062581,0.5278,1.2036,5,6,FALSE,FALSE,FALSE
"GENE2812","GENE2812_HUMAN","P61176","Protein GENE2812",-0.7972,1,0.585011,0,0.2328,4,5,FALSE,FALSE,FALSE
"GENE1713","GENE1713_HUMAN","P87324","Protein GENE1713",0.7321,0.277001,0.116672,0.7249,0.933,6,6,FALSE,FALSE,FALSE
"GENE2583","GENE2583_HUMAN","P53582","Protein GENE2583",0.2433,0.929267,0.489056,0,0.3106,5,5,FALSE,FALSE,FALSE
"GENE2499","GENE2499_HUMAN","P42108","Protein GENE2499",0.6678,1,0.908261,0,0.0418,3,4,FALSE,FALSE,FALSE
"GENE1329","GENE1329_HUMAN","P36198","Protein GENE1329",-0.8101,0.851928,0.21251,0.1598,0.6726,3,6,FALSE,FALSE,FALSE
"GENE2458","GENE2458_HUMAN","P83172","Protein GENE2458",0.2361,0.605457,0.511091,0.0168,0.2915,6,5,FALSE,FALSE,FALSE
"GENE2218","GENE2218_HUMAN","P99285","Protein GENE2218",0.2401,0.367857,0.196703,0.1411,0.7062,2,5,TRUE,FALSE,FALSE
"GENE0663","GENE0663_HUMAN","P95701","Protein GENE0663",0.0022,1,0.61898,0,0.2083,4,5,FALSE,FALSE,FALSE
"GENE1390","GENE1390_HUMAN","P98306","Protein GENE1390",-0.2241,0.276169,0.164132,0.6152,0.7848,4,3,FALSE,FALSE,FALSE
"GENE0238","GENE0238_HUMAN","P74081","Protein GENE0238",-0.3323,1,0.517011,0,0.2865,2,2,FALSE,FALSE,FALSE
"GENE1626","GENE1626_HUMAN","P04426","Protein GENE1626",-0.3325,1,0.806175,0,0.0936,3,6,FALSE,FALSE,FALSE
"GENE0116","GENE0116_HUMAN","P80602","Protein GENE0116",0.0649,0.607824,0.579575,0.0971,0.2369,3,3,FALSE,FALSE,FALSE
"GENE1459","GENE1459_HUMAN","P66472","Protein GENE1459",-0.4335,1,0.434168,0,0.3623,4,5,FALSE,TRUE,FALSE
"LARP4","LARP4_HUMAN","P43212","Protein LARP4",0.2728,1,0.671279,0,0.1731,3,6,FALSE,FALSE,FALSE
"MED23","MED23_HUMAN","P24345","Protein MED23",2.3672,0.085565,0.036726,0.8916,1.435,2,6,FALSE,FALSE,TRUE
"GENE1532","GENE1532_HUMAN","P84245","Protein GENE1532",0.3615,0.617763,0.233656,0.2524,0.6314,6,6,FALSE,FALSE,FALSE
"GENE2869","GENE2869_HUMAN","P91541","Protein GENE2869",0.0422,1,0.773298,0.0553,0.1117,3,6,FALSE,FALSE,FALSE
"GENE2266","GENE2266_HUMAN","P51639","Protein GENE2266",0.4628,0.560845,0.186849,0.2761,0.7285,5,3,TRUE,FALSE,FALSE
"GENE1380","GENE1380_HUMAN","P88253","Protein GENE1380",-0.3167,1,0.369316,0.1502,0.4326,4,2,FALSE,FALSE,FALSE
"GENE1088","GENE1088_HUMAN","P52225","Protein GENE1088",0.2464,1,0.389137,0,0.4099,4,3,FALSE,FALSE,FALSE
"GENE2254","GENE2254_HUMAN","P39668","Protein GENE2254",0.2851,1,0.787797,0,0.1036,6,5,FALSE,FALSE,FALSE
"GENE2554","GENE2554_HUMAN","P53304","Protein GENE2554",0.5315,1,0.301544,0.3725,0.5206,5,3,FALSE,FALSE,FALSE
"DHX15","DHX15_HUMAN","P25206","Protein DHX15",0.1523,1,0.514602,0,0.2885,4,4,FALSE,FALSE,FALSE
"GENE2245","GENE2245_HUMAN","P07586","Protein GENE2245",0.4929,1,0.869284,0,0.0608,3,6,FALSE,TRUE,FALSE
"GENE1105","GENE1105_HUMAN","P37595","Protein GENE1105",-0.1315,1,0.562596,0.0374,0.2498,6,2,FALSE,FALSE,FALSE
"GENE2867","GENE2867_HUMAN","P71354","Protein GENE2867",0.3054,1,0.888058,0,0.0516,3,3,FALSE,FALSE,FALSE
"GENE0315","GENE0315_HUMAN","P35879","Protein GENE0315",0.5859,1,0.301296,0.1411,0.521,6,4,FALSE,FALSE,FALSE
"GENE1701","GENE1701_HUMAN","P03534","Protein GENE1701",0.8909,1,0.867844,0,0.0616,6,4,FALSE,FALSE,FALSE
"GENE0093","GENE0093_HUMAN","P08497","Protein GENE0093",0.0385,1,0.994036,0,0.0026,6,5,TRUE,FALSE,FALSE
"GENE2647","GENE2647_HUMAN","P45201","Protein GENE2647",0.0341,0.367242,0.180819,0.444,0.7428,2,2,FALSE,FALSE,FALSE
"GENE0596","GENE0596_HUMAN","P41861","Protein GENE0596",0.6036,0.760148,0.188431,0.594,0.7248,6,4,FALSE,FALSE,FALSE
"GENE0454","GENE0454_HUMAN","P47983","Protein GENE0454",0.1905,1,0.846993,0,0.0721,2,3,FALSE,TRUE,FALSE
"GENE2884","GENE2884_HUMAN","P08604","Protein GENE2884",0.1282,1,0.811087,0,0.0909,6,6,FALSE,FALSE,FALSE
"GENE0149","GENE0149_HUMAN","P05766","Protein GENE0149",0.7689,1,0.74456,0,0.1281,5,6,TRUE,FALSE,FALSE
"GENE1267","GENE1267_HUMAN","P12308","Protein GENE1267",-0.1431,1,0.670175,0,0.1738,5,4,FALSE,FALSE,FALSE
"GENE1630","GENE1630_HUMAN","P91056","Protein GENE1630",-0.3969,0.807561,0.568863,0,0.245,5,2,FALSE,FALSE,FALSE
"GENE0923","GENE0923_HUMAN","P45084","Protein GENE0923",1e-04,0.817835,0.628732,0,0.2015,5,3,FALSE,FALSE,FALSE
"GENE0141","GENE0141_HUMAN","P08606","Protein GENE0141",-0.5384,0.953598,0.642995,0,0.1918,4,5,FALSE,FALSE,FALSE
"GENE0374","GENE0374_HUMAN","P51276","Protein GENE0374",-0.1038,1,0.701039,0,0.1543,2,5,FALSE,FALSE,FALSE
"GENE1646","GENE1646_HUMAN","P96197","Protein GENE1646",-0.0949,0.538401,0.150381,0.3228,0.8228,6,6,TRUE,FALSE,FALSE
"GENE2858","GENE2858_HUMAN","P52302","Protein GENE2858",-0.1656,1,0.539174,0,0.2683,3,4,FALSE,FALSE,FALSE
"GENE2491","GENE2491_HUMAN","P79169","Protein GENE2491",0.4721,1,0.428068,0.0921,0.3685,2,4,FALSE,FALSE,FALSE
"GENE2451","GENE2451_HUMAN","P90171","Protein GENE2451",0.2829,0.376448,0.197577,0.4547,0.7043,5,5,FALSE,FALSE,FALSE
"GENE1614","GENE1614_HUMAN","P43685","Protein GENE1614",0.3249,1,0.432172,0,0.3643,3,6,FALSE,FALSE,FALSE
"GENE0001","GENE0001_HUMAN","P99862","Protein GENE0001",0.1701,1,0.962675,0,0.0165,5,5,TRUE,FALSE,FALSE
"GENE2373","GENE2373_HUMAN","P37791","Protein GENE2373",0.0085,1,0.858135,0,0.0664,3,6,FALSE,FALSE,FALSE
"GENE2354","GENE2354_HUMAN","P84691","Protein GENE2354",0.2241,1,0.782646,0,0.1064,4,3,TRUE,FALSE,FALSE
"GENE1293","GENE1293_HUMAN","P23232","Protein GENE1293",-0.4216,0.715744,0.227569,0,0.6429,6,3,FALSE,FALSE,FALSE
"GENE0076","GENE0076_HUMAN","P85666","Protein GENE0076",0.2578,1,0.653943,0,0.1845,3,3,FALSE,FALSE,FALSE
"GENE1437","GENE1437_HUMAN","P27387","Protein GENE1437",-0.2559,0.781688,0.273246,0,0.5634,5,6,FALSE,FALSE,FALSE
"GENE0695","GENE0695_HUMAN","P94845","Protein GENE0695",0.4734,0.57813,0.508588,0.2882,0.2936,6,4,FALSE,FALSE,FALSE
"GENE1587","GENE1587_HUMAN","P39583","Protein GENE1587",0.2977,1,0.96653,0,0.0148,4,6,FALSE,FALSE,FALSE
"GENE0998","GENE0998_HUMAN","P90666","Protein GENE0998",-0.1884,1,0.710623,0,0.1484,3,3,FALSE,FALSE,FALSE
"GENE2557","GENE2557_HUMAN","P18506","Protein GENE2557",0.1335,1,0.878514,0,0.0563,4,3,FALSE,FALSE,FALSE
"GENE0944","GENE0944_HUMAN","P71580","Protein GENE0944",-0.6341,1,0.858932,0,0.066,5,4,FALSE,FALSE,FALSE
"GENE1461","GENE1461_HUMAN","P25352","Protein GENE1461",0.6822,0.905391,0.416944,0,0.3799,4,5,FALSE,FALSE,FALSE
"GENE2666","GENE2666_HUMAN","P07158","Protein GENE2666",-0.3419,1,0.497748,0,0.303,5,5,FALSE,TRUE,FALSE
"GENE1471","GENE1471_HUMAN","P28143","Protein GENE1471",0.1067,0.388599,0.147996,0.1582,0.8297,6,3,TRUE,FALSE,FALSE
"GENE0406","GENE0406_HUMAN","P28239","Protein GENE0406",0.434,0.626438,0.151105,0.5763,0.8207,2,5,FALSE,FALSE,FALSE
"GENE2516","GENE2516_HUMAN","P60971","Protein GENE2516",-0.0996,0.490383,0.10654,0.4093,0.9725,6,2,FALSE,FALSE,FALSE
"GENE2533","GENE2533_HUMAN","P91232","Protein GENE2533",0.0753,0.952105,0.41845,0,0.3784,6,4,FALSE,TRUE,FALSE
"GENE0103","GENE0103_HUMAN","P56797","Protein GENE0103",-0.536,1,0.494869,0,0.3055,4,3,FALSE,FALSE,FALSE
"GENE0886","GENE0886_HUMAN","P74804","Protein GENE0886",0.3354,1,0.377625,0.0616,0.4229,4,6,FALSE,FALSE,FALSE
"GENE2648","GENE2648_HUMAN","P50666","Protein GENE2648",0.1048,1,0.794957,0,0.0997,3,2,FALSE,FALSE,FALSE
"GENE0403","GENE0403_HUMAN","P42243","Protein GENE0403",-0.3941,1,0.67855,0,0.1684,4,2,FALSE,FALSE,FALSE
"GENE1859","GENE1859_HUMAN","P69079","Protein GENE1859",0.6093,0.095197,0.061842,0.5847,1.2087,3,4,FALSE,FALSE,FALSE
"GENE0809","GENE0809_HUMAN","P57218","Protein GENE0809",-0.0978,1,0.677758,0,0.1689,3,5,FALSE,TRUE,FALSE
"GENE2061","GENE2061_HUMAN","P73711","Protein GENE2061",-0.121,0.113117,0.075401,0.5936,1.1226,5,6,FALSE,FALSE,FALSE
"GENE2157","GENE2157_HUMAN","P89120","Protein GENE2157",-0.4584,0.938137,0.838387,0,0.0766,4,5,FALSE,FALSE,FALSE
"GENE2684","GENE2684_HUMAN","P66555","Protein GENE2684",0.3042,0.928871,0.316875,0.1664,0.4991,6,6,TRUE,FALSE,FALSE
"GENE0525","GENE0525_HUMAN","P46523","Protein GENE0525",-0.0191,1,0.710042,0,0.1487,6,5,FALSE,FALSE,FALSE
"GENE1692","GENE1692_HUMAN","P15128","Protein GENE1692",0.0084,0.569796,0.505814,0,0.296,4,4,FALSE,TRUE,FALSE
"GENE0945","GENE0945_HUMAN","P85821","Protein GENE0945",-0.5497,1,0.577734,0,0.2383,6,2,FALSE,FALSE,FALSE
"GENE0530","GENE0530_HUMAN","P29903","Protein GENE0530",0.1968,1,0.778506,0,0.1087,2,3,FALSE,FALSE,FALSE
"GENE1125","GENE1125_HUMAN","P07383","Protein GENE1125",0.4047,0.302011,0.163423,0.4605,0.7867,3,5,FALSE,FALSE,FALSE
"GENE0989","GENE0989_HUMAN","P03414","Protein GENE0989",-0.0585,1,0.398583,0,0.3995,2,4,FALSE,FALSE,FALSE
"GENE2075","GENE2075_HUMAN","P18474","Protein GENE2075",0.305,1,0.650486,0,0.1868,6,6,FALSE,FALSE,FALSE
"GENE0419","GENE0419_HUMAN","P71550","Protein GENE0419",-0.0185,1,0.620726,0,0.2071,5,2,FALSE,FALSE,FALSE
"GENE2748","GENE2748_HUMAN","P28684","Protein GENE2748",0.6241,0.7664,0.159175,0.1506,0.7981,2,2,FALSE,FALSE,FALSE
"GENE2426","GENE2426_HUMAN","P76013","Protein GENE2426",0.2071,1,0.710629,0,0.1484,6,2,FALSE,TRUE,FALSE
"GENE1675","GENE1675_HUMAN","P89245","Protein GENE1675",-0.6477,0.998859,0.444014,0.2462,0.3526,2,6,FALSE,FALSE,FALSE
"GENE0121","GENE0121_HUMAN","P73363","Protein GENE0121",1.1903,0.976571,0.273478,0.0687,0.5631,3,2,FALSE,FALSE,FALSE
"GENE1000","GENE1000_HUMAN","P17732","Protein GENE1000",-0.0033,1,0.542786,0,0.2654,2,6,FALSE,FALSE,FALSE
"GENE1238","GENE1238_HUMAN","P85610","Protein GENE1238",0.327,0.834568,0.41581,0.0421,0.3811,5,4,FALSE,FALSE,FALSE
"GENE1622","GENE1622_HUMAN","P42275","Protein GENE1622",-0.8408,1,0.737461,0,0.1323,2,6,FALSE,FALSE,FALSE
"GENE1510","GENE1510_HUMAN","P76341","Protein GENE1510",-0.4084,0.379036,0.199835,0.0526,0.6993,6,2,FALSE,FALSE,FALSE
"GENE2432","GENE2432_HUMAN","P50736","Protein GENE2432",2.4826,0.001999,0.000545,2.9304,3.2636,6,5,TRUE,FALSE,TRUE
"GENE2368","GENE2368_HUMAN","P34781","Protein GENE2368",0.6819,1,0.359345,0,0.4445,2,4,FALSE,FALSE,FALSE
"GENE2238","GENE2238_HUMAN","P38025","Protein GENE2238",0.0923,1,0.710358,0,0.1485,4,2,FALSE,FALSE,FALSE
"GENE0999","GENE0999_HUMAN","P71152","Protein GENE0999",3.8889,0.126656,0.036732,0.74,1.435,3,6,FALSE,FALSE,TRUE
"GENE1788","GENE1788_HUMAN","P15729","Protein GENE1788",0.3174,0.476679,0.129812,0.2185,0.8867,2,5,FALSE,FALSE,FALSE
"GENE2874","GENE2874_HUMAN","P24755","Protein GENE2874",0.1172,1,0.880796,0,0.0551,2,2,FALSE,FALSE,FALSE
"GENE1302","GENE1302_HUMAN","P80960","Protein GENE1302",-0.0817,1,0.740648,0,0.1304,4,4,TRUE,FALSE,FALSE
"GENE0447","GENE0447_HUMAN","P96705","Protein GENE0447",-0.1558,0.221801,0.211607,0.5321,0.6745,6,3,FALSE,FALSE,FALSE
"GENE0533","GENE0533_HUMAN","P44099","Protein GENE0533",-0.2491,1,0.704767,0,0.152,5,6,FALSE,FALSE,FALSE
"GENE1659","GENE1659_HUMAN","P10672","Protein GENE1659",0.2188,1,0.761104,0,0.1186,6,4,FALSE,FALSE,FALSE
"GENE2069","GENE2069_HUMAN","P06236","Protein GENE2069",-0.3606,1,0.726739,0,0.1386,6,4,FALSE,TRUE,FALSE
"GENE2485","GENE2485_HUMAN","P16216","Protein GENE2485",0.1731,1,0.344139,0,0.4633,5,3,FALSE,FALSE,FALSE
"GENE0597","GENE0597_HUMAN","P23625","Protein GENE0597",-0.0564,1,0.759959,0,0.1192,6,6,FALSE,FALSE,FALSE
"GENE0750","GENE0750_HUMAN","P94853","Protein GENE0750",0.6214,0.99906,0.349865,0.2051,0.4561,2,2,FALSE,FALSE,FALSE
"GENE0920","GENE0920_HUMAN","P27909","Protein GENE0920",0.4445,0.981198,0.392077,0,0.4066,2,6,FALSE,FALSE,FALSE
"GENE2315","GENE2315_HUMAN","P46238","Protein GENE2315",-0.6574,1,0.642569,0.1625,0.1921,3,3,FALSE,FALSE,FALSE
"GENE2307","GENE2307_HUMAN","P73024","Protein GENE2307",0.7876,0.587513,0.42666,0.0313,0.3699,2,4,TRUE,FALSE,FALSE
"GENE0042","GENE0042_HUMAN","P99403","Protein GENE0042",0.1492,0.680671,0.442623,0,0.354,3,5,TRUE,FALSE,FALSE
"GENE2388","GENE2388_HUMAN","P88919","Protein GENE2388",0.176,1,0.634233,0.0586,0.1978,2,5,FALSE,FALSE,FALSE
"GENE1253","GENE1253_HUMAN","P08675","Protein GENE1253",-1.4573,1,0.880311,0,0.0554,3,2,FALSE,FALSE,FALSE
"GENE2564","GENE2564_HUMAN","P92802","Protein GENE2564",-0.0421,0.970554,0.599871,0,0.2219,2,2,FALSE,TRUE,FALSE
"GENE2309","GENE2309_HUMAN","P16426","Protein GENE2309",-1.213,1,0.979574,0,0.009,4,2,TRUE,FALSE,FALSE
"GENE1952","GENE1952_HUMAN","P73290","Protein GENE1952",2.0771,0.086337,0.02266,1.1717,1.6447,6,2,FALSE,FALSE,TRUE
"GENE1685","GENE1685_HUMAN","P91030","Protein GENE1685",-0.0722,0.939603,0.51438,0,0.2887,5,3,TRUE,FALSE,FALSE
"GENE2123","GENE2123_HUMAN","P61300","Protein GENE2123",1.4196,0.122026,0.04443,0.7951,1.3523,2,4,FALSE,FALSE,TRUE
"GENE1650","GENE1650_HUMAN","P69286","Protein GENE1650",0.3664,1,0.516133,0,0.2872,3,3,FALSE,TRUE,FALSE
"GENE0329","GENE0329_HUMAN","P89233","Protein GENE0329",0.0089,0.749105,0.347361,0.3094,0.4592,4,5,TRUE,FALSE,FALSE
"GENE2634","GENE2634_HUMAN","P25470","Protein GENE2634",-0.519,1,0.924051,0,0.0343,5,4,FALSE,FALSE,FALSE
"GENE2676","GENE2676_HUMAN","P67698","Protein GENE2676",-0.4883,0.26086,0.092411,0.9178,1.0343,5,4,FALSE,FALSE,FALSE
"GENE2503","GENE2503_HUMAN","P81712","Protein GENE2503",0.191,1,0.911645,0,0.0402,3,4,FALSE,FALSE,FALSE
"GENE1338","GENE1338_HUMAN","P03334","Protein GENE1338",-0.1264,0.559068,0.409086,0,0.3882,3,3,TRUE,FALSE,FALSE
"GENE1861","GENE1861_HUMAN","P10312","Protein GENE1861",-0.1018,0.905965,0.236836,0,0.6256,2,5,FALSE,FALSE,FALSE
"GENE2895","GENE2895_HUMAN","P12270","Protein GENE2895",0.49,0.263913,0.093472,0.4609,1.0293,6,4,FALSE,FALSE,FALSE
"GENE0790","GENE0790_HUMAN","P51963","Protein GENE0790",0.0269,0.974553,0.853132,0,0.069,2,2,FALSE,FALSE,FALSE
"SUGP2","SUGP2_HUMAN","P45789","Protein SUGP2",-0.4917,0.889364,0.509956,0.2108,0.2925,5,2,FALSE,FALSE,FALSE
"GENE2135","GENE2135_HUMAN","P64001","Protein GENE2135",-3.3663,0.015875,0.012845,1.4971,1.8913,2,2,FALSE,FALSE,TRUE
"GENE2384","GENE2384_HUMAN","P60219","Protein GENE2384",-0.4937,0.77569,0.641789,0,0.1926,3,5,FALSE,FALSE,FALSE
"GENE2771","GENE2771_HUMAN","P61107","Protein GENE2771",-0.2557,1,0.488613,0.2029,0.311,2,5,FALSE,FALSE,FALSE
"GENE1029","GENE1029_HUMAN","P01855","Protein GENE1029",0.1187,1,0.893611,0,0.0489,6,6,FALSE,FALSE,FALSE
"GENE1454","GENE1454_HUMAN","P70067","Protein GENE1454",0.2853,1,0.236721,0.4962,0.6258,4,4,FALSE,FALSE,FALSE
"GENE0461","GENE0461_HUMAN","P02161","Protein GENE0461",0.4256,1,0.360741,0.2492,0.4428,2,6,FALSE,FALSE,FALSE
"GENE0140","GENE0140_HUMAN","P78604","Protein GENE0140",0.3193,1,0.947853,0,0.0233,3,2,FALSE,FALSE,FALSE
"GENE1724","GENE1724_HUMAN","P56676","Protein GENE1724",0.0675,1,0.972023,0,0.0123,3,3,FALSE,FALSE,FALSE
"GENE1540","GENE1540_HUMAN","P06432","Protein GENE1540",-2.9364,0.089422,0.023967,1.5031,1.6204,4,5,FALSE,FALSE,TRUE
"GENE0347","GENE0347_HUMAN","P14350","Protein GENE0347",0.0797,1,0.316938,0.2331,0.499,4,5,FALSE,FALSE,FALSE
"GENE1546","GENE1546_HUMAN","P99155","Protein GENE1546",-0.1268,0.884536,0.660432,0,0.1802,2,4,FALSE,FALSE,FALSE
"GENE1353","GENE1353_HUMAN","P11967","Protein GENE1353",-0.2912,0.668393,0.151737,0.4431,0.8189,5,2,FALSE,FALSE,FALSE
"GENE1579","GENE1579_HUMAN","P69032","Protein GENE1579",0.0047,1,0.693712,0,0.1588,6,2,FALSE,FALSE,FALSE
"GENE2229","GENE2229_HUMAN","P87443","Protein GENE2229",0.3379,1,0.28931,0.5106,0.5386,6,2,TRUE,FALSE,FALSE
"GENE0931","GENE0931_HUMAN","P56895","Protein GENE0931",-0.3112,1,0.92079,0,0.0358,6,4,TRUE,FALSE,FALSE
"GENE1249","GENE1249_HUMAN","P19483","Protein GENE1249",0.338,0.573121,0.260088,0.1227,0.5849,5,5,FALSE,FALSE,FALSE
"GENE1300","GENE1300_HUMAN","P51748","Protein GENE1300",-0.3094,1,0.681668,0,0.1664,4,2,FALSE,FALSE,FALSE
"GENE0475","GENE0475_HUMAN","P54750","Protein GENE0475",-0.3148,1,0.285581,0.0324,0.5443,3,2,FALSE,FALSE,FALSE
"GENE1741","GENE1741_HUMAN","P15897","Protein GENE1741",0.0738,1,0.62334,0.0803,0.2053,2,4,FALSE,FALSE,FALSE
"GENE0395","GENE0395_HUMAN","P50828","Protein GENE0395",-0.3741,1,0.930149,0,0.0314,2,6,FALSE,FALSE,FALSE
"GENE0066","GENE0066_HUMAN","P83608","Protein GENE0066",0.0085,1,0.5813,0.2223,0.2356,4,3,FALSE,FALSE,FALSE
"GENE0975","GENE0975_HUMAN","P13920","Protein GENE0975",0.3273,1,0.603522,0.0852,0.2193,3,6,FALSE,TRUE,FALSE
"GENE0801","GENE0801_HUMAN","P48121","Protein GENE0801",0.2559,1,0.910994,0,0.0405,4,2,FALSE,FALSE,FALSE
"GENE1550","GENE1550_HUMAN","P69336","Protein GENE1550",0.1936,1,0.786734,0,0.1042,2,2,FALSE,FALSE,FALSE
"GENE1313","GENE1313_HUMAN","P66599","Protein GENE1313",-0.4133,0.175635,0.150173,0.4484,0.8234,2,4,FALSE,FALSE,FALSE
"GENE0446","GENE0446_HUMAN","P85798","Protein GENE0446",-0.6217,0.856806,0.232515,0.4353,0.6335,5,3,FALSE,FALSE,FALSE
"GENE2562","GENE2562_HUMAN","P34243","Protein GENE2562",-0.4691,1,0.440379,0.0558,0.3562,3,5,FALSE,FALSE,FALSE
"GENE0638","GENE0638_HUMAN","P69539","Protein GENE0638",-0.6336,0.14871,0.105109,0.611,0.9784,2,5,FALSE,FALSE,FALSE
"GENE0844","GENE0844_HUMAN","P32471","Protein GENE0844",-0.0478,1,0.956276,0,0.0194,5,3,FALSE,FALSE,FALSE
"GENE1831","GENE1831_HUMAN","P25061","Protein GENE1831",0.3538,0.816351,0.25837,0.1465,0.5878,2,4,FALSE,FALSE,FALSE
"GENE2889","GENE2889_HUMAN","P52275","Protein GENE2889",-0.168,0.393794,0.22277,0,0.6521,4,4,FALSE,FALSE,FALSE
"GENE1583","GENE1583_HUMAN","P22346","Protein GENE1583",-0.4039,1,0.266246,0,0.5747,2,3,FALSE,FALSE,FALSE
"GENE1573","GENE1573_HUMAN","P93543","Protein GENE1573",0.0485,1,0.850911,0,0.0701,5,4,FALSE,FALSE,FALSE
"GENE2718","GENE2718_HUMAN","P65751","Protein GENE2718",-0.5002,1,0.440309,0,0.3562,5,4,FALSE,FALSE,FALSE
"GENE2797","GENE2797_HUMAN","P20027","Protein GENE2797",-0.4486,1,0.506529,0.2926,0.2954,5,4,FALSE,FALSE,FALSE
"GENE1608","GENE1608_HUMAN","P07373","Protein GENE1608",0.2895,0.964085,0.325735,0.4827,0.4871,4,2,FALSE,FALSE,FALSE
"GENE2029","GENE2029_HUMAN","P63919","Protein GENE2029",0.2568,1,0.581149,0,0.2357,4,2,FALSE,FALSE,FALSE
"GENE2475","GENE2475_HUMAN","P83155","Protein GENE2475",-0.852,1,0.603682,0,0.2192,6,3,TRUE,FALSE,FALSE
"GENE2233","GENE2233_HUMAN","P59696","Protein GENE2233",-0.4433,1,0.457914,0,0.3392,3,6,FALSE,FALSE,FALSE
"GENE0349","GENE0349_HUMAN","P19020","Protein GENE0349",-0.2643,0.218752,0.084999,0.3788,1.0706,3,2,TRUE,FALSE,FALSE
"GENE0544","GENE0544_HUMAN","P18205","Protein GENE0544",-0.2484,0.276033,0.095162,0.5438,1.0215,2,2,FALSE,FALSE,FALSE
"GENE1198","GENE1198_HUMAN","P30493","Protein GENE1198",-0.2963,1,0.824891,0,0.0836,2,6,FALSE,FALSE,FALSE
"GENE1465","GENE1465_HUMAN","P50706","Protein GENE1465",0.0289,1,0.700061,0,0.1549,5,2,FALSE,FALSE,FALSE
"GENE2476","GENE2476_HUMAN","P11742","Protein GENE2476",-0.5315,1,0.702383,0,0.1534,5,4,FALSE,FALSE,FALSE
"GENE2497","GENE2497_HUMAN","P95638","Protein GENE2497",0.9354,1,0.853862,0.0441,0.0686,2,5,FALSE,TRUE,FALSE
"GENE1066","GENE1066_HUMAN","P47246","Protein GENE1066",0.3291,1,0.969602,0,0.0134,4,2,FALSE,FALSE,FALSE
"ASCC3","ASCC3_HUMAN","P75015","Protein ASCC3",0.9015,0.097235,0.033741,0.7852,1.4718,3,2,FALSE,FALSE,TRUE
"GENE1802","GENE1802_HUMAN","P80916","Protein GENE1802",0.1871,0.917143,0.274598,0.2521,0.5613,4,6,FALSE,FALSE,FALSE
"GENE0431","GENE0431_HUMAN","P91814","Protein GENE0431",0.783,1,0.642356,0,0.1922,6,3,FALSE,TRUE,FALSE
"GENE2798","GENE2798_HUMAN","P48603","Protein GENE2798",-0.4342,1,0.487179,0,0.3123,2,6,FALSE,FALSE,FALSE
"GENE0816","GENE0816_HUMAN","P65875","Protein GENE0816",-0.3845,0.108283,0.088598,0.5205,1.0526,5,5,FALSE,FALSE,FALSE
"GENE0280","GENE0280_HUMAN","P98332","Protein GENE0280",0.037,0.775531,0.17404,0.4321,0.7594,4,2,FALSE,FALSE,FALSE
"GENE1326","GENE1326_HUMAN","P92633","Protein GENE1326",-0.4833,1,0.977951,0,0.0097,6,2,FALSE,FALSE,FALSE
"GENE1584","GENE1584_HUMAN","P96118","Protein GENE1584",-0.3869,1,0.687824,0,0.1625,2,5,FALSE,FALSE,FALSE
"GENE0071","GENE0071_HUMAN","P38219","Protein GENE0071",-0.4349,1,0.759002,0,0.1198,4,2,FALSE,FALSE,FALSE
"GENE0607","GENE0607_HUMAN","P04521","Protein GENE0607",0.017,1,0.683111,0,0.1655,6,5,FALSE,FALSE,FALSE
"GENE2090","GENE2090_HUMAN","P61943","Protein GENE2090",3.5799,0.151973,0.032442,1.1121,1.4889,2,3,TRUE,FALSE,TRUE
"GENE0213","GENE0213_HUMAN","P96749","Protein GENE0213",-0.0333,1,0.892621,0,0.0493,3,3,TRUE,FALSE,FALSE
"GENE1483","GENE1483_HUMAN","P19009","Protein GENE1483",-0.4163,1,0.483116,0,0.3159,4,3,FALSE,FALSE,FALSE
"GENE1464","GENE1464_HUMAN","P24625","Protein GENE1464",0.4123,0.503767,0.126778,0.5398,0.897,5,6,FALSE,FALSE,FALSE
"GENE0830","GENE0830_HUMAN","P17141","Protein GENE0830",-0.4059,1,0.529242,0,0.2763,2,2,FALSE,FALSE,FALSE
"GENE2604","GENE2604_HUMAN","P26091","Protein GENE2604",0.0195,1,0.780323,0,0.1077,3,6,FALSE,FALSE,FALSE
"GENE2441","GENE2441_HUMAN","P30866","Protein GENE2441",-0.5165,1,0.956566,0,0.0193,4,4,FALSE,FALSE,FALSE
"GENE2076","GENE2076_HUMAN","P95908","Protein GENE2076",0.3057,1,0.528673,0,0.2768,6,2,FALSE,FALSE,FALSE
"GENE2813","GENE2813_HUMAN","P32186","Protein GENE2813",-0.4013,0.212122,0.179389,0.2514,0.7462,4,5,FALSE,FALSE,FALSE
"GENE2790","GENE2790_HUMAN","P63070","Protein GENE2790",-0.1358,1,0.563657,0,0.249,6,5,FALSE,FALSE,FALSE
"GENE0589","GENE0589_HUMAN","P04730","Protein GENE0589",-0.2727,1,0.758041,0,0.1203,4,6,FALSE,FALSE,FALSE
"GENE1965","GENE1965_HUMAN","P20890","Protein GENE1965",-0.3856,1,0.826332,0,0.0828,5,5,FALSE,FALSE,FALSE
"GENE1347","GENE1347_HUMAN","P16930","Protein GENE1347",-0.7366,1,0.325547,0,0.4874,2,2,FALSE,FALSE,FALSE
"GENE1364","GENE1364_HUMAN","P99323","Protein GENE1364",0.7793,1,0.600729,0,0.2213,4,6,FALSE,FALSE,FALSE
"GENE1760","GENE1760_HUMAN","P51565","Protein GENE1760",-0.6552,0.713487,0.179412,0.1374,0.7461,3,5,FALSE,FALSE,FALSE
"GENE0683","GENE0683_HUMAN","P36771","Protein GENE0683",0.2537,1,0.909622,0,0.0411,6,5,FALSE,FALSE,FALSE
"GENE2430","GENE2430_HUMAN","P25304","Protein GENE2430",0.2551,1,0.822536,0,0.0848,2,5,FALSE,FALSE,FALSE
"GENE1240","GENE1240_HUMAN","P87431","Protein GENE1240",-0.5088,1,0.569817,0,0.2443,4,4,TRUE,FALSE,FALSE
"GENE2595","GENE2595_HUMAN","P70532","Protein GENE2595",0.4599,1,0.742307,0,0.1294,2,6,FALSE,FALSE,FALSE
"CMTR1","CMTR1_HUMAN","P87403","Protein CMTR1",-0.1463,1,0.532411,0.1929,0.2738,2,4,FALSE,FALSE,FALSE
"GENE0099","GENE0099_HUMAN","P81662","Protein GENE0099",-0.2922,1,0.890465,0,0.0504,2,4,FALSE,FALSE,FALSE
"GENE2325","GENE2325_HUMAN","P92416","Protein GENE2325",0.039,0.334028,0.263921,0.5031,0.5785,5,4,TRUE,FALSE,FALSE
"GENE1799","GENE1799_HUMAN","P03066","Protein GENE1799",-0.6547,1,0.627292,0,0.2025,4,5,FALSE,FALSE,FALSE
"GENE0970","GENE0970_HUMAN","P86275","Protein GENE0970",-0.2686,1,0.569922,0,0.2442,4,5,FALSE,FALSE,FALSE
"GENE2344","GENE2344_HUMAN","P47923","Protein GENE2344",-0.134,1,0.371474,0.2492,0.4301,2,6,TRUE,FALSE,FALSE
"GENE1379","GENE1379_HUMAN","P12987","Protein GENE1379",0.5409,1,0.66998,0,0.1739,3,4,FALSE,TRUE,FALSE
"GENE0468","GENE0468_HUMAN","P21292","Protein GENE0468",0.0205,0.585836,0.128136,0.5612,0.8923,6,4,FALSE,FALSE,FALSE
"GENE2832","GENE2832_HUMAN","P08707","Protein GENE2832",0.2119,0.481619,0.175982,0.1147,0.7545,2,4,FALSE,FALSE,FALSE
"GENE0858","GENE0858_HUMAN","P36473","Protein GENE0858",0.3118,0.46885,0.209926,0.479,0.6779,6,5,FALSE,FALSE,FALSE
"GENE0190","GENE0190_HUMAN","P14784","Protein GENE0190",-0.2042,0.623582,0.612427,0,0.2129,4,5,FALSE,FALSE,FALSE
"GENE1826","GENE1826_HUMAN","P92269","Protein GENE1826",-0.4239,0.498821,0.252956,0.4798,0.597,6,5,TRUE,FALSE,FALSE
"GENE2186","GENE2186_HUMAN","P93536","Protein GENE2186",-0.097,0.296846,0.143385,0.5893,0.8435,6,4,FALSE,FALSE,FALSE
"GENE0351","GENE0351_HUMAN","P31243","Protein GENE0351",-0.0532,1,0.914551,0,0.0388,2,4,FALSE,FALSE,FALSE
"GENE0163","GENE0163_HUMAN","P54606","Protein GENE0163",-0.5183,1,0.718865,0,0.1434,4,2,FALSE,FALSE,FALSE
"GENE1031","GENE1031_HUMAN","P53052","Protein GENE1031",-0.4541,1,0.938601,0,0.0275,2,6,FALSE,FALSE,FALSE
"GENE2834","GENE2834_HUMAN","P63099","Protein GENE2834",-0.3523,0.864731,0.320311,0,0.4944,4,2,FALSE,TRUE,FALSE
"GENE1141","GENE1141_HUMAN","P37825","Protein GENE1141",-0.2568,0.776259,0.250754,0.0086,0.6008,2,4,TRUE,FALSE,FALSE
"GENE1730","GENE1730_HUMAN","P19059","Protein GENE1730",-0.1199,1,0.401777,0,0.396,3,4,FALSE,FALSE,FALSE
"GENE0115","GENE0115_HUMAN","P16725","Protein GENE0115",0.1155,1,0.996915,0,0.0013,3,3,FALSE,FALSE,FALSE
"GENE1321","GENE1321_HUMAN","P50673","Protein GENE1321",-0.0829,1,0.973584,0,0.0116,4,4,FALSE,FALSE,FALSE
"GENE2213","GENE2213_HUMAN","P14433","Protein GENE2213",-0.2074,0.5171,0.223487,0.1852,0.6507,5,4,FALSE,FALSE,FALSE
"GENE2821","GENE2821_HUMAN","P48592","Protein GENE2821",0.7171,1,0.528461,0.1659,0.277,5,4,FALSE,FALSE,FALSE
"GENE1331","GENE1331_HUMAN","P52458","Protein GENE1331",-0.1314,0.402525,0.082886,0.5525,1.0815,5,6,FALSE,FALSE,FALSE
"GENE2506","GENE2506_HUMAN","P71786","Protein GENE2506",-0.1965,1,0.653083,0,0.185,2,5,FALSE,FALSE,FALSE
"GENE0434","GENE0434_HUMAN","P78061","Protein GENE0434",0.5414,0.522448,0.122974,0.7234,0.9102,5,5,FALSE,FALSE,FALSE
"GENE1376","GENE1376_HUMAN","P36102","Protein GENE1376",0.1315,1,0.920068,0,0.0362,5,3,FALSE,FALSE,FALSE
"GENE2284","GENE2284_HUMAN","P11020","Protein GENE2284",0.4733,1,0.628502,0,0.2017,2,6,FALSE,FALSE,FALSE
"GENE0612","GENE0612_HUMAN","P13514","Protein GENE0612",-0.1078,1,0.983658,0,0.0072,5,2,FALSE,FALSE,FALSE
"GENE2626","GENE2626_HUMAN","P76416","Protein GENE2626",0.0152,1,0.457658,0,0.3395,5,2,FALSE,FALSE,FALSE
"GENE1999","GENE1999_HUMAN","P46416","Protein GENE1999",-0.3949,0.397576,0.096947,0.4302,1.0135,3,3,FALSE,FALSE,FALSE
"GENE2534","GENE2534_HUMAN","P90737","Protein GENE2534",0.0664,0.722061,0.315322,0.159,0.5012,3,3,FALSE,FALSE,FALSE
"GENE1850","GENE1850_HUMAN","P02943","Protein GENE1850",-0.2231,1,0.760588,0,0.1189,2,6,FALSE,FALSE,FALSE
"GENE0789","GENE0789_HUMAN","P24753","Protein GENE0789",0.1154,0.706707,0.656332,0,0.1829,6,4,FALSE,FALSE,FALSE
"GENE0245","GENE0245_HUMAN","P39764","Protein GENE0245",-0.1108,0.314381,0.117373,0.5468,0.9304,5,6,FALSE,FALSE,FALSE
"GENE2434","GENE2434_HUMAN","P57538","Protein GENE2434",-0.6484,1,0.484225,0,0.315,4,4,FALSE,TRUE,FALSE
"GENE2760","GENE2760_HUMAN","P32037","Protein GENE2760",-0.4711,0.736748,0.457847,0,0.3393,6,5,FALSE,FALSE,FALSE
"GENE1382","GENE1382_HUMAN","P38315","Protein GENE1382",-0.0138,1,0.919781,0,0.0363,6,3,FALSE,FALSE,FALSE
"GENE2351","GENE2351_HUMAN","P40983","Protein GENE2351",0.5478,1,0.528399,0,0.277,5,5,FALSE,FALSE,FALSE
"GENE1672","GENE1672_HUMAN","P99020","Protein GENE1672",0.308,1,0.896185,0,0.0476,2,3,FALSE,FALSE,FALSE
"GENE1419","GENE1419_HUMAN","P86163","Protein GENE1419",0.4701,1,0.742674,0,0.1292,5,4,FALSE,FALSE,FALSE
"GENE2732","GENE2732_HUMAN","P03455","Protein GENE2732",0.074,0.315749,0.12325,0.4896,0.9092,4,5,FALSE,TRUE,FALSE
"GENE2518","GENE2518_HUMAN","P28065","Protein GENE2518",-0.46,1,0.337953,0.0202,0.4711,5,6,FALSE,FALSE,FALSE
"GENE1580","GENE1580_HUMAN","P96945","Protein GENE1580",-0.628,0.442159,0.151041,0.1904,0.8209,5,4,FALSE,FALSE,FALSE
"LARP5","LARP5_HUMAN","P79931","Protein LARP5",0.2723,1,0.303167,0.0349,0.5183,4,2,FALSE,FALSE,FALSE
"GENE0332","GENE0332_HUMAN","P29905","Protein GENE0332",-0.6234,0.671583,0.141413,0.3834,0.8495,2,3,FALSE,FALSE,FALSE
"GENE2758","GENE2758_HUMAN","P64195","Protein GENE2758",0.3658,1,0.461311,0.0395,0.336,6,2,FALSE,FALSE,FALSE
"GENE1190","GENE1190_HUMAN","P27687","Protein GENE1190",0.0218,0.602859,0.136079,0.5264,0.8662,6,5,FALSE,FALSE,FALSE
"GENE2166","GENE2166_HUMAN","P57888","Protein GENE2166",-0.4201,0.623886,0.51819,0,0.2855,4,3,FALSE,FALSE,FALSE
"GENE1473","GENE1473_HUMAN","P51345","Protein GENE1473",-0.1401,1,0.896368,0,0.0475,5,2,FALSE,FALSE,FALSE
"GENE2576","GENE2576_HUMAN","P01456","Protein GENE2576",0.0878,1,0.664833,0,0.1773,6,2,TRUE,FALSE,FALSE
"GENE0328","GENE0328_HUMAN","P70965","Protein GENE0328",-0.1322,0.937123,0.254103,0.1205,0.595,3,2,FALSE,FALSE,FALSE
"GENE2822","GENE2822_HUMAN","P09024","Protein GENE2822",-0.1906,1,0.919182,0,0.0366,3,5,FALSE,TRUE,FALSE
"GENE2301","GENE2301_HUMAN","P03620","Protein GENE2301",0.424,1,0.440873,0,0.3557,3,4,FALSE,FALSE,FALSE
"GENE2310","GENE2310_HUMAN","P05175","Protein GENE2310",-0.2862,1,0.556125,0.0262,0.2548,4,6,FALSE,FALSE,FALSE
"GENE2521","GENE2521_HUMAN","P64496","Protein GENE2521",-0.0402,0.894978,0.533567,0,0.2728,2,6,FALSE,FALSE,FALSE
"GENE2716","GENE2716_HUMAN","P39852","Protein GENE2716",-0.234,1,0.588085,0.0725,0.2306,6,4,FALSE,FALSE,FALSE
"GENE0282","GENE0282_HUMAN","P27925","Protein GENE0282",4.2573,0.067748,0.039424,0.7369,1.4042,4,2,FALSE,FALSE,TRUE
"GENE0900","GENE0900_HUMAN","P73276","Protein GENE0900",-0.4509,1,0.268086,0.0184,0.5717,6,4,FALSE,FALSE,FALSE
"GENE0496","GENE0496_HUMAN","P08085","Protein GENE0496",-0.4831,1,0.41236,0.1665,0.3847,6,6,FALSE,FALSE,FALSE
"GENE1750","GENE1750_HUMAN","P49933","Protein GENE1750",1.0198,0.91382,0.422361,0.0463,0.3743,3,6,FALSE,TRUE,FALSE
"GENE1349","GENE1349_HUMAN","P25118","Protein GENE1349",0.4797,1,0.594701,0,0.2257,4,2,FALSE,TRUE,FALSE
"GENE1794","GENE1794_HUMAN","P51573","Protein GENE1794",1.3827,0.057516,0.03561,0.9225,1.4484,3,3,FALSE,FALSE,TRUE
"GENE0390","GENE0390_HUMAN","P41388","Protein GENE0390",-0.0517,1,0.603768,0,0.2191,3,3,FALSE,FALSE,FALSE
"GENE1708","GENE1708_HUMAN","P13230","Protein GENE1708",0.5472,1,0.821982,0,0.0851,2,3,TRUE,FALSE,FALSE
"GENE0516","GENE0516_HUMAN","P58104","Protein GENE0516",2.8764,0.182381,0.040087,1.0016,1.397,5,4,FALSE,TRUE,TRUE
"GENE0179","GENE0179_HUMAN","P32471","Protein GENE0179",-0.1815,1,0.476025,0,0.3224,3,6,FALSE,FALSE,FALSE
"GENE0269","GENE0269_HUMAN","P47832","Protein GENE0269",0.0453,1,0.74407,0.0158,0.1284,3,2,FALSE,FALSE,FALSE
"GENE1185","GENE1185_HUMAN","P95665","Protein GENE1185",0.0722,1,0.291151,0.2768,0.5359,5,5,FALSE,TRUE,FALSE
"GENE0104","GENE0104_HUMAN","P50205","Protein GENE0104",-0.055,0.352956,0.104609,0.5595,0.9804,3,4,FALSE,FALSE,FALSE
"GENE1469","GENE1469_HUMAN","P89427","Protein GENE1469",-0.267,0.639477,0.317377,0.232,0.4984,3,5,FALSE,FALSE,FALSE
"GENE1881","GENE1881_HUMAN","P55945","Protein GENE1881",-0.2941,1,0.793698,0,0.1003,3,6,FALSE,FALSE,FALSE
"GENE0050","GENE0050_HUMAN","P79423","Protein GENE0050",0.0662,1,0.40623,0,0.3912,6,2,TRUE,FALSE,FALSE
"GENE1301","GENE1301_HUMAN","P41887","Protein GENE1301",-0.4208,1,0.930297,0,0.0314,3,4,FALSE,FALSE,FALSE
"GENE0223","GENE0223_HUMAN","P30573","Protein GENE0223",-0.0789,1,0.607104,0,0.2167,6,4,FALSE,FALSE,FALSE
"GENE1033","GENE1033_HUMAN","P49224","Protein GENE1033",0.1226,0.744931,0.583459,0,0.234,2,2,FALSE,FALSE,FALSE
"GENE2414","GENE2414_HUMAN","P71393","Protein GENE2414",0.1526,1,0.555808,0,0.2551,5,5,FALSE,TRUE,FALSE
"GENE0385","GENE0385_HUMAN","P37919","Protein GENE0385",-0.2543,1,0.940001,0,0.0269,6,3,FALSE,FALSE,FALSE
"GENE1731","GENE1731_HUMAN","P25440","Protein GENE1731",-0.593,0.411589,0.275765,0,0.5595,5,5,FALSE,FALSE,FALSE
"GENE1761","GENE1761_HUMAN","P40416","Protein GENE1761",0.1047,1,0.709097,0,0.1493,5,5,FALSE,FALSE,FALSE
"GENE1008","GENE1008_HUMAN","P36326","Protein GENE1008",0.0037,1,0.303982,0.0769,0.5172,2,5,FALSE,FALSE,FALSE
"GENE0081","GENE0081_HUMAN","P64845","Protein GENE0081",-1.7633,0.080697,0.017204,1.1365,1.7644,2,4,FALSE,FALSE,TRUE
"GENE2469","GENE2469_HUMAN","P13527","Protein GENE2469",0.4022,1,0.895401,0.0183,0.048,5,6,FALSE,FALSE,FALSE
"GENE1146","GENE1146_HUMAN","P37075","Protein GENE1146",-0.3477,0.719204,0.467998,0.3139,0.3298,6,6,FALSE,FALSE,FALSE
"GENE0383","GENE0383_HUMAN","P09353","Protein GENE0383",0.4046,0.973629,0.872503,0,0.0592,5,6,TRUE,FALSE,FALSE
"GENE2608","GENE2608_HUMAN","P35969","Protein GENE2608",0.1675,1,0.67168,0.1399,0.1728,3,5,FALSE,FALSE,FALSE
"GENE2008","GENE2008_HUMAN","P57195","Protein GENE2008",0.1077,1,0.743297,0,0.1288,4,5,FALSE,FALSE,FALSE
"GENE1705","GENE1705_HUMAN","P84715","Protein GENE1705",-0.489,1,0.527008,0.0602,0.2782,5,4,FALSE,TRUE,FALSE
"GENE0550","GENE0550_HUMAN","P07717","Protein GENE0550",-0.3446,1,0.283502,0,0.5474,6,3,FALSE,TRUE,FALSE
"GENE2669","GENE2669_HUMAN","P17724","Protein GENE2669",0.2336,1,0.656283,0,0.1829,6,5,FALSE,FALSE,FALSE
"GENE2393","GENE2393_HUMAN","P71430","Protein GENE2393",0.4574,1,0.637657,0.0344,0.1954,6,4,FALSE,FALSE,FALSE
"GENE1173","GENE1173_HUMAN","P01263","Protein GENE1173",0.1288,1,0.974796,0,0.0111,5,2,FALSE,TRUE,FALSE
"GENE1645","GENE1645_HUMAN","P29633","Protein GENE1645",2.3804,0.054848,0.046365,0.7513,1.3338,2,5,FALSE,FALSE,TRUE
"GENE1815","GENE1815_HUMAN","P56846","Protein GENE1815",-0.0857,0.597532,0.166482,0.1199,0.7786,2,2,TRUE,FALSE,FALSE
"GENE2655","GENE2655_HUMAN","P21309","Protein GENE2655",0.1999,0.328788,0.098954,0.4165,1.0046,4,3,TRUE,FALSE,FALSE
"GENE2630","GENE2630_HUMAN","P10987","Protein GENE2630",-0.4935,0.943004,0.207805,0.3821,0.6823,2,3,FALSE,FALSE,FALSE
"GENE1873","GENE1873_HUMAN","P46840","Protein GENE1873",-0.3009,1,0.844417,0,0.0734,4,5,FALSE,FALSE,FALSE
"GENE2875","GENE2875_HUMAN","P46487","Protein GENE2875",0.544,1,0.344342,0.12,0.463,4,2,FALSE,FALSE,FALSE
"GENE2784","GENE2784_HUMAN","P64256","Protein GENE2784",-0.2514,1,0.246218,0.2633,0.6087,2,4,TRUE,FALSE,FALSE
"GENE2094","GENE2094_HUMAN","P19874","Protein GENE2094",0.1777,0.530095,0.339706,0.4676,0.4689,2,5,FALSE,FALSE,FALSE
"GENE2785","GENE2785_HUMAN","P31979","Protein GENE2785",0.4519,0.424697,0.173553,0.0673,0.7606,6,4,FALSE,FALSE,FALSE
"GENE0197","GENE0197_HUMAN","P65099","Protein GENE0197",0.5446,1,0.699767,0,0.155,2,2,FALSE,FALSE,FALSE
"GENE2159","GENE2159_HUMAN","P90166","Protein GENE2159",0.0631,1,0.37233,0,0.4291,4,3,FALSE,TRUE,FALSE
"GENE2830","GENE2830_HUMAN","P74671","Protein GENE2830",-0.6482,1,0.607938,0,0.2161,5,5,FALSE,FALSE,FALSE
"GENE0505","GENE0505_HUMAN","P84202","Protein GENE0505",-0.0103,1,0.566704,0,0.2466,6,4,FALSE,FALSE,FALSE
"GENE2615","GENE2615_HUMAN","P76028","Protein GENE2615",0.4322,0.62992,0.200402,0.1314,0.6981,4,4,FALSE,FALSE,FALSE
"GENE0017","GENE0017_HUMAN","P24179","Protein GENE0017",-0.9232,1,0.659704,0,0.1807,3,5,FALSE,FALSE,FALSE
"GENE1400","GENE1400_HUMAN","P10815","Protein GENE1400",-0.4126,0.194852,0.160211,0.4229,0.7953,2,5,FALSE,FALSE,FALSE
"GENE2701","GENE2701_HUMAN","P49599","Protein GENE2701",-0.115,1,0.49361,0,0.3066,4,4,FALSE,FALSE,FALSE
"GENE2500","GENE2500_HUMAN","P27862","Protein GENE2500",-0.4701,1,0.90992,0,0.041,3,5,FALSE,FALSE,FALSE
"GENE0770","GENE0770_HUMAN","P83956","Protein GENE0770",-0.2372,1,0.476853,0,0.3216,3,5,FALSE,FALSE,FALSE
"GENE1310","GENE1310_HUMAN","P92227","Protein GENE1310",-0.1369,1,0.518736,0,0.2851,3,5,FALSE,FALSE,FALSE
"GENE2548","GENE2548_HUMAN","P78396","Protein GENE2548",0.2017,1,0.672921,0.0528,0.172,3,2,FALSE,FALSE,FALSE
"GENE1369","GENE1369_HUMAN","P42263","Protein GENE1369",-0.1552,1,0.71004,0,0.1487,5,3,FALSE,FALSE,FALSE
"GENE1206","GENE1206_HUMAN","P22564","Protein GENE1206",0.2227,1,0.885706,0,0.0527,5,3,FALSE,FALSE,FALSE
"GENE2668","GENE2668_HUMAN","P41776","Protein GENE2668",-0.3195,0.696116,0.341839,0,0.4662,2,5,FALSE,FALSE,FALSE
"GENE2735","GENE2735_HUMAN","P91140","Protein GENE2735",-0.5971,0.307308,0.079332,0.8458,1.1006,6,2,FALSE,FALSE,FALSE
"GENE1169","GENE1169_HUMAN","P19522","Protein GENE1169",0.3557,1,0.655545,0,0.1834,6,4,FALSE,FALSE,FALSE
"GENE2829","GENE2829_HUMAN","P21107","Protein GENE2829",-0.0728,1,0.386349,0.0081,0.413,3,6,TRUE,FALSE,FALSE
"GENE1992","GENE1992_HUMAN","P03665","Protein GENE1992",-2.4989,0.077107,0.048579,1.1123,1.3136,4,4,FALSE,FALSE,TRUE
"GENE0487","GENE0487_HUMAN","P71873","Protein GENE0487",-1.2523,1,0.320249,0.1566,0.4945,5,5,FALSE,FALSE,FALSE
"GENE0940","GENE0940_HUMAN","P24733","Protein GENE0940",-0.1406,1,0.293209,0.012,0.5328,5,5,FALSE,FALSE,FALSE
"GENE1889","GENE1889_HUMAN","P48891","Protein GENE1889",0.3985,0.649131,0.372251,0,0.4292,6,3,FALSE,TRUE,FALSE
"GENE0821","GENE0821_HUMAN","P54471","Protein GENE0821",-0.6383,0.336621,0.102851,0.7591,0.9878,4,3,FALSE,FALSE,FALSE
"NEK9","NEK9_HUMAN","P44055","Protein NEK9",2.4029,0.090094,0.031293,1.0669,1.5046,3,6,TRUE,TRUE,TRUE
"GENE1774","GENE1774_HUMAN","P77698","Protein GENE1774",0.3483,1,0.379877,0,0.4204,2,5,FALSE,FALSE,FALSE
"GENE2891","GENE2891_HUMAN","P35447","Protein GENE2891",-0.7266,1,0.463087,0,0.3343,4,2,FALSE,FALSE,FALSE
"GENE2355","GENE2355_HUMAN","P09215","Protein GENE2355",-0.143,1,0.552556,0.217,0.2576,3,3,FALSE,FALSE,FALSE
"GENE2317","GENE2317_HUMAN","P36629","Protein GENE2317",0.3512,0.414143,0.195961,0.3106,0.7078,3,2,FALSE,TRUE,FALSE
"GENE2514","GENE2514_HUMAN","P13491","Protein GENE2514",-0.225,1,0.431552,0,0.365,6,6,FALSE,FALSE,FALSE
"GENE2299","GENE2299_HUMAN","P57766","Protein GENE2299",-0.7971,0.094989,0.077763,0.789,1.1092,5,6,FALSE,FALSE,FALSE
"GENE1484","GENE1484_HUMAN","P19094","Protein GENE1484",-0.2019,1,0.979975,0,0.0088,6,5,FALSE,FALSE,FALSE
"GENE1511","GENE1511_HUMAN","P07442","Protein GENE1511",-0.0959,0.587546,0.531392,0,0.2746,5,5,FALSE,FALSE,FALSE
"GENE1132","GENE1132_HUMAN","P35082","Protein GENE1132",0.4755,1,0.543904,0,0.2645,6,4,FALSE,FALSE,FALSE
"GENE1358","GENE1358_HUMAN","P56369","Protein GENE1358",0.2748,1,0.648244,0.0228,0.1883,2,2,FALSE,FALSE,FALSE
"GENE1734","GENE1734_HUMAN","P67945","Protein GENE1734",-0.0147,0.742629,0.716893,0,0.1445,4,4,FALSE,FALSE,FALSE
"GENE1316","GENE1316_HUMAN","P33008","Protein GENE1316",-0.2847,0.580209,0.151087,0.163,0.8208,4,6,FALSE,FALSE,FALSE
"GENE2348","GENE2348_HUMAN","P56635","Protein GENE2348",0.2424,0.833562,0.427096,0,0.3695,3,6,FALSE,TRUE,FALSE
"GENE1050","GENE1050_HUMAN","P75114","Protein GENE1050",0.7345,1,0.801836,0,0.0959,5,5,FALSE,FALSE,FALSE
"GENE2041","GENE2041_HUMAN","P23193","Protein GENE2041",0.4625,1,0.933883,0,0.0297,4,2,FALSE,FALSE,FALSE
"GENE2111","GENE2111_HUMAN","P66909","Protein GENE2111",-0.2685,1,0.529076,0,0.2765,6,4,TRUE,FALSE,FALSE
"GENE1056","GENE1056_HUMAN","P87520","Protein GENE1056",0.5274,1,0.878544,0,0.0562,6,2,FALSE,FALSE,FALSE
"GENE0932","GENE0932_HUMAN","P54798","Protein GENE0932",0.5635,0.950626,0.585954,0,0.2321,4,4,FALSE,TRUE,FALSE
"GENE0864","GENE0864_HUMAN","P99754","Protein GENE0864",-0.2677,1,0.836054,0,0.0778,4,3,FALSE,FALSE,FALSE
"GENE2243","GENE2243_HUMAN","P45588","Protein GENE2243",0.3745,0.946981,0.88425,0,0.0534,5,5,FALSE,FALSE,FALSE
"GENE1534","GENE1534_HUMAN","P79663","Protein GENE1534",0.0278,1,0.686143,0,0.1636,2,5,FALSE,FALSE,FALSE
"GENE2272","GENE2272_HUMAN","P14068","Protein GENE2272",0.2281,1,0.939711,0,0.027,3,3,FALSE,FALSE,FALSE
"GENE0862","GENE0862_HUMAN","P97131","Protein GENE0862",-0.6247,0.996113,0.213354,0.0462,0.6709,4,5,FALSE,FALSE,FALSE
"GENE1207","GENE1207_HUMAN","P22387","Protein GENE1207",0.0225,0.93295,0.439859,0,0.3567,2,6,FALSE,FALSE,FALSE
"GENE0578","GENE0578_HUMAN","P50375","Protein GENE0578",-0.5219,1,0.907277,0,0.0423,2,3,TRUE,FALSE,FALSE
"GENE0524","GENE0524_HUMAN","P70235","Protein GENE0524",-0.9783,0.997256,0.331762,0.3526,0.4792,2,6,FALSE,FALSE,FALSE
"GENE1651","GENE1651_HUMAN","P20811","Protein GENE1651",0.6234,1,0.595934,0,0.2248,5,6,FALSE,FALSE,FALSE
"GENE0125","GENE0125_HUMAN","P79479","Protein GENE0125",0.6082,1,0.629269,0,0.2012,3,4,FALSE,FALSE,FALSE
"GENE2530","GENE2530_HUMAN","P93219","Protein GENE2530",0.6566,1,0.923336,0,0.0346,6,3,FALSE,TRUE,FALSE
"GENE1874","GENE1874_HUMAN","P38283","Protein GENE1874",-0.627,1,0.240772,0.25,0.6184,5,5,FALSE,FALSE,FALSE
"GENE0872","GENE0872_HUMAN","P38375","Protein GENE0872",0.012,0.694877,0.29018,0.1044,0.5373,6,3,FALSE,FALSE,FALSE
"GENE1567","GENE1567_HUMAN","P51075","Protein GENE1567",0.5692,0.563461,0.115567,0.5168,0.9372,3,3,FALSE,FALSE,FALSE
"GENE1133","GENE1133_HUMAN","P07142","Protein GENE1133",0.3146,0.933269,0.556361,0,0.2546,2,5,FALSE,FALSE,FALSE
"GENE1093","GENE1093_HUMAN","P54156","Protein GENE1093",-0.0528,0.313903,0.225581,0.3091,0.6467,4,4,FALSE,FALSE,FALSE
"GENE0583","GENE0583_HUMAN","P83095","Protein GENE0583",-0.553,1,0.698193,0.0109,0.156,5,3,FALSE,FALSE,FALSE
"GENE0735","GENE0735_HUMAN","P08673","Protein GENE0735",0.3382,1,0.95954,0,0.0179,4,5,FALSE,FALSE,FALSE
"GENE2705","GENE2705_HUMAN","P11237","Protein GENE2705",-0.2767,1,0.846181,0,0.0725,6,6,FALSE,FALSE,FALSE
"GENE1220","GENE1220_HUMAN","P88216","Protein GENE1220",0.0906,1,0.914515,0.0102,0.0388,4,4,FALSE,TRUE,FALSE
"GENE1439","GENE1439_HUMAN","P63733","Protein GENE1439",-0.4027,1,0.263235,0.4398,0.5797,3,2,FALSE,FALSE,FALSE
"GENE1013","GENE1013_HUMAN","P71382","Protein GENE1013",0.418,1,0.692281,0,0.1597,5,3,TRUE,FALSE,FALSE
"GENE0420","GENE0420_HUMAN","P65609","Protein GENE0420",-0.2475,1,0.823454,0,0.0844,3,5,FALSE,FALSE,FALSE
"GENE2012","GENE2012_HUMAN","P31591","Protein GENE2012",0.2779,0.688741,0.250709,0.2104,0.6008,6,2,FALSE,FALSE,FALSE
"GENE1925","GENE1925_HUMAN","P46180","Protein GENE1925",-0.1936,1,0.90277,0,0.0444,4,4,FALSE,FALSE,FALSE
"GENE0978","GENE0978_HUMAN","P15360","Protein GENE0978",0.2484,1,0.729178,0,0.1372,6,5,FALSE,FALSE,FALSE
"GENE2107","GENE2107_HUMAN","P15277","Protein GENE2107",0.2446,1,0.449316,0.0245,0.3474,5,6,FALSE,FALSE,FALSE
"GENE2004","GENE2004_HUMAN","P95955","Protein GENE2004",0.657,1,0.855897,0,0.0676,4,6,FALSE,TRUE,FALSE
"GENE1607","GENE1607_HUMAN","P23914","Protein GENE1607",-0.2291,1,0.71458,0,0.1459,6,3,FALSE,FALSE,FALSE
"GENE2261","GENE2261_HUMAN","P22580","Protein GENE2261",-0.4753,1,0.656178,0,0.183,4,3,FALSE,FALSE,FALSE
"GENE1110","GENE1110_HUMAN","P01405","Protein GENE1110",0.398,0.340649,0.242739,0.0336,0.6149,2,4,FALSE,FALSE,FALSE
"GENE0841","GENE0841_HUMAN","P75257","Protein GENE0841",-0.4689,1,0.655015,0.0685,0.1837,5,5,FALSE,FALSE,FALSE
"GENE0689","GENE0689_HUMAN","P59487","Protein GENE0689",0.0569,0.910777,0.389818,0,0.4091,6,5,FALSE,FALSE,FALSE
"GENE2098","GENE2098_HUMAN","P14078","Protein GENE2098",-0.0523,0.544785,0.332054,0,0.4788,3,3,FALSE,TRUE,FALSE
"GENE1559","GENE1559_HUMAN","P95461","Protein GENE1559",0.2178,1,0.655365,0,0.1835,2,3,FALSE,FALSE,FALSE
"GENE1867","GENE1867_HUMAN","P28199","Protein GENE1867",-0.096,1,0.53147,0,0.2745,2,6,FALSE,FALSE,FALSE
"GENE0897","GENE0897_HUMAN","P44297","Protein GENE0897",-0.2807,1,0.456234,0,0.3408,2,5,FALSE,FALSE,FALSE
"GENE1542","GENE1542_HUMAN","P13744","Protein GENE1542",-0.4637,1,0.913622,0,0.0392,4,4,TRUE,FALSE,FALSE
"GENE1263","GENE1263_HUMAN","P03135","Protein GENE1263",-0.343,1,0.476705,0,0.3218,5,6,FALSE,FALSE,FALSE
"GENE2487","GENE2487_HUMAN","P32815","Protein GENE2487",0.5669,1,0.424813,0.2728,0.3718,6,6,FALSE,FALSE,FALSE
"GENE2463","GENE2463_HUMAN","P59095","Protein GENE2463",0.2086,1,0.807397,0,0.0929,5,5,FALSE,FALSE,FALSE
"GENE2036","GENE2036_HUMAN","P29833","Protein GENE2036",-0.1154,1,0.404193,0,0.3934,4,5,FALSE,FALSE,FALSE
"GENE2820","GENE2820_HUMAN","P86300","Protein GENE2820",0.3172,1,0.527476,0,0.2778,5,6,FALSE,FALSE,FALSE
"GENE1956","GENE1956_HUMAN","P19532","Protein GENE1956",0.4745,0.814509,0.279682,0.5189,0.5533,6,4,TRUE,FALSE,FALSE
"GENE1203","GENE1203_HUMAN","P11657","Protein GENE1203",0.4,1,0.774402,0,0.111,2,6,FALSE,FALSE,FALSE
"GENE2130","GENE2130_HUMAN","P65935","Protein GENE2130",-0.1543,1,0.384795,0,0.4148,4,5,FALSE,FALSE,FALSE
"GENE0162","GENE0162_HUMAN","P66386","Protein GENE0162",-0.0109,1,0.496389,0,0.3042,5,4,TRUE,FALSE,FALSE
"GENE0751","GENE0751_HUMAN","P87460","Protein GENE0751",-0.1276,0.175669,0.157608,0.8022,0.8024,3,6,FALSE,FALSE,FALSE
"GENE0620","GENE0620_HUMAN","P02336","Protein GENE0620",0.2962,1,0.772207,0,0.1123,6,4,FALSE,FALSE,FALSE
"GENE2755","GENE2755_HUMAN","P08748","Protein GENE2755",0.2754,0.349178,0.230347,0.5902,0.6376,3,2,FALSE,FALSE,FALSE
"GENE1922","GENE1922_HUMAN","P69722","Protein GENE1922",-0.4925,1,0.961782,0,0.0169,6,3,FALSE,FALSE,FALSE
"GENE1472","GENE1472_HUMAN","P68950","Protein GENE1472",-0.2406,0.946367,0.808345,0,0.0924,2,6,FALSE,FALSE,FALSE
"GENE1726","GENE1726_HUMAN","P50588","Protein GENE1726",-0.2709,0.081088,0.080044,0.5812,1.0967,4,5,FALSE,FALSE,FALSE
"GENE0590","GENE0590_HUMAN","P89761","Protein GENE0590",-0.0326,0.369808,0.164655,0.707,0.7834,2,5,FALSE,FALSE,FALSE
"GENE2296","GENE2296_HUMAN","P40254","Protein GENE2296",-0.5108,1,0.906782,0,0.0425,5,4,FALSE,FALSE,FALSE
"GENE2685","GENE2685_HUMAN","P36148","Protein GENE2685",0.1508,1,0.770221,0,0.1134,4,3,FALSE,FALSE,FALSE
"GENE2524","GENE2524_HUMAN","P13958","Protein GENE2524",-0.0744,1,0.869744,0,0.0606,3,5,FALSE,FALSE,FALSE
"GENE2304","GENE2304_HUMAN","P05719","Protein GENE2304",0.1418,1,0.392907,0,0.4057,2,4,FALSE,TRUE,FALSE
"GENE0308","GENE0308_HUMAN","P67813","Protein GENE0308",-0.1606,1,0.733004,0,0.1349,5,5,TRUE,FALSE,FALSE
"GENE0370","GENE0370_HUMAN","P44326","Protein GENE0370",-0.1177,1,0.758174,0,0.1202,5,4,FALSE,FALSE,FALSE
"GENE2512","GENE2512_HUMAN","P80804","Protein GENE2512",0.2764,1,0.482193,0,0.3168,2,4,FALSE,FALSE,FALSE
"GENE1555","GENE1555_HUMAN","P99686","Protein GENE1555",0.3979,1,0.385661,0.1258,0.4138,4,2,FALSE,FALSE,FALSE
"GENE1970","GENE1970_HUMAN","P71879","Protein GENE1970",0.393,1,0.825739,0,0.0832,5,2,FALSE,FALSE,FALSE
"GENE0216","GENE0216_HUMAN","P09560","Protein GENE0216",-0.2789,0.669907,0.140198,0.5456,0.8533,4,3,FALSE,FALSE,FALSE
"GENE2571","GENE2571_HUMAN","P33370","Protein GENE2571",-0.2578,1,0.788119,0,0.1034,5,6,FALSE,FALSE,FALSE
"GENE1136","GENE1136_HUMAN","P75794","Protein GENE1136",0.6238,0.98042,0.274217,0,0.5619,2,4,FALSE,FALSE,FALSE
"GENE2236","GENE2236_HUMAN","P83471","Protein GENE2236",-4.2603,0.025338,0.015408,1.2474,1.8123,4,6,FALSE,FALSE,TRUE
"GENE1679","GENE1679_HUMAN","P94574","Protein GENE1679",0.4482,1,0.78642,0.1032,0.1043,4,3,FALSE,FALSE,FALSE
"GENE2827","GENE2827_HUMAN","P11894","Protein GENE2827",0.3352,1,0.966196,0,0.0149,2,2,FALSE,FALSE,FALSE
"GENE0870","GENE0870_HUMAN","P46455","Protein GENE0870",-0.0137,1,0.618437,0,0.2087,5,4,FALSE,FALSE,FALSE
"GENE0119","GENE0119_HUMAN","P68062","Protein GENE0119",-0.0747,1,0.748836,0,0.1256,5,6,FALSE,FALSE,FALSE
"GENE1497","GENE1497_HUMAN","P32641","Protein GENE1497",-0.3784,0.261429,0.171663,0.3719,0.7653,4,3,FALSE,FALSE,FALSE
"GENE1663","GENE1663_HUMAN","P48512","Protein GENE1663",0.1145,1,0.589144,0,0.2298,5,3,FALSE,FALSE,FALSE
"GENE0721","GENE0721_HUMAN","P18958","Protein GENE0721",-0.2419,1,0.717851,0,0.144,4,6,FALSE,FALSE,FALSE
"GENE0077","GENE0077_HUMAN","P95707","Protein GENE0077",0.8953,0.921532,0.727401,0,0.1382,5,6,FALSE,FALSE,FALSE
"GENE1919","GENE1919_HUMAN","P52708","Protein GENE1919",0.0852,0.13252,0.074829,0.656,1.1259,3,2,FALSE,FALSE,FALSE
"GENE0237","GENE0237_HUMAN","P35732","Protein GENE0237",-0.045,1,0.725612,0,0.1393,2,6,FALSE,TRUE,FALSE
"GENE2651","GENE2651_HUMAN","P62644","Protein GENE2651",-0.114,1,0.737155,0,0.1324,4,2,FALSE,FALSE,FALSE
"GENE1161","GENE1161_HUMAN","P26958","Protein GENE1161",-0.607,1,0.837584,0.0691,0.077,6,5,FALSE,FALSE,FALSE
"GENE1878","GENE1878_HUMAN","P38772","Protein GENE1878",0.999,0.535732,0.226275,0,0.6454,3,3,FALSE,FALSE,FALSE
"GENE0217","GENE0217_HUMAN","P40425","Protein GENE0217",0.9804,1,0.898973,0,0.0463,3,6,FALSE,FALSE,FALSE
"GENE0151","GENE0151_HUMAN","P94569","Protein GENE0151",-0.0982,0.995115,0.386349,0,0.413,5,3,FALSE,FALSE,FALSE
"GENE2365","GENE2365_HUMAN","P30269","Protein GENE2365",-0.4197,0.339735,0.0771,0.8661,1.1129,5,5,FALSE,FALSE,FALSE
"GENE0564","GENE0564_HUMAN","P90587","Protein GENE0564",0.5387,1,0.849611,0,0.0708,6,5,FALSE,TRUE,FALSE
"GENE1082","GENE1082_HUMAN","P64819","Protein GENE1082",-0.3345,1,0.618908,0,0.2084,3,2,FALSE,TRUE,FALSE
"GENE2897","GENE2897_HUMAN","P03472","Protein GENE2897",0.2539,1,0.586365,0,0.2318,3,2,FALSE,FALSE,FALSE
"GENE2116","GENE2116_HUMAN","P69270","Protein GENE2116",0.4281,1,0.957089,0,0.019,6,2,FALSE,FALSE,FALSE
"GENE2288","GENE2288_HUMAN","P43473","Protein GENE2288",0.335,0.388317,0.116327,0.7454,0.9343,2,4,FALSE,FALSE,FALSE
"GENE0569","GENE0569_HUMAN","P53820","Protein GENE0569",0.3148,0.30694,0.10496,0.9093,0.979,3,5,FALSE,FALSE,FALSE
"GENE1277","GENE1277_HUMAN","P07973","Protein GENE1277",0.4093,1,0.518836,0,0.285,4,4,FALSE,FALSE,FALSE
"GENE0276","GENE0276_HUMAN","P64847","Protein GENE0276",-0.1486,1,0.580708,0,0.236,5,3,FALSE,FALSE,FALSE
"GENE0867","GENE0867_HUMAN","P70390","Protein GENE0867",-0.0913,1,0.960204,0,0.0176,2,6,FALSE,FALSE,FALSE
"GENE2125","GENE2125_HUMAN","P62076","Protein GENE2125",-0.1538,0.560416,0.19306,0.3291,0.7143,4,4,FALSE,FALSE,FALSE
"GENE1196","GENE1196_HUMAN","P91335","Protein GENE1196",-0.1049,0.91081,0.200842,0.2456,0.6971,2,5,FALSE,FALSE,FALSE
"GENE1725","GENE1725_HUMAN","P48180","Protein GENE1725",-0.4636,1,0.838557,0,0.0765,3,6,FALSE,FALSE,FALSE
"GENE0763","GENE0763_HUMAN","P77811","Protein GENE0763",0.4371,0.722077,0.652924,0,0.1851,3,6,FALSE,FALSE,FALSE
"GENE1440","GENE1440_HUMAN","P68038","Protein GENE1440",0.6496,0.035658,0.035383,1.0119,1.4512,2,3,FALSE,FALSE,TRUE
"GENE0371","GENE0371_HUMAN","P23494","Protein GENE0371",-0.178,0.508442,0.117472,0.2918,0.9301,3,4,FALSE,FALSE,FALSE
"GENE1178","GENE1178_HUMAN","P65206","Protein GENE1178",-0.5817,1,0.574993,0,0.2403,3,5,FALSE,FALSE,FALSE
"GENE2490","GENE2490_HUMAN","P84440","Protein GENE2490",0.3289,0.691004,0.170035,0.6557,0.7695,5,2,FALSE,TRUE,FALSE
"GENE2438","GENE2438_HUMAN","P23487","Protein GENE2438",-0.0932,1,0.663157,0,0.1784,5,3,FALSE,FALSE,FALSE
"GENE2275","GENE2275_HUMAN","P08408","Protein GENE2275",-0.4007,1,0.92864,0,0.0322,2,6,FALSE,FALSE,FALSE
"GENE0153","GENE0153_HUMAN","P54567","Protein GENE0153",-0.523,1,0.763671,0,0.1171,5,2,FALSE,TRUE,FALSE
"GENE1787","GENE1787_HUMAN","P94740","Protein GENE1787",0.0822,1,0.982967,0,0.0075,4,4,FALSE,TRUE,FALSE
"GENE2459","GENE2459_HUMAN","P21543","Protein GENE2459",-1.1252,0.023389,0.018852,1.114,1.7246,4,5,TRUE,FALSE,TRUE
"GENE2006","GENE2006_HUMAN","P46680","Protein GENE2006",0.1797,1,0.609164,0,0.2153,5,6,FALSE,TRUE,FALSE
"GENE0379","GENE0379_HUMAN","P13995","Protein GENE0379",0.1533,0.899465,0.520973,0,0.2832,4,2,FALSE,FALSE,FALSE
"GENE2733","GENE2733_HUMAN","P03656","Protein GENE2733",0.2096,0.309175,0.202706,0.3957,0.6931,2,4,FALSE,FALSE,FALSE
"GENE2398","GENE2398_HUMAN","P03648","Protein GENE2398",-0.1616,1,0.77709,0,0.1095,6,6,FALSE,FALSE,FALSE
"GENE1843","GENE1843_HUMAN","P18786","Protein GENE1843",-0.2527,1,0.97753,0,0.0099,3,6,FALSE,FALSE,FALSE
"GENE0559","GENE0559_HUMAN","P01824","Protein GENE0559",-0.2329,0.725879,0.318204,0,0.4973,6,6,FALSE,FALSE,FALSE
"DDX50","DDX50_HUMAN","P18809","Protein DDX50",0.1274,1,0.894285,0,0.0485,6,6,FALSE,FALSE,FALSE
"GENE0834","GENE0834_HUMAN","P58700","Protein GENE0834",0.0568,1,0.442341,0,0.3542,6,3,FALSE,FALSE,FALSE
"GENE2865","GENE2865_HUMAN","P90581","Protein GENE2865",-0.3476,1,0.882626,0,0.0542,4,5,FALSE,FALSE,FALSE
"GENE2769","GENE2769_HUMAN","P11150","Protein GENE2769",-0.1912,1,0.930323,0,0.0314,4,3,FALSE,TRUE,FALSE
"GENE1160","GENE1160_HUMAN","P37042","Protein GENE1160",-0.0013,1,0.621867,0,0.2063,3,5,TRUE,FALSE,FALSE
"GENE2416","GENE2416_HUMAN","P54065","Protein GENE2416",0.3051,0.667206,0.533581,0,0.2728,5,2,FALSE,FALSE,FALSE
"GENE2623","GENE2623_HUMAN","P70410","Protein GENE2623",-0.0837,1,0.456733,0.0525,0.3403,4,4,FALSE,FALSE,FALSE
"GENE2679","GENE2679_HUMAN","P18968","Protein GENE2679",0.8498,0.18962,0.079115,0.4583,1.1017,6,6,FALSE,FALSE,FALSE
"GENE0401","GENE0401_HUMAN","P11458","Protein GENE0401",-0.1105,1,0.630928,0,0.2,4,5,FALSE,FALSE,FALSE
"GENE2687","GENE2687_HUMAN","P20139","Protein GENE2687",0.068,1,0.483995,0,0.3152,3,2,FALSE,FALSE,FALSE
"GENE0130","GENE0130_HUMAN","P15817","Protein GENE0130",-0.3532,1,0.762294,0,0.1179,5,2,FALSE,FALSE,FALSE
"GENE1001","GENE1001_HUMAN","P51043","Protein GENE1001",0.1584,1,0.979261,0,0.0091,6,3,FALSE,FALSE,FALSE
"GENE0671","GENE0671_HUMAN","P15533","Protein GENE0671",-0.1093,1,0.892222,0,0.0495,4,3,FALSE,FALSE,FALSE
"GENE1100","GENE1100_HUMAN","P91492","Protein GENE1100",-0.001,0.29717,0.236457,0.0361,0.6262,5,6,FALSE,FALSE,FALSE
"GENE0917","GENE0917_HUMAN","P54227","Protein GENE0917",0.118,1,0.478529,0.26,0.3201,2,5,FALSE,FALSE,FALSE
"GENE1894","GENE1894_HUMAN","P85405","Protein GENE1894",0.2831,0.998785,0.251882,0.4774,0.5988,5,3,FALSE,FALSE,FALSE
"GENE1605","GENE1605_HUMAN","P93909","Protein GENE1605",0.6011,1,0.750894,0,0.1244,2,2,FALSE,FALSE,FALSE
"GENE1978","GENE1978_HUMAN","P41672","Protein GENE1978",0.0492,1,0.292497,0.2862,0.5339,2,3,FALSE,TRUE,FALSE
"GENE0030","GENE0030_HUMAN","P73857","Protein GENE0030",-0.3801,1,0.582726,0,0.2345,4,3,FALSE,FALSE,FALSE
"GENE1069","GENE1069_HUMAN","P34402","Protein GENE1069",-0.0754,0.975103,0.725425,0,0.1394,3,5,FALSE,TRUE,FALSE
"GENE2879","GENE2879_HUMAN","P60151","Protein GENE2879",-0.0509,1,0.259108,0,0.5865,6,2,FALSE,FALSE,FALSE
"GENE1533","GENE1533_HUMAN","P54672","Protein GENE1533",-0.2704,0.313307,0.110544,0.2972,0.9565,5,4,FALSE,FALSE,FALSE
"GENE0069","GENE0069_HUMAN","P66982","Protein GENE0069",3.5037,0.004811,0.001106,2.8621,2.9561,2,3,FALSE,FALSE,TRUE
"GENE2013","GENE2013_HUMAN","P60605","Protein GENE2013",-0.466,0.186228,0.105488,0.619,0.9768,6,2,FALSE,FALSE,FALSE
"GENE0845","GENE0845_HUMAN","P51353","Protein GENE0845",0.0279,1,0.862394,0,0.0643,6,3,FALSE,FALSE,FALSE
"GENE0052","GENE0052_HUMAN","P78530","Protein GENE0052",0.3579,0.923567,0.767063,0,0.1152,3,2,FALSE,FALSE,FALSE
"GENE0036","GENE0036_HUMAN","P66271","Protein GENE0036",0.2365,1,0.427671,0,0.3689,4,5,FALSE,FALSE,FALSE
"GENE1278","GENE1278_HUMAN","P96126","Protein GENE1278",-0.4557,1,0.705586,0,0.1514,6,5,FALSE,FALSE,FALSE
"GENE1360","GENE1360_HUMAN","P01946","Protein GENE1360",0.2767,1,0.958661,0,0.0183,5,5,FALSE,FALSE,FALSE
"GENE0384","GENE0384_HUMAN","P03399","Protein GENE0384",0.1239,1,0.918229,0,0.037,5,4,TRUE,FALSE,FALSE
"GENE0946","GENE0946_HUMAN","P20727","Protein GENE0946",-0.2963,0.373372,0.26469,0.3411,0.5773,4,3,FALSE,FALSE,FALSE
"GENE1523","GENE1523_HUMAN","P60069","Protein GENE1523",0.3139,1,0.814004,0,0.0894,5,2,FALSE,FALSE,FALSE
"AGGF1","AGGF1_HUMAN","P03270","Protein AGGF1",-0.5103,1,0.533376,0.1051,0.273,2,3,FALSE,FALSE,FALSE
"GENE0480","GENE0480_HUMAN","P06950","Protein GENE0480",0.6692,1,0.469954,0,0.3279,2,2,FALSE,FALSE,FALSE
"GENE0039","GENE0039_HUMAN","P99304","Protein GENE0039",0.0963,1,0.811116,0.0894,0.0909,3,5,FALSE,FALSE,FALSE
"GENE1230","GENE1230_HUMAN","P06350","Protein GENE1230",-0.0444,0.243212,0.237974,0.0445,0.6235,2,6,FALSE,FALSE,FALSE
"GENE2803","GENE2803_HUMAN","P58049","Protein GENE2803",-0.0944,0.31428,0.283763,0.2594,0.547,3,3,FALSE,FALSE,FALSE
"GENE0456","GENE0456_HUMAN","P60361","Protein GENE0456",-0.1173,1,0.911947,0,0.04,4,2,FALSE,FALSE,FALSE
"GENE2706","GENE2706_HUMAN","P08707","Protein GENE2706",-0.0317,1,0.908265,0,0.0418,4,6,FALSE,FALSE,FALSE
"GENE0780","GENE0780_HUMAN","P61021","Protein GENE0780",0.2286,1,0.681417,0,0.1666,4,2,FALSE,TRUE,FALSE
"GENE0956","GENE0956_HUMAN","P17215","Protein GENE0956",-0.0979,1,0.425991,0,0.3706,2,2,TRUE,FALSE,FALSE
"GENE0221","GENE0221_HUMAN","P11034","Protein GENE0221",-0.2618,1,0.694823,0,0.1581,2,3,FALSE,FALSE,FALSE
"GENE2380","GENE2380_HUMAN","P29191","Protein GENE2380",-0.1611,1,0.999902,0,0,4,6,FALSE,FALSE,FALSE
"GENE2808","GENE2808_HUMAN","P04785","Protein GENE2808",-0.1038,0.138281,0.060494,0.8715,1.2183,2,2,FALSE,FALSE,FALSE
"GENE1126","GENE1126_HUMAN","P68480","Protein GENE1126",1.3975,1,0.696505,0,0.1571,4,6,FALSE,FALSE,FALSE
"GENE0913","GENE0913_HUMAN","P55477","Protein GENE0913",0.7509,0.644197,0.434874,0.2625,0.3616,3,2,FALSE,FALSE,FALSE
"GENE0360","GENE0360_HUMAN","P65212","Protein GENE0360",0.0123,0.813379,0.751926,0,0.1238,4,3,FALSE,FALSE,FALSE
"GENE1600","GENE1600_HUMAN","P89859","Protein GENE1600",-0.1992,1,0.810958,0,0.091,6,3,FALSE,FALSE,FALSE
"GENE0025","GENE0025_HUMAN","P38507","Protein GENE0025",0.5664,1,0.410325,0,0.3869,5,6,FALSE,FALSE,FALSE
"GENE2781","GENE2781_HUMAN","P27351","Protein GENE2781",-0.5137,0.231677,0.185785,0.3954,0.731,5,6,TRUE,FALSE,FALSE
"GENE2421","GENE2421_HUMAN","P47517","Protein GENE2421",-0.0915,1,0.560169,0,0.2517,2,5,FALSE,FALSE,FALSE
"GENE1773","GENE1773_HUMAN","P95282","Protein GENE1773",-0.456,0.426465,0.212495,0.1293,0.6727,2,4,FALSE,FALSE,FALSE
"GENE0250","GENE0250_HUMAN","P18759","Protein GENE0250",0.0369,0.848497,0.181446,0.0488,0.7413,3,2,FALSE,FALSE,FALSE
"GENE2515","GENE2515_HUMAN","P99888","Protein GENE2515",-0.5438,1,0.428573,0.1234,0.368,4,5,FALSE,FALSE,FALSE
"GENE0615","GENE0615_HUMAN","P05207","Protein GENE0615",-0.2571,0.960556,0.382029,0,0.4179,5,2,TRUE,FALSE,FALSE
"GENE1162","GENE1162_HUMAN","P30529","Protein GENE1162",0.2371,1,0.908105,0,0.0419,4,5,FALSE,FALSE,FALSE
"GENE0794","GENE0794_HUMAN","P52759","Protein GENE0794",0.2407,1,0.806098,0,0.0936,3,4,FALSE,TRUE,FALSE
"GENE2652","GENE2652_HUMAN","P20555","Protein GENE2652",-0.7013,1,0.415815,0,0.3811,3,4,FALSE,FALSE,FALSE
"GENE2007","GENE2007_HUMAN","P70100","Protein GENE2007",1.453,0.07216,0.017036,1.2808,1.7686,4,6,FALSE,FALSE,TRUE
"MED15","MED15_HUMAN","P84803","Protein MED15",-0.5671,1,0.565919,0,0.2472,6,4,FALSE,FALSE,FALSE
"GENE2736","GENE2736_HUMAN","P21808","Protein GENE2736",0.3195,1,0.494309,0,0.306,2,2,FALSE,FALSE,FALSE
"GENE1588","GENE1588_HUMAN","P62892","Protein GENE1588",0.3645,1,0.6412,0,0.193,4,4,FALSE,FALSE,FALSE
"GENE1982","GENE1982_HUMAN","P10502","Protein GENE1982",-0.4063,1,0.909741,0,0.0411,5,6,FALSE,FALSE,FALSE
"GENE2410","GENE2410_HUMAN","P42372","Protein GENE2410",-0.7912,1,0.644733,0,0.1906,3,3,FALSE,FALSE,FALSE
"GENE1993","GENE1993_HUMAN","P22346","Protein GENE1993",-0.0069,1,0.314954,0,0.5018,5,3,FALSE,FALSE,FALSE
"GENE2779","GENE2779_HUMAN","P11217","Protein GENE2779",0.0592,1,0.896455,0.0273,0.0475,2,2,FALSE,FALSE,FALSE
"LARP7","LARP7_HUMAN","P46923","Protein LARP7",-0.1902,1,0.448634,0.1267,0.3481,5,2,FALSE,FALSE,FALSE
"GENE1886","GENE1886_HUMAN","P36626","Protein GENE1886",-0.026,1,0.973518,0,0.0117,6,5,TRUE,FALSE,FALSE
"GENE0865","GENE0865_HUMAN","P30401","Protein GENE0865",0.2955,0.953208,0.840089,0,0.0757,6,5,TRUE,TRUE,FALSE
"GENE2253","GENE2253_HUMAN","P99387","Protein GENE2253",-0.7711,0.743158,0.596282,0.0686,0.2245,2,6,FALSE,FALSE,FALSE
"GENE0476","GENE0476_HUMAN","P42647","Protein GENE0476",-0.7737,1,0.925071,0,0.0338,5,4,TRUE,FALSE,FALSE
"GENE2662","GENE2662_HUMAN","P79521","Protein GENE2662",-0.1709,0.846967,0.460468,0,0.3368,6,2,TRUE,FALSE,FALSE
"GENE2526","GENE2526_HUMAN","P57769","Protein GENE2526",-0.2836,1,0.672975,0,0.172,6,5,FALSE,FALSE,FALSE
"GENE0855","GENE0855_HUMAN","P98842","Protein GENE0855",-0.6699,1,0.932034,0,0.0306,6,2,FALSE,FALSE,FALSE
"GENE0062","GENE0062_HUMAN","P71641","Protein GENE0062",0.0058,0.231574,0.172574,0.5473,0.763,2,6,FALSE,FALSE,FALSE
"GENE0136","GENE0136_HUMAN","P23311","Protein GENE0136",-0.1965,0.750341,0.372021,0.2607,0.4294,6,5,FALSE,FALSE,FALSE
"GENE2366","GENE2366_HUMAN","P28931","Protein GENE2366",-0.2355,0.627066,0.209086,0.0393,0.6797,2,4,FALSE,FALSE,FALSE
"GENE2454","GENE2454_HUMAN","P55470","Protein GENE2454",-0.0433,0.925756,0.700739,0,0.1544,5,5,FALSE,FALSE,FALSE
"GENE1778","GENE1778_HUMAN","P47864","Protein GENE1778",0.4826,1,0.640625,0,0.1934,3,3,FALSE,FALSE,FALSE
"GENE2629","GENE2629_HUMAN","P78029","Protein GENE2629",-0.4054,1,0.953227,0,0.0208,6,2,FALSE,FALSE,FALSE
"GENE2496","GENE2496_HUMAN","P02012","Protein GENE2496",0.445,1,0.631629,0,0.1995,6,5,FALSE,FALSE,FALSE
"GENE0391","GENE0391_HUMAN","P46687","Protein GENE0391",-0.2282,0.704592,0.579605,0,0.2369,3,2,FALSE,TRUE,FALSE
"GENE0558","GENE0558_HUMAN","P02158","Protein GENE0558",-0.0123,1,0.887121,0,0.052,5,4,FALSE,FALSE,FALSE
"GENE0006","GENE0006_HUMAN","P99480","Protein GENE0006",0.4519,1,0.334682,0,0.4754,2,3,FALSE,TRUE,FALSE
"GENE2825","GENE2825_HUMAN","P72350","Protein GENE2825",-0.4224,0.489719,0.259318,0.1441,0.5862,2,5,FALSE,TRUE,FALSE
"GENE2060","GENE2060_HUMAN","P82212","Protein GENE2060",-0.2821,0.240409,0.111057,0.7083,0.9545,3,4,FALSE,FALSE,FALSE
"GENE0781","GENE0781_HUMAN","P13286","Protein GENE0781",-0.2186,0.553737,0.514128,0,0.2889,4,5,FALSE,FALSE,FALSE
"GENE1024","GENE1024_HUMAN","P08988","Protein GENE1024",0.6231,1,0.274504,0.1561,0.5615,5,6,FALSE,FALSE,FALSE
"GENE2088","GENE2088_HUMAN","P59745","Protein GENE2088",0.8155,1,0.778399,0,0.1088,5,5,FALSE,FALSE,FALSE
"GENE1976","GENE1976_HUMAN","P46071","Protein GENE1976",-0.1323,0.578162,0.282522,0.2277,0.5489,5,5,FALSE,FALSE,FALSE
"GENE1585","GENE1585_HUMAN","P32966","Protein GENE1585",-0.0345,1,0.716708,0,0.1447,3,3,FALSE,TRUE,FALSE
"GENE2000","GENE2000_HUMAN","P07555","Protein GENE2000",-0.0644,1,0.394528,0,0.4039,3,5,TRUE,FALSE,FALSE
"GENE2531","GENE2531_HUMAN","P98289","Protein GENE2531",0.0351,0.423232,0.095225,0.4132,1.0213,4,3,FALSE,FALSE,FALSE
"GENE0233","GENE0233_HUMAN","P64589","Protein GENE0233",-0.3124,1,0.844725,0,0.0733,5,5,FALSE,FALSE,FALSE
"GENE1381","GENE1381_HUMAN","P16514","Protein GENE1381",-0.0704,0.50117,0.445673,0,0.351,2,3,FALSE,FALSE,FALSE
"GENE2292","GENE2292_HUMAN","P19756","Protein GENE2292",0.2543,1,0.843435,0,0.0739,2,5,FALSE,FALSE,FALSE
"GENE1671","GENE1671_HUMAN","P00581","Protein GENE1671",-0.367,1,0.596905,0,0.2241,2,3,FALSE,FALSE,FALSE
"GENE1838","GENE1838_HUMAN","P50500","Protein GENE1838",0.0967,1,0.913081,0,0.0395,5,6,FALSE,FALSE,FALSE
"GENE0394","GENE0394_HUMAN","P88548","Protein GENE0394",0.1907,1,0.886708,0,0.0522,6,3,FALSE,FALSE,FALSE
"GENE0643","GENE0643_HUMAN","P50372","Protein GENE0643",0.0216,1,0.924065,0,0.0343,2,5,FALSE,TRUE,FALSE
"GENE2176","GENE2176_HUMAN","P46165","Protein GENE2176",0.4541,1,0.616521,0,0.2101,4,4,FALSE,TRUE,FALSE
"GENE1777","GENE1777_HUMAN","P86636","Protein GENE1777",-0.9268,1,0.574211,0.0949,0.2409,4,4,FALSE,FALSE,FALSE
"GENE0527","GENE0527_HUMAN","P38249","Protein GENE0527",-0.2544,0.481756,0.295929,0,0.5288,5,5,FALSE,FALSE,FALSE
"GENE0842","GENE0842_HUMAN","P99808","Protein GENE0842",-0.1604,1,0.985495,0,0.0063,2,6,FALSE,FALSE,FALSE
"GENE0925","GENE0925_HUMAN","P19436","Protein GENE0925",0.3586,1,0.526217,0.1459,0.2788,3,4,FALSE,TRUE,FALSE
"GENE2478","GENE2478_HUMAN","P40540","Protein GENE2478",-0.1103,0.384636,0.336375,0,0.4732,3,6,FALSE,FALSE,FALSE
"GENE0171","GENE0171_HUMAN","P91783","Protein GENE0171",0.3645,0.707816,0.355782,0,0.4488,3,5,TRUE,TRUE,FALSE
"GENE2690","GENE2690_HUMAN","P64211","Protein GENE2690",0.3639,1,0.591677,0,0.2279,5,5,TRUE,FALSE,FALSE
"GENE1639","GENE1639_HUMAN","P90824","Protein GENE1639",0.6371,0.468132,0.330367,0,0.481,4,6,FALSE,FALSE,FALSE
"GENE1954","GENE1954_HUMAN","P64710","Protein GENE1954",3.9269,0.160879,0.042997,0.7271,1.3666,2,2,FALSE,TRUE,TRUE
"GENE0309","GENE0309_HUMAN","P82878","Protein GENE0309",-0.5186,1,0.381453,0.0161,0.4186,5,5,FALSE,FALSE,FALSE
"GENE2158","GENE2158_HUMAN","P41905","Protein GENE2158",-0.1341,0.203644,0.125382,0.4069,0.9018,2,2,FALSE,TRUE,FALSE
"GENE1362","GENE1362_HUMAN","P12343","Protein GENE1362",0.3895,1,0.719649,0,0.1429,5,4,FALSE,FALSE,FALSE
"GENE1421","GENE1421_HUMAN","P52122","Protein GENE1421",0.3927,1,0.93356,0,0.0299,5,2,FALSE,TRUE,FALSE
"GENE1223","GENE1223_HUMAN","P22675","Protein GENE1223",-0.8913,1,0.873284,0,0.0588,2,6,FALSE,FALSE,FALSE
"GENE1442","GENE1442_HUMAN","P01957","Protein GENE1442",-0.4871,1,0.778646,0,0.1087,2,5,FALSE,FALSE,FALSE
"GENE0576","GENE0576_HUMAN","P37919","Protein GENE0576",0.782,1,0.453373,0,0.3435,2,3,FALSE,FALSE,FALSE
"SUGP1","SUGP1_HUMAN","P44469","Protein SUGP1",0.9125,1,0.310119,0.0105,0.5085,2,5,FALSE,FALSE,FALSE
"GENE1577","GENE1577_HUMAN","P12498","Protein GENE1577",0.609,1,0.936375,0,0.0286,3,2,FALSE,FALSE,FALSE
"GENE1951","GENE1951_HUMAN","P18768","Protein GENE1951",0.0335,1,0.754308,0,0.1225,2,3,FALSE,FALSE,FALSE
"GENE2754","GENE2754_HUMAN","P02259","Protein GENE2754",-0.2646,0.41628,0.250321,0,0.6015,2,3,FALSE,FALSE,FALSE
"GENE1017","GENE1017_HUMAN","P18594","Protein GENE1017",-0.1065,0.980183,0.910856,0,0.0406,4,2,FALSE,TRUE,FALSE
"GENE2396","GENE2396_HUMAN","P91222","Protein GENE2396",-0.252,0.833533,0.687512,0,0.1627,4,2,FALSE,FALSE,FALSE
"GENE2568","GENE2568_HUMAN","P36998","Protein GENE2568",-0.5525,0.331712,0.176252,0.3879,0.7539,3,2,FALSE,FALSE,FALSE
"GENE0307","GENE0307_HUMAN","P54754","Protein GENE0307",-0.9213,1,0.483421,0,0.3157,6,4,FALSE,FALSE,FALSE
"GENE2777","GENE2777_HUMAN","P73612","Protein GENE2777",-0.7137,0.436683,0.113718,0.3811,0.9442,5,3,FALSE,FALSE,FALSE
"GENE0297","GENE0297_HUMAN","P73821","Protein GENE0297",0.1072,1,0.664136,0,0.1777,5,6,FALSE,FALSE,FALSE
"GENE0993","GENE0993_HUMAN","P84921","Protein GENE0993",0.326,0.303558,0.20815,0.5034,0.6816,3,2,FALSE,FALSE,FALSE
"GPATCH2","GPATCH2_HUMAN","P27806","Protein GPATCH2",-0.116,0.877473,0.294642,0.2162,0.5307,5,4,FALSE,FALSE,FALSE
"GENE1436","GENE1436_HUMAN","P19748","Protein GENE1436",-4.1494,0.062764,0.032099,0.926,1.4935,2,3,FALSE,FALSE,TRUE
"GENE2854","GENE2854_HUMAN","P14620","Protein GENE2854",-0.2002,1,0.968086,0,0.0141,6,5,FALSE,FALSE,FALSE
"GENE2030","GENE2030_HUMAN","P16349","Protein GENE2030",-0.376,0.231008,0.216696,0.1625,0.6641,6,5,FALSE,FALSE,FALSE
"GENE0148","GENE0148_HUMAN","P57034","Protein GENE0148",0.0271,1,0.895299,0,0.048,4,2,FALSE,FALSE,FALSE
"GENE2866","GENE2866_HUMAN","P86593","Protein GENE2866",0.0046,0.84321,0.325144,0,0.4879,4,5,FALSE,FALSE,FALSE
"GENE2064","GENE2064_HUMAN","P29938","Protein GENE2064",0.542,1,0.417368,0.2879,0.3795,3,2,FALSE,FALSE,FALSE
"GENE0432","GENE0432_HUMAN","P06721","Protein GENE0432",-0.1276,1,0.426346,0,0.3702,6,5,FALSE,FALSE,FALSE
"GENE2055","GENE2055_HUMAN","P06647","Protein GENE2055",0.7311,0.451071,0.099739,0.3058,1.0011,2,4,FALSE,FALSE,FALSE
"GENE1563","GENE1563_HUMAN","P17329","Protein GENE1563",0.028,0.337143,0.112503,0.8183,0.9488,2,6,TRUE,FALSE,FALSE
"GENE0961","GENE0961_HUMAN","P89838","Protein GENE0961",-0.4963,1,0.823488,0,0.0843,4,5,FALSE,FALSE,FALSE
"GENE0698","GENE0698_HUMAN","P73286","Protein GENE0698",-0.0616,0.500809,0.151034,0.491,0.8209,2,2,FALSE,FALSE,FALSE
"GENE1971","GENE1971_HUMAN","P21783","Protein GENE1971",0.2116,0.931218,0.714801,0,0.1458,5,2,TRUE,FALSE,FALSE
"GENE2637","GENE2637_HUMAN","P24589","Protein GENE2637",1.228,1,0.382802,0.1382,0.417,6,6,FALSE,FALSE,FALSE
"GENE1477","GENE1477_HUMAN","P84850","Protein GENE1477",0.4925,1,0.424889,0,0.3717,5,2,FALSE,FALSE,FALSE
"GENE0114","GENE0114_HUMAN","P36286","Protein GENE0114",-0.9546,1,0.826653,0,0.0827,6,6,FALSE,FALSE,FALSE
"GENE0847","GENE0847_HUMAN","P37937","Protein GENE0847",0.2958,1,0.66857,0,0.1749,2,3,FALSE,FALSE,FALSE
"GENE1384","GENE1384_HUMAN","P42381","Protein GENE1384",0.3862,1,0.626893,0.2022,0.2028,2,2,FALSE,FALSE,FALSE
"GENE2078","GENE2078_HUMAN","P94862","Protein GENE2078",-0.1939,1,0.274439,0,0.5616,3,6,FALSE,FALSE,FALSE
"GENE1149","GENE1149_HUMAN","P82200","Protein GENE1149",0.4813,1,0.66247,0.0274,0.1788,3,4,FALSE,FALSE,FALSE
"GENE1835","GENE1835_HUMAN","P04780","Protein GENE1835",-0.2646,0.735094,0.535178,0,0.2715,4,5,TRUE,FALSE,FALSE
"GENE1323","GENE1323_HUMAN","P64542","Protein GENE1323",-0.3505,1,0.867668,1e-04,0.0616,4,4,FALSE,FALSE,FALSE
"GENE2241","GENE2241_HUMAN","P45692","Protein GENE2241",0.2241,1,0.984919,0,0.0066,3,5,FALSE,FALSE,FALSE
"GENE0508","GENE0508_HUMAN","P71411","Protein GENE0508",0.259,1,0.529962,0,0.2758,4,5,FALSE,FALSE,FALSE
"GENE1064","GENE1064_HUMAN","P90339","Protein GENE1064",0.0798,0.558193,0.34552,0,0.4615,4,5,FALSE,FALSE,FALSE
"GENE2776","GENE2776_HUMAN","P03149","Protein GENE2776",-0.4665,1,0.680142,0,0.1674,5,2,FALSE,FALSE,FALSE
"GENE1229","GENE1229_HUMAN","P06814","Protein GENE1229",0.2937,1,0.611815,0,0.2134,5,2,TRUE,FALSE,FALSE
"GENE1541","GENE1541_HUMAN","P17236","Protein GENE1541",0.5275,1,0.700916,0,0.1543,5,3,FALSE,FALSE,FALSE
"GENE1010","GENE1010_HUMAN","P95400","Protein GENE1010",-0.0917,1,0.784175,0,0.1056,5,2,FALSE,FALSE,FALSE
"GENE2409","GENE2409_HUMAN","P20272","Protein GENE2409",0.2595,1,0.782201,0,0.1067,6,3,FALSE,FALSE,FALSE
"GENE2269","GENE2269_HUMAN","P44514","Protein GENE2269",-0.2434,0.157368,0.070011,0.4728,1.1548,4,3,FALSE,FALSE,FALSE
"GENE0747","GENE0747_HUMAN","P13207","Protein GENE0747",-0.0726,0.812066,0.541584,0.2109,0.2663,3,3,TRUE,FALSE,FALSE
"GENE1938","GENE1938_HUMAN","P73644","Protein GENE1938",-0.2543,1,0.868611,0,0.0612,6,5,FALSE,FALSE,FALSE
"GENE2367","GENE2367_HUMAN","P50465","Protein GENE2367",-0.3523,0.59024,0.214274,0.5381,0.669,2,3,FALSE,FALSE,FALSE
"GENE2856","GENE2856_HUMAN","P43117","Protein GENE2856",-0.1313,0.444767,0.213606,0.4511,0.6704,5,3,FALSE,FALSE,FALSE
"GENE0835","GENE0835_HUMAN","P29182","Protein GENE0835",0.4391,0.62528,0.351215,0.0564,0.4544,6,4,FALSE,FALSE,FALSE
"GENE1276","GENE1276_HUMAN","P20862","Protein GENE1276",-0.0861,1,0.996241,0,0.0016,2,4,FALSE,TRUE,FALSE
"GENE1450","GENE1450_HUMAN","P90924","Protein GENE1450",0.2812,1,0.261533,0,0.5825,2,6,FALSE,FALSE,FALSE
"GENE2774","GENE2774_HUMAN","P28702","Protein GENE2774",0.6421,1,0.710487,0,0.1484,5,4,FALSE,FALSE,FALSE
"GENE0021","GENE0021_HUMAN","P18723","Protein GENE0021",0.5779,0.21796,0.080261,0.974,1.0955,3,6,FALSE,FALSE,FALSE
"GENE0074","GENE0074_HUMAN","P58139","Protein GENE0074",-0.1921,1,0.659963,0,0.1805,2,6,FALSE,FALSE,FALSE
"GENE2473","GENE2473_HUMAN","P82776","Protein GENE2473",-0.8181,1,0.524906,0,0.2799,2,4,FALSE,FALSE,FALSE
"GENE1590","GENE1590_HUMAN","P85848","Protein GENE1590",-0.0761,0.671992,0.637532,0,0.1955,4,2,FALSE,FALSE,FALSE
"GENE0397","GENE0397_HUMAN","P75706","Protein GENE0397",0.1255,0.205821,0.123859,0.4167,0.9071,6,2,FALSE,FALSE,FALSE
"GENE2842","GENE2842_HUMAN","P14174","Protein GENE2842",0.2126,1,0.379301,0,0.421,2,6,FALSE,FALSE,FALSE
"GENE1601","GENE1601_HUMAN","P67000","Protein GENE1601",-0.2913,1,0.958087,0,0.0186,6,6,FALSE,FALSE,FALSE
"GENE2252","GENE2252_HUMAN","P56054","Protein GENE2252",0.001,1,0.533889,0,0.2725,3,4,TRUE,FALSE,FALSE
"GENE2782","GENE2782_HUMAN","P25041","Protein GENE2782",0.022,1,0.905386,0,0.0432,2,5,FALSE,FALSE,FALSE
"GENE1448","GENE1448_HUMAN","P99076","Protein GENE1448",0.0756,1,0.646997,0,0.1891,2,6,FALSE,TRUE,FALSE
"GENE1212","GENE1212_HUMAN","P50830","Protein GENE1212",-0.7091,1,0.893903,0,0.0487,2,4,TRUE,FALSE,FALSE
"GENE1837","GENE1837_HUMAN","P13646","Protein GENE1837",0.1375,0.835614,0.394217,0.2733,0.4043,4,6,FALSE,FALSE,FALSE
"GENE0020","GENE0020_HUMAN","P30357","Protein GENE0020",-0.3481,1,0.407587,0,0.3898,6,2,FALSE,FALSE,FALSE
"GENE2657","GENE2657_HUMAN","P33099","Protein GENE2657",0.0077,1,0.926131,0,0.0333,2,3,FALSE,FALSE,FALSE
"GENE1015","GENE1015_HUMAN","P47396","Protein GENE1015",-0.0287,1,0.608809,0,0.2155,5,4,TRUE,FALSE,FALSE
"GENE2549","GENE2549_HUMAN","P12537","Protein GENE2549",-0.1464,1,0.880637,0,0.0552,2,3,FALSE,FALSE,FALSE
"GENE1234","GENE1234_HUMAN","P64460","Protein GENE1234",0.2935,1,0.443525,0.0696,0.3531,4,4,FALSE,FALSE,FALSE
"GENE1096","GENE1096_HUMAN","P56613","Protein GENE1096",0.4972,0.559854,0.181206,0.5167,0.7418,2,6,FALSE,FALSE,FALSE
"GENE1912","GENE1912_HUMAN","P15611","Protein GENE1912",-0.0063,1,0.929614,0,0.0317,3,4,FALSE,TRUE,FALSE
"GENE0947","GENE0947_HUMAN","P06338","Protein GENE0947",0.0937,1,0.743802,0,0.1285,2,3,FALSE,FALSE,FALSE
"GENE2141","GENE2141_HUMAN","P93724","Protein GENE2141",0.1499,1,0.534627,0,0.2719,2,3,FALSE,FALSE,FALSE
"GENE1435","GENE1435_HUMAN","P99399","Protein GENE1435",0.2652,1,0.706684,0,0.1508,2,6,FALSE,FALSE,FALSE
"GENE0959","GENE0959_HUMAN","P23188","Protein GENE0959",3.6582,0.177684,0.036,1.2272,1.4437,4,4,FALSE,FALSE,TRUE
"GENE0633","GENE0633_HUMAN","P68349","Protein GENE0633",0.0405,1,0.894484,0,0.0484,3,5,FALSE,FALSE,FALSE
"GENE0016","GENE0016_HUMAN","P51014","Protein GENE0016",0.4276,1,0.97576,0,0.0107,3,2,FALSE,FALSE,FALSE
"GENE2543","GENE2543_HUMAN","P92661","Protein GENE2543",0.6337,1,0.65601,0,0.1831,5,2,FALSE,FALSE,FALSE
"GENE2885","GENE2885_HUMAN","P69669","Protein GENE2885",0.227,0.788783,0.177921,0.2354,0.7498,5,6,FALSE,FALSE,FALSE
"GENE0204","GENE0204_HUMAN","P58026","Protein GENE0204",-0.0254,0.346093,0.180557,0.1105,0.7434,3,2,FALSE,FALSE,FALSE
"GENE2582","GENE2582_HUMAN","P75790","Protein GENE2582",-0.0646,1,0.471535,0.2054,0.3265,6,3,FALSE,FALSE,FALSE
"GENE0878","GENE0878_HUMAN","P89485","Protein GENE0878",-0.2127,1,0.998626,0,6e-04,4,3,FALSE,FALSE,FALSE
"GENE1862","GENE1862_HUMAN","P58086","Protein GENE1862",-0.0261,0.249733,0.138777,0.3385,0.8577,6,2,FALSE,FALSE,FALSE
"GENE1834","GENE1834_HUMAN","P13993","Protein GENE1834",0.4061,1,0.697149,0,0.1567,2,5,FALSE,FALSE,FALSE
"GENE1053","GENE1053_HUMAN","P11598","Protein GENE1053",-0.3704,0.472422,0.409422,0,0.3878,2,2,FALSE,FALSE,FALSE
"GENE1962","GENE1962_HUMAN","P70880","Protein GENE1962",0.4815,0.149053,0.143924,0.2758,0.8419,4,3,FALSE,FALSE,FALSE
"GENE2695","GENE2695_HUMAN","P19485","Protein GENE2695",-0.3601,0.526034,0.472962,0.0109,0.3252,3,3,FALSE,FALSE,FALSE
"GENE1801","GENE1801_HUMAN","P23186","Protein GENE1801",0.3044,1,0.828148,0,0.0819,2,6,FALSE,FALSE,FALSE
"GENE1811","GENE1811_HUMAN","P92737","Protein GENE1811",0.5501,1,0.707005,0.1019,0.1506,3,6,FALSE,TRUE,FALSE
"GENE1901","GENE1901_HUMAN","P20951","Protein GENE1901",-0.0424,1,0.789664,0,0.1026,3,6,FALSE,FALSE,FALSE
"GENE0278","GENE0278_HUMAN","P44079","Protein GENE0278",-0.1154,1,0.866474,0,0.0622,4,2,FALSE,FALSE,FALSE
"GENE0159","GENE0159_HUMAN","P79515","Protein GENE0159",-0.1071,1,0.5842,0.0114,0.2334,2,4,FALSE,FALSE,FALSE
"GENE1319","GENE1319_HUMAN","P02752","Protein GENE1319",-0.128,1,0.573182,0,0.2417,6,4,FALSE,FALSE,FALSE
"GENE2713","GENE2713_HUMAN","P81339","Protein GENE2713",0.158,1,0.50909,0,0.2932,4,5,FALSE,FALSE,FALSE
"GENE0911","GENE0911_HUMAN","P71824","Protein GENE0911",0.0842,0.52705,0.208954,0.2843,0.6799,6,3,TRUE,FALSE,FALSE
"GENE0443","GENE0443_HUMAN","P25394","Protein GENE0443",-0.0012,0.433862,0.318835,0.0247,0.4964,6,4,FALSE,FALSE,FALSE
"GENE2746","GENE2746_HUMAN","P78622","Protein GENE2746",-0.1041,1,0.656335,0,0.1829,3,6,FALSE,FALSE,FALSE
"GENE2134","GENE2134_HUMAN","P58903","Protein GENE2134",-0.3452,1,0.68564,0,0.1639,6,6,FALSE,FALSE,FALSE
"GENE1261","GENE1261_HUMAN","P39545","Protein GENE1261",-0.4147,1,0.775536,0,0.1104,3,5,FALSE,FALSE,FALSE
"GENE1102","GENE1102_HUMAN","P75437","Protein GENE1102",0.3982,1,0.710101,0,0.1487,2,6,FALSE,FALSE,FALSE
"GENE1165","GENE1165_HUMAN","P58198","Protein GENE1165",-0.2562,1,0.282803,0.1182,0.5485,2,4,FALSE,FALSE,FALSE
"GENE1616","GENE1616_HUMAN","P40813","Protein GENE1616",-0.2159,0.462532,0.111296,0.3728,0.9535,4,6,FALSE,FALSE,FALSE
"GENE0305","GENE0305_HUMAN","P56537","Protein GENE0305",-0.1017,1,0.381351,0,0.4187,4,2,FALSE,FALSE,FALSE
"GENE0509","GENE0509_HUMAN","P33497","Protein GENE0509",0.0721,1,0.488982,0,0.3107,4,3,FALSE,FALSE,FALSE
"GENE0551","GENE0551_HUMAN","P74777","Protein GENE0551",0.1988,1,0.82486,0,0.0836,5,4,FALSE,TRUE,FALSE
"GENE0126","GENE0126_HUMAN","P85480","Protein GENE0126",-0.301,1,0.660559,0,0.1801,6,6,FALSE,FALSE,FALSE
"GENE0582","GENE0582_HUMAN","P63250","Protein GENE0582",-0.1297,1,0.618655,0,0.2086,3,5,FALSE,FALSE,FALSE
"GENE1415","GENE1415_HUMAN","P06841","Protein GENE1415",0.1598,1,0.576052,0,0.2395,2,2,FALSE,FALSE,FALSE
"GENE1208","GENE1208_HUMAN","P55177","Protein GENE1208",0.355,0.277819,0.106299,0.6712,0.9735,6,3,FALSE,FALSE,FALSE
"GENE2246","GENE2246_HUMAN","P85984","Protein GENE2246",0.3458,1,0.297306,0,0.5268,2,2,FALSE,FALSE,FALSE
"GENE1693","GENE1693_HUMAN","P22938","Protein GENE1693",-0.1014,1,0.530091,0,0.2756,5,5,FALSE,FALSE,FALSE
"GENE0195","GENE0195_HUMAN","P36128","Protein GENE0195",0.2301,1,0.44852,0,0.3482,6,2,FALSE,FALSE,FALSE
"GENE0667","GENE0667_HUMAN","P17007","Protein GENE0667",-0.171,0.577935,0.443413,0,0.3532,4,3,FALSE,FALSE,FALSE
"GENE2180","GENE2180_HUMAN","P28299","Protein GENE2180",-1.6423,0.000479,0.000128,3.3795,3.8914,5,3,FALSE,FALSE,TRUE
"GENE1189","GENE1189_HUMAN","P33124","Protein GENE1189",0.5855,0.521483,0.237576,0.1465,0.6242,5,3,FALSE,FALSE,FALSE
"GENE1038","GENE1038_HUMAN","P97874","Protein GENE1038",-0.3483,1,0.500513,0,0.3006,5,2,FALSE,FALSE,FALSE
"GENE2517","GENE2517_HUMAN","P03076","Protein GENE2517",0.429,1,0.424883,0,0.3717,2,2,TRUE,FALSE,FALSE
"GENE1846","GENE1846_HUMAN","P86218","Protein GENE1846",-0.2866,1,0.890558,0,0.0503,4,6,FALSE,TRUE,FALSE
"GENE0228","GENE0228_HUMAN","P40315","Protein GENE0228",0.1967,1,0.87189,0,0.0595,3,2,FALSE,FALSE,FALSE
"GENE0226","GENE0226_HUMAN","P46246","Protein GENE0226",0.237,1,0.72724,0,0.1383,4,3,FALSE,FALSE,FALSE
"GENE2083","GENE2083_HUMAN","P59467","Protein GENE2083",0.2058,0.831967,0.488446,0,0.3112,6,4,FALSE,FALSE,FALSE
"GENE1225","GENE1225_HUMAN","P20935","Protein GENE1225",0.6499,1,0.696839,0,0.1569,6,4,FALSE,FALSE,FALSE
"GENE1222","GENE1222_HUMAN","P01168","Protein GENE1222",-0.414,1,0.974035,0,0.0114,5,4,FALSE,FALSE,FALSE
"GENE2837","GENE2837_HUMAN","P67261","Protein GENE2837",0.2808,1,0.92922,0,0.0319,6,3,FALSE,FALSE,FALSE
"GENE1009","GENE1009_HUMAN","P19704","Protein GENE1009",-0.3869,0.332473,0.203586,0.12,0.6913,5,6,FALSE,FALSE,FALSE
"GENE1486","GENE1486_HUMAN","P26217","Protein GENE1486",0.1807,1,0.694641,0,0.1582,6,3,FALSE,FALSE,FALSE
"GENE1960","GENE1960_HUMAN","P91135","Protein GENE1960",-0.4952,1,0.618473,0,0.2087,5,5,FALSE,FALSE,FALSE
"GENE0439","GENE0439_HUMAN","P08661","Protein GENE0439",0.1751,0.467415,0.125942,0.4209,0.8998,3,5,FALSE,FALSE,FALSE
"GENE1084","GENE1084_HUMAN","P91314","Protein GENE1084",-4.1123,0.062374,0.039288,1.0391,1.4057,6,2,FALSE,FALSE,TRUE
"GENE2320","GENE2320_HUMAN","P63942","Protein GENE2320",-0.7928,0.861466,0.594401,0,0.2259,4,2,FALSE,FALSE,FALSE
"GENE1977","GENE1977_HUMAN","P04260","Protein GENE1977",-0.3063,0.417007,0.183654,0.4475,0.736,5,6,FALSE,FALSE,FALSE
"GENE1627","GENE1627_HUMAN","P86038","Protein GENE1627",-0.088,0.587292,0.4984,0,0.3024,2,3,FALSE,FALSE,FALSE
"GENE1204","GENE1204_HUMAN","P70392","Protein GENE1204",0.9573,0.03228,0.010415,1.9187,1.9823,2,6,FALSE,FALSE,TRUE
"GENE2639","GENE2639_HUMAN","P53330","Protein GENE2639",0.4701,0.518165,0.131201,0.2513,0.8821,5,4,FALSE,FALSE,FALSE
"GENE2578","GENE2578_HUMAN","P00743","Protein GENE2578",0.4355,1,0.749574,0,0.1252,5,6,FALSE,FALSE,FALSE
"GENE0110","GENE0110_HUMAN","P82131","Protein GENE0110",-0.5109,1,0.898421,0,0.0465,5,6,FALSE,FALSE,FALSE
"GENE2714","GENE2714_HUMAN","P38697","Protein GENE2714",0.2369,1,0.480333,0.0574,0.3185,2,5,FALSE,FALSE,FALSE
"GENE2787","GENE2787_HUMAN","P62800","Protein GENE2787",-0.5205,0.484802,0.142728,0.3495,0.8455,3,3,FALSE,FALSE,FALSE
"GENE2118","GENE2118_HUMAN","P12085","Protein GENE2118",0.1294,1,0.499111,0,0.3018,4,2,FALSE,FALSE,FALSE
"GENE0306","GENE0306_HUMAN","P14316","Protein GENE0306",0.0374,1,0.474953,0.1455,0.3233,4,5,FALSE,TRUE,FALSE
"GENE2418","GENE2418_HUMAN","P41221","Protein GENE2418",0.4679,1,0.880706,0,0.0552,4,5,FALSE,FALSE,FALSE
"GENE0301","GENE0301_HUMAN","P83994","Protein GENE0301",0.2572,1,0.597092,0.1223,0.224,5,2,FALSE,FALSE,FALSE
"GENE0727","GENE0727_HUMAN","P63090","Protein GENE0727",0.2294,0.198763,0.177131,0.5947,0.7517,2,2,FALSE,FALSE,FALSE
"GENE2199","GENE2199_HUMAN","P07319","Protein GENE2199",0.6248,0.756158,0.696787,0,0.1569,5,6,FALSE,FALSE,FALSE
"GENE0261","GENE0261_HUMAN","P49678","Protein GENE0261",0.3313,0.852996,0.355885,0.0697,0.4487,3,3,FALSE,FALSE,FALSE
"GENE2080","GENE2080_HUMAN","P15200","Protein GENE2080",-0.3378,1,0.983203,0,0.0074,5,4,FALSE,FALSE,FALSE
"GENE1080","GENE1080_HUMAN","P98491","Protein GENE1080",-0.3052,1,0.70302,0,0.153,2,4,FALSE,FALSE,FALSE
"GENE1296","GENE1296_HUMAN","P15893","Protein GENE1296",0.2506,0.48768,0.160263,0.1833,0.7952,6,4,FALSE,FALSE,FALSE
"GENE1851","GENE1851_HUMAN","P89190","Protein GENE1851",0.1798,1,0.86236,0,0.0643,4,2,FALSE,FALSE,FALSE
"GENE1943","GENE1943_HUMAN","P72950","Protein GENE1943",-0.1673,1,0.783185,0,0.1061,4,4,FALSE,FALSE,FALSE
"GENE2314","GENE2314_HUMAN","P27021","Protein GENE2314",0.0164,1,0.616587,0,0.21,2,2,FALSE,FALSE,FALSE
"GENE0515","GENE0515_HUMAN","P12294","Protein GENE0515",-0.2167,0.303179,0.079066,1.0333,1.102,6,2,FALSE,FALSE,FALSE
"GENE2871","GENE2871_HUMAN","P70292","Protein GENE2871",-0.1533,0.845003,0.821966,0,0.0851,2,4,FALSE,FALSE,FALSE
"GENE0679","GENE0679_HUMAN","P90725","Protein GENE0679",-0.2117,1,0.273692,0.3942,0.5627,5,5,FALSE,TRUE,FALSE
"GENE2392","GENE2392_HUMAN","P55283","Protein GENE2392",0.1806,1,0.444385,0,0.3522,5,4,FALSE,FALSE,FALSE
"GENE0521","GENE0521_HUMAN","P24586","Protein GENE0521",-0.3942,1,0.477754,0,0.3208,4,5,TRUE,FALSE,FALSE
"GENE2893","GENE2893_HUMAN","P01898","Protein GENE2893",0.2045,0.62789,0.303327,0,0.5181,2,4,FALSE,FALSE,FALSE
"GENE2868","GENE2868_HUMAN","P15014","Protein GENE2868",-0.4505,0.154342,0.080085,1.025,1.0964,5,4,FALSE,FALSE,FALSE
"GENE1984","GENE1984_HUMAN","P88004","Protein GENE1984",-0.3828,0.483185,0.122068,0.57,0.9134,2,2,FALSE,FALSE,FALSE
"GENE2240","GENE2240_HUMAN","P63895","Protein GENE2240",-0.2214,1,0.497457,0,0.3032,4,2,FALSE,FALSE,FALSE
"GENE1966","GENE1966_HUMAN","P81214","Protein GENE1966",-0.5227,0.612301,0.212959,0,0.6717,4,6,FALSE,FALSE,FALSE
"GENE0973","GENE0973_HUMAN","P59901","Protein GENE0973",-0.5498,1,0.749345,0,0.1253,6,5,FALSE,TRUE,FALSE
"GENE1937","GENE1937_HUMAN","P37814","Protein GENE1937",-0.2156,0.132905,0.076355,0.4364,1.1172,2,4,FALSE,FALSE,FALSE
"GENE2460","GENE2460_HUMAN","P67878","Protein GENE2460",0.1254,1,0.748818,0,0.1256,4,6,FALSE,FALSE,FALSE
"GENE2728","GENE2728_HUMAN","P92611","Protein GENE2728",0.1131,1,0.869206,0.0274,0.0609,6,3,FALSE,FALSE,FALSE
"GENE0258","GENE0258_HUMAN","P71534","Protein GENE0258",0.3225,1,0.914398,0,0.0389,4,3,FALSE,FALSE,FALSE
"GENE1089","GENE1089_HUMAN","P68036","Protein GENE1089",0.2579,1,0.992647,0,0.0032,4,2,FALSE,FALSE,FALSE
"GENE1564","GENE1564_HUMAN","P52126","Protein GENE1564",-0.2879,1,0.64151,0,0.1928,4,5,FALSE,FALSE,FALSE
"GENE0556","GENE0556_HUMAN","P01956","Protein GENE0556",-0.0692,0.874329,0.70531,0,0.1516,2,5,FALSE,FALSE,FALSE
"GENE2353","GENE2353_HUMAN","P51443","Protein GENE2353",-0.2405,0.497545,0.259838,0.0106,0.5853,5,2,FALSE,FALSE,FALSE
"GENE0047","GENE0047_HUMAN","P74274","Protein GENE0047",-0.4211,0.135937,0.087775,0.6128,1.0566,5,4,FALSE,FALSE,FALSE
"GENE2448","GENE2448_HUMAN","P06864","Protein GENE2448",-0.0937,1,0.897786,0,0.0468,5,5,TRUE,FALSE,FALSE
"GENE1921","GENE1921_HUMAN","P78618","Protein GENE1921",-0.4583,1,0.760082,0,0.1191,6,4,FALSE,FALSE,FALSE
"GENE0198","GENE0198_HUMAN","P79964","Protein GENE0198",-0.5077,1,0.890864,0,0.0502,6,6,FALSE,FALSE,FALSE
"GENE0631","GENE0631_HUMAN","P43842","Protein GENE0631",0.0125,0.347146,0.166516,0.1819,0.7785,2,2,FALSE,FALSE,FALSE
"GENE2290","GENE2290_HUMAN","P16390","Protein GENE2290",0.4523,1,0.507726,0,0.2944,2,2,TRUE,FALSE,FALSE
"GENE1490","GENE1490_HUMAN","P54226","Protein GENE1490",-0.2673,1,0.320029,0,0.4948,6,4,FALSE,FALSE,FALSE
"GENE1474","GENE1474_HUMAN","P64447","Protein GENE1474",0.2379,1,0.695743,0,0.1576,3,4,FALSE,FALSE,FALSE
"GENE1131","GENE1131_HUMAN","P10153","Protein GENE1131",-0.5588,1,0.690921,0,0.1606,6,4,FALSE,FALSE,FALSE
"GENE1288","GENE1288_HUMAN","P86274","Protein GENE1288",0.4044,1,0.956125,0,0.0195,6,2,FALSE,FALSE,FALSE
"GENE0277","GENE0277_HUMAN","P26722","Protein GENE0277",0.3417,1,0.985564,0,0.0063,2,6,FALSE,FALSE,FALSE
"GENE0188","GENE0188_HUMAN","P41260","Protein GENE0188",0.5636,1,0.436589,0,0.3599,2,2,FALSE,FALSE,FALSE
"GENE1130","GENE1130_HUMAN","P74383","Protein GENE1130",0.4115,1,0.962578,0,0.0166,4,2,FALSE,FALSE,FALSE
"GENE2144","GENE2144_HUMAN","P50802","Protein GENE2144",0.5723,1,0.93242,0,0.0304,6,6,FALSE,FALSE,FALSE
"GENE0828","GENE0828_HUMAN","P93829","Protein GENE0828",-0.3854,1,0.958713,0.0053,0.0183,6,4,FALSE,TRUE,FALSE
"GENE2581","GENE2581_HUMAN","P34008","Protein GENE2581",-0.6036,1,0.584594,0,0.2331,4,4,FALSE,FALSE,FALSE
"GENE1704","GENE1704_HUMAN","P63946","Protein GENE1704",-0.6223,0.609859,0.13659,0.5297,0.8646,2,3,FALSE,FALSE,FALSE
"GENE2664","GENE2664_HUMAN","P67391","Protein GENE2664",0.4354,0.773077,0.160751,0.6254,0.7938,6,6,FALSE,FALSE,FALSE
"GENE2313","GENE2313_HUMAN","P09794","Protein GENE2313",-0.4408,0.366518,0.115463,0.8187,0.9376,4,3,FALSE,FALSE,FALSE
"GENE2153","GENE2153_HUMAN","P01471","Protein GENE2153",0.2979,1,0.756009,0.0417,0.1215,2,5,FALSE,TRUE,FALSE
"GENE1036","GENE1036_HUMAN","P57744","Protein GENE1036",0.0587,1,0.505892,0,0.2959,3,6,FALSE,FALSE,FALSE
"GENE0079","GENE0079_HUMAN","P62062","Protein GENE0079",-0.1026,1,0.899558,0,0.046,6,4,FALSE,FALSE,FALSE
"GENE0928","GENE0928_HUMAN","P77394","Protein GENE0928",0.2164,1,0.960471,0,0.0175,2,3,FALSE,FALSE,FALSE
"GENE1819","GENE1819_HUMAN","P32607","Protein GENE1819",-0.3076,1,0.703354,0,0.1528,3,4,FALSE,FALSE,FALSE
"GENE2330","GENE2330_HUMAN","P38648","Protein GENE2330",-0.105,1,0.443106,0,0.3535,3,3,FALSE,FALSE,FALSE
"GENE1603","GENE1603_HUMAN","P63527","Protein GENE1603",0.407,1,0.761789,0.0224,0.1182,6,4,FALSE,FALSE,FALSE
"GENE0636","GENE0636_HUMAN","P08943","Protein GENE0636",-0.2095,0.541211,0.159607,0.1266,0.7969,4,2,FALSE,FALSE,FALSE
"GENE2089","GENE2089_HUMAN","P61317","Protein GENE2089",-0.1046,0.70633,0.321157,0,0.4933,5,3,FALSE,FALSE,FALSE
"GENE0916","GENE0916_HUMAN","P01108","Protein GENE0916",0.5054,1,0.838314,0,0.0766,5,6,FALSE,FALSE,FALSE
"GENE1571","GENE1571_HUMAN","P38994","Protein GENE1571",-0.399,0.176632,0.119347,0.4685,0.9232,6,4,FALSE,FALSE,FALSE
"GENE1097","GENE1097_HUMAN","P98338","Protein GENE1097",3.4655,0.019736,0.017775,1.6811,1.7502,6,2,FALSE,FALSE,TRUE
"GENE2171","GENE2171_HUMAN","P55004","Protein GENE2171",-0.5281,0.379123,0.076414,0.6105,1.1168,2,2,FALSE,TRUE,FALSE
"GENE2298","GENE2298_HUMAN","P40498","Protein GENE2298",-0.0724,1,0.479834,0.1777,0.3189,6,2,FALSE,FALSE,FALSE
"GENE0802","GENE0802_HUMAN","P18056","Protein GENE0802",-0.0549,1,0.72417,0,0.1402,2,3,FALSE,FALSE,FALSE
