"Gene","Entry.Name","UniProt.ID","Description","logFC","P.Val","adj.P.Val","log.P.Val","log.adj.P.Val","n_data_points_BK516_Ctrl","n_data_points_BK516_Cflag","imputed_BK516_Cflag","imputed_BK516_Ctrl","is_significant"
"GENE0501","GENE0501_HUMAN","P91183","Protein GENE0501",-0.6219,1,0.334706,0,0.4753,2,4,FALSE,FALSE,FALSE
"GENE0435","GENE0435_HUMAN","P05904","Protein GENE0435",0.3629,0.188416,0.104444,0.4135,0.9811,2,5,FALSE,FALSE,FALSE
"GENE2804","GENE2804_HUMAN","P40254","Protein GENE2804",0.6486,1,0.750921,0.0157,0.1244,6,2,FALSE,FALSE,FALSE
"GENE0452","GENE0452_HUMAN","P56930","Protein GENE0452",0.53,0.451585,0.206559,0.3622,0.685,2,3,FALSE,FALSE,FALSE
"GENE0785","GENE0785_HUMAN","P35903","Protein GENE0785",-0.8257,0.225302,0.047851,0.6389,1.3201,5,3,FALSE,FALSE,TRUE
"GENE2599","GENE2599_HUMAN","P93099","Protein GENE2599",0.1852,1,0.33,0.2193,0.4815,2,2,TRUE,FALSE,FALSE
"DHX15","DHX15_HUMAN","P12837","Protein DHX15",-0.4377,1,0.621991,0,0.2062,6,4,FALSE,FALSE,FALSE
"GENE1734","GENE1734_HUMAN","P14970","Protein GENE1734",-0.1645,1,0.994326,0,0.0025,4,6,FALSE,FALSE,FALSE
"GENE1477","GENE1477_HUMAN","P76069","Protein GENE1477",0.326,0.857774,0.298178,0.3172,0.5255,3,3,FALSE,FALSE,FALSE
"GENE0804","GENE0804_HUMAN","P30810","Protein GENE0804",0.6954,1,0.261133,0.5604,0.5831,4,6,FALSE,FALSE,FALSE
"GENE2511","GENE2511_HUMAN","P01123","Protein GENE2511",-0.1781,1,0.465862,0,0.3317,6,2,FALSE,FALSE,FALSE
"GENE2331","GENE2331_HUMAN","P68903","Protein GENE2331",0.0567,1,0.567641,0,0.2459,2,2,FALSE,FALSE,FALSE
"GENE1418","GENE1418_HUMAN","P01870","Protein GENE1418",-0.2868,0.172963,0.106689,0.5834,0.9719,3,6,FALSE,FALSE,FALSE
"GENE0912","GENE0912_HUMAN","P99080","Protein GENE0912",-0.0031,1,0.235428,0.4122,0.6281,3,3,FALSE,FALSE,FALSE
"GENE1221","GENE1221_HUMAN","P93588","Protein GENE1221",-0.5538,1,0.500514,0,0.3006,2,2,FALSE,FALSE,FALSE
"GENE2196","GENE2196_HUMAN","P88746","Protein GENE2196",0.2704,1,0.552741,0,0.2575,2,4,FALSE,FALSE,FALSE
"GENE1173","GENE1173_HUMAN","P75061","Protein GENE1173",-0.3805,0.693442,0.316738,0,0.4993,6,6,FALSE,FALSE,FALSE
"GENE0213","GENE0213_HUMAN","P02971","Protein GENE0213",1.1137,0.12577,0.035261,1.4189,1.4527,3,6,FALSE,FALSE,TRUE
"GENE0438","GENE0438_HUMAN","P30215","Protein GENE0438",3.0762,0.00731,0.001948,2.2094,2.7105,2,3,FALSE,FALSE,TRUE
"GENE1160","GENE1160_HUMAN","P91487","Protein GENE1160",-0.4378,0.573142,0.447723,0.143,0.349,5,2,FALSE,FALSE,FALSE
"GENE2262","GENE2262_HUMAN","P84612","Protein GENE2262",3.5981,0.129497,0.037884,1.0691,1.4215,3,3,FALSE,FALSE,TRUE
"GENE2755","GENE2755_HUMAN","P45293","Protein GENE2755",1.6989,0.16897,0.03558,1.2527,1.4488,6,4,FALSE,FALSE,TRUE
"GENE0362","GENE0362_HUMAN","P27003","Protein GENE0362",-0.1426,1,0.56471,0,0.2482,4,2,FALSE,TRUE,FALSE
"GENE2162","GENE2162_HUMAN","P30485","Protein GENE2162",0.6575,0.257565,0.174645,0.0621,0.7578,2,6,FALSE,FALSE,FALSE
"GENE0430","GENE0430_HUMAN","P44078","Protein GENE0430",-0.4031,1,0.542533,0.2086,0.2656,4,3,FALSE,FALSE,FALSE
"GENE0842","GENE0842_HUMAN","P98701","Protein GENE0842",0.9453,0.241398,0.138539,0.5493,0.8584,3,4,TRUE,FALSE,FALSE
"GENE2069","GENE2069_HUMAN","P83754","Protein GENE2069",2.8521,0.023845,0.006568,1.7436,2.1826,5,4,FALSE,FALSE,TRUE
"GENE2868","GENE2868_HUMAN","P82850","Protein GENE2868",0.7037,1,0.761305,0,0.1184,5,3,FALSE,FALSE,FALSE
"GENE0717","GENE0717_HUMAN","P40560","Protein GENE0717",1.7872,0.103768,0.02552,0.9314,1.5931,3,2,FALSE,TRUE,TRUE
"GENE0886","GENE0886_HUMAN","P95159","Protein GENE0886",0.0553,0.872047,0.63609,0,0.1965,6,5,FALSE,FALSE,FALSE
"GENE1367","GENE1367_HUMAN","P75175","Protein GENE1367",0.8933,1,0.391005,0,0.4078,6,6,FALSE,FALSE,FALSE
"GENE0623","GENE0623_HUMAN","P68613","Protein GENE0623",0.3164,1,0.689201,0,0.1617,6,4,FALSE,FALSE,FALSE
"GENE2433","GENE2433_HUMAN","P73899","Protein GENE2433",-0.191,1,0.854807,0,0.0681,4,5,FALSE,FALSE,FALSE
"GENE1368","GENE1368_HUMAN","P27337","Protein GENE1368",-0.4995,1,0.632149,0,0.1992,5,3,FALSE,FALSE,FALSE
"GENE2547","GENE2547_HUMAN","P79746","Protein GENE2547",-0.9081,0.29849,0.297322,0.1884,0.5268,4,2,TRUE,FALSE,FALSE
"GENE2384","GENE2384_HUMAN","P23280","Protein GENE2384",2.651,0.160163,0.036846,0.7508,1.4336,6,3,FALSE,FALSE,TRUE
"GENE0781","GENE0781_HUMAN","P93648","Protein GENE0781",-0.5735,1,0.959851,0,0.0178,6,4,FALSE,FALSE,FALSE
"GENE2871","GENE2871_HUMAN","P50886","Protein GENE2871",0.2596,0.427899,0.207004,0.2448,0.684,3,3,FALSE,FALSE,FALSE
"GENE0271","GENE0271_HUMAN","P35243","Protein GENE0271",0.0583,0.74505,0.281756,0.0154,0.5501,3,2,FALSE,FALSE,FALSE
"GENE1199","GENE1199_HUMAN","P35811","Protein GENE1199",0.1969,1,0.880749,0,0.0551,5,2,FALSE,FALSE,FALSE
"GENE1849","GENE1849_HUMAN","P55571","Protein GENE1849",0.5809,0.432747,0.09682,0.9058,1.014,6,4,FALSE,TRUE,FALSE
"GENE2806","GENE2806_HUMAN","P53058","Protein GENE2806",-0.4331,0.401679,0.287491,0,0.5414,3,3,FALSE,FALSE,FALSE
"GENE2518","GENE2518_HUMAN","P20052","Protein GENE2518",-0.3573,1,0.509849,0,0.2926,6,4,TRUE,FALSE,FALSE
"GENE0951","GENE0951_HUMAN","P28543","Protein GENE0951",0.1934,0.500683,0.148732,0.714,0.8276,5,5,FALSE,FALSE,FALSE
"GENE1569","GENE1569_HUMAN","P57395","Protein GENE1569",-0.4581,0.678856,0.255348,0.3757,0.5929,5,2,FALSE,FALSE,FALSE
"GENE2867","GENE2867_HUMAN","P66958","Protein GENE2867",-1.0239,1,0.938702,0,0.0275,3,6,TRUE,FALSE,FALSE
"GENE0245","GENE0245_HUMAN","P00251","Protein GENE0245",0.8301,1,0.745334,0,0.1276,5,6,FALSE,FALSE,FALSE
"GENE1322","GENE1322_HUMAN","P03327","Protein GENE1322",-0.2766,0.770333,0.727361,0,0.1382,2,6,FALSE,FALSE,FALSE
"GENE0116","GENE0116_HUMAN","P30594","Protein GENE0116",-0.0209,1,0.726485,0,0.1388,5,4,FALSE,FALSE,FALSE
"GENE1793","GENE1793_HUMAN","P64872","Protein GENE1793",0.2838,1,0.976492,0,0.0103,6,6,FALSE,FALSE,FALSE
"GENE0729","GENE0729_HUMAN","P31954","Protein GENE0729",-0.581,0.893987,0.788626,0,0.1031,6,6,FALSE,FALSE,FALSE
"GENE1783","GENE1783_HUMAN","P91966","Protein GENE1783",0.0663,1,0.320214,0,0.4946,3,2,FALSE,FALSE,FALSE
"GENE0008","GENE0008_HUMAN","P14333","Protein GENE0008",-0.1264,1,0.519593,0,0.2843,2,5,TRUE,FALSE,FALSE
"GENE1747","GENE1747_HUMAN","P73921","Protein GENE1747",-0.9262,1,0.60314,0,0.2196,4,2,FALSE,FALSE,FALSE
"GENE1413","GENE1413_HUMAN","P61883","Protein GENE1413",-0.1545,0.779664,0.65488,0,0.1838,4,3,FALSE,TRUE,FALSE
"GENE1946","GENE1946_HUMAN","P03700","Protein GENE1946",0.1871,0.897101,0.271137,0.1571,0.5668,2,6,FALSE,TRUE,FALSE
"GENE0147","GENE0147_HUMAN","P72865","Protein GENE0147",-0.0075,1,0.798974,0,0.0975,3,3,FALSE,FALSE,FALSE
"GENE0503","GENE0503_HUMAN","P01750","Protein GENE0503",3.3287,0.028461,0.012163,1.8985,1.9149,6,4,FALSE,FALSE,TRUE
"GENE1627","GENE1627_HUMAN","P90756","Protein GENE1627",4.2603,0.074542,0.048137,0.8283,1.3175,2,6,FALSE,FALSE,TRUE
"GENE1345","GENE1345_HUMAN","P61228","Protein GENE1345",1.0496,0.957444,0.323117,0.0467,0.4906,5,3,FALSE,FALSE,FALSE
"GENE2619","GENE2619_HUMAN","P14207","Protein GENE2619",-0.155,1,0.979624,0,0.0089,4,2,TRUE,FALSE,FALSE
"GENE2440","GENE2440_HUMAN","P90861","Protein GENE2440",-0.5977,1,0.931434,0,0.0308,4,4,FALSE,FALSE,FALSE
"GENE1787","GENE1787_HUMAN","P88730","Protein GENE1787",-0.9975,1,0.39603,0,0.4023,5,4,FALSE,FALSE,FALSE
"GENE2502","GENE2502_HUMAN","P86154","Protein GENE2502",-0.3555,1,0.502886,0.0591,0.2985,2,4,FALSE,FALSE,FALSE
"GENE1921","GENE1921_HUMAN","P56294","Protein GENE1921",-0.0733,1,0.823018,0,0.0846,3,5,FALSE,FALSE,FALSE
"GENE0544","GENE0544_HUMAN","P34701","Protein GENE0544",4.3478,0.145465,0.031145,0.9103,1.5066,3,2,FALSE,FALSE,TRUE
"GENE0522","GENE0522_HUMAN","P23811","Protein GENE0522",0.2019,1,0.754091,0,0.1226,6,6,FALSE,FALSE,FALSE
"GENE0812","GENE0812_HUMAN","P41993","Protein GENE0812",-0.0405,0.927441,0.398209,0.3457,0.3999,2,4,FALSE,FALSE,FALSE
"GENE2883","GENE2883_HUMAN","P10846","Protein GENE2883",-0.5732,0.995236,0.219265,0.3516,0.659,5,5,FALSE,FALSE,FALSE
"GENE0418","GENE0418_HUMAN","P25174","Protein GENE0418",-0.7919,0.334764,0.116634,0.8016,0.9332,6,5,FALSE,FALSE,FALSE
"GENE0895","GENE0895_HUMAN","P45978","Protein GENE0895",-0.4516,0.805792,0.540211,0,0.2674,4,6,FALSE,FALSE,FALSE
"GENE1056","GENE1056_HUMAN","P73067","Protein GENE1056",1.4259,0.032976,0.011016,1.2739,1.958,2,5,FALSE,FALSE,TRUE
"GENE1955","GENE1955_HUMAN","P59347","Protein GENE1955",-0.0037,0.90087,0.233756,0.0165,0.6312,4,4,FALSE,FALSE,FALSE
"GENE2434","GENE2434_HUMAN","P86298","Protein GENE2434",4.2379,0.075235,0.019592,1.5135,1.7079,5,5,FALSE,FALSE,TRUE
"GENE2728","GENE2728_HUMAN","P17635","Protein GENE2728",0.5436,1,0.767385,0,0.115,2,5,FALSE,TRUE,FALSE
"GENE0093","GENE0093_HUMAN","P61256","Protein GENE0093",-0.2605,1,0.807185,0,0.093,6,4,FALSE,FALSE,FALSE
"GENE0639","GENE0639_HUMAN","P22576","Protein GENE0639",-0.2657,1,0.529683,0,0.276,3,4,FALSE,FALSE,FALSE
"GENE2208","GENE2208_HUMAN","P04613","Protein GENE2208",0.1332,0.960325,0.299952,0.4945,0.5229,4,6,FALSE,FALSE,FALSE
"GENE2290","GENE2290_HUMAN","P25106","Protein GENE2290",1.6783,0.058506,0.020694,1.0887,1.6842,6,3,FALSE,FALSE,TRUE
"GENE0461","GENE0461_HUMAN","P94248","Protein GENE0461",-0.7263,0.672509,0.475687,0,0.3227,3,3,FALSE,FALSE,FALSE
"GENE1241","GENE1241_HUMAN","P58304","Protein GENE1241",2.0388,0.087971,0.027187,0.9982,1.5656,4,6,FALSE,FALSE,TRUE
"GENE0489","GENE0489_HUMAN","P92877","Protein GENE0489",0.5188,0.243004,0.223808,0.4246,0.6501,3,4,FALSE,FALSE,FALSE
"GENE1202","GENE1202_HUMAN","P87621","Protein GENE1202",2.3248,0.110183,0.023355,1.1871,1.6316,2,6,FALSE,TRUE,TRUE
"GENE2558","GENE2558_HUMAN","P92406","Protein GENE2558",-0.3342,1,0.632683,0,0.1988,2,6,FALSE,FALSE,FALSE
"GENE2028","GENE2028_HUMAN","P15143","Protein GENE2028",0.0908,0.135157,0.072009,0.6554,1.1426,2,4,FALSE,TRUE,FALSE
"GENE0056","GENE0056_HUMAN","P85511","Protein GENE0056",-0.3843,1,0.807943,0,0.0926,4,5,FALSE,FALSE,FALSE
"GENE2598","GENE2598_HUMAN","P46629","Protein GENE2598",0.0036,0.175741,0.078982,1.0458,1.1025,6,5,FALSE,FALSE,FALSE
"GENE0961","GENE0961_HUMAN","P73070","Protein GENE0961",-0.4929,0.117537,0.07562,0.51,1.1214,4,6,FALSE,FALSE,FALSE
"GENE2561","GENE2561_HUMAN","P74842","Protein GENE2561",-0.5055,1,0.822173,0.0243,0.085,5,4,TRUE,FALSE,FALSE
"GENE0403","GENE0403_HUMAN","P56185","Protein GENE0403",-0.5045,0.727921,0.184569,0.4588,0.7338,2,6,FALSE,FALSE,FALSE
"GENE0282","GENE0282_HUMAN","P20394","Protein GENE0282",-4.3695,0.089474,0.045655,0.6427,1.3405,5,6,FALSE,FALSE,TRUE
"GENE1986","GENE1986_HUMAN","P40712","Protein GENE1986",-1.5374,0.09529,0.024961,1.3852,1.6027,3,6,FALSE,FALSE,TRUE
"GENE2187","GENE2187_HUMAN","P87380","Protein GENE2187",0.1604,0.783884,0.160997,0.2768,0.7932,6,4,FALSE,TRUE,FALSE
"GENE2641","GENE2641_HUMAN","P82537","Protein GENE2641",2.5049,0.014605,0.008437,1.7331,2.0738,3,4,FALSE,FALSE,TRUE
"GENE0048","GENE0048_HUMAN","P36377","Protein GENE0048",0.3001,0.568646,0.184331,0.1615,0.7344,4,6,FALSE,FALSE,FALSE
"GENE1679","GENE1679_HUMAN","P53708","Protein GENE1679",-0.8876,0.035271,0.01532,1.1226,1.8147,4,6,FALSE,FALSE,TRUE
"GPATCH4","GPATCH4_HUMAN","P37639","Protein GPATCH4",-0.1608,1,0.655121,0,0.1837,4,2,FALSE,FALSE,FALSE
"GENE0903","GENE0903_HUMAN","P90970","Protein GENE0903",0.0519,1,0.805371,0,0.094,4,6,FALSE,FALSE,FALSE
"GENE0851","GENE0851_HUMAN","P45376","Protein GENE0851",3.7033,0.223706,0.045914,0.6572,1.3381,5,6,TRUE,TRUE,TRUE
"GENE1685","GENE1685_HUMAN","P68079","Protein GENE1685",-0.1124,0.761553,0.161326,0.2984,0.7923,3,2,FALSE,FALSE,FALSE
"GENE1649","GENE1649_HUMAN","P48742","Protein GENE1649",-0.4845,1,0.698374,0,0.1559,5,3,FALSE,FALSE,FALSE
"GENE1743","GENE1743_HUMAN","P75021","Protein GENE1743",1.7913,0.035944,0.013842,1.5141,1.8588,2,6,FALSE,FALSE,TRUE
"GENE2739","GENE2739_HUMAN","P17366","Protein GENE2739",0.7751,1,0.558117,0,0.2533,4,6,FALSE,FALSE,FALSE
"GENE2316","GENE2316_HUMAN","P65844","Protein GENE2316",-0.1082,0.228451,0.184517,0.4904,0.734,4,6,FALSE,FALSE,FALSE
"GENE1076","GENE1076_HUMAN","P74250","Protein GENE1076",2.3177,0.013648,0.010874,1.9443,1.9636,4,3,FALSE,FALSE,TRUE
"GENE2159","GENE2159_HUMAN","P58161","Protein GENE2159",-0.4047,1,0.696163,0,0.1573,4,5,FALSE,FALSE,FALSE
"GENE2391","GENE2391_HUMAN","P19300","Protein GENE2391",0.0286,1,0.465405,0,0.3322,4,6,FALSE,FALSE,FALSE
"GENE1724","GENE1724_HUMAN","P21845","Protein GENE1724",0.691,1,0.780709,0.1073,0.1075,2,6,TRUE,TRUE,FALSE
"GENE2602","GENE2602_HUMAN","P23373","Protein GENE2602",-0.2041,1,0.818296,0,0.0871,3,5,FALSE,FALSE,FALSE
"GENE2458","GENE2458_HUMAN","P90568","Protein GENE2458",-0.9341,1,0.756207,0,0.1214,3,4,FALSE,FALSE,FALSE
"GENE1227","GENE1227_HUMAN","P94578","Protein GENE1227",0.0931,0.520046,0.292833,0,0.5334,2,4,FALSE,FALSE,FALSE
"GENE1179","GENE1179_HUMAN","P39033","Protein GENE1179",0.4008,1,0.55159,0,0.2584,5,5,FALSE,FALSE,FALSE
"GENE0789","GENE0789_HUMAN","P65951","Protein GENE0789",-1.0683,0.055135,0.028788,1.1681,1.5408,6,2,FALSE,FALSE,TRUE
"WNK1","WNK1_HUMAN","P72329","Protein WNK1",-0.2762,0.764013,0.666271,0,0.1763,4,4,FALSE,FALSE,FALSE
"GENE1459","GENE1459_HUMAN","P59459","Protein GENE1459",-0.2336,1,0.880018,0,0.0555,2,3,FALSE,FALSE,FALSE
"GENE0905","GENE0905_HUMAN","P35649","Protein GENE0905",-2.5454,0.015191,0.007535,1.4459,2.1229,5,6,FALSE,FALSE,TRUE
"GENE1335","GENE1335_HUMAN","P80099","Protein GENE1335",-0.082,1,0.641242,0,0.193,2,5,FALSE,FALSE,FALSE
"GENE1454","GENE1454_HUMAN","P79619","Protein GENE1454",0.1033,0.619069,0.302432,0.104,0.5194,4,5,FALSE,FALSE,FALSE
"DDX21","DDX21_HUMAN","P50194","Protein DDX21",-0.0446,1,0.855292,0,0.0679,5,3,FALSE,FALSE,FALSE
"GENE0086","GENE0086_HUMAN","P55480","Protein GENE0086",0.6863,0.251498,0.132996,0.6478,0.8762,6,4,FALSE,FALSE,FALSE
"GENE1934","GENE1934_HUMAN","P89559","Protein GENE1934",0.2431,1,0.389786,0.1826,0.4092,3,4,TRUE,TRUE,FALSE
"GENE1776","GENE1776_HUMAN","P35624","Protein GENE1776",0.0937,1,0.376543,0.0715,0.4242,5,5,FALSE,FALSE,FALSE
"GENE2526","GENE2526_HUMAN","P27372","Protein GENE2526",0.1314,1,0.917089,0,0.0376,2,4,FALSE,FALSE,FALSE
"GENE0166","GENE0166_HUMAN","P48485","Protein GENE0166",0.3842,0.932423,0.829813,0,0.081,5,5,FALSE,FALSE,FALSE
"GENE1735","GENE1735_HUMAN","P80450","Protein GENE1735",0.0406,1,0.499129,0,0.3018,3,2,FALSE,FALSE,FALSE
"GENE0096","GENE0096_HUMAN","P94414","Protein GENE0096",0.1653,1,0.84941,0,0.0709,3,6,TRUE,FALSE,FALSE
"GENE2123","GENE2123_HUMAN","P63594","Protein GENE2123",-0.0991,1,0.811298,0,0.0908,3,5,FALSE,FALSE,FALSE
"GENE0882","GENE0882_HUMAN","P18325","Protein GENE0882",-4.199,0.039103,0.022097,1.0893,1.6557,5,6,FALSE,FALSE,TRUE
"GENE1629","GENE1629_HUMAN","P89521","Protein GENE1629",1.0665,1,0.557308,0,0.2539,5,2,FALSE,FALSE,FALSE
"GENE1906","GENE1906_HUMAN","P36749","Protein GENE1906",-1.2258,0.029408,0.015707,1.2282,1.8039,3,5,FALSE,TRUE,TRUE
"GENE0415","GENE0415_HUMAN","P93629","Protein GENE0415",0.7115,1,0.420328,0,0.3764,2,6,FALSE,FALSE,FALSE
"GENE0055","GENE0055_HUMAN","P19945","Protein GENE0055",-1.0088,1,0.320197,0.487,0.4946,4,2,FALSE,FALSE,FALSE
"GENE1721","GENE1721_HUMAN","P55175","Protein GENE1721",-2.2521,0.069261,0.014026,1.486,1.8531,3,5,FALSE,TRUE,TRUE
"GENE0050","GENE0050_HUMAN","P08904","Protein GENE0050",0.0424,1,0.760286,0,0.119,6,3,FALSE,FALSE,FALSE
"GENE2201","GENE2201_HUMAN","P78367","Protein GENE2201",-0.3375,1,0.896396,0,0.0475,6,2,FALSE,FALSE,FALSE
"GENE1120","GENE1120_HUMAN","P85690","Protein GENE1120",4.4074,0.061727,0.033868,1.0618,1.4702,2,3,FALSE,FALSE,TRUE
"GENE0602","GENE0602_HUMAN","P90549","Protein GENE0602",-3.6366,0.144749,0.030231,0.8527,1.5195,4,3,FALSE,TRUE,TRUE
"GENE1524","GENE1524_HUMAN","P92933","Protein GENE1524",0.4268,1,0.716123,0.0074,0.145,4,6,TRUE,FALSE,FALSE
"GENE2815","GENE2815_HUMAN","P73429","Protein GENE2815",0.6119,0.099878,0.041979,1.3435,1.377,3,5,FALSE,FALSE,TRUE
"GENE1548","GENE1548_HUMAN","P51908","Protein GENE1548",-0.3276,1,0.428911,0,0.3676,2,5,FALSE,FALSE,FALSE
"GENE0607","GENE0607_HUMAN","P34128","Protein GENE0607",0.068,1,0.553382,0,0.257,3,4,FALSE,FALSE,FALSE
"GENE1797","GENE1797_HUMAN","P96370","Protein GENE1797",2.4912,0.005425,0.001933,2.304,2.7138,6,5,FALSE,FALSE,TRUE
"GENE0559","GENE0559_HUMAN","P89293","Protein GENE0559",-0.2545,0.446314,0.133745,0.353,0.8737,4,4,FALSE,TRUE,FALSE
"GENE0582","GENE0582_HUMAN","P57056","Protein GENE0582",0.239,0.528982,0.522959,0,0.2815,4,2,FALSE,FALSE,FALSE
"GENE1824","GENE1824_HUMAN","P52733","Protein GENE1824",-0.4295,1,0.949149,0,0.0227,4,2,TRUE,FALSE,FALSE
"GENE0495","GENE0495_HUMAN","P87484","Protein GENE0495",-0.2871,1,0.529196,0,0.2764,6,2,FALSE,FALSE,FALSE
"GENE2812","GENE2812_HUMAN","P59700","Protein GENE2812",0.246,1,0.920674,0,0.0359,3,3,FALSE,FALSE,FALSE
"GENE0094","GENE0094_HUMAN","P03571","Protein GENE0094",-0.5383,1,0.787552,0,0.1037,5,4,FALSE,FALSE,FALSE
"GENE2161","GENE2161_HUMAN","P01742","Protein GENE2161",-0.3373,1,0.77265,0,0.112,4,4,FALSE,FALSE,FALSE
"GENE1444","GENE1444_HUMAN","P00171","Protein GENE1444",0.6801,0.884204,0.196411,0.0622,0.7068,3,6,FALSE,FALSE,FALSE
"GENE1917","GENE1917_HUMAN","P62549","Protein GENE1917",-0.1551,0.209642,0.14268,0.5452,0.8456,5,4,FALSE,FALSE,FALSE
"GENE0174","GENE0174_HUMAN","P71938","Protein GENE0174",1.5473,0.043155,0.023017,0.9819,1.6379,6,3,FALSE,FALSE,TRUE
"GENE1148","GENE1148_HUMAN","P24530","Protein GENE1148",0.4337,0.866162,0.234731,0.1798,0.6294,4,4,FALSE,TRUE,FALSE
"GENE1975","GENE1975_HUMAN","P73988","Protein GENE1975",-0.2349,1,0.712563,0,0.1472,3,4,FALSE,FALSE,FALSE
"GENE2601","GENE2601_HUMAN","P58755","Protein GENE2601",0.1157,0.303895,0.107389,0.6218,0.969,3,6,FALSE,FALSE,FALSE
"GENE2789","GENE2789_HUMAN","P74476","Protein GENE2789",-0.063,1,0.72796,0.0739,0.1379,4,2,FALSE,FALSE,FALSE
"GENE2681","GENE2681_HUMAN","P01100","Protein GENE2681",0.1512,1,0.834229,0,0.0787,2,6,FALSE,FALSE,FALSE
"GENE2155","GENE2155_HUMAN","P10403","Protein GENE2155",-0.2314,1,0.95839,0,0.0185,2,4,FALSE,FALSE,FALSE
"GENE0618","GENE0618_HUMAN","P33963","Protein GENE0618",-1.124,0.120588,0.03795,0.9855,1.4208,5,3,FALSE,FALSE,TRUE
"GENE1436","GENE1436_HUMAN","P94550","Protein GENE1436",-0.9763,1,0.812701,0,0.0901,2,6,FALSE,FALSE,FALSE
"GENE0711","GENE0711_HUMAN","P68221","Protein GENE0711",-0.3042,1,0.447181,0,0.3495,4,6,FALSE,FALSE,FALSE
"GENE0952","GENE0952_HUMAN","P95019","Protein GENE0952",0.3509,1,0.828329,0,0.0818,2,4,TRUE,FALSE,FALSE
"GENE1550","GENE1550_HUMAN","P78596","Protein GENE1550",0.4945,1,0.817346,0,0.0876,2,2,FALSE,FALSE,FALSE
"GENE0685","GENE0685_HUMAN","P31877","Protein GENE0685",0.1686,0.275409,0.118339,0.6635,0.9269,5,4,FALSE,FALSE,FALSE
"GENE1949","GENE1949_HUMAN","P47999","Protein GENE1949",-0.7113,1,0.827208,0,0.0824,2,3,FALSE,FALSE,FALSE
"GENE2727","GENE2727_HUMAN","P96777","Protein GENE2727",3.8419,0.207294,0.047314,1.1392,1.325,5,5,FALSE,FALSE,TRUE
"GENE1286","GENE1286_HUMAN","P48025","Protein GENE1286",-0.8064,1,0.888938,0,0.0511,4,4,FALSE,FALSE,FALSE
"GENE0384","GENE0384_HUMAN","P20111","Protein GENE0384",2.3378,0.044045,0.037225,0.989,1.4292,2,3,FALSE,FALSE,TRUE
"GENE0467","GENE0467_HUMAN","P61876","Protein GENE0467",-0.816,1,0.661244,0,0.1796,4,2,FALSE,FALSE,FALSE
"GENE0280","GENE0280_HUMAN","P50685","Protein GENE0280",-0.1406,1,0.809521,0,0.0918,4,5,FALSE,FALSE,FALSE
"GENE2454","GENE2454_HUMAN","P39932","Protein GENE2454",0.3233,0.429689,0.351279,0,0.4543,6,4,FALSE,FALSE,FALSE
"GENE1619","GENE1619_HUMAN","P70841","Protein GENE1619",0.0074,1,0.678194,0,0.1686,2,4,FALSE,FALSE,FALSE
"GENE0831","GENE0831_HUMAN","P95925","Protein GENE0831",-3.3709,0.050907,0.011386,1.7824,1.9436,2,3,FALSE,FALSE,TRUE
"GENE2794","GENE2794_HUMAN","P66189","Protein GENE2794",0.4598,1,0.734704,0,0.1339,6,3,FALSE,FALSE,FALSE
"GENE0564","GENE0564_HUMAN","P72055","Protein GENE0564",-0.2134,0.876727,0.235075,0,0.6288,4,2,FALSE,FALSE,FALSE
"GENE2799","GENE2799_HUMAN","P01848","Protein GENE2799",0.0975,1,0.770591,0,0.1132,4,4,FALSE,FALSE,FALSE
"GENE0580","GENE0580_HUMAN","P11579","Protein GENE0580",0.361,0.303948,0.097769,0.587,1.0098,2,2,FALSE,FALSE,FALSE
"GENE1342","GENE1342_HUMAN","P63931","Protein GENE1342",-1.2974,1,0.791389,0,0.1016,6,5,FALSE,FALSE,FALSE
"GENE0947","GENE0947_HUMAN","P67806","Protein GENE0947",-0.0174,1,0.795578,0,0.0993,3,3,FALSE,FALSE,FALSE
"GENE2685","GENE2685_HUMAN","P59588","Protein GENE2685",0.1852,0.495318,0.357154,0,0.4471,2,2,FALSE,FALSE,FALSE
"GENE2226","GENE2226_HUMAN","P70835","Protein GENE2226",0.0647,1,0.867518,0,0.0617,3,6,FALSE,FALSE,FALSE
"GENE2672","GENE2672_HUMAN","P11925","Protein GENE2672",0.3187,1,0.361472,0.266,0.4419,2,3,FALSE,FALSE,FALSE
"GENE2588","GENE2588_HUMAN","P75816","Protein GENE2588",0.1701,0.844527,0.241198,0.0561,0.6176,3,6,FALSE,FALSE,FALSE
"GENE2012","GENE2012_HUMAN","P38491","Protein GENE2012",-0.0727,0.473893,0.2107,0.1413,0.6763,3,4,FALSE,FALSE,FALSE
"GENE1261","GENE1261_HUMAN","P16941","Protein GENE1261",0.5727,0.640556,0.374356,0.3803,0.4267,4,5,FALSE,FALSE,FALSE
"GENE1281","GENE1281_HUMAN","P84874","Protein GENE1281",-0.2212,1,0.799237,0,0.0973,6,5,FALSE,FALSE,FALSE
"GENE1357","GENE1357_HUMAN","P51520","Protein GENE1357",3.2375,0.200228,0.041453,0.9322,1.3824,5,6,FALSE,FALSE,TRUE
"GENE2447","GENE2447_HUMAN","P09649","Protein GENE2447",-0.474,1,0.973052,0,0.0119,4,5,TRUE,FALSE,FALSE
"GENE2465","GENE2465_HUMAN","P25423","Protein GENE2465",4.1,0.10924,0.02473,0.9736,1.6068,2,6,FALSE,FALSE,TRUE
"GENE1462","GENE1462_HUMAN","P91004","Protein GENE1462",0.0322,1,0.477499,0,0.321,5,3,FALSE,FALSE,FALSE
"GENE0260","GENE0260_HUMAN","P84628","Protein GENE0260",-0.0563,1,0.605021,0,0.2182,4,5,FALSE,FALSE,FALSE
"GENE0504","GENE0504_HUMAN","P59699","Protein GENE0504",0.9865,0.139002,0.046684,0.7893,1.3308,5,4,FALSE,FALSE,TRUE
"GENE1850","GENE1850_HUMAN","P51956","Protein GENE1850",0.155,1,0.354117,0.0326,0.4509,3,2,FALSE,FALSE,FALSE
"GENE0015","GENE0015_HUMAN","P33565","Protein GENE0015",0.4872,1,0.792432,0,0.101,6,3,FALSE,FALSE,FALSE
"GENE1229","GENE1229_HUMAN","P27701","Protein GENE1229",0.2673,1,0.573952,0.1899,0.2411,2,2,FALSE,FALSE,FALSE
"GENE1704","GENE1704_HUMAN","P14602","Protein GENE1704",0.4691,1,0.913911,0,0.0391,4,5,FALSE,FALSE,FALSE
"GENE2166","GENE2166_HUMAN","P72280","Protein GENE2166",0.0241,1,0.901119,0,0.0452,5,6,FALSE,FALSE,FALSE
"GENE2706","GENE2706_HUMAN","P60228","Protein GENE2706",-1.7546,0.074658,0.024896,1.0948,1.6039,3,4,FALSE,FALSE,TRUE
"GENE2760","GENE2760_HUMAN","P00031","Protein GENE2760",0.2806,1,0.590316,0,0.2289,2,6,FALSE,FALSE,FALSE
"GENE2029","GENE2029_HUMAN","P55982","Protein GENE2029",0.8657,1,0.277169,0,0.5573,5,4,FALSE,FALSE,FALSE
"GENE1411","GENE1411_HUMAN","P50034","Protein GENE1411",3.3915,0.081506,0.03709,0.8151,1.4307,5,4,FALSE,TRUE,TRUE
"GENE2857","GENE2857_HUMAN","P94203","Protein GENE2857",-1.4536,0.021028,0.008598,1.5345,2.0656,5,2,FALSE,FALSE,TRUE
"GENE2158","GENE2158_HUMAN","P22089","Protein GENE2158",3.2548,0.040507,0.014222,1.3298,1.847,2,6,FALSE,FALSE,TRUE
"GENE0575","GENE0575_HUMAN","P04930","Protein GENE0575",0.1337,1,0.588536,0.1783,0.2302,4,5,FALSE,FALSE,FALSE
"GENE1482","GENE1482_HUMAN","P51158","Protein GENE1482",-1.8296,0.018784,0.003813,1.7615,2.4188,5,5,TRUE,FALSE,TRUE
"GENE0779","GENE0779_HUMAN","P17782","Protein GENE0779",0.3655,0.954079,0.364109,0.1911,0.4388,5,2,FALSE,FALSE,FALSE
"GENE0060","GENE0060_HUMAN","P34226","Protein GENE0060",2.1306,0.161158,0.035333,1.0483,1.4518,6,6,FALSE,FALSE,TRUE
"GENE2450","GENE2450_HUMAN","P07277","Protein GENE2450",-0.6516,0.075498,0.026089,0.9772,1.5835,4,6,FALSE,FALSE,TRUE
"GENE1321","GENE1321_HUMAN","P44264","Protein GENE1321",0.7149,0.531639,0.409139,0,0.3881,2,5,TRUE,FALSE,FALSE
"DHX29","DHX29_HUMAN","P10370","Protein DHX29",-0.4158,1,0.4374,0,0.3591,4,3,FALSE,FALSE,FALSE
"GENE0352","GENE0352_HUMAN","P78759","Protein GENE0352",0.1638,1,0.614453,0,0.2115,6,2,FALSE,FALSE,FALSE
"GENE2368","GENE2368_HUMAN","P54408","Protein GENE2368",-0.3367,1,0.49976,0,0.3012,2,2,FALSE,FALSE,FALSE
"GENE0985","GENE0985_HUMAN","P89791","Protein GENE0985",3.2929,0.151102,0.030607,1.0516,1.5142,4,4,FALSE,FALSE,TRUE
"GENE2797","GENE2797_HUMAN","P69832","Protein GENE2797",0.0252,0.432499,0.166928,0.1317,0.7775,2,6,FALSE,FALSE,FALSE
"GENE2298","GENE2298_HUMAN","P33064","Protein GENE2298",-0.4347,0.897058,0.318071,0,0.4975,3,2,FALSE,TRUE,FALSE
"GENE2333","GENE2333_HUMAN","P83239","Protein GENE2333",0.3896,0.435626,0.105345,0.6798,0.9774,4,2,FALSE,FALSE,FALSE
"GENE1732","GENE1732_HUMAN","P33505","Protein GENE1732",0.8226,1,0.457175,0,0.3399,4,6,FALSE,FALSE,FALSE
"GENE0344","GENE0344_HUMAN","P19132","Protein GENE0344",0.5454,1,0.958365,0,0.0185,4,2,FALSE,FALSE,FALSE
"GENE1527","GENE1527_HUMAN","P15019","Protein GENE1527",0.1899,0.341409,0.128675,0.7501,0.8905,3,4,FALSE,FALSE,FALSE
"GENE2743","GENE2743_HUMAN","P02883","Protein GENE2743",3.5572,0.094273,0.047762,0.8303,1.3209,4,5,FALSE,FALSE,TRUE
"GENE0359","GENE0359_HUMAN","P40430","Protein GENE0359",0.3298,0.764585,0.398493,0.0943,0.3996,5,6,FALSE,TRUE,FALSE
"GENE0565","GENE0565_HUMAN","P58819","Protein GENE0565",-1.3823,0.054306,0.02856,1.3965,1.5442,2,3,FALSE,FALSE,TRUE
"GENE1326","GENE1326_HUMAN","P41017","Protein GENE1326",-0.0782,0.333998,0.101654,0.5487,0.9929,5,3,FALSE,FALSE,FALSE
"GENE1952","GENE1952_HUMAN","P84082","Protein GENE1952",-0.1298,1,0.61368,0,0.2121,2,5,FALSE,FALSE,FALSE
"LARP5","LARP5_HUMAN","P19222","Protein LARP5",0.4652,0.615383,0.146604,0.5554,0.8339,3,5,FALSE,FALSE,FALSE
"GENE0263","GENE0263_HUMAN","P81831","Protein GENE0263",-3.7891,0.054873,0.037115,1.0468,1.4304,2,2,TRUE,FALSE,TRUE
"GENE2172","GENE2172_HUMAN","P04611","Protein GENE2172",-0.3544,1,0.360505,0,0.4431,2,2,FALSE,FALSE,FALSE
"GENE0968","GENE0968_HUMAN","P84128","Protein GENE0968",0.1825,1,0.36652,0,0.4359,6,4,FALSE,FALSE,FALSE
"GENE1623","GENE1623_HUMAN","P44642","Protein GENE1623",-0.2601,1,0.641482,0,0.1928,6,5,FALSE,FALSE,FALSE
"GENE0307","GENE0307_HUMAN","P83386","Protein GENE0307",0.4091,1,0.902085,0,0.0448,6,5,FALSE,FALSE,FALSE
"GENE1591","GENE1591_HUMAN","P72711","Protein GENE1591",-0.9686,1,0.867207,0,0.0619,4,3,FALSE,FALSE,FALSE
"GENE2682","GENE2682_HUMAN","P90739","Protein GENE2682",-0.6155,0.830137,0.270396,0,0.568,4,4,FALSE,FALSE,FALSE
"GENE2529","GENE2529_HUMAN","P84572","Protein GENE2529",0.2178,1,0.848626,0.0117,0.0713,5,3,FALSE,FALSE,FALSE
"GENE2017","GENE2017_HUMAN","P57573","Protein GENE2017",0.0407,1,0.430005,0.0883,0.3665,3,4,FALSE,FALSE,FALSE
"GENE1307","GENE1307_HUMAN","P12828","Protein GENE1307",-0.0112,0.488046,0.16204,0.3694,0.7904,4,3,FALSE,FALSE,FALSE
"GENE1352","GENE1352_HUMAN","P42488","Protein GENE1352",-0.0618,1,0.945628,0,0.0243,2,4,FALSE,FALSE,FALSE
"GENE1912","GENE1912_HUMAN","P51057","Protein GENE1912",0.3639,1,0.683244,0,0.1654,5,5,FALSE,FALSE,FALSE
"GENE2086","GENE2086_HUMAN","P48806","Protein GENE2086",-3.4759,0.062105,0.044136,0.7105,1.3552,5,6,FALSE,FALSE,TRUE
"GENE1236","GENE1236_HUMAN","P17285","Protein GENE1236",0.2438,1,0.379695,0,0.4206,6,4,FALSE,FALSE,FALSE
"GENE1811","GENE1811_HUMAN","P21944","Protein GENE1811",0.2989,0.541351,0.393443,0,0.4051,5,4,FALSE,FALSE,FALSE
"GENE2851","GENE2851_HUMAN","P26202","Protein GENE2851",-0.012,1,0.887811,0,0.0517,2,5,FALSE,TRUE,FALSE
"GENE0204","GENE0204_HUMAN","P11940","Protein GENE0204",0.3822,1,0.426632,0.0257,0.3699,4,3,FALSE,FALSE,FALSE
"GENE0432","GENE0432_HUMAN","P00644","Protein GENE0432",0.4507,0.678806,0.484955,0.0892,0.3143,4,4,TRUE,FALSE,FALSE
"GENE2057","GENE2057_HUMAN","P99475","Protein GENE2057",-0.4513,1,0.889257,0,0.051,5,6,FALSE,FALSE,FALSE
"GENE0542","GENE0542_HUMAN","P04783","Protein GENE0542",3.0055,0.129288,0.031796,0.9724,1.4976,6,6,FALSE,FALSE,TRUE
"GENE2859","GENE2859_HUMAN","P89650","Protein GENE2859",0.2787,1,0.814241,0,0.0892,4,5,FALSE,FALSE,FALSE
"GENE1442","GENE1442_HUMAN","P70755","Protein GENE1442",0.3715,1,0.862457,0,0.0643,2,4,FALSE,FALSE,FALSE
"GENE1455","GENE1455_HUMAN","P95602","Protein GENE1455",-0.0156,0.528346,0.107672,0.4194,0.9679,4,6,FALSE,FALSE,FALSE
"GENE0668","GENE0668_HUMAN","P73875","Protein GENE0668",0.227,0.406903,0.08176,0.4897,1.0875,5,3,FALSE,FALSE,FALSE
"GENE2110","GENE2110_HUMAN","P75165","Protein GENE2110",-0.7578,1,0.566581,0,0.2467,4,6,TRUE,FALSE,FALSE
"GENE2374","GENE2374_HUMAN","P57340","Protein GENE2374",1.0782,0.050758,0.018137,1.6207,1.7414,6,5,FALSE,FALSE,TRUE
"GENE1488","GENE1488_HUMAN","P08183","Protein GENE1488",0.4254,0.859261,0.532802,0,0.2734,2,2,FALSE,FALSE,FALSE
"GENE0598","GENE0598_HUMAN","P76130","Protein GENE0598",-0.0438,1,0.482021,0.2406,0.3169,5,5,TRUE,FALSE,FALSE
"GENE2246","GENE2246_HUMAN","P51137","Protein GENE2246",0.2348,1,0.604809,0,0.2184,4,6,FALSE,FALSE,FALSE
"GENE0881","GENE0881_HUMAN","P33054","Protein GENE0881",0.1347,1,0.95022,0,0.0222,2,5,FALSE,FALSE,FALSE
"GENE1980","GENE1980_HUMAN","P06213","Protein GENE1980",-0.7271,1,0.309922,0.0645,0.5087,3,4,FALSE,FALSE,FALSE
"GENE0195","GENE0195_HUMAN","P36886","Protein GENE0195",0.3705,1,0.506786,0,0.2952,3,5,TRUE,FALSE,FALSE
"GENE1333","GENE1333_HUMAN","P40329","Protein GENE1333",0.1114,1,0.380755,0,0.4194,3,5,FALSE,FALSE,FALSE
"GENE1852","GENE1852_HUMAN","P15377","Protein GENE1852",-0.3146,1,0.857683,0,0.0667,3,5,FALSE,FALSE,FALSE
"GENE1277","GENE1277_HUMAN","P61851","Protein GENE1277",-0.5928,0.425867,0.314455,0,0.5024,6,2,FALSE,FALSE,FALSE
"GENE1731","GENE1731_HUMAN","P44907","Protein GENE1731",-0.2036,0.626392,0.5724,0,0.2423,6,3,TRUE,FALSE,FALSE
"GENE0070","GENE0070_HUMAN","P82346","Protein GENE0070",0.7012,1,0.644829,0,0.1906,6,6,FALSE,FALSE,FALSE
"GENE2268","GENE2268_HUMAN","P07443","Protein GENE2268",0.2704,1,0.384744,0,0.4148,5,5,FALSE,FALSE,FALSE
"GENE2792","GENE2792_HUMAN","P70071","Protein GENE2792",-0.0936,1,0.64253,0,0.1921,3,2,FALSE,FALSE,FALSE
"GENE2318","GENE2318_HUMAN","P35045","Protein GENE2318",0.9015,0.090361,0.025062,1.3287,1.601,4,5,FALSE,FALSE,TRUE
"GENE1250","GENE1250_HUMAN","P07824","Protein GENE1250",-0.0189,0.872754,0.378583,0,0.4218,4,5,FALSE,FALSE,FALSE
"GENE2539","GENE2539_HUMAN","P58209","Protein GENE2539",-3.0988,0.129797,0.037209,0.9218,1.4293,2,5,FALSE,FALSE,TRUE
"GENE1645","GENE1645_HUMAN","P29875","Protein GENE1645",-0.1468,1,0.301913,0,0.5201,5,6,FALSE,FALSE,FALSE
"GENE1312","GENE1312_HUMAN","P15332","Protein GENE1312",-0.295,0.988419,0.320979,0.1776,0.4935,2,5,FALSE,FALSE,FALSE
"GENE1806","GENE1806_HUMAN","P55925","Protein GENE1806",-3.0097,0.144276,0.040667,0.8329,1.3908,5,6,FALSE,FALSE,TRUE
"GENE0490","GENE0490_HUMAN","P45417","Protein GENE0490",0.2266,1,0.527697,0,0.2776,6,5,FALSE,FALSE,FALSE
"GENE1476","GENE1476_HUMAN","P35173","Protein GENE1476",0.1402,1,0.262407,0,0.581,4,3,FALSE,FALSE,FALSE
"GENE0736","GENE0736_HUMAN","P46989","Protein GENE0736",-0.0509,1,0.503674,0,0.2979,5,5,FALSE,FALSE,FALSE
"GENE0956","GENE0956_HUMAN","P79458","Protein GENE0956",2.4065,0.156907,0.039809,0.9428,1.4,3,2,TRUE,FALSE,TRUE
"GENE1859","GENE1859_HUMAN","P71395","Protein GENE1859",-0.0564,1,0.886978,0,0.0521,2,2,FALSE,FALSE,FALSE
"GENE2548","GENE2548_HUMAN","P74348","Protein GENE2548",0.104,1,0.714948,0,0.1457,5,6,FALSE,FALSE,FALSE
"GENE2020","GENE2020_HUMAN","P89064","Protein GENE2020",-0.0681,0.748363,0.190397,0.0575,0.7203,5,3,FALSE,FALSE,FALSE
"GENE1186","GENE1186_HUMAN","P80091","Protein GENE1186",-0.401,1,0.935247,0.0172,0.0291,5,2,FALSE,FALSE,FALSE
"GENE2137","GENE2137_HUMAN","P23030","Protein GENE2137",-0.2302,1,0.674865,0,0.1708,4,4,FALSE,FALSE,FALSE
"GENE1953","GENE1953_HUMAN","P72980","Protein GENE1953",-0.7797,1,0.793436,0,0.1005,2,6,FALSE,FALSE,FALSE
"GENE2378","GENE2378_HUMAN","P67509","Protein GENE2378",-0.4411,1,0.661174,0,0.1797,3,4,TRUE,TRUE,FALSE
"GENE2457","GENE2457_HUMAN","P60301","Protein GENE2457",0.2781,1,0.890411,0,0.0504,4,2,FALSE,FALSE,FALSE
"GENE1403","GENE1403_HUMAN","P32880","Protein GENE1403",1.3195,0.002124,0.000473,2.7261,3.3254,6,2,TRUE,FALSE,TRUE
"GENE2200","GENE2200_HUMAN","P30134","Protein GENE2200",-0.6695,0.281414,0.10758,0.3214,0.9683,3,2,FALSE,FALSE,FALSE
"GENE1843","GENE1843_HUMAN","P28185","Protein GENE1843",0.3846,1,0.338457,0.1237,0.4705,2,2,TRUE,FALSE,FALSE
"GENE2820","GENE2820_HUMAN","P39789","Protein GENE2820",-0.04,1,0.685522,0,0.164,5,2,FALSE,FALSE,FALSE
"GENE1121","GENE1121_HUMAN","P53847","Protein GENE1121",0.0048,0.859824,0.445373,0,0.3513,2,5,FALSE,FALSE,FALSE
"GENE0102","GENE0102_HUMAN","P13255","Protein GENE0102",-1.5685,0.048612,0.038147,1.113,1.4185,4,2,FALSE,FALSE,TRUE
"GENE2496","GENE2496_HUMAN","P44291","Protein GENE2496",0.0301,0.367841,0.157546,0.3286,0.8026,2,3,TRUE,FALSE,FALSE
"GENE0212","GENE0212_HUMAN","P01443","Protein GENE0212",-0.5243,1,0.779389,0,0.1082,3,2,FALSE,FALSE,FALSE
"GENE2148","GENE2148_HUMAN","P62661","Protein GENE2148",0.3387,1,0.668291,0,0.175,5,6,FALSE,TRUE,FALSE
"GENE0224","GENE0224_HUMAN","P86743","Protein GENE0224",4.4992,0.000152,9.6e-05,3.4324,4.02,3,5,FALSE,FALSE,TRUE
"GENE2649","GENE2649_HUMAN","P42179","Protein GENE2649",0.7066,1,0.640896,0.093,0.1932,2,5,FALSE,FALSE,FALSE
"GENE2495","GENE2495_HUMAN","P81531","Protein GENE2495",-0.2861,1,0.45845,0,0.3387,2,2,TRUE,FALSE,FALSE
"GENE1285","GENE1285_HUMAN","P90385","Protein GENE1285",-0.2921,1,0.709113,0,0.1493,5,5,FALSE,FALSE,FALSE
"GENE2223","GENE2223_HUMAN","P26561","Protein GENE2223",0.3263,1,0.425841,0.28,0.3708,2,6,FALSE,FALSE,FALSE
"GENE2724","GENE2724_HUMAN","P64708","Protein GENE2724",0.083,1,0.873806,0,0.0586,5,3,FALSE,FALSE,FALSE
"GENE2846","GENE2846_HUMAN","P84615","Protein GENE2846",-0.6126,1,0.426409,0.1548,0.3702,6,2,FALSE,FALSE,FALSE
"GENE0864","GENE0864_HUMAN","P13295","Protein GENE0864",0.2403,1,0.420357,0,0.3764,4,5,FALSE,FALSE,FALSE
"GENE1232","GENE1232_HUMAN","P77455","Protein GENE1232",-0.4374,0.236596,0.087657,0.4533,1.0572,5,5,FALSE,FALSE,FALSE
"GENE0101","GENE0101_HUMAN","P38365","Protein GENE0101",0.1429,0.464867,0.405577,0.1066,0.3919,4,6,FALSE,FALSE,FALSE
"GENE1741","GENE1741_HUMAN","P84405","Protein GENE1741",0.0249,1,0.805749,0,0.0938,5,6,FALSE,FALSE,FALSE
"GENE2230","GENE2230_HUMAN","P03104","Protein GENE2230",0.02,1,0.604893,0,0.2183,5,4,FALSE,FALSE,FALSE
"GENE0043","GENE0043_HUMAN","P98652","Protein GENE0043",-0.4407,1,0.596048,0,0.2247,4,4,FALSE,TRUE,FALSE
"GENE2217","GENE2217_HUMAN","P98656","Protein GENE2217",0.4284,0.455429,0.09308,0.7166,1.0311,2,2,FALSE,FALSE,FALSE
"GENE1248","GENE1248_HUMAN","P41687","Protein GENE1248",-0.7715,1,0.4412,0,0.3554,5,5,FALSE,FALSE,FALSE
"GENE2422","GENE2422_HUMAN","P79085","Protein GENE2422",-0.1232,1,0.869544,0,0.0607,6,3,FALSE,FALSE,FALSE
"GENE0290","GENE0290_HUMAN","P04087","Protein GENE0290",-0.6201,1,0.844307,0,0.0735,4,5,TRUE,FALSE,FALSE
"GENE0845","GENE0845_HUMAN","P29778","Protein GENE0845",0.0015,0.929528,0.538352,0,0.2689,4,4,FALSE,FALSE,FALSE
"GENE2848","GENE2848_HUMAN","P11837","Protein GENE2848",-0.1388,1,0.636612,0.1448,0.1961,2,4,TRUE,FALSE,FALSE
"GENE2382","GENE2382_HUMAN","P64071","Protein GENE2382",-0.1948,1,0.444988,0,0.3517,6,5,FALSE,FALSE,FALSE
"GENE2831","GENE2831_HUMAN","P67029","Protein GENE2831",-0.3223,1,0.692589,0.1586,0.1595,3,5,FALSE,FALSE,FALSE
"DHX58","DHX58_HUMAN","P11970","Protein DHX58",0.0483,1,0.397994,0.1345,0.4001,2,2,TRUE,FALSE,FALSE
"GENE2554","GENE2554_HUMAN","P79783","Protein GENE2554",0.0835,0.95104,0.821337,0,0.0855,2,3,TRUE,FALSE,FALSE
"GENE0462","GENE0462_HUMAN","P93172","Protein GENE0462",-0.447,1,0.846989,0,0.0721,4,3,FALSE,FALSE,FALSE
"GENE0354","GENE0354_HUMAN","P09650","Protein GENE0354",-0.0281,1,0.830925,0,0.0804,5,2,FALSE,FALSE,FALSE
"GENE2039","GENE2039_HUMAN","P15971","Protein GENE2039",-0.2637,1,0.87104,0,0.06,5,5,FALSE,FALSE,FALSE
"GENE1099","GENE1099_HUMAN","P97979","Protein GENE1099",-0.5944,1,0.687711,0,0.1626,2,3,FALSE,FALSE,FALSE
"GENE1867","GENE1867_HUMAN","P28853","Protein GENE1867",0.037,0.807831,0.164272,0.6455,0.7844,3,5,FALSE,FALSE,FALSE
"GENE0739","GENE0739_HUMAN","P84793","Protein GENE0739",-0.4485,0.903456,0.67674,0,0.1696,5,2,FALSE,FALSE,FALSE
"GENE0373","GENE0373_HUMAN","P53677","Protein GENE0373",0.0211,0.303967,0.076477,0.6739,1.1165,5,2,FALSE,FALSE,FALSE
"GENE0562","GENE0562_HUMAN","P16839","Protein GENE0562",0.2292,0.415795,0.210128,0.212,0.6775,3,2,FALSE,FALSE,FALSE
"GENE0114","GENE0114_HUMAN","P90773","Protein GENE0114",0.237,1,0.616839,0.1503,0.2098,5,6,FALSE,FALSE,FALSE
"GENE1485","GENE1485_HUMAN","P10493","Protein GENE1485",-0.3511,1,0.758655,0,0.12,2,3,FALSE,FALSE,FALSE
"TRIP4","TRIP4_HUMAN","P63350","Protein TRIP4",0.046,1,0.901146,0,0.0452,6,2,FALSE,FALSE,FALSE
"GENE1788","GENE1788_HUMAN","P88179","Protein GENE1788",0.0738,0.374656,0.128495,0.3076,0.8911,2,5,TRUE,FALSE,FALSE
"GENE1472","GENE1472_HUMAN","P79105","Protein GENE1472",-0.6959,1,0.396077,0,0.4022,3,2,FALSE,FALSE,FALSE
"GENE2011","GENE2011_HUMAN","P40846","Protein GENE2011",0.5409,0.691641,0.287465,0.0968,0.5414,3,6,FALSE,FALSE,FALSE
"GENE1581","GENE1581_HUMAN","P40742","Protein GENE1581",-0.4138,0.50926,0.158549,0.3559,0.7998,2,2,FALSE,TRUE,FALSE
"GENE0596","GENE0596_HUMAN","P30050","Protein GENE0596",0.3735,0.416721,0.35595,0,0.4486,3,5,FALSE,FALSE,FALSE
"GENE2772","GENE2772_HUMAN","P09302","Protein GENE2772",0.4709,0.480476,0.214247,0.6673,0.6691,2,2,TRUE,FALSE,FALSE
"GENE0132","GENE0132_HUMAN","P91627","Protein GENE0132",-0.0529,0.523112,0.169126,0.2281,0.7718,5,6,FALSE,FALSE,FALSE
"GENE0303","GENE0303_HUMAN","P11518","Protein GENE0303",0.7452,1,0.845105,0,0.0731,4,2,FALSE,FALSE,FALSE
"GENE0468","GENE0468_HUMAN","P91614","Protein GENE0468",-0.1764,1,0.882936,0,0.0541,4,6,FALSE,FALSE,FALSE
"GENE0742","GENE0742_HUMAN","P94548","Protein GENE0742",-0.2043,0.440401,0.310256,0.1289,0.5083,3,5,FALSE,FALSE,FALSE
"GENE0414","GENE0414_HUMAN","P70758","Protein GENE0414",0.3319,0.889354,0.78184,0,0.1069,6,3,FALSE,TRUE,FALSE
"GENE0900","GENE0900_HUMAN","P96733","Protein GENE0900",-0.4008,1,0.810171,0,0.0914,5,4,FALSE,FALSE,FALSE
"GENE2025","GENE2025_HUMAN","P62646","Protein GENE2025",-0.0448,1,0.759692,0,0.1194,3,3,FALSE,FALSE,FALSE
"GENE0479","GENE0479_HUMAN","P84861","Protein GENE0479",-0.1403,1,0.960413,0,0.0175,2,2,TRUE,FALSE,FALSE
"GENE0382","GENE0382_HUMAN","P86295","Protein GENE0382",-0.3484,0.697501,0.16574,0.3763,0.7806,4,5,FALSE,FALSE,FALSE
"GENE2221","GENE2221_HUMAN","P68724","Protein GENE2221",-0.2791,0.248713,0.17085,0.1767,0.7674,2,3,FALSE,FALSE,FALSE
"GENE0390","GENE0390_HUMAN","P31622","Protein GENE0390",-0.4268,1,0.594277,0,0.226,6,2,FALSE,FALSE,FALSE
"GENE1826","GENE1826_HUMAN","P90104","Protein GENE1826",0.4631,1,0.743586,0,0.1287,3,4,FALSE,FALSE,FALSE
"GENE1362","GENE1362_HUMAN","P97487","Protein GENE1362",-0.3131,1,0.284153,0.5383,0.5464,6,4,FALSE,FALSE,FALSE
"GENE0125","GENE0125_HUMAN","P08276","Protein GENE0125",0.2686,0.486297,0.112026,0.7403,0.9507,6,3,FALSE,FALSE,FALSE
"GENE2323","GENE2323_HUMAN","P81114","Protein GENE2323",-0.1148,0.766477,0.190598,0.515,0.7199,3,4,TRUE,FALSE,FALSE
"GENE2058","GENE2058_HUMAN","P13039","Protein GENE2058",-0.393,1,0.976202,0,0.0105,3,3,FALSE,FALSE,FALSE
"GENE0411","GENE0411_HUMAN","P18690","Protein GENE0411",-0.3062,1,0.839866,0,0.0758,5,4,FALSE,FALSE,FALSE
"GENE0206","GENE0206_HUMAN","P98769","Protein GENE0206",0.8013,0.302406,0.248583,0.1128,0.6045,2,2,FALSE,FALSE,FALSE
"GENE1907","GENE1907_HUMAN","P15127","Protein GENE1907",-0.1511,1,0.818006,0,0.0872,5,2,FALSE,FALSE,FALSE
"GENE2630","GENE2630_HUMAN","P43651","Protein GENE2630",-0.3768,1,0.88648,0,0.0523,6,5,FALSE,FALSE,FALSE
"GENE2559","GENE2559_HUMAN","P62940","Protein GENE2559",0.1289,0.975053,0.777306,0,0.1094,2,3,FALSE,FALSE,FALSE
"GENE0340","GENE0340_HUMAN","P40868","Protein GENE0340",0.4918,0.217975,0.110894,0.7863,0.9551,6,4,FALSE,FALSE,FALSE
"GENE0863","GENE0863_HUMAN","P69432","Protein GENE0863",-0.5227,1,0.333108,0,0.4774,4,3,FALSE,FALSE,FALSE
"GENE0894","GENE0894_HUMAN","P42385","Protein GENE0894",-0.4393,0.252712,0.242138,0.1748,0.6159,3,5,FALSE,FALSE,FALSE
"GENE1313","GENE1313_HUMAN","P81076","Protein GENE1313",-0.0673,0.853276,0.454499,0,0.3425,3,3,FALSE,FALSE,FALSE
"GENE0678","GENE0678_HUMAN","P67021","Protein GENE0678",0.3757,0.137186,0.114577,0.3716,0.9409,2,4,FALSE,FALSE,FALSE
"GENE1180","GENE1180_HUMAN","P67065","Protein GENE1180",0.0636,1,0.342349,0.4085,0.4655,3,5,FALSE,FALSE,FALSE
"GENE0755","GENE0755_HUMAN","P34751","Protein GENE0755",0.4601,1,0.522357,0,0.282,2,4,FALSE,TRUE,FALSE
"GENE0225","GENE0225_HUMAN","P11207","Protein GENE0225",-0.4825,1,0.353123,0.2083,0.4521,2,2,FALSE,FALSE,FALSE
"DDRGK1","DDRGK1_HUMAN","P35878","Protein DDRGK1",2.8944,0.044592,0.016342,1.1824,1.7867,2,3,FALSE,TRUE,TRUE
"GENE2482","GENE2482_HUMAN","P40799","Protein GENE2482",-0.0845,0.859694,0.505941,0,0.2959,6,2,FALSE,FALSE,FALSE
"GENE1773","GENE1773_HUMAN","P01791","Protein GENE1773",0.0622,1,0.817548,0,0.0875,5,6,FALSE,FALSE,FALSE
"GENE0825","GENE0825_HUMAN","P14418","Protein GENE0825",-0.0786,1,0.515999,0,0.2874,4,2,FALSE,FALSE,FALSE
"GENE0046","GENE0046_HUMAN","P79092","Protein GENE0046",-0.1592,1,0.690166,0,0.161,2,5,FALSE,FALSE,FALSE
"GENE1137","GENE1137_HUMAN","P23133","Protein GENE1137",-0.2143,0.786929,0.259484,0.1084,0.5859,3,5,FALSE,FALSE,FALSE
"GENE0512","GENE0512_HUMAN","P46455","Protein GENE0512",1.3953,0.014151,0.005923,1.6118,2.2274,4,4,FALSE,FALSE,TRUE
"GENE0904","GENE0904_HUMAN","P36121","Protein GENE0904",0.2742,1,0.828662,0,0.0816,3,4,FALSE,FALSE,FALSE
"GENE1082","GENE1082_HUMAN","P54107","Protein GENE1082",-0.4035,0.426597,0.097339,0.4829,1.0117,2,3,FALSE,FALSE,FALSE
"GENE0827","GENE0827_HUMAN","P55962","Protein GENE0827",0.1675,0.094417,0.083211,0.9699,1.0798,3,2,TRUE,FALSE,FALSE
"GENE0637","GENE0637_HUMAN","P84612","Protein GENE0637",-0.5659,0.945901,0.38804,0.2287,0.4111,6,3,FALSE,FALSE,FALSE
"GENE0253","GENE0253_HUMAN","P79770","Protein GENE0253",-0.0204,0.785664,0.374479,0.0886,0.4266,2,3,FALSE,FALSE,FALSE
"GENE2413","GENE2413_HUMAN","P89243","Protein GENE2413",-3.9662,0.035074,0.012712,1.3039,1.8958,3,5,FALSE,FALSE,TRUE
"GENE0315","GENE0315_HUMAN","P76949","Protein GENE0315",-0.6017,1,0.500819,0,0.3003,6,6,FALSE,FALSE,FALSE
"GENE0929","GENE0929_HUMAN","P56294","Protein GENE0929",0.035,0.854812,0.189741,0.2476,0.7218,4,5,FALSE,TRUE,FALSE
"GENE2595","GENE2595_HUMAN","P35919","Protein GENE2595",-0.1629,1,0.604903,0,0.2183,6,4,FALSE,FALSE,FALSE
"GENE1864","GENE1864_HUMAN","P11012","Protein GENE1864",3.1833,0.148843,0.042651,0.8161,1.3701,2,5,FALSE,FALSE,TRUE
"GENE2678","GENE2678_HUMAN","P20331","Protein GENE2678",-1.0252,0.194236,0.043716,0.9442,1.3594,5,6,FALSE,FALSE,TRUE
"GENE1169","GENE1169_HUMAN","P18166","Protein GENE1169",-0.0041,1,0.701679,0,0.1539,5,4,FALSE,FALSE,FALSE
"GENE0732","GENE0732_HUMAN","P34581","Protein GENE0732",0.3212,0.1604,0.119141,0.2747,0.9239,4,2,FALSE,FALSE,FALSE
"GENE0999","GENE0999_HUMAN","P78350","Protein GENE0999",-1.1568,1,0.973368,0,0.0117,6,4,FALSE,FALSE,FALSE
"GENE2637","GENE2637_HUMAN","P36199","Protein GENE2637",-0.5791,1,0.736555,0,0.1328,3,3,FALSE,FALSE,FALSE
"GENE1156","GENE1156_HUMAN","P89881","Protein GENE1156",0.2611,0.296989,0.08533,0.3818,1.0689,6,6,FALSE,TRUE,FALSE
"GENE0614","GENE0614_HUMAN","P62604","Protein GENE0614",0.5535,1,0.668926,0,0.1746,5,3,TRUE,FALSE,FALSE
"GENE2847","GENE2847_HUMAN","P08871","Protein GENE2847",0.3062,1,0.440843,0,0.3557,2,4,FALSE,FALSE,FALSE
"GENE1233","GENE1233_HUMAN","P49570","Protein GENE1233",0.3221,1,0.4478,0,0.3489,2,3,FALSE,FALSE,FALSE
"GENE1987","GENE1987_HUMAN","P90384","Protein GENE1987",-0.0467,1,0.97852,0,0.0094,5,6,FALSE,FALSE,FALSE
"GENE0855","GENE0855_HUMAN","P08633","Protein GENE0855",-3.347,0.192673,0.044374,0.9553,1.3529,6,2,FALSE,FALSE,TRUE
"GENE0959","GENE0959_HUMAN","P15727","Protein GENE0959",0.5702,1,0.84987,0,0.0706,3,5,TRUE,FALSE,FALSE
"GENE0915","GENE0915_HUMAN","P67183","Protein GENE0915",0.4567,0.892907,0.735386,0,0.1335,3,4,FALSE,FALSE,FALSE
"GENE0659","GENE0659_HUMAN","P78373","Protein GENE0659",-0.0065,1,0.506099,0.1526,0.2958,4,4,TRUE,FALSE,FALSE
"GENE2377","GENE2377_HUMAN","P02187","Protein GENE2377",-0.3292,1,0.798086,0,0.098,5,4,FALSE,FALSE,FALSE
"GENE0398","GENE0398_HUMAN","P18471","Protein GENE0398",0.3339,0.478511,0.189105,0.4841,0.7233,4,2,FALSE,FALSE,FALSE
"GENE0353","GENE0353_HUMAN","P82901","Protein GENE0353",-0.0972,0.706475,0.304219,0,0.5168,3,5,FALSE,FALSE,FALSE
"GENE0249","GENE0249_HUMAN","P59777","Protein GENE0249",0.1513,0.818144,0.192702,0.1347,0.7151,6,2,FALSE,TRUE,FALSE
"GENE0829","GENE0829_HUMAN","P95119","Protein GENE0829",-0.2453,1,0.873019,0,0.059,3,2,FALSE,FALSE,FALSE
"GENE1844","GENE1844_HUMAN","P50103","Protein GENE1844",1.1127,1,0.313221,0,0.5041,4,6,TRUE,FALSE,FALSE
"GENE1458","GENE1458_HUMAN","P61278","Protein GENE1458",0.5208,1,0.634575,0.1734,0.1975,2,5,FALSE,FALSE,FALSE
"GENE0312","GENE0312_HUMAN","P36809","Protein GENE0312",0.8816,0.160756,0.03774,1.0245,1.4232,5,5,FALSE,FALSE,TRUE
"GENE1517","GENE1517_HUMAN","P07303","Protein GENE1517",0.5633,1,0.776434,0,0.1099,3,5,FALSE,FALSE,FALSE
"GENE0334","GENE0334_HUMAN","P67294","Protein GENE0334",0.0601,0.693049,0.16839,0.1052,0.7737,3,5,FALSE,FALSE,FALSE
"GENE1123","GENE1123_HUMAN","P78872","Protein GENE1123",-0.1382,0.260528,0.158181,0.5103,0.8008,6,4,TRUE,FALSE,FALSE
"GENE0122","GENE0122_HUMAN","P33715","Protein GENE0122",-0.5366,1,0.900946,0,0.0453,2,3,FALSE,FALSE,FALSE
"GENE1514","GENE1514_HUMAN","P33600","Protein GENE1514",-0.259,1,0.803331,0,0.0951,2,2,FALSE,FALSE,FALSE
"GENE1881","GENE1881_HUMAN","P15430","Protein GENE1881",0.2168,1,0.37744,0.2381,0.4232,6,6,FALSE,FALSE,FALSE
"GENE1529","GENE1529_HUMAN","P27919","Protein GENE1529",-0.1386,1,0.510487,0,0.292,6,6,FALSE,FALSE,FALSE
"GENE2751","GENE2751_HUMAN","P89639","Protein GENE2751",0.3786,0.820458,0.798846,0,0.0975,6,3,FALSE,TRUE,FALSE
"GENE0079","GENE0079_HUMAN","P52433","Protein GENE0079",-3.2105,0.008023,0.007311,1.6704,2.136,3,3,FALSE,FALSE,TRUE
"GENE1457","GENE1457_HUMAN","P08000","Protein GENE1457",-0.0431,1,0.621884,0,0.2063,3,2,FALSE,FALSE,FALSE
"GENE2891","GENE2891_HUMAN","P25861","Protein GENE2891",-0.5923,1,0.984917,0,0.0066,3,3,FALSE,FALSE,FALSE
"GENE1893","GENE1893_HUMAN","P36517","Protein GENE1893",0.4731,1,0.31129,0.0769,0.5068,5,5,FALSE,FALSE,FALSE
"GENE0552","GENE0552_HUMAN","P18966","Protein GENE0552",0.3739,1,0.857842,0,0.0666,2,2,FALSE,FALSE,FALSE
"GENE2220","GENE2220_HUMAN","P58445","Protein GENE2220",-0.414,0.913606,0.225623,0.4333,0.6466,6,5,FALSE,FALSE,FALSE
"GENE2051","GENE2051_HUMAN","P92653","Protein GENE2051",-0.1038,0.351975,0.212805,0.2404,0.672,2,2,FALSE,FALSE,FALSE
"GENE0708","GENE0708_HUMAN","P17935","Protein GENE0708",-4.286,0.081594,0.045062,1.0791,1.3462,4,2,FALSE,FALSE,TRUE
"GENE2463","GENE2463_HUMAN","P54852","Protein GENE2463",0.6058,1,0.3148,0,0.502,4,4,TRUE,FALSE,FALSE
"GENE1065","GENE1065_HUMAN","P66917","Protein GENE1065",-0.1424,0.609623,0.231202,0.1109,0.636,6,6,FALSE,FALSE,FALSE
"GENE0826","GENE0826_HUMAN","P86295","Protein GENE0826",0.4576,1,0.9902,0,0.0043,4,5,TRUE,FALSE,FALSE
"GENE0593","GENE0593_HUMAN","P63561","Protein GENE0593",-0.4052,1,0.424903,0,0.3717,2,6,FALSE,TRUE,FALSE
"GENE1940","GENE1940_HUMAN","P73283","Protein GENE1940",-0.3994,0.622257,0.30509,0,0.5156,2,6,FALSE,TRUE,FALSE
"GENE0480","GENE0480_HUMAN","P18352","Protein GENE0480",-0.2304,1,0.584692,0,0.2331,6,3,FALSE,FALSE,FALSE
"GENE1404","GENE1404_HUMAN","P51797","Protein GENE1404",0.0928,1,0.696731,0,0.1569,3,2,FALSE,TRUE,FALSE
"GENE0293","GENE0293_HUMAN","P99775","Protein GENE0293",0.1693,0.56303,0.175171,0.5633,0.7565,3,3,FALSE,FALSE,FALSE
"GENE0525","GENE0525_HUMAN","P55237","Protein GENE0525",-0.0096,1,0.461403,0,0.3359,5,4,FALSE,FALSE,FALSE
"GENE0966","GENE0966_HUMAN","P90470","Protein GENE0966",3.1187,0.208402,0.043235,0.9381,1.3642,4,3,FALSE,FALSE,TRUE
"GENE1294","GENE1294_HUMAN","P72310","Protein GENE1294",0.2332,1,0.977415,0,0.0099,5,6,FALSE,FALSE,FALSE
"GENE0420","GENE0420_HUMAN","P82613","Protein GENE0420",-0.3922,1,0.585079,0,0.2328,6,5,FALSE,FALSE,FALSE
"GENE2771","GENE2771_HUMAN","P05529","Protein GENE2771",-0.265,1,0.586114,0,0.232,4,3,FALSE,FALSE,FALSE
"GENE0816","GENE0816_HUMAN","P52319","Protein GENE0816",1.6908,0.086083,0.030583,0.8626,1.5145,2,5,FALSE,TRUE,TRUE
"GENE0230","GENE0230_HUMAN","P70808","Protein GENE0230",0.6136,1,0.781761,0,0.1069,4,2,FALSE,FALSE,FALSE
"GENE2085","GENE2085_HUMAN","P59987","Protein GENE2085",-0.1305,1,0.339218,0.1809,0.4695,3,2,FALSE,FALSE,FALSE
"GENE0723","GENE0723_HUMAN","P31803","Protein GENE0723",0.2337,1,0.490142,0,0.3097,5,3,FALSE,FALSE,FALSE
"GENE2257","GENE2257_HUMAN","P96335","Protein GENE2257",-0.6089,1,0.913756,0,0.0392,2,3,TRUE,FALSE,FALSE
"GENE0530","GENE0530_HUMAN","P37718","Protein GENE0530",0.6743,1,0.62892,0.0147,0.2014,2,3,FALSE,FALSE,FALSE
"GENE0775","GENE0775_HUMAN","P27123","Protein GENE0775",0.1978,1,0.369088,0.2092,0.4329,3,4,FALSE,FALSE,FALSE
"GENE0100","GENE0100_HUMAN","P19656","Protein GENE0100",0.4517,1,0.49172,0,0.3083,5,2,TRUE,FALSE,FALSE
"GENE1945","GENE1945_HUMAN","P70916","Protein GENE1945",0.2208,1,0.745769,0,0.1274,2,3,FALSE,FALSE,FALSE
"GENE1443","GENE1443_HUMAN","P14562","Protein GENE1443",0.0942,1,0.542298,0,0.2658,2,2,TRUE,FALSE,FALSE
"GENE2872","GENE2872_HUMAN","P26921","Protein GENE2872",0.8494,0.933122,0.389012,0.0179,0.41,3,6,FALSE,FALSE,FALSE
"GENE2415","GENE2415_HUMAN","P19069","Protein GENE2415",-0.1906,1,0.439023,0.0773,0.3575,5,2,FALSE,FALSE,FALSE
"GENE1595","GENE1595_HUMAN","P71454","Protein GENE1595",-0.6835,1,0.434386,0.0719,0.3621,5,6,FALSE,FALSE,FALSE
"GENE2264","GENE2264_HUMAN","P04460","Protein GENE2264",0.1047,1,0.992366,0,0.0033,6,4,FALSE,FALSE,FALSE
"GENE0791","GENE0791_HUMAN","P25354","Protein GENE0791",0.6512,0.112595,0.079687,1.0503,1.0986,6,3,FALSE,FALSE,FALSE
"GENE0005","GENE0005_HUMAN","P78966","Protein GENE0005",-0.0053,0.503718,0.131522,0.2962,0.881,5,2,FALSE,FALSE,FALSE
"GENE0349","GENE0349_HUMAN","P29209","Protein GENE0349",-0.7468,0.09764,0.030751,1.4371,1.5121,6,4,FALSE,FALSE,TRUE
"GENE2296","GENE2296_HUMAN","P29875","Protein GENE2296",-1.3747,0.049474,0.01154,1.2512,1.9378,5,2,FALSE,FALSE,TRUE
"GENE0053","GENE0053_HUMAN","P23387","Protein GENE0053",-0.5163,1,0.587783,4e-04,0.2308,2,5,FALSE,FALSE,FALSE
"GENE1240","GENE1240_HUMAN","P29836","Protein GENE1240",-0.6377,1,0.948776,0,0.0228,2,5,FALSE,FALSE,FALSE
"GENE2068","GENE2068_HUMAN","P54516","Protein GENE2068",0.7765,0.534158,0.237001,0.2376,0.6253,3,6,FALSE,FALSE,FALSE
"GENE0394","GENE0394_HUMAN","P07970","Protein GENE0394",2.1069,0.036724,0.012013,1.8696,1.9203,2,4,FALSE,FALSE,TRUE
"GENE1041","GENE1041_HUMAN","P82627","Protein GENE1041",0.2858,1,0.945213,0,0.0245,4,3,FALSE,FALSE,FALSE
"GENE2293","GENE2293_HUMAN","P55565","Protein GENE2293",1.786,0.060922,0.019009,1.0984,1.721,3,3,FALSE,TRUE,TRUE
"GENE2317","GENE2317_HUMAN","P96238","Protein GENE2317",0.2787,1,0.72509,0,0.1396,3,4,FALSE,FALSE,FALSE
"GENE0672","GENE0672_HUMAN","P93455","Protein GENE0672",3.0105,0.1457,0.04484,1.1704,1.3483,3,4,FALSE,FALSE,TRUE
"GENE0953","GENE0953_HUMAN","P63128","Protein GENE0953",0.6336,1,0.838271,0,0.0766,5,2,FALSE,FALSE,FALSE
"GENE1397","GENE1397_HUMAN","P16961","Protein GENE1397",1.3944,0.004041,0.001705,2.6965,2.7682,4,6,TRUE,FALSE,TRUE
"GENE1059","GENE1059_HUMAN","P65625","Protein GENE1059",-0.0319,1,0.796107,0,0.099,6,2,FALSE,FALSE,FALSE
"GENE0926","GENE0926_HUMAN","P86738","Protein GENE0926",0.8493,1,0.25545,0.0191,0.5927,5,5,FALSE,TRUE,FALSE
"GENE1592","GENE1592_HUMAN","P21914","Protein GENE1592",0.0059,0.606834,0.226985,0,0.644,3,2,FALSE,FALSE,FALSE
"GENE2802","GENE2802_HUMAN","P86998","Protein GENE2802",0.2987,1,0.632145,0,0.1992,6,6,FALSE,FALSE,FALSE
"GENE2640","GENE2640_HUMAN","P00430","Protein GENE2640",-0.8856,0.048096,0.014801,1.4835,1.8297,2,5,FALSE,FALSE,TRUE
"GENE2405","GENE2405_HUMAN","P53618","Protein GENE2405",0.1305,1,0.752627,0,0.1234,5,5,FALSE,FALSE,FALSE
"GENE1848","GENE1848_HUMAN","P54784","Protein GENE1848",-0.2922,1,0.930167,0,0.0314,6,6,FALSE,TRUE,FALSE
"GENE1038","GENE1038_HUMAN","P57372","Protein GENE1038",-0.5403,1,0.783755,0,0.1058,6,5,FALSE,FALSE,FALSE
"GENE2074","GENE2074_HUMAN","P54793","Protein GENE2074",-0.2021,0.697589,0.19025,0.0699,0.7207,3,6,FALSE,FALSE,FALSE
"GENE1651","GENE1651_HUMAN","P51404","Protein GENE1651",-2.7053,0.039554,0.013424,1.2374,1.8721,5,5,FALSE,FALSE,TRUE
"GENE0126","GENE0126_HUMAN","P53019","Protein GENE0126",0.7811,1,0.571371,0,0.2431,5,4,TRUE,FALSE,FALSE
"GENE2288","GENE2288_HUMAN","P49569","Protein GENE2288",0.0489,0.486154,0.140054,0.2268,0.8537,5,4,FALSE,FALSE,FALSE
"GENE1212","GENE1212_HUMAN","P51138","Protein GENE1212",0.7811,0.039275,0.008754,1.3723,2.0578,3,2,TRUE,FALSE,TRUE
"GENE1902","GENE1902_HUMAN","P09336","Protein GENE1902",0.4223,1,0.82556,0,0.0833,3,6,FALSE,TRUE,FALSE
"GENE1628","GENE1628_HUMAN","P82727","Protein GENE1628",-0.5379,0.467414,0.194854,0.1308,0.7103,5,2,FALSE,TRUE,FALSE
"GENE0112","GENE0112_HUMAN","P42486","Protein GENE0112",0.3322,1,0.73651,0,0.1328,5,5,FALSE,FALSE,FALSE
"GENE2490","GENE2490_HUMAN","P73139","Protein GENE2490",-0.5455,1,0.916265,0,0.038,4,2,FALSE,FALSE,FALSE
"GENE2589","GENE2589_HUMAN","P08830","Protein GENE2589",-1.2532,0.083852,0.017182,1.2784,1.7649,3,2,FALSE,FALSE,TRUE
"GENE1258","GENE1258_HUMAN","P30316","Protein GENE1258",-0.0769,1,0.425708,0,0.3709,5,4,FALSE,FALSE,FALSE
"GENE2810","GENE2810_HUMAN","P22987","Protein GENE2810",-0.353,1,0.826914,0,0.0825,3,6,TRUE,TRUE,FALSE
"GENE1594","GENE1594_HUMAN","P77299","Protein GENE1594",0.2565,1,0.72208,0,0.1414,5,6,FALSE,FALSE,FALSE
"GENE0083","GENE0083_HUMAN","P38556","Protein GENE0083",-0.0646,1,0.749624,0,0.1252,3,4,FALSE,FALSE,FALSE
"GENE2485","GENE2485_HUMAN","P51610","Protein GENE2485",-2.1495,0.06335,0.020205,1.1083,1.6945,3,5,FALSE,FALSE,TRUE
"GENE0737","GENE0737_HUMAN","P64740","Protein GENE0737",0.0809,0.268772,0.083249,0.7406,1.0796,2,4,FALSE,FALSE,FALSE
"GENE0209","GENE0209_HUMAN","P87372","Protein GENE0209",0.1589,1,0.478858,0,0.3198,6,2,FALSE,FALSE,FALSE
"GENE0865","GENE0865_HUMAN","P95461","Protein GENE0865",2.7669,0.210435,0.048322,0.8531,1.3159,5,4,FALSE,FALSE,TRUE
"GENE1239","GENE1239_HUMAN","P93052","Protein GENE1239",0.8152,0.022459,0.007975,1.4472,2.0983,4,5,TRUE,FALSE,TRUE
"GENE0437","GENE0437_HUMAN","P34337","Protein GENE0437",-1.7983,0.101855,0.029023,0.9324,1.5373,4,2,FALSE,TRUE,TRUE
"GENE0455","GENE0455_HUMAN","P12396","Protein GENE0455",0.2339,0.325111,0.104473,0.306,0.981,4,4,FALSE,FALSE,FALSE
"GENE2787","GENE2787_HUMAN","P94215","Protein GENE2787",0.674,1,0.53905,0,0.2684,3,2,TRUE,TRUE,FALSE
"GENE2013","GENE2013_HUMAN","P25999","Protein GENE2013",0.8524,1,0.983211,0,0.0074,6,2,FALSE,FALSE,FALSE
"GENE2361","GENE2361_HUMAN","P57888","Protein GENE2361",-0.0483,1,0.764589,0.0344,0.1166,5,2,FALSE,FALSE,FALSE
"GENE0911","GENE0911_HUMAN","P28263","Protein GENE0911",-0.0363,0.918787,0.325594,0,0.4873,2,6,FALSE,FALSE,FALSE
"GENE2451","GENE2451_HUMAN","P72481","Protein GENE2451",-0.7384,1,0.692392,0,0.1596,5,2,FALSE,TRUE,FALSE
"GENE0661","GENE0661_HUMAN","P85663","Protein GENE0661",3.7795,0.000244,7.4e-05,3.76,4.1282,4,4,FALSE,FALSE,TRUE
"GENE1410","GENE1410_HUMAN","P08033","Protein GENE1410",2.4171,0.053154,0.018244,1.598,1.7389,4,5,FALSE,FALSE,TRUE
"GENE2829","GENE2829_HUMAN","P40865","Protein GENE2829",-3.3467,0.019723,0.012162,1.266,1.915,2,3,FALSE,FALSE,TRUE
"GENE0613","GENE0613_HUMAN","P81115","Protein GENE0613",0.2651,1,0.877705,0,0.0567,5,5,FALSE,FALSE,FALSE
"GENE1766","GENE1766_HUMAN","P28247","Protein GENE1766",0.2756,0.145902,0.072315,0.7075,1.1408,5,6,TRUE,FALSE,FALSE
"GENE0471","GENE0471_HUMAN","P82214","Protein GENE0471",0.1852,1,0.998824,0,5e-04,3,3,TRUE,FALSE,FALSE
"GENE0553","GENE0553_HUMAN","P22713","Protein GENE0553",3.181,0.080556,0.028009,1.1627,1.5527,2,4,FALSE,TRUE,TRUE
"GENE2233","GENE2233_HUMAN","P12835","Protein GENE2233",0.2261,1,0.55907,0,0.2525,6,5,FALSE,FALSE,FALSE
"GENE1147","GENE1147_HUMAN","P77862","Protein GENE1147",-0.2552,0.952662,0.236681,0.0902,0.6258,3,4,FALSE,TRUE,FALSE
"GENE2303","GENE2303_HUMAN","P01927","Protein GENE2303",0.3035,1,0.397842,0.0068,0.4003,6,3,FALSE,TRUE,FALSE
"GENE2616","GENE2616_HUMAN","P51090","Protein GENE2616",-0.6461,0.62082,0.344388,0,0.463,4,6,TRUE,FALSE,FALSE
"GENE2179","GENE2179_HUMAN","P16002","Protein GENE2179",-0.0638,0.091663,0.062848,0.9553,1.2017,2,6,FALSE,FALSE,FALSE
"GENE0888","GENE0888_HUMAN","P67304","Protein GENE0888",0.637,0.061345,0.020303,1.1288,1.6924,5,2,FALSE,FALSE,TRUE
"GENE2049","GENE2049_HUMAN","P52631","Protein GENE2049",-0.6181,1,0.546052,0,0.2628,6,3,FALSE,FALSE,FALSE
"GENE1354","GENE1354_HUMAN","P18284","Protein GENE1354",-0.0777,0.58806,0.482441,0,0.3166,2,6,FALSE,FALSE,FALSE
"GENE0617","GENE0617_HUMAN","P13047","Protein GENE0617",-3.8751,0.013514,0.004427,1.9896,2.3539,6,5,FALSE,FALSE,TRUE
"GENE1098","GENE1098_HUMAN","P86908","Protein GENE1098",-0.2992,0.937132,0.258233,0.0952,0.588,6,4,TRUE,FALSE,FALSE
"GENE2205","GENE2205_HUMAN","P31504","Protein GENE2205",-0.0493,0.338029,0.235252,0.4183,0.6285,4,6,FALSE,FALSE,FALSE
"GENE0706","GENE0706_HUMAN","P34708","Protein GENE0706",0.1405,0.832199,0.42799,0,0.3686,5,5,FALSE,TRUE,FALSE
"GENE2035","GENE2035_HUMAN","P15679","Protein GENE2035",-0.4631,1,0.541252,0,0.2666,3,3,FALSE,FALSE,FALSE
"GENE2466","GENE2466_HUMAN","P22725","Protein GENE2466",3.7204,0.031262,0.00914,1.399,2.039,5,2,FALSE,FALSE,TRUE
"GENE2842","GENE2842_HUMAN","P20798","Protein GENE2842",-0.1115,0.284813,0.104912,0.4527,0.9792,2,5,FALSE,FALSE,FALSE
"GENE1126","GENE1126_HUMAN","P08487","Protein GENE1126",-0.1685,0.667861,0.205833,0.1153,0.6865,4,2,FALSE,TRUE,FALSE
"GENE1531","GENE1531_HUMAN","P16525","Protein GENE1531",-0.8393,0.145991,0.048402,1.3057,1.3151,4,5,FALSE,FALSE,TRUE
"GENE1463","GENE1463_HUMAN","P31811","Protein GENE1463",-0.2044,1,0.444878,0,0.3518,5,2,FALSE,FALSE,FALSE
"GENE2803","GENE2803_HUMAN","P95826","Protein GENE2803",2.7176,0.076856,0.018628,1.0971,1.7298,5,6,FALSE,FALSE,TRUE
"GENE2305","GENE2305_HUMAN","P91315","Protein GENE2305",0.4213,1,0.426025,0,0.3706,6,6,FALSE,FALSE,FALSE
"GENE1489","GENE1489_HUMAN","P74955","Protein GENE1489",-0.2839,1,0.995875,0,0.0018,6,4,FALSE,FALSE,FALSE
"GENE0004","GENE0004_HUMAN","P08354","Protein GENE0004",-0.3725,0.370083,0.315118,0,0.5015,3,5,FALSE,FALSE,FALSE
"GENE1681","GENE1681_HUMAN","P43822","Protein GENE1681",0.0839,0.745062,0.458435,0.1986,0.3387,2,6,FALSE,FALSE,FALSE
"GENE0154","GENE0154_HUMAN","P00413","Protein GENE0154",0.0037,1,0.336493,0.068,0.473,5,6,FALSE,FALSE,FALSE
"GENE1505","GENE1505_HUMAN","P32670","Protein GENE1505",0.2907,1,0.557917,0,0.2534,2,6,FALSE,TRUE,FALSE
"GENE1993","GENE1993_HUMAN","P80524","Protein GENE1993",-0.1881,1,0.455992,0,0.341,6,2,FALSE,TRUE,FALSE
"GENE1276","GENE1276_HUMAN","P96050","Protein GENE1276",0.3319,1,0.963012,0,0.0164,4,3,FALSE,FALSE,FALSE
"GENE2070","GENE2070_HUMAN","P86388","Protein GENE2070",0.0387,1,0.440543,0,0.356,5,2,FALSE,FALSE,FALSE
"GENE1470","GENE1470_HUMAN","P36966","Protein GENE1470",0.4923,1,0.525983,0,0.279,2,4,FALSE,FALSE,FALSE
"GENE1748","GENE1748_HUMAN","P56175","Protein GENE1748",-0.2729,0.535044,0.125724,0.74,0.9006,4,6,FALSE,FALSE,FALSE
"GENE0722","GENE0722_HUMAN","P28389","Protein GENE0722",1.8378,0.019494,0.013921,1.3353,1.8563,5,3,FALSE,FALSE,TRUE
"GENE1726","GENE1726_HUMAN","P75593","Protein GENE1726",0.0615,1,0.615234,0,0.211,3,5,FALSE,FALSE,FALSE
"GENE1723","GENE1723_HUMAN","P27087","Protein GENE1723",-0.5789,1,0.920346,0,0.036,3,2,FALSE,FALSE,FALSE
"GENE1632","GENE1632_HUMAN","P32895","Protein GENE1632",-0.6718,1,0.463636,0,0.3338,4,4,FALSE,FALSE,FALSE
"GENE2081","GENE2081_HUMAN","P98510","Protein GENE2081",3.442,0.087188,0.019413,1.3061,1.7119,6,3,FALSE,FALSE,TRUE
"GENE1985","GENE1985_HUMAN","P37685","Protein GENE1985",-0.4796,1,0.525475,0.1905,0.2794,2,6,FALSE,FALSE,FALSE
"GENE0241","GENE0241_HUMAN","P19229","Protein GENE0241",-2.6087,0.032107,0.006483,1.7141,2.1882,2,3,FALSE,FALSE,TRUE
"GENE2735","GENE2735_HUMAN","P03124","Protein GENE2735",-0.0085,0.322085,0.174592,0.6395,0.758,3,6,FALSE,FALSE,FALSE
"GENE2480","GENE2480_HUMAN","P87474","Protein GENE2480",0.3193,1,0.78516,0,0.105,3,4,FALSE,FALSE,FALSE
"GENE1868","GENE1868_HUMAN","P28662","Protein GENE1868",0.0895,0.807163,0.203741,0.5586,0.6909,4,4,FALSE,FALSE,FALSE
"GENE2052","GENE2052_HUMAN","P53666","Protein GENE2052",0.6793,1,0.703283,0,0.1529,2,4,FALSE,FALSE,FALSE
"GENE0628","GENE0628_HUMAN","P38374","Protein GENE0628",0.0919,1,0.597365,0,0.2238,6,6,FALSE,FALSE,FALSE
"MED15","MED15_HUMAN","P74604","Protein MED15",2.4855,0.099446,0.025274,1.2587,1.5973,2,3,FALSE,FALSE,TRUE
"GENE1500","GENE1500_HUMAN","P25121","Protein GENE1500",0.5273,1,0.634279,0,0.1977,2,5,FALSE,FALSE,FALSE
"GENE0345","GENE0345_HUMAN","P10480","Protein GENE0345",-0.1007,1,0.922729,0,0.0349,6,5,FALSE,FALSE,FALSE
"GENE0541","GENE0541_HUMAN","P86430","Protein GENE0541",0.139,0.257133,0.114702,0.3697,0.9404,5,3,FALSE,FALSE,FALSE
"GENE1749","GENE1749_HUMAN","P46558","Protein GENE1749",-0.6407,0.923632,0.195056,0.3376,0.7098,6,2,FALSE,FALSE,FALSE
"GENE1641","GENE1641_HUMAN","P83567","Protein GENE1641",0.0101,1,0.515996,0,0.2874,6,5,FALSE,FALSE,FALSE
"GENE0165","GENE0165_HUMAN","P11078","Protein GENE0165",0.163,0.714469,0.162528,0.1555,0.7891,3,4,TRUE,FALSE,FALSE
"GENE2332","GENE2332_HUMAN","P32990","Protein GENE2332",-0.7231,1,0.649755,0,0.1873,6,2,TRUE,FALSE,FALSE
"GENE0160","GENE0160_HUMAN","P82568","Protein GENE0160",-0.2353,1,0.544007,0,0.2644,6,2,FALSE,FALSE,FALSE
"GENE0067","GENE0067_HUMAN","P32885","Protein GENE0067",0.3143,1,0.448725,0.0568,0.348,6,6,FALSE,FALSE,FALSE
"GENE2817","GENE2817_HUMAN","P69295","Protein GENE2817",-0.6102,1,0.950068,0,0.0222,3,6,FALSE,TRUE,FALSE
"GENE2635","GENE2635_HUMAN","P24986","Protein GENE2635",3.4106,0.103828,0.024697,1.0115,1.6074,5,5,FALSE,FALSE,TRUE
"GENE1889","GENE1889_HUMAN","P22653","Protein GENE1889",0.6895,1,0.564693,0.1906,0.2482,6,5,FALSE,FALSE,FALSE
"GENE2673","GENE2673_HUMAN","P36290","Protein GENE2673",0.1364,1,0.907686,0,0.0421,4,5,TRUE,FALSE,FALSE
"GENE1218","GENE1218_HUMAN","P21783","Protein GENE1218",-0.1637,0.319156,0.13851,0.2077,0.8585,3,5,FALSE,FALSE,FALSE
"GENE1670","GENE1670_HUMAN","P30379","Protein GENE1670",-0.3104,0.935576,0.425854,0,0.3707,6,6,FALSE,FALSE,FALSE
"GENE2053","GENE2053_HUMAN","P87666","Protein GENE2053",-0.0173,1,0.740338,0,0.1306,6,2,FALSE,TRUE,FALSE
"GENE2181","GENE2181_HUMAN","P78264","Protein GENE2181",0.063,1,0.82013,0,0.0861,5,3,FALSE,FALSE,FALSE
"GENE2736","GENE2736_HUMAN","P07232","Protein GENE2736",0.2679,1,0.87706,0,0.057,6,3,FALSE,FALSE,FALSE
"GENE1833","GENE1833_HUMAN","P14385","Protein GENE1833",-1.1051,0.031088,0.02734,1.1941,1.5632,4,5,TRUE,FALSE,TRUE
"GENE0616","GENE0616_HUMAN","P69948","Protein GENE0616",-0.1194,1,0.374426,0,0.4266,2,3,FALSE,FALSE,FALSE
"GENE2683","GENE2683_HUMAN","P17529","Protein GENE2683",4.1622,0.059406,0.023408,1.564,1.6306,4,4,FALSE,TRUE,TRUE
"GENE0326","GENE0326_HUMAN","P90703","Protein GENE0326",-0.2876,1,0.860653,0,0.0652,6,4,FALSE,TRUE,FALSE
"GENE0113","GENE0113_HUMAN","P04948","Protein GENE0113",0.0235,1,0.532576,0,0.2736,3,5,FALSE,FALSE,FALSE
"GENE1347","GENE1347_HUMAN","P08267","Protein GENE1347",-0.5912,0.317459,0.130466,0.2644,0.8845,6,5,FALSE,FALSE,FALSE
"GENE2101","GENE2101_HUMAN","P52291","Protein GENE2101",-2.013,0.057361,0.03616,1.219,1.4418,3,5,TRUE,FALSE,TRUE
"GENE2568","GENE2568_HUMAN","P32628","Protein GENE2568",0.1411,1,0.685677,0,0.1639,2,6,FALSE,FALSE,FALSE
"GENE0473","GENE0473_HUMAN","P20002","Protein GENE0473",-0.332,1,0.66132,0,0.1796,5,5,FALSE,FALSE,FALSE
"GENE0787","GENE0787_HUMAN","P69907","Protein GENE0787",0.0194,0.195595,0.123519,0.4303,0.9083,3,5,FALSE,FALSE,FALSE
"DHX30","DHX30_HUMAN","P80018","Protein DHX30",0.8821,0.011647,0.003431,1.7916,2.4646,4,5,FALSE,FALSE,TRUE
"GENE1722","GENE1722_HUMAN","P13814","Protein GENE1722",0.3559,0.514717,0.10671,0.5936,0.9718,5,6,FALSE,FALSE,FALSE
"GENE2142","GENE2142_HUMAN","P28521","Protein GENE2142",3.7821,0.12641,0.046421,1.1598,1.3333,5,3,FALSE,FALSE,TRUE
"MED1","MED1_HUMAN","P10617","Protein MED1",2.4151,0.041028,0.016905,1.225,1.772,6,5,TRUE,FALSE,TRUE
"GENE1019","GENE1019_HUMAN","P59920","Protein GENE1019",0.0484,0.391806,0.139944,0.6228,0.854,5,2,FALSE,FALSE,FALSE
"GENE1257","GENE1257_HUMAN","P49107","Protein GENE1257",-1.0598,1,0.813424,0,0.0897,4,3,FALSE,FALSE,FALSE
"GENE2783","GENE2783_HUMAN","P48783","Protein GENE2783",0.2604,0.246874,0.094954,0.519,1.0225,4,5,FALSE,FALSE,FALSE
"GENE2647","GENE2647_HUMAN","P58580","Protein GENE2647",-0.0344,1,0.367117,0.0174,0.4352,3,4,FALSE,FALSE,FALSE
"GENE0057","GENE0057_HUMAN","P88532","Protein GENE0057",0.0314,0.477419,0.314365,0,0.5026,5,4,FALSE,FALSE,FALSE
"GENE0210","GENE0210_HUMAN","P40010","Protein GENE0210",-0.2535,1,0.597075,0,0.224,6,4,FALSE,FALSE,FALSE
"GENE2353","GENE2353_HUMAN","P15615","Protein GENE2353",-0.7628,1,0.486949,0.2228,0.3125,3,2,FALSE,FALSE,FALSE
"GENE1697","GENE1697_HUMAN","P11338","Protein GENE1697",-0.4601,1,0.697588,0,0.1564,3,3,FALSE,FALSE,FALSE
"GENE2704","GENE2704_HUMAN","P21703","Protein GENE2704",-0.1746,0.678099,0.322288,0,0.4918,2,2,FALSE,FALSE,FALSE
"GENE2387","GENE2387_HUMAN","P20130","Protein GENE2387",0.3625,1,0.626828,0,0.2029,4,2,FALSE,TRUE,FALSE
"GENE1001","GENE1001_HUMAN","P33168","Protein GENE1001",-0.3416,1,0.53809,0,0.2691,4,4,FALSE,TRUE,FALSE
"PKN1","PKN1_HUMAN","P73795","Protein PKN1",2.5871,0.098115,0.039081,1.0497,1.408,5,2,FALSE,TRUE,TRUE
"GENE1094","GENE1094_HUMAN","P42906","Protein GENE1094",-0.2703,1,0.964955,0,0.0155,4,4,FALSE,FALSE,FALSE
"GENE1935","GENE1935_HUMAN","P72739","Protein GENE1935",0.4922,0.198857,0.149146,0.1893,0.8264,2,2,FALSE,FALSE,FALSE
"GENE0585","GENE0585_HUMAN","P87234","Protein GENE0585",-0.1814,1,0.491771,0,0.3082,3,4,FALSE,FALSE,FALSE
"GENE2819","GENE2819_HUMAN","P31080","Protein GENE2819",-0.3396,0.73918,0.675444,0,0.1704,2,5,FALSE,FALSE,FALSE
"GENE2662","GENE2662_HUMAN","P50805","Protein GENE2662",0.5202,1,0.97896,0,0.0092,6,2,FALSE,FALSE,FALSE
"GENE0416","GENE0416_HUMAN","P50074","Protein GENE0416",-0.0348,1,0.573254,0.1761,0.2417,4,6,FALSE,FALSE,FALSE
"GENE0543","GENE0543_HUMAN","P24903","Protein GENE0543",-0.2158,1,0.764154,0,0.1168,4,3,FALSE,TRUE,FALSE
"GENE2202","GENE2202_HUMAN","P18635","Protein GENE2202",0.1805,0.441489,0.383412,0.1106,0.4163,4,6,FALSE,TRUE,FALSE
"GENE0444","GENE0444_HUMAN","P51022","Protein GENE0444",3.6212,0.082514,0.030828,1.2177,1.5111,3,5,FALSE,FALSE,TRUE
"GENE1336","GENE1336_HUMAN","P95735","Protein GENE1336",0.6522,0.069551,0.043126,1.0148,1.3653,6,5,FALSE,FALSE,TRUE
"GENE0566","GENE0566_HUMAN","P24987","Protein GENE0566",-0.0044,1,0.7929,0,0.1008,5,2,FALSE,FALSE,FALSE
"GENE2793","GENE2793_HUMAN","P27399","Protein GENE2793",-0.1322,1,0.912217,0,0.0399,6,4,FALSE,FALSE,FALSE
"GENE0654","GENE0654_HUMAN","P64713","Protein GENE0654",2.13,0.057626,0.032009,1.1374,1.4947,2,3,FALSE,FALSE,TRUE
"GENE0889","GENE0889_HUMAN","P53774","Protein GENE0889",-0.3202,0.356726,0.270422,0.3352,0.568,3,6,FALSE,FALSE,FALSE
"GENE1823","GENE1823_HUMAN","P54590","Protein GENE1823",2.8229,0.050086,0.03235,1.1261,1.4901,6,6,FALSE,FALSE,TRUE
"GENE2292","GENE2292_HUMAN","P46294","Protein GENE2292",0.287,0.676949,0.269865,0.1166,0.5689,4,5,FALSE,TRUE,FALSE
"GENE0424","GENE0424_HUMAN","P00236","Protein GENE0424",-0.7968,1,0.544162,0,0.2643,3,3,FALSE,FALSE,FALSE
"GENE1166","GENE1166_HUMAN","P44872","Protein GENE1166",-0.5648,1,0.322023,0,0.4921,5,2,FALSE,FALSE,FALSE
"GENE0305","GENE0305_HUMAN","P73137","Protein GENE0305",0.5531,1,0.807849,0.0605,0.0927,2,3,FALSE,FALSE,FALSE
"GENE2770","GENE2770_HUMAN","P38898","Protein GENE2770",-0.7943,1,0.814123,0,0.0893,5,5,FALSE,FALSE,FALSE
"GENE0358","GENE0358_HUMAN","P28604","Protein GENE0358",-0.0026,1,0.523508,0,0.2811,3,6,FALSE,FALSE,FALSE
"GENE1790","GENE1790_HUMAN","P82534","Protein GENE1790",-0.1796,0.80137,0.439234,0,0.3573,4,4,FALSE,FALSE,FALSE
"GENE1193","GENE1193_HUMAN","P91184","Protein GENE1193",0.2667,0.93698,0.305454,0.0329,0.5151,4,5,FALSE,FALSE,FALSE
"GENE2687","GENE2687_HUMAN","P44920","Protein GENE2687",-1.2488,1,0.686788,0,0.1632,3,2,FALSE,FALSE,FALSE
"GENE0082","GENE0082_HUMAN","P12638","Protein GENE0082",0.0555,1,0.321454,0.3985,0.4929,3,2,FALSE,FALSE,FALSE
"GENE2627","GENE2627_HUMAN","P24675","Protein GENE2627",0.131,1,0.970989,0,0.0128,3,6,FALSE,FALSE,FALSE
"GENE1547","GENE1547_HUMAN","P02923","Protein GENE1547",-0.5539,0.996096,0.264799,0.3436,0.5771,5,6,FALSE,FALSE,FALSE
"GENE2189","GENE2189_HUMAN","P36039","Protein GENE2189",-0.2293,1,0.79656,0,0.0988,4,2,FALSE,FALSE,FALSE
"GENE1151","GENE1151_HUMAN","P42436","Protein GENE1151",4.44,0.086855,0.027629,1.3818,1.5586,6,6,FALSE,FALSE,TRUE
"GENE1851","GENE1851_HUMAN","P18400","Protein GENE1851",-0.1571,1,0.702964,0,0.1531,5,6,FALSE,FALSE,FALSE
"GENE2210","GENE2210_HUMAN","P19599","Protein GENE2210",-1.0839,0.09877,0.021236,1.1981,1.6729,4,4,FALSE,FALSE,TRUE
"GENE1323","GENE1323_HUMAN","P51484","Protein GENE1323",0.2331,1,0.626072,0,0.2034,6,2,FALSE,FALSE,FALSE
"GENE2327","GENE2327_HUMAN","P34011","Protein GENE2327",-0.058,1,0.846305,0,0.0725,2,4,FALSE,FALSE,FALSE
"GENE1807","GENE1807_HUMAN","P95047","Protein GENE1807",1.9442,0.086964,0.022236,1.2423,1.653,6,4,FALSE,FALSE,TRUE
"GENE2581","GENE2581_HUMAN","P40526","Protein GENE2581",-0.0508,0.170989,0.06199,0.5495,1.2077,6,5,TRUE,FALSE,FALSE
"GENE0314","GENE0314_HUMAN","P07347","Protein GENE0314",0.6461,0.760591,0.166049,0.2984,0.7798,3,6,FALSE,FALSE,FALSE
"GENE2090","GENE2090_HUMAN","P44752","Protein GENE2090",0.3779,0.644033,0.15625,0.111,0.8062,5,3,FALSE,TRUE,FALSE
"GENE2214","GENE2214_HUMAN","P58068","Protein GENE2214",-0.1346,1,0.489644,0,0.3101,6,4,FALSE,FALSE,FALSE
"GENE2889","GENE2889_HUMAN","P42089","Protein GENE2889",3.2563,0.037038,0.034829,1.1543,1.4581,4,2,FALSE,FALSE,TRUE
"GENE1800","GENE1800_HUMAN","P09363","Protein GENE1800",-0.0492,1,0.619184,0,0.2082,4,5,TRUE,FALSE,FALSE
"NCOA3","NCOA3_HUMAN","P43965","Protein NCOA3",0.8383,0.815867,0.276294,0.5337,0.5586,2,6,FALSE,FALSE,FALSE
"GENE0640","GENE0640_HUMAN","P20413","Protein GENE0640",-0.3267,1,0.493925,0.2304,0.3063,5,6,FALSE,FALSE,FALSE
"GENE1540","GENE1540_HUMAN","P63565","Protein GENE1540",-0.5289,1,0.947244,0,0.0235,4,2,FALSE,FALSE,FALSE
"GENE1350","GENE1350_HUMAN","P37072","Protein GENE1350",0.7212,1,0.686673,0,0.1633,3,6,FALSE,FALSE,FALSE
"GENE2543","GENE2543_HUMAN","P34379","Protein GENE2543",0.0382,1,0.700957,0,0.1543,4,3,FALSE,FALSE,FALSE
"GENE2133","GENE2133_HUMAN","P99164","Protein GENE2133",-0.6225,1,0.832233,0,0.0798,2,6,FALSE,FALSE,FALSE
"GENE1053","GENE1053_HUMAN","P82069","Protein GENE1053",0.3197,1,0.661071,0,0.1798,2,4,FALSE,FALSE,FALSE
"GENE1650","GENE1650_HUMAN","P54959","Protein GENE1650",0.0752,1,0.320308,0.0396,0.4944,6,2,FALSE,FALSE,FALSE
"GENE2750","GENE2750_HUMAN","P49120","Protein GENE2750",0.0102,1,0.866512,0,0.0622,4,6,FALSE,FALSE,FALSE
"GENE2715","GENE2715_HUMAN","P05668","Protein GENE2715",-0.7708,0.005417,0.004743,1.6587,2.3239,6,3,FALSE,FALSE,TRUE
"GENE2176","GENE2176_HUMAN","P06695","Protein GENE2176",0.202,0.889271,0.602944,0,0.2197,3,2,FALSE,FALSE,FALSE
"GENE2325","GENE2325_HUMAN","P51210","Protein GENE2325",-0.1829,0.776662,0.562521,0,0.2499,3,4,FALSE,FALSE,FALSE
"GENE0168","GENE0168_HUMAN","P09954","Protein GENE0168",-0.5091,1,0.987938,0,0.0053,2,4,FALSE,FALSE,FALSE
"GENE2328","GENE2328_HUMAN","P60300","Protein GENE2328",0.2659,1,0.430648,0,0.3659,6,4,TRUE,TRUE,FALSE
"GENE0721","GENE0721_HUMAN","P47235","Protein GENE0721",-0.3813,1,0.244041,0,0.6125,4,5,FALSE,FALSE,FALSE
"GENE2105","GENE2105_HUMAN","P77584","Protein GENE2105",0.112,1,0.893261,0,0.049,6,3,FALSE,TRUE,FALSE
"GENE0916","GENE0916_HUMAN","P18836","Protein GENE0916",-0.0718,0.502349,0.322898,0.2235,0.4909,2,5,TRUE,FALSE,FALSE
"GENE1956","GENE1956_HUMAN","P67146","Protein GENE1956",0.594,1,0.478993,0,0.3197,3,5,FALSE,FALSE,FALSE
"GENE0141","GENE0141_HUMAN","P85571","Protein GENE0141",-0.2123,0.59092,0.467555,0,0.3302,5,5,FALSE,FALSE,FALSE
"GENE1543","GENE1543_HUMAN","P37530","Protein GENE1543",-0.3969,0.610986,0.441912,0,0.3547,3,4,FALSE,FALSE,FALSE
"DHX38","DHX38_HUMAN","P89853","Protein DHX38",0.0756,1,0.619706,0,0.2078,5,2,FALSE,FALSE,FALSE
"GENE2836","GENE2836_HUMAN","P35445","Protein GENE2836",-0.328,1,0.459772,0.0717,0.3375,3,3,FALSE,FALSE,FALSE
"GENE1033","GENE1033_HUMAN","P06972","Protein GENE1033",-0.6267,0.836047,0.173862,0.2123,0.7598,6,5,FALSE,FALSE,FALSE
"GENE1678","GENE1678_HUMAN","P99122","Protein GENE1678",-0.4689,0.650148,0.235682,0.2217,0.6277,6,3,TRUE,FALSE,FALSE
"GENE0295","GENE0295_HUMAN","P34840","Protein GENE0295",0.5618,0.013833,0.011411,1.8965,1.9427,5,4,FALSE,FALSE,TRUE
"GENE2567","GENE2567_HUMAN","P00677","Protein GENE2567",0.1862,0.89925,0.659897,0,0.1805,5,4,FALSE,TRUE,FALSE
"GENE2285","GENE2285_HUMAN","P35875","Protein GENE2285",0.9727,0.065265,0.031695,0.9118,1.499,5,3,FALSE,FALSE,TRUE
"GENE1061","GENE1061_HUMAN","P06322","Protein GENE1061",0.5494,0.205552,0.100811,0.4437,0.9965,5,5,FALSE,FALSE,FALSE
"GENE0822","GENE0822_HUMAN","P91046","Protein GENE0822",1.0028,0.024326,0.015554,1.1242,1.8082,4,6,FALSE,FALSE,TRUE
"GENE1652","GENE1652_HUMAN","P36713","Protein GENE1652",-0.215,0.177449,0.076758,0.5143,1.1149,3,2,TRUE,FALSE,FALSE
"GENE2300","GENE2300_HUMAN","P39474","Protein GENE2300",0.1279,1,0.849073,0,0.0711,5,2,FALSE,FALSE,FALSE
"GENE2088","GENE2088_HUMAN","P44783","Protein GENE2088",0.6872,1,0.543064,0.2274,0.2651,5,6,FALSE,TRUE,FALSE
"GENE0534","GENE0534_HUMAN","P19522","Protein GENE0534",-0.5929,0.689276,0.141056,0.3351,0.8506,5,2,FALSE,FALSE,FALSE
"GENE0214","GENE0214_HUMAN","P95134","Protein GENE0214",1.8127,0.112847,0.035093,0.9007,1.4548,5,3,FALSE,FALSE,TRUE
"GENE2671","GENE2671_HUMAN","P21201","Protein GENE2671",0.337,1,0.637937,0,0.1952,2,4,FALSE,FALSE,FALSE
"GENE0526","GENE0526_HUMAN","P01322","Protein GENE0526",-0.2,1,0.526047,0,0.279,4,4,FALSE,FALSE,FALSE
"GENE2840","GENE2840_HUMAN","P09501","Protein GENE2840",1.871,0.038123,0.033501,0.9037,1.4749,6,5,FALSE,FALSE,TRUE
"GENE1184","GENE1184_HUMAN","P20783","Protein GENE1184",-0.3431,0.816573,0.413972,0.371,0.383,4,2,FALSE,FALSE,FALSE
"GENE0027","GENE0027_HUMAN","P84623","Protein GENE0027",-0.8204,1,0.89571,0,0.0478,3,4,FALSE,TRUE,FALSE
"GENE1255","GENE1255_HUMAN","P93104","Protein GENE1255",-0.1093,1,0.909256,0,0.0413,6,6,FALSE,FALSE,FALSE
"GENE1523","GENE1523_HUMAN","P14020","Protein GENE1523",-0.8542,1,0.981971,0,0.0079,4,2,FALSE,FALSE,FALSE
"GENE1544","GENE1544_HUMAN","P24862","Protein GENE1544",0.4893,1,0.415779,0.2677,0.3811,5,5,FALSE,FALSE,FALSE
"GENE0527","GENE0527_HUMAN","P12041","Protein GENE0527",-0.289,0.424216,0.088162,0.7781,1.0547,6,2,FALSE,FALSE,FALSE
"GENE2095","GENE2095_HUMAN","P67666","Protein GENE2095",0.1962,1,0.874846,0,0.0581,5,6,FALSE,FALSE,FALSE
"GENE1417","GENE1417_HUMAN","P23711","Protein GENE1417",-0.1216,0.533731,0.129414,0.1921,0.888,2,5,FALSE,FALSE,FALSE
"GENE1943","GENE1943_HUMAN","P64991","Protein GENE1943",0.2535,1,0.52653,0,0.2786,6,2,FALSE,FALSE,FALSE
"GENE2031","GENE2031_HUMAN","P15297","Protein GENE2031",0.1614,1,0.595758,0,0.2249,6,5,FALSE,TRUE,FALSE
"GENE2190","GENE2190_HUMAN","P40787","Protein GENE2190",0.1298,1,0.368333,0,0.4338,2,5,FALSE,TRUE,FALSE
"GENE2703","GENE2703_HUMAN","P47010","Protein GENE2703",0.0274,0.29288,0.157232,0.3645,0.8035,4,5,FALSE,FALSE,FALSE
"GENE1545","GENE1545_HUMAN","P21331","Protein GENE1545",-0.0787,0.215243,0.171354,0.4873,0.7661,3,5,FALSE,FALSE,FALSE
"GENE1609","GENE1609_HUMAN","P00569","Protein GENE1609",-0.114,0.401097,0.346895,0.0713,0.4598,3,2,FALSE,FALSE,FALSE
"GENE0638","GENE0638_HUMAN","P91271","Protein GENE0638",0.4259,0.744883,0.319493,0.1153,0.4955,5,5,FALSE,TRUE,FALSE
"GENE0557","GENE0557_HUMAN","P47371","Protein GENE0557",-0.1932,1,0.397933,6e-04,0.4002,5,4,FALSE,FALSE,FALSE
"GENE2147","GENE2147_HUMAN","P09956","Protein GENE2147",0.3152,1,0.869223,0,0.0609,5,2,FALSE,FALSE,FALSE
"GENE0633","GENE0633_HUMAN","P08710","Protein GENE0633",0.331,1,0.426148,0,0.3704,5,2,FALSE,FALSE,FALSE
"GENE1427","GENE1427_HUMAN","P75304","Protein GENE1427",0.5497,1,0.959839,0,0.0178,5,2,FALSE,FALSE,FALSE
"GENE2228","GENE2228_HUMAN","P80880","Protein GENE2228",-0.7303,1,0.498618,0,0.3022,2,2,FALSE,FALSE,FALSE
"GENE2612","GENE2612_HUMAN","P94110","Protein GENE2612",0.123,0.253679,0.069391,0.5846,1.1587,4,6,FALSE,TRUE,FALSE
"GENE0940","GENE0940_HUMAN","P41654","Protein GENE0940",0.3376,1,0.4676,0,0.3301,5,6,FALSE,FALSE,FALSE
"GENE0219","GENE0219_HUMAN","P75157","Protein GENE0219",0.0744,1,0.426726,0,0.3699,3,4,FALSE,TRUE,FALSE
"GENE2104","GENE2104_HUMAN","P90310","Protein GENE2104",0.6751,0.001629,0.00136,2.228,2.8664,6,3,FALSE,FALSE,TRUE
"GENE2131","GENE2131_HUMAN","P43005","Protein GENE2131",1.1112,0.06175,0.025521,1.3451,1.5931,4,2,TRUE,FALSE,TRUE
"GENE1662","GENE1662_HUMAN","P97312","Protein GENE1662",0.0463,0.937913,0.433006,0,0.3635,2,6,FALSE,FALSE,FALSE
"GENE2084","GENE2084_HUMAN","P51503","Protein GENE2084",3.5396,0.059379,0.035685,1.321,1.4475,6,2,FALSE,FALSE,TRUE
"GENE1092","GENE1092_HUMAN","P27401","Protein GENE1092",-0.1642,0.986253,0.20033,0.3012,0.6983,6,5,TRUE,FALSE,FALSE
"GENE1575","GENE1575_HUMAN","P16008","Protein GENE1575",1.3128,0.175625,0.03514,0.8397,1.4542,5,5,TRUE,FALSE,TRUE
"GENE0675","GENE0675_HUMAN","P94922","Protein GENE0675",0.6291,1,0.311814,0.2909,0.5061,3,4,FALSE,FALSE,FALSE
"GENE0300","GENE0300_HUMAN","P54164","Protein GENE0300",-0.3831,1,0.633669,0,0.1981,4,5,FALSE,FALSE,FALSE
"GENE2476","GENE2476_HUMAN","P96840","Protein GENE2476",1.2556,0.182131,0.041671,0.6906,1.3802,3,3,FALSE,FALSE,TRUE
"GENE0325","GENE0325_HUMAN","P73146","Protein GENE0325",0.0596,1,0.866498,0,0.0622,6,2,TRUE,FALSE,FALSE
"GENE1655","GENE1655_HUMAN","P57546","Protein GENE1655",0.0615,0.75556,0.231997,0.4589,0.6345,5,5,FALSE,FALSE,FALSE
"GENE0561","GENE0561_HUMAN","P16785","Protein GENE0561",3.7657,0.000532,0.000415,2.8026,3.3822,4,6,FALSE,FALSE,TRUE
"GENE0139","GENE0139_HUMAN","P31637","Protein GENE0139",0.7685,1,0.894264,0.048,0.0485,2,3,FALSE,FALSE,FALSE
"GENE1420","GENE1420_HUMAN","P21340","Protein GENE1420",0.1626,0.253763,0.071337,0.9228,1.1467,4,6,FALSE,FALSE,FALSE
"GENE2425","GENE2425_HUMAN","P08497","Protein GENE2425",0.5032,0.570936,0.287214,0.052,0.5418,3,4,FALSE,FALSE,FALSE
"GENE0163","GENE0163_HUMAN","P07764","Protein GENE0163",1.6068,0.09519,0.043725,1.0574,1.3593,6,4,FALSE,FALSE,TRUE
"CMTR1","CMTR1_HUMAN","P78012","Protein CMTR1",-0.262,1,0.981186,0,0.0082,2,6,TRUE,FALSE,FALSE
"GENE2877","GENE2877_HUMAN","P74971","Protein GENE2877",-0.4406,1,0.631028,0,0.2,3,4,FALSE,FALSE,FALSE
"GENE0751","GENE0751_HUMAN","P80952","Protein GENE0751",-0.2004,1,0.655583,0,0.1834,2,4,FALSE,FALSE,FALSE
"GENE2699","GENE2699_HUMAN","P44934","Protein GENE2699",0.4355,0.853819,0.404954,0.0457,0.3926,2,4,FALSE,FALSE,FALSE
"GENE1246","GENE1246_HUMAN","P13286","Protein GENE1246",-0.2444,0.973312,0.502726,0,0.2987,3,6,FALSE,FALSE,FALSE
"GENE2795","GENE2795_HUMAN","P80038","Protein GENE2795",0.2263,0.420513,0.299186,0.021,0.5241,6,2,FALSE,TRUE,FALSE
"GENE1435","GENE1435_HUMAN","P68311","Protein GENE1435",0.0183,0.414606,0.085571,0.4638,1.0677,2,6,FALSE,FALSE,FALSE
"GENE0772","GENE0772_HUMAN","P60265","Protein GENE0772",-0.5303,0.902798,0.624297,0.0441,0.2046,2,3,FALSE,FALSE,FALSE
"GENE2645","GENE2645_HUMAN","P42952","Protein GENE2645",0.1819,1,0.366855,0,0.4355,5,2,FALSE,FALSE,FALSE
"GENE2209","GENE2209_HUMAN","P03468","Protein GENE2209",0.0774,1,0.546569,0,0.2624,4,5,FALSE,FALSE,FALSE
"GENE0488","GENE0488_HUMAN","P09824","Protein GENE0488",-0.2733,0.133408,0.106648,0.3265,0.972,2,4,FALSE,FALSE,FALSE
"GENE0830","GENE0830_HUMAN","P48304","Protein GENE0830",0.3805,1,0.90182,0,0.0449,6,6,FALSE,FALSE,FALSE
"GENE0202","GENE0202_HUMAN","P56487","Protein GENE0202",0.1658,1,0.92808,0,0.0324,3,6,FALSE,FALSE,FALSE
"GENE0319","GENE0319_HUMAN","P96599","Protein GENE0319",0.0366,1,0.963289,0,0.0162,2,4,FALSE,FALSE,FALSE
"GENE0387","GENE0387_HUMAN","P88278","Protein GENE0387",-1.7437,0.053523,0.020543,1.0338,1.6873,5,2,FALSE,FALSE,TRUE
"GENE2010","GENE2010_HUMAN","P02157","Protein GENE2010",-0.4146,0.896969,0.841557,0,0.0749,4,5,FALSE,FALSE,FALSE
"GENE0960","GENE0960_HUMAN","P82151","Protein GENE0960",0.4203,1,0.903798,0,0.0439,3,4,FALSE,FALSE,FALSE
"GENE1000","GENE1000_HUMAN","P43906","Protein GENE1000",3.7382,0.09919,0.025336,1.4081,1.5963,2,2,FALSE,TRUE,TRUE
"GENE0611","GENE0611_HUMAN","P34657","Protein GENE0611",0.1481,1,0.857082,0,0.067,3,4,FALSE,FALSE,FALSE
"GENE1825","GENE1825_HUMAN","P06214","Protein GENE1825",-0.3032,0.62312,0.131012,0.2313,0.8827,4,5,FALSE,TRUE,FALSE
"GENE2278","GENE2278_HUMAN","P95523","Protein GENE2278",3.8953,0.045497,0.025965,1.3934,1.5856,4,4,FALSE,TRUE,TRUE
"GENE0275","GENE0275_HUMAN","P08987","Protein GENE0275",-0.1737,0.579377,0.136711,0.2704,0.8642,4,3,FALSE,FALSE,FALSE
"GENE1777","GENE1777_HUMAN","P24451","Protein GENE1777",-0.8768,1,0.831151,0,0.0803,2,6,FALSE,TRUE,FALSE
"GENE2352","GENE2352_HUMAN","P19722","Protein GENE2352",0.1096,1,0.849169,0,0.071,6,6,FALSE,FALSE,FALSE
"GENE0451","GENE0451_HUMAN","P22808","Protein GENE0451",-0.6918,1,0.301327,0,0.521,5,4,FALSE,FALSE,FALSE
"GENE0963","GENE0963_HUMAN","P81085","Protein GENE0963",0.5885,1,0.736539,0,0.1328,4,4,FALSE,FALSE,FALSE
"GENE1828","GENE1828_HUMAN","P54292","Protein GENE1828",-0.3273,0.818225,0.483781,0,0.3154,5,4,FALSE,FALSE,FALSE
"GENE0306","GENE0306_HUMAN","P26653","Protein GENE0306",-0.0564,1,0.677602,0,0.169,2,4,FALSE,FALSE,FALSE
"GENE1991","GENE1991_HUMAN","P75590","Protein GENE1991",-0.1137,1,0.5029,0,0.2985,4,4,FALSE,FALSE,FALSE
"GENE0383","GENE0383_HUMAN","P45158","Protein GENE0383",-0.4694,0.483011,0.153257,0.474,0.8146,2,5,FALSE,FALSE,FALSE
"GENE0646","GENE0646_HUMAN","P19423","Protein GENE0646",-0.1223,0.229156,0.06445,0.7419,1.1908,6,6,FALSE,FALSE,FALSE
"GENE2194","GENE2194_HUMAN","P18445","Protein GENE2194",-0.0159,1,0.873938,0,0.0585,2,5,FALSE,FALSE,FALSE
"GENE0843","GENE0843_HUMAN","P74081","Protein GENE0843",0.0167,1,0.341323,0.3206,0.4668,4,2,FALSE,TRUE,FALSE
"GENE0726","GENE0726_HUMAN","P37114","Protein GENE0726",-0.2493,1,0.486245,0.2985,0.3131,2,4,FALSE,TRUE,FALSE
"GENE0252","GENE0252_HUMAN","P46066","Protein GENE0252",0.1583,1,0.402584,0.1424,0.3951,4,6,FALSE,TRUE,FALSE
"GENE2075","GENE2075_HUMAN","P29781","Protein GENE2075",-0.5181,0.221805,0.215501,0,0.6665,3,3,FALSE,FALSE,FALSE
"GENE0702","GENE0702_HUMAN","P51060","Protein GENE0702",0.2391,1,0.572663,0.1612,0.2421,5,3,FALSE,FALSE,FALSE
"GENE2623","GENE2623_HUMAN","P12017","Protein GENE2623",0.4993,0.509784,0.148995,0.4325,0.8268,6,4,FALSE,FALSE,FALSE
"GENE0923","GENE0923_HUMAN","P80072","Protein GENE0923",-0.102,1,0.459189,0,0.338,3,4,FALSE,FALSE,FALSE
"GENE0743","GENE0743_HUMAN","P68054","Protein GENE0743",0.709,0.114757,0.043852,0.6953,1.358,6,4,TRUE,FALSE,TRUE
"GENE0692","GENE0692_HUMAN","P96463","Protein GENE0692",1.3921,0.069163,0.048215,0.7134,1.3168,2,3,FALSE,FALSE,TRUE
"GENE0955","GENE0955_HUMAN","P23598","Protein GENE0955",-0.6184,1,0.627522,0,0.2024,5,2,FALSE,FALSE,FALSE
"GENE1879","GENE1879_HUMAN","P06610","Protein GENE1879",-0.4918,1,0.824412,0,0.0839,5,3,FALSE,FALSE,FALSE
"GENE1021","GENE1021_HUMAN","P14848","Protein GENE1021",0.8158,0.085924,0.029122,1.0463,1.5358,2,2,FALSE,TRUE,TRUE
"GENE0378","GENE0378_HUMAN","P43786","Protein GENE0378",-0.7134,1,0.915207,0,0.0385,2,6,FALSE,FALSE,FALSE
"GENE2855","GENE2855_HUMAN","P06515","Protein GENE2855",0.2172,1,0.351653,0,0.4539,2,4,FALSE,FALSE,FALSE
"GENE1197","GENE1197_HUMAN","P64122","Protein GENE1197",1.1299,0.019909,0.005646,1.977,2.2483,6,2,FALSE,FALSE,TRUE
"GENE2064","GENE2064_HUMAN","P92134","Protein GENE2064",-0.1567,1,0.406825,0.044,0.3906,5,6,FALSE,FALSE,FALSE
"GENE0971","GENE0971_HUMAN","P83858","Protein GENE0971",-0.2915,0.859463,0.674243,0,0.1712,2,6,FALSE,FALSE,FALSE
"GENE1226","GENE1226_HUMAN","P86696","Protein GENE1226",0.1408,1,0.614257,0,0.2116,6,3,TRUE,FALSE,FALSE
"GENE2656","GENE2656_HUMAN","P05143","Protein GENE2656",-0.0823,0.44221,0.41931,0.0249,0.3775,3,2,FALSE,TRUE,FALSE
"GENE1026","GENE1026_HUMAN","P19981","Protein GENE1026",-0.2592,1,0.429644,0,0.3669,2,4,FALSE,FALSE,FALSE
"GENE0784","GENE0784_HUMAN","P81154","Protein GENE0784",0.0979,1,0.559664,0.1025,0.2521,6,2,FALSE,FALSE,FALSE
"GENE0226","GENE0226_HUMAN","P14368","Protein GENE0226",0.1242,1,0.696533,0,0.1571,2,4,FALSE,FALSE,FALSE
"GENE1637","GENE1637_HUMAN","P98900","Protein GENE1637",0.3174,1,0.809031,0,0.092,3,5,TRUE,TRUE,FALSE
"GENE0632","GENE0632_HUMAN","P93623","Protein GENE0632",0.5795,1,0.982342,0,0.0077,6,4,FALSE,FALSE,FALSE
"GENE1900","GENE1900_HUMAN","P15555","Protein GENE1900",-0.161,1,0.815861,0,0.0884,3,3,FALSE,FALSE,FALSE
"GENE2489","GENE2489_HUMAN","P76803","Protein GENE2489",0.2399,0.950392,0.727058,0,0.1384,2,5,FALSE,FALSE,FALSE
"GENE1598","GENE1598_HUMAN","P49930","Protein GENE1598",0.0147,1,0.926931,0,0.033,3,6,FALSE,FALSE,FALSE
"GENE0725","GENE0725_HUMAN","P69676","Protein GENE0725",0.2139,1,0.55801,0.1537,0.2534,6,5,FALSE,FALSE,FALSE
"GENE0551","GENE0551_HUMAN","P38369","Protein GENE0551",0.2196,1,0.956522,0,0.0193,4,5,TRUE,FALSE,FALSE
"GENE1337","GENE1337_HUMAN","P48655","Protein GENE1337",-0.0087,1,0.931187,0,0.031,4,4,TRUE,FALSE,FALSE
"GENE0819","GENE0819_HUMAN","P06402","Protein GENE0819",-0.9373,1,0.503455,0.1411,0.298,2,4,FALSE,FALSE,FALSE
"GENE1298","GENE1298_HUMAN","P47115","Protein GENE1298",3.8584,0.126478,0.045286,0.6794,1.344,2,5,FALSE,FALSE,TRUE
"GENE0161","GENE0161_HUMAN","P86975","Protein GENE0161",-0.4885,0.132739,0.073166,0.4594,1.1357,4,2,FALSE,FALSE,FALSE
"GENE1557","GENE1557_HUMAN","P96445","Protein GENE1557",-0.2132,0.476025,0.25054,0.1138,0.6011,4,4,FALSE,FALSE,FALSE
"GENE0368","GENE0368_HUMAN","P77617","Protein GENE0368",0.094,1,0.971662,0,0.0125,6,2,FALSE,FALSE,FALSE
"GENE2785","GENE2785_HUMAN","P77231","Protein GENE2785",-0.391,0.837595,0.591706,0,0.2279,2,4,FALSE,FALSE,FALSE
"GENE2583","GENE2583_HUMAN","P69758","Protein GENE2583",0.0133,0.225731,0.077092,0.5768,1.113,2,2,FALSE,FALSE,FALSE
"GENE1746","GENE1746_HUMAN","P02992","Protein GENE1746",0.3519,0.150768,0.121791,0.4113,0.9144,4,2,TRUE,FALSE,FALSE
"GENE0694","GENE0694_HUMAN","P05481","Protein GENE0694",0.365,1,0.98934,0,0.0047,4,3,FALSE,FALSE,FALSE
"GENE0921","GENE0921_HUMAN","P65838","Protein GENE0921",-0.1938,1,0.938636,0,0.0275,3,5,FALSE,FALSE,FALSE
"GENE0704","GENE0704_HUMAN","P35226","Protein GENE0704",-0.0909,1,0.485056,0,0.3142,2,4,FALSE,FALSE,FALSE
"GENE2472","GENE2472_HUMAN","P36138","Protein GENE2472",-0.2904,1,0.298831,0,0.5246,2,3,TRUE,FALSE,FALSE
"GENE1865","GENE1865_HUMAN","P94363","Protein GENE1865",-0.3433,0.993511,0.829401,0,0.0812,6,6,FALSE,TRUE,FALSE
"GENE1779","GENE1779_HUMAN","P40987","Protein GENE1779",-0.4938,1,0.935426,0,0.029,6,6,FALSE,TRUE,FALSE
"GENE0191","GENE0191_HUMAN","P62416","Protein GENE0191",0.0259,0.297346,0.103273,0.3222,0.986,4,3,FALSE,FALSE,FALSE
"GENE0689","GENE0689_HUMAN","P36307","Protein GENE0689",0.6356,1,0.847,0,0.0721,3,3,FALSE,FALSE,FALSE
"GENE2117","GENE2117_HUMAN","P95338","Protein GENE2117",-2.8688,0.047847,0.021037,1.4601,1.677,6,6,FALSE,FALSE,TRUE
"GENE2397","GENE2397_HUMAN","P07636","Protein GENE2397",0.6845,0.750796,0.343243,0.1525,0.4644,3,2,FALSE,FALSE,FALSE
"GENE1963","GENE1963_HUMAN","P21888","Protein GENE1963",-0.1642,1,0.772426,0,0.1121,3,2,FALSE,TRUE,FALSE
"GENE0998","GENE0998_HUMAN","P11508","Protein GENE0998",-1.0527,1,0.877036,0,0.057,3,5,FALSE,FALSE,FALSE
"GENE0660","GENE0660_HUMAN","P47715","Protein GENE0660",0.0832,0.366977,0.25256,0.1392,0.5976,5,2,FALSE,FALSE,FALSE
"GENE1422","GENE1422_HUMAN","P79525","Protein GENE1422",-0.5568,1,0.88856,0,0.0513,3,3,TRUE,FALSE,FALSE
"GENE2375","GENE2375_HUMAN","P89415","Protein GENE2375",0.116,1,0.457138,0,0.34,4,2,FALSE,FALSE,FALSE
"GENE2417","GENE2417_HUMAN","P40464","Protein GENE2417",-0.4704,1,0.594727,0.1174,0.2257,2,5,FALSE,FALSE,FALSE
"GENE2003","GENE2003_HUMAN","P86542","Protein GENE2003",-0.0559,0.889578,0.848545,0,0.0713,5,5,FALSE,FALSE,FALSE
"GENE2744","GENE2744_HUMAN","P19574","Protein GENE2744",-0.0532,0.128292,0.10993,0.7101,0.9589,3,5,FALSE,FALSE,FALSE
"GENE0208","GENE0208_HUMAN","P62016","Protein GENE0208",0.0248,1,0.880725,0,0.0552,2,6,FALSE,TRUE,FALSE
"GENE1964","GENE1964_HUMAN","P16982","Protein GENE1964",-0.7658,1,0.928768,0,0.0321,3,5,FALSE,FALSE,FALSE
"GENE1909","GENE1909_HUMAN","P47711","Protein GENE1909",-0.0543,0.778197,0.190177,0.4448,0.7208,3,5,FALSE,FALSE,FALSE
"GENE1546","GENE1546_HUMAN","P38824","Protein GENE1546",-0.4724,1,0.926283,0,0.0333,4,2,FALSE,FALSE,FALSE
"GENE1857","GENE1857_HUMAN","P97283","Protein GENE1857",-0.0296,0.991093,0.304011,0.4645,0.5171,2,4,FALSE,FALSE,FALSE
"GENE1207","GENE1207_HUMAN","P06613","Protein GENE1207",0.6199,1,0.377474,0,0.4231,2,3,TRUE,FALSE,FALSE
"GENE0363","GENE0363_HUMAN","P02438","Protein GENE0363",0.0438,0.496498,0.224056,0.3768,0.6496,4,6,FALSE,FALSE,FALSE
"GENE1715","GENE1715_HUMAN","P36824","Protein GENE1715",-0.2196,1,0.724026,0,0.1402,5,3,FALSE,FALSE,FALSE
"GENE1674","GENE1674_HUMAN","P74578","Protein GENE1674",-0.2873,0.791486,0.545475,0.0603,0.2632,3,3,FALSE,FALSE,FALSE
"GENE2758","GENE2758_HUMAN","P58131","Protein GENE2758",0.75,0.730502,0.522115,0,0.2822,3,4,TRUE,FALSE,FALSE
"GENE2269","GENE2269_HUMAN","P21980","Protein GENE2269",0.169,1,0.968928,0,0.0137,5,2,FALSE,FALSE,FALSE
"GENE0218","GENE0218_HUMAN","P54981","Protein GENE0218",0.1889,1,0.603751,0,0.2191,6,5,FALSE,FALSE,FALSE
"GENE0242","GENE0242_HUMAN","P31799","Protein GENE0242",0.5507,1,0.909577,0,0.0412,6,3,FALSE,FALSE,FALSE
"GENE2522","GENE2522_HUMAN","P15963","Protein GENE2522",-0.1735,1,0.60263,0,0.2199,6,5,TRUE,FALSE,FALSE
"GENE1430","GENE1430_HUMAN","P00583","Protein GENE1430",0.4125,1,0.869404,0,0.0608,6,5,FALSE,TRUE,FALSE
"GENE0465","GENE0465_HUMAN","P88863","Protein GENE0465",-0.9168,1,0.458808,0,0.3384,4,3,FALSE,TRUE,FALSE
"GENE2676","GENE2676_HUMAN","P00065","Protein GENE2676",0.3189,1,0.664896,0,0.1772,2,6,FALSE,FALSE,FALSE
"GENE1158","GENE1158_HUMAN","P22777","Protein GENE1158",0.4422,0.741929,0.159155,0.1986,0.7982,5,3,FALSE,FALSE,FALSE
"GENE0331","GENE0331_HUMAN","P35275","Protein GENE0331",0.0868,0.26262,0.118814,0.3006,0.9251,6,5,FALSE,TRUE,FALSE
"GENE2089","GENE2089_HUMAN","P92038","Protein GENE2089",-0.2811,0.678711,0.233567,0,0.6316,4,6,TRUE,FALSE,FALSE
"GENE2714","GENE2714_HUMAN","P77786","Protein GENE2714",0.0156,1,0.513884,0,0.2891,4,2,FALSE,FALSE,FALSE
"GENE2238","GENE2238_HUMAN","P54051","Protein GENE2238",-1.163,1,0.872991,0,0.059,3,6,FALSE,FALSE,FALSE
"GENE1977","GENE1977_HUMAN","P06700","Protein GENE1977",-0.5098,1,0.771497,0,0.1127,6,4,FALSE,FALSE,FALSE
"GENE0106","GENE0106_HUMAN","P38046","Protein GENE0106",-0.3754,1,0.785415,0.036,0.1049,6,6,FALSE,FALSE,FALSE
"GENE1201","GENE1201_HUMAN","P70603","Protein GENE1201",-0.3976,1,0.232647,0.1895,0.6333,3,4,FALSE,FALSE,FALSE
"GENE0115","GENE0115_HUMAN","P11401","Protein GENE0115",-3.9497,0.065058,0.048075,0.8253,1.3181,3,5,FALSE,TRUE,TRUE
"GENE2438","GENE2438_HUMAN","P52550","Protein GENE2438",-1.7726,0.055052,0.048853,0.8022,1.3111,4,3,FALSE,FALSE,TRUE
"GENE1118","GENE1118_HUMAN","P88003","Protein GENE1118",0.356,0.57184,0.295103,0.1089,0.53,3,6,TRUE,FALSE,FALSE
"GENE2741","GENE2741_HUMAN","P50747","Protein GENE2741",-0.0293,1,0.944682,0,0.0247,4,4,FALSE,FALSE,FALSE
"GENE0992","GENE0992_HUMAN","P47216","Protein GENE0992",0.2263,1,0.723287,0,0.1407,5,3,FALSE,FALSE,FALSE
"GENE2532","GENE2532_HUMAN","P20136","Protein GENE2532",-0.0122,1,0.332549,0,0.4781,6,3,FALSE,FALSE,FALSE
"GENE0936","GENE0936_HUMAN","P73255","Protein GENE0936",1.908,0.075689,0.034012,1.3082,1.4684,6,5,FALSE,FALSE,TRUE
"GENE2432","GENE2432_HUMAN","P79753","Protein GENE2432",0.4756,1,0.720082,0,0.1426,5,3,FALSE,FALSE,FALSE
"GENE2015","GENE2015_HUMAN","P37753","Protein GENE2015",-1.4382,0.052203,0.024485,1.3909,1.6111,5,2,FALSE,FALSE,TRUE
"GENE2596","GENE2596_HUMAN","P76339","Protein GENE2596",-0.3195,0.743704,0.598471,0,0.223,4,2,FALSE,FALSE,FALSE
"GENE1525","GENE1525_HUMAN","P77461","Protein GENE1525",-0.1732,1,0.516281,0,0.2871,6,6,FALSE,FALSE,FALSE
"GENE2062","GENE2062_HUMAN","P72389","Protein GENE2062",0.3966,1,0.65289,0,0.1852,6,3,TRUE,FALSE,FALSE
"GENE2280","GENE2280_HUMAN","P22188","Protein GENE2280",-2.4902,0.051126,0.023313,0.9512,1.6324,3,5,FALSE,FALSE,TRUE
"GENE1379","GENE1379_HUMAN","P56097","Protein GENE1379",2.6733,0.001155,0.000725,2.5373,3.1397,2,2,FALSE,FALSE,TRUE
"GENE0376","GENE0376_HUMAN","P03040","Protein GENE0376",-0.0289,0.648734,0.311469,0.3504,0.5066,6,6,FALSE,TRUE,FALSE
"DDX41","DDX41_HUMAN","P23417","Protein DDX41",0.228,1,0.429141,0.0075,0.3674,3,5,FALSE,FALSE,FALSE
"GENE0724","GENE0724_HUMAN","P56886","Protein GENE0724",-2.445,0.039579,0.009079,1.7226,2.042,6,3,FALSE,FALSE,TRUE
"GENE2164","GENE2164_HUMAN","P39577","Protein GENE2164",-0.2504,0.356459,0.071613,0.4795,1.145,6,4,FALSE,FALSE,FALSE
"GENE0599","GENE0599_HUMAN","P87921","Protein GENE0599",-0.3755,1,0.72455,0,0.1399,2,4,FALSE,FALSE,FALSE
"GENE0946","GENE0946_HUMAN","P43857","Protein GENE0946",0.2931,1,0.675242,0,0.1705,2,3,FALSE,FALSE,FALSE
"GENE1841","GENE1841_HUMAN","P79271","Protein GENE1841",0.2625,1,0.47113,0.0684,0.3269,6,6,FALSE,FALSE,FALSE
"GENE1058","GENE1058_HUMAN","P31273","Protein GENE1058",2.9414,0.114629,0.038227,0.8492,1.4176,4,4,FALSE,FALSE,TRUE
"GENE0920","GENE0920_HUMAN","P67247","Protein GENE0920",-3.9109,0.028851,0.011111,1.7271,1.9543,2,5,FALSE,FALSE,TRUE
"NCOA2","NCOA2_HUMAN","P96929","Protein NCOA2",2.134,0.023953,0.009708,1.4167,2.0129,4,5,TRUE,FALSE,TRUE
"EP300","EP300_HUMAN","P01452","Protein EP300",2.4433,0.031332,0.011075,1.6615,1.9557,2,5,FALSE,FALSE,TRUE
"GENE2271","GENE2271_HUMAN","P56612","Protein GENE2271",-0.282,1,0.251726,0.2288,0.5991,3,4,FALSE,FALSE,FALSE
"GENE1027","GENE1027_HUMAN","P36695","Protein GENE1027",-0.3339,1,0.830278,0.0188,0.0808,4,5,FALSE,TRUE,FALSE
"GENE0169","GENE0169_HUMAN","P98637","Protein GENE0169",0.0339,0.265228,0.126818,0.2231,0.8968,3,5,FALSE,FALSE,FALSE
"GENE2001","GENE2001_HUMAN","P87974","Protein GENE2001",-1.0689,0.126075,0.028067,0.8798,1.5518,3,3,TRUE,TRUE,TRUE
"GENE2018","GENE2018_HUMAN","P20519","Protein GENE2018",2.3216,0.070408,0.035512,0.7856,1.4496,6,4,TRUE,FALSE,TRUE
"GENE2478","GENE2478_HUMAN","P67928","Protein GENE2478",0.5772,1,0.678786,0,0.1683,6,4,TRUE,FALSE,FALSE
"GENE1299","GENE1299_HUMAN","P89363","Protein GENE1299",-1.193,0.097821,0.026979,1.0265,1.569,5,3,FALSE,FALSE,TRUE
"GENE1140","GENE1140_HUMAN","P38199","Protein GENE1140",-0.0891,1,0.983243,0,0.0073,6,3,FALSE,FALSE,FALSE
"GENE0105","GENE0105_HUMAN","P25549","Protein GENE0105",0.4726,1,0.711688,0,0.1477,6,5,FALSE,FALSE,FALSE
"GENE0887","GENE0887_HUMAN","P98300","Protein GENE0887",-3.7014,0.11444,0.048171,1.0875,1.3172,2,6,FALSE,FALSE,TRUE
"GENE0371","GENE0371_HUMAN","P29063","Protein GENE0371",-0.1985,1,0.939921,0,0.0269,4,6,FALSE,FALSE,FALSE
"GENE0035","GENE0035_HUMAN","P65134","Protein GENE0035",-0.6372,1,0.711215,0.0564,0.148,6,5,FALSE,FALSE,FALSE
"GENE0197","GENE0197_HUMAN","P50542","Protein GENE0197",-0.3886,1,0.538508,0.0347,0.2688,3,4,FALSE,FALSE,FALSE
"GENE2026","GENE2026_HUMAN","P54494","Protein GENE2026",-0.2723,0.942371,0.284116,0,0.5465,2,5,FALSE,FALSE,FALSE
"GENE1394","GENE1394_HUMAN","P37516","Protein GENE1394",-0.1044,1,0.962902,0,0.0164,3,5,FALSE,FALSE,FALSE
"GENE1383","GENE1383_HUMAN","P45521","Protein GENE1383",-0.0765,1,0.637715,0,0.1954,3,4,FALSE,FALSE,FALSE
"GENE2753","GENE2753_HUMAN","P37426","Protein GENE2753",-0.3561,0.395035,0.114727,0.7425,0.9403,4,6,FALSE,FALSE,FALSE
"GENE1653","GENE1653_HUMAN","P27247","Protein GENE1653",1.1039,1,0.784439,0,0.1054,4,3,TRUE,FALSE,FALSE
"GENE2130","GENE2130_HUMAN","P23771","Protein GENE2130",-0.1427,0.337724,0.164402,0.1979,0.7841,4,4,FALSE,FALSE,FALSE
"GENE0107","GENE0107_HUMAN","P40154","Protein GENE0107",-0.0952,0.447595,0.223858,0.0131,0.65,2,6,FALSE,FALSE,FALSE
"GENE0676","GENE0676_HUMAN","P56528","Protein GENE0676",0.2754,1,0.375971,0,0.4248,6,2,FALSE,FALSE,FALSE
"GENE2087","GENE2087_HUMAN","P28254","Protein GENE2087",0.3063,0.93461,0.790685,0,0.102,4,2,FALSE,FALSE,FALSE
"GENE1024","GENE1024_HUMAN","P00758","Protein GENE1024",0.0946,1,0.830792,0,0.0805,4,2,FALSE,FALSE,FALSE
"GENE1880","GENE1880_HUMAN","P43151","Protein GENE1880",-0.1658,1,0.277729,0.4048,0.5564,4,3,TRUE,FALSE,FALSE
"GENE0492","GENE0492_HUMAN","P56923","Protein GENE0492",0.2795,0.309212,0.236688,0.1744,0.6258,2,2,TRUE,FALSE,FALSE
"GENE2852","GENE2852_HUMAN","P40694","Protein GENE2852",-0.4697,1,0.979306,0,0.0091,2,2,FALSE,FALSE,FALSE
"GENE2515","GENE2515_HUMAN","P76800","Protein GENE2515",-2.4561,0.144329,0.039434,0.9698,1.4041,3,4,FALSE,FALSE,TRUE
"GENE0627","GENE0627_HUMAN","P32258","Protein GENE0627",-4.096,0.141553,0.036524,1.2858,1.4374,4,2,FALSE,FALSE,TRUE
"GENE2078","GENE2078_HUMAN","P43790","Protein GENE2078",-0.6323,1,0.351211,0.2253,0.4544,2,4,FALSE,FALSE,FALSE
"GENE2608","GENE2608_HUMAN","P33682","Protein GENE2608",-0.4352,1,0.777436,0,0.1093,3,4,FALSE,FALSE,FALSE
"GENE2254","GENE2254_HUMAN","P33424","Protein GENE2254",0.0549,0.550536,0.520939,0,0.2832,4,4,TRUE,FALSE,FALSE
"GENE0853","GENE0853_HUMAN","P11968","Protein GENE0853",-0.312,0.304853,0.119928,0.46,0.9211,6,5,FALSE,FALSE,FALSE
"GENE1198","GENE1198_HUMAN","P02776","Protein GENE1198",-0.2289,1,0.902285,0,0.0447,4,4,FALSE,FALSE,FALSE
"GENE2054","GENE2054_HUMAN","P51009","Protein GENE2054",0.326,1,0.663564,0,0.1781,6,5,FALSE,FALSE,FALSE
"GENE0063","GENE0063_HUMAN","P99265","Protein GENE0063",0.257,1,0.699992,0.0771,0.1549,3,5,FALSE,FALSE,FALSE
"GENE2818","GENE2818_HUMAN","P86141","Protein GENE2818",-0.1383,1,0.957124,0,0.019,6,6,FALSE,FALSE,FALSE
"GENE1471","GENE1471_HUMAN","P55697","Protein GENE1471",-0.0458,1,0.362634,0,0.4405,6,3,FALSE,FALSE,FALSE
"GENE2371","GENE2371_HUMAN","P54790","Protein GENE2371",0.8131,1,0.811092,0.0276,0.0909,4,3,FALSE,TRUE,FALSE
"GENE1926","GENE1926_HUMAN","P42905","Protein GENE1926",-0.5237,1,0.968105,0,0.0141,2,4,FALSE,FALSE,FALSE
"GENE0343","GENE0343_HUMAN","P73229","Protein GENE0343",0.5093,0.036825,0.007861,1.4368,2.1045,4,2,FALSE,TRUE,TRUE
"GENE2809","GENE2809_HUMAN","P99967","Protein GENE2809",-2.1477,0.089386,0.031584,0.907,1.5005,4,6,FALSE,TRUE,TRUE
"GENE2887","GENE2887_HUMAN","P64581","Protein GENE2887",0.5104,0.047367,0.033731,1.3055,1.472,3,6,FALSE,FALSE,TRUE
"GENE2875","GENE2875_HUMAN","P72644","Protein GENE2875",-0.2124,0.420556,0.13281,0.8144,0.8768,6,6,FALSE,FALSE,FALSE
"GENE1460","GENE1460_HUMAN","P05003","Protein GENE1460",0.9098,1,0.630022,0,0.2006,6,2,FALSE,FALSE,FALSE
"GENE2650","GENE2650_HUMAN","P75442","Protein GENE2650",0.2874,1,0.734395,0,0.1341,3,5,FALSE,FALSE,FALSE
"GENE0626","GENE0626_HUMAN","P42806","Protein GENE0626",-0.0475,0.136308,0.118402,0.3957,0.9266,4,6,FALSE,FALSE,FALSE
"GENE0099","GENE0099_HUMAN","P28403","Protein GENE0099",0.2967,1,0.618793,0.098,0.2085,4,3,FALSE,FALSE,FALSE
"GENE0511","GENE0511_HUMAN","P61950","Protein GENE0511",0.166,1,0.986759,0,0.0058,4,2,FALSE,FALSE,FALSE
"GENE0899","GENE0899_HUMAN","P81707","Protein GENE0899",-0.3405,1,0.66324,0.1677,0.1783,5,2,FALSE,FALSE,FALSE
"GENE0457","GENE0457_HUMAN","P05474","Protein GENE0457",-0.788,0.105453,0.034664,0.9133,1.4601,4,6,FALSE,FALSE,TRUE
"GENE0309","GENE0309_HUMAN","P19574","Protein GENE0309",-4.3127,0.036563,0.009037,1.3474,2.044,2,5,FALSE,FALSE,TRUE
"GENE0631","GENE0631_HUMAN","P26216","Protein GENE0631",3.5561,0.044061,0.008945,1.9384,2.0484,5,4,FALSE,FALSE,TRUE
"GENE1194","GENE1194_HUMAN","P65666","Protein GENE1194",-0.1645,0.258323,0.157205,0.5849,0.8035,4,6,FALSE,FALSE,FALSE
"GENE1348","GENE1348_HUMAN","P96038","Protein GENE1348",0.6188,1,0.845687,0,0.0728,4,2,FALSE,FALSE,FALSE
"GENE0608","GENE0608_HUMAN","P15638","Protein GENE0608",-2.5109,0.047352,0.045589,0.7579,1.3411,3,3,FALSE,FALSE,TRUE
"GENE2270","GENE2270_HUMAN","P23485","Protein GENE2270",0.2231,0.255578,0.116879,0.4631,0.9323,3,6,FALSE,FALSE,FALSE
"GENE2007","GENE2007_HUMAN","P64611","Protein GENE2007",0.4215,0.944034,0.470998,0,0.327,5,2,FALSE,FALSE,FALSE
"GENE0938","GENE0938_HUMAN","P32046","Protein GENE0938",-0.0579,1,0.643521,0,0.1914,6,2,TRUE,FALSE,FALSE
"GENE1171","GENE1171_HUMAN","P33616","Protein GENE1171",-0.665,1,0.573044,0,0.2418,2,3,FALSE,FALSE,FALSE
"GENE2666","GENE2666_HUMAN","P70063","Protein GENE2666",3.5181,0.14095,0.029672,0.9271,1.5276,3,5,FALSE,FALSE,TRUE
"GENE0578","GENE0578_HUMAN","P72700","Protein GENE0578",-0.3609,0.123488,0.061529,0.762,1.2109,4,3,FALSE,FALSE,FALSE
"GENE1042","GENE1042_HUMAN","P10772","Protein GENE1042",0.8409,0.204603,0.070499,0.5849,1.1518,3,6,FALSE,FALSE,FALSE
"GENE0121","GENE0121_HUMAN","P60130","Protein GENE0121",-0.2889,1,0.51371,0,0.2893,3,4,FALSE,TRUE,FALSE
"GENE0269","GENE0269_HUMAN","P37832","Protein GENE0269",0.3729,1,0.422689,0,0.374,5,5,FALSE,FALSE,FALSE
"GENE2776","GENE2776_HUMAN","P22938","Protein GENE2776",0.2035,0.649034,0.346364,0,0.4605,6,4,FALSE,FALSE,FALSE
"MED23","MED23_HUMAN","P07736","Protein MED23",3.3678,0.002047,0.001279,2.3093,2.8932,6,5,TRUE,TRUE,TRUE
"GENE1762","GENE1762_HUMAN","P34009","Protein GENE1762",0.3191,1,0.594836,0,0.2256,5,3,FALSE,FALSE,FALSE
"GENE0792","GENE0792_HUMAN","P68939","Protein GENE0792",-0.1128,1,0.365895,0.2884,0.4366,4,4,FALSE,FALSE,FALSE
"GENE2881","GENE2881_HUMAN","P14886","Protein GENE2881",0.1655,0.729683,0.542622,0,0.2655,4,2,FALSE,FALSE,FALSE
"GENE0311","GENE0311_HUMAN","P28370","Protein GENE0311",0.0944,0.614631,0.156594,0.6947,0.8052,3,4,FALSE,TRUE,FALSE
"GENE2833","GENE2833_HUMAN","P25640","Protein GENE2833",-0.2929,0.170402,0.13874,0.2458,0.8578,6,6,FALSE,FALSE,FALSE
"GENE2899","GENE2899_HUMAN","P81891","Protein GENE2899",-0.3573,0.72978,0.432436,0.0934,0.3641,4,3,FALSE,FALSE,FALSE
"GENE2805","GENE2805_HUMAN","P68089","Protein GENE2805",-0.5279,0.56882,0.554234,0,0.2563,4,4,FALSE,FALSE,FALSE
"GENE0157","GENE0157_HUMAN","P03193","Protein GENE0157",-0.3205,1,0.78459,0,0.1054,5,3,FALSE,FALSE,FALSE
"GENE1582","GENE1582_HUMAN","P91163","Protein GENE1582",-0.6985,0.037362,0.008859,1.578,2.0526,2,4,FALSE,FALSE,TRUE
"GENE1127","GENE1127_HUMAN","P21087","Protein GENE1127",0.9303,0.215068,0.163928,0.5638,0.7853,5,5,FALSE,TRUE,FALSE
"GENE1754","GENE1754_HUMAN","P48084","Protein GENE1754",-0.2444,0.424207,0.132074,0.4746,0.8792,3,6,FALSE,FALSE,FALSE
"GENE1984","GENE1984_HUMAN","P74517","Protein GENE1984",0.2912,1,0.916363,0,0.0379,2,3,FALSE,FALSE,FALSE
"GENE0538","GENE0538_HUMAN","P13418","Protein GENE0538",-0.2846,1,0.881361,0,0.0548,5,6,FALSE,FALSE,FALSE
"GENE0396","GENE0396_HUMAN","P60345","Protein GENE0396",0.5318,1,0.592395,0,0.2274,5,2,FALSE,FALSE,FALSE
"GENE2582","GENE2582_HUMAN","P82004","Protein GENE2582",0.4802,1,0.786417,0,0.1043,5,4,FALSE,FALSE,FALSE
"GENE1616","GENE1616_HUMAN","P98702","Protein GENE1616",3.9291,0.049836,0.045185,0.8964,1.345,2,5,FALSE,FALSE,TRUE
"GENE0177","GENE0177_HUMAN","P82212","Protein GENE0177",-0.3323,0.653156,0.253013,0.2988,0.5969,2,4,FALSE,TRUE,FALSE
"GENE1565","GENE1565_HUMAN","P20866","Protein GENE1565",0.5829,0.307889,0.155215,0.354,0.8091,6,4,FALSE,FALSE,FALSE
"GENE2467","GENE2467_HUMAN","P15961","Protein GENE2467",0.1262,1,0.490078,0,0.3097,3,2,FALSE,FALSE,FALSE
"GENE0810","GENE0810_HUMAN","P43507","Protein GENE0810",0.26,1,0.29319,0,0.5329,3,3,FALSE,FALSE,FALSE
"GENE0175","GENE0175_HUMAN","P26583","Protein GENE0175",0.0089,1,0.987939,0,0.0053,3,5,FALSE,FALSE,FALSE
"GENE0950","GENE0950_HUMAN","P75935","Protein GENE0950",0.1559,1,0.317592,0,0.4981,2,3,FALSE,FALSE,FALSE
"GENE1130","GENE1130_HUMAN","P05003","Protein GENE1130",0.5187,1,0.744129,0,0.1284,5,3,FALSE,FALSE,FALSE
"GENE2380","GENE2380_HUMAN","P47031","Protein GENE2380",0.4147,1,0.931257,0,0.0309,3,2,FALSE,FALSE,FALSE
"GENE2170","GENE2170_HUMAN","P52613","Protein GENE2170",0.5359,1,0.734559,0,0.134,2,5,FALSE,FALSE,FALSE
"GENE1570","GENE1570_HUMAN","P51899","Protein GENE1570",-0.4,1,0.44281,0,0.3538,2,4,FALSE,FALSE,FALSE
"GENE1305","GENE1305_HUMAN","P13129","Protein GENE1305",0.7685,0.259932,0.220247,0.1126,0.6571,2,2,FALSE,FALSE,FALSE
"GENE2343","GENE2343_HUMAN","P41093","Protein GENE2343",-2.6587,0.055974,0.02582,0.9317,1.588,6,6,FALSE,FALSE,TRUE
"GENE2019","GENE2019_HUMAN","P89752","Protein GENE2019",-0.1116,0.314237,0.089174,0.7301,1.0498,4,3,FALSE,FALSE,FALSE
"GENE0183","GENE0183_HUMAN","P92672","Protein GENE0183",0.3741,1,0.359618,0,0.4442,4,6,FALSE,FALSE,FALSE
"GENE2225","GENE2225_HUMAN","P07631","Protein GENE2225",-0.1093,1,0.273714,0,0.5627,4,4,TRUE,FALSE,FALSE
"GENE0574","GENE0574_HUMAN","P57799","Protein GENE0574",-0.1864,1,0.679993,0,0.1675,4,5,FALSE,FALSE,FALSE
"GENE0581","GENE0581_HUMAN","P04971","Protein GENE0581",0.2012,1,0.975535,0,0.0108,3,6,FALSE,FALSE,FALSE
"PKN3","PKN3_HUMAN","P89557","Protein PKN3",3.2058,0.081326,0.032479,1.3414,1.4884,6,4,FALSE,FALSE,TRUE
"GENE0069","GENE0069_HUMAN","P70829","Protein GENE0069",-0.107,1,0.382172,0,0.4177,3,3,FALSE,TRUE,FALSE
"GENE0477","GENE0477_HUMAN","P10000","Protein GENE0477",0.5853,1,0.912514,0,0.0398,3,6,FALSE,FALSE,FALSE
"GENE0298","GENE0298_HUMAN","P55680","Protein GENE0298",1.3853,0.119702,0.037543,0.7924,1.4255,3,4,FALSE,FALSE,TRUE
"GPATCH1","GPATCH1_HUMAN","P87566","Protein GPATCH1",0.5062,0.421679,0.088077,0.7509,1.0551,4,4,FALSE,FALSE,FALSE
"GENE0835","GENE0835_HUMAN","P72404","Protein GENE0835",4.4,0.03963,0.018222,1.4213,1.7394,5,5,FALSE,FALSE,TRUE
"GENE1163","GENE1163_HUMAN","P34497","Protein GENE1163",-0.6335,1,0.481967,0,0.317,3,5,TRUE,FALSE,FALSE
"GENE1138","GENE1138_HUMAN","P38971","Protein GENE1138",-0.0755,1,0.364431,0,0.4384,4,4,FALSE,FALSE,FALSE
"GENE1579","GENE1579_HUMAN","P61206","Protein GENE1579",0.3614,0.718586,0.156674,0.1807,0.805,5,6,FALSE,FALSE,FALSE
"GENE2530","GENE2530_HUMAN","P86044","Protein GENE2530",-0.556,1,0.607454,0.0806,0.2165,4,6,FALSE,FALSE,FALSE
"GENE1813","GENE1813_HUMAN","P98719","Protein GENE1813",0.5452,0.391412,0.155162,0.1623,0.8092,2,5,FALSE,TRUE,FALSE
"GENE0233","GENE0233_HUMAN","P55256","Protein GENE0233",0.3743,1,0.389959,0,0.409,3,5,TRUE,FALSE,FALSE
"GENE1761","GENE1761_HUMAN","P40339","Protein GENE1761",0.6446,0.200921,0.047837,0.7538,1.3202,4,4,FALSE,FALSE,TRUE
"GENE0982","GENE0982_HUMAN","P88789","Protein GENE0982",0.2485,1,0.341045,0,0.4672,4,5,FALSE,FALSE,FALSE
"GENE2549","GENE2549_HUMAN","P35427","Protein GENE2549",-2.5806,0.096806,0.019989,1.4362,1.6992,2,5,FALSE,FALSE,TRUE
"GENE1203","GENE1203_HUMAN","P72148","Protein GENE1203",0.3057,1,0.857652,0,0.0667,6,6,FALSE,FALSE,FALSE
"GENE1128","GENE1128_HUMAN","P73957","Protein GENE1128",0.1011,1,0.621139,0,0.2068,3,5,FALSE,FALSE,FALSE
"GENE1638","GENE1638_HUMAN","P06858","Protein GENE1638",0.4955,0.282645,0.169392,0.2806,0.7711,4,3,TRUE,FALSE,FALSE
"GENE2711","GENE2711_HUMAN","P68665","Protein GENE2711",-0.0648,0.414685,0.383758,0.2029,0.4159,4,4,TRUE,FALSE,FALSE
"GENE2366","GENE2366_HUMAN","P84408","Protein GENE2366",-0.3699,1,0.449333,0,0.3474,6,3,FALSE,FALSE,FALSE
"GENE2009","GENE2009_HUMAN","P44775","Protein GENE2009",3.9157,0.045208,0.022954,1.4346,1.6391,5,5,FALSE,FALSE,TRUE
"GENE1675","GENE1675_HUMAN","P73006","Protein GENE1675",0.2632,1,0.762004,0,0.118,2,2,FALSE,FALSE,FALSE
"GENE2479","GENE2479_HUMAN","P58643","Protein GENE2479",0.3925,1,0.845975,0,0.0726,4,3,FALSE,FALSE,FALSE
"GENE1400","GENE1400_HUMAN","P63559","Protein GENE1400",0.5607,1,0.606324,0,0.2173,5,3,FALSE,FALSE,FALSE
"GENE0651","GENE0651_HUMAN","P97248","Protein GENE0651",0.4768,1,0.323159,0.3177,0.4906,6,4,FALSE,FALSE,FALSE
"GENE1738","GENE1738_HUMAN","P99633","Protein GENE1738",0.0168,1,0.476379,0.0432,0.322,2,5,FALSE,FALSE,FALSE
"GENE2359","GENE2359_HUMAN","P31981","Protein GENE2359",0.8235,1,0.620875,0,0.207,4,6,FALSE,FALSE,FALSE
"GENE1162","GENE1162_HUMAN","P28763","Protein GENE1162",-0.0912,0.39034,0.322061,0,0.4921,2,6,FALSE,FALSE,FALSE
"GENE2624","GENE2624_HUMAN","P56614","Protein GENE2624",0.1485,1,0.887872,0,0.0516,4,4,FALSE,FALSE,FALSE
"GENE0016","GENE0016_HUMAN","P78448","Protein GENE0016",2.5853,0.038324,0.024473,1.2818,1.6113,4,2,FALSE,FALSE,TRUE
"GENE1863","GENE1863_HUMAN","P17916","Protein GENE1863",-2.211,0.081918,0.038101,0.8367,1.4191,5,5,TRUE,FALSE,TRUE
"GENE1916","GENE1916_HUMAN","P40620","Protein GENE1916",-0.6877,0.089336,0.061838,0.7123,1.2087,5,3,FALSE,FALSE,FALSE
"GENE2882","GENE2882_HUMAN","P29236","Protein GENE2882",0.6908,0.162793,0.071315,0.9535,1.1468,3,3,FALSE,FALSE,FALSE
"GENE2287","GENE2287_HUMAN","P32300","Protein GENE2287",0.0722,0.195226,0.194169,0.2817,0.7118,3,2,FALSE,FALSE,FALSE
"GENE0934","GENE0934_HUMAN","P80770","Protein GENE0934",0.3723,0.402735,0.17227,0.4177,0.7638,5,5,FALSE,FALSE,FALSE
"GENE1962","GENE1962_HUMAN","P10657","Protein GENE1962",0.4936,1,0.456135,0,0.3409,6,2,FALSE,FALSE,FALSE
"GENE1327","GENE1327_HUMAN","P14896","Protein GENE1327",0.3673,0.380156,0.285891,0.1144,0.5438,2,4,TRUE,FALSE,FALSE
"GENE0259","GENE0259_HUMAN","P08079","Protein GENE0259",-0.3364,0.416002,0.225855,0.0847,0.6462,2,2,FALSE,FALSE,FALSE
"GENE0606","GENE0606_HUMAN","P00234","Protein GENE0606",0.2558,1,0.901566,0,0.045,5,4,FALSE,FALSE,FALSE
"GENE0256","GENE0256_HUMAN","P96008","Protein GENE0256",-0.9683,0.81875,0.420628,0,0.3761,4,3,TRUE,FALSE,FALSE
"GENE0162","GENE0162_HUMAN","P54824","Protein GENE0162",0.0729,1,0.95358,0,0.0206,5,6,FALSE,FALSE,FALSE
"GENE1266","GENE1266_HUMAN","P36057","Protein GENE1266",-0.0899,1,0.690235,0,0.161,4,4,TRUE,FALSE,FALSE
"GENE0769","GENE0769_HUMAN","P11726","Protein GENE0769",0.0762,1,0.877803,0,0.0566,3,6,FALSE,FALSE,FALSE
"GENE1497","GENE1497_HUMAN","P34590","Protein GENE1497",0.957,0.091198,0.020811,1.0288,1.6817,2,4,FALSE,FALSE,TRUE
"GENE1875","GENE1875_HUMAN","P39436","Protein GENE1875",0.1648,1,0.779015,0,0.1085,4,4,FALSE,FALSE,FALSE
"GENE2112","GENE2112_HUMAN","P57015","Protein GENE2112",-0.3603,0.766163,0.281209,0.154,0.551,3,2,FALSE,FALSE,FALSE
"GENE0205","GENE0205_HUMAN","P28203","Protein GENE0205",-0.0595,0.884822,0.293336,0.1279,0.5326,2,5,FALSE,FALSE,FALSE
"GENE1758","GENE1758_HUMAN","P89942","Protein GENE1758",-0.2603,1,0.905261,0,0.0432,2,2,FALSE,FALSE,FALSE
"GENE2207","GENE2207_HUMAN","P30136","Protein GENE2207",0.1242,1,0.996472,0,0.0015,3,2,FALSE,FALSE,FALSE
"GENE2203","GENE2203_HUMAN","P95896","Protein GENE2203",-3.2665,0.05835,0.040905,0.9382,1.3882,2,4,FALSE,FALSE,TRUE
"GENE2320","GENE2320_HUMAN","P43356","Protein GENE2320",-0.6076,0.481459,0.400392,0,0.3975,2,2,FALSE,FALSE,FALSE
"GENE1835","GENE1835_HUMAN","P77062","Protein GENE1835",1.2735,0.072535,0.016858,1.2597,1.7732,5,2,FALSE,FALSE,TRUE
"GENE1508","GENE1508_HUMAN","P73186","Protein GENE1508",0.1423,1,0.614474,0.1317,0.2115,4,5,FALSE,FALSE,FALSE
"GENE1751","GENE1751_HUMAN","P35214","Protein GENE1751",-0.4259,0.454416,0.433326,0.0105,0.3632,3,6,FALSE,FALSE,FALSE
"GENE2229","GENE2229_HUMAN","P90588","Protein GENE2229",0.109,0.568516,0.167561,0.7376,0.7758,3,2,FALSE,FALSE,FALSE
"GENE0532","GENE0532_HUMAN","P27159","Protein GENE0532",0.0958,1,0.722878,0,0.1409,6,5,FALSE,TRUE,FALSE
"GENE2002","GENE2002_HUMAN","P04025","Protein GENE2002",-0.2673,0.619422,0.568628,0,0.2452,2,3,FALSE,FALSE,FALSE
"GENE2243","GENE2243_HUMAN","P35136","Protein GENE2243",0.4837,1,0.879857,0,0.0556,2,3,FALSE,FALSE,FALSE
"GENE2838","GENE2838_HUMAN","P97137","Protein GENE2838",-0.1707,1,0.357172,0.331,0.4471,5,3,FALSE,FALSE,FALSE
"GENE2297","GENE2297_HUMAN","P46894","Protein GENE2297",-1.1074,0.007521,0.001634,2.3605,2.7866,5,6,FALSE,TRUE,TRUE
"GENE1063","GENE1063_HUMAN","P64669","Protein GENE1063",3.5332,0.119991,0.042513,0.9644,1.3715,4,3,FALSE,FALSE,TRUE
"GENE1759","GENE1759_HUMAN","P15637","Protein GENE1759",-0.3037,1,0.480668,0.167,0.3182,4,5,TRUE,FALSE,FALSE
"GENE0323","GENE0323_HUMAN","P70309","Protein GENE0323",0.3812,1,0.273932,0,0.5624,4,6,FALSE,FALSE,FALSE
"GENE1829","GENE1829_HUMAN","P25730","Protein GENE1829",0.3199,1,0.47247,0,0.3256,2,4,FALSE,FALSE,FALSE
"GENE1730","GENE1730_HUMAN","P83322","Protein GENE1730",-2.4171,0.007081,0.002043,2.3528,2.6897,4,4,FALSE,TRUE,TRUE
"GENE1979","GENE1979_HUMAN","P72089","Protein GENE1979",-0.4446,1,0.724204,0.0436,0.1401,4,3,TRUE,FALSE,FALSE
"GENE2156","GENE2156_HUMAN","P01404","Protein GENE2156",0.1883,1,0.839331,0,0.0761,6,6,FALSE,FALSE,FALSE
"GENE1016","GENE1016_HUMAN","P43648","Protein GENE1016",0.5354,1,0.567725,0,0.2459,6,3,FALSE,FALSE,FALSE
"GENE0321","GENE0321_HUMAN","P37531","Protein GENE0321",-2.1985,0.042448,0.0099,1.8785,2.0043,6,3,FALSE,TRUE,TRUE
"GENE0039","GENE0039_HUMAN","P11129","Protein GENE0039",1.8573,0.000513,0.000331,3.2354,3.4796,3,3,FALSE,FALSE,TRUE
"GENE0308","GENE0308_HUMAN","P79166","Protein GENE0308",2.7726,0.069859,0.01811,1.5393,1.7421,6,4,FALSE,FALSE,TRUE
"GENE1755","GENE1755_HUMAN","P69345","Protein GENE1755",-4.4577,0.056023,0.02864,0.8996,1.543,4,2,FALSE,FALSE,TRUE
"GENE2663","GENE2663_HUMAN","P72189","Protein GENE2663",-3.1912,0.132135,0.028859,0.942,1.5397,3,4,FALSE,FALSE,TRUE
"GENE0159","GENE0159_HUMAN","P10619","Protein GENE0159",-0.0298,1,0.588916,0,0.2299,4,4,FALSE,FALSE,FALSE
"GENE0348","GENE0348_HUMAN","P31484","Protein GENE0348",0.314,0.807383,0.21481,0.4203,0.6679,4,2,TRUE,FALSE,FALSE
"GENE2402","GENE2402_HUMAN","P05126","Protein GENE2402",-4.3538,0.100598,0.025361,1.1904,1.5958,5,2,FALSE,FALSE,TRUE
"GENE1330","GENE1330_HUMAN","P90778","Protein GENE1330",-0.2621,1,0.68872,0,0.162,6,2,FALSE,TRUE,FALSE
"GENE1601","GENE1601_HUMAN","P85323","Protein GENE1601",-0.4306,1,0.468421,0,0.3294,3,5,FALSE,TRUE,FALSE
"GENE1346","GENE1346_HUMAN","P93222","Protein GENE1346",0.7832,1,0.582279,0,0.2349,6,4,FALSE,FALSE,FALSE
"GENE0073","GENE0073_HUMAN","P61740","Protein GENE0073",0.3029,0.299193,0.185641,0.0506,0.7313,5,3,FALSE,FALSE,FALSE
"GENE2274","GENE2274_HUMAN","P95471","Protein GENE2274",-0.0996,1,0.328366,0,0.4836,2,6,FALSE,FALSE,FALSE
"GENE1507","GENE1507_HUMAN","P83891","Protein GENE1507",-0.4572,0.646762,0.43663,0.14,0.3599,3,4,FALSE,FALSE,FALSE
"GENE2837","GENE2837_HUMAN","P84656","Protein GENE2837",0.1208,0.731325,0.414148,0.1245,0.3828,3,6,FALSE,TRUE,FALSE
"GENE2191","GENE2191_HUMAN","P61088","Protein GENE2191",0.0299,1,0.856167,0,0.0674,4,3,FALSE,FALSE,FALSE
"GENE1015","GENE1015_HUMAN","P80366","Protein GENE1015",0.0688,0.299282,0.083359,0.3999,1.079,2,3,FALSE,FALSE,FALSE
"GENE0288","GENE0288_HUMAN","P45792","Protein GENE0288",-2.2565,0.010694,0.006711,1.4903,2.1732,4,3,FALSE,FALSE,TRUE
"GENE1243","GENE1243_HUMAN","P20716","Protein GENE1243",-0.0686,1,0.44338,0,0.3532,4,6,FALSE,FALSE,FALSE
"GENE0032","GENE0032_HUMAN","P01331","Protein GENE0032",-2.7851,0.04368,0.039502,1.3347,1.4034,5,3,FALSE,TRUE,TRUE
"GENE0657","GENE0657_HUMAN","P21039","Protein GENE0657",-0.3142,0.796276,0.169879,0.1229,0.7699,4,4,FALSE,FALSE,FALSE
"GENE1897","GENE1897_HUMAN","P62781","Protein GENE1897",-0.3044,1,0.839734,0,0.0759,6,6,FALSE,FALSE,FALSE
"DDX17","DDX17_HUMAN","P95483","Protein DDX17",-0.8729,1,0.71289,0,0.147,2,5,TRUE,FALSE,FALSE
"GENE0514","GENE0514_HUMAN","P01692","Protein GENE0514",0.4656,0.291408,0.225387,0.0652,0.6471,4,2,FALSE,FALSE,FALSE
"GENE1441","GENE1441_HUMAN","P66326","Protein GENE1441",-0.4311,0.335328,0.146591,0.4628,0.8339,2,6,FALSE,FALSE,FALSE
"GENE1676","GENE1676_HUMAN","P38595","Protein GENE1676",0.2358,1,0.828911,0,0.0815,6,6,FALSE,FALSE,FALSE
"GENE0857","GENE0857_HUMAN","P90188","Protein GENE0857",0.2878,0.625332,0.324844,0,0.4883,4,5,FALSE,FALSE,FALSE
"GENE2468","GENE2468_HUMAN","P32560","Protein GENE2468",0.0565,1,0.554375,0,0.2562,3,6,FALSE,FALSE,FALSE
"GENE2126","GENE2126_HUMAN","P50703","Protein GENE2126",0.1383,1,0.612135,0,0.2132,6,2,FALSE,FALSE,FALSE
"GENE2747","GENE2747_HUMAN","P24118","Protein GENE2747",-0.4132,1,0.459863,0,0.3374,3,4,FALSE,FALSE,FALSE
"GENE2199","GENE2199_HUMAN","P07794","Protein GENE2199",-0.0393,0.875798,0.256499,0,0.5909,6,5,FALSE,TRUE,FALSE
"GENE2692","GENE2692_HUMAN","P03020","Protein GENE2692",-0.057,0.737996,0.618704,0.1422,0.2085,4,4,FALSE,FALSE,FALSE
"GENE1093","GENE1093_HUMAN","P72424","Protein GENE1093",0.2389,1,0.693773,0.0105,0.1588,4,4,FALSE,FALSE,FALSE
"GENE2109","GENE2109_HUMAN","P16317","Protein GENE2109",-0.6025,1,0.581309,0,0.2356,2,4,FALSE,FALSE,FALSE
"GENE2336","GENE2336_HUMAN","P28319","Protein GENE2336",-0.3152,1,0.325115,0,0.488,6,3,FALSE,FALSE,FALSE
"GENE1798","GENE1798_HUMAN","P08859","Protein GENE1798",-0.2638,0.358715,0.224922,0.145,0.648,6,5,TRUE,FALSE,FALSE
"GENE0930","GENE0930_HUMAN","P28701","Protein GENE0930",-0.0247,1,0.463045,0,0.3344,2,3,FALSE,FALSE,FALSE
"GENE1784","GENE1784_HUMAN","P86446","Protein GENE1784",0.8327,1,0.560727,0,0.2512,3,6,FALSE,FALSE,FALSE
"GENE0941","GENE0941_HUMAN","P30470","Protein GENE0941",0.5173,0.430805,0.308903,0.1436,0.5102,4,6,FALSE,FALSE,FALSE
"GENE1834","GENE1834_HUMAN","P37294","Protein GENE1834",0.8479,1,0.940331,0,0.0267,2,5,TRUE,FALSE,FALSE
"GENE2251","GENE2251_HUMAN","P57985","Protein GENE2251",-0.0542,0.228985,0.22435,0.0398,0.6491,4,2,FALSE,FALSE,FALSE
"GENE1295","GENE1295_HUMAN","P76665","Protein GENE1295",-0.0284,0.964513,0.689503,0,0.1615,5,4,FALSE,FALSE,FALSE
"GENE2360","GENE2360_HUMAN","P99742","Protein GENE2360",4.2895,0.10612,0.026924,0.9665,1.5699,2,3,FALSE,FALSE,TRUE
"GENE1908","GENE1908_HUMAN","P87732","Protein GENE1908",3.9539,0.150645,0.034196,1.0762,1.466,2,2,FALSE,FALSE,TRUE
"GENE1898","GENE1898_HUMAN","P81797","Protein GENE1898",0.5564,1,0.707614,0,0.1502,4,4,FALSE,FALSE,FALSE
"GENE2577","GENE2577_HUMAN","P86433","Protein GENE2577",3.3949,0.103786,0.042247,0.8503,1.3742,2,2,FALSE,FALSE,TRUE
"GENE0439","GENE0439_HUMAN","P99021","Protein GENE0439",-0.4711,1,0.929491,0,0.0318,5,6,TRUE,FALSE,FALSE
"GENE0749","GENE0749_HUMAN","P62531","Protein GENE0749",-0.1614,1,0.888328,0,0.0514,4,6,FALSE,FALSE,FALSE
"GENE1291","GENE1291_HUMAN","P50633","Protein GENE1291",0.6231,1,0.638757,0,0.1947,2,2,FALSE,FALSE,FALSE
"GENE1343","GENE1343_HUMAN","P10837","Protein GENE1343",-0.7692,0.599709,0.154418,0.7589,0.8113,2,5,FALSE,FALSE,FALSE
"GENE0800","GENE0800_HUMAN","P23315","Protein GENE0800",0.2603,1,0.320954,0,0.4936,4,6,FALSE,FALSE,FALSE
"GENE1389","GENE1389_HUMAN","P64044","Protein GENE1389",-0.507,0.583967,0.380235,0,0.4199,6,6,FALSE,FALSE,FALSE
"GENE1125","GENE1125_HUMAN","P63912","Protein GENE1125",-0.4095,1,0.721359,0,0.1418,6,4,FALSE,FALSE,FALSE
"GENE0796","GENE0796_HUMAN","P38871","Protein GENE0796",-2.923,0.01757,0.010331,1.818,1.9859,2,2,FALSE,FALSE,TRUE
"GENE1624","GENE1624_HUMAN","P23903","Protein GENE1624",-0.0051,0.284115,0.277989,0.2259,0.556,3,4,FALSE,FALSE,FALSE
"GENE2801","GENE2801_HUMAN","P33479","Protein GENE2801",-0.1754,0.702216,0.154063,0.1537,0.8123,2,4,FALSE,FALSE,FALSE
"GENE2646","GENE2646_HUMAN","P54228","Protein GENE2646",0.6098,0.846764,0.280464,0.0751,0.5521,2,4,FALSE,FALSE,FALSE
"GENE2118","GENE2118_HUMAN","P54733","Protein GENE2118",0.6494,0.483543,0.213178,0.1462,0.6713,4,2,TRUE,FALSE,FALSE
"GENE0324","GENE0324_HUMAN","P12156","Protein GENE0324",0.4787,0.837246,0.332829,0,0.4778,5,5,FALSE,FALSE,FALSE
"GENE2880","GENE2880_HUMAN","P89077","Protein GENE2880",2.4385,0.129029,0.034433,1.4241,1.463,3,3,FALSE,FALSE,TRUE
"GENE0077","GENE0077_HUMAN","P25084","Protein GENE0077",-0.9254,0.986943,0.215153,0.2662,0.6673,6,3,FALSE,FALSE,FALSE
"GENE0470","GENE0470_HUMAN","P97421","Protein GENE0470",-0.1986,0.561062,0.200455,0.5236,0.698,5,2,FALSE,TRUE,FALSE
"GENE1597","GENE1597_HUMAN","P80463","Protein GENE1597",-0.0084,0.257351,0.153348,0.6051,0.8143,6,4,FALSE,FALSE,FALSE
"GENE2763","GENE2763_HUMAN","P55329","Protein GENE2763",-0.3851,1,0.795755,0,0.0992,3,4,FALSE,FALSE,FALSE
"GENE1318","GENE1318_HUMAN","P47956","Protein GENE1318",-3.3574,0.036591,0.007647,1.8328,2.1165,5,6,FALSE,FALSE,TRUE
"GENE1799","GENE1799_HUMAN","P52779","Protein GENE1799",-0.6442,1,0.775296,0,0.1105,5,4,FALSE,FALSE,FALSE
"GENE2032","GENE2032_HUMAN","P78569","Protein GENE2032",0.5287,1,0.800606,0,0.0966,4,2,FALSE,FALSE,FALSE
"GENE0268","GENE0268_HUMAN","P33624","Protein GENE0268",0.4256,1,0.65157,0.0069,0.186,2,3,TRUE,FALSE,FALSE
"GENE1820","GENE1820_HUMAN","P59040","Protein GENE1820",-0.4036,1,0.738963,0,0.1314,6,2,FALSE,FALSE,FALSE
"GENE1143","GENE1143_HUMAN","P58080","Protein GENE1143",0.1927,0.322942,0.266628,0.0666,0.5741,3,6,FALSE,FALSE,FALSE
"GENE2326","GENE2326_HUMAN","P69552","Protein GENE2326",-0.5472,0.297206,0.072814,0.4793,1.1378,6,2,FALSE,FALSE,FALSE
"GENE1539","GENE1539_HUMAN","P76416","Protein GENE1539",-0.5456,1,0.90142,0,0.0451,3,3,FALSE,TRUE,FALSE
"GENE2626","GENE2626_HUMAN","P43318","Protein GENE2626",1.945,0.175924,0.043891,0.7644,1.3576,3,3,FALSE,FALSE,TRUE
"GENE2043","GENE2043_HUMAN","P98538","Protein GENE2043",-0.2696,0.408725,0.28711,0.2167,0.542,4,3,FALSE,FALSE,FALSE
"GENE1626","GENE1626_HUMAN","P80547","Protein GENE1626",0.2307,0.51588,0.142513,0.3281,0.8461,4,2,FALSE,FALSE,FALSE
"GENE0969","GENE0969_HUMAN","P78446","Protein GENE0969",0.5823,0.005515,0.00422,1.7072,2.3747,5,6,FALSE,FALSE,TRUE
"GENE1554","GENE1554_HUMAN","P44886","Protein GENE1554",-0.2333,1,0.206095,0,0.6859,5,6,FALSE,FALSE,FALSE
"GENE2211","GENE2211_HUMAN","P95777","Protein GENE2211",0.3488,1,0.769676,0,0.1137,3,5,FALSE,TRUE,FALSE
"GENE1004","GENE1004_HUMAN","P92622","Protein GENE1004",-0.9417,0.358361,0.104846,0.5355,0.9794,2,5,FALSE,FALSE,FALSE
"GENE2430","GENE2430_HUMAN","P14894","Protein GENE2430",-0.5187,0.670502,0.19162,0.4029,0.7176,6,2,FALSE,FALSE,FALSE
"GENE2729","GENE2729_HUMAN","P15767","Protein GENE2729",-0.2018,0.50595,0.177705,0.1332,0.7503,6,4,FALSE,FALSE,FALSE
"GENE0181","GENE0181_HUMAN","P22201","Protein GENE0181",1.9484,0.012582,0.006248,2.1277,2.2042,3,3,FALSE,TRUE,TRUE
"GENE1493","GENE1493_HUMAN","P47815","Protein GENE1493",0.2756,1,0.40244,0.1473,0.3953,3,5,TRUE,FALSE,FALSE
"GENE0965","GENE0965_HUMAN","P59558","Protein GENE0965",0.2927,0.513191,0.114319,0.3849,0.9419,2,5,FALSE,TRUE,FALSE
"GENE1155","GENE1155_HUMAN","P73716","Protein GENE1155",-0.3301,1,0.558459,0,0.253,5,6,FALSE,FALSE,FALSE
"GENE2418","GENE2418_HUMAN","P58866","Protein GENE2418",-0.4497,0.710719,0.557747,0.0945,0.2536,2,5,FALSE,FALSE,FALSE
"GENE2063","GENE2063_HUMAN","P87338","Protein GENE2063",-0.2383,0.158036,0.10843,0.5367,0.9649,2,4,FALSE,FALSE,FALSE
"GENE1290","GENE1290_HUMAN","P74936","Protein GENE1290",-0.1828,1,0.468527,0,0.3293,2,6,FALSE,FALSE,FALSE
"GENE2345","GENE2345_HUMAN","P35457","Protein GENE2345",-0.3742,0.432545,0.09844,0.3937,1.0068,5,4,FALSE,FALSE,FALSE
"GENE1117","GENE1117_HUMAN","P65589","Protein GENE1117",-0.3689,0.887511,0.212922,0.0895,0.6718,5,2,FALSE,FALSE,FALSE
"GENE2879","GENE2879_HUMAN","P75286","Protein GENE2879",-0.1087,0.864098,0.74884,0,0.1256,6,5,FALSE,FALSE,FALSE
"GENE0239","GENE0239_HUMAN","P12932","Protein GENE0239",-0.5487,0.081998,0.077517,1.0921,1.1106,2,4,FALSE,FALSE,FALSE
"GENE1606","GENE1606_HUMAN","P51408","Protein GENE1606",0.0043,1,0.904803,0,0.0434,3,5,FALSE,FALSE,FALSE
"GENE2717","GENE2717_HUMAN","P75739","Protein GENE2717",2.8224,0.036088,0.021334,1.0218,1.6709,4,6,FALSE,FALSE,TRUE
"GENE2536","GENE2536_HUMAN","P35934","Protein GENE2536",1.2193,0.122685,0.033078,1.3632,1.4805,6,6,FALSE,FALSE,TRUE
"GENE1297","GENE1297_HUMAN","P82591","Protein GENE1297",0.0943,0.560627,0.357286,0.1124,0.447,2,5,TRUE,FALSE,FALSE
"GENE2655","GENE2655_HUMAN","P27048","Protein GENE2655",-0.6205,0.460514,0.247738,0,0.606,2,5,FALSE,FALSE,FALSE
"GENE0223","GENE0223_HUMAN","P99546","Protein GENE0223",-0.6099,1,0.716999,0.0335,0.1445,3,3,FALSE,FALSE,FALSE
"GENE0003","GENE0003_HUMAN","P06138","Protein GENE0003",-0.0227,0.209344,0.066019,1.1502,1.1803,3,5,FALSE,FALSE,FALSE
"GENE1992","GENE1992_HUMAN","P84273","Protein GENE1992",-0.5727,0.932746,0.407854,0.3273,0.3895,6,3,FALSE,FALSE,FALSE
"GENE1097","GENE1097_HUMAN","P94774","Protein GENE1097",0.5302,1,0.525368,0,0.2795,4,5,FALSE,TRUE,FALSE
"GPATCH3","GPATCH3_HUMAN","P62898","Protein GPATCH3",2.0602,0.200217,0.045874,0.7967,1.3384,6,2,TRUE,FALSE,TRUE
"GENE0901","GENE0901_HUMAN","P36439","Protein GENE0901",0.0953,0.99808,0.312768,0.0786,0.5048,3,4,FALSE,FALSE,FALSE
"GENE2406","GENE2406_HUMAN","P05282","Protein GENE2406",0.2834,1,0.489965,0,0.3098,6,4,FALSE,FALSE,FALSE
"GENE0190","GENE0190_HUMAN","P63315","Protein GENE0190",0.3628,1,0.709487,0,0.1491,5,3,TRUE,FALSE,FALSE
"GENE0272","GENE0272_HUMAN","P04934","Protein GENE0272",-0.7097,0.08541,0.037513,0.779,1.4258,2,6,TRUE,FALSE,TRUE
"GENE2167","GENE2167_HUMAN","P23827","Protein GENE2167",-0.2268,0.795076,0.789489,0,0.1027,5,4,FALSE,FALSE,FALSE
"GENE2308","GENE2308_HUMAN","P65275","Protein GENE2308",-0.2958,1,0.896478,0,0.0475,5,5,TRUE,FALSE,FALSE
"DDX5","DDX5_HUMAN","P69961","Protein DDX5",0.681,1,0.574699,0,0.2406,5,4,FALSE,FALSE,FALSE
"GENE1853","GENE1853_HUMAN","P24328","Protein GENE1853",0.0863,1,0.882112,0,0.0545,6,5,TRUE,FALSE,FALSE
"GENE1520","GENE1520_HUMAN","P85019","Protein GENE1520",0.5236,0.027749,0.005736,2.2409,2.2414,6,3,FALSE,TRUE,TRUE
"GENE0989","GENE0989_HUMAN","P65805","Protein GENE0989",0.7274,0.029684,0.015605,1.2676,1.8067,5,4,FALSE,FALSE,TRUE
"GENE1845","GENE1845_HUMAN","P34337","Protein GENE1845",-0.3895,1,0.328636,0.3119,0.4833,5,6,FALSE,FALSE,FALSE
"GENE0266","GENE0266_HUMAN","P13173","Protein GENE0266",0.3679,1,0.899211,0,0.0461,4,6,FALSE,FALSE,FALSE
"GENE0760","GENE0760_HUMAN","P19826","Protein GENE0760",2.7859,0.12043,0.044172,0.8493,1.3548,3,2,FALSE,FALSE,TRUE
"GENE1262","GENE1262_HUMAN","P72044","Protein GENE1262",0.2857,1,0.71225,0,0.1474,3,2,FALSE,FALSE,FALSE
"GENE1874","GENE1874_HUMAN","P29565","Protein GENE1874",-0.1964,1,0.828608,0,0.0817,4,2,FALSE,FALSE,FALSE
"GENE1364","GENE1364_HUMAN","P64566","Protein GENE1364",1.717,0.103075,0.044465,0.8146,1.352,2,3,FALSE,FALSE,TRUE
"GENE1574","GENE1574_HUMAN","P33043","Protein GENE1574",1.0095,0.101717,0.022151,1.0266,1.6546,5,4,FALSE,FALSE,TRUE
"GENE1484","GENE1484_HUMAN","P19432","Protein GENE1484",-0.1316,1,0.57257,0.0794,0.2422,3,4,FALSE,FALSE,FALSE
"GENE2652","GENE2652_HUMAN","P82891","Protein GENE2652",0.0655,1,0.308176,0.3302,0.5112,2,5,TRUE,FALSE,FALSE
"GENE2486","GENE2486_HUMAN","P64661","Protein GENE2486",-0.5013,0.484523,0.450244,0.1881,0.3466,6,3,FALSE,FALSE,FALSE
"GENE2099","GENE2099_HUMAN","P10137","Protein GENE2099",-0.4432,1,0.604428,0,0.2187,3,3,TRUE,FALSE,FALSE
"GENE1842","GENE1842_HUMAN","P33142","Protein GENE1842",0.1765,1,0.740408,0,0.1305,6,5,TRUE,FALSE,FALSE
"GENE0341","GENE0341_HUMAN","P09038","Protein GENE0341",0.1526,1,0.423162,0,0.3735,5,6,FALSE,FALSE,FALSE
"GENE1172","GENE1172_HUMAN","P19005","Protein GENE1172",0.3016,0.892577,0.332868,0.3525,0.4777,2,3,FALSE,FALSE,FALSE
"GENE1506","GENE1506_HUMAN","P40663","Protein GENE1506",-3.1586,0.087028,0.018508,1.1412,1.7326,2,4,FALSE,FALSE,TRUE
"GENE2021","GENE2021_HUMAN","P52345","Protein GENE2021",0.0018,0.746509,0.473792,0,0.3244,4,4,FALSE,FALSE,FALSE
"GENE0332","GENE0332_HUMAN","P07255","Protein GENE0332",-0.1824,0.759357,0.416633,0,0.3802,5,4,FALSE,FALSE,FALSE
"GENE2620","GENE2620_HUMAN","P60078","Protein GENE2620",0.0213,1,0.838343,0,0.0766,5,2,FALSE,FALSE,FALSE
"GENE0957","GENE0957_HUMAN","P05913","Protein GENE0957",0.1245,1,0.605329,0.0272,0.218,6,4,FALSE,FALSE,FALSE
"GENE2324","GENE2324_HUMAN","P12250","Protein GENE2324",0.1053,0.986952,0.934458,0,0.0294,6,4,FALSE,FALSE,FALSE
"GENE0884","GENE0884_HUMAN","P83600","Protein GENE0884",-0.0579,0.638542,0.443163,0,0.3534,4,4,FALSE,FALSE,FALSE
"GENE0283","GENE0283_HUMAN","P73958","Protein GENE0283",0.1913,1,0.534984,0,0.2717,3,4,FALSE,FALSE,FALSE
"GENE1306","GENE1306_HUMAN","P19138","Protein GENE1306",-0.1933,1,0.44289,0,0.3537,2,3,TRUE,FALSE,FALSE
"GENE2312","GENE2312_HUMAN","P81386","Protein GENE2312",-0.0783,1,0.89121,0,0.05,3,5,FALSE,FALSE,FALSE
"GENE0806","GENE0806_HUMAN","P86159","Protein GENE0806",-0.5026,0.223112,0.080171,0.4976,1.096,5,4,FALSE,FALSE,FALSE
"GENE1037","GENE1037_HUMAN","P03228","Protein GENE1037",0.949,1,0.856343,0,0.0674,4,6,FALSE,FALSE,FALSE
"GENE0759","GENE0759_HUMAN","P38067","Protein GENE0759",-0.0495,1,0.755756,0,0.1216,2,4,TRUE,FALSE,FALSE
"GENE1215","GENE1215_HUMAN","P01525","Protein GENE1215",2.6357,0.035077,0.02614,0.9753,1.5827,6,6,FALSE,FALSE,TRUE
"GENE1656","GENE1656_HUMAN","P97006","Protein GENE1656",-3.8206,0.079458,0.030904,1.3693,1.51,6,2,FALSE,TRUE,TRUE
"GENE1387","GENE1387_HUMAN","P26396","Protein GENE1387",0.5586,0.62189,0.30924,0,0.5097,4,5,FALSE,FALSE,FALSE
"GENE0597","GENE0597_HUMAN","P72114","Protein GENE0597",-0.1747,1,0.70168,0,0.1539,5,2,FALSE,FALSE,FALSE
"GENE1519","GENE1519_HUMAN","P06384","Protein GENE1519",-0.0886,1,0.795352,0,0.0994,6,3,TRUE,FALSE,FALSE
"GENE1451","GENE1451_HUMAN","P12340","Protein GENE1451",-0.0862,1,0.471573,0,0.3265,6,2,FALSE,FALSE,FALSE
"GENE0255","GENE0255_HUMAN","P21325","Protein GENE0255",0.3772,1,0.679068,0,0.1681,4,3,FALSE,FALSE,FALSE
"GENE1159","GENE1159_HUMAN","P83344","Protein GENE1159",-0.0527,1,0.828709,0,0.0816,5,2,TRUE,FALSE,FALSE
"GENE0485","GENE0485_HUMAN","P30263","Protein GENE0485",-0.4317,0.783479,0.529615,0.2055,0.276,4,6,FALSE,TRUE,FALSE
"GENE0158","GENE0158_HUMAN","P64211","Protein GENE0158",0.237,1,0.647625,0,0.1887,3,3,TRUE,FALSE,FALSE
"GENE2393","GENE2393_HUMAN","P28367","Protein GENE2393",-0.7649,1,0.980999,0,0.0083,3,3,FALSE,TRUE,FALSE
"GENE0531","GENE0531_HUMAN","P63821","Protein GENE0531",-0.1044,1,0.951275,0,0.0217,3,3,FALSE,FALSE,FALSE
"GENE0745","GENE0745_HUMAN","P15823","Protein GENE0745",-0.576,0.616092,0.458597,0,0.3386,4,3,FALSE,TRUE,FALSE
"GENE0081","GENE0081_HUMAN","P20799","Protein GENE0081",-0.4046,0.748944,0.17121,0.2264,0.7665,2,3,FALSE,FALSE,FALSE
"GENE1054","GENE1054_HUMAN","P45284","Protein GENE1054",-0.5177,0.332399,0.105898,0.9151,0.9751,4,5,FALSE,FALSE,FALSE
"GENE0346","GENE0346_HUMAN","P76848","Protein GENE0346",0.5157,0.619102,0.596274,0.0353,0.2246,6,6,FALSE,FALSE,FALSE
"GENE2136","GENE2136_HUMAN","P36142","Protein GENE2136",-0.5493,1,0.300378,0,0.5223,5,2,FALSE,FALSE,FALSE
"GENE0788","GENE0788_HUMAN","P86409","Protein GENE0788",0.1183,1,0.578879,0,0.2374,5,2,FALSE,FALSE,FALSE
"GENE0278","GENE0278_HUMAN","P29171","Protein GENE0278",0.3366,0.506377,0.499616,0,0.3014,2,3,TRUE,FALSE,FALSE
"GENE0409","GENE0409_HUMAN","P10659","Protein GENE0409",-3.0723,0.084027,0.03761,1.2762,1.4247,2,6,FALSE,FALSE,TRUE
"GENE2304","GENE2304_HUMAN","P90550","Protein GENE2304",-0.6868,1,0.834413,0,0.0786,2,3,TRUE,FALSE,FALSE
"GENE1885","GENE1885_HUMAN","P96924","Protein GENE1885",2.0797,0.092997,0.024919,1.5754,1.6035,3,4,FALSE,FALSE,TRUE
"GENE0389","GENE0389_HUMAN","P65726","Protein GENE0389",0.1066,1,0.894944,0,0.0482,6,4,FALSE,FALSE,FALSE
"GENE1006","GENE1006_HUMAN","P83900","Protein GENE1006",0.2617,1,0.709567,0,0.149,5,4,FALSE,FALSE,FALSE
"GENE2689","GENE2689_HUMAN","P55073","Protein GENE2689",0.1077,1,0.819479,0,0.0865,2,5,FALSE,FALSE,FALSE
"GENE0741","GENE0741_HUMAN","P80299","Protein GENE0741",-0.1033,0.960611,0.54478,0,0.2638,3,6,TRUE,FALSE,FALSE
"GENE2145","GENE2145_HUMAN","P44096","Protein GENE2145",-0.0634,1,0.321215,0.0427,0.4932,6,3,FALSE,FALSE,FALSE
"GENE2452","GENE2452_HUMAN","P47021","Protein GENE2452",0.3671,1,0.914869,0,0.0386,6,2,FALSE,FALSE,FALSE
"GENE2146","GENE2146_HUMAN","P64261","Protein GENE2146",0.0487,0.413329,0.104879,0.8199,0.9793,4,5,FALSE,FALSE,FALSE
"GENE1923","GENE1923_HUMAN","P85620","Protein GENE1923",0.5828,1,0.696354,0,0.1572,2,3,FALSE,FALSE,FALSE
"GENE0084","GENE0084_HUMAN","P82259","Protein GENE0084",0.5346,0.150083,0.038475,0.8567,1.4148,4,4,FALSE,FALSE,TRUE
"GENE1222","GENE1222_HUMAN","P89629","Protein GENE1222",-0.1815,1,0.879107,0,0.056,6,4,FALSE,FALSE,FALSE
"GENE2737","GENE2737_HUMAN","P45943","Protein GENE2737",0.0359,1,0.814428,0,0.0891,2,5,FALSE,FALSE,FALSE
"GENE2834","GENE2834_HUMAN","P70015","Protein GENE2834",-0.3428,0.684696,0.137377,0.2501,0.8621,6,4,FALSE,FALSE,FALSE
"GENE0656","GENE0656_HUMAN","P46797","Protein GENE0656",-0.1455,0.462741,0.285388,0.1221,0.5446,3,5,FALSE,FALSE,FALSE
"GENE2665","GENE2665_HUMAN","P95078","Protein GENE2665",-0.1453,0.430315,0.217203,0.2841,0.6631,4,5,FALSE,FALSE,FALSE
"GENE1968","GENE1968_HUMAN","P17850","Protein GENE1968",-0.3587,0.353259,0.142299,0.6114,0.8468,4,4,FALSE,FALSE,FALSE
"GENE1707","GENE1707_HUMAN","P48513","Protein GENE1707",-0.4105,1,0.300148,0,0.5227,2,2,TRUE,FALSE,FALSE
"GENE2670","GENE2670_HUMAN","P15137","Protein GENE2670",-1.427,0.09298,0.019974,1.2041,1.6995,6,3,FALSE,FALSE,TRUE
"GENE1432","GENE1432_HUMAN","P32472","Protein GENE1432",-1.0553,0.094222,0.066185,0.561,1.1792,3,4,FALSE,FALSE,FALSE
"GENE0817","GENE0817_HUMAN","P31692","Protein GENE0817",0.9557,1,0.690571,0,0.1608,5,3,FALSE,FALSE,FALSE
"GENE0823","GENE0823_HUMAN","P32081","Protein GENE0823",-0.8893,1,0.538186,0,0.2691,4,5,FALSE,FALSE,FALSE
"GENE0529","GENE0529_HUMAN","P35407","Protein GENE0529",-0.9081,0.058311,0.017631,1.4254,1.7537,6,3,FALSE,FALSE,TRUE
"GENE2562","GENE2562_HUMAN","P23912","Protein GENE2562",0.3417,0.878625,0.233701,0.2576,0.6313,3,5,FALSE,FALSE,FALSE
"GENE2027","GENE2027_HUMAN","P66823","Protein GENE2027",0.3957,1,0.643209,0,0.1916,4,6,FALSE,FALSE,FALSE
"GENE2173","GENE2173_HUMAN","P66944","Protein GENE2173",2.3115,0.080284,0.016544,1.1122,1.7814,6,6,TRUE,FALSE,TRUE
"GENE0907","GENE0907_HUMAN","P62498","Protein GENE0907",0.5289,1,0.377397,0,0.4232,2,6,FALSE,FALSE,FALSE
"GENE1832","GENE1832_HUMAN","P02017","Protein GENE1832",0.5021,0.292105,0.148293,0.2684,0.8289,2,6,TRUE,FALSE,FALSE
"GENE0466","GENE0466_HUMAN","P38397","Protein GENE0466",-0.5506,0.15936,0.047509,0.6639,1.3232,5,5,FALSE,FALSE,TRUE
"GENE1588","GENE1588_HUMAN","P95892","Protein GENE1588",0.4425,1,0.767971,0.036,0.1147,5,4,FALSE,FALSE,FALSE
"GENE2206","GENE2206_HUMAN","P64625","Protein GENE2206",-0.1924,1,0.476038,0,0.3224,4,4,FALSE,FALSE,FALSE
"GENE2700","GENE2700_HUMAN","P25992","Protein GENE2700",-0.642,0.928627,0.239904,0,0.62,6,4,FALSE,FALSE,FALSE
"GENE1600","GENE1600_HUMAN","P85332","Protein GENE1600",-0.366,1,0.476782,0,0.3217,6,6,FALSE,FALSE,FALSE
"GENE0019","GENE0019_HUMAN","P62316","Protein GENE0019",-0.2125,1,0.930792,0,0.0311,5,6,FALSE,FALSE,FALSE
"GENE2870","GENE2870_HUMAN","P08673","Protein GENE2870",0.6365,1,0.655771,0,0.1832,5,4,FALSE,FALSE,FALSE
"GENE2900","GENE2900_HUMAN","P54093","Protein GENE2900",-0.6585,1,0.477851,0.1522,0.3207,6,2,FALSE,FALSE,FALSE
"GENE2060","GENE2060_HUMAN","P69093","Protein GENE2060",0.0109,0.128319,0.083602,0.8897,1.0778,5,6,TRUE,FALSE,FALSE
"GENE0286","GENE0286_HUMAN","P83439","Protein GENE0286",0.2769,1,0.484633,0.1561,0.3146,4,6,FALSE,FALSE,FALSE
"GENE2767","GENE2767_HUMAN","P37441","Protein GENE2767",-0.1422,1,0.648416,0,0.1881,2,5,FALSE,FALSE,FALSE
"GENE2856","GENE2856_HUMAN","P72791","Protein GENE2856",-0.5052,0.888691,0.467024,0,0.3307,4,2,FALSE,FALSE,FALSE
"GENE0109","GENE0109_HUMAN","P37829","Protein GENE0109",0.3272,0.807334,0.580845,0,0.2359,4,5,FALSE,FALSE,FALSE
"GENE1465","GENE1465_HUMAN","P65719","Protein GENE1465",0.7067,1,0.643758,0,0.1913,3,3,FALSE,FALSE,FALSE
"GENE2295","GENE2295_HUMAN","P80556","Protein GENE2295",-0.44,1,0.432529,0,0.364,4,2,TRUE,FALSE,FALSE
"GENE0254","GENE0254_HUMAN","P74455","Protein GENE0254",0.5771,0.026997,0.020548,1.3001,1.6872,4,5,FALSE,FALSE,TRUE
"GENE2050","GENE2050_HUMAN","P18873","Protein GENE2050",0.3813,0.681435,0.155717,0.3628,0.8077,2,5,FALSE,FALSE,FALSE
"GENE1191","GENE1191_HUMAN","P81587","Protein GENE1191",-0.3581,0.139313,0.127645,0.3916,0.894,2,4,FALSE,FALSE,FALSE
"GENE0316","GENE0316_HUMAN","P28152","Protein GENE0316",0.6327,1,0.348876,0,0.4573,5,6,FALSE,FALSE,FALSE
"GENE1363","GENE1363_HUMAN","P64797","Protein GENE1363",0.8857,0.697958,0.327445,0,0.4849,2,6,FALSE,FALSE,FALSE
"GENE2808","GENE2808_HUMAN","P48888","Protein GENE2808",-0.373,1,0.584271,0,0.2334,5,3,FALSE,TRUE,FALSE
"GENE0622","GENE0622_HUMAN","P56593","Protein GENE0622",0.1045,1,0.526317,0,0.2788,5,2,FALSE,FALSE,FALSE
"GENE1316","GENE1316_HUMAN","P14645","Protein GENE1316",-0.1301,0.120894,0.10221,0.5602,0.9905,6,6,FALSE,FALSE,FALSE
"GENE2721","GENE2721_HUMAN","P71255","Protein GENE2721",0.2357,0.575533,0.19722,0.2103,0.705,3,6,TRUE,FALSE,FALSE
"GENE0448","GENE0448_HUMAN","P02862","Protein GENE0448",0.4904,1,0.659954,0,0.1805,5,2,FALSE,FALSE,FALSE
"GENE1933","GENE1933_HUMAN","P35343","Protein GENE1933",-0.6279,1,0.763293,0,0.1173,2,3,FALSE,FALSE,FALSE
"GENE2749","GENE2749_HUMAN","P47260","Protein GENE2749",-0.3174,0.997851,0.504767,0,0.2969,2,4,FALSE,FALSE,FALSE
"GENE0294","GENE0294_HUMAN","P68183","Protein GENE0294",0.4576,0.160133,0.071626,0.8722,1.1449,6,3,FALSE,FALSE,FALSE
"GENE2079","GENE2079_HUMAN","P81550","Protein GENE2079",0.1566,1,0.620691,0,0.2071,3,5,FALSE,FALSE,FALSE
"GENE2174","GENE2174_HUMAN","P18831","Protein GENE2174",-3.443,0.043467,0.027064,1.5197,1.5676,2,4,FALSE,FALSE,TRUE
"GENE1087","GENE1087_HUMAN","P57163","Protein GENE1087",-0.6237,1,0.617731,0,0.2092,6,4,FALSE,TRUE,FALSE
"GENE0287","GENE0287_HUMAN","P70284","Protein GENE0287",-0.6476,1,0.957915,0,0.0187,5,5,FALSE,FALSE,FALSE
"GENE0793","GENE0793_HUMAN","P16972","Protein GENE0793",-2.8543,0.098759,0.043067,0.8584,1.3659,2,3,FALSE,FALSE,TRUE
"GENE0131","GENE0131_HUMAN","P40757","Protein GENE0131",0.6446,1,0.775127,0,0.1106,6,5,FALSE,FALSE,FALSE
"GENE1253","GENE1253_HUMAN","P85287","Protein GENE1253",0.6302,0.967699,0.285001,0,0.5452,3,6,FALSE,FALSE,FALSE
"GENE2722","GENE2722_HUMAN","P72587","Protein GENE2722",-0.6952,1,0.868802,0,0.0611,6,4,FALSE,FALSE,FALSE
"GENE1116","GENE1116_HUMAN","P21038","Protein GENE1116",1.023,1,0.482706,0,0.3163,5,4,FALSE,FALSE,FALSE
"GENE1132","GENE1132_HUMAN","P64944","Protein GENE1132",0.3803,0.723304,0.149807,0.3549,0.8245,5,2,FALSE,FALSE,FALSE
"GENE0635","GENE0635_HUMAN","P20931","Protein GENE0635",-0.1008,1,0.972431,0,0.0121,2,2,FALSE,FALSE,FALSE
"GENE0237","GENE0237_HUMAN","P03598","Protein GENE0237",0.2617,1,0.96107,0,0.0172,2,5,TRUE,FALSE,FALSE
"GENE0939","GENE0939_HUMAN","P08357","Protein GENE0939",0.0517,0.750612,0.453927,0,0.343,6,6,TRUE,FALSE,FALSE
"GENE1683","GENE1683_HUMAN","P03972","Protein GENE1683",0.011,0.200426,0.069036,0.6256,1.1609,3,2,FALSE,FALSE,FALSE
"GENE1424","GENE1424_HUMAN","P26170","Protein GENE1424",0.1658,0.480724,0.210693,0.2063,0.6764,3,2,FALSE,FALSE,FALSE
"GENE2876","GENE2876_HUMAN","P29312","Protein GENE2876",-0.0326,1,0.489068,0,0.3106,4,4,FALSE,FALSE,FALSE
"GENE2546","GENE2546_HUMAN","P38623","Protein GENE2546",0.0592,1,0.921473,0,0.0355,5,2,FALSE,FALSE,FALSE
"GENE0423","GENE0423_HUMAN","P83533","Protein GENE0423",-0.3737,1,0.873272,0,0.0589,3,2,FALSE,FALSE,FALSE
"GENE1282","GENE1282_HUMAN","P29336","Protein GENE1282",-0.0875,1,0.858923,0,0.066,2,5,FALSE,FALSE,FALSE
"GENE0179","GENE0179_HUMAN","P01970","Protein GENE0179",-0.1782,1,0.899037,0,0.0462,6,6,FALSE,FALSE,FALSE
"GENE1642","GENE1642_HUMAN","P89528","Protein GENE1642",-0.6372,1,0.284766,0.4653,0.5455,3,4,FALSE,FALSE,FALSE
"GENE1385","GENE1385_HUMAN","P01961","Protein GENE1385",0.4892,0.271948,0.149076,0.4122,0.8266,3,3,FALSE,FALSE,FALSE
"GENE1308","GENE1308_HUMAN","P08182","Protein GENE1308",-0.274,0.819734,0.545962,0.0077,0.2628,2,4,FALSE,FALSE,FALSE
"GENE2552","GENE2552_HUMAN","P20706","Protein GENE2552",-4.1565,0.06879,0.020817,1.0143,1.6816,4,4,FALSE,FALSE,TRUE
"GENE1237","GENE1237_HUMAN","P85824","Protein GENE1237",0.1657,1,0.591184,0,0.2283,6,4,FALSE,FALSE,FALSE
"GENE2742","GENE2742_HUMAN","P13179","Protein GENE2742",-0.5415,1,0.30232,0,0.5195,6,4,FALSE,TRUE,FALSE
"GENE2445","GENE2445_HUMAN","P19008","Protein GENE2445",0.615,0.833742,0.449451,0,0.3473,2,3,FALSE,FALSE,FALSE
"GENE1439","GENE1439_HUMAN","P96732","Protein GENE1439",-0.4623,1,0.833707,0,0.079,3,4,FALSE,FALSE,FALSE
"GENE1317","GENE1317_HUMAN","P49633","Protein GENE1317",-0.3622,0.386747,0.193538,0.4628,0.7132,5,6,FALSE,FALSE,FALSE
"GENE1725","GENE1725_HUMAN","P92752","Protein GENE1725",-0.3098,0.541462,0.155916,0.7876,0.8071,4,3,FALSE,TRUE,FALSE
"GENE0818","GENE0818_HUMAN","P80627","Protein GENE0818",-0.0753,1,0.659044,0,0.1811,3,5,FALSE,TRUE,FALSE
"GENE0859","GENE0859_HUMAN","P24361","Protein GENE0859",-0.5123,0.750228,0.213975,0.0191,0.6696,6,6,FALSE,FALSE,FALSE
"GENE2702","GENE2702_HUMAN","P23454","Protein GENE2702",-1.874,0.01562,0.006663,1.4774,2.1764,6,3,TRUE,FALSE,TRUE
"DHX9","DHX9_HUMAN","P85611","Protein DHX9",-0.2407,1,0.864776,0,0.0631,6,4,FALSE,FALSE,FALSE
"GENE2499","GENE2499_HUMAN","P69937","Protein GENE2499",0.4104,1,0.795259,0,0.0995,5,4,TRUE,FALSE,FALSE
"GENE0852","GENE0852_HUMAN","P80720","Protein GENE0852",-0.018,1,0.260112,0.4121,0.5848,2,2,FALSE,FALSE,FALSE
"GENE2631","GENE2631_HUMAN","P98875","Protein GENE2631",0.2871,1,0.6958,0,0.1575,2,3,FALSE,FALSE,FALSE
"GENE0013","GENE0013_HUMAN","P70744","Protein GENE0013",-0.2891,1,0.740312,0,0.1306,5,5,FALSE,TRUE,FALSE
"GENE2000","GENE2000_HUMAN","P56557","Protein GENE2000",-0.2671,1,0.490506,0,0.3094,4,5,FALSE,FALSE,FALSE
"GENE1552","GENE1552_HUMAN","P09590","Protein GENE1552",0.285,1,0.710096,0,0.1487,4,2,FALSE,FALSE,FALSE
"GENE2244","GENE2244_HUMAN","P01179","Protein GENE2244",-0.505,1,0.907879,0,0.042,3,5,FALSE,FALSE,FALSE
"GENE0487","GENE0487_HUMAN","P86461","Protein GENE0487",-0.2665,0.941893,0.189363,0.092,0.7227,4,4,FALSE,FALSE,FALSE
"GENE2748","GENE2748_HUMAN","P89694","Protein GENE2748",0.404,0.730669,0.199602,0.6699,0.6998,2,2,FALSE,FALSE,FALSE
"GENE1914","GENE1914_HUMAN","P73568","Protein GENE1914",0.3811,1,0.886351,0,0.0524,6,4,TRUE,FALSE,FALSE
"GENE2023","GENE2023_HUMAN","P23126","Protein GENE2023",2.3275,0.014409,0.005506,1.7905,2.2592,5,6,FALSE,FALSE,TRUE
"GENE2410","GENE2410_HUMAN","P33681","Protein GENE2410",2.5296,0.048491,0.014794,1.5196,1.8299,3,2,FALSE,FALSE,TRUE
"GENE1596","GENE1596_HUMAN","P76452","Protein GENE1596",-0.3608,0.266768,0.07919,0.6583,1.1013,2,3,FALSE,FALSE,FALSE
"GENE1858","GENE1858_HUMAN","P66705","Protein GENE1858",-0.6826,1,0.402925,0.218,0.3948,6,6,FALSE,FALSE,FALSE
"GENE2590","GENE2590_HUMAN","P80900","Protein GENE2590",-0.3175,1,0.913181,0,0.0394,5,2,TRUE,TRUE,FALSE
"GENE0954","GENE0954_HUMAN","P08790","Protein GENE0954",-0.1574,0.953254,0.274343,0,0.5617,6,4,TRUE,FALSE,FALSE
"GENE1541","GENE1541_HUMAN","P57413","Protein GENE1541",-0.3006,1,0.515769,0,0.2875,5,4,FALSE,FALSE,FALSE
"GENE0572","GENE0572_HUMAN","P82613","Protein GENE0572",0.4317,0.065807,0.064976,0.6788,1.1872,4,5,FALSE,FALSE,FALSE
"GENE2122","GENE2122_HUMAN","P75253","Protein GENE2122",0.2104,1,0.581361,0,0.2356,5,6,FALSE,FALSE,FALSE
"GENE0652","GENE0652_HUMAN","P42702","Protein GENE0652",-3.1995,0.087364,0.018633,1.2923,1.7297,6,3,FALSE,FALSE,TRUE
"GENE2497","GENE2497_HUMAN","P91802","Protein GENE2497",0.9053,1,0.313046,0,0.5044,5,2,FALSE,FALSE,FALSE
"GENE0919","GENE0919_HUMAN","P03909","Protein GENE0919",-0.0311,1,0.87118,0,0.0599,5,6,FALSE,FALSE,FALSE
"GENE2580","GENE2580_HUMAN","P91837","Protein GENE2580",0.3445,1,0.715847,0,0.1452,2,5,FALSE,TRUE,FALSE
"GENE1763","GENE1763_HUMAN","P94040","Protein GENE1763",0.1159,0.902241,0.214019,0.3927,0.6695,6,5,FALSE,FALSE,FALSE
"GENE1174","GENE1174_HUMAN","P15710","Protein GENE1174",0.0874,0.736213,0.218117,0.2243,0.6613,4,5,FALSE,FALSE,FALSE
"GENE0010","GENE0010_HUMAN","P34271","Protein GENE0010",0.6301,0.547387,0.147525,0.2626,0.8311,3,3,FALSE,FALSE,FALSE
"GENE1311","GENE1311_HUMAN","P58412","Protein GENE1311",-0.1814,1,0.426252,0,0.3703,4,6,FALSE,FALSE,FALSE
"GENE1928","GENE1928_HUMAN","P59719","Protein GENE1928",-0.0945,1,0.584223,0,0.2334,3,4,FALSE,FALSE,FALSE
"GENE0571","GENE0571_HUMAN","P48929","Protein GENE0571",-0.2521,1,0.90685,0,0.0425,6,5,FALSE,TRUE,FALSE
"GENE2419","GENE2419_HUMAN","P77092","Protein GENE2419",-0.2706,0.474986,0.251441,0,0.5996,6,3,FALSE,FALSE,FALSE
"PPP6R1","PPP6R1_HUMAN","P02847","Protein PPP6R1",0.4063,1,0.472995,0,0.3251,5,6,TRUE,FALSE,FALSE
"GENE2134","GENE2134_HUMAN","P32788","Protein GENE2134",0.2286,0.369492,0.1078,0.5022,0.9674,4,5,FALSE,FALSE,FALSE
"GENE1770","GENE1770_HUMAN","P78648","Protein GENE1770",0.0779,0.776463,0.662182,0,0.179,5,2,FALSE,FALSE,FALSE
"GENE2149","GENE2149_HUMAN","P44715","Protein GENE2149",-0.5565,1,0.27755,0.2603,0.5567,2,4,FALSE,FALSE,FALSE
"GENE1085","GENE1085_HUMAN","P10828","Protein GENE1085",2.0126,0.190266,0.046708,0.8073,1.3306,2,5,FALSE,FALSE,TRUE
"GENE0137","GENE0137_HUMAN","P71727","Protein GENE0137",0.0146,0.881225,0.483917,0,0.3152,3,6,FALSE,FALSE,FALSE
"SUGP1","SUGP1_HUMAN","P95766","Protein SUGP1",-0.336,1,0.940827,0,0.0265,2,5,FALSE,FALSE,FALSE
"GENE0898","GENE0898_HUMAN","P32115","Protein GENE0898",-3.2443,0.118728,0.043589,0.7602,1.3606,2,4,FALSE,FALSE,TRUE
"GENE2083","GENE2083_HUMAN","P92627","Protein GENE2083",0.4499,0.106183,0.084055,0.5044,1.0754,3,2,FALSE,TRUE,FALSE
"GENE2392","GENE2392_HUMAN","P77565","Protein GENE2392",0.0823,1,0.757751,0,0.1205,2,5,FALSE,FALSE,FALSE
"GENE1351","GENE1351_HUMAN","P06687","Protein GENE1351",0.9693,0.047067,0.010549,1.3808,1.9768,2,5,FALSE,TRUE,TRUE
"GENE1175","GENE1175_HUMAN","P18321","Protein GENE1175",0.3814,1,0.805327,0,0.094,2,2,FALSE,FALSE,FALSE
"GENE2310","GENE2310_HUMAN","P72976","Protein GENE2310",0.4134,0.470914,0.277281,0.3785,0.5571,3,6,FALSE,FALSE,FALSE
"GENE2533","GENE2533_HUMAN","P48649","Protein GENE2533",0.1161,0.510287,0.172512,0.2757,0.7632,6,4,FALSE,TRUE,FALSE
"GENE1995","GENE1995_HUMAN","P87172","Protein GENE1995",0.2615,1,0.509009,0.1783,0.2933,5,5,TRUE,FALSE,FALSE
"GENE1791","GENE1791_HUMAN","P24038","Protein GENE1791",0.2312,1,0.834857,0,0.0784,6,6,FALSE,FALSE,FALSE
"GENE1687","GENE1687_HUMAN","P76136","Protein GENE1687",-2.5951,0.041695,0.026854,1.148,1.571,4,6,FALSE,FALSE,TRUE
"GENE1549","GENE1549_HUMAN","P31098","Protein GENE1549",0.7799,1,0.253599,0.3954,0.5959,5,4,FALSE,FALSE,FALSE
"GENE0391","GENE0391_HUMAN","P23350","Protein GENE0391",-0.4099,1,0.570851,0,0.2435,6,6,FALSE,FALSE,FALSE
"GENE1518","GENE1518_HUMAN","P22341","Protein GENE1518",-0.1075,1,0.293887,0,0.5318,6,5,FALSE,FALSE,FALSE
"GENE1961","GENE1961_HUMAN","P84642","Protein GENE1961",-0.0579,1,0.752437,0,0.1235,2,2,FALSE,FALSE,FALSE
"GENE1816","GENE1816_HUMAN","P86950","Protein GENE1816",-0.2126,1,0.822338,0,0.0849,2,3,FALSE,TRUE,FALSE
"GENE0620","GENE0620_HUMAN","P20740","Protein GENE0620",0.0724,0.947821,0.548149,0,0.2611,5,6,FALSE,FALSE,FALSE
"GENE1468","GENE1468_HUMAN","P88490","Protein GENE1468",0.8345,1,0.565917,0,0.2472,6,4,FALSE,FALSE,FALSE
"GENE1329","GENE1329_HUMAN","P49375","Protein GENE1329",1.3669,0.057454,0.019019,1.0239,1.7208,4,5,FALSE,FALSE,TRUE
"GENE2513","GENE2513_HUMAN","P46512","Protein GENE2513",0.0137,0.88638,0.289997,0.0946,0.5376,5,6,FALSE,FALSE,FALSE
"GENE2367","GENE2367_HUMAN","P05421","Protein GENE2367",0.7515,1,0.817386,0,0.0876,6,6,TRUE,FALSE,FALSE
"GENE1976","GENE1976_HUMAN","P36899","Protein GENE1976",-0.6812,1,0.305271,0.1565,0.5153,4,3,FALSE,TRUE,FALSE
"GENE1324","GENE1324_HUMAN","P45560","Protein GENE1324",0.0302,1,0.772844,0,0.1119,3,2,FALSE,FALSE,FALSE
"GENE0993","GENE0993_HUMAN","P51254","Protein GENE0993",0.5867,1,0.727219,0,0.1383,3,5,FALSE,FALSE,FALSE
"GENE2235","GENE2235_HUMAN","P32693","Protein GENE2235",-0.0066,0.389937,0.326104,0.0911,0.4866,2,5,FALSE,FALSE,FALSE
"GENE1657","GENE1657_HUMAN","P99434","Protein GENE1657",-3.773,0.083704,0.029776,0.9222,1.5261,3,3,FALSE,FALSE,TRUE
"GENE0765","GENE0765_HUMAN","P42202","Protein GENE0765",2.1323,0.00551,0.00134,2.3845,2.8728,6,5,FALSE,TRUE,TRUE
"GENE0771","GENE0771_HUMAN","P78185","Protein GENE0771",-0.1624,0.467089,0.127034,0.7709,0.8961,3,3,FALSE,FALSE,FALSE
"GENE1876","GENE1876_HUMAN","P79437","Protein GENE1876",0.8484,0.001709,0.000498,3.2712,3.3024,2,4,TRUE,FALSE,TRUE
"GENE1395","GENE1395_HUMAN","P86970","Protein GENE1395",0.2692,1,0.746736,0,0.1268,3,2,FALSE,TRUE,FALSE
"GENE0277","GENE0277_HUMAN","P24363","Protein GENE0277",-0.5133,1,0.377352,0,0.4233,3,5,FALSE,FALSE,FALSE
"GENE2334","GENE2334_HUMAN","P27814","Protein GENE2334",-2.3579,0.03801,0.021347,1.3069,1.6707,4,2,FALSE,FALSE,TRUE
"GENE1415","GENE1415_HUMAN","P39083","Protein GENE1415",-0.0129,1,0.338087,0,0.471,4,2,FALSE,FALSE,FALSE
"GENE0991","GENE0991_HUMAN","P93185","Protein GENE0991",-0.1247,0.439335,0.163341,0.4226,0.7869,6,5,FALSE,FALSE,FALSE
"GENE1252","GENE1252_HUMAN","P52954","Protein GENE1252",3.0212,0.167003,0.039305,0.8161,1.4056,5,3,TRUE,FALSE,TRUE
"GENE1260","GENE1260_HUMAN","P32059","Protein GENE1260",0.3168,0.24627,0.078084,0.5048,1.1074,3,2,FALSE,FALSE,FALSE
"GENE2892","GENE2892_HUMAN","P62188","Protein GENE2892",0.3096,1,0.516941,0.2821,0.2866,5,4,FALSE,FALSE,FALSE
"GENE2684","GENE2684_HUMAN","P91064","Protein GENE2684",-0.5303,1,0.907784,0,0.042,4,3,TRUE,FALSE,FALSE
"GENE2042","GENE2042_HUMAN","P88467","Protein GENE2042",0.4695,1,0.508335,0,0.2939,6,4,FALSE,FALSE,FALSE
"GENE2811","GENE2811_HUMAN","P87613","Protein GENE2811",-0.9985,1,0.984701,0,0.0067,3,2,FALSE,FALSE,FALSE
"LARP4","LARP4_HUMAN","P17246","Protein LARP4",0.7511,1,0.635411,0,0.1969,5,3,TRUE,FALSE,FALSE
"GENE0270","GENE0270_HUMAN","P94832","Protein GENE0270",0.2173,1,0.838468,0,0.0765,2,3,FALSE,FALSE,FALSE
"GENE1736","GENE1736_HUMAN","P10604","Protein GENE1736",-0.2097,0.95467,0.336518,0,0.473,5,4,FALSE,FALSE,FALSE
"GENE0997","GENE0997_HUMAN","P19372","Protein GENE0997",0.2388,1,0.973771,0,0.0115,6,5,FALSE,FALSE,FALSE
"GENE0434","GENE0434_HUMAN","P47631","Protein GENE0434",0.0758,1,0.574954,0,0.2404,3,4,FALSE,FALSE,FALSE
"GENE1178","GENE1178_HUMAN","P47068","Protein GENE1178",-0.5024,1,0.552467,0,0.2577,5,5,FALSE,FALSE,FALSE
"GENE2691","GENE2691_HUMAN","P07151","Protein GENE2691",0.4568,1,0.969618,0,0.0134,5,3,FALSE,FALSE,FALSE
"GENE1521","GENE1521_HUMAN","P16908","Protein GENE1521",0.3431,1,0.965877,0,0.0151,6,2,FALSE,FALSE,FALSE
"GENE2169","GENE2169_HUMAN","P10422","Protein GENE2169",0.2104,0.8172,0.287103,0.0512,0.542,4,3,FALSE,FALSE,FALSE
"GENE0085","GENE0085_HUMAN","P86273","Protein GENE0085",0.1695,0.902706,0.706638,0,0.1508,2,5,FALSE,FALSE,FALSE
"GENE2873","GENE2873_HUMAN","P01023","Protein GENE2873",-0.6647,0.94432,0.281087,0.0017,0.5512,2,2,TRUE,FALSE,FALSE
"GENE2725","GENE2725_HUMAN","P25079","Protein GENE2725",-3.8313,0.108506,0.025966,0.9916,1.5856,4,3,FALSE,FALSE,TRUE
"GENE2570","GENE2570_HUMAN","P50435","Protein GENE2570",-0.0939,0.888821,0.508814,0.1972,0.2934,2,4,FALSE,FALSE,FALSE
"GENE1374","GENE1374_HUMAN","P14459","Protein GENE1374",0.1281,1,0.544523,0,0.264,5,3,TRUE,FALSE,FALSE
"GENE0858","GENE0858_HUMAN","P62174","Protein GENE0858",-0.2805,1,0.63479,0,0.1974,6,2,FALSE,FALSE,FALSE
"GENE2195","GENE2195_HUMAN","P91472","Protein GENE2195",0.0695,0.581634,0.157276,0.4061,0.8033,4,2,TRUE,FALSE,FALSE
"GENE2152","GENE2152_HUMAN","P13662","Protein GENE2152",-0.1873,1,0.90536,0,0.0432,4,5,FALSE,FALSE,FALSE
"GENE1104","GENE1104_HUMAN","P32608","Protein GENE1104",0.1259,1,0.357048,0.0861,0.4473,4,5,FALSE,FALSE,FALSE
"GENE1728","GENE1728_HUMAN","P95814","Protein GENE1728",3.6781,0.148344,0.034512,1,1.462,3,6,TRUE,FALSE,TRUE
"GENE2175","GENE2175_HUMAN","P21215","Protein GENE2175",0.3854,0.763087,0.421271,0,0.3754,5,2,FALSE,FALSE,FALSE
"GENE1047","GENE1047_HUMAN","P19333","Protein GENE1047",0.0579,1,0.983432,0,0.0073,3,6,FALSE,FALSE,FALSE
"GENE2453","GENE2453_HUMAN","P68141","Protein GENE2453",-0.0358,1,0.31682,0.1664,0.4992,6,6,FALSE,FALSE,FALSE
"GENE0943","GENE0943_HUMAN","P53974","Protein GENE0943",0.2802,0.908473,0.235347,0,0.6283,2,4,TRUE,FALSE,FALSE
"GENE2227","GENE2227_HUMAN","P29411","Protein GENE2227",-0.5549,0.126606,0.091216,0.9397,1.0399,6,3,FALSE,FALSE,FALSE
"GENE0172","GENE0172_HUMAN","P43363","Protein GENE0172",0.2007,0.979273,0.273455,0.1443,0.5631,6,2,TRUE,FALSE,FALSE
"GENE2242","GENE2242_HUMAN","P26288","Protein GENE2242",0.0259,0.330901,0.175142,0.0834,0.7566,5,3,FALSE,FALSE,FALSE
"GENE0740","GENE0740_HUMAN","P31126","Protein GENE0740",-0.2212,0.772918,0.174853,0.6785,0.7573,6,5,FALSE,FALSE,FALSE
"GENE0232","GENE0232_HUMAN","P32467","Protein GENE0232",0.1178,0.378406,0.20628,0.5233,0.6855,3,5,FALSE,FALSE,FALSE
"GENE2745","GENE2745_HUMAN","P91599","Protein GENE2745",-0.4775,0.656595,0.569753,0,0.2443,6,2,FALSE,FALSE,FALSE
"GENE0011","GENE0011_HUMAN","P05042","Protein GENE0011",-0.3274,0.24129,0.148505,0.3615,0.8283,2,6,TRUE,FALSE,FALSE
"GENE0592","GENE0592_HUMAN","P11961","Protein GENE0592",-0.4102,1,0.599742,0.1565,0.222,5,2,FALSE,FALSE,FALSE
"GENE1805","GENE1805_HUMAN","P89914","Protein GENE1805",0.7431,0.716463,0.433443,0.21,0.3631,3,5,FALSE,FALSE,FALSE
"GENE1288","GENE1288_HUMAN","P96934","Protein GENE1288",0.4469,0.95942,0.504665,0,0.297,2,6,FALSE,FALSE,FALSE
"GENE0550","GENE0550_HUMAN","P73849","Protein GENE0550",-0.1719,1,0.344286,0.085,0.4631,3,3,FALSE,FALSE,FALSE
"GENE0264","GENE0264_HUMAN","P53922","Protein GENE0264",-0.2285,1,0.98064,0,0.0085,5,4,FALSE,FALSE,FALSE
"GENE0222","GENE0222_HUMAN","P95892","Protein GENE0222",0.3317,1,0.871074,0,0.0599,6,6,FALSE,FALSE,FALSE
"GENE0832","GENE0832_HUMAN","P69655","Protein GENE0832",-0.4705,0.346454,0.18315,0.6862,0.7372,4,5,FALSE,TRUE,FALSE
"GENE1437","GENE1437_HUMAN","P38706","Protein GENE1437",1.8848,0.03392,0.021405,1.1718,1.6695,5,4,FALSE,FALSE,TRUE
"GENE1561","GENE1561_HUMAN","P82715","Protein GENE1561",0.0218,1,0.414799,0,0.3822,4,4,FALSE,FALSE,FALSE
"GENE0935","GENE0935_HUMAN","P99656","Protein GENE0935",0.2695,0.603872,0.224438,0.1217,0.6489,4,6,FALSE,FALSE,FALSE
"GENE0381","GENE0381_HUMAN","P00408","Protein GENE0381",-0.7617,1,0.44378,0.0325,0.3528,6,5,FALSE,FALSE,FALSE
"GENE0641","GENE0641_HUMAN","P76312","Protein GENE0641",-0.3769,0.175377,0.087299,0.4496,1.059,5,5,FALSE,FALSE,FALSE
"GENE1074","GENE1074_HUMAN","P74693","Protein GENE1074",0.0106,1,0.76306,0,0.1174,5,6,FALSE,FALSE,FALSE
"GENE2563","GENE2563_HUMAN","P86944","Protein GENE2563",0.1781,1,0.506622,0,0.2953,4,4,FALSE,FALSE,FALSE
"GENE1365","GENE1365_HUMAN","P53976","Protein GENE1365",-0.1665,0.306286,0.110656,0.4911,0.956,6,5,FALSE,TRUE,FALSE
"GENE0976","GENE0976_HUMAN","P79568","Protein GENE0976",0.0024,0.416957,0.156947,0.724,0.8042,5,5,FALSE,FALSE,FALSE
"GENE2594","GENE2594_HUMAN","P46095","Protein GENE2594",-0.3251,1,0.641957,0,0.1925,6,6,FALSE,FALSE,FALSE
"GENE0408","GENE0408_HUMAN","P58890","Protein GENE0408",-0.5306,1,0.618485,0,0.2087,3,3,FALSE,FALSE,FALSE
"GENE0098","GENE0098_HUMAN","P98137","Protein GENE0098",-0.3223,0.993314,0.439257,0,0.3573,6,2,FALSE,FALSE,FALSE
"GENE2618","GENE2618_HUMAN","P28850","Protein GENE2618",-4.2236,0.069231,0.032884,1.1652,1.483,2,6,FALSE,FALSE,TRUE
"GENE1014","GENE1014_HUMAN","P78220","Protein GENE1014",2.2005,0.025982,0.00579,1.6112,2.2373,4,6,FALSE,FALSE,TRUE
"GENE1378","GENE1378_HUMAN","P08059","Protein GENE1378",0.4347,0.171854,0.077053,0.4948,1.1132,6,3,FALSE,FALSE,FALSE
"GENE1131","GENE1131_HUMAN","P86751","Protein GENE1131",-0.679,1,0.567466,0,0.2461,5,6,FALSE,FALSE,FALSE
"GENE0486","GENE0486_HUMAN","P70373","Protein GENE0486",0.3568,1,0.543741,0,0.2646,5,3,FALSE,FALSE,FALSE
"GENE1438","GENE1438_HUMAN","P47268","Protein GENE1438",-0.0883,1,0.627659,0.0563,0.2023,3,3,FALSE,TRUE,FALSE
"GENE0429","GENE0429_HUMAN","P94807","Protein GENE0429",0.058,1,0.871177,0,0.0599,2,3,FALSE,FALSE,FALSE
"GENE1501","GENE1501_HUMAN","P40586","Protein GENE1501",3.8653,0.025393,0.021235,1.033,1.673,3,5,FALSE,FALSE,TRUE
"GENE2072","GENE2072_HUMAN","P77108","Protein GENE2072",0.4194,0.472262,0.288039,0.0894,0.5405,2,3,FALSE,FALSE,FALSE
"GENE2825","GENE2825_HUMAN","P31710","Protein GENE2825",-0.5515,1,0.52425,0.0658,0.2805,6,3,TRUE,TRUE,FALSE
"GENE2777","GENE2777_HUMAN","P56737","Protein GENE2777",-4.4707,0.090496,0.01873,1.581,1.7275,2,6,FALSE,FALSE,TRUE
"GENE2313","GENE2313_HUMAN","P85368","Protein GENE2313",-0.0264,1,0.554339,0,0.2562,6,6,FALSE,FALSE,FALSE
"GENE0364","GENE0364_HUMAN","P93929","Protein GENE0364",-0.7308,1,0.235993,0,0.6271,2,2,FALSE,FALSE,FALSE
"GENE0040","GENE0040_HUMAN","P09191","Protein GENE0040",-0.1282,0.396969,0.118207,0.2516,0.9274,6,4,FALSE,FALSE,FALSE
"GENE0031","GENE0031_HUMAN","P35159","Protein GENE0031",0.0513,1,0.996637,0,0.0015,4,3,FALSE,FALSE,FALSE
"GENE0289","GENE0289_HUMAN","P85070","Protein GENE0289",-0.5978,0.91387,0.636104,0,0.1965,5,2,TRUE,FALSE,FALSE
"GENE1167","GENE1167_HUMAN","P83927","Protein GENE1167",2.0625,0.006084,0.003462,2.0699,2.4606,6,6,FALSE,FALSE,TRUE
"GENE0247","GENE0247_HUMAN","P86742","Protein GENE0247",4.1794,0.048807,0.010946,1.288,1.9608,3,5,FALSE,FALSE,TRUE
"GENE0803","GENE0803_HUMAN","P63512","Protein GENE0803",0.3349,1,0.62447,0,0.2045,5,5,FALSE,FALSE,FALSE
"GENE2455","GENE2455_HUMAN","P30270","Protein GENE2455",0.1728,1,0.88381,0,0.0536,3,5,FALSE,FALSE,FALSE
"GENE0405","GENE0405_HUMAN","P44764","Protein GENE0405",0.0786,0.427867,0.162733,0.234,0.7885,2,3,FALSE,FALSE,FALSE
"GENE1633","GENE1633_HUMAN","P17217","Protein GENE1633",0.1167,0.517105,0.473695,0,0.3245,6,2,FALSE,FALSE,FALSE
"GENE2720","GENE2720_HUMAN","P24793","Protein GENE2720",-0.1037,0.504408,0.345694,0.1045,0.4613,5,3,FALSE,FALSE,FALSE
"GENE0987","GENE0987_HUMAN","P01406","Protein GENE0987",-2.0461,0.011622,0.00403,2.0051,2.3947,4,4,FALSE,FALSE,TRUE
"GENE0022","GENE0022_HUMAN","P80104","Protein GENE0022",0.4767,0.783534,0.228472,0,0.6412,3,2,FALSE,FALSE,FALSE
"GENE1164","GENE1164_HUMAN","P81206","Protein GENE1164",0.1873,1,0.678446,0,0.1685,4,4,FALSE,FALSE,FALSE
"GENE0187","GENE0187_HUMAN","P05912","Protein GENE0187",-0.0559,1,0.253965,0.327,0.5952,2,5,TRUE,FALSE,FALSE
"GENE1830","GENE1830_HUMAN","P65681","Protein GENE1830",-0.54,0.749726,0.467418,0,0.3303,2,5,FALSE,FALSE,FALSE
"GENE0281","GENE0281_HUMAN","P75397","Protein GENE0281",0.0907,1,0.83039,0,0.0807,6,4,FALSE,FALSE,FALSE
"GENE0703","GENE0703_HUMAN","P26709","Protein GENE0703",-3.2688,0.082115,0.020394,1.4984,1.6905,4,5,FALSE,FALSE,TRUE
"GENE2403","GENE2403_HUMAN","P73945","Protein GENE2403",-0.0967,1,0.265102,0.1239,0.5766,4,6,FALSE,FALSE,FALSE
"GENE2197","GENE2197_HUMAN","P97585","Protein GENE2197",-0.1584,1,0.563852,0,0.2488,3,2,FALSE,FALSE,FALSE
"GENE1958","GENE1958_HUMAN","P34806","Protein GENE1958",-4.3288,0.021619,0.008526,1.7639,2.0693,3,3,TRUE,FALSE,TRUE
"GENE2106","GENE2106_HUMAN","P69760","Protein GENE2106",0.2225,1,0.796785,0,0.0987,3,6,FALSE,FALSE,FALSE
"GENE0801","GENE0801_HUMAN","P61744","Protein GENE0801",0.4448,1,0.646154,0,0.1897,5,2,FALSE,FALSE,FALSE
"GENE2349","GENE2349_HUMAN","P20976","Protein GENE2349",-0.2019,1,0.91727,0,0.0375,5,6,FALSE,FALSE,FALSE
"GENE0078","GENE0078_HUMAN","P35493","Protein GENE0078",0.3558,1,0.734806,0,0.1338,5,2,FALSE,FALSE,FALSE
"GENE1533","GENE1533_HUMAN","P45907","Protein GENE1533",-0.2137,1,0.279446,0,0.5537,3,4,FALSE,FALSE,FALSE
"GENE1196","GENE1196_HUMAN","P67156","Protein GENE1196",0.0873,0.982438,0.315724,0,0.5007,3,2,FALSE,FALSE,FALSE
"GENE0610","GENE0610_HUMAN","P10264","Protein GENE0610",0.6566,1,0.885596,0,0.0528,5,6,FALSE,FALSE,FALSE
"GENE1135","GENE1135_HUMAN","P14539","Protein GENE1135",0.3441,1,0.693336,0,0.1591,5,4,FALSE,TRUE,FALSE
"GENE1429","GENE1429_HUMAN","P53527","Protein GENE1429",-0.6256,0.05634,0.026509,1.1185,1.5766,3,3,FALSE,FALSE,TRUE
"GENE2832","GENE2832_HUMAN","P51235","Protein GENE2832",0.5377,0.362003,0.213183,0.3218,0.6712,6,5,FALSE,FALSE,FALSE
"GENE1878","GENE1878_HUMAN","P92672","Protein GENE1878",0.4714,1,0.669146,0.0672,0.1745,3,2,TRUE,FALSE,FALSE
"GENE0188","GENE0188_HUMAN","P40812","Protein GENE0188",0.3921,1,0.742411,0,0.1294,6,2,FALSE,FALSE,FALSE
"GENE1464","GENE1464_HUMAN","P82313","Protein GENE1464",0.6438,1,0.601911,0,0.2205,3,4,FALSE,FALSE,FALSE
"GENE0967","GENE0967_HUMAN","P22157","Protein GENE0967",0.4801,1,0.304869,0,0.5159,5,2,FALSE,TRUE,FALSE
"GENE0262","GENE0262_HUMAN","P23340","Protein GENE0262",0.2642,0.71947,0.539575,0,0.2679,3,6,FALSE,FALSE,FALSE
"GENE1838","GENE1838_HUMAN","P87410","Protein GENE1838",-0.426,0.51008,0.460287,0.0071,0.337,5,2,TRUE,FALSE,FALSE
"GENE0875","GENE0875_HUMAN","P71007","Protein GENE0875",0.3235,0.724705,0.583034,0,0.2343,5,5,FALSE,FALSE,FALSE
"GENE1861","GENE1861_HUMAN","P38121","Protein GENE1861",-0.4039,1,0.49544,0,0.305,5,6,FALSE,FALSE,FALSE
"GENE2622","GENE2622_HUMAN","P25990","Protein GENE2622",-0.1988,1,0.748259,0,0.1259,5,3,FALSE,FALSE,FALSE
"GENE0691","GENE0691_HUMAN","P85019","Protein GENE0691",0.1727,0.418246,0.09194,0.3849,1.0365,4,3,FALSE,FALSE,FALSE
"GENE0482","GENE0482_HUMAN","P63903","Protein GENE0482",-0.0307,1,0.904919,0,0.0434,3,5,FALSE,FALSE,FALSE
"GENE2498","GENE2498_HUMAN","P33793","Protein GENE2498",0.0967,1,0.939295,0,0.0272,3,2,FALSE,FALSE,FALSE
"GENE2103","GENE2103_HUMAN","P04179","Protein GENE2103",0.0258,0.873546,0.667774,0.07,0.1754,3,2,FALSE,TRUE,FALSE
"GENE1154","GENE1154_HUMAN","P14966","Protein GENE1154",0.1245,0.886484,0.192946,0.5571,0.7146,2,2,FALSE,FALSE,FALSE
"GENE1090","GENE1090_HUMAN","P89786","Protein GENE1090",0.4025,0.131842,0.120806,0.3529,0.9179,4,4,FALSE,FALSE,FALSE
"GENE1925","GENE1925_HUMAN","P88058","Protein GENE1925",-0.0384,1,0.721666,0,0.1417,4,6,FALSE,FALSE,FALSE
"GENE0917","GENE0917_HUMAN","P56660","Protein GENE0917",-1.0209,0.099867,0.022691,1.231,1.6442,4,3,FALSE,TRUE,TRUE
"GENE1349","GENE1349_HUMAN","P30297","Protein GENE1349",0.4513,1,0.905019,0,0.0433,3,2,TRUE,FALSE,FALSE
"GENE1256","GENE1256_HUMAN","P64221","Protein GENE1256",-0.1584,0.318671,0.091941,0.5266,1.0365,4,5,FALSE,FALSE,FALSE
"GENE0456","GENE0456_HUMAN","P40024","Protein GENE0456",0.3417,0.272862,0.060528,1.0313,1.218,2,4,FALSE,FALSE,FALSE
"GENE2796","GENE2796_HUMAN","P15244","Protein GENE2796",0.4266,0.799084,0.349246,0.1961,0.4569,3,5,FALSE,FALSE,FALSE
"GENE0699","GENE0699_HUMAN","P01925","Protein GENE0699",-1.9143,0.011927,0.004488,1.7065,2.348,5,3,FALSE,FALSE,TRUE
"GENE1228","GENE1228_HUMAN","P30891","Protein GENE1228",0.1366,0.257296,0.080725,0.5323,1.093,2,6,FALSE,FALSE,FALSE
"GENE2289","GENE2289_HUMAN","P02115","Protein GENE2289",-0.5286,1,0.791598,0,0.1015,4,3,FALSE,FALSE,FALSE
"GENE0814","GENE0814_HUMAN","P70105","Protein GENE0814",0.8521,0.849485,0.192773,0.665,0.715,6,4,FALSE,FALSE,FALSE
"GENE0868","GENE0868_HUMAN","P59736","Protein GENE0868",-0.0022,0.807509,0.239262,0.038,0.6211,3,5,FALSE,FALSE,FALSE
"GENE1419","GENE1419_HUMAN","P51416","Protein GENE1419",0.2728,1,0.860773,0,0.0651,2,6,FALSE,TRUE,FALSE
"GENE1079","GENE1079_HUMAN","P50412","Protein GENE1079",0.1868,1,0.528428,0,0.277,2,6,FALSE,FALSE,FALSE
"GENE1107","GENE1107_HUMAN","P41938","Protein GENE1107",-0.0748,0.608563,0.226285,0.289,0.6453,6,4,FALSE,FALSE,FALSE
"GENE2768","GENE2768_HUMAN","P29617","Protein GENE2768",0.0772,1,0.42562,0,0.371,3,3,FALSE,FALSE,FALSE
"GENE0705","GENE0705_HUMAN","P12496","Protein GENE0705",1.3998,0.084436,0.020063,1.4195,1.6976,2,3,FALSE,FALSE,TRUE
"GENE1084","GENE1084_HUMAN","P37961","Protein GENE1084",-0.1952,1,0.699189,0,0.1554,2,3,FALSE,TRUE,FALSE
"GENE1108","GENE1108_HUMAN","P84647","Protein GENE1108",-0.3996,1,0.800426,0,0.0967,3,4,FALSE,FALSE,FALSE
"GENE0075","GENE0075_HUMAN","P55318","Protein GENE0075",0.0343,0.78133,0.287601,0.0018,0.5412,5,6,FALSE,TRUE,FALSE
"GENE2171","GENE2171_HUMAN","P67812","Protein GENE2171",0.2026,0.614467,0.201601,0.4639,0.6955,2,2,FALSE,FALSE,FALSE
"GENE0970","GENE0970_HUMAN","P92715","Protein GENE0970",-0.3083,1,0.6298,0,0.2008,3,2,FALSE,FALSE,FALSE
"GENE1211","GENE1211_HUMAN","P22624","Protein GENE1211",1.9738,0.105455,0.041342,0.7182,1.3836,6,6,TRUE,FALSE,TRUE
"GENE1204","GENE1204_HUMAN","P59420","Protein GENE1204",-0.4331,1,0.700257,0,0.1547,2,2,FALSE,TRUE,FALSE
"GENE0869","GENE0869_HUMAN","P51930","Protein GENE0869",0.0583,0.878279,0.349438,0.4518,0.4566,6,3,FALSE,FALSE,FALSE
"GENE2878","GENE2878_HUMAN","P63982","Protein GENE2878",-0.1554,1,0.977921,0,0.0097,5,3,TRUE,TRUE,FALSE
"GENE2291","GENE2291_HUMAN","P26071","Protein GENE2291",-0.0308,1,0.770859,0,0.113,4,2,FALSE,FALSE,FALSE
"GENE1356","GENE1356_HUMAN","P01711","Protein GENE1356",0.0198,0.837394,0.512009,0.2639,0.2907,3,5,FALSE,FALSE,FALSE
"GENE2773","GENE2773_HUMAN","P63817","Protein GENE2773",0.475,1,0.473939,0.0807,0.3243,2,6,FALSE,FALSE,FALSE
"GENE0505","GENE0505_HUMAN","P51076","Protein GENE0505",4.2009,0.093365,0.0349,1.2395,1.4572,2,4,FALSE,FALSE,TRUE
"GENE0380","GENE0380_HUMAN","P24973","Protein GENE0380",0.2109,1,0.983426,0,0.0073,2,3,FALSE,FALSE,FALSE
"GENE2477","GENE2477_HUMAN","P00056","Protein GENE2477",0.1903,1,0.803684,0,0.0949,3,3,FALSE,FALSE,FALSE
"GENE1860","GENE1860_HUMAN","P18894","Protein GENE1860",-0.539,1,0.354416,0.1111,0.4505,5,4,FALSE,FALSE,FALSE
"GENE2381","GENE2381_HUMAN","P62217","Protein GENE2381",-0.3041,1,0.670941,0,0.1733,2,4,FALSE,FALSE,FALSE
"GENE0009","GENE0009_HUMAN","P92119","Protein GENE0009",0.3381,1,0.462447,0,0.3349,3,4,FALSE,FALSE,FALSE
"GENE1139","GENE1139_HUMAN","P58537","Protein GENE1139",2.3775,0.028753,0.018722,1.1847,1.7277,3,2,FALSE,FALSE,TRUE
"GENE0361","GENE0361_HUMAN","P68592","Protein GENE0361",0.6888,1,0.908059,0,0.0419,6,5,FALSE,FALSE,FALSE
"GENE2055","GENE2055_HUMAN","P13825","Protein GENE2055",0.4214,1,0.706144,0,0.1511,2,4,FALSE,FALSE,FALSE
"GENE0777","GENE0777_HUMAN","P57587","Protein GENE0777",-0.0503,1,0.68466,0,0.1645,4,5,FALSE,FALSE,FALSE
"GENE1273","GENE1273_HUMAN","P75104","Protein GENE1273",0.6179,1,0.348152,0.3113,0.4582,4,3,FALSE,FALSE,FALSE
"GENE0996","GENE0996_HUMAN","P80393","Protein GENE0996",0.4141,1,0.568971,0,0.2449,4,4,TRUE,FALSE,FALSE
"GENE0441","GENE0441_HUMAN","P12669","Protein GENE0441",-1.3937,0.077626,0.045787,1.2314,1.3393,6,5,FALSE,FALSE,TRUE
"SUGP2","SUGP2_HUMAN","P98993","Protein SUGP2",-0.7856,1,0.699273,0,0.1554,6,2,FALSE,FALSE,FALSE
"GENE0728","GENE0728_HUMAN","P38555","Protein GENE0728",-0.0687,1,0.839087,0,0.0762,6,4,FALSE,TRUE,FALSE
"GENE0044","GENE0044_HUMAN","P73583","Protein GENE0044",0.0046,1,0.653287,0,0.1849,4,6,FALSE,FALSE,FALSE
"GENE2056","GENE2056_HUMAN","P64427","Protein GENE2056",0.1403,1,0.897208,0,0.0471,3,3,FALSE,FALSE,FALSE
"GENE1610","GENE1610_HUMAN","P40933","Protein GENE1610",0.2796,1,0.866134,0,0.0624,3,4,FALSE,FALSE,FALSE
"GENE0850","GENE0850_HUMAN","P86011","Protein GENE0850",-0.2479,1,0.42316,0,0.3735,2,4,FALSE,FALSE,FALSE
"GENE1691","GENE1691_HUMAN","P54403","Protein GENE1691",0.2686,0.575517,0.48945,0,0.3103,3,2,FALSE,FALSE,FALSE
"GENE0774","GENE0774_HUMAN","P25419","Protein GENE0774",-0.3064,1,0.617708,0,0.2092,3,5,FALSE,FALSE,FALSE
"GENE0279","GENE0279_HUMAN","P20624","Protein GENE0279",0.1736,1,0.536106,0,0.2707,6,5,FALSE,FALSE,FALSE
"GENE0567","GENE0567_HUMAN","P85446","Protein GENE0567",-0.2127,1,0.676865,0,0.1695,5,3,FALSE,FALSE,FALSE
"GENE1862","GENE1862_HUMAN","P80247","Protein GENE1862",0.3011,0.998842,0.670248,0,0.1738,5,3,FALSE,FALSE,FALSE
"GENE2279","GENE2279_HUMAN","P89136","Protein GENE2279",0.3646,0.612865,0.325797,0,0.4871,4,3,FALSE,FALSE,FALSE
"GENE0076","GENE0076_HUMAN","P25495","Protein GENE0076",-0.0066,1,0.854531,0,0.0683,4,2,FALSE,FALSE,FALSE
"GENE2224","GENE2224_HUMAN","P77710","Protein GENE2224",0.3538,1,0.680135,0,0.1674,5,2,FALSE,FALSE,FALSE
"GENE2182","GENE2182_HUMAN","P85455","Protein GENE2182",-0.4249,0.30796,0.089476,0.4593,1.0483,2,5,FALSE,FALSE,FALSE
"GENE2006","GENE2006_HUMAN","P78828","Protein GENE2006",0.3512,1,0.570081,0,0.2441,3,3,FALSE,FALSE,FALSE
"GENE0399","GENE0399_HUMAN","P79748","Protein GENE0399",-3.2534,0.059716,0.028094,1.0534,1.5514,6,6,FALSE,FALSE,TRUE
"FMR1","FMR1_HUMAN","P55282","Protein FMR1",3.3438,0.052709,0.013661,1.2896,1.8645,4,4,FALSE,FALSE,TRUE
"GENE0754","GENE0754_HUMAN","P49531","Protein GENE0754",-0.1065,0.809699,0.314753,0.0081,0.502,3,5,FALSE,FALSE,FALSE
"GENE2379","GENE2379_HUMAN","P87933","Protein GENE2379",0.2469,0.794808,0.346619,0,0.4601,3,5,FALSE,FALSE,FALSE
"GENE0587","GENE0587_HUMAN","P80378","Protein GENE0587",0.1391,1,0.410791,0,0.3864,4,2,FALSE,FALSE,FALSE
"GENE1664","GENE1664_HUMAN","P48432","Protein GENE1664",0.1731,1,0.708909,0,0.1494,2,3,FALSE,FALSE,FALSE
"GENE2443","GENE2443_HUMAN","P89913","Protein GENE2443",0.0161,1,0.380615,0.1973,0.4195,5,2,FALSE,FALSE,FALSE
"GENE0118","GENE0118_HUMAN","P94750","Protein GENE0118",3.2873,0.137648,0.036395,0.8796,1.439,5,5,FALSE,FALSE,TRUE
"GENE2556","GENE2556_HUMAN","P69074","Protein GENE2556",0.096,1,0.768946,0,0.1141,5,2,FALSE,FALSE,FALSE
"GENE1668","GENE1668_HUMAN","P90983","Protein GENE1668",0.0166,1,0.494685,0,0.3057,3,2,FALSE,FALSE,FALSE
"GENE0601","GENE0601_HUMAN","P49762","Protein GENE0601",-0.517,1,0.802875,0,0.0954,5,2,FALSE,TRUE,FALSE
"GENE2461","GENE2461_HUMAN","P53842","Protein GENE2461",0.1637,1,0.441636,0.2949,0.3549,4,4,FALSE,FALSE,FALSE
"GENE1268","GENE1268_HUMAN","P68772","Protein GENE1268",-2.1301,0.105812,0.030497,0.9581,1.5157,2,4,FALSE,FALSE,TRUE
"GENE0227","GENE0227_HUMAN","P10611","Protein GENE0227",1.9584,0.060608,0.043977,0.9327,1.3568,5,4,FALSE,FALSE,TRUE
"GENE1176","GENE1176_HUMAN","P87330","Protein GENE1176",-0.5028,1,0.810541,0,0.0912,6,5,FALSE,FALSE,FALSE
"GENE0834","GENE0834_HUMAN","P63551","Protein GENE0834",3.1001,0.053386,0.046588,0.8915,1.3317,5,4,FALSE,FALSE,TRUE
"GENE1706","GENE1706_HUMAN","P26071","Protein GENE1706",-0.6574,0.971326,0.202505,0.096,0.6936,5,3,FALSE,FALSE,FALSE
"GENE2505","GENE2505_HUMAN","P96159","Protein GENE2505",-0.1889,1,0.781997,0,0.1068,3,4,FALSE,FALSE,FALSE
"GENE2373","GENE2373_HUMAN","P29162","Protein GENE2373",3.8057,0.013149,0.009911,1.4961,2.0039,6,2,FALSE,FALSE,TRUE
"GENE2424","GENE2424_HUMAN","P40013","Protein GENE2424",-0.1582,1,0.382058,0,0.4179,5,6,FALSE,FALSE,FALSE
"GENE2315","GENE2315_HUMAN","P09380","Protein GENE2315",0.6498,0.333209,0.134139,0.4745,0.8724,2,2,FALSE,FALSE,FALSE
"GENE1510","GENE1510_HUMAN","P48770","Protein GENE1510",-0.3444,1,0.754942,0,0.1221,3,3,FALSE,FALSE,FALSE
"GENE2301","GENE2301_HUMAN","P55405","Protein GENE2301",0.0019,0.411149,0.085497,1.0525,1.068,2,2,FALSE,FALSE,FALSE
"GENE1339","GENE1339_HUMAN","P47090","Protein GENE1339",-0.0553,1,0.875813,0,0.0576,3,2,FALSE,FALSE,FALSE
"GENE0333","GENE0333_HUMAN","P16497","Protein GENE0333",0.5858,1,0.974215,0,0.0113,5,2,FALSE,FALSE,FALSE
"GENE2514","GENE2514_HUMAN","P22117","Protein GENE2514",-0.5552,1,0.927258,0,0.0328,3,4,FALSE,FALSE,FALSE
"GENE0291","GENE0291_HUMAN","P89283","Protein GENE0291",-0.1529,1,0.441688,0,0.3549,5,4,TRUE,FALSE,FALSE
"GENE0716","GENE0716_HUMAN","P38895","Protein GENE0716",-3.2838,0.068675,0.025596,1.4472,1.5918,4,6,FALSE,FALSE,TRUE
"GENE0164","GENE0164_HUMAN","P02085","Protein GENE0164",-0.0934,1,0.874117,0,0.0584,4,5,FALSE,FALSE,FALSE
"GENE1280","GENE1280_HUMAN","P03957","Protein GENE1280",0.0199,1,0.95012,0,0.0222,6,4,FALSE,FALSE,FALSE
"GENE2677","GENE2677_HUMAN","P18887","Protein GENE2677",4.0144,0.091948,0.032099,1.1289,1.4935,2,4,FALSE,FALSE,TRUE
"GENE2250","GENE2250_HUMAN","P63146","Protein GENE2250",-0.5523,1,0.840011,0,0.0757,2,4,FALSE,FALSE,FALSE
"GENE1593","GENE1593_HUMAN","P14735","Protein GENE1593",3.7391,0.04189,0.017689,1.0674,1.7523,3,4,FALSE,FALSE,TRUE
"GENE0758","GENE0758_HUMAN","P48793","Protein GENE0758",-4.0933,0.12259,0.038081,1.1112,1.4193,2,3,FALSE,FALSE,TRUE
"GENE2657","GENE2657_HUMAN","P51192","Protein GENE2657",-1.301,0.019582,0.011329,1.3417,1.9458,2,2,FALSE,FALSE,TRUE
"GENE0180","GENE0180_HUMAN","P77304","Protein GENE0180",0.6615,0.26064,0.107051,0.5887,0.9704,2,3,FALSE,FALSE,FALSE
"GENE1988","GENE1988_HUMAN","P56070","Protein GENE1988",-0.3442,1,0.904209,0,0.0437,5,5,FALSE,FALSE,FALSE
"GENE2540","GENE2540_HUMAN","P85961","Protein GENE2540",-0.3628,1,0.809742,0,0.0917,2,4,TRUE,FALSE,FALSE
"GENE0605","GENE0605_HUMAN","P00170","Protein GENE0605",-0.1726,1,0.833854,0,0.0789,6,3,FALSE,FALSE,FALSE
"GENE0673","GENE0673_HUMAN","P84754","Protein GENE0673",0.0829,0.688845,0.670076,0,0.1739,2,5,FALSE,FALSE,FALSE
"GENE2628","GENE2628_HUMAN","P15725","Protein GENE2628",0.7285,0.060861,0.015578,1.7833,1.8075,3,6,FALSE,FALSE,TRUE
"GENE0397","GENE0397_HUMAN","P52675","Protein GENE0397",-3.8162,0.004117,0.001584,2.5435,2.8002,2,6,FALSE,FALSE,TRUE
"GENE1711","GENE1711_HUMAN","P42322","Protein GENE1711",-0.4834,0.261934,0.060848,0.9597,1.2158,5,2,FALSE,FALSE,FALSE
"GENE1208","GENE1208_HUMAN","P39506","Protein GENE1208",-1.768,0.213698,0.043276,1.1115,1.3638,5,5,FALSE,FALSE,TRUE
"GENE1157","GENE1157_HUMAN","P58148","Protein GENE1157",-0.3215,1,0.537208,0,0.2699,6,4,FALSE,FALSE,FALSE
"GENE2826","GENE2826_HUMAN","P04751","Protein GENE2826",0.3214,1,0.882255,0,0.0544,3,4,FALSE,TRUE,FALSE
"GENE1185","GENE1185_HUMAN","P77352","Protein GENE1185",0.2436,1,0.368286,0,0.4338,6,2,FALSE,FALSE,FALSE
"GENE0329","GENE0329_HUMAN","P59927","Protein GENE0329",-0.3611,1,0.33391,0,0.4764,6,5,FALSE,FALSE,FALSE
"GENE2265","GENE2265_HUMAN","P34381","Protein GENE2265",-0.6002,1,0.555643,0,0.2552,2,3,TRUE,FALSE,FALSE
"GENE1537","GENE1537_HUMAN","P61067","Protein GENE1537",-0.3144,1,0.648688,0,0.188,5,2,FALSE,FALSE,FALSE
"GENE2249","GENE2249_HUMAN","P58229","Protein GENE2249",1.0278,0.02512,0.00518,1.863,2.2857,6,2,FALSE,FALSE,TRUE
"GENE0983","GENE0983_HUMAN","P30329","Protein GENE0983",0.8047,1,0.932921,0,0.0302,2,3,FALSE,TRUE,FALSE
"GENE2258","GENE2258_HUMAN","P29020","Protein GENE2258",0.2227,1,0.446622,0,0.3501,2,4,TRUE,FALSE,FALSE
"GENE1028","GENE1028_HUMAN","P84174","Protein GENE1028",-0.402,0.67478,0.281947,0,0.5498,2,4,FALSE,FALSE,FALSE
"GENE0261","GENE0261_HUMAN","P46984","Protein GENE0261",0.0884,0.189671,0.147141,0.4263,0.8323,3,2,FALSE,FALSE,FALSE
"GENE1973","GENE1973_HUMAN","P43052","Protein GENE1973",0.2625,0.399375,0.160598,0.5712,0.7943,5,6,FALSE,FALSE,FALSE
"GENE0563","GENE0563_HUMAN","P43999","Protein GENE0563",0.5217,0.889862,0.375359,0,0.4256,3,2,FALSE,FALSE,FALSE
"GENE0962","GENE0962_HUMAN","P43538","Protein GENE0962",0.0291,0.713777,0.213204,0.1635,0.6712,6,5,FALSE,FALSE,FALSE
"GENE0906","GENE0906_HUMAN","P01335","Protein GENE0906",0.0672,1,0.566492,0.0796,0.2468,6,6,TRUE,FALSE,FALSE
"GENE2578","GENE2578_HUMAN","P39953","Protein GENE2578",-0.8192,1,0.331414,0,0.4796,6,4,FALSE,FALSE,FALSE
"GENE0231","GENE0231_HUMAN","P94908","Protein GENE0231",0.0252,0.404405,0.224065,0.397,0.6496,6,3,FALSE,FALSE,FALSE
"GENE2571","GENE2571_HUMAN","P41863","Protein GENE2571",0.2227,0.564689,0.388316,0.2486,0.4108,4,2,FALSE,FALSE,FALSE
"GENE1667","GENE1667_HUMAN","P17811","Protein GENE1667",-0.7228,1,0.651201,0,0.1863,3,4,FALSE,FALSE,FALSE
"GENE2885","GENE2885_HUMAN","P83112","Protein GENE2885",-0.1149,0.792181,0.164493,0.2475,0.7839,2,3,TRUE,FALSE,FALSE
"GENE0619","GENE0619_HUMAN","P47087","Protein GENE0619",-0.5425,0.259597,0.121264,0.7798,0.9163,2,2,TRUE,FALSE,FALSE
"GENE0768","GENE0768_HUMAN","P19880","Protein GENE0768",-0.2454,1,0.895505,0,0.0479,3,2,FALSE,FALSE,FALSE
"GENE1111","GENE1111_HUMAN","P17563","Protein GENE1111",0.2973,0.387172,0.384009,0.0479,0.4157,2,6,FALSE,FALSE,FALSE
"GENE1425","GENE1425_HUMAN","P20934","Protein GENE1425",-0.2499,1,0.825091,0,0.0835,3,3,FALSE,FALSE,FALSE
"GENE2828","GENE2828_HUMAN","P68138","Protein GENE2828",-0.5217,0.750282,0.282459,0.1921,0.549,2,2,FALSE,FALSE,FALSE
"GENE1264","GENE1264_HUMAN","P65085","Protein GENE1264",-0.0763,0.945844,0.607862,0,0.2162,2,5,FALSE,FALSE,FALSE
"GENE0374","GENE0374_HUMAN","P84149","Protein GENE0374",0.0256,0.375025,0.30368,0.2493,0.5176,3,5,FALSE,FALSE,FALSE
"GENE1927","GENE1927_HUMAN","P55900","Protein GENE1927",-0.2351,1,0.8383,0,0.0766,4,4,FALSE,FALSE,FALSE
"GENE0871","GENE0871_HUMAN","P18289","Protein GENE0871",0.1026,0.571591,0.449015,0,0.3477,5,4,FALSE,FALSE,FALSE
"GENE0273","GENE0273_HUMAN","P21820","Protein GENE0273",-1.4111,0.001271,0.000329,3.2159,3.4824,4,6,FALSE,FALSE,TRUE
"GENE2232","GENE2232_HUMAN","P43548","Protein GENE2232",0.0162,1,0.765259,0,0.1162,3,2,FALSE,FALSE,FALSE
"GENE0129","GENE0129_HUMAN","P58253","Protein GENE0129",0.027,0.741356,0.629326,0,0.2011,2,6,FALSE,TRUE,FALSE
"GENE1487","GENE1487_HUMAN","P30957","Protein GENE1487",-1.0986,0.148639,0.041941,0.7722,1.3774,6,3,FALSE,FALSE,TRUE
"GENE0824","GENE0824_HUMAN","P18767","Protein GENE0824",-3.6941,0.068691,0.039284,0.7978,1.4058,5,4,FALSE,FALSE,TRUE
"GENE1205","GENE1205_HUMAN","P01832","Protein GENE1205",-0.2399,0.263573,0.080802,0.7061,1.0926,3,2,FALSE,FALSE,FALSE
"GENE0017","GENE0017_HUMAN","P27286","Protein GENE0017",0.1828,0.756299,0.721475,0,0.1418,4,3,FALSE,FALSE,FALSE
"GENE2707","GENE2707_HUMAN","P41527","Protein GENE2707",2.9733,0.051815,0.044446,1.1881,1.3522,4,5,FALSE,TRUE,TRUE
"GENE0151","GENE0151_HUMAN","P80747","Protein GENE0151",-0.4803,0.809414,0.660697,0,0.18,2,3,FALSE,FALSE,FALSE
"GENE0988","GENE0988_HUMAN","P24192","Protein GENE0988",0.126,1,0.915497,0,0.0383,3,2,FALSE,FALSE,FALSE
"GENE2611","GENE2611_HUMAN","P51275","Protein GENE2611",0.1428,1,0.734214,0,0.1342,5,2,FALSE,FALSE,FALSE
"GENE0402","GENE0402_HUMAN","P00353","Protein GENE0402",-0.1646,0.674967,0.215733,0.3374,0.6661,4,6,FALSE,FALSE,FALSE
"GENE2605","GENE2605_HUMAN","P71217","Protein GENE2605",-0.3061,1,0.425391,0,0.3712,3,4,FALSE,TRUE,FALSE
"GENE1959","GENE1959_HUMAN","P67987","Protein GENE1959",0.2471,1,0.532131,0,0.274,5,5,FALSE,FALSE,FALSE
"GENE0337","GENE0337_HUMAN","P56130","Protein GENE0337",1.0488,0.106838,0.030693,1.4145,1.513,3,2,FALSE,FALSE,TRUE
"GENE0367","GENE0367_HUMAN","P83128","Protein GENE0367",2.6126,0.105735,0.045465,0.8319,1.3423,6,4,FALSE,FALSE,TRUE
"GENE2494","GENE2494_HUMAN","P96834","Protein GENE2494",0.1351,1,0.720045,1e-04,0.1426,6,3,FALSE,FALSE,FALSE
"GENE0548","GENE0548_HUMAN","P87283","Protein GENE0548",-1.2174,0.034128,0.019091,1.14,1.7192,6,6,FALSE,FALSE,TRUE
"GENE1888","GENE1888_HUMAN","P25648","Protein GENE1888",-0.3716,0.492328,0.113431,0.6912,0.9453,6,6,FALSE,FALSE,FALSE
"GENE2895","GENE2895_HUMAN","P58284","Protein GENE2895",0.0132,0.299771,0.105175,0.2871,0.9781,4,5,FALSE,FALSE,FALSE
"GENE2082","GENE2082_HUMAN","P94955","Protein GENE2082",0.1858,1,0.702096,0,0.1536,3,5,FALSE,FALSE,FALSE
"GENE1406","GENE1406_HUMAN","P19149","Protein GENE1406",0.3982,1,0.928025,0,0.0324,4,4,FALSE,FALSE,FALSE
"GENE1254","GENE1254_HUMAN","P58526","Protein GENE1254",0.0237,1,0.6374,0,0.1956,3,2,FALSE,FALSE,FALSE
"GENE1377","GENE1377_HUMAN","P29369","Protein GENE1377",2.3978,0.005651,0.001272,2.774,2.8956,4,2,FALSE,FALSE,TRUE
"GENE2488","GENE2488_HUMAN","P37969","Protein GENE2488",0.1011,1,0.755498,0,0.1218,2,2,FALSE,TRUE,FALSE
"GENE2474","GENE2474_HUMAN","P57846","Protein GENE2474",-0.2565,1,0.549789,0,0.2598,4,5,FALSE,TRUE,FALSE
"GENE2048","GENE2048_HUMAN","P11117","Protein GENE2048",-0.2043,1,0.543343,0,0.2649,3,3,FALSE,TRUE,FALSE
"GENE1827","GENE1827_HUMAN","P49231","Protein GENE1827",-0.1117,1,0.391128,0,0.4077,2,2,FALSE,FALSE,FALSE
"GENE1224","GENE1224_HUMAN","P09280","Protein GENE1224",-0.0975,1,0.927952,0,0.0325,6,6,FALSE,TRUE,FALSE
"GENE2363","GENE2363_HUMAN","P72032","Protein GENE2363",4.0061,0.052752,0.018989,1.4607,1.7215,4,2,FALSE,TRUE,TRUE
"GENE2071","GENE2071_HUMAN","P01533","Protein GENE2071",-0.5733,0.315978,0.101124,0.9634,0.9951,2,2,FALSE,FALSE,FALSE
"GENE0924","GENE0924_HUMAN","P06352","Protein GENE0924",-0.169,0.412843,0.13504,0.4539,0.8695,4,4,FALSE,FALSE,FALSE
"GENE1075","GENE1075_HUMAN","P48152","Protein GENE1075",1.04,0.283826,0.201297,0.6315,0.6962,3,5,FALSE,FALSE,FALSE
"GENE2416","GENE2416_HUMAN","P95596","Protein GENE2416",-0.1593,1,0.599682,0.0251,0.2221,5,3,FALSE,FALSE,FALSE
"GENE1622","GENE1622_HUMAN","P18651","Protein GENE1622",3.6981,0.119321,0.038719,0.9233,1.4121,2,5,FALSE,TRUE,TRUE
"GENE0918","GENE0918_HUMAN","P36385","Protein GENE0918",-4.2319,0.069035,0.014624,1.2303,1.8349,4,4,FALSE,FALSE,TRUE
"GENE1384","GENE1384_HUMAN","P58484","Protein GENE1384",0.707,1,0.596833,0,0.2241,4,2,FALSE,FALSE,FALSE
"GENE1270","GENE1270_HUMAN","P86626","Protein GENE1270",-0.2529,1,0.38062,0,0.4195,3,2,FALSE,FALSE,FALSE
"GENE0508","GENE0508_HUMAN","P70654","Protein GENE0508",0.3562,0.269585,0.069575,0.633,1.1575,3,4,FALSE,FALSE,FALSE
"GENE2259","GENE2259_HUMAN","P92966","Protein GENE2259",1.001,0.582816,0.504657,0.0473,0.297,5,6,FALSE,FALSE,FALSE
"GENE2350","GENE2350_HUMAN","P53637","Protein GENE2350",-0.5493,0.992714,0.408689,0,0.3886,5,4,FALSE,FALSE,FALSE
"GENE1401","GENE1401_HUMAN","P53950","Protein GENE1401",0.5918,0.681,0.147722,0.1868,0.8306,4,4,FALSE,FALSE,FALSE
"GENE2222","GENE2222_HUMAN","P89330","Protein GENE2222",-0.1233,1,0.422885,0,0.3738,4,6,FALSE,FALSE,FALSE
"GENE1263","GENE1263_HUMAN","P26559","Protein GENE1263",0.4621,0.508811,0.236347,0.2073,0.6265,4,6,FALSE,TRUE,FALSE
"GENE1528","GENE1528_HUMAN","P51331","Protein GENE1528",0.0501,1,0.883556,0,0.0538,4,3,FALSE,FALSE,FALSE
"GENE2247","GENE2247_HUMAN","P00974","Protein GENE2247",0.9699,1,0.298305,0.054,0.5253,5,6,FALSE,FALSE,FALSE
"GENE2506","GENE2506_HUMAN","P02975","Protein GENE2506",0.3901,0.284796,0.189444,0.0722,0.7225,3,2,FALSE,TRUE,FALSE
"GENE2538","GENE2538_HUMAN","P43242","Protein GENE2538",0.0086,1,0.561273,0,0.2508,3,6,FALSE,FALSE,FALSE
"GENE0896","GENE0896_HUMAN","P60632","Protein GENE0896",0.0627,1,0.996085,0,0.0017,2,3,FALSE,FALSE,FALSE
"GENE1190","GENE1190_HUMAN","P01239","Protein GENE1190",-0.2097,1,0.634467,0,0.1976,2,6,FALSE,FALSE,FALSE
"GENE1483","GENE1483_HUMAN","P77134","Protein GENE1483",-0.0811,0.944733,0.242447,0.246,0.6154,4,3,FALSE,FALSE,FALSE
"GENE0146","GENE0146_HUMAN","P54456","Protein GENE0146",-0.0216,1,0.536091,0,0.2708,4,5,TRUE,FALSE,FALSE
"GENE1571","GENE1571_HUMAN","P83333","Protein GENE1571",0.6018,0.406158,0.125497,0.529,0.9014,3,6,FALSE,FALSE,FALSE
"GENE0735","GENE0735_HUMAN","P48991","Protein GENE0735",0.936,1,0.3828,0.3816,0.417,3,5,FALSE,FALSE,FALSE
"GENE1710","GENE1710_HUMAN","P03797","Protein GENE1710",0.4595,1,0.752819,0,0.1233,2,6,FALSE,FALSE,FALSE
"GENE1663","GENE1663_HUMAN","P05098","Protein GENE1663",0.7722,0.21274,0.071828,0.9842,1.1437,4,6,FALSE,FALSE,FALSE
"GENE2395","GENE2395_HUMAN","P40519","Protein GENE2395",-0.3424,0.697211,0.586704,0,0.2316,4,2,FALSE,FALSE,FALSE
"GENE0591","GENE0591_HUMAN","P33088","Protein GENE0591",-0.3006,1,0.437277,0,0.3592,6,6,TRUE,FALSE,FALSE
"GENE0986","GENE0986_HUMAN","P78105","Protein GENE0986",1.1224,1,0.817156,0,0.0877,2,5,FALSE,FALSE,FALSE
"GENE2761","GENE2761_HUMAN","P92466","Protein GENE2761",-0.0322,1,0.257376,0.5795,0.5894,6,6,TRUE,FALSE,FALSE
"GENE0778","GENE0778_HUMAN","P76764","Protein GENE0778",-0.5292,0.262053,0.075223,0.4994,1.1236,2,4,FALSE,FALSE,FALSE
"GENE2329","GENE2329_HUMAN","P92512","Protein GENE2329",0.4705,0.642957,0.418568,0,0.3782,4,2,FALSE,FALSE,FALSE
"GENE2625","GENE2625_HUMAN","P42161","Protein GENE2625",-0.7533,0.02597,0.023944,0.9572,1.6208,3,5,FALSE,FALSE,TRUE
"GENE2510","GENE2510_HUMAN","P57893","Protein GENE2510",0.2207,1,0.354709,0.1095,0.4501,6,6,FALSE,FALSE,FALSE
"GENE0589","GENE0589_HUMAN","P76461","Protein GENE0589",0.8085,0.050931,0.017924,1.4853,1.7466,6,3,FALSE,FALSE,TRUE
"GENE0425","GENE0425_HUMAN","P28714","Protein GENE0425",3.4614,0.089256,0.04092,0.9882,1.3881,5,3,TRUE,FALSE,TRUE
"GENE0680","GENE0680_HUMAN","P31985","Protein GENE0680",-0.1622,0.21891,0.074533,0.8701,1.1277,3,6,FALSE,FALSE,FALSE
"GENE1944","GENE1944_HUMAN","P50801","Protein GENE1944",-1.1767,0.028117,0.013738,1.3708,1.8621,2,3,FALSE,FALSE,TRUE
"GENE1727","GENE1727_HUMAN","P39009","Protein GENE1727",-0.4736,0.66194,0.412541,0,0.3845,4,5,FALSE,FALSE,FALSE
"GENE0892","GENE0892_HUMAN","P86531","Protein GENE0892",0.3243,1,0.890112,0,0.0506,6,2,FALSE,TRUE,FALSE
"GENE2307","GENE2307_HUMAN","P81764","Protein GENE2307",0.1792,1,0.395179,0,0.4032,6,3,FALSE,FALSE,FALSE
"NCOA7","NCOA7_HUMAN","P19390","Protein NCOA7",3.1363,0.03454,0.032754,1.326,1.4847,6,5,FALSE,FALSE,TRUE
"GENE2372","GENE2372_HUMAN","P57960","Protein GENE2372",-0.2217,1,0.911088,0,0.0404,4,2,FALSE,FALSE,FALSE
"GENE2483","GENE2483_HUMAN","P70017","Protein GENE2483",-0.3237,0.385852,0.144821,0.1496,0.8392,6,4,FALSE,FALSE,FALSE
"GENE0584","GENE0584_HUMAN","P61382","Protein GENE0584",0.5606,1,0.822269,0,0.085,2,4,FALSE,FALSE,FALSE
"GENE0949","GENE0949_HUMAN","P07697","Protein GENE0949",0.4828,0.146283,0.142474,0.2146,0.8463,6,4,FALSE,FALSE,FALSE
"GENE0506","GENE0506_HUMAN","P96152","Protein GENE0506",-0.0816,1,0.428762,0,0.3678,4,2,FALSE,FALSE,FALSE
"GENE2154","GENE2154_HUMAN","P27361","Protein GENE2154",-0.0202,1,0.96374,0,0.016,5,4,TRUE,FALSE,FALSE
"GENE1703","GENE1703_HUMAN","P07262","Protein GENE1703",-1.0771,0.018995,0.008683,1.6263,2.0613,2,5,FALSE,FALSE,TRUE
"GENE1873","GENE1873_HUMAN","P51557","Protein GENE1873",1.876,0.185754,0.0397,0.7849,1.4012,6,2,FALSE,FALSE,TRUE
"GENE2096","GENE2096_HUMAN","P46144","Protein GENE2096",0.5071,0.213309,0.151956,0.2423,0.8183,6,3,FALSE,FALSE,FALSE
"GENE0733","GENE0733_HUMAN","P54329","Protein GENE0733",-0.0541,1,0.665423,0,0.1769,5,4,FALSE,FALSE,FALSE
"GENE2362","GENE2362_HUMAN","P11772","Protein GENE2362",-0.1077,1,0.751972,0,0.1238,6,2,FALSE,FALSE,FALSE
"GENE0890","GENE0890_HUMAN","P57942","Protein GENE0890",-0.5361,1,0.68178,0,0.1664,2,4,FALSE,FALSE,FALSE
"GENE2335","GENE2335_HUMAN","P22303","Protein GENE2335",0.082,1,0.791081,0,0.1018,3,3,FALSE,FALSE,FALSE
"GENE0375","GENE0375_HUMAN","P11967","Protein GENE0375",0.2427,1,0.681314,0,0.1667,5,5,TRUE,FALSE,FALSE
"GENE1217","GENE1217_HUMAN","P86887","Protein GENE1217",-0.3403,1,0.742026,0.0465,0.1296,4,5,FALSE,FALSE,FALSE
"GENE1112","GENE1112_HUMAN","P83213","Protein GENE1112",0.5914,0.402342,0.262558,0.0755,0.5808,3,6,FALSE,FALSE,FALSE
"GENE1781","GENE1781_HUMAN","P69445","Protein GENE1781",0.0134,1,0.991777,0,0.0036,2,4,FALSE,FALSE,FALSE
"GENE0496","GENE0496_HUMAN","P51292","Protein GENE0496",-0.6256,1,0.714638,0,0.1459,2,5,FALSE,FALSE,FALSE
"GENE0630","GENE0630_HUMAN","P83769","Protein GENE0630",0.292,1,0.70166,0,0.1539,5,3,FALSE,FALSE,FALSE
"GENE2507","GENE2507_HUMAN","P82962","Protein GENE2507",-0.3555,0.608351,0.151507,0.8179,0.8196,4,5,TRUE,FALSE,FALSE
"GENE1152","GENE1152_HUMAN","P96164","Protein GENE1152",-0.1736,1,0.986618,0,0.0059,2,3,FALSE,FALSE,FALSE
"GENE1948","GENE1948_HUMAN","P05684","Protein GENE1948",0.0616,1,0.90961,0,0.0411,5,4,FALSE,TRUE,FALSE
"GENE1782","GENE1782_HUMAN","P97187","Protein GENE1782",0.1058,0.198219,0.10789,0.4612,0.967,2,4,FALSE,FALSE,FALSE
"GENE2484","GENE2484_HUMAN","P93345","Protein GENE2484",-0.0791,1,0.623687,0,0.205,6,2,TRUE,FALSE,FALSE
"GENE1414","GENE1414_HUMAN","P86069","Protein GENE1414",-0.3478,1,0.878132,0,0.0564,2,4,FALSE,FALSE,FALSE
"GENE1170","GENE1170_HUMAN","P48242","Protein GENE1170",0.2472,1,0.808168,0,0.0925,4,5,FALSE,TRUE,FALSE
"GENE1972","GENE1972_HUMAN","P58092","Protein GENE1972",0.0924,1,0.728691,0,0.1375,4,4,FALSE,FALSE,FALSE
"GENE1513","GENE1513_HUMAN","P09493","Protein GENE1513",0.2341,0.39137,0.353915,0.0229,0.4511,2,3,FALSE,FALSE,FALSE
"GENE2184","GENE2184_HUMAN","P06738","Protein GENE2184",-0.7097,0.331775,0.136054,0.8368,0.8663,5,5,FALSE,FALSE,FALSE
"GENE1434","GENE1434_HUMAN","P59492","Protein GENE1434",-0.6253,1,0.492062,0,0.308,5,5,FALSE,FALSE,FALSE
"GENE0520","GENE0520_HUMAN","P17877","Protein GENE0520",-0.3412,1,0.770493,0,0.1132,4,5,FALSE,FALSE,FALSE
"GENE1589","GENE1589_HUMAN","P33150","Protein GENE1589",0.1552,0.372352,0.113553,0.6123,0.9448,6,4,FALSE,FALSE,FALSE
"GENE2824","GENE2824_HUMAN","P53691","Protein GENE2824",0.1978,1,0.62073,0.1511,0.2071,4,6,FALSE,FALSE,FALSE
"LARP7","LARP7_HUMAN","P02216","Protein LARP7",-4.3707,0.073045,0.035132,1.3663,1.4543,3,4,FALSE,FALSE,TRUE
"GENE0984","GENE0984_HUMAN","P92707","Protein GENE0984",-0.9009,1,0.51952,0,0.2844,4,3,FALSE,FALSE,FALSE
"GENE1526","GENE1526_HUMAN","P15737","Protein GENE1526",2.6074,0.190625,0.045869,0.7202,1.3385,4,2,FALSE,FALSE,TRUE
"GENE1044","GENE1044_HUMAN","P57940","Protein GENE1044",-0.1459,1,0.90676,0,0.0425,3,2,FALSE,FALSE,FALSE
"GENE0235","GENE0235_HUMAN","P28156","Protein GENE0235",0.2727,0.924197,0.491912,0.1621,0.3081,4,5,FALSE,TRUE,FALSE
"GENE1338","GENE1338_HUMAN","P37835","Protein GENE1338",0.0299,1,0.653233,0,0.1849,5,6,FALSE,FALSE,FALSE
"GENE0090","GENE0090_HUMAN","P85510","Protein GENE0090",-0.3333,1,0.776409,0,0.1099,4,2,FALSE,TRUE,FALSE
"GENE1473","GENE1473_HUMAN","P38659","Protein GENE1473",-0.9115,1,0.463564,0,0.3339,2,2,FALSE,FALSE,FALSE
"GENE2198","GENE2198_HUMAN","P23940","Protein GENE2198",-0.5538,1,0.788134,0,0.1034,5,2,FALSE,TRUE,FALSE
"GENE0937","GENE0937_HUMAN","P14009","Protein GENE0937",-0.1363,1,0.45864,0,0.3385,6,4,FALSE,FALSE,FALSE
"GENE1036","GENE1036_HUMAN","P25727","Protein GENE1036",-0.0213,0.95969,0.784363,0,0.1055,4,5,FALSE,FALSE,FALSE
"GENE1245","GENE1245_HUMAN","P41662","Protein GENE1245",0.1586,1,0.777489,0,0.1093,2,4,FALSE,FALSE,FALSE
"GENE1877","GENE1877_HUMAN","P88904","Protein GENE1877",-0.6152,1,0.455428,0,0.3416,3,5,FALSE,FALSE,FALSE
"GENE1242","GENE1242_HUMAN","P67110","Protein GENE1242",0.4417,0.93102,0.642913,0,0.1918,2,2,FALSE,FALSE,FALSE
"GENE1450","GENE1450_HUMAN","P72521","Protein GENE1450",-0.1253,0.648039,0.13928,0.4354,0.8561,3,4,FALSE,FALSE,FALSE
"GENE1936","GENE1936_HUMAN","P33224","Protein GENE1936",0.0169,1,0.504664,0,0.297,2,2,FALSE,TRUE,FALSE
"GENE2822","GENE2822_HUMAN","P00936","Protein GENE2822",0.5812,1,0.782589,0,0.1065,4,2,FALSE,FALSE,FALSE
"GENE0876","GENE0876_HUMAN","P74389","Protein GENE0876",0.4593,0.638901,0.176893,0.3321,0.7523,6,4,FALSE,FALSE,FALSE
"GENE0502","GENE0502_HUMAN","P44568","Protein GENE0502",4.3874,0.101411,0.02875,1.0993,1.5414,6,5,FALSE,FALSE,TRUE
"GENE2253","GENE2253_HUMAN","P27153","Protein GENE2253",2.922,0.051839,0.019303,1.3338,1.7144,3,6,FALSE,FALSE,TRUE
"GENE2579","GENE2579_HUMAN","P81158","Protein GENE2579",-0.9261,1,0.630369,0,0.2004,2,2,FALSE,FALSE,FALSE
"GENE0047","GENE0047_HUMAN","P64763","Protein GENE0047",0.2625,1,0.546752,0,0.2622,3,6,TRUE,FALSE,FALSE
"GENE2364","GENE2364_HUMAN","P74690","Protein GENE2364",-0.3319,1,0.962679,0,0.0165,3,5,FALSE,FALSE,FALSE
"GENE0152","GENE0152_HUMAN","P61905","Protein GENE0152",0.3748,0.485861,0.188599,0.1817,0.7245,3,2,FALSE,FALSE,FALSE
"GENE0975","GENE0975_HUMAN","P19925","Protein GENE0975",-0.3008,1,0.620032,0,0.2076,3,5,FALSE,FALSE,FALSE
"GENE1712","GENE1712_HUMAN","P39293","Protein GENE1712",-1.0001,0.825451,0.362063,0,0.4412,2,5,FALSE,FALSE,FALSE
"GENE1886","GENE1886_HUMAN","P08418","Protein GENE1886",-0.3216,1,0.537256,0,0.2698,4,4,FALSE,FALSE,FALSE
"GENE0677","GENE0677_HUMAN","P94194","Protein GENE0677",-1.0103,0.042214,0.010235,1.6666,1.9899,2,6,TRUE,FALSE,TRUE
"GENE1630","GENE1630_HUMAN","P25736","Protein GENE1630",0.7678,1,0.731926,0,0.1355,6,4,FALSE,FALSE,FALSE
"GENE2509","GENE2509_HUMAN","P72743","Protein GENE2509",-0.2011,1,0.483451,0,0.3156,2,4,FALSE,FALSE,FALSE
"GENE1584","GENE1584_HUMAN","P23421","Protein GENE1584",2.6206,0.176717,0.044308,0.666,1.3535,4,4,FALSE,FALSE,TRUE
"GENE0521","GENE0521_HUMAN","P89715","Protein GENE0521",0.5981,1,0.305707,0,0.5147,2,5,FALSE,FALSE,FALSE
"GENE2321","GENE2321_HUMAN","P70320","Protein GENE2321",0.0406,1,0.780186,0,0.1078,5,5,FALSE,FALSE,FALSE
"GENE1631","GENE1631_HUMAN","P51391","Protein GENE1631",-0.3827,0.56075,0.545918,0,0.2629,4,4,FALSE,FALSE,FALSE
"GENE2734","GENE2734_HUMAN","P64077","Protein GENE2734",0.1419,0.898865,0.395864,0,0.4025,6,2,TRUE,FALSE,FALSE
"GENE1287","GENE1287_HUMAN","P61239","Protein GENE1287",-0.209,1,0.659293,0,0.1809,4,6,TRUE,FALSE,FALSE
"GENE0790","GENE0790_HUMAN","P07725","Protein GENE0790",0.6934,1,0.746693,0,0.1269,5,6,FALSE,FALSE,FALSE
"GENE0710","GENE0710_HUMAN","P56781","Protein GENE0710",-0.2044,1,0.849982,0,0.0706,5,2,FALSE,FALSE,FALSE
"GENE0560","GENE0560_HUMAN","P11121","Protein GENE0560",0.5096,0.692285,0.302305,0,0.5196,2,3,FALSE,FALSE,FALSE
"GENE1896","GENE1896_HUMAN","P29938","Protein GENE1896",0.6234,0.3863,0.221422,0.2005,0.6548,6,2,FALSE,TRUE,FALSE
"GENE1466","GENE1466_HUMAN","P46782","Protein GENE1466",0.6763,1,0.966545,0,0.0148,6,3,TRUE,TRUE,FALSE
"GENE2107","GENE2107_HUMAN","P25072","Protein GENE2107",-0.2889,0.616056,0.426277,0,0.3703,5,5,FALSE,FALSE,FALSE
"GENE0481","GENE0481_HUMAN","P07540","Protein GENE0481",-0.2442,0.560734,0.149849,0.1373,0.8243,6,3,FALSE,FALSE,FALSE
"GENE2005","GENE2005_HUMAN","P11750","Protein GENE2005",0.3658,1,0.884144,0,0.0535,3,3,FALSE,FALSE,FALSE
"GENE1590","GENE1590_HUMAN","P97302","Protein GENE1590",-0.2531,1,0.411473,0,0.3857,4,5,FALSE,FALSE,FALSE
"GENE0335","GENE0335_HUMAN","P56022","Protein GENE0335",-0.1565,0.749517,0.42075,0.0744,0.376,6,3,FALSE,TRUE,FALSE
"GENE0658","GENE0658_HUMAN","P54140","Protein GENE0658",-0.1638,1,0.726018,0,0.1391,5,6,FALSE,FALSE,FALSE
"GENE2016","GENE2016_HUMAN","P91743","Protein GENE2016",0.3617,1,0.839087,0,0.0762,6,5,TRUE,FALSE,FALSE
"GENE2399","GENE2399_HUMAN","P55470","Protein GENE2399",-0.4629,0.172372,0.148635,0.472,0.8279,3,5,FALSE,FALSE,FALSE
"GENE2272","GENE2272_HUMAN","P77645","Protein GENE2272",0.4191,1,0.441274,0,0.3553,6,5,FALSE,FALSE,FALSE
"GENE2330","GENE2330_HUMAN","P15191","Protein GENE2330",-0.3087,1,0.809929,0,0.0916,4,6,FALSE,FALSE,FALSE
"GENE0879","GENE0879_HUMAN","P97521","Protein GENE0879",-0.4184,1,0.873885,0,0.0585,3,4,FALSE,FALSE,FALSE
"GENE1225","GENE1225_HUMAN","P85555","Protein GENE1225",-0.3755,0.49319,0.18255,0.0661,0.7386,3,3,FALSE,FALSE,FALSE
"GENE1301","GENE1301_HUMAN","P27338","Protein GENE1301",-0.44,1,0.883577,0,0.0538,2,3,TRUE,FALSE,FALSE
"GENE1407","GENE1407_HUMAN","P81978","Protein GENE1407",-0.5952,1,0.96414,0,0.0159,2,5,FALSE,FALSE,FALSE
"GENE2216","GENE2216_HUMAN","P56764","Protein GENE2216",0.3467,1,0.352256,0.0556,0.4531,3,6,FALSE,FALSE,FALSE
"GENE0401","GENE0401_HUMAN","P67942","Protein GENE0401",-0.2907,0.314547,0.203601,0.1391,0.6912,6,3,FALSE,FALSE,FALSE
"GENE2661","GENE2661_HUMAN","P62055","Protein GENE2661",0.5186,1,0.754941,0,0.1221,5,5,FALSE,FALSE,FALSE
"GENE1064","GENE1064_HUMAN","P62451","Protein GENE1064",-0.3587,1,0.270526,0.2989,0.5678,2,3,FALSE,FALSE,FALSE
"GENE0196","GENE0196_HUMAN","P46315","Protein GENE0196",-0.0864,1,0.728467,0.1072,0.1376,6,5,FALSE,FALSE,FALSE
"GENE2517","GENE2517_HUMAN","P70464","Protein GENE2517",0.2131,0.161792,0.066364,0.6625,1.1781,3,4,FALSE,FALSE,FALSE
"GENE2696","GENE2696_HUMAN","P34068","Protein GENE2696",3.6268,0.03911,0.010126,1.5673,1.9945,2,4,FALSE,FALSE,TRUE
"GENE0665","GENE0665_HUMAN","P90773","Protein GENE0665",0.7578,0.863913,0.622717,0,0.2057,2,3,FALSE,FALSE,FALSE
"GENE1965","GENE1965_HUMAN","P31506","Protein GENE1965",0.2875,1,0.714268,0,0.1461,4,5,TRUE,TRUE,FALSE
"GENE1607","GENE1607_HUMAN","P36721","Protein GENE1607",-0.0331,0.838699,0.831429,0,0.0802,2,3,FALSE,FALSE,FALSE
"GENE0156","GENE0156_HUMAN","P62309","Protein GENE0156",0.529,1,0.484418,0,0.3148,6,5,FALSE,FALSE,FALSE
"GENE0124","GENE0124_HUMAN","P97033","Protein GENE0124",2.8893,0.067759,0.031012,0.8627,1.5085,5,2,FALSE,FALSE,TRUE
"GENE2898","GENE2898_HUMAN","P23067","Protein GENE2898",0.3632,0.322688,0.158392,0.1617,0.8003,2,5,FALSE,FALSE,FALSE
"GENE2492","GENE2492_HUMAN","P62955","Protein GENE2492",0.1768,1,0.240159,0.4083,0.6195,6,5,FALSE,FALSE,FALSE
"GENE0554","GENE0554_HUMAN","P12148","Protein GENE0554",-0.8192,0.703206,0.520067,0,0.2839,2,4,FALSE,FALSE,FALSE
"GENE1930","GENE1930_HUMAN","P84080","Protein GENE1930",-0.3925,1,0.410359,0,0.3868,4,5,FALSE,FALSE,FALSE
"GENE1066","GENE1066_HUMAN","P25401","Protein GENE1066",0.3557,1,0.865949,0,0.0625,6,2,FALSE,FALSE,FALSE
"GENE1699","GENE1699_HUMAN","P48302","Protein GENE1699",0.1156,1,0.991726,0,0.0036,3,3,FALSE,FALSE,FALSE
"GENE2390","GENE2390_HUMAN","P80752","Protein GENE2390",0.2166,1,0.642975,0,0.1918,3,3,TRUE,FALSE,FALSE
"GENE0533","GENE0533_HUMAN","P93439","Protein GENE0533",0.2329,1,0.255622,0.212,0.5924,3,6,FALSE,FALSE,FALSE
"GENE1072","GENE1072_HUMAN","P21876","Protein GENE1072",2.1195,0.032075,0.007107,1.5288,2.1483,3,5,FALSE,FALSE,TRUE
"GENE1392","GENE1392_HUMAN","P07773","Protein GENE1392",0.0864,0.460174,0.432159,0,0.3644,4,5,FALSE,FALSE,FALSE
"GENE0809","GENE0809_HUMAN","P25320","Protein GENE0809",0.0792,0.656084,0.597884,0,0.2234,2,4,FALSE,FALSE,FALSE
"GENE1951","GENE1951_HUMAN","P21180","Protein GENE1951",0.4719,0.137718,0.090501,0.5722,1.0433,6,6,FALSE,FALSE,FALSE
"GENE2850","GENE2850_HUMAN","P69033","Protein GENE2850",-1.7806,0.15797,0.039112,0.738,1.4077,2,5,TRUE,FALSE,TRUE
"GENE0238","GENE0238_HUMAN","P82380","Protein GENE0238",0.2122,1,0.873665,0,0.0587,2,2,FALSE,FALSE,FALSE
"GENE2575","GENE2575_HUMAN","P73556","Protein GENE2575",0.2232,1,0.844284,0,0.0735,2,3,FALSE,FALSE,FALSE
"GENE2697","GENE2697_HUMAN","P89030","Protein GENE2697",0.3688,0.226421,0.079431,0.5354,1.1,5,6,TRUE,FALSE,FALSE
"GENE1371","GENE1371_HUMAN","P63375","Protein GENE1371",0.1889,0.273225,0.161165,0.433,0.7927,5,5,FALSE,FALSE,FALSE
"GENE1688","GENE1688_HUMAN","P43555","Protein GENE1688",-0.9866,1,0.553963,0,0.2565,3,3,FALSE,FALSE,FALSE
"GENE0727","GENE0727_HUMAN","P67955","Protein GENE0727",-0.152,0.119755,0.075788,0.5691,1.1204,2,5,FALSE,TRUE,FALSE
"GENE1369","GENE1369_HUMAN","P94436","Protein GENE1369",-0.3853,0.956192,0.619839,0,0.2077,2,3,FALSE,FALSE,FALSE
"GENE0944","GENE0944_HUMAN","P14503","Protein GENE0944",-1.0743,0.710555,0.310643,0,0.5077,4,2,FALSE,FALSE,FALSE
"GENE2544","GENE2544_HUMAN","P31445","Protein GENE2544",-0.0244,0.40387,0.088614,0.6249,1.0525,4,3,FALSE,FALSE,FALSE
"GENE2521","GENE2521_HUMAN","P41802","Protein GENE2521",-0.252,1,0.874559,0,0.0582,3,6,FALSE,FALSE,FALSE
"GENE1938","GENE1938_HUMAN","P48120","Protein GENE1938",-0.5319,1,0.911405,0,0.0403,4,3,FALSE,FALSE,FALSE
"GENE0958","GENE0958_HUMAN","P44537","Protein GENE0958",-0.0385,0.852949,0.597458,0,0.2237,6,6,FALSE,FALSE,FALSE
"GENE2116","GENE2116_HUMAN","P28571","Protein GENE2116",-0.5835,1,0.646918,0,0.1892,3,4,FALSE,FALSE,FALSE
"GENE1361","GENE1361_HUMAN","P67677","Protein GENE1361",-0.8511,1,0.260225,0,0.5847,5,5,FALSE,TRUE,FALSE
"GENE0393","GENE0393_HUMAN","P24830","Protein GENE0393",-0.409,1,0.840902,0,0.0753,5,3,FALSE,FALSE,FALSE
"GPATCH8","GPATCH8_HUMAN","P55508","Protein GPATCH8",0.7771,1,0.412749,0,0.3843,4,2,FALSE,FALSE,FALSE
"GENE1812","GENE1812_HUMAN","P28962","Protein GENE1812",0.5199,0.427529,0.253726,0.2865,0.5956,4,2,TRUE,FALSE,FALSE
"GENE0802","GENE0802_HUMAN","P15993","Protein GENE0802",-0.3116,1,0.587303,0,0.2311,3,3,FALSE,FALSE,FALSE
"GENE0095","GENE0095_HUMAN","P22292","Protein GENE0095",-3.7448,0.166266,0.035828,1.0319,1.4458,6,3,FALSE,FALSE,TRUE
"GENE1109","GENE1109_HUMAN","P10554","Protein GENE1109",0.6988,0.183216,0.080845,0.8427,1.0923,5,5,FALSE,FALSE,FALSE
"GENE1275","GENE1275_HUMAN","P65863","Protein GENE1275",-0.2084,1,0.525314,8e-04,0.2796,6,2,TRUE,TRUE,FALSE
"GENE0683","GENE0683_HUMAN","P62716","Protein GENE0683",-0.9185,1,0.418908,0.0776,0.3779,5,6,TRUE,FALSE,FALSE
"GENE1146","GENE1146_HUMAN","P14183","Protein GENE1146",3.5137,0.076299,0.048603,0.8843,1.3133,5,4,FALSE,FALSE,TRUE
"GENE1774","GENE1774_HUMAN","P71943","Protein GENE1774",0.2746,0.109144,0.071848,0.7838,1.1436,3,5,FALSE,FALSE,FALSE
"GENE2127","GENE2127_HUMAN","P97226","Protein GENE2127",-0.1927,0.479478,0.289846,0.3422,0.5378,4,3,TRUE,FALSE,FALSE
"GENE0453","GENE0453_HUMAN","P73573","Protein GENE0453",-0.0205,0.280437,0.120894,0.7418,0.9176,6,4,FALSE,FALSE,FALSE
"GENE0091","GENE0091_HUMAN","P40677","Protein GENE0091",-0.5156,0.292617,0.192814,0.4171,0.7149,4,5,FALSE,FALSE,FALSE
"GENE2157","GENE2157_HUMAN","P65579","Protein GENE2157",0.3215,1,0.630576,4e-04,0.2003,5,2,FALSE,FALSE,FALSE
"GENE1341","GENE1341_HUMAN","P04732","Protein GENE1341",0.3195,1,0.78265,0,0.1064,6,6,FALSE,FALSE,FALSE
"GENE2869","GENE2869_HUMAN","P83252","Protein GENE2869",0.2519,1,0.649153,0.1284,0.1877,6,2,FALSE,FALSE,FALSE
"GENE2523","GENE2523_HUMAN","P05719","Protein GENE2523",0.1465,0.929022,0.259442,0.2572,0.586,3,4,FALSE,FALSE,FALSE
"GENE1822","GENE1822_HUMAN","P33287","Protein GENE1822",0.2822,0.341441,0.134587,0.2601,0.871,4,6,FALSE,FALSE,FALSE
"GENE0731","GENE0731_HUMAN","P55657","Protein GENE0731",-0.5531,1,0.855447,0,0.0678,5,4,FALSE,TRUE,FALSE
"GENE1960","GENE1960_HUMAN","P96406","Protein GENE1960",0.873,0.009832,0.004942,1.6253,2.3061,5,6,FALSE,FALSE,TRUE
"GENE2129","GENE2129_HUMAN","P01684","Protein GENE2129",4.4976,0.016763,0.006567,2.1176,2.1826,4,4,FALSE,TRUE,TRUE
"GENE0248","GENE0248_HUMAN","P77562","Protein GENE0248",0.6019,1,0.733508,0,0.1346,2,4,FALSE,FALSE,FALSE
"GENE0120","GENE0120_HUMAN","P23314","Protein GENE0120",-0.4043,1,0.481284,0,0.3176,2,6,FALSE,FALSE,FALSE
"GENE2236","GENE2236_HUMAN","P65124","Protein GENE2236",-0.4965,0.628242,0.161189,0.2745,0.7927,5,2,FALSE,FALSE,FALSE
"GENE1981","GENE1981_HUMAN","P28618","Protein GENE1981",0.4736,0.279395,0.144348,0.6112,0.8406,6,2,FALSE,FALSE,FALSE
"GENE0761","GENE0761_HUMAN","P03008","Protein GENE0761",-0.1271,1,0.840311,0.0678,0.0756,3,2,FALSE,FALSE,FALSE
"GENE2807","GENE2807_HUMAN","P04712","Protein GENE2807",-0.1599,0.305668,0.295335,0,0.5297,2,4,FALSE,FALSE,FALSE
"GENE0981","GENE0981_HUMAN","P45770","Protein GENE0981",-0.1776,0.195709,0.065992,0.7476,1.1805,3,6,FALSE,TRUE,FALSE
"GENE2693","GENE2693_HUMAN","P85141","Protein GENE2693",-0.1739,1,0.402477,0,0.3953,4,5,FALSE,FALSE,FALSE
"GENE1587","GENE1587_HUMAN","P46947","Protein GENE1587",-0.8417,0.012655,0.010622,1.5359,1.9738,4,5,FALSE,TRUE,TRUE
"GENE0747","GENE0747_HUMAN","P90164","Protein GENE0747",0.4304,1,0.84564,0,0.0728,2,6,FALSE,FALSE,FALSE
"GENE0431","GENE0431_HUMAN","P84028","Protein GENE0431",0.0684,0.344816,0.182825,0.1636,0.738,6,5,FALSE,FALSE,FALSE
"GENE0671","GENE0671_HUMAN","P40455","Protein GENE0671",0.4262,0.68399,0.176229,0.2314,0.7539,3,3,FALSE,FALSE,FALSE
"GENE0119","GENE0119_HUMAN","P72335","Protein GENE0119",-0.0741,1,0.675624,0,0.1703,3,4,FALSE,TRUE,FALSE
"GENE1057","GENE1057_HUMAN","P25474","Protein GENE1057",2.1132,0.006358,0.002406,1.9432,2.6188,3,4,FALSE,FALSE,TRUE
"GENE0573","GENE0573_HUMAN","P11785","Protein GENE0573",-0.3737,1,0.503764,0.0374,0.2978,6,2,FALSE,FALSE,FALSE
"GENE2441","GENE2441_HUMAN","P58665","Protein GENE2441",-3.6068,0.076206,0.02001,1.4601,1.6987,3,2,FALSE,FALSE,TRUE
"GENE1502","GENE1502_HUMAN","P43764","Protein GENE1502",0.2259,1,0.48536,0.1107,0.3139,4,2,FALSE,FALSE,FALSE
"GENE2718","GENE2718_HUMAN","P08593","Protein GENE2718",0.7773,1,0.797283,0,0.0984,3,3,TRUE,FALSE,FALSE
"GENE2248","GENE2248_HUMAN","P97786","Protein GENE2248",0.0676,1,0.565492,0,0.2476,4,3,FALSE,FALSE,FALSE
"GENE0663","GENE0663_HUMAN","P36596","Protein GENE0663",0.0515,1,0.944831,0,0.0246,5,3,FALSE,FALSE,FALSE
"GENE1890","GENE1890_HUMAN","P38954","Protein GENE1890",-1.03,1,0.937016,0,0.0283,3,2,FALSE,FALSE,FALSE
"GENE0764","GENE0764_HUMAN","P94658","Protein GENE0764",-0.2408,0.930077,0.227949,0.2685,0.6422,6,2,FALSE,FALSE,FALSE
"GENE1077","GENE1077_HUMAN","P92145","Protein GENE1077",0.7574,0.037106,0.010241,1.4558,1.9896,2,3,FALSE,FALSE,TRUE
"GENE0577","GENE0577_HUMAN","P38598","Protein GENE0577",-0.5785,0.952075,0.293778,0,0.532,2,6,FALSE,FALSE,FALSE
"GENE1756","GENE1756_HUMAN","P42760","Protein GENE1756",-0.6797,1,0.67859,0,0.1684,5,3,FALSE,FALSE,FALSE
"GENE2667","GENE2667_HUMAN","P20287","Protein GENE2667",0.4106,1,0.679412,0,0.1679,6,4,FALSE,TRUE,FALSE
"GENE0837","GENE0837_HUMAN","P45554","Protein GENE0837",0.6255,0.250487,0.168886,0.2977,0.7724,3,6,FALSE,FALSE,FALSE
"GENE0629","GENE0629_HUMAN","P47690","Protein GENE0629",-0.0629,0.71291,0.185755,0.1569,0.7311,2,4,FALSE,FALSE,FALSE
"GENE1247","GENE1247_HUMAN","P48023","Protein GENE1247",0.3442,1,0.864001,0,0.0635,3,4,FALSE,FALSE,FALSE
"GENE1048","GENE1048_HUMAN","P73194","Protein GENE1048",-0.3035,0.493318,0.215558,0.3419,0.6664,4,4,FALSE,TRUE,FALSE
"GENE1804","GENE1804_HUMAN","P70802","Protein GENE1804",0.817,1,0.765093,0,0.1163,3,4,FALSE,FALSE,FALSE
"GENE2281","GENE2281_HUMAN","P53006","Protein GENE2281",0.3374,1,0.806797,0,0.0932,4,4,FALSE,FALSE,FALSE
"GENE2784","GENE2784_HUMAN","P29596","Protein GENE2784",0.1144,0.858124,0.567096,0,0.2463,2,5,TRUE,FALSE,FALSE
"GENE1740","GENE1740_HUMAN","P46983","Protein GENE1740",-0.5477,1,0.735077,0,0.1337,5,2,FALSE,FALSE,FALSE
"GENE0133","GENE0133_HUMAN","P51592","Protein GENE0133",0.1651,0.536255,0.184699,0.0978,0.7335,6,4,FALSE,FALSE,FALSE
"GENE0684","GENE0684_HUMAN","P35880","Protein GENE0684",0.6394,0.613146,0.296683,0.3685,0.5277,3,6,TRUE,FALSE,FALSE
"GENE0664","GENE0664_HUMAN","P12585","Protein GENE0664",-0.0093,1,0.255413,0.0339,0.5928,6,4,FALSE,FALSE,FALSE
"GENE0883","GENE0883_HUMAN","P43661","Protein GENE0883",0.2414,0.253334,0.096951,0.5854,1.0134,5,4,FALSE,FALSE,FALSE
"GENE1903","GENE1903_HUMAN","P48517","Protein GENE1903",-0.1487,0.939026,0.407892,0,0.3895,6,3,FALSE,FALSE,FALSE
"GENE1189","GENE1189_HUMAN","P79507","Protein GENE1189",0.4294,1,0.991283,0,0.0038,6,5,TRUE,FALSE,FALSE
"GENE0021","GENE0021_HUMAN","P49124","Protein GENE0021",-0.2308,1,0.539376,0,0.2681,4,6,FALSE,FALSE,FALSE
"GENE1602","GENE1602_HUMAN","P34352","Protein GENE1602",4.0367,0.018765,0.004308,1.8613,2.3657,2,6,FALSE,FALSE,TRUE
"GENE1284","GENE1284_HUMAN","P86025","Protein GENE1284",2.3961,0.029181,0.010653,1.5573,1.9725,6,3,FALSE,FALSE,TRUE
"GENE1149","GENE1149_HUMAN","P10091","Protein GENE1149",-0.0695,1,0.287458,0.2965,0.5414,5,5,FALSE,FALSE,FALSE
"GENE0407","GENE0407_HUMAN","P24788","Protein GENE0407",4.1938,0.088871,0.020647,1.5825,1.6851,2,6,FALSE,FALSE,TRUE
"GENE1578","GENE1578_HUMAN","P70755","Protein GENE1578",-0.1388,1,0.782647,0,0.1064,3,5,FALSE,FALSE,FALSE
"GENE1448","GENE1448_HUMAN","P64947","Protein GENE1448",-0.3477,1,0.885288,0,0.0529,4,6,TRUE,FALSE,FALSE
"GENE1375","GENE1375_HUMAN","P43979","Protein GENE1375",-0.1608,0.368056,0.113362,0.463,0.9455,4,3,FALSE,FALSE,FALSE
"GENE0579","GENE0579_HUMAN","P59048","Protein GENE0579",-0.9085,0.063513,0.014035,1.5574,1.8528,4,3,FALSE,TRUE,TRUE
"DDX3","DDX3_HUMAN","P44468","Protein DDX3",-0.14,1,0.976204,0,0.0105,3,2,FALSE,TRUE,FALSE
"GENE2401","GENE2401_HUMAN","P88199","Protein GENE2401",-0.3072,1,0.649334,0,0.1875,5,4,FALSE,TRUE,FALSE
"GENE2204","GENE2204_HUMAN","P01062","Protein GENE2204",0.5426,0.788406,0.295368,0.0614,0.5296,3,5,TRUE,FALSE,FALSE
"GENE1100","GENE1100_HUMAN","P85495","Protein GENE1100",-0.1252,1,0.957985,0,0.0186,3,6,FALSE,FALSE,FALSE
"GENE0686","GENE0686_HUMAN","P58286","Protein GENE0686",0.3409,1,0.866943,0,0.062,5,2,FALSE,FALSE,FALSE
"GENE2394","GENE2394_HUMAN","P91325","Protein GENE2394",-0.656,1,0.951467,0,0.0216,5,4,TRUE,FALSE,FALSE
"GENE2338","GENE2338_HUMAN","P49383","Protein GENE2338",0.6315,1,0.762973,0,0.1175,6,2,FALSE,FALSE,FALSE
"GENE1029","GENE1029_HUMAN","P47730","Protein GENE1029",0.3945,1,0.574303,0,0.2409,5,3,FALSE,FALSE,FALSE
"GENE0347","GENE0347_HUMAN","P82729","Protein GENE0347",0.4385,0.703853,0.219259,0.2055,0.659,2,4,FALSE,FALSE,FALSE
"GENE2299","GENE2299_HUMAN","P93765","Protein GENE2299",0.1992,0.201136,0.140363,0.5422,0.8527,5,3,FALSE,FALSE,FALSE
"GENE0066","GENE0066_HUMAN","P83777","Protein GENE0066",-0.2419,1,0.855856,0,0.0676,2,4,FALSE,FALSE,FALSE
"GENE0669","GENE0669_HUMAN","P92119","Protein GENE0669",0.5928,1,0.991637,0,0.0036,6,6,TRUE,FALSE,FALSE
"GENE2680","GENE2680_HUMAN","P67258","Protein GENE2680",0.3278,1,0.475858,0,0.3225,2,4,FALSE,FALSE,FALSE
"GENE0807","GENE0807_HUMAN","P41491","Protein GENE0807",0.115,1,0.705989,0.0848,0.1512,5,3,TRUE,FALSE,FALSE
"GENE1067","GENE1067_HUMAN","P02600","Protein GENE1067",-0.0417,1,0.998823,0,5e-04,3,3,FALSE,FALSE,FALSE
"GENE2120","GENE2120_HUMAN","P85877","Protein GENE2120",0.6459,1,0.795538,0,0.0993,4,6,FALSE,FALSE,FALSE
"GENE0317","GENE0317_HUMAN","P10296","Protein GENE0317",0.1089,0.395928,0.09962,0.3291,1.0017,4,5,TRUE,FALSE,FALSE
"GENE1577","GENE1577_HUMAN","P86274","Protein GENE1577",-0.5529,1,0.920595,0,0.0359,3,4,FALSE,FALSE,FALSE
"GENE0436","GENE0436_HUMAN","P09389","Protein GENE0436",-0.6913,1,0.848217,0,0.0715,3,5,FALSE,FALSE,FALSE
"GENE0052","GENE0052_HUMAN","P24082","Protein GENE0052",-0.0248,1,0.738707,0,0.1315,3,4,FALSE,FALSE,FALSE
"GENE0443","GENE0443_HUMAN","P35417","Protein GENE0443",-0.0765,0.805784,0.680672,0,0.1671,4,4,FALSE,FALSE,FALSE
"GENE2219","GENE2219_HUMAN","P52176","Protein GENE2219",-0.3054,0.383824,0.135395,0.1851,0.8684,4,4,FALSE,FALSE,FALSE
"GENE0932","GENE0932_HUMAN","P71461","Protein GENE0932",0.2253,0.303897,0.100929,0.5325,0.996,5,5,FALSE,FALSE,FALSE
"GENE0695","GENE0695_HUMAN","P55003","Protein GENE0695",-2.4008,0.139094,0.038693,1.2856,1.4124,2,6,FALSE,FALSE,TRUE
"GENE1423","GENE1423_HUMAN","P63372","Protein GENE1423",0.039,1,0.715513,0,0.1454,3,4,FALSE,FALSE,FALSE
"GENE1713","GENE1713_HUMAN","P94163","Protein GENE1713",4.3954,0.020819,0.012791,1.2212,1.8931,2,6,FALSE,FALSE,TRUE
"GENE1803","GENE1803_HUMAN","P45271","Protein GENE1803",0.1174,1,0.979117,0,0.0092,6,5,FALSE,FALSE,FALSE
"GENE0688","GENE0688_HUMAN","P77023","Protein GENE0688",0.4356,0.397733,0.236962,0.3559,0.6253,2,4,FALSE,FALSE,FALSE
"GENE2240","GENE2240_HUMAN","P17099","Protein GENE2240",3.9401,0.007342,0.001911,2.628,2.7188,4,2,FALSE,TRUE,TRUE
"GENE1142","GENE1142_HUMAN","P16602","Protein GENE1142",-2.0056,0.067219,0.020423,1.542,1.6899,5,6,FALSE,FALSE,TRUE
"GENE0509","GENE0509_HUMAN","P99755","Protein GENE0509",0.5151,1,0.953706,0,0.0206,4,5,FALSE,FALSE,FALSE
"GENE2893","GENE2893_HUMAN","P45955","Protein GENE2893",0.1376,1,0.913682,0,0.0392,5,5,FALSE,FALSE,FALSE
"GENE0412","GENE0412_HUMAN","P02142","Protein GENE0412",-0.0399,0.347076,0.098823,0.3326,1.0051,5,5,TRUE,FALSE,FALSE
"GENE0556","GENE0556_HUMAN","P67552","Protein GENE0556",-0.6879,1,0.784399,0,0.1055,6,2,FALSE,FALSE,FALSE
"GENE1060","GENE1060_HUMAN","P59540","Protein GENE1060",0.0472,1,0.820678,0,0.0858,4,5,FALSE,FALSE,FALSE
"DDX50","DDX50_HUMAN","P85801","Protein DDX50",0.0457,1,0.351959,0,0.4535,2,4,FALSE,FALSE,FALSE
"GENE0849","GENE0849_HUMAN","P11586","Protein GENE0849",0.1325,1,0.845552,0,0.0729,4,5,TRUE,FALSE,FALSE
"GENE2237","GENE2237_HUMAN","P75836","Protein GENE2237",0.3746,1,0.408895,0.1792,0.3884,5,4,FALSE,FALSE,FALSE
"GENE1141","GENE1141_HUMAN","P09221","Protein GENE1141",0.4791,0.538752,0.483311,0,0.3158,5,5,FALSE,FALSE,FALSE
"GENE0421","GENE0421_HUMAN","P21611","Protein GENE0421",0.2393,1,0.764376,0,0.1167,5,2,TRUE,FALSE,FALSE
"GENE1355","GENE1355_HUMAN","P97450","Protein GENE1355",0.0249,0.402283,0.172008,0.1697,0.7645,6,2,FALSE,FALSE,FALSE
"GENE0234","GENE0234_HUMAN","P05633","Protein GENE0234",0.4886,0.533301,0.192415,0.7065,0.7158,4,4,TRUE,TRUE,FALSE
"GENE0140","GENE0140_HUMAN","P03991","Protein GENE0140",-0.0275,1,0.551925,0,0.2581,6,2,FALSE,FALSE,FALSE
"GENE1615","GENE1615_HUMAN","P75387","Protein GENE1615",0.4368,1,0.586149,0,0.232,3,5,FALSE,FALSE,FALSE
"GENE1617","GENE1617_HUMAN","P61678","Protein GENE1617",0.3187,0.431026,0.161502,0.1815,0.7918,6,2,FALSE,FALSE,FALSE
"GENE1954","GENE1954_HUMAN","P12937","Protein GENE1954",0.3394,0.542554,0.192987,0.1946,0.7145,4,5,FALSE,FALSE,FALSE
"GENE2409","GENE2409_HUMAN","P28940","Protein GENE2409",-2.9563,0.030774,0.016238,1.1779,1.7895,5,3,TRUE,TRUE,TRUE
"GENE1855","GENE1855_HUMAN","P93175","Protein GENE1855",-0.1586,0.860815,0.838491,0,0.0765,2,2,FALSE,TRUE,FALSE
"GENE1869","GENE1869_HUMAN","P93874","Protein GENE1869",1.1158,0.194184,0.041933,1.2556,1.3774,4,4,FALSE,TRUE,TRUE
"GENE0134","GENE0134_HUMAN","P88913","Protein GENE0134",-0.4158,1,0.684926,0,0.1644,5,4,FALSE,FALSE,FALSE
"ASCC1","ASCC1_HUMAN","P40590","Protein ASCC1",2.6994,0.161041,0.03522,0.9664,1.4532,4,3,FALSE,FALSE,TRUE
"GENE1494","GENE1494_HUMAN","P33051","Protein GENE1494",0.0613,1,0.417179,0,0.3797,6,6,FALSE,FALSE,FALSE
"GENE0555","GENE0555_HUMAN","P79451","Protein GENE0555",0.0276,0.370083,0.20517,0.2505,0.6879,2,3,TRUE,FALSE,FALSE
"GENE1490","GENE1490_HUMAN","P04886","Protein GENE1490",-0.5778,1,0.452764,0,0.3441,3,2,FALSE,FALSE,FALSE
"GENE2277","GENE2277_HUMAN","P72519","Protein GENE2277",0.6236,0.762584,0.21199,0.6558,0.6737,2,5,FALSE,FALSE,FALSE
"GENE2150","GENE2150_HUMAN","P02261","Protein GENE2150",-0.0025,0.670444,0.450602,0,0.3462,4,3,FALSE,FALSE,FALSE
"GENE0274","GENE0274_HUMAN","P80232","Protein GENE0274",1.6546,0.008466,0.002117,2.0695,2.6744,6,6,FALSE,FALSE,TRUE
"GENE1809","GENE1809_HUMAN","P37663","Protein GENE1809",-0.62,0.655698,0.542767,0,0.2654,4,6,FALSE,FALSE,FALSE
"GENE1566","GENE1566_HUMAN","P85568","Protein GENE1566",0.4354,1,0.585027,0,0.2328,5,4,FALSE,FALSE,FALSE
"GENE2566","GENE2566_HUMAN","P38076","Protein GENE2566",0.3367,0.984363,0.25502,0,0.5934,2,5,FALSE,FALSE,FALSE
"GENE1025","GENE1025_HUMAN","P34498","Protein GENE1025",-0.5893,0.275076,0.07805,0.6854,1.1076,4,6,FALSE,FALSE,FALSE
"GENE0144","GENE0144_HUMAN","P47229","Protein GENE0144",0.8942,0.159203,0.087347,0.4238,1.0588,2,5,FALSE,FALSE,FALSE
"GENE0135","GENE0135_HUMAN","P90764","Protein GENE0135",0.0413,1,0.408473,0,0.3888,4,5,FALSE,TRUE,FALSE
"GENE1040","GENE1040_HUMAN","P61856","Protein GENE1040",-0.0121,0.693713,0.230375,0.2775,0.6376,2,5,FALSE,FALSE,FALSE
"GENE1165","GENE1165_HUMAN","P16568","Protein GENE1165",0.0099,0.439085,0.160315,0.4163,0.795,4,6,TRUE,FALSE,FALSE
"GENE1737","GENE1737_HUMAN","P29188","Protein GENE1737",-0.1133,1,0.597239,0,0.2239,4,2,FALSE,FALSE,FALSE
"GENE0931","GENE0931_HUMAN","P52131","Protein GENE0931",-0.4491,0.311397,0.062406,0.7674,1.2048,5,6,FALSE,FALSE,FALSE
"GENE2541","GENE2541_HUMAN","P88416","Protein GENE2541",-0.213,0.785183,0.514811,0,0.2884,6,4,FALSE,FALSE,FALSE
"GENE0474","GENE0474_HUMAN","P92517","Protein GENE0474",-0.8885,1,0.786695,0,0.1042,3,2,FALSE,FALSE,FALSE
"GENE1219","GENE1219_HUMAN","P63128","Protein GENE1219",0.4628,1,0.594536,0,0.2258,5,2,FALSE,FALSE,FALSE
"GENE1553","GENE1553_HUMAN","P30118","Protein GENE1553",0.0875,0.607919,0.154093,0.7168,0.8122,3,5,FALSE,FALSE,FALSE
"GENE0995","GENE0995_HUMAN","P04034","Protein GENE0995",-0.7399,1,0.833741,0,0.079,6,5,FALSE,FALSE,FALSE
"GENE0045","GENE0045_HUMAN","P70823","Protein GENE0045",0.1217,1,0.915413,0,0.0384,2,4,FALSE,FALSE,FALSE
"GENE2115","GENE2115_HUMAN","P96608","Protein GENE2115",0.2471,0.537044,0.331063,0.338,0.4801,6,3,FALSE,FALSE,FALSE
"GENE1373","GENE1373_HUMAN","P05952","Protein GENE1373",-0.0898,1,0.461133,0,0.3362,5,4,FALSE,FALSE,FALSE
"GENE0356","GENE0356_HUMAN","P61468","Protein GENE0356",-0.5675,1,0.992511,0,0.0033,4,2,FALSE,FALSE,FALSE
"GENE0483","GENE0483_HUMAN","P72067","Protein GENE0483",0.1413,0.247261,0.133526,0.8102,0.8744,3,5,FALSE,FALSE,FALSE
"GENE2411","GENE2411_HUMAN","P04632","Protein GENE2411",-0.0754,1,0.789792,0,0.1025,4,4,FALSE,FALSE,FALSE
"GENE1445","GENE1445_HUMAN","P82181","Protein GENE1445",-0.3117,1,0.798593,0,0.0977,2,6,FALSE,FALSE,FALSE
"GENE0258","GENE0258_HUMAN","P10111","Protein GENE0258",0.1656,1,0.972001,0,0.0123,3,2,FALSE,FALSE,FALSE
"GENE1433","GENE1433_HUMAN","P95287","Protein GENE1433",-0.0238,1,0.257864,0.4357,0.5886,2,6,FALSE,FALSE,FALSE
"GENE1778","GENE1778_HUMAN","P52001","Protein GENE1778",-0.078,1,0.919701,0,0.0364,5,3,TRUE,FALSE,FALSE
"GENE0320","GENE0320_HUMAN","P88836","Protein GENE0320",0.0283,1,0.582365,0,0.2348,2,2,FALSE,FALSE,FALSE
"GENE1396","GENE1396_HUMAN","P65986","Protein GENE1396",-1.5132,0.030264,0.00804,1.4962,2.0948,2,3,FALSE,FALSE,TRUE
"GENE1101","GENE1101_HUMAN","P70717","Protein GENE1101",0.1711,1,0.29156,0,0.5353,3,3,FALSE,FALSE,FALSE
"GENE0624","GENE0624_HUMAN","P89001","Protein GENE0624",-0.509,0.510103,0.108231,0.5472,0.9656,4,3,TRUE,FALSE,FALSE
"GENE0666","GENE0666_HUMAN","P34023","Protein GENE0666",0.5085,0.882581,0.370003,0,0.4318,3,3,FALSE,FALSE,FALSE
"GENE0902","GENE0902_HUMAN","P97445","Protein GENE0902",0.184,1,0.740357,0,0.1306,5,3,FALSE,FALSE,FALSE
"GENE2535","GENE2535_HUMAN","P69712","Protein GENE2535",0.1558,0.979732,0.72342,0,0.1406,6,3,FALSE,FALSE,FALSE
"GENE2423","GENE2423_HUMAN","P55362","Protein GENE2423",-0.8131,0.467796,0.454802,0.1493,0.3422,4,3,FALSE,FALSE,FALSE
"GENE2694","GENE2694_HUMAN","P05803","Protein GENE2694",0.3482,0.842276,0.509815,0.0252,0.2926,3,6,FALSE,FALSE,FALSE
"GENE1515","GENE1515_HUMAN","P70744","Protein GENE1515",1.1239,1,0.967674,0,0.0143,3,2,FALSE,FALSE,FALSE
"GENE0873","GENE0873_HUMAN","P87016","Protein GENE0873",-0.2082,0.91552,0.202084,0.3341,0.6945,5,4,FALSE,FALSE,FALSE
"GENE1405","GENE1405_HUMAN","P15173","Protein GENE1405",-0.4417,1,0.772238,0,0.1122,3,2,FALSE,FALSE,FALSE
"GENE1648","GENE1648_HUMAN","P38090","Protein GENE1648",-0.007,1,0.85365,0,0.0687,2,2,FALSE,FALSE,FALSE
"AGGF1","AGGF1_HUMAN","P02533","Protein AGGF1",-0.3513,1,0.91579,0,0.0382,3,6,FALSE,FALSE,FALSE
"GENE2144","GENE2144_HUMAN","P23518","Protein GENE2144",-0.4132,1,0.34931,0,0.4568,4,2,FALSE,FALSE,FALSE
"GENE0977","GENE0977_HUMAN","P02561","Protein GENE0977",0.1783,1,0.367802,0,0.4344,5,2,FALSE,FALSE,FALSE
"GENE0847","GENE0847_HUMAN","P05658","Protein GENE0847",-0.2298,1,0.40264,0,0.3951,4,3,FALSE,FALSE,FALSE
"GENE0655","GENE0655_HUMAN","P28243","Protein GENE0655",4.4412,0.073929,0.026809,0.9549,1.5717,5,2,FALSE,FALSE,TRUE
"GENE0130","GENE0130_HUMAN","P94920","Protein GENE0130",-0.4733,1,0.764287,0,0.1167,6,5,FALSE,FALSE,FALSE
"GENE0445","GENE0445_HUMAN","P53763","Protein GENE0445",0.8558,1,0.675181,0,0.1706,5,4,FALSE,FALSE,FALSE
"GENE2564","GENE2564_HUMAN","P14290","Protein GENE2564",0.0868,0.76589,0.200953,0.0354,0.6969,5,3,FALSE,FALSE,FALSE
"GENE2874","GENE2874_HUMAN","P98995","Protein GENE2874",0.4819,1,0.653841,0,0.1845,6,3,FALSE,FALSE,FALSE
"GENE1729","GENE1729_HUMAN","P40323","Protein GENE1729",0.3065,1,0.758975,0,0.1198,2,3,TRUE,FALSE,FALSE
"GENE2073","GENE2073_HUMAN","P52356","Protein GENE2073",-0.5139,1,0.232866,0.2141,0.6329,4,5,TRUE,FALSE,FALSE
"GENE1970","GENE1970_HUMAN","P96196","Protein GENE1970",0.4635,0.716071,0.57547,0,0.24,6,6,FALSE,FALSE,FALSE
"GENE1837","GENE1837_HUMAN","P76945","Protein GENE1837",0.5763,1,0.412111,0.1247,0.385,4,5,TRUE,FALSE,FALSE
"GENE1929","GENE1929_HUMAN","P33214","Protein GENE1929",-0.0295,1,0.711762,0,0.1477,5,5,FALSE,FALSE,FALSE
"GENE1512","GENE1512_HUMAN","P88153","Protein GENE1512",0.6813,0.637001,0.40572,0.0739,0.3918,6,5,FALSE,FALSE,FALSE
"GENE0570","GENE0570_HUMAN","P52690","Protein GENE0570",0.7995,1,0.992478,0,0.0033,3,5,FALSE,FALSE,FALSE
"GENE2632","GENE2632_HUMAN","P02275","Protein GENE2632",-0.0046,1,0.421919,0,0.3748,5,3,FALSE,FALSE,FALSE
"GENE2644","GENE2644_HUMAN","P33091","Protein GENE2644",0.1498,0.715819,0.21509,0.2483,0.6674,3,6,FALSE,FALSE,FALSE
"GENE2537","GENE2537_HUMAN","P45481","Protein GENE2537",0.1476,1,0.621677,0,0.2064,6,5,FALSE,FALSE,FALSE
"GENE0442","GENE0442_HUMAN","P29498","Protein GENE0442",0.1535,1,0.667481,0,0.1756,4,4,TRUE,FALSE,FALSE
"GENE1585","GENE1585_HUMAN","P68220","Protein GENE1585",0.5633,0.222999,0.061728,1.0451,1.2095,2,5,FALSE,FALSE,FALSE
"GENE2044","GENE2044_HUMAN","P89425","Protein GENE2044",0.1667,1,0.977616,0,0.0098,4,5,FALSE,FALSE,FALSE
"GENE2365","GENE2365_HUMAN","P54751","Protein GENE2365",0.1764,1,0.665895,0,0.1766,4,3,TRUE,FALSE,FALSE
"GENE1559","GENE1559_HUMAN","P75096","Protein GENE1559",0.8796,0.853968,0.391549,0,0.4072,2,5,FALSE,FALSE,FALSE
"GENE1467","GENE1467_HUMAN","P47642","Protein GENE1467",-0.6576,0.889004,0.573779,0,0.2413,6,4,FALSE,FALSE,FALSE
"GENE0507","GENE0507_HUMAN","P01462","Protein GENE0507",0.527,1,0.999768,0,1e-04,4,2,TRUE,TRUE,FALSE
"GENE0757","GENE0757_HUMAN","P94524","Protein GENE0757",0.2735,1,0.672378,0.0202,0.1724,2,3,FALSE,FALSE,FALSE
"GENE0143","GENE0143_HUMAN","P02609","Protein GENE0143",0.3455,1,0.783358,0,0.106,4,4,FALSE,FALSE,FALSE
"GENE1238","GENE1238_HUMAN","P30098","Protein GENE1238",0.4122,0.76358,0.174695,0.6191,0.7577,2,3,FALSE,FALSE,FALSE
"GENE2648","GENE2648_HUMAN","P08574","Protein GENE2648",-0.1062,0.954184,0.81149,0,0.0907,6,5,FALSE,TRUE,FALSE
"GENE0089","GENE0089_HUMAN","P21191","Protein GENE0089",0.1178,0.659934,0.335011,0,0.4749,5,6,FALSE,FALSE,FALSE
"GENE2816","GENE2816_HUMAN","P67229","Protein GENE2816",0.1064,0.429997,0.316391,0,0.4998,6,4,FALSE,FALSE,FALSE
"GENE2512","GENE2512_HUMAN","P22076","Protein GENE2512",-0.4564,1,0.958455,0,0.0184,3,5,FALSE,FALSE,FALSE
"GENE0730","GENE0730_HUMAN","P96675","Protein GENE0730",3.8736,0.035005,0.014275,1.262,1.8454,4,3,FALSE,FALSE,TRUE
"GENE1772","GENE1772_HUMAN","P05856","Protein GENE1772",-1.2326,0.148971,0.030859,1.47,1.5106,4,6,FALSE,TRUE,TRUE
"GENE2629","GENE2629_HUMAN","P53632","Protein GENE2629",-0.0823,1,0.22135,0.3671,0.6549,4,2,FALSE,FALSE,FALSE
"GENE0463","GENE0463_HUMAN","P13084","Protein GENE0463",-0.2546,0.446938,0.104006,0.4989,0.9829,6,2,FALSE,FALSE,FALSE
"GENE2779","GENE2779_HUMAN","P91295","Protein GENE2779",-0.1912,1,0.675934,0,0.1701,6,6,FALSE,FALSE,FALSE
"GENE0117","GENE0117_HUMAN","P39811","Protein GENE0117",0.3574,1,0.759556,0,0.1194,5,2,FALSE,FALSE,FALSE
"GENE1440","GENE1440_HUMAN","P11314","Protein GENE1440",-0.421,1,0.3762,0,0.4246,2,5,FALSE,FALSE,FALSE
"GENE2686","GENE2686_HUMAN","P86792","Protein GENE2686",0.1654,0.85133,0.310924,0,0.5073,5,2,FALSE,FALSE,FALSE
"GENE0945","GENE0945_HUMAN","P38186","Protein GENE0945",-0.2479,1,0.804244,0,0.0946,6,2,FALSE,TRUE,FALSE
"GENE0198","GENE0198_HUMAN","P57417","Protein GENE0198",1.3088,0.035944,0.021806,1.0404,1.6614,5,6,FALSE,FALSE,TRUE
"GENE0336","GENE0336_HUMAN","P26521","Protein GENE0336",0.8075,0.433852,0.229879,0.5683,0.6385,5,3,FALSE,FALSE,FALSE
"GENE0192","GENE0192_HUMAN","P36079","Protein GENE0192",0.5329,1,0.482958,0,0.3161,5,3,FALSE,FALSE,FALSE
"GENE1982","GENE1982_HUMAN","P77689","Protein GENE1982",-0.0792,0.289715,0.070461,0.6585,1.1521,6,6,FALSE,FALSE,FALSE
"GENE0207","GENE0207_HUMAN","P79456","Protein GENE0207",0.6055,0.487362,0.2357,0.1676,0.6276,3,2,TRUE,FALSE,FALSE
"GENE2260","GENE2260_HUMAN","P49109","Protein GENE2260",-0.0301,1,0.589755,0,0.2293,4,4,FALSE,FALSE,FALSE
"GENE0458","GENE0458_HUMAN","P03863","Protein GENE0458",3.6009,0.07228,0.028306,1.5411,1.5481,3,4,FALSE,FALSE,TRUE
"GENE1216","GENE1216_HUMAN","P67679","Protein GENE1216",0.1039,0.593172,0.43976,0,0.3568,2,4,FALSE,FALSE,FALSE
"GENE1069","GENE1069_HUMAN","P11949","Protein GENE1069",0.5409,0.923372,0.389406,0,0.4096,6,2,FALSE,FALSE,FALSE
"GENE1625","GENE1625_HUMAN","P35957","Protein GENE1625",-0.6971,0.008881,0.00591,1.7869,2.2284,5,2,FALSE,FALSE,TRUE
"GENE1314","GENE1314_HUMAN","P55889","Protein GENE1314",-0.8273,1,0.435472,0,0.361,6,6,FALSE,FALSE,FALSE
"GENE2606","GENE2606_HUMAN","P78991","Protein GENE2606",-0.573,0.069243,0.018382,1.6012,1.7356,5,6,FALSE,FALSE,TRUE
"GENE2435","GENE2435_HUMAN","P62516","Protein GENE2435",-0.1172,1,0.234778,0.236,0.6293,4,2,TRUE,FALSE,FALSE
"GENE1669","GENE1669_HUMAN","P29507","Protein GENE1669",0.0254,1,0.779113,0,0.1084,6,6,FALSE,FALSE,FALSE
"GENE2491","GENE2491_HUMAN","P60509","Protein GENE2491",0.6327,1,0.475482,0.0049,0.3229,6,6,FALSE,FALSE,FALSE
"GENE2192","GENE2192_HUMAN","P69229","Protein GENE2192",-0.3809,1,0.971156,0,0.0127,2,2,FALSE,FALSE,FALSE
"GENE0880","GENE0880_HUMAN","P67581","Protein GENE0880",0.2525,1,0.596477,0,0.2244,5,6,TRUE,FALSE,FALSE
"GENE1646","GENE1646_HUMAN","P35088","Protein GENE1646",2.237,0.190685,0.040292,1.2374,1.3948,4,2,FALSE,FALSE,TRUE
"GENE1947","GENE1947_HUMAN","P39274","Protein GENE1947",0.5781,0.589138,0.248578,0.2539,0.6045,6,4,FALSE,FALSE,FALSE
"GENE1223","GENE1223_HUMAN","P18766","Protein GENE1223",-0.0433,1,0.343973,0.2384,0.4635,4,2,FALSE,FALSE,FALSE
"GENE2386","GENE2386_HUMAN","P42153","Protein GENE2386",0.0275,1,0.329693,0.0437,0.4819,3,3,FALSE,FALSE,FALSE
"GENE0006","GENE0006_HUMAN","P83470","Protein GENE0006",0.0157,1,0.510558,0,0.292,4,5,TRUE,FALSE,FALSE
"GENE1618","GENE1618_HUMAN","P94206","Protein GENE1618",0.5534,0.999441,0.802736,0.0505,0.0954,5,4,FALSE,FALSE,FALSE
"GENE0297","GENE0297_HUMAN","P15640","Protein GENE0297",-0.8008,0.898633,0.361335,0,0.4421,3,3,TRUE,FALSE,FALSE
"GENE0498","GENE0498_HUMAN","P93708","Protein GENE0498",-1.0894,1,0.961059,0,0.0172,3,4,FALSE,FALSE,FALSE
"GENE2294","GENE2294_HUMAN","P75710","Protein GENE2294",0.5433,1,0.735111,0,0.1336,4,2,FALSE,FALSE,FALSE
"GENE2139","GENE2139_HUMAN","P78325","Protein GENE2139",0.1967,0.402887,0.141061,0.585,0.8506,3,6,FALSE,FALSE,FALSE
"GENE1366","GENE1366_HUMAN","P27418","Protein GENE1366",0.8506,0.046909,0.042939,0.7981,1.3671,5,5,FALSE,FALSE,TRUE
"GENE2004","GENE2004_HUMAN","P32580","Protein GENE2004",0.0287,1,0.825469,0,0.0833,6,4,FALSE,FALSE,FALSE
"GENE0176","GENE0176_HUMAN","P29534","Protein GENE0176",-0.7976,0.702368,0.460534,0,0.3367,2,5,FALSE,FALSE,FALSE
"GENE1767","GENE1767_HUMAN","P09108","Protein GENE1767",0.095,1,0.820794,0,0.0858,4,6,FALSE,FALSE,FALSE
"GENE1188","GENE1188_HUMAN","P73572","Protein GENE1188",0.3561,1,0.824716,0,0.0837,6,6,FALSE,FALSE,FALSE
"GENE1259","GENE1259_HUMAN","P85621","Protein GENE1259",0.0647,1,0.780626,0,0.1076,3,3,FALSE,FALSE,FALSE
"GENE0594","GENE0594_HUMAN","P11651","Protein GENE0594",0.3034,0.927127,0.457474,0.1622,0.3396,6,4,FALSE,FALSE,FALSE
"GENE0001","GENE0001_HUMAN","P65303","Protein GENE0001",-0.0699,1,0.477824,0.0678,0.3207,5,4,FALSE,FALSE,FALSE
"GENE0746","GENE0746_HUMAN","P76034","Protein GENE0746",-0.146,0.496734,0.120074,0.2422,0.9206,6,5,FALSE,FALSE,FALSE
"GENE1398","GENE1398_HUMAN","P34381","Protein GENE1398",-0.3959,0.837033,0.495955,0,0.3046,3,2,FALSE,FALSE,FALSE
"GENE2319","GENE2319_HUMAN","P37220","Protein GENE2319",-0.0573,1,0.896043,0,0.0477,5,4,FALSE,FALSE,FALSE
"GENE0974","GENE0974_HUMAN","P71914","Protein GENE0974",0.1122,1,0.48039,0,0.3184,6,5,FALSE,FALSE,FALSE
"GENE0586","GENE0586_HUMAN","P39822","Protein GENE0586",-0.246,1,0.961274,0,0.0172,3,3,FALSE,FALSE,FALSE
"GENE0370","GENE0370_HUMAN","P80256","Protein GENE0370",-0.8739,1,0.444726,0,0.3519,6,3,FALSE,FALSE,FALSE
"GENE0478","GENE0478_HUMAN","P93842","Protein GENE0478",-0.5387,1,0.499812,0,0.3012,3,5,FALSE,FALSE,FALSE
"GENE0547","GENE0547_HUMAN","P28816","Protein GENE0547",0.189,1,0.518842,0,0.285,4,6,FALSE,FALSE,FALSE
"GENE0012","GENE0012_HUMAN","P40787","Protein GENE0012",-0.7159,1,0.676136,0,0.17,5,2,TRUE,FALSE,FALSE
"GENE2080","GENE2080_HUMAN","P73364","Protein GENE2080",0.7943,0.900291,0.248444,0.3751,0.6048,3,5,FALSE,FALSE,FALSE
"GENE2788","GENE2788_HUMAN","P54102","Protein GENE2788",0.0231,1,0.954708,0,0.0201,5,5,FALSE,FALSE,FALSE
"GENE1689","GENE1689_HUMAN","P48106","Protein GENE1689",3.6456,0.014866,0.00378,1.9382,2.4225,2,5,TRUE,FALSE,TRUE
"GENE2151","GENE2151_HUMAN","P91442","Protein GENE2151",-0.2615,0.841148,0.592897,0,0.227,2,5,TRUE,FALSE,FALSE
"GENE1901","GENE1901_HUMAN","P01672","Protein GENE1901",-0.5469,0.507065,0.225306,0,0.6472,2,6,FALSE,FALSE,FALSE
"GENE2754","GENE2754_HUMAN","P91301","Protein GENE2754",0.0804,1,0.282426,0.2823,0.5491,5,6,FALSE,FALSE,FALSE
"GENE1428","GENE1428_HUMAN","P04922","Protein GENE1428",1.771,0.008294,0.005495,2.1023,2.26,4,5,TRUE,FALSE,TRUE
"GENE1694","GENE1694_HUMAN","P03305","Protein GENE1694",0.2499,1,0.441696,0,0.3549,6,4,FALSE,FALSE,FALSE
"GENE0491","GENE0491_HUMAN","P96475","Protein GENE0491",2.7125,0.204918,0.048293,0.9941,1.3161,4,3,FALSE,TRUE,TRUE
"GENE1532","GENE1532_HUMAN","P25095","Protein GENE1532",4.3437,0.076623,0.023563,1.0394,1.6278,3,4,TRUE,FALSE,TRUE
"GENE2218","GENE2218_HUMAN","P03468","Protein GENE2218",0.4039,1,0.71676,0,0.1446,5,3,FALSE,FALSE,FALSE
"GENE0406","GENE0406_HUMAN","P98776","Protein GENE0406",0.2917,1,0.956684,0,0.0192,5,4,FALSE,FALSE,FALSE
"GENE0738","GENE0738_HUMAN","P44474","Protein GENE0738",0.3584,0.407725,0.133828,0.7185,0.8735,3,3,TRUE,FALSE,FALSE
"GENE0805","GENE0805_HUMAN","P28355","Protein GENE0805",-0.1367,0.853893,0.185263,0.6473,0.7322,6,5,FALSE,FALSE,FALSE
"GENE1129","GENE1129_HUMAN","P57699","Protein GENE1129",1.6074,0.056248,0.023874,1.5824,1.6221,4,2,FALSE,FALSE,TRUE
"GENE0025","GENE0025_HUMAN","P24418","Protein GENE0025",0.4801,1,0.719313,0,0.1431,3,5,FALSE,TRUE,FALSE
"GENE1393","GENE1393_HUMAN","P18019","Protein GENE1393",3.9391,0.028249,0.018379,1.2411,1.7357,3,4,FALSE,FALSE,TRUE
"GENE2569","GENE2569_HUMAN","P22480","Protein GENE2569",-0.4052,1,0.3626,0,0.4406,3,2,FALSE,FALSE,FALSE
"GENE1134","GENE1134_HUMAN","P50821","Protein GENE1134",0.61,0.44066,0.095159,0.3248,1.0216,6,4,FALSE,TRUE,FALSE
"GENE0276","GENE0276_HUMAN","P72204","Protein GENE0276",-0.1649,0.24681,0.203602,0.2299,0.6912,2,4,FALSE,FALSE,FALSE
"GENE2669","GENE2669_HUMAN","P66905","Protein GENE2669",-0.0489,1,0.911286,0,0.0403,5,4,FALSE,FALSE,FALSE
"GENE0033","GENE0033_HUMAN","P61454","Protein GENE0033",-0.7667,1,0.721183,0,0.142,6,3,FALSE,FALSE,FALSE
"GENE1358","GENE1358_HUMAN","P61628","Protein GENE1358",0.176,1,0.246989,0,0.6073,6,2,FALSE,FALSE,FALSE
"GENE1819","GENE1819_HUMAN","P99522","Protein GENE1819",0.3231,1,0.605309,0,0.218,5,3,FALSE,FALSE,FALSE
"GENE0948","GENE0948_HUMAN","P21715","Protein GENE0948",0.3842,0.326155,0.08856,0.6262,1.0528,6,3,FALSE,FALSE,FALSE
"GENE0369","GENE0369_HUMAN","P39676","Protein GENE0369",-0.1865,1,0.613574,0,0.2121,5,4,FALSE,FALSE,FALSE
"GENE0395","GENE0395_HUMAN","P52594","Protein GENE0395",0.2337,0.908934,0.184712,0.1886,0.7335,6,4,FALSE,FALSE,FALSE
"GENE2256","GENE2256_HUMAN","P56908","Protein GENE2256",-0.0115,0.115884,0.109273,0.9489,0.9615,6,6,FALSE,FALSE,FALSE
"GENE2830","GENE2830_HUMAN","P47488","Protein GENE2830",1.127,0.072825,0.023086,1.1286,1.6367,4,3,FALSE,FALSE,TRUE
"GENE2764","GENE2764_HUMAN","P04054","Protein GENE2764",0.194,1,0.802038,0.0854,0.0958,3,3,FALSE,FALSE,FALSE
"GENE1315","GENE1315_HUMAN","P05979","Protein GENE1315",-0.1836,0.691168,0.17526,0.1888,0.7563,2,2,FALSE,FALSE,FALSE
"GENE2193","GENE2193_HUMAN","P62964","Protein GENE2193",-0.4644,1,0.813651,0,0.0896,5,3,FALSE,FALSE,FALSE
"GENE0327","GENE0327_HUMAN","P48816","Protein GENE0327",-0.093,1,0.637958,0,0.1952,5,2,FALSE,FALSE,FALSE
"GENE0718","GENE0718_HUMAN","P80663","Protein GENE0718",0.1202,1,0.681759,0,0.1664,5,2,TRUE,FALSE,FALSE
"GENE0037","GENE0037_HUMAN","P65260","Protein GENE0037",-0.315,1,0.61421,0,0.2117,4,5,FALSE,FALSE,FALSE
"GENE1278","GENE1278_HUMAN","P10091","Protein GENE1278",0.2254,1,0.610657,0,0.2142,3,4,FALSE,FALSE,FALSE
"GENE0379","GENE0379_HUMAN","P59680","Protein GENE0379",1.1234,0.062285,0.034158,0.943,1.4665,4,5,FALSE,FALSE,TRUE
"GENE0546","GENE0546_HUMAN","P12409","Protein GENE0546",0.6877,0.174961,0.109201,0.5363,0.9618,5,5,FALSE,FALSE,FALSE
"GENE0838","GENE0838_HUMAN","P22721","Protein GENE0838",-0.0251,1,0.840423,0,0.0755,3,2,FALSE,FALSE,FALSE
"GENE0841","GENE0841_HUMAN","P29987","Protein GENE0841",0.0493,1,0.894169,0,0.0486,6,5,FALSE,FALSE,FALSE
"GENE2827","GENE2827_HUMAN","P83794","Protein GENE2827",0.4978,0.452013,0.171229,0.1649,0.7664,2,5,FALSE,FALSE,FALSE
"GENE0199","GENE0199_HUMAN","P05836","Protein GENE0199",-0.1608,0.343656,0.155651,0.3395,0.8078,5,3,FALSE,FALSE,FALSE
"GENE2759","GENE2759_HUMAN","P95711","Protein GENE2759",0.7819,1,0.91103,0,0.0405,4,5,TRUE,FALSE,FALSE
"GENE1612","GENE1612_HUMAN","P22904","Protein GENE1612",-2.4189,0.046939,0.027512,1.0573,1.5605,6,6,FALSE,FALSE,TRUE
"GENE1115","GENE1115_HUMAN","P39342","Protein GENE1115",0.4995,0.771907,0.328765,0.0797,0.4831,4,6,FALSE,TRUE,FALSE
"GENE0500","GENE0500_HUMAN","P95626","Protein GENE0500",0.1486,1,0.571464,0,0.243,4,5,FALSE,FALSE,FALSE
"GENE1113","GENE1113_HUMAN","P54737","Protein GENE1113",0.0058,0.93052,0.379405,0,0.4209,4,2,FALSE,FALSE,FALSE
"GENE0360","GENE0360_HUMAN","P05231","Protein GENE0360",0.0072,1,0.980837,0,0.0084,4,3,FALSE,TRUE,FALSE
"GENE0910","GENE0910_HUMAN","P93224","Protein GENE0910",0.4467,0.117268,0.115878,0.4104,0.936,3,6,FALSE,FALSE,FALSE
"GENE1390","GENE1390_HUMAN","P49568","Protein GENE1390",0.0051,1,0.756678,0,0.1211,4,2,FALSE,FALSE,FALSE
"GENE1660","GENE1660_HUMAN","P32229","Protein GENE1660",-0.3616,1,0.589445,0,0.2296,4,2,FALSE,FALSE,FALSE
"GENE0867","GENE0867_HUMAN","P70283","Protein GENE0867",0.2849,1,0.494556,0,0.3058,4,6,FALSE,FALSE,FALSE
"GENE1402","GENE1402_HUMAN","P16714","Protein GENE1402",0.3384,1,0.814748,0,0.089,4,3,FALSE,FALSE,FALSE
"GENE2713","GENE2713_HUMAN","P21325","Protein GENE2713",-0.019,0.321436,0.183657,0.1625,0.736,3,5,FALSE,FALSE,FALSE
"GENE1073","GENE1073_HUMAN","P09966","Protein GENE1073",0.5515,0.007177,0.005505,1.8753,2.2592,2,5,FALSE,FALSE,TRUE
"GENE1919","GENE1919_HUMAN","P53827","Protein GENE1919",2.0401,0.026441,0.020175,1.1421,1.6952,2,5,FALSE,FALSE,TRUE
"GENE0782","GENE0782_HUMAN","P79696","Protein GENE0782",-0.183,0.698535,0.341131,0,0.4671,3,3,FALSE,FALSE,FALSE
"GENE0535","GENE0535_HUMAN","P56738","Protein GENE0535",-3.5129,0.123629,0.048142,1.1127,1.3175,6,6,FALSE,FALSE,TRUE
"GENE0980","GENE0980_HUMAN","P22619","Protein GENE0980",0.2532,1,0.227682,0.5062,0.6427,5,3,FALSE,FALSE,FALSE
"GENE2781","GENE2781_HUMAN","P63739","Protein GENE2781",0.5114,0.730364,0.486959,0,0.3125,5,5,FALSE,FALSE,FALSE
"GENE2782","GENE2782_HUMAN","P09163","Protein GENE2782",-0.1674,0.0968,0.077627,0.461,1.11,6,2,FALSE,FALSE,FALSE
"GENE0051","GENE0051_HUMAN","P59574","Protein GENE0051",-0.6035,1,0.505961,0,0.2959,2,3,FALSE,FALSE,FALSE
"GENE0696","GENE0696_HUMAN","P47741","Protein GENE0696",0.4943,1,0.873014,0,0.059,3,3,FALSE,FALSE,FALSE
"GENE2823","GENE2823_HUMAN","P30772","Protein GENE2823",0.4014,0.31509,0.090946,0.5865,1.0412,3,3,FALSE,FALSE,FALSE
"GENE0173","GENE0173_HUMAN","P40232","Protein GENE0173",-0.4602,0.489928,0.224351,0.1748,0.6491,3,2,FALSE,FALSE,FALSE
"GENE2839","GENE2839_HUMAN","P48012","Protein GENE2839",-2.063,0.016553,0.008751,1.8379,2.0579,3,4,FALSE,FALSE,TRUE
"GENE1576","GENE1576_HUMAN","P97952","Protein GENE1576",-0.0325,1,0.785541,0,0.1048,2,6,FALSE,FALSE,FALSE
"GENE0799","GENE0799_HUMAN","P55068","Protein GENE0799",1.4589,0.118827,0.026681,1.294,1.5738,3,4,FALSE,FALSE,TRUE
"GENE2408","GENE2408_HUMAN","P81583","Protein GENE2408",-0.5437,0.510044,0.124232,0.7085,0.9058,6,4,FALSE,FALSE,FALSE
"GENE1331","GENE1331_HUMAN","P01449","Protein GENE1331",-0.5433,1,0.634653,0.0534,0.1975,3,6,FALSE,FALSE,FALSE
"GENE1608","GENE1608_HUMAN","P41232","Protein GENE1608",0.0632,1,0.771764,0,0.1125,4,4,FALSE,FALSE,FALSE
"GENE1114","GENE1114_HUMAN","P76981","Protein GENE1114",-0.1701,1,0.542089,0,0.2659,2,6,FALSE,FALSE,FALSE
"GENE1235","GENE1235_HUMAN","P56780","Protein GENE1235",4.369,0.107561,0.02933,0.9027,1.5327,3,3,FALSE,TRUE,TRUE
"ASCC2","ASCC2_HUMAN","P27760","Protein ASCC2",0.2204,1,0.536769,0,0.2702,3,5,FALSE,FALSE,FALSE
"GENE2504","GENE2504_HUMAN","P89856","Protein GENE2504",1.6942,0.000808,0.000721,3.0634,3.1419,4,6,FALSE,FALSE,TRUE
"GENE2798","GENE2798_HUMAN","P97370","Protein GENE2798",0.6476,0.32778,0.101278,0.9539,0.9945,6,5,FALSE,FALSE,FALSE
"GENE1279","GENE1279_HUMAN","P72754","Protein GENE1279",0.5017,1,0.48366,0,0.3155,5,3,FALSE,FALSE,FALSE
"GENE0707","GENE0707_HUMAN","P15371","Protein GENE0707",-0.1355,1,0.656164,0,0.183,5,5,FALSE,TRUE,FALSE
"GENE1070","GENE1070_HUMAN","P21770","Protein GENE1070",0.2354,1,0.527702,0,0.2776,3,6,FALSE,FALSE,FALSE
"GENE1177","GENE1177_HUMAN","P98359","Protein GENE1177",-0.5396,1,0.973025,0,0.0119,3,6,FALSE,FALSE,FALSE
"GENE0145","GENE0145_HUMAN","P20372","Protein GENE0145",-0.2379,1,0.391212,0.2165,0.4076,4,2,FALSE,FALSE,FALSE
"GENE0770","GENE0770_HUMAN","P84835","Protein GENE0770",0.2257,1,0.95753,0,0.0188,5,2,FALSE,FALSE,FALSE
"GENE0372","GENE0372_HUMAN","P84729","Protein GENE0372",0.1098,0.112298,0.104248,0.8426,0.9819,4,2,FALSE,TRUE,FALSE
"GENE1504","GENE1504_HUMAN","P96527","Protein GENE1504",0.18,0.589069,0.135604,0.4905,0.8677,3,6,FALSE,TRUE,FALSE
"GENE0719","GENE0719_HUMAN","P91557","Protein GENE0719",-0.8205,0.829444,0.375728,0,0.4251,5,6,FALSE,FALSE,FALSE
"GENE2351","GENE2351_HUMAN","P81737","Protein GENE2351",0.2421,1,0.643506,0,0.1914,5,3,FALSE,TRUE,FALSE
"GENE0667","GENE0667_HUMAN","P16329","Protein GENE0667",-0.2941,1,0.552422,0.1167,0.2577,3,4,FALSE,FALSE,FALSE
"GENE0426","GENE0426_HUMAN","P49967","Protein GENE0426",0.142,0.719955,0.194428,0.1633,0.7112,6,3,FALSE,FALSE,FALSE
"GENE1583","GENE1583_HUMAN","P53722","Protein GENE1583",0.1082,1,0.31981,0.4704,0.4951,5,3,FALSE,FALSE,FALSE
"GENE0029","GENE0029_HUMAN","P62427","Protein GENE0029",-0.0363,0.131451,0.083386,0.4251,1.0789,5,6,FALSE,FALSE,FALSE
"GENE2610","GENE2610_HUMAN","P87423","Protein GENE2610",2.2931,0.072772,0.04283,1.1598,1.3683,3,5,FALSE,FALSE,TRUE
"GENE0767","GENE0767_HUMAN","P52709","Protein GENE0767",-0.1381,1,0.546321,0,0.2626,2,3,TRUE,FALSE,FALSE
"GENE1871","GENE1871_HUMAN","P86879","Protein GENE1871",-0.0833,0.747648,0.523268,0,0.2813,5,4,FALSE,FALSE,FALSE
"GENE1182","GENE1182_HUMAN","P37915","Protein GENE1182",-0.1139,1,0.693219,0,0.1591,2,4,FALSE,FALSE,FALSE
"GENE0748","GENE0748_HUMAN","P33284","Protein GENE0748",-0.0302,1,0.664066,0,0.1778,4,4,TRUE,FALSE,FALSE
"GENE2469","GENE2469_HUMAN","P83341","Protein GENE2469",0.1995,0.220308,0.136252,0.1699,0.8657,4,3,FALSE,FALSE,FALSE
"GENE2008","GENE2008_HUMAN","P55963","Protein GENE2008",0.2234,0.297009,0.145067,0.2875,0.8384,2,3,FALSE,FALSE,FALSE
"GENE2436","GENE2436_HUMAN","P27490","Protein GENE2436",0.0284,1,0.723006,0,0.1409,2,3,FALSE,FALSE,FALSE
"NCOA1","NCOA1_HUMAN","P49153","Protein NCOA1",2.8649,0.067519,0.020275,1.5964,1.693,5,2,FALSE,FALSE,TRUE
"GENE1634","GENE1634_HUMAN","P95035","Protein GENE1634",0.3591,1,0.828053,0,0.0819,2,6,FALSE,FALSE,FALSE
"GENE2165","GENE2165_HUMAN","P15684","Protein GENE2165",0.5291,1,0.712196,0,0.1474,3,2,FALSE,FALSE,FALSE
"GENE1614","GENE1614_HUMAN","P52525","Protein GENE1614",-4.1924,0.002196,0.000449,2.7405,3.3478,2,4,TRUE,FALSE,TRUE
"GENE0304","GENE0304_HUMAN","P68313","Protein GENE0304",0.0286,1,0.735798,0,0.1332,4,3,FALSE,FALSE,FALSE
"GENE0251","GENE0251_HUMAN","P05786","Protein GENE0251",2.9035,0.055725,0.044731,0.9395,1.3494,5,2,TRUE,FALSE,TRUE
"GENE0701","GENE0701_HUMAN","P36593","Protein GENE0701",0.7039,0.474883,0.137185,0.3645,0.8627,4,2,TRUE,FALSE,FALSE
"GENE2800","GENE2800_HUMAN","P01135","Protein GENE2800",-0.2721,1,0.89733,0,0.047,4,2,FALSE,FALSE,FALSE
"GENE1214","GENE1214_HUMAN","P67954","Protein GENE1214",0.242,1,0.461541,0,0.3358,6,2,TRUE,FALSE,FALSE
"GENE0590","GENE0590_HUMAN","P67680","Protein GENE0590",1.7066,0.026494,0.012824,1.2395,1.892,2,3,FALSE,FALSE,TRUE
"GENE1267","GENE1267_HUMAN","P60630","Protein GENE1267",0.5916,1,0.338028,0.0725,0.471,6,5,FALSE,FALSE,FALSE
"GENE0797","GENE0797_HUMAN","P07937","Protein GENE0797",0.6639,1,0.572703,0,0.2421,3,6,FALSE,TRUE,FALSE
"GENE0874","GENE0874_HUMAN","P75480","Protein GENE0874",0.1935,1,0.637797,0,0.1953,5,3,FALSE,FALSE,FALSE
"GENE0182","GENE0182_HUMAN","P36379","Protein GENE0182",-0.322,0.404032,0.108495,0.9449,0.9646,3,3,TRUE,FALSE,FALSE
"GENE1503","GENE1503_HUMAN","P67905","Protein GENE1503",-2.1278,0.04876,0.022054,1.0102,1.6565,2,6,FALSE,FALSE,TRUE
"GENE1765","GENE1765_HUMAN","P21278","Protein GENE1765",2.4003,0.026665,0.009117,1.5465,2.0402,4,2,FALSE,FALSE,TRUE
"GENE2213","GENE2213_HUMAN","P61618","Protein GENE2213",-0.1973,1,0.697107,0,0.1567,5,2,FALSE,FALSE,FALSE
"GENE2659","GENE2659_HUMAN","P56063","Protein GENE2659",-0.3789,0.741234,0.366542,0,0.4359,4,5,FALSE,TRUE,FALSE
"GENE1017","GENE1017_HUMAN","P52948","Protein GENE1017",3.4037,0.003316,0.003012,2.072,2.5211,2,4,FALSE,FALSE,TRUE
"GENE2341","GENE2341_HUMAN","P86491","Protein GENE2341",-0.0541,0.736659,0.481666,0.206,0.3173,5,4,FALSE,FALSE,FALSE
"GENE1005","GENE1005_HUMAN","P82984","Protein GENE1005",0.0298,1,0.535764,0,0.271,4,2,FALSE,FALSE,FALSE
"GENE2396","GENE2396_HUMAN","P33968","Protein GENE2396",-0.5111,1,0.32559,0.1476,0.4873,6,6,FALSE,FALSE,FALSE
"GENE1088","GENE1088_HUMAN","P74868","Protein GENE1088",-0.6806,0.001633,0.000358,3.1256,3.446,4,2,FALSE,FALSE,TRUE
"GENE0446","GENE0446_HUMAN","P83851","Protein GENE0446",2.8844,0.012273,0.002747,2.2886,2.5612,5,6,FALSE,FALSE,TRUE
"GENE1051","GENE1051_HUMAN","P80565","Protein GENE1051",0.3904,1,0.537406,0,0.2697,5,3,FALSE,FALSE,FALSE
"GENE0128","GENE0128_HUMAN","P78775","Protein GENE0128",-0.439,0.923597,0.216941,0.515,0.6637,6,3,FALSE,FALSE,FALSE
"GENE1950","GENE1950_HUMAN","P70436","Protein GENE1950",0.1752,1,0.904113,0,0.0438,5,6,TRUE,FALSE,FALSE
"GENE1516","GENE1516_HUMAN","P04868","Protein GENE1516",-0.6179,0.504796,0.24247,0,0.6153,2,4,FALSE,FALSE,FALSE
"GENE1009","GENE1009_HUMAN","P94980","Protein GENE1009",-0.4814,0.715179,0.184607,0.4578,0.7338,2,3,FALSE,TRUE,FALSE
"GENE0568","GENE0568_HUMAN","P88503","Protein GENE0568",-0.4334,0.486865,0.32959,0,0.482,2,6,FALSE,FALSE,FALSE
"GENE1932","GENE1932_HUMAN","P65818","Protein GENE1932",-0.4684,1,0.405796,0,0.3917,5,2,FALSE,FALSE,FALSE
"GENE0058","GENE0058_HUMAN","P65336","Protein GENE0058",0.038,1,0.364502,0,0.4383,4,4,FALSE,FALSE,FALSE
"GENE1304","GENE1304_HUMAN","P11044","Protein GENE1304",0.2209,1,0.427848,0,0.3687,6,4,TRUE,FALSE,FALSE
"GENE1643","GENE1643_HUMAN","P54559","Protein GENE1643",-0.1862,1,0.747911,0,0.1262,5,3,FALSE,FALSE,FALSE
"GENE1269","GENE1269_HUMAN","P13105","Protein GENE1269",-2.8124,0.002542,0.001379,2.2604,2.8605,6,2,FALSE,FALSE,TRUE
"GENE0681","GENE0681_HUMAN","P55709","Protein GENE0681",-0.2066,1,0.556183,0,0.2548,3,3,TRUE,FALSE,FALSE
"GENE0296","GENE0296_HUMAN","P82340","Protein GENE0296",-0.6562,0.708813,0.162269,0.2572,0.7898,3,4,FALSE,FALSE,FALSE
"GENE1078","GENE1078_HUMAN","P73743","Protein GENE1078",-0.2331,0.892807,0.209647,0.1418,0.6785,3,4,FALSE,FALSE,FALSE
"GENE0339","GENE0339_HUMAN","P05011","Protein GENE0339",0.5198,1,0.703173,0,0.1529,3,4,TRUE,FALSE,FALSE
"GENE0693","GENE0693_HUMAN","P38196","Protein GENE0693",3.9193,0.037458,0.013917,1.429,1.8565,5,6,FALSE,FALSE,TRUE
"GENE0756","GENE0756_HUMAN","P01225","Protein GENE0756",-4.4216,0.001026,0.000358,2.8169,3.4461,3,6,FALSE,FALSE,TRUE
"GENE2024","GENE2024_HUMAN","P00616","Protein GENE2024",-0.7849,0.312409,0.075869,0.8232,1.1199,3,5,FALSE,FALSE,FALSE
"GENE2884","GENE2884_HUMAN","P02410","Protein GENE2884",-2.83,0.032216,0.028221,1.387,1.5494,3,5,FALSE,FALSE,TRUE
"GENE0972","GENE0972_HUMAN","P96334","Protein GENE0972",0.3194,1,0.837542,0,0.077,2,6,FALSE,FALSE,FALSE
"GENE1055","GENE1055_HUMAN","P73688","Protein GENE1055",0.1965,1,0.538083,0,0.2692,6,6,FALSE,FALSE,FALSE
"STK3","STK3_HUMAN","P69732","Protein STK3",3.231,0.010059,0.003944,1.7675,2.404,2,4,FALSE,FALSE,TRUE
"GENE2821","GENE2821_HUMAN","P92646","Protein GENE2821",-0.0206,0.996606,0.222621,0.0397,0.6524,6,5,FALSE,FALSE,FALSE
"GENE0322","GENE0322_HUMAN","P77550","Protein GENE0322",-0.7458,0.619501,0.127465,0.2418,0.8946,4,2,FALSE,FALSE,FALSE
"GENE0690","GENE0690_HUMAN","P06865","Protein GENE0690",0.2858,1,0.953441,0,0.0207,4,3,FALSE,FALSE,FALSE
"GENE1481","GENE1481_HUMAN","P04130","Protein GENE1481",-0.4233,1,0.46044,0,0.3368,5,3,FALSE,FALSE,FALSE
"GENE0786","GENE0786_HUMAN","P05227","Protein GENE0786",0.3467,1,0.406647,0,0.3908,2,3,FALSE,TRUE,FALSE
"GENE0074","GENE0074_HUMAN","P35074","Protein GENE0074",2.6214,0.053204,0.013158,1.3701,1.8808,3,2,TRUE,FALSE,TRUE
"GENE1536","GENE1536_HUMAN","P92225","Protein GENE1536",-0.4071,1,0.893409,0,0.0489,5,6,FALSE,TRUE,FALSE
"GENE1046","GENE1046_HUMAN","P56624","Protein GENE1046",0.1714,0.11844,0.081899,0.5691,1.0867,5,6,FALSE,TRUE,FALSE
"GENE0142","GENE0142_HUMAN","P67172","Protein GENE0142",-0.239,1,0.721723,0,0.1416,2,2,FALSE,FALSE,FALSE
"GENE2215","GENE2215_HUMAN","P66775","Protein GENE2215",0.3871,1,0.308041,0,0.5114,6,3,FALSE,FALSE,FALSE
"GENE1119","GENE1119_HUMAN","P26025","Protein GENE1119",0.3011,1,0.754125,0,0.1226,5,6,FALSE,FALSE,FALSE
"GENE2429","GENE2429_HUMAN","P40169","Protein GENE2429",-0.5555,0.882223,0.616846,0,0.2098,6,5,FALSE,FALSE,FALSE
"GENE2651","GENE2651_HUMAN","P66156","Protein GENE2651",0.1341,0.401573,0.292581,0.1312,0.5338,5,2,FALSE,FALSE,FALSE
"GENE2286","GENE2286_HUMAN","P40846","Protein GENE2286",0.5876,1,0.599067,0.149,0.2225,2,3,FALSE,FALSE,FALSE
"GENE2245","GENE2245_HUMAN","P74712","Protein GENE2245",0.1218,1,0.898973,0,0.0463,2,5,FALSE,FALSE,FALSE
"GENE1884","GENE1884_HUMAN","P62548","Protein GENE1884",0.4226,1,0.970611,0,0.013,5,6,TRUE,FALSE,FALSE
"GENE1370","GENE1370_HUMAN","P91937","Protein GENE1370",0.0519,0.112868,0.094682,0.3879,1.0237,6,5,FALSE,FALSE,FALSE
"GENE0460","GENE0460_HUMAN","P08936","Protein GENE0460",-0.5969,0.47766,0.231528,0.0611,0.6354,2,6,FALSE,FALSE,FALSE
"GENE1372","GENE1372_HUMAN","P91855","Protein GENE1372",0.7705,1,0.772786,0,0.1119,3,2,FALSE,FALSE,FALSE
"GENE0860","GENE0860_HUMAN","P72062","Protein GENE0860",0.641,1,0.355686,0,0.4489,3,3,TRUE,FALSE,FALSE
"GENE1018","GENE1018_HUMAN","P12798","Protein GENE1018",0.322,1,0.642729,0,0.192,5,5,FALSE,FALSE,FALSE
"GENE2376","GENE2376_HUMAN","P30387","Protein GENE2376",0.7454,0.059399,0.020402,1.0655,1.6903,2,6,FALSE,FALSE,TRUE
"GENE2553","GENE2553_HUMAN","P74417","Protein GENE2553",0.1679,0.917969,0.229138,0.3006,0.6399,5,6,FALSE,FALSE,FALSE
"GENE2370","GENE2370_HUMAN","P30256","Protein GENE2370",-0.0912,0.310398,0.108489,0.2701,0.9646,5,6,FALSE,FALSE,FALSE
"GENE2135","GENE2135_HUMAN","P95091","Protein GENE2135",-0.2479,0.363273,0.241386,0,0.6173,3,3,FALSE,FALSE,FALSE
"GENE0709","GENE0709_HUMAN","P41315","Protein GENE0709",0.3865,1,0.924555,0,0.0341,3,3,TRUE,FALSE,FALSE
"GENE2168","GENE2168_HUMAN","P63630","Protein GENE2168",-0.0499,1,0.770433,0,0.1133,3,6,FALSE,TRUE,FALSE
"GENE0171","GENE0171_HUMAN","P52859","Protein GENE0171",1.0815,0.102056,0.034491,1.254,1.4623,6,6,FALSE,FALSE,TRUE
"GENE1659","GENE1659_HUMAN","P01178","Protein GENE1659",-0.3881,1,0.89296,0,0.0492,2,2,FALSE,FALSE,FALSE
"GENE1102","GENE1102_HUMAN","P18277","Protein GENE1102",-1.0102,1,0.665334,0,0.177,3,3,FALSE,FALSE,FALSE
"GENE0088","GENE0088_HUMAN","P94186","Protein GENE0088",4.185,0.010433,0.003437,2.3264,2.4639,3,2,FALSE,FALSE,TRUE
"GENE1620","GENE1620_HUMAN","P09595","Protein GENE1620",-0.7183,0.57188,0.387889,0.3248,0.4113,6,2,FALSE,FALSE,FALSE
"GENE0523","GENE0523_HUMAN","P51599","Protein GENE0523",-0.6056,0.866348,0.265965,0,0.5752,5,6,FALSE,FALSE,FALSE
"GENE1957","GENE1957_HUMAN","P88603","Protein GENE1957",2.6995,0.076934,0.020424,1.285,1.6899,5,3,FALSE,FALSE,TRUE
"ZNF598","ZNF598_HUMAN","P85858","Protein ZNF598",0.3217,0.082533,0.028389,1.1065,1.5469,6,6,FALSE,FALSE,FALSE
"GENE0284","GENE0284_HUMAN","P11079","Protein GENE0284",0.347,0.518672,0.436478,0,0.36,6,4,FALSE,FALSE,FALSE
"GENE1469","GENE1469_HUMAN","P56193","Protein GENE1469",0.3517,0.491912,0.217773,0.0038,0.662,3,4,TRUE,FALSE,FALSE
"GENE0820","GENE0820_HUMAN","P67588","Protein GENE0820",0.5284,0.820317,0.274034,0,0.5622,4,2,FALSE,FALSE,FALSE
"GENE1714","GENE1714_HUMAN","P90559","Protein GENE1714",0.0123,1,0.880276,0,0.0554,2,6,FALSE,FALSE,FALSE
"GENE0036","GENE0036_HUMAN","P05909","Protein GENE0036",0.4257,1,0.572484,0.0619,0.2422,2,5,FALSE,FALSE,FALSE
"GENE2241","GENE2241_HUMAN","P45861","Protein GENE2241",0.2456,1,0.718469,0,0.1436,4,4,FALSE,FALSE,FALSE
"GENE2774","GENE2774_HUMAN","P58437","Protein GENE2774",-0.2753,0.290266,0.16898,0.3957,0.7722,2,3,FALSE,FALSE,FALSE
"GENE2178","GENE2178_HUMAN","P68379","Protein GENE2178",0.57,1,0.803379,0,0.0951,3,6,FALSE,FALSE,FALSE
"GENE1192","GENE1192_HUMAN","P32188","Protein GENE1192",0.1434,1,0.467743,0,0.33,4,4,TRUE,FALSE,FALSE
"GENE2716","GENE2716_HUMAN","P02192","Protein GENE2716",0.1717,1,0.734404,0,0.1341,5,2,FALSE,FALSE,FALSE
"GENE0228","GENE0228_HUMAN","P95654","Protein GENE0228",-0.1868,1,0.408605,0,0.3887,5,2,FALSE,TRUE,FALSE
"GENE2261","GENE2261_HUMAN","P20753","Protein GENE2261",0.411,1,0.660509,0,0.1801,5,2,FALSE,FALSE,FALSE
"GENE1478","GENE1478_HUMAN","P34697","Protein GENE1478",-0.6161,1,0.497406,0,0.3033,6,2,FALSE,FALSE,FALSE
"GENE1031","GENE1031_HUMAN","P13615","Protein GENE1031",4.4246,0.093352,0.046247,0.897,1.3349,2,4,FALSE,FALSE,TRUE
"GENE1272","GENE1272_HUMAN","P29483","Protein GENE1272",0.805,0.078455,0.042198,0.7926,1.3747,3,5,FALSE,FALSE,TRUE
"GENE2572","GENE2572_HUMAN","P41873","Protein GENE2572",-0.3905,1,0.890422,0,0.0504,5,3,FALSE,FALSE,FALSE
"GENE1696","GENE1696_HUMAN","P47254","Protein GENE1696",0.1101,1,0.339097,0,0.4697,4,6,FALSE,FALSE,FALSE
"GENE2845","GENE2845_HUMAN","P48543","Protein GENE2845",-3.1988,0.023169,0.005301,2.2284,2.2757,4,5,FALSE,FALSE,TRUE
"GENE2576","GENE2576_HUMAN","P53191","Protein GENE2576",0.0339,1,0.737484,0,0.1322,4,3,FALSE,FALSE,FALSE
"GENE2762","GENE2762_HUMAN","P74993","Protein GENE2762",0.1299,0.28882,0.069159,0.5032,1.1602,4,4,FALSE,FALSE,FALSE
"GENE1106","GENE1106_HUMAN","P15970","Protein GENE1106",0.12,1,0.694815,0,0.1581,4,3,FALSE,FALSE,FALSE
"GENE2701","GENE2701_HUMAN","P07888","Protein GENE2701",-0.1997,0.525798,0.46341,0.1818,0.334,5,6,FALSE,FALSE,FALSE
"GENE1572","GENE1572_HUMAN","P82510","Protein GENE1572",-0.6477,0.752571,0.358843,0,0.4451,3,3,FALSE,FALSE,FALSE
"GENE2022","GENE2022_HUMAN","P38647","Protein GENE2022",-0.3869,0.258763,0.084236,0.9787,1.0745,6,3,FALSE,FALSE,FALSE
"GENE1091","GENE1091_HUMAN","P71336","Protein GENE1091",-0.614,1,0.80427,0,0.0946,2,6,FALSE,TRUE,FALSE
"GENE2621","GENE2621_HUMAN","P73113","Protein GENE2621",0.101,1,0.526628,0,0.2785,3,2,FALSE,FALSE,FALSE
"GENE1780","GENE1780_HUMAN","P22598","Protein GENE1780",0.2179,1,0.866284,0,0.0623,3,3,FALSE,FALSE,FALSE
"GENE2421","GENE2421_HUMAN","P21363","Protein GENE2421",-0.4247,1,0.325854,0,0.487,3,5,FALSE,FALSE,FALSE
"GENE0302","GENE0302_HUMAN","P78433","Protein GENE0302",0.0995,0.89183,0.387827,0,0.4114,6,4,FALSE,FALSE,FALSE
"GENE1745","GENE1745_HUMAN","P76936","Protein GENE1745",-0.0594,0.436429,0.314881,0.4233,0.5019,4,4,FALSE,FALSE,FALSE
"GENE0653","GENE0653_HUMAN","P49518","Protein GENE0653",0.2547,1,0.824403,0,0.0839,3,5,FALSE,FALSE,FALSE
"GENE1530","GENE1530_HUMAN","P06696","Protein GENE1530",0.1184,1,0.58394,0,0.2336,4,3,FALSE,FALSE,FALSE
"ANKRD28","ANKRD28_HUMAN","P26032","Protein ANKRD28",0.4487,1,0.755452,0,0.1218,3,2,FALSE,FALSE,FALSE
"GENE2038","GENE2038_HUMAN","P52701","Protein GENE2038",-0.2833,1,0.267712,0.0774,0.5723,3,6,TRUE,FALSE,FALSE
"GENE2388","GENE2388_HUMAN","P00932","Protein GENE2388",-0.2702,0.354748,0.125315,0.2783,0.902,5,6,FALSE,FALSE,FALSE
"GENE0068","GENE0068_HUMAN","P28604","Protein GENE0068",0.9755,1,0.589895,0,0.2292,5,2,FALSE,FALSE,FALSE
"GENE2854","GENE2854_HUMAN","P99700","Protein GENE2854",-0.0015,0.110147,0.061887,1.013,1.2084,4,6,FALSE,FALSE,FALSE
"GENE0928","GENE0928_HUMAN","P93319","Protein GENE0928",-0.5875,1,0.646871,0,0.1892,3,4,FALSE,TRUE,FALSE
"GENE2607","GENE2607_HUMAN","P92604","Protein GENE2607",0.3554,1,0.872066,0,0.0595,4,6,FALSE,FALSE,FALSE
"DHX36","DHX36_HUMAN","P24555","Protein DHX36",-0.205,1,0.909359,0,0.0413,2,4,FALSE,FALSE,FALSE
"GENE0111","GENE0111_HUMAN","P73050","Protein GENE0111",0.1055,1,0.315074,0.1485,0.5016,3,3,FALSE,FALSE,FALSE
"GENE2862","GENE2862_HUMAN","P93404","Protein GENE2862",4.4487,0.082521,0.021799,1.2721,1.6616,3,6,FALSE,FALSE,TRUE
"GENE0687","GENE0687_HUMAN","P12140","Protein GENE0687",-0.0393,0.957742,0.420342,0.3745,0.3764,6,2,FALSE,FALSE,FALSE
"GENE0499","GENE0499_HUMAN","P91874","Protein GENE0499",-0.6805,1,0.296811,0.1897,0.5275,3,3,TRUE,FALSE,FALSE
"GENE0366","GENE0366_HUMAN","P72025","Protein GENE0366",-0.1025,0.6337,0.313627,0,0.5036,4,2,TRUE,FALSE,FALSE
"GENE0647","GENE0647_HUMAN","P40835","Protein GENE0647",1.2665,0.035346,0.012806,1.3975,1.8926,5,6,FALSE,FALSE,TRUE
"GENE0833","GENE0833_HUMAN","P08794","Protein GENE0833",-0.6337,1,0.448797,0,0.348,5,3,FALSE,FALSE,FALSE
"GENE2045","GENE2045_HUMAN","P40946","Protein GENE2045",-0.5827,1,0.979574,0,0.009,3,3,FALSE,FALSE,FALSE
"GENE2357","GENE2357_HUMAN","P20286","Protein GENE2357",-0.3713,1,0.649801,0,0.1872,5,6,FALSE,FALSE,FALSE
"GENE1846","GENE1846_HUMAN","P05552","Protein GENE1846",-0.0682,0.561941,0.128565,0.3766,0.8909,5,2,TRUE,FALSE,FALSE
"GENE2668","GENE2668_HUMAN","P97897","Protein GENE2668",0.8338,1,0.644875,0,0.1905,3,2,FALSE,TRUE,FALSE
"GENE2306","GENE2306_HUMAN","P48624","Protein GENE2306",-3.8282,0.10527,0.0448,0.7939,1.3487,2,5,FALSE,FALSE,TRUE
"GENE2654","GENE2654_HUMAN","P80174","Protein GENE2654",-0.3948,1,0.78959,0,0.1026,6,4,FALSE,FALSE,FALSE
"GENE2723","GENE2723_HUMAN","P62189","Protein GENE2723",-0.2147,1,0.804853,0,0.0943,3,6,FALSE,FALSE,FALSE
"GENE2464","GENE2464_HUMAN","P11771","Protein GENE2464",0.486,1,0.34838,0.0638,0.4579,3,4,FALSE,FALSE,FALSE
"GENE2102","GENE2102_HUMAN","P73577","Protein GENE2102",0.574,1,0.932065,0,0.0306,3,5,FALSE,FALSE,FALSE
"GENE0476","GENE0476_HUMAN","P58752","Protein GENE0476",0.0439,0.543784,0.233091,0.5833,0.6325,3,6,FALSE,TRUE,FALSE
"GENE2752","GENE2752_HUMAN","P25617","Protein GENE2752",-0.0593,0.810739,0.174347,0.1417,0.7586,6,2,FALSE,TRUE,FALSE
"GENE0153","GENE0153_HUMAN","P63662","Protein GENE0153",4.1172,0.072293,0.039538,0.768,1.403,2,6,FALSE,FALSE,TRUE
"GENE0844","GENE0844_HUMAN","P91251","Protein GENE0844",0.109,0.367616,0.076982,0.4278,1.1136,2,4,FALSE,TRUE,FALSE
"GENE1220","GENE1220_HUMAN","P40195","Protein GENE1220",0.1037,0.332662,0.114192,0.3742,0.9424,3,6,FALSE,FALSE,FALSE
"GENE1989","GENE1989_HUMAN","P99478","Protein GENE1989",0.2958,1,0.975703,0,0.0107,2,2,FALSE,TRUE,FALSE
"GENE1181","GENE1181_HUMAN","P45934","Protein GENE1181",0.2551,1,0.298267,0.3725,0.5254,5,3,FALSE,FALSE,FALSE
"GENE2516","GENE2516_HUMAN","P02498","Protein GENE2516",0.203,0.424771,0.10153,0.2957,0.9934,2,4,FALSE,FALSE,FALSE
"GENE0650","GENE0650_HUMAN","P50096","Protein GENE0650",-2.7709,0.038056,0.024984,1.4317,1.6023,3,2,TRUE,FALSE,TRUE
"GENE1161","GENE1161_HUMAN","P63646","Protein GENE1161",2.6186,0.031274,0.007747,1.5838,2.1109,3,5,FALSE,FALSE,TRUE
"GENE2709","GENE2709_HUMAN","P99984","Protein GENE2709",0.602,1,0.258955,0.4699,0.5868,3,4,FALSE,FALSE,FALSE
"GENE2428","GENE2428_HUMAN","P02321","Protein GENE2428",-0.362,1,0.323762,0.0953,0.4898,4,2,TRUE,FALSE,FALSE
"GENE2427","GENE2427_HUMAN","P12813","Protein GENE2427",0.5617,0.14903,0.034156,1.2359,1.4665,3,5,FALSE,FALSE,TRUE
"GENE1136","GENE1136_HUMAN","P22598","Protein GENE1136",4.4616,0.020519,0.005259,1.7068,2.2791,5,6,TRUE,FALSE,TRUE
"GENE0670","GENE0670_HUMAN","P57006","Protein GENE0670",0.1045,1,0.426332,0.1872,0.3703,3,3,FALSE,FALSE,FALSE
"GENE1353","GENE1353_HUMAN","P93751","Protein GENE1353",-0.6072,1,0.739297,0,0.1312,3,6,FALSE,FALSE,FALSE
"GENE2065","GENE2065_HUMAN","P30125","Protein GENE2065",-0.2351,0.790825,0.184916,0.1316,0.733,6,4,FALSE,TRUE,FALSE
"GENE1251","GENE1251_HUMAN","P58127","Protein GENE1251",-0.2327,1,0.63473,0,0.1974,5,3,FALSE,FALSE,FALSE
"GENE2114","GENE2114_HUMAN","P91793","Protein GENE2114",-0.2138,1,0.741586,0,0.1298,4,2,TRUE,FALSE,FALSE
"GENE1794","GENE1794_HUMAN","P12485","Protein GENE1794",2.6324,0.098255,0.0271,0.9169,1.567,4,5,FALSE,FALSE,TRUE
"GENE2358","GENE2358_HUMAN","P29124","Protein GENE2358",0.0981,1,0.774139,0,0.1112,6,2,FALSE,FALSE,FALSE
"GENE2524","GENE2524_HUMAN","P01656","Protein GENE2524",-0.5824,1,0.796449,0.0137,0.0988,2,2,FALSE,FALSE,FALSE
"GENE0750","GENE0750_HUMAN","P33115","Protein GENE0750",1.4222,0.05252,0.040362,0.8502,1.394,3,5,FALSE,TRUE,TRUE
"GENE1795","GENE1795_HUMAN","P54802","Protein GENE1795",-0.1351,0.468158,0.180612,0.0804,0.7433,5,4,FALSE,FALSE,FALSE
"GENE1673","GENE1673_HUMAN","P91356","Protein GENE1673",-1.0893,1,0.650675,0,0.1866,3,3,FALSE,FALSE,FALSE
"GENE2337","GENE2337_HUMAN","P92626","Protein GENE2337",-0.1132,0.084274,0.077869,0.7483,1.1086,3,5,FALSE,FALSE,FALSE
"GENE0798","GENE0798_HUMAN","P71123","Protein GENE0798",0.0381,1,0.90063,0,0.0455,6,4,FALSE,FALSE,FALSE
"GENE1062","GENE1062_HUMAN","P91846","Protein GENE1062",-3.1621,0.020402,0.019571,1.6183,1.7084,6,4,FALSE,FALSE,TRUE
"LARP1","LARP1_HUMAN","P82957","Protein LARP1",-2.1951,0.057002,0.036742,0.914,1.4348,2,2,FALSE,FALSE,TRUE
"GENE2733","GENE2733_HUMAN","P56780","Protein GENE2733",1.9361,0.153549,0.034654,1.391,1.4603,3,4,FALSE,FALSE,TRUE
"GENE1801","GENE1801_HUMAN","P73575","Protein GENE1801",-0.0755,1,0.695166,0,0.1579,2,5,FALSE,FALSE,FALSE
"GENE0603","GENE0603_HUMAN","P24387","Protein GENE0603",-0.2543,1,0.845458,0,0.0729,6,6,FALSE,FALSE,FALSE
"GENE2414","GENE2414_HUMAN","P28181","Protein GENE2414",0.1132,1,0.781841,0,0.1069,6,5,FALSE,FALSE,FALSE
"GENE2849","GENE2849_HUMAN","P64131","Protein GENE2849",-0.4948,1,0.583612,0,0.2339,3,4,FALSE,FALSE,FALSE
"GENE1665","GENE1665_HUMAN","P20439","Protein GENE1665",-0.178,1,0.785878,0,0.1046,4,2,FALSE,FALSE,FALSE
"GENE0794","GENE0794_HUMAN","P67410","Protein GENE0794",-0.3354,1,0.941166,0,0.0263,3,3,FALSE,FALSE,FALSE
"GENE2573","GENE2573_HUMAN","P72556","Protein GENE2573",-0.0956,0.469082,0.26481,0.339,0.5771,4,3,TRUE,FALSE,FALSE
"GENE2843","GENE2843_HUMAN","P98359","Protein GENE2843",0.1299,1,0.84038,0.0339,0.0755,2,6,FALSE,FALSE,FALSE
"GENE1635","GENE1635_HUMAN","P35918","Protein GENE1635",-0.8095,1,0.43127,0.1896,0.3653,2,5,FALSE,FALSE,FALSE
"GENE2731","GENE2731_HUMAN","P55065","Protein GENE2731",-0.3672,1,0.688742,0,0.1619,6,2,FALSE,FALSE,FALSE
"GENE1030","GENE1030_HUMAN","P24628","Protein GENE1030",0.4245,0.866384,0.414922,0.0035,0.382,6,3,FALSE,FALSE,FALSE
"GENE0433","GENE0433_HUMAN","P80190","Protein GENE0433",-0.0794,0.449423,0.13819,0.3398,0.8595,6,5,FALSE,FALSE,FALSE
"GENE2527","GENE2527_HUMAN","P95059","Protein GENE2527",0.7733,0.519113,0.354678,0,0.4502,6,4,FALSE,FALSE,FALSE
"GENE0576","GENE0576_HUMAN","P16492","Protein GENE0576",0.0857,0.870434,0.282043,0,0.5497,3,6,FALSE,TRUE,FALSE
"GENE0545","GENE0545_HUMAN","P20037","Protein GENE0545",1.3686,0.116195,0.032684,0.9894,1.4857,3,3,FALSE,FALSE,TRUE
"GENE0167","GENE0167_HUMAN","P36339","Protein GENE0167",0.0473,1,0.919152,0,0.0366,3,4,FALSE,FALSE,FALSE
"GENE2844","GENE2844_HUMAN","P67628","Protein GENE2844",-0.2195,1,0.708589,0,0.1496,3,4,FALSE,FALSE,FALSE
"GENE2712","GENE2712_HUMAN","P60578","Protein GENE2712",-0.309,1,0.844536,0,0.0734,2,2,FALSE,FALSE,FALSE
"GENE2356","GENE2356_HUMAN","P50543","Protein GENE2356",-0.7987,1,0.901581,0,0.045,2,6,FALSE,TRUE,FALSE
"GENE1302","GENE1302_HUMAN","P24891","Protein GENE1302",-0.4088,1,0.721823,0.0296,0.1416,4,3,FALSE,TRUE,FALSE
"GENE1847","GENE1847_HUMAN","P99643","Protein GENE1847",-0.0513,0.647991,0.321966,0,0.4922,4,3,FALSE,TRUE,FALSE
"GENE2153","GENE2153_HUMAN","P89656","Protein GENE2153",0.0265,0.857148,0.295981,0.0309,0.5287,6,6,TRUE,FALSE,FALSE
"GENE2276","GENE2276_HUMAN","P15202","Protein GENE2276",0.1572,0.484999,0.236273,0,0.6266,4,5,FALSE,FALSE,FALSE
"GENE0856","GENE0856_HUMAN","P42739","Protein GENE0856",3.5696,0.023434,0.004985,1.7405,2.3023,3,5,FALSE,TRUE,TRUE
"GENE1052","GENE1052_HUMAN","P44371","Protein GENE1052",0.3519,1,0.923067,0,0.0348,2,2,FALSE,FALSE,FALSE
"GENE0913","GENE0913_HUMAN","P91963","Protein GENE0913",0.5794,0.052316,0.044771,0.7205,1.349,3,4,FALSE,TRUE,TRUE
"GENE2283","GENE2283_HUMAN","P63059","Protein GENE2283",-0.2067,1,0.856377,0,0.0673,2,5,FALSE,FALSE,FALSE
"GENE2695","GENE2695_HUMAN","P17879","Protein GENE2695",-0.4463,1,0.405447,0,0.3921,5,4,FALSE,FALSE,FALSE
"GENE1839","GENE1839_HUMAN","P61874","Protein GENE1839",-0.795,1,0.502355,0.0563,0.299,4,6,FALSE,TRUE,FALSE
"GENE0318","GENE0318_HUMAN","P78939","Protein GENE0318",1.1573,0.022107,0.007427,1.5283,2.1292,2,3,FALSE,FALSE,TRUE
"GENE0447","GENE0447_HUMAN","P54491","Protein GENE0447",0.894,0.67686,0.164914,0.3215,0.7827,2,4,TRUE,FALSE,FALSE
"GENE0636","GENE0636_HUMAN","P51833","Protein GENE0636",-0.7227,1,0.513162,0.0691,0.2897,6,3,FALSE,FALSE,FALSE
"GENE2398","GENE2398_HUMAN","P72671","Protein GENE2398",-0.4813,1,0.614378,0,0.2116,2,2,FALSE,FALSE,FALSE
"GENE0861","GENE0861_HUMAN","P99453","Protein GENE0861",1.2123,0.166957,0.041161,0.9353,1.3855,3,2,FALSE,FALSE,TRUE
"GENE1666","GENE1666_HUMAN","P74265","Protein GENE1666",0.346,1,0.757928,0,0.1204,5,2,TRUE,TRUE,FALSE
"GENE2132","GENE2132_HUMAN","P84623","Protein GENE2132",-0.2267,1,0.966105,0,0.015,2,5,FALSE,FALSE,FALSE
"GENE0200","GENE0200_HUMAN","P39393","Protein GENE0200",-0.1251,1,0.907458,0,0.0422,6,6,FALSE,FALSE,FALSE
"GENE2740","GENE2740_HUMAN","P62685","Protein GENE2740",-0.0018,0.772115,0.691631,0,0.1601,5,6,FALSE,TRUE,FALSE
"GENE2437","GENE2437_HUMAN","P82819","Protein GENE2437",0.4381,0.905731,0.343235,0.429,0.4644,3,5,FALSE,FALSE,FALSE
"GENE2470","GENE2470_HUMAN","P36185","Protein GENE2470",0.4059,1,0.552397,0.1543,0.2577,3,5,FALSE,TRUE,FALSE
"GENE0840","GENE0840_HUMAN","P68810","Protein GENE0840",-0.0738,1,0.6663,0.0849,0.1763,3,6,FALSE,FALSE,FALSE
"GENE2383","GENE2383_HUMAN","P11751","Protein GENE2383",0.2426,0.521729,0.335536,0,0.4743,3,5,TRUE,FALSE,FALSE
"GENE2186","GENE2186_HUMAN","P75424","Protein GENE2186",-0.3083,1,0.884508,0,0.0533,6,6,FALSE,FALSE,FALSE
"GENE0203","GENE0203_HUMAN","P78090","Protein GENE0203",0.0868,1,0.988777,0,0.0049,2,5,FALSE,FALSE,FALSE
"GENE1817","GENE1817_HUMAN","P28751","Protein GENE1817",-0.6523,0.51488,0.189308,0.5518,0.7228,6,5,FALSE,FALSE,FALSE
"GENE0285","GENE0285_HUMAN","P36490","Protein GENE0285",-0.0065,1,0.748338,0,0.1259,6,4,FALSE,FALSE,FALSE
"GENE1672","GENE1672_HUMAN","P74461","Protein GENE1672",-0.412,1,0.326852,0.4762,0.4856,5,6,FALSE,FALSE,FALSE
"GENE1408","GENE1408_HUMAN","P60701","Protein GENE1408",0.3221,1,0.909922,0,0.041,4,4,FALSE,FALSE,FALSE
"GENE2098","GENE2098_HUMAN","P35096","Protein GENE2098",-0.0186,1,0.46561,0.3008,0.332,4,2,FALSE,FALSE,FALSE
"GENE2481","GENE2481_HUMAN","P66935","Protein GENE2481",-0.083,0.196658,0.117802,0.3946,0.9288,6,2,FALSE,FALSE,FALSE
"GENE2597","GENE2597_HUMAN","P67718","Protein GENE2597",-0.0121,1,0.91728,0,0.0375,2,4,FALSE,FALSE,FALSE
"GENE1717","GENE1717_HUMAN","P66875","Protein GENE1717",0.4812,0.831871,0.74208,0,0.1295,3,5,FALSE,FALSE,FALSE
"GENE2690","GENE2690_HUMAN","P83220","Protein GENE2690",-0.5419,1,0.50226,0,0.2991,3,2,FALSE,FALSE,FALSE
"GENE2212","GENE2212_HUMAN","P78365","Protein GENE2212",-0.1531,0.718215,0.144463,0.5883,0.8402,5,4,FALSE,FALSE,FALSE
"GENE1289","GENE1289_HUMAN","P04294","Protein GENE1289",0.1175,1,0.812499,0,0.0902,4,4,FALSE,FALSE,FALSE
"GENE2097","GENE2097_HUMAN","P68603","Protein GENE2097",-0.781,1,0.552554,0,0.2576,2,3,FALSE,TRUE,FALSE
"GENE0127","GENE0127_HUMAN","P75283","Protein GENE0127",-0.0427,0.993012,0.246793,0.2706,0.6077,5,2,FALSE,TRUE,FALSE
"GENE0783","GENE0783_HUMAN","P94209","Protein GENE0783",0.2461,1,0.486583,0,0.3128,3,2,FALSE,FALSE,FALSE
"GENE1887","GENE1887_HUMAN","P75118","Protein GENE1887",0.6209,0.000641,0.000203,3.4221,3.6923,4,2,FALSE,FALSE,TRUE
"GENE1416","GENE1416_HUMAN","P05634","Protein GENE1416",0.0055,1,0.81626,0,0.0882,5,5,FALSE,FALSE,FALSE
"GENE0870","GENE0870_HUMAN","P50145","Protein GENE0870",0.288,1,0.884618,0,0.0532,5,3,FALSE,FALSE,FALSE
"GENE0265","GENE0265_HUMAN","P52707","Protein GENE0265",-0.6612,0.862995,0.207117,0.2761,0.6838,6,2,FALSE,FALSE,FALSE
"GENE0776","GENE0776_HUMAN","P43239","Protein GENE0776",-0.2177,1,0.744288,0,0.1283,2,3,FALSE,FALSE,FALSE
"GENE0846","GENE0846_HUMAN","P97631","Protein GENE0846",0.55,1,0.952174,0,0.0213,2,4,FALSE,TRUE,FALSE
"GENE1744","GENE1744_HUMAN","P64740","Protein GENE1744",-0.2782,1,0.545707,0,0.263,5,6,FALSE,FALSE,FALSE
"GENE0549","GENE0549_HUMAN","P97482","Protein GENE0549",-0.1735,1,0.672019,0,0.1726,3,4,FALSE,FALSE,FALSE
"GENE2113","GENE2113_HUMAN","P57917","Protein GENE2113",-0.2304,0.433426,0.209598,0.0419,0.6786,4,2,FALSE,FALSE,FALSE
"GENE1757","GENE1757_HUMAN","P62101","Protein GENE1757",-0.0689,0.608127,0.145967,0.3497,0.8357,5,2,FALSE,FALSE,FALSE
"GENE1580","GENE1580_HUMAN","P27862","Protein GENE1580",0.073,1,0.438043,0,0.3585,5,4,FALSE,TRUE,FALSE
"GENE2587","GENE2587_HUMAN","P83158","Protein GENE2587",-2.6044,0.01907,0.005082,1.697,2.2939,3,3,FALSE,FALSE,TRUE
"GENE0922","GENE0922_HUMAN","P61909","Protein GENE0922",-0.0794,0.16286,0.061789,0.5425,1.2091,3,2,FALSE,FALSE,FALSE
"GENE1050","GENE1050_HUMAN","P47146","Protein GENE1050",0.4124,1,0.849523,0,0.0708,2,5,FALSE,FALSE,FALSE
"GENE1105","GENE1105_HUMAN","P10643","Protein GENE1105",-0.0821,1,0.621934,0,0.2063,5,5,FALSE,FALSE,FALSE
"GENE2508","GENE2508_HUMAN","P53728","Protein GENE2508",-0.2429,1,0.80752,0,0.0928,6,6,FALSE,FALSE,FALSE
"GENE1894","GENE1894_HUMAN","P00858","Protein GENE1894",0.2035,1,0.757466,0,0.1206,6,5,FALSE,FALSE,FALSE
"GENE0877","GENE0877_HUMAN","P99891","Protein GENE0877",0.3812,1,0.973186,0,0.0118,4,3,FALSE,FALSE,FALSE
"GENE2138","GENE2138_HUMAN","P27967","Protein GENE2138",-0.306,1,0.552568,0,0.2576,5,5,FALSE,FALSE,FALSE
"GENE0217","GENE0217_HUMAN","P34775","Protein GENE0217",-0.2452,1,0.328783,0.2046,0.4831,3,3,FALSE,FALSE,FALSE
"GENE0621","GENE0621_HUMAN","P20104","Protein GENE0621",0.5833,1,0.687219,0,0.1629,6,5,FALSE,FALSE,FALSE
"GENE0588","GENE0588_HUMAN","P15144","Protein GENE0588",-0.3532,1,0.768795,0,0.1142,5,2,FALSE,FALSE,FALSE
"GENE0211","GENE0211_HUMAN","P39482","Protein GENE0211",0.1029,1,0.544623,0.1344,0.2639,2,3,TRUE,FALSE,FALSE
"GENE2636","GENE2636_HUMAN","P33132","Protein GENE2636",-0.2457,1,0.900502,0,0.0455,4,3,FALSE,FALSE,FALSE
"GENE1686","GENE1686_HUMAN","P43179","Protein GENE1686",-3.6947,0.139519,0.04058,1.1361,1.3917,2,2,FALSE,FALSE,TRUE
"GENE0516","GENE0516_HUMAN","P63315","Protein GENE0516",1.1436,1,0.719958,0,0.1427,2,2,FALSE,TRUE,FALSE
"GENE2183","GENE2183_HUMAN","P06321","Protein GENE2183",-0.4599,0.475495,0.193438,0.3348,0.7135,6,4,FALSE,FALSE,FALSE
"GENE0184","GENE0184_HUMAN","P13601","Protein GENE0184",-0.7464,1,0.635338,0,0.197,6,3,FALSE,FALSE,FALSE
"GENE1708","GENE1708_HUMAN","P40437","Protein GENE1708",3.947,0.033068,0.027676,1.1867,1.5579,4,2,FALSE,FALSE,TRUE
"GENE2586","GENE2586_HUMAN","P83497","Protein GENE2586",0.5062,1,0.97801,0,0.0097,4,6,FALSE,FALSE,FALSE
"GENE1654","GENE1654_HUMAN","P87550","Protein GENE1654",0.3601,1,0.652541,0,0.1854,4,3,FALSE,TRUE,FALSE
"GENE2520","GENE2520_HUMAN","P68420","Protein GENE2520",0.2412,0.554841,0.275495,0.2356,0.5599,4,5,FALSE,TRUE,FALSE
"GENE0244","GENE0244_HUMAN","P09167","Protein GENE0244",-0.1745,0.438371,0.38668,0.2312,0.4126,5,2,TRUE,TRUE,FALSE
"GENE1376","GENE1376_HUMAN","P98792","Protein GENE1376",0.9753,0.057001,0.02468,1.0416,1.6076,3,3,FALSE,FALSE,TRUE
"GENE0064","GENE0064_HUMAN","P69019","Protein GENE0064",0.3674,1,0.453703,0.0751,0.3432,6,2,FALSE,FALSE,FALSE
"GENE2077","GENE2077_HUMAN","P36971","Protein GENE2077",0.2304,0.248182,0.165851,0.5095,0.7803,5,5,TRUE,FALSE,FALSE
"GENE1008","GENE1008_HUMAN","P39160","Protein GENE1008",-0.2778,0.098411,0.070139,1.0315,1.154,2,6,FALSE,FALSE,FALSE
"GENE1012","GENE1012_HUMAN","P47089","Protein GENE1012",1.1826,0.117866,0.037112,1.0586,1.4305,3,6,FALSE,FALSE,TRUE
"GENE2853","GENE2853_HUMAN","P01580","Protein GENE2853",-0.2409,1,0.698561,0,0.1558,2,3,FALSE,FALSE,FALSE
"GENE0569","GENE0569_HUMAN","P67709","Protein GENE0569",0.4373,1,0.95003,0,0.0223,2,3,FALSE,FALSE,FALSE
"GENE2765","GENE2765_HUMAN","P54432","Protein GENE2765",-1.9556,0.029205,0.01245,1.5618,1.9048,3,3,FALSE,FALSE,TRUE
"GENE1684","GENE1684_HUMAN","P81932","Protein GENE1684",0.7236,0.666073,0.341868,0,0.4661,3,2,FALSE,FALSE,FALSE
"GENE1391","GENE1391_HUMAN","P75838","Protein GENE1391",0.4528,0.182839,0.155374,0.5965,0.8086,2,3,FALSE,FALSE,FALSE
"GENE2675","GENE2675_HUMAN","P73942","Protein GENE2675",-0.2024,1,0.36033,0.1822,0.4433,3,3,TRUE,FALSE,FALSE
"NEK6","NEK6_HUMAN","P83791","Protein NEK6",0.4322,1,0.271742,0.3719,0.5658,6,2,FALSE,FALSE,FALSE
"GENE0878","GENE0878_HUMAN","P64851","Protein GENE0878",0.1115,1,0.922159,0,0.0352,6,3,FALSE,FALSE,FALSE
"GENE0193","GENE0193_HUMAN","P71330","Protein GENE0193",-0.4031,0.266682,0.112033,0.8875,0.9507,5,5,FALSE,FALSE,FALSE
"GENE2266","GENE2266_HUMAN","P45716","Protein GENE2266",-0.5286,0.979969,0.274691,0.1209,0.5612,3,6,FALSE,FALSE,FALSE
"GENE1701","GENE1701_HUMAN","P67950","Protein GENE1701",0.0038,1,0.287005,0.385,0.5421,6,3,FALSE,FALSE,FALSE
"GENE1692","GENE1692_HUMAN","P57064","Protein GENE1692",0.0272,1,0.584878,0,0.2329,3,3,FALSE,FALSE,FALSE
"GENE0909","GENE0909_HUMAN","P66036","Protein GENE0909",0.3473,1,0.40491,0.0173,0.3926,6,2,FALSE,FALSE,FALSE
"GENE1599","GENE1599_HUMAN","P44028","Protein GENE1599",-0.0755,1,0.957038,0,0.0191,5,5,FALSE,FALSE,FALSE
"GENE1856","GENE1856_HUMAN","P70970","Protein GENE1856",0.1958,0.292057,0.264252,0.1806,0.578,3,6,FALSE,FALSE,FALSE
"GENE2617","GENE2617_HUMAN","P82761","Protein GENE2617",3.6769,0.104032,0.022249,0.9833,1.6527,3,5,FALSE,FALSE,TRUE
"GENE1511","GENE1511_HUMAN","P68901","Protein GENE1511",0.6954,1,0.842606,0,0.0744,3,3,FALSE,FALSE,FALSE
"GENE1998","GENE1998_HUMAN","P53483","Protein GENE1998",0.118,1,0.670738,0,0.1734,4,3,FALSE,FALSE,FALSE
"GENE0839","GENE0839_HUMAN","P88714","Protein GENE0839",-0.0888,0.290856,0.15297,0.7832,0.8154,5,2,FALSE,FALSE,FALSE
"GENE0973","GENE0973_HUMAN","P10289","Protein GENE0973",0.6605,0.933033,0.832517,0,0.0796,5,3,FALSE,FALSE,FALSE
"GENE2344","GENE2344_HUMAN","P51750","Protein GENE2344",-0.05,0.790915,0.730826,0,0.1362,2,4,FALSE,FALSE,FALSE
"GENE1562","GENE1562_HUMAN","P06660","Protein GENE1562",-0.992,1,0.665638,0,0.1768,2,6,FALSE,FALSE,FALSE
"GENE1966","GENE1966_HUMAN","P47506","Protein GENE1966",2.2775,0.061112,0.02693,0.8753,1.5698,5,4,FALSE,FALSE,TRUE
"GENE0097","GENE0097_HUMAN","P15529","Protein GENE0097",-0.3914,1,0.763348,0,0.1173,3,4,FALSE,FALSE,FALSE
"GENE2180","GENE2180_HUMAN","P17856","Protein GENE2180",-0.5057,1,0.522402,0.025,0.282,3,6,FALSE,FALSE,FALSE
"GENE2858","GENE2858_HUMAN","P33376","Protein GENE2858",0.579,0.996642,0.730317,0,0.1365,6,5,FALSE,FALSE,FALSE
"GENE1671","GENE1671_HUMAN","P13728","Protein GENE1671",0.7397,0.869655,0.198703,0.1505,0.7018,2,6,FALSE,FALSE,FALSE
"GENE1153","GENE1153_HUMAN","P04418","Protein GENE1153",-0.0578,0.128636,0.094861,0.4211,1.0229,5,6,FALSE,FALSE,FALSE
"GENE2188","GENE2188_HUMAN","P32155","Protein GENE2188",-0.7764,1,0.726992,0,0.1385,6,4,FALSE,FALSE,FALSE
"GENE0583","GENE0583_HUMAN","P10919","Protein GENE0583",0.5541,0.826407,0.581708,0,0.2353,6,6,TRUE,FALSE,FALSE
"GENE0034","GENE0034_HUMAN","P23010","Protein GENE0034",1.5472,0.052973,0.011301,1.4988,1.9469,5,6,FALSE,FALSE,TRUE
"GENE2449","GENE2449_HUMAN","P60397","Protein GENE2449",0.3626,0.232429,0.099508,0.637,1.0021,4,4,FALSE,TRUE,FALSE
"GENE1658","GENE1658_HUMAN","P33370","Protein GENE1658",-1.7653,0.100861,0.035618,1.0144,1.4483,2,6,FALSE,FALSE,TRUE
"GENE2471","GENE2471_HUMAN","P44813","Protein GENE2471",2.9092,0.078183,0.022407,1.0296,1.6496,4,5,FALSE,FALSE,TRUE
"GENE0178","GENE0178_HUMAN","P33696","Protein GENE0178",0.3242,1,0.800382,0.0906,0.0967,2,4,FALSE,FALSE,FALSE
"GENE2143","GENE2143_HUMAN","P87796","Protein GENE2143",-3.3444,0.072068,0.024625,1.2613,1.6086,6,5,FALSE,FALSE,TRUE
"GENE0795","GENE0795_HUMAN","P79106","Protein GENE0795",-0.2334,1,0.897067,0,0.0472,2,3,FALSE,FALSE,FALSE
"GENE1996","GENE1996_HUMAN","P59142","Protein GENE1996",-0.2279,0.609756,0.58885,0,0.23,2,3,FALSE,FALSE,FALSE
"GENE1522","GENE1522_HUMAN","P34485","Protein GENE1522",-0.358,1,0.591376,0,0.2281,6,3,FALSE,FALSE,FALSE
"GENE0419","GENE0419_HUMAN","P78499","Protein GENE0419",-0.0137,1,0.397686,0,0.4005,3,5,FALSE,FALSE,FALSE
"GENE0517","GENE0517_HUMAN","P13670","Protein GENE0517",0.2147,0.253591,0.122134,0.4488,0.9132,3,3,FALSE,FALSE,FALSE
"GENE0700","GENE0700_HUMAN","P40236","Protein GENE0700",-0.0174,1,0.753079,0,0.1232,2,2,TRUE,FALSE,FALSE
"GENE1870","GENE1870_HUMAN","P60092","Protein GENE1870",-0.5797,1,0.553539,0.1113,0.2569,2,4,FALSE,TRUE,FALSE
"GENE0780","GENE0780_HUMAN","P67981","Protein GENE0780",0.2183,1,0.915876,0,0.0382,6,4,FALSE,TRUE,FALSE
"GENE0848","GENE0848_HUMAN","P85017","Protein GENE0848",0.2831,1,0.871485,0,0.0597,6,5,FALSE,FALSE,FALSE
"GENE2688","GENE2688_HUMAN","P88332","Protein GENE2688",-0.7412,1,0.318753,0.0161,0.4965,5,3,FALSE,FALSE,FALSE
"GENE2888","GENE2888_HUMAN","P53457","Protein GENE2888",0.6503,1,0.248869,0.0401,0.604,2,3,FALSE,FALSE,FALSE
"GENE2519","GENE2519_HUMAN","P74106","Protein GENE2519",-2.9164,0.042979,0.028187,1.0884,1.5499,5,3,FALSE,FALSE,TRUE
"GENE0220","GENE0220_HUMAN","P21209","Protein GENE0220",0.9274,0.989915,0.654343,0,0.1842,2,2,FALSE,FALSE,FALSE
"GPATCH2","GPATCH2_HUMAN","P63974","Protein GPATCH2",0.3423,1,0.499573,0,0.3014,5,6,FALSE,FALSE,FALSE
"GENE2634","GENE2634_HUMAN","P33151","Protein GENE2634",-0.0842,0.81691,0.586245,0.1217,0.2319,2,2,FALSE,FALSE,FALSE
"GENE1693","GENE1693_HUMAN","P25047","Protein GENE1693",-0.0236,1,0.95168,0,0.0215,3,6,FALSE,FALSE,FALSE
"GENE1567","GENE1567_HUMAN","P13219","Protein GENE1567",-0.2141,1,0.757857,0,0.1204,6,3,FALSE,FALSE,FALSE
"GENE0250","GENE0250_HUMAN","P03892","Protein GENE0250",0.8161,0.321305,0.089839,0.4411,1.0465,5,2,TRUE,FALSE,FALSE
"GENE2638","GENE2638_HUMAN","P05417","Protein GENE2638",-0.3756,0.473512,0.234228,0.1675,0.6304,5,6,FALSE,FALSE,FALSE
"GENE0357","GENE0357_HUMAN","P23659","Protein GENE0357",-0.532,1,0.948407,0,0.023,5,3,FALSE,FALSE,FALSE
"GENE1049","GENE1049_HUMAN","P17407","Protein GENE1049",-0.6145,0.420701,0.415782,0,0.3811,5,6,FALSE,FALSE,FALSE
"GENE1568","GENE1568_HUMAN","P73698","Protein GENE1568",0.1696,1,0.551299,0,0.2586,5,6,FALSE,FALSE,FALSE
"GENE1613","GENE1613_HUMAN","P10208","Protein GENE1613",1.5952,0.100145,0.047175,0.6292,1.3263,3,3,FALSE,FALSE,TRUE
"GENE2231","GENE2231_HUMAN","P25439","Protein GENE2231",0.2265,1,0.988936,0,0.0048,5,5,FALSE,FALSE,FALSE
"GENE1753","GENE1753_HUMAN","P83408","Protein GENE1753",-0.4105,1,0.623841,0.1642,0.2049,3,3,TRUE,FALSE,FALSE
"GENE0246","GENE0246_HUMAN","P02516","Protein GENE0246",-0.3642,1,0.487361,0,0.3121,4,3,FALSE,TRUE,FALSE
"GENE1716","GENE1716_HUMAN","P65783","Protein GENE1716",-0.2135,0.494517,0.113467,0.3439,0.9451,6,3,TRUE,FALSE,FALSE
"GENE1983","GENE1983_HUMAN","P76979","Protein GENE1983",-0.173,1,0.612013,0,0.2132,6,5,FALSE,FALSE,FALSE
"GENE1089","GENE1089_HUMAN","P91123","Protein GENE1089",0.7764,0.032123,0.018187,1.6131,1.7402,2,5,FALSE,FALSE,TRUE
"GENE0744","GENE0744_HUMAN","P27814","Protein GENE0744",0.2745,1,0.450522,0,0.3463,2,2,FALSE,FALSE,FALSE
"GENE0766","GENE0766_HUMAN","P73169","Protein GENE0766",-1.6214,0.028443,0.020442,1.667,1.6895,5,5,FALSE,FALSE,TRUE
"GENE0072","GENE0072_HUMAN","P54024","Protein GENE0072",-0.225,1,0.443848,0,0.3528,4,5,FALSE,FALSE,FALSE
"GENE2863","GENE2863_HUMAN","P39673","Protein GENE2863",-0.115,1,0.82463,0,0.0837,4,6,FALSE,FALSE,FALSE
"GENE2674","GENE2674_HUMAN","P17713","Protein GENE2674",0.0042,1,0.586066,0,0.2321,6,3,FALSE,FALSE,FALSE
"GENE2778","GENE2778_HUMAN","P43166","Protein GENE2778",1.7918,0.001375,0.000443,2.75,3.3532,3,4,FALSE,FALSE,TRUE
"GENE2339","GENE2339_HUMAN","P16223","Protein GENE2339",-3.0728,0.027087,0.00628,1.7448,2.202,3,6,TRUE,FALSE,TRUE
"GENE1785","GENE1785_HUMAN","P07217","Protein GENE1785",-0.8773,1,0.540362,0.1325,0.2673,6,5,FALSE,FALSE,FALSE
"GENE2551","GENE2551_HUMAN","P23774","Protein GENE2551",-0.103,0.887256,0.30958,0,0.5092,2,5,FALSE,FALSE,FALSE
"GENE1150","GENE1150_HUMAN","P92312","Protein GENE1150",3.8429,0.029763,0.013218,1.1906,1.8788,6,2,FALSE,FALSE,TRUE
"GENE1969","GENE1969_HUMAN","P84935","Protein GENE1969",0.1096,1,0.328468,0.2203,0.4835,5,6,TRUE,FALSE,FALSE
"GENE0108","GENE0108_HUMAN","P84356","Protein GENE0108",0.4439,1,0.675373,0.0309,0.1705,3,6,FALSE,FALSE,FALSE
"GENE1814","GENE1814_HUMAN","P31410","Protein GENE1814",3.2262,0.054106,0.013166,1.788,1.8806,6,6,FALSE,FALSE,TRUE
"GENE2185","GENE2185_HUMAN","P29077","Protein GENE2185",-2.9145,0.05118,0.02212,1.478,1.6552,5,6,FALSE,FALSE,TRUE
"GENE1705","GENE1705_HUMAN","P68735","Protein GENE1705",-0.0445,0.365266,0.21785,0.4132,0.6618,5,2,FALSE,FALSE,FALSE
"GENE1292","GENE1292_HUMAN","P48883","Protein GENE1292",0.0803,1,0.644307,0,0.1909,2,2,FALSE,FALSE,FALSE
"GENE1818","GENE1818_HUMAN","P78934","Protein GENE1818",0.8839,0.906382,0.437936,0.0716,0.3586,5,4,FALSE,FALSE,FALSE
"GENE1110","GENE1110_HUMAN","P46630","Protein GENE1110",-0.938,0.344519,0.072403,0.4885,1.1402,2,4,FALSE,FALSE,FALSE
"GENE1866","GENE1866_HUMAN","P74782","Protein GENE1866",1.7392,0.123534,0.025166,1.1411,1.5992,4,5,TRUE,FALSE,TRUE
"GENE1032","GENE1032_HUMAN","P98927","Protein GENE1032",-0.0293,1,0.345727,0,0.4613,4,3,FALSE,FALSE,FALSE
"GENE2525","GENE2525_HUMAN","P58929","Protein GENE2525",-0.1825,1,0.778267,0,0.1089,2,3,FALSE,FALSE,FALSE
"GENE2125","GENE2125_HUMAN","P94809","Protein GENE2125",-0.1185,1,0.396684,0,0.4016,4,6,FALSE,FALSE,FALSE
"GENE1034","GENE1034_HUMAN","P82639","Protein GENE1034",-0.1158,1,0.707889,0.0502,0.15,3,5,FALSE,TRUE,FALSE
"GENE0310","GENE0310_HUMAN","P12679","Protein GENE0310",0.9559,1,0.429461,0,0.3671,2,4,TRUE,FALSE,FALSE
"GENE2255","GENE2255_HUMAN","P16205","Protein GENE2255",0.1244,1,0.268608,0.2066,0.5709,4,3,FALSE,FALSE,FALSE
"GENE1760","GENE1760_HUMAN","P62727","Protein GENE1760",0.0135,0.694154,0.543505,0.0328,0.2648,3,2,FALSE,FALSE,FALSE
"GENE1421","GENE1421_HUMAN","P48759","Protein GENE1421",-3.8951,0.118718,0.029009,0.9728,1.5375,5,6,TRUE,FALSE,TRUE
"GENE1639","GENE1639_HUMAN","P34643","Protein GENE1639",-0.1172,0.437727,0.13527,0.2308,0.8688,6,3,FALSE,FALSE,FALSE
"GENE2791","GENE2791_HUMAN","P55298","Protein GENE2791",2.7106,0.145943,0.041601,0.9335,1.3809,4,5,FALSE,FALSE,TRUE
"GENE1883","GENE1883_HUMAN","P87056","Protein GENE1883",0.2599,1,0.976234,0,0.0104,2,3,FALSE,FALSE,FALSE
"GENE0454","GENE0454_HUMAN","P84767","Protein GENE0454",2.1315,0.016509,0.01457,1.3274,1.8365,4,4,FALSE,FALSE,TRUE
"GENE0194","GENE0194_HUMAN","P74454","Protein GENE0194",0.4334,1,0.990399,0,0.0042,3,5,FALSE,FALSE,FALSE
"GENE0515","GENE0515_HUMAN","P90221","Protein GENE0515",0.7504,1,0.67837,0,0.1685,5,2,FALSE,FALSE,FALSE
"GENE2738","GENE2738_HUMAN","P19702","Protein GENE2738",0.141,1,0.321791,0.1502,0.4924,5,5,FALSE,FALSE,FALSE
"GENE1412","GENE1412_HUMAN","P69755","Protein GENE1412",0.9894,0.977431,0.796236,0,0.099,6,2,FALSE,FALSE,FALSE
"GENE1786","GENE1786_HUMAN","P67962","Protein GENE1786",2.3291,0.080154,0.023147,1.1341,1.6355,2,4,FALSE,FALSE,TRUE
"GENE1840","GENE1840_HUMAN","P99912","Protein GENE1840",3.747,0.082851,0.019071,1.0406,1.7196,5,2,TRUE,FALSE,TRUE
"GENE1231","GENE1231_HUMAN","P13438","Protein GENE1231",-1.4825,0.109437,0.042418,1.3073,1.3724,2,6,FALSE,FALSE,TRUE
"GENE2614","GENE2614_HUMAN","P79248","Protein GENE2614",0.4141,1,0.88968,0,0.0508,3,6,FALSE,FALSE,FALSE
"GENE2094","GENE2094_HUMAN","P85594","Protein GENE2094",0.3014,0.937431,0.445493,0.221,0.3512,5,3,TRUE,FALSE,FALSE
"GENE1690","GENE1690_HUMAN","P55913","Protein GENE1690",-0.0599,1,0.304384,0,0.5166,3,2,FALSE,FALSE,FALSE
"GENE1999","GENE1999_HUMAN","P58599","Protein GENE1999",0.1611,0.330222,0.082399,0.4133,1.0841,5,4,FALSE,FALSE,FALSE
"GENE1045","GENE1045_HUMAN","P08035","Protein GENE1045",3.5487,0.182481,0.043538,1.2967,1.3611,6,2,FALSE,FALSE,TRUE
"GENE2309","GENE2309_HUMAN","P49428","Protein GENE2309",0.7025,1,0.92753,0,0.0327,3,4,FALSE,FALSE,FALSE
"GENE0712","GENE0712_HUMAN","P42036","Protein GENE0712",0.1995,1,0.920209,0,0.0361,6,3,TRUE,FALSE,FALSE
"GENE0475","GENE0475_HUMAN","P04724","Protein GENE0475",0.0435,1,0.289562,0.3597,0.5383,4,2,FALSE,FALSE,FALSE
"GENE2108","GENE2108_HUMAN","P47590","Protein GENE2108",0.0779,1,0.964172,0,0.0158,3,5,FALSE,FALSE,FALSE
"GENE2643","GENE2643_HUMAN","P90423","Protein GENE2643",0.1177,1,0.588688,0,0.2301,5,2,FALSE,FALSE,FALSE
"GENE2633","GENE2633_HUMAN","P56472","Protein GENE2633",-0.0421,0.193765,0.071122,0.9739,1.148,2,6,FALSE,FALSE,FALSE
"GENE2047","GENE2047_HUMAN","P93679","Protein GENE2047",-0.0875,1,0.580961,0,0.2359,4,6,FALSE,TRUE,FALSE
"GENE2059","GENE2059_HUMAN","P75698","Protein GENE2059",0.2512,0.286016,0.063464,0.6242,1.1975,3,6,FALSE,FALSE,FALSE
"GENE1586","GENE1586_HUMAN","P45870","Protein GENE1586",-0.2895,1,0.66517,0.053,0.1771,2,2,TRUE,FALSE,FALSE
"GENE1431","GENE1431_HUMAN","P77766","Protein GENE1431",-0.103,0.907374,0.798585,0,0.0977,4,3,FALSE,TRUE,FALSE
"GENE1210","GENE1210_HUMAN","P99360","Protein GENE1210",0.7337,1,0.336912,0.4288,0.4725,3,6,FALSE,FALSE,FALSE
"GENE2066","GENE2066_HUMAN","P27478","Protein GENE2066",0.1052,0.476144,0.221407,0.0274,0.6548,4,2,FALSE,FALSE,FALSE
"GENE1344","GENE1344_HUMAN","P31937","Protein GENE1344",-0.4066,1,0.699052,0.0665,0.1555,2,4,FALSE,FALSE,FALSE
"GENE2431","GENE2431_HUMAN","P51530","Protein GENE2431",0.0756,1,0.369496,0,0.4324,5,2,FALSE,FALSE,FALSE
"GENE1213","GENE1213_HUMAN","P13881","Protein GENE1213",-0.846,1,0.743515,0,0.1287,2,4,TRUE,TRUE,FALSE
"GENE2100","GENE2100_HUMAN","P06347","Protein GENE2100",0.1217,0.548472,0.475114,0.1198,0.3232,5,6,FALSE,FALSE,FALSE
"GENE1381","GENE1381_HUMAN","P67245","Protein GENE1381",2.6434,0.07073,0.02552,1.0006,1.5931,5,4,FALSE,FALSE,TRUE
"GENE0351","GENE0351_HUMAN","P24032","Protein GENE0351",0.0276,1,0.880024,0,0.0555,3,5,FALSE,FALSE,FALSE
"GENE0925","GENE0925_HUMAN","P91962","Protein GENE0925",-0.3536,0.359515,0.164103,0.5276,0.7849,3,2,FALSE,FALSE,FALSE
"GENE0054","GENE0054_HUMAN","P47952","Protein GENE0054",-3.98,0.083509,0.032809,0.8713,1.484,4,5,FALSE,FALSE,TRUE
"GENE0065","GENE0065_HUMAN","P11188","Protein GENE0065",0.0363,0.253559,0.084697,1.0541,1.0721,5,6,FALSE,FALSE,FALSE
"GENE2609","GENE2609_HUMAN","P51329","Protein GENE2609",-3.9558,0.111956,0.046394,1.2999,1.3335,4,5,FALSE,TRUE,TRUE
"GENE2252","GENE2252_HUMAN","P11335","Protein GENE2252",-0.3343,1,0.751124,0,0.1243,2,2,FALSE,FALSE,FALSE
"GENE0715","GENE0715_HUMAN","P19008","Protein GENE0715",0.2967,1,0.69308,0,0.1592,5,2,FALSE,FALSE,FALSE
"GENE2446","GENE2446_HUMAN","P58303","Protein GENE2446",0.4632,1,0.659833,0,0.1806,5,6,FALSE,FALSE,FALSE
"GENE1499","GENE1499_HUMAN","P16103","Protein GENE1499",0.0702,1,0.691356,0,0.1603,3,6,FALSE,TRUE,FALSE
"GENE1486","GENE1486_HUMAN","P06469","Protein GENE1486",-0.0796,1,0.539839,0,0.2677,6,2,FALSE,FALSE,FALSE
"GENE2866","GENE2866_HUMAN","P00192","Protein GENE2866",-0.3639,1,0.300993,0.2799,0.5214,2,4,FALSE,FALSE,FALSE
"GENE1895","GENE1895_HUMAN","P77773","Protein GENE1895",-0.3359,1,0.830902,0,0.0805,2,5,FALSE,FALSE,FALSE
"GENE0808","GENE0808_HUMAN","P22514","Protein GENE0808",-0.2086,1,0.907565,0,0.0421,3,5,FALSE,FALSE,FALSE
"GENE1558","GENE1558_HUMAN","P82571","Protein GENE1558",0.1552,0.389352,0.264105,0,0.5782,4,6,FALSE,FALSE,FALSE
"GENE0604","GENE0604_HUMAN","P28448","Protein GENE0604",0.7345,0.816606,0.438657,0,0.3579,3,4,FALSE,TRUE,FALSE
"GENE0642","GENE0642_HUMAN","P29784","Protein GENE0642",2.4964,0.11542,0.043607,1.0693,1.3604,2,6,FALSE,FALSE,TRUE
"GENE0595","GENE0595_HUMAN","P23399","Protein GENE0595",1.5832,0.039124,0.036994,0.8621,1.4319,6,6,FALSE,FALSE,TRUE
"GENE2493","GENE2493_HUMAN","P41204","Protein GENE2493",0.2729,1,0.2953,0.0463,0.5297,6,5,FALSE,FALSE,FALSE
"GENE2347","GENE2347_HUMAN","P70977","Protein GENE2347",-0.2211,1,0.493554,0,0.3067,4,5,TRUE,FALSE,FALSE
"GENE0338","GENE0338_HUMAN","P04056","Protein GENE0338",2.081,0.050239,0.010813,1.3362,1.966,4,3,FALSE,FALSE,TRUE
"GENE1733","GENE1733_HUMAN","P63479","Protein GENE1733",-0.2627,0.694674,0.229063,0.084,0.64,5,3,FALSE,FALSE,FALSE
"GENE2864","GENE2864_HUMAN","P62115","Protein GENE2864",-0.6845,1,0.872394,0,0.0593,2,3,FALSE,FALSE,FALSE
"GENE2234","GENE2234_HUMAN","P19884","Protein GENE2234",-0.1187,0.771141,0.673101,0,0.1719,3,2,FALSE,FALSE,FALSE
"GENE2348","GENE2348_HUMAN","P85197","Protein GENE2348",-0.1093,1,0.383292,0.3281,0.4165,2,3,FALSE,FALSE,FALSE
"GENE1332","GENE1332_HUMAN","P83084","Protein GENE1332",-0.3135,1,0.793813,0,0.1003,4,2,FALSE,TRUE,FALSE
"GENE0410","GENE0410_HUMAN","P72089","Protein GENE0410",0.168,1,0.874837,0,0.0581,6,2,FALSE,FALSE,FALSE
"GENE1698","GENE1698_HUMAN","P38064","Protein GENE1698",-0.7613,0.970349,0.207796,0.0249,0.6824,3,5,FALSE,FALSE,FALSE
"GENE0459","GENE0459_HUMAN","P39374","Protein GENE0459",-0.3273,1,0.964469,0,0.0157,6,3,FALSE,FALSE,FALSE
"GENE2426","GENE2426_HUMAN","P91617","Protein GENE2426",-0.1314,1,0.878876,0,0.0561,5,6,FALSE,FALSE,FALSE
"GENE2501","GENE2501_HUMAN","P88830","Protein GENE2501",-0.3953,1,0.949059,0,0.0227,2,4,FALSE,FALSE,FALSE
"GENE2780","GENE2780_HUMAN","P47979","Protein GENE2780",-0.2471,1,0.878764,0,0.0561,6,4,FALSE,FALSE,FALSE
"GENE1206","GENE1206_HUMAN","P32107","Protein GENE1206",0.7534,1,0.960975,0,0.0173,5,5,FALSE,FALSE,FALSE
"GENE0417","GENE0417_HUMAN","P31873","Protein GENE0417",-0.3578,1,0.55297,0.1327,0.2573,3,4,FALSE,FALSE,FALSE
"GENE2473","GENE2473_HUMAN","P19897","Protein GENE2473",1.4482,0.124813,0.02499,1.2341,1.6022,6,6,FALSE,FALSE,TRUE
"GENE1997","GENE1997_HUMAN","P79552","Protein GENE1997",-0.1308,1,0.987483,0,0.0055,2,3,FALSE,FALSE,FALSE
"GENE1068","GENE1068_HUMAN","P12373","Protein GENE1068",-2.0394,0.050552,0.035785,1.0267,1.4463,6,3,FALSE,TRUE,TRUE
"GENE2534","GENE2534_HUMAN","P52501","Protein GENE2534",0.4048,1,0.920881,0,0.0358,3,2,FALSE,FALSE,FALSE
"GENE1644","GENE1644_HUMAN","P06924","Protein GENE1644",0.481,1,0.905766,0,0.043,5,6,FALSE,FALSE,FALSE
"GENE2592","GENE2592_HUMAN","P52021","Protein GENE2592",1.8653,0.088076,0.022003,1.4493,1.6575,2,5,FALSE,FALSE,TRUE
"GENE1918","GENE1918_HUMAN","P88949","Protein GENE1918",-0.9058,0.546667,0.170639,0.1,0.7679,2,2,FALSE,FALSE,FALSE
"GENE2282","GENE2282_HUMAN","P46645","Protein GENE2282",-0.3228,1,0.673289,0,0.1718,6,6,FALSE,FALSE,FALSE
"GENE1555","GENE1555_HUMAN","P48732","Protein GENE1555",-0.1194,1,0.506449,0.1752,0.2955,2,2,FALSE,FALSE,FALSE
"GENE0536","GENE0536_HUMAN","P75973","Protein GENE0536",-0.1566,0.48845,0.266262,0.234,0.5747,5,2,FALSE,FALSE,FALSE
"GENE0342","GENE0342_HUMAN","P06203","Protein GENE0342",-0.7297,0.854994,0.316122,0.4457,0.5001,5,4,FALSE,FALSE,FALSE
"GENE0385","GENE0385_HUMAN","P21359","Protein GENE0385",-0.0136,1,0.79201,0,0.1013,4,3,FALSE,FALSE,FALSE
"GENE0038","GENE0038_HUMAN","P58064","Protein GENE0038",1.1335,1,0.996629,0,0.0015,4,2,FALSE,FALSE,FALSE
"GENE2267","GENE2267_HUMAN","P24276","Protein GENE2267",0.4069,1,0.605791,0.0183,0.2177,2,4,FALSE,FALSE,FALSE
"GENE1769","GENE1769_HUMAN","P40530","Protein GENE1769",-0.3917,1,0.838592,0,0.0764,6,2,TRUE,TRUE,FALSE
"GENE1386","GENE1386_HUMAN","P79322","Protein GENE1386",0.3615,1,0.922147,0,0.0352,3,2,FALSE,FALSE,FALSE
"GENE1971","GENE1971_HUMAN","P08356","Protein GENE1971",0.2305,1,0.347359,0,0.4592,3,2,FALSE,FALSE,FALSE
"GENE2705","GENE2705_HUMAN","P05081","Protein GENE2705",-0.1339,1,0.60663,0,0.2171,5,3,FALSE,FALSE,FALSE
"GENE2177","GENE2177_HUMAN","P93748","Protein GENE2177",-0.1175,1,0.565098,0.1316,0.2479,5,2,FALSE,FALSE,FALSE
"GENE0866","GENE0866_HUMAN","P92940","Protein GENE0866",-0.0487,0.842803,0.311306,0.3296,0.5068,2,2,FALSE,FALSE,FALSE
"GENE2766","GENE2766_HUMAN","P71847","Protein GENE2766",0.6065,1,0.927515,0,0.0327,6,5,FALSE,FALSE,FALSE
"GENE1124","GENE1124_HUMAN","P58710","Protein GENE1124",-0.276,1,0.765747,0,0.1159,3,2,FALSE,FALSE,FALSE
"GENE0350","GENE0350_HUMAN","P33937","Protein GENE0350",-0.9061,1,0.801822,0,0.0959,6,4,FALSE,FALSE,FALSE
"GENE1043","GENE1043_HUMAN","P66200","Protein GENE1043",2.1194,0.081504,0.029749,0.901,1.5265,2,5,FALSE,FALSE,TRUE
"GENE0811","GENE0811_HUMAN","P73241","Protein GENE0811",0.8726,0.517615,0.156832,0.5953,0.8046,5,3,FALSE,FALSE,FALSE
"GENE1538","GENE1538_HUMAN","P94068","Protein GENE1538",0.5541,1,0.8731,0,0.0589,6,3,FALSE,FALSE,FALSE
"GENE2861","GENE2861_HUMAN","P96024","Protein GENE2861",1.0009,0.023472,0.020007,1.3135,1.6988,2,3,FALSE,FALSE,TRUE
"GENE2545","GENE2545_HUMAN","P94857","Protein GENE2545",3.5793,0.003623,0.001046,2.4597,2.9805,4,2,FALSE,FALSE,TRUE
"GENE0087","GENE0087_HUMAN","P01355","Protein GENE0087",-0.571,0.423803,0.10159,0.4836,0.9932,6,4,FALSE,FALSE,FALSE
"GENE1603","GENE1603_HUMAN","P52977","Protein GENE1603",-0.8141,1,0.375167,0,0.4258,2,3,FALSE,FALSE,FALSE
"GENE1942","GENE1942_HUMAN","P68263","Protein GENE1942",-1.1749,0.077869,0.03638,1.2116,1.4391,3,3,FALSE,FALSE,TRUE
"GENE0240","GENE0240_HUMAN","P32738","Protein GENE0240",0.1288,0.896937,0.799133,0.0416,0.0974,2,6,FALSE,FALSE,FALSE
"NEK1","NEK1_HUMAN","P06667","Protein NEK1",1.0621,0.045503,0.016303,1.1396,1.7877,3,6,FALSE,FALSE,TRUE
"GENE0464","GENE0464_HUMAN","P77610","Protein GENE0464",-0.2636,1,0.898784,0,0.0463,3,3,FALSE,FALSE,FALSE
"GENE0539","GENE0539_HUMAN","P80793","Protein GENE0539",-0.1214,1,0.827863,0,0.082,4,6,FALSE,FALSE,FALSE
"GENE2030","GENE2030_HUMAN","P58596","Protein GENE2030",-0.0828,1,0.545424,0,0.2633,2,4,FALSE,FALSE,FALSE
"GENE0893","GENE0893_HUMAN","P66254","Protein GENE0893",0.2683,1,0.736596,0,0.1328,6,5,FALSE,FALSE,FALSE
"GENE1892","GENE1892_HUMAN","P50846","Protein GENE1892",-0.0641,1,0.572954,0,0.2419,3,5,TRUE,TRUE,FALSE
"GENE0643","GENE0643_HUMAN","P42672","Protein GENE0643",-0.383,0.787201,0.187049,0.1703,0.728,6,5,FALSE,FALSE,FALSE
"GENE0674","GENE0674_HUMAN","P09526","Protein GENE0674",-0.4631,1,0.833195,0,0.0793,3,6,FALSE,FALSE,FALSE
"GENE2322","GENE2322_HUMAN","P78184","Protein GENE2322",0.108,0.591771,0.12393,0.4002,0.9068,4,6,FALSE,FALSE,FALSE
"GENE0136","GENE0136_HUMAN","P34157","Protein GENE0136",-0.6266,0.902191,0.759845,0,0.1193,3,3,FALSE,FALSE,FALSE
"GENE1007","GENE1007_HUMAN","P25779","Protein GENE1007",0.2658,1,0.453278,0,0.3436,6,2,FALSE,FALSE,FALSE
"GENE0600","GENE0600_HUMAN","P28158","Protein GENE0600",-0.2223,0.546553,0.284235,0,0.5463,5,6,FALSE,FALSE,FALSE
"GENE0698","GENE0698_HUMAN","P35309","Protein GENE0698",0.1393,0.832701,0.339641,0,0.469,3,3,FALSE,FALSE,FALSE
"GENE1752","GENE1752_HUMAN","P29654","Protein GENE1752",0.6868,1,0.771347,0,0.1127,5,6,FALSE,FALSE,FALSE
"GENE2273","GENE2273_HUMAN","P61670","Protein GENE2273",-0.1176,1,0.904721,0,0.0435,5,2,FALSE,TRUE,FALSE
"GENE2896","GENE2896_HUMAN","P71597","Protein GENE2896",0.1691,0.514782,0.288512,0.3225,0.5398,5,4,FALSE,FALSE,FALSE
"UFL1","UFL1_HUMAN","P05667","Protein UFL1",2.2164,0.003261,0.002913,2.009,2.5356,5,4,FALSE,FALSE,TRUE
"GENE2456","GENE2456_HUMAN","P46217","Protein GENE2456",-2.7549,0.098748,0.025036,1.2241,1.6014,6,4,TRUE,FALSE,TRUE
"GENE1334","GENE1334_HUMAN","P25739","Protein GENE1334",-3.0004,0.11378,0.029174,1.0712,1.535,6,6,FALSE,FALSE,TRUE
"GENE2067","GENE2067_HUMAN","P38416","Protein GENE2067",0.8194,1,0.372884,0,0.4284,3,5,FALSE,FALSE,FALSE
"GENE1764","GENE1764_HUMAN","P56166","Protein GENE1764",0.3076,1,0.381557,0,0.4184,3,6,FALSE,FALSE,FALSE
"GENE0828","GENE0828_HUMAN","P98300","Protein GENE0828",0.0223,0.54459,0.114403,0.3848,0.9416,2,3,FALSE,FALSE,FALSE
"ASCC3","ASCC3_HUMAN","P14083","Protein ASCC3",2.0764,0.031362,0.007891,1.7789,2.1029,6,3,FALSE,FALSE,TRUE
"GENE1831","GENE1831_HUMAN","P30604","Protein GENE1831",-0.7564,0.422495,0.134642,0.1883,0.8708,2,4,FALSE,FALSE,FALSE
"GENE1011","GENE1011_HUMAN","P18956","Protein GENE1011",-0.0038,1,0.213338,0.3329,0.6709,4,6,FALSE,FALSE,FALSE
"GENE1974","GENE1974_HUMAN","P01850","Protein GENE1974",-0.2227,1,0.986527,0,0.0059,4,3,FALSE,FALSE,FALSE
"GENE0026","GENE0026_HUMAN","P60109","Protein GENE0026",0.9026,1,0.529219,0,0.2764,3,6,FALSE,FALSE,FALSE
"GENE2061","GENE2061_HUMAN","P63166","Protein GENE2061",0.0338,1,0.806932,0,0.0932,2,4,FALSE,FALSE,FALSE
"GENE1265","GENE1265_HUMAN","P00960","Protein GENE1265",1.7456,0.02195,0.019233,1.4367,1.7159,2,3,FALSE,FALSE,TRUE
"GENE2835","GENE2835_HUMAN","P49960","Protein GENE2835",-4.092,0.028767,0.02728,1.0814,1.5642,2,4,FALSE,FALSE,TRUE
"GENE2141","GENE2141_HUMAN","P10075","Protein GENE2141",0.3254,1,0.487648,0,0.3119,6,2,FALSE,FALSE,FALSE
"GENE1496","GENE1496_HUMAN","P98733","Protein GENE1496",-2.2993,0.059816,0.026338,1.4303,1.5794,5,5,FALSE,FALSE,TRUE
"GENE0049","GENE0049_HUMAN","P74337","Protein GENE0049",-0.2447,0.667857,0.150804,0.2428,0.8216,3,2,FALSE,FALSE,FALSE
"GENE2412","GENE2412_HUMAN","P56965","Protein GENE2412",-2.8414,0.025913,0.012267,1.3793,1.9113,6,2,FALSE,FALSE,TRUE
"GENE2603","GENE2603_HUMAN","P57988","Protein GENE2603",0.7757,0.243024,0.066204,1.0802,1.1791,3,4,FALSE,FALSE,FALSE
"GENE2664","GENE2664_HUMAN","P63278","Protein GENE2664",-0.2636,0.761915,0.473779,0,0.3244,2,4,FALSE,FALSE,FALSE
"GENE0662","GENE0662_HUMAN","P00449","Protein GENE0662",0.2584,1,0.709363,0,0.1491,4,4,FALSE,FALSE,FALSE
"GENE0648","GENE0648_HUMAN","P42509","Protein GENE0648",-1.0452,1,0.93205,0,0.0306,2,4,FALSE,FALSE,FALSE
"GENE0734","GENE0734_HUMAN","P49695","Protein GENE0734",0.5453,0.425592,0.131603,0.2925,0.8807,6,3,FALSE,FALSE,FALSE
"GENE1475","GENE1475_HUMAN","P09715","Protein GENE1475",0.2813,1,0.424693,0,0.3719,2,3,FALSE,FALSE,FALSE
"GENE1611","GENE1611_HUMAN","P35577","Protein GENE1611",-0.9854,1,0.893758,0,0.0488,4,6,FALSE,FALSE,FALSE
"GENE1382","GENE1382_HUMAN","P46348","Protein GENE1382",0.8067,1,0.401094,0,0.3968,5,5,TRUE,FALSE,FALSE
"GENE1283","GENE1283_HUMAN","P93177","Protein GENE1283",3.3995,0.047367,0.018483,1.3174,1.7332,2,6,FALSE,FALSE,TRUE
"GENE1931","GENE1931_HUMAN","P37886","Protein GENE1931",-0.0776,1,0.459383,0,0.3378,4,6,FALSE,TRUE,FALSE
"GENE0042","GENE0042_HUMAN","P62506","Protein GENE0042",-0.6137,0.213522,0.083096,0.7163,1.0804,4,3,FALSE,FALSE,FALSE
"GENE1310","GENE1310_HUMAN","P45863","Protein GENE1310",0.1936,1,0.743385,0,0.1288,3,3,FALSE,TRUE,FALSE
"GENE1768","GENE1768_HUMAN","P83967","Protein GENE1768",-0.5682,1,0.995491,0,0.002,2,4,TRUE,FALSE,FALSE
"GENE0872","GENE0872_HUMAN","P75359","Protein GENE0872",0.531,0.773987,0.423094,0.301,0.3736,2,3,FALSE,FALSE,FALSE
"GENE0964","GENE0964_HUMAN","P52429","Protein GENE0964",-0.1512,1,0.417075,0,0.3798,4,3,FALSE,FALSE,FALSE
"GENE2732","GENE2732_HUMAN","P16770","Protein GENE2732",-3.3962,0.008721,0.007433,1.5499,2.1288,5,6,FALSE,TRUE,TRUE
"GENE2775","GENE2775_HUMAN","P61368","Protein GENE2775",0.3162,1,0.382438,0,0.4174,3,2,FALSE,FALSE,FALSE
"GENE1978","GENE1978_HUMAN","P86595","Protein GENE1978",-1.1478,0.084291,0.04415,1.1098,1.3551,5,3,FALSE,FALSE,TRUE
"GENE1564","GENE1564_HUMAN","P28585","Protein GENE1564",0.088,0.197511,0.096995,0.3544,1.0133,5,4,FALSE,FALSE,FALSE
"GENE0933","GENE0933_HUMAN","P72686","Protein GENE0933",-0.1754,0.766179,0.158274,0.1352,0.8006,4,3,TRUE,FALSE,FALSE
"GENE1899","GENE1899_HUMAN","P27982","Protein GENE1899",0.1379,1,0.568101,0,0.2456,3,5,TRUE,FALSE,FALSE
"GENE1771","GENE1771_HUMAN","P53858","Protein GENE1771",0.0639,0.280894,0.224556,0.1758,0.6487,4,5,FALSE,FALSE,FALSE
"GENE1461","GENE1461_HUMAN","P76120","Protein GENE1461",3.3891,0.118346,0.028791,0.8426,1.5407,4,5,FALSE,FALSE,TRUE
"GENE2076","GENE2076_HUMAN","P31353","Protein GENE2076",0.1204,1,0.428267,0.2057,0.3683,4,6,FALSE,TRUE,FALSE
"GENE1409","GENE1409_HUMAN","P45441","Protein GENE1409",-0.296,1,0.534735,0,0.2719,4,4,FALSE,FALSE,FALSE
"GENE1941","GENE1941_HUMAN","P88876","Protein GENE1941",-0.5814,1,0.527399,0,0.2779,5,4,FALSE,FALSE,FALSE
"GENE2014","GENE2014_HUMAN","P58016","Protein GENE2014",-0.4707,1,0.824385,0,0.0839,5,2,FALSE,FALSE,FALSE
"GENE1083","GENE1083_HUMAN","P05827","Protein GENE1083",0.2327,1,0.948603,0,0.0229,4,2,FALSE,FALSE,FALSE
"GENE1303","GENE1303_HUMAN","P74823","Protein GENE1303",0.3571,0.932569,0.397829,0,0.4003,2,3,FALSE,FALSE,FALSE
"GENE0007","GENE0007_HUMAN","P82226","Protein GENE0007",0.1734,0.699794,0.689609,0.0326,0.1614,2,2,FALSE,FALSE,FALSE
"GENE0400","GENE0400_HUMAN","P62734","Protein GENE0400",-0.1551,1,0.551104,0,0.2588,3,6,FALSE,FALSE,FALSE
"GENE2487","GENE2487_HUMAN","P64438","Protein GENE2487",0.4686,0.33454,0.082169,0.4894,1.0853,6,2,FALSE,FALSE,FALSE
"GENE2653","GENE2653_HUMAN","P45683","Protein GENE2653",-0.0811,1,0.596049,0,0.2247,6,5,FALSE,FALSE,FALSE
"GENE1802","GENE1802_HUMAN","P65025","Protein GENE1802",-0.3525,0.737038,0.236584,0.1465,0.626,6,3,FALSE,TRUE,FALSE
"GENE0185","GENE0185_HUMAN","P47727","Protein GENE0185",-0.0447,1,0.59146,0,0.2281,4,3,FALSE,TRUE,FALSE
"GENE2275","GENE2275_HUMAN","P07552","Protein GENE2275",0.1231,1,0.770359,0,0.1133,4,5,FALSE,FALSE,FALSE
"GENE1133","GENE1133_HUMAN","P72665","Protein GENE1133",-0.4165,1,0.868024,0,0.0615,4,6,TRUE,FALSE,FALSE
"GENE2679","GENE2679_HUMAN","P04494","Protein GENE2679",-0.0849,0.197619,0.180575,0.0783,0.7433,4,3,FALSE,FALSE,FALSE
"GENE0979","GENE0979_HUMAN","P27367","Protein GENE0979",0.4235,1,0.786375,0,0.1044,5,4,FALSE,FALSE,FALSE
"GENE2555","GENE2555_HUMAN","P98410","Protein GENE2555",-0.0839,0.428918,0.215005,0.3869,0.6676,6,2,FALSE,FALSE,FALSE
"GENE2369","GENE2369_HUMAN","P97979","Protein GENE2369",-0.1375,1,0.742905,0,0.1291,4,2,FALSE,FALSE,FALSE
"GENE2284","GENE2284_HUMAN","P92161","Protein GENE2284",-0.373,1,0.860914,0,0.065,5,2,FALSE,FALSE,FALSE
"GENE2121","GENE2121_HUMAN","P50258","Protein GENE2121",0.244,0.474033,0.359024,0,0.4449,3,5,FALSE,FALSE,FALSE
"GENE1542","GENE1542_HUMAN","P03255","Protein GENE1542",1.7358,0.033782,0.019002,1.539,1.7212,3,6,FALSE,FALSE,TRUE
"GENE0645","GENE0645_HUMAN","P34676","Protein GENE0645",0.9741,0.114452,0.023591,1.4296,1.6273,3,4,FALSE,FALSE,TRUE
"GENE1605","GENE1605_HUMAN","P93563","Protein GENE1605",-0.3752,0.293484,0.098657,0.315,1.0059,6,2,FALSE,FALSE,FALSE
"GENE1426","GENE1426_HUMAN","P95717","Protein GENE1426",-0.2031,0.183397,0.164023,0.4133,0.7851,4,5,FALSE,FALSE,FALSE
"GENE2531","GENE2531_HUMAN","P17156","Protein GENE2531",3.8605,0.040761,0.027052,1.4193,1.5678,4,3,FALSE,FALSE,TRUE
"GENE0634","GENE0634_HUMAN","P81416","Protein GENE0634",1.8719,0.064328,0.031521,1.1212,1.5014,6,5,FALSE,TRUE,TRUE
"GENE0059","GENE0059_HUMAN","P20219","Protein GENE0059",-0.3426,0.931976,0.22309,0,0.6515,6,4,FALSE,FALSE,FALSE
"GENE0615","GENE0615_HUMAN","P95549","Protein GENE0615",-0.4354,1,0.870344,0,0.0603,6,6,FALSE,FALSE,FALSE
"GENE1702","GENE1702_HUMAN","P25840","Protein GENE1702",-0.0271,1,0.772634,0,0.112,6,5,FALSE,FALSE,FALSE
"GENE0404","GENE0404_HUMAN","P54051","Protein GENE0404",-1.0343,1,0.571146,0,0.2433,4,3,FALSE,FALSE,FALSE
"GENE0469","GENE0469_HUMAN","P75026","Protein GENE0469",0.1732,0.623836,0.553536,0,0.2569,2,6,FALSE,FALSE,FALSE
"GENE1775","GENE1775_HUMAN","P19835","Protein GENE1775",0.0369,1,0.92096,0,0.0358,5,6,FALSE,FALSE,FALSE
"GENE1700","GENE1700_HUMAN","P72601","Protein GENE1700",-0.4129,1,0.853315,0,0.0689,4,2,FALSE,FALSE,FALSE
"GENE0752","GENE0752_HUMAN","P71561","Protein GENE0752",0.356,0.711879,0.672331,0,0.1724,5,5,FALSE,FALSE,FALSE
"GENE2033","GENE2033_HUMAN","P17291","Protein GENE2033",-0.7439,1,0.329339,0,0.4824,6,2,FALSE,FALSE,FALSE
"GENE0103","GENE0103_HUMAN","P58556","Protein GENE0103",0.3912,0.111077,0.062864,0.7727,1.2016,6,2,FALSE,FALSE,FALSE
"GENE0328","GENE0328_HUMAN","P51896","Protein GENE0328",0.2063,1,0.935845,0,0.0288,5,4,FALSE,FALSE,FALSE
"GENE2460","GENE2460_HUMAN","P79354","Protein GENE2460",-0.6147,1,0.46931,0.2662,0.3285,2,6,FALSE,FALSE,FALSE
"GENE0014","GENE0014_HUMAN","P99988","Protein GENE0014",0.4138,1,0.294933,0,0.5303,3,2,FALSE,FALSE,FALSE
"GENE2886","GENE2886_HUMAN","P97984","Protein GENE2886",0.2365,1,0.937358,0,0.0281,6,6,FALSE,FALSE,FALSE
"GENE0540","GENE0540_HUMAN","P45378","Protein GENE0540",3.2782,0.126601,0.029602,1.1398,1.5287,4,4,FALSE,FALSE,TRUE
"GENE1560","GENE1560_HUMAN","P41116","Protein GENE1560",0.4702,0.360151,0.112538,0.8062,0.9487,5,2,FALSE,TRUE,FALSE
"GENE2163","GENE2163_HUMAN","P47320","Protein GENE2163",-0.5772,1,0.729539,0,0.137,3,5,FALSE,FALSE,FALSE
"GENE1249","GENE1249_HUMAN","P48448","Protein GENE1249",-0.0736,1,0.593275,0,0.2267,3,6,FALSE,FALSE,FALSE
"GENE0201","GENE0201_HUMAN","P24648","Protein GENE0201",0.2853,0.672697,0.134707,0.263,0.8706,6,5,TRUE,FALSE,FALSE
"GENE2500","GENE2500_HUMAN","P72155","Protein GENE2500",0.4205,1,0.923128,0,0.0347,4,2,FALSE,TRUE,FALSE
"GENE0714","GENE0714_HUMAN","P12490","Protein GENE0714",0.2175,0.168024,0.079453,0.5699,1.0999,5,3,FALSE,FALSE,FALSE
"GENE1296","GENE1296_HUMAN","P04208","Protein GENE1296",0.6391,0.424606,0.423817,0,0.3728,6,5,FALSE,TRUE,FALSE
"GENE1230","GENE1230_HUMAN","P61365","Protein GENE1230",-3.413,0.014312,0.013331,1.7196,1.8751,2,4,FALSE,FALSE,TRUE
"GENE1039","GENE1039_HUMAN","P64392","Protein GENE1039",-0.4142,1,0.524544,0,0.2802,4,3,FALSE,FALSE,FALSE
"GENE2462","GENE2462_HUMAN","P15274","Protein GENE2462",0.6819,0.785647,0.52863,0,0.2768,3,6,FALSE,FALSE,FALSE
"GENE0815","GENE0815_HUMAN","P25163","Protein GENE0815",2.8323,0.054892,0.036554,0.8435,1.4371,6,5,FALSE,FALSE,TRUE
"GENE0644","GENE0644_HUMAN","P10716","Protein GENE0644",-0.1003,0.368193,0.138236,0.4978,0.8594,6,4,FALSE,FALSE,FALSE
"GENE2404","GENE2404_HUMAN","P36397","Protein GENE2404",4.0262,0.163472,0.036603,1.0097,1.4365,6,6,FALSE,FALSE,TRUE
"GENE1911","GENE1911_HUMAN","P28498","Protein GENE1911",-0.2453,0.357106,0.195787,0.026,0.7082,4,2,FALSE,TRUE,FALSE
"GENE1479","GENE1479_HUMAN","P10467","Protein GENE1479",1.3878,0.008048,0.00275,1.886,2.5607,3,5,TRUE,FALSE,TRUE
"GENE2092","GENE2092_HUMAN","P73339","Protein GENE2092",0.1207,1,0.756119,0,0.1214,6,3,FALSE,FALSE,FALSE
"GENE1495","GENE1495_HUMAN","P01912","Protein GENE1495",-0.1983,0.855035,0.322196,0.0058,0.4919,3,3,FALSE,FALSE,FALSE
"GENE0510","GENE0510_HUMAN","P03382","Protein GENE0510",-0.2247,1,0.909602,0,0.0411,2,5,FALSE,FALSE,FALSE
"GENE0679","GENE0679_HUMAN","P88233","Protein GENE0679",-0.0309,1,0.660071,0,0.1804,5,5,FALSE,FALSE,FALSE
"GENE0927","GENE0927_HUMAN","P92746","Protein GENE0927",0.988,0.011886,0.008942,1.5787,2.0486,6,6,FALSE,TRUE,TRUE
"GENE0649","GENE0649_HUMAN","P88028","Protein GENE0649",-0.4797,1,0.542993,0.0829,0.2652,5,3,FALSE,FALSE,FALSE
"GENE0427","GENE0427_HUMAN","P04455","Protein GENE0427",0.1107,0.294267,0.139543,0.845,0.8553,5,6,FALSE,FALSE,FALSE
"GENE2841","GENE2841_HUMAN","P22368","Protein GENE2841",-0.2132,1,0.448012,0,0.3487,2,3,FALSE,FALSE,FALSE
"GENE2091","GENE2091_HUMAN","P92682","Protein GENE2091",-0.5659,1,0.829873,0,0.081,4,5,FALSE,FALSE,FALSE
"GENE1573","GENE1573_HUMAN","P36994","Protein GENE1573",-0.1679,0.345981,0.21025,0.6274,0.6773,2,5,FALSE,FALSE,FALSE
"GENE0612","GENE0612_HUMAN","P34732","Protein GENE0612",-0.2073,0.657052,0.375242,0.2705,0.4257,6,4,FALSE,TRUE,FALSE
"UFSP2","UFSP2_HUMAN","P04480","Protein UFSP2",2.2663,0.002741,0.00267,1.901,2.5735,3,3,TRUE,TRUE,TRUE
"GENE0422","GENE0422_HUMAN","P40971","Protein GENE0422",-0.7359,0.416882,0.121705,0.4444,0.9147,6,5,FALSE,FALSE,FALSE
"GENE1808","GENE1808_HUMAN","P12010","Protein GENE1808",-0.1042,0.582264,0.504774,0.0205,0.2969,2,6,FALSE,FALSE,FALSE
"GENE2420","GENE2420_HUMAN","P81108","Protein GENE2420",0.8327,0.145669,0.036263,0.7922,1.4405,3,4,FALSE,FALSE,TRUE
"GENE1388","GENE1388_HUMAN","P35004","Protein GENE1388",-0.0582,1,0.966268,0,0.0149,2,3,TRUE,FALSE,FALSE
"GENE0355","GENE0355_HUMAN","P91281","Protein GENE0355",0.2089,0.840201,0.27757,0.0642,0.5566,2,4,FALSE,TRUE,FALSE
"GENE0080","GENE0080_HUMAN","P97860","Protein GENE0080",0.6508,0.397425,0.143393,0.2405,0.8435,6,3,FALSE,TRUE,FALSE
"GENE2710","GENE2710_HUMAN","P30540","Protein GENE2710",1.7787,0.039092,0.00806,1.4205,2.0936,5,4,FALSE,FALSE,TRUE
"GENE0558","GENE0558_HUMAN","P67244","Protein GENE0558",-0.2185,0.857162,0.686931,0,0.1631,5,5,FALSE,FALSE,FALSE
"GENE2757","GENE2757_HUMAN","P55161","Protein GENE2757",-0.8569,1,0.916114,0,0.0381,4,2,FALSE,FALSE,FALSE
"GENE1915","GENE1915_HUMAN","P44246","Protein GENE1915",0.2126,0.696623,0.166365,0.3232,0.7789,2,4,FALSE,FALSE,FALSE
"GENE0386","GENE0386_HUMAN","P65131","Protein GENE0386",-0.5053,1,0.589307,0,0.2297,2,5,FALSE,FALSE,FALSE
"GENE0138","GENE0138_HUMAN","P98748","Protein GENE0138",0.2888,0.324072,0.121164,0.2487,0.9166,6,4,FALSE,FALSE,FALSE
"GENE1695","GENE1695_HUMAN","P53504","Protein GENE1695",0.3523,0.374863,0.332932,0,0.4776,6,6,FALSE,FALSE,FALSE
"GENE2574","GENE2574_HUMAN","P99874","Protein GENE2574",3.5262,0.159717,0.035796,0.9407,1.4462,4,6,FALSE,TRUE,TRUE
"GENE1563","GENE1563_HUMAN","P38862","Protein GENE1563",0.1225,1,0.598611,0,0.2229,4,6,FALSE,FALSE,FALSE
"GENE1380","GENE1380_HUMAN","P34757","Protein GENE1380",0.5922,1,0.782147,0,0.1067,6,5,FALSE,FALSE,FALSE
"GENE2346","GENE2346_HUMAN","P20389","Protein GENE2346",0.5532,0.485122,0.109225,0.2736,0.9617,4,4,FALSE,FALSE,FALSE
"GENE0449","GENE0449_HUMAN","P96939","Protein GENE0449",0.8338,1,0.528941,0,0.2766,3,6,FALSE,FALSE,FALSE
"GENE0908","GENE0908_HUMAN","P67905","Protein GENE0908",0.3003,0.117578,0.060479,0.6716,1.2184,3,4,TRUE,FALSE,FALSE
"GENE0221","GENE0221_HUMAN","P74040","Protein GENE0221",-3.478,0.064154,0.018874,1.6964,1.7241,2,6,FALSE,FALSE,TRUE
"GENE2550","GENE2550_HUMAN","P65052","Protein GENE2550",-0.766,1,0.638242,0,0.195,2,2,FALSE,FALSE,FALSE
"GENE1309","GENE1309_HUMAN","P64546","Protein GENE1309",0.5037,0.514798,0.131242,0.7667,0.8819,6,4,FALSE,FALSE,FALSE
"GENE0713","GENE0713_HUMAN","P97532","Protein GENE0713",-0.0142,0.730246,0.151818,0.3965,0.8187,4,6,FALSE,FALSE,FALSE
"GENE1939","GENE1939_HUMAN","P47698","Protein GENE1939",0.3338,1,0.891953,0,0.0497,3,2,FALSE,FALSE,FALSE
"GENE2894","GENE2894_HUMAN","P99273","Protein GENE2894",0.304,1,0.675656,0,0.1703,6,3,FALSE,FALSE,FALSE
"GENE0018","GENE0018_HUMAN","P45101","Protein GENE0018",-0.3031,1,0.82259,0,0.0848,4,6,FALSE,FALSE,FALSE
"GENE1447","GENE1447_HUMAN","P35231","Protein GENE1447",-0.2837,0.899033,0.708445,0,0.1497,5,4,FALSE,FALSE,FALSE
"GENE2385","GENE2385_HUMAN","P11411","Protein GENE2385",0.137,1,0.591744,0,0.2279,6,4,FALSE,FALSE,FALSE
"GENE2890","GENE2890_HUMAN","P89003","Protein GENE2890",0.1624,0.450533,0.22644,0.0185,0.645,6,2,FALSE,FALSE,FALSE
"GENE1480","GENE1480_HUMAN","P41276","Protein GENE1480",0.2305,1,0.561771,0.0196,0.2504,5,5,FALSE,FALSE,FALSE
"GENE2263","GENE2263_HUMAN","P31046","Protein GENE2263",4.1896,0.026005,0.014643,1.2029,1.8344,5,2,FALSE,FALSE,TRUE
"GENE0292","GENE0292_HUMAN","P20363","Protein GENE0292",0.437,1,0.360879,0,0.4426,3,2,FALSE,FALSE,FALSE
"GENE0023","GENE0023_HUMAN","P03654","Protein GENE0023",3.267,0.068822,0.024824,0.9932,1.6051,5,4,FALSE,FALSE,TRUE
"GENE1200","GENE1200_HUMAN","P06502","Protein GENE1200",0.1316,1,0.917579,0,0.0374,2,6,FALSE,FALSE,FALSE
"GENE2565","GENE2565_HUMAN","P03396","Protein GENE2565",-0.1531,0.426805,0.110193,0.5188,0.9578,5,4,FALSE,FALSE,FALSE
"GENE1035","GENE1035_HUMAN","P79235","Protein GENE1035",-0.2462,0.591006,0.323745,0.3693,0.4898,4,6,FALSE,FALSE,FALSE
"GENE1910","GENE1910_HUMAN","P05877","Protein GENE1910",0.1406,1,0.563144,0,0.2494,5,3,FALSE,FALSE,FALSE
"GENE1534","GENE1534_HUMAN","P31808","Protein GENE1534",-0.6338,0.833788,0.288548,0,0.5398,4,2,FALSE,FALSE,FALSE
"GENE2528","GENE2528_HUMAN","P12716","Protein GENE2528",-0.1691,1,0.973083,0,0.0119,4,3,FALSE,FALSE,FALSE
"GENE1920","GENE1920_HUMAN","P78179","Protein GENE1920",4.4756,0.01926,0.006304,1.6349,2.2004,2,3,FALSE,FALSE,TRUE
"GENE1020","GENE1020_HUMAN","P28249","Protein GENE1020",-0.1246,1,0.4032,0,0.3945,5,6,FALSE,FALSE,FALSE
"GENE1551","GENE1551_HUMAN","P82772","Protein GENE1551",-0.0954,0.784993,0.423516,0.2234,0.3731,4,4,FALSE,FALSE,FALSE
"GENE0377","GENE0377_HUMAN","P68546","Protein GENE0377",0.3246,1,0.965714,0,0.0152,4,3,FALSE,FALSE,FALSE
"GENE1636","GENE1636_HUMAN","P20767","Protein GENE1636",-0.2615,1,0.361134,0,0.4423,4,4,FALSE,FALSE,FALSE
"GENE0682","GENE0682_HUMAN","P90018","Protein GENE0682",0.0783,0.783847,0.178926,0.2178,0.7473,2,6,FALSE,FALSE,FALSE
"GENE0330","GENE0330_HUMAN","P39349","Protein GENE0330",-0.0594,1,0.702561,0,0.1533,3,4,FALSE,FALSE,FALSE
"GENE0071","GENE0071_HUMAN","P38395","Protein GENE0071",-0.0326,1,0.640957,0,0.1932,6,3,FALSE,FALSE,FALSE
"GENE2604","GENE2604_HUMAN","P46410","Protein GENE2604",0.0259,1,0.608253,0,0.2159,2,6,FALSE,FALSE,FALSE
"GENE1854","GENE1854_HUMAN","P92377","Protein GENE1854",-2.5912,0.016068,0.011975,1.3581,1.9217,3,4,FALSE,FALSE,TRUE
"PABPC1","PABPC1_HUMAN","P90729","Protein PABPC1",0.4683,0.423716,0.129303,0.5257,0.8884,3,2,FALSE,FALSE,FALSE
"GENE1081","GENE1081_HUMAN","P73556","Protein GENE1081",-0.1953,0.569153,0.1373,0.5569,0.8623,4,6,FALSE,FALSE,FALSE
"GENE1086","GENE1086_HUMAN","P07351","Protein GENE1086",0.329,0.481753,0.204698,0,0.6889,2,2,FALSE,FALSE,FALSE
"GENE2746","GENE2746_HUMAN","P81180","Protein GENE2746",-0.6784,1,0.931219,0,0.0309,4,3,TRUE,FALSE,FALSE
"GPKOW","GPKOW_HUMAN","P30668","Protein GPKOW",0.0919,1,0.479101,0.0436,0.3196,2,6,FALSE,FALSE,FALSE
"GENE2040","GENE2040_HUMAN","P61550","Protein GENE2040",1.005,0.058123,0.037871,1.1613,1.4217,5,4,FALSE,FALSE,TRUE
"GENE2111","GENE2111_HUMAN","P86894","Protein GENE2111",-0.1982,0.828582,0.482209,0,0.3168,4,2,FALSE,TRUE,FALSE
"GENE0392","GENE0392_HUMAN","P67073","Protein GENE0392",0.3375,0.843002,0.184366,0.1248,0.7343,3,3,FALSE,TRUE,FALSE
"GENE2719","GENE2719_HUMAN","P71813","Protein GENE2719",-0.5416,1,0.349561,0,0.4565,6,3,FALSE,FALSE,FALSE
"GENE0002","GENE0002_HUMAN","P87130","Protein GENE0002",0.3609,1,0.998508,0,6e-04,4,3,FALSE,FALSE,FALSE
"GENE2314","GENE2314_HUMAN","P06998","Protein GENE2314",0.3027,1,0.888449,0,0.0514,3,6,FALSE,TRUE,FALSE
"GENE0062","GENE0062_HUMAN","P77467","Protein GENE0062",-0.9845,0.665553,0.66506,0.1273,0.1771,4,4,FALSE,FALSE,FALSE
"GENE2439","GENE2439_HUMAN","P07385","Protein GENE2439",-0.0982,0.386931,0.103248,0.3631,0.9861,3,2,FALSE,FALSE,FALSE
"GENE1328","GENE1328_HUMAN","P22104","Protein GENE1328",0.174,1,0.726664,0,0.1387,2,3,FALSE,FALSE,FALSE
"GENE2444","GENE2444_HUMAN","P85520","Protein GENE2444",0.2415,1,0.971231,0,0.0127,2,5,FALSE,FALSE,FALSE
"GENE2239","GENE2239_HUMAN","P44602","Protein GENE2239",0.0562,1,0.314951,0.0985,0.5018,6,5,FALSE,FALSE,FALSE
"GENE2302","GENE2302_HUMAN","P08612","Protein GENE2302",-0.1689,0.294762,0.145426,0.2723,0.8374,3,5,FALSE,TRUE,FALSE
"GENE2814","GENE2814_HUMAN","P98423","Protein GENE2814",2.3464,0.145499,0.029518,1.1573,1.5299,4,6,FALSE,FALSE,TRUE
"GENE0862","GENE0862_HUMAN","P88659","Protein GENE0862",-1.2362,0.755151,0.614204,0,0.2117,2,3,FALSE,FALSE,FALSE
"GENE2475","GENE2475_HUMAN","P60141","Protein GENE2475",-0.3442,1,0.233114,0.0621,0.6324,6,2,FALSE,TRUE,FALSE
"GENE1509","GENE1509_HUMAN","P99514","Protein GENE1509",-0.3009,1,0.430235,0.0816,0.3663,2,4,FALSE,FALSE,FALSE
"GENE1244","GENE1244_HUMAN","P10369","Protein GENE1244",-0.2273,1,0.5314,0.2049,0.2746,4,2,FALSE,FALSE,FALSE
"GENE2034","GENE2034_HUMAN","P51539","Protein GENE2034",0.1209,1,0.583271,0,0.2341,3,5,FALSE,FALSE,FALSE
"GENE1080","GENE1080_HUMAN","P65720","Protein GENE1080",-1.6991,0.230508,0.047928,0.9799,1.3194,6,3,FALSE,TRUE,TRUE
"GENE2786","GENE2786_HUMAN","P32439","Protein GENE2786",3.1818,0.080731,0.018662,1.1178,1.729,3,6,FALSE,FALSE,TRUE
"GENE1002","GENE1002_HUMAN","P97241","Protein GENE1002",0.497,1,0.597609,0,0.2236,2,3,FALSE,FALSE,FALSE
"GENE0028","GENE0028_HUMAN","P74658","Protein GENE0028",0.4051,1,0.635736,0.1451,0.1967,3,3,FALSE,FALSE,FALSE
"GENE0299","GENE0299_HUMAN","P58711","Protein GENE0299",0.2812,1,0.604419,0,0.2187,3,4,FALSE,FALSE,FALSE
"GENE0914","GENE0914_HUMAN","P22279","Protein GENE0914",0.7134,0.098928,0.020612,1.6246,1.6859,3,5,FALSE,FALSE,TRUE
"GENE0440","GENE0440_HUMAN","P08264","Protein GENE0440",-0.1249,1,0.902034,0,0.0448,2,5,FALSE,FALSE,FALSE
"GENE0041","GENE0041_HUMAN","P34848","Protein GENE0041",-0.5669,0.416901,0.128381,0.2149,0.8915,2,6,FALSE,FALSE,FALSE
"GENE1293","GENE1293_HUMAN","P70070","Protein GENE1293",0.3185,0.63742,0.486994,0,0.3125,3,3,FALSE,FALSE,FALSE
"GENE1359","GENE1359_HUMAN","P38178","Protein GENE1359",-0.4745,1,0.363128,0.0441,0.4399,3,3,FALSE,FALSE,FALSE
"GENE2037","GENE2037_HUMAN","P52849","Protein GENE2037",-0.1391,1,0.696458,0,0.1571,3,6,FALSE,FALSE,FALSE
"GENE0697","GENE0697_HUMAN","P45978","Protein GENE0697",0.2488,1,0.595783,0,0.2249,6,5,FALSE,FALSE,FALSE
"GENE0110","GENE0110_HUMAN","P78333","Protein GENE0110",3.0862,0.013088,0.003729,2.2937,2.4284,5,2,FALSE,FALSE,TRUE
"GENE0236","GENE0236_HUMAN","P21193","Protein GENE0236",0.0388,1,0.94593,0,0.0241,5,5,TRUE,FALSE,FALSE
"GENE1720","GENE1720_HUMAN","P25397","Protein GENE1720",0.1971,1,0.759236,0,0.1196,6,6,FALSE,FALSE,FALSE
"GENE0150","GENE0150_HUMAN","P81433","Protein GENE0150",0.1888,1,0.365178,0.0448,0.4375,5,3,FALSE,FALSE,FALSE
"GENE1719","GENE1719_HUMAN","P38376","Protein GENE1719",2.4407,0.015563,0.009841,1.7347,2.0069,4,2,FALSE,FALSE,TRUE
"GENE1122","GENE1122_HUMAN","P07005","Protein GENE1122",0.1181,1,0.402754,0.2317,0.395,3,3,FALSE,FALSE,FALSE
"GENE0216","GENE0216_HUMAN","P68552","Protein GENE0216",-0.0531,0.779666,0.193612,0.4069,0.7131,5,2,TRUE,FALSE,FALSE
"GENE1010","GENE1010_HUMAN","P22419","Protein GENE1010",-0.2197,0.398946,0.112085,0.674,0.9505,4,4,FALSE,TRUE,FALSE
"GENE1815","GENE1815_HUMAN","P81110","Protein GENE1815",-3.1565,0.042378,0.032859,1.1618,1.4833,5,5,FALSE,FALSE,TRUE
"GENE0186","GENE0186_HUMAN","P54926","Protein GENE0186",-3.0336,0.050795,0.032274,0.9557,1.4911,6,4,FALSE,FALSE,TRUE
"GENE1682","GENE1682_HUMAN","P23329","Protein GENE1682",0.3668,1,0.784953,0,0.1052,6,3,FALSE,FALSE,FALSE
"GENE0762","GENE0762_HUMAN","P33330","Protein GENE0762",-0.8852,0.126235,0.032497,0.8813,1.4882,5,6,FALSE,FALSE,TRUE
"GENE1709","GENE1709_HUMAN","P11074","Protein GENE1709",0.2118,1,0.955693,0,0.0197,6,3,FALSE,FALSE,FALSE
"GENE2459","GENE2459_HUMAN","P07326","Protein GENE2459",-0.3058,1,0.906903,0,0.0424,2,3,FALSE,FALSE,FALSE
"DDX46","DDX46_HUMAN","P75248","Protein DDX46",-0.8144,1,0.764151,0,0.1168,4,3,FALSE,FALSE,FALSE
"GENE1183","GENE1183_HUMAN","P62347","Protein GENE1183",0.3988,1,0.926832,0,0.033,4,4,FALSE,FALSE,FALSE
"GENE2865","GENE2865_HUMAN","P34870","Protein GENE2865",-0.282,1,0.602951,0,0.2197,2,4,FALSE,FALSE,FALSE
"GENE2041","GENE2041_HUMAN","P84216","Protein GENE2041",0.7796,0.922525,0.648196,0,0.1883,4,2,FALSE,FALSE,FALSE
"GENE1195","GENE1195_HUMAN","P58769","Protein GENE1195",0.097,0.717873,0.192029,0.7028,0.7166,5,2,FALSE,FALSE,FALSE
"GENE0897","GENE0897_HUMAN","P68535","Protein GENE0897",-0.2748,0.957952,0.271514,0.2558,0.5662,5,4,FALSE,TRUE,FALSE
"GENE1300","GENE1300_HUMAN","P61199","Protein GENE1300",0.0466,0.94795,0.782151,0,0.1067,6,2,FALSE,FALSE,FALSE
"GENE2124","GENE2124_HUMAN","P91235","Protein GENE2124",-0.2286,1,0.301864,0,0.5202,6,6,FALSE,FALSE,FALSE
"GENE1022","GENE1022_HUMAN","P17342","Protein GENE1022",0.1036,1,0.771872,0,0.1125,6,3,TRUE,FALSE,FALSE
"GENE2639","GENE2639_HUMAN","P42131","Protein GENE2639",-3.8682,0.129577,0.037298,0.9778,1.4283,6,6,FALSE,FALSE,TRUE
"GENE0885","GENE0885_HUMAN","P13496","Protein GENE0885",-0.6788,0.348709,0.305811,0,0.5145,3,4,FALSE,TRUE,FALSE
"GENE0990","GENE0990_HUMAN","P01418","Protein GENE0990",0.0613,1,0.35132,0.2055,0.4543,6,5,TRUE,FALSE,FALSE
"GENE1872","GENE1872_HUMAN","P43949","Protein GENE1872",0.8177,1,0.311278,0.0101,0.5069,4,6,FALSE,FALSE,FALSE
"GENE1604","GENE1604_HUMAN","P76894","Protein GENE1604",1.4355,0.020201,0.013166,1.7319,1.8805,5,2,FALSE,FALSE,TRUE
"GENE1750","GENE1750_HUMAN","P61219","Protein GENE1750",0.4944,1,0.849876,0,0.0706,5,4,TRUE,FALSE,FALSE
"GENE1789","GENE1789_HUMAN","P34798","Protein GENE1789",0.6752,1,0.642769,0,0.1919,4,6,FALSE,FALSE,FALSE
"GENE1922","GENE1922_HUMAN","P06600","Protein GENE1922",0.4814,1,0.630541,0.0681,0.2003,2,6,TRUE,FALSE,FALSE
"GENE2354","GENE2354_HUMAN","P29709","Protein GENE2354",-0.1357,1,0.852829,0,0.0691,4,5,FALSE,FALSE,FALSE
"GENE2503","GENE2503_HUMAN","P65932","Protein GENE2503",-0.6747,0.165693,0.063933,1.0333,1.1943,5,3,FALSE,FALSE,FALSE
"GENE1677","GENE1677_HUMAN","P24041","Protein GENE1677",-0.355,0.703079,0.215779,0.1968,0.666,2,3,TRUE,FALSE,FALSE
"GENE0537","GENE0537_HUMAN","P86791","Protein GENE0537",0.1275,0.54485,0.136017,0.2644,0.8664,5,4,FALSE,FALSE,FALSE
"GENE0229","GENE0229_HUMAN","P58866","Protein GENE0229",0.2482,1,0.684396,0,0.1647,6,5,FALSE,FALSE,FALSE
"GENE0484","GENE0484_HUMAN","P70365","Protein GENE0484",0.3545,1,0.286288,0.1017,0.5432,4,3,FALSE,FALSE,FALSE
"GENE0891","GENE0891_HUMAN","P82949","Protein GENE0891",0.8754,1,0.584506,0,0.2332,4,6,FALSE,FALSE,FALSE
"GENE2756","GENE2756_HUMAN","P52907","Protein GENE2756",-0.133,1,0.958939,0,0.0182,6,2,TRUE,FALSE,FALSE
"GENE0524","GENE0524_HUMAN","P42433","Protein GENE0524",0.5266,0.073654,0.046157,0.9206,1.3358,5,2,FALSE,FALSE,TRUE
"GENE0388","GENE0388_HUMAN","P73303","Protein GENE0388",-0.0711,0.279185,0.182402,0.4106,0.739,6,2,FALSE,TRUE,FALSE
"GENE0763","GENE0763_HUMAN","P47829","Protein GENE0763",0.7071,0.866166,0.270827,0.0464,0.5673,6,3,FALSE,FALSE,FALSE
"GENE1821","GENE1821_HUMAN","P61886","Protein GENE1821",0.148,1,0.954874,0,0.0201,4,5,TRUE,FALSE,FALSE
"GENE0155","GENE0155_HUMAN","P35257","Protein GENE0155",-0.1518,1,0.607686,0.0393,0.2163,3,3,FALSE,TRUE,FALSE
"GENE2769","GENE2769_HUMAN","P45018","Protein GENE2769",-2.7384,0.044201,0.009552,2.0072,2.0199,5,2,FALSE,FALSE,TRUE
"GENE1905","GENE1905_HUMAN","P29231","Protein GENE1905",0.2935,1,0.965326,0,0.0153,4,4,FALSE,FALSE,FALSE
"GENE1647","GENE1647_HUMAN","P25524","Protein GENE1647",-0.1347,1,0.937501,0,0.028,6,4,TRUE,TRUE,FALSE
"GENE0189","GENE0189_HUMAN","P79682","Protein GENE0189",0.1278,1,0.943159,0,0.0254,6,4,FALSE,FALSE,FALSE
"GENE0148","GENE0148_HUMAN","P23556","Protein GENE0148",0.0841,1,0.899222,0,0.0461,4,3,FALSE,FALSE,FALSE
"GENE0625","GENE0625_HUMAN","P07443","Protein GENE0625",0.1177,1,0.6562,0.1045,0.183,2,2,FALSE,FALSE,FALSE
"NEK9","NEK9_HUMAN","P96789","Protein NEK9",3.6954,0.054572,0.011528,1.701,1.9383,5,3,FALSE,FALSE,TRUE
"GENE0609","GENE0609_HUMAN","P24496","Protein GENE0609",0.028,0.201906,0.122117,0.2992,0.9132,2,3,FALSE,FALSE,FALSE
"GENE2046","GENE2046_HUMAN","P11285","Protein GENE2046",-0.0565,1,0.775266,0,0.1105,6,4,FALSE,FALSE,FALSE
"GENE1453","GENE1453_HUMAN","P03075","Protein GENE1453",0.038,1,0.412737,0,0.3843,5,4,TRUE,FALSE,FALSE
"GENE0450","GENE0450_HUMAN","P13342","Protein GENE0450",-0.0173,1,0.850165,0,0.0705,3,3,FALSE,FALSE,FALSE
"GENE1168","GENE1168_HUMAN","P76857","Protein GENE1168",-0.5279,1,0.821137,0,0.0856,4,5,FALSE,TRUE,FALSE
"GENE2726","GENE2726_HUMAN","P66852","Protein GENE2726",-0.1849,1,0.63104,0,0.1999,3,5,FALSE,FALSE,FALSE
"GENE2128","GENE2128_HUMAN","P50052","Protein GENE2128",-0.134,0.969286,0.531413,0,0.2746,2,4,FALSE,FALSE,FALSE
"GENE0854","GENE0854_HUMAN","P17692","Protein GENE0854",0.1687,1,0.28993,0,0.5377,6,2,FALSE,FALSE,FALSE
"GENE2591","GENE2591_HUMAN","P75102","Protein GENE2591",0.5168,1,0.945831,0,0.0242,4,3,TRUE,FALSE,FALSE
"GENE0497","GENE0497_HUMAN","P34859","Protein GENE0497",-0.0853,1,0.71222,0,0.1474,5,4,FALSE,FALSE,FALSE
"GENE2584","GENE2584_HUMAN","P21819","Protein GENE2584",2.0937,0.13993,0.032082,1.4062,1.4937,4,2,FALSE,FALSE,TRUE
"GENE2355","GENE2355_HUMAN","P44170","Protein GENE2355",-3.2049,0.129267,0.030805,0.9293,1.5114,4,6,FALSE,FALSE,TRUE
"GENE1891","GENE1891_HUMAN","P44668","Protein GENE1891",-0.0362,1,0.71723,0,0.1443,3,4,FALSE,FALSE,FALSE
"GENE2340","GENE2340_HUMAN","P94466","Protein GENE2340",0.1407,0.746627,0.159559,0.1164,0.7971,2,6,FALSE,FALSE,FALSE
"GENE2119","GENE2119_HUMAN","P74403","Protein GENE2119",2.6232,0.166047,0.045191,0.818,1.3449,5,4,FALSE,FALSE,TRUE
"GENE1096","GENE1096_HUMAN","P38260","Protein GENE1096",0.0122,1,0.874967,0,0.058,5,3,FALSE,FALSE,FALSE
"GENE1498","GENE1498_HUMAN","P44275","Protein GENE1498",0.6294,1,0.423865,0,0.3728,5,6,TRUE,FALSE,FALSE
"GENE1904","GENE1904_HUMAN","P23980","Protein GENE1904",0.2372,0.650767,0.357544,0.3475,0.4467,5,5,FALSE,FALSE,FALSE
"GENE1810","GENE1810_HUMAN","P60087","Protein GENE1810",-1.2633,0.000396,0.000249,3.5381,3.6031,6,6,FALSE,TRUE,TRUE
"GENE0243","GENE0243_HUMAN","P86743","Protein GENE0243",0.1239,1,0.365155,0.1959,0.4375,4,4,FALSE,FALSE,FALSE
"GENE0493","GENE0493_HUMAN","P83378","Protein GENE0493",-0.4734,1,0.804508,0,0.0945,3,3,FALSE,TRUE,FALSE
"GENE0313","GENE0313_HUMAN","P41117","Protein GENE0313",0.256,1,0.328448,0,0.4835,6,3,FALSE,FALSE,FALSE
"GENE1340","GENE1340_HUMAN","P44983","Protein GENE1340",0.2497,1,0.68703,0,0.163,4,4,FALSE,TRUE,FALSE
"GENE1474","GENE1474_HUMAN","P70816","Protein GENE1474",3.7507,0.179493,0.04454,1.0253,1.3513,6,2,FALSE,FALSE,TRUE
"GENE1449","GENE1449_HUMAN","P88377","Protein GENE1449",0.1743,1,0.707364,0,0.1504,6,6,FALSE,FALSE,FALSE
"GENE1446","GENE1446_HUMAN","P27728","Protein GENE1446",0.3221,1,0.805112,0,0.0941,3,2,FALSE,FALSE,FALSE
"GENE2342","GENE2342_HUMAN","P17683","Protein GENE2342",-0.3019,1,0.564972,0,0.248,3,6,FALSE,FALSE,FALSE
"GENE1967","GENE1967_HUMAN","P08223","Protein GENE1967",-0.1355,1,0.597894,0,0.2234,5,6,FALSE,FALSE,FALSE
"GENE0267","GENE0267_HUMAN","P46854","Protein GENE0267",-0.2657,0.246726,0.124254,0.4757,0.9057,4,3,FALSE,TRUE,FALSE
"GENE0092","GENE0092_HUMAN","P33530","Protein GENE0092",0.0121,0.301137,0.155973,0.7027,0.807,3,3,FALSE,FALSE,FALSE
"GENE2389","GENE2389_HUMAN","P79133","Protein GENE2389",0.9487,0.003244,0.000712,2.9887,3.1473,2,3,FALSE,FALSE,TRUE
"GENE0513","GENE0513_HUMAN","P19231","Protein GENE0513",0.6225,0.081188,0.019464,1.0666,1.7108,4,4,FALSE,FALSE,TRUE
"GENE1492","GENE1492_HUMAN","P98398","Protein GENE1492",-0.1603,1,0.605898,0,0.2176,4,6,FALSE,FALSE,FALSE
"GENE2407","GENE2407_HUMAN","P27145","Protein GENE2407",0.1119,1,0.419514,0.2744,0.3773,4,3,FALSE,FALSE,FALSE
"GENE0428","GENE0428_HUMAN","P92062","Protein GENE0428",-0.7012,1,0.861942,0,0.0645,4,2,FALSE,FALSE,FALSE
"GENE1234","GENE1234_HUMAN","P72458","Protein GENE1234",0.0583,1,0.411759,0,0.3854,5,6,FALSE,FALSE,FALSE
"GENE1319","GENE1319_HUMAN","P66558","Protein GENE1319",0.646,0.423839,0.174472,0.0758,0.7583,3,6,FALSE,FALSE,FALSE
"GENE1399","GENE1399_HUMAN","P64657","Protein GENE1399",-0.2097,0.434922,0.25167,0.1291,0.5992,6,4,TRUE,FALSE,FALSE
"GENE0215","GENE0215_HUMAN","P13443","Protein GENE0215",-0.0526,0.441426,0.237342,0.2218,0.6246,3,5,FALSE,FALSE,FALSE
"GENE0301","GENE0301_HUMAN","P98965","Protein GENE0301",0.062,0.62896,0.408718,0,0.3886,4,6,FALSE,FALSE,FALSE
"GENE0519","GENE0519_HUMAN","P54360","Protein GENE0519",-0.132,0.890939,0.50576,0,0.2961,2,4,FALSE,FALSE,FALSE
"GENE0170","GENE0170_HUMAN","P48579","Protein GENE0170",0.1454,0.814631,0.56015,0,0.2517,2,4,FALSE,FALSE,FALSE
"GENE1937","GENE1937_HUMAN","P44361","Protein GENE1937",0.259,0.574178,0.193822,0.335,0.7126,4,3,FALSE,FALSE,FALSE
"GENE0518","GENE0518_HUMAN","P33381","Protein GENE0518",-0.2811,0.338905,0.266144,0,0.5749,3,6,FALSE,TRUE,FALSE
"GENE1071","GENE1071_HUMAN","P31699","Protein GENE1071",-0.1225,1,0.289057,0,0.539,3,4,FALSE,FALSE,FALSE
"GENE2660","GENE2660_HUMAN","P35709","Protein GENE2660",-1.0898,0.088358,0.018087,1.3452,1.7426,6,6,FALSE,FALSE,TRUE
"GENE0994","GENE0994_HUMAN","P07532","Protein GENE0994",-0.2794,1,0.891966,0,0.0497,5,3,FALSE,TRUE,FALSE
"GENE2860","GENE2860_HUMAN","P31869","Protein GENE2860",0.5265,0.678082,0.340207,0.0835,0.4683,6,3,FALSE,FALSE,FALSE
"GENE1023","GENE1023_HUMAN","P82193","Protein GENE1023",0.0125,1,0.756231,0,0.1213,2,2,FALSE,FALSE,FALSE
"GENE2400","GENE2400_HUMAN","P62640","Protein GENE2400",-0.0359,0.350485,0.346667,0.1756,0.4601,4,4,FALSE,FALSE,FALSE
"GENE1360","GENE1360_HUMAN","P17549","Protein GENE1360",2.8367,0.035483,0.012252,1.3871,1.9118,6,4,FALSE,FALSE,TRUE
"GENE0836","GENE0836_HUMAN","P65979","Protein GENE0836",-0.191,1,0.279204,0,0.5541,5,4,FALSE,FALSE,FALSE
"GENE1882","GENE1882_HUMAN","P95549","Protein GENE1882",0.4856,0.903149,0.638169,0,0.1951,6,4,FALSE,FALSE,FALSE
"GENE2613","GENE2613_HUMAN","P17967","Protein GENE2613",-0.561,0.16757,0.081446,0.4573,1.0891,3,3,FALSE,FALSE,FALSE
"GENE2140","GENE2140_HUMAN","P31441","Protein GENE2140",-0.3191,0.872229,0.505504,0,0.2963,6,4,FALSE,FALSE,FALSE
"GENE2698","GENE2698_HUMAN","P82237","Protein GENE2698",2.3764,0.220674,0.04531,0.6661,1.3438,2,3,FALSE,FALSE,TRUE
"GENE1187","GENE1187_HUMAN","P39111","Protein GENE1187",2.6054,0.203716,0.043474,0.9099,1.3618,4,2,FALSE,TRUE,TRUE
"GENE0365","GENE0365_HUMAN","P95140","Protein GENE0365",-0.1546,1,0.647122,0.0812,0.189,2,5,FALSE,FALSE,FALSE
"GENE2790","GENE2790_HUMAN","P84960","Protein GENE2790",-0.4322,1,0.328731,0.1901,0.4832,2,5,TRUE,FALSE,FALSE
"GENE1661","GENE1661_HUMAN","P79202","Protein GENE1661",-0.2168,0.120024,0.074284,1.027,1.1291,4,2,TRUE,TRUE,FALSE
"GENE1271","GENE1271_HUMAN","P17296","Protein GENE1271",-0.1214,1,0.679734,0,0.1677,4,4,FALSE,TRUE,FALSE
"GENE2813","GENE2813_HUMAN","P96797","Protein GENE2813",1.3413,1,0.68347,0,0.1653,3,5,FALSE,FALSE,FALSE
"GENE0149","GENE0149_HUMAN","P88622","Protein GENE0149",-4.0212,0.140164,0.046797,1.0491,1.3298,5,2,FALSE,FALSE,TRUE
"GENE2730","GENE2730_HUMAN","P47373","Protein GENE2730",0.7659,1,0.796513,0,0.0988,4,6,FALSE,FALSE,FALSE
"GENE0104","GENE0104_HUMAN","P11156","Protein GENE0104",-3.8485,0.09278,0.036132,0.7719,1.4421,6,4,FALSE,FALSE,TRUE
"GENE1095","GENE1095_HUMAN","P98273","Protein GENE1095",0.1494,1,0.913454,0,0.0393,4,6,FALSE,FALSE,FALSE
"GENE1718","GENE1718_HUMAN","P84122","Protein GENE1718",0.0433,1,0.304379,0.2727,0.5166,2,6,FALSE,FALSE,FALSE
"GENE0472","GENE0472_HUMAN","P23832","Protein GENE0472",-0.1907,0.731999,0.426061,0.0516,0.3705,6,5,FALSE,FALSE,FALSE
"GENE1144","GENE1144_HUMAN","P64595","Protein GENE1144",0.4255,1,0.975101,0,0.011,2,6,FALSE,FALSE,FALSE
"GENE0753","GENE0753_HUMAN","P46004","Protein GENE0753",0.4202,0.544501,0.197944,0.0226,0.7035,4,4,FALSE,FALSE,FALSE
"GENE0978","GENE0978_HUMAN","P09333","Protein GENE0978",0.094,1,0.375984,0,0.4248,5,4,FALSE,FALSE,FALSE
"GENE1209","GENE1209_HUMAN","P79225","Protein GENE1209",4.2571,0.057558,0.029462,1.353,1.5307,5,3,FALSE,FALSE,TRUE
"GENE0413","GENE0413_HUMAN","P23978","Protein GENE0413",-0.1381,1,0.459144,0,0.3381,6,5,TRUE,FALSE,FALSE
"GENE1456","GENE1456_HUMAN","P23259","Protein GENE1456",-0.1516,1,0.868599,0,0.0612,5,4,FALSE,FALSE,FALSE
"GENE2585","GENE2585_HUMAN","P76408","Protein GENE2585",-0.5962,0.428089,0.329127,0.0372,0.4826,2,4,TRUE,FALSE,FALSE
"GENE2560","GENE2560_HUMAN","P43142","Protein GENE2560",0.0762,0.798809,0.208693,0.3721,0.6805,3,2,FALSE,FALSE,FALSE
"GENE0123","GENE0123_HUMAN","P00019","Protein GENE0123",0.3451,0.614171,0.36797,0,0.4342,5,6,TRUE,TRUE,FALSE
"GENE1924","GENE1924_HUMAN","P98451","Protein GENE1924",0.4193,0.202494,0.084602,0.8298,1.0726,3,5,FALSE,FALSE,FALSE
"GENE1535","GENE1535_HUMAN","P81275","Protein GENE1535",0.4308,1,0.551632,0,0.2584,6,6,FALSE,FALSE,FALSE
"GENE1739","GENE1739_HUMAN","P59287","Protein GENE1739",0.5531,0.109324,0.090672,0.5134,1.0425,2,3,FALSE,FALSE,FALSE
"GENE2708","GENE2708_HUMAN","P00390","Protein GENE2708",0.0988,0.701897,0.45838,0,0.3388,6,5,FALSE,TRUE,FALSE
"GENE2442","GENE2442_HUMAN","P55498","Protein GENE2442",-0.1382,1,0.706398,0,0.151,6,4,FALSE,FALSE,FALSE
"GENE1320","GENE1320_HUMAN","P50626","Protein GENE1320",2.9789,0.168466,0.040043,0.8137,1.3975,2,3,FALSE,FALSE,TRUE
"GENE2311","GENE2311_HUMAN","P03524","Protein GENE2311",-0.0094,1,0.789039,0,0.1029,2,5,FALSE,FALSE,FALSE
"GENE2093","GENE2093_HUMAN","P94962","Protein GENE2093",0.2895,1,0.914788,0,0.0387,3,6,FALSE,FALSE,FALSE
"GENE0821","GENE0821_HUMAN","P56650","Protein GENE0821",-0.033,1,0.633059,0,0.1986,4,4,TRUE,FALSE,FALSE
"GENE2557","GENE2557_HUMAN","P55422","Protein GENE2557",0.2621,0.219786,0.17494,0.136,0.7571,6,2,TRUE,TRUE,FALSE
"GENE2615","GENE2615_HUMAN","P80148","Protein GENE2615",-0.211,0.586464,0.141531,0.2831,0.8491,3,4,FALSE,FALSE,FALSE
"GENE1792","GENE1792_HUMAN","P18217","Protein GENE1792",0.0036,0.810584,0.21511,0,0.6673,3,3,FALSE,FALSE,FALSE
"GENE1836","GENE1836_HUMAN","P83060","Protein GENE1836",-0.0178,1,0.56249,0,0.2499,4,3,FALSE,TRUE,FALSE
"GENE1556","GENE1556_HUMAN","P42224","Protein GENE1556",-0.2397,0.994995,0.764932,0,0.1164,4,4,FALSE,TRUE,FALSE
"GENE1274","GENE1274_HUMAN","P96669","Protein GENE1274",-2.095,0.097385,0.035902,1.0673,1.4449,2,4,FALSE,FALSE,TRUE
"GENE0030","GENE0030_HUMAN","P83979","Protein GENE0030",-0.5902,1,0.798866,0,0.0975,4,4,FALSE,FALSE,FALSE
"GENE1640","GENE1640_HUMAN","P51345","Protein GENE1640",-0.1486,1,0.550407,0,0.2593,4,2,FALSE,FALSE,FALSE
"GENE0494","GENE0494_HUMAN","P37124","Protein GENE0494",0.0615,1,0.883668,0,0.0537,4,4,FALSE,FALSE,FALSE
"GENE1325","GENE1325_HUMAN","P08193","Protein GENE1325",0.4249,1,0.733841,0,0.1344,3,4,FALSE,FALSE,FALSE
"GENE2593","GENE2593_HUMAN","P69128","Protein GENE2593",3.2742,0.053768,0.027811,0.8786,1.5558,3,2,FALSE,TRUE,TRUE
"GENE0942","GENE0942_HUMAN","P46346","Protein GENE0942",-0.2529,1,0.795216,0,0.0995,5,3,FALSE,FALSE,FALSE
"GENE0813","GENE0813_HUMAN","P45047","Protein GENE0813",-0.5159,1,0.794104,0,0.1001,2,4,FALSE,FALSE,FALSE
"GENE2658","GENE2658_HUMAN","P90829","Protein GENE2658",0.6841,0.957195,0.224386,0.4443,0.649,5,3,FALSE,FALSE,FALSE
"GENE2448","GENE2448_HUMAN","P55874","Protein GENE2448",2.5907,0.104068,0.039429,1.1711,1.4042,6,6,FALSE,FALSE,TRUE
"GENE2642","GENE2642_HUMAN","P13060","Protein GENE2642",0.5707,0.923544,0.882312,0,0.0544,5,2,FALSE,FALSE,FALSE
"GENE1621","GENE1621_HUMAN","P25256","Protein GENE1621",0.2451,0.601612,0.204199,0.4483,0.6899,3,2,FALSE,FALSE,FALSE
"GENE1990","GENE1990_HUMAN","P41874","Protein GENE1990",0.5207,1,0.226988,0.0297,0.644,3,5,FALSE,FALSE,FALSE
"GENE1003","GENE1003_HUMAN","P47611","Protein GENE1003",3.1829,0.002048,0.000698,2.4968,3.1562,3,5,FALSE,FALSE,TRUE
"GENE1491","GENE1491_HUMAN","P08292","Protein GENE1491",0.0318,1,0.461852,0,0.3355,2,5,FALSE,FALSE,FALSE
"GENE1994","GENE1994_HUMAN","P26011","Protein GENE1994",0.2095,1,0.683775,0,0.1651,3,3,FALSE,FALSE,FALSE
"GENE1913","GENE1913_HUMAN","P27605","Protein GENE1913",-0.8803,0.110725,0.036096,1.2199,1.4425,4,2,FALSE,FALSE,TRUE
"GENE2160","GENE2160_HUMAN","P75682","Protein GENE2160",0.5302,1,0.377966,0,0.4225,3,3,FALSE,FALSE,FALSE
"GENE1145","GENE1145_HUMAN","P67662","Protein GENE1145",-0.2945,0.66748,0.297383,0.0823,0.5267,6,4,FALSE,FALSE,FALSE
"GENE1452","GENE1452_HUMAN","P57316","Protein GENE1452",-0.2778,1,0.728043,0,0.1378,5,6,FALSE,FALSE,FALSE
"GENE1680","GENE1680_HUMAN","P73473","Protein GENE1680",0.5864,1,0.760583,0,0.1189,2,6,FALSE,TRUE,FALSE
"GENE0773","GENE0773_HUMAN","P90756","Protein GENE0773",0.1759,1,0.566664,0,0.2467,2,6,FALSE,FALSE,FALSE
"GENE1742","GENE1742_HUMAN","P77435","Protein GENE1742",-1.8379,0.021803,0.01834,1.2852,1.7366,4,4,FALSE,FALSE,TRUE
"GENE0257","GENE0257_HUMAN","P70971","Protein GENE0257",0.0422,0.953466,0.199647,0.1647,0.6997,5,4,FALSE,FALSE,FALSE
"GENE1103","GENE1103_HUMAN","P72212","Protein GENE1103",-0.9502,1,0.293484,0.1246,0.5324,5,3,FALSE,FALSE,FALSE
"GENE1796","GENE1796_HUMAN","P95069","Protein GENE1796",-0.384,1,0.809898,0,0.0916,6,4,TRUE,FALSE,FALSE
"GENE0528","GENE0528_HUMAN","P56752","Protein GENE0528",0.0419,0.377426,0.316827,0,0.4992,2,2,FALSE,FALSE,FALSE
"GENE0061","GENE0061_HUMAN","P82072","Protein GENE0061",0.6383,0.728695,0.558964,0,0.2526,3,4,FALSE,FALSE,FALSE
"GENE2600","GENE2600_HUMAN","P67604","Protein GENE2600",-0.4389,1,0.880734,0,0.0552,3,4,FALSE,FALSE,FALSE
"GENE0020","GENE0020_HUMAN","P72074","Protein GENE0020",-0.1638,1,0.436124,0,0.3604,2,6,FALSE,FALSE,FALSE
"GENE2036","GENE2036_HUMAN","P54792","Protein GENE2036",0.2639,1,0.38234,0,0.4175,3,5,FALSE,FALSE,FALSE
"GENE0024","GENE0024_HUMAN","P26941","Protein GENE0024",0.5699,0.595387,0.592068,0,0.2276,6,3,FALSE,FALSE,FALSE
"GENE2897","GENE2897_HUMAN","P42272","Protein GENE2897",0.4518,0.430848,0.106718,0.6761,0.9718,2,6,FALSE,FALSE,FALSE
"GENE0720","GENE0720_HUMAN","P48575","Protein GENE0720",-0.2445,1,0.867476,0,0.0617,5,3,FALSE,FALSE,FALSE
"GENE2542","GENE2542_HUMAN","P88894","Protein GENE2542",-0.1712,0.935575,0.806989,0,0.0931,5,5,FALSE,FALSE,FALSE
"GENE1013","GENE1013_HUMAN","P27021","Protein GENE1013",-0.6883,0.955682,0.429672,0.0164,0.3669,3,5,FALSE,FALSE,FALSE
