"Gene","Entry.Name","UniProt.ID","Description","logFC","P.Val","adj.P.Val","log.P.Val","log.adj.P.Val","n_data_points_BK516_Ctrl","n_data_points_BK516_Cflag","imputed_BK516_Cflag","imputed_BK516_Ctrl","is_significant"
"GENE0267","GENE0267_HUMAN","P95414","Protein GENE0267",-0.367,0.362174,0.09256,0.6324,1.0336,2,2,FALSE,FALSE,FALSE
"GENE0247","GENE0247_HUMAN","P45321","Protein GENE0247",-0.1681,1,0.337084,0.058,0.4723,5,2,FALSE,FALSE,FALSE
"GENE2057","GENE2057_HUMAN","P78414","Protein GENE2057",-0.2356,1,0.49186,0.2613,0.3082,6,6,FALSE,FALSE,FALSE
"GENE2033","GENE2033_HUMAN","P70852","Protein GENE2033",4.4824,0.029759,0.010237,1.491,1.9898,5,5,FALSE,FALSE,TRUE
"GENE2653","GENE2653_HUMAN","P36289","Protein GENE2653",-0.1329,0.476128,0.119977,0.4908,0.9209,3,4,FALSE,TRUE,FALSE
"GENE1984","GENE1984_HUMAN","P13297","Protein GENE1984",-0.0696,1,0.308692,0.0255,0.5105,2,3,FALSE,FALSE,FALSE
"GENE2383","GENE2383_HUMAN","P02366","Protein GENE2383",0.1826,1,0.669108,0,0.1745,2,3,FALSE,FALSE,FALSE
"GENE1670","GENE1670_HUMAN","P89470","Protein GENE1670",-0.1828,0.385227,0.080398,0.6399,1.0948,2,4,TRUE,FALSE,FALSE
"GENE2177","GENE2177_HUMAN","P23578","Protein GENE2177",-0.3244,0.557462,0.376257,0,0.4245,2,4,FALSE,FALSE,FALSE
"GENE0739","GENE0739_HUMAN","P65501","Protein GENE0739",-0.4274,1,0.909055,0,0.0414,4,3,FALSE,FALSE,FALSE
"MED15","MED15_HUMAN","P92272","Protein MED15",1.2247,0.038261,0.012959,1.7552,1.8874,6,2,FALSE,FALSE,TRUE
"GENE1115","GENE1115_HUMAN","P64887","Protein GENE1115",0.3198,0.992116,0.790303,0.0552,0.1022,2,5,FALSE,FALSE,FALSE
"GENE1620","GENE1620_HUMAN","P37283","Protein GENE1620",-0.3512,1,0.874767,0,0.0581,3,3,FALSE,FALSE,FALSE
"GENE1259","GENE1259_HUMAN","P13480","Protein GENE1259",0.0592,1,0.699187,0,0.1554,4,5,FALSE,FALSE,FALSE
"GENE0221","GENE0221_HUMAN","P17636","Protein GENE0221",-0.0324,1,0.904383,0,0.0436,6,2,FALSE,FALSE,FALSE
"DHX29","DHX29_HUMAN","P96577","Protein DHX29",0.3755,0.343349,0.10624,0.3037,0.9737,3,6,FALSE,FALSE,FALSE
"GENE2461","GENE2461_HUMAN","P94411","Protein GENE2461",0.0088,1,0.380116,0,0.4201,6,5,FALSE,FALSE,FALSE
"GENE0584","GENE0584_HUMAN","P88126","Protein GENE0584",-0.7124,1,0.419472,4e-04,0.3773,6,4,FALSE,FALSE,FALSE
"GENE0417","GENE0417_HUMAN","P93468","Protein GENE0417",0.8401,1,0.787431,0,0.1038,3,3,FALSE,FALSE,FALSE
"GENE2274","GENE2274_HUMAN","P76916","Protein GENE2274",0.582,1,0.399503,0,0.3985,2,5,FALSE,TRUE,FALSE
"GENE2430","GENE2430_HUMAN","P32869","Protein GENE2430",0.665,1,0.682525,0,0.1659,3,5,FALSE,FALSE,FALSE
"GENE0659","GENE0659_HUMAN","P63477","Protein GENE0659",-0.1544,1,0.660719,0,0.18,4,5,FALSE,FALSE,FALSE
"GENE2065","GENE2065_HUMAN","P09618","Protein GENE2065",-0.5608,0.71748,0.422855,0,0.3738,2,4,FALSE,FALSE,FALSE
"GENE0380","GENE0380_HUMAN","P48806","Protein GENE0380",-0.1414,1,0.521468,0,0.2828,3,3,FALSE,FALSE,FALSE
"GENE0090","GENE0090_HUMAN","P88212","Protein GENE0090",-0.4552,1,0.793683,0,0.1004,5,2,FALSE,FALSE,FALSE
"GENE2426","GENE2426_HUMAN","P10111","Protein GENE2426",0.0569,0.922405,0.486404,0,0.313,5,5,FALSE,FALSE,FALSE
"GENE2854","GENE2854_HUMAN","P82905","Protein GENE2854",-0.4418,0.970047,0.462242,0,0.3351,2,2,TRUE,FALSE,FALSE
"GENE1467","GENE1467_HUMAN","P37029","Protein GENE1467",0.1318,0.407137,0.351861,0.1163,0.4536,4,5,FALSE,FALSE,FALSE
"GENE0199","GENE0199_HUMAN","P91243","Protein GENE0199",0.1111,0.931148,0.367745,0.1026,0.4345,5,2,FALSE,TRUE,FALSE
"GENE0979","GENE0979_HUMAN","P20142","Protein GENE0979",0.7844,0.953073,0.517782,0,0.2859,3,6,FALSE,FALSE,FALSE
"GENE2069","GENE2069_HUMAN","P06834","Protein GENE2069",-0.4947,0.494491,0.175738,0.2889,0.7551,4,4,FALSE,FALSE,FALSE
"GENE0971","GENE0971_HUMAN","P49153","Protein GENE0971",0.112,0.260198,0.118537,0.3861,0.9261,4,5,FALSE,FALSE,FALSE
"GENE1574","GENE1574_HUMAN","P42489","Protein GENE1574",-0.8691,0.437372,0.19535,0.3233,0.7092,3,5,FALSE,FALSE,FALSE
"GENE1353","GENE1353_HUMAN","P44714","Protein GENE1353",0.1694,0.395077,0.277256,0.1895,0.5571,4,4,FALSE,FALSE,FALSE
"GENE1140","GENE1140_HUMAN","P55883","Protein GENE1140",0.0241,0.444984,0.171544,0.1769,0.7656,4,2,FALSE,FALSE,FALSE
"GENE1594","GENE1594_HUMAN","P22812","Protein GENE1594",-0.0997,1,0.390607,0,0.4083,3,6,FALSE,FALSE,FALSE
"GENE2361","GENE2361_HUMAN","P49138","Protein GENE2361",0.2201,0.972365,0.247174,0.3776,0.607,3,6,FALSE,FALSE,FALSE
"GENE1844","GENE1844_HUMAN","P96492","Protein GENE1844",0.1646,0.292364,0.080156,0.4589,1.0961,6,4,FALSE,FALSE,FALSE
"GENE1073","GENE1073_HUMAN","P35400","Protein GENE1073",0.3884,1,0.946081,0,0.0241,2,6,FALSE,TRUE,FALSE
"GENE0077","GENE0077_HUMAN","P44819","Protein GENE0077",-3.4502,0.006775,0.002162,1.9882,2.6651,3,5,FALSE,FALSE,TRUE
"GENE0244","GENE0244_HUMAN","P55699","Protein GENE0244",-0.1712,1,0.309883,0.0229,0.5088,5,2,FALSE,TRUE,FALSE
"GENE0913","GENE0913_HUMAN","P58829","Protein GENE0913",0.4551,1,0.384731,0,0.4148,5,2,FALSE,FALSE,FALSE
"GENE2452","GENE2452_HUMAN","P67303","Protein GENE2452",-0.1112,0.317763,0.143111,0.7687,0.8443,6,6,FALSE,FALSE,FALSE
"GENE0812","GENE0812_HUMAN","P26711","Protein GENE0812",-0.0206,0.433081,0.292826,0,0.5334,6,3,TRUE,FALSE,FALSE
"GENE0818","GENE0818_HUMAN","P46089","Protein GENE0818",-0.7506,0.610753,0.122531,0.7192,0.9118,5,2,FALSE,FALSE,FALSE
"GENE0408","GENE0408_HUMAN","P52681","Protein GENE0408",-0.6722,0.996561,0.235875,0.0197,0.6273,4,2,FALSE,FALSE,FALSE
"GENE2862","GENE2862_HUMAN","P44922","Protein GENE2862",0.1497,0.177888,0.065043,0.4974,1.1868,3,2,FALSE,FALSE,FALSE
"GENE2242","GENE2242_HUMAN","P56730","Protein GENE2242",0.343,1,0.567364,0.1214,0.2461,6,6,FALSE,FALSE,FALSE
"GENE2832","GENE2832_HUMAN","P90288","Protein GENE2832",-0.2671,0.398915,0.084704,0.5465,1.0721,3,3,FALSE,FALSE,FALSE
"GENE2315","GENE2315_HUMAN","P71853","Protein GENE2315",-2.1157,0.154313,0.0408,1.2102,1.3893,5,4,FALSE,FALSE,TRUE
"GENE1967","GENE1967_HUMAN","P13513","Protein GENE1967",-0.3293,1,0.991264,0,0.0038,6,4,FALSE,FALSE,FALSE
"GENE2348","GENE2348_HUMAN","P08426","Protein GENE2348",0.0906,1,0.867984,0,0.0615,2,6,FALSE,FALSE,FALSE
"GENE2521","GENE2521_HUMAN","P40544","Protein GENE2521",0.2444,1,0.671599,0,0.1729,6,3,FALSE,FALSE,FALSE
"GENE1716","GENE1716_HUMAN","P46405","Protein GENE1716",0.7094,1,0.495129,0.0507,0.3053,6,4,FALSE,FALSE,FALSE
"GENE2810","GENE2810_HUMAN","P81773","Protein GENE2810",0.1121,1,0.485239,0,0.314,4,2,FALSE,TRUE,FALSE
"GENE0787","GENE0787_HUMAN","P65882","Protein GENE0787",-0.1107,0.359512,0.24704,0.527,0.6072,4,5,FALSE,FALSE,FALSE
"GENE0711","GENE0711_HUMAN","P92684","Protein GENE0711",-0.6059,1,0.980463,0,0.0086,3,4,FALSE,FALSE,FALSE
"GENE0326","GENE0326_HUMAN","P09978","Protein GENE0326",-0.0913,1,0.719165,0,0.1432,3,3,FALSE,FALSE,FALSE
"GENE2428","GENE2428_HUMAN","P93534","Protein GENE2428",-0.4591,1,0.629174,0,0.2012,3,4,FALSE,FALSE,FALSE
"GENE2418","GENE2418_HUMAN","P21661","Protein GENE2418",0.0987,1,0.803126,0,0.0952,2,4,FALSE,TRUE,FALSE
"GENE2399","GENE2399_HUMAN","P74108","Protein GENE2399",0.3536,0.562774,0.324735,0.0813,0.4885,2,3,FALSE,FALSE,FALSE
"GENE1611","GENE1611_HUMAN","P70484","Protein GENE1611",-0.0674,1,0.55547,0,0.2553,4,4,FALSE,FALSE,FALSE
"GENE1723","GENE1723_HUMAN","P72421","Protein GENE1723",0.0487,1,0.954181,0,0.0204,6,2,FALSE,FALSE,FALSE
"GENE2660","GENE2660_HUMAN","P92267","Protein GENE2660",-0.5063,0.894004,0.236259,0.0554,0.6266,5,3,FALSE,TRUE,FALSE
"GENE2425","GENE2425_HUMAN","P27006","Protein GENE2425",-0.1963,1,0.8027,0,0.0954,4,6,FALSE,FALSE,FALSE
"GENE0167","GENE0167_HUMAN","P30311","Protein GENE0167",0.0855,0.073705,0.063692,0.5902,1.1959,6,4,FALSE,FALSE,FALSE
"GENE0627","GENE0627_HUMAN","P32635","Protein GENE0627",-0.0528,0.918308,0.470861,0,0.3271,3,5,FALSE,FALSE,FALSE
"GENE2436","GENE2436_HUMAN","P41420","Protein GENE2436",0.432,0.840884,0.496752,0,0.3039,6,5,FALSE,FALSE,FALSE
"GENE0437","GENE0437_HUMAN","P17399","Protein GENE0437",-0.1927,0.857631,0.282987,0.0508,0.5482,4,4,FALSE,FALSE,FALSE
"GENE0663","GENE0663_HUMAN","P15050","Protein GENE0663",0.1979,1,0.849017,0,0.0711,2,6,FALSE,FALSE,FALSE
"GENE0249","GENE0249_HUMAN","P80240","Protein GENE0249",-0.2462,0.529478,0.492643,0.0599,0.3075,3,5,FALSE,FALSE,FALSE
"GENE0967","GENE0967_HUMAN","P40245","Protein GENE0967",-0.0653,1,0.858062,0,0.0665,3,6,FALSE,FALSE,FALSE
"GENE1475","GENE1475_HUMAN","P41360","Protein GENE1475",-0.4084,0.575399,0.476642,0.1208,0.3218,5,6,FALSE,FALSE,FALSE
"GENE0648","GENE0648_HUMAN","P44445","Protein GENE0648",0.8462,1,0.55278,0,0.2574,2,5,FALSE,FALSE,FALSE
"GENE2079","GENE2079_HUMAN","P29640","Protein GENE2079",-2.9666,0.125269,0.032795,1.1492,1.4842,3,5,FALSE,FALSE,TRUE
"GENE1084","GENE1084_HUMAN","P29742","Protein GENE1084",-3.9605,0.165487,0.039195,0.7272,1.4068,3,5,FALSE,FALSE,TRUE
"GENE2869","GENE2869_HUMAN","P14064","Protein GENE2869",-0.0822,0.699071,0.67333,0,0.1718,4,6,FALSE,FALSE,FALSE
"GENE0409","GENE0409_HUMAN","P04860","Protein GENE0409",-0.1558,0.787719,0.707648,0,0.1502,5,6,FALSE,FALSE,FALSE
"GENE2123","GENE2123_HUMAN","P50518","Protein GENE2123",-0.5496,0.22276,0.07323,0.5853,1.1353,2,5,FALSE,FALSE,FALSE
"GENE1379","GENE1379_HUMAN","P46124","Protein GENE1379",0.2266,0.749901,0.291725,0,0.535,6,4,FALSE,FALSE,FALSE
"GENE1873","GENE1873_HUMAN","P80097","Protein GENE1873",-0.1422,1,0.983451,0,0.0072,2,4,FALSE,FALSE,FALSE
"GENE1256","GENE1256_HUMAN","P90689","Protein GENE1256",0.5154,1,0.995817,0,0.0018,6,3,FALSE,FALSE,FALSE
"GENE1120","GENE1120_HUMAN","P90498","Protein GENE1120",-0.5614,1,0.523303,0,0.2812,6,5,FALSE,FALSE,FALSE
"GENE2443","GENE2443_HUMAN","P54913","Protein GENE2443",0.3256,1,0.830658,0,0.0806,2,4,FALSE,FALSE,FALSE
"GENE2485","GENE2485_HUMAN","P58398","Protein GENE2485",-0.2321,1,0.436155,0.0853,0.3604,5,6,TRUE,TRUE,FALSE
"GENE1512","GENE1512_HUMAN","P57786","Protein GENE1512",-0.2609,1,0.884368,0,0.0534,5,5,FALSE,FALSE,FALSE
"GENE0220","GENE0220_HUMAN","P30708","Protein GENE0220",0.2096,1,0.54,0,0.2676,6,3,FALSE,FALSE,FALSE
"GENE2118","GENE2118_HUMAN","P72453","Protein GENE2118",0.1423,1,0.901704,0,0.0449,6,2,FALSE,FALSE,FALSE
"GENE0769","GENE0769_HUMAN","P75211","Protein GENE0769",-0.3525,1,0.435677,0,0.3608,3,2,FALSE,FALSE,FALSE
"GENE0096","GENE0096_HUMAN","P60703","Protein GENE0096",0.6041,1,0.608608,0,0.2157,3,6,FALSE,FALSE,FALSE
"GENE0274","GENE0274_HUMAN","P51894","Protein GENE0274",-3.6648,0.069092,0.024536,1.5576,1.6102,2,6,FALSE,FALSE,TRUE
"GENE2569","GENE2569_HUMAN","P24565","Protein GENE2569",0.278,1,0.657133,0,0.1823,2,2,FALSE,FALSE,FALSE
"GENE0128","GENE0128_HUMAN","P78097","Protein GENE0128",-0.1571,1,0.521242,0,0.283,5,5,FALSE,FALSE,FALSE
"GENE1928","GENE1928_HUMAN","P33545","Protein GENE1928",0.5578,1,0.819596,0,0.0864,5,5,FALSE,FALSE,FALSE
"GENE2245","GENE2245_HUMAN","P22955","Protein GENE2245",0.6638,1,0.484286,0,0.3149,4,6,FALSE,FALSE,FALSE
"GENE1662","GENE1662_HUMAN","P68464","Protein GENE1662",0.1473,1,0.830083,0,0.0809,5,3,FALSE,FALSE,FALSE
"GENE1816","GENE1816_HUMAN","P15359","Protein GENE1816",-0.1816,1,0.616488,0,0.2101,5,6,FALSE,FALSE,FALSE
"GENE1884","GENE1884_HUMAN","P34624","Protein GENE1884",0.2763,1,0.75891,0,0.1198,4,3,TRUE,FALSE,FALSE
"GENE0248","GENE0248_HUMAN","P50442","Protein GENE0248",-0.1633,1,0.986222,0,0.006,5,2,FALSE,FALSE,FALSE
"GENE2842","GENE2842_HUMAN","P68869","Protein GENE2842",0.9243,0.60448,0.5874,0,0.2311,4,6,FALSE,FALSE,FALSE
"GENE0242","GENE0242_HUMAN","P00961","Protein GENE0242",0.0907,0.196443,0.159959,0.6537,0.796,4,2,FALSE,FALSE,FALSE
"GENE1207","GENE1207_HUMAN","P88020","Protein GENE1207",-0.3094,0.780915,0.369196,0.0426,0.4327,2,6,FALSE,FALSE,FALSE
"GENE0183","GENE0183_HUMAN","P79359","Protein GENE0183",-4.2749,0.001314,0.00061,2.8984,3.2144,5,3,FALSE,FALSE,TRUE
"GENE1546","GENE1546_HUMAN","P59589","Protein GENE1546",-0.2717,1,0.999708,0,1e-04,4,4,FALSE,FALSE,FALSE
"GENE1249","GENE1249_HUMAN","P17788","Protein GENE1249",0.0032,1,0.91664,0,0.0378,3,4,FALSE,FALSE,FALSE
"GENE2466","GENE2466_HUMAN","P68956","Protein GENE2466",-0.055,1,0.75551,0,0.1218,2,6,FALSE,TRUE,FALSE
"GENE0635","GENE0635_HUMAN","P17832","Protein GENE0635",0.6014,0.008677,0.005094,1.8843,2.2929,6,4,FALSE,FALSE,TRUE
"GENE0194","GENE0194_HUMAN","P20270","Protein GENE0194",-0.5651,0.870836,0.202165,0.2673,0.6943,3,5,FALSE,FALSE,FALSE
"GENE2174","GENE2174_HUMAN","P13809","Protein GENE2174",0.7484,1,0.488566,0,0.3111,4,2,FALSE,FALSE,FALSE
"GENE1302","GENE1302_HUMAN","P84266","Protein GENE1302",0.1236,0.430413,0.128652,0.1925,0.8906,3,6,FALSE,FALSE,FALSE
"GENE2591","GENE2591_HUMAN","P19541","Protein GENE2591",-0.3665,1,0.856441,0,0.0673,3,2,FALSE,FALSE,FALSE
"GENE1695","GENE1695_HUMAN","P23925","Protein GENE1695",0.2793,1,0.807144,0,0.093,3,5,FALSE,FALSE,FALSE
"GENE2251","GENE2251_HUMAN","P28098","Protein GENE2251",-0.0718,0.327524,0.2742,0,0.5619,5,3,FALSE,FALSE,FALSE
"PPP6R1","PPP6R1_HUMAN","P14012","Protein PPP6R1",0.9596,0.058158,0.032097,1.198,1.4935,6,6,FALSE,FALSE,TRUE
"GENE2454","GENE2454_HUMAN","P06417","Protein GENE2454",-0.1709,1,0.650497,0.1016,0.1868,5,5,FALSE,TRUE,FALSE
"GENE1682","GENE1682_HUMAN","P82596","Protein GENE1682",0.1661,0.513993,0.126042,0.2581,0.8995,3,4,FALSE,FALSE,FALSE
"GENE2318","GENE2318_HUMAN","P27612","Protein GENE2318",-0.0275,1,0.880246,0,0.0554,5,3,FALSE,TRUE,FALSE
"GENE0202","GENE0202_HUMAN","P58237","Protein GENE0202",0.7924,1,0.774083,0,0.1112,4,2,FALSE,FALSE,FALSE
"GENE1875","GENE1875_HUMAN","P71222","Protein GENE1875",0.347,1,0.83586,0,0.0779,6,2,FALSE,FALSE,FALSE
"GENE0407","GENE0407_HUMAN","P68278","Protein GENE0407",-0.0424,0.965273,0.413805,0,0.3832,4,2,TRUE,FALSE,FALSE
"GENE1374","GENE1374_HUMAN","P83162","Protein GENE1374",-0.5411,1,0.674404,0.1012,0.1711,5,4,FALSE,FALSE,FALSE
"GENE1372","GENE1372_HUMAN","P53816","Protein GENE1372",0.2787,0.896947,0.733077,0,0.1349,2,4,FALSE,FALSE,FALSE
"GENE0136","GENE0136_HUMAN","P91963","Protein GENE0136",0.0561,0.152121,0.072814,0.6851,1.1378,3,4,FALSE,FALSE,FALSE
"GENE2243","GENE2243_HUMAN","P67534","Protein GENE2243",-0.0846,0.254019,0.150283,0.5642,0.8231,4,2,FALSE,FALSE,FALSE
"GENE0547","GENE0547_HUMAN","P32597","Protein GENE0547",-0.6033,1,0.594158,0,0.2261,6,4,FALSE,FALSE,FALSE
"GENE0824","GENE0824_HUMAN","P50549","Protein GENE0824",-0.2412,1,0.95605,0,0.0195,6,4,FALSE,TRUE,FALSE
"GENE1707","GENE1707_HUMAN","P19526","Protein GENE1707",0.1563,1,0.813139,0,0.0898,6,4,FALSE,TRUE,FALSE
"GENE0237","GENE0237_HUMAN","P07928","Protein GENE0237",-1.2763,0.280183,0.09204,0.8452,1.036,6,3,FALSE,FALSE,FALSE
"GENE1356","GENE1356_HUMAN","P84022","Protein GENE1356",-0.0887,0.166938,0.149401,0.8123,0.8256,4,4,FALSE,FALSE,FALSE
"GENE1615","GENE1615_HUMAN","P65041","Protein GENE1615",-0.3015,0.65671,0.48966,0.1084,0.3101,2,3,FALSE,FALSE,FALSE
"GENE2766","GENE2766_HUMAN","P18777","Protein GENE2766",0.5907,0.147375,0.138822,0.31,0.8575,3,5,FALSE,FALSE,FALSE
"GENE1614","GENE1614_HUMAN","P57638","Protein GENE1614",-0.5872,1,0.286585,0.1095,0.5427,2,2,FALSE,FALSE,FALSE
"GENE1964","GENE1964_HUMAN","P71567","Protein GENE1964",0.203,1,0.39727,0,0.4009,5,2,FALSE,FALSE,FALSE
"GENE0893","GENE0893_HUMAN","P58125","Protein GENE0893",0.481,1,0.982876,0,0.0075,3,3,FALSE,FALSE,FALSE
"GENE2544","GENE2544_HUMAN","P46142","Protein GENE2544",2.4551,0.113522,0.03079,0.8689,1.5116,4,6,FALSE,FALSE,TRUE
"GENE1796","GENE1796_HUMAN","P91290","Protein GENE1796",0.3016,0.198897,0.073264,0.4661,1.1351,3,5,FALSE,FALSE,FALSE
"GENE1025","GENE1025_HUMAN","P56752","Protein GENE1025",-0.1585,0.200494,0.082678,1.0002,1.0826,2,3,FALSE,FALSE,FALSE
"GENE0707","GENE0707_HUMAN","P42709","Protein GENE0707",-0.3916,1,0.925371,0,0.0337,3,6,FALSE,FALSE,FALSE
"GENE0924","GENE0924_HUMAN","P39154","Protein GENE0924",-0.145,1,0.627596,0.1451,0.2023,6,4,FALSE,FALSE,FALSE
"GENE2389","GENE2389_HUMAN","P17100","Protein GENE2389",3.2915,0.065337,0.016608,1.2809,1.7797,4,2,FALSE,TRUE,TRUE
"GENE1811","GENE1811_HUMAN","P63223","Protein GENE1811",0.4302,1,0.640599,0,0.1934,4,6,FALSE,FALSE,FALSE
"GENE1184","GENE1184_HUMAN","P90194","Protein GENE1184",-0.0509,1,0.807653,0,0.0928,2,3,FALSE,FALSE,FALSE
"GENE1141","GENE1141_HUMAN","P64002","Protein GENE1141",-0.046,0.228979,0.105146,0.8785,0.9782,5,5,TRUE,FALSE,FALSE
"GENE1281","GENE1281_HUMAN","P45695","Protein GENE1281",0.1007,0.861128,0.665286,0,0.177,2,3,FALSE,FALSE,FALSE
"GENE2442","GENE2442_HUMAN","P28807","Protein GENE2442",-0.2904,1,0.884091,0,0.0535,6,5,FALSE,FALSE,FALSE
"GENE1983","GENE1983_HUMAN","P46889","Protein GENE1983",-1.0811,0.674095,0.3017,0.2199,0.5204,5,2,FALSE,FALSE,FALSE
"GENE2659","GENE2659_HUMAN","P01185","Protein GENE2659",0.1047,0.139291,0.071178,0.5862,1.1477,3,3,TRUE,FALSE,FALSE
"GENE2732","GENE2732_HUMAN","P56020","Protein GENE2732",0.8,0.147099,0.079898,0.4014,1.0975,6,2,TRUE,FALSE,FALSE
"GENE0372","GENE0372_HUMAN","P08753","Protein GENE0372",-0.0547,1,0.533366,0.0774,0.273,2,2,FALSE,FALSE,FALSE
"GENE0888","GENE0888_HUMAN","P96664","Protein GENE0888",0.4192,0.292111,0.125302,0.5634,0.902,5,4,FALSE,TRUE,FALSE
"GENE0348","GENE0348_HUMAN","P28110","Protein GENE0348",-0.4253,0.779343,0.633008,0,0.1986,4,5,FALSE,TRUE,FALSE
"GENE1606","GENE1606_HUMAN","P78369","Protein GENE1606",-0.6703,1,0.739023,0,0.1313,3,4,FALSE,TRUE,FALSE
"GENE1986","GENE1986_HUMAN","P60931","Protein GENE1986",0.4006,0.230981,0.075988,1.0708,1.1193,2,4,FALSE,FALSE,FALSE
"GPATCH1","GPATCH1_HUMAN","P85964","Protein GPATCH1",-0.756,1,0.526096,0,0.2789,4,6,FALSE,FALSE,FALSE
"GENE0655","GENE0655_HUMAN","P05077","Protein GENE0655",-0.5732,0.217795,0.082231,0.4252,1.085,6,2,FALSE,TRUE,FALSE
"GENE1029","GENE1029_HUMAN","P18322","Protein GENE1029",0.0417,0.71445,0.459514,0,0.3377,4,4,FALSE,FALSE,FALSE
"GENE2530","GENE2530_HUMAN","P19928","Protein GENE2530",-0.1349,0.689343,0.553728,0,0.2567,6,5,FALSE,FALSE,FALSE
"GENE2642","GENE2642_HUMAN","P19818","Protein GENE2642",0.1289,1,0.854741,0,0.0682,5,3,FALSE,FALSE,FALSE
"GENE0628","GENE0628_HUMAN","P87208","Protein GENE0628",0.0406,0.507536,0.281275,0.0304,0.5509,2,6,FALSE,FALSE,FALSE
"GENE2711","GENE2711_HUMAN","P88311","Protein GENE2711",-0.0952,1,0.947363,0,0.0235,2,6,FALSE,FALSE,FALSE
"GENE0058","GENE0058_HUMAN","P68000","Protein GENE0058",-0.5568,0.535686,0.275522,0.1245,0.5598,2,3,FALSE,TRUE,FALSE
"GENE2614","GENE2614_HUMAN","P28243","Protein GENE2614",0.0061,1,0.351094,0,0.4546,6,2,TRUE,FALSE,FALSE
"GENE0288","GENE0288_HUMAN","P16293","Protein GENE0288",-0.248,0.92086,0.628136,0,0.2019,2,4,FALSE,TRUE,FALSE
"GENE1340","GENE1340_HUMAN","P58693","Protein GENE1340",0.053,0.912816,0.55566,0.096,0.2552,2,4,FALSE,FALSE,FALSE
"GENE1780","GENE1780_HUMAN","P63161","Protein GENE1780",0.4075,0.642739,0.28297,0.4453,0.5483,5,2,FALSE,FALSE,FALSE
"GENE2581","GENE2581_HUMAN","P61147","Protein GENE2581",0.5213,1,0.467552,0,0.3302,5,6,FALSE,FALSE,FALSE
"GENE1440","GENE1440_HUMAN","P52656","Protein GENE1440",0.1741,1,0.637684,0,0.1954,6,2,FALSE,FALSE,FALSE
"GENE1697","GENE1697_HUMAN","P16624","Protein GENE1697",0.2773,1,0.612693,0,0.2128,3,4,FALSE,FALSE,FALSE
"GENE0583","GENE0583_HUMAN","P56245","Protein GENE0583",-0.2098,1,0.914019,0,0.039,3,4,TRUE,FALSE,FALSE
"GENE2566","GENE2566_HUMAN","P89174","Protein GENE2566",0.1888,1,0.833036,0,0.0793,3,5,FALSE,FALSE,FALSE
"GENE2117","GENE2117_HUMAN","P38927","Protein GENE2117",-0.1805,0.829362,0.565931,0,0.2472,2,2,FALSE,FALSE,FALSE
"GENE0587","GENE0587_HUMAN","P57395","Protein GENE0587",-0.182,1,0.889327,0,0.0509,2,6,FALSE,FALSE,FALSE
"GENE1257","GENE1257_HUMAN","P79318","Protein GENE1257",-0.7576,0.494114,0.40309,0,0.3946,5,6,FALSE,FALSE,FALSE
"GENE2743","GENE2743_HUMAN","P67045","Protein GENE2743",0.6356,1,0.711369,0,0.1479,6,2,FALSE,FALSE,FALSE
"GENE2141","GENE2141_HUMAN","P31963","Protein GENE2141",-0.5605,1,0.646766,0,0.1893,3,3,FALSE,FALSE,FALSE
"GENE0684","GENE0684_HUMAN","P46879","Protein GENE0684",0.3109,1,0.559596,0,0.2521,5,5,FALSE,FALSE,FALSE
"GENE2533","GENE2533_HUMAN","P37897","Protein GENE2533",-0.3001,0.314842,0.225861,0.2765,0.6462,3,5,FALSE,FALSE,FALSE
"GENE1625","GENE1625_HUMAN","P88344","Protein GENE1625",-0.4734,0.288075,0.227187,0.0707,0.6436,4,3,FALSE,FALSE,FALSE
"GENE0795","GENE0795_HUMAN","P70161","Protein GENE0795",-0.2786,1,0.766617,0,0.1154,4,3,FALSE,FALSE,FALSE
"GENE0174","GENE0174_HUMAN","P25370","Protein GENE0174",-0.0899,1,0.726057,0,0.139,5,3,FALSE,FALSE,FALSE
"GENE0822","GENE0822_HUMAN","P36385","Protein GENE0822",-0.0247,1,0.294191,0.2373,0.5314,3,3,FALSE,FALSE,FALSE
"GENE0975","GENE0975_HUMAN","P93582","Protein GENE0975",0.137,1,0.823344,0,0.0844,2,6,FALSE,FALSE,FALSE
"GENE2811","GENE2811_HUMAN","P32699","Protein GENE2811",-2.2748,0.070929,0.027581,1.3843,1.5594,6,6,FALSE,FALSE,TRUE
"GENE1457","GENE1457_HUMAN","P92121","Protein GENE1457",-0.2052,0.3942,0.139142,0.3781,0.8565,3,4,FALSE,FALSE,FALSE
"GENE1934","GENE1934_HUMAN","P61296","Protein GENE1934",-0.3636,1,0.479162,0,0.3195,4,2,FALSE,FALSE,FALSE
"GENE0620","GENE0620_HUMAN","P84995","Protein GENE0620",-0.3221,1,0.768947,0,0.1141,4,3,FALSE,FALSE,FALSE
"GENE1693","GENE1693_HUMAN","P12212","Protein GENE1693",-0.5528,1,0.856172,0,0.0674,2,4,FALSE,FALSE,FALSE
"GENE0338","GENE0338_HUMAN","P16406","Protein GENE0338",0.4429,1,0.645132,0.0904,0.1904,3,6,FALSE,FALSE,FALSE
"GENE0813","GENE0813_HUMAN","P02164","Protein GENE0813",0.3361,1,0.429922,0,0.3666,2,2,FALSE,FALSE,FALSE
"GENE1959","GENE1959_HUMAN","P37168","Protein GENE1959",0.6088,0.792469,0.44798,0,0.3487,4,2,FALSE,FALSE,FALSE
"UFL1","UFL1_HUMAN","P34054","Protein UFL1",-0.122,0.449065,0.134673,0.3232,0.8707,2,5,FALSE,FALSE,FALSE
"GENE0176","GENE0176_HUMAN","P92659","Protein GENE0176",-1.1189,0.883708,0.862288,0,0.0643,2,5,FALSE,FALSE,FALSE
"GENE0118","GENE0118_HUMAN","P07820","Protein GENE0118",-0.069,0.3827,0.093476,0.4334,1.0293,5,5,FALSE,TRUE,FALSE
"GENE2720","GENE2720_HUMAN","P54289","Protein GENE2720",0.2895,0.184898,0.140931,0.2231,0.851,5,3,FALSE,TRUE,FALSE
"GENE0803","GENE0803_HUMAN","P10651","Protein GENE0803",0.2552,1,0.991839,0,0.0036,5,4,FALSE,TRUE,FALSE
"GENE2706","GENE2706_HUMAN","P31513","Protein GENE2706",0.1049,0.680007,0.355407,0.3951,0.4493,2,5,FALSE,FALSE,FALSE
"GENE2799","GENE2799_HUMAN","P54280","Protein GENE2799",0.0983,1,0.755888,0.0223,0.1215,3,4,FALSE,FALSE,FALSE
"GENE0981","GENE0981_HUMAN","P46664","Protein GENE0981",0.142,0.184823,0.148152,0.2123,0.8293,3,4,FALSE,FALSE,FALSE
"GENE0235","GENE0235_HUMAN","P27276","Protein GENE0235",0.1062,1,0.712019,0,0.1475,5,6,FALSE,FALSE,FALSE
"GENE1292","GENE1292_HUMAN","P89093","Protein GENE1292",-0.4967,0.602464,0.490382,0.2729,0.3095,6,3,FALSE,FALSE,FALSE
"GENE2608","GENE2608_HUMAN","P41810","Protein GENE2608",-0.3727,0.391535,0.09918,0.3178,1.0036,2,2,FALSE,FALSE,FALSE
"GENE0877","GENE0877_HUMAN","P91776","Protein GENE0877",-2.464,0.066239,0.023395,1.3266,1.6309,2,5,FALSE,FALSE,TRUE
"GENE2505","GENE2505_HUMAN","P22589","Protein GENE2505",0.8976,1,0.651156,0,0.1863,4,5,FALSE,FALSE,FALSE
"GENE0984","GENE0984_HUMAN","P06844","Protein GENE0984",-0.2025,1,0.658502,0,0.1814,3,3,FALSE,FALSE,FALSE
"LARP4","LARP4_HUMAN","P44048","Protein LARP4",0.3789,1,0.966297,0,0.0149,4,4,FALSE,FALSE,FALSE
"GENE2120","GENE2120_HUMAN","P61938","Protein GENE2120",0.3821,1,0.665837,0,0.1766,3,6,FALSE,TRUE,FALSE
"GENE0743","GENE0743_HUMAN","P92188","Protein GENE0743",-0.9909,1,0.878586,0,0.0562,3,4,TRUE,FALSE,FALSE
"GENE1171","GENE1171_HUMAN","P11239","Protein GENE1171",-0.0442,1,0.987701,0,0.0054,3,2,FALSE,FALSE,FALSE
"GENE0545","GENE0545_HUMAN","P42641","Protein GENE0545",-0.6636,1,0.34602,0,0.4609,5,2,FALSE,FALSE,FALSE
"GENE1533","GENE1533_HUMAN","P63532","Protein GENE1533",0.4773,0.8148,0.220795,0.046,0.656,4,2,FALSE,FALSE,FALSE
"GENE2887","GENE2887_HUMAN","P59598","Protein GENE2887",0.3259,1,0.35128,0,0.4543,6,6,FALSE,TRUE,FALSE
"GENE0590","GENE0590_HUMAN","P12697","Protein GENE0590",0.1867,1,0.714692,0,0.1459,2,3,FALSE,FALSE,FALSE
"GENE0827","GENE0827_HUMAN","P34105","Protein GENE0827",0.0646,0.335907,0.068097,1.0213,1.1669,2,6,FALSE,TRUE,FALSE
"GENE1215","GENE1215_HUMAN","P57425","Protein GENE1215",0.7789,1,0.946538,0,0.0239,3,2,FALSE,FALSE,FALSE
"GENE0033","GENE0033_HUMAN","P33658","Protein GENE0033",-0.1284,0.753574,0.204779,0.0959,0.6887,5,2,FALSE,TRUE,FALSE
"GENE0604","GENE0604_HUMAN","P96857","Protein GENE0604",0.465,0.925684,0.81006,0,0.0915,5,4,FALSE,FALSE,FALSE
"GENE2888","GENE2888_HUMAN","P68079","Protein GENE2888",0.3637,1,0.659563,0,0.1807,5,6,FALSE,FALSE,FALSE
"GENE2109","GENE2109_HUMAN","P21756","Protein GENE2109",0.7508,1,0.218604,0.2919,0.6603,2,2,FALSE,FALSE,FALSE
"GENE2082","GENE2082_HUMAN","P18023","Protein GENE2082",-0.2186,1,0.56162,0,0.2506,3,2,FALSE,TRUE,FALSE
"GENE2500","GENE2500_HUMAN","P66458","Protein GENE2500",0.5736,0.622383,0.2169,0.0273,0.6637,4,2,TRUE,FALSE,FALSE
"GENE0470","GENE0470_HUMAN","P19579","Protein GENE0470",0.261,0.317272,0.129802,0.808,0.8867,2,6,FALSE,FALSE,FALSE
"GENE1469","GENE1469_HUMAN","P70158","Protein GENE1469",-0.1483,1,0.897256,0,0.0471,6,5,FALSE,FALSE,FALSE
"GENE0014","GENE0014_HUMAN","P21513","Protein GENE0014",0.4794,1,0.382613,0,0.4172,3,2,FALSE,FALSE,FALSE
"GENE2804","GENE2804_HUMAN","P50701","Protein GENE2804",0.165,0.523158,0.106001,0.5936,0.9747,5,3,FALSE,FALSE,FALSE
"GENE2312","GENE2312_HUMAN","P56552","Protein GENE2312",0.1405,0.310167,0.161932,0.3025,0.7907,2,4,FALSE,FALSE,FALSE
"GENE2554","GENE2554_HUMAN","P94512","Protein GENE2554",-0.2807,1,0.71164,0,0.1477,2,5,FALSE,FALSE,FALSE
"GENE0435","GENE0435_HUMAN","P87322","Protein GENE0435",-0.2043,0.470849,0.369789,0,0.432,5,3,FALSE,FALSE,FALSE
"GENE2491","GENE2491_HUMAN","P08839","Protein GENE2491",-0.7687,1,0.695631,0,0.1576,6,6,TRUE,FALSE,FALSE
"GENE2771","GENE2771_HUMAN","P19094","Protein GENE2771",-0.7802,0.823687,0.272684,0.2378,0.5643,5,5,FALSE,FALSE,FALSE
"GENE0625","GENE0625_HUMAN","P30381","Protein GENE0625",-0.1583,1,0.372581,0.0569,0.4288,3,5,FALSE,FALSE,FALSE
"GENE0062","GENE0062_HUMAN","P94946","Protein GENE0062",0.1662,0.581373,0.254303,0.5389,0.5946,5,2,FALSE,FALSE,FALSE
"GENE0266","GENE0266_HUMAN","P19155","Protein GENE0266",0.0981,1,0.766293,0,0.1156,6,4,FALSE,TRUE,FALSE
"GENE1757","GENE1757_HUMAN","P40712","Protein GENE1757",-0.1089,1,0.783714,0,0.1058,3,4,FALSE,FALSE,FALSE
"GENE0008","GENE0008_HUMAN","P20627","Protein GENE0008",0.9521,1,0.664043,0,0.1778,5,6,FALSE,FALSE,FALSE
"GENE2087","GENE2087_HUMAN","P05046","Protein GENE2087",0.4035,1,0.454136,0,0.3428,5,3,TRUE,TRUE,FALSE
"GENE1346","GENE1346_HUMAN","P89934","Protein GENE1346",0.2138,1,0.776617,0.1088,0.1098,4,6,FALSE,FALSE,FALSE
"GENE1485","GENE1485_HUMAN","P37235","Protein GENE1485",0.0356,1,0.22578,0.0803,0.6463,6,4,FALSE,FALSE,FALSE
"GENE1907","GENE1907_HUMAN","P13015","Protein GENE1907",0.6635,0.02746,0.018639,1.5803,1.7296,5,5,FALSE,FALSE,TRUE
"GENE2194","GENE2194_HUMAN","P12501","Protein GENE2194",0.5876,1,0.328555,0.2679,0.4834,4,2,FALSE,FALSE,FALSE
"GENE2296","GENE2296_HUMAN","P17050","Protein GENE2296",-0.324,1,0.920536,0,0.036,3,6,FALSE,FALSE,FALSE
"GENE0142","GENE0142_HUMAN","P09876","Protein GENE0142",-0.2478,0.821556,0.495936,0.0363,0.3046,4,3,FALSE,FALSE,FALSE
"GENE0374","GENE0374_HUMAN","P08784","Protein GENE0374",-0.2571,1,0.918983,0,0.0367,6,4,FALSE,FALSE,FALSE
"GENE0171","GENE0171_HUMAN","P09840","Protein GENE0171",-0.1848,0.62931,0.620074,0.1467,0.2076,4,2,FALSE,TRUE,FALSE
"GENE2892","GENE2892_HUMAN","P82947","Protein GENE2892",-0.1313,1,0.290514,0,0.5368,5,6,FALSE,FALSE,FALSE
"GENE0579","GENE0579_HUMAN","P43490","Protein GENE0579",-0.5833,1,0.653599,0.1076,0.1847,2,6,TRUE,FALSE,FALSE
"GENE2370","GENE2370_HUMAN","P13406","Protein GENE2370",0.5429,1,0.71977,0,0.1428,6,4,FALSE,FALSE,FALSE
"GENE1855","GENE1855_HUMAN","P31041","Protein GENE1855",0.2434,1,0.70298,0.0441,0.1531,6,5,FALSE,FALSE,FALSE
"GENE2311","GENE2311_HUMAN","P37784","Protein GENE2311",0.2381,1,0.381531,0.2955,0.4185,2,2,FALSE,FALSE,FALSE
"GENE2597","GENE2597_HUMAN","P27527","Protein GENE2597",0.1029,0.139483,0.09481,0.4629,1.0231,6,5,FALSE,FALSE,FALSE
"GENE1269","GENE1269_HUMAN","P99850","Protein GENE1269",0.1112,0.286792,0.081363,0.7355,1.0896,6,3,FALSE,FALSE,FALSE
"GENE0386","GENE0386_HUMAN","P08540","Protein GENE0386",-0.0689,1,0.769764,0,0.1136,5,5,FALSE,FALSE,FALSE
"GENE2827","GENE2827_HUMAN","P21425","Protein GENE2827",0.2943,1,0.824798,0,0.0837,4,3,TRUE,FALSE,FALSE
"GENE1228","GENE1228_HUMAN","P36829","Protein GENE1228",0.0753,1,0.966588,0,0.0148,3,6,FALSE,FALSE,FALSE
"GENE1104","GENE1104_HUMAN","P00984","Protein GENE1104",0.1716,1,0.822756,0,0.0847,4,2,FALSE,FALSE,FALSE
"GENE1192","GENE1192_HUMAN","P19184","Protein GENE1192",-0.5435,1,0.934018,0,0.0296,5,6,TRUE,FALSE,FALSE
"GENE0125","GENE0125_HUMAN","P29830","Protein GENE0125",0.3869,0.786404,0.388027,0,0.4111,3,2,FALSE,FALSE,FALSE
"GENE2675","GENE2675_HUMAN","P20546","Protein GENE2675",1.6863,0.045725,0.019404,1.6361,1.7121,6,5,FALSE,FALSE,TRUE
"GENE1728","GENE1728_HUMAN","P24430","Protein GENE1728",-0.7071,1,0.965676,0,0.0152,6,2,FALSE,FALSE,FALSE
"GENE0262","GENE0262_HUMAN","P32201","Protein GENE0262",-0.5093,1,0.77814,0,0.1089,5,5,TRUE,FALSE,FALSE
"GENE2268","GENE2268_HUMAN","P62024","Protein GENE2268",-0.0259,1,0.928095,0,0.0324,5,4,FALSE,FALSE,FALSE
"GENE0571","GENE0571_HUMAN","P00141","Protein GENE0571",-0.6053,1,0.751659,0,0.124,2,2,TRUE,FALSE,FALSE
"GENE2752","GENE2752_HUMAN","P99948","Protein GENE2752",0.5765,1,0.753919,0,0.1227,3,2,FALSE,FALSE,FALSE
"GENE0765","GENE0765_HUMAN","P56281","Protein GENE0765",-0.1272,0.890901,0.80107,0,0.0963,5,3,FALSE,FALSE,FALSE
"GENE0941","GENE0941_HUMAN","P45650","Protein GENE0941",0.0822,1,0.790066,0,0.1023,6,6,FALSE,FALSE,FALSE
"GENE2715","GENE2715_HUMAN","P05142","Protein GENE2715",-0.4216,0.179527,0.10605,0.781,0.9745,6,4,FALSE,FALSE,FALSE
"GENE1764","GENE1764_HUMAN","P12797","Protein GENE1764",-0.8902,1,0.8976,0,0.0469,3,5,FALSE,FALSE,FALSE
"GENE2779","GENE2779_HUMAN","P72525","Protein GENE2779",-0.4742,1,0.797652,0,0.0982,4,4,FALSE,FALSE,FALSE
"GENE1664","GENE1664_HUMAN","P80261","Protein GENE1664",0.2484,1,0.909242,0,0.0413,6,3,TRUE,TRUE,FALSE
"GENE0299","GENE0299_HUMAN","P86010","Protein GENE0299",-0.4681,1,0.34616,0.3938,0.4607,5,4,FALSE,FALSE,FALSE
"GENE1978","GENE1978_HUMAN","P43514","Protein GENE1978",0.1772,0.139285,0.065442,0.5808,1.1841,4,3,FALSE,FALSE,FALSE
"GENE0580","GENE0580_HUMAN","P05253","Protein GENE0580",0.1228,0.341825,0.162342,0.2416,0.7896,4,3,FALSE,FALSE,FALSE
"GENE1544","GENE1544_HUMAN","P48097","Protein GENE1544",0.1368,0.846482,0.833902,0,0.0789,2,4,FALSE,FALSE,FALSE
"GENE2353","GENE2353_HUMAN","P76610","Protein GENE2353",-0.2812,1,0.86772,0,0.0616,6,3,FALSE,FALSE,FALSE
"GENE2362","GENE2362_HUMAN","P23205","Protein GENE2362",0.3237,0.711206,0.387777,0,0.4114,5,2,FALSE,FALSE,FALSE
"GENE0449","GENE0449_HUMAN","P81815","Protein GENE0449",-0.0945,0.494598,0.424806,0.2261,0.3718,2,3,TRUE,FALSE,FALSE
"GENE1370","GENE1370_HUMAN","P81126","Protein GENE1370",-0.6581,1,0.638764,0,0.1947,4,3,FALSE,FALSE,FALSE
"GENE1528","GENE1528_HUMAN","P60747","Protein GENE1528",2.4834,0.019651,0.004027,1.8653,2.395,3,5,FALSE,FALSE,TRUE
"GENE0177","GENE0177_HUMAN","P16420","Protein GENE0177",0.4999,1,0.938498,0,0.0276,5,2,FALSE,FALSE,FALSE
"GENE1172","GENE1172_HUMAN","P27386","Protein GENE1172",0.3686,1,0.492155,0,0.3079,6,3,TRUE,FALSE,FALSE
"GENE1817","GENE1817_HUMAN","P63490","Protein GENE1817",0.2081,1,0.581533,0,0.2354,6,4,FALSE,FALSE,FALSE
"GENE0310","GENE0310_HUMAN","P17651","Protein GENE0310",0.2052,0.535977,0.219886,0.0201,0.6578,3,6,FALSE,TRUE,FALSE
"GENE1832","GENE1832_HUMAN","P41413","Protein GENE1832",-4.2099,0.04082,0.008254,1.497,2.0833,2,5,FALSE,FALSE,TRUE
"GENE2721","GENE2721_HUMAN","P56156","Protein GENE2721",-0.2995,0.698897,0.384909,0,0.4146,4,5,FALSE,FALSE,FALSE
"GENE0032","GENE0032_HUMAN","P66578","Protein GENE0032",0.0959,0.663243,0.486247,0,0.3131,2,3,FALSE,FALSE,FALSE
"GENE0771","GENE0771_HUMAN","P32333","Protein GENE0771",-0.2187,0.89045,0.343405,0.0434,0.4642,6,6,FALSE,FALSE,FALSE
"GENE0364","GENE0364_HUMAN","P45438","Protein GENE0364",-0.3902,1,0.850615,0,0.0703,6,2,FALSE,FALSE,FALSE
"GENE0956","GENE0956_HUMAN","P79527","Protein GENE0956",-0.4991,1,0.410685,0.0279,0.3865,2,6,FALSE,FALSE,FALSE
"GENE1490","GENE1490_HUMAN","P05846","Protein GENE1490",0.1972,0.080301,0.067025,0.9734,1.1738,2,6,FALSE,FALSE,FALSE
"GENE1559","GENE1559_HUMAN","P09749","Protein GENE1559",0.3211,0.173057,0.099088,0.5197,1.004,4,3,FALSE,FALSE,FALSE
"GENE2048","GENE2048_HUMAN","P24400","Protein GENE2048",0.3926,0.682141,0.485364,0,0.3139,2,5,FALSE,FALSE,FALSE
"GENE0970","GENE0970_HUMAN","P80625","Protein GENE0970",-0.0594,1,0.939865,0,0.0269,4,4,TRUE,FALSE,FALSE
"GENE0149","GENE0149_HUMAN","P95289","Protein GENE0149",-1.0389,1,0.979585,0,0.009,5,6,FALSE,FALSE,FALSE
"GENE0224","GENE0224_HUMAN","P79079","Protein GENE0224",0.2341,1,0.261331,0.2906,0.5828,3,3,FALSE,FALSE,FALSE
"GENE0022","GENE0022_HUMAN","P44077","Protein GENE0022",0.499,1,0.652313,0,0.1855,3,6,FALSE,FALSE,FALSE
"GENE1461","GENE1461_HUMAN","P40234","Protein GENE1461",-0.651,0.187984,0.075387,0.5361,1.1227,3,2,FALSE,FALSE,FALSE
"GENE2822","GENE2822_HUMAN","P22449","Protein GENE2822",-0.1376,1,0.232111,0,0.6343,4,4,FALSE,FALSE,FALSE
"GENE0624","GENE0624_HUMAN","P75578","Protein GENE0624",0.4597,1,0.95196,0,0.0214,2,5,FALSE,FALSE,FALSE
"GENE1145","GENE1145_HUMAN","P04788","Protein GENE1145",0.5023,0.895844,0.761002,0,0.1186,4,6,FALSE,TRUE,FALSE
"GENE0345","GENE0345_HUMAN","P96570","Protein GENE0345",-0.3466,1,0.882796,0,0.0541,5,6,FALSE,FALSE,FALSE
"GENE0046","GENE0046_HUMAN","P64601","Protein GENE0046",0.4491,0.711949,0.353994,0,0.451,6,6,FALSE,FALSE,FALSE
"GENE0188","GENE0188_HUMAN","P36728","Protein GENE0188",-0.1299,0.41309,0.108481,0.3631,0.9646,3,3,FALSE,FALSE,FALSE
"GENE0025","GENE0025_HUMAN","P66915","Protein GENE0025",-0.3962,1,0.928914,0,0.032,5,3,FALSE,FALSE,FALSE
"GENE0823","GENE0823_HUMAN","P64754","Protein GENE0823",0.5458,1,0.648483,0,0.1881,2,6,TRUE,FALSE,FALSE
"GENE1349","GENE1349_HUMAN","P34821","Protein GENE1349",-0.8006,0.33,0.149851,0.6967,0.8243,6,4,FALSE,FALSE,FALSE
"GENE0525","GENE0525_HUMAN","P49759","Protein GENE0525",-0.3519,0.990593,0.519621,0,0.2843,3,2,TRUE,FALSE,FALSE
"GENE0671","GENE0671_HUMAN","P24484","Protein GENE0671",0.1321,1,0.817152,0,0.0877,3,2,FALSE,FALSE,FALSE
"GENE0690","GENE0690_HUMAN","P23796","Protein GENE0690",0.0083,1,0.923532,0.0244,0.0345,2,3,TRUE,FALSE,FALSE
"GENE0377","GENE0377_HUMAN","P66718","Protein GENE0377",-0.0704,1,0.848866,0,0.0712,3,5,FALSE,FALSE,FALSE
"GENE2377","GENE2377_HUMAN","P79588","Protein GENE2377",0.2032,1,0.900173,0,0.0457,6,3,FALSE,FALSE,FALSE
"GENE2222","GENE2222_HUMAN","P07116","Protein GENE2222",-0.7081,1,0.543114,0,0.2651,3,5,FALSE,FALSE,FALSE
"GENE2722","GENE2722_HUMAN","P58845","Protein GENE2722",-0.0406,1,0.922436,0,0.0351,5,3,FALSE,FALSE,FALSE
"GENE1351","GENE1351_HUMAN","P24143","Protein GENE1351",-0.4626,0.963634,0.399441,0.2789,0.3985,5,3,FALSE,FALSE,FALSE
"GENE2470","GENE2470_HUMAN","P70474","Protein GENE2470",0.0888,1,0.381598,0.092,0.4184,4,5,FALSE,FALSE,FALSE
"GENE2111","GENE2111_HUMAN","P36997","Protein GENE2111",1.0164,0.254188,0.212201,0.4193,0.6733,2,2,FALSE,TRUE,FALSE
"GENE2284","GENE2284_HUMAN","P10742","Protein GENE2284",0.0233,0.208613,0.085652,0.5978,1.0673,4,3,FALSE,FALSE,FALSE
"GENE2691","GENE2691_HUMAN","P63612","Protein GENE2691",-0.1276,0.277143,0.144487,0.4988,0.8402,5,6,FALSE,FALSE,FALSE
"GENE1582","GENE1582_HUMAN","P81138","Protein GENE1582",-0.6121,1,0.915427,0,0.0384,5,6,FALSE,FALSE,FALSE
"GENE1099","GENE1099_HUMAN","P76546","Protein GENE1099",0.816,0.473133,0.377991,0.1367,0.4225,6,2,FALSE,FALSE,FALSE
"GENE1460","GENE1460_HUMAN","P90331","Protein GENE1460",-0.0449,1,0.537348,0,0.2697,3,4,FALSE,FALSE,FALSE
"GENE1451","GENE1451_HUMAN","P47366","Protein GENE1451",0.0402,1,0.849265,0,0.071,3,4,TRUE,FALSE,FALSE
"GENE1265","GENE1265_HUMAN","P80594","Protein GENE1265",0.5009,0.583317,0.140266,0.5717,0.853,2,3,FALSE,FALSE,FALSE
"GENE2337","GENE2337_HUMAN","P90872","Protein GENE2337",0.4439,0.527008,0.316048,0,0.5002,3,2,FALSE,FALSE,FALSE
"GENE2813","GENE2813_HUMAN","P09945","Protein GENE2813",0.0032,1,0.810845,0,0.0911,6,4,FALSE,FALSE,FALSE
"GENE2899","GENE2899_HUMAN","P67498","Protein GENE2899",-0.4161,1,0.779801,0,0.108,3,2,FALSE,FALSE,FALSE
"GENE0856","GENE0856_HUMAN","P71354","Protein GENE0856",-0.2932,0.793618,0.757197,0,0.1208,3,5,FALSE,FALSE,FALSE
"GENE0354","GENE0354_HUMAN","P79668","Protein GENE0354",1.0267,1,0.573139,0,0.2417,5,6,FALSE,FALSE,FALSE
"GENE1997","GENE1997_HUMAN","P16362","Protein GENE1997",0.4768,1,0.918091,0,0.0371,4,2,FALSE,FALSE,FALSE
"GENE0241","GENE0241_HUMAN","P34581","Protein GENE0241",-0.2421,1,0.811729,0,0.0906,6,4,FALSE,FALSE,FALSE
"GENE2781","GENE2781_HUMAN","P11461","Protein GENE2781",-0.3715,1,0.786119,0,0.1045,6,4,FALSE,FALSE,FALSE
"GENE0546","GENE0546_HUMAN","P88141","Protein GENE0546",-0.5545,0.898944,0.284529,0.4741,0.5459,2,4,FALSE,TRUE,FALSE
"GENE0041","GENE0041_HUMAN","P19630","Protein GENE0041",0.0335,0.207298,0.170251,0.4404,0.7689,2,3,FALSE,FALSE,FALSE
"GENE1788","GENE1788_HUMAN","P75665","Protein GENE1788",0.5819,0.025038,0.022041,1.0831,1.6568,3,5,FALSE,FALSE,TRUE
"GENE2734","GENE2734_HUMAN","P56393","Protein GENE2734",0.3493,1,0.740716,0,0.1303,2,5,FALSE,FALSE,FALSE
"GENE2028","GENE2028_HUMAN","P91812","Protein GENE2028",1.0425,1,0.736958,0,0.1326,6,6,FALSE,FALSE,FALSE
"GENE0821","GENE0821_HUMAN","P66183","Protein GENE0821",-0.1596,1,0.713081,0,0.1469,5,5,FALSE,FALSE,FALSE
"GENE1561","GENE1561_HUMAN","P79191","Protein GENE1561",0.3648,0.498665,0.163237,0.1034,0.7872,6,5,FALSE,FALSE,FALSE
"GENE0181","GENE0181_HUMAN","P26894","Protein GENE0181",-0.1432,1,0.398033,0,0.4001,3,3,FALSE,TRUE,FALSE
"GENE0537","GENE0537_HUMAN","P43622","Protein GENE0537",-0.0128,1,0.733107,0.1339,0.1348,5,2,FALSE,TRUE,FALSE
"GENE1313","GENE1313_HUMAN","P68760","Protein GENE1313",0.4746,0.836593,0.284045,0.5394,0.5466,3,2,FALSE,FALSE,FALSE
"GENE2692","GENE2692_HUMAN","P08521","Protein GENE2692",-0.313,1,0.317177,0,0.4987,5,5,FALSE,FALSE,FALSE
"GENE0982","GENE0982_HUMAN","P37538","Protein GENE0982",0.352,0.793923,0.236135,0.5754,0.6268,3,4,FALSE,FALSE,FALSE
"GENE1147","GENE1147_HUMAN","P51901","Protein GENE1147",-3.6781,0.079454,0.045544,0.9755,1.3416,6,4,FALSE,FALSE,TRUE
"GENE2128","GENE2128_HUMAN","P33426","Protein GENE2128",-0.4591,0.264357,0.209347,0.2278,0.6791,4,5,FALSE,FALSE,FALSE
"GENE1476","GENE1476_HUMAN","P96108","Protein GENE1476",-0.2471,0.855203,0.627683,0,0.2023,2,2,FALSE,FALSE,FALSE
"GENE2300","GENE2300_HUMAN","P72788","Protein GENE2300",-0.6151,1,0.819441,0.059,0.0865,2,6,TRUE,TRUE,FALSE
"GENE0831","GENE0831_HUMAN","P39307","Protein GENE0831",-3.7699,0.137771,0.029875,1.095,1.5247,3,6,FALSE,FALSE,TRUE
"GENE2545","GENE2545_HUMAN","P02703","Protein GENE2545",0.5933,0.775224,0.257861,0.3889,0.5886,5,6,TRUE,FALSE,FALSE
"GENE2695","GENE2695_HUMAN","P17639","Protein GENE2695",0.3985,1,0.364532,0,0.4383,3,4,FALSE,FALSE,FALSE
"GENE1437","GENE1437_HUMAN","P59822","Protein GENE1437",-0.2156,0.945934,0.336824,0.0769,0.4726,5,3,FALSE,FALSE,FALSE
"GENE0658","GENE0658_HUMAN","P52696","Protein GENE0658",-0.1384,1,0.510045,0.2633,0.2924,4,5,FALSE,TRUE,FALSE
"GENE2352","GENE2352_HUMAN","P42755","Protein GENE2352",0.0585,0.922828,0.70063,0,0.1545,4,4,FALSE,FALSE,FALSE
"GENE2739","GENE2739_HUMAN","P45427","Protein GENE2739",-0.895,0.575667,0.164838,0.186,0.7829,5,2,FALSE,FALSE,FALSE
"GENE1068","GENE1068_HUMAN","P69816","Protein GENE1068",-0.182,0.180378,0.110832,0.7096,0.9553,2,5,FALSE,FALSE,FALSE
"GENE2136","GENE2136_HUMAN","P82995","Protein GENE2136",-0.2032,1,0.475568,0,0.3228,4,6,FALSE,FALSE,FALSE
"GENE1803","GENE1803_HUMAN","P61744","Protein GENE1803",0.1962,0.651691,0.285627,0,0.5442,2,3,FALSE,FALSE,FALSE
"GENE1110","GENE1110_HUMAN","P85497","Protein GENE1110",-0.1313,1,0.368523,0,0.4335,2,5,FALSE,FALSE,FALSE
"GENE1473","GENE1473_HUMAN","P39347","Protein GENE1473",0.2791,0.169572,0.158479,0.1758,0.8,6,2,TRUE,FALSE,FALSE
"GENE1753","GENE1753_HUMAN","P63376","Protein GENE1753",0.3077,1,0.945974,0,0.0241,3,2,TRUE,FALSE,FALSE
"GENE2870","GENE2870_HUMAN","P42091","Protein GENE2870",-0.8475,1,0.940721,0,0.0265,5,3,FALSE,FALSE,FALSE
"GENE2506","GENE2506_HUMAN","P74727","Protein GENE2506",0.3217,0.567465,0.160683,0.6856,0.794,4,4,FALSE,FALSE,FALSE
"GENE0756","GENE0756_HUMAN","P78633","Protein GENE0756",-0.0514,1,0.744978,0.1185,0.1279,4,2,FALSE,FALSE,FALSE
"GENE2764","GENE2764_HUMAN","P85463","Protein GENE2764",0.0657,1,0.423013,0.1592,0.3736,4,6,TRUE,FALSE,FALSE
"GENE2176","GENE2176_HUMAN","P88009","Protein GENE2176",0.276,0.543873,0.124153,0.4605,0.906,6,2,FALSE,FALSE,FALSE
"GENE2682","GENE2682_HUMAN","P60337","Protein GENE2682",-0.0901,0.472053,0.471821,0,0.3262,6,4,FALSE,FALSE,FALSE
"GENE0943","GENE0943_HUMAN","P69662","Protein GENE0943",0.3075,0.252845,0.1461,0.3996,0.8354,5,4,FALSE,FALSE,FALSE
"GENE0375","GENE0375_HUMAN","P53821","Protein GENE0375",0.2747,1,0.430175,0,0.3664,5,4,FALSE,FALSE,FALSE
"GENE2457","GENE2457_HUMAN","P09963","Protein GENE2457",-0.0568,1,0.43938,0,0.3572,2,5,FALSE,FALSE,FALSE
"GENE0189","GENE0189_HUMAN","P26741","Protein GENE0189",-1.4248,0.065564,0.023023,1.5076,1.6378,4,6,TRUE,FALSE,TRUE
"GENE0985","GENE0985_HUMAN","P27850","Protein GENE0985",-0.3255,1,0.483898,0,0.3152,6,3,FALSE,FALSE,FALSE
"GENE1596","GENE1596_HUMAN","P13985","Protein GENE1596",0.0321,1,0.366041,0.1619,0.4365,4,2,FALSE,FALSE,FALSE
"GENE1284","GENE1284_HUMAN","P71120","Protein GENE1284",-0.3727,1,0.527866,0,0.2775,5,3,FALSE,FALSE,FALSE
"GENE2163","GENE2163_HUMAN","P80430","Protein GENE2163",0.5595,1,0.370097,0,0.4317,6,4,FALSE,FALSE,FALSE
"GENE2604","GENE2604_HUMAN","P11008","Protein GENE2604",0.189,1,0.427599,0.0811,0.369,3,2,FALSE,FALSE,FALSE
"GENE0318","GENE0318_HUMAN","P77333","Protein GENE0318",-0.0573,1,0.655292,0,0.1836,6,2,FALSE,FALSE,FALSE
"GENE0922","GENE0922_HUMAN","P94220","Protein GENE0922",-0.0518,1,0.468393,0.0275,0.3294,2,3,FALSE,FALSE,FALSE
"GENE2144","GENE2144_HUMAN","P11905","Protein GENE2144",-0.0943,1,0.346566,0,0.4602,3,4,FALSE,FALSE,FALSE
"GENE2584","GENE2584_HUMAN","P62334","Protein GENE2584",0.0059,1,0.558682,0,0.2528,6,4,TRUE,TRUE,FALSE
"GENE2106","GENE2106_HUMAN","P95186","Protein GENE2106",0.0508,1,0.987105,0,0.0056,3,2,FALSE,FALSE,FALSE
"GENE0647","GENE0647_HUMAN","P16759","Protein GENE0647",0.8243,1,0.615931,0,0.2105,5,3,FALSE,FALSE,FALSE
"GENE1496","GENE1496_HUMAN","P58285","Protein GENE1496",0.4583,0.734819,0.167548,0.1544,0.7759,4,6,FALSE,FALSE,FALSE
"GENE0398","GENE0398_HUMAN","P78443","Protein GENE0398",0.0214,1,0.987399,0,0.0055,5,6,FALSE,FALSE,FALSE
"GENE1414","GENE1414_HUMAN","P55122","Protein GENE1414",-0.0404,1,0.724041,0,0.1402,5,4,FALSE,FALSE,FALSE
"GENE0605","GENE0605_HUMAN","P01964","Protein GENE0605",-0.3941,1,0.491383,0,0.3086,5,5,FALSE,FALSE,FALSE
"GENE0150","GENE0150_HUMAN","P79760","Protein GENE0150",0.5396,1,0.41014,0.3592,0.3871,3,3,FALSE,FALSE,FALSE
"GENE0792","GENE0792_HUMAN","P59041","Protein GENE0792",0.3595,1,0.65243,0,0.1855,5,4,FALSE,FALSE,FALSE
"GENE0851","GENE0851_HUMAN","P25897","Protein GENE0851",0.2448,0.392729,0.09148,0.5058,1.0387,4,3,FALSE,FALSE,FALSE
"GENE1910","GENE1910_HUMAN","P05690","Protein GENE1910",0.36,1,0.830555,0,0.0806,4,2,FALSE,FALSE,FALSE
"GENE1452","GENE1452_HUMAN","P94900","Protein GENE1452",0.7799,0.548477,0.16221,0.3099,0.7899,2,6,FALSE,FALSE,FALSE
"GENE1286","GENE1286_HUMAN","P49021","Protein GENE1286",-0.0879,0.441241,0.400093,0,0.3978,2,3,FALSE,FALSE,FALSE
"GENE2477","GENE2477_HUMAN","P37865","Protein GENE2477",0.4632,1,0.972384,0,0.0122,6,3,FALSE,FALSE,FALSE
"GENE1692","GENE1692_HUMAN","P03531","Protein GENE1692",-0.0488,0.8586,0.544701,0.2463,0.2638,3,3,FALSE,FALSE,FALSE
"GENE1225","GENE1225_HUMAN","P70672","Protein GENE1225",0.5531,1,0.572164,0,0.2425,2,6,FALSE,FALSE,FALSE
"GENE0270","GENE0270_HUMAN","P82460","Protein GENE0270",0.4995,1,0.999032,0,4e-04,4,4,FALSE,FALSE,FALSE
"GENE2657","GENE2657_HUMAN","P85171","Protein GENE2657",0.2825,1,0.954428,0,0.0203,5,4,FALSE,FALSE,FALSE
"GENE2448","GENE2448_HUMAN","P67340","Protein GENE2448",0.3639,0.303972,0.281612,0,0.5503,5,2,FALSE,FALSE,FALSE
"GENE1688","GENE1688_HUMAN","P20803","Protein GENE1688",-0.6546,1,0.282713,0.0437,0.5487,2,5,FALSE,FALSE,FALSE
"GENE2883","GENE2883_HUMAN","P19430","Protein GENE2883",0.2508,1,0.731861,0,0.1356,2,2,FALSE,FALSE,FALSE
"GENE2040","GENE2040_HUMAN","P33795","Protein GENE2040",0.17,1,0.277467,0.3079,0.5568,3,6,FALSE,TRUE,FALSE
"GENE1902","GENE1902_HUMAN","P95928","Protein GENE1902",-0.3524,0.982245,0.708258,0,0.1498,3,2,FALSE,TRUE,FALSE
"GENE0884","GENE0884_HUMAN","P73923","Protein GENE0884",-0.1532,1,0.969884,0,0.0133,6,2,FALSE,FALSE,FALSE
"GENE2324","GENE2324_HUMAN","P55238","Protein GENE2324",-0.3594,1,0.261227,0.0183,0.583,4,2,FALSE,FALSE,FALSE
"GENE0021","GENE0021_HUMAN","P73079","Protein GENE0021",0.1615,1,0.536259,0,0.2706,2,2,FALSE,FALSE,FALSE
"GENE0213","GENE0213_HUMAN","P21616","Protein GENE0213",0.314,0.565554,0.124427,0.45,0.9051,3,4,FALSE,FALSE,FALSE
"GENE1070","GENE1070_HUMAN","P34612","Protein GENE1070",-0.1143,1,0.933833,0,0.0297,4,5,FALSE,FALSE,FALSE
"GENE1802","GENE1802_HUMAN","P35332","Protein GENE1802",0.1582,0.133956,0.079248,0.7193,1.101,5,4,FALSE,FALSE,FALSE
"GENE0948","GENE0948_HUMAN","P00616","Protein GENE0948",-0.0114,1,0.964528,0,0.0157,6,6,FALSE,FALSE,FALSE
"DHX58","DHX58_HUMAN","P88650","Protein DHX58",-0.1277,1,0.929192,0,0.0319,4,5,FALSE,TRUE,FALSE
"GENE1082","GENE1082_HUMAN","P22589","Protein GENE1082",0.0371,1,0.83914,0,0.0762,4,4,FALSE,FALSE,FALSE
"GENE0993","GENE0993_HUMAN","P68437","Protein GENE0993",-0.1304,1,0.496934,0.2399,0.3037,6,2,FALSE,FALSE,FALSE
"GENE2233","GENE2233_HUMAN","P66458","Protein GENE2233",-0.0937,1,0.653687,0,0.1846,2,4,FALSE,FALSE,FALSE
"GENE0875","GENE0875_HUMAN","P93037","Protein GENE0875",1.2811,0.03891,0.014216,1.2986,1.8472,3,4,FALSE,FALSE,TRUE
"GENE1398","GENE1398_HUMAN","P93074","Protein GENE1398",-0.3156,0.25092,0.21669,0.2764,0.6642,3,3,TRUE,FALSE,FALSE
"GENE1067","GENE1067_HUMAN","P94719","Protein GENE1067",-0.354,0.195755,0.099403,0.448,1.0026,5,4,FALSE,TRUE,FALSE
"GENE0402","GENE0402_HUMAN","P66628","Protein GENE0402",0.331,1,0.217354,0.3932,0.6628,2,6,FALSE,FALSE,FALSE
"GENE2027","GENE2027_HUMAN","P48705","Protein GENE2027",-0.3964,0.23051,0.193883,0.3538,0.7125,2,2,FALSE,FALSE,FALSE
"GENE1899","GENE1899_HUMAN","P92589","Protein GENE1899",-0.6691,0.371679,0.222022,0.0949,0.6536,6,6,FALSE,FALSE,FALSE
"GENE1517","GENE1517_HUMAN","P34192","Protein GENE1517",0.012,0.501135,0.419234,0,0.3775,5,3,FALSE,TRUE,FALSE
"GENE1106","GENE1106_HUMAN","P96914","Protein GENE1106",0.091,1,0.847799,0,0.0717,6,2,FALSE,TRUE,FALSE
"GENE2900","GENE2900_HUMAN","P56020","Protein GENE2900",0.0756,1,0.404956,0,0.3926,6,4,TRUE,TRUE,FALSE
"GENE2588","GENE2588_HUMAN","P03577","Protein GENE2588",0.1752,0.995002,0.312872,0.2503,0.5046,4,2,FALSE,FALSE,FALSE
"GENE2511","GENE2511_HUMAN","P82499","Protein GENE2511",0.2505,1,0.706989,0,0.1506,2,2,FALSE,TRUE,FALSE
"GENE2582","GENE2582_HUMAN","P37504","Protein GENE2582",0.9872,0.926497,0.249748,0.133,0.6025,2,3,FALSE,FALSE,FALSE
"GENE0018","GENE0018_HUMAN","P24321","Protein GENE0018",0.1221,0.466826,0.406452,0,0.391,3,3,FALSE,FALSE,FALSE
"GENE1491","GENE1491_HUMAN","P34855","Protein GENE1491",0.0024,1,0.714678,0.0273,0.1459,3,5,FALSE,FALSE,FALSE
"GENE1208","GENE1208_HUMAN","P77265","Protein GENE1208",-0.057,1,0.979215,0,0.0091,2,5,FALSE,FALSE,FALSE
"GENE1260","GENE1260_HUMAN","P70187","Protein GENE1260",-4.1957,0.108099,0.04687,0.8474,1.3291,4,2,FALSE,FALSE,TRUE
"GENE1422","GENE1422_HUMAN","P16347","Protein GENE1422",1.2542,1,0.578003,0,0.2381,4,4,FALSE,FALSE,FALSE
"GENE1756","GENE1756_HUMAN","P95194","Protein GENE1756",0.4501,0.9543,0.745736,0,0.1274,3,6,FALSE,FALSE,FALSE
"GENE0901","GENE0901_HUMAN","P65499","Protein GENE0901",0.0907,0.528461,0.374957,0.0964,0.426,6,3,FALSE,FALSE,FALSE
"GENE1447","GENE1447_HUMAN","P13574","Protein GENE1447",0.0675,1,0.363153,0,0.4399,5,3,FALSE,FALSE,FALSE
"GENE0460","GENE0460_HUMAN","P35817","Protein GENE0460",0.0699,0.697127,0.543247,0,0.265,3,6,FALSE,FALSE,FALSE
"GENE1679","GENE1679_HUMAN","P79244","Protein GENE1679",0.1657,1,0.580549,0,0.2362,2,5,FALSE,FALSE,FALSE
"GENE0179","GENE0179_HUMAN","P75024","Protein GENE0179",-0.0251,1,0.317514,0.4235,0.4982,3,5,FALSE,TRUE,FALSE
"GENE1185","GENE1185_HUMAN","P40548","Protein GENE1185",0.0122,1,0.33083,0.0175,0.4804,5,4,TRUE,FALSE,FALSE
"GENE0966","GENE0966_HUMAN","P81717","Protein GENE0966",-0.0185,0.493452,0.262181,0.0505,0.5814,4,6,TRUE,FALSE,FALSE
"GENE1956","GENE1956_HUMAN","P99162","Protein GENE1956",0.6384,1,0.542283,0,0.2658,4,2,FALSE,FALSE,FALSE
"GENE2837","GENE2837_HUMAN","P43686","Protein GENE2837",0.9008,1,0.680772,0.1197,0.167,5,5,TRUE,FALSE,FALSE
"GENE0559","GENE0559_HUMAN","P82309","Protein GENE0559",-0.0108,0.646044,0.540665,0,0.2671,5,3,FALSE,TRUE,FALSE
"GENE0048","GENE0048_HUMAN","P75949","Protein GENE0048",1.1939,0.244538,0.129204,0.7553,0.8887,3,2,FALSE,FALSE,FALSE
"GENE2641","GENE2641_HUMAN","P93190","Protein GENE2641",0.4701,0.565484,0.230438,0.3884,0.6374,4,4,FALSE,FALSE,FALSE
"GENE0459","GENE0459_HUMAN","P01370","Protein GENE0459",-0.0506,0.876117,0.218647,0.6587,0.6603,3,4,FALSE,FALSE,FALSE
"GENE1605","GENE1605_HUMAN","P16647","Protein GENE1605",-0.1244,1,0.407808,0.3767,0.3895,2,4,FALSE,FALSE,FALSE
"GENE1515","GENE1515_HUMAN","P34200","Protein GENE1515",0.2107,1,0.314635,0.2396,0.5022,4,3,FALSE,FALSE,FALSE
"GENE1765","GENE1765_HUMAN","P67179","Protein GENE1765",0.011,1,0.935696,0,0.0289,2,3,FALSE,FALSE,FALSE
"NEK9","NEK9_HUMAN","P57080","Protein NEK9",1.8009,0.026028,0.006531,2.0232,2.185,2,6,FALSE,FALSE,TRUE
"GENE0774","GENE0774_HUMAN","P25254","Protein GENE0774",-0.4822,1,0.622178,0,0.2061,5,3,FALSE,FALSE,FALSE
"GENE1852","GENE1852_HUMAN","P69674","Protein GENE1852",0.0776,0.413202,0.116509,0.2668,0.9336,4,2,FALSE,FALSE,FALSE
"GENE0507","GENE0507_HUMAN","P81570","Protein GENE0507",0.671,1,0.592952,0.0126,0.227,6,6,FALSE,FALSE,FALSE
"GENE0302","GENE0302_HUMAN","P58656","Protein GENE0302",0.0583,1,0.98442,0,0.0068,5,4,FALSE,TRUE,FALSE
"GENE2546","GENE2546_HUMAN","P69895","Protein GENE2546",-0.1992,0.119205,0.089483,0.3958,1.0483,2,2,FALSE,FALSE,FALSE
"GENE1957","GENE1957_HUMAN","P55039","Protein GENE1957",-1.1557,1,0.651344,0.1443,0.1862,2,4,FALSE,FALSE,FALSE
"GENE0038","GENE0038_HUMAN","P19786","Protein GENE0038",0.1386,1,0.812972,0,0.0899,4,5,FALSE,FALSE,FALSE
"GENE2320","GENE2320_HUMAN","P09573","Protein GENE2320",3e-04,0.8143,0.709475,0,0.1491,5,6,FALSE,FALSE,FALSE
"GENE1282","GENE1282_HUMAN","P69748","Protein GENE1282",0.5415,0.307953,0.068549,1.0602,1.164,2,2,FALSE,FALSE,FALSE
"GENE2005","GENE2005_HUMAN","P01331","Protein GENE2005",0.5859,0.598055,0.208643,0.5171,0.6806,3,3,FALSE,FALSE,FALSE
"GENE2326","GENE2326_HUMAN","P56685","Protein GENE2326",-0.0524,1,0.465203,0,0.3324,6,3,FALSE,FALSE,FALSE
"GENE2046","GENE2046_HUMAN","P94821","Protein GENE2046",0.3177,0.704897,0.156483,0.2821,0.8055,2,5,FALSE,FALSE,FALSE
"GENE0397","GENE0397_HUMAN","P67069","Protein GENE0397",-0.2944,0.892922,0.316872,0.063,0.4991,6,5,FALSE,FALSE,FALSE
"GENE1336","GENE1336_HUMAN","P23013","Protein GENE1336",0.2309,0.87613,0.274951,0.0254,0.5607,2,4,FALSE,FALSE,FALSE
"GENE0283","GENE0283_HUMAN","P99544","Protein GENE0283",-0.6797,1,0.900486,0,0.0455,2,3,FALSE,FALSE,FALSE
"GENE0716","GENE0716_HUMAN","P99031","Protein GENE0716",0.2351,1,0.536186,0.1542,0.2707,5,2,FALSE,FALSE,FALSE
"GENE0462","GENE0462_HUMAN","P71650","Protein GENE0462",-0.9281,0.93721,0.223588,0.2132,0.6506,6,2,FALSE,FALSE,FALSE
"GENE1188","GENE1188_HUMAN","P63078","Protein GENE1188",-0.1982,0.245391,0.238565,0,0.6224,4,2,FALSE,FALSE,FALSE
"GENE0844","GENE0844_HUMAN","P36115","Protein GENE0844",-0.2937,1,0.8098,0,0.0916,6,5,FALSE,FALSE,FALSE
"GENE0343","GENE0343_HUMAN","P16939","Protein GENE0343",0.4812,1,0.288022,0,0.5406,6,2,TRUE,FALSE,FALSE
"GENE0880","GENE0880_HUMAN","P66710","Protein GENE0880",0.7079,1,0.60266,0.0013,0.2199,2,6,FALSE,FALSE,FALSE
"GENE2409","GENE2409_HUMAN","P34742","Protein GENE2409",-0.5379,0.960974,0.458779,0.069,0.3384,4,2,FALSE,FALSE,FALSE
"GENE0843","GENE0843_HUMAN","P15613","Protein GENE0843",-0.3748,1,0.740157,0,0.1307,5,4,FALSE,FALSE,FALSE
"GENE1480","GENE1480_HUMAN","P75610","Protein GENE1480",0.0968,1,0.560139,0,0.2517,2,5,FALSE,FALSE,FALSE
"GENE2390","GENE2390_HUMAN","P78017","Protein GENE2390",-0.0589,1,0.601339,0,0.2209,4,4,FALSE,FALSE,FALSE
"GENE2249","GENE2249_HUMAN","P02624","Protein GENE2249",0.08,0.188803,0.122629,0.5599,0.9114,3,3,FALSE,FALSE,FALSE
"GENE2369","GENE2369_HUMAN","P24443","Protein GENE2369",0.4041,1,0.526529,0,0.2786,4,5,FALSE,FALSE,FALSE
"GENE1415","GENE1415_HUMAN","P54079","Protein GENE1415",0.5837,1,0.554796,0,0.2559,4,2,FALSE,FALSE,FALSE
"GENE0809","GENE0809_HUMAN","P73691","Protein GENE0809",0.2119,1,0.358736,0,0.4452,6,5,TRUE,FALSE,FALSE
"GENE0233","GENE0233_HUMAN","P23298","Protein GENE0233",0.0579,1,0.803388,0.016,0.0951,3,4,FALSE,FALSE,FALSE
"GENE0754","GENE0754_HUMAN","P47097","Protein GENE0754",-0.1926,1,0.452076,0,0.3448,3,3,FALSE,FALSE,FALSE
"GENE0099","GENE0099_HUMAN","P45857","Protein GENE0099",0.4074,1,0.896668,0,0.0474,4,3,FALSE,FALSE,FALSE
"GENE0209","GENE0209_HUMAN","P49744","Protein GENE0209",-0.0197,1,0.780981,0,0.1074,4,2,FALSE,FALSE,FALSE
"GENE0411","GENE0411_HUMAN","P01667","Protein GENE0411",-0.0699,1,0.875193,0,0.0579,6,2,FALSE,FALSE,FALSE
"GENE2363","GENE2363_HUMAN","P75001","Protein GENE2363",0.4515,0.414578,0.148746,0.5546,0.8276,2,2,FALSE,FALSE,FALSE
"GENE1289","GENE1289_HUMAN","P55578","Protein GENE1289",0.0975,1,0.273707,0.1739,0.5627,3,3,FALSE,FALSE,FALSE
"GENE2401","GENE2401_HUMAN","P57504","Protein GENE2401",-0.1599,1,0.399788,0,0.3982,4,2,FALSE,FALSE,FALSE
"GENE1307","GENE1307_HUMAN","P78249","Protein GENE1307",0.8945,1,0.993101,0,0.003,2,4,TRUE,TRUE,FALSE
"GENE1691","GENE1691_HUMAN","P28598","Protein GENE1691",-0.2489,1,0.61169,0,0.2135,2,3,FALSE,FALSE,FALSE
"GENE1598","GENE1598_HUMAN","P35581","Protein GENE1598",0.7402,1,0.788015,0,0.1035,5,4,FALSE,FALSE,FALSE
"GENE1408","GENE1408_HUMAN","P82096","Protein GENE1408",-0.3379,1,0.575172,0,0.2402,5,5,FALSE,FALSE,FALSE
"GENE1442","GENE1442_HUMAN","P37368","Protein GENE1442",0.0662,0.339632,0.130461,0.4756,0.8845,2,3,FALSE,FALSE,FALSE
"GENE2705","GENE2705_HUMAN","P93433","Protein GENE2705",-0.6393,0.47145,0.198739,0.5252,0.7017,5,3,FALSE,FALSE,FALSE
"GENE1872","GENE1872_HUMAN","P07211","Protein GENE1872",-0.3025,1,0.817477,0,0.0875,2,6,FALSE,FALSE,FALSE
"GENE2031","GENE2031_HUMAN","P79599","Protein GENE2031",-0.2671,1,0.477912,0.0636,0.3207,3,3,FALSE,FALSE,FALSE
"GENE2088","GENE2088_HUMAN","P80350","Protein GENE2088",-0.4408,1,0.807578,0,0.0928,6,5,FALSE,FALSE,FALSE
"GENE2168","GENE2168_HUMAN","P75627","Protein GENE2168",1.4158,0.113556,0.039897,0.7679,1.3991,2,3,FALSE,FALSE,TRUE
"GENE2756","GENE2756_HUMAN","P31789","Protein GENE2756",-0.6662,0.231003,0.085643,1.0316,1.0673,5,3,FALSE,FALSE,FALSE
"GENE0219","GENE0219_HUMAN","P89835","Protein GENE0219",-0.2244,1,0.753396,0,0.123,2,4,FALSE,FALSE,FALSE
"GENE0740","GENE0740_HUMAN","P10618","Protein GENE0740",-2.3596,0.02846,0.019289,1.0292,1.7147,5,6,FALSE,FALSE,TRUE
"GENE2875","GENE2875_HUMAN","P45193","Protein GENE2875",-0.7505,1,0.296992,0.0954,0.5273,6,2,FALSE,FALSE,FALSE
"GENE2450","GENE2450_HUMAN","P68713","Protein GENE2450",0.1379,0.263582,0.102205,0.5377,0.9905,5,5,FALSE,FALSE,FALSE
"GENE1556","GENE1556_HUMAN","P30289","Protein GENE1556",-0.2627,1,0.517951,0,0.2857,5,2,FALSE,FALSE,FALSE
"GENE0661","GENE0661_HUMAN","P09382","Protein GENE0661",-0.3218,0.477615,0.245545,0.4495,0.6099,3,3,FALSE,FALSE,FALSE
"GENE1462","GENE1462_HUMAN","P74185","Protein GENE1462",-0.9324,0.879468,0.465691,0,0.3319,2,5,FALSE,FALSE,FALSE
"GENE1818","GENE1818_HUMAN","P35921","Protein GENE1818",-0.5413,1,0.855816,0,0.0676,3,6,FALSE,FALSE,FALSE
"GENE0216","GENE0216_HUMAN","P96775","Protein GENE0216",0.3036,1,0.529067,0,0.2765,2,5,FALSE,TRUE,FALSE
"GENE1004","GENE1004_HUMAN","P45114","Protein GENE1004",-0.1075,1,0.883687,0,0.0537,6,6,FALSE,FALSE,FALSE
"GENE1903","GENE1903_HUMAN","P50049","Protein GENE1903",-0.0609,1,0.613319,0,0.2123,2,4,TRUE,FALSE,FALSE
"GENE2479","GENE2479_HUMAN","P42679","Protein GENE2479",0.5254,1,0.482308,0.0046,0.3167,3,5,FALSE,FALSE,FALSE
"GENE1419","GENE1419_HUMAN","P91550","Protein GENE1419",-0.1274,0.923275,0.779934,0,0.1079,6,5,FALSE,FALSE,FALSE
"GENE2714","GENE2714_HUMAN","P60700","Protein GENE2714",0.5054,0.684644,0.64423,0,0.191,2,2,FALSE,FALSE,FALSE
"GENE1132","GENE1132_HUMAN","P56362","Protein GENE1132",0.0561,1,0.6874,0,0.1628,6,5,TRUE,FALSE,FALSE
"GENE0536","GENE0536_HUMAN","P26349","Protein GENE0536",-0.135,0.720261,0.696695,0,0.157,4,3,FALSE,FALSE,FALSE
"GENE2221","GENE2221_HUMAN","P86602","Protein GENE2221",0.8677,0.27818,0.123991,0.2913,0.9066,2,2,FALSE,FALSE,FALSE
"GENE1603","GENE1603_HUMAN","P91571","Protein GENE1603",0.3802,1,0.5837,0,0.2338,6,3,FALSE,FALSE,FALSE
"GENE2114","GENE2114_HUMAN","P93024","Protein GENE2114",-0.0273,0.958142,0.234997,0,0.6289,2,3,FALSE,FALSE,FALSE
"GENE1624","GENE1624_HUMAN","P11558","Protein GENE1624",-0.601,0.53835,0.214585,0.5005,0.6684,5,2,FALSE,FALSE,FALSE
"GENE0240","GENE0240_HUMAN","P41484","Protein GENE0240",0.3214,1,0.721027,0,0.142,3,3,FALSE,FALSE,FALSE
"GENE0670","GENE0670_HUMAN","P12043","Protein GENE0670",-0.6016,1,0.293387,0,0.5326,3,6,FALSE,FALSE,FALSE
"GENE1426","GENE1426_HUMAN","P57579","Protein GENE1426",0.2968,1,0.278914,0,0.5545,6,5,FALSE,FALSE,FALSE
"GENE0309","GENE0309_HUMAN","P13304","Protein GENE0309",-0.0337,1,0.843655,0,0.0738,3,2,FALSE,FALSE,FALSE
"GENE2184","GENE2184_HUMAN","P36932","Protein GENE2184",0.5274,1,0.797518,0,0.0983,4,4,FALSE,FALSE,FALSE
"GENE1592","GENE1592_HUMAN","P36300","Protein GENE1592",0.213,1,0.347138,0.0098,0.4595,5,3,FALSE,FALSE,FALSE
"GENE2738","GENE2738_HUMAN","P90052","Protein GENE2738",0.1547,1,0.453186,0,0.3437,4,3,FALSE,FALSE,FALSE
"GENE0268","GENE0268_HUMAN","P58391","Protein GENE0268",-0.6146,1,0.645378,0,0.1902,2,4,FALSE,FALSE,FALSE
"GENE0134","GENE0134_HUMAN","P29785","Protein GENE0134",-0.3046,0.505399,0.382554,0.1501,0.4173,5,2,FALSE,FALSE,FALSE
"GENE0700","GENE0700_HUMAN","P28668","Protein GENE0700",-0.1154,1,0.657336,0.0711,0.1822,2,2,FALSE,FALSE,FALSE
"GENE0059","GENE0059_HUMAN","P56027","Protein GENE0059",-0.4179,1,0.594934,0,0.2255,3,4,FALSE,FALSE,FALSE
"GENE1936","GENE1936_HUMAN","P00619","Protein GENE1936",-0.3126,1,0.907137,0,0.0423,3,6,FALSE,FALSE,FALSE
"GENE0833","GENE0833_HUMAN","P28104","Protein GENE0833",-0.4985,0.70011,0.265607,0,0.5758,4,3,FALSE,FALSE,FALSE
"GENE0464","GENE0464_HUMAN","P68431","Protein GENE0464",-0.2101,0.255044,0.072053,0.9536,1.1424,6,2,FALSE,FALSE,FALSE
"GENE2694","GENE2694_HUMAN","P35943","Protein GENE2694",0.4085,0.281785,0.160386,0.1065,0.7948,2,2,FALSE,FALSE,FALSE
"GENE2421","GENE2421_HUMAN","P91488","Protein GENE2421",0.1693,0.811442,0.561719,0,0.2505,3,6,FALSE,FALSE,FALSE
"GENE1342","GENE1342_HUMAN","P07020","Protein GENE1342",0.0402,1,0.697414,0,0.1565,3,5,FALSE,FALSE,FALSE
"GENE0383","GENE0383_HUMAN","P39202","Protein GENE0383",0.1395,0.624744,0.278766,0,0.5548,2,6,FALSE,TRUE,FALSE
"GENE2652","GENE2652_HUMAN","P06938","Protein GENE2652",-0.1442,0.8304,0.224072,0.1741,0.6496,3,5,FALSE,FALSE,FALSE
"GENE2202","GENE2202_HUMAN","P69815","Protein GENE2202",0.0355,1,0.675872,0.115,0.1701,5,6,TRUE,FALSE,FALSE
"GENE2240","GENE2240_HUMAN","P41434","Protein GENE2240",-0.1534,1,0.67671,0,0.1696,3,5,TRUE,FALSE,FALSE
"GENE1488","GENE1488_HUMAN","P68774","Protein GENE1488",0.1203,1,0.708378,0,0.1497,6,2,FALSE,FALSE,FALSE
"GENE2467","GENE2467_HUMAN","P60986","Protein GENE2467",-0.049,0.892175,0.239981,0.034,0.6198,5,5,FALSE,FALSE,FALSE
"GENE0053","GENE0053_HUMAN","P96537","Protein GENE0053",1.206,1,0.33742,0,0.4718,6,6,FALSE,FALSE,FALSE
"GENE0917","GENE0917_HUMAN","P39909","Protein GENE0917",0.7393,1,0.691147,0,0.1604,3,3,FALSE,FALSE,FALSE
"GENE0954","GENE0954_HUMAN","P76282","Protein GENE0954",-0.5884,1,0.520079,0,0.2839,5,6,FALSE,FALSE,FALSE
"GENE2062","GENE2062_HUMAN","P75371","Protein GENE2062",-0.2514,1,0.926511,0,0.0331,2,5,FALSE,FALSE,FALSE
"GENE2193","GENE2193_HUMAN","P15461","Protein GENE2193",-0.1458,0.260351,0.132702,0.2174,0.8771,5,5,FALSE,FALSE,FALSE
"GENE2795","GENE2795_HUMAN","P73337","Protein GENE2795",0.4929,1,0.651889,0,0.1858,4,3,FALSE,FALSE,FALSE
"GENE0816","GENE0816_HUMAN","P00990","Protein GENE0816",0.3373,1,0.529529,0,0.2761,2,5,FALSE,FALSE,FALSE
"GENE0895","GENE0895_HUMAN","P30638","Protein GENE0895",1.6557,0.12616,0.025737,1.1373,1.5894,4,2,FALSE,FALSE,TRUE
"GENE1626","GENE1626_HUMAN","P35815","Protein GENE1626",-0.3749,0.229591,0.145042,0.1705,0.8385,6,3,TRUE,TRUE,FALSE
"GENE1862","GENE1862_HUMAN","P46953","Protein GENE1862",-0.125,0.218505,0.169018,0.3597,0.7721,5,6,TRUE,TRUE,FALSE
"GENE0806","GENE0806_HUMAN","P35367","Protein GENE0806",0.0679,1,0.990035,0,0.0043,6,5,FALSE,FALSE,FALSE
"GENE2731","GENE2731_HUMAN","P51319","Protein GENE2731",-4.3234,0.068987,0.032092,0.836,1.4936,6,6,FALSE,FALSE,TRUE
"GENE0051","GENE0051_HUMAN","P79777","Protein GENE0051",-0.3886,0.715026,0.38866,0,0.4104,5,4,FALSE,FALSE,FALSE
"GENE0706","GENE0706_HUMAN","P68004","Protein GENE0706",0.5461,1,0.848109,0,0.0715,2,4,FALSE,FALSE,FALSE
"GENE1047","GENE1047_HUMAN","P43259","Protein GENE1047",0.3092,0.41694,0.201052,0.1074,0.6967,5,3,FALSE,FALSE,FALSE
"GENE0321","GENE0321_HUMAN","P63551","Protein GENE0321",-0.0735,1,0.529469,0,0.2762,5,2,FALSE,FALSE,FALSE
"GENE0983","GENE0983_HUMAN","P30486","Protein GENE0983",-0.3903,1,0.568821,0.2069,0.245,2,2,FALSE,FALSE,FALSE
"GENE1580","GENE1580_HUMAN","P73432","Protein GENE1580",0.3322,1,0.989395,0.0015,0.0046,2,3,TRUE,FALSE,FALSE
"GENE2488","GENE2488_HUMAN","P93155","Protein GENE2488",1.5311,0.047231,0.041104,1.1372,1.3861,5,6,FALSE,FALSE,TRUE
"GENE0328","GENE0328_HUMAN","P65543","Protein GENE0328",0.3377,1,0.379544,0,0.4207,6,2,FALSE,FALSE,FALSE
"GENE2576","GENE2576_HUMAN","P40215","Protein GENE2576",0.0948,1,0.821056,0,0.0856,2,6,FALSE,TRUE,FALSE
"GENE2317","GENE2317_HUMAN","P82259","Protein GENE2317",-0.0198,0.649717,0.26034,0.4454,0.5845,6,2,TRUE,TRUE,FALSE
"GENE2195","GENE2195_HUMAN","P81291","Protein GENE2195",-0.3418,1,0.479079,0.06,0.3196,2,6,FALSE,FALSE,FALSE
"GENE1135","GENE1135_HUMAN","P07986","Protein GENE1135",-0.2227,1,0.86538,0,0.0628,3,5,FALSE,FALSE,FALSE
"GENE1367","GENE1367_HUMAN","P57433","Protein GENE1367",-0.1253,1,0.623907,0.0135,0.2049,5,3,FALSE,FALSE,FALSE
"GENE1463","GENE1463_HUMAN","P12324","Protein GENE1463",0.061,0.510266,0.499406,0,0.3015,6,4,FALSE,TRUE,FALSE
"GENE1576","GENE1576_HUMAN","P33486","Protein GENE1576",0.3902,0.840299,0.203631,0.5152,0.6912,2,2,FALSE,FALSE,FALSE
"GENE1383","GENE1383_HUMAN","P79134","Protein GENE1383",0.6083,1,0.879421,0,0.0558,2,2,FALSE,FALSE,FALSE
"GENE1888","GENE1888_HUMAN","P22140","Protein GENE1888",-0.13,0.118263,0.08906,0.6047,1.0503,4,6,FALSE,TRUE,FALSE
"GENE2248","GENE2248_HUMAN","P79703","Protein GENE2248",0.2813,0.138339,0.109014,0.3189,0.9625,3,5,FALSE,FALSE,FALSE
"GENE1122","GENE1122_HUMAN","P65082","Protein GENE1122",-0.3822,1,0.431917,0,0.3646,3,3,TRUE,FALSE,FALSE
"GENE2555","GENE2555_HUMAN","P03751","Protein GENE2555",-0.0096,1,0.561304,0.1865,0.2508,4,6,FALSE,FALSE,FALSE
"GENE2357","GENE2357_HUMAN","P75815","Protein GENE2357",-0.049,1,0.684534,0,0.1646,4,5,FALSE,FALSE,FALSE
"GENE0313","GENE0313_HUMAN","P47086","Protein GENE0313",-0.4442,0.336305,0.085491,0.5002,1.0681,5,6,TRUE,FALSE,FALSE
"GENE1977","GENE1977_HUMAN","P64916","Protein GENE1977",-0.1428,0.547738,0.395767,0.1518,0.4026,5,2,FALSE,FALSE,FALSE
"GENE1696","GENE1696_HUMAN","P95093","Protein GENE1696",0.293,1,0.414923,0,0.382,6,3,TRUE,FALSE,FALSE
"FMR1","FMR1_HUMAN","P02417","Protein FMR1",2e-04,1,0.388049,0,0.4111,5,2,TRUE,FALSE,FALSE
"GENE1991","GENE1991_HUMAN","P86478","Protein GENE1991",0.2887,1,0.387202,0,0.4121,2,2,FALSE,FALSE,FALSE
"GENE2201","GENE2201_HUMAN","P47720","Protein GENE2201",0.3987,0.407555,0.247519,0.456,0.6064,2,6,FALSE,FALSE,FALSE
"GENE2142","GENE2142_HUMAN","P74938","Protein GENE2142",-0.1307,1,0.570304,0,0.2439,5,3,FALSE,FALSE,FALSE
"GENE2097","GENE2097_HUMAN","P27069","Protein GENE2097",-0.1743,1,0.949332,0,0.0226,3,3,FALSE,FALSE,FALSE
"GENE1035","GENE1035_HUMAN","P18473","Protein GENE1035",0.7282,1,0.445528,0,0.3511,4,5,FALSE,FALSE,FALSE
"GENE1865","GENE1865_HUMAN","P28920","Protein GENE1865",0.4263,1,0.833905,0,0.0789,3,2,FALSE,FALSE,FALSE
"GENE2050","GENE2050_HUMAN","P34951","Protein GENE2050",0.0435,1,0.992883,0,0.0031,4,4,FALSE,FALSE,FALSE
"GENE2538","GENE2538_HUMAN","P61131","Protein GENE2538",-0.2671,1,0.75085,0,0.1244,4,3,FALSE,FALSE,FALSE
"GENE2553","GENE2553_HUMAN","P16954","Protein GENE2553",3.5159,0.108922,0.025584,1.289,1.592,4,2,FALSE,FALSE,TRUE
"GENE2577","GENE2577_HUMAN","P01760","Protein GENE2577",0.2252,1,0.250011,0.0516,0.602,5,4,FALSE,FALSE,FALSE
"GENE1859","GENE1859_HUMAN","P37117","Protein GENE1859",0.64,1,0.290039,0,0.5375,5,4,TRUE,FALSE,FALSE
"GENE0996","GENE0996_HUMAN","P03103","Protein GENE0996",0.5339,0.555218,0.259709,0.4131,0.5855,5,6,FALSE,TRUE,FALSE
"GENE2365","GENE2365_HUMAN","P61518","Protein GENE2365",-0.0196,1,0.68326,0.0832,0.1654,3,6,FALSE,FALSE,FALSE
"GENE1857","GENE1857_HUMAN","P42926","Protein GENE1857",0.2395,1,0.966735,0,0.0147,3,4,TRUE,FALSE,FALSE
"GENE1128","GENE1128_HUMAN","P44246","Protein GENE1128",0.5417,0.375546,0.095585,0.4506,1.0196,6,4,FALSE,FALSE,FALSE
"GENE0228","GENE0228_HUMAN","P87740","Protein GENE0228",-0.4296,0.956495,0.442334,0.1093,0.3542,5,3,FALSE,FALSE,FALSE
"GENE2121","GENE2121_HUMAN","P96755","Protein GENE2121",-0.426,1,0.9224,0,0.0351,3,2,FALSE,FALSE,FALSE
"GENE1750","GENE1750_HUMAN","P84370","Protein GENE1750",-0.1125,1,0.791371,0,0.1016,3,4,FALSE,FALSE,FALSE
"GENE0344","GENE0344_HUMAN","P32767","Protein GENE0344",-0.7155,1,0.719705,0,0.1428,2,6,TRUE,FALSE,FALSE
"GENE0688","GENE0688_HUMAN","P48419","Protein GENE0688",0.5296,0.350504,0.108689,0.3273,0.9638,2,2,FALSE,FALSE,FALSE
"GENE1355","GENE1355_HUMAN","P48940","Protein GENE1355",-0.3219,1,0.885214,0,0.053,4,5,FALSE,FALSE,FALSE
"GENE2507","GENE2507_HUMAN","P17007","Protein GENE2507",-0.7496,1,0.77603,0,0.1101,3,5,FALSE,FALSE,FALSE
"GENE2267","GENE2267_HUMAN","P63720","Protein GENE2267",0.1517,1,0.720719,0.0534,0.1422,2,3,FALSE,FALSE,FALSE
"GENE2493","GENE2493_HUMAN","P40221","Protein GENE2493",0.6051,1,0.632004,0,0.1993,5,2,FALSE,FALSE,FALSE
"DDX50","DDX50_HUMAN","P68785","Protein DDX50",0.575,1,0.988785,0,0.0049,3,3,FALSE,FALSE,FALSE
"GENE2278","GENE2278_HUMAN","P76492","Protein GENE2278",-0.076,0.413365,0.275791,0,0.5594,2,4,TRUE,FALSE,FALSE
"GENE1031","GENE1031_HUMAN","P95655","Protein GENE1031",0.0962,0.57943,0.119499,0.6575,0.9226,3,3,FALSE,FALSE,FALSE
"GENE2112","GENE2112_HUMAN","P82077","Protein GENE2112",0.3473,0.669265,0.310813,0.0125,0.5075,6,6,FALSE,FALSE,FALSE
"GENE0162","GENE0162_HUMAN","P78407","Protein GENE0162",-0.2062,0.786983,0.644417,0,0.1908,2,6,FALSE,FALSE,FALSE
"GENE1710","GENE1710_HUMAN","P37856","Protein GENE1710",0.222,0.517711,0.190443,0.5275,0.7202,3,3,FALSE,FALSE,FALSE
"GENE2848","GENE2848_HUMAN","P96966","Protein GENE2848",0.3754,1,0.562199,0,0.2501,2,4,TRUE,FALSE,FALSE
"GENE1212","GENE1212_HUMAN","P59058","Protein GENE1212",-0.4626,1,0.658871,0,0.1812,2,6,FALSE,TRUE,FALSE
"GENE0197","GENE0197_HUMAN","P91152","Protein GENE0197",0.4055,1,0.304402,0.1913,0.5166,3,5,FALSE,FALSE,FALSE
"GENE2567","GENE2567_HUMAN","P67474","Protein GENE2567",0.2049,1,0.804364,0,0.0945,6,4,FALSE,FALSE,FALSE
"GENE1699","GENE1699_HUMAN","P32139","Protein GENE1699",-1.216,1,0.298803,0,0.5246,3,2,FALSE,FALSE,FALSE
"GENE1037","GENE1037_HUMAN","P62951","Protein GENE1037",-0.0395,1,0.673432,0,0.1717,5,3,FALSE,FALSE,FALSE
"GENE0163","GENE0163_HUMAN","P50063","Protein GENE0163",0.2862,0.839142,0.792049,0,0.1012,3,4,FALSE,FALSE,FALSE
"GENE1232","GENE1232_HUMAN","P44560","Protein GENE1232",0.3912,0.809897,0.650731,0,0.1866,6,3,FALSE,TRUE,FALSE
"GENE1537","GENE1537_HUMAN","P77459","Protein GENE1537",-0.0809,1,0.684154,0,0.1648,2,4,FALSE,FALSE,FALSE
"GENE2855","GENE2855_HUMAN","P43947","Protein GENE2855",0.6529,0.855897,0.673389,0,0.1717,5,6,FALSE,FALSE,FALSE
"GENE2288","GENE2288_HUMAN","P23110","Protein GENE2288",0.2581,1,0.301435,0.3175,0.5208,2,5,FALSE,FALSE,FALSE
"GENE0588","GENE0588_HUMAN","P79487","Protein GENE0588",-0.7126,0.384964,0.094674,0.6727,1.0238,2,6,FALSE,FALSE,FALSE
"GENE0066","GENE0066_HUMAN","P18820","Protein GENE0066",-0.2126,0.963862,0.238245,0.4861,0.623,4,2,FALSE,FALSE,FALSE
"GENE1952","GENE1952_HUMAN","P38928","Protein GENE1952",0.6758,0.065166,0.035471,1.046,1.4501,5,5,FALSE,FALSE,TRUE
"GENE1330","GENE1330_HUMAN","P37724","Protein GENE1330",0.3326,0.946209,0.467244,0,0.3305,2,3,FALSE,FALSE,FALSE
"GENE0598","GENE0598_HUMAN","P95777","Protein GENE0598",0.0552,0.885687,0.298389,0.0428,0.5252,4,3,FALSE,FALSE,FALSE
"GENE1595","GENE1595_HUMAN","P83146","Protein GENE1595",0.5753,0.858968,0.744784,0,0.128,3,3,FALSE,TRUE,FALSE
"GENE1412","GENE1412_HUMAN","P25362","Protein GENE1412",0.0267,0.552602,0.412212,0,0.3849,2,4,FALSE,FALSE,FALSE
"GENE0071","GENE0071_HUMAN","P81403","Protein GENE0071",-0.3057,1,0.415854,0.2835,0.3811,6,6,FALSE,FALSE,FALSE
"GENE2835","GENE2835_HUMAN","P25002","Protein GENE2835",-0.6006,0.191372,0.146627,0.3105,0.8338,4,5,FALSE,FALSE,FALSE
"GENE2498","GENE2498_HUMAN","P75102","Protein GENE2498",0.3919,0.578297,0.165928,0.4107,0.7801,5,4,FALSE,FALSE,FALSE
"GENE1270","GENE1270_HUMAN","P78997","Protein GENE1270",-0.0311,1,0.557658,0,0.2536,2,2,FALSE,FALSE,FALSE
"GENE0708","GENE0708_HUMAN","P42964","Protein GENE0708",-0.0062,0.717206,0.228487,0.3751,0.6411,6,3,FALSE,FALSE,FALSE
"GENE0938","GENE0938_HUMAN","P45295","Protein GENE0938",0.5039,0.921508,0.338122,0.1311,0.4709,2,6,FALSE,FALSE,FALSE
"GENE0738","GENE0738_HUMAN","P10303","Protein GENE0738",-0.0206,1,0.370121,0,0.4317,3,5,FALSE,FALSE,FALSE
"GENE0920","GENE0920_HUMAN","P40535","Protein GENE0920",0.0454,1,0.709041,0,0.1493,5,6,FALSE,FALSE,FALSE
"GENE0119","GENE0119_HUMAN","P66415","Protein GENE0119",-0.4364,1,0.848843,0,0.0712,4,2,FALSE,FALSE,FALSE
"GENE1077","GENE1077_HUMAN","P33532","Protein GENE1077",0.4121,1,0.667266,0,0.1757,5,3,FALSE,FALSE,FALSE
"GENE0517","GENE0517_HUMAN","P00707","Protein GENE0517",0.0835,1,0.417462,0,0.3794,3,4,TRUE,FALSE,FALSE
"GENE2558","GENE2558_HUMAN","P32723","Protein GENE2558",0.1904,1,0.663931,0,0.1779,2,4,TRUE,FALSE,FALSE
"GENE2316","GENE2316_HUMAN","P13387","Protein GENE2316",-0.5035,1,0.893796,0,0.0488,4,6,FALSE,FALSE,FALSE
"GENE1222","GENE1222_HUMAN","P16454","Protein GENE1222",-0.0904,0.697854,0.521339,0,0.2829,6,3,FALSE,FALSE,FALSE
"GENE0770","GENE0770_HUMAN","P93685","Protein GENE0770",0.0608,1,0.604318,0,0.2187,2,4,FALSE,FALSE,FALSE
"GENE0451","GENE0451_HUMAN","P82905","Protein GENE0451",-0.2073,1,0.85915,0,0.0659,4,6,FALSE,TRUE,FALSE
"GENE0211","GENE0211_HUMAN","P46751","Protein GENE0211",0.1529,1,0.393682,0.2992,0.4049,5,6,FALSE,TRUE,FALSE
"GENE1883","GENE1883_HUMAN","P65981","Protein GENE1883",0.3938,0.412692,0.231409,0.6233,0.6356,2,4,FALSE,FALSE,FALSE
"GENE2873","GENE2873_HUMAN","P00512","Protein GENE2873",-0.1448,1,0.437837,0,0.3587,6,3,FALSE,FALSE,FALSE
"GENE0217","GENE0217_HUMAN","P10371","Protein GENE0217",0.5721,0.383726,0.083872,0.5087,1.0764,2,5,FALSE,FALSE,FALSE
"GENE1940","GENE1940_HUMAN","P59467","Protein GENE1940",-0.4358,1,0.934187,0,0.0296,2,6,FALSE,TRUE,FALSE
"GENE1252","GENE1252_HUMAN","P35169","Protein GENE1252",0.0264,1,0.622549,0,0.2058,4,5,FALSE,FALSE,FALSE
"GENE2107","GENE2107_HUMAN","P54598","Protein GENE2107",-0.5506,1,0.950013,0,0.0223,3,6,FALSE,FALSE,FALSE
"GENE2158","GENE2158_HUMAN","P26959","Protein GENE2158",0.8406,1,0.758186,0,0.1202,4,2,TRUE,TRUE,FALSE
"GENE1008","GENE1008_HUMAN","P29878","Protein GENE1008",0.3661,1,0.514521,0,0.2886,2,4,FALSE,FALSE,FALSE
"GENE1157","GENE1157_HUMAN","P55567","Protein GENE1157",-1.1665,0.008683,0.006541,1.8793,2.1844,3,2,FALSE,FALSE,TRUE
"GENE2540","GENE2540_HUMAN","P51625","Protein GENE2540",0.242,0.426444,0.111513,0.6832,0.9527,4,4,FALSE,FALSE,FALSE
"GENE0902","GENE0902_HUMAN","P00953","Protein GENE0902",0.3272,1,0.450839,0.2044,0.346,2,3,FALSE,FALSE,FALSE
"GENE0070","GENE0070_HUMAN","P40579","Protein GENE0070",-0.1784,1,0.440192,0,0.3564,4,3,FALSE,FALSE,FALSE
"GENE1464","GENE1464_HUMAN","P27357","Protein GENE1464",0.1257,1,0.6697,0.0215,0.1741,4,3,FALSE,FALSE,FALSE
"GENE0939","GENE0939_HUMAN","P01805","Protein GENE0939",-0.1814,0.441841,0.112787,0.597,0.9477,5,5,FALSE,FALSE,FALSE
"GENE0808","GENE0808_HUMAN","P97911","Protein GENE0808",-0.0649,0.29648,0.181225,0.6678,0.7418,6,6,FALSE,FALSE,FALSE
"GENE1453","GENE1453_HUMAN","P01164","Protein GENE1453",-0.1251,0.666517,0.587821,0,0.2308,4,2,FALSE,FALSE,FALSE
"GENE1958","GENE1958_HUMAN","P85968","Protein GENE1958",0.2559,1,0.830879,0,0.0805,4,4,FALSE,TRUE,FALSE
"GENE0854","GENE0854_HUMAN","P61681","Protein GENE0854",-0.2417,1,0.816951,0,0.0878,5,2,FALSE,FALSE,FALSE
"GENE2049","GENE2049_HUMAN","P03738","Protein GENE2049",0.8722,0.709335,0.157398,0.3665,0.803,2,4,FALSE,FALSE,FALSE
"GENE0946","GENE0946_HUMAN","P56584","Protein GENE0946",-0.3456,0.783408,0.29959,0.0703,0.5235,5,2,FALSE,FALSE,FALSE
"GENE1782","GENE1782_HUMAN","P24314","Protein GENE1782",-0.1321,1,0.816825,0,0.0879,4,4,FALSE,FALSE,FALSE
"GENE1375","GENE1375_HUMAN","P43103","Protein GENE1375",-0.3162,0.444086,0.209519,0.4673,0.6788,5,2,FALSE,FALSE,FALSE
"GENE2523","GENE2523_HUMAN","P75960","Protein GENE2523",0.0994,1,0.577591,0.1304,0.2384,4,5,FALSE,FALSE,FALSE
"GENE0538","GENE0538_HUMAN","P42632","Protein GENE0538",-0.1113,1,0.434917,0.2704,0.3616,6,2,FALSE,FALSE,FALSE
"GENE0394","GENE0394_HUMAN","P30137","Protein GENE0394",0.5926,1,0.843513,0,0.0739,3,3,FALSE,FALSE,FALSE
"GENE1483","GENE1483_HUMAN","P95510","Protein GENE1483",0.2161,1,0.496931,0.0337,0.3037,2,6,FALSE,FALSE,FALSE
"GENE0606","GENE0606_HUMAN","P85731","Protein GENE0606",0.3222,1,0.832977,0,0.0794,2,6,FALSE,FALSE,FALSE
"GENE0539","GENE0539_HUMAN","P05981","Protein GENE0539",-0.4821,1,0.319152,0,0.496,6,2,TRUE,FALSE,FALSE
"GENE1238","GENE1238_HUMAN","P20833","Protein GENE1238",-0.392,1,0.777302,0,0.1094,3,4,FALSE,FALSE,FALSE
"GENE1911","GENE1911_HUMAN","P08663","Protein GENE1911",-0.3718,0.623409,0.148437,0.5655,0.8285,4,3,FALSE,TRUE,FALSE
"GENE1226","GENE1226_HUMAN","P23410","Protein GENE1226",-0.0888,1,0.743196,0,0.1289,4,3,FALSE,FALSE,FALSE
"GENE2368","GENE2368_HUMAN","P32476","Protein GENE2368",0.2454,1,0.685269,0,0.1641,3,6,FALSE,FALSE,FALSE
"GENE1058","GENE1058_HUMAN","P90702","Protein GENE1058",-0.1715,1,0.895871,0,0.0478,2,4,FALSE,FALSE,FALSE
"LARP1","LARP1_HUMAN","P04443","Protein LARP1",-0.7316,0.842041,0.436444,0.0073,0.3601,5,5,FALSE,FALSE,FALSE
"GENE2215","GENE2215_HUMAN","P22914","Protein GENE2215",-0.1277,1,0.596323,0,0.2245,3,3,FALSE,TRUE,FALSE
"GENE0358","GENE0358_HUMAN","P57009","Protein GENE0358",-0.1999,0.663094,0.653424,0.0997,0.1848,6,3,FALSE,FALSE,FALSE
"GENE1470","GENE1470_HUMAN","P06745","Protein GENE1470",-0.2939,1,0.443884,0.0644,0.3527,6,2,FALSE,FALSE,FALSE
"GENE1015","GENE1015_HUMAN","P23563","Protein GENE1015",-0.2771,1,0.920525,0,0.036,5,6,FALSE,FALSE,FALSE
"GENE0819","GENE0819_HUMAN","P46699","Protein GENE0819",0.4102,1,0.422696,0,0.374,4,3,FALSE,FALSE,FALSE
"GENE1569","GENE1569_HUMAN","P50409","Protein GENE1569",0.3229,1,0.696795,0,0.1569,5,4,FALSE,FALSE,FALSE
"GENE0068","GENE0068_HUMAN","P87225","Protein GENE0068",-3.5146,0.010105,0.004244,1.9319,2.3722,3,5,FALSE,TRUE,TRUE
"GENE2247","GENE2247_HUMAN","P22588","Protein GENE2247",-0.3038,0.595976,0.379352,0.3374,0.421,4,6,FALSE,FALSE,FALSE
"GENE2590","GENE2590_HUMAN","P94779","Protein GENE2590",0.0477,0.213877,0.123705,0.4924,0.9076,2,6,FALSE,TRUE,FALSE
"TRIP4","TRIP4_HUMAN","P02245","Protein TRIP4",-0.4112,0.390671,0.118261,0.3709,0.9272,5,6,TRUE,FALSE,FALSE
"GENE2465","GENE2465_HUMAN","P93717","Protein GENE2465",0.2408,0.294852,0.07519,0.7206,1.1238,4,3,FALSE,FALSE,FALSE
"GENE0764","GENE0764_HUMAN","P74599","Protein GENE0764",-0.0165,0.514695,0.255755,0.1112,0.5922,5,6,FALSE,FALSE,FALSE
"GENE1689","GENE1689_HUMAN","P14940","Protein GENE1689",0.082,1,0.400469,0.3664,0.3974,2,4,TRUE,TRUE,FALSE
"GENE0416","GENE0416_HUMAN","P17169","Protein GENE0416",0.0353,1,0.954008,0,0.0204,6,2,FALSE,FALSE,FALSE
"GENE0002","GENE0002_HUMAN","P96370","Protein GENE0002",-0.3424,1,0.883195,0,0.0539,6,2,FALSE,FALSE,FALSE
"DHX30","DHX30_HUMAN","P91042","Protein DHX30",0.4122,1,0.354894,0.3219,0.4499,6,5,FALSE,FALSE,FALSE
"GENE2600","GENE2600_HUMAN","P24167","Protein GENE2600",-0.0604,0.329948,0.130501,0.4111,0.8844,4,2,FALSE,FALSE,FALSE
"GENE1629","GENE1629_HUMAN","P89978","Protein GENE1629",-0.463,1,0.753686,0,0.1228,5,2,FALSE,FALSE,FALSE
"GENE1399","GENE1399_HUMAN","P05063","Protein GENE1399",-0.0985,0.119598,0.105115,0.4488,0.9783,2,3,FALSE,FALSE,FALSE
"GENE0789","GENE0789_HUMAN","P39832","Protein GENE0789",0.49,1,0.78501,0,0.1051,6,5,FALSE,FALSE,FALSE
"GENE2167","GENE2167_HUMAN","P65908","Protein GENE2167",-0.0059,1,0.596069,0,0.2247,5,6,FALSE,FALSE,FALSE
"GENE1647","GENE1647_HUMAN","P79014","Protein GENE1647",-0.1781,0.76692,0.257643,0.1412,0.589,6,6,FALSE,FALSE,FALSE
"GENE0540","GENE0540_HUMAN","P35895","Protein GENE0540",0.2563,0.676172,0.615573,0,0.2107,5,3,FALSE,FALSE,FALSE
"GENE2787","GENE2787_HUMAN","P69695","Protein GENE2787",-0.5542,1,0.50381,0.2536,0.2977,2,2,FALSE,FALSE,FALSE
"GENE2603","GENE2603_HUMAN","P04104","Protein GENE2603",0.2104,1,0.45363,0,0.3433,4,3,FALSE,FALSE,FALSE
"GENE2817","GENE2817_HUMAN","P02577","Protein GENE2817",0.1564,1,0.477752,0.0932,0.3208,6,5,FALSE,FALSE,FALSE
"GENE1540","GENE1540_HUMAN","P39355","Protein GENE1540",-0.1916,1,0.793406,0,0.1005,4,3,FALSE,FALSE,FALSE
"GENE0977","GENE0977_HUMAN","P81773","Protein GENE0977",0.1487,0.574449,0.133992,0.26,0.8729,4,2,FALSE,FALSE,FALSE
"GENE1443","GENE1443_HUMAN","P33791","Protein GENE1443",-0.0529,0.533865,0.14765,0.1992,0.8308,5,2,FALSE,FALSE,FALSE
"GENE1301","GENE1301_HUMAN","P03482","Protein GENE1301",-0.464,0.733374,0.161115,0.3963,0.7929,2,5,FALSE,FALSE,FALSE
"GENE1003","GENE1003_HUMAN","P85224","Protein GENE1003",0.6471,1,0.509678,0,0.2927,6,2,FALSE,FALSE,FALSE
"GENE1034","GENE1034_HUMAN","P25680","Protein GENE1034",0.3109,0.339033,0.086948,0.9315,1.0607,2,4,FALSE,FALSE,FALSE
"GENE1093","GENE1093_HUMAN","P47633","Protein GENE1093",0.1733,1,0.290877,0.4856,0.5363,2,5,FALSE,FALSE,FALSE
"GENE2150","GENE2150_HUMAN","P14115","Protein GENE2150",0.0103,1,0.575277,0.0877,0.2401,2,3,FALSE,FALSE,FALSE
"GENE0095","GENE0095_HUMAN","P03863","Protein GENE0095",0.3376,1,0.786772,0,0.1042,4,4,TRUE,FALSE,FALSE
"GENE1186","GENE1186_HUMAN","P59040","Protein GENE1186",0.0959,0.758515,0.391217,0.2098,0.4076,5,3,TRUE,FALSE,FALSE
"GENE0458","GENE0458_HUMAN","P83507","Protein GENE0458",-0.338,1,0.7083,0,0.1498,2,5,FALSE,TRUE,FALSE
"GENE1489","GENE1489_HUMAN","P29652","Protein GENE1489",-0.0228,1,0.820442,0,0.086,6,3,FALSE,FALSE,FALSE
"GENE0802","GENE0802_HUMAN","P48364","Protein GENE0802",-0.2211,1,0.611454,0,0.2136,2,4,FALSE,FALSE,FALSE
"GENE2138","GENE2138_HUMAN","P95951","Protein GENE2138",0.2672,0.826022,0.719329,0,0.1431,3,2,TRUE,FALSE,FALSE
"GENE2481","GENE2481_HUMAN","P96760","Protein GENE2481",0.2706,1,0.728102,0,0.1378,4,3,TRUE,FALSE,FALSE
"GENE2527","GENE2527_HUMAN","P67568","Protein GENE2527",0.4952,1,0.60686,0.0973,0.2169,3,4,FALSE,FALSE,FALSE
"GENE2197","GENE2197_HUMAN","P09959","Protein GENE2197",-0.257,1,0.55343,0,0.2569,5,2,FALSE,FALSE,FALSE
"GENE0465","GENE0465_HUMAN","P12681","Protein GENE0465",0.4848,0.432055,0.271953,0.0138,0.5655,6,3,FALSE,FALSE,FALSE
"GENE0804","GENE0804_HUMAN","P84424","Protein GENE0804",0.4768,0.827765,0.331896,0.2437,0.479,2,5,FALSE,FALSE,FALSE
"GENE0218","GENE0218_HUMAN","P92260","Protein GENE0218",-0.1996,0.962859,0.506577,0,0.2954,5,2,FALSE,FALSE,FALSE
"GENE0333","GENE0333_HUMAN","P36811","Protein GENE0333",0.2333,0.949469,0.577865,0,0.2382,4,3,FALSE,FALSE,FALSE
"GENE1432","GENE1432_HUMAN","P51021","Protein GENE1432",0.0947,1,0.444965,0,0.3517,6,2,FALSE,FALSE,FALSE
"GENE2792","GENE2792_HUMAN","P41838","Protein GENE2792",-0.3437,1,0.586541,0,0.2317,5,2,FALSE,FALSE,FALSE
"GENE0589","GENE0589_HUMAN","P25026","Protein GENE0589",-0.9083,1,0.714042,0,0.1463,6,5,FALSE,FALSE,FALSE
"GENE0178","GENE0178_HUMAN","P78184","Protein GENE0178",-0.5086,0.642878,0.175816,0.5247,0.7549,3,4,FALSE,FALSE,FALSE
"GENE0392","GENE0392_HUMAN","P70316","Protein GENE0392",0.9218,0.052379,0.027789,1.522,1.5561,5,3,TRUE,FALSE,TRUE
"GENE1926","GENE1926_HUMAN","P98090","Protein GENE1926",0.3612,0.967908,0.768182,0,0.1145,3,2,FALSE,FALSE,FALSE
"GENE1573","GENE1573_HUMAN","P08934","Protein GENE1573",0.2072,1,0.743364,0,0.1288,2,3,TRUE,FALSE,FALSE
"GENE1425","GENE1425_HUMAN","P41539","Protein GENE1425",4.3745,0.03791,0.034424,1.0882,1.4631,5,3,FALSE,TRUE,TRUE
"GENE2742","GENE2742_HUMAN","P26063","Protein GENE2742",-0.2114,0.286183,0.127491,0.6151,0.8945,2,4,FALSE,FALSE,FALSE
"GENE1201","GENE1201_HUMAN","P95431","Protein GENE1201",-0.5947,1,0.83025,0,0.0808,6,3,FALSE,FALSE,FALSE
"GENE1418","GENE1418_HUMAN","P77606","Protein GENE1418",-0.4146,0.304707,0.074404,0.6029,1.1284,5,6,FALSE,FALSE,FALSE
"GENE1755","GENE1755_HUMAN","P27457","Protein GENE1755",-0.0095,0.657694,0.426224,0,0.3704,2,4,FALSE,FALSE,FALSE
"GENE2633","GENE2633_HUMAN","P39281","Protein GENE2633",0.0795,1,0.982224,0,0.0078,2,4,FALSE,FALSE,FALSE
"GENE0733","GENE0733_HUMAN","P56980","Protein GENE0733",-0.1028,1,0.556744,0.0076,0.2543,6,2,FALSE,FALSE,FALSE
"DHX36","DHX36_HUMAN","P68459","Protein DHX36",0.4615,0.503842,0.397771,0,0.4004,6,2,TRUE,FALSE,FALSE
"GENE1896","GENE1896_HUMAN","P83271","Protein GENE1896",0.9125,0.424923,0.22148,0.1438,0.6547,2,3,FALSE,FALSE,FALSE
"GENE2621","GENE2621_HUMAN","P73728","Protein GENE2621",0.6014,1,0.941817,0,0.026,2,5,FALSE,FALSE,FALSE
"GENE2499","GENE2499_HUMAN","P17646","Protein GENE2499",0.8731,0.031895,0.020917,1.063,1.6795,4,4,FALSE,FALSE,TRUE
"GENE0548","GENE0548_HUMAN","P43115","Protein GENE0548",-0.0793,1,0.66958,0,0.1742,2,2,FALSE,FALSE,FALSE
"GENE1942","GENE1942_HUMAN","P63695","Protein GENE1942",-0.1356,1,0.867544,0,0.0617,5,2,FALSE,FALSE,FALSE
"GENE2314","GENE2314_HUMAN","P49098","Protein GENE2314",-0.6097,0.092855,0.027136,1.2577,1.5665,5,6,FALSE,FALSE,TRUE
"GENE2146","GENE2146_HUMAN","P98156","Protein GENE2146",0.0536,1,0.853143,0.0052,0.069,2,6,FALSE,FALSE,FALSE
"GENE1096","GENE1096_HUMAN","P48257","Protein GENE1096",0.3643,1,0.909367,0,0.0413,5,6,FALSE,FALSE,FALSE
"GENE0069","GENE0069_HUMAN","P39572","Protein GENE0069",-0.3778,1,0.619538,0,0.2079,6,6,FALSE,FALSE,FALSE
"GENE2486","GENE2486_HUMAN","P97909","Protein GENE2486",0.4612,1,0.897308,0,0.0471,4,3,FALSE,FALSE,FALSE
"GENE2707","GENE2707_HUMAN","P64066","Protein GENE2707",0.0613,1,0.696421,0,0.1571,5,5,FALSE,FALSE,FALSE
"GENE2594","GENE2594_HUMAN","P80470","Protein GENE2594",-0.0794,1,0.781322,0,0.1072,3,6,FALSE,FALSE,FALSE
"GENE1944","GENE1944_HUMAN","P28970","Protein GENE1944",0.6701,1,0.518699,0,0.2851,2,3,FALSE,FALSE,FALSE
"GENE2354","GENE2354_HUMAN","P64281","Protein GENE2354",0.4442,0.22322,0.090891,0.8102,1.0415,6,2,FALSE,FALSE,FALSE
"GENE0129","GENE0129_HUMAN","P74405","Protein GENE0129",-1.5511,0.00266,0.001165,2.7319,2.9336,2,6,FALSE,FALSE,TRUE
"GENE1045","GENE1045_HUMAN","P82796","Protein GENE1045",0.5478,0.806249,0.522977,0,0.2815,2,5,FALSE,FALSE,FALSE
"GENE1628","GENE1628_HUMAN","P70938","Protein GENE1628",0.0146,0.769271,0.177735,0.3606,0.7502,2,4,FALSE,TRUE,FALSE
"GENE1622","GENE1622_HUMAN","P80248","Protein GENE1622",-0.1017,1,0.604651,0,0.2185,6,3,FALSE,FALSE,FALSE
"GENE0926","GENE0926_HUMAN","P54204","Protein GENE0926",-0.3696,1,0.577629,0,0.2384,2,6,FALSE,FALSE,FALSE
"GENE2255","GENE2255_HUMAN","P39658","Protein GENE2255",-0.1362,1,0.765026,0,0.1163,3,6,FALSE,FALSE,FALSE
"GENE0942","GENE0942_HUMAN","P45814","Protein GENE0942",0.2637,1,0.3044,0.1332,0.5166,4,5,FALSE,FALSE,FALSE
"GENE1054","GENE1054_HUMAN","P81857","Protein GENE1054",0.2208,1,0.721751,0,0.1416,3,4,FALSE,FALSE,FALSE
"UFSP2","UFSP2_HUMAN","P59577","Protein UFSP2",-0.3024,1,0.716472,0,0.1448,6,5,FALSE,FALSE,FALSE
"GENE1021","GENE1021_HUMAN","P04626","Protein GENE1021",-0.6542,1,0.818731,0,0.0869,6,6,FALSE,TRUE,FALSE
"DDX17","DDX17_HUMAN","P40048","Protein DDX17",3.0146,0.082335,0.025482,1.211,1.5938,2,4,FALSE,FALSE,TRUE
"GENE1472","GENE1472_HUMAN","P17613","Protein GENE1472",0.1257,1,0.829724,0,0.0811,4,4,FALSE,TRUE,FALSE
"GENE0722","GENE0722_HUMAN","P82286","Protein GENE0722",0.606,1,0.781262,0,0.1072,3,2,TRUE,FALSE,FALSE
"GENE2089","GENE2089_HUMAN","P80055","Protein GENE2089",0.8214,1,0.864393,0,0.0633,5,2,FALSE,FALSE,FALSE
"GENE2785","GENE2785_HUMAN","P61923","Protein GENE2785",-0.2215,1,0.850588,0,0.0703,5,3,FALSE,FALSE,FALSE
"GENE2008","GENE2008_HUMAN","P25240","Protein GENE2008",0.2472,1,0.375946,0.1081,0.4249,5,5,FALSE,FALSE,FALSE
"GENE2016","GENE2016_HUMAN","P59984","Protein GENE2016",0.2631,1,0.995119,0,0.0021,5,6,FALSE,FALSE,FALSE
"GENE0180","GENE0180_HUMAN","P05794","Protein GENE0180",-0.5594,0.9977,0.861586,0,0.0647,2,6,FALSE,FALSE,FALSE
"GENE1148","GENE1148_HUMAN","P90641","Protein GENE1148",-0.1723,1,0.723475,0,0.1406,2,3,FALSE,FALSE,FALSE
"GENE2056","GENE2056_HUMAN","P83163","Protein GENE2056",-0.3524,0.356894,0.171028,0.193,0.7669,5,5,FALSE,FALSE,FALSE
"GENE0466","GENE0466_HUMAN","P64318","Protein GENE0466",0.7818,1,0.661261,0,0.1796,4,5,FALSE,FALSE,FALSE
"GENE2209","GENE2209_HUMAN","P07907","Protein GENE2209",-0.0112,0.272123,0.134615,0.4794,0.8709,3,2,FALSE,FALSE,FALSE
"GENE0045","GENE0045_HUMAN","P03182","Protein GENE0045",1.1954,1,0.367489,0,0.4348,3,6,FALSE,TRUE,FALSE
"GENE1548","GENE1548_HUMAN","P34626","Protein GENE1548",-0.669,1,0.77454,0,0.111,5,4,FALSE,FALSE,FALSE
"GENE0887","GENE0887_HUMAN","P74603","Protein GENE0887",-0.4552,1,0.919556,0,0.0364,3,6,FALSE,FALSE,FALSE
"GENE2803","GENE2803_HUMAN","P11729","Protein GENE2803",-0.3496,0.461902,0.12869,0.3971,0.8905,3,2,FALSE,FALSE,FALSE
"GENE0290","GENE0290_HUMAN","P80800","Protein GENE0290",-0.3714,1,0.958279,0,0.0185,6,6,FALSE,FALSE,FALSE
"GENE0757","GENE0757_HUMAN","P64101","Protein GENE0757",0.3982,1,0.794407,0,0.1,5,4,TRUE,FALSE,FALSE
"GENE2767","GENE2767_HUMAN","P92676","Protein GENE2767",0.0847,0.57164,0.117999,0.4933,0.9281,4,6,FALSE,TRUE,FALSE
"GENE1690","GENE1690_HUMAN","P65967","Protein GENE1690",-0.4721,1,0.382369,0.3585,0.4175,2,5,FALSE,FALSE,FALSE
"GENE0586","GENE0586_HUMAN","P62651","Protein GENE0586",-0.2331,0.629678,0.383906,0,0.4158,4,6,FALSE,FALSE,FALSE
"GENE2536","GENE2536_HUMAN","P48795","Protein GENE2536",-0.4604,1,0.431908,0,0.3646,3,5,FALSE,FALSE,FALSE
"GENE1019","GENE1019_HUMAN","P32056","Protein GENE1019",-0.1731,1,0.985309,0,0.0064,4,3,FALSE,FALSE,FALSE
"GENE0863","GENE0863_HUMAN","P15907","Protein GENE0863",-0.3757,0.586222,0.205553,0.0679,0.6871,6,4,FALSE,FALSE,FALSE
"GENE0448","GENE0448_HUMAN","P15484","Protein GENE0448",-0.6035,0.586708,0.1554,0.4031,0.8085,2,4,FALSE,FALSE,FALSE
"GENE1246","GENE1246_HUMAN","P23777","Protein GENE1246",0.4711,1,0.660363,0,0.1802,6,2,FALSE,FALSE,FALSE
"GENE2664","GENE2664_HUMAN","P91942","Protein GENE2664",0.217,0.137135,0.120515,0.6127,0.919,3,3,FALSE,FALSE,FALSE
"GENE2093","GENE2093_HUMAN","P61916","Protein GENE2093",0.7567,0.182885,0.077974,0.797,1.108,6,3,FALSE,FALSE,FALSE
"GENE1677","GENE1677_HUMAN","P73126","Protein GENE1677",-0.358,0.29938,0.112832,0.8291,0.9476,3,6,FALSE,FALSE,FALSE
"GENE2693","GENE2693_HUMAN","P43180","Protein GENE2693",-0.9597,0.206819,0.046734,0.8859,1.3304,6,4,FALSE,FALSE,TRUE
"GENE0327","GENE0327_HUMAN","P40921","Protein GENE0327",0.1035,1,0.968595,0,0.0139,3,4,TRUE,FALSE,FALSE
"GENE2172","GENE2172_HUMAN","P16270","Protein GENE2172",0.0733,1,0.600657,0,0.2214,5,3,FALSE,FALSE,FALSE
"GENE1771","GENE1771_HUMAN","P55038","Protein GENE1771",-0.3286,1,0.646418,0.0064,0.1895,5,6,FALSE,FALSE,FALSE
"GENE2562","GENE2562_HUMAN","P70528","Protein GENE2562",-0.4401,0.646751,0.45489,0,0.3421,6,3,FALSE,FALSE,FALSE
"GENE1774","GENE1774_HUMAN","P39484","Protein GENE1774",-0.0346,1,0.877359,0,0.0568,4,5,FALSE,FALSE,FALSE
"GENE1262","GENE1262_HUMAN","P08241","Protein GENE1262",-0.3789,1,0.982868,0,0.0075,6,3,FALSE,FALSE,FALSE
"GENE2786","GENE2786_HUMAN","P57114","Protein GENE2786",0.5581,1,0.788329,0,0.1033,6,5,FALSE,FALSE,FALSE
"GENE0330","GENE0330_HUMAN","P62608","Protein GENE0330",-0.5676,0.387011,0.1902,0.4537,0.7208,6,5,FALSE,FALSE,FALSE
"GENE2812","GENE2812_HUMAN","P03449","Protein GENE2812",-0.258,0.450164,0.155815,0.4025,0.8074,6,3,TRUE,FALSE,FALSE
"GENE2355","GENE2355_HUMAN","P14165","Protein GENE2355",-0.3177,0.995518,0.551103,0,0.2588,6,6,FALSE,FALSE,FALSE
"GENE0745","GENE0745_HUMAN","P26729","Protein GENE0745",0.0151,1,0.78873,0,0.1031,2,6,FALSE,FALSE,FALSE
"GENE1316","GENE1316_HUMAN","P14762","Protein GENE1316",0.3004,0.192777,0.070914,0.6764,1.1493,2,2,FALSE,FALSE,FALSE
"GENE0395","GENE0395_HUMAN","P04029","Protein GENE0395",-0.4487,0.749832,0.155154,0.2198,0.8092,3,4,FALSE,FALSE,FALSE
"GENE1929","GENE1929_HUMAN","P60075","Protein GENE1929",0.3223,0.928988,0.392275,0.1246,0.4064,2,4,FALSE,FALSE,FALSE
"GENE1484","GENE1484_HUMAN","P00054","Protein GENE1484",0.0174,1,0.705133,0,0.1517,3,4,FALSE,TRUE,FALSE
"GENE0157","GENE0157_HUMAN","P52271","Protein GENE0157",0.5577,1,0.524798,0,0.28,6,4,FALSE,FALSE,FALSE
"GENE0204","GENE0204_HUMAN","P54744","Protein GENE0204",0.3195,1,0.711737,0,0.1477,6,6,FALSE,TRUE,FALSE
"GENE0641","GENE0641_HUMAN","P97473","Protein GENE0641",0.3703,1,0.869678,0,0.0606,2,6,FALSE,FALSE,FALSE
"GENE0799","GENE0799_HUMAN","P29869","Protein GENE0799",-0.6295,1,0.234317,0.6096,0.6302,6,4,FALSE,FALSE,FALSE
"GENE0773","GENE0773_HUMAN","P14170","Protein GENE0773",-0.2012,0.557943,0.318842,0.3626,0.4964,3,6,FALSE,FALSE,FALSE
"GENE1794","GENE1794_HUMAN","P33006","Protein GENE1794",-2.129,0.073497,0.015678,1.5585,1.8047,6,6,FALSE,FALSE,TRUE
"GENE2716","GENE2716_HUMAN","P37750","Protein GENE2716",0.0597,1,0.608619,0,0.2157,5,2,FALSE,FALSE,FALSE
"GENE2631","GENE2631_HUMAN","P71577","Protein GENE2631",0.0563,1,0.41714,0.377,0.3797,5,4,FALSE,FALSE,FALSE
"GENE1909","GENE1909_HUMAN","P32389","Protein GENE1909",-0.0052,1,0.614962,0,0.2112,5,6,TRUE,FALSE,FALSE
"GENE1333","GENE1333_HUMAN","P94423","Protein GENE1333",-0.2514,0.157966,0.06094,0.7475,1.2151,3,6,FALSE,FALSE,FALSE
"GENE1851","GENE1851_HUMAN","P75648","Protein GENE1851",0.5978,1,0.660196,0,0.1803,5,3,FALSE,FALSE,FALSE
"GENE0928","GENE0928_HUMAN","P55488","Protein GENE0928",-0.2804,1,0.624779,0,0.2043,4,2,FALSE,FALSE,FALSE
"GENE0862","GENE0862_HUMAN","P40868","Protein GENE0862",-0.1246,1,0.598865,0,0.2227,2,3,TRUE,FALSE,FALSE
"GENE2893","GENE2893_HUMAN","P91717","Protein GENE2893",0.1084,1,0.269698,0,0.5691,5,2,FALSE,FALSE,FALSE
"GENE0278","GENE0278_HUMAN","P14393","Protein GENE0278",0.416,0.234718,0.067047,1.0667,1.1736,5,4,FALSE,FALSE,FALSE
"GENE0361","GENE0361_HUMAN","P26733","Protein GENE0361",0.0014,1,0.41134,0,0.3858,5,6,FALSE,FALSE,FALSE
"GENE0431","GENE0431_HUMAN","P33744","Protein GENE0431",0.3322,0.95918,0.417329,0,0.3795,6,2,FALSE,TRUE,FALSE
"GENE0498","GENE0498_HUMAN","P06748","Protein GENE0498",0.045,1,0.750739,0,0.1245,2,5,FALSE,FALSE,FALSE
"GENE0717","GENE0717_HUMAN","P81900","Protein GENE0717",0.1178,0.648083,0.475234,0,0.3231,5,4,FALSE,FALSE,FALSE
"GENE2286","GENE2286_HUMAN","P88483","Protein GENE2286",-0.8765,0.520144,0.241667,0.1408,0.6168,4,5,FALSE,FALSE,FALSE
"GENE0555","GENE0555_HUMAN","P05985","Protein GENE0555",0.0359,1,0.947036,0,0.0236,6,6,TRUE,FALSE,FALSE
"GENE2188","GENE2188_HUMAN","P77446","Protein GENE2188",0.2128,0.359093,0.300523,0,0.5221,2,2,TRUE,FALSE,FALSE
"GENE1617","GENE1617_HUMAN","P56409","Protein GENE1617",0.4324,0.392802,0.081823,0.4279,1.0871,2,2,FALSE,FALSE,FALSE
"GENE2638","GENE2638_HUMAN","P32556","Protein GENE2638",-0.0332,0.57428,0.117628,0.4917,0.9295,5,2,FALSE,FALSE,FALSE
"GENE1539","GENE1539_HUMAN","P20036","Protein GENE1539",0.164,0.927821,0.250193,0.3738,0.6017,4,6,FALSE,FALSE,FALSE
"GENE1797","GENE1797_HUMAN","P64310","Protein GENE1797",-0.0583,1,0.529447,0,0.2762,4,6,FALSE,TRUE,FALSE
"GENE0307","GENE0307_HUMAN","P23367","Protein GENE0307",-0.2802,1,0.560811,0,0.2512,2,2,FALSE,FALSE,FALSE
"GENE2427","GENE2427_HUMAN","P42177","Protein GENE2427",0.0843,1,0.96679,0,0.0147,4,2,TRUE,FALSE,FALSE
"GENE0264","GENE0264_HUMAN","P16434","Protein GENE0264",0.2539,1,0.983865,0,0.0071,2,3,FALSE,FALSE,FALSE
"GENE2171","GENE2171_HUMAN","P14813","Protein GENE2171",-0.5373,1,0.876493,0,0.0573,6,3,FALSE,FALSE,FALSE
"GENE2080","GENE2080_HUMAN","P85013","Protein GENE2080",-0.2179,1,0.42492,0,0.3717,4,5,FALSE,FALSE,FALSE
"GENE0714","GENE0714_HUMAN","P07732","Protein GENE0714",-0.4597,0.557328,0.364085,0.091,0.4388,6,4,FALSE,TRUE,FALSE
"GENE2277","GENE2277_HUMAN","P37036","Protein GENE2277",0.0753,1,0.475077,0,0.3232,4,4,FALSE,FALSE,FALSE
"GENE1777","GENE1777_HUMAN","P26385","Protein GENE1777",-0.4084,1,0.931701,0,0.0307,3,2,FALSE,FALSE,FALSE
"GENE1886","GENE1886_HUMAN","P48130","Protein GENE1886",-0.1872,1,0.904523,0,0.0436,2,6,FALSE,TRUE,FALSE
"GENE0630","GENE0630_HUMAN","P05124","Protein GENE0630",0.2066,1,0.689559,0,0.1614,5,3,FALSE,FALSE,FALSE
"GENE0152","GENE0152_HUMAN","P36555","Protein GENE0152",-0.3103,0.59925,0.182343,0.2923,0.7391,4,4,FALSE,FALSE,FALSE
"GENE1738","GENE1738_HUMAN","P28267","Protein GENE1738",-0.2557,0.991723,0.361349,0,0.4421,3,4,TRUE,FALSE,FALSE
"GENE2700","GENE2700_HUMAN","P23480","Protein GENE2700",-0.0157,0.462453,0.136552,0.4478,0.8647,6,2,FALSE,FALSE,FALSE
"GENE0017","GENE0017_HUMAN","P07353","Protein GENE0017",3.0752,0.124952,0.025869,0.945,1.5872,5,5,FALSE,TRUE,TRUE
"GENE0019","GENE0019_HUMAN","P20477","Protein GENE0019",-0.2997,1,0.294247,0.3547,0.5313,3,5,FALSE,TRUE,FALSE
"GENE1438","GENE1438_HUMAN","P27465","Protein GENE1438",-0.5914,0.825217,0.235767,0.1674,0.6275,5,5,FALSE,FALSE,FALSE
"GENE0596","GENE0596_HUMAN","P94517","Protein GENE0596",-0.0295,1,0.704031,0,0.1524,5,5,FALSE,FALSE,FALSE
"GENE2239","GENE2239_HUMAN","P62546","Protein GENE2239",0.2424,1,0.9844,0,0.0068,4,5,TRUE,FALSE,FALSE
"GENE2015","GENE2015_HUMAN","P09560","Protein GENE2015",0.3326,1,0.404416,0,0.3932,5,6,FALSE,FALSE,FALSE
"GENE0897","GENE0897_HUMAN","P71207","Protein GENE0897",-0.0385,1,0.597522,0,0.2236,3,3,FALSE,FALSE,FALSE
"GENE1661","GENE1661_HUMAN","P05070","Protein GENE1661",3.2169,0.036563,0.03521,0.8334,1.4533,6,4,FALSE,FALSE,TRUE
"GENE1423","GENE1423_HUMAN","P85437","Protein GENE1423",-0.2493,1,0.582663,0,0.2346,5,3,FALSE,FALSE,FALSE
"GENE0320","GENE0320_HUMAN","P15666","Protein GENE0320",-0.2615,0.128331,0.083286,0.5537,1.0794,5,4,FALSE,FALSE,FALSE
"GENE0597","GENE0597_HUMAN","P85842","Protein GENE0597",-0.041,1,0.796426,0,0.0989,2,5,FALSE,FALSE,FALSE
"GENE2563","GENE2563_HUMAN","P71126","Protein GENE2563",0.0372,1,0.541736,0.2636,0.2662,2,5,FALSE,TRUE,FALSE
"GENE2244","GENE2244_HUMAN","P28204","Protein GENE2244",0.0785,1,0.549821,0,0.2598,5,4,TRUE,FALSE,FALSE
"GENE1401","GENE1401_HUMAN","P79637","Protein GENE1401",-0.3701,0.861776,0.17614,0.1715,0.7541,5,5,FALSE,FALSE,FALSE
"GENE0689","GENE0689_HUMAN","P28630","Protein GENE0689",0.0298,1,0.376885,0,0.4238,2,5,FALSE,FALSE,FALSE
"GENE2844","GENE2844_HUMAN","P85946","Protein GENE2844",0.3545,1,0.334755,0,0.4753,5,3,FALSE,FALSE,FALSE
"GENE1702","GENE1702_HUMAN","P68010","Protein GENE1702",1.1568,0.496111,0.15312,0.4491,0.815,3,6,FALSE,TRUE,FALSE
"GENE1906","GENE1906_HUMAN","P87463","Protein GENE1906",0.1312,0.140738,0.087689,0.4264,1.0571,6,6,FALSE,FALSE,FALSE
"GENE0105","GENE0105_HUMAN","P28202","Protein GENE0105",-0.3653,0.552584,0.36627,0,0.4362,6,3,FALSE,TRUE,FALSE
"GENE2515","GENE2515_HUMAN","P91439","Protein GENE2515",-0.2789,1,0.736383,0,0.1329,4,2,FALSE,FALSE,FALSE
"GENE0567","GENE0567_HUMAN","P27065","Protein GENE0567",-0.2851,0.166637,0.106309,0.3151,0.9734,4,4,FALSE,FALSE,FALSE
"GENE0501","GENE0501_HUMAN","P27261","Protein GENE0501",-0.072,1,0.350302,0.2202,0.4556,5,5,TRUE,TRUE,FALSE
"GENE0478","GENE0478_HUMAN","P29139","Protein GENE0478",0.3436,0.960055,0.2109,0.4007,0.6759,6,5,FALSE,TRUE,FALSE
"GENE0300","GENE0300_HUMAN","P29824","Protein GENE0300",0.7857,0.114549,0.079174,0.7225,1.1014,6,6,FALSE,FALSE,FALSE
"GENE0703","GENE0703_HUMAN","P73555","Protein GENE0703",-0.974,1,0.585053,0,0.2328,5,6,FALSE,FALSE,FALSE
"GENE0638","GENE0638_HUMAN","P10000","Protein GENE0638",0.3135,1,0.9091,0,0.0414,6,6,FALSE,FALSE,FALSE
"GENE1306","GENE1306_HUMAN","P33788","Protein GENE1306",0.2438,1,0.742458,0.0206,0.1293,6,2,FALSE,FALSE,FALSE
"GENE1407","GENE1407_HUMAN","P11675","Protein GENE1407",-0.4285,1,0.315235,0,0.5014,4,4,FALSE,FALSE,FALSE
"GENE1166","GENE1166_HUMAN","P38917","Protein GENE1166",-0.1655,1,0.506465,0,0.2955,3,2,FALSE,FALSE,FALSE
"GENE1849","GENE1849_HUMAN","P19720","Protein GENE1849",-0.0484,0.113267,0.097321,0.5274,1.0118,3,3,FALSE,TRUE,FALSE
"GENE0135","GENE0135_HUMAN","P14367","Protein GENE0135",2.0854,0.097315,0.036649,1.2586,1.4359,2,2,FALSE,FALSE,TRUE
"GENE0253","GENE0253_HUMAN","P01206","Protein GENE0253",-0.6209,0.138924,0.038344,1.0114,1.4163,5,4,FALSE,TRUE,TRUE
"GENE0796","GENE0796_HUMAN","P14437","Protein GENE0796",-0.1314,1,0.998445,0,7e-04,6,3,FALSE,FALSE,FALSE
"GENE0455","GENE0455_HUMAN","P59929","Protein GENE0455",-0.3652,1,0.986351,0,0.006,6,6,FALSE,FALSE,FALSE
"GENE1332","GENE1332_HUMAN","P39894","Protein GENE1332",0.1124,1,0.827207,0,0.0824,5,6,FALSE,FALSE,FALSE
"GENE2790","GENE2790_HUMAN","P39471","Protein GENE2790",3.1756,0.009868,0.004095,1.7945,2.3878,3,2,FALSE,FALSE,TRUE
"GENE2851","GENE2851_HUMAN","P37936","Protein GENE2851",3.4165,0.083934,0.036721,0.9519,1.4351,4,6,FALSE,FALSE,TRUE
"GENE1325","GENE1325_HUMAN","P30596","Protein GENE1325",-0.1209,1,0.354607,0,0.4503,5,3,FALSE,FALSE,FALSE
"GENE1988","GENE1988_HUMAN","P61228","Protein GENE1988",0.2222,1,0.472682,0.0317,0.3254,5,2,TRUE,FALSE,FALSE
"GENE0138","GENE0138_HUMAN","P64673","Protein GENE0138",4.4703,0.188447,0.044893,0.9919,1.3478,5,2,FALSE,FALSE,TRUE
"GENE0837","GENE0837_HUMAN","P88673","Protein GENE0837",-0.0529,1,0.700764,0,0.1544,4,3,FALSE,FALSE,FALSE
"GENE1327","GENE1327_HUMAN","P82586","Protein GENE1327",0.6074,1,0.628895,0,0.2014,5,6,FALSE,FALSE,FALSE
"GENE0481","GENE0481_HUMAN","P30492","Protein GENE0481",2.5198,0.190395,0.046675,0.8187,1.3309,2,3,FALSE,FALSE,TRUE
"GENE2042","GENE2042_HUMAN","P66229","Protein GENE2042",0.7524,1,0.569755,0,0.2443,6,2,FALSE,FALSE,FALSE
"GENE1204","GENE1204_HUMAN","P39064","Protein GENE1204",-0.2861,0.439418,0.326913,0,0.4856,3,2,FALSE,FALSE,FALSE
"GENE0710","GENE0710_HUMAN","P77154","Protein GENE0710",-0.1467,1,0.959345,0,0.018,3,3,FALSE,FALSE,FALSE
"GENE0715","GENE0715_HUMAN","P60327","Protein GENE0715",-0.3052,1,0.851123,0,0.07,6,2,FALSE,FALSE,FALSE
"GENE2765","GENE2765_HUMAN","P12039","Protein GENE2765",0.2799,0.950547,0.651337,0,0.1862,3,5,FALSE,FALSE,FALSE
"GENE2334","GENE2334_HUMAN","P40751","Protein GENE2334",-0.4633,1,0.511737,0,0.291,6,6,FALSE,FALSE,FALSE
"GENE2164","GENE2164_HUMAN","P61176","Protein GENE2164",-0.3078,0.654885,0.346356,0,0.4605,4,6,FALSE,FALSE,FALSE
"GENE1159","GENE1159_HUMAN","P54858","Protein GENE1159",0.3939,1,0.85513,0,0.068,5,2,FALSE,FALSE,FALSE
"GENE1126","GENE1126_HUMAN","P09418","Protein GENE1126",-0.1297,1,0.673303,0,0.1718,2,6,FALSE,FALSE,FALSE
"GENE1752","GENE1752_HUMAN","P04241","Protein GENE1752",-0.5208,1,0.487067,0,0.3124,4,6,FALSE,TRUE,FALSE
"GENE2351","GENE2351_HUMAN","P77186","Protein GENE2351",-0.1792,1,0.926479,0,0.0332,5,5,FALSE,FALSE,FALSE
"GENE2053","GENE2053_HUMAN","P12558","Protein GENE2053",-0.2103,0.64682,0.371326,0.1767,0.4302,3,3,TRUE,FALSE,FALSE
"GENE2217","GENE2217_HUMAN","P95640","Protein GENE2217",0.4259,1,0.560299,0.1079,0.2516,2,4,TRUE,FALSE,FALSE
"GENE0049","GENE0049_HUMAN","P64342","Protein GENE0049",1.0445,0.071243,0.027928,0.927,1.554,6,5,FALSE,FALSE,TRUE
"PKN1","PKN1_HUMAN","P64235","Protein PKN1",4.0279,0.064232,0.020225,1.1172,1.6941,5,3,FALSE,FALSE,TRUE
"GENE2455","GENE2455_HUMAN","P11089","Protein GENE2455",-0.8221,0.809122,0.230598,0.4107,0.6371,5,2,FALSE,FALSE,FALSE
"GENE2126","GENE2126_HUMAN","P65899","Protein GENE2126",-0.3531,1,0.512419,0.1172,0.2904,2,4,FALSE,FALSE,FALSE
"GENE2728","GENE2728_HUMAN","P15293","Protein GENE2728",-0.3872,0.469184,0.114297,0.2758,0.942,5,5,FALSE,FALSE,FALSE
"GENE0086","GENE0086_HUMAN","P70456","Protein GENE0086",0.1751,0.65715,0.169553,0.2139,0.7707,4,3,FALSE,FALSE,FALSE
"GENE0285","GENE0285_HUMAN","P73164","Protein GENE0285",0.5459,1,0.774735,0,0.1108,5,4,FALSE,FALSE,FALSE
"GENE0486","GENE0486_HUMAN","P16079","Protein GENE0486",-0.4385,1,0.502589,0,0.2988,2,3,FALSE,FALSE,FALSE
"MED23","MED23_HUMAN","P71562","Protein MED23",-0.2592,0.989595,0.204403,0.0921,0.6895,4,6,FALSE,FALSE,FALSE
"GENE1156","GENE1156_HUMAN","P57329","Protein GENE1156",0.4263,0.627022,0.162688,0.3996,0.7886,3,2,FALSE,FALSE,FALSE
"GENE0914","GENE0914_HUMAN","P93737","Protein GENE0914",-0.8495,1,0.921878,0,0.0353,4,3,FALSE,FALSE,FALSE
"GENE0801","GENE0801_HUMAN","P74692","Protein GENE0801",0.5706,1,0.709168,0.0747,0.1493,5,4,FALSE,FALSE,FALSE
"GENE2636","GENE2636_HUMAN","P61739","Protein GENE2636",0.1697,0.900136,0.844275,0,0.0735,3,4,FALSE,FALSE,FALSE
"GENE0674","GENE0674_HUMAN","P50219","Protein GENE0674",-0.7718,0.821682,0.692996,0,0.1593,4,2,FALSE,FALSE,FALSE
"GENE2632","GENE2632_HUMAN","P49308","Protein GENE2632",-0.2144,1,0.914024,0,0.039,2,3,FALSE,FALSE,FALSE
"GENE1631","GENE1631_HUMAN","P28027","Protein GENE1631",-0.066,1,0.477985,0.2069,0.3206,3,6,FALSE,FALSE,FALSE
"GENE1459","GENE1459_HUMAN","P67764","Protein GENE1459",-0.1014,1,0.602061,0,0.2204,4,2,FALSE,FALSE,FALSE
"GENE0736","GENE0736_HUMAN","P20342","Protein GENE0736",-3.5399,0.122777,0.030481,1.0597,1.516,2,5,FALSE,FALSE,TRUE
"GENE1686","GENE1686_HUMAN","P88121","Protein GENE1686",-0.0923,0.390054,0.104288,0.5068,0.9818,4,6,FALSE,FALSE,FALSE
"GENE0800","GENE0800_HUMAN","P96353","Protein GENE0800",0.7038,1,0.527285,0,0.278,3,3,FALSE,FALSE,FALSE
"GENE0864","GENE0864_HUMAN","P01446","Protein GENE0864",-0.491,0.270929,0.154369,0.5959,0.8114,4,3,FALSE,FALSE,FALSE
"GENE2718","GENE2718_HUMAN","P72142","Protein GENE2718",-0.0054,0.232908,0.129717,0.416,0.887,2,4,FALSE,FALSE,FALSE
"GENE0492","GENE0492_HUMAN","P40349","Protein GENE0492",0.1574,0.346983,0.176706,0.0675,0.7527,4,6,FALSE,FALSE,FALSE
"GENE2183","GENE2183_HUMAN","P80705","Protein GENE2183",2.7586,0.011192,0.007815,1.8561,2.1071,5,6,FALSE,TRUE,TRUE
"GENE1878","GENE1878_HUMAN","P27474","Protein GENE1878",0.0797,1,0.656895,0,0.1825,5,3,FALSE,TRUE,FALSE
"GENE0825","GENE0825_HUMAN","P85083","Protein GENE0825",-0.185,0.713508,0.145819,0.5005,0.8362,6,5,FALSE,FALSE,FALSE
"GENE2293","GENE2293_HUMAN","P87796","Protein GENE2293",0.1715,0.787932,0.299384,0,0.5238,2,5,FALSE,FALSE,FALSE
"GENE0495","GENE0495_HUMAN","P99058","Protein GENE0495",0.0737,1,0.432222,0,0.3643,2,3,FALSE,FALSE,FALSE
"GENE0572","GENE0572_HUMAN","P38367","Protein GENE0572",-0.2268,0.711829,0.321761,0.186,0.4925,5,2,FALSE,FALSE,FALSE
"GENE0257","GENE0257_HUMAN","P60489","Protein GENE0257",0.5197,1,0.480245,0,0.3185,3,2,FALSE,FALSE,FALSE
"GENE0298","GENE0298_HUMAN","P32161","Protein GENE0298",0.4259,1,0.365665,0,0.4369,4,3,FALSE,FALSE,FALSE
"GENE1809","GENE1809_HUMAN","P89594","Protein GENE1809",-0.0312,0.791273,0.25635,0.3382,0.5912,6,5,FALSE,FALSE,FALSE
"GENE1531","GENE1531_HUMAN","P85724","Protein GENE1531",0.441,0.238132,0.134977,0.2798,0.8697,6,5,FALSE,FALSE,FALSE
"GENE2727","GENE2727_HUMAN","P20459","Protein GENE2727",0.0721,1,0.578304,0,0.2378,4,2,FALSE,FALSE,FALSE
"GENE2344","GENE2344_HUMAN","P10287","Protein GENE2344",0.0899,1,0.334006,0.4159,0.4762,3,5,FALSE,FALSE,FALSE
"GENE2212","GENE2212_HUMAN","P67903","Protein GENE2212",0.3168,0.17835,0.061782,0.8068,1.2091,4,6,FALSE,FALSE,FALSE
"GENE0595","GENE0595_HUMAN","P69404","Protein GENE0595",-0.3033,1,0.497091,0,0.3036,4,2,FALSE,FALSE,FALSE
"DDX21","DDX21_HUMAN","P14947","Protein DDX21",0.2383,1,0.654194,0,0.1843,4,6,FALSE,FALSE,FALSE
"GENE2246","GENE2246_HUMAN","P26344","Protein GENE2246",0.0679,0.217926,0.172166,0.1601,0.7641,6,4,FALSE,FALSE,FALSE
"GENE1840","GENE1840_HUMAN","P93260","Protein GENE1840",0.7835,1,0.778548,0,0.1087,2,3,FALSE,TRUE,FALSE
"GENE0093","GENE0093_HUMAN","P22583","Protein GENE0093",-0.3911,1,0.475867,0.1075,0.3225,6,5,FALSE,TRUE,FALSE
"GENE1887","GENE1887_HUMAN","P33184","Protein GENE1887",-0.9068,0.669142,0.269646,0.0047,0.5692,3,6,FALSE,FALSE,FALSE
"GENE1608","GENE1608_HUMAN","P59455","Protein GENE1608",0.2444,0.727394,0.346066,0,0.4608,4,2,FALSE,FALSE,FALSE
"GENE0340","GENE0340_HUMAN","P66536","Protein GENE0340",-0.4245,1,0.999042,0,4e-04,2,3,FALSE,FALSE,FALSE
"GENE0442","GENE0442_HUMAN","P63342","Protein GENE0442",0.0163,0.90663,0.584191,0,0.2334,2,3,FALSE,TRUE,FALSE
"GENE0130","GENE0130_HUMAN","P56180","Protein GENE0130",-0.2473,1,0.659604,0,0.1807,2,5,FALSE,FALSE,FALSE
"GENE1619","GENE1619_HUMAN","P87759","Protein GENE1619",-0.1147,1,0.909085,0,0.0414,3,6,FALSE,TRUE,FALSE
"GENE2565","GENE2565_HUMAN","P01575","Protein GENE2565",0.7474,0.711215,0.216844,0.6217,0.6639,3,4,FALSE,FALSE,FALSE
"GENE1514","GENE1514_HUMAN","P58483","Protein GENE1514",-0.2632,1,0.651067,0,0.1864,6,4,FALSE,FALSE,FALSE
"GENE2748","GENE2748_HUMAN","P11769","Protein GENE2748",-0.6034,0.478434,0.16573,0.2056,0.7806,4,5,FALSE,FALSE,FALSE
"GENE2770","GENE2770_HUMAN","P77915","Protein GENE2770",0.7651,0.507147,0.43657,0,0.3599,5,2,FALSE,FALSE,FALSE
"DHX15","DHX15_HUMAN","P23361","Protein DHX15",-0.0596,0.969527,0.202647,0.15,0.6933,4,3,FALSE,FALSE,FALSE
"GENE2668","GENE2668_HUMAN","P09095","Protein GENE2668",0.3636,1,0.480733,0,0.3181,2,4,FALSE,TRUE,FALSE
"GENE2890","GENE2890_HUMAN","P90803","Protein GENE2890",-0.5608,1,0.608551,0,0.2157,3,5,FALSE,FALSE,FALSE
"NEK1","NEK1_HUMAN","P99834","Protein NEK1",1.8203,0.092312,0.021573,1.098,1.6661,6,4,FALSE,FALSE,TRUE
"GENE0055","GENE0055_HUMAN","P72566","Protein GENE0055",0.5756,0.786746,0.168077,0.3243,0.7745,4,6,FALSE,FALSE,FALSE
"GENE2393","GENE2393_HUMAN","P91074","Protein GENE2393",-0.7043,0.168351,0.144815,0.3838,0.8392,3,5,FALSE,FALSE,FALSE
"GENE2304","GENE2304_HUMAN","P48230","Protein GENE2304",0.3137,1,0.236656,0.0363,0.6259,4,2,FALSE,FALSE,FALSE
"GENE1343","GENE1343_HUMAN","P63381","Protein GENE1343",-0.0313,1,0.507491,0,0.2946,6,4,FALSE,TRUE,FALSE
"GENE1455","GENE1455_HUMAN","P63724","Protein GENE1455",0.4095,1,0.721419,0,0.1418,5,5,TRUE,FALSE,FALSE
"GENE0124","GENE0124_HUMAN","P18363","Protein GENE0124",-0.4449,1,0.969105,0,0.0136,3,2,FALSE,FALSE,FALSE
"GENE2449","GENE2449_HUMAN","P92934","Protein GENE2449",0.549,0.351295,0.082785,0.7857,1.082,4,4,FALSE,FALSE,FALSE
"GENE1638","GENE1638_HUMAN","P77252","Protein GENE1638",0.054,1,0.777091,0,0.1095,4,6,TRUE,FALSE,FALSE
"GENE0371","GENE0371_HUMAN","P94119","Protein GENE0371",-0.3657,0.898524,0.300052,0,0.5228,2,2,FALSE,FALSE,FALSE
"GENE0083","GENE0083_HUMAN","P20300","Protein GENE0083",-0.5932,0.485879,0.183164,0.0933,0.7372,6,6,FALSE,TRUE,FALSE
"GENE0193","GENE0193_HUMAN","P45744","Protein GENE0193",-0.1317,1,0.513373,0,0.2896,3,4,FALSE,TRUE,FALSE
"GENE0551","GENE0551_HUMAN","P32392","Protein GENE0551",0.6724,1,0.327939,0.0721,0.4842,6,2,FALSE,FALSE,FALSE
"GENE2290","GENE2290_HUMAN","P27147","Protein GENE2290",0.2828,1,0.853198,0,0.069,2,3,FALSE,FALSE,FALSE
"GENE0995","GENE0995_HUMAN","P18820","Protein GENE0995",0.1393,1,0.940929,0,0.0264,3,5,FALSE,FALSE,FALSE
"GENE1124","GENE1124_HUMAN","P23924","Protein GENE1124",0.8383,0.700111,0.288952,0.0904,0.5392,5,5,FALSE,FALSE,FALSE
"GENE2502","GENE2502_HUMAN","P00827","Protein GENE2502",-0.6298,0.548679,0.217766,0.3106,0.662,5,5,FALSE,FALSE,FALSE
"GENE0679","GENE0679_HUMAN","P30218","Protein GENE0679",0.0335,1,0.889683,0,0.0508,4,3,FALSE,FALSE,FALSE
"GENE0275","GENE0275_HUMAN","P73088","Protein GENE0275",-0.1949,1,0.290881,0,0.5363,6,5,TRUE,FALSE,FALSE
"GENE1838","GENE1838_HUMAN","P77662","Protein GENE1838",-4.258,0.02559,0.009408,1.6444,2.0265,4,2,FALSE,FALSE,TRUE
"GENE1050","GENE1050_HUMAN","P70076","Protein GENE1050",-0.0458,0.260537,0.17646,0.1008,0.7534,6,6,FALSE,FALSE,FALSE
"GENE2690","GENE2690_HUMAN","P21527","Protein GENE2690",0.2626,1,0.797254,0,0.0984,4,5,FALSE,FALSE,FALSE
"GENE2373","GENE2373_HUMAN","P72849","Protein GENE2373",0.2636,1,0.43433,0,0.3622,6,4,FALSE,FALSE,FALSE
"GENE1748","GENE1748_HUMAN","P57587","Protein GENE1748",0.2396,1,0.45673,0,0.3403,6,6,FALSE,FALSE,FALSE
"GENE2849","GENE2849_HUMAN","P68532","Protein GENE2849",-0.2249,0.328121,0.234539,0,0.6298,2,3,FALSE,FALSE,FALSE
"GENE2864","GENE2864_HUMAN","P20443","Protein GENE2864",-0.5083,1,0.799122,0,0.0974,2,3,TRUE,FALSE,FALSE
"GENE2342","GENE2342_HUMAN","P93209","Protein GENE2342",-0.2857,1,0.734492,0,0.134,2,3,FALSE,FALSE,FALSE
"GENE2468","GENE2468_HUMAN","P72024","Protein GENE2468",0.5098,1,0.308926,0,0.5101,6,2,FALSE,FALSE,FALSE
"GENE2724","GENE2724_HUMAN","P21423","Protein GENE2724",0.1442,1,0.594703,0,0.2257,3,4,FALSE,TRUE,FALSE
"GENE1091","GENE1091_HUMAN","P05803","Protein GENE1091",-0.4835,1,0.358802,0,0.4451,2,5,FALSE,FALSE,FALSE
"GENE0064","GENE0064_HUMAN","P89651","Protein GENE0064",-3.2601,0.054963,0.011573,1.3863,1.9365,4,2,FALSE,FALSE,TRUE
"GENE2489","GENE2489_HUMAN","P71349","Protein GENE2489",-0.3857,1,0.805377,0,0.094,4,3,FALSE,FALSE,FALSE
"GENE1705","GENE1705_HUMAN","P01723","Protein GENE1705",-0.5065,1,0.432502,0.1726,0.364,5,5,FALSE,FALSE,FALSE
"GENE1640","GENE1640_HUMAN","P51387","Protein GENE1640",0.0476,0.705375,0.292979,0.391,0.5332,5,4,FALSE,FALSE,FALSE
"GENE2517","GENE2517_HUMAN","P52791","Protein GENE2517",-0.225,1,0.801477,0,0.0961,4,6,FALSE,FALSE,FALSE
"GENE0187","GENE0187_HUMAN","P76025","Protein GENE0187",-0.3771,0.873136,0.217644,0.0325,0.6623,4,3,TRUE,FALSE,FALSE
"GENE1770","GENE1770_HUMAN","P45590","Protein GENE1770",0.6811,1,0.789941,0,0.1024,2,5,FALSE,FALSE,FALSE
"GENE0998","GENE0998_HUMAN","P71188","Protein GENE0998",0.3987,1,0.589706,0,0.2294,3,4,FALSE,FALSE,FALSE
"GENE0480","GENE0480_HUMAN","P36287","Protein GENE0480",-0.1356,1,0.93154,0.0032,0.0308,4,2,FALSE,TRUE,FALSE
"GENE2431","GENE2431_HUMAN","P81771","Protein GENE2431",0.455,1,0.435925,0.1717,0.3606,4,3,FALSE,FALSE,FALSE
"GENE2254","GENE2254_HUMAN","P99080","Protein GENE2254",-0.459,1,0.853991,0,0.0685,2,5,FALSE,FALSE,FALSE
"GENE1827","GENE1827_HUMAN","P76675","Protein GENE1827",0.0823,1,0.41662,0,0.3803,2,2,FALSE,FALSE,FALSE
"GENE2680","GENE2680_HUMAN","P42471","Protein GENE2680",0.7125,1,0.6144,0,0.2115,2,4,FALSE,FALSE,FALSE
"GENE0569","GENE0569_HUMAN","P08185","Protein GENE0569",0.7268,1,0.439661,0.1733,0.3569,4,6,FALSE,TRUE,FALSE
"GENE1273","GENE1273_HUMAN","P84709","Protein GENE1273",0.1046,1,0.590479,0,0.2288,4,3,FALSE,FALSE,FALSE
"GENE2214","GENE2214_HUMAN","P46367","Protein GENE2214",0.2017,1,0.384696,0,0.4149,6,5,FALSE,FALSE,FALSE
"NCOA2","NCOA2_HUMAN","P75056","Protein NCOA2",3.1257,0.046887,0.015672,1.4487,1.8049,3,6,TRUE,FALSE,TRUE
"GENE1427","GENE1427_HUMAN","P09332","Protein GENE1427",0.0915,1,0.468855,0.094,0.329,3,3,FALSE,FALSE,FALSE
"GENE1142","GENE1142_HUMAN","P36994","Protein GENE1142",1.0526,1,0.74169,0,0.1298,6,4,FALSE,FALSE,FALSE
"GENE2774","GENE2774_HUMAN","P36570","Protein GENE2774",-0.2983,1,0.573959,0.1206,0.2411,6,2,FALSE,FALSE,FALSE
"GENE2051","GENE2051_HUMAN","P64001","Protein GENE2051",0.242,1,0.711802,0,0.1476,2,6,FALSE,FALSE,FALSE
"GENE2475","GENE2475_HUMAN","P85275","Protein GENE2475",-0.2003,1,0.36531,0,0.4373,5,6,FALSE,FALSE,FALSE
"GENE1775","GENE1775_HUMAN","P80781","Protein GENE1775",0.8787,1,0.570577,0,0.2437,5,3,FALSE,FALSE,FALSE
"GENE1410","GENE1410_HUMAN","P46043","Protein GENE1410",0.6218,1,0.39942,0.0814,0.3986,5,2,FALSE,FALSE,FALSE
"GENE2447","GENE2447_HUMAN","P81024","Protein GENE2447",0.6007,1,0.431917,0.0121,0.3646,2,4,TRUE,FALSE,FALSE
"GENE2440","GENE2440_HUMAN","P71442","Protein GENE2440",-0.332,0.785026,0.487479,0,0.312,4,2,FALSE,FALSE,FALSE
"GENE0896","GENE0896_HUMAN","P81514","Protein GENE0896",0.6334,1,0.958033,0,0.0186,5,6,FALSE,FALSE,FALSE
"GENE2794","GENE2794_HUMAN","P46347","Protein GENE2794",0.1061,1,0.410392,0,0.3868,6,4,FALSE,FALSE,FALSE
"GENE0945","GENE0945_HUMAN","P54434","Protein GENE0945",-0.094,1,0.912865,0,0.0396,2,3,FALSE,FALSE,FALSE
"GENE1294","GENE1294_HUMAN","P75699","Protein GENE1294",-0.1375,0.800869,0.450304,0.0947,0.3465,5,4,FALSE,FALSE,FALSE
"GENE1272","GENE1272_HUMAN","P91037","Protein GENE1272",-0.549,0.135384,0.083096,0.3968,1.0804,6,6,TRUE,TRUE,FALSE
"GENE2891","GENE2891_HUMAN","P66787","Protein GENE2891",0.6438,1,0.90045,0,0.0455,4,2,FALSE,FALSE,FALSE
"GENE0500","GENE0500_HUMAN","P64865","Protein GENE0500",0.1996,1,0.666642,0,0.1761,3,3,FALSE,FALSE,FALSE
"GENE1776","GENE1776_HUMAN","P32730","Protein GENE1776",-0.6571,1,0.392012,0,0.4067,4,4,FALSE,FALSE,FALSE
"GENE0780","GENE0780_HUMAN","P23992","Protein GENE0780",0.0849,1,0.76889,0,0.1141,6,4,FALSE,FALSE,FALSE
"GENE0937","GENE0937_HUMAN","P38234","Protein GENE0937",0.0861,0.787905,0.169881,0.693,0.7699,5,4,FALSE,FALSE,FALSE
"GENE2647","GENE2647_HUMAN","P07379","Protein GENE2647",0.3134,1,0.781678,0,0.107,6,4,FALSE,FALSE,FALSE
"GENE0578","GENE0578_HUMAN","P86266","Protein GENE0578",0.0331,1,0.387361,0,0.4119,6,6,FALSE,FALSE,FALSE
"GENE1170","GENE1170_HUMAN","P48864","Protein GENE1170",-0.3602,0.438773,0.11565,0.5709,0.9369,5,4,FALSE,FALSE,FALSE
"GENE0363","GENE0363_HUMAN","P31767","Protein GENE0363",-0.1605,1,0.265214,0.4162,0.5764,4,5,FALSE,FALSE,FALSE
"GENE0909","GENE0909_HUMAN","P45650","Protein GENE0909",-0.2365,1,0.422994,0.0993,0.3737,4,5,TRUE,TRUE,FALSE
"GENE1751","GENE1751_HUMAN","P80569","Protein GENE1751",-2.0169,0.030499,0.009159,1.6547,2.0381,6,6,FALSE,TRUE,TRUE
"GENE2834","GENE2834_HUMAN","P88108","Protein GENE2834",0.5455,0.992754,0.460632,0,0.3366,2,2,FALSE,TRUE,FALSE
"GENE0342","GENE0342_HUMAN","P92517","Protein GENE0342",0.1605,0.386064,0.127856,0.3108,0.8933,6,3,TRUE,FALSE,FALSE
"GENE0230","GENE0230_HUMAN","P59743","Protein GENE0230",0.5641,1,0.985936,0,0.0062,3,6,FALSE,FALSE,FALSE
"GENE2547","GENE2547_HUMAN","P59671","Protein GENE2547",-0.6028,1,0.839531,0,0.076,3,5,FALSE,FALSE,FALSE
"GENE2823","GENE2823_HUMAN","P50502","Protein GENE2823",-0.5535,1,0.658922,0,0.1812,4,6,FALSE,FALSE,FALSE
"GENE2113","GENE2113_HUMAN","P64049","Protein GENE2113",-0.5797,1,0.926247,0,0.0333,4,4,TRUE,TRUE,FALSE
"GENE0601","GENE0601_HUMAN","P20497","Protein GENE0601",-0.6622,1,0.970174,0,0.0132,5,2,TRUE,FALSE,FALSE
"GENE1164","GENE1164_HUMAN","P03601","Protein GENE1164",-0.2782,1,0.880568,0,0.0552,3,5,FALSE,FALSE,FALSE
"GENE1288","GENE1288_HUMAN","P39262","Protein GENE1288",-0.3357,0.535306,0.113196,0.6827,0.9462,6,3,FALSE,FALSE,FALSE
"GENE1016","GENE1016_HUMAN","P43249","Protein GENE1016",-0.8575,0.097873,0.083941,0.5163,1.076,2,6,FALSE,FALSE,FALSE
"GENE1384","GENE1384_HUMAN","P27631","Protein GENE1384",0.5137,0.694429,0.15564,0.3682,0.8079,3,4,FALSE,FALSE,FALSE
"GENE2828","GENE2828_HUMAN","P40265","Protein GENE2828",0.2711,1,0.481466,0.1808,0.3174,6,6,FALSE,FALSE,FALSE
"GENE1947","GENE1947_HUMAN","P31696","Protein GENE1947",-0.0605,1,0.650644,0,0.1867,5,4,FALSE,FALSE,FALSE
"GENE1687","GENE1687_HUMAN","P27571","Protein GENE1687",0.0641,1,0.660737,0,0.18,6,4,TRUE,FALSE,FALSE
"GENE0287","GENE0287_HUMAN","P28554","Protein GENE0287",0.0748,0.247733,0.194685,0.225,0.7107,3,3,FALSE,FALSE,FALSE
"GENE0883","GENE0883_HUMAN","P08368","Protein GENE0883",-0.0553,1,0.547557,0.18,0.2616,6,3,FALSE,FALSE,FALSE
"GENE0005","GENE0005_HUMAN","P40854","Protein GENE0005",0.0701,0.264821,0.079527,0.8177,1.0995,4,2,FALSE,FALSE,FALSE
"GENE0777","GENE0777_HUMAN","P45427","Protein GENE0777",0.3461,1,0.239672,0.0619,0.6204,6,3,FALSE,FALSE,FALSE
"GENE0396","GENE0396_HUMAN","P25598","Protein GENE0396",-0.1365,1,0.979436,0,0.009,5,6,FALSE,TRUE,FALSE
"GENE1618","GENE1618_HUMAN","P12156","Protein GENE1618",-0.5234,1,0.62531,0,0.2039,5,2,FALSE,FALSE,FALSE
"GENE2206","GENE2206_HUMAN","P07053","Protein GENE2206",-0.0323,0.219375,0.194426,0.12,0.7112,2,4,FALSE,FALSE,FALSE
"GENE0600","GENE0600_HUMAN","P20697","Protein GENE0600",0.7011,0.944547,0.310336,0.0202,0.5082,6,4,FALSE,FALSE,FALSE
"GENE1881","GENE1881_HUMAN","P84513","Protein GENE1881",-0.8706,1,0.364716,0.021,0.438,5,6,FALSE,FALSE,FALSE
"GENE2876","GENE2876_HUMAN","P70352","Protein GENE2876",0.3988,1,0.505383,0,0.2964,2,6,FALSE,FALSE,FALSE
"GENE2356","GENE2356_HUMAN","P64672","Protein GENE2356",-0.1195,1,0.877418,0,0.0568,4,4,FALSE,FALSE,FALSE
"GENE1555","GENE1555_HUMAN","P65708","Protein GENE1555",-0.2677,0.959435,0.84939,0,0.0709,2,2,FALSE,FALSE,FALSE
"GENE0450","GENE0450_HUMAN","P05530","Protein GENE0450",0.1038,1,0.960478,0,0.0175,4,3,FALSE,FALSE,FALSE
"GENE2305","GENE2305_HUMAN","P19100","Protein GENE2305",-0.2363,0.794268,0.407717,0.1923,0.3896,3,2,FALSE,FALSE,FALSE
"GENE0482","GENE0482_HUMAN","P22929","Protein GENE0482",0.0314,1,0.292096,0,0.5345,3,5,FALSE,FALSE,FALSE
"GENE0483","GENE0483_HUMAN","P23327","Protein GENE0483",0.2681,0.748612,0.270933,0.0777,0.5671,4,2,FALSE,FALSE,FALSE
"GENE2702","GENE2702_HUMAN","P77309","Protein GENE2702",0.1599,0.43143,0.117596,0.8017,0.9296,4,6,FALSE,FALSE,FALSE
"GENE2043","GENE2043_HUMAN","P85267","Protein GENE2043",0.0867,1,0.619576,0,0.2079,3,6,FALSE,FALSE,FALSE
"GENE0807","GENE0807_HUMAN","P81144","Protein GENE0807",-0.4052,1,0.991218,0,0.0038,6,5,FALSE,FALSE,FALSE
"GENE2805","GENE2805_HUMAN","P08916","Protein GENE2805",-0.0689,1,0.425902,0,0.3707,6,5,FALSE,FALSE,FALSE
"GENE2225","GENE2225_HUMAN","P18678","Protein GENE2225",-0.234,1,0.320097,0,0.4947,6,5,FALSE,FALSE,FALSE
"GENE0678","GENE0678_HUMAN","P18726","Protein GENE0678",-0.6526,1,0.871277,0,0.0598,5,5,FALSE,TRUE,FALSE
"GENE1975","GENE1975_HUMAN","P32168","Protein GENE1975",0.8023,0.502088,0.15909,0.4031,0.7984,4,4,FALSE,FALSE,FALSE
"PKN3","PKN3_HUMAN","P25147","Protein PKN3",0.9183,0.065501,0.017256,1.1822,1.7631,4,5,FALSE,FALSE,TRUE
"GENE1981","GENE1981_HUMAN","P59616","Protein GENE1981",0.3594,0.575405,0.348872,0.329,0.4573,4,5,FALSE,FALSE,FALSE
"GENE0558","GENE0558_HUMAN","P59712","Protein GENE0558",-0.9577,1,0.208423,0.113,0.6811,4,4,FALSE,TRUE,FALSE
"GENE2881","GENE2881_HUMAN","P24736","Protein GENE2881",-0.2056,0.905836,0.300532,0.1604,0.5221,5,5,FALSE,FALSE,FALSE
"GENE1715","GENE1715_HUMAN","P38031","Protein GENE1715",-0.153,0.950629,0.340423,0,0.468,2,5,FALSE,TRUE,FALSE
"GENE1348","GENE1348_HUMAN","P68856","Protein GENE1348",0.0461,1,0.790903,0,0.1019,5,4,FALSE,FALSE,FALSE
"GENE0080","GENE0080_HUMAN","P40566","Protein GENE0080",-0.0139,1,0.750351,0,0.1247,2,4,FALSE,FALSE,FALSE
"GENE1563","GENE1563_HUMAN","P57236","Protein GENE1563",-0.0018,1,0.51615,0,0.2872,4,3,FALSE,FALSE,FALSE
"GENE0425","GENE0425_HUMAN","P10451","Protein GENE0425",-0.2308,1,0.839646,0,0.0759,5,5,FALSE,TRUE,FALSE
"GENE0379","GENE0379_HUMAN","P46980","Protein GENE0379",3.0321,0.071388,0.020479,1.3697,1.6887,4,3,FALSE,FALSE,TRUE
"GENE0729","GENE0729_HUMAN","P33614","Protein GENE0729",-0.4024,1,0.753024,0,0.1232,5,4,FALSE,FALSE,FALSE
"GENE1807","GENE1807_HUMAN","P64728","Protein GENE1807",0.3287,0.374269,0.155088,0.2416,0.8094,2,3,FALSE,FALSE,FALSE
"GENE0521","GENE0521_HUMAN","P53467","Protein GENE0521",0.8781,0.905041,0.234755,0,0.6294,5,5,TRUE,FALSE,FALSE
"GENE2231","GENE2231_HUMAN","P19920","Protein GENE2231",-0.4073,1,0.412556,0,0.3845,3,3,FALSE,FALSE,FALSE
"GENE1842","GENE1842_HUMAN","P64867","Protein GENE1842",0.3665,1,0.888657,0,0.0513,2,3,FALSE,FALSE,FALSE
"GENE1001","GENE1001_HUMAN","P14706","Protein GENE1001",0.0474,1,0.728289,0,0.1377,2,5,FALSE,FALSE,FALSE
"GENE2800","GENE2800_HUMAN","P73960","Protein GENE2800",0.1418,1,0.833738,0,0.079,5,3,FALSE,FALSE,FALSE
"GENE1369","GENE1369_HUMAN","P22377","Protein GENE1369",0.3218,1,0.876428,0,0.0573,6,2,FALSE,FALSE,FALSE
"GENE1667","GENE1667_HUMAN","P63585","Protein GENE1667",-0.7009,1,0.995909,0,0.0018,3,5,FALSE,FALSE,FALSE
"GENE0636","GENE0636_HUMAN","P13299","Protein GENE0636",0.2095,0.317586,0.240408,0.1038,0.6191,6,6,FALSE,FALSE,FALSE
"GENE2866","GENE2866_HUMAN","P34381","Protein GENE2866",0.3635,1,0.730747,0,0.1362,5,4,FALSE,TRUE,FALSE
"GENE1649","GENE1649_HUMAN","P55751","Protein GENE1649",0.6204,0.250126,0.225889,0.007,0.6461,5,4,FALSE,FALSE,FALSE
"GENE2044","GENE2044_HUMAN","P83002","Protein GENE2044",-0.6838,0.517331,0.261099,0.1702,0.5832,5,2,FALSE,FALSE,FALSE
"GENE0632","GENE0632_HUMAN","P27000","Protein GENE0632",-0.6069,0.029039,0.016473,1.6913,1.7832,5,6,FALSE,FALSE,TRUE
"GENE2238","GENE2238_HUMAN","P16020","Protein GENE2238",-0.637,1,0.80554,0,0.0939,4,3,FALSE,FALSE,FALSE
"GENE2609","GENE2609_HUMAN","P06285","Protein GENE2609",-0.0842,1,0.748921,0,0.1256,5,6,FALSE,FALSE,FALSE
"GENE0846","GENE0846_HUMAN","P47156","Protein GENE0846",-0.2906,1,0.437801,0.2333,0.3587,2,3,FALSE,FALSE,FALSE
"LARP5","LARP5_HUMAN","P90500","Protein LARP5",0.1957,1,0.659451,0,0.1808,6,6,FALSE,TRUE,FALSE
"GENE1579","GENE1579_HUMAN","P40990","Protein GENE1579",0.5631,1,0.730853,0,0.1362,5,2,FALSE,FALSE,FALSE
"GENE1291","GENE1291_HUMAN","P17188","Protein GENE1291",-0.2986,1,0.629356,0.1399,0.2011,6,5,TRUE,TRUE,FALSE
"GENE1153","GENE1153_HUMAN","P67223","Protein GENE1153",0.2595,1,0.709507,0,0.149,4,6,FALSE,FALSE,FALSE
"GENE0365","GENE0365_HUMAN","P92824","Protein GENE0365",-0.3852,1,0.661383,0,0.1795,6,6,FALSE,FALSE,FALSE
"GENE2669","GENE2669_HUMAN","P24487","Protein GENE2669",-0.9802,0.296043,0.141721,0.7385,0.8486,4,5,FALSE,FALSE,FALSE
"GENE0759","GENE0759_HUMAN","P63976","Protein GENE0759",0.3056,1,0.348651,0.1518,0.4576,6,3,FALSE,FALSE,FALSE
"GENE1779","GENE1779_HUMAN","P74665","Protein GENE1779",0.0563,0.958092,0.585846,0.0817,0.2322,4,4,FALSE,FALSE,FALSE
"GENE2157","GENE2157_HUMAN","P54230","Protein GENE2157",-0.023,1,0.940334,0,0.0267,6,5,FALSE,FALSE,FALSE
"DDX5","DDX5_HUMAN","P18305","Protein DDX5",-1.0489,1,0.303556,0.4338,0.5178,3,4,FALSE,FALSE,FALSE
"GENE0429","GENE0429_HUMAN","P16975","Protein GENE0429",-0.256,1,0.40168,0,0.3961,4,4,FALSE,FALSE,FALSE
"GENE0384","GENE0384_HUMAN","P27502","Protein GENE0384",-0.0253,1,0.750762,0,0.1245,6,5,FALSE,FALSE,FALSE
"GENE0686","GENE0686_HUMAN","P90744","Protein GENE0686",-0.0383,0.266015,0.200259,0.1341,0.6984,6,3,FALSE,FALSE,FALSE
"GENE0044","GENE0044_HUMAN","P94448","Protein GENE0044",0.0564,1,0.615405,0,0.2108,5,5,FALSE,FALSE,FALSE
"GENE1309","GENE1309_HUMAN","P43365","Protein GENE1309",-0.201,0.827111,0.416178,0.0504,0.3807,5,2,FALSE,FALSE,FALSE
"GENE1465","GENE1465_HUMAN","P60520","Protein GENE1465",-0.3611,0.497695,0.466688,0,0.331,5,6,FALSE,FALSE,FALSE
"GENE1055","GENE1055_HUMAN","P21577","Protein GENE1055",-0.3371,0.279696,0.075208,0.9786,1.1237,5,2,FALSE,FALSE,FALSE
"GENE0388","GENE0388_HUMAN","P21913","Protein GENE0388",0.1438,0.524932,0.10657,0.7578,0.9724,2,6,FALSE,FALSE,FALSE
"GENE1130","GENE1130_HUMAN","P37229","Protein GENE1130",0.0485,0.89706,0.716431,0,0.1448,4,4,FALSE,FALSE,FALSE
"GENE1860","GENE1860_HUMAN","P01690","Protein GENE1860",0.2963,1,0.427195,0,0.3694,3,2,FALSE,FALSE,FALSE
"GENE0107","GENE0107_HUMAN","P29759","Protein GENE0107",-0.0624,0.440304,0.34576,0.1216,0.4612,6,4,FALSE,FALSE,FALSE
"GENE0992","GENE0992_HUMAN","P20752","Protein GENE0992",-0.7642,1,0.484782,0,0.3145,6,2,FALSE,FALSE,FALSE
"GENE1572","GENE1572_HUMAN","P19227","Protein GENE1572",1.1338,0.667016,0.139417,0.2707,0.8557,2,5,FALSE,FALSE,FALSE
"GENE1613","GENE1613_HUMAN","P92563","Protein GENE1613",0.2117,0.974024,0.289449,0,0.5384,3,2,FALSE,FALSE,FALSE
"GENE1043","GENE1043_HUMAN","P33213","Protein GENE1043",0.2956,1,0.838614,0,0.0764,2,6,FALSE,FALSE,FALSE
"GENE1758","GENE1758_HUMAN","P19446","Protein GENE1758",0.2316,0.826948,0.17815,0.3468,0.7492,2,4,TRUE,FALSE,FALSE
"GENE2122","GENE2122_HUMAN","P99406","Protein GENE2122",0.6343,1,0.825318,0,0.0834,2,3,FALSE,FALSE,FALSE
"GENE2084","GENE2084_HUMAN","P28317","Protein GENE2084",-0.118,1,0.696124,0,0.1573,6,3,FALSE,FALSE,FALSE
"GENE0133","GENE0133_HUMAN","P50024","Protein GENE0133",-0.075,0.851967,0.476596,0,0.3218,2,4,FALSE,FALSE,FALSE
"GENE0931","GENE0931_HUMAN","P84775","Protein GENE0931",0.284,1,0.854638,0,0.0682,4,6,FALSE,FALSE,FALSE
"GENE2061","GENE2061_HUMAN","P58825","Protein GENE2061",0.4269,1,0.868198,0,0.0614,2,4,FALSE,FALSE,FALSE
"GENE0543","GENE0543_HUMAN","P28463","Protein GENE0543",-0.112,0.260809,0.081508,0.5294,1.0888,6,5,FALSE,TRUE,FALSE
"GENE0047","GENE0047_HUMAN","P91949","Protein GENE0047",0.3428,1,0.805589,0,0.0939,2,6,FALSE,FALSE,FALSE
"GENE0752","GENE0752_HUMAN","P53764","Protein GENE0752",-0.241,1,0.878754,0,0.0561,6,2,FALSE,FALSE,FALSE
"GENE2815","GENE2815_HUMAN","P45741","Protein GENE2815",0.25,1,0.412438,0.0978,0.3846,4,6,FALSE,TRUE,FALSE
"GENE0522","GENE0522_HUMAN","P82104","Protein GENE0522",0.279,1,0.981512,0,0.0081,2,6,FALSE,TRUE,FALSE
"GENE0489","GENE0489_HUMAN","P70848","Protein GENE0489",-0.2627,0.687609,0.283327,0.268,0.5477,3,3,FALSE,FALSE,FALSE
"GENE0351","GENE0351_HUMAN","P88563","Protein GENE0351",0.0531,0.501816,0.124974,0.4059,0.9032,2,3,FALSE,FALSE,FALSE
"GENE1382","GENE1382_HUMAN","P55419","Protein GENE1382",0.4654,1,0.478577,0,0.32,5,2,FALSE,TRUE,FALSE
"GENE0108","GENE0108_HUMAN","P77547","Protein GENE0108",-0.0567,1,0.598854,0.186,0.2227,4,5,FALSE,FALSE,FALSE
"GENE0699","GENE0699_HUMAN","P48450","Protein GENE0699",-0.5491,1,0.966019,0,0.015,6,4,TRUE,FALSE,FALSE
"GENE0899","GENE0899_HUMAN","P99361","Protein GENE0899",-0.4811,1,0.379845,0.0111,0.4204,4,2,FALSE,FALSE,FALSE
"GENE1678","GENE1678_HUMAN","P44243","Protein GENE1678",-2.6377,0.025614,0.00521,1.5893,2.2832,4,6,FALSE,FALSE,TRUE
"GENE0562","GENE0562_HUMAN","P43922","Protein GENE0562",-0.334,1,0.753341,0,0.123,5,3,FALSE,FALSE,FALSE
"GENE1253","GENE1253_HUMAN","P83562","Protein GENE1253",1.2558,0.1541,0.067023,0.5459,1.1738,2,5,FALSE,FALSE,FALSE
"GENE2076","GENE2076_HUMAN","P27087","Protein GENE2076",0.4665,0.571859,0.163193,0.2167,0.7873,5,5,FALSE,FALSE,FALSE
"GENE1536","GENE1536_HUMAN","P88845","Protein GENE1536",-0.1137,1,0.796056,0,0.0991,2,5,FALSE,FALSE,FALSE
"GENE2092","GENE2092_HUMAN","P11413","Protein GENE2092",0.6071,0.179972,0.074126,0.4695,1.13,6,4,TRUE,FALSE,FALSE
"GENE0775","GENE0775_HUMAN","P07715","Protein GENE0775",0.1806,1,0.687297,0,0.1629,3,6,FALSE,FALSE,FALSE
"GENE2648","GENE2648_HUMAN","P80189","Protein GENE2648",0.7048,1,0.684499,0,0.1646,5,2,FALSE,FALSE,FALSE
"GENE2460","GENE2460_HUMAN","P87695","Protein GENE2460",0.4439,0.917341,0.227622,0.1284,0.6428,6,2,FALSE,FALSE,FALSE
"GENE1954","GENE1954_HUMAN","P46976","Protein GENE1954",0.4313,1,0.705089,0,0.1518,4,6,FALSE,FALSE,FALSE
"GENE2196","GENE2196_HUMAN","P02968","Protein GENE2196",-0.4763,1,0.972163,0,0.0123,5,6,FALSE,TRUE,FALSE
"GENE2896","GENE2896_HUMAN","P74033","Protein GENE2896",-0.067,1,0.899047,0,0.0462,3,3,FALSE,TRUE,FALSE
"GENE0513","GENE0513_HUMAN","P59318","Protein GENE0513",-0.4776,1,0.471129,0,0.3269,2,4,FALSE,FALSE,FALSE
"GENE1176","GENE1176_HUMAN","P72786","Protein GENE1176",0.0354,1,0.359477,0,0.4443,3,3,FALSE,FALSE,FALSE
"GENE0215","GENE0215_HUMAN","P15654","Protein GENE0215",-0.2512,0.681341,0.172143,0.451,0.7641,6,6,FALSE,FALSE,FALSE
"GENE1962","GENE1962_HUMAN","P82270","Protein GENE1962",-0.3319,1,0.681977,0,0.1662,6,4,FALSE,FALSE,FALSE
"GENE2330","GENE2330_HUMAN","P79517","Protein GENE2330",-0.8363,1,0.523856,0.2319,0.2808,5,2,FALSE,TRUE,FALSE
"GENE0088","GENE0088_HUMAN","P21967","Protein GENE0088",0.0916,1,0.767514,0,0.1149,6,4,FALSE,FALSE,FALSE
"GENE0936","GENE0936_HUMAN","P80182","Protein GENE0936",-0.4714,1,0.977779,0,0.0098,4,3,FALSE,TRUE,FALSE
"GENE1409","GENE1409_HUMAN","P07514","Protein GENE1409",-0.4493,1,0.706505,0,0.1509,6,6,FALSE,FALSE,FALSE
"GENE0263","GENE0263_HUMAN","P46849","Protein GENE0263",-0.0666,1,0.780376,0,0.1077,3,4,TRUE,FALSE,FALSE
"GENE0103","GENE0103_HUMAN","P81784","Protein GENE0103",0.311,0.817538,0.245259,0.3343,0.6104,6,5,FALSE,FALSE,FALSE
"GENE1642","GENE1642_HUMAN","P20227","Protein GENE1642",0.156,1,0.715804,2e-04,0.1452,6,3,FALSE,FALSE,FALSE
"GENE0697","GENE0697_HUMAN","P87751","Protein GENE0697",0.8429,1,0.24934,0.2146,0.6032,4,6,FALSE,FALSE,FALSE
"GENE2374","GENE2374_HUMAN","P91125","Protein GENE2374",-0.2088,0.459438,0.226625,0.2363,0.6447,3,5,FALSE,FALSE,FALSE
"GENE1945","GENE1945_HUMAN","P33722","Protein GENE1945",0.3773,1,0.786959,0,0.104,6,3,FALSE,FALSE,FALSE
"GENE0030","GENE0030_HUMAN","P06089","Protein GENE0030",-0.513,0.189142,0.109041,0.2669,0.9624,5,3,FALSE,TRUE,FALSE
"GENE0366","GENE0366_HUMAN","P96214","Protein GENE0366",-0.0633,1,0.356655,0.2422,0.4478,6,2,FALSE,FALSE,FALSE
"GENE0471","GENE0471_HUMAN","P65296","Protein GENE0471",-0.2965,0.50314,0.191002,0.5164,0.719,2,5,FALSE,FALSE,FALSE
"GENE0534","GENE0534_HUMAN","P67022","Protein GENE0534",0.0871,0.693324,0.196036,0.2719,0.7077,6,5,FALSE,TRUE,FALSE
"GENE1720","GENE1720_HUMAN","P14032","Protein GENE1720",3.7803,0.095928,0.024613,0.9416,1.6088,3,6,FALSE,FALSE,TRUE
"GENE1676","GENE1676_HUMAN","P06213","Protein GENE1676",0.1324,1,0.951047,0,0.0218,4,2,TRUE,FALSE,FALSE
"GENE0190","GENE0190_HUMAN","P28024","Protein GENE0190",-0.7229,1,0.878613,0,0.0562,6,6,FALSE,FALSE,FALSE
"GENE2856","GENE2856_HUMAN","P41111","Protein GENE2856",0.721,1,0.527259,0,0.278,5,2,FALSE,FALSE,FALSE
"GENE1010","GENE1010_HUMAN","P89189","Protein GENE1010",-0.3524,0.974333,0.861472,0,0.0648,4,5,FALSE,FALSE,FALSE
"GENE0748","GENE0748_HUMAN","P20932","Protein GENE0748",0.1507,1,0.816143,0,0.0882,5,3,FALSE,FALSE,FALSE
"GENE1234","GENE1234_HUMAN","P41111","Protein GENE1234",0.0677,0.436457,0.106508,0.357,0.9726,2,5,FALSE,FALSE,FALSE
"GENE1918","GENE1918_HUMAN","P98694","Protein GENE1918",-0.2744,1,0.730666,0,0.1363,5,3,FALSE,FALSE,FALSE
"GENE2872","GENE2872_HUMAN","P66380","Protein GENE2872",0.0026,1,0.937742,0,0.0279,2,3,FALSE,FALSE,FALSE
"GENE2077","GENE2077_HUMAN","P85805","Protein GENE2077",-0.9968,0.972942,0.388775,0,0.4103,6,3,FALSE,FALSE,FALSE
"GENE1564","GENE1564_HUMAN","P96241","Protein GENE1564",-0.1369,1,0.353484,0,0.4516,6,3,FALSE,FALSE,FALSE
"GENE0581","GENE0581_HUMAN","P66401","Protein GENE0581",-0.4292,0.739828,0.508217,0.0604,0.294,6,6,FALSE,FALSE,FALSE
"GENE1526","GENE1526_HUMAN","P51067","Protein GENE1526",-0.1325,1,0.369927,0,0.4319,2,4,FALSE,FALSE,FALSE
"GENE2407","GENE2407_HUMAN","P97988","Protein GENE2407",-0.4733,1,0.775265,0,0.1105,2,3,FALSE,FALSE,FALSE
"GENE2575","GENE2575_HUMAN","P06225","Protein GENE2575",0.3791,0.968207,0.214799,0.3812,0.668,6,3,FALSE,FALSE,FALSE
"GENE2613","GENE2613_HUMAN","P15059","Protein GENE2613",-0.5219,1,0.624297,0,0.2046,2,3,FALSE,FALSE,FALSE
"GENE1240","GENE1240_HUMAN","P23022","Protein GENE1240",-0.1126,0.211252,0.156575,0.3127,0.8053,6,3,FALSE,TRUE,FALSE
"GENE2134","GENE2134_HUMAN","P43444","Protein GENE2134",-0.2614,1,0.844581,0,0.0734,6,6,FALSE,FALSE,FALSE
"GENE0935","GENE0935_HUMAN","P33122","Protein GENE0935",-0.2332,1,0.806554,0,0.0934,3,5,FALSE,FALSE,FALSE
"GENE2508","GENE2508_HUMAN","P88019","Protein GENE2508",-0.3225,1,0.699899,0,0.155,2,5,FALSE,FALSE,FALSE
"GENE2808","GENE2808_HUMAN","P48447","Protein GENE2808",9e-04,0.659469,0.188663,0.0498,0.7243,3,3,TRUE,FALSE,FALSE
"GENE1324","GENE1324_HUMAN","P25607","Protein GENE1324",0.0732,1,0.779048,0,0.1084,4,3,FALSE,FALSE,FALSE
"GENE1335","GENE1335_HUMAN","P83427","Protein GENE1335",0.1504,1,0.512394,0,0.2904,2,4,FALSE,FALSE,FALSE
"GENE1741","GENE1741_HUMAN","P67311","Protein GENE1741",0.1572,1,0.736966,0,0.1326,5,3,FALSE,FALSE,FALSE
"GENE0488","GENE0488_HUMAN","P65379","Protein GENE0488",-0.4915,0.181607,0.076973,0.6338,1.1137,3,3,FALSE,FALSE,FALSE
"GENE2216","GENE2216_HUMAN","P62610","Protein GENE2216",-0.389,1,0.739785,0,0.1309,2,4,FALSE,FALSE,FALSE
"GENE1446","GENE1446_HUMAN","P10897","Protein GENE1446",0.1004,1,0.9268,0,0.033,3,2,FALSE,FALSE,FALSE
"GENE0836","GENE0836_HUMAN","P47774","Protein GENE0836",0.9993,1,0.705763,0,0.1513,4,3,FALSE,TRUE,FALSE
"GENE1557","GENE1557_HUMAN","P18403","Protein GENE1557",-0.0186,1,0.281751,0,0.5501,6,2,FALSE,FALSE,FALSE
"GENE2063","GENE2063_HUMAN","P35084","Protein GENE2063",-0.2055,1,0.861727,0,0.0646,4,2,FALSE,FALSE,FALSE
"GENE1960","GENE1960_HUMAN","P20539","Protein GENE1960",-0.3743,1,0.3588,0,0.4451,2,3,FALSE,FALSE,FALSE
"GENE0067","GENE0067_HUMAN","P95182","Protein GENE0067",-0.7944,0.404815,0.175725,0.3781,0.7552,5,4,FALSE,FALSE,FALSE
"GENE1833","GENE1833_HUMAN","P00207","Protein GENE1833",0.2197,1,0.686269,0.0159,0.1635,3,3,FALSE,FALSE,FALSE
"GENE2297","GENE2297_HUMAN","P77564","Protein GENE2297",-0.2197,1,0.462158,0,0.3352,3,6,FALSE,FALSE,FALSE
"GENE0063","GENE0063_HUMAN","P26657","Protein GENE0063",0.0274,0.162403,0.06423,1.1493,1.1923,5,3,FALSE,FALSE,FALSE
"GENE0332","GENE0332_HUMAN","P82973","Protein GENE0332",0.3281,1,0.31064,0.405,0.5077,6,4,FALSE,FALSE,FALSE
"GENE0098","GENE0098_HUMAN","P03590","Protein GENE0098",-0.0747,1,0.307611,0,0.512,5,2,FALSE,FALSE,FALSE
"GENE2483","GENE2483_HUMAN","P25039","Protein GENE2483",-0.2554,1,0.461741,0,0.3356,3,5,FALSE,FALSE,FALSE
"GENE1373","GENE1373_HUMAN","P98384","Protein GENE1373",-0.2693,1,0.870095,0,0.0604,5,6,FALSE,FALSE,FALSE
"GENE1585","GENE1585_HUMAN","P75340","Protein GENE1585",0.2997,0.237184,0.149816,0.5187,0.8244,3,5,FALSE,FALSE,FALSE
"GENE2408","GENE2408_HUMAN","P31498","Protein GENE2408",-0.0978,1,0.423766,0,0.3729,2,5,FALSE,FALSE,FALSE
"GENE0454","GENE0454_HUMAN","P74193","Protein GENE0454",0.2568,1,0.992875,0,0.0031,2,6,FALSE,FALSE,FALSE
"GENE1478","GENE1478_HUMAN","P53085","Protein GENE1478",0.9067,1,0.572038,0,0.2426,4,6,FALSE,FALSE,FALSE
"GENE1813","GENE1813_HUMAN","P24638","Protein GENE1813",-0.2128,1,0.855891,0,0.0676,6,2,FALSE,FALSE,FALSE
"GENE1998","GENE1998_HUMAN","P46065","Protein GENE1998",-0.5731,1,0.701976,0,0.1537,2,6,FALSE,FALSE,FALSE
"GENE1136","GENE1136_HUMAN","P60994","Protein GENE1136",0.5248,1,0.925989,0,0.0334,4,5,TRUE,FALSE,FALSE
"GENE2250","GENE2250_HUMAN","P31682","Protein GENE2250",0.6992,0.758181,0.595726,0,0.225,3,3,FALSE,FALSE,FALSE
"GENE0205","GENE0205_HUMAN","P99162","Protein GENE0205",0.6405,1,0.398569,0,0.3995,4,6,FALSE,TRUE,FALSE
"GENE2395","GENE2395_HUMAN","P28518","Protein GENE2395",0.1307,1,0.952566,0,0.0211,3,2,FALSE,FALSE,FALSE
"GENE2712","GENE2712_HUMAN","P98887","Protein GENE2712",-0.2625,0.605091,0.236439,0.12,0.6263,6,5,FALSE,FALSE,FALSE
"GENE2303","GENE2303_HUMAN","P53127","Protein GENE2303",0.0407,0.261909,0.164946,0.4765,0.7827,2,6,FALSE,FALSE,FALSE
"GENE1388","GENE1388_HUMAN","P69972","Protein GENE1388",0.3035,1,0.895765,0,0.0478,4,2,FALSE,FALSE,FALSE
"GENE0035","GENE0035_HUMAN","P19009","Protein GENE0035",0.1051,1,0.851238,0,0.0699,4,2,FALSE,FALSE,FALSE
"GENE1390","GENE1390_HUMAN","P96896","Protein GENE1390",-0.2992,1,0.37472,0,0.4263,6,3,FALSE,FALSE,FALSE
"GENE0352","GENE0352_HUMAN","P33458","Protein GENE0352",-0.1155,1,0.610955,0,0.214,4,6,TRUE,FALSE,FALSE
"GENE1162","GENE1162_HUMAN","P48874","Protein GENE1162",-0.1136,0.417675,0.12624,0.3888,0.8988,5,6,FALSE,FALSE,FALSE
"GENE2256","GENE2256_HUMAN","P21162","Protein GENE2256",-0.3768,1,0.724561,0,0.1399,6,5,FALSE,TRUE,FALSE
"GENE2662","GENE2662_HUMAN","P68672","Protein GENE2662",0.659,1,0.398733,0.139,0.3993,6,4,FALSE,FALSE,FALSE
"GENE0568","GENE0568_HUMAN","P11798","Protein GENE0568",0.6962,1,0.562501,0,0.2499,4,5,FALSE,TRUE,FALSE
"GENE1996","GENE1996_HUMAN","P50445","Protein GENE1996",-0.0014,0.294987,0.083469,0.4567,1.0785,5,2,FALSE,FALSE,FALSE
"GENE2412","GENE2412_HUMAN","P21362","Protein GENE2412",0.1446,1,0.699162,0,0.1554,2,2,FALSE,FALSE,FALSE
"ZNF598","ZNF598_HUMAN","P31991","Protein ZNF598",2.6764,0.061387,0.015214,1.1849,1.8178,4,4,FALSE,TRUE,TRUE
"GENE2796","GENE2796_HUMAN","P06103","Protein GENE2796",-0.637,0.707817,0.195544,0.2103,0.7088,4,5,TRUE,FALSE,FALSE
"GENE2175","GENE2175_HUMAN","P09201","Protein GENE2175",-0.1777,1,0.620848,0,0.207,2,3,FALSE,FALSE,FALSE
"GENE2086","GENE2086_HUMAN","P76079","Protein GENE2086",-1.6036,0.153475,0.038048,1.1943,1.4197,3,2,FALSE,TRUE,TRUE
"GENE1477","GENE1477_HUMAN","P38961","Protein GENE1477",0.2633,0.902374,0.81908,0.0321,0.0867,5,6,FALSE,FALSE,FALSE
"GENE2437","GENE2437_HUMAN","P60141","Protein GENE2437",2.9984,0.041305,0.014145,1.4907,1.8494,6,5,FALSE,TRUE,TRUE
"GENE1955","GENE1955_HUMAN","P92626","Protein GENE1955",-0.2035,1,0.845484,0,0.0729,6,3,FALSE,FALSE,FALSE
"GENE0704","GENE0704_HUMAN","P28162","Protein GENE0704",0.2914,0.716606,0.455578,0,0.3414,3,4,FALSE,FALSE,FALSE
"GENE1706","GENE1706_HUMAN","P46149","Protein GENE1706",0.587,0.303467,0.120693,0.6198,0.9183,5,2,FALSE,FALSE,FALSE
"GENE1344","GENE1344_HUMAN","P08214","Protein GENE1344",0.5527,1,0.491127,0,0.3088,4,6,FALSE,FALSE,FALSE
"GENE0696","GENE0696_HUMAN","P54582","Protein GENE0696",0.2705,1,0.387899,0,0.4113,6,2,FALSE,FALSE,FALSE
"GENE0091","GENE0091_HUMAN","P44720","Protein GENE0091",-0.2118,1,0.925123,0,0.0338,4,3,FALSE,TRUE,FALSE
"GENE0487","GENE0487_HUMAN","P44705","Protein GENE0487",-0.074,1,0.915323,0,0.0384,5,2,FALSE,FALSE,FALSE
"GENE1196","GENE1196_HUMAN","P06110","Protein GENE1196",0.0534,1,0.775574,0,0.1104,3,2,FALSE,FALSE,FALSE
"GENE1823","GENE1823_HUMAN","P11717","Protein GENE1823",1.0192,0.885279,0.189897,0.1699,0.7215,4,6,FALSE,FALSE,FALSE
"GENE1389","GENE1389_HUMAN","P34401","Protein GENE1389",0.4611,1,0.690663,0,0.1607,6,5,FALSE,FALSE,FALSE
"LARP7","LARP7_HUMAN","P10398","Protein LARP7",0.2802,1,0.601664,0,0.2206,3,3,FALSE,FALSE,FALSE
"GENE0530","GENE0530_HUMAN","P50830","Protein GENE0530",0.2538,1,0.656314,0,0.1829,4,2,FALSE,FALSE,FALSE
"GENE2519","GENE2519_HUMAN","P64959","Protein GENE2519",-0.1931,1,0.416064,0,0.3808,2,2,FALSE,FALSE,FALSE
"GENE2127","GENE2127_HUMAN","P21845","Protein GENE2127",-0.2254,0.48935,0.204107,0.4807,0.6901,6,6,TRUE,FALSE,FALSE
"GENE0114","GENE0114_HUMAN","P71332","Protein GENE0114",0.0888,1,0.397406,0,0.4008,4,3,FALSE,FALSE,FALSE
"GENE0665","GENE0665_HUMAN","P69780","Protein GENE0665",-0.3864,0.538838,0.169889,0.3274,0.7698,6,3,FALSE,FALSE,FALSE
"GENE1985","GENE1985_HUMAN","P84025","Protein GENE1985",-0.7244,1,0.439463,0,0.3571,2,6,FALSE,FALSE,FALSE
"GENE2615","GENE2615_HUMAN","P60206","Protein GENE2615",-0.5163,1,0.832116,0.061,0.0798,2,6,FALSE,FALSE,FALSE
"GENE0509","GENE0509_HUMAN","P49230","Protein GENE0509",0.1729,1,0.393994,0,0.4045,3,3,TRUE,FALSE,FALSE
"GENE2068","GENE2068_HUMAN","P30636","Protein GENE2068",0.5069,1,0.96509,0,0.0154,4,5,FALSE,FALSE,FALSE
"GENE1168","GENE1168_HUMAN","P25855","Protein GENE1168",0.2923,0.275322,0.140134,0.7351,0.8535,3,6,FALSE,FALSE,FALSE
"GENE0723","GENE0723_HUMAN","P05660","Protein GENE0723",-0.0451,1,0.438793,0.0864,0.3577,6,4,FALSE,FALSE,FALSE
"GENE0828","GENE0828_HUMAN","P07948","Protein GENE0828",-2.907,0.049669,0.010926,1.3461,1.9615,5,5,FALSE,FALSE,TRUE
"GENE1933","GENE1933_HUMAN","P08881","Protein GENE1933",0.3597,1,0.230009,0.1098,0.6383,3,4,TRUE,FALSE,FALSE
"GENE0905","GENE0905_HUMAN","P85954","Protein GENE0905",-0.1725,0.949051,0.247724,0.0855,0.606,3,5,TRUE,FALSE,FALSE
"GENE2510","GENE2510_HUMAN","P91547","Protein GENE2510",0.038,0.747046,0.47148,0,0.3265,5,3,FALSE,FALSE,FALSE
"GENE1565","GENE1565_HUMAN","P35170","Protein GENE1565",-0.1651,0.911472,0.726378,0,0.1388,2,6,FALSE,FALSE,FALSE
"GENE1002","GENE1002_HUMAN","P03386","Protein GENE1002",-0.3764,0.960389,0.862407,0,0.0643,4,5,FALSE,FALSE,FALSE
"GENE0612","GENE0612_HUMAN","P72125","Protein GENE0612",-0.1927,1,0.909246,0,0.0413,4,5,FALSE,FALSE,FALSE
"GENE1970","GENE1970_HUMAN","P97018","Protein GENE1970",0.0728,0.479716,0.219407,0.2217,0.6587,4,3,FALSE,FALSE,FALSE
"GENE1165","GENE1165_HUMAN","P95462","Protein GENE1165",0.0562,1,0.850853,0,0.0701,3,2,FALSE,TRUE,FALSE
"GENE2586","GENE2586_HUMAN","P94795","Protein GENE2586",-0.1131,1,0.595168,0,0.2254,4,4,FALSE,FALSE,FALSE
"GENE2429","GENE2429_HUMAN","P13923","Protein GENE2429",0.2646,0.990673,0.580772,0,0.236,6,4,FALSE,FALSE,FALSE
"GENE2259","GENE2259_HUMAN","P65907","Protein GENE2259",-0.4943,1,0.868251,0,0.0614,3,3,FALSE,FALSE,FALSE
"ASCC1","ASCC1_HUMAN","P81993","Protein ASCC1",2.6623,0.070418,0.034204,0.7962,1.4659,2,2,FALSE,FALSE,TRUE
"GENE0251","GENE0251_HUMAN","P72061","Protein GENE0251",0.6463,0.439477,0.151737,0.1672,0.8189,4,6,FALSE,FALSE,FALSE
"GENE2220","GENE2220_HUMAN","P61944","Protein GENE2220",-1.1952,0.839648,0.672128,0,0.1725,2,2,FALSE,FALSE,FALSE
"GENE1421","GENE1421_HUMAN","P73954","Protein GENE1421",0.0399,0.38646,0.278974,0,0.5544,5,2,FALSE,TRUE,FALSE
"GENE2416","GENE2416_HUMAN","P94449","Protein GENE2416",-1.0001,1,0.666562,0.0183,0.1762,3,5,FALSE,FALSE,FALSE
"GENE0652","GENE0652_HUMAN","P65381","Protein GENE0652",3.1659,0.099751,0.022969,1.4286,1.6389,2,2,FALSE,FALSE,TRUE
"GENE1211","GENE1211_HUMAN","P63382","Protein GENE1211",-1.1269,1,0.570749,0,0.2436,4,5,FALSE,FALSE,FALSE
"GENE2100","GENE2100_HUMAN","P06670","Protein GENE2100",0.0601,1,0.90097,0,0.0453,2,5,FALSE,FALSE,FALSE
"GENE2169","GENE2169_HUMAN","P26971","Protein GENE2169",-0.0569,1,0.761415,0,0.1184,3,5,TRUE,FALSE,FALSE
"GENE2435","GENE2435_HUMAN","P97707","Protein GENE2435",0.3738,1,0.82938,0,0.0812,5,3,FALSE,FALSE,FALSE
"GENE0212","GENE0212_HUMAN","P67527","Protein GENE0212",0.683,0.715573,0.257616,0.3207,0.589,4,6,TRUE,FALSE,FALSE
"GENE1937","GENE1937_HUMAN","P18544","Protein GENE1937",0.3856,1,0.707486,0,0.1503,5,5,FALSE,FALSE,FALSE
"GENE0404","GENE0404_HUMAN","P16138","Protein GENE0404",-0.1402,1,0.648529,0.1093,0.1881,6,5,FALSE,FALSE,FALSE
"GENE0097","GENE0097_HUMAN","P17494","Protein GENE0097",-0.3498,1,0.536858,0,0.2701,2,5,FALSE,FALSE,FALSE
"GENE1506","GENE1506_HUMAN","P72392","Protein GENE1506",0.3605,1,0.66278,0.0956,0.1786,4,4,FALSE,FALSE,FALSE
"GENE2413","GENE2413_HUMAN","P76791","Protein GENE2413",-0.0924,1,0.605499,0.0998,0.2179,2,5,FALSE,FALSE,FALSE
"GENE0850","GENE0850_HUMAN","P06857","Protein GENE0850",0.4005,1,0.823796,0,0.0842,6,2,FALSE,FALSE,FALSE
"GENE1337","GENE1337_HUMAN","P36400","Protein GENE1337",-0.2867,1,0.79106,0,0.1018,2,3,FALSE,FALSE,FALSE
"GENE1950","GENE1950_HUMAN","P25927","Protein GENE1950",-0.0524,1,0.899186,0,0.0462,6,4,FALSE,FALSE,FALSE
"GENE2757","GENE2757_HUMAN","P69273","Protein GENE2757",-0.0337,1,0.981783,0,0.008,4,3,FALSE,TRUE,FALSE
"GENE1158","GENE1158_HUMAN","P59258","Protein GENE1158",0.8417,0.921991,0.766479,0,0.1155,5,6,FALSE,FALSE,FALSE
"GENE0353","GENE0353_HUMAN","P98231","Protein GENE0353",-0.291,1,0.768343,0.0224,0.1144,4,4,FALSE,FALSE,FALSE
"GENE1014","GENE1014_HUMAN","P67572","Protein GENE1014",-0.3314,0.16573,0.108887,0.8965,0.963,5,5,FALSE,FALSE,FALSE
"GENE0974","GENE0974_HUMAN","P14415","Protein GENE0974",0.088,0.363348,0.217068,0.2754,0.6634,5,2,TRUE,FALSE,FALSE
"GENE2283","GENE2283_HUMAN","P00452","Protein GENE2283",-0.4682,1,0.958707,0,0.0183,6,3,TRUE,FALSE,FALSE
"GENE1941","GENE1941_HUMAN","P14248","Protein GENE1941",-2.3961,0.085062,0.042763,1.1951,1.3689,5,3,FALSE,FALSE,TRUE
"GENE1587","GENE1587_HUMAN","P63769","Protein GENE1587",-0.2331,0.25089,0.196318,0.197,0.707,2,5,FALSE,FALSE,FALSE
"GENE0426","GENE0426_HUMAN","P33929","Protein GENE0426",-0.0403,1,0.385895,0,0.4135,2,5,FALSE,FALSE,FALSE
"GENE1118","GENE1118_HUMAN","P72327","Protein GENE1118",0.2882,1,0.786511,0,0.1043,6,6,FALSE,FALSE,FALSE
"GENE2007","GENE2007_HUMAN","P02460","Protein GENE2007",0.4505,1,0.385926,0.1153,0.4135,6,3,FALSE,FALSE,FALSE
"GENE0873","GENE0873_HUMAN","P19336","Protein GENE0873",-0.4648,1,0.97357,0,0.0116,2,2,FALSE,FALSE,FALSE
"GENE2419","GENE2419_HUMAN","P17919","Protein GENE2419",0.1619,1,0.916213,0,0.038,4,3,TRUE,FALSE,FALSE
"GENE1125","GENE1125_HUMAN","P17327","Protein GENE1125",-0.2512,1,0.990577,0,0.0041,6,5,FALSE,FALSE,FALSE
"GENE1725","GENE1725_HUMAN","P05747","Protein GENE1725",0.3192,0.973691,0.234927,0,0.6291,4,3,FALSE,FALSE,FALSE
"GENE0692","GENE0692_HUMAN","P69915","Protein GENE0692",-0.969,1,0.510574,0.2108,0.2919,4,6,FALSE,FALSE,FALSE
"GENE2403","GENE2403_HUMAN","P74225","Protein GENE2403",-2.1851,0.022101,0.009093,1.4658,2.0413,5,2,FALSE,FALSE,TRUE
"GENE0282","GENE0282_HUMAN","P72752","Protein GENE0282",0.6008,1,0.956821,0,0.0192,5,2,FALSE,TRUE,FALSE
"GENE0614","GENE0614_HUMAN","P01247","Protein GENE0614",-0.3094,1,0.420143,0,0.3766,5,5,FALSE,TRUE,FALSE
"GENE1138","GENE1138_HUMAN","P10449","Protein GENE1138",0.0338,0.441084,0.172741,0.1166,0.7626,6,3,FALSE,FALSE,FALSE
"GENE2492","GENE2492_HUMAN","P38100","Protein GENE2492",-0.5142,1,0.38436,0,0.4153,5,2,FALSE,FALSE,FALSE
"GENE2612","GENE2612_HUMAN","P26044","Protein GENE2612",0.079,1,0.781544,0,0.107,5,2,FALSE,FALSE,FALSE
"GENE0314","GENE0314_HUMAN","P79631","Protein GENE0314",-0.1241,0.23263,0.227143,0.1345,0.6437,2,4,FALSE,FALSE,FALSE
"GENE2295","GENE2295_HUMAN","P36597","Protein GENE2295",0.3693,0.337466,0.215792,0,0.666,3,3,TRUE,FALSE,FALSE
"GENE2002","GENE2002_HUMAN","P00332","Protein GENE2002",0.242,1,0.962475,0,0.0166,5,3,FALSE,FALSE,FALSE
"GENE0304","GENE0304_HUMAN","P72491","Protein GENE0304",-0.2485,0.253526,0.134184,0.3186,0.8723,6,2,FALSE,FALSE,FALSE
"GENE2017","GENE2017_HUMAN","P68828","Protein GENE2017",0.5471,0.462756,0.457876,0,0.3393,5,2,FALSE,FALSE,FALSE
"GENE1368","GENE1368_HUMAN","P88521","Protein GENE1368",-0.3197,0.881479,0.337984,0,0.4711,4,3,TRUE,FALSE,FALSE
"GENE2378","GENE2378_HUMAN","P74493","Protein GENE2378",0.0086,1,0.291319,0,0.5356,6,4,FALSE,FALSE,FALSE
"GENE2125","GENE2125_HUMAN","P80962","Protein GENE2125",-0.3809,0.816158,0.375463,0.1622,0.4254,5,5,FALSE,FALSE,FALSE
"GENE0776","GENE0776_HUMAN","P57282","Protein GENE0776",1.3876,0.138578,0.032448,0.8523,1.4888,2,4,FALSE,TRUE,TRUE
"GENE0629","GENE0629_HUMAN","P71518","Protein GENE0629",0.2391,1,0.91991,0,0.0363,2,2,FALSE,FALSE,FALSE
"GENE0106","GENE0106_HUMAN","P35045","Protein GENE0106",0.3878,0.962274,0.198972,0.1012,0.7012,4,3,FALSE,FALSE,FALSE
"GENE2439","GENE2439_HUMAN","P46702","Protein GENE2439",-0.2166,1,0.705959,0,0.1512,4,4,FALSE,FALSE,FALSE
"GENE1448","GENE1448_HUMAN","P96743","Protein GENE1448",-0.06,1,0.424875,0.2622,0.3717,5,4,FALSE,FALSE,FALSE
"GENE1006","GENE1006_HUMAN","P02303","Protein GENE1006",-0.4348,1,0.932786,0,0.0302,6,3,TRUE,TRUE,FALSE
"GENE2474","GENE2474_HUMAN","P18197","Protein GENE2474",-0.1007,1,0.539042,0,0.2684,5,5,FALSE,FALSE,FALSE
"GENE1589","GENE1589_HUMAN","P14486","Protein GENE1589",0.671,0.430302,0.171667,0.1661,0.7653,5,6,FALSE,FALSE,FALSE
"GENE2115","GENE2115_HUMAN","P31337","Protein GENE2115",-0.0824,0.954813,0.639371,0,0.1942,5,6,TRUE,FALSE,FALSE
"GENE0744","GENE0744_HUMAN","P95485","Protein GENE0744",-0.2183,0.50787,0.177313,0.6771,0.7513,4,3,FALSE,FALSE,FALSE
"GENE2358","GENE2358_HUMAN","P89808","Protein GENE2358",4.4479,0.072362,0.021102,1.1118,1.6757,5,2,FALSE,FALSE,TRUE
"GENE1428","GENE1428_HUMAN","P62960","Protein GENE1428",0.1829,1,0.607425,0.2156,0.2165,2,6,FALSE,FALSE,FALSE
"GENE0669","GENE0669_HUMAN","P60538","Protein GENE0669",0.2718,1,0.343214,0.3884,0.4644,5,5,FALSE,TRUE,FALSE
"GENE2289","GENE2289_HUMAN","P06374","Protein GENE2289",0.464,1,0.745014,0,0.1278,3,6,FALSE,FALSE,FALSE
"GENE0720","GENE0720_HUMAN","P22175","Protein GENE0720",-0.2395,0.914354,0.661634,0.1323,0.1794,2,2,FALSE,FALSE,FALSE
"GENE2078","GENE2078_HUMAN","P78448","Protein GENE2078",-0.1867,1,0.294705,0.0022,0.5306,5,5,FALSE,TRUE,FALSE
"GENE1767","GENE1767_HUMAN","P96298","Protein GENE1767",0.528,1,0.779758,0,0.108,5,5,FALSE,FALSE,FALSE
"GENE2895","GENE2895_HUMAN","P67525","Protein GENE2895",-0.302,1,0.955261,0,0.0199,4,2,FALSE,FALSE,FALSE
"GENE2548","GENE2548_HUMAN","P40127","Protein GENE2548",-0.2915,1,0.607934,0,0.2161,4,2,FALSE,FALSE,FALSE
"GENE1385","GENE1385_HUMAN","P22717","Protein GENE1385",0.3335,1,0.876742,0,0.0571,3,2,FALSE,FALSE,FALSE
"GENE2105","GENE2105_HUMAN","P59904","Protein GENE2105",0.0061,1,0.452896,0,0.344,5,3,FALSE,FALSE,FALSE
"GENE2838","GENE2838_HUMAN","P12398","Protein GENE2838",-0.1086,0.638029,0.252351,0,0.598,4,3,FALSE,FALSE,FALSE
"GENE0444","GENE0444_HUMAN","P11910","Protein GENE0444",-3.929,0.201018,0.048686,1.1834,1.3126,5,4,FALSE,FALSE,TRUE
"GENE1948","GENE1948_HUMAN","P32860","Protein GENE1948",-0.2813,0.376717,0.109144,0.5928,0.962,3,3,FALSE,FALSE,FALSE
"GENE0443","GENE0443_HUMAN","P89292","Protein GENE0443",-0.101,1,0.642592,0,0.1921,4,5,FALSE,FALSE,FALSE
"GENE2001","GENE2001_HUMAN","P91537","Protein GENE2001",-1.0612,1,0.481724,0.2124,0.3172,4,2,FALSE,FALSE,FALSE
"GENE1969","GENE1969_HUMAN","P23311","Protein GENE1969",0.1666,0.793231,0.452215,0,0.3447,2,2,FALSE,FALSE,FALSE
"GENE1267","GENE1267_HUMAN","P46391","Protein GENE1267",0.3353,1,0.746727,0,0.1268,5,2,FALSE,FALSE,FALSE
"GENE2580","GENE2580_HUMAN","P63277","Protein GENE2580",0.0538,0.792485,0.561255,0,0.2508,3,6,FALSE,FALSE,FALSE
"GENE1586","GENE1586_HUMAN","P52143","Protein GENE1586",0.6287,0.539069,0.194443,0.4192,0.7112,6,6,FALSE,FALSE,FALSE
"GENE0227","GENE0227_HUMAN","P18776","Protein GENE0227",0.592,1,0.62767,0,0.2023,4,3,FALSE,FALSE,FALSE
"GENE1646","GENE1646_HUMAN","P79012","Protein GENE1646",-0.0278,1,0.903184,0,0.0442,6,5,FALSE,FALSE,FALSE
"GENE2024","GENE2024_HUMAN","P60466","Protein GENE2024",0.4259,0.563814,0.478993,0,0.3197,2,3,TRUE,FALSE,FALSE
"GENE1038","GENE1038_HUMAN","P40727","Protein GENE1038",-0.2287,1,0.282952,0.2633,0.5483,2,6,FALSE,FALSE,FALSE
"GENE0599","GENE0599_HUMAN","P10060","Protein GENE0599",-0.1202,0.501462,0.231409,0,0.6356,4,4,FALSE,FALSE,FALSE
"GENE0089","GENE0089_HUMAN","P90381","Protein GENE0089",0.487,1,0.436543,0,0.36,2,2,FALSE,TRUE,FALSE
"GENE1701","GENE1701_HUMAN","P71483","Protein GENE1701",0.2928,0.798657,0.17327,0.17,0.7613,3,4,FALSE,FALSE,FALSE
"GENE1549","GENE1549_HUMAN","P07863","Protein GENE1549",0.1729,0.976147,0.462621,0,0.3348,4,3,FALSE,FALSE,FALSE
"GENE0043","GENE0043_HUMAN","P30404","Protein GENE0043",-0.1351,1,0.701082,0,0.1542,4,4,FALSE,FALSE,FALSE
"GENE2029","GENE2029_HUMAN","P15069","Protein GENE2029",0.3042,1,0.600362,0,0.2216,2,4,FALSE,FALSE,FALSE
"GENE2232","GENE2232_HUMAN","P60303","Protein GENE2232",-0.1794,0.808442,0.200583,0.0473,0.6977,4,4,FALSE,FALSE,FALSE
"GENE0541","GENE0541_HUMAN","P25343","Protein GENE0541",-0.1883,1,0.365435,0,0.4372,3,5,FALSE,TRUE,FALSE
"GENE0373","GENE0373_HUMAN","P89363","Protein GENE0373",0.3036,1,0.895082,0,0.0481,2,3,FALSE,FALSE,FALSE
"GENE1675","GENE1675_HUMAN","P96287","Protein GENE1675",-0.216,0.328126,0.075643,0.9728,1.1212,2,5,FALSE,FALSE,FALSE
"GENE2789","GENE2789_HUMAN","P50004","Protein GENE2789",0.4798,1,0.34632,0,0.4605,5,6,FALSE,FALSE,FALSE
"GENE1254","GENE1254_HUMAN","P72614","Protein GENE1254",0.2229,0.8087,0.726077,0,0.139,3,3,FALSE,FALSE,FALSE
"GENE2343","GENE2343_HUMAN","P73008","Protein GENE2343",0.3346,0.968338,0.963458,0,0.0162,3,4,FALSE,FALSE,FALSE
"GENE1167","GENE1167_HUMAN","P33852","Protein GENE1167",-0.6488,1,0.691299,0,0.1603,3,2,TRUE,FALSE,FALSE
"GENE0369","GENE0369_HUMAN","P66969","Protein GENE0369",0.7627,0.745841,0.337961,2e-04,0.4711,4,2,FALSE,FALSE,FALSE
"GENE1486","GENE1486_HUMAN","P75837","Protein GENE1486",0.0519,1,0.452273,0,0.3446,2,3,FALSE,FALSE,FALSE
"GENE1230","GENE1230_HUMAN","P62611","Protein GENE1230",-0.0588,0.687192,0.411354,0.3168,0.3858,2,2,FALSE,FALSE,FALSE
"GENE1179","GENE1179_HUMAN","P60219","Protein GENE1179",0.1206,1,0.382816,0.0041,0.417,6,5,FALSE,FALSE,FALSE
"GENE2472","GENE2472_HUMAN","P92928","Protein GENE2472",0.8563,0.895576,0.578908,0,0.2374,3,2,TRUE,FALSE,FALSE
"GENE0137","GENE0137_HUMAN","P39376","Protein GENE0137",-0.0952,1,0.950214,0,0.0222,5,2,FALSE,FALSE,FALSE
"GENE0564","GENE0564_HUMAN","P73355","Protein GENE0564",-0.6879,0.04495,0.02543,1.0954,1.5947,4,3,FALSE,TRUE,TRUE
"GENE1430","GENE1430_HUMAN","P28351","Protein GENE1430",0.5645,1,0.391937,0.3076,0.4068,2,6,FALSE,FALSE,FALSE
"GENE1854","GENE1854_HUMAN","P15066","Protein GENE1854",-0.0148,1,0.846182,0,0.0725,4,3,TRUE,FALSE,FALSE
"GENE1479","GENE1479_HUMAN","P23665","Protein GENE1479",-1.6317,0.113208,0.030603,1.1164,1.5142,6,5,FALSE,FALSE,TRUE
"GENE1233","GENE1233_HUMAN","P94402","Protein GENE1233",0.0672,0.878153,0.21411,0.2056,0.6694,2,4,FALSE,TRUE,FALSE
"GENE1454","GENE1454_HUMAN","P95374","Protein GENE1454",-0.8134,1,0.551354,0,0.2586,4,4,FALSE,FALSE,FALSE
"GENE0907","GENE0907_HUMAN","P11110","Protein GENE0907",0.3339,0.753228,0.28497,0.0388,0.5452,6,5,FALSE,FALSE,FALSE
"GENE1377","GENE1377_HUMAN","P07942","Protein GENE1377",-0.4145,1,0.861575,0,0.0647,4,2,FALSE,FALSE,FALSE
"GENE0730","GENE0730_HUMAN","P26969","Protein GENE0730",0.4511,1,0.546181,0.2366,0.2627,5,2,FALSE,FALSE,FALSE
"GENE0932","GENE0932_HUMAN","P96589","Protein GENE0932",-0.2069,1,0.647863,0,0.1885,5,4,FALSE,TRUE,FALSE
"GENE1405","GENE1405_HUMAN","P85954","Protein GENE1405",-0.2133,0.754212,0.704981,0,0.1518,2,5,FALSE,FALSE,FALSE
"GENE2140","GENE2140_HUMAN","P77189","Protein GENE2140",-0.0089,0.997811,0.255774,0.1757,0.5921,5,4,FALSE,FALSE,FALSE
"GENE0585","GENE0585_HUMAN","P76167","Protein GENE0585",-0.3929,1,0.87467,0,0.0582,5,6,FALSE,FALSE,FALSE
"GENE1095","GENE1095_HUMAN","P15754","Protein GENE1095",-0.2372,0.690146,0.30531,0.2115,0.5153,6,4,FALSE,FALSE,FALSE
"GENE2599","GENE2599_HUMAN","P98833","Protein GENE2599",0.201,1,0.71188,0,0.1476,5,6,FALSE,FALSE,FALSE
"GENE2366","GENE2366_HUMAN","P37242","Protein GENE2366",-0.0813,1,0.985506,0,0.0063,5,2,FALSE,TRUE,FALSE
"GENE1113","GENE1113_HUMAN","P42057","Protein GENE1113",-2.2752,0.12387,0.028901,0.9516,1.5391,2,6,FALSE,FALSE,TRUE
"GENE1819","GENE1819_HUMAN","P18319","Protein GENE1819",0.2472,0.830986,0.528982,0.2266,0.2766,4,3,FALSE,FALSE,FALSE
"GENE1951","GENE1951_HUMAN","P98848","Protein GENE1951",-1.0143,1,0.976741,0,0.0102,5,6,FALSE,FALSE,FALSE
"GENE0052","GENE0052_HUMAN","P81544","Protein GENE0052",-0.6407,1,0.47114,0.2306,0.3269,3,3,FALSE,FALSE,FALSE
"GENE1714","GENE1714_HUMAN","P97078","Protein GENE1714",0.824,0.268967,0.116867,0.4614,0.9323,4,6,TRUE,FALSE,FALSE
"GENE0839","GENE0839_HUMAN","P05758","Protein GENE0839",0.5999,0.163854,0.035147,1.0711,1.4541,3,6,FALSE,FALSE,TRUE
"GENE0463","GENE0463_HUMAN","P87280","Protein GENE0463",-0.5258,0.171195,0.083211,0.3866,1.0798,6,3,FALSE,FALSE,FALSE
"GENE2045","GENE2045_HUMAN","P16572","Protein GENE2045",-0.2975,0.451487,0.442091,0.1914,0.3545,6,5,FALSE,FALSE,FALSE
"GENE0749","GENE0749_HUMAN","P66302","Protein GENE0749",0.5491,0.236117,0.088443,0.71,1.0533,5,5,FALSE,FALSE,FALSE
"GENE2375","GENE2375_HUMAN","P55865","Protein GENE2375",0.2092,1,0.541049,0.0293,0.2668,5,3,FALSE,FALSE,FALSE
"GENE1020","GENE1020_HUMAN","P50661","Protein GENE1020",-0.1852,1,0.946989,0,0.0237,6,2,FALSE,FALSE,FALSE
"GENE1610","GENE1610_HUMAN","P01616","Protein GENE1610",-0.4799,0.418038,0.125777,0.8073,0.9004,6,5,FALSE,FALSE,FALSE
"GENE0317","GENE0317_HUMAN","P46198","Protein GENE0317",0.0876,0.333924,0.325594,0.194,0.4873,6,6,FALSE,FALSE,FALSE
"GENE0010","GENE0010_HUMAN","P38304","Protein GENE0010",0.2651,1,0.295934,0,0.5288,5,6,FALSE,FALSE,FALSE
"GENE2203","GENE2203_HUMAN","P11556","Protein GENE2203",-0.8985,1,0.446012,0,0.3507,3,5,FALSE,FALSE,FALSE
"GENE2841","GENE2841_HUMAN","P35372","Protein GENE2841",-0.9523,0.180208,0.087214,0.6298,1.0594,2,5,FALSE,FALSE,FALSE
"GENE2745","GENE2745_HUMAN","P38049","Protein GENE2745",-0.0614,1,0.388253,0,0.4109,6,5,TRUE,FALSE,FALSE
"GENE1894","GENE1894_HUMAN","P52928","Protein GENE1894",0.484,0.968845,0.902808,0,0.0444,5,5,TRUE,FALSE,FALSE
"GENE0109","GENE0109_HUMAN","P66613","Protein GENE0109",0.2017,0.225082,0.205361,0.1802,0.6875,5,4,FALSE,FALSE,FALSE
"GENE2178","GENE2178_HUMAN","P48136","Protein GENE2178",0.1078,0.258721,0.07304,0.5532,1.1364,2,3,FALSE,FALSE,FALSE
"GENE0260","GENE0260_HUMAN","P08713","Protein GENE0260",0.2509,1,0.62772,0,0.2022,5,2,TRUE,FALSE,FALSE
"GENE1137","GENE1137_HUMAN","P30916","Protein GENE1137",-0.1408,0.143,0.067142,0.4764,1.173,6,4,FALSE,FALSE,FALSE
"GENE0908","GENE0908_HUMAN","P38518","Protein GENE0908",0.3933,1,0.413482,0,0.3835,6,6,FALSE,TRUE,FALSE
"GENE1709","GENE1709_HUMAN","P07865","Protein GENE1709",0.2537,0.753389,0.199612,0.0932,0.6998,3,5,FALSE,FALSE,FALSE
"GENE2241","GENE2241_HUMAN","P57536","Protein GENE2241",-0.3507,1,0.505764,0,0.2961,4,6,FALSE,FALSE,FALSE
"GENE0036","GENE0036_HUMAN","P70922","Protein GENE0036",-0.3075,1,0.557962,0,0.2534,6,3,FALSE,FALSE,FALSE
"GENE1328","GENE1328_HUMAN","P82004","Protein GENE1328",-0.0241,1,0.698208,0.0258,0.156,5,3,FALSE,FALSE,FALSE
"GENE1114","GENE1114_HUMAN","P11151","Protein GENE1114",0.0143,1,0.269572,0,0.5693,2,2,FALSE,FALSE,FALSE
"GENE1180","GENE1180_HUMAN","P17540","Protein GENE1180",0.2169,1,0.649404,0,0.1875,6,2,FALSE,FALSE,FALSE
"GENE0677","GENE0677_HUMAN","P62322","Protein GENE0677",0.4364,1,0.912725,0,0.0397,3,3,FALSE,FALSE,FALSE
"GENE2879","GENE2879_HUMAN","P30351","Protein GENE2879",-0.0491,1,0.719004,0,0.1433,5,2,FALSE,FALSE,FALSE
"GENE2666","GENE2666_HUMAN","P16069","Protein GENE2666",-0.0506,1,0.472924,0,0.3252,3,3,FALSE,FALSE,FALSE
"GENE1213","GENE1213_HUMAN","P04923","Protein GENE1213",-0.0728,1,0.4447,0,0.3519,2,4,FALSE,TRUE,FALSE
"GENE2367","GENE2367_HUMAN","P24828","Protein GENE2367",-0.749,1,0.474136,0,0.3241,6,3,FALSE,FALSE,FALSE
"GENE1061","GENE1061_HUMAN","P49701","Protein GENE1061",0.1612,1,0.367109,0,0.4352,6,2,FALSE,FALSE,FALSE
"GENE0222","GENE0222_HUMAN","P51814","Protein GENE0222",0.1513,0.194884,0.060338,0.7342,1.2194,3,2,FALSE,FALSE,FALSE
"GENE0074","GENE0074_HUMAN","P52336","Protein GENE0074",0.2462,0.20066,0.073037,0.9423,1.1365,5,2,FALSE,FALSE,FALSE
"GENE1022","GENE1022_HUMAN","P77058","Protein GENE1022",2.739,0.093942,0.019436,1.1717,1.7114,5,4,FALSE,FALSE,TRUE
"GENE1036","GENE1036_HUMAN","P80326","Protein GENE1036",-0.1044,1,0.544274,0,0.2642,2,6,FALSE,FALSE,FALSE
"GENE1116","GENE1116_HUMAN","P00807","Protein GENE1116",-0.1218,1,0.55353,0,0.2569,4,2,TRUE,FALSE,FALSE
"GENE1402","GENE1402_HUMAN","P61666","Protein GENE1402",0.2256,1,0.922246,0,0.0352,3,5,FALSE,FALSE,FALSE
"GENE0191","GENE0191_HUMAN","P49572","Protein GENE0191",-0.2069,1,0.487704,0,0.3118,4,2,FALSE,FALSE,FALSE
"GENE1698","GENE1698_HUMAN","P03621","Protein GENE1698",-0.6014,1,0.50124,0.2283,0.3,2,6,FALSE,FALSE,FALSE
"GENE0039","GENE0039_HUMAN","P18026","Protein GENE0039",-0.034,1,0.601059,0,0.2211,3,2,FALSE,TRUE,FALSE
"GENE0423","GENE0423_HUMAN","P89986","Protein GENE0423",0.2306,1,0.939128,0,0.0273,2,5,FALSE,TRUE,FALSE
"GENE2535","GENE2535_HUMAN","P22562","Protein GENE2535",-0.2168,0.523521,0.518592,0,0.2852,4,2,FALSE,FALSE,FALSE
"GENE0593","GENE0593_HUMAN","P44095","Protein GENE0593",-0.4485,1,0.477947,0,0.3206,5,2,FALSE,FALSE,FALSE
"GENE0978","GENE0978_HUMAN","P10312","Protein GENE0978",-0.1849,1,0.521431,0,0.2828,4,2,FALSE,FALSE,FALSE
"GENE1740","GENE1740_HUMAN","P15441","Protein GENE1740",-0.3019,0.263581,0.071218,0.5945,1.1474,2,4,FALSE,FALSE,FALSE
"GENE1892","GENE1892_HUMAN","P63513","Protein GENE1892",-0.0525,0.468673,0.281417,0.0652,0.5506,4,6,FALSE,FALSE,FALSE
"GENE2133","GENE2133_HUMAN","P61636","Protein GENE2133",0.3035,1,0.980682,0,0.0085,3,5,FALSE,FALSE,FALSE
"GENE1361","GENE1361_HUMAN","P32656","Protein GENE1361",-0.1727,0.403387,0.103878,0.4991,0.9835,4,2,TRUE,FALSE,FALSE
"GENE1731","GENE1731_HUMAN","P37663","Protein GENE1731",-1.3755,0.100321,0.048928,0.8402,1.3104,2,5,FALSE,FALSE,TRUE
"GENE1331","GENE1331_HUMAN","P20283","Protein GENE1331",0.0475,1,0.838557,0,0.0765,4,3,FALSE,FALSE,FALSE
"GENE2262","GENE2262_HUMAN","P47841","Protein GENE2262",-0.1911,0.608546,0.446674,0,0.35,2,2,FALSE,FALSE,FALSE
"GENE0915","GENE0915_HUMAN","P65817","Protein GENE0915",0.5803,1,0.776824,0,0.1097,3,2,FALSE,FALSE,FALSE
"GENE0415","GENE0415_HUMAN","P47673","Protein GENE0415",0.1953,1,0.871282,0,0.0598,6,2,FALSE,FALSE,FALSE
"GENE2674","GENE2674_HUMAN","P84888","Protein GENE2674",-0.1781,1,0.620629,0,0.2072,5,4,FALSE,FALSE,FALSE
"GENE0256","GENE0256_HUMAN","P87407","Protein GENE0256",-0.3312,1,0.926219,0,0.0333,2,3,FALSE,FALSE,FALSE
"GENE0874","GENE0874_HUMAN","P98551","Protein GENE0874",0.0175,1,0.444911,0.092,0.3517,4,2,FALSE,FALSE,FALSE
"GENE0516","GENE0516_HUMAN","P96825","Protein GENE0516",0.2827,0.58941,0.136885,0.8339,0.8636,5,3,FALSE,FALSE,FALSE
"GENE0778","GENE0778_HUMAN","P66711","Protein GENE0778",0.2373,0.687645,0.169464,0.114,0.7709,5,2,TRUE,FALSE,FALSE
"GENE0078","GENE0078_HUMAN","P07807","Protein GENE0078",0.4011,1,0.974147,0,0.0114,2,4,FALSE,FALSE,FALSE
"GENE2522","GENE2522_HUMAN","P61428","Protein GENE2522",-0.5177,1,0.70912,0,0.1493,2,5,FALSE,FALSE,FALSE
"GENE0427","GENE0427_HUMAN","P17530","Protein GENE0427",-0.5249,1,0.656737,0,0.1826,5,3,FALSE,FALSE,FALSE
"GENE1088","GENE1088_HUMAN","P63485","Protein GENE1088",0.1473,1,0.782129,0,0.1067,4,5,FALSE,TRUE,FALSE
"GENE1101","GENE1101_HUMAN","P43801","Protein GENE1101",-0.2487,0.984434,0.444376,0,0.3522,2,2,FALSE,FALSE,FALSE
"GENE0081","GENE0081_HUMAN","P20552","Protein GENE0081",-0.1661,0.456156,0.127989,0.1994,0.8928,4,3,FALSE,FALSE,FALSE
"GENE0672","GENE0672_HUMAN","P61343","Protein GENE0672",0.077,0.45379,0.16293,0.563,0.788,3,6,FALSE,FALSE,FALSE
"GENE0560","GENE0560_HUMAN","P16943","Protein GENE0560",-0.1853,1,0.520006,0,0.284,6,3,FALSE,FALSE,FALSE
"GENE0132","GENE0132_HUMAN","P95201","Protein GENE0132",0.2586,1,0.912919,0,0.0396,3,6,FALSE,FALSE,FALSE
"DDX3","DDX3_HUMAN","P18893","Protein DDX3",0.2464,1,0.657657,0.0362,0.182,3,6,FALSE,FALSE,FALSE
"GENE2685","GENE2685_HUMAN","P14031","Protein GENE2685",0.2472,1,0.979141,0,0.0092,3,6,FALSE,TRUE,FALSE
"GENE0155","GENE0155_HUMAN","P86747","Protein GENE0155",0.1681,1,0.881759,0,0.0546,6,3,FALSE,FALSE,FALSE
"GENE1310","GENE1310_HUMAN","P32761","Protein GENE1310",3.0336,0.008856,0.005652,2.1117,2.2478,4,3,FALSE,FALSE,TRUE
"GENE2637","GENE2637_HUMAN","P05535","Protein GENE2637",0.702,0.347952,0.118567,0.5256,0.926,6,2,FALSE,FALSE,FALSE
"GENE1046","GENE1046_HUMAN","P60507","Protein GENE1046",-0.1247,1,0.269084,0.1228,0.5701,2,5,FALSE,FALSE,FALSE
"GENE1376","GENE1376_HUMAN","P84564","Protein GENE1376",-1.1112,0.800599,0.252765,0.2799,0.5973,3,6,TRUE,FALSE,FALSE
"GENE0401","GENE0401_HUMAN","P29624","Protein GENE0401",0.19,1,0.939666,0,0.027,5,3,FALSE,FALSE,FALSE
"GENE2622","GENE2622_HUMAN","P07048","Protein GENE2622",-0.499,1,0.561059,0,0.251,3,2,FALSE,FALSE,FALSE
"GENE0111","GENE0111_HUMAN","P67038","Protein GENE0111",-0.2692,1,0.972224,0,0.0122,3,2,FALSE,FALSE,FALSE
"GENE0168","GENE0168_HUMAN","P72549","Protein GENE0168",-0.509,0.502838,0.362443,0,0.4408,5,5,TRUE,FALSE,FALSE
"GENE2055","GENE2055_HUMAN","P88146","Protein GENE2055",0.5383,0.789479,0.268229,0,0.5715,3,6,FALSE,FALSE,FALSE
"GENE2723","GENE2723_HUMAN","P55602","Protein GENE2723",1.1056,1,0.900837,0,0.0454,2,3,FALSE,FALSE,FALSE
"GENE1160","GENE1160_HUMAN","P30434","Protein GENE1160",-0.2913,0.459024,0.270524,0.1205,0.5678,2,2,FALSE,FALSE,FALSE
"GENE0980","GENE0980_HUMAN","P37000","Protein GENE0980",0.0549,1,0.510312,0,0.2922,2,4,FALSE,FALSE,FALSE
"GENE1471","GENE1471_HUMAN","P40906","Protein GENE1471",2.271,0.128722,0.047578,0.9098,1.3226,4,4,FALSE,FALSE,TRUE
"GENE2306","GENE2306_HUMAN","P03166","Protein GENE2306",0.1489,1,0.937835,0,0.0279,5,4,FALSE,FALSE,FALSE
"GENE1931","GENE1931_HUMAN","P90240","Protein GENE1931",-0.5996,1,0.930989,0,0.0311,5,3,FALSE,FALSE,FALSE
"GENE0331","GENE0331_HUMAN","P72603","Protein GENE0331",-0.1234,1,0.417581,0,0.3793,3,5,FALSE,FALSE,FALSE
"GENE2573","GENE2573_HUMAN","P03511","Protein GENE2573",2.919,0.038563,0.014805,1.2675,1.8296,4,5,FALSE,TRUE,TRUE
"GENE0225","GENE0225_HUMAN","P17178","Protein GENE0225",-0.1316,1,0.549046,0.0872,0.2604,4,6,FALSE,FALSE,FALSE
"GENE1026","GENE1026_HUMAN","P60371","Protein GENE1026",0.4708,1,0.338391,0.1971,0.4706,4,6,FALSE,FALSE,FALSE
"GENE0412","GENE0412_HUMAN","P92842","Protein GENE0412",1.9178,0.148578,0.031478,1.1988,1.502,5,4,FALSE,FALSE,TRUE
"GENE1920","GENE1920_HUMAN","P63181","Protein GENE1920",0.0983,1,0.525095,0,0.2798,2,2,FALSE,FALSE,FALSE
"GENE1200","GENE1200_HUMAN","P96874","Protein GENE1200",-0.7961,1,0.625838,0.1991,0.2035,5,3,FALSE,FALSE,FALSE
"GENE2520","GENE2520_HUMAN","P30997","Protein GENE2520",-0.3439,1,0.965683,0,0.0152,3,4,TRUE,FALSE,FALSE
"GENE2339","GENE2339_HUMAN","P59894","Protein GENE2339",0.1098,1,0.735798,0,0.1332,2,2,FALSE,FALSE,FALSE
"GENE0120","GENE0120_HUMAN","P03241","Protein GENE0120",0.084,0.731949,0.191365,0.2204,0.7181,2,3,FALSE,FALSE,FALSE
"GENE0900","GENE0900_HUMAN","P70962","Protein GENE0900",0.1599,0.805888,0.256603,0.0046,0.5907,5,6,FALSE,FALSE,FALSE
"GENE2441","GENE2441_HUMAN","P08329","Protein GENE2441",0.8157,0.432342,0.214122,0.2902,0.6693,3,4,TRUE,FALSE,FALSE
"GENE2740","GENE2740_HUMAN","P33019","Protein GENE2740",0.3417,1,0.344872,0.1446,0.4623,4,6,FALSE,FALSE,FALSE
"GENE2469","GENE2469_HUMAN","P66339","Protein GENE2469",0.1622,1,0.783327,0,0.1061,5,5,FALSE,FALSE,FALSE
"GENE1961","GENE1961_HUMAN","P26257","Protein GENE1961",0.1244,1,0.441185,0,0.3554,6,4,FALSE,FALSE,FALSE
"GENE1523","GENE1523_HUMAN","P42977","Protein GENE1523",0.3411,1,0.799443,0,0.0972,5,4,TRUE,FALSE,FALSE
"GENE1668","GENE1668_HUMAN","P93791","Protein GENE1668",-0.6001,0.742271,0.285832,0,0.5439,3,6,FALSE,TRUE,FALSE
"GENE0889","GENE0889_HUMAN","P70520","Protein GENE0889",0.1979,1,0.335196,0,0.4747,3,6,FALSE,FALSE,FALSE
"GENE1219","GENE1219_HUMAN","P25990","Protein GENE1219",-0.4068,1,0.681508,0.0576,0.1665,6,3,TRUE,FALSE,FALSE
"GENE2074","GENE2074_HUMAN","P43418","Protein GENE2074",-0.2904,0.379082,0.357915,0.361,0.4462,5,6,FALSE,TRUE,FALSE
"GENE2072","GENE2072_HUMAN","P91485","Protein GENE2072",-0.2981,1,0.372644,0.0704,0.4287,2,3,FALSE,TRUE,FALSE
"GENE1922","GENE1922_HUMAN","P02666","Protein GENE1922",0.4126,1,0.909416,0,0.0412,6,6,FALSE,FALSE,FALSE
"GENE1436","GENE1436_HUMAN","P71542","Protein GENE1436",-0.2026,0.838978,0.516545,0,0.2869,2,4,FALSE,FALSE,FALSE
"GENE2885","GENE2885_HUMAN","P97715","Protein GENE2885",-1.5152,0.065658,0.022486,1.4264,1.6481,2,6,FALSE,TRUE,TRUE
"GENE0930","GENE0930_HUMAN","P29573","Protein GENE0930",0.8444,0.548529,0.274488,0.2181,0.5615,5,2,FALSE,FALSE,FALSE
"GENE2236","GENE2236_HUMAN","P20854","Protein GENE2236",-0.4579,0.630137,0.328039,0,0.4841,2,6,FALSE,FALSE,FALSE
"GENE2271","GENE2271_HUMAN","P52415","Protein GENE2271",-0.6798,1,0.742145,0.0276,0.1295,3,5,FALSE,FALSE,FALSE
"GENE2323","GENE2323_HUMAN","P39210","Protein GENE2323",-0.128,0.830703,0.578512,0,0.2377,3,3,FALSE,FALSE,FALSE
"GENE1721","GENE1721_HUMAN","P14258","Protein GENE1721",0.2057,1,0.731616,0,0.1357,2,5,TRUE,FALSE,FALSE
"GENE0845","GENE0845_HUMAN","P22736","Protein GENE0845",-0.7824,0.223936,0.04526,0.7232,1.3443,3,3,TRUE,FALSE,TRUE
"GENE0523","GENE0523_HUMAN","P18259","Protein GENE0523",-0.4342,0.948292,0.587312,0,0.2311,4,4,FALSE,FALSE,FALSE
"GENE1133","GENE1133_HUMAN","P61748","Protein GENE1133",-0.0963,0.6656,0.284866,0.0258,0.5454,4,4,FALSE,FALSE,FALSE
"GENE1357","GENE1357_HUMAN","P97920","Protein GENE1357",-0.0245,0.376603,0.352206,0.2841,0.4532,3,2,FALSE,FALSE,FALSE
"GENE0848","GENE0848_HUMAN","P09744","Protein GENE0848",-0.2022,0.766673,0.427158,0,0.3694,2,5,FALSE,FALSE,FALSE
"GENE1734","GENE1734_HUMAN","P68809","Protein GENE1734",0.3843,1,0.755658,0.0691,0.1217,5,6,FALSE,FALSE,FALSE
"GENE1848","GENE1848_HUMAN","P50450","Protein GENE1848",1.0444,0.592851,0.371691,0,0.4298,4,4,FALSE,FALSE,FALSE
"GENE1768","GENE1768_HUMAN","P64605","Protein GENE1768",-0.6244,0.518297,0.316859,0.3502,0.4991,5,4,FALSE,FALSE,FALSE
"GENE2038","GENE2038_HUMAN","P47375","Protein GENE2038",-0.3868,0.560375,0.126433,0.5445,0.8981,2,6,FALSE,FALSE,FALSE
"GENE2814","GENE2814_HUMAN","P27010","Protein GENE2814",0.6722,0.289152,0.185254,0.3337,0.7322,3,3,FALSE,FALSE,FALSE
"GENE1181","GENE1181_HUMAN","P40307","Protein GENE1181",-0.329,1,0.55061,0,0.2592,5,6,FALSE,FALSE,FALSE
"GENE2013","GENE2013_HUMAN","P36461","Protein GENE2013",-0.495,1,0.470126,0,0.3278,2,3,FALSE,FALSE,FALSE
"GENE0056","GENE0056_HUMAN","P68859","Protein GENE0056",-0.5559,0.942867,0.301407,0.4766,0.5208,4,2,FALSE,FALSE,FALSE
"GENE2560","GENE2560_HUMAN","P74454","Protein GENE2560",0.1536,1,0.688226,0,0.1623,6,4,FALSE,FALSE,FALSE
"GENE0865","GENE0865_HUMAN","P32671","Protein GENE0865",-0.4217,0.313164,0.111591,0.3158,0.9524,3,6,FALSE,FALSE,FALSE
"GENE1995","GENE1995_HUMAN","P56224","Protein GENE1995",0.2948,0.764048,0.358877,0.06,0.4451,2,5,FALSE,FALSE,FALSE
"GENE1798","GENE1798_HUMAN","P38287","Protein GENE1798",-0.1297,0.415606,0.170044,0.0898,0.7694,5,2,FALSE,FALSE,FALSE
"GENE2747","GENE2747_HUMAN","P68684","Protein GENE2747",0.5688,1,0.660694,0,0.18,4,6,FALSE,FALSE,FALSE
"GENE2645","GENE2645_HUMAN","P14626","Protein GENE2645",-0.0069,1,0.955972,0,0.0196,3,6,FALSE,FALSE,FALSE
"GENE1839","GENE1839_HUMAN","P25632","Protein GENE1839",-0.2099,1,0.35219,0,0.4532,6,6,FALSE,FALSE,FALSE
"GENE1482","GENE1482_HUMAN","P07774","Protein GENE1482",-0.3431,1,0.529414,0,0.2762,6,2,FALSE,FALSE,FALSE
"GENE0196","GENE0196_HUMAN","P74147","Protein GENE0196",-0.4484,0.143004,0.133968,0.373,0.873,5,2,FALSE,FALSE,FALSE
"GENE0301","GENE0301_HUMAN","P22262","Protein GENE0301",0.3464,0.856983,0.432115,0.264,0.3644,2,5,FALSE,FALSE,FALSE
"GENE2516","GENE2516_HUMAN","P83795","Protein GENE2516",0.6791,0.659047,0.134385,0.5295,0.8717,6,5,FALSE,FALSE,FALSE
"GENE0127","GENE0127_HUMAN","P04561","Protein GENE0127",0.041,0.974228,0.452207,0,0.3447,6,5,FALSE,FALSE,FALSE
"GENE0631","GENE0631_HUMAN","P04766","Protein GENE0631",-2.3819,0.107507,0.026958,0.9406,1.5693,3,6,FALSE,FALSE,TRUE
"GENE1338","GENE1338_HUMAN","P72746","Protein GENE1338",0.1819,1,0.727431,0.0486,0.1382,2,2,FALSE,FALSE,FALSE
"GENE0726","GENE0726_HUMAN","P34994","Protein GENE0726",-0.9535,1,0.997419,0,0.0011,5,6,FALSE,FALSE,FALSE
"GENE2406","GENE2406_HUMAN","P51348","Protein GENE2406",0.2394,1,0.871477,0.0335,0.0597,6,3,FALSE,FALSE,FALSE
"GENE1064","GENE1064_HUMAN","P82764","Protein GENE1064",0.3982,0.500941,0.212924,0.1842,0.6718,6,4,FALSE,FALSE,FALSE
"GENE0829","GENE0829_HUMAN","P61405","Protein GENE0829",3.2813,0.104366,0.037338,0.8389,1.4278,4,4,TRUE,FALSE,TRUE
"GENE1799","GENE1799_HUMAN","P00450","Protein GENE1799",-0.1945,1,0.650244,0,0.1869,6,5,TRUE,FALSE,FALSE
"GENE0246","GENE0246_HUMAN","P02746","Protein GENE0246",1.0421,0.650402,0.134806,0.3584,0.8703,3,6,FALSE,FALSE,FALSE
"GENE1529","GENE1529_HUMAN","P63453","Protein GENE1529",-0.2799,1,0.609601,0,0.215,5,2,FALSE,FALSE,FALSE
"GENE0511","GENE0511_HUMAN","P35495","Protein GENE0511",0.5076,1,0.300219,0.1481,0.5226,3,4,FALSE,FALSE,FALSE
"GENE2746","GENE2746_HUMAN","P99938","Protein GENE2746",-0.4086,0.077811,0.077726,0.4469,1.1094,4,5,FALSE,FALSE,FALSE
"GENE0508","GENE0508_HUMAN","P34229","Protein GENE0508",0.0695,1,0.774086,0,0.1112,5,3,TRUE,FALSE,FALSE
"GENE0964","GENE0964_HUMAN","P15517","Protein GENE0964",-0.4953,1,0.86846,0,0.0612,6,4,FALSE,FALSE,FALSE
"GENE1980","GENE1980_HUMAN","P98344","Protein GENE1980",0.3959,0.693127,0.192872,0.6884,0.7147,6,5,FALSE,FALSE,FALSE
"GENE1263","GENE1263_HUMAN","P02258","Protein GENE1263",-0.2387,0.684835,0.348266,0,0.4581,5,2,TRUE,FALSE,FALSE
"GENE2595","GENE2595_HUMAN","P21961","Protein GENE2595",-0.1224,1,0.966937,0,0.0146,5,2,FALSE,FALSE,FALSE
"GENE2411","GENE2411_HUMAN","P86639","Protein GENE2411",-0.3158,1,0.994319,0,0.0025,2,5,FALSE,FALSE,FALSE
"GENE1424","GENE1424_HUMAN","P37378","Protein GENE1424",-2.5629,0.043778,0.024901,1.2498,1.6038,5,5,FALSE,FALSE,TRUE
"GENE1736","GENE1736_HUMAN","P31532","Protein GENE1736",2.4935,0.060431,0.014701,1.6046,1.8327,4,3,FALSE,FALSE,TRUE
"GENE1828","GENE1828_HUMAN","P66537","Protein GENE1828",-0.0037,0.326451,0.089763,0.4283,1.0469,4,3,FALSE,FALSE,FALSE
"GENE1217","GENE1217_HUMAN","P72786","Protein GENE1217",0.0879,1,0.394733,0,0.4037,3,5,FALSE,FALSE,FALSE
"GENE2559","GENE2559_HUMAN","P49243","Protein GENE2559",0.1667,1,0.364046,0.0403,0.4388,5,4,FALSE,FALSE,FALSE
"GENE1300","GENE1300_HUMAN","P30102","Protein GENE1300",0.624,1,0.806825,0,0.0932,6,3,FALSE,TRUE,FALSE
"GENE1062","GENE1062_HUMAN","P18410","Protein GENE1062",0.4708,0.525403,0.317744,0,0.4979,2,6,FALSE,TRUE,FALSE
"GENE2451","GENE2451_HUMAN","P96052","Protein GENE2451",-3.2564,0.020543,0.006033,2.0834,2.2194,2,3,FALSE,FALSE,TRUE
"GENE1049","GENE1049_HUMAN","P01379","Protein GENE1049",0.4881,0.520946,0.50603,0,0.2958,5,3,FALSE,FALSE,FALSE
"GENE0164","GENE0164_HUMAN","P03519","Protein GENE0164",-0.2641,1,0.414417,0.1348,0.3826,4,3,FALSE,FALSE,FALSE
"GENE0642","GENE0642_HUMAN","P09861","Protein GENE0642",-0.0961,1,0.984873,0,0.0066,5,3,FALSE,FALSE,FALSE
"GENE2165","GENE2165_HUMAN","P20454","Protein GENE2165",-0.3149,1,0.95829,0,0.0185,2,3,FALSE,FALSE,FALSE
"GENE1968","GENE1968_HUMAN","P32734","Protein GENE1968",0.017,1,0.362318,0,0.4409,3,4,FALSE,FALSE,FALSE
"GENE0963","GENE0963_HUMAN","P99746","Protein GENE0963",-0.3995,0.942988,0.383756,0,0.4159,5,2,FALSE,FALSE,FALSE
"GENE1417","GENE1417_HUMAN","P92528","Protein GENE1417",3.9337,0.19203,0.041539,1.2279,1.3815,4,4,FALSE,FALSE,TRUE
"GENE2628","GENE2628_HUMAN","P64988","Protein GENE2628",0.0419,1,0.8427,0,0.0743,5,6,FALSE,FALSE,FALSE
"GENE0910","GENE0910_HUMAN","P09132","Protein GENE0910",-0.1191,1,0.816725,0,0.0879,2,5,FALSE,TRUE,FALSE
"GENE0160","GENE0160_HUMAN","P55958","Protein GENE0160",0.7652,0.711317,0.191372,0.035,0.7181,3,6,FALSE,FALSE,FALSE
"GENE1511","GENE1511_HUMAN","P44681","Protein GENE1511",-0.3014,0.831092,0.247449,0.4655,0.6065,4,6,FALSE,FALSE,FALSE
"GENE1146","GENE1146_HUMAN","P44950","Protein GENE1146",-0.0282,0.617999,0.140669,0.1722,0.8518,2,5,FALSE,FALSE,FALSE
"GENE1271","GENE1271_HUMAN","P51472","Protein GENE1271",-0.2398,0.45022,0.255887,0.1652,0.592,6,2,TRUE,FALSE,FALSE
"GENE2625","GENE2625_HUMAN","P82845","Protein GENE2625",-0.6439,1,0.701798,0,0.1538,6,6,FALSE,FALSE,FALSE
"GENE0929","GENE0929_HUMAN","P65172","Protein GENE0929",0.5892,0.124626,0.104497,0.3973,0.9809,6,4,FALSE,FALSE,FALSE
"GENE1652","GENE1652_HUMAN","P89192","Protein GENE1652",-0.2934,1,0.938199,0,0.0277,2,4,FALSE,FALSE,FALSE
"GENE0474","GENE0474_HUMAN","P50031","Protein GENE0474",-0.1789,1,0.787588,0,0.1037,2,4,FALSE,FALSE,FALSE
"GENE1059","GENE1059_HUMAN","P77981","Protein GENE1059",-0.5755,1,0.672458,0.08,0.1723,5,4,FALSE,FALSE,FALSE
"GENE2116","GENE2116_HUMAN","P03392","Protein GENE2116",-1.134,0.442902,0.209434,0.6032,0.679,6,3,FALSE,TRUE,FALSE
"GENE2359","GENE2359_HUMAN","P21736","Protein GENE2359",0.1388,1,0.310919,0,0.5074,3,5,FALSE,FALSE,FALSE
"GENE0334","GENE0334_HUMAN","P09718","Protein GENE0334",-0.0765,0.4696,0.102558,0.3056,0.989,2,4,FALSE,FALSE,FALSE
"GENE0269","GENE0269_HUMAN","P45424","Protein GENE0269",0.6532,1,0.763403,0.0859,0.1172,2,6,FALSE,FALSE,FALSE
"GENE2865","GENE2865_HUMAN","P83313","Protein GENE2865",-0.1655,1,0.415252,0,0.3817,4,3,FALSE,FALSE,FALSE
"GENE1005","GENE1005_HUMAN","P31115","Protein GENE1005",0.0923,1,0.409586,0,0.3877,3,4,TRUE,FALSE,FALSE
"GENE1433","GENE1433_HUMAN","P65004","Protein GENE1433",-0.3119,0.562177,0.339472,0,0.4692,4,3,FALSE,FALSE,FALSE
"GENE2677","GENE2677_HUMAN","P41418","Protein GENE2677",0.7605,1,0.790468,0,0.1021,2,6,FALSE,FALSE,FALSE
"GENE0667","GENE0667_HUMAN","P03546","Protein GENE0667",-0.4806,0.829693,0.272058,0,0.5653,6,6,FALSE,FALSE,FALSE
"GENE0734","GENE0734_HUMAN","P10551","Protein GENE0734",-0.2187,0.158581,0.133863,0.815,0.8733,5,2,FALSE,FALSE,FALSE
"GENE2768","GENE2768_HUMAN","P81182","Protein GENE2768",0.3767,0.584083,0.202619,0.0531,0.6933,6,2,FALSE,FALSE,FALSE
"GENE2129","GENE2129_HUMAN","P10209","Protein GENE2129",-0.2367,0.24508,0.096589,0.3544,1.0151,6,2,TRUE,FALSE,FALSE
"GENE0949","GENE0949_HUMAN","P16206","Protein GENE0949",-0.5158,1,0.612814,0,0.2127,3,3,FALSE,FALSE,FALSE
"GENE2644","GENE2644_HUMAN","P73831","Protein GENE2644",-0.2085,1,0.617298,0,0.2095,2,4,FALSE,FALSE,FALSE
"GENE2761","GENE2761_HUMAN","P04004","Protein GENE2761",3.4541,0.08132,0.018086,1.1713,1.7427,2,5,TRUE,FALSE,TRUE
"GENE1007","GENE1007_HUMAN","P00887","Protein GENE1007",0.3195,1,0.883223,0,0.0539,3,6,FALSE,FALSE,FALSE
"GENE0713","GENE0713_HUMAN","P56863","Protein GENE0713",-0.3978,0.342869,0.070717,0.9621,1.1505,6,3,TRUE,TRUE,FALSE
"GENE0570","GENE0570_HUMAN","P19849","Protein GENE0570",-0.435,1,0.445235,0.0051,0.3514,6,3,FALSE,FALSE,FALSE
"GENE2000","GENE2000_HUMAN","P42948","Protein GENE2000",-0.6624,1,0.344817,0.0664,0.4624,2,2,FALSE,FALSE,FALSE
"GENE0100","GENE0100_HUMAN","P95091","Protein GENE0100",-0.2886,1,0.324806,0.2696,0.4884,5,2,FALSE,FALSE,FALSE
"GENE2673","GENE2673_HUMAN","P77544","Protein GENE2673",0.0398,1,0.65848,0.0895,0.1815,5,5,FALSE,FALSE,FALSE
"GENE2480","GENE2480_HUMAN","P37104","Protein GENE2480",0.1177,0.553079,0.254253,0.0945,0.5947,3,3,FALSE,FALSE,FALSE
"GENE2234","GENE2234_HUMAN","P85935","Protein GENE2234",0.2188,1,0.946585,0,0.0238,3,2,FALSE,FALSE,FALSE
"GENE0015","GENE0015_HUMAN","P18590","Protein GENE0015",-0.3429,0.44167,0.091264,0.477,1.0397,3,3,FALSE,FALSE,FALSE
"GENE2564","GENE2564_HUMAN","P31840","Protein GENE2564",-0.0645,0.425277,0.111188,0.3106,0.9539,2,6,FALSE,FALSE,FALSE
"GENE1449","GENE1449_HUMAN","P05307","Protein GENE1449",0.4763,0.561771,0.239204,0.1601,0.6212,6,3,FALSE,FALSE,FALSE
"GENE1403","GENE1403_HUMAN","P98941","Protein GENE1403",-0.3902,0.625174,0.175308,0.0614,0.7562,5,4,FALSE,FALSE,FALSE
"GENE2438","GENE2438_HUMAN","P52210","Protein GENE2438",-0.2484,0.185973,0.173652,0.3682,0.7603,3,5,TRUE,FALSE,FALSE
"GENE2381","GENE2381_HUMAN","P60016","Protein GENE2381",0.299,1,0.365922,0,0.4366,5,2,FALSE,FALSE,FALSE
"GENE0762","GENE0762_HUMAN","P36298","Protein GENE0762",0.0736,1,0.936067,0,0.0287,3,2,FALSE,FALSE,FALSE
"EP300","EP300_HUMAN","P66216","Protein EP300",1.7907,0.115137,0.029719,1.4455,1.527,5,4,FALSE,FALSE,TRUE
"GENE1685","GENE1685_HUMAN","P55757","Protein GENE1685",0.0521,0.380565,0.128605,0.7257,0.8907,4,5,FALSE,FALSE,FALSE
"GENE0279","GENE0279_HUMAN","P97069","Protein GENE0279",-0.02,1,0.62204,0,0.2062,5,6,TRUE,FALSE,FALSE
"GENE1972","GENE1972_HUMAN","P27476","Protein GENE1972",-0.1081,1,0.777237,0,0.1094,6,5,FALSE,FALSE,FALSE
"GENE0811","GENE0811_HUMAN","P67143","Protein GENE0811",-0.2692,1,0.741873,0,0.1297,6,3,FALSE,FALSE,FALSE
"GENE1927","GENE1927_HUMAN","P78482","Protein GENE1927",0.1402,0.291447,0.069604,0.4666,1.1574,2,6,TRUE,FALSE,FALSE
"GENE0633","GENE0633_HUMAN","P51339","Protein GENE0633",-0.2042,1,0.795677,0,0.0993,4,3,FALSE,FALSE,FALSE
"GENE1578","GENE1578_HUMAN","P84229","Protein GENE1578",-0.1065,1,0.796501,0,0.0988,5,3,FALSE,FALSE,FALSE
"GENE0291","GENE0291_HUMAN","P46425","Protein GENE0291",0.1109,0.587023,0.388374,0,0.4107,4,6,FALSE,FALSE,FALSE
"GENE2010","GENE2010_HUMAN","P82141","Protein GENE2010",-0.3329,1,0.988578,0,0.005,3,6,FALSE,FALSE,FALSE
"GENE1895","GENE1895_HUMAN","P31359","Protein GENE1895",0.2633,0.809831,0.368976,0.3606,0.433,4,6,FALSE,FALSE,FALSE
"GENE0644","GENE0644_HUMAN","P65637","Protein GENE0644",-0.1237,1,0.820033,0,0.0862,2,2,FALSE,FALSE,FALSE
"GENE2423","GENE2423_HUMAN","P33767","Protein GENE2423",0.1426,1,0.449864,0,0.3469,2,2,FALSE,FALSE,FALSE
"GENE2032","GENE2032_HUMAN","P56909","Protein GENE2032",0.0934,0.936619,0.254183,0.3086,0.5949,3,3,FALSE,FALSE,FALSE
"GENE1904","GENE1904_HUMAN","P88007","Protein GENE1904",0.4818,1,0.896824,0,0.0473,4,3,FALSE,FALSE,FALSE
"GENE0376","GENE0376_HUMAN","P26719","Protein GENE0376",-0.1834,1,0.378642,0,0.4218,3,2,FALSE,FALSE,FALSE
"GENE1553","GENE1553_HUMAN","P22682","Protein GENE1553",0.0023,1,0.594084,0,0.2262,5,6,TRUE,FALSE,FALSE
"GENE0504","GENE0504_HUMAN","P07025","Protein GENE0504",-0.5732,1,0.933699,0,0.0298,3,4,FALSE,FALSE,FALSE
"MED1","MED1_HUMAN","P80852","Protein MED1",2.2891,0.026033,0.013026,1.2393,1.8852,2,4,FALSE,FALSE,TRUE
"GENE0506","GENE0506_HUMAN","P75944","Protein GENE0506",0.0026,1,0.739029,0,0.1313,2,6,FALSE,FALSE,FALSE
"GENE0788","GENE0788_HUMAN","P01187","Protein GENE0788",-0.0883,0.505115,0.239152,0.5054,0.6213,2,2,FALSE,FALSE,FALSE
"GENE0440","GENE0440_HUMAN","P03169","Protein GENE0440",0.3505,1,0.697089,0,0.1567,6,6,FALSE,FALSE,FALSE
"GENE2022","GENE2022_HUMAN","P23578","Protein GENE2022",0.1551,1,0.867278,0,0.0618,4,6,FALSE,FALSE,FALSE
"GENE1236","GENE1236_HUMAN","P86308","Protein GENE1236",-0.0153,1,0.956115,0,0.0195,5,3,FALSE,FALSE,FALSE
"GENE2261","GENE2261_HUMAN","P21491","Protein GENE2261",0.634,0.069012,0.037846,0.7401,1.422,4,3,FALSE,FALSE,TRUE
"GENE1804","GENE1804_HUMAN","P43236","Protein GENE1804",0.1215,1,0.577155,0,0.2387,2,2,FALSE,FALSE,FALSE
"GENE0357","GENE0357_HUMAN","P95836","Protein GENE0357",-0.348,0.988514,0.898088,0,0.0467,3,6,FALSE,FALSE,FALSE
"GENE0645","GENE0645_HUMAN","P57969","Protein GENE0645",-0.3518,0.823499,0.402808,0,0.3949,5,6,FALSE,FALSE,FALSE
"GENE2495","GENE2495_HUMAN","P30504","Protein GENE2495",-3.5422,0.002832,0.000897,2.4384,3.0471,5,3,FALSE,TRUE,TRUE
"GENE1966","GENE1966_HUMAN","P87478","Protein GENE1966",0.1663,1,0.502226,0,0.2991,5,5,FALSE,FALSE,FALSE
"GENE0144","GENE0144_HUMAN","P98028","Protein GENE0144",0.3228,1,0.697419,0,0.1565,6,4,FALSE,FALSE,FALSE
"GENE0958","GENE0958_HUMAN","P13000","Protein GENE0958",0.6264,0.802483,0.664374,0,0.1776,3,2,FALSE,TRUE,FALSE
"GENE1858","GENE1858_HUMAN","P59643","Protein GENE1858",0.1049,0.522916,0.303556,0.0803,0.5178,3,2,FALSE,TRUE,FALSE
"GENE2713","GENE2713_HUMAN","P23891","Protein GENE2713",0.4169,0.462734,0.176119,0.5492,0.7542,6,5,TRUE,FALSE,FALSE
"GENE0619","GENE0619_HUMAN","P65433","Protein GENE0619",0.0695,1,0.330118,0.1596,0.4813,2,3,FALSE,FALSE,FALSE
"GENE1032","GENE1032_HUMAN","P71505","Protein GENE1032",0.088,1,0.909362,0,0.0413,5,6,FALSE,TRUE,FALSE
"GENE2867","GENE2867_HUMAN","P15914","Protein GENE2867",-0.4482,1,0.856003,0,0.0675,6,3,FALSE,FALSE,FALSE
"GENE2763","GENE2763_HUMAN","P41474","Protein GENE2763",0.3598,1,0.908464,0,0.0417,4,6,FALSE,FALSE,FALSE
"GENE0355","GENE0355_HUMAN","P24671","Protein GENE0355",0.3099,0.846966,0.621263,0,0.2067,6,2,FALSE,FALSE,FALSE
"GENE2593","GENE2593_HUMAN","P68621","Protein GENE2593",-0.0841,1,0.66829,0,0.175,6,3,FALSE,FALSE,FALSE
"GENE2041","GENE2041_HUMAN","P67360","Protein GENE2041",-0.4679,1,0.782243,0,0.1067,2,6,FALSE,FALSE,FALSE
"GENE2687","GENE2687_HUMAN","P73824","Protein GENE2687",-0.2913,1,0.778111,0,0.109,3,6,FALSE,FALSE,FALSE
"GENE1915","GENE1915_HUMAN","P23072","Protein GENE1915",3.0634,0.061144,0.012407,1.3863,1.9063,5,5,TRUE,FALSE,TRUE
"GENE1103","GENE1103_HUMAN","P11357","Protein GENE1103",-0.2058,0.151548,0.103005,0.5836,0.9871,2,3,FALSE,FALSE,FALSE
"GENE2432","GENE2432_HUMAN","P60583","Protein GENE2432",0.3389,1,0.957286,0,0.019,4,6,FALSE,FALSE,FALSE
"GENE1786","GENE1786_HUMAN","P00152","Protein GENE1786",-0.3603,0.707107,0.277747,0.3244,0.5564,2,2,FALSE,FALSE,FALSE
"GENE1925","GENE1925_HUMAN","P55741","Protein GENE1925",-0.8673,1,0.360341,0,0.4433,3,4,FALSE,FALSE,FALSE
"GENE0869","GENE0869_HUMAN","P72641","Protein GENE0869",-0.2958,1,0.640407,0,0.1935,5,6,FALSE,TRUE,FALSE
"GENE0542","GENE0542_HUMAN","P32263","Protein GENE0542",-0.0125,1,0.35223,0,0.4532,2,6,FALSE,FALSE,FALSE
"GENE1239","GENE1239_HUMAN","P44643","Protein GENE1239",-0.0512,0.340464,0.30606,0.1231,0.5142,4,4,TRUE,FALSE,FALSE
"GENE1072","GENE1072_HUMAN","P13498","Protein GENE1072",-0.2536,0.472139,0.267435,0.091,0.5728,3,5,FALSE,FALSE,FALSE
"GENE0499","GENE0499_HUMAN","P25504","Protein GENE0499",-0.4916,0.504472,0.173251,0.3324,0.7613,3,2,FALSE,FALSE,FALSE
"GENE1175","GENE1175_HUMAN","P37722","Protein GENE1175",0.1528,0.659742,0.28485,0.2573,0.5454,5,3,FALSE,FALSE,FALSE
"GPATCH8","GPATCH8_HUMAN","P61994","Protein GPATCH8",0.2211,1,0.494474,0,0.3059,5,6,FALSE,FALSE,FALSE
"GENE2868","GENE2868_HUMAN","P55976","Protein GENE2868",-0.3155,0.78698,0.284361,0,0.5461,6,4,FALSE,FALSE,FALSE
"GENE1772","GENE1772_HUMAN","P64961","Protein GENE1772",3.1381,0.107641,0.025645,1.3304,1.591,6,3,FALSE,TRUE,TRUE
"GENE2860","GENE2860_HUMAN","P86639","Protein GENE2860",-0.1888,1,0.443802,0.0819,0.3528,2,2,FALSE,FALSE,FALSE
"GENE1567","GENE1567_HUMAN","P56709","Protein GENE1567",-0.2207,1,0.911011,0,0.0405,5,2,FALSE,FALSE,FALSE
"GENE2328","GENE2328_HUMAN","P15104","Protein GENE2328",2.5772,0.016804,0.007954,1.7637,2.0994,4,5,FALSE,FALSE,TRUE
"GENE1633","GENE1633_HUMAN","P45420","Protein GENE1633",-0.3833,1,0.807287,0,0.093,6,6,FALSE,FALSE,FALSE
"GENE0973","GENE0973_HUMAN","P89940","Protein GENE0973",0.3664,1,0.370323,0,0.4314,5,3,FALSE,FALSE,FALSE
"GENE1971","GENE1971_HUMAN","P69255","Protein GENE1971",-0.0775,0.297112,0.11187,0.3293,0.9513,2,4,FALSE,FALSE,FALSE
"GENE0894","GENE0894_HUMAN","P45783","Protein GENE0894",-0.143,1,0.404457,0,0.3931,2,3,FALSE,FALSE,FALSE
"GENE1805","GENE1805_HUMAN","P70697","Protein GENE1805",0.0811,1,0.352775,0.0221,0.4525,5,6,FALSE,FALSE,FALSE
"GENE1581","GENE1581_HUMAN","P22425","Protein GENE1581",-0.1806,0.356805,0.275909,0.3225,0.5592,2,6,FALSE,FALSE,FALSE
"GENE2263","GENE2263_HUMAN","P55044","Protein GENE2263",-0.3863,1,0.824371,0,0.0839,5,6,FALSE,FALSE,FALSE
"GENE1510","GENE1510_HUMAN","P83890","Protein GENE1510",0.4239,1,0.463476,0,0.334,3,5,FALSE,FALSE,FALSE
"GENE2211","GENE2211_HUMAN","P27209","Protein GENE2211",0.0763,1,0.728547,0,0.1375,4,5,FALSE,FALSE,FALSE
"GENE1119","GENE1119_HUMAN","P95789","Protein GENE1119",-0.2969,1,0.596418,0.0909,0.2244,4,2,FALSE,FALSE,FALSE
"GENE1400","GENE1400_HUMAN","P36502","Protein GENE1400",-0.2335,0.470413,0.248063,0.3895,0.6054,4,5,FALSE,FALSE,FALSE
"GENE1761","GENE1761_HUMAN","P91051","Protein GENE1761",-0.1936,0.95052,0.645073,0,0.1904,6,3,FALSE,FALSE,FALSE
"GENE0681","GENE0681_HUMAN","P66697","Protein GENE0681",1.0178,1,0.256143,0.0705,0.5915,3,5,FALSE,FALSE,FALSE
"GENE1769","GENE1769_HUMAN","P73951","Protein GENE1769",0.7443,1,0.959119,0,0.0181,5,5,FALSE,FALSE,FALSE
"GENE0849","GENE0849_HUMAN","P54410","Protein GENE0849",0.1919,1,0.71746,0,0.1442,3,2,FALSE,FALSE,FALSE
"SUGP1","SUGP1_HUMAN","P78833","Protein SUGP1",0.3884,1,0.756908,0,0.121,2,4,FALSE,FALSE,FALSE
"GENE0607","GENE0607_HUMAN","P40769","Protein GENE0607",-0.0952,1,0.712848,0,0.147,2,6,FALSE,FALSE,FALSE
"GENE1660","GENE1660_HUMAN","P09260","Protein GENE1660",0.3038,1,0.622162,0,0.2061,5,2,FALSE,FALSE,FALSE
"GENE0034","GENE0034_HUMAN","P13203","Protein GENE0034",-0.1337,1,0.297034,0.0051,0.5272,4,5,FALSE,FALSE,FALSE
"GENE1501","GENE1501_HUMAN","P98275","Protein GENE1501",0.206,1,0.552763,0,0.2575,3,3,FALSE,FALSE,FALSE
"GENE2661","GENE2661_HUMAN","P84638","Protein GENE2661",0.4561,1,0.956165,0,0.0195,6,2,FALSE,FALSE,FALSE
"GENE0399","GENE0399_HUMAN","P82827","Protein GENE0399",-0.2138,1,0.455437,0.1143,0.3416,5,2,FALSE,FALSE,FALSE
"GENE1303","GENE1303_HUMAN","P71791","Protein GENE1303",0.1805,1,0.341117,0.0965,0.4671,4,6,FALSE,FALSE,FALSE
"GENE0719","GENE0719_HUMAN","P54837","Protein GENE0719",0.0141,0.674567,0.558001,0,0.2534,2,2,TRUE,FALSE,FALSE
"GENE1363","GENE1363_HUMAN","P21572","Protein GENE1363",0.2361,1,0.649442,0,0.1875,2,2,FALSE,FALSE,FALSE
"GENE1109","GENE1109_HUMAN","P95869","Protein GENE1109",-0.3915,1,0.422715,0,0.374,5,4,FALSE,FALSE,FALSE
"GENE0239","GENE0239_HUMAN","P38870","Protein GENE0239",-0.13,1,0.877331,0,0.0568,3,4,FALSE,FALSE,FALSE
"GENE0760","GENE0760_HUMAN","P69431","Protein GENE0760",0.354,1,0.76162,0,0.1183,4,5,FALSE,FALSE,FALSE
"GENE0362","GENE0362_HUMAN","P61444","Protein GENE0362",-0.7505,0.240311,0.155063,0.1366,0.8095,3,3,FALSE,FALSE,FALSE
"GENE0903","GENE0903_HUMAN","P29134","Protein GENE0903",0.1116,1,0.320234,0.3884,0.4945,5,2,TRUE,FALSE,FALSE
"GENE1684","GENE1684_HUMAN","P56949","Protein GENE1684",-0.0866,1,0.468274,0.1193,0.3295,2,5,FALSE,FALSE,FALSE
"GENE1221","GENE1221_HUMAN","P97190","Protein GENE1221",0.3103,1,0.339321,0,0.4694,4,3,FALSE,FALSE,FALSE
"GENE1901","GENE1901_HUMAN","P50456","Protein GENE1901",-0.1257,1,0.639992,0,0.1938,5,4,FALSE,FALSE,FALSE
"GENE2880","GENE2880_HUMAN","P43340","Protein GENE2880",-0.0468,1,0.631386,0,0.1997,4,5,FALSE,FALSE,FALSE
"GENE1121","GENE1121_HUMAN","P25980","Protein GENE1121",-0.4065,1,0.445763,0,0.3509,2,3,FALSE,FALSE,FALSE
"GENE1429","GENE1429_HUMAN","P58889","Protein GENE1429",0.1742,0.759442,0.569499,0,0.2445,3,4,FALSE,TRUE,FALSE
"GENE0075","GENE0075_HUMAN","P18008","Protein GENE0075",-0.1399,0.915786,0.371964,0,0.4295,6,4,FALSE,FALSE,FALSE
"GENE2539","GENE2539_HUMAN","P79207","Protein GENE2539",-2.9837,0.128122,0.032539,0.9719,1.4876,5,2,FALSE,FALSE,TRUE
"GENE2415","GENE2415_HUMAN","P59519","Protein GENE2415",0.2768,1,0.602012,0,0.2204,3,5,FALSE,FALSE,FALSE
"GENE0533","GENE0533_HUMAN","P69575","Protein GENE0533",-0.1913,0.872013,0.196784,0.1257,0.706,6,4,FALSE,TRUE,FALSE
"GENE2071","GENE2071_HUMAN","P97879","Protein GENE2071",-0.2752,1,0.796707,0,0.0987,5,3,FALSE,FALSE,FALSE
"GENE0526","GENE0526_HUMAN","P91252","Protein GENE0526",-0.106,0.372683,0.109094,0.3378,0.9622,2,5,FALSE,FALSE,FALSE
"GENE0346","GENE0346_HUMAN","P02594","Protein GENE0346",-0.7074,0.269272,0.063223,0.6543,1.1991,6,2,FALSE,FALSE,FALSE
"GENE2458","GENE2458_HUMAN","P44537","Protein GENE2458",-0.0331,0.736758,0.416293,0.1558,0.3806,4,4,FALSE,FALSE,FALSE
"GENE1197","GENE1197_HUMAN","P41773","Protein GENE1197",0.0782,1,0.411387,0.2936,0.3857,2,2,FALSE,FALSE,FALSE
"GENE2014","GENE2014_HUMAN","P63572","Protein GENE2014",0.7234,0.541845,0.209718,0.3925,0.6784,3,2,FALSE,TRUE,FALSE
"GENE2514","GENE2514_HUMAN","P35403","Protein GENE2514",-0.2272,1,0.272084,0,0.5653,6,3,TRUE,FALSE,FALSE
"GENE1733","GENE1733_HUMAN","P98780","Protein GENE1733",-0.212,0.25697,0.251278,0.3979,0.5998,6,2,FALSE,FALSE,FALSE
"GENE2139","GENE2139_HUMAN","P11313","Protein GENE2139",0.0633,1,0.506237,0.2282,0.2956,4,6,FALSE,FALSE,FALSE
"GENE2392","GENE2392_HUMAN","P20659","Protein GENE2392",0.0984,1,0.805043,0,0.0942,6,6,FALSE,TRUE,FALSE
"GENE0029","GENE0029_HUMAN","P28965","Protein GENE0029",0.2611,0.4957,0.222046,0.2898,0.6536,2,3,FALSE,FALSE,FALSE
"GENE0656","GENE0656_HUMAN","P03431","Protein GENE0656",0.399,1,0.945132,0,0.0245,4,2,FALSE,FALSE,FALSE
"GENE1654","GENE1654_HUMAN","P21309","Protein GENE1654",-0.0794,0.494541,0.314645,0,0.5022,2,2,FALSE,FALSE,FALSE
"GENE1963","GENE1963_HUMAN","P35460","Protein GENE1963",-0.7594,1,0.690387,0.1183,0.1609,5,4,FALSE,TRUE,FALSE
"GENE0385","GENE0385_HUMAN","P71127","Protein GENE0385",0.0085,1,0.686921,0,0.1631,2,4,FALSE,FALSE,FALSE
"GENE2494","GENE2494_HUMAN","P49072","Protein GENE2494",-0.2233,0.287107,0.233185,0,0.6323,5,6,FALSE,FALSE,FALSE
"GENE1079","GENE1079_HUMAN","P37036","Protein GENE1079",0.3355,1,0.689105,0.0642,0.1617,6,6,FALSE,FALSE,FALSE
"GENE2550","GENE2550_HUMAN","P26991","Protein GENE2550",-0.1425,1,0.824437,0,0.0838,3,4,FALSE,FALSE,FALSE
"GENE1560","GENE1560_HUMAN","P71895","Protein GENE1560",0.0784,1,0.695897,0,0.1575,3,2,FALSE,FALSE,FALSE
"GENE0141","GENE0141_HUMAN","P61639","Protein GENE0141",0.7656,1,0.381755,0,0.4182,3,5,FALSE,TRUE,FALSE
"GENE2605","GENE2605_HUMAN","P79856","Protein GENE2605",0.264,1,0.291266,0.2059,0.5357,6,5,FALSE,FALSE,FALSE
"GENE1534","GENE1534_HUMAN","P19241","Protein GENE1534",0.2872,1,0.813262,0,0.0898,5,6,FALSE,FALSE,FALSE
"GENE1680","GENE1680_HUMAN","P52300","Protein GENE1680",0.0353,0.561586,0.181366,0.3425,0.7414,4,3,FALSE,FALSE,FALSE
"GENE1650","GENE1650_HUMAN","P36687","Protein GENE1650",-0.1861,0.80373,0.171698,0.4389,0.7652,5,5,FALSE,FALSE,FALSE
"GENE1627","GENE1627_HUMAN","P07688","Protein GENE1627",-0.1202,0.702624,0.65379,0,0.1846,2,3,FALSE,FALSE,FALSE
"GENE1921","GENE1921_HUMAN","P01353","Protein GENE1921",-0.2857,1,0.957807,0,0.0187,5,5,FALSE,TRUE,FALSE
"GENE2187","GENE2187_HUMAN","P29533","Protein GENE2187",-0.5539,1,0.480261,0,0.3185,4,5,FALSE,FALSE,FALSE
"GENE2585","GENE2585_HUMAN","P45713","Protein GENE2585",-0.1329,1,0.224302,0,0.6492,3,2,FALSE,TRUE,FALSE
"GENE2839","GENE2839_HUMAN","P69183","Protein GENE2839",0.1527,0.691704,0.487992,0,0.3116,3,2,FALSE,FALSE,FALSE
"GENE0325","GENE0325_HUMAN","P62802","Protein GENE0325",0.1323,1,0.806383,0,0.0935,4,4,FALSE,FALSE,FALSE
"GENE0206","GENE0206_HUMAN","P63454","Protein GENE0206",0.0044,0.3822,0.086745,0.9548,1.0618,2,2,FALSE,FALSE,FALSE
"GENE2098","GENE2098_HUMAN","P33318","Protein GENE2098",3.8115,0.010243,0.006602,2.1438,2.1803,3,6,FALSE,TRUE,TRUE
"GENE0475","GENE0475_HUMAN","P96840","Protein GENE0475",0.1927,0.625651,0.265919,0.468,0.5753,5,2,FALSE,FALSE,FALSE
"GENE1791","GENE1791_HUMAN","P34191","Protein GENE1791",-0.3008,1,0.640841,0,0.1932,6,3,FALSE,FALSE,FALSE
"GENE2830","GENE2830_HUMAN","P57601","Protein GENE2830",0.2193,1,0.40798,0.3184,0.3894,5,2,FALSE,FALSE,FALSE
"GENE1518","GENE1518_HUMAN","P12965","Protein GENE1518",0.1411,0.412867,0.160419,0.1647,0.7947,3,3,FALSE,FALSE,FALSE
"GENE2744","GENE2744_HUMAN","P25672","Protein GENE2744",0.0873,0.574938,0.122302,0.5248,0.9126,5,3,FALSE,FALSE,FALSE
"GENE0324","GENE0324_HUMAN","P80819","Protein GENE0324",-0.0316,0.954544,0.936989,0,0.0283,5,3,FALSE,TRUE,FALSE
"GENE2281","GENE2281_HUMAN","P99814","Protein GENE2281",-0.0233,1,0.863975,0,0.0635,6,4,FALSE,FALSE,FALSE
"GENE2696","GENE2696_HUMAN","P17133","Protein GENE2696",0.3316,1,0.482692,0,0.3163,3,2,FALSE,FALSE,FALSE
"GENE2825","GENE2825_HUMAN","P26494","Protein GENE2825",0.5053,0.350445,0.303808,0,0.5174,5,4,FALSE,FALSE,FALSE
"GENE2030","GENE2030_HUMAN","P48072","Protein GENE2030",0.537,0.170407,0.081219,0.4471,1.0903,4,5,FALSE,FALSE,FALSE
"GENE0794","GENE0794_HUMAN","P21878","Protein GENE0794",0.2489,1,0.440822,0,0.3557,5,5,FALSE,FALSE,FALSE
"GENE0382","GENE0382_HUMAN","P84495","Protein GENE0382",0.1334,1,0.6624,0,0.1789,2,2,FALSE,FALSE,FALSE
"GENE1178","GENE1178_HUMAN","P54291","Protein GENE1178",0.2337,0.268086,0.078349,0.4471,1.106,4,2,FALSE,FALSE,FALSE
"AGGF1","AGGF1_HUMAN","P39996","Protein AGGF1",-0.2402,0.426674,0.36102,0,0.4425,6,2,FALSE,FALSE,FALSE
"GENE1127","GENE1127_HUMAN","P74044","Protein GENE1127",0.3566,0.346897,0.174,0.3137,0.7595,3,5,FALSE,FALSE,FALSE
"GENE0319","GENE0319_HUMAN","P66428","Protein GENE0319",-0.2285,0.821877,0.470216,0,0.3277,6,4,FALSE,FALSE,FALSE
"GENE1571","GENE1571_HUMAN","P26526","Protein GENE1571",0.1178,1,0.891098,0,0.0501,5,2,TRUE,FALSE,FALSE
"GENE0175","GENE0175_HUMAN","P27113","Protein GENE0175",-0.5932,0.649091,0.19726,0.2587,0.705,2,4,FALSE,FALSE,FALSE
"GENE0271","GENE0271_HUMAN","P75212","Protein GENE0271",0.0884,1,0.979573,0,0.009,3,3,FALSE,TRUE,FALSE
"GENE0349","GENE0349_HUMAN","P66047","Protein GENE0349",-0.2593,1,0.993716,0,0.0027,3,6,FALSE,FALSE,FALSE
"GENE0027","GENE0027_HUMAN","P71685","Protein GENE0027",-0.3358,0.878906,0.267531,0.3097,0.5726,6,4,TRUE,FALSE,FALSE
"GENE0393","GENE0393_HUMAN","P97034","Protein GENE0393",0.5962,0.837609,0.533114,0,0.2732,4,2,FALSE,TRUE,FALSE
"GENE0389","GENE0389_HUMAN","P25224","Protein GENE0389",-0.3472,1,0.560195,0,0.2517,5,5,FALSE,FALSE,FALSE
"GENE0336","GENE0336_HUMAN","P33212","Protein GENE0336",-0.2398,1,0.793124,0,0.1007,6,3,FALSE,FALSE,FALSE
"GENE1673","GENE1673_HUMAN","P24794","Protein GENE1673",-0.1826,1,0.792695,0,0.1009,3,6,FALSE,FALSE,FALSE
"GENE1795","GENE1795_HUMAN","P89590","Protein GENE1795",0.1887,1,0.629296,0,0.2011,2,2,FALSE,FALSE,FALSE
"GENE2269","GENE2269_HUMAN","P44946","Protein GENE2269",-0.4151,1,0.444378,0,0.3522,5,4,FALSE,FALSE,FALSE
"GENE0553","GENE0553_HUMAN","P62441","Protein GENE0553",-0.2803,0.483429,0.13901,0.46,0.857,4,2,FALSE,FALSE,FALSE
"GENE2537","GENE2537_HUMAN","P99556","Protein GENE2537",0.1239,0.523134,0.120154,0.4393,0.9203,6,5,FALSE,FALSE,FALSE
"DHX9","DHX9_HUMAN","P70422","Protein DHX9",-0.004,1,0.26914,0.3222,0.57,3,2,FALSE,TRUE,FALSE
"GENE0494","GENE0494_HUMAN","P20963","Protein GENE0494",-0.3008,1,0.300775,0.2002,0.5218,6,3,FALSE,TRUE,FALSE
"GENE2684","GENE2684_HUMAN","P67097","Protein GENE2684",-0.1212,0.360585,0.254438,0.4371,0.5944,4,3,FALSE,FALSE,FALSE
"GENE0772","GENE0772_HUMAN","P54990","Protein GENE0772",0.532,0.360867,0.156997,0.4884,0.8041,5,2,FALSE,FALSE,FALSE
"GENE2213","GENE2213_HUMAN","P94530","Protein GENE2213",-0.4499,1,0.571428,0,0.243,3,4,FALSE,FALSE,FALSE
"GENE0840","GENE0840_HUMAN","P65772","Protein GENE0840",0.5151,1,0.917892,0,0.0372,3,2,FALSE,FALSE,FALSE
"GENE1243","GENE1243_HUMAN","P67606","Protein GENE1243",0.7982,1,0.892721,0,0.0493,5,2,FALSE,FALSE,FALSE
"GENE1815","GENE1815_HUMAN","P04115","Protein GENE1815",-0.2753,1,0.312704,0,0.5049,4,5,FALSE,FALSE,FALSE
"GENE0990","GENE0990_HUMAN","P94742","Protein GENE0990",-0.6951,1,0.611793,0,0.2134,3,5,TRUE,TRUE,FALSE
"GENE0101","GENE0101_HUMAN","P54452","Protein GENE0101",-0.4301,0.446224,0.235609,0.1817,0.6278,5,6,FALSE,FALSE,FALSE
"GENE1308","GENE1308_HUMAN","P39640","Protein GENE1308",0.3938,1,0.94644,0,0.0239,3,4,TRUE,FALSE,FALSE
"GENE0718","GENE0718_HUMAN","P24404","Protein GENE0718",0.2273,0.22856,0.206302,0.6391,0.6855,6,5,FALSE,FALSE,FALSE
"GENE0972","GENE0972_HUMAN","P14469","Protein GENE0972",0.0792,1,0.684048,0,0.1649,5,3,FALSE,FALSE,FALSE
"GENE1358","GENE1358_HUMAN","P18035","Protein GENE1358",0.0035,1,0.290477,0,0.5369,2,6,FALSE,FALSE,FALSE
"GENE1973","GENE1973_HUMAN","P86239","Protein GENE1973",-0.4045,1,0.723968,0,0.1403,3,2,FALSE,FALSE,FALSE
"GENE0577","GENE0577_HUMAN","P25623","Protein GENE0577",-3.3914,0.006839,0.002373,2.3007,2.6248,6,6,FALSE,FALSE,TRUE
"GENE1224","GENE1224_HUMAN","P42699","Protein GENE1224",-0.1246,1,0.553444,0,0.2569,5,4,FALSE,FALSE,FALSE
"GENE2476","GENE2476_HUMAN","P11431","Protein GENE2476",-0.5569,1,0.808493,0,0.0923,2,5,FALSE,FALSE,FALSE
"GENE1129","GENE1129_HUMAN","P64927","Protein GENE1129",0.2829,0.171607,0.086308,0.7385,1.064,6,6,FALSE,FALSE,FALSE
"GENE0428","GENE0428_HUMAN","P49387","Protein GENE0428",-0.2105,0.750828,0.410848,0.1524,0.3863,5,3,FALSE,FALSE,FALSE
"GENE1636","GENE1636_HUMAN","P25718","Protein GENE1636",0.1082,0.183142,0.098603,0.5296,1.0061,6,3,FALSE,TRUE,FALSE
"GENE0272","GENE0272_HUMAN","P58493","Protein GENE0272",-0.2439,0.452218,0.213542,0.3852,0.6705,6,5,FALSE,FALSE,FALSE
"GENE1013","GENE1013_HUMAN","P43038","Protein GENE1013",-0.5648,0.982927,0.869706,0,0.0606,2,4,FALSE,FALSE,FALSE
"GENE1554","GENE1554_HUMAN","P30675","Protein GENE1554",0.3466,0.662823,0.2868,0,0.5424,6,2,FALSE,FALSE,FALSE
"GENE1953","GENE1953_HUMAN","P93483","Protein GENE1953",0.1948,1,0.851548,0,0.0698,3,3,FALSE,FALSE,FALSE
"GENE0859","GENE0859_HUMAN","P90877","Protein GENE0859",0.6312,1,0.556955,0,0.2542,5,5,TRUE,FALSE,FALSE
"GENE0933","GENE0933_HUMAN","P42416","Protein GENE0933",0.3195,1,0.381545,0.0611,0.4185,5,2,FALSE,TRUE,FALSE
"GENE0410","GENE0410_HUMAN","P54650","Protein GENE0410",-0.1157,1,0.860271,0,0.0654,3,6,TRUE,FALSE,FALSE
"GENE2809","GENE2809_HUMAN","P36047","Protein GENE2809",-1.1231,0.036095,0.011439,1.2835,1.9416,2,3,FALSE,FALSE,TRUE
"GENE0712","GENE0712_HUMAN","P83744","Protein GENE0712",0.0393,0.267412,0.120064,0.4008,0.9206,6,5,FALSE,FALSE,FALSE
"GENE0705","GENE0705_HUMAN","P46631","Protein GENE0705",0.4884,1,0.757217,0,0.1208,3,3,FALSE,FALSE,FALSE
"GENE0405","GENE0405_HUMAN","P98209","Protein GENE0405",-0.2222,1,0.726683,0,0.1387,6,5,FALSE,FALSE,FALSE
"GENE2877","GENE2877_HUMAN","P93012","Protein GENE2877",-0.418,1,0.964747,0,0.0156,3,3,FALSE,FALSE,FALSE
"GENE2298","GENE2298_HUMAN","P13414","Protein GENE2298",-0.1163,1,0.715369,0,0.1455,3,5,FALSE,FALSE,FALSE
"GENE1656","GENE1656_HUMAN","P41820","Protein GENE1656",0.3212,1,0.464397,0,0.3331,4,2,TRUE,TRUE,FALSE
"GENE1890","GENE1890_HUMAN","P76377","Protein GENE1890",0.3441,1,0.736518,0,0.1328,3,2,FALSE,FALSE,FALSE
"GENE0112","GENE0112_HUMAN","P84714","Protein GENE0112",0.0105,1,0.33676,0,0.4727,2,5,FALSE,TRUE,FALSE
"GENE0289","GENE0289_HUMAN","P37272","Protein GENE0289",-0.4301,0.521216,0.462189,0,0.3352,5,6,FALSE,FALSE,FALSE
"GENE1658","GENE1658_HUMAN","P93304","Protein GENE1658",0.2635,1,0.574694,0,0.2406,6,3,FALSE,FALSE,FALSE
"GENE0886","GENE0886_HUMAN","P41144","Protein GENE0886",0.1542,0.730037,0.271777,0.1287,0.5658,4,4,TRUE,FALSE,FALSE
"GENE1671","GENE1671_HUMAN","P78718","Protein GENE1671",0.9323,1,0.733606,0.0247,0.1345,3,3,FALSE,FALSE,FALSE
"GENE1487","GENE1487_HUMAN","P41530","Protein GENE1487",0.0022,0.931473,0.888632,0,0.0513,6,4,TRUE,FALSE,FALSE
"GENE1318","GENE1318_HUMAN","P96721","Protein GENE1318",0.8859,1,0.883102,0,0.054,2,4,FALSE,TRUE,FALSE
"GENE1637","GENE1637_HUMAN","P81123","Protein GENE1637",0.3787,1,0.433375,0.012,0.3631,6,4,FALSE,FALSE,FALSE
"GENE2509","GENE2509_HUMAN","P13844","Protein GENE2509",0.1177,1,0.558106,0.0213,0.2533,6,4,FALSE,FALSE,FALSE
"GENE2292","GENE2292_HUMAN","P20827","Protein GENE2292",-0.2782,1,0.821246,0,0.0855,2,4,FALSE,FALSE,FALSE
"GENE2424","GENE2424_HUMAN","P05506","Protein GENE2424",0.4777,0.595368,0.328541,0,0.4834,4,3,FALSE,FALSE,FALSE
"GENE1913","GENE1913_HUMAN","P72655","Protein GENE1913",-0.3744,1,0.477087,0.0537,0.3214,6,2,FALSE,FALSE,FALSE
"GENE0855","GENE0855_HUMAN","P62057","Protein GENE0855",-0.6597,1,0.907385,0,0.0422,2,6,FALSE,FALSE,FALSE
"GENE1494","GENE1494_HUMAN","P19276","Protein GENE1494",0.1378,1,0.465835,0,0.3318,4,2,TRUE,FALSE,FALSE
"GENE1808","GENE1808_HUMAN","P01990","Protein GENE1808",-0.4562,1,0.898491,0,0.0465,5,2,FALSE,TRUE,FALSE
"GENE0544","GENE0544_HUMAN","P32262","Protein GENE0544",-0.4281,1,0.698425,0,0.1559,5,6,FALSE,FALSE,FALSE
"GENE2385","GENE2385_HUMAN","P03528","Protein GENE2385",-0.1674,1,0.609003,0,0.2154,2,4,FALSE,FALSE,FALSE
"GENE2755","GENE2755_HUMAN","P94099","Protein GENE2755",0.3343,1,0.817981,0,0.0873,4,2,FALSE,FALSE,FALSE
"GENE2364","GENE2364_HUMAN","P19301","Protein GENE2364",0.3248,0.99154,0.267092,0.2128,0.5733,5,6,FALSE,FALSE,FALSE
"GENE1993","GENE1993_HUMAN","P82503","Protein GENE1993",-0.1867,1,0.533348,0,0.273,4,3,FALSE,FALSE,FALSE
"GENE0643","GENE0643_HUMAN","P16481","Protein GENE0643",-0.0395,1,0.944885,0,0.0246,3,4,FALSE,FALSE,FALSE
"GENE0207","GENE0207_HUMAN","P76872","Protein GENE0207",-1.0016,1,0.656845,0.1431,0.1825,6,6,FALSE,FALSE,FALSE
"GENE2266","GENE2266_HUMAN","P84438","Protein GENE2266",-0.3418,1,0.721849,0.0638,0.1416,4,4,FALSE,FALSE,FALSE
"GENE2735","GENE2735_HUMAN","P04498","Protein GENE2735",0.8201,0.388474,0.298315,0.3024,0.5253,4,3,FALSE,FALSE,FALSE
"GENE1076","GENE1076_HUMAN","P81068","Protein GENE1076",-0.6815,1,0.79007,0,0.1023,4,2,FALSE,FALSE,FALSE
"GENE1094","GENE1094_HUMAN","P59364","Protein GENE1094",-0.355,0.955619,0.847792,0,0.0717,5,6,FALSE,FALSE,FALSE
"GENE2294","GENE2294_HUMAN","P01406","Protein GENE2294",0.6074,0.440692,0.334941,0.2562,0.475,5,3,FALSE,FALSE,FALSE
"GENE2095","GENE2095_HUMAN","P19019","Protein GENE2095",-0.1079,0.586857,0.133461,0.7478,0.8746,5,2,FALSE,TRUE,FALSE
"GENE1315","GENE1315_HUMAN","P97309","Protein GENE1315",0.5377,1,0.485389,0,0.3139,3,3,FALSE,FALSE,FALSE
"GENE1189","GENE1189_HUMAN","P15987","Protein GENE1189",0.4406,1,0.909835,0,0.041,4,3,FALSE,FALSE,FALSE
"GENE0153","GENE0153_HUMAN","P18643","Protein GENE0153",-0.452,0.902122,0.305089,0.3036,0.5156,6,2,FALSE,FALSE,FALSE
"GENE0918","GENE0918_HUMAN","P94585","Protein GENE0918",-0.3031,0.22439,0.144696,0.1503,0.8395,3,5,FALSE,TRUE,FALSE
"GENE0028","GENE0028_HUMAN","P12482","Protein GENE0028",-0.112,1,0.723717,0,0.1404,4,3,FALSE,TRUE,FALSE
"GENE1674","GENE1674_HUMAN","P55936","Protein GENE1674",0.2263,1,0.931675,0,0.0307,3,3,FALSE,FALSE,FALSE
"GENE1012","GENE1012_HUMAN","P27538","Protein GENE1012",-0.2846,1,0.485077,0.1874,0.3142,2,5,FALSE,TRUE,FALSE
"GENE2717","GENE2717_HUMAN","P77402","Protein GENE2717",-0.1174,1,0.763204,0,0.1174,3,5,FALSE,FALSE,FALSE
"GENE1450","GENE1450_HUMAN","P63122","Protein GENE1450",0.0712,0.274642,0.162507,0.1355,0.7891,5,4,FALSE,FALSE,FALSE
"GENE2487","GENE2487_HUMAN","P08586","Protein GENE2487",-0.2378,0.391982,0.316246,0,0.5,3,6,FALSE,FALSE,FALSE
"GENE1287","GENE1287_HUMAN","P12897","Protein GENE1287",-0.0144,1,0.965416,0,0.0153,5,5,FALSE,FALSE,FALSE
"GENE2235","GENE2235_HUMAN","P55554","Protein GENE2235",4.1147,0.037542,0.013142,1.6925,1.8813,2,4,FALSE,FALSE,TRUE
"GENE1621","GENE1621_HUMAN","P49007","Protein GENE1621",-2.4622,0.143784,0.031082,0.924,1.5075,4,2,FALSE,FALSE,TRUE
"GENE2208","GENE2208_HUMAN","P10331","Protein GENE2208",-0.3054,1,0.459208,0,0.338,5,6,FALSE,FALSE,FALSE
"GENE0698","GENE0698_HUMAN","P90713","Protein GENE0698",0.2502,1,0.75216,0,0.1237,2,6,FALSE,FALSE,FALSE
"GENE0297","GENE0297_HUMAN","P53308","Protein GENE0297",0.1535,0.879272,0.538346,0,0.2689,3,3,FALSE,FALSE,FALSE
"GENE0666","GENE0666_HUMAN","P45188","Protein GENE0666",-0.023,1,0.784673,0,0.1053,4,3,FALSE,FALSE,FALSE
"GENE1732","GENE1732_HUMAN","P07991","Protein GENE1732",0.41,1,0.783063,0,0.1062,3,3,FALSE,FALSE,FALSE
"GENE0960","GENE0960_HUMAN","P83858","Protein GENE0960",0.4734,1,0.747691,0,0.1263,2,2,FALSE,FALSE,FALSE
"GENE2019","GENE2019_HUMAN","P87164","Protein GENE2019",0.1911,1,0.50758,0,0.2945,6,2,FALSE,FALSE,FALSE
"GENE2496","GENE2496_HUMAN","P53913","Protein GENE2496",0.4951,1,0.762783,0,0.1176,4,3,FALSE,FALSE,FALSE
"GENE1990","GENE1990_HUMAN","P77799","Protein GENE1990",-0.49,0.805032,0.441175,0,0.3554,2,6,FALSE,FALSE,FALSE
"GENE1187","GENE1187_HUMAN","P06923","Protein GENE1187",0.6337,0.272467,0.062081,0.66,1.207,3,5,FALSE,FALSE,FALSE
"GENE0006","GENE0006_HUMAN","P32977","Protein GENE0006",0.4923,0.130291,0.079252,0.4194,1.101,4,2,FALSE,FALSE,FALSE
"GENE2611","GENE2611_HUMAN","P65066","Protein GENE2611",0.0831,1,0.913378,0,0.0393,2,5,TRUE,FALSE,FALSE
"GENE2335","GENE2335_HUMAN","P65829","Protein GENE2335",0.509,0.504964,0.197937,0.6648,0.7035,3,5,FALSE,FALSE,FALSE
"GENE1834","GENE1834_HUMAN","P22370","Protein GENE1834",-0.1609,1,0.721034,0,0.142,6,4,FALSE,FALSE,FALSE
"GENE1744","GENE1744_HUMAN","P73332","Protein GENE1744",-0.3504,1,0.648836,0,0.1879,5,5,FALSE,FALSE,FALSE
"GENE1507","GENE1507_HUMAN","P66141","Protein GENE1507",0.2939,0.887685,0.243171,0.0117,0.6141,4,3,TRUE,FALSE,FALSE
"GENE2850","GENE2850_HUMAN","P41906","Protein GENE2850",0.2886,1,0.7532,0,0.1231,6,6,FALSE,FALSE,FALSE
"GENE0360","GENE0360_HUMAN","P71941","Protein GENE0360",-0.0377,1,0.514039,0,0.289,2,5,FALSE,FALSE,FALSE
"GENE1161","GENE1161_HUMAN","P08949","Protein GENE1161",0.1701,0.335173,0.186734,0.0891,0.7288,6,5,TRUE,FALSE,FALSE
"GENE2075","GENE2075_HUMAN","P42042","Protein GENE2075",0.5755,0.31334,0.150199,0.375,0.8233,2,3,FALSE,FALSE,FALSE
"GENE1154","GENE1154_HUMAN","P73776","Protein GENE1154",0.1242,1,0.549651,0,0.2599,5,5,FALSE,FALSE,FALSE
"GENE0668","GENE0668_HUMAN","P63615","Protein GENE0668",-0.4868,0.237949,0.071821,0.4573,1.1437,3,3,FALSE,FALSE,FALSE
"GENE0485","GENE0485_HUMAN","P94972","Protein GENE0485",-0.0083,1,0.690747,0,0.1607,5,5,FALSE,FALSE,FALSE
"GENE1445","GENE1445_HUMAN","P53221","Protein GENE1445",-0.1995,1,0.741261,0,0.13,4,3,TRUE,FALSE,FALSE
"GENE2897","GENE2897_HUMAN","P76546","Protein GENE2897",0.2739,1,0.767502,7e-04,0.1149,4,3,TRUE,FALSE,FALSE
"GENE2280","GENE2280_HUMAN","P40715","Protein GENE2280",0.0201,1,0.701918,0,0.1537,5,2,FALSE,FALSE,FALSE
"GENE2589","GENE2589_HUMAN","P17887","Protein GENE2589",0.0498,0.820795,0.313072,0.2156,0.5044,3,2,FALSE,FALSE,FALSE
"GENE1411","GENE1411_HUMAN","P09497","Protein GENE1411",-0.6719,0.25095,0.085302,0.7608,1.069,3,4,FALSE,FALSE,FALSE
"GENE0702","GENE0702_HUMAN","P67005","Protein GENE0702",0.3924,0.7381,0.400418,0,0.3975,5,5,FALSE,FALSE,FALSE
"WNK1","WNK1_HUMAN","P18671","Protein WNK1",2.5214,0.034675,0.023104,1.1275,1.6363,3,2,FALSE,FALSE,TRUE
"GENE0126","GENE0126_HUMAN","P22784","Protein GENE0126",-0.2437,1,0.983495,0,0.0072,5,2,FALSE,FALSE,FALSE
"GENE2345","GENE2345_HUMAN","P97938","Protein GENE2345",0.0941,1,0.699369,0,0.1553,3,5,FALSE,FALSE,FALSE
"GENE0359","GENE0359_HUMAN","P51180","Protein GENE0359",0.323,0.333147,0.213028,0.3444,0.6716,3,5,FALSE,FALSE,FALSE
"GENE0339","GENE0339_HUMAN","P48839","Protein GENE0339",-0.6341,0.757434,0.156335,0.7934,0.8059,5,6,TRUE,FALSE,FALSE
"GENE0312","GENE0312_HUMAN","P57769","Protein GENE0312",-0.0547,1,0.777243,0,0.1094,2,4,TRUE,FALSE,FALSE
"GENE1632","GENE1632_HUMAN","P97941","Protein GENE1632",-0.0568,1,0.855523,0,0.0678,2,2,FALSE,FALSE,FALSE
"GENE1069","GENE1069_HUMAN","P31503","Protein GENE1069",-0.0297,0.065406,0.061915,0.6065,1.2082,6,4,FALSE,FALSE,FALSE
"GENE1635","GENE1635_HUMAN","P93743","Protein GENE1635",-0.0459,1,0.997442,0,0.0011,6,5,FALSE,FALSE,FALSE
"GENE1404","GENE1404_HUMAN","P98579","Protein GENE1404",-0.6778,0.045523,0.014023,1.5335,1.8532,5,6,FALSE,FALSE,TRUE
"GENE1930","GENE1930_HUMAN","P24232","Protein GENE1930",0.7141,1,0.513305,0,0.2896,3,3,FALSE,FALSE,FALSE
"GENE2777","GENE2777_HUMAN","P28580","Protein GENE2777",-0.3776,0.980223,0.490141,0,0.3097,3,5,FALSE,FALSE,FALSE
"GENE0621","GENE0621_HUMAN","P70923","Protein GENE0621",-0.7197,0.323128,0.132911,0.8298,0.8764,6,2,FALSE,TRUE,FALSE
"GENE2137","GENE2137_HUMAN","P40307","Protein GENE2137",0.3503,1,0.851363,0,0.0699,6,4,FALSE,FALSE,FALSE
"GENE1295","GENE1295_HUMAN","P31467","Protein GENE1295",0.8099,0.517392,0.442637,0,0.354,3,4,FALSE,FALSE,FALSE
"GENE2782","GENE2782_HUMAN","P13189","Protein GENE2782",0.4531,0.901303,0.250047,0.1018,0.602,3,5,FALSE,FALSE,FALSE
"GENE0519","GENE0519_HUMAN","P02745","Protein GENE0519",0.2669,0.774156,0.169433,0.0818,0.771,2,6,FALSE,FALSE,FALSE
"GENE0139","GENE0139_HUMAN","P07958","Protein GENE0139",0.025,1,0.302312,0,0.5195,6,2,FALSE,FALSE,FALSE
"GENE1143","GENE1143_HUMAN","P31268","Protein GENE1143",0.0915,1,0.535949,0,0.2709,6,5,FALSE,FALSE,FALSE
"GENE0476","GENE0476_HUMAN","P81189","Protein GENE0476",-0.5757,0.034724,0.022489,1.0667,1.648,6,6,FALSE,FALSE,TRUE
"GENE2402","GENE2402_HUMAN","P84446","Protein GENE2402",-0.1096,1,0.63605,0,0.1965,5,3,FALSE,FALSE,FALSE
"GENE1435","GENE1435_HUMAN","P92994","Protein GENE1435",0.0242,1,0.359352,0.035,0.4445,5,2,FALSE,FALSE,FALSE
"GENE0182","GENE0182_HUMAN","P05091","Protein GENE0182",0.9733,0.631166,0.387516,0,0.4117,6,4,FALSE,FALSE,FALSE
"GENE1870","GENE1870_HUMAN","P60457","Protein GENE1870",0.3401,1,0.745346,0,0.1276,3,5,FALSE,FALSE,FALSE
"GENE1737","GENE1737_HUMAN","P73216","Protein GENE1737",-0.1535,1,0.863753,0,0.0636,3,3,FALSE,FALSE,FALSE
"NEK6","NEK6_HUMAN","P49317","Protein NEK6",2.1638,0.113945,0.028297,1.0261,1.5483,5,3,FALSE,FALSE,TRUE
"GENE0858","GENE0858_HUMAN","P63704","Protein GENE0858",2.0512,0.13618,0.038416,0.8975,1.4155,3,3,FALSE,FALSE,TRUE
"GENE2776","GENE2776_HUMAN","P41089","Protein GENE2776",-0.1856,1,0.552294,0,0.2578,4,2,FALSE,TRUE,FALSE
"GENE0479","GENE0479_HUMAN","P36345","Protein GENE0479",0.428,1,0.766156,0,0.1157,6,4,FALSE,FALSE,FALSE
"GENE1150","GENE1150_HUMAN","P60903","Protein GENE1150",0.0436,1,0.830963,0,0.0804,3,5,FALSE,FALSE,FALSE
"GENE1552","GENE1552_HUMAN","P06379","Protein GENE1552",0.0774,0.73815,0.607712,0,0.2163,6,4,FALSE,TRUE,FALSE
"GENE0170","GENE0170_HUMAN","P70222","Protein GENE0170",0.2323,1,0.517065,0,0.2865,2,2,FALSE,FALSE,FALSE
"GENE1023","GENE1023_HUMAN","P11351","Protein GENE1023",2.4958,0.112968,0.026871,0.8928,1.5707,3,4,FALSE,FALSE,TRUE
"GENE2634","GENE2634_HUMAN","P31713","Protein GENE2634",0.4071,0.534191,0.366175,0.0039,0.4363,2,2,FALSE,FALSE,FALSE
"GENE0852","GENE0852_HUMAN","P53987","Protein GENE0852",-0.7221,1,0.47862,0.1322,0.32,4,5,FALSE,FALSE,FALSE
"GENE2299","GENE2299_HUMAN","P79591","Protein GENE2299",0.4945,0.429827,0.426124,0,0.3705,2,2,FALSE,FALSE,FALSE
"GENE1868","GENE1868_HUMAN","P87835","Protein GENE1868",-0.0401,1,0.450717,0,0.3461,2,2,FALSE,FALSE,FALSE
"GENE0805","GENE0805_HUMAN","P92476","Protein GENE0805",-0.2843,1,0.426899,0,0.3697,5,3,FALSE,FALSE,FALSE
"GENE1522","GENE1522_HUMAN","P09336","Protein GENE1522",-0.1684,1,0.937718,0,0.0279,2,2,FALSE,TRUE,FALSE
"GENE1396","GENE1396_HUMAN","P71365","Protein GENE1396",-0.1572,0.321626,0.090128,0.6892,1.0451,4,6,FALSE,FALSE,FALSE
"GENE1525","GENE1525_HUMAN","P87319","Protein GENE1525",0.4137,0.95726,0.192931,0.1789,0.7146,3,6,FALSE,FALSE,FALSE
"GENE2180","GENE2180_HUMAN","P69878","Protein GENE2180",0.2292,0.309525,0.180229,0.2234,0.7442,6,6,FALSE,FALSE,FALSE
"GENE2131","GENE2131_HUMAN","P62560","Protein GENE2131",0.0203,1,0.95583,0,0.0196,3,5,TRUE,FALSE,FALSE
"GENE0810","GENE0810_HUMAN","P41154","Protein GENE0810",2.357,0.044565,0.010158,1.5272,1.9932,3,2,FALSE,FALSE,TRUE
"GENE2459","GENE2459_HUMAN","P57532","Protein GENE2459",0.7118,1,0.237097,0.2121,0.6251,6,3,FALSE,TRUE,FALSE
"GENE2462","GENE2462_HUMAN","P31498","Protein GENE2462",0.2466,0.269029,0.071807,0.7172,1.1438,3,4,FALSE,FALSE,FALSE
"GENE0556","GENE0556_HUMAN","P76004","Protein GENE0556",-0.4016,1,0.428058,0,0.3685,4,5,FALSE,FALSE,FALSE
"GENE2223","GENE2223_HUMAN","P43555","Protein GENE2223",0.2926,0.867071,0.32069,0.1972,0.4939,6,2,FALSE,FALSE,FALSE
"GENE1681","GENE1681_HUMAN","P73839","Protein GENE1681",0.3758,0.531232,0.156614,0.6265,0.8052,2,4,FALSE,FALSE,FALSE
"GENE1229","GENE1229_HUMAN","P42989","Protein GENE1229",-0.1831,0.92795,0.911886,0,0.0401,6,2,FALSE,FALSE,FALSE
"GENE1570","GENE1570_HUMAN","P97631","Protein GENE1570",0.6919,0.86189,0.193417,0.0514,0.7135,4,6,TRUE,FALSE,FALSE
"GENE0236","GENE0236_HUMAN","P12145","Protein GENE0236",-0.0338,1,0.324249,0.1569,0.4891,5,4,FALSE,FALSE,FALSE
"GENE1352","GENE1352_HUMAN","P29169","Protein GENE1352",0.1984,0.228428,0.184186,0.1065,0.7347,6,5,FALSE,TRUE,FALSE
"GENE0414","GENE0414_HUMAN","P90729","Protein GENE0414",0.0235,0.667877,0.232445,0.5081,0.6337,5,4,FALSE,FALSE,FALSE
"GENE2346","GENE2346_HUMAN","P77077","Protein GENE2346",-0.4199,1,0.691498,0.0526,0.1602,4,5,FALSE,FALSE,FALSE
"GENE1100","GENE1100_HUMAN","P22673","Protein GENE1100",-0.1399,0.220444,0.190219,0.3663,0.7207,3,5,FALSE,FALSE,FALSE
"GENE0082","GENE0082_HUMAN","P88552","Protein GENE0082",-0.6759,1,0.426015,0,0.3706,3,6,FALSE,FALSE,FALSE
"GENE2226","GENE2226_HUMAN","P35169","Protein GENE2226",-0.3184,1,0.994041,0,0.0026,4,6,FALSE,FALSE,FALSE
"GENE1602","GENE1602_HUMAN","P57851","Protein GENE1602",-0.2575,1,0.577038,0,0.2388,4,2,FALSE,FALSE,FALSE
"GENE0012","GENE0012_HUMAN","P15571","Protein GENE0012",-0.1565,1,0.904238,0,0.0437,4,5,FALSE,FALSE,FALSE
"GENE0293","GENE0293_HUMAN","P96473","Protein GENE0293",-0.4007,1,0.531254,0,0.2747,5,6,TRUE,FALSE,FALSE
"GENE0860","GENE0860_HUMAN","P85551","Protein GENE0860",-0.7626,1,0.888682,0,0.0513,6,2,FALSE,FALSE,FALSE
"GENE0007","GENE0007_HUMAN","P35856","Protein GENE0007",-0.2474,0.379055,0.137879,0.2142,0.8605,5,5,FALSE,FALSE,FALSE
"GENE1719","GENE1719_HUMAN","P14609","Protein GENE1719",3.9273,0.02353,0.008835,1.5219,2.0538,5,4,FALSE,TRUE,TRUE
"GENE1845","GENE1845_HUMAN","P70224","Protein GENE1845",0.0291,0.995021,0.833837,0,0.0789,5,6,FALSE,TRUE,FALSE
"GENE2400","GENE2400_HUMAN","P16782","Protein GENE2400",-0.1986,1,0.371642,0.266,0.4299,4,6,FALSE,FALSE,FALSE
"GENE0950","GENE0950_HUMAN","P13523","Protein GENE0950",0.2982,0.614152,0.156789,0.5135,0.8047,4,6,FALSE,FALSE,FALSE
"GENE0654","GENE0654_HUMAN","P44914","Protein GENE0654",-0.4063,1,0.725213,0,0.1395,2,5,TRUE,FALSE,FALSE
"GENE1641","GENE1641_HUMAN","P98343","Protein GENE1641",-0.7333,0.944209,0.718011,0,0.1439,2,6,FALSE,TRUE,FALSE
"GENE2182","GENE2182_HUMAN","P20456","Protein GENE2182",-0.1708,0.965682,0.853021,0,0.069,6,3,FALSE,FALSE,FALSE
"GENE1516","GENE1516_HUMAN","P64239","Protein GENE1516",1.7096,0.043907,0.031513,1.0712,1.5015,5,5,FALSE,FALSE,TRUE
"GENE1227","GENE1227_HUMAN","P04794","Protein GENE1227",0.2899,1,0.923449,0,0.0346,5,5,FALSE,FALSE,FALSE
"GENE2769","GENE2769_HUMAN","P45309","Protein GENE2769",0.0126,1,0.555324,0,0.2555,4,3,FALSE,FALSE,FALSE
"GENE1634","GENE1634_HUMAN","P75272","Protein GENE1634",0.4637,1,0.832661,0,0.0795,3,2,TRUE,FALSE,FALSE
"GENE0911","GENE0911_HUMAN","P25042","Protein GENE0911",-0.2535,1,0.856053,0,0.0675,3,3,FALSE,FALSE,FALSE
"GENE2688","GENE2688_HUMAN","P52072","Protein GENE2688",0.4401,1,0.697192,0.0186,0.1566,6,5,FALSE,FALSE,FALSE
"GENE2135","GENE2135_HUMAN","P42285","Protein GENE2135",-0.1787,1,0.374803,0,0.4262,4,6,FALSE,FALSE,FALSE
"GENE2845","GENE2845_HUMAN","P99088","Protein GENE2845",-0.843,0.402536,0.099739,0.7116,1.0011,4,6,FALSE,FALSE,FALSE
"GENE2583","GENE2583_HUMAN","P43390","Protein GENE2583",-0.4772,0.334362,0.29659,0.4209,0.5278,5,5,FALSE,FALSE,FALSE
"GENE2228","GENE2228_HUMAN","P74005","Protein GENE2228",-0.1602,1,0.587449,0,0.231,5,4,FALSE,FALSE,FALSE
"GENE2035","GENE2035_HUMAN","P82398","Protein GENE2035",-0.4759,1,0.351197,0.42,0.4544,5,6,FALSE,FALSE,FALSE
"GENE2205","GENE2205_HUMAN","P29033","Protein GENE2205",0.0502,1,0.350046,0,0.4559,6,3,FALSE,TRUE,FALSE
"GENE1107","GENE1107_HUMAN","P26631","Protein GENE1107",0.6646,1,0.973117,0,0.0118,3,3,FALSE,FALSE,FALSE
"GPATCH3","GPATCH3_HUMAN","P49517","Protein GPATCH3",-0.5871,0.734815,0.263895,0.3143,0.5786,6,5,FALSE,FALSE,FALSE
"GENE2820","GENE2820_HUMAN","P85576","Protein GENE2820",-0.1236,1,0.46618,0,0.3314,2,3,FALSE,FALSE,FALSE
"GENE2513","GENE2513_HUMAN","P67076","Protein GENE2513",0.3426,0.292492,0.085458,0.6369,1.0682,4,6,FALSE,FALSE,FALSE
"GENE0123","GENE0123_HUMAN","P18771","Protein GENE0123",-0.4371,1,0.927315,0,0.0328,6,6,FALSE,FALSE,FALSE
"GENE1976","GENE1976_HUMAN","P84341","Protein GENE1976",3.5278,0.047971,0.020229,1.2073,1.694,5,6,FALSE,FALSE,TRUE
"GENE2386","GENE2386_HUMAN","P16126","Protein GENE2386",0.4181,0.666015,0.541404,0,0.2665,3,2,FALSE,FALSE,FALSE
"GENE2094","GENE2094_HUMAN","P68018","Protein GENE2094",-0.2915,0.949493,0.647229,0,0.1889,2,5,FALSE,FALSE,FALSE
"GENE1493","GENE1493_HUMAN","P39329","Protein GENE1493",-0.5035,1,0.64175,0,0.1926,6,5,FALSE,FALSE,FALSE
"GENE2640","GENE2640_HUMAN","P45944","Protein GENE2640",-0.4897,1,0.45957,0,0.3376,2,6,FALSE,FALSE,FALSE
"GENE1074","GENE1074_HUMAN","P21460","Protein GENE1074",-0.7049,0.728628,0.184002,0.326,0.7352,5,6,FALSE,FALSE,FALSE
"GENE0898","GENE0898_HUMAN","P22920","Protein GENE0898",0.7314,1,0.749804,0.0351,0.1251,2,5,FALSE,FALSE,FALSE
"GENE1341","GENE1341_HUMAN","P53015","Protein GENE1341",0.0102,1,0.727969,0,0.1379,4,2,FALSE,FALSE,FALSE
"NCOA1","NCOA1_HUMAN","P95109","Protein NCOA1",1.9168,0.017247,0.007436,1.4316,2.1287,3,5,FALSE,FALSE,TRUE
"GENE1789","GENE1789_HUMAN","P60025","Protein GENE1789",-0.1562,0.268994,0.186909,0.1795,0.7284,4,2,FALSE,TRUE,FALSE
"GENE1762","GENE1762_HUMAN","P38542","Protein GENE1762",-0.3199,1,0.888493,0,0.0513,6,2,FALSE,FALSE,FALSE
"GENE2258","GENE2258_HUMAN","P30199","Protein GENE2258",-3.1773,0.018097,0.003794,2.0341,2.4209,2,4,FALSE,FALSE,TRUE
"GENE2145","GENE2145_HUMAN","P77535","Protein GENE2145",0.957,0.34025,0.155226,0.151,0.809,3,2,FALSE,FALSE,FALSE
"GENE1322","GENE1322_HUMAN","P15776","Protein GENE1322",0.6285,1,0.471261,0,0.3267,3,6,FALSE,FALSE,FALSE
"GENE1616","GENE1616_HUMAN","P47406","Protein GENE1616",0.8015,1,0.301909,0.0557,0.5201,6,4,FALSE,FALSE,FALSE
"GENE0991","GENE0991_HUMAN","P08343","Protein GENE0991",-0.2345,1,0.632458,0,0.199,3,5,FALSE,FALSE,FALSE
"GENE2549","GENE2549_HUMAN","P07907","Protein GENE2549",0.1302,0.214818,0.073352,0.5207,1.1346,3,5,FALSE,FALSE,FALSE
"GENE1198","GENE1198_HUMAN","P27957","Protein GENE1198",-0.1697,1,0.297005,0.0067,0.5272,6,2,FALSE,FALSE,FALSE
"GENE2166","GENE2166_HUMAN","P51193","Protein GENE2166",-4.1424,0.131608,0.041682,1.2257,1.3801,6,6,FALSE,FALSE,TRUE
"GENE2518","GENE2518_HUMAN","P33896","Protein GENE2518",0.4205,1,0.657765,0,0.1819,5,3,TRUE,FALSE,FALSE
"GENE0891","GENE0891_HUMAN","P43503","Protein GENE0891",-0.4461,1,0.862583,0,0.0642,3,5,FALSE,FALSE,FALSE
"GENE1509","GENE1509_HUMAN","P24237","Protein GENE1509",0.1878,1,0.230119,0.1938,0.638,3,2,TRUE,FALSE,FALSE
"GENE2798","GENE2798_HUMAN","P48988","Protein GENE2798",-1.0145,1,0.533873,0,0.2726,2,5,FALSE,TRUE,FALSE
"GENE0452","GENE0452_HUMAN","P83142","Protein GENE0452",-0.5645,0.481754,0.272609,0.4535,0.5645,6,4,FALSE,FALSE,FALSE
"GENE2556","GENE2556_HUMAN","P77398","Protein GENE2556",0.7127,1,0.307537,0,0.5121,2,5,FALSE,TRUE,FALSE
"GENE0866","GENE0866_HUMAN","P31412","Protein GENE0866",0.8203,1,0.762081,0,0.118,5,3,FALSE,FALSE,FALSE
"GENE2772","GENE2772_HUMAN","P78804","Protein GENE2772",-0.1161,1,0.419647,0.1439,0.3771,3,6,TRUE,FALSE,FALSE
"GENE0731","GENE0731_HUMAN","P77386","Protein GENE0731",0.1411,1,0.274003,0.208,0.5622,5,2,FALSE,FALSE,FALSE
"GENE0323","GENE0323_HUMAN","P19855","Protein GENE0323",0.0823,1,0.999743,0,1e-04,6,6,FALSE,TRUE,FALSE
"GENE1846","GENE1846_HUMAN","P03948","Protein GENE1846",0.0069,0.890215,0.378002,0.0839,0.4225,5,4,FALSE,FALSE,FALSE
"GENE2341","GENE2341_HUMAN","P30450","Protein GENE2341",-0.6859,1,0.727888,0,0.1379,6,2,FALSE,FALSE,FALSE
"GENE0870","GENE0870_HUMAN","P10316","Protein GENE0870",-0.2618,0.981795,0.515244,0,0.288,4,4,FALSE,FALSE,FALSE
"GENE0815","GENE0815_HUMAN","P14525","Protein GENE0815",0.3869,1,0.307181,0.3679,0.5126,6,4,FALSE,FALSE,FALSE
"GENE1713","GENE1713_HUMAN","P18399","Protein GENE1713",0.0308,1,0.751258,0,0.1242,3,6,FALSE,FALSE,FALSE
"GENE2697","GENE2697_HUMAN","P03060","Protein GENE2697",0.5253,0.768638,0.370945,0,0.4307,6,5,FALSE,FALSE,FALSE
"GENE0161","GENE0161_HUMAN","P09939","Protein GENE0161",-0.5502,1,0.843855,0,0.0737,4,2,FALSE,FALSE,FALSE
"GENE1812","GENE1812_HUMAN","P48424","Protein GENE1812",3.88,0.07674,0.044998,0.8368,1.3468,6,6,FALSE,FALSE,TRUE
"GENE2874","GENE2874_HUMAN","P80767","Protein GENE2874",0.0568,1,0.964887,0,0.0155,5,3,TRUE,FALSE,FALSE
"GENE0753","GENE0753_HUMAN","P55105","Protein GENE0753",-0.0601,1,0.472487,0,0.3256,6,4,TRUE,FALSE,FALSE
"GENE0725","GENE0725_HUMAN","P37971","Protein GENE0725",2.8855,0.100163,0.028146,1.1492,1.5506,5,4,TRUE,FALSE,TRUE
"GENE2557","GENE2557_HUMAN","P97842","Protein GENE2557",-0.6872,0.1164,0.023402,1.0471,1.6307,4,2,FALSE,FALSE,TRUE
"GENE2656","GENE2656_HUMAN","P58382","Protein GENE2656",-0.5815,1,0.543641,0,0.2647,5,3,FALSE,FALSE,FALSE
"GENE2272","GENE2272_HUMAN","P30627","Protein GENE2272",-0.8462,1,0.763924,0,0.1169,5,6,FALSE,FALSE,FALSE
"PABPC1","PABPC1_HUMAN","P80247","Protein PABPC1",2.3949,0.005716,0.001412,2.3352,2.8501,4,5,FALSE,TRUE,TRUE
"GENE1599","GENE1599_HUMAN","P85697","Protein GENE1599",-0.0052,0.436021,0.12732,0.4657,0.8951,3,3,FALSE,FALSE,FALSE
"GENE2671","GENE2671_HUMAN","P37331","Protein GENE2671",0.2043,0.527914,0.510362,0,0.2921,4,5,FALSE,FALSE,FALSE
"GENE0649","GENE0649_HUMAN","P30694","Protein GENE0649",-0.3145,1,0.401374,0,0.3965,6,4,FALSE,FALSE,FALSE
"GENE1665","GENE1665_HUMAN","P01728","Protein GENE1665",-0.0034,1,0.302837,0,0.5188,5,3,FALSE,FALSE,FALSE
"GENE1251","GENE1251_HUMAN","P85125","Protein GENE1251",0.0965,1,0.576212,0.1888,0.2394,4,6,FALSE,FALSE,FALSE
"GENE2307","GENE2307_HUMAN","P96580","Protein GENE2307",1.1795,0.575528,0.236148,0,0.6268,2,5,FALSE,FALSE,FALSE
"GENE2512","GENE2512_HUMAN","P79804","Protein GENE2512",3.5235,0.005063,0.003449,2.1316,2.4623,4,2,FALSE,TRUE,TRUE
"GENE2676","GENE2676_HUMAN","P85111","Protein GENE2676",-0.4538,1,0.67709,0,0.1694,4,5,TRUE,FALSE,FALSE
"GENE1989","GENE1989_HUMAN","P40256","Protein GENE1989",0.644,1,0.363395,0,0.4396,3,3,FALSE,FALSE,FALSE
"GENE2619","GENE2619_HUMAN","P90638","Protein GENE2619",-0.1779,1,0.386695,0.044,0.4126,2,5,FALSE,FALSE,FALSE
"GENE0999","GENE0999_HUMAN","P19946","Protein GENE0999",0.1346,0.553102,0.191186,0.441,0.7185,4,2,FALSE,TRUE,FALSE
"GENE0925","GENE0925_HUMAN","P61856","Protein GENE0925",-0.4441,0.426236,0.099064,0.3551,1.0041,3,2,FALSE,TRUE,FALSE
"GENE1683","GENE1683_HUMAN","P02941","Protein GENE1683",0.0127,0.346176,0.1729,0.2766,0.7622,4,6,FALSE,FALSE,FALSE
"GENE1735","GENE1735_HUMAN","P29157","Protein GENE1735",-0.2147,1,0.331506,0,0.4795,3,2,FALSE,FALSE,FALSE
"GENE1663","GENE1663_HUMAN","P40735","Protein GENE1663",-0.0259,1,0.967154,0,0.0145,6,4,FALSE,TRUE,FALSE
"GENE1028","GENE1028_HUMAN","P16032","Protein GENE1028",-0.0934,1,0.713314,0,0.1467,6,2,FALSE,FALSE,FALSE
"GENE2701","GENE2701_HUMAN","P97644","Protein GENE2701",-0.1391,1,0.244735,0.0062,0.6113,3,3,FALSE,FALSE,FALSE
"GENE1097","GENE1097_HUMAN","P47808","Protein GENE1097",0.0045,1,0.466382,0.142,0.3313,4,5,FALSE,FALSE,FALSE
"GENE2227","GENE2227_HUMAN","P64357","Protein GENE2227",-0.3153,1,0.961529,0,0.017,4,5,FALSE,FALSE,FALSE
"GENE2260","GENE2260_HUMAN","P55266","Protein GENE2260",-0.0048,0.319775,0.135028,0.4558,0.8696,5,2,FALSE,FALSE,FALSE
"GENE2103","GENE2103_HUMAN","P98614","Protein GENE2103",0.8039,1,0.916901,0,0.0377,6,3,FALSE,FALSE,FALSE
"GENE2099","GENE2099_HUMAN","P75185","Protein GENE2099",-0.8571,1,0.292193,0,0.5343,2,5,FALSE,FALSE,FALSE
"GENE0923","GENE0923_HUMAN","P10473","Protein GENE0923",0.609,0.569474,0.191742,0.374,0.7173,2,4,FALSE,FALSE,FALSE
"GENE0784","GENE0784_HUMAN","P15131","Protein GENE0784",1.346,1,0.983837,0,0.0071,3,4,TRUE,FALSE,FALSE
"GENE2090","GENE2090_HUMAN","P81985","Protein GENE2090",0.1026,1,0.953554,0,0.0207,3,5,FALSE,FALSE,FALSE
"GENE2760","GENE2760_HUMAN","P31623","Protein GENE2760",-0.9034,1,0.484058,0,0.3151,6,2,FALSE,FALSE,FALSE
"GENE0890","GENE0890_HUMAN","P95168","Protein GENE0890",-0.365,1,0.513302,0.1966,0.2896,5,6,FALSE,FALSE,FALSE
"GENE2059","GENE2059_HUMAN","P85463","Protein GENE2059",0.277,1,0.760055,0,0.1192,3,6,FALSE,FALSE,FALSE
"GENE2784","GENE2784_HUMAN","P99924","Protein GENE2784",2.3938,0.12942,0.04163,0.7699,1.3806,2,6,FALSE,TRUE,TRUE
"GENE1131","GENE1131_HUMAN","P40088","Protein GENE1131",0.073,0.657322,0.583627,0,0.2339,3,2,FALSE,FALSE,FALSE
"GENE2525","GENE2525_HUMAN","P43411","Protein GENE2525",0.334,1,0.672287,0,0.1724,5,3,FALSE,FALSE,FALSE
"GENE0987","GENE0987_HUMAN","P79542","Protein GENE0987",1.8598,0.140745,0.037735,1.2777,1.4233,2,3,FALSE,FALSE,TRUE
"GENE1787","GENE1787_HUMAN","P95656","Protein GENE1787",-0.3406,0.494364,0.144176,0.7624,0.8411,5,6,FALSE,FALSE,FALSE
"GENE0185","GENE0185_HUMAN","P82007","Protein GENE0185",-0.0969,0.646672,0.614981,0,0.2111,5,3,FALSE,FALSE,FALSE
"GENE0906","GENE0906_HUMAN","P38409","Protein GENE0906",-0.2003,0.892935,0.732081,0,0.1354,5,6,FALSE,FALSE,FALSE
"GENE2471","GENE2471_HUMAN","P59558","Protein GENE2471",-0.1523,0.481887,0.135431,0.3677,0.8683,2,6,FALSE,FALSE,FALSE
"GENE1086","GENE1086_HUMAN","P39262","Protein GENE1086",-0.2016,1,0.882912,0,0.0541,2,5,FALSE,FALSE,FALSE
"GENE1558","GENE1558_HUMAN","P29840","Protein GENE1558",0.4432,0.415725,0.249144,0,0.6036,3,6,FALSE,TRUE,FALSE
"GENE0565","GENE0565_HUMAN","P01522","Protein GENE0565",-0.069,0.406729,0.126834,0.4912,0.8968,2,4,FALSE,FALSE,FALSE
"GENE2484","GENE2484_HUMAN","P81711","Protein GENE2484",0.9349,1,0.884376,0,0.0534,3,3,TRUE,FALSE,FALSE
"GENE1655","GENE1655_HUMAN","P46574","Protein GENE1655",-0.1377,0.438325,0.299426,0.5113,0.5237,4,6,FALSE,FALSE,FALSE
"GENE1431","GENE1431_HUMAN","P97368","Protein GENE1431",0.1285,1,0.976018,0,0.0105,5,4,TRUE,FALSE,FALSE
"GENE0750","GENE0750_HUMAN","P74020","Protein GENE0750",0.1191,1,0.518806,0,0.285,5,3,FALSE,FALSE,FALSE
"GENE1575","GENE1575_HUMAN","P02850","Protein GENE1575",-0.4233,1,0.288457,0.043,0.5399,3,3,FALSE,TRUE,FALSE
"GENE1364","GENE1364_HUMAN","P93596","Protein GENE1364",-0.4359,1,0.368512,0,0.4335,5,5,FALSE,FALSE,FALSE
"GENE0503","GENE0503_HUMAN","P75494","Protein GENE0503",0.0798,0.855253,0.290265,0.2977,0.5372,2,2,TRUE,FALSE,FALSE
"GENE0473","GENE0473_HUMAN","P85776","Protein GENE0473",0.2586,0.969369,0.347861,0,0.4586,6,4,TRUE,TRUE,FALSE
"GENE1718","GENE1718_HUMAN","P83855","Protein GENE1718",0.2776,0.871344,0.537636,0,0.2695,3,4,FALSE,FALSE,FALSE
"GENE2189","GENE2189_HUMAN","P65228","Protein GENE2189",-0.3254,1,0.797494,0,0.0983,2,4,FALSE,FALSE,FALSE
"GENE0446","GENE0446_HUMAN","P78033","Protein GENE0446",0.0782,1,0.906544,0,0.0426,2,6,FALSE,FALSE,FALSE
"GENE0976","GENE0976_HUMAN","P31447","Protein GENE0976",-0.0774,1,0.801766,0,0.096,2,3,TRUE,FALSE,FALSE
"GENE2096","GENE2096_HUMAN","P25702","Protein GENE2096",0.0476,1,0.562722,0,0.2497,2,4,FALSE,FALSE,FALSE
"GENE2788","GENE2788_HUMAN","P80176","Protein GENE2788",-0.3577,1,0.359599,0,0.4442,4,5,FALSE,FALSE,FALSE
"GENE1298","GENE1298_HUMAN","P36907","Protein GENE1298",0.0854,0.233263,0.160683,0.3562,0.794,2,6,FALSE,TRUE,FALSE
"GENE0490","GENE0490_HUMAN","P39324","Protein GENE0490",0.4478,0.218231,0.089206,1.0398,1.0496,6,3,FALSE,FALSE,FALSE
"GENE2023","GENE2023_HUMAN","P58600","Protein GENE2023",1.0278,1,0.516616,0.2455,0.2868,6,3,FALSE,FALSE,FALSE
"GENE0691","GENE0691_HUMAN","P83695","Protein GENE0691",-0.2202,1,0.803769,0,0.0949,5,2,FALSE,TRUE,FALSE
"GENE0016","GENE0016_HUMAN","P43511","Protein GENE0016",-0.2238,1,0.828228,0,0.0819,6,2,FALSE,FALSE,FALSE
"GENE0378","GENE0378_HUMAN","P05305","Protein GENE0378",0.1469,1,0.74384,0,0.1285,3,3,FALSE,TRUE,FALSE
"GENE0335","GENE0335_HUMAN","P75637","Protein GENE0335",-0.0211,0.1202,0.08094,0.4555,1.0918,5,4,FALSE,FALSE,FALSE
"GENE0356","GENE0356_HUMAN","P59835","Protein GENE0356",0.0985,0.104125,0.086913,0.6101,1.0609,4,6,FALSE,TRUE,FALSE
"GENE1152","GENE1152_HUMAN","P37386","Protein GENE1152",-0.017,0.480986,0.345292,0,0.4618,5,2,FALSE,FALSE,FALSE
"GENE0040","GENE0040_HUMAN","P90541","Protein GENE0040",0.8493,0.310846,0.069071,0.6889,1.1607,5,2,FALSE,FALSE,FALSE
"GENE1183","GENE1183_HUMAN","P34930","Protein GENE1183",-0.4813,1,0.339438,0,0.4692,6,3,FALSE,FALSE,FALSE
"GENE0791","GENE0791_HUMAN","P48687","Protein GENE0791",-0.0299,1,0.507437,0,0.2946,3,4,FALSE,FALSE,FALSE
"GENE2683","GENE2683_HUMAN","P67785","Protein GENE2683",-0.8129,0.296645,0.246697,0.2352,0.6078,5,4,FALSE,FALSE,FALSE
"GENE1583","GENE1583_HUMAN","P08012","Protein GENE1583",-0.048,1,0.989079,0,0.0048,6,4,FALSE,FALSE,FALSE
"GENE1504","GENE1504_HUMAN","P15758","Protein GENE1504",0.2941,0.243359,0.193066,0.1511,0.7143,3,5,FALSE,FALSE,FALSE
"GENE0493","GENE0493_HUMAN","P00356","Protein GENE0493",0.5924,0.052159,0.024937,1.0215,1.6032,3,6,FALSE,FALSE,TRUE
"GENE2579","GENE2579_HUMAN","P56499","Protein GENE2579",-0.0756,1,0.716964,0,0.1445,2,6,TRUE,FALSE,FALSE
"DDX41","DDX41_HUMAN","P06378","Protein DDX41",2.4302,0.047846,0.033728,1.0543,1.472,3,3,FALSE,FALSE,TRUE
"GENE2108","GENE2108_HUMAN","P89673","Protein GENE2108",-0.1221,1,0.589599,0,0.2294,2,5,FALSE,FALSE,FALSE
"GENE1600","GENE1600_HUMAN","P47869","Protein GENE1600",0.2544,1,0.909512,0,0.0412,2,6,TRUE,FALSE,FALSE
"GENE0054","GENE0054_HUMAN","P46893","Protein GENE0054",0.2243,1,0.940513,0,0.0266,3,2,FALSE,FALSE,FALSE
"GENE2237","GENE2237_HUMAN","P31833","Protein GENE2237",-0.1578,1,0.628451,0,0.2017,2,3,FALSE,FALSE,FALSE
"GENE2398","GENE2398_HUMAN","P23947","Protein GENE2398",0.2421,1,0.89336,0,0.049,3,6,FALSE,TRUE,FALSE
"GENE0694","GENE0694_HUMAN","P03272","Protein GENE0694",-0.8124,1,0.82308,0,0.0846,5,4,FALSE,FALSE,FALSE
"GENE2741","GENE2741_HUMAN","P99439","Protein GENE2741",0.1001,1,0.685076,0,0.1643,4,2,FALSE,FALSE,FALSE
"GENE0461","GENE0461_HUMAN","P91855","Protein GENE0461",0.1238,1,0.388851,0.2815,0.4102,3,6,FALSE,FALSE,FALSE
"GENE2148","GENE2148_HUMAN","P23764","Protein GENE2148",-0.3296,1,0.460049,0,0.3372,5,6,FALSE,FALSE,FALSE
"GENE1893","GENE1893_HUMAN","P44689","Protein GENE1893",-0.6554,1,0.915536,0,0.0383,6,3,FALSE,FALSE,FALSE
"GENE0433","GENE0433_HUMAN","P86114","Protein GENE0433",0.195,1,0.649394,0,0.1875,5,4,FALSE,FALSE,FALSE
"GENE2733","GENE2733_HUMAN","P28379","Protein GENE2733",-0.0022,1,0.82697,0,0.0825,3,2,FALSE,FALSE,FALSE
"GENE0724","GENE0724_HUMAN","P86536","Protein GENE0724",-0.7462,1,0.693385,0,0.159,3,3,FALSE,FALSE,FALSE
"GENE1669","GENE1669_HUMAN","P86043","Protein GENE1669",0.4424,1,0.775161,0,0.1106,5,3,TRUE,FALSE,FALSE
"GENE0387","GENE0387_HUMAN","P54193","Protein GENE0387",0.5388,1,0.512509,0,0.2903,2,6,FALSE,FALSE,FALSE
"GENE2273","GENE2273_HUMAN","P20136","Protein GENE2273",0.529,0.400644,0.310371,0,0.5081,3,2,FALSE,FALSE,FALSE
"GENE2185","GENE2185_HUMAN","P42948","Protein GENE2185",0.0235,1,0.360584,0.1398,0.443,3,4,FALSE,FALSE,FALSE
"GENE1413","GENE1413_HUMAN","P82615","Protein GENE1413",0.3736,0.628763,0.299935,0.103,0.523,5,2,FALSE,FALSE,FALSE
"GENE1513","GENE1513_HUMAN","P72896","Protein GENE1513",0.279,1,0.388158,0,0.411,6,4,FALSE,TRUE,FALSE
"GPKOW","GPKOW_HUMAN","P11682","Protein GPKOW",-0.1155,0.773362,0.561788,0,0.2504,6,5,FALSE,FALSE,FALSE
"GENE1250","GENE1250_HUMAN","P97712","Protein GENE1250",0.6505,1,0.965091,0,0.0154,6,4,FALSE,FALSE,FALSE
"GENE1174","GENE1174_HUMAN","P19890","Protein GENE1174",0.364,1,0.788114,0.0936,0.1034,6,4,FALSE,FALSE,FALSE
"GENE1439","GENE1439_HUMAN","P44970","Protein GENE1439",0.0605,0.995237,0.77432,0,0.1111,5,2,FALSE,FALSE,FALSE
"GENE0281","GENE0281_HUMAN","P16201","Protein GENE0281",0.9019,0.725262,0.401102,0.2984,0.3967,6,2,FALSE,TRUE,FALSE
"GENE0934","GENE0934_HUMAN","P86637","Protein GENE0934",-0.5058,1,0.322743,0.2997,0.4911,4,5,FALSE,FALSE,FALSE
"GENE0169","GENE0169_HUMAN","P84306","Protein GENE0169",-0.9827,0.024118,0.023583,1.0125,1.6274,2,5,FALSE,FALSE,TRUE
"GENE1766","GENE1766_HUMAN","P70184","Protein GENE1766",0.1564,1,0.755733,0,0.1216,3,4,FALSE,FALSE,FALSE
"GENE1149","GENE1149_HUMAN","P15501","Protein GENE1149",0.8283,1,0.454393,0,0.3426,6,4,FALSE,FALSE,FALSE
"GENE2497","GENE2497_HUMAN","P76565","Protein GENE2497",0.0564,0.82512,0.538104,0,0.2691,3,6,FALSE,FALSE,FALSE
"GENE2635","GENE2635_HUMAN","P96063","Protein GENE2635",-0.2244,1,0.217311,0.2611,0.6629,3,4,FALSE,FALSE,FALSE
"GENE1231","GENE1231_HUMAN","P61334","Protein GENE1231",-0.485,1,0.54422,0,0.2642,4,3,FALSE,FALSE,FALSE
"GENE1075","GENE1075_HUMAN","P01974","Protein GENE1075",-0.1054,1,0.732342,0,0.1353,3,5,FALSE,FALSE,FALSE
"GENE2629","GENE2629_HUMAN","P11677","Protein GENE2629",0.4054,1,0.943672,0,0.0252,2,2,TRUE,FALSE,FALSE
"GENE0195","GENE0195_HUMAN","P88305","Protein GENE0195",0.4569,1,0.369516,0,0.4324,2,2,FALSE,TRUE,FALSE
"GENE2806","GENE2806_HUMAN","P81545","Protein GENE2806",0.9313,1,0.664313,0,0.1776,3,3,FALSE,FALSE,FALSE
"GENE0767","GENE0767_HUMAN","P96736","Protein GENE0767",0.9485,1,0.995472,0,0.002,6,3,FALSE,FALSE,FALSE
"GENE0768","GENE0768_HUMAN","P52897","Protein GENE0768",0.8607,1,0.373565,0,0.4276,6,3,FALSE,TRUE,FALSE
"GENE0881","GENE0881_HUMAN","P19187","Protein GENE0881",-0.1137,1,0.970832,0,0.0129,6,2,FALSE,FALSE,FALSE
"GENE1653","GENE1653_HUMAN","P26502","Protein GENE1653",-0.272,1,0.735945,0,0.1332,3,4,FALSE,FALSE,FALSE
"GENE1108","GENE1108_HUMAN","P62833","Protein GENE1108",-0.0978,1,0.577608,0.095,0.2384,2,4,FALSE,FALSE,FALSE
"GENE1897","GENE1897_HUMAN","P84965","Protein GENE1897",-0.6459,0.543138,0.389534,0,0.4095,3,2,FALSE,FALSE,FALSE
"GENE1644","GENE1644_HUMAN","P38191","Protein GENE1644",-0.6652,1,0.433159,0,0.3634,6,6,FALSE,FALSE,FALSE
"GENE0434","GENE0434_HUMAN","P15023","Protein GENE0434",-0.2036,1,0.738488,0,0.1317,5,6,FALSE,FALSE,FALSE
"GENE1057","GENE1057_HUMAN","P28062","Protein GENE1057",0.0127,1,0.465443,0,0.3321,5,5,FALSE,FALSE,FALSE
"GENE0847","GENE0847_HUMAN","P09502","Protein GENE0847",0.0573,0.938235,0.907249,0,0.0423,6,6,FALSE,FALSE,FALSE
"GENE1182","GENE1182_HUMAN","P43838","Protein GENE1182",-0.3601,1,0.811044,0.0771,0.091,4,3,FALSE,FALSE,FALSE
"GENE0421","GENE0421_HUMAN","P51957","Protein GENE0421",-0.0486,1,0.380374,0,0.4198,3,2,FALSE,FALSE,FALSE
"GENE0368","GENE0368_HUMAN","P24969","Protein GENE0368",0.5268,1,0.829977,0,0.0809,5,3,FALSE,FALSE,FALSE
"GENE1607","GENE1607_HUMAN","P08452","Protein GENE1607",0.2389,1,0.456562,0,0.3405,3,3,FALSE,FALSE,FALSE
"GENE2626","GENE2626_HUMAN","P33280","Protein GENE2626",0.3429,1,0.485945,0,0.3134,3,5,TRUE,FALSE,FALSE
"GENE1139","GENE1139_HUMAN","P21920","Protein GENE1139",-0.0462,1,0.316222,0,0.5,6,3,TRUE,FALSE,FALSE
"GENE0944","GENE0944_HUMAN","P12402","Protein GENE0944",0.2378,1,0.873676,0,0.0586,2,5,FALSE,TRUE,FALSE
"GENE1297","GENE1297_HUMAN","P51484","Protein GENE1297",-0.8769,0.147121,0.043683,0.9795,1.3597,6,4,FALSE,FALSE,TRUE
"GENE0834","GENE0834_HUMAN","P83628","Protein GENE0834",-0.1112,0.764221,0.320344,0.1156,0.4944,3,4,FALSE,FALSE,FALSE
"GENE0154","GENE0154_HUMAN","P88364","Protein GENE0154",-0.3944,0.652949,0.164807,0.107,0.783,3,4,FALSE,FALSE,FALSE
"GENE2503","GENE2503_HUMAN","P82199","Protein GENE2503",-0.688,0.746561,0.221127,0.0699,0.6554,6,3,FALSE,FALSE,FALSE
"GENE1850","GENE1850_HUMAN","P78886","Protein GENE1850",-0.086,1,0.733866,0,0.1344,2,5,FALSE,FALSE,FALSE
"GENE0050","GENE0050_HUMAN","P64565","Protein GENE0050",-0.3984,1,0.729862,0,0.1368,5,3,FALSE,FALSE,FALSE
"GENE0337","GENE0337_HUMAN","P57428","Protein GENE0337",-0.0943,1,0.945711,0,0.0242,4,6,FALSE,FALSE,FALSE
"GENE2192","GENE2192_HUMAN","P22515","Protein GENE2192",0.2659,1,0.726848,0,0.1386,4,5,FALSE,FALSE,FALSE
"GENE2818","GENE2818_HUMAN","P94688","Protein GENE2818",-0.0543,1,0.633404,0,0.1983,2,4,FALSE,TRUE,FALSE
"GENE0265","GENE0265_HUMAN","P75948","Protein GENE0265",0.8016,0.080941,0.018614,1.4576,1.7302,5,3,FALSE,FALSE,TRUE
"GENE0574","GENE0574_HUMAN","P79116","Protein GENE0574",0.9061,0.119617,0.079087,0.7712,1.1019,2,3,FALSE,FALSE,FALSE
"GENE0904","GENE0904_HUMAN","P43036","Protein GENE0904",-0.9479,1,0.317428,0.1683,0.4984,4,6,FALSE,FALSE,FALSE
"GENE2198","GENE2198_HUMAN","P41220","Protein GENE2198",-0.9354,1,0.984966,0,0.0066,6,5,FALSE,FALSE,FALSE
"GENE1502","GENE1502_HUMAN","P53181","Protein GENE1502",-0.4898,0.771435,0.327043,0,0.4854,3,4,FALSE,FALSE,FALSE
"GENE1380","GENE1380_HUMAN","P85888","Protein GENE1380",-0.4041,1,0.954172,0,0.0204,5,2,FALSE,TRUE,FALSE
"GENE1474","GENE1474_HUMAN","P79832","Protein GENE1474",-0.3936,1,0.459135,0.2143,0.3381,5,6,FALSE,FALSE,FALSE
"GENE2826","GENE2826_HUMAN","P10541","Protein GENE2826",-0.5347,1,0.606679,0,0.217,4,6,FALSE,FALSE,FALSE
"GENE0955","GENE0955_HUMAN","P37720","Protein GENE0955",-0.4446,1,0.838896,0,0.0763,2,6,FALSE,FALSE,FALSE
"GENE1923","GENE1923_HUMAN","P82732","Protein GENE1923",0.4815,1,0.762774,0,0.1176,2,6,FALSE,FALSE,FALSE
"GENE0798","GENE0798_HUMAN","P17337","Protein GENE0798",-0.1546,0.623169,0.206575,0.1046,0.6849,5,4,FALSE,TRUE,FALSE
"GENE1359","GENE1359_HUMAN","P52039","Protein GENE1359",-0.668,1,0.981711,0,0.008,5,2,FALSE,FALSE,FALSE
"GENE0104","GENE0104_HUMAN","P54433","Protein GENE0104",0.0137,1,0.784043,0,0.1057,2,4,FALSE,FALSE,FALSE
"GENE1033","GENE1033_HUMAN","P78955","Protein GENE1033",-0.8103,1,0.710857,0,0.1482,3,3,FALSE,FALSE,FALSE
"GENE0959","GENE0959_HUMAN","P26799","Protein GENE0959",-0.0417,0.37818,0.204456,0.5248,0.6894,4,3,TRUE,FALSE,FALSE
"GENE0252","GENE0252_HUMAN","P31631","Protein GENE0252",-0.8732,1,0.861823,0,0.0646,4,2,TRUE,FALSE,FALSE
"GENE2884","GENE2884_HUMAN","P34316","Protein GENE2884",0.087,1,0.962691,0,0.0165,3,3,FALSE,FALSE,FALSE
"GENE1866","GENE1866_HUMAN","P66648","Protein GENE1866",-0.1692,1,0.914672,0,0.0387,6,4,FALSE,FALSE,FALSE
"GENE0528","GENE0528_HUMAN","P00021","Protein GENE0528",0.214,0.884851,0.578368,0,0.2378,6,5,FALSE,FALSE,FALSE
"GENE1835","GENE1835_HUMAN","P57659","Protein GENE1835",0.0337,0.092304,0.083195,0.432,1.0799,4,4,FALSE,FALSE,FALSE
"GENE1223","GENE1223_HUMAN","P75318","Protein GENE1223",-0.4261,0.207797,0.152487,0.325,0.8168,3,2,FALSE,FALSE,FALSE
"GENE0079","GENE0079_HUMAN","P34079","Protein GENE0079",-0.2858,1,0.806924,0,0.0932,5,5,FALSE,FALSE,FALSE
"GENE0549","GENE0549_HUMAN","P31176","Protein GENE0549",0.1894,1,0.657522,0,0.1821,5,6,FALSE,FALSE,FALSE
"ANKRD28","ANKRD28_HUMAN","P47440","Protein ANKRD28",1.7184,0.120023,0.034674,1.0132,1.46,2,3,FALSE,FALSE,TRUE
"GENE1924","GENE1924_HUMAN","P17429","Protein GENE1924",-0.8127,0.744579,0.253124,0,0.5967,6,2,FALSE,FALSE,FALSE
"GENE1508","GENE1508_HUMAN","P08593","Protein GENE1508",0.4565,1,0.702609,0,0.1533,2,3,FALSE,FALSE,FALSE
"GENE0496","GENE0496_HUMAN","P53799","Protein GENE0496",-0.1503,1,0.256795,0.4174,0.5904,6,3,FALSE,TRUE,FALSE
"GENE2340","GENE2340_HUMAN","P25073","Protein GENE2340",0.2874,0.528126,0.157821,0.3798,0.8018,3,6,FALSE,FALSE,FALSE
"GENE1299","GENE1299_HUMAN","P36294","Protein GENE1299",0.5773,1,0.247838,0,0.6058,2,5,FALSE,FALSE,FALSE
"GENE0520","GENE0520_HUMAN","P05987","Protein GENE0520",-0.5973,0.84158,0.743227,0,0.1289,4,2,FALSE,FALSE,FALSE
"GENE2754","GENE2754_HUMAN","P70725","Protein GENE2754",-0.2532,0.253755,0.060411,0.7935,1.2189,3,3,FALSE,FALSE,FALSE
"GENE1144","GENE1144_HUMAN","P56787","Protein GENE1144",0.0941,1,0.285167,0,0.5449,4,3,FALSE,FALSE,FALSE
"GENE2414","GENE2414_HUMAN","P90412","Protein GENE2414",-1.0401,0.213828,0.111839,0.6486,0.9514,5,5,FALSE,FALSE,FALSE
"GENE2852","GENE2852_HUMAN","P15349","Protein GENE2852",-0.052,1,0.597178,0.0343,0.2239,3,6,FALSE,FALSE,FALSE
"GENE2658","GENE2658_HUMAN","P85206","Protein GENE2658",-0.2181,0.891829,0.179197,0.3706,0.7467,2,6,FALSE,FALSE,FALSE
"GENE0921","GENE0921_HUMAN","P57973","Protein GENE0921",-0.5118,1,0.302801,0.4386,0.5188,3,4,FALSE,FALSE,FALSE
"GENE2751","GENE2751_HUMAN","P17555","Protein GENE2751",0.5618,1,0.643875,0,0.1912,3,3,FALSE,FALSE,FALSE
"GENE0502","GENE0502_HUMAN","P00407","Protein GENE0502",0.3335,1,0.618412,0,0.2087,2,3,FALSE,FALSE,FALSE
"GENE0438","GENE0438_HUMAN","P35367","Protein GENE0438",-0.2134,0.913706,0.573077,0.1489,0.2418,4,5,FALSE,FALSE,FALSE
"GENE0131","GENE0131_HUMAN","P46795","Protein GENE0131",-0.0959,1,0.651845,0,0.1859,6,4,FALSE,TRUE,FALSE
"GENE0512","GENE0512_HUMAN","P97763","Protein GENE0512",-0.3162,1,0.280049,0.0256,0.5528,4,2,FALSE,FALSE,FALSE
"GENE2551","GENE2551_HUMAN","P06566","Protein GENE2551",-0.4116,1,0.834119,0,0.0788,2,5,FALSE,FALSE,FALSE
"ASCC3","ASCC3_HUMAN","P99085","Protein ASCC3",-0.157,0.386027,0.375323,0,0.4256,4,6,FALSE,FALSE,FALSE
"GENE2149","GENE2149_HUMAN","P93590","Protein GENE2149",-0.2308,1,0.674705,0,0.1709,3,5,FALSE,FALSE,FALSE
"GENE2678","GENE2678_HUMAN","P70544","Protein GENE2678",0.6734,1,0.582694,0,0.2346,6,5,FALSE,FALSE,FALSE
"GENE2610","GENE2610_HUMAN","P35978","Protein GENE2610",0.2623,0.782132,0.194074,0.3345,0.712,5,6,FALSE,FALSE,FALSE
"GENE2020","GENE2020_HUMAN","P40987","Protein GENE2020",0.6199,1,0.629099,0.1048,0.2013,3,2,FALSE,FALSE,FALSE
"GENE0276","GENE0276_HUMAN","P15858","Protein GENE0276",0.4201,0.615299,0.430061,0,0.3665,4,3,FALSE,FALSE,FALSE
"GENE0214","GENE0214_HUMAN","P63016","Protein GENE0214",-0.1284,1,0.840371,0,0.0755,4,3,FALSE,FALSE,FALSE
"GENE0618","GENE0618_HUMAN","P77905","Protein GENE0618",-0.3694,0.889709,0.609228,0,0.2152,5,6,FALSE,FALSE,FALSE
"GENE1105","GENE1105_HUMAN","P69641","Protein GENE1105",-0.0163,0.351399,0.100049,0.7896,0.9998,3,3,FALSE,FALSE,FALSE
"GENE0535","GENE0535_HUMAN","P79823","Protein GENE0535",-0.0087,0.103112,0.091727,0.3927,1.0375,2,6,FALSE,FALSE,FALSE
"GENE2473","GENE2473_HUMAN","P77811","Protein GENE2473",0.041,0.464359,0.12342,0.245,0.9086,3,2,FALSE,FALSE,FALSE
"GENE0662","GENE0662_HUMAN","P50256","Protein GENE0662",-0.1291,0.933553,0.325897,0.1,0.4869,4,2,FALSE,TRUE,FALSE
"GENE0524","GENE0524_HUMAN","P75179","Protein GENE0524",0.2492,0.270175,0.223205,0,0.6513,5,3,FALSE,TRUE,FALSE
"GENE1206","GENE1206_HUMAN","P54582","Protein GENE1206",-0.039,1,0.866457,0,0.0623,3,3,FALSE,FALSE,FALSE
"GENE0065","GENE0065_HUMAN","P46872","Protein GENE0065",0.476,1,0.72084,0,0.1422,3,5,TRUE,FALSE,FALSE
"GENE1935","GENE1935_HUMAN","P14200","Protein GENE1935",0.0665,1,0.782795,0,0.1064,3,6,FALSE,FALSE,FALSE
"GENE0622","GENE0622_HUMAN","P71919","Protein GENE0622",-0.2697,1,0.612572,0,0.2128,3,5,FALSE,FALSE,FALSE
"GENE2651","GENE2651_HUMAN","P69580","Protein GENE2651",0.0017,1,0.726265,0,0.1389,2,6,FALSE,FALSE,FALSE
"GENE1601","GENE1601_HUMAN","P50793","Protein GENE1601",0.198,0.57742,0.283503,0,0.5474,5,5,FALSE,FALSE,FALSE
"GENE1248","GENE1248_HUMAN","P77670","Protein GENE1248",0.193,1,0.887642,0,0.0518,4,2,FALSE,FALSE,FALSE
"GENE0680","GENE0680_HUMAN","P94300","Protein GENE0680",0.1631,0.773973,0.262581,0.4546,0.5807,5,2,FALSE,FALSE,FALSE
"GENE0469","GENE0469_HUMAN","P70240","Protein GENE0469",0.1218,1,0.562397,0,0.25,3,5,FALSE,FALSE,FALSE
"GENE0296","GENE0296_HUMAN","P84275","Protein GENE0296",0.7699,1,0.450936,0,0.3459,6,5,FALSE,TRUE,FALSE
"GENE0261","GENE0261_HUMAN","P84651","Protein GENE0261",-0.179,1,0.915988,0,0.0381,6,3,FALSE,FALSE,FALSE
"GENE2894","GENE2894_HUMAN","P31328","Protein GENE2894",0.2526,1,0.344029,0.421,0.4634,4,3,TRUE,FALSE,FALSE
"GENE1645","GENE1645_HUMAN","P43879","Protein GENE1645",0.2281,1,0.289151,0.4162,0.5389,2,5,FALSE,FALSE,FALSE
"GENE1837","GENE1837_HUMAN","P84196","Protein GENE1837",0.5563,1,0.971313,0,0.0126,5,5,TRUE,FALSE,FALSE
"GENE2265","GENE2265_HUMAN","P64622","Protein GENE2265",-0.7882,1,0.476074,0,0.3223,4,6,FALSE,FALSE,FALSE
"GENE0781","GENE0781_HUMAN","P58498","Protein GENE0781",0.3322,1,0.468817,0,0.329,3,4,FALSE,FALSE,FALSE
"GENE0552","GENE0552_HUMAN","P42736","Protein GENE0552",-0.2848,0.605309,0.361403,0.2155,0.442,2,4,FALSE,FALSE,FALSE
"GENE2780","GENE2780_HUMAN","P62212","Protein GENE2780",0.263,1,0.89231,0,0.0495,5,6,TRUE,FALSE,FALSE
"GENE1992","GENE1992_HUMAN","P27744","Protein GENE1992",-0.2007,1,0.698855,0,0.1556,3,5,FALSE,FALSE,FALSE
"GENE0969","GENE0969_HUMAN","P04149","Protein GENE0969",-0.001,0.769333,0.347978,0,0.4584,4,3,FALSE,TRUE,FALSE
"GENE0484","GENE0484_HUMAN","P10102","Protein GENE0484",-0.4896,1,0.933126,0,0.0301,5,2,FALSE,FALSE,FALSE
"GENE2882","GENE2882_HUMAN","P29884","Protein GENE2882",3.0494,0.071404,0.022807,1.5983,1.6419,6,2,FALSE,FALSE,TRUE
"GENE0467","GENE0467_HUMAN","P09658","Protein GENE0467",0.0797,1,0.999104,0,4e-04,6,2,FALSE,FALSE,FALSE
"GENE0445","GENE0445_HUMAN","P75219","Protein GENE0445",0.2012,1,0.970569,0,0.013,4,5,FALSE,FALSE,FALSE
"GENE1836","GENE1836_HUMAN","P95141","Protein GENE1836",-0.5934,1,0.69051,0,0.1608,2,4,FALSE,FALSE,FALSE
"GENE0146","GENE0146_HUMAN","P72703","Protein GENE0146",-0.4312,1,0.427487,0,0.3691,4,2,FALSE,FALSE,FALSE
"GENE0280","GENE0280_HUMAN","P14316","Protein GENE0280",0.2922,0.929067,0.381039,0,0.419,3,2,FALSE,TRUE,FALSE
"GENE2119","GENE2119_HUMAN","P38404","Protein GENE2119",-0.0728,1,0.380607,0,0.4195,6,4,FALSE,TRUE,FALSE
"GENE1048","GENE1048_HUMAN","P14739","Protein GENE1048",-0.997,0.503264,0.129207,0.4713,0.8887,2,3,FALSE,FALSE,FALSE
"GENE1255","GENE1255_HUMAN","P33161","Protein GENE1255",0.2981,0.418923,0.314743,0.1177,0.502,4,5,FALSE,FALSE,FALSE
"GENE2275","GENE2275_HUMAN","P30239","Protein GENE2275",-0.336,1,0.82421,0,0.084,2,4,FALSE,FALSE,FALSE
"GENE2396","GENE2396_HUMAN","P33203","Protein GENE2396",-0.0761,1,0.297113,0,0.5271,4,2,TRUE,FALSE,FALSE
"GENE2624","GENE2624_HUMAN","P16824","Protein GENE2624",0.315,0.750619,0.515233,0,0.288,5,2,FALSE,FALSE,FALSE
"GENE2309","GENE2309_HUMAN","P76350","Protein GENE2309",-0.3846,1,0.655435,0.0559,0.1835,4,4,FALSE,FALSE,FALSE
"GENE0653","GENE0653_HUMAN","P61198","Protein GENE0653",-0.5275,0.632038,0.314451,0.1234,0.5024,3,6,FALSE,FALSE,FALSE
"GENE0020","GENE0020_HUMAN","P09214","Protein GENE0020",-0.3207,0.937119,0.322325,0.4407,0.4917,2,6,FALSE,FALSE,FALSE
"GENE0790","GENE0790_HUMAN","P56860","Protein GENE0790",-0.1208,1,0.970911,0,0.0128,5,6,FALSE,FALSE,FALSE
"GENE2833","GENE2833_HUMAN","P16866","Protein GENE2833",0.4993,0.875243,0.365345,0,0.4373,6,6,FALSE,FALSE,FALSE
"GENE1588","GENE1588_HUMAN","P29215","Protein GENE1588",-0.0319,0.54134,0.311774,0,0.5062,3,6,FALSE,FALSE,FALSE
"GENE1891","GENE1891_HUMAN","P50058","Protein GENE1891",-0.0399,1,0.395639,0.0443,0.4027,6,4,FALSE,FALSE,FALSE
"GENE2404","GENE2404_HUMAN","P93564","Protein GENE2404",0.2765,1,0.244109,0.2223,0.6124,2,5,FALSE,FALSE,FALSE
"GENE2750","GENE2750_HUMAN","P34926","Protein GENE2750",-0.1599,0.677856,0.238777,0,0.622,4,5,FALSE,FALSE,FALSE
"GENE2572","GENE2572_HUMAN","P00313","Protein GENE2572",-0.1302,1,0.584046,0,0.2336,6,6,TRUE,FALSE,FALSE
"GENE0695","GENE0695_HUMAN","P31762","Protein GENE0695",-0.0179,1,0.533015,0,0.2733,4,5,FALSE,FALSE,FALSE
"GENE0245","GENE0245_HUMAN","P28569","Protein GENE0245",-0.2436,1,0.864413,0,0.0633,2,5,FALSE,FALSE,FALSE
"GENE1527","GENE1527_HUMAN","P66837","Protein GENE1527",-0.4371,1,0.993698,0,0.0027,4,5,FALSE,TRUE,FALSE
"NCOA7","NCOA7_HUMAN","P73110","Protein NCOA7",2.5226,0.173134,0.034695,0.9662,1.4597,3,5,FALSE,FALSE,TRUE
"GENE0640","GENE0640_HUMAN","P99577","Protein GENE0640",0.499,1,0.451944,0,0.3449,5,4,FALSE,FALSE,FALSE
"GENE2456","GENE2456_HUMAN","P88664","Protein GENE2456",-2.8588,0.045882,0.032596,1.2404,1.4868,3,3,FALSE,FALSE,TRUE
"GENE1566","GENE1566_HUMAN","P49663","Protein GENE1566",0.1825,0.478053,0.165912,0.1079,0.7801,5,6,FALSE,FALSE,FALSE
"GENE1542","GENE1542_HUMAN","P13784","Protein GENE1542",-0.1578,1,0.640194,0,0.1937,3,6,TRUE,FALSE,FALSE
"GENE0532","GENE0532_HUMAN","P77283","Protein GENE0532",-0.5873,1,0.562521,0,0.2499,4,2,FALSE,FALSE,FALSE
"GENE1783","GENE1783_HUMAN","P34908","Protein GENE1783",-0.1427,0.885005,0.429907,0.0383,0.3666,3,2,FALSE,FALSE,FALSE
"GENE0968","GENE0968_HUMAN","P29849","Protein GENE0968",0.0033,0.200448,0.163196,0.1363,0.7873,5,2,FALSE,FALSE,FALSE
"GENE0602","GENE0602_HUMAN","P41471","Protein GENE0602",-0.0291,0.350687,0.326222,0.4194,0.4865,2,4,FALSE,FALSE,FALSE
"GENE2224","GENE2224_HUMAN","P68143","Protein GENE2224",-0.3031,1,0.711102,0,0.1481,5,2,TRUE,FALSE,FALSE
"GENE1722","GENE1722_HUMAN","P07369","Protein GENE1722",0.2221,1,0.582302,0,0.2349,4,6,FALSE,FALSE,FALSE
"GENE0727","GENE0727_HUMAN","P18792","Protein GENE0727",0.0553,1,0.972615,0,0.0121,6,5,FALSE,FALSE,FALSE
"GENE0073","GENE0073_HUMAN","P65297","Protein GENE0073",-0.3605,1,0.689681,0,0.1614,6,3,FALSE,FALSE,FALSE
"GENE2380","GENE2380_HUMAN","P37806","Protein GENE2380",-0.2563,1,0.442196,0.3083,0.3544,5,2,TRUE,FALSE,FALSE
"GENE2639","GENE2639_HUMAN","P19852","Protein GENE2639",-4.2499,0.183184,0.042832,0.7372,1.3682,6,2,FALSE,TRUE,TRUE
"GENE0419","GENE0419_HUMAN","P50690","Protein GENE0419",-0.2358,1,0.582866,0,0.2344,6,5,TRUE,FALSE,FALSE
"GENE2338","GENE2338_HUMAN","P74180","Protein GENE2338",-0.5415,0.53144,0.184491,0.3602,0.734,5,3,FALSE,FALSE,FALSE
"GENE1051","GENE1051_HUMAN","P05821","Protein GENE1051",-0.0418,0.526808,0.29845,0,0.5251,4,5,FALSE,FALSE,FALSE
"GENE1982","GENE1982_HUMAN","P85834","Protein GENE1982",0.0631,1,0.331535,0,0.4795,2,3,FALSE,FALSE,FALSE
"GENE0094","GENE0094_HUMAN","P15505","Protein GENE0094",-0.3607,0.160949,0.111966,0.8459,0.9509,4,2,FALSE,FALSE,FALSE
"GENE0747","GENE0747_HUMAN","P20398","Protein GENE0747",-0.093,0.406516,0.090452,0.5201,1.0436,2,5,FALSE,FALSE,FALSE
"GENE1078","GENE1078_HUMAN","P64577","Protein GENE1078",0.2599,1,0.27765,0.3618,0.5565,5,5,FALSE,FALSE,FALSE
"GENE0871","GENE0871_HUMAN","P58324","Protein GENE0871",4.2052,0.016546,0.010342,1.3343,1.9854,5,5,TRUE,FALSE,TRUE
"GENE0529","GENE0529_HUMAN","P74556","Protein GENE0529",0.1831,1,0.737942,0,0.132,2,2,FALSE,FALSE,FALSE
"GENE1773","GENE1773_HUMAN","P82687","Protein GENE1773",-0.0998,1,0.830749,0,0.0805,4,5,FALSE,FALSE,FALSE
"GENE1623","GENE1623_HUMAN","P81064","Protein GENE1623",-0.0133,0.960572,0.195148,0.6438,0.7096,3,4,FALSE,FALSE,FALSE
"GENE1743","GENE1743_HUMAN","P24734","Protein GENE1743",0.33,1,0.677059,0,0.1694,5,4,FALSE,FALSE,FALSE
"GENE1785","GENE1785_HUMAN","P03506","Protein GENE1785",4.0712,0.100439,0.031771,0.9261,1.498,4,4,FALSE,FALSE,TRUE
"GENE1085","GENE1085_HUMAN","P34355","Protein GENE1085",-0.2806,0.753855,0.738827,0.0728,0.1315,4,3,FALSE,TRUE,FALSE
"GENE1290","GENE1290_HUMAN","P28230","Protein GENE1290",-0.058,1,0.334845,0.1051,0.4752,4,4,FALSE,TRUE,FALSE
"GENE1000","GENE1000_HUMAN","P67615","Protein GENE1000",-0.2764,0.332487,0.080836,0.5242,1.0924,5,5,FALSE,FALSE,FALSE
"GENE1876","GENE1876_HUMAN","P15030","Protein GENE1876",-0.0468,1,0.793905,0,0.1002,2,6,FALSE,FALSE,FALSE
"GENE2568","GENE2568_HUMAN","P19726","Protein GENE2568",-0.1102,0.805046,0.201576,0.1114,0.6956,2,5,FALSE,FALSE,FALSE
"GENE0341","GENE0341_HUMAN","P31892","Protein GENE0341",-0.4054,1,0.270072,0,0.5685,3,5,FALSE,FALSE,FALSE
"GENE2218","GENE2218_HUMAN","P70166","Protein GENE2218",-0.5722,0.013439,0.005565,2.2014,2.2546,6,6,TRUE,FALSE,TRUE
"GENE1173","GENE1173_HUMAN","P58705","Protein GENE1173",0.2236,0.665662,0.443444,0,0.3532,3,3,FALSE,FALSE,FALSE
"GENE1420","GENE1420_HUMAN","P23246","Protein GENE1420",0.5733,1,0.363619,0.1299,0.4394,6,3,FALSE,FALSE,FALSE
"GENE1134","GENE1134_HUMAN","P02780","Protein GENE1134",-0.0973,1,0.661724,0,0.1793,2,6,FALSE,FALSE,FALSE
"GENE2853","GENE2853_HUMAN","P08357","Protein GENE2853",-0.1678,1,0.900176,0,0.0457,4,6,FALSE,FALSE,FALSE
"GENE2463","GENE2463_HUMAN","P30485","Protein GENE2463",-0.2328,0.838517,0.593086,0,0.2269,3,4,FALSE,FALSE,FALSE
"GENE2287","GENE2287_HUMAN","P95524","Protein GENE2287",-0.6635,0.740801,0.520749,0,0.2834,3,6,FALSE,FALSE,FALSE
"GENE1519","GENE1519_HUMAN","P07273","Protein GENE1519",-0.3558,0.474551,0.272403,0,0.5648,2,6,FALSE,FALSE,FALSE
"GENE1879","GENE1879_HUMAN","P64326","Protein GENE1879",-0.4423,1,0.40788,0.1253,0.3895,6,5,TRUE,FALSE,FALSE
"GENE1092","GENE1092_HUMAN","P16623","Protein GENE1092",0.1879,0.379189,0.150184,0.1573,0.8234,5,2,FALSE,FALSE,FALSE
"GENE1790","GENE1790_HUMAN","P84942","Protein GENE1790",-3.3628,0.134602,0.040577,0.8166,1.3917,6,6,FALSE,FALSE,TRUE
"GENE1869","GENE1869_HUMAN","P52134","Protein GENE1869",-0.2277,0.926363,0.564111,0.0568,0.2486,4,6,FALSE,FALSE,FALSE
"GENE1209","GENE1209_HUMAN","P89408","Protein GENE1209",0.403,0.685904,0.483834,0,0.3153,2,5,FALSE,FALSE,FALSE
"GENE1657","GENE1657_HUMAN","P36760","Protein GENE1657",0.5034,0.634655,0.416351,0.0716,0.3805,5,3,FALSE,FALSE,FALSE
"GPATCH4","GPATCH4_HUMAN","P68136","Protein GPATCH4",0.1818,1,0.895623,0,0.0479,3,2,FALSE,FALSE,FALSE
"GENE2186","GENE2186_HUMAN","P31513","Protein GENE2186",0.8793,1,0.323747,0,0.4898,2,3,FALSE,FALSE,FALSE
"GENE0962","GENE0962_HUMAN","P14825","Protein GENE0962",0.0392,1,0.902592,0,0.0445,5,6,FALSE,FALSE,FALSE
"GENE0003","GENE0003_HUMAN","P04059","Protein GENE0003",0.0494,0.146032,0.063109,1.0811,1.1999,3,6,FALSE,TRUE,FALSE
"GENE2858","GENE2858_HUMAN","P36230","Protein GENE2858",-1.5492,0.018017,0.007923,1.6231,2.1011,5,3,FALSE,FALSE,TRUE
"GENE2725","GENE2725_HUMAN","P62404","Protein GENE2725",0.0598,1,0.351682,0,0.4539,2,5,FALSE,FALSE,FALSE
"GENE0761","GENE0761_HUMAN","P10691","Protein GENE0761",0.1562,1,0.802727,0.0504,0.0954,5,5,FALSE,FALSE,FALSE
"GENE0232","GENE0232_HUMAN","P35089","Protein GENE0232",2.2536,0.033034,0.007172,1.6593,2.1444,3,5,FALSE,TRUE,TRUE
"GENE2758","GENE2758_HUMAN","P32126","Protein GENE2758",0.5887,0.548906,0.419062,0.0472,0.3777,4,5,FALSE,FALSE,FALSE
"GENE2861","GENE2861_HUMAN","P52071","Protein GENE2861",0.5018,0.464519,0.140622,0.2207,0.8519,2,2,FALSE,FALSE,FALSE
"GENE2132","GENE2132_HUMAN","P16287","Protein GENE2132",0.0217,1,0.6778,0.1467,0.1689,6,4,FALSE,FALSE,FALSE
"GENE1905","GENE1905_HUMAN","P76993","Protein GENE1905",-0.5558,0.406356,0.110386,0.4633,0.9571,4,6,FALSE,FALSE,FALSE
"GENE0742","GENE0742_HUMAN","P36629","Protein GENE0742",0.26,1,0.431859,0,0.3647,3,6,TRUE,FALSE,FALSE
"GENE0701","GENE0701_HUMAN","P26652","Protein GENE0701",0.6255,1,0.823132,0,0.0845,2,3,FALSE,FALSE,FALSE
"GENE2552","GENE2552_HUMAN","P45192","Protein GENE2552",0.268,1,0.83946,0,0.076,4,6,FALSE,FALSE,FALSE
"GENE2529","GENE2529_HUMAN","P28301","Protein GENE2529",-0.4825,1,0.633067,0,0.1986,3,4,FALSE,FALSE,FALSE
"GENE1378","GENE1378_HUMAN","P78247","Protein GENE1378",-0.5953,0.426361,0.152941,0.4203,0.8155,4,5,FALSE,FALSE,FALSE
"GENE1304","GENE1304_HUMAN","P50064","Protein GENE1304",0.9274,1,0.4395,0.1278,0.357,6,5,FALSE,FALSE,FALSE
"GENE2308","GENE2308_HUMAN","P16907","Protein GENE2308",0.0087,1,0.363768,0,0.4392,5,5,FALSE,FALSE,FALSE
"GENE2152","GENE2152_HUMAN","P53139","Protein GENE2152",-0.8173,1,0.895993,0,0.0477,5,4,FALSE,FALSE,FALSE
"GENE1648","GENE1648_HUMAN","P69235","Protein GENE1648",-0.2132,0.342924,0.13444,0.6169,0.8715,3,2,FALSE,FALSE,FALSE
"GENE1042","GENE1042_HUMAN","P59377","Protein GENE1042",-0.4763,1,0.607738,0.0517,0.2163,3,3,FALSE,FALSE,FALSE
"GENE2210","GENE2210_HUMAN","P88894","Protein GENE2210",0.2023,1,0.563154,0,0.2494,3,5,FALSE,FALSE,FALSE
"GENE2703","GENE2703_HUMAN","P94502","Protein GENE2703",0.2401,0.659827,0.143223,0.3211,0.844,3,2,FALSE,FALSE,FALSE
"GENE2816","GENE2816_HUMAN","P20489","Protein GENE2816",-0.6433,1,0.972796,0,0.012,4,4,FALSE,FALSE,FALSE
"GENE0793","GENE0793_HUMAN","P16274","Protein GENE0793",-0.1129,0.796375,0.333566,0,0.4768,4,5,FALSE,FALSE,FALSE
"GENE1916","GENE1916_HUMAN","P72246","Protein GENE1916",0.2321,1,0.42427,0,0.3724,4,4,FALSE,FALSE,FALSE
"GENE1268","GENE1268_HUMAN","P28016","Protein GENE1268",0.6011,1,0.770012,0,0.1135,6,2,FALSE,FALSE,FALSE
"GENE1071","GENE1071_HUMAN","P06754","Protein GENE1071",-0.0275,1,0.482705,0,0.3163,6,5,FALSE,FALSE,FALSE
"GENE2819","GENE2819_HUMAN","P07925","Protein GENE2819",-0.0669,1,0.45205,0.1582,0.3448,6,3,TRUE,FALSE,FALSE
"GENE1391","GENE1391_HUMAN","P85746","Protein GENE1391",0.048,0.857079,0.287018,0.0388,0.5421,6,5,FALSE,FALSE,FALSE
"GENE0919","GENE0919_HUMAN","P08569","Protein GENE0919",-0.8985,0.622913,0.148663,0.3141,0.8278,3,6,FALSE,FALSE,FALSE
"GENE1871","GENE1871_HUMAN","P40340","Protein GENE1871",0.4754,1,0.613929,0,0.2119,4,5,FALSE,FALSE,FALSE
"GENE2207","GENE2207_HUMAN","P52759","Protein GENE2207",0.2251,1,0.911585,0,0.0402,6,3,FALSE,FALSE,FALSE
"GENE0664","GENE0664_HUMAN","P86184","Protein GENE0664",-0.1503,1,0.852033,0,0.0695,4,5,FALSE,FALSE,FALSE
"GENE0208","GENE0208_HUMAN","P38142","Protein GENE0208",0.3142,1,0.497468,0,0.3032,6,3,FALSE,FALSE,FALSE
"GENE1190","GENE1190_HUMAN","P97300","Protein GENE1190",-0.2488,0.813222,0.225853,0.3386,0.6462,6,4,FALSE,FALSE,FALSE
"GENE1880","GENE1880_HUMAN","P97157","Protein GENE1880",-0.4176,0.695916,0.390593,0,0.4083,2,3,TRUE,TRUE,FALSE
"GENE2104","GENE2104_HUMAN","P67932","Protein GENE2104",0.0378,0.671486,0.370544,0,0.4312,3,2,FALSE,FALSE,FALSE
"GENE2394","GENE2394_HUMAN","P16776","Protein GENE2394",0.4775,1,0.628792,0,0.2015,2,3,TRUE,FALSE,FALSE
"GENE0390","GENE0390_HUMAN","P96432","Protein GENE0390",-0.3359,0.728482,0.305368,0,0.5152,3,4,FALSE,FALSE,FALSE
"GENE1727","GENE1727_HUMAN","P20075","Protein GENE1727",0.0264,0.622793,0.212035,0,0.6736,5,4,TRUE,FALSE,FALSE
"GENE0151","GENE0151_HUMAN","P90048","Protein GENE0151",0.4465,1,0.94162,0,0.0261,4,2,FALSE,FALSE,FALSE
"GENE1326","GENE1326_HUMAN","P87269","Protein GENE1326",0.3652,0.765095,0.426654,0,0.3699,6,5,FALSE,TRUE,FALSE
"GENE0737","GENE0737_HUMAN","P81191","Protein GENE0737",0.109,1,0.905052,0,0.0433,2,6,FALSE,FALSE,FALSE
"GENE0591","GENE0591_HUMAN","P89526","Protein GENE0591",0.251,1,0.858343,0,0.0663,6,5,FALSE,FALSE,FALSE
"GENE2360","GENE2360_HUMAN","P09935","Protein GENE2360",0.113,0.375924,0.195271,0.0841,0.7094,3,3,FALSE,FALSE,FALSE
"GENE1081","GENE1081_HUMAN","P52134","Protein GENE1081",0.1375,1,0.735673,0,0.1333,5,3,FALSE,FALSE,FALSE
"GENE1979","GENE1979_HUMAN","P16140","Protein GENE1979",0.1598,1,0.525886,0,0.2791,6,3,FALSE,FALSE,FALSE
"NCOA3","NCOA3_HUMAN","P39077","Protein NCOA3",-0.3588,1,0.998413,0,7e-04,5,5,FALSE,FALSE,FALSE
"GENE0912","GENE0912_HUMAN","P05543","Protein GENE0912",-0.1533,1,0.900412,0,0.0456,3,4,FALSE,FALSE,FALSE
"GENE2301","GENE2301_HUMAN","P48229","Protein GENE2301",0.4274,1,0.68183,0,0.1663,4,3,FALSE,FALSE,FALSE
"GENE0741","GENE0741_HUMAN","P38023","Protein GENE0741",0.1451,1,0.882113,0,0.0545,5,3,FALSE,FALSE,FALSE
"GENE2026","GENE2026_HUMAN","P16752","Protein GENE2026",0.3335,0.6373,0.259835,0.0295,0.5853,4,5,FALSE,TRUE,FALSE
"GENE2446","GENE2446_HUMAN","P94267","Protein GENE2446",-0.246,0.602277,0.142254,0.7543,0.8469,6,5,FALSE,FALSE,FALSE
"GENE1800","GENE1800_HUMAN","P24108","Protein GENE1800",0.785,0.528902,0.115705,0.2449,0.9366,2,3,FALSE,FALSE,FALSE
"GENE1199","GENE1199_HUMAN","P07621","Protein GENE1199",-0.0152,1,0.935861,0,0.0288,6,6,FALSE,FALSE,FALSE
"GENE0472","GENE0472_HUMAN","P80737","Protein GENE0472",-0.4161,1,0.872279,0,0.0593,3,3,TRUE,FALSE,FALSE
"GENE1824","GENE1824_HUMAN","P80215","Protein GENE1824",-0.1158,0.930724,0.255163,0.5835,0.5932,4,2,FALSE,FALSE,FALSE
"GENE2445","GENE2445_HUMAN","P06995","Protein GENE2445",-0.306,1,0.700494,0,0.1546,3,3,FALSE,FALSE,FALSE
"GENE1458","GENE1458_HUMAN","P28773","Protein GENE1458",-0.0481,1,0.71502,0,0.1457,2,2,FALSE,FALSE,FALSE
"GENE2252","GENE2252_HUMAN","P76577","Protein GENE2252",-0.6682,1,0.508062,0,0.2941,4,6,FALSE,FALSE,FALSE
"GENE2801","GENE2801_HUMAN","P88215","Protein GENE2801",0.1902,0.312972,0.11058,0.3146,0.9563,5,4,FALSE,FALSE,FALSE
"GENE0468","GENE0468_HUMAN","P78289","Protein GENE0468",0.2294,1,0.905597,0,0.0431,6,3,FALSE,FALSE,FALSE
"GENE0608","GENE0608_HUMAN","P71556","Protein GENE0608",-0.024,0.646379,0.130951,0.2278,0.8829,3,5,TRUE,FALSE,FALSE
"GENE1874","GENE1874_HUMAN","P53317","Protein GENE1874",-0.0175,1,0.929178,0,0.0319,6,6,FALSE,TRUE,FALSE
"GENE2570","GENE2570_HUMAN","P25576","Protein GENE2570",0.8206,1,0.465719,0,0.3319,6,5,TRUE,FALSE,FALSE
"GENE0234","GENE0234_HUMAN","P91081","Protein GENE0234",0.1957,1,0.604945,0,0.2183,6,3,FALSE,FALSE,FALSE
"GENE0830","GENE0830_HUMAN","P71896","Protein GENE0830",0.2992,0.360913,0.21154,0.0125,0.6746,2,6,FALSE,FALSE,FALSE
"GENE2709","GENE2709_HUMAN","P74473","Protein GENE2709",-0.6849,1,0.689025,0,0.1618,2,6,FALSE,FALSE,FALSE
"GENE0927","GENE0927_HUMAN","P91196","Protein GENE0927",-0.035,0.895421,0.187576,0.2108,0.7268,5,5,FALSE,FALSE,FALSE
"GENE1066","GENE1066_HUMAN","P07728","Protein GENE1066",-0.2422,1,0.578355,0,0.2378,4,6,FALSE,FALSE,FALSE
"GENE2778","GENE2778_HUMAN","P48806","Protein GENE2778",0.4074,1,0.67765,0,0.169,4,4,FALSE,FALSE,FALSE
"GENE0683","GENE0683_HUMAN","P74757","Protein GENE0683",0.311,1,0.451691,0,0.3452,6,4,FALSE,FALSE,FALSE
"GENE1551","GENE1551_HUMAN","P02261","Protein GENE1551",0.3396,1,0.899193,0,0.0461,2,4,FALSE,FALSE,FALSE
"GENE1882","GENE1882_HUMAN","P13277","Protein GENE1882",0.2846,0.833069,0.337991,0.2109,0.4711,4,4,FALSE,FALSE,FALSE
"GENE1258","GENE1258_HUMAN","P78777","Protein GENE1258",-0.5969,1,0.603142,0,0.2196,6,4,FALSE,TRUE,FALSE
"GENE1244","GENE1244_HUMAN","P30553","Protein GENE1244",-0.4911,0.838182,0.558625,0.2501,0.2529,5,6,FALSE,FALSE,FALSE
"GENE2753","GENE2753_HUMAN","P42556","Protein GENE2753",-0.4279,1,0.899649,0,0.0459,2,5,FALSE,FALSE,FALSE
"GPATCH2","GPATCH2_HUMAN","P08205","Protein GPATCH2",0.2245,1,0.57798,0,0.2381,2,2,FALSE,FALSE,FALSE
"GENE0367","GENE0367_HUMAN","P87084","Protein GENE0367",0.3638,1,0.945895,0,0.0242,2,2,FALSE,FALSE,FALSE
"GENE2598","GENE2598_HUMAN","P59621","Protein GENE2598",-0.2315,1,0.756233,0.042,0.1213,2,2,FALSE,FALSE,FALSE
"GENE1203","GENE1203_HUMAN","P15745","Protein GENE1203",0.5601,1,0.689234,0,0.1616,6,3,FALSE,FALSE,FALSE
"GENE2147","GENE2147_HUMAN","P13099","Protein GENE2147",-0.3097,0.234959,0.067368,1.0801,1.1715,4,3,TRUE,FALSE,FALSE
"GENE0085","GENE0085_HUMAN","P39944","Protein GENE0085",0.548,1,0.734224,0,0.1342,2,6,FALSE,FALSE,FALSE
"GENE0042","GENE0042_HUMAN","P96039","Protein GENE0042",0.6862,1,0.391844,0.3603,0.4069,2,2,FALSE,FALSE,FALSE
"GENE0561","GENE0561_HUMAN","P11393","Protein GENE0561",-0.4859,1,0.556628,0,0.2544,6,6,FALSE,FALSE,FALSE
"GENE2464","GENE2464_HUMAN","P06492","Protein GENE2464",-0.4007,0.51822,0.239583,0.0564,0.6205,4,3,FALSE,FALSE,FALSE
"GENE1245","GENE1245_HUMAN","P79493","Protein GENE1245",-0.4269,1,0.534752,0,0.2718,2,5,FALSE,FALSE,FALSE
"GENE1089","GENE1089_HUMAN","P69085","Protein GENE1089",-0.5185,1,0.863534,0,0.0637,2,5,TRUE,FALSE,FALSE
"GENE0306","GENE0306_HUMAN","P20111","Protein GENE0306",0.5848,0.875852,0.179961,0.113,0.7448,3,4,FALSE,FALSE,FALSE
"GENE1056","GENE1056_HUMAN","P55264","Protein GENE1056",0.2245,1,0.395857,0.1341,0.4025,6,2,FALSE,FALSE,FALSE
"GENE1591","GENE1591_HUMAN","P97248","Protein GENE1591",0.3293,1,0.92133,0,0.0356,5,4,FALSE,FALSE,FALSE
"GENE0026","GENE0026_HUMAN","P73194","Protein GENE0026",-0.0276,0.991699,0.784281,0,0.1055,2,6,FALSE,FALSE,FALSE
"GENE0735","GENE0735_HUMAN","P27520","Protein GENE0735",0.7003,0.103017,0.046023,0.7956,1.337,5,3,FALSE,FALSE,TRUE
"GENE1520","GENE1520_HUMAN","P76235","Protein GENE1520",0.6087,1,0.560086,0.08,0.2517,4,5,FALSE,FALSE,FALSE
"GENE2857","GENE2857_HUMAN","P35684","Protein GENE2857",-0.2066,1,0.839467,0,0.076,2,2,FALSE,FALSE,FALSE
"GENE2793","GENE2793_HUMAN","P27959","Protein GENE2793",-0.6382,0.668256,0.576899,0,0.2389,2,2,FALSE,FALSE,FALSE
"GENE0755","GENE0755_HUMAN","P88806","Protein GENE0755",0.5768,1,0.289224,0.2952,0.5388,6,2,FALSE,FALSE,FALSE
"GENE1293","GENE1293_HUMAN","P53681","Protein GENE1293",-0.2583,1,0.856443,0,0.0673,3,3,FALSE,FALSE,FALSE
"GENE1112","GENE1112_HUMAN","P04280","Protein GENE1112",0.2018,0.744867,0.172764,0.1139,0.7625,2,6,FALSE,FALSE,FALSE
"GENE2791","GENE2791_HUMAN","P75755","Protein GENE2791",-0.2155,0.648262,0.461726,0,0.3356,4,2,FALSE,FALSE,FALSE
"GENE1275","GENE1275_HUMAN","P83112","Protein GENE1275",0.6838,1,0.842688,0,0.0743,3,2,TRUE,FALSE,FALSE
"GENE1195","GENE1195_HUMAN","P07215","Protein GENE1195",-0.9588,1,0.947954,0,0.0232,4,3,FALSE,FALSE,FALSE
"GENE1155","GENE1155_HUMAN","P77704","Protein GENE1155",-0.079,0.275406,0.173366,0.3792,0.761,3,5,FALSE,FALSE,FALSE
"GENE1643","GENE1643_HUMAN","P42895","Protein GENE1643",-0.0106,1,0.326407,0,0.4862,4,6,FALSE,FALSE,FALSE
"GENE0418","GENE0418_HUMAN","P69907","Protein GENE0418",-0.4627,1,0.499368,0,0.3016,4,2,FALSE,FALSE,FALSE
"GENE2596","GENE2596_HUMAN","P16918","Protein GENE2596",-0.2698,0.529224,0.335175,0.2389,0.4747,2,4,FALSE,TRUE,FALSE
"ASCC2","ASCC2_HUMAN","P77327","Protein ASCC2",2.7017,0.011033,0.004264,2.2803,2.3701,4,6,FALSE,FALSE,TRUE
"GENE0820","GENE0820_HUMAN","P67840","Protein GENE0820",-0.4247,0.853431,0.517534,0.0274,0.2861,3,4,FALSE,FALSE,FALSE
"GENE1826","GENE1826_HUMAN","P86593","Protein GENE1826",0.2479,0.894592,0.227844,0,0.6424,6,2,FALSE,FALSE,FALSE
"GENE0872","GENE0872_HUMAN","P84748","Protein GENE0872",-0.0227,1,0.999876,0,1e-04,5,3,FALSE,FALSE,FALSE
"GENE0660","GENE0660_HUMAN","P48524","Protein GENE0660",0.0846,1,0.640529,0,0.1935,3,6,TRUE,FALSE,FALSE
"GENE1191","GENE1191_HUMAN","P82231","Protein GENE1191",0.2241,0.359216,0.096494,0.8427,1.0155,3,5,FALSE,FALSE,FALSE
"GENE2036","GENE2036_HUMAN","P65266","Protein GENE2036",0.0742,0.567883,0.432489,0,0.364,5,3,FALSE,FALSE,FALSE
"GENE1810","GENE1810_HUMAN","P88784","Protein GENE1810",0.7238,1,0.632637,0.111,0.1988,6,6,FALSE,FALSE,FALSE
"GENE2843","GENE2843_HUMAN","P79307","Protein GENE2843",-0.0592,1,0.993857,0,0.0027,2,4,FALSE,FALSE,FALSE
"GENE1283","GENE1283_HUMAN","P01165","Protein GENE1283",-0.0944,0.45926,0.170444,0.7547,0.7684,6,4,FALSE,FALSE,FALSE
"GENE1123","GENE1123_HUMAN","P28646","Protein GENE1123",-0.08,0.791801,0.393668,0,0.4049,2,4,FALSE,FALSE,FALSE
"GENE0832","GENE0832_HUMAN","P35844","Protein GENE0832",-0.3305,1,0.510522,0.0553,0.292,6,4,FALSE,FALSE,FALSE
"GENE2679","GENE2679_HUMAN","P53605","Protein GENE2679",-0.6919,0.740164,0.642511,0,0.1921,6,5,TRUE,TRUE,FALSE
"GENE0223","GENE0223_HUMAN","P58721","Protein GENE0223",8e-04,1,0.802668,0,0.0955,5,5,FALSE,FALSE,FALSE
"GENE2350","GENE2350_HUMAN","P55766","Protein GENE2350",0.5496,1,0.629902,0,0.2007,5,5,FALSE,FALSE,FALSE
"GENE2379","GENE2379_HUMAN","P31015","Protein GENE2379",0.1962,0.564762,0.466672,0,0.331,6,5,FALSE,FALSE,FALSE
"GENE1746","GENE1746_HUMAN","P96219","Protein GENE1746",0.1643,0.758965,0.34501,0.0053,0.4622,3,4,FALSE,FALSE,FALSE
"GENE0447","GENE0447_HUMAN","P66437","Protein GENE0447",-0.1682,1,0.598979,0,0.2226,2,6,FALSE,FALSE,FALSE
"GENE1323","GENE1323_HUMAN","P66841","Protein GENE1323",0.3891,1,0.366193,0.3196,0.4363,2,5,FALSE,FALSE,FALSE
"GENE0308","GENE0308_HUMAN","P89505","Protein GENE0308",0.4449,1,0.846371,0,0.0724,6,2,FALSE,FALSE,FALSE
"GENE2021","GENE2021_HUMAN","P70605","Protein GENE2021",-0.2212,0.995972,0.346149,0,0.4607,6,5,FALSE,FALSE,FALSE
"GENE2391","GENE2391_HUMAN","P83290","Protein GENE2391",-1.0368,0.368862,0.235153,0,0.6286,5,6,FALSE,FALSE,FALSE
"GENE1917","GENE1917_HUMAN","P08672","Protein GENE1917",0.8117,0.701528,0.172814,0.239,0.7624,2,6,FALSE,FALSE,FALSE
"GENE2453","GENE2453_HUMAN","P34154","Protein GENE2453",0.0348,0.984589,0.741657,0,0.1298,3,3,FALSE,FALSE,FALSE
"GENE1994","GENE1994_HUMAN","P56127","Protein GENE1994",0.283,0.304571,0.090946,0.4071,1.0412,2,5,FALSE,FALSE,FALSE
"GENE0087","GENE0087_HUMAN","P03429","Protein GENE0087",0.5229,1,0.392533,0.3197,0.4061,6,4,FALSE,FALSE,FALSE
"GENE0436","GENE0436_HUMAN","P25642","Protein GENE0436",-0.013,0.975222,0.960519,0,0.0175,4,3,FALSE,FALSE,FALSE
"GENE0611","GENE0611_HUMAN","P94380","Protein GENE0611",4.2668,0.048824,0.016041,1.2461,1.7948,2,6,FALSE,FALSE,TRUE
"GENE2541","GENE2541_HUMAN","P54436","Protein GENE2541",-0.3934,1,0.90894,0,0.0415,2,5,FALSE,FALSE,FALSE
"GENE0751","GENE0751_HUMAN","P83529","Protein GENE0751",0.6553,1,0.547315,0,0.2618,2,4,FALSE,FALSE,FALSE
"GENE1497","GENE1497_HUMAN","P62375","Protein GENE1497",0.34,1,0.508837,0,0.2934,4,6,FALSE,FALSE,FALSE
"GENE1864","GENE1864_HUMAN","P75944","Protein GENE1864",1.0154,0.288679,0.067093,0.9058,1.1733,4,6,FALSE,FALSE,FALSE
"GENE2054","GENE2054_HUMAN","P46838","Protein GENE2054",-0.077,1,0.929719,0,0.0316,5,6,FALSE,FALSE,FALSE
"GENE1717","GENE1717_HUMAN","P81361","Protein GENE1717",0.2301,1,0.864919,0,0.063,4,4,FALSE,FALSE,FALSE
"GENE1841","GENE1841_HUMAN","P76483","Protein GENE1841",0.1481,1,0.767383,0,0.115,3,3,FALSE,FALSE,FALSE
"GENE2191","GENE2191_HUMAN","P95141","Protein GENE2191",-0.6153,0.806166,0.185433,0.1627,0.7318,4,2,FALSE,FALSE,FALSE
"GENE2110","GENE2110_HUMAN","P40589","Protein GENE2110",-0.2123,1,0.381572,0,0.4184,4,2,FALSE,FALSE,FALSE
"GENE0001","GENE0001_HUMAN","P33991","Protein GENE0001",0.3634,0.334896,0.094728,0.5791,1.0235,5,5,FALSE,FALSE,FALSE
"GENE0617","GENE0617_HUMAN","P86249","Protein GENE0617",-0.5719,0.159947,0.042616,1.2198,1.3704,2,4,FALSE,FALSE,TRUE
"GENE2829","GENE2829_HUMAN","P55560","Protein GENE2829",-0.4904,1,0.558302,0,0.2531,5,3,FALSE,FALSE,FALSE
"GENE1825","GENE1825_HUMAN","P64267","Protein GENE1825",0.672,0.13078,0.08361,0.4238,1.0777,4,6,FALSE,FALSE,FALSE
"GENE1017","GENE1017_HUMAN","P43369","Protein GENE1017",0.2939,1,0.721682,0,0.1417,5,6,FALSE,FALSE,FALSE
"GENE0277","GENE0277_HUMAN","P48236","Protein GENE0277",-0.4914,0.866473,0.254846,0,0.5937,5,3,FALSE,FALSE,FALSE
"GENE0766","GENE0766_HUMAN","P49562","Protein GENE0766",-0.7658,1,0.328227,0,0.4838,2,6,FALSE,TRUE,FALSE
"GENE0198","GENE0198_HUMAN","P26245","Protein GENE0198",-0.2507,0.150117,0.07084,0.7735,1.1497,2,5,FALSE,FALSE,FALSE
"GENE2155","GENE2155_HUMAN","P87698","Protein GENE2155",-0.5448,0.373552,0.189339,0.4539,0.7228,5,4,FALSE,FALSE,FALSE
"GENE0952","GENE0952_HUMAN","P35487","Protein GENE0952",-0.011,1,0.530585,0.2431,0.2752,6,5,FALSE,FALSE,FALSE
"GENE2592","GENE2592_HUMAN","P47808","Protein GENE2592",0.0823,0.764342,0.630328,0,0.2004,4,2,FALSE,FALSE,FALSE
"GENE1885","GENE1885_HUMAN","P96731","Protein GENE1885",0.1993,1,0.881921,0,0.0546,5,3,FALSE,FALSE,FALSE
"GENE2775","GENE2775_HUMAN","P54450","Protein GENE2775",2.3717,0.039761,0.013774,1.8082,1.8609,5,4,FALSE,FALSE,TRUE
"GENE0576","GENE0576_HUMAN","P57107","Protein GENE0576",-0.2811,1,0.410353,0,0.3868,2,2,FALSE,FALSE,FALSE
"GENE2618","GENE2618_HUMAN","P06871","Protein GENE2618",0.1582,1,0.589468,0,0.2295,3,3,FALSE,FALSE,FALSE
"GENE2571","GENE2571_HUMAN","P13829","Protein GENE2571",-0.3137,1,0.516769,0,0.2867,3,5,FALSE,FALSE,FALSE
"GENE0420","GENE0420_HUMAN","P85457","Protein GENE0420",-0.1183,0.757844,0.267092,0.3778,0.5733,6,6,FALSE,FALSE,FALSE
"GENE1009","GENE1009_HUMAN","P84942","Protein GENE1009",-0.3301,1,0.789461,0,0.1027,4,4,FALSE,FALSE,FALSE
"GENE0497","GENE0497_HUMAN","P56809","Protein GENE0497",0.0266,0.990852,0.227217,0.0776,0.6436,4,3,FALSE,FALSE,FALSE
"GENE1235","GENE1235_HUMAN","P92468","Protein GENE1235",-0.5996,1,0.881398,0,0.0548,6,5,FALSE,FALSE,FALSE
"GENE2230","GENE2230_HUMAN","P02648","Protein GENE2230",0.1709,0.990311,0.776485,0,0.1099,3,2,FALSE,FALSE,FALSE
"GENE0527","GENE0527_HUMAN","P84729","Protein GENE0527",0.7253,0.52449,0.126848,0.3233,0.8967,3,5,FALSE,FALSE,FALSE
"GENE2102","GENE2102_HUMAN","P87869","Protein GENE2102",0.1398,1,0.623718,0,0.205,4,5,FALSE,FALSE,FALSE
"GENE0315","GENE0315_HUMAN","P86887","Protein GENE0315",-0.3427,1,0.911766,0,0.0401,6,4,FALSE,FALSE,FALSE
"GENE1060","GENE1060_HUMAN","P43556","Protein GENE1060",0.4572,1,0.429773,0.05,0.3668,3,5,TRUE,FALSE,FALSE
"GENE1639","GENE1639_HUMAN","P72312","Protein GENE1639",0.4259,0.385095,0.15277,0.4858,0.816,3,4,FALSE,FALSE,FALSE
"GENE0184","GENE0184_HUMAN","P94724","Protein GENE0184",0.1071,1,0.87453,0,0.0582,6,6,FALSE,FALSE,FALSE
"GENE0166","GENE0166_HUMAN","P97202","Protein GENE0166",0.1104,1,0.624949,0,0.2042,3,2,FALSE,FALSE,FALSE
"GENE2501","GENE2501_HUMAN","P59417","Protein GENE2501",0.3498,1,0.787023,0,0.104,5,4,FALSE,FALSE,FALSE
"GENE2388","GENE2388_HUMAN","P69237","Protein GENE2388",0.4933,1,0.617556,0,0.2093,4,4,FALSE,FALSE,FALSE
"GENE0994","GENE0994_HUMAN","P95214","Protein GENE0994",0.6127,1,0.632891,0,0.1987,3,6,FALSE,FALSE,FALSE
"GENE0158","GENE0158_HUMAN","P56197","Protein GENE0158",0.4116,0.288447,0.164634,0.3021,0.7835,2,5,FALSE,FALSE,FALSE
"GENE0563","GENE0563_HUMAN","P29616","Protein GENE0563",0.3521,0.463251,0.135963,0.3922,0.8666,4,6,FALSE,FALSE,FALSE
"GENE0951","GENE0951_HUMAN","P89774","Protein GENE0951",-0.0541,1,0.740694,0,0.1304,4,3,FALSE,FALSE,FALSE
"GENE2319","GENE2319_HUMAN","P28367","Protein GENE2319",0.8202,0.450946,0.447952,0,0.3488,3,6,FALSE,FALSE,FALSE
"GENE1264","GENE1264_HUMAN","P19604","Protein GENE1264",-0.5226,1,0.92434,0,0.0342,5,2,FALSE,FALSE,FALSE
"GENE0147","GENE0147_HUMAN","P37651","Protein GENE0147",-0.2648,1,0.8171,0,0.0877,2,3,FALSE,FALSE,FALSE
"GENE0783","GENE0783_HUMAN","P56772","Protein GENE0783",-0.2132,1,0.55094,0,0.2589,4,5,FALSE,FALSE,FALSE
"GENE2759","GENE2759_HUMAN","P61573","Protein GENE2759",-0.1464,1,0.964666,0,0.0156,6,6,FALSE,FALSE,FALSE
"GENE1499","GENE1499_HUMAN","P01991","Protein GENE1499",-0.0406,1,0.963043,0,0.0164,3,5,FALSE,FALSE,FALSE
"GENE1371","GENE1371_HUMAN","P86356","Protein GENE1371",0.3316,0.205443,0.173887,0.0613,0.7597,3,4,FALSE,FALSE,FALSE
"GENE2847","GENE2847_HUMAN","P89286","Protein GENE2847",0.5445,0.683313,0.661836,0,0.1792,6,2,FALSE,TRUE,FALSE
"GENE1759","GENE1759_HUMAN","P43720","Protein GENE1759",0.2568,1,0.527402,0.2281,0.2779,3,6,FALSE,FALSE,FALSE
"GENE0575","GENE0575_HUMAN","P13951","Protein GENE0575",0.4611,0.868754,0.279175,0.4355,0.5541,2,6,FALSE,FALSE,FALSE
"GENE1856","GENE1856_HUMAN","P79530","Protein GENE1856",1.3297,0.052648,0.037329,0.8044,1.428,4,5,FALSE,FALSE,TRUE
"GENE1305","GENE1305_HUMAN","P64922","Protein GENE1305",0.5506,0.851612,0.392194,0.1078,0.4065,3,4,FALSE,TRUE,FALSE
"GENE2083","GENE2083_HUMAN","P50616","Protein GENE2083",0.4429,0.207771,0.130891,0.2193,0.8831,5,5,TRUE,FALSE,FALSE
"GENE2708","GENE2708_HUMAN","P16115","Protein GENE2708",0.2143,0.964742,0.910479,0,0.0407,4,5,FALSE,FALSE,FALSE
"GENE1829","GENE1829_HUMAN","P99406","Protein GENE1829",0.1091,0.363749,0.080078,0.7547,1.0965,5,3,FALSE,FALSE,FALSE
"GENE0200","GENE0200_HUMAN","P50731","Protein GENE0200",0.1611,0.576967,0.360569,0.2458,0.443,2,3,FALSE,FALSE,FALSE
"GENE2444","GENE2444_HUMAN","P89680","Protein GENE2444",0.1298,0.250669,0.086345,0.6204,1.0638,6,2,FALSE,FALSE,FALSE
"GENE0145","GENE0145_HUMAN","P16630","Protein GENE0145",0.0769,1,0.757347,0,0.1207,2,4,FALSE,FALSE,FALSE
"GENE1392","GENE1392_HUMAN","P71955","Protein GENE1392",-0.2919,0.31929,0.149683,0.44,0.8248,5,6,FALSE,FALSE,FALSE
"GENE1395","GENE1395_HUMAN","P59044","Protein GENE1395",0.2918,1,0.622595,0,0.2058,4,6,FALSE,FALSE,FALSE
"GENE0685","GENE0685_HUMAN","P37840","Protein GENE0685",-0.479,1,0.531972,0,0.2741,6,2,FALSE,FALSE,FALSE
"GENE2156","GENE2156_HUMAN","P37505","Protein GENE2156",-0.5404,1,0.684111,0.072,0.1649,3,3,FALSE,FALSE,FALSE
"SUGP2","SUGP2_HUMAN","P02659","Protein SUGP2",-0.5702,1,0.825072,0,0.0835,2,2,FALSE,FALSE,FALSE
"GENE1898","GENE1898_HUMAN","P81186","Protein GENE1898",0.5597,0.725711,0.182203,0.057,0.7394,6,2,FALSE,FALSE,FALSE
"GENE0957","GENE0957_HUMAN","P29710","Protein GENE0957",-0.3601,1,0.873911,0,0.0585,3,2,FALSE,FALSE,FALSE
"GENE2329","GENE2329_HUMAN","P08911","Protein GENE2329",0.254,0.542015,0.131702,0.3884,0.8804,3,6,FALSE,FALSE,FALSE
"GENE0439","GENE0439_HUMAN","P65976","Protein GENE0439",0.6062,1,0.910243,0,0.0408,2,6,FALSE,FALSE,FALSE
"GENE0997","GENE0997_HUMAN","P25892","Protein GENE0997",0.3185,1,0.610228,0,0.2145,6,6,FALSE,FALSE,FALSE
"GENE1781","GENE1781_HUMAN","P06209","Protein GENE1781",0.1737,0.632986,0.177217,0.2369,0.7515,2,4,FALSE,TRUE,FALSE
"GENE1503","GENE1503_HUMAN","P87479","Protein GENE1503",0.0278,0.242324,0.106538,0.2817,0.9725,5,5,FALSE,FALSE,FALSE
"GENE2321","GENE2321_HUMAN","P63640","Protein GENE2321",-0.0851,0.624227,0.470573,0.0446,0.3274,4,4,FALSE,FALSE,FALSE
"GENE0826","GENE0826_HUMAN","P37329","Protein GENE0826",-0.1161,1,0.795541,0,0.0993,3,6,TRUE,FALSE,FALSE
"GENE2405","GENE2405_HUMAN","P87625","Protein GENE2405",-0.5364,1,0.888316,0,0.0514,6,6,FALSE,FALSE,FALSE
"GENE0292","GENE0292_HUMAN","P28283","Protein GENE0292",0.1479,1,0.609628,0.018,0.2149,6,6,FALSE,FALSE,FALSE
"GENE2219","GENE2219_HUMAN","P82595","Protein GENE2219",-1.098,0.068456,0.016206,1.4518,1.7903,3,3,TRUE,FALSE,TRUE
"GENE1098","GENE1098_HUMAN","P21745","Protein GENE1098",-0.2513,1,0.62149,0,0.2066,3,4,FALSE,FALSE,FALSE
"GENE2602","GENE2602_HUMAN","P88267","Protein GENE2602",-0.1873,0.371955,0.10476,0.3844,0.9798,4,6,FALSE,FALSE,FALSE
"GENE1279","GENE1279_HUMAN","P09496","Protein GENE1279",-0.1227,0.861767,0.191468,0.2254,0.7179,2,4,FALSE,FALSE,FALSE
"GENE0403","GENE0403_HUMAN","P89776","Protein GENE0403",0.9235,1,0.625065,0,0.2041,5,5,FALSE,FALSE,FALSE
"GENE2160","GENE2160_HUMAN","P24427","Protein GENE2160",-0.5341,1,0.543648,0,0.2647,5,5,FALSE,FALSE,FALSE
"GENE1416","GENE1416_HUMAN","P26224","Protein GENE1416",-0.4548,0.80404,0.750085,0,0.1249,3,3,FALSE,TRUE,FALSE
"GENE1063","GENE1063_HUMAN","P77464","Protein GENE1063",-0.4381,0.415277,0.095605,0.5116,1.0195,3,2,FALSE,FALSE,FALSE
"GENE1822","GENE1822_HUMAN","P60362","Protein GENE1822",0.5169,1,0.408184,0,0.3891,2,5,FALSE,FALSE,FALSE
"GENE1630","GENE1630_HUMAN","P25892","Protein GENE1630",0.3555,1,0.81931,0,0.0866,3,4,FALSE,FALSE,FALSE
"GENE1943","GENE1943_HUMAN","P11690","Protein GENE1943",0.502,0.568042,0.318258,0.3208,0.4972,2,4,FALSE,FALSE,FALSE
"GENE2422","GENE2422_HUMAN","P54497","Protein GENE2422",-0.2433,0.421244,0.327231,0.3663,0.4851,6,2,FALSE,FALSE,FALSE
"GENE2162","GENE2162_HUMAN","P11217","Protein GENE2162",-1.5292,0.185476,0.040202,0.7425,1.3958,3,3,FALSE,FALSE,TRUE
"GENE2783","GENE2783_HUMAN","P14091","Protein GENE2783",0.0342,1,0.89257,0,0.0494,5,3,TRUE,FALSE,FALSE
"GENE1261","GENE1261_HUMAN","P80081","Protein GENE1261",-0.0397,1,0.861384,0,0.0648,6,2,FALSE,FALSE,FALSE
"GENE2699","GENE2699_HUMAN","P02039","Protein GENE2699",-0.5101,1,0.93794,0,0.0278,3,6,TRUE,FALSE,FALSE
"GENE1444","GENE1444_HUMAN","P90023","Protein GENE1444",0.0172,1,0.520598,0,0.2835,6,5,FALSE,FALSE,FALSE
"GENE2646","GENE2646_HUMAN","P16091","Protein GENE2646",-0.3344,1,0.892819,0,0.0492,3,4,FALSE,FALSE,FALSE
"GENE0531","GENE0531_HUMAN","P83182","Protein GENE0531",-0.459,1,0.422357,0,0.3743,4,2,FALSE,FALSE,FALSE
"GENE1521","GENE1521_HUMAN","P39247","Protein GENE1521",-0.3623,1,0.646288,0,0.1896,3,4,FALSE,FALSE,FALSE
"GENE1863","GENE1863_HUMAN","P40642","Protein GENE1863",-0.5734,1,0.877549,0,0.0567,3,3,FALSE,FALSE,FALSE
"GENE1393","GENE1393_HUMAN","P93156","Protein GENE1393",0.08,1,0.362347,0.0735,0.4409,3,2,FALSE,FALSE,FALSE
"GENE1946","GENE1946_HUMAN","P14590","Protein GENE1946",0.0761,1,0.983624,0,0.0072,3,4,FALSE,FALSE,FALSE
"GENE2003","GENE2003_HUMAN","P50582","Protein GENE2003",-0.1335,1,0.481763,0.0488,0.3172,4,6,FALSE,TRUE,FALSE
"GENE1321","GENE1321_HUMAN","P66934","Protein GENE1321",-0.0922,1,0.483366,0,0.3157,6,6,FALSE,FALSE,FALSE
"GENE0231","GENE0231_HUMAN","P12057","Protein GENE0231",0.4285,0.451883,0.137926,0.3025,0.8604,5,3,FALSE,FALSE,FALSE
"GENE2797","GENE2797_HUMAN","P43719","Protein GENE2797",-0.1609,1,0.703083,0,0.153,2,6,TRUE,FALSE,FALSE
"GENE0159","GENE0159_HUMAN","P62737","Protein GENE0159",-0.1762,0.908563,0.316643,0.4575,0.4994,2,5,FALSE,FALSE,FALSE
"GENE1241","GENE1241_HUMAN","P83086","Protein GENE1241",0.9368,0.449525,0.097345,0.7556,1.0117,5,4,FALSE,FALSE,FALSE
"GENE2047","GENE2047_HUMAN","P15638","Protein GENE2047",-0.3104,0.071618,0.063555,1.1099,1.1969,4,5,FALSE,FALSE,FALSE
"GENE2762","GENE2762_HUMAN","P34064","Protein GENE2762",0.3431,1,0.67382,0,0.1715,3,5,FALSE,FALSE,FALSE
"GENE2526","GENE2526_HUMAN","P66801","Protein GENE2526",-0.0633,1,0.318327,0,0.4971,2,5,FALSE,FALSE,FALSE
"GENE0867","GENE0867_HUMAN","P77377","Protein GENE0867",-0.2183,0.386321,0.256981,0.5061,0.5901,6,4,FALSE,FALSE,FALSE
"GENE1801","GENE1801_HUMAN","P57040","Protein GENE1801",-0.3075,1,0.664103,0,0.1778,2,3,FALSE,FALSE,FALSE
"GENE0121","GENE0121_HUMAN","P97522","Protein GENE0121",-0.1084,1,0.494676,0,0.3057,3,6,FALSE,FALSE,FALSE
"GENE1867","GENE1867_HUMAN","P60235","Protein GENE1867",0.571,1,0.648374,0,0.1882,4,4,FALSE,FALSE,FALSE
"GENE0370","GENE0370_HUMAN","P51736","Protein GENE0370",-0.1824,0.762857,0.314785,0.4476,0.502,2,5,TRUE,FALSE,FALSE
"GENE0229","GENE0229_HUMAN","P73236","Protein GENE0229",-0.1442,1,0.840105,0,0.0757,2,5,FALSE,TRUE,FALSE
"GENE0634","GENE0634_HUMAN","P91671","Protein GENE0634",-1.0825,1,0.714109,0,0.1462,4,4,FALSE,FALSE,FALSE
"GENE0868","GENE0868_HUMAN","P67832","Protein GENE0868",-0.3288,1,0.487412,0,0.3121,3,2,FALSE,FALSE,FALSE
"GENE1468","GENE1468_HUMAN","P84947","Protein GENE1468",-0.1936,1,0.341302,0,0.4669,2,3,FALSE,FALSE,FALSE
"GENE2704","GENE2704_HUMAN","P86712","Protein GENE2704",0.0462,1,0.551978,0.0967,0.2581,2,2,FALSE,FALSE,FALSE
"GENE1296","GENE1296_HUMAN","P27175","Protein GENE1296",-0.3188,0.952939,0.362741,0,0.4404,4,3,FALSE,TRUE,FALSE
"GENE0347","GENE0347_HUMAN","P71665","Protein GENE0347",-0.3345,1,0.636962,0,0.1959,3,6,FALSE,TRUE,FALSE
"GENE1763","GENE1763_HUMAN","P79799","Protein GENE1763",0.4191,1,0.85686,0,0.0671,5,3,FALSE,FALSE,FALSE
"GENE1044","GENE1044_HUMAN","P35998","Protein GENE1044",0.0298,0.308961,0.240326,0.0014,0.6192,2,3,FALSE,FALSE,FALSE
"GENE1820","GENE1820_HUMAN","P17719","Protein GENE1820",0.9034,0.521709,0.390102,0,0.4088,6,5,FALSE,FALSE,FALSE
"GENE1712","GENE1712_HUMAN","P16736","Protein GENE1712",-0.4352,0.637148,0.497665,0,0.3031,4,3,FALSE,TRUE,FALSE
"GENE1861","GENE1861_HUMAN","P91538","Protein GENE1861",0.5427,1,0.815344,0,0.0887,3,3,FALSE,FALSE,FALSE
"GENE2607","GENE2607_HUMAN","P70430","Protein GENE2607",-0.1061,0.494713,0.11424,0.4548,0.9422,3,5,FALSE,FALSE,FALSE
"GENE1938","GENE1938_HUMAN","P12995","Protein GENE1938",0.876,0.00295,0.000748,2.7627,3.1263,3,3,FALSE,FALSE,TRUE
"GENE0250","GENE0250_HUMAN","P30679","Protein GENE0250",-0.1774,1,0.944541,0,0.0248,5,5,FALSE,FALSE,FALSE
"GENE0057","GENE0057_HUMAN","P31452","Protein GENE0057",-0.9714,1,0.667137,0,0.1758,2,3,FALSE,FALSE,FALSE
"GENE2802","GENE2802_HUMAN","P62601","Protein GENE2802",0.3535,0.50354,0.495278,0.1749,0.3052,4,4,FALSE,FALSE,FALSE
"GENE2004","GENE2004_HUMAN","P39932","Protein GENE2004",-0.0462,1,0.882918,0,0.0541,2,3,FALSE,FALSE,FALSE
"GENE1247","GENE1247_HUMAN","P79777","Protein GENE1247",0.0796,1,0.490771,0.0011,0.3091,2,6,FALSE,TRUE,FALSE
"GENE1387","GENE1387_HUMAN","P93391","Protein GENE1387",-0.1911,0.460017,0.10058,0.4082,0.9975,3,3,TRUE,FALSE,FALSE
"GENE0023","GENE0023_HUMAN","P34472","Protein GENE0023",0.0711,1,0.625242,0,0.204,6,6,FALSE,FALSE,FALSE
"GENE2179","GENE2179_HUMAN","P31332","Protein GENE2179",-0.4225,0.23883,0.095869,0.4067,1.0183,2,2,FALSE,FALSE,FALSE
"GENE0156","GENE0156_HUMAN","P68740","Protein GENE0156",0.3179,1,0.458108,0,0.339,6,5,FALSE,FALSE,FALSE
"GENE2672","GENE2672_HUMAN","P79091","Protein GENE2672",-0.3065,0.528662,0.222999,0.5137,0.6517,2,2,FALSE,FALSE,FALSE
"GENE0518","GENE0518_HUMAN","P38859","Protein GENE0518",2.7077,0.059941,0.026702,1.0441,1.5735,3,4,FALSE,FALSE,TRUE
"GENE1339","GENE1339_HUMAN","P75577","Protein GENE1339",0.3598,1,0.680915,0,0.1669,4,4,FALSE,TRUE,FALSE
"GENE1347","GENE1347_HUMAN","P27115","Protein GENE1347",-0.1171,1,0.902093,0,0.0447,4,6,FALSE,FALSE,FALSE
"GENE2199","GENE2199_HUMAN","P11860","Protein GENE2199",-1.0667,1,0.708059,0,0.1499,6,6,FALSE,FALSE,FALSE
"GENE1778","GENE1778_HUMAN","P56761","Protein GENE1778",0.19,0.803591,0.738417,0,0.1317,4,2,FALSE,FALSE,FALSE
"GENE1214","GENE1214_HUMAN","P26724","Protein GENE1214",-1.2153,0.069815,0.046752,0.8266,1.3302,2,3,FALSE,TRUE,TRUE
"GENE1562","GENE1562_HUMAN","P36371","Protein GENE1562",0.1027,1,0.750939,0,0.1244,2,2,FALSE,TRUE,FALSE
"GENE0613","GENE0613_HUMAN","P65821","Protein GENE0613",-0.2602,0.572055,0.548985,0.1552,0.2604,5,2,FALSE,FALSE,FALSE
"GENE2060","GENE2060_HUMAN","P40951","Protein GENE2060",-0.3433,0.515511,0.128719,0.3296,0.8904,6,3,FALSE,FALSE,FALSE
"GENE2434","GENE2434_HUMAN","P03178","Protein GENE2434",-0.2583,0.997079,0.974505,0,0.0112,4,5,FALSE,FALSE,FALSE
"GENE0259","GENE0259_HUMAN","P71462","Protein GENE0259",-0.4862,0.841015,0.533205,0,0.2731,2,2,TRUE,FALSE,FALSE
"GENE0110","GENE0110_HUMAN","P44403","Protein GENE0110",0.3531,0.112083,0.096218,0.802,1.0167,6,6,FALSE,FALSE,FALSE
"GENE1314","GENE1314_HUMAN","P07083","Protein GENE1314",0.1642,0.402272,0.176363,0.2836,0.7536,5,6,FALSE,FALSE,FALSE
"GENE1111","GENE1111_HUMAN","P47565","Protein GENE1111",-0.4973,0.963599,0.48151,0,0.3174,6,2,FALSE,FALSE,FALSE
"GENE2616","GENE2616_HUMAN","P37333","Protein GENE2616",-0.43,1,0.836756,0,0.0774,6,2,FALSE,FALSE,FALSE
"GENE2058","GENE2058_HUMAN","P27740","Protein GENE2058",-0.0242,1,0.316987,0,0.499,4,3,FALSE,FALSE,FALSE
"GENE1672","GENE1672_HUMAN","P70710","Protein GENE1672",3.658,0.114271,0.041902,1.1636,1.3778,6,4,FALSE,FALSE,TRUE
"GENE0391","GENE0391_HUMAN","P86114","Protein GENE0391",-0.0402,1,0.811159,0,0.0909,4,5,FALSE,FALSE,FALSE
"GENE0657","GENE0657_HUMAN","P85623","Protein GENE0657",0.2875,1,0.906022,0,0.0429,4,4,FALSE,FALSE,FALSE
"GENE0682","GENE0682_HUMAN","P86209","Protein GENE0682",-0.3576,1,0.534571,0,0.272,2,4,FALSE,FALSE,FALSE
"GENE0061","GENE0061_HUMAN","P44193","Protein GENE0061",-0.483,0.90114,0.57817,0,0.2379,3,6,FALSE,FALSE,FALSE
"GENE2420","GENE2420_HUMAN","P15110","Protein GENE2420",0.1803,1,0.639811,0,0.1939,3,2,FALSE,FALSE,FALSE
"GENE1320","GENE1320_HUMAN","P24479","Protein GENE1320",-0.9045,1,0.399514,0,0.3985,6,5,FALSE,FALSE,FALSE
"GENE1210","GENE1210_HUMAN","P28083","Protein GENE1210",-0.1122,1,0.945753,0,0.0242,6,5,FALSE,FALSE,FALSE
"GENE1278","GENE1278_HUMAN","P15072","Protein GENE1278",-0.3007,1,0.602828,0.1655,0.2198,2,3,FALSE,FALSE,FALSE
"GENE0817","GENE0817_HUMAN","P77999","Protein GENE0817",0.2106,0.625114,0.236071,0.1558,0.627,6,2,FALSE,FALSE,FALSE
"GENE2710","GENE2710_HUMAN","P05162","Protein GENE2710",0.3754,1,0.84489,0,0.0732,3,3,TRUE,FALSE,FALSE
"GENE2863","GENE2863_HUMAN","P94473","Protein GENE2863",0.3154,1,0.485978,0,0.3134,3,6,FALSE,FALSE,FALSE
"CMTR1","CMTR1_HUMAN","P33812","Protein CMTR1",-0.1203,1,0.55161,0,0.2584,6,6,TRUE,TRUE,FALSE
"GENE1666","GENE1666_HUMAN","P94260","Protein GENE1666",-0.6722,0.57206,0.191742,0.1787,0.7173,3,4,FALSE,FALSE,FALSE
"GENE1700","GENE1700_HUMAN","P17065","Protein GENE1700",-0.2022,1,0.902567,0,0.0445,5,2,FALSE,FALSE,FALSE
"GENE2729","GENE2729_HUMAN","P53284","Protein GENE2729",-0.053,0.066606,0.063072,0.6495,1.2002,4,4,FALSE,FALSE,FALSE
"GENE1083","GENE1083_HUMAN","P55253","Protein GENE1083",0.6484,1,0.82714,0,0.0824,6,4,FALSE,FALSE,FALSE
"GENE0477","GENE0477_HUMAN","P47519","Protein GENE0477",-0.2304,1,0.760574,0,0.1189,5,3,FALSE,FALSE,FALSE
"GENE0505","GENE0505_HUMAN","P58428","Protein GENE0505",1.9153,0.185332,0.047444,1.2092,1.3238,5,6,FALSE,FALSE,TRUE
"GENE0594","GENE0594_HUMAN","P38265","Protein GENE0594",-0.1262,1,0.366718,0.0733,0.4357,3,4,TRUE,FALSE,FALSE
"GENE0350","GENE0350_HUMAN","P96085","Protein GENE0350",-0.0537,0.300347,0.104307,0.6641,0.9817,5,3,TRUE,FALSE,FALSE
"GENE0116","GENE0116_HUMAN","P42417","Protein GENE0116",-0.1479,0.931337,0.667034,0,0.1759,5,2,FALSE,FALSE,FALSE
"GENE0879","GENE0879_HUMAN","P93349","Protein GENE0879",-0.989,1,0.449984,0,0.3468,2,2,FALSE,FALSE,FALSE
"GENE0651","GENE0651_HUMAN","P56001","Protein GENE0651",0.833,1,0.450946,0,0.3459,4,2,FALSE,FALSE,FALSE
"GENE1749","GENE1749_HUMAN","P14645","Protein GENE1749",-0.2241,0.231553,0.187901,0.6558,0.7261,5,4,FALSE,FALSE,FALSE
"GENE0143","GENE0143_HUMAN","P84976","Protein GENE0143",-0.0391,1,0.477567,0,0.321,6,4,TRUE,FALSE,FALSE
"GENE1216","GENE1216_HUMAN","P67870","Protein GENE1216",0.0976,1,0.990952,0,0.0039,2,4,FALSE,FALSE,FALSE
"GENE2846","GENE2846_HUMAN","P71946","Protein GENE2846",0.6828,1,0.487508,0.1078,0.312,2,5,FALSE,TRUE,FALSE
"GENE2384","GENE2384_HUMAN","P72695","Protein GENE2384",-0.412,1,0.854369,0,0.0684,4,2,FALSE,FALSE,FALSE
"GENE0637","GENE0637_HUMAN","P87103","Protein GENE0637",-0.3705,0.237101,0.133472,0.1869,0.8746,4,4,FALSE,TRUE,FALSE
"GENE2229","GENE2229_HUMAN","P40775","Protein GENE2229",-0.1099,1,0.709829,0,0.1488,5,2,TRUE,FALSE,FALSE
"GENE1784","GENE1784_HUMAN","P88398","Protein GENE1784",0.0837,0.518902,0.270144,0.1516,0.5684,5,4,FALSE,FALSE,FALSE
"GENE0226","GENE0226_HUMAN","P06167","Protein GENE0226",-0.4021,0.661291,0.140052,0.3333,0.8537,5,3,FALSE,FALSE,FALSE
"GENE2649","GENE2649_HUMAN","P87002","Protein GENE2649",0.3145,1,0.996773,0,0.0014,5,3,FALSE,TRUE,FALSE
"GENE2039","GENE2039_HUMAN","P28636","Protein GENE2039",-0.37,1,0.282931,0.0703,0.5483,3,3,FALSE,FALSE,FALSE
"GENE0514","GENE0514_HUMAN","P84183","Protein GENE0514",-0.3344,1,0.702847,0.1184,0.1531,6,4,FALSE,FALSE,FALSE
"GENE0148","GENE0148_HUMAN","P38963","Protein GENE0148",0.2716,0.432434,0.428225,0,0.3683,6,3,FALSE,FALSE,FALSE
"GENE1949","GENE1949_HUMAN","P69323","Protein GENE1949",0.1089,0.356616,0.093495,0.6862,1.0292,3,6,FALSE,FALSE,FALSE
"GENE1345","GENE1345_HUMAN","P55208","Protein GENE1345",-0.2535,1,0.654317,0,0.1842,2,2,FALSE,FALSE,FALSE
"GENE1053","GENE1053_HUMAN","P92109","Protein GENE1053",-0.2673,1,0.788372,0,0.1033,4,5,FALSE,TRUE,FALSE
"GENE2482","GENE2482_HUMAN","P24104","Protein GENE2482",-0.7562,0.144905,0.060234,0.7789,1.2202,2,4,FALSE,FALSE,FALSE
"GENE0192","GENE0192_HUMAN","P22369","Protein GENE0192",0.134,0.730181,0.260186,0,0.5847,2,6,TRUE,FALSE,FALSE
"GENE2726","GENE2726_HUMAN","P01533","Protein GENE2726",0.2705,0.676351,0.647316,0,0.1889,5,6,FALSE,FALSE,FALSE
"GENE1729","GENE1729_HUMAN","P94603","Protein GENE1729",-0.6245,0.388414,0.219934,0.3507,0.6577,6,5,FALSE,FALSE,FALSE
"GENE1830","GENE1830_HUMAN","P23786","Protein GENE1830",-0.1505,0.702058,0.463284,0.1742,0.3342,2,3,FALSE,FALSE,FALSE
"GENE0140","GENE0140_HUMAN","P60995","Protein GENE0140",-0.47,0.759149,0.625358,0,0.2039,3,2,FALSE,FALSE,FALSE
"GENE1604","GENE1604_HUMAN","P03698","Protein GENE1604",0.4383,1,0.409129,0,0.3881,2,4,FALSE,FALSE,FALSE
"GENE0782","GENE0782_HUMAN","P15543","Protein GENE0782",0.3416,1,0.729392,0,0.137,4,6,FALSE,FALSE,FALSE
"GENE1319","GENE1319_HUMAN","P66713","Protein GENE1319",0.2246,1,0.53297,0,0.2733,2,4,FALSE,FALSE,FALSE
"GENE0286","GENE0286_HUMAN","P52270","Protein GENE0286",-0.1279,1,0.706579,0,0.1508,3,4,TRUE,FALSE,FALSE
"GENE1397","GENE1397_HUMAN","P77269","Protein GENE1397",0.2515,1,0.459122,0,0.3381,3,2,FALSE,FALSE,FALSE
"GENE1366","GENE1366_HUMAN","P39678","Protein GENE1366",0.8572,1,0.432222,0,0.3643,6,6,FALSE,TRUE,FALSE
"GENE0491","GENE0491_HUMAN","P87736","Protein GENE0491",-0.5577,1,0.998,0,9e-04,3,6,FALSE,FALSE,FALSE
"GENE1466","GENE1466_HUMAN","P94970","Protein GENE1466",0.0123,1,0.967176,0,0.0145,5,4,FALSE,FALSE,FALSE
"GENE0566","GENE0566_HUMAN","P61600","Protein GENE0566",-1.0136,1,0.525188,0,0.2797,3,3,FALSE,FALSE,FALSE
"GENE2433","GENE2433_HUMAN","P86629","Protein GENE2433",-0.1076,1,0.300948,0.1701,0.5215,2,6,FALSE,FALSE,FALSE
"GENE1524","GENE1524_HUMAN","P97908","Protein GENE1524",-0.3208,1,0.476044,0,0.3224,5,2,FALSE,FALSE,FALSE
"GENE1102","GENE1102_HUMAN","P59911","Protein GENE1102",0.0167,1,0.455347,0,0.3417,3,5,FALSE,TRUE,FALSE
"GENE2397","GENE2397_HUMAN","P25236","Protein GENE2397",-0.3142,1,0.885319,0,0.0529,4,3,FALSE,FALSE,FALSE
"GENE1568","GENE1568_HUMAN","P15273","Protein GENE1568",0.0074,1,0.775577,0,0.1104,6,5,TRUE,TRUE,FALSE
"GENE0311","GENE0311_HUMAN","P51599","Protein GENE0311",0.197,1,0.705337,0,0.1516,4,5,FALSE,FALSE,FALSE
"GENE1543","GENE1543_HUMAN","P95836","Protein GENE1543",0.0977,0.691464,0.18396,0.1529,0.7353,2,6,FALSE,FALSE,FALSE
"GENE2052","GENE2052_HUMAN","P67334","Protein GENE2052",-0.1032,1,0.648325,0,0.1882,6,3,FALSE,FALSE,FALSE
"GENE0615","GENE0615_HUMAN","P71820","Protein GENE0615",-0.5611,1,0.879914,0,0.0556,4,6,FALSE,FALSE,FALSE
"GENE2066","GENE2066_HUMAN","P97217","Protein GENE2066",-0.6715,0.041101,0.03376,1.0933,1.4716,5,6,FALSE,FALSE,TRUE
"GENE0885","GENE0885_HUMAN","P94328","Protein GENE0885",-0.1186,0.829537,0.606038,0,0.2175,5,6,FALSE,FALSE,FALSE
"GENE0381","GENE0381_HUMAN","P94913","Protein GENE0381",-0.067,1,0.573655,0,0.2413,2,6,TRUE,FALSE,FALSE
"GENE0785","GENE0785_HUMAN","P97787","Protein GENE0785",0.3745,1,0.325587,0,0.4873,3,6,FALSE,FALSE,FALSE
"GENE0322","GENE0322_HUMAN","P94419","Protein GENE0322",-0.5675,0.385949,0.130538,0.486,0.8843,3,4,FALSE,FALSE,FALSE
"GENE0940","GENE0940_HUMAN","P07832","Protein GENE0940",0.0138,1,0.949427,0,0.0225,3,6,FALSE,TRUE,FALSE
"GENE1793","GENE1793_HUMAN","P33756","Protein GENE1793",0.4405,1,0.762191,0,0.1179,6,6,TRUE,FALSE,FALSE
"GENE0284","GENE0284_HUMAN","P09281","Protein GENE0284",0.0214,1,0.870921,0,0.06,3,3,TRUE,FALSE,FALSE
"GENE0037","GENE0037_HUMAN","P65610","Protein GENE0037",-0.8633,1,0.347454,0,0.4591,6,2,FALSE,TRUE,FALSE
"GENE2654","GENE2654_HUMAN","P90818","Protein GENE2654",0.1476,0.16454,0.085677,0.3826,1.0671,4,6,FALSE,FALSE,FALSE
"GENE1365","GENE1365_HUMAN","P53611","Protein GENE1365",0.0379,0.251643,0.115288,0.509,0.9382,3,4,FALSE,FALSE,FALSE
"GENE1541","GENE1541_HUMAN","P27901","Protein GENE1541",-0.4641,1,0.524359,0.1773,0.2804,4,6,FALSE,FALSE,FALSE
"GENE0329","GENE0329_HUMAN","P67114","Protein GENE0329",-0.163,1,0.525255,0,0.2796,6,3,FALSE,FALSE,FALSE
"GENE0758","GENE0758_HUMAN","P75371","Protein GENE0758",-0.4294,1,0.406107,0.1061,0.3914,5,4,FALSE,TRUE,FALSE
"GENE1704","GENE1704_HUMAN","P63449","Protein GENE1704",0.0539,1,0.54622,0,0.2626,5,5,FALSE,FALSE,FALSE
"GENE1708","GENE1708_HUMAN","P51539","Protein GENE1708",-0.0593,0.547597,0.365052,0,0.4376,4,5,FALSE,FALSE,FALSE
"GENE1597","GENE1597_HUMAN","P87611","Protein GENE1597",0.5032,0.74213,0.413358,0,0.3837,6,4,FALSE,FALSE,FALSE
"GENE0165","GENE0165_HUMAN","P49056","Protein GENE0165",0.1975,1,0.43201,0,0.3645,3,3,FALSE,FALSE,FALSE
"GENE1792","GENE1792_HUMAN","P29674","Protein GENE1792",0.2249,1,0.371445,0,0.4301,2,2,FALSE,FALSE,FALSE
"GENE1041","GENE1041_HUMAN","P39683","Protein GENE1041",0.9595,1,0.943523,0,0.0252,2,5,TRUE,FALSE,FALSE
"GENE0592","GENE0592_HUMAN","P95848","Protein GENE0592",-0.7985,1,0.608409,0,0.2158,3,3,FALSE,FALSE,FALSE
"GENE0011","GENE0011_HUMAN","P12052","Protein GENE0011",-0.235,0.882657,0.853215,0,0.0689,5,6,TRUE,FALSE,FALSE
"GENE0203","GENE0203_HUMAN","P25534","Protein GENE0203",0.0614,0.980283,0.426731,0,0.3698,2,2,FALSE,FALSE,FALSE
"GENE2159","GENE2159_HUMAN","P12466","Protein GENE2159",-0.0834,0.981752,0.264223,0,0.578,3,3,FALSE,FALSE,FALSE
"GENE1999","GENE1999_HUMAN","P06141","Protein GENE1999",1.0334,0.352891,0.223094,0.3542,0.6515,2,3,FALSE,FALSE,FALSE
"GENE2327","GENE2327_HUMAN","P05603","Protein GENE2327",-0.1169,0.755206,0.358744,0.1462,0.4452,3,3,FALSE,FALSE,FALSE
"GENE0294","GENE0294_HUMAN","P55912","Protein GENE0294",-0.4713,1,0.593125,0,0.2269,6,5,FALSE,FALSE,FALSE
"GENE1550","GENE1550_HUMAN","P29627","Protein GENE1550",-0.1184,1,0.272969,0.1406,0.5639,2,3,FALSE,FALSE,FALSE
"GENE0004","GENE0004_HUMAN","P93946","Protein GENE0004",0.0689,1,0.226236,0.1869,0.6454,4,6,FALSE,FALSE,FALSE
"GENE0582","GENE0582_HUMAN","P40871","Protein GENE0582",0.089,0.592103,0.216239,0.4597,0.6651,4,6,FALSE,FALSE,FALSE
"GENE2173","GENE2173_HUMAN","P70178","Protein GENE2173",0.1083,1,0.446464,0.0809,0.3502,4,4,FALSE,FALSE,FALSE
"GENE1242","GENE1242_HUMAN","P51210","Protein GENE1242",-0.4617,0.809789,0.309953,0.2135,0.5087,2,5,FALSE,FALSE,FALSE
"GENE0882","GENE0882_HUMAN","P92514","Protein GENE0882",0.1653,0.504322,0.370508,0,0.4312,4,4,FALSE,TRUE,FALSE
"GENE0693","GENE0693_HUMAN","P37929","Protein GENE0693",0.0862,1,0.815347,0,0.0887,5,5,FALSE,FALSE,FALSE
"GENE2333","GENE2333_HUMAN","P92605","Protein GENE2333",-0.3412,1,0.586047,0,0.2321,5,2,FALSE,FALSE,FALSE
"GENE1052","GENE1052_HUMAN","P29128","Protein GENE1052",0.1029,1,0.378299,0,0.4222,4,2,FALSE,FALSE,FALSE
"GENE1360","GENE1360_HUMAN","P69604","Protein GENE1360",-0.4003,1,0.977403,0,0.0099,5,5,TRUE,FALSE,FALSE
"GENE1280","GENE1280_HUMAN","P18934","Protein GENE1280",0.6916,1,0.273802,0,0.5626,4,2,TRUE,FALSE,FALSE
"GENE0457","GENE0457_HUMAN","P80943","Protein GENE0457",0.2069,1,0.766526,0,0.1155,4,5,FALSE,FALSE,FALSE
"GENE0060","GENE0060_HUMAN","P46963","Protein GENE0060",-0.2737,0.776968,0.532584,0,0.2736,6,5,FALSE,FALSE,FALSE
"GENE0122","GENE0122_HUMAN","P62651","Protein GENE0122",4.1019,0.178938,0.038714,0.876,1.4121,6,5,FALSE,TRUE,TRUE
"GENE2542","GENE2542_HUMAN","P24324","Protein GENE2542",-0.0151,1,0.816776,0,0.0879,4,4,FALSE,FALSE,FALSE
"GENE2606","GENE2606_HUMAN","P17127","Protein GENE2606",0.1661,0.73412,0.148152,0.2534,0.8293,2,4,FALSE,FALSE,FALSE
"GENE1495","GENE1495_HUMAN","P08714","Protein GENE1495",-0.206,1,0.541183,0,0.2667,5,4,FALSE,FALSE,FALSE
"GENE1739","GENE1739_HUMAN","P87893","Protein GENE1739",-0.0237,0.739641,0.183656,0.2784,0.736,3,4,FALSE,FALSE,FALSE
"GENE2737","GENE2737_HUMAN","P16991","Protein GENE2737",0.4895,1,0.968759,0,0.0138,5,6,FALSE,FALSE,FALSE
"GENE1065","GENE1065_HUMAN","P22761","Protein GENE1065",-0.1609,1,0.575165,0,0.2402,5,3,FALSE,FALSE,FALSE
"GENE2574","GENE2574_HUMAN","P25003","Protein GENE2574",-0.0092,0.939192,0.386127,0,0.4133,5,6,FALSE,FALSE,FALSE
"GENE2650","GENE2650_HUMAN","P05666","Protein GENE2650",0.0214,1,0.785234,0,0.105,4,4,TRUE,TRUE,FALSE
"GENE0988","GENE0988_HUMAN","P40324","Protein GENE0988",-0.5784,1,0.484797,0,0.3144,3,3,TRUE,FALSE,FALSE
"GENE1266","GENE1266_HUMAN","P47674","Protein GENE1266",0.2315,0.421507,0.286339,0.4039,0.5431,6,2,FALSE,FALSE,FALSE
"GENE2325","GENE2325_HUMAN","P34371","Protein GENE2325",0.2452,1,0.709578,0,0.149,3,5,FALSE,FALSE,FALSE
"GENE1694","GENE1694_HUMAN","P77777","Protein GENE1694",0.9708,0.028342,0.022325,1.1764,1.6512,6,4,FALSE,FALSE,TRUE
"GENE0573","GENE0573_HUMAN","P74943","Protein GENE0573",-0.5266,0.898221,0.265844,0,0.5754,5,2,FALSE,FALSE,FALSE
"GENE1500","GENE1500_HUMAN","P71926","Protein GENE1500",0.5667,0.610484,0.474223,0,0.324,3,4,FALSE,FALSE,FALSE
"GENE1218","GENE1218_HUMAN","P19107","Protein GENE1218",0.0762,0.673383,0.228823,0,0.6405,3,4,FALSE,FALSE,FALSE
"GENE1312","GENE1312_HUMAN","P87143","Protein GENE1312",0.1176,1,0.575122,0,0.2402,3,2,TRUE,FALSE,FALSE
"GENE1612","GENE1612_HUMAN","P48489","Protein GENE1612",0.2009,1,0.587316,0,0.2311,2,6,FALSE,TRUE,FALSE
"GENE2698","GENE2698_HUMAN","P10064","Protein GENE2698",-0.1629,1,0.806165,0,0.0936,2,5,TRUE,FALSE,FALSE
"GENE1843","GENE1843_HUMAN","P32905","Protein GENE1843",0.2133,1,0.926115,0,0.0333,6,3,FALSE,FALSE,FALSE
"GENE1018","GENE1018_HUMAN","P71041","Protein GENE1018",0.3115,1,0.968815,0,0.0138,4,6,FALSE,FALSE,FALSE
"GENE0675","GENE0675_HUMAN","P80411","Protein GENE0675",0.0633,1,0.56293,0,0.2495,5,6,TRUE,FALSE,FALSE
"GENE0254","GENE0254_HUMAN","P68510","Protein GENE0254",-0.4432,1,0.786482,0,0.1043,2,6,FALSE,FALSE,FALSE
"GENE1651","GENE1651_HUMAN","P84170","Protein GENE1651",-0.0595,1,0.770919,0,0.113,6,2,TRUE,FALSE,FALSE
"STK3","STK3_HUMAN","P69355","Protein STK3",1.7605,0.044613,0.016065,1.1942,1.7941,2,5,TRUE,FALSE,TRUE
"GENE1285","GENE1285_HUMAN","P70583","Protein GENE1285",-0.0376,0.185123,0.07408,0.478,1.1303,6,6,FALSE,FALSE,FALSE
"GENE1237","GENE1237_HUMAN","P07926","Protein GENE1237",0.8063,1,0.651312,0.0285,0.1862,6,6,FALSE,FALSE,FALSE
"GENE1900","GENE1900_HUMAN","P35892","Protein GENE1900",-0.3238,1,0.529601,0,0.2761,2,3,FALSE,FALSE,FALSE
"GENE1747","GENE1747_HUMAN","P21059","Protein GENE1747",-0.2613,1,0.78088,0,0.1074,5,6,FALSE,FALSE,FALSE
"DDX46","DDX46_HUMAN","P18857","Protein DDX46",-2.4259,0.100207,0.04357,1.1363,1.3608,3,5,FALSE,FALSE,TRUE
"GENE2006","GENE2006_HUMAN","P26683","Protein GENE2006",0.6162,1,0.307837,0,0.5117,6,6,FALSE,FALSE,FALSE
"GENE1205","GENE1205_HUMAN","P01603","Protein GENE1205",0.1747,0.235861,0.079552,0.8125,1.0994,5,4,FALSE,FALSE,FALSE
"GENE2067","GENE2067_HUMAN","P84524","Protein GENE2067",-0.258,1,0.397426,0.0048,0.4007,2,6,TRUE,FALSE,FALSE
"GENE0603","GENE0603_HUMAN","P36784","Protein GENE0603",-0.1481,0.264681,0.24224,0.0791,0.6158,6,4,FALSE,FALSE,FALSE
"GENE0853","GENE0853_HUMAN","P05788","Protein GENE0853",0.3112,1,0.932525,0,0.0303,4,5,FALSE,FALSE,FALSE
"GENE2670","GENE2670_HUMAN","P15079","Protein GENE2670",0.1478,1,0.418563,0,0.3782,5,4,TRUE,FALSE,FALSE
"GENE1456","GENE1456_HUMAN","P92258","Protein GENE1456",2.3831,0.097357,0.030377,1.0167,1.5175,2,6,FALSE,FALSE,TRUE
"GENE1317","GENE1317_HUMAN","P17262","Protein GENE1317",0.1211,1,0.730972,0,0.1361,6,6,FALSE,FALSE,FALSE
"GENE1362","GENE1362_HUMAN","P51026","Protein GENE1362",-0.3302,1,0.912477,0,0.0398,4,2,FALSE,FALSE,FALSE
"GENE0986","GENE0986_HUMAN","P13947","Protein GENE0986",0.8164,1,0.497315,0,0.3034,2,3,FALSE,FALSE,FALSE
"GENE0113","GENE0113_HUMAN","P99709","Protein GENE0113",-0.142,0.412194,0.37255,0.027,0.4288,2,4,FALSE,FALSE,FALSE
"GENE1742","GENE1742_HUMAN","P22475","Protein GENE1742",-0.4156,1,0.74958,0,0.1252,4,6,FALSE,FALSE,FALSE
"GENE1912","GENE1912_HUMAN","P56378","Protein GENE1912",0.1626,1,0.419887,0,0.3769,3,4,FALSE,FALSE,FALSE
"GENE0550","GENE0550_HUMAN","P60249","Protein GENE0550",0.3302,1,0.524234,0,0.2805,3,5,FALSE,FALSE,FALSE
"GENE2291","GENE2291_HUMAN","P66380","Protein GENE2291",-0.7693,1,0.748881,0,0.1256,3,2,FALSE,TRUE,FALSE
"GENE1024","GENE1024_HUMAN","P12940","Protein GENE1024",0.6956,1,0.516246,0,0.2871,3,4,FALSE,TRUE,FALSE
"GENE2410","GENE2410_HUMAN","P77151","Protein GENE2410",0.1816,1,0.683012,0,0.1656,6,4,FALSE,FALSE,FALSE
"GENE0687","GENE0687_HUMAN","P45790","Protein GENE0687",-0.2257,1,0.704532,0,0.1521,6,5,FALSE,FALSE,FALSE
"GENE0084","GENE0084_HUMAN","P99212","Protein GENE0084",-0.177,1,0.688503,0,0.1621,3,3,FALSE,FALSE,FALSE
"GENE2347","GENE2347_HUMAN","P27706","Protein GENE2347",0.1603,0.653275,0.135635,0.4938,0.8676,5,5,TRUE,FALSE,FALSE
"GENE2871","GENE2871_HUMAN","P39385","Protein GENE2871",-0.0563,1,0.932274,0,0.0305,6,6,TRUE,FALSE,FALSE
"GENE1853","GENE1853_HUMAN","P00063","Protein GENE1853",0.2535,1,0.614199,0.0199,0.2117,4,6,FALSE,FALSE,FALSE
"GENE0515","GENE0515_HUMAN","P86801","Protein GENE0515",-0.287,0.446043,0.344896,0.1271,0.4623,5,3,FALSE,FALSE,FALSE
"GENE2011","GENE2011_HUMAN","P83626","Protein GENE2011",0.6165,1,0.946551,0,0.0239,2,4,FALSE,FALSE,FALSE
"GENE2101","GENE2101_HUMAN","P99103","Protein GENE2101",0.283,1,0.79083,0,0.1019,5,3,FALSE,FALSE,FALSE
"GENE2382","GENE2382_HUMAN","P23451","Protein GENE2382",0.0076,0.200617,0.103785,0.4083,0.9839,4,4,FALSE,FALSE,FALSE
"GENE2253","GENE2253_HUMAN","P42843","Protein GENE2253",0.1697,1,0.674273,0,0.1712,2,2,FALSE,FALSE,FALSE
"GENE1724","GENE1724_HUMAN","P99170","Protein GENE1724",0.2082,0.807743,0.807365,0,0.0929,5,6,TRUE,TRUE,FALSE
"GENE0316","GENE0316_HUMAN","P00585","Protein GENE0316",0.3494,1,0.75257,0,0.1235,4,6,FALSE,FALSE,FALSE
"GENE2836","GENE2836_HUMAN","P82402","Protein GENE2836",-0.0623,0.214378,0.169466,0.1071,0.7709,6,6,FALSE,FALSE,FALSE
"GENE0878","GENE0878_HUMAN","P43065","Protein GENE0878",-0.0538,1,0.829953,0,0.0809,5,6,FALSE,FALSE,FALSE
"GENE2730","GENE2730_HUMAN","P01633","Protein GENE2730",0.2206,1,0.527154,0,0.2781,5,3,FALSE,FALSE,FALSE
"GENE2322","GENE2322_HUMAN","P77436","Protein GENE2322",-0.3711,1,0.577906,0.2328,0.2381,4,4,FALSE,FALSE,FALSE
"GENE0406","GENE0406_HUMAN","P28060","Protein GENE0406",0.3349,0.888306,0.205782,0.2717,0.6866,4,2,FALSE,FALSE,FALSE
"GENE2034","GENE2034_HUMAN","P21859","Protein GENE2034",-0.6204,0.956332,0.318807,0,0.4965,2,2,FALSE,FALSE,FALSE
"GENE1117","GENE1117_HUMAN","P97875","Protein GENE1117",0.0183,1,0.995962,0,0.0018,5,3,FALSE,FALSE,FALSE
"GENE1530","GENE1530_HUMAN","P82768","Protein GENE1530",-0.2021,0.461927,0.153817,0.3762,0.813,6,6,FALSE,FALSE,FALSE
"GENE2807","GENE2807_HUMAN","P61883","Protein GENE2807",0.8734,1,0.422241,0,0.3744,2,5,TRUE,FALSE,FALSE
"GENE0210","GENE0210_HUMAN","P70467","Protein GENE0210",0.6029,0.196931,0.139285,0.2057,0.8561,3,6,FALSE,FALSE,FALSE
"GENE1194","GENE1194_HUMAN","P43114","Protein GENE1194",0.0176,1,0.290555,0,0.5368,3,5,FALSE,FALSE,FALSE
"GENE1334","GENE1334_HUMAN","P28421","Protein GENE1334",-0.1257,0.746964,0.293046,0,0.5331,2,2,FALSE,FALSE,FALSE
"GENE2387","GENE2387_HUMAN","P29516","Protein GENE2387",0.9312,1,0.661166,0,0.1797,4,3,FALSE,TRUE,FALSE
"GENE2154","GENE2154_HUMAN","P71314","Protein GENE2154",-0.1607,1,0.688799,0,0.1619,3,2,TRUE,FALSE,FALSE
"GENE1987","GENE1987_HUMAN","P74890","Protein GENE1987",0.8371,0.282191,0.123179,0.3924,0.9095,2,4,FALSE,FALSE,FALSE
"GENE2025","GENE2025_HUMAN","P34680","Protein GENE2025",0.3673,1,0.322523,0,0.4914,5,2,FALSE,FALSE,FALSE
"GENE1877","GENE1877_HUMAN","P34820","Protein GENE1877",0.0757,0.876479,0.692782,0,0.1594,6,2,FALSE,TRUE,FALSE
"GENE1169","GENE1169_HUMAN","P85526","Protein GENE1169",0.1122,1,0.735371,0,0.1335,2,6,FALSE,FALSE,FALSE
"GENE0876","GENE0876_HUMAN","P24105","Protein GENE0876",-0.9969,0.347135,0.291239,0.0923,0.5358,5,5,FALSE,FALSE,FALSE
"GENE0013","GENE0013_HUMAN","P16649","Protein GENE0013",0.2856,0.335704,0.308939,0.1916,0.5101,4,2,TRUE,FALSE,FALSE
"GENE0173","GENE0173_HUMAN","P84198","Protein GENE0173",-4.2392,0.158977,0.032289,1.3792,1.4909,3,5,FALSE,FALSE,TRUE
"GENE0092","GENE0092_HUMAN","P99978","Protein GENE0092",-0.6578,1,0.814278,0,0.0892,4,3,FALSE,TRUE,FALSE
"GENE2736","GENE2736_HUMAN","P01109","Protein GENE2736",-0.4992,1,0.621594,0,0.2065,2,4,FALSE,FALSE,FALSE
"GENE1584","GENE1584_HUMAN","P14478","Protein GENE1584",0.4703,1,0.671406,0,0.173,5,4,FALSE,TRUE,FALSE
"GENE2840","GENE2840_HUMAN","P69482","Protein GENE2840",0.29,1,0.858302,0,0.0664,5,3,FALSE,FALSE,FALSE
"GENE2371","GENE2371_HUMAN","P06783","Protein GENE2371",0.8361,0.547768,0.38423,0.2378,0.4154,2,4,FALSE,FALSE,FALSE
"GENE1821","GENE1821_HUMAN","P33793","Protein GENE1821",-0.6668,1,0.537288,0,0.2698,2,5,FALSE,FALSE,FALSE
"GENE1814","GENE1814_HUMAN","P42638","Protein GENE1814",-0.1543,0.208917,0.063788,0.5598,1.1953,2,6,FALSE,FALSE,FALSE
"GENE2282","GENE2282_HUMAN","P29404","Protein GENE2282",0.6151,0.543582,0.313106,0.0386,0.5043,5,5,FALSE,FALSE,FALSE
"GENE2285","GENE2285_HUMAN","P71667","Protein GENE2285",0.0023,0.709594,0.149523,0.1607,0.8253,4,4,FALSE,FALSE,FALSE
"GENE1039","GENE1039_HUMAN","P75207","Protein GENE1039",-0.6771,0.592635,0.300776,0,0.5218,6,2,FALSE,FALSE,FALSE
"GENE1760","GENE1760_HUMAN","P42440","Protein GENE1760",0.4391,0.791983,0.478105,0,0.3205,3,3,FALSE,FALSE,FALSE
"GENE2302","GENE2302_HUMAN","P32134","Protein GENE2302",0.4882,1,0.577635,0,0.2383,6,2,FALSE,FALSE,FALSE
"GENE2264","GENE2264_HUMAN","P46796","Protein GENE2264",-0.1509,1,0.613925,0,0.2119,5,4,TRUE,FALSE,FALSE
"GENE0422","GENE0422_HUMAN","P68768","Protein GENE0422",0.2297,1,0.43374,0,0.3628,6,6,FALSE,FALSE,FALSE
"GENE2257","GENE2257_HUMAN","P93757","Protein GENE2257",-0.6748,1,0.514508,0,0.2886,6,2,FALSE,FALSE,FALSE
"GENE1329","GENE1329_HUMAN","P46987","Protein GENE1329",0.2335,0.951066,0.193267,0.4982,0.7138,6,3,FALSE,FALSE,FALSE
"GENE0295","GENE0295_HUMAN","P68842","Protein GENE0295",-0.0254,1,0.781044,0.0312,0.1073,3,6,FALSE,FALSE,FALSE
"GENE2376","GENE2376_HUMAN","P81216","Protein GENE2376",0.1648,1,0.406828,0,0.3906,2,3,FALSE,FALSE,FALSE
"GENE0186","GENE0186_HUMAN","P20168","Protein GENE0186",-0.2021,1,0.435587,0,0.3609,5,3,FALSE,FALSE,FALSE
"GENE1394","GENE1394_HUMAN","P11096","Protein GENE1394",0.3146,0.885671,0.258814,0.2801,0.587,6,6,FALSE,TRUE,FALSE
"GENE1532","GENE1532_HUMAN","P23502","Protein GENE1532",0.0893,0.206112,0.121187,0.3419,0.9165,6,6,FALSE,FALSE,FALSE
"GENE0305","GENE0305_HUMAN","P74257","Protein GENE0305",0.0169,1,0.969846,0,0.0133,4,6,FALSE,FALSE,FALSE
"GENE1350","GENE1350_HUMAN","P20517","Protein GENE1350",-0.4553,1,0.352941,0,0.4523,6,2,TRUE,FALSE,FALSE
"GENE0838","GENE0838_HUMAN","P60387","Protein GENE0838",-0.6846,0.37425,0.243487,0.2011,0.6135,5,3,FALSE,FALSE,FALSE
"GENE2064","GENE2064_HUMAN","P34207","Protein GENE2064",0.0812,0.531594,0.418564,0,0.3782,3,5,FALSE,FALSE,FALSE
"GENE1434","GENE1434_HUMAN","P07962","Protein GENE1434",0.4187,1,0.839287,0,0.0761,6,4,FALSE,TRUE,FALSE
"GENE2749","GENE2749_HUMAN","P70040","Protein GENE2749",-0.0651,1,0.881627,0,0.0547,4,6,FALSE,FALSE,FALSE
"GENE1711","GENE1711_HUMAN","P40939","Protein GENE1711",-0.3568,0.905382,0.26168,0.335,0.5822,5,5,FALSE,FALSE,FALSE
"GENE2336","GENE2336_HUMAN","P58333","Protein GENE2336",0.0722,1,0.428253,0,0.3683,2,5,FALSE,TRUE,FALSE
"GENE2627","GENE2627_HUMAN","P66231","Protein GENE2627",-0.0952,0.179074,0.162886,0.1657,0.7881,5,4,FALSE,FALSE,FALSE
"GENE2073","GENE2073_HUMAN","P83474","Protein GENE2073",0.428,1,0.829997,0.0281,0.0809,2,3,FALSE,FALSE,FALSE
"GENE0965","GENE0965_HUMAN","P44666","Protein GENE0965",0.0506,0.145743,0.126503,0.4337,0.8979,2,2,FALSE,FALSE,FALSE
"GENE2831","GENE2831_HUMAN","P82518","Protein GENE2831",0.0705,0.842301,0.221776,0,0.6541,4,2,FALSE,FALSE,FALSE
"GENE1745","GENE1745_HUMAN","P54069","Protein GENE1745",0.3693,1,0.518639,0,0.2851,4,3,FALSE,FALSE,FALSE
"GENE2689","GENE2689_HUMAN","P66794","Protein GENE2689",0.5301,1,0.983694,0,0.0071,4,4,FALSE,TRUE,FALSE
"GENE1505","GENE1505_HUMAN","P11344","Protein GENE1505",0.3759,0.503229,0.128704,0.3889,0.8904,2,6,TRUE,FALSE,FALSE
"GENE0243","GENE0243_HUMAN","P70697","Protein GENE0243",0.4187,0.638361,0.147825,0.1795,0.8303,2,3,FALSE,TRUE,FALSE
"GENE2190","GENE2190_HUMAN","P99567","Protein GENE2190",0.0296,1,0.932236,0,0.0305,2,5,FALSE,FALSE,FALSE
"GENE2124","GENE2124_HUMAN","P60865","Protein GENE2124",0.691,0.878515,0.603932,0,0.219,6,2,FALSE,FALSE,FALSE
"GENE0432","GENE0432_HUMAN","P71068","Protein GENE0432",-0.2551,0.744203,0.412484,0.3093,0.3846,2,6,FALSE,FALSE,FALSE
"GENE2279","GENE2279_HUMAN","P13908","Protein GENE2279",0.0371,1,0.614262,0,0.2116,6,6,FALSE,FALSE,FALSE
"GENE0916","GENE0916_HUMAN","P73571","Protein GENE0916",-0.2408,1,0.927031,0,0.0329,6,3,TRUE,FALSE,FALSE
"GENE1538","GENE1538_HUMAN","P56840","Protein GENE1538",-0.0024,0.687971,0.250164,0.1921,0.6018,6,6,FALSE,FALSE,FALSE
"GENE1939","GENE1939_HUMAN","P74992","Protein GENE1939",0.0549,1,0.690349,0,0.1609,3,5,FALSE,FALSE,FALSE
"GENE1027","GENE1027_HUMAN","P79722","Protein GENE1027",0.7086,0.26428,0.14977,0.2685,0.8246,2,2,FALSE,FALSE,FALSE
"GENE2824","GENE2824_HUMAN","P39918","Protein GENE2824",0.2679,0.594403,0.423248,0.0589,0.3734,3,2,FALSE,FALSE,FALSE
"GENE1276","GENE1276_HUMAN","P50903","Protein GENE1276",-0.4319,1,0.935358,0,0.029,5,2,TRUE,FALSE,FALSE
"GENE0258","GENE0258_HUMAN","P24667","Protein GENE0258",-0.0712,0.606226,0.200346,0.0098,0.6982,5,2,FALSE,FALSE,FALSE
"GENE1974","GENE1974_HUMAN","P93456","Protein GENE1974",0.7454,1,0.472497,0.0567,0.3256,4,4,FALSE,FALSE,FALSE
"GENE2617","GENE2617_HUMAN","P54936","Protein GENE2617",0.3519,0.764535,0.351645,0.1067,0.4539,2,5,FALSE,TRUE,FALSE
"GENE0763","GENE0763_HUMAN","P18091","Protein GENE0763",0.023,0.773941,0.202155,0.3318,0.6943,3,4,FALSE,FALSE,FALSE
"GENE2161","GENE2161_HUMAN","P50708","Protein GENE2161",0.1276,1,0.428758,0,0.3678,6,6,FALSE,FALSE,FALSE
"GENE1547","GENE1547_HUMAN","P81716","Protein GENE1547",-0.0594,1,0.63315,0.0836,0.1985,2,6,FALSE,FALSE,FALSE
"GENE2534","GENE2534_HUMAN","P62353","Protein GENE2534",0.4617,0.248304,0.06937,0.7063,1.1588,6,5,FALSE,FALSE,FALSE
"GENE1087","GENE1087_HUMAN","P58468","Protein GENE1087",-0.2732,0.581906,0.294402,0.222,0.5311,5,3,FALSE,FALSE,FALSE
"GENE1441","GENE1441_HUMAN","P54448","Protein GENE1441",-0.0459,1,0.704761,0,0.152,5,5,FALSE,FALSE,FALSE
"GENE1659","GENE1659_HUMAN","P08921","Protein GENE1659",-0.4604,1,0.840927,0,0.0752,2,3,FALSE,FALSE,FALSE
"GENE2417","GENE2417_HUMAN","P74245","Protein GENE2417",0.0525,0.611601,0.273841,0.2552,0.5625,3,2,FALSE,FALSE,FALSE
"GENE2623","GENE2623_HUMAN","P19525","Protein GENE2623",0.0801,1,0.688016,0,0.1624,3,4,FALSE,FALSE,FALSE
"GENE1177","GENE1177_HUMAN","P01711","Protein GENE1177",0.319,0.870736,0.426761,0,0.3698,3,4,FALSE,FALSE,FALSE
"GENE2821","GENE2821_HUMAN","P29706","Protein GENE2821",-0.2426,1,0.723114,0,0.1408,5,2,FALSE,FALSE,FALSE
"GENE2889","GENE2889_HUMAN","P32819","Protein GENE2889",-0.7187,0.919501,0.252345,0,0.598,4,4,FALSE,FALSE,FALSE
"GENE1847","GENE1847_HUMAN","P66410","Protein GENE1847",0.1245,1,0.903788,0,0.0439,2,2,TRUE,FALSE,FALSE
"GENE0673","GENE0673_HUMAN","P92114","Protein GENE0673",0.0794,1,0.58077,0,0.236,2,2,FALSE,FALSE,FALSE
"GENE2200","GENE2200_HUMAN","P06346","Protein GENE2200",-0.566,0.43701,0.350569,0,0.4552,6,6,FALSE,FALSE,FALSE
"GENE2859","GENE2859_HUMAN","P38294","Protein GENE2859",-0.5497,1,0.985235,0,0.0065,2,5,FALSE,FALSE,FALSE
"GENE2531","GENE2531_HUMAN","P77739","Protein GENE2531",0.7435,1,0.675486,0,0.1704,3,2,FALSE,FALSE,FALSE
"GENE0430","GENE0430_HUMAN","P70684","Protein GENE0430",-0.1709,1,0.655537,0,0.1834,5,2,FALSE,FALSE,FALSE
"GENE0201","GENE0201_HUMAN","P85003","Protein GENE0201",0.1806,0.732693,0.4236,0,0.373,2,6,FALSE,TRUE,FALSE
"GENE0031","GENE0031_HUMAN","P35599","Protein GENE0031",0.0461,0.284086,0.124547,0.6169,0.9047,6,6,FALSE,FALSE,FALSE
"GENE0102","GENE0102_HUMAN","P76348","Protein GENE0102",-0.0079,1,0.750857,0,0.1244,6,4,FALSE,FALSE,FALSE
"GENE1386","GENE1386_HUMAN","P06599","Protein GENE1386",0.4757,1,0.593261,0,0.2268,6,4,FALSE,FALSE,FALSE
"GENE2719","GENE2719_HUMAN","P95939","Protein GENE2719",0.5014,1,0.901229,0,0.0452,3,2,FALSE,FALSE,FALSE
"GENE0117","GENE0117_HUMAN","P67602","Protein GENE0117",-0.5321,1,0.421609,0,0.3751,4,5,TRUE,FALSE,FALSE
"GENE0510","GENE0510_HUMAN","P56736","Protein GENE0510",-0.3261,1,0.53984,0,0.2677,4,2,FALSE,FALSE,FALSE
"GENE2143","GENE2143_HUMAN","P58067","Protein GENE2143",-0.0511,0.912603,0.900923,0,0.0453,4,6,FALSE,FALSE,FALSE
"GENE0746","GENE0746_HUMAN","P18131","Protein GENE0746",0.554,0.25471,0.06778,0.6026,1.1689,3,6,FALSE,FALSE,FALSE
"GENE1593","GENE1593_HUMAN","P93465","Protein GENE1593",-0.1708,0.375993,0.120788,0.5863,0.918,5,3,FALSE,FALSE,FALSE
"GENE0456","GENE0456_HUMAN","P45093","Protein GENE0456",0.3854,0.880765,0.396109,0.0381,0.4022,6,3,FALSE,FALSE,FALSE
"GENE2681","GENE2681_HUMAN","P96541","Protein GENE2681",0.5595,1,0.341804,0,0.4662,4,3,TRUE,FALSE,FALSE
"GENE2630","GENE2630_HUMAN","P88978","Protein GENE2630",0.3238,1,0.907984,0,0.0419,6,3,FALSE,FALSE,FALSE
"GENE0303","GENE0303_HUMAN","P28909","Protein GENE0303",-0.0269,1,0.504549,0,0.2971,6,5,FALSE,FALSE,FALSE
"GENE0441","GENE0441_HUMAN","P27023","Protein GENE0441",1.0108,1,0.292955,0.1167,0.5332,4,3,FALSE,TRUE,FALSE
"GENE2130","GENE2130_HUMAN","P28637","Protein GENE2130",-0.644,1,0.230386,0.3588,0.6375,4,2,TRUE,FALSE,FALSE
"GENE2478","GENE2478_HUMAN","P49134","Protein GENE2478",1.2738,1,0.253914,0.1025,0.5953,5,2,FALSE,FALSE,FALSE
"GENE2204","GENE2204_HUMAN","P03421","Protein GENE2204",0.3182,0.682746,0.181885,0.0931,0.7402,5,2,FALSE,FALSE,FALSE
"GENE0609","GENE0609_HUMAN","P90963","Protein GENE0609",-0.6781,0.95837,0.220098,0.3603,0.6574,4,3,FALSE,FALSE,FALSE
"GENE0623","GENE0623_HUMAN","P19760","Protein GENE0623",0.0655,0.604477,0.467719,0,0.33,5,2,FALSE,TRUE,FALSE
"GENE1011","GENE1011_HUMAN","P87669","Protein GENE1011",0.0604,0.570522,0.242373,0.5514,0.6155,5,3,FALSE,FALSE,FALSE
"GENE0238","GENE0238_HUMAN","P25132","Protein GENE0238",0.0927,1,0.291104,0.1837,0.536,3,3,TRUE,FALSE,FALSE
"GENE2667","GENE2667_HUMAN","P08875","Protein GENE2667",-0.128,0.887983,0.2456,0.4958,0.6098,4,6,FALSE,FALSE,FALSE
"GENE0009","GENE0009_HUMAN","P88740","Protein GENE0009",1.2983,0.963644,0.620331,0.1465,0.2074,6,5,TRUE,FALSE,FALSE
"GENE0814","GENE0814_HUMAN","P88026","Protein GENE0814",0.4059,1,0.871919,0,0.0595,2,2,FALSE,FALSE,FALSE
"GENE1545","GENE1545_HUMAN","P36234","Protein GENE1545",0.06,1,0.330163,0,0.4813,6,4,FALSE,FALSE,FALSE
"GENE2012","GENE2012_HUMAN","P46413","Protein GENE2012",-0.2233,1,0.552041,0,0.258,4,5,FALSE,FALSE,FALSE
"GENE2349","GENE2349_HUMAN","P94448","Protein GENE2349",-0.3419,0.365097,0.192361,0.5762,0.7159,5,4,FALSE,FALSE,FALSE
"GENE2643","GENE2643_HUMAN","P92123","Protein GENE2643",0.9047,0.406227,0.196585,0.5826,0.7065,3,3,FALSE,FALSE,FALSE
"GENE2587","GENE2587_HUMAN","P54300","Protein GENE2587",0.2382,1,0.70451,0,0.1521,3,5,FALSE,FALSE,FALSE
"GENE1151","GENE1151_HUMAN","P65344","Protein GENE1151",-0.7168,1,0.906692,0,0.0425,5,4,FALSE,FALSE,FALSE
"GENE0947","GENE0947_HUMAN","P18971","Protein GENE0947",0.1836,1,0.567251,0,0.2462,6,2,FALSE,FALSE,FALSE
"GENE1914","GENE1914_HUMAN","P82110","Protein GENE1914",0.0392,1,0.624377,0,0.2046,5,4,FALSE,FALSE,FALSE
"GENE2310","GENE2310_HUMAN","P88165","Protein GENE2310",0.294,0.90209,0.416085,0.0045,0.3808,3,2,FALSE,FALSE,FALSE
"GENE2601","GENE2601_HUMAN","P50435","Protein GENE2601",-0.3923,1,0.359159,0,0.4447,5,5,FALSE,FALSE,FALSE
"GENE0424","GENE0424_HUMAN","P67902","Protein GENE0424",0.2131,1,0.675888,0.1289,0.1701,4,5,TRUE,FALSE,FALSE
"GENE0709","GENE0709_HUMAN","P52613","Protein GENE0709",0.3781,1,0.209161,0.4936,0.6795,2,6,FALSE,TRUE,FALSE
"GENE0650","GENE0650_HUMAN","P03716","Protein GENE0650",0.6756,1,0.650093,0,0.187,4,2,FALSE,FALSE,FALSE
"GENE2663","GENE2663_HUMAN","P52776","Protein GENE2663",0.0202,1,0.939912,0,0.0269,3,6,FALSE,FALSE,FALSE
"GENE0115","GENE0115_HUMAN","P60601","Protein GENE0115",0.2573,0.548651,0.23875,0.4618,0.6221,4,6,TRUE,FALSE,FALSE
"GENE1080","GENE1080_HUMAN","P56233","Protein GENE1080",-0.2495,1,0.935513,0.0031,0.029,3,4,FALSE,FALSE,FALSE
"GENE1965","GENE1965_HUMAN","P00178","Protein GENE1965",-0.0641,1,0.449466,0,0.3473,5,3,FALSE,FALSE,FALSE
"GENE0639","GENE0639_HUMAN","P57876","Protein GENE0639",-0.0227,0.773026,0.595177,0,0.2254,2,6,FALSE,FALSE,FALSE
"GENE2773","GENE2773_HUMAN","P03718","Protein GENE2773",0.4609,0.806027,0.203886,0.3752,0.6906,4,2,FALSE,FALSE,FALSE
"GENE0453","GENE0453_HUMAN","P88316","Protein GENE0453",-0.4185,1,0.558978,0,0.2526,6,4,FALSE,FALSE,FALSE
"GENE0616","GENE0616_HUMAN","P20524","Protein GENE0616",-0.6372,0.935584,0.703589,0,0.1527,4,4,FALSE,FALSE,FALSE
"GENE1703","GENE1703_HUMAN","P52154","Protein GENE1703",0.2293,1,0.861975,0,0.0645,2,2,FALSE,FALSE,FALSE
"GENE1535","GENE1535_HUMAN","P97177","Protein GENE1535",0.1059,0.428149,0.229781,0.0378,0.6387,4,3,FALSE,TRUE,FALSE
"GENE0989","GENE0989_HUMAN","P91814","Protein GENE0989",-0.3403,1,0.33321,0,0.4773,5,3,FALSE,TRUE,FALSE
"GENE0728","GENE0728_HUMAN","P02648","Protein GENE0728",2.4451,0.202632,0.047192,0.7094,1.3261,2,6,FALSE,FALSE,TRUE
"GENE1831","GENE1831_HUMAN","P10999","Protein GENE1831",0.6607,1,0.529563,0,0.2761,3,6,FALSE,FALSE,FALSE
"DDRGK1","DDRGK1_HUMAN","P28109","Protein DDRGK1",0.4413,1,0.869429,0,0.0608,6,6,TRUE,FALSE,FALSE
"GENE1274","GENE1274_HUMAN","P62283","Protein GENE1274",0.3369,0.698233,0.448361,0,0.3484,5,6,FALSE,FALSE,FALSE
"GENE0413","GENE0413_HUMAN","P97549","Protein GENE0413",-0.2638,1,0.91075,0,0.0406,2,4,TRUE,FALSE,FALSE
"GENE0554","GENE0554_HUMAN","P16644","Protein GENE0554",-0.1644,1,0.435084,0,0.3614,6,5,FALSE,FALSE,FALSE
"GENE1726","GENE1726_HUMAN","P80159","Protein GENE1726",-0.2372,0.807873,0.669509,0,0.1742,2,5,FALSE,FALSE,FALSE
"GENE1492","GENE1492_HUMAN","P54468","Protein GENE1492",-0.0488,0.467529,0.282844,0,0.5485,2,5,FALSE,FALSE,FALSE
"GENE2018","GENE2018_HUMAN","P72860","Protein GENE2018",-0.0909,1,0.991462,0,0.0037,2,2,FALSE,FALSE,FALSE
"GENE0835","GENE0835_HUMAN","P15923","Protein GENE0835",0.0181,1,0.944423,0,0.0248,2,2,FALSE,FALSE,FALSE
"GENE1932","GENE1932_HUMAN","P04851","Protein GENE1932",-0.0823,1,0.59193,0.0161,0.2277,3,4,FALSE,FALSE,FALSE
"GENE2543","GENE2543_HUMAN","P93826","Protein GENE2543",0.5555,0.525392,0.114671,0.3849,0.9405,3,2,FALSE,TRUE,FALSE
"GENE0676","GENE0676_HUMAN","P77401","Protein GENE0676",0.0333,1,0.988155,0,0.0052,5,3,FALSE,FALSE,FALSE
"GENE0273","GENE0273_HUMAN","P22665","Protein GENE0273",-0.0572,1,0.470444,0.1595,0.3275,4,4,FALSE,FALSE,FALSE
"GENE1908","GENE1908_HUMAN","P94418","Protein GENE1908",0.1225,1,0.589191,0.0849,0.2297,3,6,FALSE,FALSE,FALSE
"GENE2009","GENE2009_HUMAN","P48490","Protein GENE2009",-0.3188,1,0.543065,0.2055,0.2651,2,2,FALSE,FALSE,FALSE
"GENE1220","GENE1220_HUMAN","P07564","Protein GENE1220",-0.3389,1,0.648767,0,0.1879,6,3,FALSE,FALSE,FALSE
"GENE2878","GENE2878_HUMAN","P89464","Protein GENE2878",0.2947,1,0.509403,0,0.2929,4,5,FALSE,FALSE,FALSE
"GENE0953","GENE0953_HUMAN","P64181","Protein GENE0953",-0.3794,1,0.409578,0.1038,0.3877,3,5,FALSE,TRUE,FALSE
"GENE2081","GENE2081_HUMAN","P73815","Protein GENE2081",0.1533,1,0.22789,0.1749,0.6423,6,3,FALSE,TRUE,FALSE
"DHX38","DHX38_HUMAN","P70061","Protein DHX38",-0.3221,1,0.956096,0,0.0195,6,4,FALSE,FALSE,FALSE
"GENE1311","GENE1311_HUMAN","P26450","Protein GENE1311",0.2344,0.282163,0.256458,0.0917,0.591,6,5,FALSE,FALSE,FALSE
"GENE2504","GENE2504_HUMAN","P01586","Protein GENE2504",1.0142,1,0.260354,0,0.5844,6,4,FALSE,FALSE,FALSE
"GENE0861","GENE0861_HUMAN","P13313","Protein GENE0861",0.9223,1,0.780887,0,0.1074,6,4,FALSE,FALSE,FALSE
"GENE2898","GENE2898_HUMAN","P24083","Protein GENE2898",-0.1843,1,0.879838,0,0.0556,5,3,FALSE,FALSE,FALSE
"GENE0076","GENE0076_HUMAN","P72945","Protein GENE0076",-0.024,0.446684,0.111587,0.5054,0.9524,2,5,FALSE,FALSE,FALSE
"GENE2578","GENE2578_HUMAN","P11310","Protein GENE2578",-0.3317,1,0.931934,0,0.0306,5,4,FALSE,FALSE,FALSE
"GENE1163","GENE1163_HUMAN","P40242","Protein GENE1163",-0.4739,1,0.610661,0.1081,0.2142,2,3,FALSE,FALSE,FALSE
"GENE2332","GENE2332_HUMAN","P51728","Protein GENE2332",-0.4208,1,0.903486,0,0.0441,2,4,FALSE,FALSE,FALSE
"GENE2524","GENE2524_HUMAN","P99989","Protein GENE2524",0.227,1,0.977623,0,0.0098,6,2,FALSE,FALSE,FALSE
"GENE2313","GENE2313_HUMAN","P46455","Protein GENE2313",0.2083,0.57482,0.425611,0,0.371,3,4,FALSE,FALSE,FALSE
"GENE2085","GENE2085_HUMAN","P50026","Protein GENE2085",0.2408,0.470446,0.354451,0,0.4504,5,4,FALSE,FALSE,FALSE
"GENE0961","GENE0961_HUMAN","P85999","Protein GENE0961",-0.0865,1,0.79618,0,0.099,6,2,FALSE,FALSE,FALSE
"GENE1277","GENE1277_HUMAN","P90032","Protein GENE1277",0.8941,1,0.527185,0,0.278,4,6,FALSE,FALSE,FALSE
"GENE0797","GENE0797_HUMAN","P11122","Protein GENE0797",0.4154,1,0.843533,0,0.0739,2,6,FALSE,TRUE,FALSE
"GENE1806","GENE1806_HUMAN","P47557","Protein GENE1806",-0.5678,0.768206,0.648492,0,0.1881,3,3,FALSE,TRUE,FALSE
"GENE2070","GENE2070_HUMAN","P09869","Protein GENE2070",-0.3304,0.834441,0.181478,0.6428,0.7412,2,5,FALSE,TRUE,FALSE
"GENE2153","GENE2153_HUMAN","P38162","Protein GENE2153",0.0781,0.666452,0.267523,0.2587,0.5726,4,4,FALSE,TRUE,FALSE
"GENE2620","GENE2620_HUMAN","P14969","Protein GENE2620",0.27,1,0.956842,0,0.0192,4,2,FALSE,FALSE,FALSE
"GENE1040","GENE1040_HUMAN","P82394","Protein GENE1040",-0.2043,0.211533,0.129507,0.6739,0.8877,6,2,FALSE,FALSE,FALSE
"GENE1406","GENE1406_HUMAN","P11028","Protein GENE1406",-2.2627,0.096228,0.046745,0.6555,1.3303,5,6,FALSE,FALSE,TRUE
"GENE0172","GENE0172_HUMAN","P56511","Protein GENE0172",-0.2312,1,0.693199,0,0.1591,2,4,FALSE,FALSE,FALSE
"GENE2151","GENE2151_HUMAN","P53859","Protein GENE2151",-0.0568,0.632632,0.265608,0,0.5758,5,4,FALSE,FALSE,FALSE
"GENE0779","GENE0779_HUMAN","P02594","Protein GENE0779",-0.2313,1,0.58645,0,0.2318,5,3,FALSE,FALSE,FALSE
"GENE2490","GENE2490_HUMAN","P63286","Protein GENE2490",0.4186,0.553681,0.443442,0,0.3532,3,3,FALSE,FALSE,FALSE
"GENE2561","GENE2561_HUMAN","P40417","Protein GENE2561",-0.3796,1,0.781862,0,0.1069,2,4,FALSE,FALSE,FALSE
"GENE2331","GENE2331_HUMAN","P50690","Protein GENE2331",-0.1437,1,0.721835,0,0.1416,5,3,FALSE,FALSE,FALSE
"GENE0626","GENE0626_HUMAN","P64836","Protein GENE0626",0.6679,1,0.680939,0,0.1669,5,2,FALSE,FALSE,FALSE
"GENE0857","GENE0857_HUMAN","P25471","Protein GENE0857",0.5311,1,0.924862,0,0.0339,6,4,FALSE,FALSE,FALSE
"GENE1354","GENE1354_HUMAN","P64253","Protein GENE1354",-4.1355,0.058597,0.027959,1.4545,1.5535,3,5,FALSE,FALSE,TRUE
"GENE2886","GENE2886_HUMAN","P14747","Protein GENE2886",0.1756,1,0.616397,0,0.2101,6,6,FALSE,FALSE,FALSE
"GENE1730","GENE1730_HUMAN","P59931","Protein GENE1730",0.3136,1,0.653658,0,0.1846,4,4,FALSE,FALSE,FALSE
"GENE1090","GENE1090_HUMAN","P48479","Protein GENE1090",0.1359,0.262329,0.082678,0.5211,1.0826,5,2,FALSE,FALSE,FALSE
"GENE0732","GENE0732_HUMAN","P14217","Protein GENE0732",0.1471,1,0.734526,0,0.134,4,4,FALSE,FALSE,FALSE
"GENE0842","GENE0842_HUMAN","P20721","Protein GENE0842",0.642,1,0.300634,0,0.522,5,4,FALSE,FALSE,FALSE
"GENE1481","GENE1481_HUMAN","P04760","Protein GENE1481",-0.4764,1,0.520112,0.1463,0.2839,3,5,FALSE,FALSE,FALSE
"GENE2181","GENE2181_HUMAN","P34349","Protein GENE2181",0.2183,1,0.675419,0,0.1704,6,6,FALSE,FALSE,FALSE
"GENE0646","GENE0646_HUMAN","P78432","Protein GENE0646",-0.4864,0.61164,0.192475,0.0451,0.7156,5,3,FALSE,FALSE,FALSE
"GENE0841","GENE0841_HUMAN","P68792","Protein GENE0841",-0.2421,1,0.493201,0,0.307,2,4,FALSE,FALSE,FALSE
"GENE1030","GENE1030_HUMAN","P81325","Protein GENE1030",-0.2264,1,0.921563,0,0.0355,5,4,FALSE,FALSE,FALSE
"GENE1919","GENE1919_HUMAN","P40759","Protein GENE1919",-0.0702,1,0.979062,0,0.0092,5,6,FALSE,FALSE,FALSE
"GENE1193","GENE1193_HUMAN","P06269","Protein GENE1193",0.0523,0.215488,0.067565,1.1057,1.1703,4,4,FALSE,FALSE,FALSE
"GENE0557","GENE0557_HUMAN","P01797","Protein GENE0557",0.9617,0.567448,0.172915,0.5957,0.7622,3,5,FALSE,FALSE,FALSE
"GENE2665","GENE2665_HUMAN","P60798","Protein GENE2665",-0.4897,0.743595,0.573228,0,0.2417,6,6,TRUE,FALSE,FALSE
"GENE0786","GENE0786_HUMAN","P63418","Protein GENE0786",-0.4223,0.25013,0.090813,0.4598,1.0419,2,6,FALSE,FALSE,FALSE
"GENE2686","GENE2686_HUMAN","P09221","Protein GENE2686",0.2597,0.446787,0.3292,0,0.4825,5,5,FALSE,FALSE,FALSE
"GENE2170","GENE2170_HUMAN","P73543","Protein GENE2170",1.6199,0.025482,0.0194,1.3081,1.7122,2,5,FALSE,FALSE,TRUE
"GENE2091","GENE2091_HUMAN","P23192","Protein GENE2091",0.6512,1,0.501139,0,0.3,6,2,FALSE,FALSE,FALSE
"GENE1498","GENE1498_HUMAN","P72348","Protein GENE1498",-0.3548,0.303892,0.080571,0.4077,1.0938,2,6,FALSE,FALSE,FALSE
"GENE0072","GENE0072_HUMAN","P21297","Protein GENE0072",-0.0501,0.55811,0.13512,0.1714,0.8693,6,2,FALSE,FALSE,FALSE
"GENE0892","GENE0892_HUMAN","P18899","Protein GENE0892",-0.6941,0.405167,0.098026,0.4634,1.0087,6,4,FALSE,FALSE,FALSE
"GENE1202","GENE1202_HUMAN","P61128","Protein GENE1202",0.1994,1,0.885968,0,0.0526,3,6,FALSE,FALSE,FALSE
"GENE1889","GENE1889_HUMAN","P22159","Protein GENE1889",-0.4611,1,0.93209,0,0.0305,4,4,FALSE,TRUE,FALSE
"GENE2532","GENE2532_HUMAN","P84213","Protein GENE2532",1.6556,0.056959,0.027075,1.551,1.5674,5,6,FALSE,FALSE,TRUE
"GENE2270","GENE2270_HUMAN","P07260","Protein GENE2270",-0.3387,1,0.759202,0,0.1196,5,6,FALSE,FALSE,FALSE
"GENE1754","GENE1754_HUMAN","P70804","Protein GENE1754",0.6891,0.859573,0.187438,0.5441,0.7271,2,4,FALSE,FALSE,FALSE
"GENE0255","GENE0255_HUMAN","P89061","Protein GENE0255",0.0712,1,0.528328,0,0.2771,4,4,FALSE,FALSE,FALSE
"GENE2276","GENE2276_HUMAN","P59098","Protein GENE2276",0.16,1,0.649181,0,0.1876,4,6,FALSE,FALSE,FALSE
"GENE2528","GENE2528_HUMAN","P41189","Protein GENE2528",0.0814,1,0.883139,0.0535,0.054,3,2,FALSE,FALSE,FALSE
"GENE2655","GENE2655_HUMAN","P94927","Protein GENE2655",0.8123,1,0.58631,0,0.2319,6,6,FALSE,FALSE,FALSE
"GENE1609","GENE1609_HUMAN","P72486","Protein GENE1609",0.2864,0.331693,0.283634,0.1825,0.5472,5,4,FALSE,FALSE,FALSE
"GENE1590","GENE1590_HUMAN","P66662","Protein GENE1590",0.1081,1,0.772606,0.0665,0.112,2,3,FALSE,FALSE,FALSE
"GENE2037","GENE2037_HUMAN","P09000","Protein GENE2037",-0.1269,0.982413,0.730715,0,0.1363,5,3,FALSE,FALSE,FALSE
"GENE0721","GENE0721_HUMAN","P18526","Protein GENE0721",-0.6193,0.977994,0.32552,0,0.4874,5,6,FALSE,FALSE,FALSE
"GENE2372","GENE2372_HUMAN","P65662","Protein GENE2372",-0.4591,0.216846,0.107428,0.3908,0.9689,2,4,FALSE,FALSE,FALSE
"GENE1381","GENE1381_HUMAN","P75049","Protein GENE1381",-0.6439,0.306745,0.235191,0.5555,0.6286,4,3,FALSE,FALSE,FALSE
"GENE1577","GENE1577_HUMAN","P06147","Protein GENE1577",0.738,1,0.402127,0,0.3956,3,4,FALSE,FALSE,FALSE
"GENE0610","GENE0610_HUMAN","P39563","Protein GENE0610",-0.6408,1,0.846381,0,0.0724,4,6,FALSE,FALSE,FALSE
"GENE0024","GENE0024_HUMAN","P21641","Protein GENE0024",-0.3235,0.671227,0.555591,0,0.2552,5,6,FALSE,FALSE,FALSE
"GENE0400","GENE0400_HUMAN","P09721","Protein GENE0400",1.0724,1,0.24893,0.5599,0.6039,6,6,FALSE,FALSE,FALSE
