"Gene","Entry.Name","UniProt.ID","Description","logFC","P.Val","adj.P.Val","log.P.Val","log.adj.P.Val","n_data_points_BK516_Ctrl","n_data_points_BK516_Cflag","imputed_BK516_Cflag","imputed_BK516_Ctrl","is_significant"
"GENE2629","GENE2629_HUMAN","P93917","Protein GENE2629",0.1485,1,0.629307,0,0.2011,4,3,TRUE,FALSE,FALSE
"GENE1214","GENE1214_HUMAN","P91420","Protein GENE1214",0.2178,1,0.8947,0,0.0483,2,2,FALSE,TRUE,FALSE
"GENE1208","GENE1208_HUMAN","P33101","Protein GENE1208",-0.4964,0.728937,0.152262,0.4707,0.8174,5,4,FALSE,FALSE,FALSE
"GENE2541","GENE2541_HUMAN","P33993","Protein GENE2541",-0.255,1,0.75675,0,0.121,3,6,FALSE,FALSE,FALSE
"GENE2134","GENE2134_HUMAN","P32276","Protein GENE2134",0.0933,0.721454,0.365045,0,0.4377,6,4,FALSE,FALSE,FALSE
"GENE2334","GENE2334_HUMAN","P76294","Protein GENE2334",-0.0353,0.757523,0.754676,0,0.1222,4,6,TRUE,FALSE,FALSE
"GENE0643","GENE0643_HUMAN","P70147","Protein GENE0643",0.2709,1,0.418973,0,0.3778,4,6,FALSE,TRUE,FALSE
"GENE0110","GENE0110_HUMAN","P87698","Protein GENE0110",-0.3445,0.832898,0.530092,0,0.2756,2,2,FALSE,FALSE,FALSE
"GENE2314","GENE2314_HUMAN","P42427","Protein GENE2314",0.1345,0.532111,0.161024,0.5766,0.7931,4,5,FALSE,FALSE,FALSE
"GENE1682","GENE1682_HUMAN","P64357","Protein GENE1682",-0.4648,1,0.87935,0,0.0558,4,3,FALSE,FALSE,FALSE
"GENE2835","GENE2835_HUMAN","P32056","Protein GENE2835",0.1544,1,0.519404,0,0.2845,3,2,FALSE,FALSE,FALSE
"GENE1288","GENE1288_HUMAN","P90759","Protein GENE1288",0.0552,0.305146,0.120584,0.8922,0.9187,5,6,FALSE,FALSE,FALSE
"GENE0928","GENE0928_HUMAN","P77344","Protein GENE0928",-0.2044,1,0.954615,0,0.0202,5,4,FALSE,FALSE,FALSE
"GENE1348","GENE1348_HUMAN","P22314","Protein GENE1348",-0.4189,1,0.551526,0,0.2584,3,6,FALSE,FALSE,FALSE
"GENE1958","GENE1958_HUMAN","P33650","Protein GENE1958",0.3493,1,0.929201,0,0.0319,5,5,FALSE,FALSE,FALSE
"GENE1282","GENE1282_HUMAN","P85946","Protein GENE1282",0.3676,1,0.722901,0,0.1409,6,5,FALSE,FALSE,FALSE
"GENE1983","GENE1983_HUMAN","P52161","Protein GENE1983",-0.2475,0.667656,0.414838,0,0.3821,5,6,TRUE,FALSE,FALSE
"GENE2370","GENE2370_HUMAN","P97484","Protein GENE2370",-0.899,0.995238,0.919751,0,0.0363,4,5,FALSE,FALSE,FALSE
"GENE1836","GENE1836_HUMAN","P94774","Protein GENE1836",0.3872,1,0.845542,0,0.0729,6,6,FALSE,FALSE,FALSE
"GENE1116","GENE1116_HUMAN","P40716","Protein GENE1116",-0.824,1,0.404117,0,0.3935,5,5,FALSE,FALSE,FALSE
"GENE0998","GENE0998_HUMAN","P46379","Protein GENE0998",1.7661,0.008226,0.00199,2.2812,2.7011,6,6,FALSE,FALSE,TRUE
"GENE1698","GENE1698_HUMAN","P91329","Protein GENE1698",-0.0693,1,0.871925,0,0.0595,2,2,FALSE,FALSE,FALSE
"GENE0280","GENE0280_HUMAN","P62424","Protein GENE0280",-0.0447,1,0.906467,0,0.0426,2,2,FALSE,FALSE,FALSE
"GENE0845","GENE0845_HUMAN","P33086","Protein GENE0845",-0.4171,0.332768,0.091712,0.5726,1.0376,2,6,FALSE,FALSE,FALSE
"GENE0990","GENE0990_HUMAN","P76370","Protein GENE0990",-0.0966,0.308601,0.217976,0.0898,0.6616,6,3,FALSE,TRUE,FALSE
"GENE0877","GENE0877_HUMAN","P42594","Protein GENE0877",0.0554,1,0.778522,0,0.1087,4,6,FALSE,FALSE,FALSE
"GENE0672","GENE0672_HUMAN","P93772","Protein GENE0672",-0.278,1,0.423727,0,0.3729,2,3,FALSE,FALSE,FALSE
"GENE1360","GENE1360_HUMAN","P10885","Protein GENE1360",3.8752,0.028837,0.008619,1.5482,2.0645,5,4,FALSE,FALSE,TRUE
"GENE1333","GENE1333_HUMAN","P31005","Protein GENE1333",-0.3563,1,0.399769,0.3841,0.3982,4,3,FALSE,FALSE,FALSE
"GENE2232","GENE2232_HUMAN","P20275","Protein GENE2232",0.1394,1,0.744669,0,0.128,4,6,FALSE,TRUE,FALSE
"GENE1552","GENE1552_HUMAN","P21754","Protein GENE1552",-0.0521,0.393379,0.118403,0.2916,0.9266,4,5,FALSE,FALSE,FALSE
"GENE1171","GENE1171_HUMAN","P25818","Protein GENE1171",1.9422,0.024102,0.014858,1.7209,1.828,5,2,FALSE,FALSE,TRUE
"GENE0306","GENE0306_HUMAN","P88373","Protein GENE0306",0.1632,1,0.232388,0,0.6338,2,4,FALSE,FALSE,FALSE
"GENE0684","GENE0684_HUMAN","P93266","Protein GENE0684",-0.6335,1,0.679148,0,0.168,6,4,FALSE,FALSE,FALSE
"GENE1601","GENE1601_HUMAN","P97112","Protein GENE1601",0.0538,0.325764,0.317052,0,0.4989,2,5,FALSE,FALSE,FALSE
"GENE0059","GENE0059_HUMAN","P60913","Protein GENE0059",0.2593,1,0.983122,0,0.0074,2,3,FALSE,FALSE,FALSE
"GENE2546","GENE2546_HUMAN","P14075","Protein GENE2546",-0.0802,1,0.76827,0,0.1145,2,4,FALSE,FALSE,FALSE
"GENE1433","GENE1433_HUMAN","P69588","Protein GENE1433",0.1176,0.362754,0.313763,0.1373,0.5034,5,4,FALSE,TRUE,FALSE
"GENE1516","GENE1516_HUMAN","P66951","Protein GENE1516",0.5541,0.592632,0.454679,0,0.3423,3,4,FALSE,FALSE,FALSE
"GENE1650","GENE1650_HUMAN","P55780","Protein GENE1650",0.3417,1,0.881119,0,0.055,4,5,FALSE,FALSE,FALSE
"GENE0794","GENE0794_HUMAN","P94065","Protein GENE0794",-0.0587,1,0.957771,0,0.0187,5,2,FALSE,FALSE,FALSE
"GENE1533","GENE1533_HUMAN","P74453","Protein GENE1533",0.1834,0.402939,0.36329,0,0.4397,2,5,FALSE,FALSE,FALSE
"GENE0023","GENE0023_HUMAN","P17876","Protein GENE0023",0.1333,1,0.730356,0.0634,0.1365,3,6,FALSE,FALSE,FALSE
"GENE2511","GENE2511_HUMAN","P09977","Protein GENE2511",-0.0395,1,0.963019,0,0.0164,4,3,FALSE,FALSE,FALSE
"GENE0434","GENE0434_HUMAN","P24227","Protein GENE0434",-3.0316,0.052525,0.017901,1.3485,1.7471,5,6,FALSE,FALSE,TRUE
"GENE2439","GENE2439_HUMAN","P19962","Protein GENE2439",0.3775,1,0.635545,0,0.1969,3,5,FALSE,FALSE,FALSE
"GENE0008","GENE0008_HUMAN","P03377","Protein GENE0008",-0.2372,0.243954,0.064765,0.9775,1.1887,5,2,TRUE,FALSE,FALSE
"GENE2294","GENE2294_HUMAN","P09640","Protein GENE2294",2.4455,0.155783,0.032603,1.2358,1.4867,3,2,FALSE,FALSE,TRUE
"GENE0940","GENE0940_HUMAN","P89536","Protein GENE0940",-0.1215,1,0.893495,0,0.0489,6,5,TRUE,FALSE,FALSE
"GENE1327","GENE1327_HUMAN","P22038","Protein GENE1327",0.1643,1,0.619671,0,0.2078,6,6,TRUE,FALSE,FALSE
"GENE0159","GENE0159_HUMAN","P59766","Protein GENE0159",-0.4181,0.210782,0.069056,0.7571,1.1608,2,6,FALSE,FALSE,FALSE
"GENE0089","GENE0089_HUMAN","P61381","Protein GENE0089",0.397,1,0.357407,0.2375,0.4468,6,2,FALSE,FALSE,FALSE
"GENE2720","GENE2720_HUMAN","P39603","Protein GENE2720",0.6391,1,0.221121,0.1433,0.6554,2,3,FALSE,FALSE,FALSE
"GENE1740","GENE1740_HUMAN","P30103","Protein GENE1740",-0.191,1,0.294415,0,0.531,5,2,FALSE,FALSE,FALSE
"GENE2167","GENE2167_HUMAN","P49350","Protein GENE2167",0.1672,1,0.773209,0,0.1117,6,6,FALSE,FALSE,FALSE
"GENE1168","GENE1168_HUMAN","P97507","Protein GENE1168",0.5682,1,0.602545,0,0.22,3,4,FALSE,FALSE,FALSE
"GENE0090","GENE0090_HUMAN","P84385","Protein GENE0090",-0.1396,0.830522,0.331267,0.1436,0.4798,4,4,FALSE,FALSE,FALSE
"GENE2458","GENE2458_HUMAN","P07801","Protein GENE2458",-0.3303,1,0.697423,0,0.1565,5,4,FALSE,FALSE,FALSE
"GENE1882","GENE1882_HUMAN","P95044","Protein GENE1882",-0.6663,1,0.929179,0,0.0319,5,5,FALSE,FALSE,FALSE
"GENE0155","GENE0155_HUMAN","P47601","Protein GENE0155",0.5774,1,0.907259,0,0.0423,2,4,FALSE,FALSE,FALSE
"GENE0443","GENE0443_HUMAN","P04350","Protein GENE0443",-4.0301,0.094518,0.030426,1.0093,1.5168,2,3,FALSE,FALSE,TRUE
"GENE0589","GENE0589_HUMAN","P42311","Protein GENE0589",0.0158,1,0.887819,0,0.0517,4,6,FALSE,FALSE,FALSE
"GENE2689","GENE2689_HUMAN","P07892","Protein GENE2689",-0.0092,1,0.527251,0.1602,0.278,5,6,FALSE,TRUE,FALSE
"GENE0705","GENE0705_HUMAN","P78327","Protein GENE0705",-0.2777,0.721407,0.194964,0.0809,0.71,3,6,FALSE,FALSE,FALSE
"GPATCH1","GPATCH1_HUMAN","P91006","Protein GPATCH1",0.0065,1,0.536697,0,0.2703,3,4,TRUE,FALSE,FALSE
"GENE2743","GENE2743_HUMAN","P53612","Protein GENE2743",-0.4812,0.808245,0.732367,0,0.1353,6,4,FALSE,FALSE,FALSE
"GENE2313","GENE2313_HUMAN","P23426","Protein GENE2313",-0.5392,0.549266,0.474796,0.0836,0.3235,3,5,TRUE,FALSE,FALSE
"GENE1787","GENE1787_HUMAN","P49279","Protein GENE1787",0.0661,1,0.602953,0,0.2197,5,5,FALSE,FALSE,FALSE
"GENE1873","GENE1873_HUMAN","P88293","Protein GENE1873",-3.9604,0.156521,0.037296,0.9374,1.4283,6,4,FALSE,FALSE,TRUE
"GENE0012","GENE0012_HUMAN","P94854","Protein GENE0012",0.4847,1,0.585343,0,0.2326,6,4,TRUE,FALSE,FALSE
"GENE0899","GENE0899_HUMAN","P99518","Protein GENE0899",-0.3619,0.496017,0.364601,0,0.4382,3,4,FALSE,FALSE,FALSE
"GENE0367","GENE0367_HUMAN","P84540","Protein GENE0367",-0.3435,0.496272,0.113641,0.6942,0.9445,5,2,FALSE,FALSE,FALSE
"GENE2215","GENE2215_HUMAN","P94221","Protein GENE2215",0.1502,1,0.792619,0,0.1009,3,2,FALSE,FALSE,FALSE
"GENE0315","GENE0315_HUMAN","P96298","Protein GENE0315",-0.1901,0.942007,0.495688,0,0.3048,3,3,FALSE,FALSE,FALSE
"GENE0072","GENE0072_HUMAN","P21572","Protein GENE0072",0.7013,0.628186,0.154262,0.2944,0.8117,4,2,FALSE,FALSE,FALSE
"GENE1568","GENE1568_HUMAN","P19510","Protein GENE1568",-0.4263,0.700847,0.310108,0,0.5085,3,2,FALSE,FALSE,FALSE
"GENE1505","GENE1505_HUMAN","P07056","Protein GENE1505",0.2922,1,0.593559,0,0.2265,6,5,FALSE,FALSE,FALSE
"GENE2454","GENE2454_HUMAN","P27558","Protein GENE2454",-0.4705,1,0.64209,0,0.1924,6,2,FALSE,FALSE,FALSE
"GENE1898","GENE1898_HUMAN","P80479","Protein GENE1898",-0.6587,1,0.601861,0,0.2205,6,6,FALSE,FALSE,FALSE
"GENE2820","GENE2820_HUMAN","P67623","Protein GENE2820",0.3354,0.461731,0.43043,0,0.3661,5,2,FALSE,FALSE,FALSE
"GENE2569","GENE2569_HUMAN","P12325","Protein GENE2569",0.4699,0.446118,0.097409,0.3437,1.0114,6,5,FALSE,FALSE,FALSE
"GENE1854","GENE1854_HUMAN","P73782","Protein GENE1854",-0.0266,1,0.832191,0,0.0798,4,5,FALSE,FALSE,FALSE
"GENE1680","GENE1680_HUMAN","P34221","Protein GENE1680",-0.2063,1,0.955499,0,0.0198,3,2,FALSE,TRUE,FALSE
"GENE0563","GENE0563_HUMAN","P01472","Protein GENE0563",-0.2131,1,0.556896,0,0.2542,3,6,FALSE,FALSE,FALSE
"GENE0156","GENE0156_HUMAN","P06688","Protein GENE0156",-0.2431,1,0.387312,0,0.4119,4,6,FALSE,FALSE,FALSE
"GENE0087","GENE0087_HUMAN","P56936","Protein GENE0087",3.2162,0.095667,0.025372,1.1724,1.5956,6,2,TRUE,FALSE,TRUE
"GENE2211","GENE2211_HUMAN","P60081","Protein GENE2211",0.065,1,0.836842,0,0.0774,6,5,FALSE,FALSE,FALSE
"GENE1043","GENE1043_HUMAN","P22943","Protein GENE1043",0.0728,0.892463,0.692538,0,0.1596,4,3,FALSE,FALSE,FALSE
"GENE2379","GENE2379_HUMAN","P26430","Protein GENE2379",0.1528,1,0.361033,0.237,0.4425,5,6,FALSE,FALSE,FALSE
"GENE0076","GENE0076_HUMAN","P34935","Protein GENE0076",0.9555,1,0.784015,0,0.1057,5,4,FALSE,FALSE,FALSE
"GENE2198","GENE2198_HUMAN","P42043","Protein GENE2198",-0.1136,0.415718,0.109589,0.3641,0.9602,3,2,TRUE,FALSE,FALSE
"GENE0398","GENE0398_HUMAN","P46149","Protein GENE0398",0.4484,1,0.785456,0,0.1049,6,6,FALSE,FALSE,FALSE
"GENE2021","GENE2021_HUMAN","P14593","Protein GENE2021",-0.1862,0.310208,0.072003,0.5568,1.1426,2,4,FALSE,FALSE,FALSE
"GENE2821","GENE2821_HUMAN","P41797","Protein GENE2821",0.5424,1,0.819224,0,0.0866,5,4,FALSE,FALSE,FALSE
"GENE2015","GENE2015_HUMAN","P05262","Protein GENE2015",0.1141,1,0.982722,0,0.0076,5,5,FALSE,FALSE,FALSE
"GENE0365","GENE0365_HUMAN","P11996","Protein GENE0365",-0.2931,1,0.905137,0,0.0433,3,5,FALSE,FALSE,FALSE
"GENE0141","GENE0141_HUMAN","P75968","Protein GENE0141",-0.1984,0.712855,0.590739,0,0.2286,4,3,FALSE,FALSE,FALSE
"GENE2665","GENE2665_HUMAN","P09406","Protein GENE2665",0.9341,0.544342,0.16397,0.6728,0.7852,6,6,FALSE,FALSE,FALSE
"GENE0433","GENE0433_HUMAN","P75612","Protein GENE0433",-1.7539,0.152558,0.045036,0.6696,1.3464,6,3,FALSE,FALSE,TRUE
"GENE2652","GENE2652_HUMAN","P34857","Protein GENE2652",-0.3476,1,0.825249,0,0.0834,5,3,FALSE,FALSE,FALSE
"GENE1794","GENE1794_HUMAN","P44449","Protein GENE1794",-0.1714,1,0.710336,0,0.1485,6,4,FALSE,FALSE,FALSE
"GENE1357","GENE1357_HUMAN","P48178","Protein GENE1357",-0.1498,1,0.92568,0,0.0335,3,2,FALSE,FALSE,FALSE
"GENE2703","GENE2703_HUMAN","P11295","Protein GENE2703",1.0879,0.901807,0.782881,0,0.1063,6,2,FALSE,FALSE,FALSE
"GENE0113","GENE0113_HUMAN","P07515","Protein GENE0113",-0.0689,1,0.845015,0,0.0731,2,4,FALSE,TRUE,FALSE
"GENE2695","GENE2695_HUMAN","P13015","Protein GENE2695",-0.4201,0.5934,0.142698,0.1706,0.8456,3,4,FALSE,FALSE,FALSE
"GENE0018","GENE0018_HUMAN","P70179","Protein GENE0018",-0.7034,0.256711,0.250941,0,0.6004,5,2,FALSE,TRUE,FALSE
"GENE0388","GENE0388_HUMAN","P85970","Protein GENE0388",0.3021,0.903614,0.194676,0.5866,0.7107,5,5,FALSE,FALSE,FALSE
"PPP6R1","PPP6R1_HUMAN","P05695","Protein PPP6R1",-0.4114,1,0.479281,0,0.3194,4,3,FALSE,FALSE,FALSE
"GENE1485","GENE1485_HUMAN","P19311","Protein GENE1485",0.3895,1,0.704044,0,0.1524,4,6,FALSE,FALSE,FALSE
"GENE1950","GENE1950_HUMAN","P04383","Protein GENE1950",0.4724,1,0.529647,0,0.276,6,3,FALSE,FALSE,FALSE
"GENE2887","GENE2887_HUMAN","P90776","Protein GENE2887",-0.6943,1,0.761844,0,0.1181,2,3,FALSE,FALSE,FALSE
"GENE2856","GENE2856_HUMAN","P39235","Protein GENE2856",-0.325,1,0.742324,0,0.1294,4,2,FALSE,FALSE,FALSE
"GENE0814","GENE0814_HUMAN","P31857","Protein GENE0814",-0.4223,1,0.288763,0.0588,0.5395,5,3,FALSE,FALSE,FALSE
"GENE2449","GENE2449_HUMAN","P35517","Protein GENE2449",0.217,0.272754,0.26359,0.4891,0.5791,3,4,FALSE,FALSE,FALSE
"GENE2357","GENE2357_HUMAN","P23167","Protein GENE2357",-0.1058,1,0.741748,0,0.1297,4,3,FALSE,FALSE,FALSE
"GENE0701","GENE0701_HUMAN","P43792","Protein GENE0701",0.185,1,0.625824,0.0311,0.2035,2,6,FALSE,FALSE,FALSE
"GENE2135","GENE2135_HUMAN","P14759","Protein GENE2135",-0.3596,1,0.560855,0,0.2511,4,4,FALSE,FALSE,FALSE
"GENE0335","GENE0335_HUMAN","P25887","Protein GENE0335",-0.5409,1,0.887983,0,0.0516,6,6,FALSE,FALSE,FALSE
"GENE0131","GENE0131_HUMAN","P88339","Protein GENE0131",-0.2318,1,0.915179,0,0.0385,5,6,FALSE,FALSE,FALSE
"GENE1607","GENE1607_HUMAN","P02530","Protein GENE1607",0.2459,0.689019,0.368164,0.283,0.434,3,4,TRUE,FALSE,FALSE
"GENE1595","GENE1595_HUMAN","P12551","Protein GENE1595",-0.6915,1,0.959861,0,0.0178,6,5,FALSE,TRUE,FALSE
"GENE2535","GENE2535_HUMAN","P74609","Protein GENE2535",-0.3624,1,0.348919,0,0.4573,3,4,FALSE,FALSE,FALSE
"GENE0031","GENE0031_HUMAN","P69740","Protein GENE0031",-0.1137,1,0.96509,0,0.0154,3,2,FALSE,FALSE,FALSE
"GENE1238","GENE1238_HUMAN","P66880","Protein GENE1238",0.2192,0.497627,0.387754,0,0.4114,4,2,FALSE,FALSE,FALSE
"GENE1017","GENE1017_HUMAN","P41820","Protein GENE1017",-0.217,0.961432,0.366203,0,0.4363,3,5,FALSE,FALSE,FALSE
"GENE0204","GENE0204_HUMAN","P91258","Protein GENE0204",-0.4574,1,0.430014,0,0.3665,6,6,FALSE,FALSE,FALSE
"GENE1125","GENE1125_HUMAN","P43998","Protein GENE1125",2.181,0.166108,0.046426,0.8263,1.3332,4,5,FALSE,FALSE,TRUE
"GENE1778","GENE1778_HUMAN","P47216","Protein GENE1778",-0.3225,0.2812,0.208736,0.1407,0.6804,3,5,FALSE,FALSE,FALSE
"GENE0883","GENE0883_HUMAN","P64332","Protein GENE0883",3.6271,0.088368,0.028835,0.8515,1.5401,5,2,FALSE,FALSE,TRUE
"GENE2393","GENE2393_HUMAN","P38519","Protein GENE2393",-0.561,0.777266,0.165346,0.1219,0.7816,2,5,FALSE,FALSE,FALSE
"GENE2099","GENE2099_HUMAN","P49642","Protein GENE2099",-0.2998,1,0.600736,0,0.2213,5,6,FALSE,FALSE,FALSE
"GENE1559","GENE1559_HUMAN","P27880","Protein GENE1559",0.8447,1,0.621716,0,0.2064,6,6,FALSE,TRUE,FALSE
"GENE2482","GENE2482_HUMAN","P90705","Protein GENE2482",-0.5405,1,0.440896,0,0.3557,3,3,FALSE,FALSE,FALSE
"WNK1","WNK1_HUMAN","P84745","Protein WNK1",1.4264,0.085397,0.020008,1.371,1.6988,3,2,FALSE,FALSE,TRUE
"GENE0251","GENE0251_HUMAN","P21296","Protein GENE0251",0.0226,1,0.644351,0,0.1909,4,5,FALSE,FALSE,FALSE
"GENE1383","GENE1383_HUMAN","P40707","Protein GENE1383",0.3894,1,0.71761,0,0.1441,3,5,FALSE,FALSE,FALSE
"GENE0041","GENE0041_HUMAN","P62378","Protein GENE0041",-0.4333,1,0.82313,0,0.0845,5,2,FALSE,FALSE,FALSE
"GENE0552","GENE0552_HUMAN","P34360","Protein GENE0552",3.9436,0.012906,0.008402,1.4621,2.0756,5,4,FALSE,FALSE,TRUE
"GENE1098","GENE1098_HUMAN","P13249","Protein GENE1098",-0.3368,1,0.570303,0,0.2439,5,4,FALSE,FALSE,FALSE
"GENE2882","GENE2882_HUMAN","P45177","Protein GENE2882",0.1881,0.830936,0.821288,0,0.0855,4,3,FALSE,FALSE,FALSE
"GENE1146","GENE1146_HUMAN","P01654","Protein GENE1146",0.2071,1,0.418549,0,0.3783,6,4,FALSE,FALSE,FALSE
"GENE0432","GENE0432_HUMAN","P42931","Protein GENE0432",-0.2125,0.363459,0.166176,0.5484,0.7794,5,5,FALSE,FALSE,FALSE
"GENE2475","GENE2475_HUMAN","P45005","Protein GENE2475",-0.1346,0.755527,0.474034,0.2446,0.3242,2,6,TRUE,FALSE,FALSE
"GENE0167","GENE0167_HUMAN","P10869","Protein GENE0167",2.9608,0.033154,0.010109,1.7155,1.9953,4,6,FALSE,FALSE,TRUE
"GENE1647","GENE1647_HUMAN","P44385","Protein GENE1647",1.1207,0.044168,0.010604,1.5512,1.9745,2,3,FALSE,FALSE,TRUE
"GENE0206","GENE0206_HUMAN","P49910","Protein GENE0206",0.3404,0.341517,0.147236,0.3064,0.832,3,6,FALSE,TRUE,FALSE
"GENE2088","GENE2088_HUMAN","P80418","Protein GENE2088",0.3377,1,0.708402,0,0.1497,5,5,FALSE,FALSE,FALSE
"GENE2109","GENE2109_HUMAN","P74253","Protein GENE2109",0.0825,0.520707,0.368314,0,0.4338,2,6,FALSE,FALSE,FALSE
"GENE2269","GENE2269_HUMAN","P95430","Protein GENE2269",-0.1659,1,0.65661,0,0.1827,4,5,FALSE,FALSE,FALSE
"GENE1457","GENE1457_HUMAN","P37577","Protein GENE1457",-0.4777,1,0.344113,0.4245,0.4633,6,2,FALSE,FALSE,FALSE
"GENE1685","GENE1685_HUMAN","P43880","Protein GENE1685",0.0245,1,0.485405,0,0.3139,4,3,TRUE,FALSE,FALSE
"GENE1341","GENE1341_HUMAN","P90156","Protein GENE1341",0.0329,0.981652,0.407777,0,0.3896,5,2,FALSE,FALSE,FALSE
"GENE0499","GENE0499_HUMAN","P44154","Protein GENE0499",0.2723,0.18071,0.170045,0.6329,0.7694,5,6,FALSE,FALSE,FALSE
"GENE2238","GENE2238_HUMAN","P14550","Protein GENE2238",-0.4261,0.859139,0.173173,0.3006,0.7615,5,6,FALSE,FALSE,FALSE
"GENE2816","GENE2816_HUMAN","P22124","Protein GENE2816",0.269,0.739335,0.360268,0,0.4434,3,4,FALSE,FALSE,FALSE
"GENE2257","GENE2257_HUMAN","P73303","Protein GENE2257",-0.0312,1,0.443076,0.2321,0.3535,5,5,FALSE,FALSE,FALSE
"GENE0890","GENE0890_HUMAN","P60049","Protein GENE0890",0.2563,1,0.364206,0,0.4387,5,5,FALSE,FALSE,FALSE
"GENE1331","GENE1331_HUMAN","P22033","Protein GENE1331",0.4477,1,0.746957,0,0.1267,5,2,FALSE,FALSE,FALSE
"GENE2631","GENE2631_HUMAN","P58267","Protein GENE2631",0.5924,0.011029,0.00365,2.3254,2.4377,5,5,FALSE,FALSE,TRUE
"GENE1358","GENE1358_HUMAN","P27725","Protein GENE1358",0.8659,1,0.829592,0,0.0811,4,5,FALSE,FALSE,FALSE
"GENE1443","GENE1443_HUMAN","P82532","Protein GENE1443",-0.0081,1,0.851961,0,0.0696,4,3,FALSE,FALSE,FALSE
"GENE0189","GENE0189_HUMAN","P85001","Protein GENE0189",0.5333,1,0.609315,0.1539,0.2152,4,2,FALSE,FALSE,FALSE
"GENE0685","GENE0685_HUMAN","P27443","Protein GENE0685",-0.3743,0.358016,0.288939,0.5196,0.5392,5,3,FALSE,FALSE,FALSE
"GENE1029","GENE1029_HUMAN","P40649","Protein GENE1029",-0.2595,0.225324,0.130739,0.3937,0.8836,5,6,FALSE,FALSE,FALSE
"GENE2898","GENE2898_HUMAN","P29954","Protein GENE2898",-0.3496,1,0.365187,0.398,0.4375,5,5,FALSE,FALSE,FALSE
"GENE1371","GENE1371_HUMAN","P89501","Protein GENE1371",-0.3114,1,0.278637,0,0.555,5,2,FALSE,FALSE,FALSE
"GENE0498","GENE0498_HUMAN","P56003","Protein GENE0498",0.0741,1,0.95445,0,0.0202,6,6,FALSE,FALSE,FALSE
"GENE2141","GENE2141_HUMAN","P48724","Protein GENE2141",0.8468,1,0.62695,0,0.2028,5,5,FALSE,TRUE,FALSE
"GENE2561","GENE2561_HUMAN","P15026","Protein GENE2561",0.6476,0.221898,0.176334,0.0757,0.7537,5,6,FALSE,FALSE,FALSE
"GENE2661","GENE2661_HUMAN","P06866","Protein GENE2661",-0.2533,0.293148,0.130399,0.4137,0.8847,6,5,FALSE,FALSE,FALSE
"GENE1711","GENE1711_HUMAN","P19006","Protein GENE1711",0.2173,0.985805,0.570001,0,0.2441,3,2,FALSE,FALSE,FALSE
"GENE2863","GENE2863_HUMAN","P81903","Protein GENE2863",0.0699,1,0.812107,0,0.0904,4,3,FALSE,FALSE,FALSE
"GENE0515","GENE0515_HUMAN","P84591","Protein GENE0515",0.1906,1,0.682915,0,0.1656,2,4,FALSE,FALSE,FALSE
"GENE1096","GENE1096_HUMAN","P56617","Protein GENE1096",0.0764,1,0.867386,0,0.0618,3,6,FALSE,FALSE,FALSE
"GENE0430","GENE0430_HUMAN","P43133","Protein GENE0430",-0.3538,0.722431,0.390768,0,0.4081,4,4,FALSE,FALSE,FALSE
"GENE0230","GENE0230_HUMAN","P40793","Protein GENE0230",0.0642,1,0.950425,0,0.0221,6,2,FALSE,FALSE,FALSE
"GENE1393","GENE1393_HUMAN","P90192","Protein GENE1393",0.4862,1,0.998334,0,7e-04,6,3,FALSE,FALSE,FALSE
"GENE0295","GENE0295_HUMAN","P17242","Protein GENE0295",0.2789,0.919067,0.248023,0.0705,0.6055,4,3,TRUE,FALSE,FALSE
"GENE1749","GENE1749_HUMAN","P65359","Protein GENE1749",-0.1681,1,0.330991,0.1155,0.4802,5,4,FALSE,FALSE,FALSE
"GENE0481","GENE0481_HUMAN","P13941","Protein GENE0481",0.3909,1,0.702898,0,0.1531,5,3,FALSE,FALSE,FALSE
"GENE0403","GENE0403_HUMAN","P58074","Protein GENE0403",-0.2068,1,0.593965,0,0.2262,6,6,FALSE,FALSE,FALSE
"GENE1590","GENE1590_HUMAN","P81983","Protein GENE1590",0.3888,0.897189,0.259366,0.0249,0.5861,5,2,FALSE,FALSE,FALSE
"GENE1428","GENE1428_HUMAN","P71459","Protein GENE1428",-0.2227,0.935711,0.329734,0.1497,0.4818,5,3,FALSE,FALSE,FALSE
"GENE2132","GENE2132_HUMAN","P77991","Protein GENE2132",-0.0569,0.364929,0.247523,0.3808,0.6064,5,6,TRUE,FALSE,FALSE
"GENE1321","GENE1321_HUMAN","P29239","Protein GENE1321",0.483,1,0.38484,0.0087,0.4147,6,5,FALSE,FALSE,FALSE
"GENE1905","GENE1905_HUMAN","P65428","Protein GENE1905",0.4242,1,0.856898,0,0.0671,4,5,FALSE,FALSE,FALSE
"GENE1940","GENE1940_HUMAN","P16573","Protein GENE1940",-0.556,0.665879,0.376045,0,0.4248,6,4,TRUE,FALSE,FALSE
"GENE1497","GENE1497_HUMAN","P04557","Protein GENE1497",-0.41,1,0.514585,0,0.2885,4,2,FALSE,FALSE,FALSE
"GENE0319","GENE0319_HUMAN","P88086","Protein GENE0319",0.1916,1,0.928278,0,0.0323,4,4,FALSE,FALSE,FALSE
"GENE2769","GENE2769_HUMAN","P71421","Protein GENE2769",-0.2357,1,0.74838,0,0.1259,3,4,FALSE,FALSE,FALSE
"GENE2805","GENE2805_HUMAN","P29703","Protein GENE2805",-0.3731,1,0.923144,0,0.0347,2,2,TRUE,FALSE,FALSE
"GENE2277","GENE2277_HUMAN","P35283","Protein GENE2277",0.4972,1,0.394064,0.1428,0.4044,5,3,FALSE,FALSE,FALSE
"GENE0145","GENE0145_HUMAN","P15692","Protein GENE0145",-0.1904,1,0.961798,0,0.0169,4,5,FALSE,FALSE,FALSE
"GENE2105","GENE2105_HUMAN","P13784","Protein GENE2105",-0.0071,1,0.908333,0,0.0418,5,4,FALSE,FALSE,FALSE
"GENE0635","GENE0635_HUMAN","P28708","Protein GENE0635",-0.9747,0.109904,0.025394,1.1866,1.5953,2,2,FALSE,FALSE,TRUE
"GENE1256","GENE1256_HUMAN","P28262","Protein GENE1256",2.0895,0.035026,0.023152,0.9598,1.6354,5,6,FALSE,FALSE,TRUE
"GENE1770","GENE1770_HUMAN","P98543","Protein GENE1770",-0.2648,0.323297,0.121461,0.266,0.9156,3,4,FALSE,FALSE,FALSE
"GENE1251","GENE1251_HUMAN","P30029","Protein GENE1251",-0.2867,1,0.882767,0,0.0542,5,5,FALSE,FALSE,FALSE
"GENE1056","GENE1056_HUMAN","P24108","Protein GENE1056",0.2988,1,0.496245,0,0.3043,3,3,FALSE,FALSE,FALSE
"GENE0461","GENE0461_HUMAN","P25453","Protein GENE0461",-0.2788,1,0.525027,0.0698,0.2798,2,2,FALSE,FALSE,FALSE
"GENE1683","GENE1683_HUMAN","P44280","Protein GENE1683",-0.2306,0.822128,0.676999,0,0.1694,3,2,FALSE,FALSE,FALSE
"GENE1621","GENE1621_HUMAN","P75180","Protein GENE1621",0.4839,1,0.511965,0,0.2908,4,2,FALSE,FALSE,FALSE
"GENE0185","GENE0185_HUMAN","P41312","Protein GENE0185",-0.6605,1,0.265577,0.4933,0.5758,2,3,FALSE,FALSE,FALSE
"GENE0690","GENE0690_HUMAN","P13336","Protein GENE0690",3.4601,0.18859,0.037893,1.1412,1.4214,5,3,FALSE,FALSE,TRUE
"GENE2852","GENE2852_HUMAN","P94729","Protein GENE2852",0.3352,0.512889,0.120636,0.5365,0.9185,5,4,FALSE,FALSE,FALSE
"GENE0961","GENE0961_HUMAN","P82012","Protein GENE0961",0.2527,1,0.522857,0,0.2816,3,3,FALSE,FALSE,FALSE
"GENE2832","GENE2832_HUMAN","P79499","Protein GENE2832",-0.1954,1,0.591521,0,0.228,3,5,FALSE,FALSE,FALSE
"GENE2384","GENE2384_HUMAN","P09980","Protein GENE2384",-0.6672,0.754661,0.598259,0,0.2231,6,4,FALSE,FALSE,FALSE
"GENE1906","GENE1906_HUMAN","P56644","Protein GENE1906",0.1624,0.447573,0.148904,0.5352,0.8271,6,4,FALSE,FALSE,FALSE
"GENE2133","GENE2133_HUMAN","P55716","Protein GENE2133",0.1,1,0.60575,0,0.2177,3,3,FALSE,FALSE,FALSE
"GENE2753","GENE2753_HUMAN","P09836","Protein GENE2753",-0.3713,0.994072,0.983477,0,0.0072,6,2,FALSE,FALSE,FALSE
"GENE1565","GENE1565_HUMAN","P07077","Protein GENE1565",1.2464,0.105342,0.023561,1.0445,1.6278,6,2,FALSE,FALSE,TRUE
"GENE1555","GENE1555_HUMAN","P05518","Protein GENE1555",0.3316,0.442188,0.109322,0.9293,0.9613,2,4,FALSE,FALSE,FALSE
"GENE1541","GENE1541_HUMAN","P43042","Protein GENE1541",0.5476,1,0.822235,0,0.085,2,4,FALSE,FALSE,FALSE
"GENE1329","GENE1329_HUMAN","P79756","Protein GENE1329",0.0549,1,0.673554,0,0.1716,5,2,FALSE,FALSE,FALSE
"GENE1059","GENE1059_HUMAN","P97804","Protein GENE1059",0.3715,1,0.544067,0,0.2643,3,3,FALSE,FALSE,FALSE
"GENE0265","GENE0265_HUMAN","P93356","Protein GENE0265",0.6931,0.24449,0.129326,0.3931,0.8883,2,6,FALSE,FALSE,FALSE
"GENE2014","GENE2014_HUMAN","P41304","Protein GENE2014",0.3063,1,0.844524,0.0219,0.0734,4,6,FALSE,FALSE,FALSE
"GENE2654","GENE2654_HUMAN","P13197","Protein GENE2654",-0.0771,0.440192,0.106281,0.5183,0.9735,2,4,TRUE,FALSE,FALSE
"GENE2572","GENE2572_HUMAN","P51099","Protein GENE2572",0.0879,0.914287,0.183874,0.0624,0.7355,3,6,FALSE,FALSE,FALSE
"GENE0094","GENE0094_HUMAN","P80330","Protein GENE0094",-2.5459,0.015647,0.008947,1.4168,2.0483,3,4,FALSE,FALSE,TRUE
"GENE2414","GENE2414_HUMAN","P06720","Protein GENE2414",0.1808,1,0.6798,0.0774,0.1676,4,5,FALSE,FALSE,FALSE
"GENE2676","GENE2676_HUMAN","P31142","Protein GENE2676",-0.4618,0.700819,0.578674,0.0183,0.2376,6,2,FALSE,FALSE,FALSE
"GENE2877","GENE2877_HUMAN","P06841","Protein GENE2877",-0.2533,0.693677,0.323552,0,0.4901,3,6,FALSE,FALSE,FALSE
"GENE1980","GENE1980_HUMAN","P96171","Protein GENE1980",-0.0034,1,0.692615,0,0.1595,6,4,FALSE,FALSE,FALSE
"GENE0409","GENE0409_HUMAN","P34550","Protein GENE0409",-0.7857,1,0.369896,0.152,0.4319,2,5,FALSE,FALSE,FALSE
"GENE0856","GENE0856_HUMAN","P22822","Protein GENE0856",0.212,1,0.744396,0,0.1282,4,2,FALSE,FALSE,FALSE
"GENE1042","GENE1042_HUMAN","P65008","Protein GENE1042",0.3111,0.703868,0.27442,0.0998,0.5616,2,3,FALSE,FALSE,FALSE
"GENE0610","GENE0610_HUMAN","P12799","Protein GENE0610",-0.3697,1,0.369932,0,0.4319,4,2,FALSE,FALSE,FALSE
"GENE1670","GENE1670_HUMAN","P09968","Protein GENE1670",0.3542,0.760323,0.26687,0.155,0.5737,3,6,FALSE,FALSE,FALSE
"GENE0963","GENE0963_HUMAN","P18954","Protein GENE0963",-0.1037,1,0.633492,0,0.1983,2,5,FALSE,FALSE,FALSE
"GENE2315","GENE2315_HUMAN","P70229","Protein GENE2315",-0.2245,1,0.48963,0,0.3101,5,2,FALSE,FALSE,FALSE
"GENE0463","GENE0463_HUMAN","P72200","Protein GENE0463",-0.7444,1,0.838503,0,0.0765,4,5,FALSE,FALSE,FALSE
"GENE2433","GENE2433_HUMAN","P34287","Protein GENE2433",-0.1332,1,0.757728,0,0.1205,6,5,FALSE,FALSE,FALSE
"GENE0692","GENE0692_HUMAN","P28913","Protein GENE0692",0.5617,1,0.846538,0,0.0724,3,3,FALSE,FALSE,FALSE
"GENE0686","GENE0686_HUMAN","P50131","Protein GENE0686",-0.2332,1,0.603296,0.1919,0.2195,3,4,FALSE,FALSE,FALSE
"GENE0510","GENE0510_HUMAN","P52654","Protein GENE0510",0.5076,1,0.845786,0,0.0727,3,4,TRUE,FALSE,FALSE
"GENE2409","GENE2409_HUMAN","P45136","Protein GENE2409",0.2999,1,0.842803,0,0.0743,4,2,FALSE,FALSE,FALSE
"GENE0905","GENE0905_HUMAN","P73464","Protein GENE0905",-0.0455,0.941267,0.334812,0,0.4752,5,6,FALSE,TRUE,FALSE
"GENE0571","GENE0571_HUMAN","P96935","Protein GENE0571",-0.4819,1,0.944561,0,0.0248,5,4,TRUE,FALSE,FALSE
"GENE2322","GENE2322_HUMAN","P37696","Protein GENE2322",0.5528,1,0.244752,0,0.6113,3,4,FALSE,FALSE,FALSE
"GENE0588","GENE0588_HUMAN","P21745","Protein GENE0588",0.0141,0.363828,0.162605,0.13,0.7889,6,2,FALSE,FALSE,FALSE
"GENE0787","GENE0787_HUMAN","P61378","Protein GENE0787",0,1,0.89984,0,0.0458,6,3,FALSE,FALSE,FALSE
"GENE1289","GENE1289_HUMAN","P42972","Protein GENE1289",0.3524,0.577113,0.152775,0.2711,0.8159,2,5,FALSE,FALSE,FALSE
"GENE0697","GENE0697_HUMAN","P59245","Protein GENE0697",0.3025,1,0.636135,0,0.1965,3,2,FALSE,FALSE,FALSE
"GENE1952","GENE1952_HUMAN","P35285","Protein GENE1952",0.2398,0.288833,0.151705,0.3964,0.819,6,3,FALSE,FALSE,FALSE
"GENE2531","GENE2531_HUMAN","P44222","Protein GENE2531",-0.1325,1,0.871282,0.0447,0.0598,5,4,FALSE,FALSE,FALSE
"GENE2775","GENE2775_HUMAN","P29244","Protein GENE2775",-0.1938,1,0.878433,0,0.0563,4,3,FALSE,TRUE,FALSE
"GENE2798","GENE2798_HUMAN","P96791","Protein GENE2798",0.4758,0.864418,0.692478,0,0.1596,4,6,FALSE,FALSE,FALSE
"GENE2701","GENE2701_HUMAN","P96340","Protein GENE2701",0.2993,1,0.65084,0,0.1865,2,4,TRUE,FALSE,FALSE
"GENE2894","GENE2894_HUMAN","P12986","Protein GENE2894",-0.1726,1,0.470145,0.0168,0.3278,2,4,FALSE,FALSE,FALSE
"GENE1129","GENE1129_HUMAN","P79972","Protein GENE1129",0.4962,1,0.950927,0,0.0219,4,5,FALSE,TRUE,FALSE
"GENE1438","GENE1438_HUMAN","P56721","Protein GENE1438",-0.5083,1,0.843101,0,0.0741,3,2,FALSE,FALSE,FALSE
"GENE0653","GENE0653_HUMAN","P31322","Protein GENE0653",-0.0126,0.521158,0.422821,0,0.3738,4,4,FALSE,FALSE,FALSE
"GENE0099","GENE0099_HUMAN","P03682","Protein GENE0099",0.3821,0.416729,0.359777,0,0.444,2,6,FALSE,FALSE,FALSE
"GENE2425","GENE2425_HUMAN","P01443","Protein GENE2425",-0.2793,1,0.6403,0,0.1936,3,2,FALSE,FALSE,FALSE
"GENE0097","GENE0097_HUMAN","P85763","Protein GENE0097",0.0033,0.580658,0.157808,0.4218,0.8019,4,5,FALSE,FALSE,FALSE
"GENE1916","GENE1916_HUMAN","P38559","Protein GENE1916",-0.2328,1,0.766828,0,0.1153,4,2,FALSE,FALSE,FALSE
"GENE2292","GENE2292_HUMAN","P28207","Protein GENE2292",3.2935,0.060778,0.02389,0.9268,1.6218,3,3,FALSE,TRUE,TRUE
"GENE0871","GENE0871_HUMAN","P47721","Protein GENE0871",-0.2814,0.453193,0.285422,0.0492,0.5445,2,3,FALSE,FALSE,FALSE
"GENE0120","GENE0120_HUMAN","P45195","Protein GENE0120",0.1326,1,0.581791,0,0.2352,4,6,FALSE,FALSE,FALSE
"GENE0634","GENE0634_HUMAN","P77507","Protein GENE0634",0.9626,1,0.337855,0.1345,0.4713,2,6,FALSE,FALSE,FALSE
"GENE1156","GENE1156_HUMAN","P76867","Protein GENE1156",-0.3371,1,0.807287,0,0.093,4,3,FALSE,FALSE,FALSE
"GENE1136","GENE1136_HUMAN","P26626","Protein GENE1136",-0.5145,0.61998,0.219805,0.0427,0.658,5,6,TRUE,FALSE,FALSE
"GENE0168","GENE0168_HUMAN","P97771","Protein GENE0168",-0.8028,0.401882,0.1489,0.6379,0.8271,4,6,FALSE,FALSE,FALSE
"GENE1181","GENE1181_HUMAN","P11017","Protein GENE1181",-0.2155,1,0.926185,0,0.0333,3,6,FALSE,FALSE,FALSE
"GENE0246","GENE0246_HUMAN","P56506","Protein GENE0246",-0.3647,0.662403,0.313114,0.0138,0.5043,5,5,TRUE,FALSE,FALSE
"GENE0512","GENE0512_HUMAN","P47049","Protein GENE0512",0.3041,0.550466,0.116983,0.2795,0.9319,5,3,FALSE,FALSE,FALSE
"SUGP1","SUGP1_HUMAN","P41505","Protein SUGP1",0.0878,1,0.894567,0,0.0484,3,3,FALSE,FALSE,FALSE
"GENE1748","GENE1748_HUMAN","P57713","Protein GENE1748",0.2512,0.873959,0.594065,0,0.2262,2,3,FALSE,FALSE,FALSE
"FMR1","FMR1_HUMAN","P10680","Protein FMR1",2.1402,0.102128,0.0218,1.0766,1.6615,4,2,TRUE,FALSE,TRUE
"GENE1290","GENE1290_HUMAN","P32729","Protein GENE1290",1.1627,0.031905,0.010398,1.3022,1.983,2,2,FALSE,FALSE,TRUE
"GENE0745","GENE0745_HUMAN","P53109","Protein GENE0745",-0.2454,1,0.979471,0,0.009,3,3,FALSE,FALSE,FALSE
"GENE1760","GENE1760_HUMAN","P23311","Protein GENE1760",-0.0569,1,0.596221,0.2055,0.2246,6,3,FALSE,FALSE,FALSE
"GENE2291","GENE2291_HUMAN","P96177","Protein GENE2291",0.2432,1,0.882797,0,0.0541,6,5,FALSE,FALSE,FALSE
"GENE0010","GENE0010_HUMAN","P34423","Protein GENE0010",1.7363,0.12238,0.048533,0.7543,1.314,6,3,FALSE,FALSE,TRUE
"GENE1960","GENE1960_HUMAN","P99987","Protein GENE1960",-0.2298,0.242684,0.062237,0.7959,1.2059,5,2,FALSE,FALSE,FALSE
"GENE1180","GENE1180_HUMAN","P95347","Protein GENE1180",-3.1523,0.123864,0.031104,0.8378,1.5072,6,5,FALSE,FALSE,TRUE
"GENE2704","GENE2704_HUMAN","P99773","Protein GENE2704",0.4877,1,0.839478,0.071,0.076,4,3,FALSE,FALSE,FALSE
"GENE1506","GENE1506_HUMAN","P15350","Protein GENE1506",0.887,1,0.445792,0.3101,0.3509,6,3,FALSE,FALSE,FALSE
"GENE0428","GENE0428_HUMAN","P94990","Protein GENE0428",-0.0637,0.594066,0.130687,0.293,0.8838,6,2,FALSE,TRUE,FALSE
"GENE2788","GENE2788_HUMAN","P94716","Protein GENE2788",-0.427,1,0.805197,0,0.0941,5,3,FALSE,FALSE,FALSE
"GENE1651","GENE1651_HUMAN","P05383","Protein GENE1651",-0.2034,1,0.502313,0,0.299,3,2,FALSE,FALSE,FALSE
"GENE2872","GENE2872_HUMAN","P30689","Protein GENE2872",0.311,1,0.462,0,0.3354,4,5,TRUE,FALSE,FALSE
"GENE2684","GENE2684_HUMAN","P23837","Protein GENE2684",-0.159,1,0.369692,0,0.4322,6,4,FALSE,FALSE,FALSE
"GENE0327","GENE0327_HUMAN","P69412","Protein GENE0327",0.4095,0.55671,0.134223,0.4836,0.8722,4,2,FALSE,TRUE,FALSE
"GENE2525","GENE2525_HUMAN","P62207","Protein GENE2525",-0.5589,0.437238,0.349012,0,0.4572,3,4,FALSE,TRUE,FALSE
"GENE0239","GENE0239_HUMAN","P74180","Protein GENE0239",0.2655,0.771143,0.410867,0,0.3863,6,4,FALSE,FALSE,FALSE
"GENE1524","GENE1524_HUMAN","P31512","Protein GENE1524",-0.5662,1,0.513006,0,0.2899,3,4,TRUE,FALSE,FALSE
"GENE2830","GENE2830_HUMAN","P72784","Protein GENE2830",-0.2255,1,0.36558,0.2142,0.437,4,3,FALSE,FALSE,FALSE
"GENE1745","GENE1745_HUMAN","P76037","Protein GENE1745",-0.4248,1,0.551925,0,0.2581,2,6,FALSE,FALSE,FALSE
"GENE2184","GENE2184_HUMAN","P88506","Protein GENE2184",-0.2714,1,0.768752,0,0.1142,3,5,FALSE,FALSE,FALSE
"GENE2649","GENE2649_HUMAN","P02945","Protein GENE2649",0.6514,1,0.804841,0,0.0943,2,5,TRUE,FALSE,FALSE
"GENE2721","GENE2721_HUMAN","P47178","Protein GENE2721",-0.1558,0.681322,0.314853,0.1517,0.5019,5,4,FALSE,FALSE,FALSE
"GENE1275","GENE1275_HUMAN","P62211","Protein GENE1275",-1.0551,0.045074,0.009562,1.3737,2.0194,5,3,FALSE,FALSE,TRUE
"GENE0522","GENE0522_HUMAN","P39797","Protein GENE0522",0.2841,0.119435,0.075619,1.0697,1.1214,5,5,FALSE,FALSE,FALSE
"GENE1767","GENE1767_HUMAN","P67418","Protein GENE1767",0.2416,1,0.574017,0,0.2411,3,3,FALSE,FALSE,FALSE
"GENE2327","GENE2327_HUMAN","P20271","Protein GENE2327",0.2488,1,0.9271,0,0.0329,5,6,FALSE,FALSE,FALSE
"GENE1319","GENE1319_HUMAN","P81501","Protein GENE1319",-0.1402,0.858314,0.773035,0,0.1118,2,3,FALSE,FALSE,FALSE
"GENE0750","GENE0750_HUMAN","P71876","Protein GENE0750",0.5247,0.13527,0.089851,0.4925,1.0465,3,5,FALSE,FALSE,FALSE
"GENE0786","GENE0786_HUMAN","P16925","Protein GENE0786",0.7735,0.347178,0.208233,0.3793,0.6815,3,2,TRUE,FALSE,FALSE
"GENE1531","GENE1531_HUMAN","P07470","Protein GENE1531",0.5581,1,0.557661,0,0.2536,3,3,FALSE,FALSE,FALSE
"GENE0385","GENE0385_HUMAN","P01879","Protein GENE0385",-2e-04,1,0.847372,0,0.0719,4,6,FALSE,FALSE,FALSE
"GENE0084","GENE0084_HUMAN","P07906","Protein GENE0084",0.2228,1,0.220132,0.222,0.6573,6,6,FALSE,TRUE,FALSE
"GENE1937","GENE1937_HUMAN","P81817","Protein GENE1937",-0.0415,0.909626,0.83631,0,0.0776,4,6,FALSE,FALSE,FALSE
"GENE1215","GENE1215_HUMAN","P00164","Protein GENE1215",-0.0454,1,0.599062,0,0.2225,4,5,FALSE,FALSE,FALSE
"GENE0455","GENE0455_HUMAN","P33981","Protein GENE0455",0.0051,1,0.867368,0,0.0618,5,4,FALSE,FALSE,FALSE
"GENE0954","GENE0954_HUMAN","P41084","Protein GENE0954",-0.1883,1,0.939313,0,0.0272,2,4,FALSE,FALSE,FALSE
"GENE1472","GENE1472_HUMAN","P76911","Protein GENE1472",-0.0509,0.435467,0.111972,0.8915,0.9509,2,4,FALSE,FALSE,FALSE
"GENE1466","GENE1466_HUMAN","P57972","Protein GENE1466",-0.4241,1,0.608003,0,0.2161,3,5,FALSE,FALSE,FALSE
"GENE2255","GENE2255_HUMAN","P12891","Protein GENE2255",-0.0295,0.257343,0.08857,0.6989,1.0527,6,2,TRUE,FALSE,FALSE
"GENE2323","GENE2323_HUMAN","P60917","Protein GENE2323",0.0101,0.28872,0.088485,0.3659,1.0531,4,4,FALSE,FALSE,FALSE
"GENE2127","GENE2127_HUMAN","P39299","Protein GENE2127",-0.5532,1,0.862396,0,0.0643,6,5,FALSE,FALSE,FALSE
"GENE2223","GENE2223_HUMAN","P55816","Protein GENE2223",-0.1186,1,0.765927,0,0.1158,6,4,FALSE,FALSE,FALSE
"GENE2752","GENE2752_HUMAN","P31447","Protein GENE2752",-1.9964,0.046219,0.019395,1.2904,1.7123,5,2,FALSE,FALSE,TRUE
"GENE1911","GENE1911_HUMAN","P75224","Protein GENE1911",0.2761,1,0.763495,0,0.1172,4,5,FALSE,FALSE,FALSE
"GENE2879","GENE2879_HUMAN","P18210","Protein GENE2879",0.1118,0.289984,0.062707,0.8159,1.2027,2,6,TRUE,FALSE,FALSE
"GENE1571","GENE1571_HUMAN","P78751","Protein GENE1571",-0.0703,1,0.668877,0.077,0.1747,4,6,FALSE,FALSE,FALSE
"GENE0716","GENE0716_HUMAN","P06633","Protein GENE0716",-0.3557,0.592957,0.396299,0,0.402,2,6,FALSE,FALSE,FALSE
"GENE2837","GENE2837_HUMAN","P55738","Protein GENE2837",-3.3648,0.048671,0.011835,1.287,1.9268,6,6,FALSE,FALSE,TRUE
"GENE1795","GENE1795_HUMAN","P97945","Protein GENE1795",0.1251,1,0.890887,0,0.0502,3,2,TRUE,FALSE,FALSE
"GENE1349","GENE1349_HUMAN","P69817","Protein GENE1349",0.0938,0.894165,0.724165,0,0.1402,5,6,FALSE,FALSE,FALSE
"GENE0103","GENE0103_HUMAN","P38773","Protein GENE0103",0.0435,0.991388,0.264833,0,0.577,3,4,TRUE,FALSE,FALSE
"GENE2382","GENE2382_HUMAN","P85543","Protein GENE2382",0.7404,0.167968,0.097027,0.3698,1.0131,6,6,FALSE,FALSE,FALSE
"GENE0593","GENE0593_HUMAN","P88815","Protein GENE0593",-0.1807,0.404555,0.103114,0.5271,0.9867,3,3,FALSE,FALSE,FALSE
"GENE2138","GENE2138_HUMAN","P43250","Protein GENE2138",-0.108,1,0.730754,0,0.1362,4,3,FALSE,TRUE,FALSE
"GENE1099","GENE1099_HUMAN","P75230","Protein GENE1099",0.0599,0.407943,0.164787,0.3587,0.7831,6,6,FALSE,FALSE,FALSE
"GENE2757","GENE2757_HUMAN","P92668","Protein GENE2757",0.3826,1,0.696335,0,0.1572,6,6,TRUE,FALSE,FALSE
"GENE2220","GENE2220_HUMAN","P95190","Protein GENE2220",-0.1863,0.971473,0.479404,0,0.3193,6,3,FALSE,FALSE,FALSE
"GENE2791","GENE2791_HUMAN","P71597","Protein GENE2791",-0.1724,0.34045,0.199367,0.5709,0.7003,3,5,FALSE,FALSE,FALSE
"GENE1679","GENE1679_HUMAN","P28731","Protein GENE1679",-0.1806,0.883259,0.277818,0,0.5562,4,3,FALSE,FALSE,FALSE
"GENE2283","GENE2283_HUMAN","P59455","Protein GENE2283",0.5563,1,0.706418,0,0.1509,2,5,FALSE,FALSE,FALSE
"GENE1927","GENE1927_HUMAN","P81425","Protein GENE1927",-0.5616,1,0.690466,0,0.1609,5,5,TRUE,FALSE,FALSE
"GENE2350","GENE2350_HUMAN","P86657","Protein GENE2350",-0.0268,1,0.806576,0,0.0934,6,2,FALSE,FALSE,FALSE
"GENE0297","GENE0297_HUMAN","P89914","Protein GENE0297",-0.4389,0.477922,0.155022,0.6294,0.8096,3,6,TRUE,FALSE,FALSE
"GENE2679","GENE2679_HUMAN","P96450","Protein GENE2679",-0.4824,1,0.407538,0,0.3898,6,6,FALSE,FALSE,FALSE
"DHX38","DHX38_HUMAN","P18953","Protein DHX38",-0.1908,1,0.945258,0,0.0244,5,2,FALSE,FALSE,FALSE
"GENE1832","GENE1832_HUMAN","P74327","Protein GENE1832",0.032,0.719654,0.404043,0,0.3936,3,6,FALSE,FALSE,FALSE
"GENE0219","GENE0219_HUMAN","P79500","Protein GENE0219",-0.1424,0.859306,0.732876,0,0.135,4,4,FALSE,FALSE,FALSE
"GENE2128","GENE2128_HUMAN","P60409","Protein GENE2128",-0.3205,0.297147,0.189598,0.4577,0.7222,4,2,FALSE,FALSE,FALSE
"GENE1228","GENE1228_HUMAN","P98952","Protein GENE1228",-0.1926,0.582079,0.18149,0.5842,0.7411,4,3,FALSE,FALSE,FALSE
"GENE2874","GENE2874_HUMAN","P31909","Protein GENE2874",-0.6054,0.368689,0.353116,0.2082,0.4521,3,3,FALSE,FALSE,FALSE
"GENE1476","GENE1476_HUMAN","P96409","Protein GENE1476",0.1225,1,0.558434,0,0.253,5,5,FALSE,FALSE,FALSE
"GENE2892","GENE2892_HUMAN","P72710","Protein GENE2892",-0.0085,0.380918,0.080191,0.5765,1.0959,6,4,FALSE,FALSE,FALSE
"GENE0203","GENE0203_HUMAN","P47240","Protein GENE0203",-0.3169,1,0.740209,0,0.1306,2,4,FALSE,TRUE,FALSE
"GENE1700","GENE1700_HUMAN","P25354","Protein GENE1700",0.4174,0.488085,0.375413,0,0.4255,3,4,FALSE,FALSE,FALSE
"GENE0391","GENE0391_HUMAN","P23236","Protein GENE0391",-0.2321,1,0.215049,0.1747,0.6675,2,2,FALSE,FALSE,FALSE
"GENE0160","GENE0160_HUMAN","P39428","Protein GENE0160",-0.3956,1,0.262199,0.1666,0.5814,5,3,FALSE,FALSE,FALSE
"GENE0473","GENE0473_HUMAN","P77508","Protein GENE0473",0.0473,1,0.376086,0.0289,0.4247,5,6,FALSE,FALSE,FALSE
"GENE1138","GENE1138_HUMAN","P13547","Protein GENE1138",0.6341,1,0.661445,0,0.1795,4,3,FALSE,FALSE,FALSE
"GENE1600","GENE1600_HUMAN","P94916","Protein GENE1600",0.3267,1,0.927249,0,0.0328,3,4,FALSE,FALSE,FALSE
"GENE0546","GENE0546_HUMAN","P44302","Protein GENE0546",0.1513,0.862014,0.761532,0,0.1183,2,2,FALSE,FALSE,FALSE
"GENE2061","GENE2061_HUMAN","P84308","Protein GENE2061",0.4354,0.274564,0.062048,1.0917,1.2073,3,6,FALSE,FALSE,FALSE
"ASCC2","ASCC2_HUMAN","P76056","Protein ASCC2",3.0053,0.040403,0.008279,1.4878,2.082,5,5,FALSE,FALSE,TRUE
"GENE1619","GENE1619_HUMAN","P01993","Protein GENE1619",-0.2224,1,0.892834,0,0.0492,4,5,FALSE,FALSE,FALSE
"GENE0804","GENE0804_HUMAN","P73483","Protein GENE0804",0.26,1,0.506255,0,0.2956,5,6,TRUE,FALSE,FALSE
"GENE0545","GENE0545_HUMAN","P94554","Protein GENE0545",0.0234,1,0.760228,0,0.1191,2,5,FALSE,FALSE,FALSE
"GENE0860","GENE0860_HUMAN","P06531","Protein GENE0860",-0.3352,0.446773,0.230695,0.3063,0.637,5,6,FALSE,FALSE,FALSE
"GENE1414","GENE1414_HUMAN","P97653","Protein GENE1414",0.5889,0.733801,0.681005,0,0.1668,5,6,FALSE,FALSE,FALSE
"CMTR1","CMTR1_HUMAN","P98520","Protein CMTR1",-0.0794,1,0.83408,0,0.0788,2,5,FALSE,FALSE,FALSE
"GENE1815","GENE1815_HUMAN","P48628","Protein GENE1815",0.1419,1,0.761419,0,0.1184,3,3,TRUE,FALSE,FALSE
"GENE1361","GENE1361_HUMAN","P92089","Protein GENE1361",0.3085,1,0.517621,0,0.286,3,3,FALSE,TRUE,FALSE
"GENE1301","GENE1301_HUMAN","P15475","Protein GENE1301",0.2182,1,0.351769,0,0.4537,5,4,FALSE,FALSE,FALSE
"GENE2842","GENE2842_HUMAN","P16110","Protein GENE2842",-0.5508,0.616203,0.181368,0.2209,0.7414,6,5,FALSE,FALSE,FALSE
"GENE1735","GENE1735_HUMAN","P98115","Protein GENE1735",-0.0812,1,0.287935,0.3307,0.5407,5,5,FALSE,FALSE,FALSE
"LARP4","LARP4_HUMAN","P41509","Protein LARP4",0.1788,0.300348,0.297346,0,0.5267,6,5,FALSE,FALSE,FALSE
"GENE1876","GENE1876_HUMAN","P98218","Protein GENE1876",-0.0228,1,0.869343,0,0.0608,3,2,FALSE,FALSE,FALSE
"GENE0626","GENE0626_HUMAN","P38558","Protein GENE0626",-0.0454,1,0.623481,0,0.2052,2,5,FALSE,FALSE,FALSE
"GENE1532","GENE1532_HUMAN","P48983","Protein GENE1532",-1.9251,0.044531,0.027105,1.0696,1.5669,6,6,TRUE,FALSE,TRUE
"GENE1861","GENE1861_HUMAN","P69838","Protein GENE1861",0.5394,1,0.860932,0,0.065,4,6,FALSE,TRUE,FALSE
"GENE0470","GENE0470_HUMAN","P60958","Protein GENE0470",-0.0131,1,0.981309,0,0.0082,5,5,TRUE,TRUE,FALSE
"GENE1921","GENE1921_HUMAN","P93134","Protein GENE1921",-1.1753,0.631314,0.31034,0,0.5082,4,3,FALSE,FALSE,FALSE
"GENE0741","GENE0741_HUMAN","P06389","Protein GENE0741",0.0997,0.395713,0.288216,0,0.5403,5,4,FALSE,FALSE,FALSE
"GENE2183","GENE2183_HUMAN","P87556","Protein GENE2183",-0.1634,0.731063,0.726327,0,0.1389,4,2,FALSE,FALSE,FALSE
"GENE0868","GENE0868_HUMAN","P45723","Protein GENE0868",-0.3617,0.64899,0.354267,0,0.4507,3,2,FALSE,TRUE,FALSE
"GENE0994","GENE0994_HUMAN","P83684","Protein GENE0994",-0.4421,1,0.946397,0,0.0239,5,3,FALSE,FALSE,FALSE
"GENE1736","GENE1736_HUMAN","P29725","Protein GENE1736",0.7567,1,0.960749,0,0.0174,3,6,FALSE,FALSE,FALSE
"GENE2107","GENE2107_HUMAN","P81470","Protein GENE2107",0.2582,1,0.790749,0,0.102,2,2,FALSE,FALSE,FALSE
"GENE1529","GENE1529_HUMAN","P67791","Protein GENE1529",4.3967,0.122739,0.035539,0.849,1.4493,6,3,FALSE,FALSE,TRUE
"GENE1834","GENE1834_HUMAN","P66556","Protein GENE1834",0.2455,1,0.67287,0.0342,0.1721,5,6,FALSE,FALSE,FALSE
"GENE2746","GENE2746_HUMAN","P28935","Protein GENE2746",0.1941,1,0.394244,0,0.4042,3,3,FALSE,FALSE,FALSE
"GENE2506","GENE2506_HUMAN","P78362","Protein GENE2506",0.2345,0.157289,0.063432,0.5043,1.1977,5,5,FALSE,FALSE,FALSE
"GENE2001","GENE2001_HUMAN","P08760","Protein GENE2001",0.2319,1,0.816312,0,0.0881,5,5,FALSE,FALSE,FALSE
"GENE2824","GENE2824_HUMAN","P95393","Protein GENE2824",-0.3793,1,0.302374,0,0.5195,3,2,FALSE,FALSE,FALSE
"GENE2811","GENE2811_HUMAN","P99107","Protein GENE2811",-1.631,0.022939,0.006537,1.5868,2.1846,5,5,FALSE,FALSE,TRUE
"GENE2148","GENE2148_HUMAN","P61798","Protein GENE2148",-0.0043,1,0.757012,0,0.1209,3,6,FALSE,FALSE,FALSE
"GENE0234","GENE0234_HUMAN","P34204","Protein GENE0234",3.1763,0.059029,0.013917,1.221,1.8565,2,6,FALSE,FALSE,TRUE
"GENE2712","GENE2712_HUMAN","P19637","Protein GENE2712",-0.1531,0.499296,0.419925,0,0.3768,5,5,FALSE,FALSE,FALSE
"GENE2321","GENE2321_HUMAN","P61072","Protein GENE2321",-0.6839,1,0.424047,0.0588,0.3726,2,5,FALSE,FALSE,FALSE
"GENE2667","GENE2667_HUMAN","P61834","Protein GENE2667",2.9466,0.146019,0.041002,0.9533,1.3872,2,2,FALSE,FALSE,TRUE
"GENE1368","GENE1368_HUMAN","P25956","Protein GENE1368",-0.3654,0.765633,0.345999,0.3705,0.4609,2,5,FALSE,TRUE,FALSE
"GENE2606","GENE2606_HUMAN","P56770","Protein GENE2606",0.6216,0.707394,0.177347,0.2998,0.7512,4,5,FALSE,FALSE,FALSE
"GENE1340","GENE1340_HUMAN","P75281","Protein GENE1340",0.6656,0.005518,0.001175,2.2727,2.93,4,3,FALSE,FALSE,TRUE
"GENE2729","GENE2729_HUMAN","P10704","Protein GENE2729",-0.7855,0.526773,0.12285,0.4757,0.9106,5,3,FALSE,FALSE,FALSE
"GENE1305","GENE1305_HUMAN","P59652","Protein GENE1305",-0.1763,1,0.64999,0,0.1871,5,5,FALSE,FALSE,FALSE
"GENE0711","GENE0711_HUMAN","P64543","Protein GENE0711",0.2612,1,0.433116,0,0.3634,6,6,FALSE,FALSE,FALSE
"GENE2885","GENE2885_HUMAN","P90513","Protein GENE2885",-1.6488,0.018631,0.014211,1.4081,1.8474,2,5,FALSE,FALSE,TRUE
"GENE1452","GENE1452_HUMAN","P87196","Protein GENE1452",-0.3271,1,0.588482,0.0453,0.2303,6,4,FALSE,FALSE,FALSE
"GENE1786","GENE1786_HUMAN","P14501","Protein GENE1786",-0.1061,1,0.536405,0,0.2705,6,5,FALSE,FALSE,FALSE
"GENE1522","GENE1522_HUMAN","P99878","Protein GENE1522",-0.3066,1,0.896661,0,0.0474,4,6,FALSE,FALSE,FALSE
"GENE0773","GENE0773_HUMAN","P72844","Protein GENE0773",-0.1592,1,0.886382,0,0.0524,4,2,TRUE,TRUE,FALSE
"GENE0392","GENE0392_HUMAN","P35687","Protein GENE0392",0.5749,1,0.847656,0,0.0718,2,6,FALSE,FALSE,FALSE
"GENE2024","GENE2024_HUMAN","P43605","Protein GENE2024",0.0922,1,0.410966,0,0.3862,5,2,FALSE,FALSE,FALSE
"GENE1039","GENE1039_HUMAN","P52395","Protein GENE1039",0.1244,0.930437,0.346632,0,0.4601,6,2,FALSE,FALSE,FALSE
"GENE2016","GENE2016_HUMAN","P79744","Protein GENE2016",0.1617,1,0.40771,0.1306,0.3896,4,3,FALSE,FALSE,FALSE
"GENE2726","GENE2726_HUMAN","P91936","Protein GENE2726",0.3475,0.614018,0.341964,0,0.466,5,5,FALSE,FALSE,FALSE
"GENE0482","GENE0482_HUMAN","P02541","Protein GENE0482",0.0841,1,0.951881,0,0.0214,5,6,FALSE,FALSE,FALSE
"GENE0710","GENE0710_HUMAN","P12096","Protein GENE0710",-1.3734,1,0.832017,0,0.0799,6,5,FALSE,TRUE,FALSE
"GENE1867","GENE1867_HUMAN","P15015","Protein GENE1867",-0.2607,1,0.64821,0,0.1883,4,3,FALSE,FALSE,FALSE
"GENE2230","GENE2230_HUMAN","P54626","Protein GENE2230",0.5984,0.660937,0.385512,0.1201,0.414,6,4,FALSE,FALSE,FALSE
"GENE0312","GENE0312_HUMAN","P10968","Protein GENE0312",1.1682,1,0.92987,0,0.0316,6,5,FALSE,FALSE,FALSE
"GENE0532","GENE0532_HUMAN","P62000","Protein GENE0532",0.5923,1,0.592581,0,0.2273,3,2,FALSE,FALSE,FALSE
"GENE0222","GENE0222_HUMAN","P35169","Protein GENE0222",0.3356,0.485887,0.173355,0.307,0.7611,6,3,FALSE,FALSE,FALSE
"GENE0837","GENE0837_HUMAN","P73712","Protein GENE0837",0.2895,0.841975,0.219115,0.378,0.6593,2,6,FALSE,FALSE,FALSE
"GENE1971","GENE1971_HUMAN","P74359","Protein GENE1971",-0.2361,1,0.765641,0.044,0.116,3,5,FALSE,FALSE,FALSE
"GENE2620","GENE2620_HUMAN","P36716","Protein GENE2620",0.1178,0.588869,0.302333,0.0694,0.5195,6,5,FALSE,FALSE,FALSE
"GENE0217","GENE0217_HUMAN","P82537","Protein GENE0217",0.1814,0.712943,0.387216,0.1364,0.412,6,5,TRUE,FALSE,FALSE
"GENE2326","GENE2326_HUMAN","P52604","Protein GENE2326",-0.0212,0.283261,0.087304,0.9384,1.059,2,4,FALSE,FALSE,FALSE
"GENE1864","GENE1864_HUMAN","P45070","Protein GENE1864",0.5449,1,0.714002,0,0.1463,5,3,FALSE,FALSE,FALSE
"GENE1803","GENE1803_HUMAN","P34779","Protein GENE1803",0.3654,0.406285,0.100773,0.5258,0.9967,6,3,FALSE,FALSE,FALSE
"GENE2608","GENE2608_HUMAN","P69352","Protein GENE2608",0.3215,1,0.860872,0,0.0651,4,5,FALSE,FALSE,FALSE
"GENE1483","GENE1483_HUMAN","P35904","Protein GENE1483",0.2337,0.588162,0.519818,0,0.2841,6,2,FALSE,TRUE,FALSE
"GENE1078","GENE1078_HUMAN","P68633","Protein GENE1078",-0.1555,0.27224,0.18632,0.7168,0.7297,4,2,FALSE,FALSE,FALSE
"GENE1603","GENE1603_HUMAN","P82736","Protein GENE1603",-0.2564,1,0.746626,0,0.1269,5,3,FALSE,TRUE,FALSE
"GENE1315","GENE1315_HUMAN","P86391","Protein GENE1315",0.2942,1,0.280965,0.3641,0.5513,5,6,FALSE,FALSE,FALSE
"GENE1131","GENE1131_HUMAN","P57893","Protein GENE1131",-0.2684,0.503708,0.101457,0.4729,0.9937,2,3,FALSE,FALSE,FALSE
"DDX46","DDX46_HUMAN","P81111","Protein DDX46",-0.4523,0.975012,0.284001,0,0.5467,2,6,FALSE,FALSE,FALSE
"GENE0174","GENE0174_HUMAN","P93701","Protein GENE0174",-1.289,1,0.51498,0,0.2882,6,5,FALSE,FALSE,FALSE
"GENE2632","GENE2632_HUMAN","P91445","Protein GENE2632",0.1187,1,0.622797,0,0.2057,3,6,FALSE,FALSE,FALSE
"GENE0252","GENE0252_HUMAN","P88758","Protein GENE0252",0.0368,1,0.840117,0,0.0757,6,4,FALSE,FALSE,FALSE
"GENE1888","GENE1888_HUMAN","P72767","Protein GENE1888",-2.7966,0.102485,0.022831,1.1164,1.6415,3,2,FALSE,FALSE,TRUE
"GENE0475","GENE0475_HUMAN","P64100","Protein GENE0475",0.1909,1,0.600265,0,0.2217,6,6,FALSE,FALSE,FALSE
"GENE2405","GENE2405_HUMAN","P50876","Protein GENE2405",0.563,0.475942,0.447129,0.0616,0.3496,2,3,FALSE,FALSE,FALSE
"GENE1071","GENE1071_HUMAN","P68625","Protein GENE1071",0.1896,0.190551,0.068788,0.9434,1.1625,3,5,FALSE,FALSE,FALSE
"GENE1490","GENE1490_HUMAN","P37779","Protein GENE1490",4.2272,0.012331,0.00581,1.8742,2.2358,2,6,FALSE,FALSE,TRUE
"GENE0584","GENE0584_HUMAN","P32726","Protein GENE0584",-0.0315,1,0.972832,0,0.012,5,3,FALSE,FALSE,FALSE
"GENE2330","GENE2330_HUMAN","P64658","Protein GENE2330",0.5804,1,0.272335,0,0.5649,3,2,FALSE,FALSE,FALSE
"GENE1587","GENE1587_HUMAN","P74088","Protein GENE1587",0.6073,1,0.728179,0,0.1378,6,2,FALSE,FALSE,FALSE
"GENE0447","GENE0447_HUMAN","P32544","Protein GENE0447",0.0652,0.498886,0.159791,0.2252,0.7964,3,6,FALSE,FALSE,FALSE
"GENE1618","GENE1618_HUMAN","P65566","Protein GENE1618",0.3424,1,0.74742,0,0.1264,4,4,FALSE,FALSE,FALSE
"GENE0511","GENE0511_HUMAN","P84419","Protein GENE0511",0.6161,1,0.504061,0,0.2975,4,6,FALSE,FALSE,FALSE
"GENE0121","GENE0121_HUMAN","P11303","Protein GENE0121",-0.021,0.327917,0.129167,0.3057,0.8888,2,6,TRUE,FALSE,FALSE
"GENE0345","GENE0345_HUMAN","P27265","Protein GENE0345",-0.0274,0.698553,0.577735,0,0.2383,5,5,FALSE,FALSE,FALSE
"GENE1775","GENE1775_HUMAN","P94595","Protein GENE1775",0.4915,0.51352,0.35624,0.1396,0.4483,6,5,FALSE,FALSE,FALSE
"GENE0135","GENE0135_HUMAN","P47659","Protein GENE0135",0.1442,0.40516,0.307734,0.0327,0.5118,6,2,FALSE,FALSE,FALSE
"GENE0458","GENE0458_HUMAN","P40864","Protein GENE0458",0.3173,0.518568,0.159735,0.2721,0.7966,6,6,FALSE,FALSE,FALSE
"GENE0995","GENE0995_HUMAN","P47525","Protein GENE0995",0.4467,1,0.331196,0.0621,0.4799,3,6,FALSE,FALSE,FALSE
"GENE1829","GENE1829_HUMAN","P47127","Protein GENE1829",0.6606,1,0.442057,0.083,0.3545,6,6,FALSE,FALSE,FALSE
"GENE1463","GENE1463_HUMAN","P18207","Protein GENE1463",0.1602,1,0.846343,0,0.0725,5,3,FALSE,FALSE,FALSE
"GENE0220","GENE0220_HUMAN","P91492","Protein GENE0220",-2.359,0.058335,0.011735,1.2469,1.9305,5,2,FALSE,FALSE,TRUE
"GENE0098","GENE0098_HUMAN","P06090","Protein GENE0098",-0.0095,1,0.556024,0.1724,0.2549,4,6,FALSE,TRUE,FALSE
"GENE1362","GENE1362_HUMAN","P70045","Protein GENE1362",-0.1133,1,0.808654,0,0.0922,2,3,FALSE,FALSE,FALSE
"GENE0348","GENE0348_HUMAN","P99796","Protein GENE0348",-0.3593,1,0.542301,0,0.2658,5,5,FALSE,FALSE,FALSE
"GENE2304","GENE2304_HUMAN","P46832","Protein GENE2304",0.5992,1,0.632886,0,0.1987,6,4,FALSE,FALSE,FALSE
"GENE1804","GENE1804_HUMAN","P12072","Protein GENE1804",-0.2383,1,0.657011,0,0.1824,6,4,FALSE,FALSE,FALSE
"GENE0019","GENE0019_HUMAN","P18458","Protein GENE0019",0.0331,0.410333,0.084383,0.7031,1.0737,5,4,FALSE,FALSE,FALSE
"GENE1064","GENE1064_HUMAN","P50126","Protein GENE1064",-0.0623,1,0.742217,0,0.1295,2,2,FALSE,FALSE,FALSE
"GENE0371","GENE0371_HUMAN","P97023","Protein GENE0371",-0.1455,0.402193,0.093603,0.897,1.0287,5,6,FALSE,FALSE,FALSE
"GENE2122","GENE2122_HUMAN","P01105","Protein GENE2122",-0.4135,1,0.557041,0,0.2541,4,4,FALSE,FALSE,FALSE
"GENE2118","GENE2118_HUMAN","P45645","Protein GENE2118",-0.4172,1,0.876224,0,0.0574,6,6,FALSE,FALSE,FALSE
"GENE0465","GENE0465_HUMAN","P74312","Protein GENE0465",0.1687,1,0.872321,0,0.0593,4,5,TRUE,FALSE,FALSE
"GENE2007","GENE2007_HUMAN","P40941","Protein GENE2007",0.3689,1,0.981579,0,0.0081,3,4,FALSE,FALSE,FALSE
"GENE0561","GENE0561_HUMAN","P96711","Protein GENE0561",0.1145,1,0.394205,0,0.4043,2,4,FALSE,TRUE,FALSE
"GENE0676","GENE0676_HUMAN","P73149","Protein GENE0676",0.0588,1,0.945951,0,0.0241,5,4,FALSE,FALSE,FALSE
"GENE1034","GENE1034_HUMAN","P59026","Protein GENE1034",2.4274,0.061751,0.013095,1.211,1.8829,6,2,FALSE,FALSE,TRUE
"GENE1187","GENE1187_HUMAN","P72532","Protein GENE1187",-1.4894,0.062596,0.013233,1.2479,1.8784,4,5,FALSE,FALSE,TRUE
"GENE1199","GENE1199_HUMAN","P23224","Protein GENE1199",-0.5804,1,0.959565,0,0.0179,5,6,FALSE,FALSE,FALSE
"GENE1630","GENE1630_HUMAN","P55076","Protein GENE1630",0.084,1,0.937926,0,0.0278,6,2,FALSE,FALSE,FALSE
"GENE2344","GENE2344_HUMAN","P15910","Protein GENE2344",-0.0976,1,0.448578,0,0.3482,2,5,FALSE,FALSE,FALSE
"GENE1355","GENE1355_HUMAN","P73720","Protein GENE1355",-0.4779,1,0.47741,0.2478,0.3211,2,2,FALSE,FALSE,FALSE
"GENE0243","GENE0243_HUMAN","P14561","Protein GENE0243",-0.5365,1,0.929091,0,0.0319,6,3,FALSE,FALSE,FALSE
"GENE2143","GENE2143_HUMAN","P29198","Protein GENE2143",-0.0949,1,0.615498,0,0.2108,2,2,FALSE,FALSE,FALSE
"GENE2880","GENE2880_HUMAN","P58691","Protein GENE2880",-0.4622,1,0.469943,0,0.328,4,5,FALSE,FALSE,FALSE
"GENE1636","GENE1636_HUMAN","P52832","Protein GENE1636",-1.1807,0.619459,0.45382,0.0242,0.3431,4,5,FALSE,TRUE,FALSE
"GENE2519","GENE2519_HUMAN","P04340","Protein GENE2519",0.3503,1,0.534107,0,0.2724,2,4,FALSE,FALSE,FALSE
"GENE2271","GENE2271_HUMAN","P02119","Protein GENE2271",0.2477,0.492848,0.376026,0,0.4248,3,2,FALSE,FALSE,FALSE
"GENE1889","GENE1889_HUMAN","P67110","Protein GENE1889",0.3268,1,0.925486,0,0.0336,4,3,FALSE,FALSE,FALSE
"GENE1514","GENE1514_HUMAN","P52941","Protein GENE1514",0.6425,1,0.581348,0,0.2356,2,3,FALSE,TRUE,FALSE
"GENE1229","GENE1229_HUMAN","P34371","Protein GENE1229",0.05,0.169445,0.065027,0.5996,1.1869,2,6,FALSE,FALSE,FALSE
"GENE0962","GENE0962_HUMAN","P43275","Protein GENE0962",0.2611,1,0.851796,0,0.0697,3,6,FALSE,FALSE,FALSE
"GENE0213","GENE0213_HUMAN","P11715","Protein GENE0213",-0.3615,1,0.77868,0,0.1086,3,6,FALSE,FALSE,FALSE
"GENE2718","GENE2718_HUMAN","P70830","Protein GENE2718",0.2505,0.540977,0.148903,0.5463,0.8271,5,5,FALSE,FALSE,FALSE
"GENE2369","GENE2369_HUMAN","P86791","Protein GENE2369",0.3557,1,0.430673,0,0.3659,3,3,FALSE,FALSE,FALSE
"GENE0171","GENE0171_HUMAN","P36992","Protein GENE0171",4.0021,0.051804,0.01529,1.3001,1.8156,3,6,FALSE,FALSE,TRUE
"GENE2123","GENE2123_HUMAN","P82058","Protein GENE2123",0.248,0.895284,0.299893,0.2033,0.523,2,2,FALSE,TRUE,FALSE
"GENE0523","GENE0523_HUMAN","P88976","Protein GENE0523",0.3093,1,0.747772,0,0.1262,3,3,FALSE,FALSE,FALSE
"GENE0644","GENE0644_HUMAN","P71254","Protein GENE0644",0.6614,0.006793,0.002375,1.9864,2.6244,6,6,FALSE,FALSE,TRUE
"GENE1557","GENE1557_HUMAN","P35400","Protein GENE1557",0.2467,1,0.943628,0,0.0252,5,3,FALSE,FALSE,FALSE
"GENE1917","GENE1917_HUMAN","P84856","Protein GENE1917",-0.4352,1,0.836811,0,0.0774,4,2,FALSE,FALSE,FALSE
"GENE0196","GENE0196_HUMAN","P23375","Protein GENE0196",-0.3792,0.776138,0.166702,0.1918,0.7781,4,4,FALSE,FALSE,FALSE
"GENE0757","GENE0757_HUMAN","P37205","Protein GENE0757",-3.1333,0.219606,0.044632,0.763,1.3504,2,3,FALSE,TRUE,TRUE
"GENE0404","GENE0404_HUMAN","P03802","Protein GENE0404",2.6278,0.092316,0.025528,1.3867,1.593,6,3,FALSE,FALSE,TRUE
"GENE0580","GENE0580_HUMAN","P18102","Protein GENE0580",-0.0884,1,0.942579,0,0.0257,5,6,FALSE,FALSE,FALSE
"GENE0020","GENE0020_HUMAN","P60846","Protein GENE0020",-0.093,1,0.315067,0,0.5016,5,5,TRUE,FALSE,FALSE
"GENE1519","GENE1519_HUMAN","P13409","Protein GENE1519",0.0434,1,0.568787,0.1014,0.2451,3,4,FALSE,FALSE,FALSE
"GENE0664","GENE0664_HUMAN","P10750","Protein GENE0664",-0.4133,0.725602,0.154814,0.7859,0.8102,5,4,FALSE,FALSE,FALSE
"GENE0767","GENE0767_HUMAN","P09990","Protein GENE0767",0.2156,0.792264,0.211487,0,0.6747,2,5,FALSE,TRUE,FALSE
"GENE1773","GENE1773_HUMAN","P57079","Protein GENE1773",2.9349,0.107114,0.030902,1.3125,1.51,5,5,TRUE,FALSE,TRUE
"GENE1412","GENE1412_HUMAN","P41810","Protein GENE1412",-0.3157,0.608019,0.209201,0.3016,0.6794,5,6,TRUE,FALSE,FALSE
"GENE0921","GENE0921_HUMAN","P11916","Protein GENE0921",2.5986,0.059025,0.025135,1.1174,1.5997,6,3,FALSE,FALSE,TRUE
"GENE1458","GENE1458_HUMAN","P03620","Protein GENE1458",-0.2683,1,0.93272,0,0.0302,5,3,FALSE,FALSE,FALSE
"GENE0751","GENE0751_HUMAN","P11252","Protein GENE0751",-0.1783,0.092994,0.071397,0.6369,1.1463,5,5,FALSE,FALSE,FALSE
"GENE2485","GENE2485_HUMAN","P01613","Protein GENE2485",-0.1415,1,0.681631,0,0.1665,5,5,TRUE,FALSE,FALSE
"GENE1007","GENE1007_HUMAN","P33298","Protein GENE1007",0.1142,1,0.820944,0,0.0857,5,4,FALSE,FALSE,FALSE
"GENE1779","GENE1779_HUMAN","P43417","Protein GENE1779",0.4662,0.241377,0.135978,0.7142,0.8665,6,2,FALSE,FALSE,FALSE
"GENE0622","GENE0622_HUMAN","P63025","Protein GENE0622",-0.496,1,0.370138,0.109,0.4316,6,2,FALSE,FALSE,FALSE
"GENE2261","GENE2261_HUMAN","P45479","Protein GENE2261",-0.3498,1,0.329842,0,0.4817,5,2,FALSE,FALSE,FALSE
"GENE1236","GENE1236_HUMAN","P30216","Protein GENE1236",0.2363,1,0.4416,0,0.355,6,3,FALSE,FALSE,FALSE
"GENE2365","GENE2365_HUMAN","P00942","Protein GENE2365",-0.1615,0.874774,0.834122,0,0.0788,2,2,FALSE,FALSE,FALSE
"GENE2147","GENE2147_HUMAN","P22921","Protein GENE2147",0.121,1,0.921731,0,0.0354,3,5,FALSE,FALSE,FALSE
"GENE2749","GENE2749_HUMAN","P45049","Protein GENE2749",0.7561,1,0.738167,0,0.1318,6,4,TRUE,FALSE,FALSE
"GENE0517","GENE0517_HUMAN","P51737","Protein GENE0517",-0.6073,0.638322,0.249247,0.0678,0.6034,2,5,FALSE,FALSE,FALSE
"GENE2286","GENE2286_HUMAN","P77884","Protein GENE2286",0.4411,0.116561,0.092827,0.4421,1.0323,3,5,FALSE,FALSE,FALSE
"GENE0036","GENE0036_HUMAN","P42688","Protein GENE0036",0.2365,1,0.807112,0,0.0931,5,4,FALSE,FALSE,FALSE
"GENE0838","GENE0838_HUMAN","P09143","Protein GENE0838",-1.0772,1,0.537494,0,0.2696,2,6,FALSE,FALSE,FALSE
"GENE1195","GENE1195_HUMAN","P44616","Protein GENE1195",3.3176,0.182125,0.046976,0.7271,1.3281,6,3,TRUE,FALSE,TRUE
"GENE0445","GENE0445_HUMAN","P94816","Protein GENE0445",0.4528,1,0.554455,0,0.2561,3,3,FALSE,TRUE,FALSE
"GENE0006","GENE0006_HUMAN","P77015","Protein GENE0006",-0.2661,1,0.291657,0,0.5351,5,4,TRUE,FALSE,FALSE
"GENE2347","GENE2347_HUMAN","P87646","Protein GENE2347",0.3689,0.429418,0.33566,0.0143,0.4741,3,3,FALSE,FALSE,FALSE
"GENE1598","GENE1598_HUMAN","P01375","Protein GENE1598",0.1285,1,0.472589,0,0.3255,4,6,FALSE,FALSE,FALSE
"GENE2897","GENE2897_HUMAN","P15109","Protein GENE2897",-0.727,0.808273,0.254984,0.3988,0.5935,3,2,FALSE,FALSE,FALSE
"GENE2154","GENE2154_HUMAN","P00886","Protein GENE2154",-0.0126,1,0.460679,0,0.3366,2,5,FALSE,FALSE,FALSE
"GENE0044","GENE0044_HUMAN","P56274","Protein GENE0044",-0.367,1,0.750672,0,0.1246,2,6,FALSE,FALSE,FALSE
"GENE2399","GENE2399_HUMAN","P94368","Protein GENE2399",0.1822,1,0.712671,0,0.1471,3,6,FALSE,FALSE,FALSE
"GENE1903","GENE1903_HUMAN","P72693","Protein GENE1903",0.2244,1,0.598102,0,0.2232,5,5,FALSE,FALSE,FALSE
"GENE1378","GENE1378_HUMAN","P32888","Protein GENE1378",-0.7865,1,0.781212,0.0888,0.1072,6,2,FALSE,FALSE,FALSE
"GENE2094","GENE2094_HUMAN","P21865","Protein GENE2094",-0.2045,1,0.605603,0,0.2178,5,5,FALSE,FALSE,FALSE
"GENE0780","GENE0780_HUMAN","P32407","Protein GENE0780",-0.3822,1,0.617894,0,0.2091,2,3,FALSE,FALSE,FALSE
"GENE2785","GENE2785_HUMAN","P49017","Protein GENE2785",0.1726,1,0.89802,0,0.0467,4,3,FALSE,TRUE,FALSE
"GENE1142","GENE1142_HUMAN","P80345","Protein GENE1142",-0.5684,1,0.358806,0.317,0.4451,3,2,FALSE,FALSE,FALSE
"GENE1133","GENE1133_HUMAN","P07631","Protein GENE1133",-0.0831,0.460817,0.126886,0.2247,0.8966,6,6,FALSE,FALSE,FALSE
"GENE2825","GENE2825_HUMAN","P64841","Protein GENE2825",0.1617,0.943253,0.634386,0,0.1976,4,6,FALSE,FALSE,FALSE
"GENE0263","GENE0263_HUMAN","P77227","Protein GENE0263",-0.0834,1,0.972647,0,0.012,3,3,FALSE,FALSE,FALSE
"GENE2417","GENE2417_HUMAN","P01615","Protein GENE2417",0.0653,1,0.684748,0,0.1645,2,4,FALSE,FALSE,FALSE
"GENE1394","GENE1394_HUMAN","P72711","Protein GENE1394",0.6423,1,0.485694,0,0.3136,4,5,FALSE,FALSE,FALSE
"GENE2859","GENE2859_HUMAN","P12039","Protein GENE2859",0.5903,0.270315,0.085395,0.4992,1.0686,5,2,FALSE,FALSE,FALSE
"GENE1744","GENE1744_HUMAN","P24564","Protein GENE1744",1.2068,0.096046,0.047286,0.8299,1.3253,4,2,FALSE,FALSE,TRUE
"GENE1904","GENE1904_HUMAN","P58148","Protein GENE1904",0.0071,1,0.270347,0.4558,0.5681,4,6,FALSE,FALSE,FALSE
"GENE0762","GENE0762_HUMAN","P59578","Protein GENE0762",-0.4398,1,0.453925,0.0728,0.343,6,5,FALSE,FALSE,FALSE
"GENE0765","GENE0765_HUMAN","P68697","Protein GENE0765",0.5255,1,0.475035,0.0975,0.3233,5,3,FALSE,FALSE,FALSE
"GENE0810","GENE0810_HUMAN","P70693","Protein GENE0810",0.1906,0.568305,0.458759,0,0.3384,4,6,FALSE,FALSE,FALSE
"GENE0832","GENE0832_HUMAN","P55546","Protein GENE0832",0.7968,1,0.660979,0,0.1798,3,6,FALSE,FALSE,FALSE
"GENE2594","GENE2594_HUMAN","P70065","Protein GENE2594",-0.6124,1,0.326405,0.0517,0.4862,3,4,FALSE,FALSE,FALSE
"GENE1616","GENE1616_HUMAN","P34468","Protein GENE1616",-0.0248,0.608685,0.291552,0.1796,0.5353,5,3,FALSE,FALSE,FALSE
"GENE1269","GENE1269_HUMAN","P14811","Protein GENE1269",0.1008,1,0.678038,0,0.1687,4,6,FALSE,FALSE,FALSE
"GENE2466","GENE2466_HUMAN","P18514","Protein GENE2466",-0.0183,1,0.655047,0,0.1837,2,4,FALSE,FALSE,FALSE
"GENE2169","GENE2169_HUMAN","P42530","Protein GENE2169",-0.0939,0.78244,0.297456,0,0.5266,5,4,TRUE,FALSE,FALSE
"GENE1709","GENE1709_HUMAN","P13338","Protein GENE1709",-0.3758,1,0.410104,0,0.3871,5,5,TRUE,FALSE,FALSE
"GENE1058","GENE1058_HUMAN","P09483","Protein GENE1058",0.0401,1,0.955417,0,0.0198,4,6,FALSE,FALSE,FALSE
"GENE1543","GENE1543_HUMAN","P72362","Protein GENE1543",-0.2168,1,0.690324,0,0.1609,3,5,FALSE,FALSE,FALSE
"GENE1633","GENE1633_HUMAN","P38443","Protein GENE1633",0.3158,1,0.366411,0,0.436,4,5,FALSE,FALSE,FALSE
"GENE2063","GENE2063_HUMAN","P06782","Protein GENE2063",0.349,0.220683,0.062099,0.966,1.2069,6,6,FALSE,FALSE,FALSE
"GENE1303","GENE1303_HUMAN","P21952","Protein GENE1303",-0.6329,0.85188,0.712814,0.0538,0.147,3,5,FALSE,FALSE,FALSE
"GENE0247","GENE0247_HUMAN","P09095","Protein GENE0247",-0.5669,0.258407,0.165759,0.5182,0.7805,4,5,FALSE,FALSE,FALSE
"GENE0628","GENE0628_HUMAN","P46210","Protein GENE0628",-0.0011,0.282977,0.061574,0.5621,1.2106,6,4,FALSE,FALSE,FALSE
"GENE2756","GENE2756_HUMAN","P36528","Protein GENE2756",0.0688,0.604911,0.163441,0.2165,0.7866,6,2,FALSE,FALSE,FALSE
"GENE2663","GENE2663_HUMAN","P37709","Protein GENE2663",-0.5094,1,0.665539,0,0.1768,3,2,FALSE,FALSE,FALSE
"GENE1211","GENE1211_HUMAN","P22787","Protein GENE1211",-0.4032,0.952843,0.683211,0,0.1654,2,6,FALSE,FALSE,FALSE
"GENE2571","GENE2571_HUMAN","P80054","Protein GENE2571",0.1149,1,0.854257,0,0.0684,6,3,TRUE,FALSE,FALSE
"GENE1151","GENE1151_HUMAN","P13867","Protein GENE1151",0.0519,0.900507,0.183806,0.4722,0.7356,4,4,FALSE,FALSE,FALSE
"GENE2164","GENE2164_HUMAN","P15799","Protein GENE2164",-0.4303,1,0.503052,0,0.2984,2,2,FALSE,FALSE,FALSE
"GENE0924","GENE0924_HUMAN","P84723","Protein GENE0924",-0.0392,0.775378,0.633599,0,0.1982,2,4,FALSE,FALSE,FALSE
"GENE2669","GENE2669_HUMAN","P08953","Protein GENE2669",-0.5408,1,0.758666,0.0109,0.1199,6,4,FALSE,FALSE,FALSE
"GENE0389","GENE0389_HUMAN","P54145","Protein GENE0389",0.0616,0.12437,0.08032,0.6307,1.0952,2,4,FALSE,FALSE,FALSE
"GENE2468","GENE2468_HUMAN","P97284","Protein GENE2468",-0.3672,0.81158,0.546861,0,0.2621,6,4,FALSE,FALSE,FALSE
"GENE1807","GENE1807_HUMAN","P46283","Protein GENE1807",0.0344,0.723722,0.285719,0,0.5441,5,3,FALSE,FALSE,FALSE
"GENE0287","GENE0287_HUMAN","P54989","Protein GENE0287",0.2319,1,0.318579,0.266,0.4968,4,6,FALSE,FALSE,FALSE
"GENE1391","GENE1391_HUMAN","P00799","Protein GENE1391",0.0466,1,0.404886,0,0.3927,2,3,FALSE,FALSE,FALSE
"GENE1734","GENE1734_HUMAN","P89235","Protein GENE1734",0.8054,0.211774,0.210931,0.2278,0.6759,3,5,FALSE,FALSE,FALSE
"GENE0027","GENE0027_HUMAN","P02118","Protein GENE0027",0.1064,1,0.812494,0,0.0902,6,5,FALSE,FALSE,FALSE
"GENE0906","GENE0906_HUMAN","P21273","Protein GENE0906",0.4162,0.287721,0.060752,0.6903,1.2164,3,3,FALSE,FALSE,FALSE
"GENE0726","GENE0726_HUMAN","P34349","Protein GENE0726",-0.2786,1,0.956903,0,0.0191,5,6,FALSE,FALSE,FALSE
"GENE1964","GENE1964_HUMAN","P05797","Protein GENE1964",-0.2165,1,0.795982,0,0.0991,5,4,TRUE,FALSE,FALSE
"GENE2355","GENE2355_HUMAN","P91295","Protein GENE2355",0.1815,1,0.637109,0,0.1958,5,3,TRUE,FALSE,FALSE
"GENE1050","GENE1050_HUMAN","P14492","Protein GENE1050",-0.1354,1,0.834148,0,0.0788,5,3,FALSE,FALSE,FALSE
"GENE1900","GENE1900_HUMAN","P74735","Protein GENE1900",-0.3431,0.522734,0.458211,0.0573,0.3389,5,3,TRUE,FALSE,FALSE
"GENE1597","GENE1597_HUMAN","P83194","Protein GENE1597",0.3751,1,0.650509,0,0.1867,2,5,FALSE,FALSE,FALSE
"GENE0378","GENE0378_HUMAN","P55691","Protein GENE0378",-0.022,0.76365,0.281485,0,0.5505,5,6,FALSE,FALSE,FALSE
"GENE0427","GENE0427_HUMAN","P61545","Protein GENE0427",2.0866,0.095418,0.025418,1.4651,1.5949,6,6,TRUE,FALSE,TRUE
"GENE0827","GENE0827_HUMAN","P34665","Protein GENE0827",-0.1065,1,0.898998,0,0.0462,3,6,FALSE,FALSE,FALSE
"GENE2412","GENE2412_HUMAN","P19673","Protein GENE2412",-0.2418,1,0.578125,0,0.238,2,3,FALSE,TRUE,FALSE
"GENE2390","GENE2390_HUMAN","P41128","Protein GENE2390",1.9386,0.129345,0.030254,1.2375,1.5192,2,2,FALSE,TRUE,TRUE
"GENE0242","GENE0242_HUMAN","P04961","Protein GENE0242",0.1168,1,0.699971,0,0.1549,3,6,FALSE,FALSE,FALSE
"STK3","STK3_HUMAN","P75163","Protein STK3",0.2235,1,0.435314,0.0701,0.3612,2,5,FALSE,FALSE,FALSE
"GENE2196","GENE2196_HUMAN","P25588","Protein GENE2196",-0.5542,1,0.41374,0.135,0.3833,6,2,FALSE,FALSE,FALSE
"GENE1224","GENE1224_HUMAN","P39828","Protein GENE1224",-0.4204,1,0.888853,0,0.0512,3,5,FALSE,FALSE,FALSE
"GENE0153","GENE0153_HUMAN","P18514","Protein GENE0153",-0.7933,0.263859,0.186581,0.6904,0.7291,5,3,TRUE,FALSE,FALSE
"GENE2733","GENE2733_HUMAN","P83322","Protein GENE2733",-0.0994,0.16997,0.075085,0.5238,1.1244,6,2,FALSE,FALSE,FALSE
"GENE0901","GENE0901_HUMAN","P79651","Protein GENE0901",-0.3341,1,0.273344,0.1551,0.5633,2,5,TRUE,FALSE,FALSE
"GENE1095","GENE1095_HUMAN","P70390","Protein GENE1095",-3.0953,0.038899,0.009582,1.4041,2.0186,2,4,FALSE,FALSE,TRUE
"GENE2309","GENE2309_HUMAN","P41109","Protein GENE2309",0.1141,0.291448,0.085993,0.6486,1.0655,3,4,FALSE,FALSE,FALSE
"GENE0495","GENE0495_HUMAN","P58291","Protein GENE0495",-0.6793,0.900092,0.414222,0,0.3828,4,4,FALSE,TRUE,FALSE
"GENE2397","GENE2397_HUMAN","P66285","Protein GENE2397",0.0885,0.268523,0.092852,0.6184,1.0322,5,6,FALSE,FALSE,FALSE
"GENE0853","GENE0853_HUMAN","P62664","Protein GENE0853",-0.0853,1,0.978258,0,0.0095,6,4,FALSE,FALSE,FALSE
"GENE2828","GENE2828_HUMAN","P24226","Protein GENE2828",-0.1581,0.889781,0.768142,0,0.1146,5,5,TRUE,FALSE,FALSE
"GENE0368","GENE0368_HUMAN","P36597","Protein GENE0368",-0.0712,0.846932,0.178963,0.0596,0.7472,4,6,FALSE,FALSE,FALSE
"GENE2337","GENE2337_HUMAN","P68315","Protein GENE2337",0.3285,0.626391,0.151057,0.32,0.8209,2,3,FALSE,FALSE,FALSE
"GENE0614","GENE0614_HUMAN","P62498","Protein GENE0614",-0.4046,0.652547,0.465438,0,0.3321,3,6,TRUE,FALSE,FALSE
"GENE1045","GENE1045_HUMAN","P36701","Protein GENE1045",-0.0928,1,0.487461,0.2655,0.3121,5,6,FALSE,FALSE,FALSE
"GENE0884","GENE0884_HUMAN","P35905","Protein GENE0884",0.623,1,0.704502,0,0.1521,2,3,FALSE,FALSE,FALSE
"GENE1908","GENE1908_HUMAN","P42704","Protein GENE1908",0.8617,1,0.703132,0,0.153,4,5,FALSE,TRUE,FALSE
"GENE1537","GENE1537_HUMAN","P33722","Protein GENE1537",-0.0886,1,0.415867,0,0.381,6,5,FALSE,FALSE,FALSE
"GENE1036","GENE1036_HUMAN","P49671","Protein GENE1036",0.4342,0.248603,0.102276,0.331,0.9902,3,3,FALSE,FALSE,FALSE
"GENE1604","GENE1604_HUMAN","P67730","Protein GENE1604",0.2841,1,0.469254,0,0.3286,5,3,FALSE,FALSE,FALSE
"GENE2618","GENE2618_HUMAN","P46242","Protein GENE2618",0.3937,1,0.684582,0,0.1646,4,6,FALSE,FALSE,FALSE
"GENE1757","GENE1757_HUMAN","P66250","Protein GENE1757",0.3704,1,0.766163,0,0.1157,3,3,FALSE,FALSE,FALSE
"GENE0878","GENE0878_HUMAN","P17534","Protein GENE0878",0.5861,1,0.699909,0,0.155,5,3,FALSE,FALSE,FALSE
"GENE2706","GENE2706_HUMAN","P15542","Protein GENE2706",-0.4118,1,0.390019,0,0.4089,4,4,FALSE,FALSE,FALSE
"GENE2636","GENE2636_HUMAN","P38567","Protein GENE2636",-0.8025,1,0.669481,0,0.1743,6,5,FALSE,FALSE,FALSE
"GENE1826","GENE1826_HUMAN","P64197","Protein GENE1826",-0.1967,1,0.840545,0,0.0754,5,5,FALSE,FALSE,FALSE
"GENE2381","GENE2381_HUMAN","P88733","Protein GENE2381",-0.0874,1,0.326748,0.0351,0.4858,2,5,FALSE,FALSE,FALSE
"GENE2625","GENE2625_HUMAN","P40896","Protein GENE2625",0.3421,1,0.783738,0,0.1058,6,4,FALSE,FALSE,FALSE
"GENE0502","GENE0502_HUMAN","P39005","Protein GENE0502",-0.0547,0.664298,0.24612,0.2777,0.6089,3,3,FALSE,FALSE,FALSE
"GENE0420","GENE0420_HUMAN","P53864","Protein GENE0420",-0.2388,1,0.708798,0,0.1495,4,3,FALSE,FALSE,FALSE
"GENE2418","GENE2418_HUMAN","P53603","Protein GENE2418",-0.1614,1,0.668183,0,0.1751,3,3,FALSE,TRUE,FALSE
"GENE1979","GENE1979_HUMAN","P32783","Protein GENE1979",0.7101,1,0.945929,0,0.0241,4,4,TRUE,FALSE,FALSE
"GENE2580","GENE2580_HUMAN","P79834","Protein GENE2580",-0.2869,0.339238,0.072133,0.4487,1.1419,3,4,FALSE,FALSE,FALSE
"GENE1087","GENE1087_HUMAN","P33591","Protein GENE1087",-0.0505,1,0.762932,0,0.1175,3,4,FALSE,FALSE,FALSE
"GENE0249","GENE0249_HUMAN","P81708","Protein GENE0249",0.3616,0.183974,0.101082,0.5232,0.9953,4,2,FALSE,FALSE,FALSE
"GENE0485","GENE0485_HUMAN","P72865","Protein GENE0485",-0.609,0.924714,0.344991,0.3805,0.4622,4,5,FALSE,FALSE,FALSE
"GENE1558","GENE1558_HUMAN","P31472","Protein GENE1558",-0.2302,0.158471,0.137842,0.166,0.8606,6,4,FALSE,FALSE,FALSE
"ZNF598","ZNF598_HUMAN","P56234","Protein ZNF598",0.2235,1,0.483124,0.0287,0.3159,3,2,FALSE,FALSE,FALSE
"GENE2477","GENE2477_HUMAN","P87496","Protein GENE2477",0.235,1,0.497226,0,0.3034,6,5,FALSE,FALSE,FALSE
"GENE0138","GENE0138_HUMAN","P96754","Protein GENE0138",-0.467,1,0.827282,0,0.0823,5,2,FALSE,FALSE,FALSE
"GENE2509","GENE2509_HUMAN","P61928","Protein GENE2509",-0.2178,1,0.436723,0.0682,0.3598,4,4,FALSE,FALSE,FALSE
"GENE1154","GENE1154_HUMAN","P77681","Protein GENE1154",0.9672,1,0.652535,0,0.1854,5,2,FALSE,FALSE,FALSE
"GENE0537","GENE0537_HUMAN","P01466","Protein GENE0537",-0.373,0.859805,0.187517,0.1673,0.727,6,3,FALSE,FALSE,FALSE
"GENE2478","GENE2478_HUMAN","P76672","Protein GENE2478",-0.4103,0.313835,0.2539,0,0.5953,6,5,FALSE,FALSE,FALSE
"GENE0421","GENE0421_HUMAN","P23191","Protein GENE0421",-0.2754,1,0.80658,0,0.0934,6,5,FALSE,FALSE,FALSE
"GENE1479","GENE1479_HUMAN","P15721","Protein GENE1479",0.3972,1,0.576476,0,0.2392,6,4,FALSE,FALSE,FALSE
"GENE0951","GENE0951_HUMAN","P69484","Protein GENE0951",0.2202,1,0.623836,0.071,0.2049,2,4,FALSE,TRUE,FALSE
"GENE1370","GENE1370_HUMAN","P29868","Protein GENE1370",-0.5031,0.594598,0.172134,0.7464,0.7641,4,2,FALSE,FALSE,FALSE
"GENE2794","GENE2794_HUMAN","P15947","Protein GENE2794",-0.0507,1,0.704187,0,0.1523,6,3,FALSE,FALSE,FALSE
"GENE0331","GENE0331_HUMAN","P55633","Protein GENE0331",-0.039,1,0.891249,0,0.05,5,4,FALSE,FALSE,FALSE
"GENE2227","GENE2227_HUMAN","P48635","Protein GENE2227",0.0948,1,0.862134,0,0.0644,4,4,FALSE,FALSE,FALSE
"GENE0313","GENE0313_HUMAN","P70590","Protein GENE0313",-1.0285,0.046516,0.018664,1.1917,1.729,3,4,FALSE,FALSE,TRUE
"GENE1641","GENE1641_HUMAN","P99523","Protein GENE1641",-0.0252,0.545634,0.162694,0.6202,0.7886,3,2,FALSE,FALSE,FALSE
"GENE0730","GENE0730_HUMAN","P16670","Protein GENE0730",0.0921,0.722621,0.185728,0.2048,0.7311,5,6,FALSE,FALSE,FALSE
"GENE1802","GENE1802_HUMAN","P36597","Protein GENE1802",0.0363,0.271693,0.08003,0.4196,1.0967,3,6,TRUE,TRUE,FALSE
"GENE1995","GENE1995_HUMAN","P04166","Protein GENE1995",-0.2132,1,0.905668,0,0.043,6,3,FALSE,FALSE,FALSE
"GENE1252","GENE1252_HUMAN","P55410","Protein GENE1252",0.4553,1,0.713977,0,0.1463,2,4,TRUE,FALSE,FALSE
"GENE1693","GENE1693_HUMAN","P88650","Protein GENE1693",0.0929,1,0.552066,0.1455,0.258,2,5,FALSE,FALSE,FALSE
"GENE0273","GENE0273_HUMAN","P89670","Protein GENE0273",-0.1592,1,0.533927,0.142,0.2725,3,3,FALSE,FALSE,FALSE
"GENE1727","GENE1727_HUMAN","P07958","Protein GENE1727",0.1801,1,0.953006,0,0.0209,5,2,FALSE,FALSE,FALSE
"GENE0369","GENE0369_HUMAN","P91976","Protein GENE0369",-0.2801,0.841295,0.558505,0.0552,0.253,6,3,FALSE,FALSE,FALSE
"GENE1330","GENE1330_HUMAN","P49806","Protein GENE1330",0.4747,0.163958,0.104117,0.7611,0.9825,3,6,FALSE,FALSE,FALSE
"GENE2065","GENE2065_HUMAN","P07411","Protein GENE2065",-0.0803,0.916156,0.407999,0.1267,0.3893,4,5,FALSE,FALSE,FALSE
"DDX5","DDX5_HUMAN","P02392","Protein DDX5",-0.3742,1,0.341377,0.0168,0.4668,4,3,FALSE,FALSE,FALSE
"GENE0236","GENE0236_HUMAN","P72791","Protein GENE0236",0.0148,1,0.660128,0,0.1804,6,5,FALSE,FALSE,FALSE
"GENE2158","GENE2158_HUMAN","P69625","Protein GENE2158",0.1075,0.218471,0.082235,0.7583,1.0849,2,4,TRUE,FALSE,FALSE
"GENE1430","GENE1430_HUMAN","P26857","Protein GENE1430",0.0336,0.824739,0.239338,0.0561,0.621,2,2,FALSE,FALSE,FALSE
"GENE0115","GENE0115_HUMAN","P82861","Protein GENE0115",-0.0118,1,0.762698,0,0.1176,6,4,FALSE,FALSE,FALSE
"GENE2241","GENE2241_HUMAN","P68497","Protein GENE2241",0.3439,0.57187,0.171159,0.761,0.7666,6,2,FALSE,TRUE,FALSE
"GENE1390","GENE1390_HUMAN","P09372","Protein GENE1390",-0.327,1,0.695494,0,0.1577,2,3,FALSE,FALSE,FALSE
"GENE2345","GENE2345_HUMAN","P96136","Protein GENE2345",0.3653,0.300606,0.238121,0.0116,0.6232,2,6,FALSE,FALSE,FALSE
"GENE0849","GENE0849_HUMAN","P92691","Protein GENE0849",0.8021,1,0.677708,0,0.169,5,4,FALSE,FALSE,FALSE
"GENE1020","GENE1020_HUMAN","P26418","Protein GENE1020",0.1022,1,0.717646,0,0.1441,2,5,FALSE,TRUE,FALSE
"GENE2282","GENE2282_HUMAN","P91695","Protein GENE2282",0.2203,1,0.427088,0,0.3695,3,4,TRUE,FALSE,FALSE
"GENE0294","GENE0294_HUMAN","P34283","Protein GENE0294",0.0674,0.086579,0.077467,0.4672,1.1109,3,3,FALSE,FALSE,FALSE
"GENE1536","GENE1536_HUMAN","P83397","Protein GENE1536",0.1582,0.528598,0.140144,0.3447,0.8534,6,3,FALSE,TRUE,FALSE
"GENE1323","GENE1323_HUMAN","P81919","Protein GENE1323",0.3027,0.77853,0.409957,0,0.3873,5,2,FALSE,FALSE,FALSE
"GENE0366","GENE0366_HUMAN","P01738","Protein GENE0366",-0.3664,1,0.546366,0,0.2625,6,6,FALSE,TRUE,FALSE
"DHX29","DHX29_HUMAN","P18625","Protein DHX29",0.3094,0.380092,0.283077,0.1149,0.5481,6,6,FALSE,FALSE,FALSE
"GENE1419","GENE1419_HUMAN","P64240","Protein GENE1419",0.6254,1,0.726428,0,0.1388,5,2,FALSE,FALSE,FALSE
"GENE1377","GENE1377_HUMAN","P42402","Protein GENE1377",0.7376,1,0.410761,0,0.3864,5,5,FALSE,FALSE,FALSE
"GENE0582","GENE0582_HUMAN","P99315","Protein GENE0582",4.4626,0.014961,0.005946,1.7934,2.2258,3,6,TRUE,FALSE,TRUE
"GENE0973","GENE0973_HUMAN","P66104","Protein GENE0973",0.1014,0.835146,0.349874,0,0.4561,4,3,FALSE,FALSE,FALSE
"GENE2415","GENE2415_HUMAN","P12237","Protein GENE2415",0.2896,1,0.981128,0,0.0083,4,4,FALSE,FALSE,FALSE
"GENE1169","GENE1169_HUMAN","P96012","Protein GENE1169",0.1486,0.873269,0.466647,0,0.331,2,5,FALSE,FALSE,FALSE
"GENE0285","GENE0285_HUMAN","P16971","Protein GENE0285",-0.4835,0.976956,0.410188,0,0.387,5,2,FALSE,FALSE,FALSE
"GENE0770","GENE0770_HUMAN","P28155","Protein GENE0770",0.4441,0.88301,0.34906,0,0.4571,3,4,FALSE,TRUE,FALSE
"GENE1178","GENE1178_HUMAN","P51366","Protein GENE1178",0.191,1,0.808939,0,0.0921,3,6,FALSE,FALSE,FALSE
"GENE1622","GENE1622_HUMAN","P47876","Protein GENE1622",0.4561,1,0.714653,0,0.1459,2,5,FALSE,FALSE,FALSE
"GENE1956","GENE1956_HUMAN","P51623","Protein GENE1956",0.114,1,0.726337,0,0.1389,4,6,FALSE,FALSE,FALSE
"GENE1654","GENE1654_HUMAN","P42703","Protein GENE1654",0.0527,0.775813,0.239698,0,0.6203,3,5,FALSE,FALSE,FALSE
"GENE1673","GENE1673_HUMAN","P56215","Protein GENE1673",0.1323,1,0.5465,0,0.2624,4,6,FALSE,FALSE,FALSE
"DDRGK1","DDRGK1_HUMAN","P60087","Protein DDRGK1",2.803,0.105194,0.029351,0.8776,1.5324,5,5,FALSE,FALSE,TRUE
"GENE0769","GENE0769_HUMAN","P17495","Protein GENE0769",0.0676,0.668506,0.602816,0,0.2198,5,2,FALSE,FALSE,FALSE
"GENE1789","GENE1789_HUMAN","P18368","Protein GENE1789",-0.8182,1,0.584012,0,0.2336,5,5,FALSE,FALSE,FALSE
"GENE1337","GENE1337_HUMAN","P99018","Protein GENE1337",-0.007,1,0.274672,0.3007,0.5612,6,3,FALSE,TRUE,FALSE
"GENE2298","GENE2298_HUMAN","P43834","Protein GENE2298",-0.1482,0.694361,0.255909,0.3545,0.5919,4,2,FALSE,TRUE,FALSE
"GENE1814","GENE1814_HUMAN","P02281","Protein GENE1814",0.3762,0.213845,0.159349,0.454,0.7977,3,2,FALSE,FALSE,FALSE
"GENE0841","GENE0841_HUMAN","P38535","Protein GENE0841",-0.8298,1,0.997041,0,0.0013,4,4,FALSE,FALSE,FALSE
"GENE2263","GENE2263_HUMAN","P21956","Protein GENE2263",0.0564,1,0.223741,0.3284,0.6503,6,3,TRUE,FALSE,FALSE
"GENE2185","GENE2185_HUMAN","P69442","Protein GENE2185",-0.1582,0.882351,0.223546,0,0.6506,2,5,FALSE,FALSE,FALSE
"GENE0870","GENE0870_HUMAN","P01095","Protein GENE0870",-0.2235,1,0.492822,0.2817,0.3073,6,6,FALSE,FALSE,FALSE
"GENE1055","GENE1055_HUMAN","P17047","Protein GENE1055",-0.5605,0.87712,0.220509,0.3057,0.6566,3,4,FALSE,FALSE,FALSE
"GENE0782","GENE0782_HUMAN","P49717","Protein GENE0782",0.6963,0.957709,0.266601,0.0863,0.5741,3,6,FALSE,FALSE,FALSE
"GENE0854","GENE0854_HUMAN","P95447","Protein GENE0854",-0.0149,1,0.544483,0.0583,0.264,4,3,FALSE,FALSE,FALSE
"GENE2836","GENE2836_HUMAN","P86546","Protein GENE2836",0.3753,1,0.619591,0,0.2079,2,6,FALSE,FALSE,FALSE
"GENE2213","GENE2213_HUMAN","P53859","Protein GENE2213",-1.689,0.175867,0.036834,0.964,1.4337,4,3,FALSE,FALSE,TRUE
"GENE2589","GENE2589_HUMAN","P34940","Protein GENE2589",-0.7606,1,0.505348,0.2148,0.2964,5,2,FALSE,FALSE,FALSE
"GENE1845","GENE1845_HUMAN","P93349","Protein GENE1845",-0.319,0.929054,0.495895,0.0625,0.3046,4,6,FALSE,FALSE,FALSE
"GENE2814","GENE2814_HUMAN","P98604","Protein GENE2814",0.1289,1,0.641231,0,0.193,5,3,FALSE,FALSE,FALSE
"GENE2806","GENE2806_HUMAN","P81295","Protein GENE2806",-0.28,1,0.263246,0.345,0.5796,5,5,FALSE,FALSE,FALSE
"GENE2461","GENE2461_HUMAN","P47323","Protein GENE2461",-0.0035,0.212833,0.070624,1.0915,1.151,4,2,FALSE,FALSE,FALSE
"GENE0528","GENE0528_HUMAN","P03133","Protein GENE0528",-0.2736,1,0.443809,0,0.3528,6,4,FALSE,FALSE,FALSE
"GENE0565","GENE0565_HUMAN","P94328","Protein GENE0565",-0.1612,1,0.826983,0,0.0825,2,4,TRUE,FALSE,FALSE
"GENE0169","GENE0169_HUMAN","P90002","Protein GENE0169",0.6881,0.714035,0.444339,0,0.3523,4,5,FALSE,FALSE,FALSE
"GENE1671","GENE1671_HUMAN","P79457","Protein GENE1671",2.3636,0.048802,0.019469,1.3359,1.7107,6,5,TRUE,FALSE,TRUE
"GENE0715","GENE0715_HUMAN","P46644","Protein GENE0715",0.4107,0.846261,0.316864,0,0.4991,2,6,FALSE,FALSE,FALSE
"GENE2078","GENE2078_HUMAN","P94827","Protein GENE2078",3.4578,0.109804,0.046904,0.8547,1.3288,6,6,FALSE,FALSE,TRUE
"GENE0886","GENE0886_HUMAN","P65789","Protein GENE0886",-0.1579,1,0.635443,0,0.1969,6,6,FALSE,FALSE,FALSE
"GENE1073","GENE1073_HUMAN","P58059","Protein GENE1073",-0.4316,1,0.991088,0,0.0039,2,5,FALSE,FALSE,FALSE
"GENE1028","GENE1028_HUMAN","P70080","Protein GENE1028",-0.0301,0.726352,0.394095,0,0.4044,5,4,TRUE,FALSE,FALSE
"GENE1325","GENE1325_HUMAN","P31040","Protein GENE1325",0.0483,1,0.758071,0,0.1203,6,2,FALSE,FALSE,FALSE
"GENE1540","GENE1540_HUMAN","P21268","Protein GENE1540",0.0249,0.348344,0.206961,0.1043,0.6841,4,6,FALSE,FALSE,FALSE
"GENE0233","GENE0233_HUMAN","P77777","Protein GENE0233",-0.0343,1,0.917943,0,0.0372,2,2,FALSE,FALSE,FALSE
"GENE2199","GENE2199_HUMAN","P36117","Protein GENE2199",0.1459,1,0.802575,0,0.0955,5,3,FALSE,FALSE,FALSE
"GENE1380","GENE1380_HUMAN","P39728","Protein GENE1380",-0.2235,0.857472,0.315713,0.0138,0.5007,5,4,FALSE,FALSE,FALSE
"GENE1434","GENE1434_HUMAN","P02617","Protein GENE1434",0.0313,1,0.972281,0,0.0122,6,4,FALSE,FALSE,FALSE
"GENE0651","GENE0651_HUMAN","P13092","Protein GENE0651",-0.5466,1,0.88179,0,0.0546,2,3,FALSE,FALSE,FALSE
"GENE1875","GENE1875_HUMAN","P09469","Protein GENE1875",0.8379,1,0.923444,0,0.0346,5,4,FALSE,FALSE,FALSE
"GENE2187","GENE2187_HUMAN","P45509","Protein GENE2187",-0.2376,0.402122,0.221454,0.0676,0.6547,6,5,FALSE,FALSE,FALSE
"GENE2469","GENE2469_HUMAN","P58439","Protein GENE2469",-0.1955,0.471814,0.188834,0.0455,0.7239,5,3,FALSE,FALSE,FALSE
"GENE0082","GENE0082_HUMAN","P04554","Protein GENE0082",0.3653,1,0.962006,0,0.0168,5,2,FALSE,FALSE,FALSE
"GENE2687","GENE2687_HUMAN","P71137","Protein GENE2687",-0.5196,1,0.314381,0,0.5025,2,2,FALSE,FALSE,FALSE
"GENE1800","GENE1800_HUMAN","P94357","Protein GENE1800",1.0469,1,0.636852,0,0.196,6,5,FALSE,FALSE,FALSE
"GENE2180","GENE2180_HUMAN","P25864","Protein GENE2180",0.4643,0.118647,0.082739,0.5294,1.0823,5,3,FALSE,FALSE,FALSE
"GENE2657","GENE2657_HUMAN","P53984","Protein GENE2657",-0.0072,1,0.642702,0,0.192,4,4,FALSE,FALSE,FALSE
"GENE1267","GENE1267_HUMAN","P50376","Protein GENE1267",0.7184,1,0.266484,0.1225,0.5743,2,6,FALSE,FALSE,FALSE
"GENE0030","GENE0030_HUMAN","P87732","Protein GENE0030",-0.4162,0.661891,0.164711,0.57,0.7833,3,2,FALSE,FALSE,FALSE
"GENE1820","GENE1820_HUMAN","P75986","Protein GENE1820",0.3046,0.761981,0.254005,0.1165,0.5952,5,4,FALSE,FALSE,FALSE
"GENE1896","GENE1896_HUMAN","P78169","Protein GENE1896",-0.0686,0.413977,0.399782,0,0.3982,2,3,TRUE,FALSE,FALSE
"GENE1469","GENE1469_HUMAN","P43462","Protein GENE1469",0.1664,1,0.690185,0.0146,0.161,3,2,FALSE,FALSE,FALSE
"GENE0941","GENE0941_HUMAN","P07546","Protein GENE0941",1.2,0.073341,0.017644,1.314,1.7534,4,5,FALSE,FALSE,TRUE
"GENE1859","GENE1859_HUMAN","P75713","Protein GENE1859",0.7062,1,0.322854,0.1321,0.491,2,2,FALSE,FALSE,FALSE
"GENE0238","GENE0238_HUMAN","P33493","Protein GENE0238",0.4709,0.478695,0.341776,0,0.4663,6,4,FALSE,FALSE,FALSE
"GENE2510","GENE2510_HUMAN","P55641","Protein GENE2510",-0.0855,1,0.282357,0,0.5492,5,4,FALSE,FALSE,FALSE
"GENE1477","GENE1477_HUMAN","P59476","Protein GENE1477",0.3063,1,0.495947,0,0.3046,3,3,FALSE,FALSE,FALSE
"GENE1824","GENE1824_HUMAN","P36725","Protein GENE1824",-0.5284,1,0.673743,0.0438,0.1715,5,4,FALSE,FALSE,FALSE
"GENE0283","GENE0283_HUMAN","P96180","Protein GENE0283",0.3523,1,0.972917,0,0.0119,2,4,FALSE,FALSE,FALSE
"GENE2410","GENE2410_HUMAN","P93278","Protein GENE2410",-0.1253,1,0.646675,0,0.1893,6,3,FALSE,FALSE,FALSE
"GENE2113","GENE2113_HUMAN","P08439","Protein GENE2113",0.6362,1,0.882697,0,0.0542,3,4,FALSE,FALSE,FALSE
"GENE2340","GENE2340_HUMAN","P83737","Protein GENE2340",0.9884,1,0.930734,0,0.0312,4,4,FALSE,FALSE,FALSE
"GENE0357","GENE0357_HUMAN","P75000","Protein GENE0357",-0.2401,1,0.982448,0,0.0077,2,5,FALSE,FALSE,FALSE
"GPATCH2","GPATCH2_HUMAN","P93618","Protein GPATCH2",-0.6725,1,0.438292,0,0.3582,4,3,TRUE,FALSE,FALSE
"GENE1835","GENE1835_HUMAN","P14022","Protein GENE1835",0.6783,0.546279,0.173874,0.0715,0.7598,2,2,FALSE,FALSE,FALSE
"GENE1780","GENE1780_HUMAN","P75090","Protein GENE1780",-0.0229,1,0.268347,0.2089,0.5713,6,3,FALSE,TRUE,FALSE
"GENE2491","GENE2491_HUMAN","P47872","Protein GENE2491",0.4869,1,0.596671,0,0.2243,4,6,FALSE,FALSE,FALSE
"GENE1771","GENE1771_HUMAN","P89290","Protein GENE1771",-0.2378,1,0.920231,0,0.0361,2,6,FALSE,FALSE,FALSE
"GENE1806","GENE1806_HUMAN","P61557","Protein GENE1806",-0.1421,1,0.651597,0,0.186,2,2,TRUE,FALSE,FALSE
"GENE1107","GENE1107_HUMAN","P66229","Protein GENE1107",-0.2195,1,0.28301,0.4052,0.5482,3,2,FALSE,FALSE,FALSE
"GENE2246","GENE2246_HUMAN","P95752","Protein GENE2246",2.2987,0.07413,0.029201,1.0841,1.5346,5,2,FALSE,FALSE,TRUE
"GENE1975","GENE1975_HUMAN","P36712","Protein GENE1975",-0.23,0.929076,0.422145,0.1404,0.3745,2,4,FALSE,FALSE,FALSE
"GENE1418","GENE1418_HUMAN","P20382","Protein GENE1418",-0.8838,0.209315,0.181803,0.1014,0.7404,3,4,FALSE,FALSE,FALSE
"GENE0772","GENE0772_HUMAN","P29456","Protein GENE0772",0.1356,1,0.617468,0,0.2094,4,4,FALSE,FALSE,FALSE
"GENE1504","GENE1504_HUMAN","P05076","Protein GENE1504",0.1363,1,0.70108,0,0.1542,5,5,FALSE,FALSE,FALSE
"GENE1796","GENE1796_HUMAN","P65757","Protein GENE1796",0.2325,1,0.689403,0,0.1615,4,6,FALSE,TRUE,FALSE
"GENE2843","GENE2843_HUMAN","P64158","Protein GENE2843",-0.7415,1,0.765347,0,0.1161,2,4,FALSE,FALSE,FALSE
"GENE1295","GENE1295_HUMAN","P52266","Protein GENE1295",0.1009,0.60208,0.192371,0.0251,0.7159,5,2,FALSE,FALSE,FALSE
"GENE0591","GENE0591_HUMAN","P83080","Protein GENE0591",-2.8595,0.003249,0.001566,2.5385,2.8052,5,2,TRUE,FALSE,TRUE
"DDX3","DDX3_HUMAN","P78033","Protein DDX3",0.1978,1,0.493784,0,0.3065,4,2,FALSE,FALSE,FALSE
"GENE2751","GENE2751_HUMAN","P23072","Protein GENE2751",0.1712,0.673721,0.324878,0,0.4883,4,3,FALSE,FALSE,FALSE
"GENE1217","GENE1217_HUMAN","P91364","Protein GENE1217",0.4876,0.831421,0.202056,0.01,0.6945,4,5,FALSE,FALSE,FALSE
"GENE2195","GENE2195_HUMAN","P97583","Protein GENE2195",0.456,0.874126,0.411241,0,0.3859,3,6,FALSE,FALSE,FALSE
"GENE1366","GENE1366_HUMAN","P63880","Protein GENE1366",0.1641,1,0.736048,0,0.1331,5,4,FALSE,FALSE,FALSE
"GENE0139","GENE0139_HUMAN","P30249","Protein GENE0139",-0.08,0.557124,0.237918,0,0.6236,5,5,FALSE,FALSE,FALSE
"GENE1891","GENE1891_HUMAN","P96560","Protein GENE1891",-0.0514,0.820746,0.322672,0,0.4912,3,4,FALSE,FALSE,FALSE
"GENE0616","GENE0616_HUMAN","P55564","Protein GENE0616",0.0409,1,0.770337,0,0.1133,2,5,FALSE,FALSE,FALSE
"GENE1628","GENE1628_HUMAN","P11288","Protein GENE1628",0.0758,1,0.966626,0,0.0147,5,5,FALSE,FALSE,FALSE
"GENE1249","GENE1249_HUMAN","P80394","Protein GENE1249",0.0153,1,0.686477,0.0533,0.1634,5,6,FALSE,FALSE,FALSE
"GENE1216","GENE1216_HUMAN","P04765","Protein GENE1216",-0.5528,0.044651,0.031332,1.1275,1.504,5,3,FALSE,FALSE,TRUE
"GENE2780","GENE2780_HUMAN","P83421","Protein GENE2780",-0.4281,1,0.931186,0,0.031,5,6,FALSE,FALSE,FALSE
"GENE0114","GENE0114_HUMAN","P91624","Protein GENE0114",0.5547,0.683073,0.267799,0.0215,0.5722,5,5,FALSE,FALSE,FALSE
"GENE1913","GENE1913_HUMAN","P16279","Protein GENE1913",0.1972,1,0.521134,0,0.2831,2,3,FALSE,FALSE,FALSE
"GENE1081","GENE1081_HUMAN","P78249","Protein GENE1081",-0.281,1,0.828298,0,0.0818,6,2,FALSE,FALSE,FALSE
"GENE0590","GENE0590_HUMAN","P47833","Protein GENE0590",0.6994,0.900716,0.406213,0,0.3912,6,3,FALSE,FALSE,FALSE
"GENE1817","GENE1817_HUMAN","P08263","Protein GENE1817",-0.0927,0.468784,0.433672,0,0.3628,5,6,FALSE,FALSE,FALSE
"GENE2438","GENE2438_HUMAN","P76721","Protein GENE2438",3.2288,0.010194,0.002983,2.4269,2.5253,3,2,FALSE,FALSE,TRUE
"GENE1945","GENE1945_HUMAN","P86993","Protein GENE1945",0.1333,1,0.24613,0.0469,0.6088,5,4,TRUE,FALSE,FALSE
"GENE1790","GENE1790_HUMAN","P25856","Protein GENE1790",-0.6608,1,0.826064,0,0.083,6,6,FALSE,FALSE,FALSE
"GENE0496","GENE0496_HUMAN","P73767","Protein GENE0496",0.0588,1,0.989441,0,0.0046,4,3,FALSE,FALSE,FALSE
"GENE0184","GENE0184_HUMAN","P95940","Protein GENE0184",-0.2669,0.692551,0.45948,0.3153,0.3377,5,5,FALSE,FALSE,FALSE
"GENE0200","GENE0200_HUMAN","P15055","Protein GENE0200",0.6863,0.38884,0.143577,0.439,0.8429,5,6,TRUE,FALSE,FALSE
"GENE0423","GENE0423_HUMAN","P92412","Protein GENE0423",-0.377,0.693981,0.185132,0.1462,0.7325,3,6,FALSE,FALSE,FALSE
"GENE0375","GENE0375_HUMAN","P50636","Protein GENE0375",0.5675,1,0.938086,0,0.0278,3,4,FALSE,FALSE,FALSE
"GENE0812","GENE0812_HUMAN","P86544","Protein GENE0812",0.1112,0.532715,0.525406,0.0161,0.2795,6,6,TRUE,FALSE,FALSE
"GENE0397","GENE0397_HUMAN","P86236","Protein GENE0397",4.3748,0.151837,0.045803,0.7076,1.3391,5,3,FALSE,FALSE,TRUE
"GENE0656","GENE0656_HUMAN","P59207","Protein GENE0656",0.2605,1,0.636411,0,0.1963,5,3,FALSE,FALSE,FALSE
"GENE0678","GENE0678_HUMAN","P22793","Protein GENE0678",0.9964,1,0.289938,0,0.5377,2,5,FALSE,FALSE,FALSE
"GENE1939","GENE1939_HUMAN","P94581","Protein GENE1939",2.0105,0.164282,0.045975,1.232,1.3375,6,3,FALSE,FALSE,TRUE
"GENE0400","GENE0400_HUMAN","P72425","Protein GENE0400",-0.0509,1,0.35604,0,0.4485,6,3,FALSE,FALSE,FALSE
"GENE0704","GENE0704_HUMAN","P35674","Protein GENE0704",-0.0159,1,0.959469,0,0.018,5,2,FALSE,FALSE,FALSE
"GENE1772","GENE1772_HUMAN","P71038","Protein GENE1772",-0.6335,1,0.873202,0,0.0589,3,2,FALSE,TRUE,FALSE
"GENE2346","GENE2346_HUMAN","P38239","Protein GENE2346",-0.2656,1,0.896797,0,0.0473,6,2,FALSE,FALSE,FALSE
"GENE2071","GENE2071_HUMAN","P32762","Protein GENE2071",-0.2245,1,0.487546,0,0.312,5,6,FALSE,FALSE,FALSE
"GENE2585","GENE2585_HUMAN","P80823","Protein GENE2585",0.1263,0.479559,0.229164,0.018,0.6399,2,5,TRUE,FALSE,FALSE
"GENE2628","GENE2628_HUMAN","P74716","Protein GENE2628",-0.2669,1,0.584268,0,0.2334,6,5,FALSE,FALSE,FALSE
"GENE0105","GENE0105_HUMAN","P99670","Protein GENE0105",-0.3539,1,0.420828,0,0.3759,3,6,FALSE,FALSE,FALSE
"GENE2786","GENE2786_HUMAN","P39649","Protein GENE2786",0.2179,0.204138,0.109886,0.441,0.9591,5,6,FALSE,FALSE,FALSE
"GENE2708","GENE2708_HUMAN","P60471","Protein GENE2708",-1.8992,0.143807,0.043162,1.2733,1.3649,6,2,FALSE,FALSE,TRUE
"GENE2768","GENE2768_HUMAN","P97345","Protein GENE2768",0.4748,1,0.254256,0.3319,0.5947,5,4,FALSE,FALSE,FALSE
"GENE2395","GENE2395_HUMAN","P16701","Protein GENE2395",-0.1848,0.938983,0.27166,0.2708,0.566,6,3,FALSE,TRUE,FALSE
"GENE1219","GENE1219_HUMAN","P50215","Protein GENE1219",0.1273,1,0.782233,0,0.1067,6,4,FALSE,TRUE,FALSE
"GENE2692","GENE2692_HUMAN","P81776","Protein GENE2692",-0.4799,1,0.253592,0.1917,0.5959,6,4,FALSE,FALSE,FALSE
"GENE0029","GENE0029_HUMAN","P85490","Protein GENE0029",-0.4111,1,0.467778,0,0.33,3,6,FALSE,FALSE,FALSE
"GENE1172","GENE1172_HUMAN","P98875","Protein GENE1172",0.2933,0.257698,0.083827,0.8431,1.0766,2,3,FALSE,FALSE,FALSE
"GENE0402","GENE0402_HUMAN","P97388","Protein GENE0402",-0.4966,0.619263,0.232868,0.2355,0.6329,2,5,FALSE,FALSE,FALSE
"GENE0399","GENE0399_HUMAN","P68758","Protein GENE0399",-0.0442,1,0.544996,0,0.2636,3,6,FALSE,TRUE,FALSE
"GENE0825","GENE0825_HUMAN","P68259","Protein GENE0825",-0.8111,0.611673,0.20406,0.1079,0.6902,5,5,FALSE,FALSE,FALSE
"GENE1985","GENE1985_HUMAN","P71741","Protein GENE1985",-0.3857,0.30729,0.105825,0.9491,0.9754,2,3,FALSE,FALSE,FALSE
"GENE2252","GENE2252_HUMAN","P37354","Protein GENE2252",-0.1744,0.848997,0.673758,0,0.1715,4,2,FALSE,FALSE,FALSE
"GENE0269","GENE0269_HUMAN","P91858","Protein GENE0269",0.3697,1,0.524658,0.0429,0.2801,3,2,TRUE,FALSE,FALSE
"GENE0513","GENE0513_HUMAN","P19830","Protein GENE0513",-0.1639,1,0.617572,0,0.2093,2,2,FALSE,FALSE,FALSE
"GENE1480","GENE1480_HUMAN","P20267","Protein GENE1480",0.0876,1,0.644746,0,0.1906,2,5,FALSE,FALSE,FALSE
"GENE0197","GENE0197_HUMAN","P10039","Protein GENE0197",-0.4239,1,0.836422,0,0.0776,2,3,FALSE,FALSE,FALSE
"GENE1227","GENE1227_HUMAN","P44560","Protein GENE1227",-0.7,1,0.707106,0,0.1505,2,5,FALSE,FALSE,FALSE
"GENE2279","GENE2279_HUMAN","P50193","Protein GENE2279",0.0167,0.729966,0.313638,0.2772,0.5036,3,2,FALSE,FALSE,FALSE
"GENE0673","GENE0673_HUMAN","P90983","Protein GENE0673",-0.4955,0.816204,0.214492,0.0504,0.6686,6,3,FALSE,FALSE,FALSE
"GENE1840","GENE1840_HUMAN","P83502","Protein GENE1840",-0.3195,0.384772,0.082715,0.5119,1.0824,5,4,FALSE,FALSE,FALSE
"GENE1731","GENE1731_HUMAN","P12608","Protein GENE1731",-0.1948,1,0.365387,0,0.4372,3,3,FALSE,FALSE,FALSE
"GENE0585","GENE0585_HUMAN","P05023","Protein GENE0585",0.6459,1,0.864143,0,0.0634,4,3,FALSE,TRUE,FALSE
"GENE1283","GENE1283_HUMAN","P82014","Protein GENE1283",0.3479,1,0.749127,0,0.1254,3,6,FALSE,FALSE,FALSE
"GENE2581","GENE2581_HUMAN","P64670","Protein GENE2581",-0.4658,1,0.941328,0,0.0263,4,6,FALSE,FALSE,FALSE
"GENE1764","GENE1764_HUMAN","P87607","Protein GENE1764",-0.6885,1,0.635054,0,0.1972,3,5,FALSE,FALSE,FALSE
"GENE0646","GENE0646_HUMAN","P47572","Protein GENE0646",-0.19,0.313103,0.068034,0.5424,1.1673,5,6,FALSE,FALSE,FALSE
"GENE0661","GENE0661_HUMAN","P96877","Protein GENE0661",0.2647,1,0.697018,0,0.1568,2,4,FALSE,TRUE,FALSE
"GENE0290","GENE0290_HUMAN","P62642","Protein GENE0290",0.1128,1,0.59236,0,0.2274,5,6,FALSE,FALSE,FALSE
"GENE0011","GENE0011_HUMAN","P15352","Protein GENE0011",0.3035,0.172584,0.112466,0.2777,0.949,5,3,FALSE,TRUE,FALSE
"GENE1121","GENE1121_HUMAN","P38599","Protein GENE1121",0.6998,0.149575,0.10031,0.806,0.9987,6,6,FALSE,TRUE,FALSE
"GENE0859","GENE0859_HUMAN","P69839","Protein GENE0859",-0.0673,0.403313,0.360396,0.1607,0.4432,6,6,FALSE,TRUE,FALSE
"GENE2126","GENE2126_HUMAN","P05437","Protein GENE2126",-0.2777,0.433405,0.108375,0.8054,0.9651,3,6,FALSE,FALSE,FALSE
"GENE0154","GENE0154_HUMAN","P58193","Protein GENE0154",0.7063,0.340154,0.211427,0.0571,0.6748,2,4,FALSE,FALSE,FALSE
"GENE2758","GENE2758_HUMAN","P71197","Protein GENE2758",0.1207,0.743389,0.468683,0,0.3291,6,5,TRUE,FALSE,FALSE
"GENE2839","GENE2839_HUMAN","P31816","Protein GENE2839",-0.2444,1,0.688151,0,0.1623,3,4,FALSE,FALSE,FALSE
"GENE0372","GENE0372_HUMAN","P09333","Protein GENE0372",0.1067,1,0.55352,0,0.2569,3,2,TRUE,FALSE,FALSE
"GENE2190","GENE2190_HUMAN","P62070","Protein GENE2190",3.0494,0.067295,0.016124,1.1084,1.7925,4,3,FALSE,FALSE,TRUE
"GENE2259","GENE2259_HUMAN","P60495","Protein GENE2259",0.0476,1,0.92112,0,0.0357,4,4,TRUE,FALSE,FALSE
"GENE2284","GENE2284_HUMAN","P67389","Protein GENE2284",-0.0419,1,0.72387,0,0.1403,6,5,FALSE,FALSE,FALSE
"GENE0426","GENE0426_HUMAN","P43951","Protein GENE0426",-0.0301,1,0.666779,0,0.176,2,5,FALSE,FALSE,FALSE
"GENE1447","GENE1447_HUMAN","P65330","Protein GENE1447",0.4389,0.695508,0.48826,0,0.3113,2,4,FALSE,FALSE,FALSE
"GENE0735","GENE0735_HUMAN","P33021","Protein GENE0735",2.5399,0.054269,0.041099,0.8099,1.3862,2,5,FALSE,FALSE,TRUE
"GENE0873","GENE0873_HUMAN","P34895","Protein GENE0873",0.2517,1,0.852499,0,0.0693,4,6,FALSE,FALSE,FALSE
"GENE0415","GENE0415_HUMAN","P04299","Protein GENE0415",-0.3671,1,0.951807,0,0.0215,3,2,FALSE,TRUE,FALSE
"GENE0158","GENE0158_HUMAN","P73792","Protein GENE0158",0.1976,0.92656,0.210384,0.0226,0.677,6,2,FALSE,FALSE,FALSE
"GENE0691","GENE0691_HUMAN","P71034","Protein GENE0691",-0.3669,0.814448,0.581883,0,0.2352,2,2,FALSE,TRUE,FALSE
"GENE1014","GENE1014_HUMAN","P49345","Protein GENE1014",-0.4103,0.762186,0.353777,0,0.4513,3,4,TRUE,FALSE,FALSE
"GENE0001","GENE0001_HUMAN","P67558","Protein GENE0001",0.5116,1,0.794097,0,0.1001,2,3,TRUE,FALSE,FALSE
"GENE0763","GENE0763_HUMAN","P61007","Protein GENE0763",0.5537,1,0.314261,0,0.5027,5,5,FALSE,TRUE,FALSE
"GENE0088","GENE0088_HUMAN","P60893","Protein GENE0088",-0.6632,0.929455,0.199286,0.3478,0.7005,6,6,FALSE,FALSE,FALSE
"GENE0833","GENE0833_HUMAN","P61305","Protein GENE0833",-0.1369,0.439075,0.326146,0,0.4866,5,2,FALSE,FALSE,FALSE
"GENE2051","GENE2051_HUMAN","P64143","Protein GENE2051",-0.2324,0.893244,0.31023,0,0.5083,3,4,TRUE,FALSE,FALSE
"GENE0650","GENE0650_HUMAN","P24690","Protein GENE0650",-3.7105,0.097469,0.025839,1.0686,1.5877,2,2,FALSE,FALSE,TRUE
"GENE0892","GENE0892_HUMAN","P79009","Protein GENE0892",-0.5695,1,0.791926,0,0.1013,5,5,TRUE,FALSE,FALSE
"GENE2543","GENE2543_HUMAN","P82626","Protein GENE2543",0.5718,0.032002,0.019679,1.042,1.706,3,6,TRUE,FALSE,TRUE
"GENE2386","GENE2386_HUMAN","P56393","Protein GENE2386",-0.4786,1,0.398988,0,0.399,5,4,FALSE,FALSE,FALSE
"GENE2473","GENE2473_HUMAN","P41387","Protein GENE2473",-0.7155,1,0.865961,0,0.0625,3,6,FALSE,FALSE,FALSE
"GENE2658","GENE2658_HUMAN","P59381","Protein GENE2658",-0.18,1,0.980727,0,0.0085,6,4,TRUE,FALSE,FALSE
"GENE2157","GENE2157_HUMAN","P98137","Protein GENE2157",0.2269,1,0.971514,0,0.0126,6,4,FALSE,FALSE,FALSE
"GENE1060","GENE1060_HUMAN","P92360","Protein GENE1060",0.1119,0.317459,0.26409,0.3332,0.5782,4,5,FALSE,FALSE,FALSE
"GENE0307","GENE0307_HUMAN","P91121","Protein GENE0307",0.2906,1,0.703253,0,0.1529,6,4,FALSE,FALSE,FALSE
"GENE2513","GENE2513_HUMAN","P67580","Protein GENE2513",0.5879,0.440623,0.203672,0.352,0.6911,3,4,FALSE,FALSE,FALSE
"GENE2186","GENE2186_HUMAN","P05747","Protein GENE2186",-0.1984,1,0.94347,0,0.0253,4,3,FALSE,TRUE,FALSE
"GENE2889","GENE2889_HUMAN","P74065","Protein GENE2889",-1.4285,0.646868,0.2704,0,0.568,3,5,FALSE,FALSE,FALSE
"GENE0777","GENE0777_HUMAN","P33638","Protein GENE0777",2.44,0.095586,0.02584,1.192,1.5877,5,2,FALSE,FALSE,TRUE
"GENE2815","GENE2815_HUMAN","P72349","Protein GENE2815",0.2264,1,0.585724,0,0.2323,6,5,FALSE,FALSE,FALSE
"GENE0519","GENE0519_HUMAN","P39278","Protein GENE0519",-0.0077,0.711185,0.206941,0.0799,0.6842,6,3,FALSE,FALSE,FALSE
"GENE0976","GENE0976_HUMAN","P15675","Protein GENE0976",-1.8097,0.039452,0.037105,0.7444,1.4306,3,3,FALSE,FALSE,TRUE
"GENE0939","GENE0939_HUMAN","P25781","Protein GENE0939",-0.4554,0.731909,0.669149,0,0.1745,5,3,FALSE,FALSE,FALSE
"GENE2755","GENE2755_HUMAN","P16053","Protein GENE2755",-0.1267,1,0.779691,0,0.1081,2,6,FALSE,FALSE,FALSE
"GENE2494","GENE2494_HUMAN","P03332","Protein GENE2494",-0.5079,0.372178,0.138799,0.5455,0.8576,4,6,FALSE,FALSE,FALSE
"GENE0597","GENE0597_HUMAN","P42937","Protein GENE0597",0.1408,0.960021,0.647096,0,0.189,5,2,FALSE,FALSE,FALSE
"GENE1850","GENE1850_HUMAN","P95558","Protein GENE1850",0.2828,1,0.909238,0,0.0413,5,5,FALSE,FALSE,FALSE
"GENE0533","GENE0533_HUMAN","P33443","Protein GENE0533",0.0678,0.486314,0.251016,0.0451,0.6003,2,6,FALSE,FALSE,FALSE
"GENE2427","GENE2427_HUMAN","P73038","Protein GENE2427",0.4162,1,0.525079,0,0.2798,5,5,FALSE,FALSE,FALSE
"GENE1245","GENE1245_HUMAN","P18524","Protein GENE1245",-0.4173,1,0.921385,0,0.0356,3,5,FALSE,TRUE,FALSE
"GENE0534","GENE0534_HUMAN","P14515","Protein GENE0534",-0.2858,1,0.824957,0,0.0836,2,4,FALSE,FALSE,FALSE
"GPATCH3","GPATCH3_HUMAN","P87154","Protein GPATCH3",0.0402,0.337833,0.218031,0.4713,0.6615,3,6,FALSE,TRUE,FALSE
"GENE0384","GENE0384_HUMAN","P40147","Protein GENE0384",-0.4821,1,0.416383,0.3155,0.3805,5,6,FALSE,FALSE,FALSE
"GENE2801","GENE2801_HUMAN","P83900","Protein GENE2801",0.1257,0.585727,0.245106,0,0.6106,4,5,FALSE,FALSE,FALSE
"GENE2000","GENE2000_HUMAN","P21573","Protein GENE2000",0.0955,1,0.380194,0,0.42,5,5,FALSE,FALSE,FALSE
"GENE2431","GENE2431_HUMAN","P02681","Protein GENE2431",1.9019,0.027566,0.019681,1.1316,1.706,3,6,FALSE,FALSE,TRUE
"GENE2592","GENE2592_HUMAN","P20226","Protein GENE2592",0.0786,1,0.316537,0.0631,0.4996,4,5,FALSE,FALSE,FALSE
"GENE1186","GENE1186_HUMAN","P65956","Protein GENE1186",0.8754,1,0.89255,0,0.0494,2,6,FALSE,TRUE,FALSE
"GENE2172","GENE2172_HUMAN","P61750","Protein GENE2172",-0.4834,1,0.910656,0,0.0406,6,4,FALSE,TRUE,FALSE
"GENE2463","GENE2463_HUMAN","P75189","Protein GENE2463",0.1538,1,0.590349,0.1138,0.2289,4,5,FALSE,FALSE,FALSE
"GENE0752","GENE0752_HUMAN","P30713","Protein GENE0752",0.4846,1,0.810298,0,0.0914,6,3,FALSE,FALSE,FALSE
"GENE1999","GENE1999_HUMAN","P50315","Protein GENE1999",-0.0695,0.225725,0.195459,0.1478,0.7089,2,2,FALSE,FALSE,FALSE
"GENE2245","GENE2245_HUMAN","P66719","Protein GENE2245",3.9559,0.07267,0.029173,1.4068,1.535,6,5,FALSE,FALSE,TRUE
"GENE2822","GENE2822_HUMAN","P17199","Protein GENE2822",0.2075,1,0.519573,0,0.2844,2,6,FALSE,FALSE,FALSE
"GENE1166","GENE1166_HUMAN","P04575","Protein GENE1166",-0.3418,1,0.847401,0,0.0719,4,4,FALSE,FALSE,FALSE
"GENE1311","GENE1311_HUMAN","P18927","Protein GENE1311",-0.4124,1,0.791759,0,0.1014,6,6,FALSE,TRUE,FALSE
"GENE0032","GENE0032_HUMAN","P01675","Protein GENE0032",0.4459,0.587057,0.503323,0,0.2982,3,4,FALSE,FALSE,FALSE
"GENE0049","GENE0049_HUMAN","P16153","Protein GENE0049",0.1443,1,0.599151,0,0.2225,2,2,FALSE,FALSE,FALSE
"GENE0157","GENE0157_HUMAN","P36353","Protein GENE0157",1.8856,0.107376,0.045687,0.6946,1.3402,2,2,FALSE,FALSE,TRUE
"GENE0977","GENE0977_HUMAN","P06941","Protein GENE0977",0.2838,0.886545,0.82757,0,0.0822,5,3,FALSE,FALSE,FALSE
"GENE1722","GENE1722_HUMAN","P32999","Protein GENE1722",-0.4646,0.67307,0.180865,0.7003,0.7426,3,3,FALSE,FALSE,FALSE
"GENE2533","GENE2533_HUMAN","P75916","Protein GENE2533",-0.1584,0.564313,0.150189,0.1391,0.8234,6,6,FALSE,TRUE,FALSE
"GENE1175","GENE1175_HUMAN","P70347","Protein GENE1175",0.4031,1,0.504386,0.0669,0.2972,5,5,FALSE,FALSE,FALSE
"GENE2045","GENE2045_HUMAN","P50822","Protein GENE2045",-0.9231,1,0.590712,0,0.2286,3,6,FALSE,FALSE,FALSE
"GENE0934","GENE0934_HUMAN","P15271","Protein GENE0934",-0.4396,1,0.659329,0,0.1809,4,3,FALSE,TRUE,FALSE
"GENE0326","GENE0326_HUMAN","P71490","Protein GENE0326",-0.3949,1,0.639068,0,0.1945,4,6,FALSE,FALSE,FALSE
"GENE0600","GENE0600_HUMAN","P33412","Protein GENE0600",0.5856,0.499029,0.34513,0.0857,0.462,2,4,TRUE,FALSE,FALSE
"GENE0083","GENE0083_HUMAN","P81936","Protein GENE0083",-0.0516,1,0.51508,0,0.2881,2,3,FALSE,FALSE,FALSE
"GENE1613","GENE1613_HUMAN","P79793","Protein GENE1613",0.7836,1,0.894126,0,0.0486,5,5,FALSE,FALSE,FALSE
"GENE0053","GENE0053_HUMAN","P96438","Protein GENE0053",-2.7283,0.194634,0.041746,1.1721,1.3794,2,5,FALSE,FALSE,TRUE
"GENE1593","GENE1593_HUMAN","P94470","Protein GENE1593",-0.1047,0.774224,0.246756,0,0.6077,2,2,FALSE,TRUE,FALSE
"GENE0736","GENE0736_HUMAN","P46669","Protein GENE0736",-0.2306,0.771143,0.183103,0.1538,0.7373,5,6,FALSE,FALSE,FALSE
"GENE0879","GENE0879_HUMAN","P62216","Protein GENE0879",0.384,0.163805,0.069689,0.7232,1.1568,3,2,FALSE,FALSE,FALSE
"GENE2275","GENE2275_HUMAN","P94613","Protein GENE2275",1.2295,0.145847,0.043201,1.0484,1.3645,2,2,FALSE,FALSE,TRUE
"GENE1404","GENE1404_HUMAN","P96883","Protein GENE1404",0.2684,1,0.25974,0,0.5855,2,6,FALSE,FALSE,FALSE
"GENE0960","GENE0960_HUMAN","P56681","Protein GENE0960",0.3308,1,0.857671,0,0.0667,5,4,FALSE,TRUE,FALSE
"GENE0045","GENE0045_HUMAN","P78153","Protein GENE0045",-0.0532,1,0.469354,0,0.3285,2,6,FALSE,FALSE,FALSE
"GENE2391","GENE2391_HUMAN","P31838","Protein GENE2391",0.2163,0.228884,0.099485,0.9347,1.0022,6,4,FALSE,FALSE,FALSE
"GENE0723","GENE0723_HUMAN","P93243","Protein GENE0723",-0.0708,1,0.985771,0,0.0062,5,3,FALSE,FALSE,FALSE
"GENE2203","GENE2203_HUMAN","P78114","Protein GENE2203",-0.3351,1,0.717947,0,0.1439,2,4,FALSE,FALSE,FALSE
"GENE0289","GENE0289_HUMAN","P70292","Protein GENE0289",-0.3619,1,0.439871,0,0.3567,5,4,FALSE,FALSE,FALSE
"GENE0911","GENE0911_HUMAN","P84712","Protein GENE0911",0.4664,1,0.458022,0,0.3391,6,6,FALSE,FALSE,FALSE
"GENE0352","GENE0352_HUMAN","P52574","Protein GENE0352",8e-04,0.271982,0.07967,0.852,1.0987,3,3,FALSE,FALSE,FALSE
"GENE2129","GENE2129_HUMAN","P97332","Protein GENE2129",-0.255,1,0.871673,0,0.0596,2,3,FALSE,FALSE,FALSE
"GENE2750","GENE2750_HUMAN","P96643","Protein GENE2750",0.0276,0.915116,0.257772,0.4017,0.5888,3,2,FALSE,FALSE,FALSE
"GENE2367","GENE2367_HUMAN","P87763","Protein GENE2367",0.2548,1,0.289328,0,0.5386,5,5,FALSE,TRUE,FALSE
"GENE2742","GENE2742_HUMAN","P50709","Protein GENE2742",-0.7884,0.514679,0.352078,0,0.4534,6,4,FALSE,FALSE,FALSE
"GENE0992","GENE0992_HUMAN","P56361","Protein GENE0992",4.3905,0.110701,0.03203,0.8614,1.4944,6,4,FALSE,FALSE,TRUE
"GENE2834","GENE2834_HUMAN","P55736","Protein GENE2834",0.4297,1,0.737217,0,0.1324,5,4,FALSE,FALSE,FALSE
"GENE1818","GENE1818_HUMAN","P00276","Protein GENE1818",-0.4119,0.196604,0.126948,0.2024,0.8964,2,3,FALSE,FALSE,FALSE
"GENE1297","GENE1297_HUMAN","P44111","Protein GENE1297",-0.3866,1,0.611868,0,0.2133,3,6,FALSE,FALSE,FALSE
"GENE0358","GENE0358_HUMAN","P22122","Protein GENE0358",0.9711,0.007255,0.003608,1.9674,2.4428,5,5,FALSE,FALSE,TRUE
"GENE0975","GENE0975_HUMAN","P68615","Protein GENE0975",-0.0182,1,0.894363,0,0.0485,3,3,FALSE,FALSE,FALSE
"GENE1733","GENE1733_HUMAN","P89678","Protein GENE1733",0.2024,0.887933,0.274157,0,0.562,2,6,FALSE,FALSE,FALSE
"GENE0681","GENE0681_HUMAN","P13924","Protein GENE0681",-0.0344,1,0.876057,0,0.0575,3,6,FALSE,FALSE,FALSE
"GENE0140","GENE0140_HUMAN","P34101","Protein GENE0140",-0.1309,1,0.303383,0,0.518,5,4,FALSE,FALSE,FALSE
"GENE2747","GENE2747_HUMAN","P40562","Protein GENE2747",0.2229,1,0.917111,0,0.0376,6,5,FALSE,FALSE,FALSE
"GENE1160","GENE1160_HUMAN","P02338","Protein GENE1160",-0.0461,1,0.724428,0.0851,0.14,4,2,FALSE,FALSE,FALSE
"GENE2686","GENE2686_HUMAN","P99373","Protein GENE2686",0.026,0.607366,0.212007,0,0.6736,3,3,FALSE,FALSE,FALSE
"GENE1675","GENE1675_HUMAN","P19581","Protein GENE1675",0.0658,0.580845,0.306946,0.2038,0.5129,2,6,TRUE,FALSE,FALSE
"GENE1563","GENE1563_HUMAN","P28209","Protein GENE1563",-0.3967,0.794326,0.728436,0,0.1376,3,3,TRUE,FALSE,FALSE
"GENE2047","GENE2047_HUMAN","P60701","Protein GENE2047",-3.6206,0.056438,0.021083,1.0558,1.6761,4,4,FALSE,FALSE,TRUE
"GENE1167","GENE1167_HUMAN","P45830","Protein GENE1167",-0.1113,1,0.658771,0,0.1813,3,3,FALSE,FALSE,FALSE
"GENE2028","GENE2028_HUMAN","P08874","Protein GENE2028",-0.1656,0.930327,0.543912,0,0.2645,6,3,FALSE,FALSE,FALSE
"GENE2209","GENE2209_HUMAN","P73123","Protein GENE2209",2.6579,0.088815,0.043166,0.6908,1.3649,3,4,FALSE,FALSE,TRUE
"GENE2802","GENE2802_HUMAN","P72638","Protein GENE2802",1.4792,0.049031,0.009947,1.8408,2.0023,5,3,FALSE,FALSE,TRUE
"GENE0862","GENE0862_HUMAN","P74191","Protein GENE0862",-0.7392,1,0.877789,0,0.0566,5,5,FALSE,FALSE,FALSE
"GENE1573","GENE1573_HUMAN","P60410","Protein GENE1573",-0.0478,1,0.849995,0,0.0706,3,5,TRUE,FALSE,FALSE
"GENE0477","GENE0477_HUMAN","P51392","Protein GENE0477",0.1385,0.998233,0.374392,0,0.4267,4,6,FALSE,FALSE,FALSE
"GENE1123","GENE1123_HUMAN","P50077","Protein GENE1123",-0.3537,1,0.744645,0,0.1281,3,5,FALSE,FALSE,FALSE
"GENE2103","GENE2103_HUMAN","P87083","Protein GENE2103",0.5717,1,0.489593,0.2126,0.3102,5,2,FALSE,FALSE,FALSE
"GENE0858","GENE0858_HUMAN","P86195","Protein GENE0858",0.3366,1,0.922309,0,0.0351,6,6,FALSE,FALSE,FALSE
"GENE1637","GENE1637_HUMAN","P50708","Protein GENE1637",0.3921,1,0.859484,0.0332,0.0658,3,4,FALSE,TRUE,FALSE
"GENE2192","GENE2192_HUMAN","P01434","Protein GENE2192",-0.2452,0.781225,0.420269,0,0.3765,6,4,TRUE,FALSE,FALSE
"UFL1","UFL1_HUMAN","P22557","Protein UFL1",-2.2907,0.152128,0.033205,1.1858,1.4788,5,3,FALSE,TRUE,TRUE
"GENE0038","GENE0038_HUMAN","P20670","Protein GENE0038",0.5154,0.794602,0.508135,0,0.294,4,6,FALSE,FALSE,FALSE
"GENE1385","GENE1385_HUMAN","P36465","Protein GENE1385",0.1845,0.565911,0.288317,0,0.5401,3,6,FALSE,FALSE,FALSE
"GENE0861","GENE0861_HUMAN","P10063","Protein GENE0861",-0.1184,0.933535,0.664733,0,0.1774,5,5,FALSE,FALSE,FALSE
"GENE2316","GENE2316_HUMAN","P32291","Protein GENE2316",1.6702,0.023835,0.012522,1.4354,1.9023,4,4,FALSE,FALSE,TRUE
"GENE2648","GENE2648_HUMAN","P22284","Protein GENE2648",0.1389,0.61026,0.225365,0,0.6471,2,3,FALSE,TRUE,FALSE
"GENE1717","GENE1717_HUMAN","P00693","Protein GENE1717",3.7679,0.12861,0.047901,1.3171,1.3197,2,5,FALSE,FALSE,TRUE
"GENE0826","GENE0826_HUMAN","P35822","Protein GENE0826",0.4956,0.903771,0.208838,0.6684,0.6802,3,3,FALSE,FALSE,FALSE
"GENE2173","GENE2173_HUMAN","P52300","Protein GENE2173",-2.0244,0.110797,0.029007,1.0845,1.5375,3,4,FALSE,FALSE,TRUE
"GENE0279","GENE0279_HUMAN","P09919","Protein GENE0279",-0.0168,0.550112,0.547919,0,0.2613,6,4,FALSE,FALSE,FALSE
"GENE0173","GENE0173_HUMAN","P89142","Protein GENE0173",-0.9017,1,0.506923,0,0.2951,6,5,FALSE,FALSE,FALSE
"GENE1973","GENE1973_HUMAN","P56472","Protein GENE1973",0.2696,1,0.534761,0.0628,0.2718,6,6,FALSE,FALSE,FALSE
"GENE1221","GENE1221_HUMAN","P99323","Protein GENE1221",-0.5109,1,0.642563,0,0.1921,2,6,FALSE,FALSE,FALSE
"GENE1185","GENE1185_HUMAN","P93413","Protein GENE1185",0.0812,1,0.807507,0,0.0929,6,6,FALSE,FALSE,FALSE
"GENE0698","GENE0698_HUMAN","P39041","Protein GENE0698",0.6508,0.999735,0.388536,0,0.4106,2,3,FALSE,FALSE,FALSE
"GENE0783","GENE0783_HUMAN","P13624","Protein GENE0783",0.1227,1,0.573475,0,0.2415,3,4,FALSE,FALSE,FALSE
"GENE2362","GENE2362_HUMAN","P71060","Protein GENE2362",-0.2812,0.668502,0.422588,0.0957,0.3741,6,4,FALSE,FALSE,FALSE
"GENE0682","GENE0682_HUMAN","P81974","Protein GENE0682",-0.0493,1,0.52319,0,0.2813,2,5,FALSE,FALSE,FALSE
"GENE2612","GENE2612_HUMAN","P22922","Protein GENE2612",-0.3592,1,0.920291,0,0.0361,3,5,FALSE,FALSE,FALSE
"GENE1091","GENE1091_HUMAN","P09604","Protein GENE1091",0.6368,0.189611,0.047032,0.765,1.3276,5,3,FALSE,FALSE,TRUE
"GENE2202","GENE2202_HUMAN","P31809","Protein GENE2202",-0.6274,1,0.46725,0,0.3305,3,3,FALSE,FALSE,FALSE
"GENE1231","GENE1231_HUMAN","P83738","Protein GENE1231",0.3274,1,0.53612,0,0.2707,4,2,TRUE,FALSE,FALSE
"GENE1403","GENE1403_HUMAN","P87652","Protein GENE1403",3.4831,0.042002,0.013598,1.3774,1.8665,6,6,FALSE,FALSE,TRUE
"GENE0128","GENE0128_HUMAN","P66628","Protein GENE0128",-0.3632,1,0.615931,0,0.2105,5,6,FALSE,FALSE,FALSE
"GENE1992","GENE1992_HUMAN","P13297","Protein GENE1992",-0.2477,1,0.649,0,0.1878,5,3,FALSE,FALSE,FALSE
"GENE1493","GENE1493_HUMAN","P89550","Protein GENE1493",-0.4836,1,0.871624,0,0.0597,6,2,FALSE,FALSE,FALSE
"GENE2766","GENE2766_HUMAN","P19150","Protein GENE2766",0.1439,0.730069,0.368951,0.3784,0.433,2,3,FALSE,TRUE,FALSE
"GENE2591","GENE2591_HUMAN","P83428","Protein GENE2591",-0.1551,0.928069,0.521346,0,0.2829,3,6,FALSE,FALSE,FALSE
"GENE2795","GENE2795_HUMAN","P93370","Protein GENE2795",-0.5267,1,0.583118,0,0.2342,6,3,FALSE,FALSE,FALSE
"GENE1984","GENE1984_HUMAN","P28067","Protein GENE1984",0.1359,1,0.291327,0,0.5356,4,5,FALSE,FALSE,FALSE
"GENE2626","GENE2626_HUMAN","P58830","Protein GENE2626",-0.4598,1,0.995753,0,0.0018,6,4,TRUE,FALSE,FALSE
"GENE2235","GENE2235_HUMAN","P67958","Protein GENE2235",-0.0499,1,0.722176,0,0.1414,5,5,FALSE,FALSE,FALSE
"GENE2521","GENE2521_HUMAN","P57615","Protein GENE2521",0.1095,0.918149,0.778062,0,0.109,2,5,FALSE,FALSE,FALSE
"GENE1453","GENE1453_HUMAN","P29641","Protein GENE1453",0.289,0.79838,0.228179,0.1161,0.6417,3,6,FALSE,FALSE,FALSE
"GENE0274","GENE0274_HUMAN","P63863","Protein GENE0274",-0.1364,0.29759,0.122908,0.4587,0.9104,4,2,FALSE,TRUE,FALSE
"GENE1285","GENE1285_HUMAN","P50397","Protein GENE1285",-0.6238,1,0.93934,0,0.0272,6,4,FALSE,FALSE,FALSE
"GENE1777","GENE1777_HUMAN","P10087","Protein GENE1777",0.019,1,0.764539,0,0.1166,5,5,FALSE,FALSE,FALSE
"GENE1420","GENE1420_HUMAN","P76508","Protein GENE1420",0.0739,0.441847,0.117088,0.5995,0.9315,2,4,FALSE,FALSE,FALSE
"GENE2062","GENE2062_HUMAN","P19723","Protein GENE2062",0.1714,1,0.752686,0,0.1234,3,5,FALSE,FALSE,FALSE
"GENE0308","GENE0308_HUMAN","P81233","Protein GENE0308",-0.7011,1,0.682185,0,0.1661,6,6,FALSE,FALSE,FALSE
"GENE1574","GENE1574_HUMAN","P71799","Protein GENE1574",-0.1756,0.894719,0.623722,0,0.205,3,4,FALSE,FALSE,FALSE
"GENE2256","GENE2256_HUMAN","P48680","Protein GENE2256",0.245,0.584021,0.245471,0.414,0.61,6,6,FALSE,TRUE,FALSE
"GENE0505","GENE0505_HUMAN","P94282","Protein GENE0505",-0.4326,0.365426,0.214614,0.1321,0.6683,6,4,FALSE,FALSE,FALSE
"GENE1415","GENE1415_HUMAN","P85580","Protein GENE1415",0.3236,0.357043,0.190453,0.1856,0.7202,6,3,FALSE,FALSE,FALSE
"GENE1326","GENE1326_HUMAN","P62952","Protein GENE1326",-3.3896,0.087496,0.043073,0.7902,1.3658,3,3,TRUE,FALSE,TRUE
"GENE2080","GENE2080_HUMAN","P36652","Protein GENE2080",0.2629,0.22859,0.135245,0.4462,0.8689,5,6,FALSE,FALSE,FALSE
"GENE1868","GENE1868_HUMAN","P59128","Protein GENE1868",-0.1825,1,0.988968,0,0.0048,4,6,FALSE,FALSE,FALSE
"NCOA1","NCOA1_HUMAN","P91210","Protein NCOA1",-0.2207,1,0.386564,0,0.4128,6,4,FALSE,FALSE,FALSE
"GENE2432","GENE2432_HUMAN","P01412","Protein GENE2432",-0.5621,0.496952,0.329711,0.0129,0.4819,4,2,FALSE,TRUE,FALSE
"GENE1308","GENE1308_HUMAN","P89586","Protein GENE1308",-0.2686,1,0.709066,0,0.1493,6,5,FALSE,FALSE,FALSE
"GENE1843","GENE1843_HUMAN","P65714","Protein GENE1843",-0.1655,1,0.537413,0,0.2697,3,2,FALSE,FALSE,FALSE
"GENE1037","GENE1037_HUMAN","P35363","Protein GENE1037",0.1685,1,0.517873,0,0.2858,4,3,FALSE,FALSE,FALSE
"GENE2152","GENE2152_HUMAN","P98808","Protein GENE2152",-0.1279,1,0.892152,0,0.0496,4,2,FALSE,FALSE,FALSE
"GENE0703","GENE0703_HUMAN","P47614","Protein GENE0703",-0.8534,0.008291,0.002552,2.1526,2.5932,3,2,FALSE,FALSE,TRUE
"GENE2193","GENE2193_HUMAN","P26943","Protein GENE2193",0.2103,0.885579,0.580943,0,0.2359,2,5,FALSE,FALSE,FALSE
"GENE1678","GENE1678_HUMAN","P55436","Protein GENE1678",-0.1831,0.392578,0.298514,0.0633,0.525,4,4,FALSE,FALSE,FALSE
"GENE0034","GENE0034_HUMAN","P82833","Protein GENE0034",-0.4812,1,0.673693,0,0.1715,5,4,FALSE,TRUE,FALSE
"GENE0292","GENE0292_HUMAN","P68643","Protein GENE0292",0.8721,1,0.424173,0,0.3725,4,4,FALSE,FALSE,FALSE
"GENE0450","GENE0450_HUMAN","P49024","Protein GENE0450",-0.0558,0.575092,0.118977,0.5072,0.9245,4,3,FALSE,FALSE,FALSE
"GENE0179","GENE0179_HUMAN","P38236","Protein GENE0179",0.4158,1,0.625253,0,0.2039,4,3,FALSE,FALSE,FALSE
"GENE2034","GENE2034_HUMAN","P65378","Protein GENE2034",-0.1873,1,0.333208,0.3886,0.4773,5,3,FALSE,FALSE,FALSE
"GENE0490","GENE0490_HUMAN","P67423","Protein GENE0490",-0.1891,0.922084,0.605386,0,0.218,6,5,FALSE,FALSE,FALSE
"GENE0516","GENE0516_HUMAN","P44772","Protein GENE0516",-0.0639,0.596514,0.127381,0.3955,0.8949,3,4,FALSE,FALSE,FALSE
"GENE2268","GENE2268_HUMAN","P37536","Protein GENE2268",-0.3169,1,0.59668,0,0.2243,3,3,FALSE,FALSE,FALSE
"GENE2735","GENE2735_HUMAN","P19157","Protein GENE2735",0.3074,0.391208,0.119562,0.4282,0.9224,2,2,FALSE,FALSE,FALSE
"GENE1793","GENE1793_HUMAN","P50872","Protein GENE1793",0.3851,1,0.917993,0,0.0372,4,5,FALSE,FALSE,FALSE
"GENE1455","GENE1455_HUMAN","P53478","Protein GENE1455",-0.2358,0.86968,0.805986,0,0.0937,2,3,FALSE,FALSE,FALSE
"GENE1274","GENE1274_HUMAN","P42656","Protein GENE1274",0.1749,0.193693,0.063891,0.642,1.1946,4,4,FALSE,FALSE,FALSE
"GENE2073","GENE2073_HUMAN","P17390","Protein GENE2073",0.6065,1,0.940249,0,0.0268,2,6,FALSE,FALSE,FALSE
"GENE1968","GENE1968_HUMAN","P73291","Protein GENE1968",-0.0187,1,0.761885,0,0.1181,4,3,TRUE,FALSE,FALSE
"GENE0700","GENE0700_HUMAN","P71375","Protein GENE0700",0.033,1,0.456366,0.2234,0.3407,4,5,FALSE,FALSE,FALSE
"GENE2441","GENE2441_HUMAN","P36081","Protein GENE2441",0.0284,1,0.505958,0,0.2959,5,4,FALSE,FALSE,FALSE
"GENE0668","GENE0668_HUMAN","P49938","Protein GENE0668",0.6844,1,0.753569,0,0.1229,6,6,FALSE,FALSE,FALSE
"GENE0163","GENE0163_HUMAN","P74413","Protein GENE0163",-0.6506,0.942128,0.569706,0,0.2443,6,6,FALSE,FALSE,FALSE
"GENE2436","GENE2436_HUMAN","P55222","Protein GENE2436",0.6102,0.001489,0.000378,3.1298,3.422,2,4,FALSE,FALSE,TRUE
"GENE1716","GENE1716_HUMAN","P66518","Protein GENE1716",0.6353,1,0.728989,0,0.1373,6,2,FALSE,FALSE,FALSE
"GENE0775","GENE0775_HUMAN","P61334","Protein GENE0775",-0.1135,0.867176,0.353772,0,0.4513,3,2,FALSE,FALSE,FALSE
"GENE0779","GENE0779_HUMAN","P84335","Protein GENE0779",0.2677,1,0.277308,0.1396,0.557,5,5,FALSE,FALSE,FALSE
"GENE0237","GENE0237_HUMAN","P63683","Protein GENE0237",0.2954,0.337582,0.110479,0.7399,0.9567,3,5,FALSE,FALSE,FALSE
"GENE0136","GENE0136_HUMAN","P68255","Protein GENE0136",0.4975,0.941465,0.563069,0,0.2494,6,4,FALSE,FALSE,FALSE
"GENE1076","GENE1076_HUMAN","P31267","Protein GENE1076",0.7685,1,0.675098,0,0.1706,3,5,FALSE,FALSE,FALSE
"GENE1585","GENE1585_HUMAN","P15111","Protein GENE1585",-0.0057,1,0.547882,0,0.2613,2,4,FALSE,FALSE,FALSE
"GENE1239","GENE1239_HUMAN","P60829","Protein GENE1239",-0.2038,1,0.336094,0,0.4735,2,5,FALSE,FALSE,FALSE
"GENE2722","GENE2722_HUMAN","P07834","Protein GENE2722",-0.0228,0.948292,0.686028,0.1583,0.1637,5,3,FALSE,FALSE,FALSE
"GENE0256","GENE0256_HUMAN","P53502","Protein GENE0256",-0.0487,1,0.742884,0,0.1291,6,6,FALSE,FALSE,FALSE
"GENE2611","GENE2611_HUMAN","P53590","Protein GENE2611",2.0851,0.198366,0.040604,1.2575,1.3914,2,4,FALSE,FALSE,TRUE
"GENE2002","GENE2002_HUMAN","P09856","Protein GENE2002",2.3586,0.032178,0.019174,1.1583,1.7173,4,2,FALSE,FALSE,TRUE
"GENE1887","GENE1887_HUMAN","P53838","Protein GENE1887",-0.5924,1,0.680505,0,0.1672,2,4,FALSE,FALSE,FALSE
"GENE2413","GENE2413_HUMAN","P94724","Protein GENE2413",0.4909,0.46305,0.401088,0,0.3968,5,3,TRUE,FALSE,FALSE
"GENE2551","GENE2551_HUMAN","P94998","Protein GENE2551",0.5363,1,0.954702,0,0.0201,5,2,FALSE,FALSE,FALSE
"GENE1707","GENE1707_HUMAN","P28699","Protein GENE1707",-0.2837,1,0.924807,0,0.0339,2,3,FALSE,FALSE,FALSE
"GENE1644","GENE1644_HUMAN","P96374","Protein GENE1644",-0.1909,0.867021,0.599844,0,0.222,3,4,FALSE,FALSE,FALSE
"GENE1954","GENE1954_HUMAN","P09082","Protein GENE1954",0.3921,1,0.921186,0,0.0357,6,3,FALSE,FALSE,FALSE
"DHX36","DHX36_HUMAN","P89148","Protein DHX36",3.2108,0.010005,0.003676,1.7562,2.4346,2,6,FALSE,FALSE,TRUE
"GENE0971","GENE0971_HUMAN","P98054","Protein GENE0971",0.0779,1,0.842827,0,0.0743,5,5,FALSE,FALSE,FALSE
"GENE1919","GENE1919_HUMAN","P00611","Protein GENE1919",1.0437,0.046685,0.023944,0.9514,1.6208,2,2,FALSE,FALSE,TRUE
"GENE2457","GENE2457_HUMAN","P79509","Protein GENE2457",0.4902,1,0.893236,0,0.049,6,4,TRUE,FALSE,FALSE
"GENE0188","GENE0188_HUMAN","P21662","Protein GENE0188",0.5978,0.99585,0.2945,0,0.5309,6,4,FALSE,FALSE,FALSE
"GENE2297","GENE2297_HUMAN","P20503","Protein GENE2297",-0.4139,1,0.701771,0,0.1538,6,3,FALSE,FALSE,FALSE
"GENE1811","GENE1811_HUMAN","P20341","Protein GENE1811",-0.362,1,0.765356,0,0.1161,5,2,FALSE,FALSE,FALSE
"GENE2250","GENE2250_HUMAN","P25328","Protein GENE2250",0.2394,0.895048,0.685228,0,0.1642,5,2,TRUE,TRUE,FALSE
"GENE0259","GENE0259_HUMAN","P82266","Protein GENE0259",0.4877,1,0.387683,0,0.4115,4,4,FALSE,FALSE,FALSE
"GENE1147","GENE1147_HUMAN","P48677","Protein GENE1147",0.2483,1,0.926356,0,0.0332,4,5,FALSE,TRUE,FALSE
"ANKRD28","ANKRD28_HUMAN","P44879","Protein ANKRD28",3.6837,0.064791,0.019267,1.0716,1.7152,3,6,FALSE,FALSE,TRUE
"GENE2465","GENE2465_HUMAN","P68200","Protein GENE2465",0.2133,1,0.745012,0,0.1278,2,4,FALSE,FALSE,FALSE
"GENE2218","GENE2218_HUMAN","P51840","Protein GENE2218",1.9735,0.043584,0.011361,1.3253,1.9446,3,5,TRUE,FALSE,TRUE
"GENE1346","GENE1346_HUMAN","P87312","Protein GENE1346",1.8024,0.076726,0.038178,0.8597,1.4182,5,5,FALSE,FALSE,TRUE
"GENE1449","GENE1449_HUMAN","P01305","Protein GENE1449",-1.0206,0.118805,0.035293,1.0277,1.4523,2,6,FALSE,FALSE,TRUE
"GENE0165","GENE0165_HUMAN","P38917","Protein GENE0165",-0.4429,1,0.386502,0,0.4128,4,3,TRUE,FALSE,FALSE
"GENE2823","GENE2823_HUMAN","P95393","Protein GENE2823",0.3779,1,0.763487,0,0.1172,3,6,FALSE,FALSE,FALSE
"GENE1411","GENE1411_HUMAN","P26879","Protein GENE1411",-0.2716,0.972831,0.383085,0,0.4167,6,2,FALSE,TRUE,FALSE
"GENE1374","GENE1374_HUMAN","P65627","Protein GENE1374",-0.6032,1,0.771593,0,0.1126,5,2,FALSE,TRUE,FALSE
"GENE1110","GENE1110_HUMAN","P64629","Protein GENE1110",0.027,1,0.859026,0,0.066,5,3,FALSE,FALSE,FALSE
"GENE1316","GENE1316_HUMAN","P31012","Protein GENE1316",-0.1506,1,0.788845,0,0.103,2,4,TRUE,FALSE,FALSE
"GENE0660","GENE0660_HUMAN","P37281","Protein GENE0660",0.0532,0.683841,0.217802,0.1899,0.6619,4,3,FALSE,FALSE,FALSE
"GENE0893","GENE0893_HUMAN","P97341","Protein GENE0893",0.7112,1,0.666905,0,0.1759,5,4,FALSE,FALSE,FALSE
"GENE2101","GENE2101_HUMAN","P25472","Protein GENE2101",3.8423,0.038511,0.014448,1.2584,1.8402,4,4,FALSE,FALSE,TRUE
"GENE2385","GENE2385_HUMAN","P32821","Protein GENE2385",-0.1549,0.286725,0.171089,0.1028,0.7668,5,3,FALSE,TRUE,FALSE
"GENE0965","GENE0965_HUMAN","P06915","Protein GENE0965",0.25,1,0.865914,0,0.0625,6,3,FALSE,FALSE,FALSE
"GENE2745","GENE2745_HUMAN","P83401","Protein GENE2745",0.3278,1,0.625638,0.0396,0.2037,4,6,FALSE,FALSE,FALSE
"GENE0694","GENE0694_HUMAN","P71637","Protein GENE0694",-0.1023,1,0.334688,0.1394,0.4754,4,3,FALSE,FALSE,FALSE
"GENE1302","GENE1302_HUMAN","P00120","Protein GENE1302",-0.2217,1,0.846573,0,0.0723,3,3,FALSE,FALSE,FALSE
"GENE1026","GENE1026_HUMAN","P97279","Protein GENE1026",0.0118,1,0.809283,0,0.0919,2,6,TRUE,FALSE,FALSE
"GENE2777","GENE2777_HUMAN","P01713","Protein GENE2777",0.4579,1,0.972461,0,0.0121,6,5,FALSE,FALSE,FALSE
"GENE2680","GENE2680_HUMAN","P60667","Protein GENE2680",1.6049,0.037259,0.02516,1.1027,1.5993,6,5,FALSE,FALSE,TRUE
"GENE0649","GENE0649_HUMAN","P59282","Protein GENE0649",-0.5344,1,0.548735,0,0.2606,2,3,FALSE,FALSE,FALSE
"GENE1304","GENE1304_HUMAN","P23463","Protein GENE1304",0.5036,0.746003,0.264481,0.0787,0.5776,6,4,FALSE,FALSE,FALSE
"GENE1191","GENE1191_HUMAN","P84172","Protein GENE1191",0.184,0.736311,0.265759,0.1675,0.5755,2,6,FALSE,FALSE,FALSE
"GENE0809","GENE0809_HUMAN","P33163","Protein GENE0809",-0.354,1,0.740704,0,0.1304,5,5,FALSE,FALSE,FALSE
"GENE1658","GENE1658_HUMAN","P99251","Protein GENE1658",-0.1253,1,0.660079,0,0.1804,3,5,FALSE,FALSE,FALSE
"GENE1996","GENE1996_HUMAN","P05691","Protein GENE1996",-0.5807,0.426403,0.096347,0.7508,1.0162,2,2,FALSE,FALSE,FALSE
"GENE1612","GENE1612_HUMAN","P94695","Protein GENE1612",-4.3351,0.100494,0.042698,1.3034,1.3696,5,3,FALSE,FALSE,TRUE
"GENE1416","GENE1416_HUMAN","P05206","Protein GENE1416",0.2847,1,0.968115,0,0.0141,2,4,FALSE,FALSE,FALSE
"GENE2705","GENE2705_HUMAN","P99022","Protein GENE2705",-0.2177,0.581315,0.254507,0,0.5943,2,3,FALSE,FALSE,FALSE
"GENE1088","GENE1088_HUMAN","P11004","Protein GENE1088",-0.4406,1,0.930701,0,0.0312,6,3,FALSE,TRUE,FALSE
"GENE0107","GENE0107_HUMAN","P74736","Protein GENE0107",0.3787,1,0.446826,0,0.3499,2,5,FALSE,FALSE,FALSE
"GENE0429","GENE0429_HUMAN","P79755","Protein GENE0429",-0.1902,1,0.716124,0,0.145,4,5,FALSE,FALSE,FALSE
"GENE0080","GENE0080_HUMAN","P43259","Protein GENE0080",-0.3982,1,0.755455,0,0.1218,4,4,FALSE,FALSE,FALSE
"GENE2083","GENE2083_HUMAN","P65318","Protein GENE2083",3.404,0.038793,0.030547,1.2041,1.515,3,6,FALSE,FALSE,TRUE
"GENE0952","GENE0952_HUMAN","P09626","Protein GENE0952",0.1016,1,0.542222,0.1401,0.2658,2,4,FALSE,FALSE,FALSE
"GENE1687","GENE1687_HUMAN","P61211","Protein GENE1687",0.5815,1,0.807973,0,0.0926,6,5,FALSE,FALSE,FALSE
"GENE2664","GENE2664_HUMAN","P39623","Protein GENE2664",-0.5969,1,0.998981,0,4e-04,5,5,FALSE,FALSE,FALSE
"NCOA2","NCOA2_HUMAN","P44784","Protein NCOA2",3.3328,0.098754,0.026534,1.5569,1.5762,2,2,FALSE,FALSE,TRUE
"GENE1112","GENE1112_HUMAN","P58170","Protein GENE1112",-0.3899,1,0.511725,0,0.291,2,3,FALSE,FALSE,FALSE
"GENE1270","GENE1270_HUMAN","P30383","Protein GENE1270",0.331,1,0.745935,0,0.1273,6,4,FALSE,FALSE,FALSE
"GENE0101","GENE0101_HUMAN","P32216","Protein GENE0101",-0.278,0.452201,0.432092,0,0.3644,6,5,TRUE,FALSE,FALSE
"GENE0966","GENE0966_HUMAN","P16067","Protein GENE0966",0.6154,0.544057,0.257117,0,0.5899,4,4,FALSE,FALSE,FALSE
"GENE0364","GENE0364_HUMAN","P71203","Protein GENE0364",3.5474,0.174614,0.039629,0.7972,1.402,4,2,FALSE,FALSE,TRUE
"GENE0938","GENE0938_HUMAN","P18984","Protein GENE0938",0.4931,1,0.468064,0,0.3297,5,3,FALSE,FALSE,FALSE
"GENE0143","GENE0143_HUMAN","P08475","Protein GENE0143",0.1423,1,0.717194,0,0.1444,6,2,FALSE,FALSE,FALSE
"GENE0314","GENE0314_HUMAN","P18461","Protein GENE0314",1.034,0.095028,0.028715,1.2982,1.5419,4,2,FALSE,FALSE,TRUE
"GENE0183","GENE0183_HUMAN","P67782","Protein GENE0183",1.309,0.033373,0.008954,1.741,2.048,2,6,FALSE,FALSE,TRUE
"GENE2086","GENE2086_HUMAN","P58559","Protein GENE2086",-0.2052,0.418514,0.088079,0.4121,1.0551,6,2,TRUE,TRUE,FALSE
"GENE2359","GENE2359_HUMAN","P94208","Protein GENE2359",-0.3195,0.162547,0.156506,0.6881,0.8055,3,4,FALSE,FALSE,FALSE
"GENE0441","GENE0441_HUMAN","P30102","Protein GENE0441",0.4406,1,0.671837,0,0.1727,6,5,FALSE,FALSE,FALSE
"GENE0340","GENE0340_HUMAN","P78122","Protein GENE0340",-1.8315,0.130937,0.036064,1.241,1.4429,6,5,FALSE,TRUE,TRUE
"GENE0908","GENE0908_HUMAN","P78187","Protein GENE0908",-0.1917,1,0.821224,0,0.0855,6,6,FALSE,FALSE,FALSE
"GENE2857","GENE2857_HUMAN","P16301","Protein GENE2857",-0.0963,1,0.835002,0,0.0783,4,6,FALSE,TRUE,FALSE
"GENE1704","GENE1704_HUMAN","P14097","Protein GENE1704",0.3617,0.505335,0.389562,0,0.4094,5,5,FALSE,FALSE,FALSE
"GENE1105","GENE1105_HUMAN","P42177","Protein GENE1105",-0.7188,0.087064,0.018161,1.1229,1.7409,2,2,FALSE,FALSE,TRUE
"GENE2515","GENE2515_HUMAN","P57926","Protein GENE2515",-0.1986,1,0.716731,0,0.1446,3,6,FALSE,FALSE,FALSE
"GENE1692","GENE1692_HUMAN","P64749","Protein GENE1692",0.19,1,0.718997,0,0.1433,4,4,FALSE,FALSE,FALSE
"GENE0241","GENE0241_HUMAN","P81577","Protein GENE0241",0.1699,1,0.988356,0,0.0051,3,6,FALSE,FALSE,FALSE
"GENE1030","GENE1030_HUMAN","P44071","Protein GENE1030",3.1254,0.045577,0.025184,1.4792,1.5989,4,3,FALSE,FALSE,TRUE
"GENE0760","GENE0760_HUMAN","P91420","Protein GENE0760",0.1004,1,0.823316,0,0.0844,2,4,FALSE,FALSE,FALSE
"GENE1015","GENE1015_HUMAN","P21416","Protein GENE1015",0.2046,1,0.86063,0,0.0652,5,6,FALSE,FALSE,FALSE
"GENE1194","GENE1194_HUMAN","P01926","Protein GENE1194",0.3697,0.598932,0.323364,0,0.4903,5,4,FALSE,FALSE,FALSE
"GENE2767","GENE2767_HUMAN","P34052","Protein GENE2767",0.1671,0.845368,0.835184,0,0.0782,5,5,TRUE,FALSE,FALSE
"GENE2301","GENE2301_HUMAN","P88538","Protein GENE2301",0.1904,0.542382,0.2073,0.4399,0.6834,6,4,FALSE,TRUE,FALSE
"GENE1663","GENE1663_HUMAN","P07098","Protein GENE1663",-0.4507,0.797272,0.345501,0.3335,0.4616,2,4,FALSE,FALSE,FALSE
"GENE2570","GENE2570_HUMAN","P55984","Protein GENE2570",0.0458,0.53667,0.115874,0.6037,0.936,6,2,FALSE,TRUE,FALSE
"GENE0205","GENE0205_HUMAN","P00973","Protein GENE0205",0.4132,0.698661,0.325391,0,0.4876,4,4,FALSE,FALSE,FALSE
"GENE2053","GENE2053_HUMAN","P57712","Protein GENE2053",0.2017,0.995678,0.388122,0,0.411,2,3,FALSE,FALSE,FALSE
"GENE0039","GENE0039_HUMAN","P29686","Protein GENE0039",-0.4242,1,0.638216,0,0.195,2,3,FALSE,FALSE,FALSE
"GENE2265","GENE2265_HUMAN","P23463","Protein GENE2265",-0.0348,0.204372,0.089176,0.6909,1.0498,3,5,FALSE,FALSE,FALSE
"GENE1763","GENE1763_HUMAN","P30252","Protein GENE1763",0.1141,1,0.386574,0.0698,0.4128,3,6,FALSE,FALSE,FALSE
"GENE0112","GENE0112_HUMAN","P77255","Protein GENE0112",-0.0093,1,0.865383,0,0.0628,4,3,FALSE,FALSE,FALSE
"GENE1634","GENE1634_HUMAN","P82067","Protein GENE1634",-0.5612,1,0.742776,0.1179,0.1291,6,6,FALSE,TRUE,FALSE
"GENE0539","GENE0539_HUMAN","P86094","Protein GENE0539",0.2873,1,0.643994,0,0.1911,3,6,FALSE,FALSE,FALSE
"GENE2662","GENE2662_HUMAN","P11012","Protein GENE2662",0.2944,1,0.465828,0.0875,0.3318,5,5,FALSE,FALSE,FALSE
"GENE1943","GENE1943_HUMAN","P56932","Protein GENE1943",0.0523,1,0.798232,0,0.0979,5,5,TRUE,FALSE,FALSE
"GENE0758","GENE0758_HUMAN","P97326","Protein GENE0758",0.103,1,0.316529,0.0405,0.4996,2,2,TRUE,FALSE,FALSE
"GENE2092","GENE2092_HUMAN","P61485","Protein GENE2092",-1.019,1,0.693791,0,0.1588,6,5,FALSE,FALSE,FALSE
"GENE1067","GENE1067_HUMAN","P20327","Protein GENE1067",-0.4344,1,0.861115,0,0.0649,6,3,FALSE,FALSE,FALSE
"GENE1833","GENE1833_HUMAN","P57478","Protein GENE1833",-0.5242,0.904942,0.827343,0,0.0823,4,2,FALSE,FALSE,FALSE
"GENE2492","GENE2492_HUMAN","P54491","Protein GENE2492",-0.3008,0.841314,0.431139,0,0.3654,6,4,FALSE,FALSE,FALSE
"GENE2100","GENE2100_HUMAN","P04038","Protein GENE2100",-0.2357,1,0.558014,0,0.2534,4,2,FALSE,FALSE,FALSE
"GENE1063","GENE1063_HUMAN","P95854","Protein GENE1063",-0.7039,1,0.415234,0,0.3817,2,6,FALSE,FALSE,FALSE
"GENE2643","GENE2643_HUMAN","P20664","Protein GENE2643",0.6517,1,0.655091,0.0184,0.1837,3,4,FALSE,FALSE,FALSE
"GENE1993","GENE1993_HUMAN","P02690","Protein GENE1993",0.5175,0.49999,0.411521,0.3232,0.3856,6,3,TRUE,FALSE,FALSE
"GENE2787","GENE2787_HUMAN","P67525","Protein GENE2787",-0.1802,0.190505,0.060547,0.7716,1.2179,4,4,TRUE,FALSE,FALSE
"GENE0476","GENE0476_HUMAN","P71774","Protein GENE0476",-0.8765,1,0.371857,0,0.4296,5,4,FALSE,FALSE,FALSE
"GENE2651","GENE2651_HUMAN","P71265","Protein GENE2651",0.1483,1,0.801738,0.0499,0.096,6,4,FALSE,FALSE,FALSE
"GENE1924","GENE1924_HUMAN","P39863","Protein GENE1924",-0.0382,0.778096,0.289019,0.4088,0.5391,6,2,FALSE,FALSE,FALSE
"GENE1400","GENE1400_HUMAN","P52596","Protein GENE1400",-0.3269,1,0.896564,0,0.0474,3,2,FALSE,FALSE,FALSE
"GENE1961","GENE1961_HUMAN","P69764","Protein GENE1961",1.8562,0.080026,0.034875,1.2776,1.4575,2,3,FALSE,FALSE,TRUE
"GENE1742","GENE1742_HUMAN","P94006","Protein GENE1742",-0.31,1,0.637646,0,0.1954,3,5,FALSE,FALSE,FALSE
"GENE1556","GENE1556_HUMAN","P37463","Protein GENE1556",0.2806,1,0.4923,0,0.3078,5,6,FALSE,FALSE,FALSE
"GENE1471","GENE1471_HUMAN","P14383","Protein GENE1471",-2.0531,0.013204,0.010403,1.6899,1.9828,4,2,FALSE,FALSE,TRUE
"GENE0852","GENE0852_HUMAN","P34080","Protein GENE0852",-0.1779,0.685508,0.192164,0.1433,0.7163,2,4,FALSE,TRUE,FALSE
"GENE1075","GENE1075_HUMAN","P86263","Protein GENE1075",-0.2732,0.814699,0.190814,0.0897,0.7194,5,6,FALSE,FALSE,FALSE
"GENE1209","GENE1209_HUMAN","P88165","Protein GENE1209",0.7706,0.763965,0.183649,0.4042,0.736,5,6,FALSE,FALSE,FALSE
"GENE1068","GENE1068_HUMAN","P83914","Protein GENE1068",-0.0096,1,0.58501,0,0.2328,4,2,FALSE,FALSE,FALSE
"GENE2754","GENE2754_HUMAN","P32590","Protein GENE2754",-0.1799,1,0.259726,0.1139,0.5855,2,6,FALSE,FALSE,FALSE
"GENE0791","GENE0791_HUMAN","P99182","Protein GENE0791",0.0594,1,0.385376,0.0573,0.4141,2,6,FALSE,FALSE,FALSE
"GENE0106","GENE0106_HUMAN","P25046","Protein GENE0106",0.502,0.819585,0.242713,0,0.6149,6,2,FALSE,FALSE,FALSE
"GENE1972","GENE1972_HUMAN","P12132","Protein GENE1972",0.1991,1,0.413289,0.0133,0.3837,3,6,FALSE,FALSE,FALSE
"GENE2565","GENE2565_HUMAN","P49411","Protein GENE2565",-0.0847,0.638734,0.375083,0,0.4259,4,2,FALSE,FALSE,FALSE
"GENE0652","GENE0652_HUMAN","P59279","Protein GENE0652",0.1201,0.709582,0.62889,0,0.2014,6,4,FALSE,FALSE,FALSE
"GENE0956","GENE0956_HUMAN","P99160","Protein GENE0956",-0.6857,0.736301,0.158129,0.4142,0.801,5,4,FALSE,FALSE,FALSE
"GENE2341","GENE2341_HUMAN","P49540","Protein GENE2341",-3.9429,0.062683,0.013311,1.622,1.8758,4,2,FALSE,FALSE,TRUE
"GENE0506","GENE0506_HUMAN","P76834","Protein GENE0506",0.4976,1,0.977908,0,0.0097,5,5,TRUE,FALSE,FALSE
"GENE1841","GENE1841_HUMAN","P90340","Protein GENE1841",0.1173,1,0.86829,0,0.0613,3,4,FALSE,FALSE,FALSE
"GENE2090","GENE2090_HUMAN","P00608","Protein GENE2090",-0.6618,0.088724,0.086674,0.4316,1.0621,2,3,FALSE,FALSE,FALSE
"GENE2406","GENE2406_HUMAN","P17901","Protein GENE2406",-0.0689,1,0.522272,0,0.2821,2,5,TRUE,FALSE,FALSE
"GENE2716","GENE2716_HUMAN","P33135","Protein GENE2716",0.0516,1,0.693239,0,0.1591,5,4,FALSE,TRUE,FALSE
"GENE2655","GENE2655_HUMAN","P88197","Protein GENE2655",-1.0372,0.025072,0.005637,1.9114,2.249,4,4,FALSE,FALSE,TRUE
"GENE1987","GENE1987_HUMAN","P85708","Protein GENE1987",-0.1415,0.984507,0.294963,0.0284,0.5302,6,6,FALSE,FALSE,FALSE
"GENE1261","GENE1261_HUMAN","P20263","Protein GENE1261",0.1417,0.526662,0.121843,0.8967,0.9142,3,2,FALSE,FALSE,FALSE
"GENE0527","GENE0527_HUMAN","P00866","Protein GENE0527",0.5833,0.812984,0.657982,0,0.1818,4,4,FALSE,FALSE,FALSE
"GENE1640","GENE1640_HUMAN","P09920","Protein GENE1640",-0.4904,1,0.98599,0,0.0061,5,5,FALSE,FALSE,FALSE
"GENE0530","GENE0530_HUMAN","P19703","Protein GENE0530",-0.4171,0.954027,0.582621,0,0.2346,5,2,FALSE,FALSE,FALSE
"GENE0442","GENE0442_HUMAN","P88506","Protein GENE0442",2.0936,0.060502,0.042972,1.1786,1.3668,3,4,FALSE,TRUE,TRUE
"GENE1639","GENE1639_HUMAN","P96262","Protein GENE1639",0.8542,1,0.85593,0,0.0676,3,6,FALSE,FALSE,FALSE
"GENE1352","GENE1352_HUMAN","P80612","Protein GENE1352",-0.0058,1,0.951701,0,0.0215,5,6,FALSE,FALSE,FALSE
"GENE0211","GENE0211_HUMAN","P22115","Protein GENE0211",-0.5103,1,0.697957,0.0702,0.1562,4,4,FALSE,TRUE,FALSE
"GENE2402","GENE2402_HUMAN","P34301","Protein GENE2402",0.5453,1,0.837797,0,0.0769,6,6,FALSE,FALSE,FALSE
"GENE2819","GENE2819_HUMAN","P35472","Protein GENE2819",-0.0336,1,0.754624,0,0.1223,2,3,TRUE,FALSE,FALSE
"GENE1659","GENE1659_HUMAN","P37679","Protein GENE1659",0.2557,0.733168,0.518083,0,0.2856,6,4,FALSE,FALSE,FALSE
"GENE1117","GENE1117_HUMAN","P93377","Protein GENE1117",0.3427,1,0.538136,0,0.2691,6,4,TRUE,FALSE,FALSE
"GENE0637","GENE0637_HUMAN","P95737","Protein GENE0637",-0.1486,0.847523,0.385111,0.0574,0.4144,4,3,TRUE,FALSE,FALSE
"GENE0129","GENE0129_HUMAN","P35014","Protein GENE0129",0.3924,1,0.734836,0,0.1338,3,4,FALSE,FALSE,FALSE
"GENE1560","GENE1560_HUMAN","P03925","Protein GENE1560",-0.2104,0.486461,0.334488,0,0.4756,3,3,FALSE,FALSE,FALSE
"GENE0413","GENE0413_HUMAN","P59830","Protein GENE0413",-0.508,1,0.41171,0,0.3854,5,5,FALSE,FALSE,FALSE
"GENE1948","GENE1948_HUMAN","P83701","Protein GENE1948",-0.2922,1,0.825816,0,0.0831,6,3,FALSE,FALSE,FALSE
"GENE1273","GENE1273_HUMAN","P79876","Protein GENE1273",0.4426,1,0.833151,0,0.0793,3,2,FALSE,TRUE,FALSE
"GENE0504","GENE0504_HUMAN","P31472","Protein GENE0504",0.5329,0.631661,0.26511,0.4215,0.5766,3,2,FALSE,FALSE,FALSE
"GENE0248","GENE0248_HUMAN","P04363","Protein GENE0248",-0.4472,0.422686,0.145874,0.3091,0.836,5,3,FALSE,FALSE,FALSE
"GENE0641","GENE0641_HUMAN","P35332","Protein GENE0641",0.8023,1,0.648214,0,0.1883,4,2,FALSE,FALSE,FALSE
"GENE0225","GENE0225_HUMAN","P24722","Protein GENE0225",-0.5747,1,0.969338,0,0.0135,3,3,FALSE,FALSE,FALSE
"GENE2484","GENE2484_HUMAN","P82625","Protein GENE2484",0.2444,1,0.726997,0,0.1385,5,2,FALSE,FALSE,FALSE
"GENE0978","GENE0978_HUMAN","P62317","Protein GENE0978",0.2667,1,0.4267,0,0.3699,5,3,FALSE,FALSE,FALSE
"GENE2637","GENE2637_HUMAN","P07558","Protein GENE2637",0.5037,1,0.76536,0,0.1161,5,2,FALSE,FALSE,FALSE
"GENE0195","GENE0195_HUMAN","P86587","Protein GENE0195",-0.397,1,0.530947,0,0.2749,4,3,FALSE,TRUE,FALSE
"GENE0687","GENE0687_HUMAN","P27728","Protein GENE0687",-0.1702,1,0.747692,0,0.1263,3,6,FALSE,FALSE,FALSE
"GENE0127","GENE0127_HUMAN","P76824","Protein GENE0127",-0.0213,1,0.783271,0,0.1061,2,6,FALSE,FALSE,FALSE
"GENE1941","GENE1941_HUMAN","P19901","Protein GENE1941",-2.342,0.023176,0.004794,2.0772,2.3193,4,3,FALSE,FALSE,TRUE
"GENE1686","GENE1686_HUMAN","P27961","Protein GENE1686",-0.8208,0.957023,0.467627,0.1451,0.3301,4,4,FALSE,FALSE,FALSE
"GENE0469","GENE0469_HUMAN","P55786","Protein GENE0469",0.301,0.237401,0.140294,0.1711,0.853,2,4,FALSE,FALSE,FALSE
"GENE0850","GENE0850_HUMAN","P59693","Protein GENE0850",-4.2648,0.014911,0.003406,1.8638,2.4678,5,6,FALSE,FALSE,TRUE
"GENE2616","GENE2616_HUMAN","P28856","Protein GENE2616",0.6926,1,0.752124,0,0.1237,3,6,FALSE,FALSE,FALSE
"GENE0774","GENE0774_HUMAN","P28072","Protein GENE0774",-0.3164,1,0.957135,0,0.019,3,4,FALSE,FALSE,FALSE
"GENE0016","GENE0016_HUMAN","P72844","Protein GENE0016",0.212,1,0.534866,0.0235,0.2718,2,5,FALSE,FALSE,FALSE
"GENE0993","GENE0993_HUMAN","P87668","Protein GENE0993",-0.7665,0.040702,0.019915,1.5164,1.7008,6,5,FALSE,FALSE,TRUE
"GENE1459","GENE1459_HUMAN","P19739","Protein GENE1459",-0.0211,0.97294,0.522605,0.1446,0.2818,4,2,FALSE,FALSE,FALSE
"GENE1467","GENE1467_HUMAN","P81950","Protein GENE1467",-0.8785,0.549964,0.34201,0,0.466,6,4,FALSE,FALSE,FALSE
"GENE1694","GENE1694_HUMAN","P32660","Protein GENE1694",-0.6137,0.577831,0.220411,0,0.6568,5,5,FALSE,FALSE,FALSE
"GENE1254","GENE1254_HUMAN","P46936","Protein GENE1254",0.3052,1,0.985983,0,0.0061,5,3,FALSE,FALSE,FALSE
"GENE2428","GENE2428_HUMAN","P86956","Protein GENE2428",0.0686,0.66479,0.62915,0,0.2012,5,2,FALSE,FALSE,FALSE
"GENE1870","GENE1870_HUMAN","P28466","Protein GENE1870",0.4424,1,0.659207,0.0858,0.181,6,4,FALSE,FALSE,FALSE
"GENE2647","GENE2647_HUMAN","P80665","Protein GENE2647",0.4639,1,0.681818,0,0.1663,2,2,FALSE,FALSE,FALSE
"GENE2093","GENE2093_HUMAN","P81593","Protein GENE2093",0.2064,0.940957,0.219249,0.0868,0.6591,5,6,FALSE,FALSE,FALSE
"GENE0451","GENE0451_HUMAN","P50230","Protein GENE0451",0.0306,0.301082,0.185252,0.484,0.7322,4,3,FALSE,FALSE,FALSE
"GENE0573","GENE0573_HUMAN","P69539","Protein GENE0573",-2.9858,0.130974,0.027219,0.9622,1.5651,2,3,FALSE,FALSE,TRUE
"GENE0407","GENE0407_HUMAN","P40747","Protein GENE0407",-0.1464,0.512468,0.107694,0.3036,0.9678,4,2,FALSE,FALSE,FALSE
"GENE1730","GENE1730_HUMAN","P82912","Protein GENE1730",-0.7351,1,0.558767,0,0.2528,6,2,TRUE,FALSE,FALSE
"GENE2858","GENE2858_HUMAN","P17275","Protein GENE2858",-0.408,1,0.805606,0.0744,0.0939,4,4,FALSE,FALSE,FALSE
"GENE1318","GENE1318_HUMAN","P80512","Protein GENE1318",0.27,1,0.533769,0,0.2726,2,3,FALSE,FALSE,FALSE
"GENE2219","GENE2219_HUMAN","P73789","Protein GENE2219",0.201,1,0.524563,0,0.2802,5,4,FALSE,FALSE,FALSE
"GENE2145","GENE2145_HUMAN","P15211","Protein GENE2145",0.0438,1,0.786797,0,0.1041,6,6,FALSE,FALSE,FALSE
"GENE0824","GENE0824_HUMAN","P70439","Protein GENE0824",0.0811,1,0.961951,0,0.0168,3,5,FALSE,FALSE,FALSE
"GENE2328","GENE2328_HUMAN","P59858","Protein GENE2328",-0.8327,1,0.954023,0,0.0204,6,6,FALSE,FALSE,FALSE
"GENE0354","GENE0354_HUMAN","P45766","Protein GENE0354",0.3171,1,0.954003,0,0.0205,6,5,FALSE,FALSE,FALSE
"GENE0553","GENE0553_HUMAN","P49391","Protein GENE0553",0.1048,0.824754,0.231651,0.3357,0.6352,6,5,FALSE,FALSE,FALSE
"GENE2773","GENE2773_HUMAN","P92065","Protein GENE2773",-0.1129,1,0.844599,0,0.0733,4,3,FALSE,FALSE,FALSE
"GENE0411","GENE0411_HUMAN","P77439","Protein GENE0411",0.4928,0.890482,0.81061,0,0.0912,4,4,FALSE,FALSE,FALSE
"GENE1092","GENE1092_HUMAN","P34525","Protein GENE1092",0.5065,1,0.440974,0,0.3556,6,5,FALSE,FALSE,FALSE
"GENE2204","GENE2204_HUMAN","P50071","Protein GENE2204",3.5878,0.074466,0.016623,1.5044,1.7793,4,4,FALSE,TRUE,TRUE
"GENE1703","GENE1703_HUMAN","P52113","Protein GENE1703",-0.3248,0.248784,0.08364,0.5653,1.0776,2,5,FALSE,FALSE,FALSE
"GENE0959","GENE0959_HUMAN","P51983","Protein GENE0959",0.5117,0.554726,0.118427,0.6342,0.9265,4,4,FALSE,FALSE,FALSE
"GENE1998","GENE1998_HUMAN","P24745","Protein GENE1998",-0.1479,1,0.761191,0,0.1185,4,4,FALSE,FALSE,FALSE
"GENE1009","GENE1009_HUMAN","P66900","Protein GENE1009",3.1785,0.138871,0.033657,1.2334,1.4729,5,3,FALSE,FALSE,TRUE
"GENE2640","GENE2640_HUMAN","P12361","Protein GENE2640",0.798,1,0.929598,0,0.0317,6,6,TRUE,FALSE,FALSE
"GENE2523","GENE2523_HUMAN","P43405","Protein GENE2523",-0.3198,0.237253,0.168378,0.1034,0.7737,3,6,FALSE,FALSE,FALSE
"GENE0302","GENE0302_HUMAN","P15441","Protein GENE0302",2.9365,0.07508,0.022251,1.1763,1.6526,4,3,FALSE,FALSE,TRUE
"GENE1769","GENE1769_HUMAN","P76714","Protein GENE1769",-4.4559,0.012096,0.007919,1.6049,2.1013,5,2,FALSE,FALSE,TRUE
"GENE2771","GENE2771_HUMAN","P24902","Protein GENE2771",-0.3913,1,0.767608,0,0.1149,2,2,FALSE,FALSE,FALSE
"GENE2317","GENE2317_HUMAN","P05390","Protein GENE2317",0.3996,0.738764,0.450167,0,0.3466,3,5,FALSE,FALSE,FALSE
"GENE1342","GENE1342_HUMAN","P81824","Protein GENE1342",-0.4169,1,0.32594,0,0.4869,6,6,FALSE,FALSE,FALSE
"GENE0276","GENE0276_HUMAN","P38085","Protein GENE0276",0.517,1,0.26835,0.4432,0.5713,2,2,FALSE,FALSE,FALSE
"GENE0468","GENE0468_HUMAN","P30792","Protein GENE0468",0.0929,1,0.224821,0.4233,0.6482,4,3,FALSE,FALSE,FALSE
"GENE2505","GENE2505_HUMAN","P36703","Protein GENE2505",3.1378,0.07129,0.047669,0.6427,1.3218,4,3,FALSE,TRUE,TRUE
"GENE1440","GENE1440_HUMAN","P48510","Protein GENE1440",0.2061,1,0.484195,0,0.315,3,2,FALSE,FALSE,FALSE
"GENE1427","GENE1427_HUMAN","P57539","Protein GENE1427",0.2856,1,0.575843,0.1766,0.2397,2,4,TRUE,FALSE,FALSE
"GENE2059","GENE2059_HUMAN","P95890","Protein GENE2059",-0.0655,0.670387,0.35642,0,0.448,2,5,FALSE,FALSE,FALSE
"GENE2600","GENE2600_HUMAN","P35696","Protein GENE2600",0.286,1,0.782697,0,0.1064,6,5,TRUE,FALSE,FALSE
"GENE2295","GENE2295_HUMAN","P12294","Protein GENE2295",-0.0992,1,0.748033,0.0066,0.1261,2,6,FALSE,TRUE,FALSE
"GENE2774","GENE2774_HUMAN","P46515","Protein GENE2774",-0.17,1,0.478908,0.0508,0.3197,6,2,FALSE,FALSE,FALSE
"GENE0096","GENE0096_HUMAN","P07127","Protein GENE0096",-0.2542,0.44393,0.188933,0.2089,0.7237,4,2,FALSE,TRUE,FALSE
"GENE1949","GENE1949_HUMAN","P56345","Protein GENE1949",2.3472,0.0343,0.01105,1.2845,1.9566,2,6,FALSE,TRUE,TRUE
"UFSP2","UFSP2_HUMAN","P41928","Protein UFSP2",1.1279,0.006774,0.004917,1.638,2.3083,5,5,FALSE,FALSE,TRUE
"GENE1810","GENE1810_HUMAN","P57971","Protein GENE1810",-0.1083,0.359296,0.334531,0,0.4756,2,4,FALSE,FALSE,FALSE
"GENE0489","GENE0489_HUMAN","P68613","Protein GENE0489",0.1253,1,0.523352,0,0.2812,6,3,FALSE,FALSE,FALSE
"GENE2115","GENE2115_HUMAN","P63229","Protein GENE2115",-0.2935,0.139868,0.064639,0.4944,1.1895,2,3,FALSE,FALSE,FALSE
"GENE2267","GENE2267_HUMAN","P09746","Protein GENE2267",-0.2538,1,0.299402,0.1826,0.5237,4,5,FALSE,FALSE,FALSE
"GENE2678","GENE2678_HUMAN","P29626","Protein GENE2678",0.1941,1,0.467477,0,0.3302,5,6,FALSE,TRUE,FALSE
"GENE2770","GENE2770_HUMAN","P05223","Protein GENE2770",0.3644,1,0.960181,0,0.0176,3,2,FALSE,FALSE,FALSE
"GENE1592","GENE1592_HUMAN","P13534","Protein GENE1592",-0.3716,0.649882,0.516646,0,0.2868,4,3,FALSE,FALSE,FALSE
"GENE1953","GENE1953_HUMAN","P63750","Protein GENE1953",-1.3744,0.086818,0.030236,0.9406,1.5195,2,4,FALSE,FALSE,TRUE
"GENE0449","GENE0449_HUMAN","P75378","Protein GENE0449",0.4337,1,0.817599,0,0.0875,6,4,FALSE,FALSE,FALSE
"GENE1712","GENE1712_HUMAN","P81098","Protein GENE1712",-0.7233,0.344497,0.285702,0.1361,0.5441,3,5,TRUE,FALSE,FALSE
"GENE2893","GENE2893_HUMAN","P51628","Protein GENE2893",-0.3085,0.382468,0.094588,0.9224,1.0242,2,6,FALSE,TRUE,FALSE
"GENE1226","GENE1226_HUMAN","P15833","Protein GENE1226",0.0251,0.140741,0.108364,0.2894,0.9651,4,5,FALSE,FALSE,FALSE
"GENE2677","GENE2677_HUMAN","P44489","Protein GENE2677",0.4857,1,0.769215,0.0747,0.114,2,4,FALSE,TRUE,FALSE
"GENE0556","GENE0556_HUMAN","P45349","Protein GENE0556",-0.7068,0.540875,0.535372,0.1025,0.2713,6,5,FALSE,FALSE,FALSE
"GENE2003","GENE2003_HUMAN","P46058","Protein GENE2003",-0.7415,0.091172,0.028,1.0603,1.5528,2,5,FALSE,FALSE,TRUE
"GENE0272","GENE0272_HUMAN","P86831","Protein GENE0272",3.0258,0.029839,0.006914,1.5688,2.1603,2,6,FALSE,FALSE,TRUE
"GENE1212","GENE1212_HUMAN","P51794","Protein GENE1212",0.0871,0.509171,0.497039,0,0.3036,5,6,TRUE,FALSE,FALSE
"GENE1825","GENE1825_HUMAN","P40694","Protein GENE1825",-0.3642,1,0.965549,0,0.0152,5,3,FALSE,FALSE,FALSE
"GENE1188","GENE1188_HUMAN","P73594","Protein GENE1188",-0.4137,0.903732,0.877004,0,0.057,4,4,FALSE,FALSE,FALSE
"GENE2448","GENE2448_HUMAN","P78188","Protein GENE2448",-0.5577,1,0.860781,0,0.0651,4,6,FALSE,FALSE,FALSE
"GENE2290","GENE2290_HUMAN","P72474","Protein GENE2290",0.136,1,0.942716,0,0.0256,2,3,FALSE,FALSE,FALSE
"GENE0611","GENE0611_HUMAN","P97844","Protein GENE0611",-3.6937,0.013782,0.012668,1.3218,1.8973,5,2,FALSE,FALSE,TRUE
"GENE0343","GENE0343_HUMAN","P09691","Protein GENE0343",-0.022,1,0.969051,0,0.0137,2,5,FALSE,FALSE,FALSE
"GENE2845","GENE2845_HUMAN","P10239","Protein GENE2845",-0.7034,0.391008,0.346176,0,0.4607,5,4,FALSE,FALSE,FALSE
"GENE1521","GENE1521_HUMAN","P06395","Protein GENE1521",-1.0156,1,0.630616,0,0.2002,3,5,FALSE,FALSE,FALSE
"GENE0347","GENE0347_HUMAN","P69021","Protein GENE0347",-0.506,0.812687,0.221927,0.2904,0.6538,2,4,FALSE,FALSE,FALSE
"GENE0695","GENE0695_HUMAN","P39024","Protein GENE0695",0.421,1,0.558095,0,0.2533,3,6,FALSE,FALSE,FALSE
"GENE2201","GENE2201_HUMAN","P64002","Protein GENE2201",-0.4272,0.34447,0.309303,0.3218,0.5096,6,6,FALSE,FALSE,FALSE
"GENE2048","GENE2048_HUMAN","P17230","Protein GENE2048",-2.1113,0.16677,0.044774,1.0129,1.349,4,6,FALSE,TRUE,TRUE
"GENE2764","GENE2764_HUMAN","P22411","Protein GENE2764",-0.3575,1,0.495202,0,0.3052,2,5,FALSE,FALSE,FALSE
"GENE1456","GENE1456_HUMAN","P73988","Protein GENE1456",-0.4932,1,0.870054,0.0571,0.0605,2,6,FALSE,FALSE,FALSE
"GENE1012","GENE1012_HUMAN","P80624","Protein GENE1012",0.6472,1,0.698879,0,0.1556,4,6,FALSE,FALSE,FALSE
"GENE2610","GENE2610_HUMAN","P13328","Protein GENE2610",0.2627,1,0.995053,0,0.0022,4,4,FALSE,FALSE,FALSE
"GENE2371","GENE2371_HUMAN","P78686","Protein GENE2371",-0.3634,1,0.574781,0,0.2405,3,3,FALSE,FALSE,FALSE
"GENE2097","GENE2097_HUMAN","P74825","Protein GENE2097",4.3182,0.039238,0.03134,1.0741,1.5039,3,3,FALSE,FALSE,TRUE
"GENE1530","GENE1530_HUMAN","P75668","Protein GENE1530",-0.2878,0.380697,0.261986,0.1479,0.5817,5,3,FALSE,FALSE,FALSE
"GENE1837","GENE1837_HUMAN","P67089","Protein GENE1837",0.1512,0.268191,0.188165,0.3033,0.7255,4,6,FALSE,FALSE,FALSE
"GENE1109","GENE1109_HUMAN","P81986","Protein GENE1109",-0.3459,1,0.998435,0,7e-04,4,6,FALSE,FALSE,FALSE
"GENE1314","GENE1314_HUMAN","P06806","Protein GENE1314",0.4596,0.407105,0.371544,0.0566,0.43,2,5,TRUE,FALSE,FALSE
"GENE2041","GENE2041_HUMAN","P70232","Protein GENE2041",-0.4385,1,0.856079,0,0.0675,3,5,FALSE,FALSE,FALSE
"GENE0677","GENE0677_HUMAN","P34094","Protein GENE0677",0.4421,1,0.841288,0,0.0751,5,4,FALSE,FALSE,FALSE
"GENE0452","GENE0452_HUMAN","P04508","Protein GENE0452",-0.5086,0.134278,0.09171,0.7424,1.0376,5,6,FALSE,FALSE,FALSE
"GENE2650","GENE2650_HUMAN","P45502","Protein GENE2650",-0.2724,0.501609,0.479523,0,0.3192,3,5,FALSE,FALSE,FALSE
"GENE1284","GENE1284_HUMAN","P10442","Protein GENE1284",0.1626,0.142854,0.09864,0.9675,1.0059,2,6,FALSE,FALSE,FALSE
"GENE1278","GENE1278_HUMAN","P37176","Protein GENE1278",0.5481,0.779344,0.675955,0,0.1701,5,5,FALSE,FALSE,FALSE
"GENE1082","GENE1082_HUMAN","P57842","Protein GENE1082",-0.6516,1,0.792349,0,0.1011,6,4,FALSE,TRUE,FALSE
"GENE0567","GENE0567_HUMAN","P03615","Protein GENE0567",0.219,1,0.647936,0.0361,0.1885,6,4,FALSE,FALSE,FALSE
"GENE0412","GENE0412_HUMAN","P68400","Protein GENE0412",0.1646,1,0.613838,0,0.2119,2,2,FALSE,FALSE,FALSE
"GENE1969","GENE1969_HUMAN","P07945","Protein GENE1969",0.3307,0.278271,0.068236,0.6847,1.166,5,3,FALSE,FALSE,FALSE
"GENE1057","GENE1057_HUMAN","P50105","Protein GENE1057",-3.28,0.056726,0.018491,1.6803,1.733,4,6,FALSE,FALSE,TRUE
"GENE0620","GENE0620_HUMAN","P82766","Protein GENE0620",0.2723,0.143498,0.120613,0.4633,0.9186,5,6,FALSE,FALSE,FALSE
"GENE1153","GENE1153_HUMAN","P20009","Protein GENE1153",1.328,0.073848,0.029609,1.2374,1.5286,3,5,FALSE,FALSE,TRUE
"GENE2532","GENE2532_HUMAN","P22018","Protein GENE2532",0.1788,0.341631,0.07778,0.4212,1.1091,6,4,FALSE,TRUE,FALSE
"GENE1161","GENE1161_HUMAN","P24177","Protein GENE1161",-0.4812,0.498892,0.138299,0.2488,0.8592,2,5,FALSE,FALSE,FALSE
"GENE1596","GENE1596_HUMAN","P05365","Protein GENE1596",-0.1987,0.552449,0.450284,0,0.3465,2,6,FALSE,FALSE,FALSE
"GENE0309","GENE0309_HUMAN","P92027","Protein GENE0309",-0.3095,1,0.653139,0.1161,0.185,6,4,FALSE,FALSE,FALSE
"GENE0929","GENE0929_HUMAN","P14534","Protein GENE0929",-0.5493,0.40893,0.303868,0.2222,0.5173,4,3,TRUE,FALSE,FALSE
"GENE1609","GENE1609_HUMAN","P44659","Protein GENE1609",-0.071,0.236354,0.068401,0.5949,1.1649,4,2,FALSE,FALSE,FALSE
"GENE1460","GENE1460_HUMAN","P54782","Protein GENE1460",-0.2123,0.459974,0.227724,0.6395,0.6426,3,2,FALSE,FALSE,FALSE
"GENE1145","GENE1145_HUMAN","P61611","Protein GENE1145",-0.4459,1,0.900089,0,0.0457,2,4,FALSE,FALSE,FALSE
"GENE0541","GENE0541_HUMAN","P83486","Protein GENE0541",0.397,1,0.553505,0,0.2569,3,2,FALSE,FALSE,FALSE
"GENE1642","GENE1642_HUMAN","P39641","Protein GENE1642",0.3023,0.680525,0.362318,0.2403,0.4409,3,2,FALSE,FALSE,FALSE
"GENE0305","GENE0305_HUMAN","P56792","Protein GENE0305",0.8177,1,0.548281,0.0024,0.261,3,2,FALSE,FALSE,FALSE
"GENE0488","GENE0488_HUMAN","P20282","Protein GENE0488",-0.1987,1,0.374574,0,0.4265,3,6,FALSE,FALSE,FALSE
"GENE2312","GENE2312_HUMAN","P89759","Protein GENE2312",2.0313,0.046691,0.02293,0.9751,1.6396,6,2,FALSE,FALSE,TRUE
"GENE1124","GENE1124_HUMAN","P09264","Protein GENE1124",0.0745,1,0.816165,0,0.0882,5,4,FALSE,FALSE,FALSE
"ASCC1","ASCC1_HUMAN","P08049","Protein ASCC1",1.5848,0.095536,0.030128,1.2453,1.521,6,6,FALSE,FALSE,TRUE
"GENE1164","GENE1164_HUMAN","P25836","Protein GENE1164",-0.0012,0.795784,0.595841,0.06,0.2249,2,3,FALSE,FALSE,FALSE
"GENE0742","GENE0742_HUMAN","P59125","Protein GENE0742",-0.203,0.948723,0.219718,0.109,0.6581,4,2,FALSE,FALSE,FALSE
"GENE1422","GENE1422_HUMAN","P24013","Protein GENE1422",0.6824,1,0.927569,0,0.0327,5,4,TRUE,FALSE,FALSE
"GENE1805","GENE1805_HUMAN","P38636","Protein GENE1805",4.2336,0.043835,0.028477,1.3464,1.5455,2,4,FALSE,TRUE,TRUE
"GENE1781","GENE1781_HUMAN","P97677","Protein GENE1781",-0.3709,1,0.991717,0,0.0036,3,4,FALSE,FALSE,FALSE
"GENE2120","GENE2120_HUMAN","P17591","Protein GENE2120",0.2521,1,0.742307,0,0.1294,5,6,FALSE,FALSE,FALSE
"GENE0957","GENE0957_HUMAN","P55001","Protein GENE0957",0.1798,1,0.703199,0.1135,0.1529,6,3,FALSE,FALSE,FALSE
"GENE2352","GENE2352_HUMAN","P00999","Protein GENE2352",-0.1801,1,0.532632,0,0.2736,3,4,FALSE,FALSE,FALSE
"GENE0603","GENE0603_HUMAN","P47929","Protein GENE0603",-0.1411,1,0.665208,0.0039,0.177,3,2,FALSE,FALSE,FALSE
"GENE2336","GENE2336_HUMAN","P89910","Protein GENE2336",0.6533,1,0.798414,0,0.0978,2,5,FALSE,FALSE,FALSE
"GENE0291","GENE0291_HUMAN","P76661","Protein GENE0291",0.5707,0.618696,0.224921,0,0.648,4,2,FALSE,FALSE,FALSE
"GENE2189","GENE2189_HUMAN","P06082","Protein GENE2189",-0.0985,1,0.848295,0,0.0715,2,6,FALSE,FALSE,FALSE
"GENE2854","GENE2854_HUMAN","P35149","Protein GENE2854",0.4504,0.285106,0.121556,0.3358,0.9152,4,4,FALSE,FALSE,FALSE
"GENE1848","GENE1848_HUMAN","P30040","Protein GENE1848",-0.3634,1,0.827563,0,0.0822,2,2,FALSE,TRUE,FALSE
"GENE0474","GENE0474_HUMAN","P86978","Protein GENE0474",-0.3647,1,0.440359,0.3307,0.3562,2,6,FALSE,FALSE,FALSE
"GENE1446","GENE1446_HUMAN","P39115","Protein GENE1446",-0.0178,1,0.670092,0,0.1739,3,2,FALSE,FALSE,FALSE
"GENE1279","GENE1279_HUMAN","P83776","Protein GENE1279",-0.2018,0.251588,0.244431,0.3597,0.6118,6,2,FALSE,FALSE,FALSE
"GENE0636","GENE0636_HUMAN","P93615","Protein GENE0636",-0.1904,0.10156,0.060595,0.755,1.2176,4,4,FALSE,FALSE,FALSE
"GENE0123","GENE0123_HUMAN","P59984","Protein GENE0123",3.3587,0.157152,0.042167,1.0906,1.375,6,5,FALSE,FALSE,TRUE
"GENE0732","GENE0732_HUMAN","P89078","Protein GENE0732",0.1858,0.621297,0.279457,0.0955,0.5537,4,3,FALSE,FALSE,FALSE
"GENE2387","GENE2387_HUMAN","P87877","Protein GENE2387",-0.3103,1,0.427594,0,0.369,5,4,FALSE,FALSE,FALSE
"GENE1895","GENE1895_HUMAN","P16443","Protein GENE1895",-0.3613,1,0.905732,0,0.043,3,3,FALSE,FALSE,FALSE
"GENE0627","GENE0627_HUMAN","P89616","Protein GENE0627",0.1005,0.216538,0.111835,0.5703,0.9514,5,6,FALSE,FALSE,FALSE
"GENE2542","GENE2542_HUMAN","P90099","Protein GENE2542",-0.1181,1,0.811577,0,0.0907,2,4,FALSE,FALSE,FALSE
"GENE0216","GENE0216_HUMAN","P24554","Protein GENE0216",0.1483,1,0.995801,0,0.0018,5,5,FALSE,FALSE,FALSE
"GENE2200","GENE2200_HUMAN","P97090","Protein GENE2200",0.3093,1,0.607268,0,0.2166,6,5,TRUE,FALSE,FALSE
"GENE2552","GENE2552_HUMAN","P14596","Protein GENE2552",0.3775,1,0.383044,0,0.4168,2,2,FALSE,FALSE,FALSE
"GENE2262","GENE2262_HUMAN","P90684","Protein GENE2262",-0.0069,0.839215,0.556691,0.1345,0.2544,6,6,FALSE,FALSE,FALSE
"GENE2740","GENE2740_HUMAN","P40190","Protein GENE2740",0.622,0.589588,0.588526,0,0.2302,2,6,TRUE,FALSE,FALSE
"GENE2642","GENE2642_HUMAN","P12929","Protein GENE2642",-0.7292,1,0.627345,0,0.2025,6,4,FALSE,TRUE,FALSE
"GENE0946","GENE0946_HUMAN","P83354","Protein GENE0946",1.0288,0.001041,0.000347,3.0779,3.4595,2,5,FALSE,FALSE,TRUE
"GENE2031","GENE2031_HUMAN","P31416","Protein GENE2031",0.3155,1,0.42122,0,0.3755,2,6,FALSE,FALSE,FALSE
"GENE1534","GENE1534_HUMAN","P77246","Protein GENE1534",-0.128,1,0.982118,0,0.0078,5,3,FALSE,FALSE,FALSE
"GENE0484","GENE0484_HUMAN","P95683","Protein GENE0484",0.2289,0.294456,0.15097,0.241,0.8211,5,5,FALSE,FALSE,FALSE
"GENE2599","GENE2599_HUMAN","P94626","Protein GENE2599",-0.167,0.744384,0.226582,0.263,0.6448,4,6,FALSE,FALSE,FALSE
"GENE0218","GENE0218_HUMAN","P29972","Protein GENE0218",-0.011,1,0.775258,0,0.1106,4,2,FALSE,FALSE,FALSE
"GENE0172","GENE0172_HUMAN","P55857","Protein GENE0172",-0.278,0.492149,0.255922,0.5124,0.5919,4,5,TRUE,FALSE,FALSE
"GENE1255","GENE1255_HUMAN","P78262","Protein GENE1255",-0.5046,1,0.601153,0,0.221,2,6,FALSE,FALSE,FALSE
"GENE2562","GENE2562_HUMAN","P55723","Protein GENE2562",0.6808,0.705559,0.204014,0.3887,0.6903,5,2,TRUE,FALSE,FALSE
"GENE1578","GENE1578_HUMAN","P04515","Protein GENE1578",0.0919,1,0.667227,0,0.1757,2,6,TRUE,FALSE,FALSE
"GENE2401","GENE2401_HUMAN","P35035","Protein GENE2401",-0.2557,1,0.579907,0.1505,0.2366,5,5,FALSE,FALSE,FALSE
"GENE1291","GENE1291_HUMAN","P63308","Protein GENE1291",0.1944,0.889873,0.397081,0.1487,0.4011,2,4,FALSE,FALSE,FALSE
"GENE1372","GENE1372_HUMAN","P33136","Protein GENE1372",-0.5754,0.827763,0.284748,0,0.5455,5,4,FALSE,FALSE,FALSE
"GENE1207","GENE1207_HUMAN","P15998","Protein GENE1207",-4.4327,0.0439,0.014803,1.4933,1.8296,2,2,TRUE,FALSE,TRUE
"GENE0936","GENE0936_HUMAN","P97038","Protein GENE0936",0.8621,1,0.659472,0,0.1808,6,4,FALSE,FALSE,FALSE
"GENE1382","GENE1382_HUMAN","P39746","Protein GENE1382",-0.3287,0.8062,0.728405,0,0.1376,6,5,FALSE,FALSE,FALSE
"GENE2149","GENE2149_HUMAN","P41414","Protein GENE2149",-0.2967,1,0.985333,0,0.0064,6,2,TRUE,FALSE,FALSE
"GENE1033","GENE1033_HUMAN","P18290","Protein GENE1033",0.0223,1,0.30097,0,0.5215,5,6,FALSE,FALSE,FALSE
"GENE2363","GENE2363_HUMAN","P24615","Protein GENE2363",0.2438,1,0.560772,0,0.2512,3,6,FALSE,TRUE,FALSE
"GENE1035","GENE1035_HUMAN","P92565","Protein GENE1035",-2.3471,0.041539,0.018732,1.3047,1.7274,3,5,FALSE,FALSE,TRUE
"GENE0062","GENE0062_HUMAN","P27107","Protein GENE0062",-0.041,1,0.728809,0,0.1374,3,4,FALSE,FALSE,FALSE
"GENE1487","GENE1487_HUMAN","P76456","Protein GENE1487",0.0214,1,0.582989,0.0881,0.2343,6,5,FALSE,FALSE,FALSE
"GENE2727","GENE2727_HUMAN","P17595","Protein GENE2727",-0.2258,1,0.353103,0.4371,0.4521,5,2,FALSE,TRUE,FALSE
"GENE1104","GENE1104_HUMAN","P61827","Protein GENE1104",0.1629,1,0.666968,0,0.1759,4,3,FALSE,FALSE,FALSE
"GENE0629","GENE0629_HUMAN","P14201","Protein GENE0629",0.065,0.499959,0.235359,0,0.6283,5,2,FALSE,FALSE,FALSE
"GENE0617","GENE0617_HUMAN","P06811","Protein GENE0617",0.3381,1,0.325637,0.0057,0.4873,3,4,FALSE,FALSE,FALSE
"GENE2130","GENE2130_HUMAN","P06829","Protein GENE2130",0.2845,1,0.771051,0,0.1129,5,3,FALSE,FALSE,FALSE
"GENE1482","GENE1482_HUMAN","P93386","Protein GENE1482",-0.1649,1,0.609791,0,0.2148,4,5,FALSE,FALSE,FALSE
"GENE1751","GENE1751_HUMAN","P83552","Protein GENE1751",0.684,0.999747,0.818392,0,0.087,3,3,TRUE,FALSE,FALSE
"GENE2596","GENE2596_HUMAN","P31876","Protein GENE2596",-0.6451,0.592959,0.559618,0,0.2521,6,2,FALSE,FALSE,FALSE
"GENE0350","GENE0350_HUMAN","P71094","Protein GENE0350",0.4155,1,0.702798,0,0.1532,4,5,FALSE,FALSE,FALSE
"GENE2817","GENE2817_HUMAN","P27459","Protein GENE2817",-0.936,0.084975,0.038484,0.7747,1.4147,4,4,FALSE,FALSE,TRUE
"GENE1653","GENE1653_HUMAN","P25731","Protein GENE1653",0.2073,1,0.612433,0,0.2129,5,4,FALSE,TRUE,FALSE
"GENE1317","GENE1317_HUMAN","P06053","Protein GENE1317",0.4912,1,0.729063,0,0.1372,3,6,FALSE,FALSE,FALSE
"GENE2641","GENE2641_HUMAN","P17274","Protein GENE2641",2.4861,0.006716,0.003711,2.1651,2.4305,2,2,FALSE,FALSE,TRUE
"GENE0431","GENE0431_HUMAN","P04528","Protein GENE0431",0.6721,1,0.9053,0,0.0432,2,4,FALSE,FALSE,FALSE
"GENE2452","GENE2452_HUMAN","P58906","Protein GENE2452",-1.1224,0.881813,0.322024,0,0.4921,2,4,FALSE,FALSE,FALSE
"GENE0040","GENE0040_HUMAN","P33132","Protein GENE0040",-0.0032,1,0.430816,0.2726,0.3657,6,5,FALSE,FALSE,FALSE
"GENE1106","GENE1106_HUMAN","P85443","Protein GENE1106",0.7759,0.586277,0.136668,0.2822,0.8643,6,4,TRUE,FALSE,FALSE
"GPATCH8","GPATCH8_HUMAN","P44347","Protein GPATCH8",-0.1511,0.861254,0.258359,0.4805,0.5878,2,5,FALSE,FALSE,FALSE
"GENE1242","GENE1242_HUMAN","P11601","Protein GENE1242",0.7526,0.543976,0.164323,0.1888,0.7843,5,4,FALSE,TRUE,FALSE
"GENE0075","GENE0075_HUMAN","P45480","Protein GENE0075",0.4066,1,0.561253,0,0.2508,4,3,FALSE,FALSE,FALSE
"GENE1860","GENE1860_HUMAN","P14815","Protein GENE1860",0.2555,0.98328,0.279066,0.3238,0.5543,2,2,FALSE,FALSE,FALSE
"GENE1052","GENE1052_HUMAN","P71496","Protein GENE1052",-0.5056,1,0.910128,0,0.0409,2,2,FALSE,FALSE,FALSE
"GENE2442","GENE2442_HUMAN","P75817","Protein GENE2442",-0.6978,0.433515,0.299919,0,0.523,4,3,TRUE,FALSE,FALSE
"GENE1753","GENE1753_HUMAN","P56727","Protein GENE1753",0.0249,0.65577,0.17858,0.0663,0.7482,2,4,FALSE,FALSE,FALSE
"GENE2009","GENE2009_HUMAN","P35590","Protein GENE2009",-0.3099,1,0.937803,0,0.0279,6,2,FALSE,FALSE,FALSE
"GENE1551","GENE1551_HUMAN","P81636","Protein GENE1551",-0.7342,1,0.761728,0,0.1182,5,4,FALSE,FALSE,FALSE
"GENE1935","GENE1935_HUMAN","P92717","Protein GENE1935",-0.4608,1,0.830557,0,0.0806,5,4,FALSE,FALSE,FALSE
"GENE1669","GENE1669_HUMAN","P31895","Protein GENE1669",-0.5698,1,0.44923,0,0.3475,4,2,FALSE,FALSE,FALSE
"GENE2862","GENE2862_HUMAN","P27786","Protein GENE2862",0.1016,1,0.490308,0,0.3095,2,4,FALSE,TRUE,FALSE
"GENE2278","GENE2278_HUMAN","P43565","Protein GENE2278",0.0593,1,0.736827,0,0.1326,3,4,TRUE,FALSE,FALSE
"GENE1384","GENE1384_HUMAN","P87642","Protein GENE1384",-3.3073,0.073483,0.032478,0.7967,1.4884,4,2,FALSE,FALSE,TRUE
"GENE1417","GENE1417_HUMAN","P54498","Protein GENE1417",-0.1924,0.559693,0.469381,0,0.3285,6,2,TRUE,TRUE,FALSE
"GENE1190","GENE1190_HUMAN","P77273","Protein GENE1190",-0.1942,0.482113,0.322164,0.2308,0.4919,4,3,FALSE,FALSE,FALSE
"GENE2803","GENE2803_HUMAN","P35747","Protein GENE2803",-2.7291,0.139134,0.028244,1.1454,1.5491,5,6,TRUE,FALSE,TRUE
"GENE0453","GENE0453_HUMAN","P25049","Protein GENE0453",-0.1405,0.633389,0.347407,0.1896,0.4592,3,2,FALSE,FALSE,FALSE
"GENE0355","GENE0355_HUMAN","P38796","Protein GENE0355",-0.032,1,0.316951,0.1464,0.499,3,4,TRUE,FALSE,FALSE
"GENE2888","GENE2888_HUMAN","P52467","Protein GENE2888",-0.1159,1,0.531348,0,0.2746,2,5,TRUE,FALSE,FALSE
"GENE1629","GENE1629_HUMAN","P89811","Protein GENE1629",-0.0431,0.650368,0.161266,0.555,0.7925,5,3,TRUE,FALSE,FALSE
"GENE2151","GENE2151_HUMAN","P05680","Protein GENE2151",0.3977,0.364379,0.168213,0.1691,0.7741,3,6,FALSE,FALSE,FALSE
"GENE0467","GENE0467_HUMAN","P20398","Protein GENE0467",-4.254,0.213926,0.044313,0.9692,1.3535,3,5,FALSE,FALSE,TRUE
"GENE1951","GENE1951_HUMAN","P27100","Protein GENE1951",-0.1915,1,0.868621,0,0.0612,3,3,FALSE,FALSE,FALSE
"GENE1343","GENE1343_HUMAN","P67939","Protein GENE1343",-0.1754,0.13276,0.078708,0.6546,1.104,3,6,FALSE,FALSE,FALSE
"GENE2853","GENE2853_HUMAN","P97709","Protein GENE2853",0.5495,0.631526,0.237867,0,0.6237,6,2,FALSE,FALSE,FALSE
"GENE2566","GENE2566_HUMAN","P22561","Protein GENE2566",0.8119,1,0.432428,0,0.3641,5,2,FALSE,TRUE,FALSE
"GENE2556","GENE2556_HUMAN","P60420","Protein GENE2556",0.0092,1,0.880508,0,0.0553,4,5,FALSE,FALSE,FALSE
"GENE2029","GENE2029_HUMAN","P40938","Protein GENE2029",-0.5283,0.955103,0.432752,0,0.3638,6,6,FALSE,FALSE,FALSE
"GENE2104","GENE2104_HUMAN","P67450","Protein GENE2104",-0.3578,1,0.710316,0,0.1485,6,6,FALSE,FALSE,FALSE
"GENE2188","GENE2188_HUMAN","P71588","Protein GENE2188",1.1042,0.767785,0.489576,0.2382,0.3102,3,6,FALSE,FALSE,FALSE
"GENE1855","GENE1855_HUMAN","P87369","Protein GENE1855",-0.0233,1,0.933374,0,0.0299,4,6,FALSE,FALSE,FALSE
"GENE0647","GENE0647_HUMAN","P40860","Protein GENE0647",-0.7365,1,0.705667,0,0.1514,2,5,FALSE,FALSE,FALSE
"GENE0529","GENE0529_HUMAN","P37251","Protein GENE0529",0.4275,1,0.577362,0.1126,0.2386,6,6,FALSE,FALSE,FALSE
"GENE2462","GENE2462_HUMAN","P75241","Protein GENE2462",0.3506,0.582199,0.205299,0.3316,0.6876,3,4,FALSE,FALSE,FALSE
"GENE2194","GENE2194_HUMAN","P45131","Protein GENE2194",0.1834,1,0.590902,0.0312,0.2285,6,6,FALSE,FALSE,FALSE
"GENE2156","GENE2156_HUMAN","P70292","Protein GENE2156",0.3547,1,0.780986,0,0.1074,2,4,FALSE,FALSE,FALSE
"GENE1546","GENE1546_HUMAN","P68955","Protein GENE1546",0.0861,0.414356,0.15419,0.2783,0.8119,2,5,FALSE,TRUE,FALSE
"GENE0880","GENE0880_HUMAN","P85131","Protein GENE0880",-0.467,1,0.838888,0.0721,0.0763,6,3,FALSE,FALSE,FALSE
"GENE1213","GENE1213_HUMAN","P66027","Protein GENE1213",-0.3204,0.271555,0.171771,0.1388,0.765,4,3,FALSE,FALSE,FALSE
"GENE0422","GENE0422_HUMAN","P76845","Protein GENE0422",-0.6343,1,0.437927,0,0.3586,5,3,FALSE,FALSE,FALSE
"GENE0900","GENE0900_HUMAN","P60699","Protein GENE0900",-0.1017,1,0.608639,0,0.2156,6,3,FALSE,FALSE,FALSE
"GENE1765","GENE1765_HUMAN","P52436","Protein GENE1765",0.1285,1,0.297526,0,0.5265,3,2,TRUE,FALSE,FALSE
"GENE2507","GENE2507_HUMAN","P90962","Protein GENE2507",-0.0848,0.890044,0.797466,0,0.0983,6,3,FALSE,FALSE,FALSE
"GENE1379","GENE1379_HUMAN","P35420","Protein GENE1379",-0.3668,1,0.689177,0,0.1617,6,5,FALSE,FALSE,FALSE
"GENE2137","GENE2137_HUMAN","P57141","Protein GENE2137",-0.9373,1,0.905555,0,0.0431,3,4,FALSE,FALSE,FALSE
"GENE0912","GENE0912_HUMAN","P39812","Protein GENE0912",-1.0844,1,0.76211,0,0.118,6,2,FALSE,FALSE,FALSE
"GENE0085","GENE0085_HUMAN","P37413","Protein GENE0085",0.1482,1,0.621462,0,0.2066,5,5,FALSE,FALSE,FALSE
"GENE1766","GENE1766_HUMAN","P00322","Protein GENE1766",0.0439,0.737822,0.391414,0,0.4074,4,5,FALSE,FALSE,FALSE
"GENE0706","GENE0706_HUMAN","P44871","Protein GENE0706",-0.1957,1,0.829879,0.0266,0.081,6,6,FALSE,FALSE,FALSE
"GENE0756","GENE0756_HUMAN","P36056","Protein GENE0756",-0.6755,1,0.687874,0,0.1625,5,2,FALSE,FALSE,FALSE
"GENE2644","GENE2644_HUMAN","P73305","Protein GENE2644",-0.0577,0.621137,0.198581,0.3013,0.7021,4,2,FALSE,TRUE,FALSE
"GENE1084","GENE1084_HUMAN","P36653","Protein GENE1084",0.8378,1,0.901219,0,0.0452,6,5,FALSE,TRUE,FALSE
"GENE0746","GENE0746_HUMAN","P34240","Protein GENE0746",0.2691,1,0.862026,0,0.0645,5,6,FALSE,FALSE,FALSE
"GENE2411","GENE2411_HUMAN","P92172","Protein GENE2411",0.1361,1,0.489864,0,0.3099,5,6,FALSE,FALSE,FALSE
"GENE1500","GENE1500_HUMAN","P86369","Protein GENE1500",-0.0409,0.215407,0.076148,0.9859,1.1183,5,3,FALSE,FALSE,FALSE
"GENE2182","GENE2182_HUMAN","P10325","Protein GENE2182",0.1762,1,0.63396,0,0.1979,3,5,FALSE,FALSE,FALSE
"GENE0586","GENE0586_HUMAN","P86932","Protein GENE0586",-0.1268,1,0.384503,0,0.4151,6,5,FALSE,FALSE,FALSE
"GENE2082","GENE2082_HUMAN","P87907","Protein GENE2082",-0.0385,1,0.848024,0,0.0716,4,5,FALSE,FALSE,FALSE
"GENE2528","GENE2528_HUMAN","P78638","Protein GENE2528",-0.1223,1,0.498595,0.1957,0.3023,2,4,TRUE,FALSE,FALSE
"GENE0077","GENE0077_HUMAN","P80781","Protein GENE0077",-0.5726,0.360763,0.166944,0.1491,0.7774,3,6,FALSE,FALSE,FALSE
"GENE2052","GENE2052_HUMAN","P93379","Protein GENE2052",-0.0523,0.123221,0.087113,0.4176,1.0599,5,3,FALSE,FALSE,FALSE
"DDX17","DDX17_HUMAN","P70271","Protein DDX17",0.6449,1,0.600826,0,0.2213,6,5,FALSE,FALSE,FALSE
"GENE1083","GENE1083_HUMAN","P95758","Protein GENE1083",-0.0563,1,0.945193,0,0.0245,4,5,TRUE,FALSE,FALSE
"GENE0713","GENE0713_HUMAN","P49318","Protein GENE0713",0.8086,0.769199,0.307188,0.2192,0.5126,6,4,FALSE,FALSE,FALSE
"GENE1725","GENE1725_HUMAN","P45420","Protein GENE1725",0.3582,1,0.99104,0,0.0039,2,4,FALSE,FALSE,FALSE
"GENE0118","GENE0118_HUMAN","P87803","Protein GENE0118",-0.481,1,0.804709,0,0.0944,6,3,FALSE,FALSE,FALSE
"GENE2416","GENE2416_HUMAN","P70127","Protein GENE2416",0.6644,1,0.655671,0,0.1833,5,2,FALSE,FALSE,FALSE
"GENE1170","GENE1170_HUMAN","P16945","Protein GENE1170",0.1222,1,0.664349,0,0.1776,3,6,FALSE,FALSE,FALSE
"GENE0950","GENE0950_HUMAN","P02662","Protein GENE0950",0.0472,1,0.49136,0,0.3086,6,4,FALSE,FALSE,FALSE
"GENE2447","GENE2447_HUMAN","P73837","Protein GENE2447",-0.2845,1,0.935555,0,0.0289,2,3,FALSE,FALSE,FALSE
"PKN1","PKN1_HUMAN","P38311","Protein PKN1",1.0211,0.046968,0.033386,0.897,1.4764,3,5,FALSE,FALSE,TRUE
"GENE1253","GENE1253_HUMAN","P92801","Protein GENE1253",0.2909,1,0.694748,0,0.1582,2,4,FALSE,TRUE,FALSE
"GENE2738","GENE2738_HUMAN","P54050","Protein GENE2738",0.4277,0.162109,0.124097,0.5909,0.9062,4,6,FALSE,FALSE,FALSE
"GENE0209","GENE0209_HUMAN","P28593","Protein GENE0209",3.0452,0.121081,0.042105,1.1549,1.3757,2,5,FALSE,FALSE,TRUE
"GENE0562","GENE0562_HUMAN","P37853","Protein GENE0562",4.2569,0.08492,0.025044,1.1301,1.6013,4,3,FALSE,FALSE,TRUE
"GENE1496","GENE1496_HUMAN","P19835","Protein GENE1496",-0.0283,1,0.581207,0,0.2357,5,5,TRUE,FALSE,FALSE
"GENE1132","GENE1132_HUMAN","P90114","Protein GENE1132",0.3802,1,0.580819,0,0.236,4,3,FALSE,FALSE,FALSE
"GENE0300","GENE0300_HUMAN","P22708","Protein GENE0300",-0.0395,1,0.680801,0,0.167,6,6,FALSE,FALSE,FALSE
"GENE0630","GENE0630_HUMAN","P58226","Protein GENE0630",-0.1274,0.450398,0.094197,0.7647,1.026,2,5,FALSE,FALSE,FALSE
"GENE0830","GENE0830_HUMAN","P26280","Protein GENE0830",-0.086,0.94974,0.307882,0.0412,0.5116,6,5,FALSE,FALSE,FALSE
"GENE2619","GENE2619_HUMAN","P84099","Protein GENE2619",-0.4655,1,0.431189,0,0.3653,5,5,FALSE,FALSE,FALSE
"GENE0536","GENE0536_HUMAN","P82904","Protein GENE0536",0.283,0.828767,0.771011,0,0.1129,4,6,FALSE,FALSE,FALSE
"DDX21","DDX21_HUMAN","P94025","Protein DDX21",-0.5825,1,0.7927,0,0.1009,6,2,FALSE,FALSE,FALSE
"GENE0460","GENE0460_HUMAN","P52813","Protein GENE0460",-0.0885,1,0.971431,0,0.0126,5,5,FALSE,FALSE,FALSE
"GENE0069","GENE0069_HUMAN","P63013","Protein GENE0069",0.0587,0.548089,0.305474,0,0.515,6,5,FALSE,FALSE,FALSE
"GENE1005","GENE1005_HUMAN","P94261","Protein GENE1005",0.4543,1,0.933783,0,0.0298,4,2,FALSE,FALSE,FALSE
"GENE2139","GENE2139_HUMAN","P91149","Protein GENE2139",-0.2728,1,0.725188,0,0.1395,2,2,FALSE,FALSE,FALSE
"GENE2508","GENE2508_HUMAN","P27819","Protein GENE2508",-0.1334,0.298471,0.189894,0.3135,0.7215,4,6,FALSE,FALSE,FALSE
"GENE2670","GENE2670_HUMAN","P42295","Protein GENE2670",-0.4963,0.701958,0.519206,0,0.2847,6,3,FALSE,FALSE,FALSE
"GENE2221","GENE2221_HUMAN","P82287","Protein GENE2221",0.0132,1,0.727189,0,0.1384,2,5,FALSE,FALSE,FALSE
"GENE1910","GENE1910_HUMAN","P24433","Protein GENE1910",0.735,0.433716,0.407358,0.0694,0.39,5,6,FALSE,FALSE,FALSE
"GENE0281","GENE0281_HUMAN","P86648","Protein GENE0281",1.1313,1,0.726781,0,0.1386,6,6,FALSE,FALSE,FALSE
"GENE0696","GENE0696_HUMAN","P80472","Protein GENE0696",-0.5766,1,0.901481,0,0.045,6,3,FALSE,FALSE,FALSE
"GENE0974","GENE0974_HUMAN","P61821","Protein GENE0974",-0.4664,0.242227,0.175646,0.0613,0.7554,6,5,FALSE,FALSE,FALSE
"GENE1454","GENE1454_HUMAN","P50265","Protein GENE1454",-0.0488,1,0.851472,0,0.0698,5,5,FALSE,FALSE,FALSE
"GENE1631","GENE1631_HUMAN","P63079","Protein GENE1631",-0.2052,0.865556,0.778465,0,0.1088,2,3,TRUE,FALSE,FALSE
"GENE0983","GENE0983_HUMAN","P83041","Protein GENE0983",0.4006,1,0.76353,0.0717,0.1172,2,4,FALSE,FALSE,FALSE
"GENE0949","GENE0949_HUMAN","P61071","Protein GENE0949",0.509,0.492565,0.168787,0.3127,0.7727,5,3,FALSE,FALSE,FALSE
"GENE0688","GENE0688_HUMAN","P56876","Protein GENE0688",0.1748,0.553776,0.119639,0.3018,0.9221,6,6,FALSE,FALSE,FALSE
"GENE2460","GENE2460_HUMAN","P14222","Protein GENE2460",-0.7667,1,0.496103,0,0.3044,6,6,FALSE,FALSE,FALSE
"GENE2437","GENE2437_HUMAN","P56376","Protein GENE2437",0.3191,0.552574,0.435305,0.2507,0.3612,6,6,FALSE,FALSE,FALSE
"GENE0985","GENE0985_HUMAN","P93931","Protein GENE0985",0.0964,1,0.677032,0,0.1694,6,4,FALSE,FALSE,FALSE
"GENE0645","GENE0645_HUMAN","P39495","Protein GENE0645",-0.2838,1,0.870408,0,0.0603,3,6,FALSE,FALSE,FALSE
"GENE0917","GENE0917_HUMAN","P60028","Protein GENE0917",-0.8978,1,0.705288,0,0.1516,2,5,FALSE,FALSE,FALSE
"GENE1502","GENE1502_HUMAN","P54900","Protein GENE1502",0.8119,0.434703,0.15188,0.1249,0.8185,3,4,FALSE,FALSE,FALSE
"GENE0382","GENE0382_HUMAN","P29364","Protein GENE0382",0.0708,1,0.766299,0,0.1156,2,4,FALSE,FALSE,FALSE
"GENE0955","GENE0955_HUMAN","P55598","Protein GENE0955",-0.5613,1,0.820157,0,0.0861,5,5,FALSE,FALSE,FALSE
"GENE1220","GENE1220_HUMAN","P87310","Protein GENE1220",0.208,1,0.941417,0,0.0262,6,2,FALSE,FALSE,FALSE
"GENE0181","GENE0181_HUMAN","P95974","Protein GENE0181",-0.137,0.146688,0.060667,0.6331,1.217,4,6,FALSE,FALSE,FALSE
"GENE1512","GENE1512_HUMAN","P49771","Protein GENE1512",0.3971,0.393525,0.129001,0.6994,0.8894,6,6,FALSE,FALSE,FALSE
"GENE0727","GENE0727_HUMAN","P36336","Protein GENE0727",0.2751,1,0.380549,0,0.4196,5,3,FALSE,FALSE,FALSE
"GENE0323","GENE0323_HUMAN","P09716","Protein GENE0323",-0.2082,1,0.461486,0,0.3358,2,5,FALSE,FALSE,FALSE
"GENE0278","GENE0278_HUMAN","P87209","Protein GENE0278",0.0181,1,0.818192,0,0.0871,3,5,FALSE,FALSE,FALSE
"GENE0232","GENE0232_HUMAN","P38323","Protein GENE0232",-0.1878,0.441677,0.174678,0.3659,0.7578,5,2,FALSE,FALSE,FALSE
"GENE0448","GENE0448_HUMAN","P22009","Protein GENE0448",0.1791,1,0.585248,0,0.2327,6,2,FALSE,FALSE,FALSE
"GENE1702","GENE1702_HUMAN","P23655","Protein GENE1702",-0.2591,0.702376,0.527222,0,0.278,3,2,FALSE,FALSE,FALSE
"GENE1259","GENE1259_HUMAN","P50304","Protein GENE1259",-0.1461,1,0.683878,0,0.165,2,6,FALSE,FALSE,FALSE
"GENE1784","GENE1784_HUMAN","P48232","Protein GENE1784",-0.0236,1,0.963313,0,0.0162,6,6,FALSE,FALSE,FALSE
"GENE0972","GENE0972_HUMAN","P32173","Protein GENE0972",0.388,1,0.388912,0.0476,0.4101,5,2,FALSE,FALSE,FALSE
"GENE1851","GENE1851_HUMAN","P42740","Protein GENE1851",-0.2435,0.254936,0.203568,0.1432,0.6913,2,2,FALSE,FALSE,FALSE
"GENE0406","GENE0406_HUMAN","P96720","Protein GENE0406",-0.0447,1,0.415517,0,0.3814,2,4,TRUE,FALSE,FALSE
"GENE0508","GENE0508_HUMAN","P02439","Protein GENE0508",0.3123,0.894214,0.392034,0.2113,0.4067,5,6,FALSE,FALSE,FALSE
"GENE1250","GENE1250_HUMAN","P92408","Protein GENE1250",0.1182,1,0.769424,0,0.1138,3,3,FALSE,FALSE,FALSE
"GENE0800","GENE0800_HUMAN","P67827","Protein GENE0800",3.3121,0.0483,0.017724,1.2527,1.7514,2,6,FALSE,FALSE,TRUE
"GENE2057","GENE2057_HUMAN","P04312","Protein GENE2057",-0.579,1,0.497439,0,0.3033,6,6,FALSE,FALSE,FALSE
"GENE1204","GENE1204_HUMAN","P75870","Protein GENE1204",-0.1437,0.495085,0.488729,0,0.3109,4,3,FALSE,FALSE,FALSE
"GENE0277","GENE0277_HUMAN","P49104","Protein GENE0277",0.4622,0.24788,0.114256,0.845,0.9421,3,2,FALSE,FALSE,FALSE
"GENE1197","GENE1197_HUMAN","P24752","Protein GENE1197",-0.234,0.719146,0.290212,0,0.5373,3,3,FALSE,FALSE,FALSE
"GENE0930","GENE0930_HUMAN","P14720","Protein GENE0930",-0.2832,1,0.653852,0,0.1845,6,6,FALSE,FALSE,FALSE
"GENE2554","GENE2554_HUMAN","P95912","Protein GENE2554",0.3082,0.302344,0.069077,0.5208,1.1607,2,3,FALSE,FALSE,FALSE
"GENE2366","GENE2366_HUMAN","P56164","Protein GENE2366",0.025,1,0.531063,0,0.2749,6,4,FALSE,FALSE,FALSE
"GENE0942","GENE0942_HUMAN","P49187","Protein GENE0942",-0.0977,1,0.9014,0,0.0451,5,5,FALSE,FALSE,FALSE
"GENE2174","GENE2174_HUMAN","P52163","Protein GENE2174",0.4499,0.965578,0.752894,0,0.1233,3,3,FALSE,FALSE,FALSE
"GENE1986","GENE1986_HUMAN","P52047","Protein GENE1986",-0.4409,1,0.718764,0,0.1434,5,4,FALSE,FALSE,FALSE
"GENE0057","GENE0057_HUMAN","P64678","Protein GENE0057",-0.0477,1,0.401981,0,0.3958,6,6,FALSE,FALSE,FALSE
"GENE2555","GENE2555_HUMAN","P50546","Protein GENE2555",-0.5442,1,0.558054,0.2115,0.2533,3,5,FALSE,FALSE,FALSE
"GENE0968","GENE0968_HUMAN","P83215","Protein GENE0968",-0.327,0.919101,0.585606,0,0.2324,3,3,FALSE,FALSE,FALSE
"GENE1074","GENE1074_HUMAN","P40743","Protein GENE1074",0.1777,0.751474,0.380672,0.2047,0.4194,4,3,FALSE,FALSE,FALSE
"GENE2208","GENE2208_HUMAN","P03618","Protein GENE2208",-0.0899,1,0.700071,0.0344,0.1549,3,3,FALSE,FALSE,FALSE
"GENE1441","GENE1441_HUMAN","P85898","Protein GENE1441",0.3891,0.81805,0.199317,0.1941,0.7005,6,4,FALSE,FALSE,FALSE
"GENE2810","GENE2810_HUMAN","P95280","Protein GENE2810",-0.2609,0.839867,0.494289,0,0.306,5,3,FALSE,FALSE,FALSE
"GENE1025","GENE1025_HUMAN","P46957","Protein GENE1025",0.4161,1,0.956969,0,0.0191,3,6,FALSE,FALSE,FALSE
"GENE2840","GENE2840_HUMAN","P95353","Protein GENE2840",-0.7168,1,0.513977,0,0.2891,6,6,FALSE,FALSE,FALSE
"GENE0223","GENE0223_HUMAN","P07932","Protein GENE0223",-0.3302,1,0.429481,0.1894,0.3671,5,6,FALSE,FALSE,FALSE
"GENE1550","GENE1550_HUMAN","P63950","Protein GENE1550",0.0223,0.548332,0.197667,0.5525,0.7041,5,6,FALSE,FALSE,FALSE
"GENE1244","GENE1244_HUMAN","P08112","Protein GENE1244",0.0549,1,0.892817,0,0.0492,6,4,FALSE,FALSE,FALSE
"GENE1517","GENE1517_HUMAN","P00571","Protein GENE1517",-2.5621,0.000984,0.000428,3.3305,3.3683,2,2,FALSE,FALSE,TRUE
"GENE1210","GENE1210_HUMAN","P67024","Protein GENE1210",0.2988,1,0.944883,0,0.0246,4,2,FALSE,FALSE,FALSE
"GENE2305","GENE2305_HUMAN","P43818","Protein GENE2305",0.641,0.030283,0.006871,1.5888,2.163,3,5,FALSE,FALSE,TRUE
"GENE0318","GENE0318_HUMAN","P88230","Protein GENE0318",0.3768,1,0.803434,0,0.095,4,4,FALSE,FALSE,FALSE
"GENE0329","GENE0329_HUMAN","P20490","Protein GENE0329",-0.3509,0.682985,0.309595,0.2792,0.5092,5,3,FALSE,FALSE,FALSE
"GENE0202","GENE0202_HUMAN","P31290","Protein GENE0202",-0.8857,0.837651,0.626867,0,0.2028,2,2,TRUE,FALSE,FALSE
"GENE2699","GENE2699_HUMAN","P45236","Protein GENE2699",0.3084,1,0.74758,0,0.1263,6,5,FALSE,FALSE,FALSE
"GENE2514","GENE2514_HUMAN","P40734","Protein GENE2514",2.3894,0.075352,0.015931,1.3835,1.7977,2,6,FALSE,FALSE,TRUE
"GENE0459","GENE0459_HUMAN","P63159","Protein GENE0459",0.0042,0.183963,0.129821,0.2474,0.8867,6,6,FALSE,FALSE,FALSE
"GENE1720","GENE1720_HUMAN","P92514","Protein GENE1720",-0.3252,1,0.474788,0,0.3235,5,6,FALSE,FALSE,FALSE
"GENE1507","GENE1507_HUMAN","P19217","Protein GENE1507",-0.4503,0.698643,0.345585,0.0173,0.4614,3,4,TRUE,FALSE,FALSE
"GENE1878","GENE1878_HUMAN","P75337","Protein GENE1878",-1.0784,0.246927,0.121913,0.636,0.9139,6,2,FALSE,FALSE,FALSE
"GENE0623","GENE0623_HUMAN","P77052","Protein GENE0623",0.4651,0.412623,0.087726,0.747,1.0569,2,6,FALSE,FALSE,FALSE
"GENE2331","GENE2331_HUMAN","P86211","Protein GENE2331",0.1931,1,0.309604,0.2309,0.5092,4,4,FALSE,FALSE,FALSE
"GENE2567","GENE2567_HUMAN","P08246","Protein GENE2567",0.1224,0.768012,0.586435,0,0.2318,6,5,TRUE,TRUE,FALSE
"GENE2714","GENE2714_HUMAN","P04057","Protein GENE2714",-0.3559,0.34962,0.203561,0.2939,0.6913,6,5,FALSE,FALSE,FALSE
"GENE0253","GENE0253_HUMAN","P96103","Protein GENE0253",-0.0484,1,0.465949,0,0.3317,4,4,FALSE,FALSE,FALSE
"GENE2084","GENE2084_HUMAN","P18018","Protein GENE2084",0.0669,1,0.909231,0,0.0413,6,2,FALSE,FALSE,FALSE
"GENE0568","GENE0568_HUMAN","P49879","Protein GENE0568",-0.2853,1,0.510222,0,0.2922,4,5,FALSE,FALSE,FALSE
"GENE1792","GENE1792_HUMAN","P88470","Protein GENE1792",-4.3523,0.019975,0.010393,1.8632,1.9832,6,4,FALSE,FALSE,TRUE
"GENE1128","GENE1128_HUMAN","P60938","Protein GENE1128",0.2775,1,0.644502,0,0.1908,3,3,FALSE,FALSE,FALSE
"GENE1113","GENE1113_HUMAN","P56690","Protein GENE1113",0.8208,1,0.314717,0.0734,0.5021,4,5,FALSE,FALSE,FALSE
"GENE0631","GENE0631_HUMAN","P24462","Protein GENE0631",-0.1687,0.88337,0.838785,0,0.0763,6,6,FALSE,FALSE,FALSE
"GENE1376","GENE1376_HUMAN","P68304","Protein GENE1376",-0.4977,0.494764,0.134875,0.2506,0.8701,3,4,FALSE,FALSE,FALSE
"GENE2826","GENE2826_HUMAN","P62094","Protein GENE2826",0.6635,1,0.923212,0.0204,0.0347,6,2,FALSE,FALSE,FALSE
"GENE1351","GENE1351_HUMAN","P28946","Protein GENE1351",0.7268,1,0.892566,0,0.0494,6,3,FALSE,FALSE,FALSE
"GENE0793","GENE0793_HUMAN","P01094","Protein GENE0793",0.2994,1,0.346718,0.212,0.46,6,5,FALSE,FALSE,FALSE
"GENE2813","GENE2813_HUMAN","P17054","Protein GENE2813",-0.0052,1,0.605551,0.0572,0.2178,2,6,FALSE,FALSE,FALSE
"GENE0492","GENE0492_HUMAN","P06031","Protein GENE0492",0.6807,0.512543,0.30759,0.1079,0.512,3,3,FALSE,TRUE,FALSE
"GENE2374","GENE2374_HUMAN","P97314","Protein GENE2374",-0.5239,0.357693,0.220228,0.6174,0.6571,3,2,FALSE,FALSE,FALSE
"GENE1407","GENE1407_HUMAN","P01076","Protein GENE1407",0.4999,0.949105,0.253468,0.2105,0.5961,6,3,FALSE,FALSE,FALSE
"GENE1981","GENE1981_HUMAN","P69038","Protein GENE1981",0.3059,1,0.445379,0.0527,0.3513,2,2,FALSE,FALSE,FALSE
"GENE2228","GENE2228_HUMAN","P54121","Protein GENE2228",0.1453,1,0.636139,0,0.1964,5,6,FALSE,FALSE,FALSE
"GENE0790","GENE0790_HUMAN","P54185","Protein GENE0790",-0.2896,1,0.911479,0,0.0403,5,3,FALSE,FALSE,FALSE
"GENE2698","GENE2698_HUMAN","P77397","Protein GENE2698",-0.0232,0.096553,0.088416,0.5294,1.0535,6,6,FALSE,FALSE,FALSE
"GENE2579","GENE2579_HUMAN","P95025","Protein GENE2579",0.1232,1,0.395354,0.2103,0.403,6,4,FALSE,FALSE,FALSE
"GENE0525","GENE0525_HUMAN","P61440","Protein GENE0525",0.4916,0.756635,0.55973,0,0.252,2,2,FALSE,FALSE,FALSE
"GENE0613","GENE0613_HUMAN","P64106","Protein GENE0613",-0.4596,0.951759,0.815758,0,0.0884,4,3,FALSE,FALSE,FALSE
"GENE0766","GENE0766_HUMAN","P20111","Protein GENE0766",-0.7061,0.366178,0.350818,0,0.4549,3,2,FALSE,TRUE,FALSE
"GENE2070","GENE2070_HUMAN","P39781","Protein GENE2070",-0.2007,1,0.643613,0.0309,0.1914,5,5,FALSE,FALSE,FALSE
"GENE0920","GENE0920_HUMAN","P67522","Protein GENE0920",2.2488,0.060538,0.015641,1.2531,1.8057,5,2,FALSE,FALSE,TRUE
"GENE1797","GENE1797_HUMAN","P84438","Protein GENE1797",0.3385,1,0.62184,0.0681,0.2063,2,2,FALSE,TRUE,FALSE
"GENE2079","GENE2079_HUMAN","P93034","Protein GENE2079",-0.0487,1,0.641132,0,0.1931,5,2,TRUE,FALSE,FALSE
"GENE1912","GENE1912_HUMAN","P05460","Protein GENE1912",1.5958,0.180549,0.045076,1.0083,1.3461,2,3,FALSE,FALSE,TRUE
"GENE0507","GENE0507_HUMAN","P43096","Protein GENE0507",-0.6742,1,0.29654,0.1192,0.5279,2,6,FALSE,FALSE,FALSE
"GENE2210","GENE2210_HUMAN","P56528","Protein GENE2210",0.3376,1,0.877141,0,0.0569,4,2,FALSE,TRUE,FALSE
"GENE2762","GENE2762_HUMAN","P06600","Protein GENE2762",-0.1179,1,0.870505,0,0.0602,5,4,FALSE,FALSE,FALSE
"GENE0658","GENE0658_HUMAN","P04523","Protein GENE0658",4.3214,0.049817,0.010387,1.3492,1.9835,3,5,FALSE,FALSE,TRUE
"GENE2900","GENE2900_HUMAN","P71564","Protein GENE2900",-0.2944,0.903549,0.691124,0,0.1604,2,4,FALSE,TRUE,FALSE
"GENE1141","GENE1141_HUMAN","P74337","Protein GENE1141",0.7223,0.792302,0.245164,0.4988,0.6105,3,4,FALSE,FALSE,FALSE
"GENE1668","GENE1668_HUMAN","P41397","Protein GENE1668",3.1486,0.154798,0.044701,0.8304,1.3497,5,4,FALSE,FALSE,TRUE
"GENE0003","GENE0003_HUMAN","P22795","Protein GENE0003",0.3074,1,0.307204,0,0.5126,2,2,FALSE,FALSE,FALSE
"GENE0922","GENE0922_HUMAN","P51997","Protein GENE0922",-4.4997,0.043122,0.040802,0.7538,1.3893,3,3,FALSE,FALSE,TRUE
"GENE1177","GENE1177_HUMAN","P09004","Protein GENE1177",-0.3583,1,0.660509,0,0.1801,4,5,FALSE,TRUE,FALSE
"GENE0718","GENE0718_HUMAN","P51042","Protein GENE0718",0.0308,0.215282,0.139502,0.6871,0.8554,4,2,TRUE,FALSE,FALSE
"GENE1925","GENE1925_HUMAN","P34412","Protein GENE1925",-0.0698,0.933837,0.753084,0,0.1232,5,6,FALSE,FALSE,FALSE
"GENE2272","GENE2272_HUMAN","P78915","Protein GENE2272",-0.4181,1,0.780476,0,0.1076,4,6,FALSE,FALSE,FALSE
"GENE1624","GENE1624_HUMAN","P58986","Protein GENE1624",-0.3725,0.948877,0.218786,0.5797,0.66,2,4,FALSE,FALSE,FALSE
"GENE0659","GENE0659_HUMAN","P97655","Protein GENE0659",-0.1647,1,0.537644,0,0.2695,5,5,FALSE,FALSE,FALSE
"GENE1235","GENE1235_HUMAN","P74242","Protein GENE1235",0.3014,1,0.524123,0,0.2806,6,3,FALSE,FALSE,FALSE
"GENE2702","GENE2702_HUMAN","P59526","Protein GENE2702",-0.8451,0.094816,0.047184,0.9047,1.3262,6,5,FALSE,FALSE,TRUE
"GENE2772","GENE2772_HUMAN","P53263","Protein GENE2772",-0.5644,1,0.823612,0,0.0843,2,3,FALSE,FALSE,FALSE
"GENE0359","GENE0359_HUMAN","P69554","Protein GENE0359",0.0156,1,0.423067,0.135,0.3736,6,5,FALSE,FALSE,FALSE
"GENE2524","GENE2524_HUMAN","P65069","Protein GENE2524",-0.1688,1,0.822045,0,0.0851,4,2,FALSE,FALSE,FALSE
"GENE1423","GENE1423_HUMAN","P56287","Protein GENE1423",0.2557,0.528338,0.197031,0.1769,0.7055,6,6,FALSE,FALSE,FALSE
"GENE0454","GENE0454_HUMAN","P90093","Protein GENE0454",-0.8199,1,0.821518,0,0.0854,6,5,FALSE,FALSE,FALSE
"GENE0843","GENE0843_HUMAN","P23682","Protein GENE0843",0.334,1,0.843217,0,0.0741,4,4,FALSE,FALSE,FALSE
"GENE0749","GENE0749_HUMAN","P30698","Protein GENE0749",-0.1067,1,0.611626,0.1108,0.2135,5,3,FALSE,FALSE,FALSE
"GENE0254","GENE0254_HUMAN","P38250","Protein GENE0254",-0.2938,1,0.995595,0,0.0019,3,2,FALSE,FALSE,FALSE
"GENE1525","GENE1525_HUMAN","P56952","Protein GENE1525",-0.0811,1,0.622636,0,0.2058,3,3,FALSE,FALSE,FALSE
"GENE1135","GENE1135_HUMAN","P59862","Protein GENE1135",-0.1481,1,0.755093,0,0.122,6,4,FALSE,FALSE,FALSE
"GENE0619","GENE0619_HUMAN","P05837","Protein GENE0619",-0.6687,1,0.955864,0,0.0196,5,4,FALSE,FALSE,FALSE
"GENE2818","GENE2818_HUMAN","P76411","Protein GENE2818",-0.0027,1,0.353737,0,0.4513,3,3,FALSE,FALSE,FALSE
"GENE2804","GENE2804_HUMAN","P26661","Protein GENE2804",0.7753,1,0.920592,0,0.0359,3,3,FALSE,FALSE,FALSE
"GENE2017","GENE2017_HUMAN","P76048","Protein GENE2017",0.0399,0.493659,0.256321,0.1441,0.5912,2,3,FALSE,FALSE,FALSE
"GENE0945","GENE0945_HUMAN","P15349","Protein GENE0945",-0.0177,1,0.988057,0,0.0052,4,5,FALSE,TRUE,FALSE
"GENE2831","GENE2831_HUMAN","P22146","Protein GENE2831",0.5049,0.482648,0.224579,0.2072,0.6486,2,4,FALSE,FALSE,FALSE
"GENE0207","GENE0207_HUMAN","P59863","Protein GENE0207",-0.4995,1,0.714207,0,0.1462,4,4,FALSE,FALSE,FALSE
"GENE1354","GENE1354_HUMAN","P60540","Protein GENE1354",-2.6757,0.04033,0.014738,1.2728,1.8315,6,2,FALSE,FALSE,TRUE
"GENE0788","GENE0788_HUMAN","P18801","Protein GENE0788",0.0768,0.892446,0.186726,0.1833,0.7288,4,5,FALSE,FALSE,FALSE
"GENE1589","GENE1589_HUMAN","P33954","Protein GENE1589",-0.0654,1,0.685909,0,0.1637,2,3,FALSE,FALSE,FALSE
"GENE2025","GENE2025_HUMAN","P53106","Protein GENE2025",-0.1715,0.247144,0.232401,0.5859,0.6338,4,2,FALSE,FALSE,FALSE
"GENE0478","GENE0478_HUMAN","P68527","Protein GENE0478",-0.4411,0.187858,0.120974,0.4475,0.9173,6,5,FALSE,TRUE,FALSE
"GENE2111","GENE2111_HUMAN","P60629","Protein GENE2111",-0.3248,1,0.982454,0,0.0077,5,5,FALSE,FALSE,FALSE
"GENE2040","GENE2040_HUMAN","P42561","Protein GENE2040",0.486,1,0.85427,0,0.0684,6,4,FALSE,FALSE,FALSE
"GENE1747","GENE1747_HUMAN","P78085","Protein GENE1747",3.9459,0.025888,0.024972,1.1715,1.6025,2,5,FALSE,FALSE,TRUE
"GENE0733","GENE0733_HUMAN","P61209","Protein GENE0733",-0.314,1,0.818112,0,0.0872,5,2,FALSE,FALSE,FALSE
"GENE1934","GENE1934_HUMAN","P73609","Protein GENE1934",0.2759,1,0.922169,0,0.0352,6,6,FALSE,FALSE,FALSE
"GENE0864","GENE0864_HUMAN","P02704","Protein GENE0864",0.1441,1,0.631683,0,0.1995,5,2,FALSE,FALSE,FALSE
"GENE0050","GENE0050_HUMAN","P27235","Protein GENE0050",0.0178,1,0.79968,0,0.0971,5,5,FALSE,FALSE,FALSE
"GENE0885","GENE0885_HUMAN","P81274","Protein GENE0885",0.31,0.674014,0.170207,0.2887,0.769,3,3,FALSE,FALSE,FALSE
"GENE1465","GENE1465_HUMAN","P87368","Protein GENE1465",0.4926,1,0.69868,0,0.1557,4,6,FALSE,FALSE,FALSE
"GENE0250","GENE0250_HUMAN","P97742","Protein GENE0250",-0.5519,1,0.929464,0,0.0318,2,5,FALSE,TRUE,FALSE
"GENE1915","GENE1915_HUMAN","P81104","Protein GENE1915",-0.5205,0.522871,0.122058,0.2393,0.9134,3,4,FALSE,FALSE,FALSE
"GENE0592","GENE0592_HUMAN","P16818","Protein GENE0592",-0.1336,1,0.450012,0.3096,0.3468,5,2,FALSE,FALSE,FALSE
"GENE0065","GENE0065_HUMAN","P87574","Protein GENE0065",0.5464,0.844423,0.842056,0,0.0747,5,4,FALSE,FALSE,FALSE
"GENE1715","GENE1715_HUMAN","P62252","Protein GENE1715",0.2822,1,0.953123,0,0.0209,3,4,FALSE,FALSE,FALSE
"GENE2630","GENE2630_HUMAN","P58765","Protein GENE2630",-0.8996,0.014839,0.012971,1.5668,1.887,3,6,FALSE,FALSE,TRUE
"GENE0675","GENE0675_HUMAN","P80775","Protein GENE0675",-0.4368,1,0.930638,0,0.0312,2,5,FALSE,FALSE,FALSE
"GENE2023","GENE2023_HUMAN","P84195","Protein GENE2023",-0.026,1,0.72305,0,0.1408,4,6,FALSE,TRUE,FALSE
"GENE1421","GENE1421_HUMAN","P53664","Protein GENE1421",0.8609,1,0.387688,0,0.4115,3,6,FALSE,FALSE,FALSE
"GENE1324","GENE1324_HUMAN","P69822","Protein GENE1324",-0.2967,1,0.775005,0,0.1107,5,3,FALSE,FALSE,FALSE
"GENE2404","GENE2404_HUMAN","P20167","Protein GENE2404",-4.0221,0.109257,0.031777,0.8536,1.4979,4,3,FALSE,FALSE,TRUE
"GENE0227","GENE0227_HUMAN","P89524","Protein GENE0227",0.3541,1,0.612512,0,0.2129,2,6,FALSE,FALSE,FALSE
"GENE2258","GENE2258_HUMAN","P96389","Protein GENE2258",0.5974,0.367141,0.300235,0.0578,0.5225,4,3,FALSE,FALSE,FALSE
"GENE1079","GENE1079_HUMAN","P20272","Protein GENE1079",-0.3237,0.689815,0.641575,0,0.1928,6,4,FALSE,FALSE,FALSE
"GENE2244","GENE2244_HUMAN","P94932","Protein GENE2244",-0.2266,1,0.403007,0,0.3947,2,3,FALSE,FALSE,FALSE
"GENE0356","GENE0356_HUMAN","P76881","Protein GENE0356",0.2158,1,0.886821,0,0.0522,3,4,FALSE,FALSE,FALSE
"GENE2006","GENE2006_HUMAN","P01333","Protein GENE2006",0.2391,1,0.687655,0,0.1626,3,5,FALSE,FALSE,FALSE
"GENE2499","GENE2499_HUMAN","P13861","Protein GENE2499",0.676,0.795686,0.173863,0.2546,0.7598,5,2,FALSE,FALSE,FALSE
"GENE2734","GENE2734_HUMAN","P75949","Protein GENE2734",0.0246,1,0.794484,0,0.0999,5,6,TRUE,FALSE,FALSE
"GENE1002","GENE1002_HUMAN","P23103","Protein GENE1002",0.4918,0.849641,0.67123,0,0.1731,4,6,FALSE,FALSE,FALSE
"GENE0919","GENE0919_HUMAN","P49514","Protein GENE0919",-0.1873,1,0.81121,0,0.0909,4,6,FALSE,FALSE,FALSE
"GENE1957","GENE1957_HUMAN","P28932","Protein GENE1957",0.7731,1,0.612163,0,0.2131,2,3,FALSE,TRUE,FALSE
"GENE1163","GENE1163_HUMAN","P99746","Protein GENE1163",0.3826,0.352123,0.114472,0.4632,0.9413,6,5,FALSE,FALSE,FALSE
"GENE0915","GENE0915_HUMAN","P32115","Protein GENE0915",0.036,1,0.517001,0,0.2865,2,4,FALSE,FALSE,FALSE
"GENE1738","GENE1738_HUMAN","P54321","Protein GENE1738",-0.1977,0.86015,0.300748,0,0.5218,6,5,FALSE,FALSE,FALSE
"GENE2467","GENE2467_HUMAN","P66652","Protein GENE2467",-0.1296,0.281883,0.220314,0.0379,0.657,4,3,FALSE,FALSE,FALSE
"GENE2039","GENE2039_HUMAN","P08883","Protein GENE2039",0.4347,1,0.484093,0,0.3151,2,4,FALSE,FALSE,FALSE
"GENE1591","GENE1591_HUMAN","P92550","Protein GENE1591",0.0056,1,0.259211,0.296,0.5863,5,4,FALSE,FALSE,FALSE
"GENE0178","GENE0178_HUMAN","P74541","Protein GENE0178",-0.4362,1,0.611657,0,0.2135,5,4,FALSE,FALSE,FALSE
"GENE2563","GENE2563_HUMAN","P36178","Protein GENE2563",-0.261,1,0.593832,0,0.2263,6,5,FALSE,FALSE,FALSE
"GENE1011","GENE1011_HUMAN","P63073","Protein GENE1011",-1.8045,0.1552,0.03264,1.1213,1.4862,4,2,FALSE,FALSE,TRUE
"GENE2075","GENE2075_HUMAN","P50998","Protein GENE2075",-0.3645,0.335934,0.1406,0.2348,0.852,3,2,TRUE,FALSE,FALSE
"GENE1032","GENE1032_HUMAN","P54522","Protein GENE1032",0.6912,0.990632,0.334724,0,0.4753,2,3,FALSE,FALSE,FALSE
"GENE0379","GENE0379_HUMAN","P16000","Protein GENE0379",0.2266,1,0.769529,0.0784,0.1138,5,6,FALSE,FALSE,FALSE
"GENE0624","GENE0624_HUMAN","P02737","Protein GENE0624",-0.6627,0.70302,0.315515,0,0.501,5,4,FALSE,FALSE,FALSE
"GENE0891","GENE0891_HUMAN","P46087","Protein GENE0891",-0.0515,0.688774,0.193886,0.0524,0.7125,6,4,FALSE,FALSE,FALSE
"GENE2420","GENE2420_HUMAN","P82057","Protein GENE2420",0.3096,1,0.378393,0,0.4221,2,5,FALSE,FALSE,FALSE
"GENE1890","GENE1890_HUMAN","P07369","Protein GENE1890",0.4792,1,0.928317,0,0.0323,5,6,FALSE,FALSE,FALSE
"GENE0964","GENE0964_HUMAN","P16934","Protein GENE0964",0.6336,1,0.395559,0,0.4028,4,6,FALSE,FALSE,FALSE
"GENE0333","GENE0333_HUMAN","P23682","Protein GENE0333",0.1141,1,0.342449,0,0.4654,6,6,FALSE,FALSE,FALSE
"GENE1198","GENE1198_HUMAN","P44021","Protein GENE1198",-0.5165,1,0.49138,0,0.3086,3,2,FALSE,FALSE,FALSE
"GENE2719","GENE2719_HUMAN","P44509","Protein GENE2719",0.0075,1,0.417992,0.3266,0.3788,5,6,FALSE,FALSE,FALSE
"GENE1581","GENE1581_HUMAN","P23863","Protein GENE1581",-0.4181,1,0.636059,0,0.1965,5,2,TRUE,FALSE,FALSE
"GENE2547","GENE2547_HUMAN","P55351","Protein GENE2547",0.0287,1,0.757437,0,0.1207,4,2,FALSE,TRUE,FALSE
"GENE1072","GENE1072_HUMAN","P10026","Protein GENE1072",-0.066,0.685082,0.588922,0,0.2299,4,5,TRUE,FALSE,FALSE
"GENE2603","GENE2603_HUMAN","P04425","Protein GENE2603",-6e-04,0.201239,0.075658,0.6884,1.1211,3,2,FALSE,FALSE,FALSE
"GENE0436","GENE0436_HUMAN","P81075","Protein GENE0436",-0.1215,0.827947,0.572149,0.2402,0.2425,3,6,FALSE,FALSE,FALSE
"GENE2522","GENE2522_HUMAN","P53279","Protein GENE2522",0.1091,0.956733,0.541506,0,0.2664,6,6,FALSE,TRUE,FALSE
"GENE1929","GENE1929_HUMAN","P17524","Protein GENE1929",0.6583,1,0.71817,0,0.1438,4,5,FALSE,FALSE,FALSE
"GENE1019","GENE1019_HUMAN","P25813","Protein GENE1019",-4.2852,0.154164,0.035314,0.9599,1.452,3,4,FALSE,FALSE,TRUE
"GENE1127","GENE1127_HUMAN","P02541","Protein GENE1127",0.3602,0.368836,0.118587,0.3128,0.926,6,4,FALSE,FALSE,FALSE
"GENE1397","GENE1397_HUMAN","P97681","Protein GENE1397",0.1219,1,0.738735,0,0.1315,6,4,FALSE,FALSE,FALSE
"GENE0579","GENE0579_HUMAN","P96673","Protein GENE0579",2.4771,0.034963,0.02991,0.8913,1.5242,6,5,FALSE,FALSE,TRUE
"GENE2303","GENE2303_HUMAN","P63161","Protein GENE2303",-0.4741,1,0.805907,0,0.0937,4,3,FALSE,FALSE,FALSE
"GENE0654","GENE0654_HUMAN","P84146","Protein GENE0654",-0.1858,1,0.824042,0.0216,0.0841,2,5,FALSE,FALSE,FALSE
"GENE0569","GENE0569_HUMAN","P09789","Protein GENE0569",0.1717,1,0.78081,0,0.1075,3,2,FALSE,FALSE,FALSE
"GENE0067","GENE0067_HUMAN","P50013","Protein GENE0067",-0.3434,1,0.433587,0,0.3629,3,5,FALSE,TRUE,FALSE
"GENE0363","GENE0363_HUMAN","P19964","Protein GENE0363",-0.3978,0.959965,0.534288,0,0.2722,6,2,FALSE,FALSE,FALSE
"GENE1883","GENE1883_HUMAN","P81932","Protein GENE1883",0.3395,1,0.342917,0.4473,0.4648,4,3,TRUE,FALSE,FALSE
"GENE0542","GENE0542_HUMAN","P53875","Protein GENE0542",-0.4493,1,0.479445,0.2481,0.3193,4,6,FALSE,FALSE,FALSE
"GENE2266","GENE2266_HUMAN","P28641","Protein GENE2266",-0.1621,1,0.792661,0,0.1009,3,4,FALSE,FALSE,FALSE
"DHX30","DHX30_HUMAN","P93110","Protein DHX30",0.1283,0.86855,0.627709,0,0.2022,6,6,FALSE,TRUE,FALSE
"PABPC1","PABPC1_HUMAN","P82955","Protein PABPC1",2.7045,0.051128,0.015696,1.7716,1.8042,4,2,FALSE,FALSE,TRUE
"GENE0395","GENE0395_HUMAN","P55521","Protein GENE0395",-0.3547,1,0.925496,0,0.0336,5,2,FALSE,FALSE,FALSE
"GENE2329","GENE2329_HUMAN","P06010","Protein GENE2329",-0.056,0.748696,0.613553,0,0.2121,2,3,FALSE,TRUE,FALSE
"GENE1004","GENE1004_HUMAN","P88463","Protein GENE1004",0.7508,1,0.637947,0,0.1952,5,6,FALSE,FALSE,FALSE
"GENE1001","GENE1001_HUMAN","P19556","Protein GENE1001",0.3965,1,0.887112,0.0045,0.052,4,3,FALSE,FALSE,FALSE
"GENE1907","GENE1907_HUMAN","P30776","Protein GENE1907",0.3038,0.195535,0.093811,0.4247,1.0277,3,3,FALSE,FALSE,FALSE
"GENE2517","GENE2517_HUMAN","P43014","Protein GENE2517",-0.0176,1,0.756349,0,0.1213,6,5,FALSE,FALSE,FALSE
"GENE0267","GENE0267_HUMAN","P18404","Protein GENE0267",0.0501,1,0.822667,0,0.0848,2,2,FALSE,TRUE,FALSE
"GENE1013","GENE1013_HUMAN","P27812","Protein GENE1013",0.2221,0.634648,0.279423,0.5015,0.5537,3,2,FALSE,TRUE,FALSE
"GENE1638","GENE1638_HUMAN","P85701","Protein GENE1638",-0.1838,0.177446,0.134382,0.7374,0.8717,4,3,FALSE,FALSE,FALSE
"GENE1672","GENE1672_HUMAN","P90096","Protein GENE1672",-0.2693,1,0.92216,0,0.0352,3,4,FALSE,FALSE,FALSE
"GENE0821","GENE0821_HUMAN","P82306","Protein GENE0821",-1.0139,1,0.913105,0,0.0395,6,3,FALSE,FALSE,FALSE
"GENE0192","GENE0192_HUMAN","P34499","Protein GENE0192",0.0944,0.660986,0.208653,0.4422,0.6806,6,2,FALSE,FALSE,FALSE
"GENE1726","GENE1726_HUMAN","P00007","Protein GENE1726",0.0865,1,0.224667,0.2765,0.6485,4,4,FALSE,FALSE,FALSE
"GENE1962","GENE1962_HUMAN","P50999","Protein GENE1962",4.4672,0.055725,0.031628,1.0869,1.4999,2,5,FALSE,FALSE,TRUE
"GENE0818","GENE0818_HUMAN","P05929","Protein GENE0818",0.2115,1,0.304366,0,0.5166,3,2,FALSE,FALSE,FALSE
"GENE1866","GENE1866_HUMAN","P88983","Protein GENE1866",-0.1621,0.76084,0.236939,0.4491,0.6254,5,3,FALSE,FALSE,FALSE
"GENE0282","GENE0282_HUMAN","P64767","Protein GENE0282",-0.1739,0.621052,0.293459,0.1859,0.5325,4,6,FALSE,FALSE,FALSE
"GENE1689","GENE1689_HUMAN","P48644","Protein GENE1689",0.1122,1,0.529906,0,0.2758,2,4,FALSE,FALSE,FALSE
"GENE1852","GENE1852_HUMAN","P72505","Protein GENE1852",-0.1846,1,0.710751,0,0.1483,6,5,FALSE,FALSE,FALSE
"GENE0991","GENE0991_HUMAN","P59444","Protein GENE0991",0.3347,1,0.960856,0,0.0173,6,3,TRUE,FALSE,FALSE
"GENE0602","GENE0602_HUMAN","P76725","Protein GENE0602",-0.5484,0.539312,0.127741,0.5522,0.8937,5,6,TRUE,FALSE,FALSE
"GENE1828","GENE1828_HUMAN","P68387","Protein GENE1828",-0.0678,0.153538,0.083182,0.6915,1.08,3,4,FALSE,FALSE,FALSE
"GENE1561","GENE1561_HUMAN","P53928","Protein GENE1561",-0.5012,1,0.488196,0,0.3114,6,4,FALSE,FALSE,FALSE
"GENE2226","GENE2226_HUMAN","P47320","Protein GENE2226",0.0519,0.897748,0.289908,0.0876,0.5377,2,5,FALSE,FALSE,FALSE
"GENE1118","GENE1118_HUMAN","P53848","Protein GENE1118",-0.2187,1,0.491685,0,0.3083,2,5,FALSE,FALSE,FALSE
"GENE0554","GENE0554_HUMAN","P18899","Protein GENE0554",0.3844,0.650852,0.501306,0.1291,0.2999,5,4,FALSE,FALSE,FALSE
"GENE1065","GENE1065_HUMAN","P79721","Protein GENE1065",-0.2414,1,0.908347,0,0.0417,3,6,FALSE,FALSE,FALSE
"GENE2394","GENE2394_HUMAN","P55653","Protein GENE2394",-0.222,1,0.438343,0.1502,0.3582,6,3,FALSE,FALSE,FALSE
"GENE2019","GENE2019_HUMAN","P83779","Protein GENE2019",0.5555,1,0.959421,0,0.018,3,2,TRUE,FALSE,FALSE
"GENE1885","GENE1885_HUMAN","P43626","Protein GENE1885",-0.59,1,0.657456,0,0.1821,4,5,TRUE,FALSE,FALSE
"GENE0980","GENE0980_HUMAN","P05591","Protein GENE0980",3.6983,0.170718,0.03911,0.9271,1.4077,2,5,FALSE,FALSE,TRUE
"GENE0618","GENE0618_HUMAN","P86517","Protein GENE0618",-0.8916,0.892417,0.281686,0.3759,0.5502,3,4,FALSE,FALSE,FALSE
"GENE0022","GENE0022_HUMAN","P14076","Protein GENE0022",-0.2311,1,0.923851,0,0.0344,3,3,FALSE,FALSE,FALSE
"GENE0872","GENE0872_HUMAN","P58180","Protein GENE0872",0.3164,1,0.49781,0,0.3029,2,3,FALSE,FALSE,FALSE
"GPATCH4","GPATCH4_HUMAN","P37619","Protein GPATCH4",-0.5723,1,0.2448,0,0.6112,5,3,FALSE,FALSE,FALSE
"GENE0535","GENE0535_HUMAN","P68149","Protein GENE0535",0.177,1,0.48776,0,0.3118,2,4,FALSE,FALSE,FALSE
"GENE1179","GENE1179_HUMAN","P91349","Protein GENE1179",3.418,0.071342,0.015097,1.2031,1.8211,2,6,FALSE,FALSE,TRUE
"GENE2534","GENE2534_HUMAN","P19600","Protein GENE2534",0.3527,0.462163,0.292002,0.3684,0.5346,3,6,FALSE,TRUE,FALSE
"DDX50","DDX50_HUMAN","P21974","Protein DDX50",0.0309,1,0.660355,0.1676,0.1802,4,2,FALSE,FALSE,FALSE
"GENE1093","GENE1093_HUMAN","P06318","Protein GENE1093",0.0983,0.694013,0.359886,0,0.4438,6,2,FALSE,FALSE,FALSE
"GENE0033","GENE0033_HUMAN","P01960","Protein GENE0033",-0.3626,0.322928,0.128828,0.4858,0.89,2,2,FALSE,FALSE,FALSE
"GENE2653","GENE2653_HUMAN","P28019","Protein GENE2653",-0.0788,0.417118,0.109751,0.5465,0.9596,5,4,TRUE,TRUE,FALSE
"GENE2550","GENE2550_HUMAN","P35559","Protein GENE2550",0.7897,0.232689,0.086187,1.0595,1.0646,5,2,FALSE,FALSE,FALSE
"GENE0068","GENE0068_HUMAN","P83013","Protein GENE0068",-0.0487,1,0.658409,0,0.1815,2,4,FALSE,FALSE,FALSE
"GENE0444","GENE0444_HUMAN","P23729","Protein GENE0444",0.0617,0.788148,0.279371,0,0.5538,2,4,FALSE,FALSE,FALSE
"GENE1205","GENE1205_HUMAN","P41651","Protein GENE1205",-0.4005,0.237568,0.135264,0.5454,0.8688,4,4,FALSE,FALSE,FALSE
"GENE1085","GENE1085_HUMAN","P49564","Protein GENE1085",0.4109,1,0.812497,0,0.0902,6,6,FALSE,FALSE,FALSE
"GENE2354","GENE2354_HUMAN","P08288","Protein GENE2354",0.3839,0.829459,0.79718,0,0.0984,3,4,FALSE,FALSE,FALSE
"GENE2212","GENE2212_HUMAN","P49804","Protein GENE2212",-1.324,0.05432,0.011511,1.5257,1.9389,4,2,FALSE,TRUE,TRUE
"GENE1230","GENE1230_HUMAN","P28254","Protein GENE1230",-0.5168,1,0.791325,0,0.1016,2,3,FALSE,FALSE,FALSE
"GENE0261","GENE0261_HUMAN","P62461","Protein GENE0261",-0.3426,1,0.722142,0,0.1414,6,6,TRUE,FALSE,FALSE
"GENE0007","GENE0007_HUMAN","P96223","Protein GENE0007",-0.5757,0.872897,0.245393,0.0402,0.6101,5,2,FALSE,FALSE,FALSE
"GENE2338","GENE2338_HUMAN","P59139","Protein GENE2338",0.5024,1,0.255759,0.163,0.5922,6,3,FALSE,FALSE,FALSE
"GENE0755","GENE0755_HUMAN","P50712","Protein GENE0755",-0.1924,0.252771,0.170774,0.2984,0.7676,6,4,FALSE,FALSE,FALSE
"GENE1410","GENE1410_HUMAN","P10852","Protein GENE1410",-2.7099,0.012742,0.010056,1.4176,1.9976,2,6,FALSE,FALSE,TRUE
"GENE2270","GENE2270_HUMAN","P75648","Protein GENE2270",-0.5697,1,0.478705,0,0.3199,3,6,FALSE,FALSE,FALSE
"GENE1262","GENE1262_HUMAN","P57952","Protein GENE1262",0.1532,1,0.604928,0,0.2183,6,4,FALSE,FALSE,FALSE
"GENE1676","GENE1676_HUMAN","P85788","Protein GENE1676",0.6908,1,0.500505,0.1955,0.3006,2,2,FALSE,FALSE,FALSE
"GENE0299","GENE0299_HUMAN","P33152","Protein GENE0299",0.5884,0.958404,0.889633,0,0.0508,3,5,FALSE,FALSE,FALSE
"GENE0737","GENE0737_HUMAN","P88062","Protein GENE0737",0.3511,1,0.692873,0,0.1593,4,5,TRUE,FALSE,FALSE
"GENE0798","GENE0798_HUMAN","P56129","Protein GENE0798",0.46,1,0.796549,0,0.0988,2,5,FALSE,TRUE,FALSE
"GENE2069","GENE2069_HUMAN","P07050","Protein GENE2069",-0.4494,1,0.762058,0,0.118,4,5,FALSE,TRUE,FALSE
"GENE0702","GENE0702_HUMAN","P11498","Protein GENE0702",-0.0845,0.972268,0.259924,0.3113,0.5852,2,4,FALSE,FALSE,FALSE
"GENE0456","GENE0456_HUMAN","P21053","Protein GENE0456",0.4422,0.702006,0.146483,0.3783,0.8342,5,5,FALSE,FALSE,FALSE
"GENE1611","GENE1611_HUMAN","P52948","Protein GENE1611",0.5747,0.31944,0.183011,0.3683,0.7375,2,3,FALSE,FALSE,FALSE
"GENE1657","GENE1657_HUMAN","P15435","Protein GENE1657",-0.3663,1,0.845571,0,0.0728,3,4,FALSE,TRUE,FALSE
"GENE2538","GENE2538_HUMAN","P92015","Protein GENE2538",0.1591,0.250188,0.086967,0.4897,1.0606,3,4,FALSE,FALSE,FALSE
"GENE0175","GENE0175_HUMAN","P92062","Protein GENE0175",-0.2084,0.185929,0.160837,0.2316,0.7936,4,6,FALSE,FALSE,FALSE
"GENE0021","GENE0021_HUMAN","P12723","Protein GENE0021",-0.1484,0.818027,0.372716,0,0.4286,6,4,FALSE,TRUE,FALSE
"GENE2153","GENE2153_HUMAN","P36434","Protein GENE2153",-1.4221,0.06424,0.039305,1.2159,1.4055,2,4,FALSE,FALSE,TRUE
"GENE0607","GENE0607_HUMAN","P01349","Protein GENE0607",0.4223,0.533573,0.111544,0.5441,0.9526,3,2,FALSE,TRUE,FALSE
"GENE2377","GENE2377_HUMAN","P16505","Protein GENE2377",-0.3576,1,0.710454,0,0.1485,6,2,FALSE,FALSE,FALSE
"GENE1967","GENE1967_HUMAN","P75475","Protein GENE1967",0.6105,0.725741,0.182132,0.2502,0.7396,3,6,TRUE,FALSE,FALSE
"GENE0439","GENE0439_HUMAN","P29480","Protein GENE0439",0.7232,1,0.426171,0,0.3704,5,3,TRUE,FALSE,FALSE
"GENE0550","GENE0550_HUMAN","P30820","Protein GENE0550",0.1374,0.159627,0.084637,0.8633,1.0724,6,2,FALSE,FALSE,FALSE
"GENE1137","GENE1137_HUMAN","P48292","Protein GENE1137",0.3779,0.521734,0.358889,0.1317,0.445,6,5,FALSE,FALSE,FALSE
"GENE2349","GENE2349_HUMAN","P99492","Protein GENE2349",1.045,1,0.904139,0,0.0438,6,4,FALSE,FALSE,FALSE
"GENE2693","GENE2693_HUMAN","P81557","Protein GENE2693",0.5803,1,0.953833,0,0.0205,3,2,FALSE,TRUE,FALSE
"GENE0284","GENE0284_HUMAN","P97506","Protein GENE0284",0.1587,1,0.784648,0,0.1053,6,6,TRUE,FALSE,FALSE
"GENE2222","GENE2222_HUMAN","P82074","Protein GENE2222",3.9859,0.094985,0.033734,0.8174,1.4719,5,6,FALSE,FALSE,TRUE
"GENE0926","GENE0926_HUMAN","P58812","Protein GENE0926",-0.2274,0.42396,0.17021,0.6173,0.769,2,5,FALSE,FALSE,FALSE
"GENE2018","GENE2018_HUMAN","P08762","Protein GENE2018",0.2275,0.139451,0.108978,0.6428,0.9627,4,3,TRUE,TRUE,FALSE
"GENE0226","GENE0226_HUMAN","P24880","Protein GENE0226",-0.4259,0.874378,0.218817,0.0667,0.6599,6,3,FALSE,FALSE,FALSE
"GENE2545","GENE2545_HUMAN","P01650","Protein GENE2545",0.5828,0.0779,0.066006,0.5133,1.1804,4,4,FALSE,FALSE,FALSE
"GENE1445","GENE1445_HUMAN","P19368","Protein GENE1445",0.1696,1,0.777212,0,0.1095,6,5,FALSE,FALSE,FALSE
"GENE0015","GENE0015_HUMAN","P32386","Protein GENE0015",2.158,0.098476,0.02168,1.104,1.6639,3,6,FALSE,FALSE,TRUE
"GENE0466","GENE0466_HUMAN","P85044","Protein GENE0466",0.231,1,0.415444,0,0.3815,3,3,FALSE,FALSE,FALSE
"GENE2717","GENE2717_HUMAN","P02254","Protein GENE2717",-0.4079,1,0.768641,0,0.1143,2,6,FALSE,FALSE,FALSE
"GENE0847","GENE0847_HUMAN","P12924","Protein GENE0847",0.0058,1,0.443885,0,0.3527,3,3,FALSE,FALSE,FALSE
"GENE0390","GENE0390_HUMAN","P62233","Protein GENE0390",-0.1687,0.288107,0.082549,0.5191,1.0833,2,5,FALSE,FALSE,FALSE
"GENE1080","GENE1080_HUMAN","P62162","Protein GENE1080",0.1194,0.61086,0.31775,0,0.4979,2,3,FALSE,TRUE,FALSE
"GENE1788","GENE1788_HUMAN","P06807","Protein GENE1788",-0.1752,1,0.42299,0.0422,0.3737,4,3,FALSE,FALSE,FALSE
"GENE0648","GENE0648_HUMAN","P14806","Protein GENE0648",0.9835,1,0.954918,0,0.02,4,5,FALSE,FALSE,FALSE
"GENE0835","GENE0835_HUMAN","P47636","Protein GENE0835",0.3123,1,0.73252,0,0.1352,6,6,FALSE,FALSE,FALSE
"GENE1353","GENE1353_HUMAN","P85539","Protein GENE1353",0.0479,1,0.378098,0.0263,0.4224,6,5,FALSE,FALSE,FALSE
"GENE0679","GENE0679_HUMAN","P23493","Protein GENE0679",0.1641,1,0.804901,0,0.0943,3,3,FALSE,FALSE,FALSE
"GENE1120","GENE1120_HUMAN","P61298","Protein GENE1120",0.3579,0.602347,0.220903,0.0556,0.6558,5,6,FALSE,FALSE,FALSE
"GENE0260","GENE0260_HUMAN","P75069","Protein GENE0260",0.5636,1,0.575057,0,0.2403,5,4,FALSE,FALSE,FALSE
"GENE2181","GENE2181_HUMAN","P41094","Protein GENE2181",0.084,0.504595,0.408411,0,0.3889,4,4,FALSE,FALSE,FALSE
"GENE2400","GENE2400_HUMAN","P76129","Protein GENE2400",-2.6405,0.145657,0.033822,0.8943,1.4708,5,3,FALSE,FALSE,TRUE
"GENE2483","GENE2483_HUMAN","P17234","Protein GENE2483",-0.2986,1,0.975995,0,0.0106,6,3,FALSE,FALSE,FALSE
"GENE2251","GENE2251_HUMAN","P48919","Protein GENE2251",-0.3406,0.604272,0.330241,0,0.4812,6,5,TRUE,FALSE,FALSE
"GENE1272","GENE1272_HUMAN","P20823","Protein GENE1272",-0.5881,0.416423,0.110488,0.4941,0.9567,3,2,TRUE,FALSE,FALSE
"GENE0079","GENE0079_HUMAN","P72671","Protein GENE0079",0.0363,0.842791,0.226472,0.1617,0.645,3,3,FALSE,TRUE,FALSE
"GENE1523","GENE1523_HUMAN","P94911","Protein GENE1523",-0.0628,1,0.638529,0,0.1948,6,2,FALSE,FALSE,FALSE
"GENE1375","GENE1375_HUMAN","P18142","Protein GENE1375",-0.2561,0.615393,0.321541,0,0.4928,3,6,TRUE,FALSE,FALSE
"GENE0322","GENE0322_HUMAN","P02485","Protein GENE0322",-1.2207,0.009879,0.006968,1.524,2.1569,6,6,TRUE,FALSE,TRUE
"GENE2899","GENE2899_HUMAN","P40573","Protein GENE2899",-0.0294,1,0.506376,0,0.2955,4,2,FALSE,TRUE,FALSE
"GENE2564","GENE2564_HUMAN","P34970","Protein GENE2564",0.0213,0.273067,0.210058,0.0205,0.6777,4,5,FALSE,FALSE,FALSE
"GENE2645","GENE2645_HUMAN","P42214","Protein GENE2645",0.0497,1,0.593081,0.2113,0.2269,2,4,FALSE,FALSE,FALSE
"GENE1643","GENE1643_HUMAN","P26893","Protein GENE1643",0.0742,1,0.443305,0,0.3533,4,2,FALSE,FALSE,FALSE
"NCOA7","NCOA7_HUMAN","P26105","Protein NCOA7",0.1067,0.383785,0.336714,0,0.4727,6,3,FALSE,FALSE,FALSE
"GENE2530","GENE2530_HUMAN","P78019","Protein GENE2530",0.5945,1,0.296887,0.0887,0.5274,2,3,FALSE,FALSE,FALSE
"GENE1602","GENE1602_HUMAN","P07759","Protein GENE1602",0.5648,1,0.56784,0,0.2458,2,4,TRUE,FALSE,FALSE
"GENE0396","GENE0396_HUMAN","P36112","Protein GENE0396",0.8314,1,0.53152,0,0.2745,3,6,FALSE,FALSE,FALSE
"GENE2860","GENE2860_HUMAN","P82404","Protein GENE2860",-0.0553,1,0.654802,0,0.1839,6,2,TRUE,FALSE,FALSE
"GENE0009","GENE0009_HUMAN","P34966","Protein GENE0009",0.3163,1,0.985268,0,0.0064,5,6,FALSE,FALSE,FALSE
"GENE0293","GENE0293_HUMAN","P39279","Protein GENE0293",-0.1697,1,0.52927,0,0.2763,5,4,TRUE,FALSE,FALSE
"GENE2299","GENE2299_HUMAN","P14947","Protein GENE2299",-1.3786,0.12473,0.044671,1.0239,1.35,4,4,FALSE,FALSE,TRUE
"GENE1627","GENE1627_HUMAN","P82294","Protein GENE1627",0.4758,1,0.666079,0,0.1765,6,2,FALSE,FALSE,FALSE
"GENE2456","GENE2456_HUMAN","P74179","Protein GENE2456",-0.1614,0.730393,0.481272,0,0.3176,2,5,FALSE,FALSE,FALSE
"GENE1413","GENE1413_HUMAN","P75743","Protein GENE1413",-1.7116,0.041415,0.015546,1.7855,1.8084,3,6,TRUE,FALSE,TRUE
"GENE0051","GENE0051_HUMAN","P56465","Protein GENE0051",-0.2761,1,0.620301,0.1142,0.2074,4,6,FALSE,FALSE,FALSE
"GENE0913","GENE0913_HUMAN","P37399","Protein GENE0913",4.0057,0.119445,0.034117,0.8214,1.467,6,4,FALSE,FALSE,TRUE
"GENE0754","GENE0754_HUMAN","P25063","Protein GENE0754",-0.1048,1,0.39494,0,0.4035,3,3,FALSE,FALSE,FALSE
"GENE2035","GENE2035_HUMAN","P42061","Protein GENE2035",0.1288,1,0.448059,0,0.3487,3,4,FALSE,FALSE,FALSE
"GENE1202","GENE1202_HUMAN","P04549","Protein GENE1202",-0.3001,1,0.668153,0,0.1751,6,2,FALSE,FALSE,FALSE
"GENE1149","GENE1149_HUMAN","P41124","Protein GENE1149",0.121,1,0.813225,0,0.0898,4,3,FALSE,TRUE,FALSE
"GENE2573","GENE2573_HUMAN","P54409","Protein GENE2573",0.2066,1,0.533827,0,0.2726,3,2,FALSE,FALSE,FALSE
"GENE2124","GENE2124_HUMAN","P74659","Protein GENE2124",-0.0029,1,0.59006,0,0.2291,3,5,FALSE,FALSE,FALSE
"GENE2605","GENE2605_HUMAN","P99826","Protein GENE2605",-0.0893,1,0.2437,0.4021,0.6131,4,5,FALSE,FALSE,FALSE
"GENE2191","GENE2191_HUMAN","P00195","Protein GENE2191",0.1129,1,0.601865,0,0.2205,6,4,FALSE,FALSE,FALSE
"GENE0500","GENE0500_HUMAN","P26604","Protein GENE0500",0.3668,1,0.999973,0,0,3,3,FALSE,FALSE,FALSE
"GENE0486","GENE0486_HUMAN","P03654","Protein GENE0486",0.5173,1,0.76418,0,0.1168,6,2,FALSE,FALSE,FALSE
"GENE0132","GENE0132_HUMAN","P17994","Protein GENE0132",0.6812,1,0.642743,0,0.192,4,5,FALSE,FALSE,FALSE
"GENE2424","GENE2424_HUMAN","P78098","Protein GENE2424",0.0709,1,0.368431,0,0.4336,6,2,FALSE,FALSE,FALSE
"GENE2095","GENE2095_HUMAN","P44450","Protein GENE2095",-0.3969,0.469536,0.25209,0.513,0.5984,2,5,TRUE,FALSE,FALSE
"GENE0882","GENE0882_HUMAN","P60525","Protein GENE0882",0.3969,1,0.835946,0,0.0778,5,3,FALSE,FALSE,FALSE
"GENE2808","GENE2808_HUMAN","P72503","Protein GENE2808",0.1936,0.46598,0.21299,0.4223,0.6716,2,3,FALSE,FALSE,FALSE
"GENE1157","GENE1157_HUMAN","P02512","Protein GENE1157",0.3308,1,0.791869,0,0.1013,3,4,FALSE,FALSE,FALSE
"GENE0013","GENE0013_HUMAN","P17006","Protein GENE0013",-4.3953,0.011886,0.003496,1.977,2.4564,5,6,FALSE,FALSE,TRUE
"GENE2487","GENE2487_HUMAN","P91875","Protein GENE2487",-0.3813,1,0.877494,0,0.0568,6,2,FALSE,FALSE,FALSE
"GENE1444","GENE1444_HUMAN","P24012","Protein GENE1444",0.8429,0.021533,0.006281,1.5825,2.2019,5,4,FALSE,FALSE,TRUE
"GENE0058","GENE0058_HUMAN","P80253","Protein GENE0058",0.5763,0.791581,0.248993,0.4667,0.6038,5,4,FALSE,FALSE,FALSE
"EP300","EP300_HUMAN","P66256","Protein EP300",2.1538,0.147525,0.037953,1.159,1.4208,5,6,FALSE,FALSE,TRUE
"GENE2300","GENE2300_HUMAN","P05393","Protein GENE2300",0.2811,1,0.877453,0,0.0568,4,4,FALSE,FALSE,FALSE
"GENE2216","GENE2216_HUMAN","P71608","Protein GENE2216",0.1351,1,0.473976,0.1413,0.3242,4,4,FALSE,FALSE,FALSE
"GENE0264","GENE0264_HUMAN","P61925","Protein GENE0264",-0.2353,0.455935,0.386482,0,0.4129,2,4,FALSE,FALSE,FALSE
"GENE0137","GENE0137_HUMAN","P07326","Protein GENE0137",0.211,1,0.895145,0,0.0481,2,6,FALSE,FALSE,FALSE
"GENE1268","GENE1268_HUMAN","P76141","Protein GENE1268",0.0442,1,0.929775,0,0.0316,3,2,FALSE,FALSE,FALSE
"GENE1389","GENE1389_HUMAN","P88108","Protein GENE1389",0.0408,1,0.431833,0.3116,0.3647,6,4,FALSE,FALSE,FALSE
"GENE0663","GENE0663_HUMAN","P80005","Protein GENE0663",0.0851,1,0.623679,0,0.205,3,6,FALSE,TRUE,FALSE
"GENE0471","GENE0471_HUMAN","P42553","Protein GENE0471",0.3202,0.781366,0.769483,0,0.1138,4,2,FALSE,FALSE,FALSE
"GENE2621","GENE2621_HUMAN","P70965","Protein GENE2621",-0.3797,1,0.619248,0,0.2081,3,5,FALSE,FALSE,FALSE
"GENE0521","GENE0521_HUMAN","P83265","Protein GENE0521",-0.0077,1,0.695819,0,0.1575,6,3,FALSE,FALSE,FALSE
"GENE0381","GENE0381_HUMAN","P83590","Protein GENE0381",0.3018,1,0.427834,0,0.3687,2,4,FALSE,FALSE,FALSE
"GENE1652","GENE1652_HUMAN","P95283","Protein GENE1652",0.1865,0.196526,0.08023,0.7335,1.0957,6,5,FALSE,FALSE,FALSE
"GENE2076","GENE2076_HUMAN","P24540","Protein GENE2076",-0.1328,0.885589,0.220611,0.0015,0.6564,2,6,FALSE,FALSE,FALSE
"GENE1865","GENE1865_HUMAN","P92453","Protein GENE1865",-0.4464,1,0.892278,0,0.0495,2,4,FALSE,FALSE,FALSE
"GENE2707","GENE2707_HUMAN","P33345","Protein GENE2707",0.0929,1,0.955236,0,0.0199,4,4,FALSE,TRUE,FALSE
"GENE2574","GENE2574_HUMAN","P37589","Protein GENE2574",-0.3287,1,0.548829,0,0.2606,2,2,FALSE,TRUE,FALSE
"GENE2578","GENE2578_HUMAN","P91009","Protein GENE2578",0.3767,0.706131,0.56782,0.1057,0.2458,3,3,TRUE,TRUE,FALSE
"GENE2809","GENE2809_HUMAN","P05585","Protein GENE2809",0.2378,1,0.750222,0,0.1248,3,3,FALSE,FALSE,FALSE
"GENE0244","GENE0244_HUMAN","P52757","Protein GENE0244",0.4853,0.413602,0.272096,0.4931,0.5653,5,6,FALSE,FALSE,FALSE
"GENE0386","GENE0386_HUMAN","P22471","Protein GENE0386",0.653,1,0.925331,0,0.0337,6,6,FALSE,FALSE,FALSE
"GENE0255","GENE0255_HUMAN","P06093","Protein GENE0255",-0.0182,1,0.909076,0,0.0414,4,5,FALSE,FALSE,FALSE
"GENE2623","GENE2623_HUMAN","P42174","Protein GENE2623",-0.8821,0.002491,0.000938,2.635,3.028,5,3,FALSE,FALSE,TRUE
"GENE0907","GENE0907_HUMAN","P67352","Protein GENE0907",-0.2192,1,0.779434,0,0.1082,5,3,FALSE,FALSE,FALSE
"GENE1877","GENE1877_HUMAN","P31145","Protein GENE1877",-0.1212,0.635241,0.507114,0,0.2949,5,3,FALSE,FALSE,FALSE
"GENE2396","GENE2396_HUMAN","P49159","Protein GENE2396",0.7076,0.303504,0.149951,0.1763,0.8241,6,2,FALSE,FALSE,FALSE
"GENE0494","GENE0494_HUMAN","P95056","Protein GENE0494",-0.1128,1,0.726066,0,0.139,4,6,FALSE,FALSE,FALSE
"GENE0823","GENE0823_HUMAN","P03003","Protein GENE0823",-0.4776,1,0.949952,0,0.0223,5,4,FALSE,FALSE,FALSE
"GENE1090","GENE1090_HUMAN","P32121","Protein GENE1090",-1.0242,1,0.853135,0,0.069,3,5,FALSE,FALSE,FALSE
"GENE2765","GENE2765_HUMAN","P10806","Protein GENE2765",0.0883,1,0.643071,0.136,0.1917,5,3,TRUE,FALSE,FALSE
"GENE2683","GENE2683_HUMAN","P08112","Protein GENE2683",-0.1145,0.61226,0.288284,0.2446,0.5402,5,5,FALSE,FALSE,FALSE
"GENE0831","GENE0831_HUMAN","P64682","Protein GENE0831",0.4355,0.550667,0.219097,0.4904,0.6594,3,6,FALSE,FALSE,FALSE
"GENE1258","GENE1258_HUMAN","P35429","Protein GENE1258",-0.1518,1,0.333725,8e-04,0.4766,3,3,TRUE,FALSE,FALSE
"GENE1051","GENE1051_HUMAN","P52889","Protein GENE1051",-0.1151,0.574141,0.264001,0,0.5784,5,5,TRUE,TRUE,FALSE
"LARP7","LARP7_HUMAN","P16421","Protein LARP7",0.3611,1,0.758166,0,0.1202,2,6,FALSE,FALSE,FALSE
"GENE0401","GENE0401_HUMAN","P81279","Protein GENE0401",0.0971,1,0.903324,0,0.0442,2,2,FALSE,TRUE,FALSE
"GENE1306","GENE1306_HUMAN","P29622","Protein GENE1306",-0.2318,1,0.849999,0,0.0706,4,5,FALSE,FALSE,FALSE
"GENE1464","GENE1464_HUMAN","P47591","Protein GENE1464",-0.7571,0.149758,0.145065,0.5475,0.8384,2,6,FALSE,FALSE,FALSE
"GENE2495","GENE2495_HUMAN","P42225","Protein GENE2495",-0.1682,1,0.942784,0,0.0256,5,3,FALSE,FALSE,FALSE
"GENE1271","GENE1271_HUMAN","P04301","Protein GENE1271",0.6796,0.244804,0.158779,0.3401,0.7992,6,3,FALSE,FALSE,FALSE
"GENE1276","GENE1276_HUMAN","P95301","Protein GENE1276",0.0025,0.478211,0.146616,0.6116,0.8338,2,4,FALSE,FALSE,FALSE
"GENE0311","GENE0311_HUMAN","P60482","Protein GENE0311",4.4382,0.149014,0.041097,0.8379,1.3862,4,3,FALSE,FALSE,TRUE
"GENE0119","GENE0119_HUMAN","P80039","Protein GENE0119",0.2819,1,0.795028,0,0.0996,5,6,FALSE,FALSE,FALSE
"GENE1044","GENE1044_HUMAN","P00124","Protein GENE1044",0.4342,1,0.296434,0.0839,0.5281,2,2,FALSE,FALSE,FALSE
"GENE0739","GENE0739_HUMAN","P06706","Protein GENE0739",-0.1487,0.959473,0.394247,0,0.4042,5,3,FALSE,FALSE,FALSE
"GENE1697","GENE1697_HUMAN","P42831","Protein GENE1697",0.6261,1,0.870837,0,0.0601,4,5,FALSE,FALSE,FALSE
"GENE2871","GENE2871_HUMAN","P89276","Protein GENE2871",-0.1411,0.855092,0.586383,0,0.2318,3,4,FALSE,FALSE,FALSE
"GENE2583","GENE2583_HUMAN","P28864","Protein GENE2583",0.347,1,0.79393,0,0.1002,3,6,FALSE,FALSE,FALSE
"GENE0910","GENE0910_HUMAN","P45122","Protein GENE0910",-0.0661,0.967092,0.450695,0,0.3461,5,2,FALSE,FALSE,FALSE
"GENE0301","GENE0301_HUMAN","P86520","Protein GENE0301",0.3694,1,0.34393,0.02,0.4635,3,4,FALSE,FALSE,FALSE
"GENE2274","GENE2274_HUMAN","P82892","Protein GENE2274",-0.223,0.185533,0.061773,0.5331,1.2092,5,6,FALSE,FALSE,FALSE
"GENE2119","GENE2119_HUMAN","P51355","Protein GENE2119",-0.6196,0.868203,0.534305,0,0.2722,3,4,FALSE,FALSE,FALSE
"GENE2601","GENE2601_HUMAN","P80148","Protein GENE2601",-0.267,1,0.384428,0.2819,0.4152,5,2,FALSE,FALSE,FALSE
"GENE0497","GENE0497_HUMAN","P10567","Protein GENE0497",0.2543,0.376501,0.304337,0,0.5166,6,6,FALSE,FALSE,FALSE
"GENE2125","GENE2125_HUMAN","P08646","Protein GENE2125",0.1017,0.267646,0.243731,0.3157,0.6131,6,4,FALSE,FALSE,FALSE
"GENE2229","GENE2229_HUMAN","P25657","Protein GENE2229",-0.6241,1,0.315192,0.0766,0.5014,4,5,FALSE,FALSE,FALSE
"GENE1237","GENE1237_HUMAN","P54212","Protein GENE1237",-0.3562,0.109785,0.090071,0.5261,1.0454,2,4,FALSE,FALSE,FALSE
"GENE0984","GENE0984_HUMAN","P04802","Protein GENE0984",0.3442,0.569991,0.232319,0,0.6339,3,4,FALSE,FALSE,FALSE
"GENE0771","GENE0771_HUMAN","P02116","Protein GENE0771",-0.0627,0.80964,0.226577,0.0709,0.6448,4,2,FALSE,FALSE,FALSE
"GENE1553","GENE1553_HUMAN","P60659","Protein GENE1553",-0.0597,1,0.353233,0,0.4519,3,4,FALSE,FALSE,FALSE
"GENE0149","GENE0149_HUMAN","P59411","Protein GENE0149",2.6164,0.081453,0.030649,1.2523,1.5136,6,3,FALSE,FALSE,TRUE
"GENE0187","GENE0187_HUMAN","P25365","Protein GENE0187",0.3831,1,0.803343,0,0.0951,5,5,FALSE,FALSE,FALSE
"GENE2324","GENE2324_HUMAN","P37888","Protein GENE2324",-0.0829,1,0.918266,0,0.037,2,5,FALSE,FALSE,FALSE
"GENE1923","GENE1923_HUMAN","P74483","Protein GENE1923",0.27,1,0.994382,0,0.0024,6,5,FALSE,FALSE,FALSE
"GENE2675","GENE2675_HUMAN","P26421","Protein GENE2675",-0.7763,0.58891,0.165772,0.4558,0.7805,2,2,FALSE,TRUE,FALSE
"GENE1499","GENE1499_HUMAN","P24972","Protein GENE1499",1.6576,0.043135,0.021001,1.3654,1.6778,2,6,FALSE,FALSE,TRUE
"GENE0349","GENE0349_HUMAN","P30063","Protein GENE0349",-0.319,1,0.663798,0,0.178,2,2,FALSE,FALSE,FALSE
"GENE0342","GENE0342_HUMAN","P31244","Protein GENE0342",-0.0077,1,0.677272,0,0.1692,6,2,FALSE,FALSE,FALSE
"GENE2136","GENE2136_HUMAN","P49803","Protein GENE2136",0.7058,1,0.309535,0.4857,0.5093,4,5,FALSE,FALSE,FALSE
"GENE1608","GENE1608_HUMAN","P10178","Protein GENE1608",0.1659,1,0.288954,0,0.5392,6,4,FALSE,FALSE,FALSE
"GENE1944","GENE1944_HUMAN","P44160","Protein GENE1944",0.0032,1,0.344025,0,0.4634,3,4,FALSE,FALSE,FALSE
"GENE1606","GENE1606_HUMAN","P43020","Protein GENE1606",0.3751,1,0.276257,0.2187,0.5587,5,6,FALSE,FALSE,FALSE
"GENE2050","GENE2050_HUMAN","P38765","Protein GENE2050",0.2859,1,0.79259,0.0912,0.101,3,4,FALSE,FALSE,FALSE
"GENE1759","GENE1759_HUMAN","P41422","Protein GENE1759",-0.4083,1,0.89949,0,0.046,2,5,FALSE,FALSE,FALSE
"GENE2493","GENE2493_HUMAN","P51548","Protein GENE2493",-0.0911,1,0.781798,0,0.1069,2,3,FALSE,FALSE,FALSE
"GENE2161","GENE2161_HUMAN","P04083","Protein GENE2161",0.1433,0.746986,0.152955,0.1238,0.8154,2,5,FALSE,FALSE,FALSE
"GENE1486","GENE1486_HUMAN","P88279","Protein GENE1486",-0.4494,0.829443,0.356278,0,0.4482,6,4,FALSE,FALSE,FALSE
"GENE1955","GENE1955_HUMAN","P41255","Protein GENE1955",0.5871,0.922723,0.203919,0.4736,0.6905,2,2,TRUE,FALSE,FALSE
"MED1","MED1_HUMAN","P65230","Protein MED1",1.6158,0.043249,0.012662,1.263,1.8975,3,3,FALSE,FALSE,TRUE
"GENE0633","GENE0633_HUMAN","P18204","Protein GENE0633",-0.3458,1,0.558297,0,0.2531,5,6,FALSE,FALSE,FALSE
"GENE0925","GENE0925_HUMAN","P96548","Protein GENE0925",0.113,0.993123,0.875294,0,0.0578,4,2,TRUE,FALSE,FALSE
"GENE1155","GENE1155_HUMAN","P60646","Protein GENE1155",-0.4523,0.536273,0.197305,0.0694,0.7049,3,5,FALSE,FALSE,FALSE
"GENE2067","GENE2067_HUMAN","P90485","Protein GENE2067",-0.3075,0.172286,0.161458,0.3653,0.7919,3,4,FALSE,FALSE,FALSE
"GENE2085","GENE2085_HUMAN","P66182","Protein GENE2085",0.0084,1,0.661267,0,0.1796,3,4,FALSE,FALSE,FALSE
"GENE1373","GENE1373_HUMAN","P80209","Protein GENE1373",0.0098,0.793561,0.411875,0.07,0.3852,6,5,FALSE,FALSE,FALSE
"GENE2604","GENE2604_HUMAN","P37855","Protein GENE2604",-0.3066,0.778997,0.610118,0,0.2146,2,6,FALSE,FALSE,FALSE
"GENE1902","GENE1902_HUMAN","P42185","Protein GENE1902",-4.0455,0.043163,0.008805,1.755,2.0553,3,2,FALSE,TRUE,TRUE
"GENE1849","GENE1849_HUMAN","P07100","Protein GENE1849",-0.1848,1,0.924713,0,0.034,5,5,FALSE,FALSE,FALSE
"GENE0570","GENE0570_HUMAN","P59997","Protein GENE0570",-0.2614,0.932864,0.204544,0.0862,0.6892,5,3,FALSE,TRUE,FALSE
"GENE2237","GENE2237_HUMAN","P75962","Protein GENE2237",0.5869,0.863237,0.607046,0.0655,0.2168,3,5,FALSE,FALSE,FALSE
"GENE1566","GENE1566_HUMAN","P09778","Protein GENE1566",0.1058,1,0.708907,0,0.1494,3,5,FALSE,FALSE,FALSE
"ASCC3","ASCC3_HUMAN","P32959","Protein ASCC3",0.5807,0.130408,0.02684,1.1873,1.5712,2,6,FALSE,FALSE,TRUE
"GENE0146","GENE0146_HUMAN","P29099","Protein GENE0146",0.1894,1,0.964944,0,0.0155,4,5,FALSE,FALSE,FALSE
"GENE2012","GENE2012_HUMAN","P24206","Protein GENE2012",-0.1831,0.695352,0.263598,0.0031,0.5791,4,2,FALSE,FALSE,FALSE
"GENE1544","GENE1544_HUMAN","P91401","Protein GENE1544",-0.103,1,0.977825,0,0.0097,4,5,FALSE,FALSE,FALSE
"GENE0111","GENE0111_HUMAN","P46701","Protein GENE0111",0.3718,1,0.696178,0,0.1573,6,3,TRUE,FALSE,FALSE
"GENE0370","GENE0370_HUMAN","P16039","Protein GENE0370",-0.4637,0.437439,0.190525,0.2677,0.72,3,3,FALSE,FALSE,FALSE
"GENE1435","GENE1435_HUMAN","P18063","Protein GENE1435",-0.11,1,0.905394,0,0.0432,6,4,FALSE,FALSE,FALSE
"GENE2848","GENE2848_HUMAN","P03694","Protein GENE2848",-0.3591,0.899677,0.364072,0,0.4388,4,4,FALSE,TRUE,FALSE
"GENE0268","GENE0268_HUMAN","P28247","Protein GENE0268",-0.3736,1,0.924198,0,0.0342,6,3,FALSE,FALSE,FALSE
"GENE1223","GENE1223_HUMAN","P71723","Protein GENE1223",0.1833,0.647909,0.175905,0.1713,0.7547,5,2,FALSE,FALSE,FALSE
"GENE2380","GENE2380_HUMAN","P12235","Protein GENE2380",0.2785,1,0.593028,0,0.2269,2,5,FALSE,FALSE,FALSE
"GENE2659","GENE2659_HUMAN","P25883","Protein GENE2659",-0.0636,0.882746,0.675987,0,0.1701,3,4,FALSE,FALSE,FALSE
"GENE2146","GENE2146_HUMAN","P86958","Protein GENE2146",0.0948,1,0.278181,0,0.5557,3,2,FALSE,FALSE,FALSE
"GENE0551","GENE0551_HUMAN","P11142","Protein GENE0551",4.4953,0.003571,0.001101,2.4454,2.9581,2,4,FALSE,FALSE,TRUE
"GENE0575","GENE0575_HUMAN","P55962","Protein GENE0575",0.4993,0.566067,0.158844,0.1013,0.799,2,6,FALSE,FALSE,FALSE
"GENE2030","GENE2030_HUMAN","P99108","Protein GENE2030",0.1674,1,0.33895,0.4282,0.4699,2,4,TRUE,FALSE,FALSE
"GENE0863","GENE0863_HUMAN","P87798","Protein GENE0863",-0.1037,0.720979,0.250269,0,0.6016,6,2,FALSE,FALSE,FALSE
"GENE0064","GENE0064_HUMAN","P44595","Protein GENE0064",-0.5693,1,0.517138,0,0.2864,2,4,FALSE,FALSE,FALSE
"GENE2273","GENE2273_HUMAN","P43767","Protein GENE2273",-0.2615,1,0.91533,0,0.0384,5,3,FALSE,FALSE,FALSE
"GENE0792","GENE0792_HUMAN","P33754","Protein GENE0792",0.0492,1,0.752852,0,0.1233,4,4,FALSE,FALSE,FALSE
"GENE1089","GENE1089_HUMAN","P33031","Protein GENE1089",0.3476,1,0.399403,0.2843,0.3986,3,2,FALSE,FALSE,FALSE
"GENE1723","GENE1723_HUMAN","P39508","Protein GENE1723",-0.2655,1,0.994314,0,0.0025,6,5,FALSE,FALSE,FALSE
"GENE2027","GENE2027_HUMAN","P71676","Protein GENE2027",-0.591,1,0.454714,0.2969,0.3423,5,4,FALSE,FALSE,FALSE
"GENE0092","GENE0092_HUMAN","P03470","Protein GENE0092",-2.3078,0.006474,0.001547,2.1488,2.8104,6,2,FALSE,FALSE,TRUE
"GENE2586","GENE2586_HUMAN","P10148","Protein GENE2586",0.0707,0.477208,0.345488,0.1608,0.4616,4,5,FALSE,FALSE,FALSE
"GENE1510","GENE1510_HUMAN","P33242","Protein GENE1510",0.2241,1,0.834453,0,0.0786,6,5,TRUE,FALSE,FALSE
"GENE2150","GENE2150_HUMAN","P21087","Protein GENE2150",-0.1109,1,0.447872,0,0.3488,3,3,FALSE,FALSE,FALSE
"GENE1240","GENE1240_HUMAN","P60419","Protein GENE1240",0,1,0.355436,0,0.4492,3,4,TRUE,FALSE,FALSE
"GENE1439","GENE1439_HUMAN","P34712","Protein GENE1439",-0.1077,0.420838,0.290325,0.2162,0.5371,2,6,FALSE,FALSE,FALSE
"GENE1695","GENE1695_HUMAN","P83917","Protein GENE1695",0.643,0.775022,0.240439,0,0.619,3,5,FALSE,FALSE,FALSE
"GENE2688","GENE2688_HUMAN","P26692","Protein GENE2688",0.0059,1,0.306617,0.0867,0.5134,3,4,FALSE,FALSE,FALSE
"GENE0784","GENE0784_HUMAN","P14628","Protein GENE0784",0.9144,0.35224,0.118263,0.402,0.9272,5,6,FALSE,FALSE,FALSE
"GENE2537","GENE2537_HUMAN","P57250","Protein GENE2537",0.0149,0.647367,0.249944,0.1792,0.6022,2,3,FALSE,FALSE,FALSE
"GENE2339","GENE2339_HUMAN","P72248","Protein GENE2339",0.0198,0.689275,0.147582,0.1761,0.831,4,2,FALSE,FALSE,FALSE
"GENE0303","GENE0303_HUMAN","P01755","Protein GENE0303",0.1556,1,0.744006,0,0.1284,6,5,FALSE,FALSE,FALSE
"GENE2624","GENE2624_HUMAN","P93761","Protein GENE2624",0.2178,0.954106,0.733746,0,0.1345,3,4,FALSE,FALSE,FALSE
"GENE1405","GENE1405_HUMAN","P62678","Protein GENE1405",-0.143,1,0.813293,0,0.0898,5,6,FALSE,FALSE,FALSE
"GENE1046","GENE1046_HUMAN","P48954","Protein GENE1046",-0.2759,1,0.715778,0,0.1452,4,3,FALSE,FALSE,FALSE
"GENE0805","GENE0805_HUMAN","P27568","Protein GENE0805",1.9096,0.012194,0.009555,1.4148,2.0198,2,4,FALSE,FALSE,TRUE
"GENE2096","GENE2096_HUMAN","P92913","Protein GENE2096",-0.1652,0.325104,0.205884,0.3191,0.6864,2,5,FALSE,FALSE,FALSE
"GENE1710","GENE1710_HUMAN","P90483","Protein GENE1710",0.4439,0.963881,0.626782,0.1688,0.2029,4,5,FALSE,FALSE,FALSE
"GENE1518","GENE1518_HUMAN","P21285","Protein GENE1518",0.0703,0.516948,0.15342,0.4193,0.8141,2,3,FALSE,TRUE,FALSE
"GENE1520","GENE1520_HUMAN","P27114","Protein GENE1520",0.343,1,0.812189,0,0.0903,6,5,FALSE,FALSE,FALSE
"GENE2318","GENE2318_HUMAN","P28006","Protein GENE2318",0.607,1,0.36935,0,0.4326,5,2,FALSE,FALSE,FALSE
"GENE2827","GENE2827_HUMAN","P36471","Protein GENE2827",0.2139,1,0.648311,0,0.1882,6,2,FALSE,FALSE,FALSE
"GENE0753","GENE0753_HUMAN","P30978","Protein GENE0753",0.2475,1,0.885479,0,0.0528,5,2,FALSE,FALSE,FALSE
"GENE1706","GENE1706_HUMAN","P24250","Protein GENE1706",-1.9509,0.032088,0.009529,1.7606,2.021,5,3,FALSE,FALSE,TRUE
"GENE1718","GENE1718_HUMAN","P83275","Protein GENE1718",0.3349,1,0.68314,0,0.1655,2,4,FALSE,FALSE,FALSE
"GENE1369","GENE1369_HUMAN","P18359","Protein GENE1369",-0.1459,0.437226,0.201321,0.3122,0.6961,6,2,FALSE,FALSE,FALSE
"GENE1475","GENE1475_HUMAN","P85920","Protein GENE1475",0.7558,1,0.910457,0,0.0407,5,6,FALSE,TRUE,FALSE
"GENE1623","GENE1623_HUMAN","P89761","Protein GENE1623",0.0273,1,0.8519,0,0.0696,4,3,FALSE,FALSE,FALSE
"GENE1218","GENE1218_HUMAN","P76120","Protein GENE1218",0.2452,0.623413,0.462414,0,0.335,4,5,FALSE,FALSE,FALSE
"GENE1359","GENE1359_HUMAN","P09679","Protein GENE1359",-0.0057,1,0.872731,0,0.0591,3,2,FALSE,FALSE,FALSE
"GENE1436","GENE1436_HUMAN","P74188","Protein GENE1436",0.5407,1,0.891034,0,0.0501,5,6,FALSE,TRUE,FALSE
"LARP5","LARP5_HUMAN","P59281","Protein LARP5",0.1226,0.393836,0.096254,0.9954,1.0166,3,2,FALSE,FALSE,FALSE
"GENE1884","GENE1884_HUMAN","P91980","Protein GENE1884",-0.7193,1,0.799734,0,0.0971,4,4,FALSE,FALSE,FALSE
"GENE2443","GENE2443_HUMAN","P28513","Protein GENE2443",-0.2548,1,0.591669,0,0.2279,6,5,TRUE,FALSE,FALSE
"GENE0078","GENE0078_HUMAN","P89614","Protein GENE0078",-0.1503,1,0.845297,0,0.073,2,2,FALSE,FALSE,FALSE
"GENE2398","GENE2398_HUMAN","P13297","Protein GENE2398",0.0765,1,0.985023,0,0.0066,4,4,FALSE,FALSE,FALSE
"GENE0334","GENE0334_HUMAN","P13876","Protein GENE0334",-1.3669,0.048539,0.036553,0.8271,1.4371,2,6,FALSE,FALSE,TRUE
"GENE0360","GENE0360_HUMAN","P26670","Protein GENE0360",-0.4813,0.420989,0.115811,0.5472,0.9362,5,3,FALSE,FALSE,FALSE
"GENE1774","GENE1774_HUMAN","P55115","Protein GENE1774",-0.7092,1,0.924001,0,0.0343,3,2,FALSE,FALSE,FALSE
"GENE0491","GENE0491_HUMAN","P80400","Protein GENE0491",-1.6593,0.051559,0.013284,1.4893,1.8767,3,2,FALSE,TRUE,TRUE
"GENE0074","GENE0074_HUMAN","P88522","Protein GENE0074",0.0498,0.215263,0.177545,0.0735,0.7507,4,4,FALSE,FALSE,FALSE
"GENE0712","GENE0712_HUMAN","P69477","Protein GENE0712",-0.0368,1,0.331716,0,0.4792,5,2,FALSE,FALSE,FALSE
"GENE1691","GENE1691_HUMAN","P93928","Protein GENE1691",-3.2213,0.02696,0.012576,1.6255,1.9005,4,4,FALSE,FALSE,TRUE
"GENE1527","GENE1527_HUMAN","P19110","Protein GENE1527",-0.5861,1,0.91664,0,0.0378,3,6,FALSE,FALSE,FALSE
"GENE1584","GENE1584_HUMAN","P43870","Protein GENE1584",-0.1678,1,0.911663,0,0.0402,4,2,FALSE,FALSE,FALSE
"GENE1484","GENE1484_HUMAN","P63969","Protein GENE1484",1.1118,0.124433,0.025945,1.5229,1.5859,2,4,TRUE,FALSE,TRUE
"GENE1429","GENE1429_HUMAN","P49265","Protein GENE1429",0.0559,1,0.88079,0,0.0551,2,3,FALSE,FALSE,FALSE
"GENE2512","GENE2512_HUMAN","P52583","Protein GENE2512",0.2124,1,0.400074,0.0091,0.3979,2,3,FALSE,FALSE,FALSE
"GENE1292","GENE1292_HUMAN","P83783","Protein GENE1292",0.4728,1,0.675568,0,0.1703,5,3,TRUE,FALSE,FALSE
"GENE2674","GENE2674_HUMAN","P82007","Protein GENE2674",0.4268,1,0.487277,0,0.3122,4,2,FALSE,FALSE,FALSE
"GENE2875","GENE2875_HUMAN","P01173","Protein GENE2875",0.0138,0.642224,0.141631,0.6355,0.8488,3,5,FALSE,FALSE,FALSE
"GENE1660","GENE1660_HUMAN","P07270","Protein GENE1660",3.5737,0.044539,0.011356,1.774,1.9448,6,5,FALSE,FALSE,TRUE
"GENE2723","GENE2723_HUMAN","P17241","Protein GENE2723",0.1485,0.890484,0.497982,0,0.3028,2,6,FALSE,FALSE,FALSE
"GENE1222","GENE1222_HUMAN","P13446","Protein GENE1222",-0.1853,1,0.88613,0,0.0525,4,2,FALSE,FALSE,FALSE
"GENE0583","GENE0583_HUMAN","P88285","Protein GENE0583",-0.1215,1,0.563624,0.0667,0.249,5,4,FALSE,FALSE,FALSE
"GENE1048","GENE1048_HUMAN","P76158","Protein GENE1048",-0.172,0.925184,0.299265,0,0.5239,4,6,FALSE,FALSE,FALSE
"GENE2342","GENE2342_HUMAN","P64132","Protein GENE2342",-0.298,0.987474,0.497951,0.0709,0.3028,3,6,FALSE,FALSE,FALSE
"GENE1535","GENE1535_HUMAN","P98508","Protein GENE1535",0.0555,0.197567,0.188611,0.2958,0.7244,6,5,FALSE,FALSE,FALSE
"GENE2310","GENE2310_HUMAN","P27413","Protein GENE2310",1.0895,1,0.255165,0.0671,0.5932,3,5,FALSE,FALSE,FALSE
"GENE2503","GENE2503_HUMAN","P94985","Protein GENE2503",0.5865,1,0.484986,0.1147,0.3143,2,5,FALSE,TRUE,FALSE
"GENE0518","GENE0518_HUMAN","P58385","Protein GENE0518",-0.0268,0.19867,0.066886,0.858,1.1747,6,5,FALSE,FALSE,FALSE
"GENE1293","GENE1293_HUMAN","P91440","Protein GENE1293",-0.5912,0.87759,0.847306,0,0.072,5,5,FALSE,FALSE,FALSE
"GENE0943","GENE0943_HUMAN","P94634","Protein GENE0943",0.9472,0.094237,0.044948,1.0718,1.3473,2,5,FALSE,FALSE,TRUE
"GENE1942","GENE1942_HUMAN","P23311","Protein GENE1942",2.6567,0.23914,0.048859,1.0898,1.3111,2,4,FALSE,FALSE,TRUE
"GENE2855","GENE2855_HUMAN","P75176","Protein GENE2855",-0.0251,0.976824,0.218273,0.0018,0.661,4,5,FALSE,FALSE,FALSE
"GENE0822","GENE0822_HUMAN","P85234","Protein GENE0822",0.2971,0.356133,0.116539,0.5373,0.9335,6,5,FALSE,FALSE,FALSE
"GENE1152","GENE1152_HUMAN","P04047","Protein GENE1152",0.8206,1,0.692657,0,0.1595,6,5,TRUE,FALSE,FALSE
"GENE0728","GENE0728_HUMAN","P57447","Protein GENE0728",0.4422,1,0.629187,0,0.2012,3,4,FALSE,FALSE,FALSE
"GENE1615","GENE1615_HUMAN","P69438","Protein GENE1615",0.0882,1,0.624175,0.1432,0.2047,4,5,FALSE,FALSE,FALSE
"GENE2378","GENE2378_HUMAN","P97534","Protein GENE2378",-0.1642,1,0.604474,0,0.2186,5,4,FALSE,FALSE,FALSE
"GENE0005","GENE0005_HUMAN","P78502","Protein GENE0005",-0.3989,0.611968,0.409395,0,0.3879,5,3,FALSE,FALSE,FALSE
"GENE0464","GENE0464_HUMAN","P90980","Protein GENE0464",0.5595,0.321258,0.114273,0.496,0.9421,6,6,FALSE,FALSE,FALSE
"GENE0056","GENE0056_HUMAN","P39074","Protein GENE0056",-0.0128,1,0.843741,0,0.0738,5,2,FALSE,FALSE,FALSE
"GENE1579","GENE1579_HUMAN","P29326","Protein GENE1579",-0.1393,1,0.728407,0,0.1376,6,4,FALSE,FALSE,FALSE
"GENE2026","GENE2026_HUMAN","P45710","Protein GENE2026",-0.4809,1,0.753628,0,0.1228,2,5,FALSE,FALSE,FALSE
"GENE2896","GENE2896_HUMAN","P64345","Protein GENE2896",-0.5143,1,0.338655,0,0.4702,5,6,FALSE,FALSE,FALSE
"GENE0054","GENE0054_HUMAN","P64857","Protein GENE0054",-0.3446,1,0.496567,0,0.304,4,3,FALSE,FALSE,FALSE
"GENE1426","GENE1426_HUMAN","P04212","Protein GENE1426",0.4315,1,0.73362,0,0.1345,2,6,FALSE,FALSE,FALSE
"GENE1819","GENE1819_HUMAN","P95664","Protein GENE1819",-0.1818,1,0.832949,0,0.0794,3,5,FALSE,FALSE,FALSE
"GENE0969","GENE0969_HUMAN","P59932","Protein GENE0969",0.1747,0.830433,0.407218,0.1236,0.3902,6,2,TRUE,FALSE,FALSE
"GENE0875","GENE0875_HUMAN","P51799","Protein GENE0875",0.1074,1,0.299173,0,0.5241,4,6,FALSE,FALSE,FALSE
"GENE1746","GENE1746_HUMAN","P27148","Protein GENE1746",0.3277,0.260238,0.16101,0.2918,0.7931,4,2,TRUE,TRUE,FALSE
"GENE1822","GENE1822_HUMAN","P85457","Protein GENE1822",2.0518,0.011451,0.011402,1.3432,1.943,6,6,FALSE,FALSE,TRUE
"GENE1857","GENE1857_HUMAN","P37400","Protein GENE1857",-0.0223,0.865118,0.239959,0.3024,0.6199,6,2,FALSE,FALSE,FALSE
"GENE2451","GENE2451_HUMAN","P52910","Protein GENE2451",0.2229,1,0.743619,0.037,0.1286,2,5,FALSE,FALSE,FALSE
"GENE1049","GENE1049_HUMAN","P95236","Protein GENE1049",-0.2177,1,0.534467,0,0.2721,4,2,TRUE,FALSE,FALSE
"GENE0865","GENE0865_HUMAN","P81431","Protein GENE0865",0.4429,1,0.706559,0,0.1509,3,6,FALSE,FALSE,FALSE
"GENE2792","GENE2792_HUMAN","P58708","Protein GENE2792",-0.4953,0.41818,0.228209,0.1354,0.6417,2,6,FALSE,FALSE,FALSE
"GENE1830","GENE1830_HUMAN","P36368","Protein GENE1830",0.1125,1,0.660347,0,0.1802,3,6,FALSE,FALSE,FALSE
"GENE1755","GENE1755_HUMAN","P78371","Protein GENE1755",-0.0571,1,0.81834,0,0.0871,3,5,FALSE,FALSE,FALSE
"GENE2666","GENE2666_HUMAN","P17560","Protein GENE2666",0.0195,1,0.303309,0.0343,0.5181,4,3,FALSE,FALSE,FALSE
"GENE2308","GENE2308_HUMAN","P92940","Protein GENE2308",-0.3333,0.649067,0.428026,0,0.3685,3,6,FALSE,FALSE,FALSE
"GENE1831","GENE1831_HUMAN","P65727","Protein GENE1831",0.1273,0.168903,0.140691,0.3018,0.8517,5,6,FALSE,FALSE,FALSE
"GENE1880","GENE1880_HUMAN","P41150","Protein GENE1880",0.1158,0.229682,0.164765,0.0893,0.7831,3,3,FALSE,FALSE,FALSE
"GENE1768","GENE1768_HUMAN","P93254","Protein GENE1768",0.2241,1,0.499147,0.162,0.3018,4,2,FALSE,FALSE,FALSE
"GENE2419","GENE2419_HUMAN","P43736","Protein GENE2419",3.0734,0.008325,0.006029,1.7776,2.2198,2,5,FALSE,FALSE,TRUE
"GENE1140","GENE1140_HUMAN","P31999","Protein GENE1140",0.5326,1,0.538646,0,0.2687,2,4,FALSE,FALSE,FALSE
"GENE2117","GENE2117_HUMAN","P55937","Protein GENE2117",-0.1486,0.466936,0.363571,0,0.4394,5,6,FALSE,TRUE,FALSE
"GENE0346","GENE0346_HUMAN","P31049","Protein GENE0346",0.2322,1,0.56097,0,0.2511,6,4,FALSE,FALSE,FALSE
"GENE0999","GENE0999_HUMAN","P91797","Protein GENE0999",0.2604,0.889751,0.672943,0,0.172,6,2,FALSE,FALSE,FALSE
"GENE1847","GENE1847_HUMAN","P57727","Protein GENE1847",-0.1964,0.298506,0.172003,0.4197,0.7645,2,2,FALSE,FALSE,FALSE
"GENE2518","GENE2518_HUMAN","P66986","Protein GENE2518",-0.6311,0.463203,0.093546,0.4165,1.029,6,6,FALSE,FALSE,FALSE
"GENE0133","GENE0133_HUMAN","P46432","Protein GENE0133",-0.1582,0.8524,0.522537,0.2369,0.2819,4,6,FALSE,FALSE,FALSE
"GENE0177","GENE0177_HUMAN","P75687","Protein GENE0177",-0.3801,1,0.582617,0,0.2346,5,5,FALSE,FALSE,FALSE
"GENE2285","GENE2285_HUMAN","P71707","Protein GENE2285",0.1812,1,0.572789,0,0.242,6,6,FALSE,FALSE,FALSE
"GENE2140","GENE2140_HUMAN","P52642","Protein GENE2140",-0.3914,1,0.636992,0,0.1959,6,5,FALSE,FALSE,FALSE
"GENE0150","GENE0150_HUMAN","P91854","Protein GENE0150",-0.6491,1,0.995782,0,0.0018,6,5,FALSE,FALSE,FALSE
"GENE1281","GENE1281_HUMAN","P42109","Protein GENE1281",0.3404,1,0.405233,0,0.3923,5,3,TRUE,FALSE,FALSE
"DDX41","DDX41_HUMAN","P66606","Protein DDX41",0.3654,1,0.876844,0,0.0571,3,6,FALSE,FALSE,FALSE
"GENE1645","GENE1645_HUMAN","P48907","Protein GENE1645",0.1992,1,0.541462,0.0988,0.2664,2,5,FALSE,FALSE,FALSE
"GENE1586","GENE1586_HUMAN","P65998","Protein GENE1586",0.4188,0.439805,0.136755,0.3897,0.8641,4,3,FALSE,FALSE,FALSE
"GENE2423","GENE2423_HUMAN","P71627","Protein GENE2423",0.2107,0.693659,0.347631,0.408,0.4589,3,6,FALSE,FALSE,FALSE
"GENE1853","GENE1853_HUMAN","P99179","Protein GENE1853",0.1291,0.709107,0.352908,0.0013,0.4523,3,5,FALSE,TRUE,FALSE
"GENE2373","GENE2373_HUMAN","P64201","Protein GENE2373",0.2169,1,0.980752,0,0.0084,4,2,TRUE,FALSE,FALSE
"GENE2296","GENE2296_HUMAN","P70479","Protein GENE2296",0.8035,1,0.601172,0.0778,0.221,4,4,TRUE,FALSE,FALSE
"GENE1347","GENE1347_HUMAN","P08460","Protein GENE1347",-0.2894,0.128237,0.062571,0.7053,1.2036,4,4,FALSE,FALSE,FALSE
"GENE1450","GENE1450_HUMAN","P07766","Protein GENE1450",-3.7926,0.046901,0.021103,1.4581,1.6757,3,6,FALSE,FALSE,TRUE
"GENE0559","GENE0559_HUMAN","P85831","Protein GENE0559",0.2857,1,0.484905,0.1208,0.3143,5,6,FALSE,FALSE,FALSE
"GENE1159","GENE1159_HUMAN","P23246","Protein GENE1159",-0.3937,1,0.52033,0.1201,0.2837,6,4,FALSE,FALSE,FALSE
"GENE1946","GENE1946_HUMAN","P82072","Protein GENE1946",-0.2967,0.792815,0.441017,0,0.3555,3,4,FALSE,FALSE,FALSE
"GENE2867","GENE2867_HUMAN","P13551","Protein GENE2867",-0.0479,0.146347,0.087281,0.6251,1.0591,2,5,FALSE,FALSE,FALSE
"GENE2847","GENE2847_HUMAN","P40829","Protein GENE2847",-0.1097,1,0.594815,0,0.2256,5,3,FALSE,FALSE,FALSE
"GENE2881","GENE2881_HUMAN","P29294","Protein GENE2881",-0.1637,1,0.489057,0,0.3106,2,5,FALSE,TRUE,FALSE
"GENE2206","GENE2206_HUMAN","P24009","Protein GENE2206",-0.5121,1,0.849626,0,0.0708,4,2,FALSE,FALSE,FALSE
"GENE1367","GENE1367_HUMAN","P37722","Protein GENE1367",3.6094,0.013878,0.003492,2.2738,2.4569,6,2,TRUE,FALSE,TRUE
"GENE1101","GENE1101_HUMAN","P87523","Protein GENE1101",-0.1937,0.322529,0.288452,0,0.5399,5,4,FALSE,FALSE,FALSE
"GENE0721","GENE0721_HUMAN","P16411","Protein GENE0721",2.1102,0.057097,0.021477,1.2919,1.668,5,5,FALSE,FALSE,TRUE
"GENE2280","GENE2280_HUMAN","P40060","Protein GENE2280",0.2652,1,0.74192,0,0.1296,2,2,FALSE,FALSE,FALSE
"GENE2783","GENE2783_HUMAN","P63150","Protein GENE2783",0.2183,1,0.92165,0,0.0354,6,2,FALSE,TRUE,FALSE
"GENE0310","GENE0310_HUMAN","P27065","Protein GENE0310",-0.1051,0.324571,0.192282,0.2722,0.7161,3,6,FALSE,FALSE,FALSE
"GENE1776","GENE1776_HUMAN","P14596","Protein GENE1776",0.5907,1,0.648145,0,0.1883,6,6,FALSE,TRUE,FALSE
"GENE2778","GENE2778_HUMAN","P06154","Protein GENE2778",-0.4166,1,0.563278,0.2059,0.2493,2,5,FALSE,FALSE,FALSE
"GENE1982","GENE1982_HUMAN","P79059","Protein GENE1982",0.107,1,0.400178,0.0421,0.3977,6,2,TRUE,FALSE,FALSE
"GENE1478","GENE1478_HUMAN","P22279","Protein GENE1478",0.1821,1,0.913499,0,0.0393,3,2,FALSE,FALSE,FALSE
"LARP1","LARP1_HUMAN","P34709","Protein LARP1",0.1321,1,0.49692,0.2933,0.3037,5,6,FALSE,FALSE,FALSE
"GENE0902","GENE0902_HUMAN","P27774","Protein GENE0902",0.6488,1,0.441061,0,0.3555,2,4,FALSE,FALSE,FALSE
"GENE1150","GENE1150_HUMAN","P47499","Protein GENE1150",0.4763,1,0.782975,0,0.1063,5,5,FALSE,FALSE,FALSE
"GENE0572","GENE0572_HUMAN","P92581","Protein GENE0572",0.2361,0.650262,0.131757,0.6074,0.8802,4,3,FALSE,FALSE,FALSE
"GENE0931","GENE0931_HUMAN","P71989","Protein GENE0931",-0.0051,1,0.638291,0,0.195,5,5,FALSE,FALSE,FALSE
"GENE2873","GENE2873_HUMAN","P87333","Protein GENE2873",0.2616,1,0.462508,0.2467,0.3349,6,5,FALSE,FALSE,FALSE
"GENE2178","GENE2178_HUMAN","P38582","Protein GENE2178",-0.218,1,0.744208,0,0.1283,6,2,FALSE,FALSE,FALSE
"GENE0102","GENE0102_HUMAN","P22941","Protein GENE0102",-0.3006,1,0.344979,0.1705,0.4622,6,4,FALSE,FALSE,FALSE
"GENE1625","GENE1625_HUMAN","P93234","Protein GENE1625",0.495,0.409055,0.27771,0,0.5564,3,6,FALSE,FALSE,FALSE
"GENE1684","GENE1684_HUMAN","P49674","Protein GENE1684",0.3573,1,0.865498,0,0.0627,2,6,FALSE,FALSE,FALSE
"GENE2307","GENE2307_HUMAN","P42911","Protein GENE2307",-0.0983,1,0.867928,0,0.0615,5,2,FALSE,FALSE,FALSE
"GENE2043","GENE2043_HUMAN","P53649","Protein GENE2043",-0.0682,1,0.383572,0,0.4162,3,4,FALSE,TRUE,FALSE
"GENE2490","GENE2490_HUMAN","P11978","Protein GENE2490",0.1141,1,0.831345,0,0.0802,4,4,FALSE,FALSE,FALSE
"GENE0709","GENE0709_HUMAN","P28204","Protein GENE0709",-3.3084,0.003661,0.00085,2.4216,3.0706,4,2,FALSE,FALSE,TRUE
"GENE0748","GENE0748_HUMAN","P71259","Protein GENE0748",0.0884,1,0.832755,0,0.0795,4,6,FALSE,FALSE,FALSE
"GENE1808","GENE1808_HUMAN","P73459","Protein GENE1808",0.5137,0.366823,0.139173,0.4925,0.8564,3,6,FALSE,FALSE,FALSE
"GENE2865","GENE2865_HUMAN","P36120","Protein GENE2865",-0.2099,1,0.63784,0,0.1953,2,5,FALSE,FALSE,FALSE
"GENE2844","GENE2844_HUMAN","P79722","Protein GENE2844",0.0222,0.834741,0.346646,0,0.4601,6,6,FALSE,FALSE,FALSE
"GENE2593","GENE2593_HUMAN","P37596","Protein GENE2593",0.3569,0.458262,0.226919,0.5664,0.6441,3,3,FALSE,FALSE,FALSE
"GENE2276","GENE2276_HUMAN","P27692","Protein GENE2276",-0.0453,1,0.490959,0.0456,0.309,6,2,FALSE,FALSE,FALSE
"GENE1066","GENE1066_HUMAN","P78929","Protein GENE1066",0.1984,1,0.776691,0.0419,0.1098,2,4,FALSE,FALSE,FALSE
"GENE2544","GENE2544_HUMAN","P28068","Protein GENE2544",0.2093,1,0.854344,0,0.0684,4,4,FALSE,FALSE,FALSE
"GENE0844","GENE0844_HUMAN","P13792","Protein GENE0844",0.472,1,0.995333,0,0.002,4,5,FALSE,FALSE,FALSE
"GENE2176","GENE2176_HUMAN","P51360","Protein GENE2176",0.3657,1,0.395151,0.2196,0.4032,6,3,FALSE,FALSE,FALSE
"GENE0866","GENE0866_HUMAN","P76387","Protein GENE0866",0.3672,1,0.570115,0,0.244,4,6,FALSE,FALSE,FALSE
"GENE2724","GENE2724_HUMAN","P37592","Protein GENE2724",-0.0425,1,0.576018,0,0.2396,6,4,FALSE,FALSE,FALSE
"GENE0806","GENE0806_HUMAN","P14359","Protein GENE0806",-0.1966,0.998608,0.492565,0,0.3075,6,3,FALSE,FALSE,FALSE
"GENE1827","GENE1827_HUMAN","P31652","Protein GENE1827",-0.0815,1,0.971433,0,0.0126,6,3,FALSE,FALSE,FALSE
"GENE1762","GENE1762_HUMAN","P12760","Protein GENE1762",-0.4021,0.481356,0.192648,0.0916,0.7152,6,5,FALSE,FALSE,FALSE
"GENE1320","GENE1320_HUMAN","P21639","Protein GENE1320",-0.5281,1,0.624501,0,0.2045,5,6,FALSE,FALSE,FALSE
"GENE0948","GENE0948_HUMAN","P82473","Protein GENE0948",0.3338,0.271649,0.184286,0.1429,0.7345,5,2,FALSE,FALSE,FALSE
"GENE1914","GENE1914_HUMAN","P26388","Protein GENE1914",0.229,1,0.850373,0,0.0704,2,3,TRUE,FALSE,FALSE
"GENE2049","GENE2049_HUMAN","P80270","Protein GENE2049",-0.5193,1,0.570215,0,0.244,6,4,FALSE,FALSE,FALSE
"GENE2046","GENE2046_HUMAN","P95983","Protein GENE2046",-0.6061,1,0.25131,0.1932,0.5998,2,5,FALSE,FALSE,FALSE
"GENE1395","GENE1395_HUMAN","P77678","Protein GENE1395",-0.0308,0.172374,0.074599,0.8617,1.1273,5,3,TRUE,TRUE,FALSE
"GENE2253","GENE2253_HUMAN","P31587","Protein GENE2253",0.1217,0.807907,0.37044,0.2388,0.4313,3,3,FALSE,FALSE,FALSE
"GENE0091","GENE0091_HUMAN","P77094","Protein GENE0091",-3.902,0.123456,0.042663,0.7927,1.3699,6,5,FALSE,FALSE,TRUE
"GENE2444","GENE2444_HUMAN","P83493","Protein GENE2444",1.0931,1,0.463529,0.0489,0.3339,3,3,FALSE,FALSE,FALSE
"GENE0212","GENE0212_HUMAN","P94441","Protein GENE0212",-0.4108,1,0.368981,0,0.433,2,2,FALSE,FALSE,FALSE
"GENE0638","GENE0638_HUMAN","P55374","Protein GENE0638",0.4015,0.749431,0.418016,0.1295,0.3788,3,3,FALSE,FALSE,FALSE
"GENE1265","GENE1265_HUMAN","P27829","Protein GENE1265",-0.0342,1,0.876902,0,0.057,2,5,FALSE,FALSE,FALSE
"GENE0117","GENE0117_HUMAN","P52701","Protein GENE0117",0.4521,1,0.815857,0,0.0884,3,6,FALSE,FALSE,FALSE
"GENE0509","GENE0509_HUMAN","P38430","Protein GENE0509",-0.314,1,0.50653,0.2799,0.2954,4,2,FALSE,FALSE,FALSE
"GENE1809","GENE1809_HUMAN","P34008","Protein GENE1809",0.2384,1,0.908775,0,0.0415,3,2,FALSE,FALSE,FALSE
"GENE2838","GENE2838_HUMAN","P80125","Protein GENE2838",-0.3419,0.324207,0.153429,0.3799,0.8141,5,6,FALSE,TRUE,FALSE
"GENE2240","GENE2240_HUMAN","P02512","Protein GENE2240",-0.1875,0.422563,0.312636,0.2229,0.505,5,3,FALSE,FALSE,FALSE
"GENE0071","GENE0071_HUMAN","P68258","Protein GENE0071",0.2936,1,0.409237,0,0.388,2,3,TRUE,FALSE,FALSE
"GENE0914","GENE0914_HUMAN","P77822","Protein GENE0914",-0.7304,1,0.276939,0.138,0.5576,3,4,FALSE,FALSE,FALSE
"GENE1408","GENE1408_HUMAN","P49993","Protein GENE1408",3.0931,0.073063,0.033532,0.9557,1.4745,3,2,FALSE,FALSE,TRUE
"GENE1635","GENE1635_HUMAN","P31138","Protein GENE1635",-0.2207,1,0.811477,0,0.0907,2,3,TRUE,FALSE,FALSE
"GENE0887","GENE0887_HUMAN","P71191","Protein GENE0887",0.3554,0.251929,0.091545,0.7308,1.0384,6,3,FALSE,FALSE,FALSE
"GENE0353","GENE0353_HUMAN","P18883","Protein GENE0353",0.1939,1,0.557356,0,0.2539,3,5,FALSE,FALSE,FALSE
"GENE0560","GENE0560_HUMAN","P82635","Protein GENE0560",0.4801,1,0.788432,0.0156,0.1032,6,4,FALSE,FALSE,FALSE
"GENE2558","GENE2558_HUMAN","P66502","Protein GENE2558",0.1614,1,0.36821,0,0.4339,4,4,FALSE,FALSE,FALSE
"GENE1821","GENE1821_HUMAN","P38919","Protein GENE1821",-0.5426,1,0.961654,0,0.017,4,3,FALSE,FALSE,FALSE
"GENE1300","GENE1300_HUMAN","P94388","Protein GENE1300",0.4097,1,0.854788,0,0.0681,5,6,FALSE,TRUE,FALSE
"GENE0543","GENE0543_HUMAN","P24111","Protein GENE0543",0.0893,0.367024,0.204619,0.1543,0.6891,5,5,FALSE,FALSE,FALSE
"GENE0193","GENE0193_HUMAN","P97138","Protein GENE0193",0.1885,1,0.99623,0,0.0016,5,6,FALSE,FALSE,FALSE
"GENE2829","GENE2829_HUMAN","P30611","Protein GENE2829",-1.0465,0.084262,0.032145,1.2427,1.4929,3,6,FALSE,TRUE,TRUE
"GENE1785","GENE1785_HUMAN","P63709","Protein GENE1785",0.4547,1,0.690999,0,0.1605,5,6,FALSE,FALSE,FALSE
"GENE0795","GENE0795_HUMAN","P06047","Protein GENE0795",-0.208,1,0.619919,0,0.2077,4,3,FALSE,FALSE,FALSE
"GENE2682","GENE2682_HUMAN","P58012","Protein GENE2682",0.0687,0.675043,0.151701,0.2596,0.819,5,2,FALSE,FALSE,FALSE
"GENE1656","GENE1656_HUMAN","P32575","Protein GENE1656",-0.3461,1,0.635555,0.105,0.1968,3,6,FALSE,FALSE,FALSE
"GENE0764","GENE0764_HUMAN","P49253","Protein GENE0764",-0.5044,1,0.428164,0,0.3684,2,4,FALSE,FALSE,FALSE
"GENE0419","GENE0419_HUMAN","P53566","Protein GENE0419",0.1779,0.080224,0.068039,0.7479,1.1672,4,6,FALSE,FALSE,FALSE
"GENE1309","GENE1309_HUMAN","P23727","Protein GENE1309",0.4019,1,0.806062,0,0.0936,6,5,FALSE,FALSE,FALSE
"GENE2254","GENE2254_HUMAN","P22620","Protein GENE2254",0.0545,0.409332,0.197411,0.1637,0.7046,6,2,FALSE,FALSE,FALSE
"GENE1539","GENE1539_HUMAN","P37260","Protein GENE1539",0.2321,0.395712,0.098846,0.6275,1.005,2,3,FALSE,FALSE,FALSE
"GENE1086","GENE1086_HUMAN","P49070","Protein GENE1086",-0.1697,1,0.832383,0,0.0797,6,5,FALSE,FALSE,FALSE
"GENE2660","GENE2660_HUMAN","P09446","Protein GENE2660",-0.1016,1,0.880422,0,0.0553,4,5,FALSE,FALSE,FALSE
"GENE0909","GENE0909_HUMAN","P57898","Protein GENE0909",0.5335,1,0.464436,0,0.3331,2,4,FALSE,FALSE,FALSE
"GENE2114","GENE2114_HUMAN","P44441","Protein GENE2114",0.027,1,0.894113,0,0.0486,4,3,TRUE,FALSE,FALSE
"GENE2392","GENE2392_HUMAN","P04365","Protein GENE2392",0.3872,0.13006,0.127634,0.2376,0.894,3,3,FALSE,FALSE,FALSE
"GENE2445","GENE2445_HUMAN","P94881","Protein GENE2445",-2.8307,0.158775,0.040121,0.7545,1.3966,2,2,FALSE,FALSE,TRUE
"GENE0840","GENE0840_HUMAN","P88847","Protein GENE0840",-0.0785,0.820857,0.266321,0,0.5746,6,3,FALSE,FALSE,FALSE
"GENE0581","GENE0581_HUMAN","P58246","Protein GENE0581",-0.4566,0.483252,0.103734,0.727,0.9841,5,5,FALSE,FALSE,FALSE
"GENE0967","GENE0967_HUMAN","P16748","Protein GENE0967",3.5554,0.114005,0.033702,0.8197,1.4723,2,2,FALSE,FALSE,TRUE
"GENE2343","GENE2343_HUMAN","P19753","Protein GENE2343",0.4144,1,0.378206,0.0557,0.4223,6,3,FALSE,FALSE,FALSE
"GENE1928","GENE1928_HUMAN","P96462","Protein GENE1928",-0.2534,1,0.294699,0.1053,0.5306,4,4,TRUE,FALSE,FALSE
"GENE0725","GENE0725_HUMAN","P49372","Protein GENE0725",0.7352,1,0.81993,0,0.0862,3,4,FALSE,FALSE,FALSE
"GENE0037","GENE0037_HUMAN","P63403","Protein GENE0037",-0.0269,1,0.912078,0,0.04,3,4,FALSE,FALSE,FALSE
"GENE2895","GENE2895_HUMAN","P62343","Protein GENE2895",2.2248,0.08619,0.048949,1.219,1.3103,3,2,FALSE,FALSE,TRUE
"GENE2866","GENE2866_HUMAN","P87133","Protein GENE2866",-0.4427,0.427609,0.30808,0.3019,0.5113,5,5,FALSE,TRUE,FALSE
"GENE0667","GENE0667_HUMAN","P78413","Protein GENE0667",0.1841,1,0.359582,0,0.4442,2,4,FALSE,FALSE,FALSE
"GENE0665","GENE0665_HUMAN","P42677","Protein GENE0665",-0.0036,1,0.954932,0,0.02,4,4,FALSE,FALSE,FALSE
"GENE0186","GENE0186_HUMAN","P85038","Protein GENE0186",0.1441,1,0.704561,0,0.1521,4,6,FALSE,TRUE,FALSE
"GENE1206","GENE1206_HUMAN","P91843","Protein GENE1206",0.06,0.714208,0.452405,0,0.3445,6,3,TRUE,FALSE,FALSE
"GENE1990","GENE1990_HUMAN","P89110","Protein GENE1990",-0.1094,0.592039,0.303798,0.1531,0.5174,3,6,FALSE,FALSE,FALSE
"GENE2144","GENE2144_HUMAN","P18528","Protein GENE2144",0.8942,0.049354,0.016504,1.3815,1.7824,4,4,FALSE,FALSE,TRUE
"GENE1451","GENE1451_HUMAN","P99769","Protein GENE1451",0.9595,1,0.6991,0,0.1555,3,4,FALSE,FALSE,FALSE
"GENE2142","GENE2142_HUMAN","P06252","Protein GENE2142",0.0608,0.531258,0.469715,0,0.3282,5,3,FALSE,FALSE,FALSE
"GENE0937","GENE0937_HUMAN","P79883","Protein GENE0937",-0.613,0.99528,0.820496,0,0.0859,3,6,FALSE,FALSE,FALSE
"GENE1402","GENE1402_HUMAN","P95955","Protein GENE1402",0.1563,1,0.579215,0.004,0.2372,5,2,FALSE,FALSE,FALSE
"GENE2435","GENE2435_HUMAN","P04451","Protein GENE2435",-2.0831,0.159062,0.036422,0.8478,1.4386,2,4,FALSE,FALSE,TRUE
"GENE1335","GENE1335_HUMAN","P86950","Protein GENE1335",-0.2857,1,0.978145,0,0.0096,6,5,FALSE,FALSE,FALSE
"GENE2077","GENE2077_HUMAN","P28663","Protein GENE2077",0.6257,1,0.280366,0.0907,0.5523,6,2,TRUE,FALSE,FALSE
"GENE0199","GENE0199_HUMAN","P60082","Protein GENE0199",-0.6625,0.759802,0.544677,0,0.2639,3,5,FALSE,FALSE,FALSE
"GENE2116","GENE2116_HUMAN","P00174","Protein GENE2116",-0.1377,0.1111,0.073333,0.7711,1.1347,5,2,FALSE,FALSE,FALSE
"GENE1097","GENE1097_HUMAN","P12423","Protein GENE1097",0.19,0.356271,0.329198,0.1279,0.4825,3,6,FALSE,FALSE,FALSE
"NCOA3","NCOA3_HUMAN","P85473","Protein NCOA3",1.6601,0.043859,0.026551,1.4126,1.5759,3,3,FALSE,TRUE,TRUE
"GENE0321","GENE0321_HUMAN","P70452","Protein GENE0321",4.0244,0.067648,0.013959,1.2224,1.8551,3,6,FALSE,FALSE,TRUE
"GENE2010","GENE2010_HUMAN","P55647","Protein GENE2010",-0.1527,0.507218,0.141812,0.2667,0.8483,4,4,FALSE,FALSE,FALSE
"GENE2168","GENE2168_HUMAN","P14424","Protein GENE2168",-0.3332,1,0.567588,0,0.246,4,4,FALSE,TRUE,FALSE
"GENE2453","GENE2453_HUMAN","P80283","Protein GENE2453",0.4205,1,0.896072,0,0.0477,5,3,FALSE,FALSE,FALSE
"AGGF1","AGGF1_HUMAN","P83342","Protein AGGF1",-0.0814,0.241397,0.068645,1.1372,1.1634,3,6,FALSE,FALSE,FALSE
"GENE1922","GENE1922_HUMAN","P37271","Protein GENE1922",-0.081,0.811764,0.236568,0.2044,0.626,6,2,FALSE,FALSE,FALSE
"GENE2638","GENE2638_HUMAN","P14573","Protein GENE2638",0.3981,0.44086,0.110883,0.7692,0.9551,6,2,FALSE,FALSE,FALSE
"GENE0100","GENE0100_HUMAN","P88136","Protein GENE0100",-0.0044,0.338268,0.074192,0.4572,1.1296,2,6,FALSE,FALSE,FALSE
"GENE0374","GENE0374_HUMAN","P43557","Protein GENE0374",0.2657,1,0.25118,0.4416,0.6,2,5,FALSE,FALSE,FALSE
"GENE1548","GENE1548_HUMAN","P35279","Protein GENE1548",0.2893,1,0.678825,0,0.1682,2,6,FALSE,TRUE,FALSE
"GENE0152","GENE0152_HUMAN","P75887","Protein GENE0152",-3.8659,0.009122,0.006905,1.9565,2.1608,4,2,TRUE,FALSE,TRUE
"GENE0081","GENE0081_HUMAN","P84596","Protein GENE0081",-0.9235,1,0.321409,0.4918,0.4929,4,6,FALSE,TRUE,FALSE
"GENE0387","GENE0387_HUMAN","P32742","Protein GENE0387",-0.1291,0.406553,0.109233,0.7493,0.9616,5,5,FALSE,FALSE,FALSE
"GENE0383","GENE0383_HUMAN","P03076","Protein GENE0383",1.1446,0.002632,0.001584,2.1227,2.8003,2,6,TRUE,FALSE,TRUE
"GENE2797","GENE2797_HUMAN","P35577","Protein GENE2797",-0.155,1,0.545449,0,0.2632,5,6,FALSE,FALSE,FALSE
"GENE2175","GENE2175_HUMAN","P05121","Protein GENE2175",0.3156,0.38999,0.283418,0.4578,0.5476,2,6,FALSE,FALSE,FALSE
"GENE1526","GENE1526_HUMAN","P21880","Protein GENE1526",-0.3758,1,0.951583,0,0.0216,2,3,FALSE,FALSE,FALSE
"GENE2715","GENE2715_HUMAN","P00596","Protein GENE2715",0.0316,0.79955,0.288314,0.3001,0.5401,4,3,FALSE,FALSE,FALSE
"GENE2557","GENE2557_HUMAN","P17550","Protein GENE2557",0.5962,0.544548,0.304898,0.1366,0.5158,4,6,FALSE,FALSE,FALSE
"GENE1570","GENE1570_HUMAN","P76574","Protein GENE1570",0.2025,1,0.893283,0,0.049,6,3,FALSE,FALSE,FALSE
"GENE0555","GENE0555_HUMAN","P49708","Protein GENE0555",-0.2173,0.831485,0.246989,0.019,0.6073,3,4,FALSE,FALSE,FALSE
"GENE0544","GENE0544_HUMAN","P27856","Protein GENE0544",0.0546,1,0.731517,0,0.1358,4,5,FALSE,FALSE,FALSE
"GENE1739","GENE1739_HUMAN","P66241","Protein GENE1739",0.5613,1,0.516258,0.2552,0.2871,2,4,FALSE,FALSE,FALSE
"GENE2527","GENE2527_HUMAN","P72412","Protein GENE2527",-0.0045,1,0.91782,0,0.0372,3,6,FALSE,FALSE,FALSE
"GENE1594","GENE1594_HUMAN","P98765","Protein GENE1594",0.0489,1,0.293183,0,0.5329,5,6,FALSE,FALSE,FALSE
"GENE0042","GENE0042_HUMAN","P26830","Protein GENE0042",-0.4728,1,0.608781,0,0.2155,4,4,FALSE,FALSE,FALSE
"GENE2575","GENE2575_HUMAN","P02343","Protein GENE2575",-0.0362,1,0.37844,0,0.422,5,4,FALSE,FALSE,FALSE
"GENE0621","GENE0621_HUMAN","P28569","Protein GENE0621",-0.5363,1,0.485934,0,0.3134,6,3,FALSE,FALSE,FALSE
"GENE2459","GENE2459_HUMAN","P06844","Protein GENE2459",-0.9187,0.098074,0.030875,1.252,1.5104,6,2,FALSE,FALSE,TRUE
"GENE2690","GENE2690_HUMAN","P69335","Protein GENE2690",0.2732,1,0.810093,0,0.0915,4,3,FALSE,FALSE,FALSE
"GENE2064","GENE2064_HUMAN","P99511","Protein GENE2064",0.2525,1,0.543694,0,0.2646,4,2,FALSE,FALSE,FALSE
"GENE2383","GENE2383_HUMAN","P01223","Protein GENE2383",-0.3846,1,0.62371,0,0.205,4,6,TRUE,FALSE,FALSE
"GENE1338","GENE1338_HUMAN","P64182","Protein GENE1338",-3.8455,0.065878,0.015446,1.2286,1.8112,4,5,FALSE,FALSE,TRUE
"GENE2883","GENE2883_HUMAN","P39698","Protein GENE2883",-0.1503,1,0.765213,0,0.1162,4,6,FALSE,FALSE,FALSE
"GENE2607","GENE2607_HUMAN","P04573","Protein GENE2607",1.49,0.041446,0.009457,1.3896,2.0243,5,6,FALSE,TRUE,TRUE
"GENE2225","GENE2225_HUMAN","P74387","Protein GENE2225",0.1602,1,0.89018,0,0.0505,5,4,FALSE,FALSE,FALSE
"GENE0869","GENE0869_HUMAN","P49404","Protein GENE0869",-0.4431,1,0.652855,0,0.1852,2,6,FALSE,FALSE,FALSE
"GENE1879","GENE1879_HUMAN","P26778","Protein GENE1879",-0.5294,1,0.667123,0,0.1758,4,5,FALSE,FALSE,FALSE
"GENE1243","GENE1243_HUMAN","P13511","Protein GENE1243",-0.5398,1,0.801461,0,0.0961,5,5,FALSE,FALSE,FALSE
"GENE2615","GENE2615_HUMAN","P55549","Protein GENE2615",0.5844,1,0.49324,0.1171,0.3069,2,3,FALSE,TRUE,FALSE
"GENE0025","GENE0025_HUMAN","P97771","Protein GENE0025",-0.1493,1,0.653868,0,0.1845,3,4,FALSE,FALSE,FALSE
"GENE0124","GENE0124_HUMAN","P27689","Protein GENE0124",0.067,1,0.445909,0.3403,0.3508,2,4,FALSE,FALSE,FALSE
"GENE0344","GENE0344_HUMAN","P93713","Protein GENE0344",0.3057,0.418791,0.249414,0.3355,0.6031,4,2,FALSE,FALSE,FALSE
"GENE0376","GENE0376_HUMAN","P98190","Protein GENE0376",-0.0535,1,0.588409,0,0.2303,4,4,FALSE,FALSE,FALSE
"GENE2231","GENE2231_HUMAN","P16969","Protein GENE2231",3.4696,0.152916,0.034314,1.3271,1.4645,4,4,FALSE,FALSE,TRUE
"GENE1134","GENE1134_HUMAN","P33156","Protein GENE1134",0.202,1,0.698076,0,0.1561,3,3,FALSE,FALSE,FALSE
"GENE2800","GENE2800_HUMAN","P98392","Protein GENE2800",0.1514,0.76665,0.255109,0,0.5933,3,5,FALSE,TRUE,FALSE
"GENE2694","GENE2694_HUMAN","P68560","Protein GENE2694",0.6372,0.279749,0.084984,0.641,1.0707,3,3,FALSE,FALSE,FALSE
"GENE0166","GENE0166_HUMAN","P85645","Protein GENE0166",-0.3856,1,0.989874,0,0.0044,4,3,FALSE,FALSE,FALSE
"GENE1881","GENE1881_HUMAN","P42631","Protein GENE1881",-0.057,0.221314,0.213981,0.6171,0.6696,3,3,FALSE,FALSE,FALSE
"GENE0699","GENE0699_HUMAN","P89427","Protein GENE0699",-0.4892,0.966308,0.740529,0,0.1305,4,4,FALSE,FALSE,FALSE
"GENE2781","GENE2781_HUMAN","P18142","Protein GENE2781",0.0139,0.442723,0.097069,0.3234,1.0129,2,2,FALSE,FALSE,FALSE
"GENE2249","GENE2249_HUMAN","P43777","Protein GENE2249",-0.0373,1,0.946596,0,0.0238,3,6,FALSE,FALSE,FALSE
"GENE1022","GENE1022_HUMAN","P64758","Protein GENE1022",-0.5838,0.637965,0.501857,0,0.2994,3,3,FALSE,TRUE,FALSE
"GENE2501","GENE2501_HUMAN","P70278","Protein GENE2501",-0.3854,0.324128,0.083218,0.6036,1.0798,6,5,FALSE,FALSE,FALSE
"GENE2841","GENE2841_HUMAN","P70291","Protein GENE2841",-0.3966,1,0.823927,0,0.0841,4,4,FALSE,FALSE,FALSE
"GENE1858","GENE1858_HUMAN","P01462","Protein GENE1858",3.2784,0.05542,0.014892,1.1617,1.827,6,3,FALSE,FALSE,TRUE
"GENE1567","GENE1567_HUMAN","P57673","Protein GENE1567",-0.1728,1,0.364493,0,0.4383,5,3,FALSE,FALSE,FALSE
"GENE2042","GENE2042_HUMAN","P77191","Protein GENE2042",-0.3425,0.491336,0.416093,0,0.3808,6,6,FALSE,FALSE,FALSE
"GENE1886","GENE1886_HUMAN","P83394","Protein GENE1886",-0.1118,1,0.771314,0,0.1128,3,6,TRUE,FALSE,FALSE
"GENE1437","GENE1437_HUMAN","P46723","Protein GENE1437",0.4023,1,0.611412,0,0.2137,5,6,FALSE,FALSE,FALSE
"GENE1277","GENE1277_HUMAN","P96254","Protein GENE1277",0.3865,1,0.891414,0,0.0499,6,3,FALSE,FALSE,FALSE
"GENE1665","GENE1665_HUMAN","P26489","Protein GENE1665",-1.724,0.048799,0.013266,1.3465,1.8773,6,6,FALSE,FALSE,TRUE
"GENE0851","GENE0851_HUMAN","P23781","Protein GENE0851",-1.678,0.087917,0.046296,1.0783,1.3345,4,6,FALSE,FALSE,TRUE
"GENE0897","GENE0897_HUMAN","P98922","Protein GENE0897",-0.4815,1,0.586414,0,0.2318,3,6,TRUE,FALSE,FALSE
"GENE1461","GENE1461_HUMAN","P11196","Protein GENE1461",-0.1908,0.364662,0.114835,0.6071,0.9399,6,5,TRUE,FALSE,FALSE
"GENE0208","GENE0208_HUMAN","P66343","Protein GENE0208",0.4359,1,0.536443,0,0.2705,6,6,FALSE,FALSE,FALSE
"GENE1699","GENE1699_HUMAN","P81624","Protein GENE1699",-0.0632,1,0.796475,0,0.0988,5,3,FALSE,FALSE,FALSE
"GENE0235","GENE0235_HUMAN","P83949","Protein GENE0235",-0.0123,1,0.350124,0,0.4558,3,6,FALSE,FALSE,FALSE
"GENE1148","GENE1148_HUMAN","P58900","Protein GENE1148",0.0343,1,0.477794,0,0.3208,5,5,FALSE,FALSE,FALSE
"GENE0514","GENE0514_HUMAN","P92389","Protein GENE0514",-0.2924,0.73928,0.165189,0.3722,0.782,4,2,FALSE,TRUE,FALSE
"GENE2353","GENE2353_HUMAN","P09395","Protein GENE2353",0.0131,1,0.556576,0.0272,0.2545,6,3,FALSE,FALSE,FALSE
"GENE1978","GENE1978_HUMAN","P44172","Protein GENE1978",0.2946,1,0.37435,0,0.4267,6,4,FALSE,TRUE,FALSE
"GENE1649","GENE1649_HUMAN","P04398","Protein GENE1649",-0.2863,0.881184,0.185164,0.4517,0.7324,4,3,FALSE,FALSE,FALSE
"GENE0122","GENE0122_HUMAN","P01243","Protein GENE0122",-0.1066,0.296985,0.248969,0.106,0.6039,3,5,FALSE,FALSE,FALSE
"GENE1926","GENE1926_HUMAN","P74602","Protein GENE1926",-0.0478,1,0.626036,0,0.2034,3,3,FALSE,FALSE,FALSE
"GENE0055","GENE0055_HUMAN","P32396","Protein GENE0055",0.1222,0.759201,0.265764,0.0307,0.5755,3,6,FALSE,FALSE,FALSE
"GENE0524","GENE0524_HUMAN","P42965","Protein GENE0524",2.9725,0.001691,0.000547,2.7169,3.2618,3,4,FALSE,FALSE,TRUE
"GENE0394","GENE0394_HUMAN","P91704","Protein GENE0394",0.2074,1,0.62166,0.1278,0.2064,5,6,TRUE,FALSE,FALSE
"GENE0060","GENE0060_HUMAN","P74533","Protein GENE0060",-0.0755,0.231013,0.190457,0.103,0.7202,6,5,TRUE,FALSE,FALSE
"GENE2091","GENE2091_HUMAN","P35967","Protein GENE2091",0.4538,1,0.937872,0,0.0279,4,4,FALSE,FALSE,FALSE
"GENE2646","GENE2646_HUMAN","P09919","Protein GENE2646",-0.897,1,0.496093,0.1661,0.3044,3,3,FALSE,FALSE,FALSE
"GENE0987","GENE0987_HUMAN","P41967","Protein GENE0987",0.1494,1,0.860604,0,0.0652,3,6,FALSE,FALSE,FALSE
"GENE2260","GENE2260_HUMAN","P95121","Protein GENE2260",-0.3463,1,0.779082,0,0.1084,6,3,FALSE,FALSE,FALSE
"GENE0828","GENE0828_HUMAN","P14456","Protein GENE0828",1.0305,0.626419,0.399586,0,0.3984,6,4,FALSE,FALSE,FALSE
"GENE1298","GENE1298_HUMAN","P40860","Protein GENE1298",2.4897,0.120149,0.030151,1.3681,1.5207,2,2,FALSE,FALSE,TRUE
"GENE1938","GENE1938_HUMAN","P96335","Protein GENE1938",-0.0029,0.476654,0.160728,0.553,0.7939,2,4,FALSE,FALSE,FALSE
"GENE2560","GENE2560_HUMAN","P22634","Protein GENE2560",-0.0351,1,0.876674,0,0.0572,5,3,FALSE,FALSE,FALSE
"GENE1901","GENE1901_HUMAN","P86439","Protein GENE1901",-0.619,1,0.947439,0,0.0234,5,5,FALSE,FALSE,FALSE
"GENE2008","GENE2008_HUMAN","P07073","Protein GENE2008",-0.5803,0.493635,0.139567,0.8262,0.8552,3,2,FALSE,FALSE,FALSE
"GENE0410","GENE0410_HUMAN","P42334","Protein GENE0410",0.6381,1,0.52513,0,0.2797,3,3,FALSE,FALSE,FALSE
"GENE2464","GENE2464_HUMAN","P95508","Protein GENE2464",-0.0335,1,0.584796,0,0.233,6,5,FALSE,FALSE,FALSE
"GENE0190","GENE0190_HUMAN","P53852","Protein GENE0190",-0.5122,1,0.334716,0.2038,0.4753,5,5,FALSE,FALSE,FALSE
"GENE0855","GENE0855_HUMAN","P86124","Protein GENE0855",0.0046,1,0.757749,0,0.1205,3,5,TRUE,FALSE,FALSE
"GENE0813","GENE0813_HUMAN","P02259","Protein GENE0813",0.494,0.683459,0.233932,0.5795,0.6309,3,3,FALSE,FALSE,FALSE
"GENE0923","GENE0923_HUMAN","P74931","Protein GENE0923",-0.1904,1,0.972275,0,0.0122,4,3,FALSE,TRUE,FALSE
"GENE0595","GENE0595_HUMAN","P88836","Protein GENE0595",2.2079,0.053211,0.028222,1.2615,1.5494,4,6,TRUE,FALSE,TRUE
"GENE1016","GENE1016_HUMAN","P42630","Protein GENE1016",-0.2863,1,0.361642,0.3721,0.4417,4,5,FALSE,TRUE,FALSE
"GENE0566","GENE0566_HUMAN","P34239","Protein GENE0566",-0.3659,0.297713,0.085943,0.4414,1.0658,6,5,FALSE,TRUE,FALSE
"GENE2728","GENE2728_HUMAN","P92752","Protein GENE2728",0.2312,1,0.71154,0,0.1478,4,6,FALSE,FALSE,FALSE
"GENE2234","GENE2234_HUMAN","P05159","Protein GENE2234",-0.1602,0.39204,0.09732,0.4976,1.0118,5,4,FALSE,FALSE,FALSE
"GENE0380","GENE0380_HUMAN","P62021","Protein GENE0380",-3.2243,0.048115,0.013587,1.1832,1.8669,4,5,TRUE,FALSE,TRUE
"GENE0142","GENE0142_HUMAN","P51875","Protein GENE0142",-0.0156,1,0.4681,0,0.3297,4,3,TRUE,TRUE,FALSE
"GENE2732","GENE2732_HUMAN","P78415","Protein GENE2732",-0.6289,1,0.877797,0,0.0566,5,5,FALSE,FALSE,FALSE
"GENE0224","GENE0224_HUMAN","P17090","Protein GENE0224",0.2241,0.742812,0.676057,0,0.17,2,6,FALSE,FALSE,FALSE
"GENE2516","GENE2516_HUMAN","P10606","Protein GENE2516",0.0177,1,0.895496,0,0.0479,5,2,FALSE,FALSE,FALSE
"GENE1976","GENE1976_HUMAN","P93770","Protein GENE1976",0.1223,0.673663,0.620218,0,0.2075,5,4,FALSE,FALSE,FALSE
"GENE1143","GENE1143_HUMAN","P60512","Protein GENE1143",-0.0656,1,0.242249,0.1009,0.6157,2,5,FALSE,TRUE,FALSE
"GENE0483","GENE0483_HUMAN","P02263","Protein GENE0483",0.0555,0.598742,0.152592,0.3325,0.8165,2,3,FALSE,FALSE,FALSE
"GENE2450","GENE2450_HUMAN","P40917","Protein GENE2450",-0.0782,0.604292,0.543344,0.1284,0.2649,3,6,FALSE,FALSE,FALSE
"GENE1728","GENE1728_HUMAN","P62404","Protein GENE1728",0.0255,0.3902,0.095927,0.3255,1.0181,2,5,FALSE,TRUE,FALSE
"GENE0002","GENE0002_HUMAN","P12225","Protein GENE0002",-0.0044,1,0.459261,0.2778,0.3379,6,2,FALSE,TRUE,FALSE
"GENE1474","GENE1474_HUMAN","P46881","Protein GENE1474",-0.0614,0.241467,0.178166,0.2893,0.7492,2,3,FALSE,FALSE,FALSE
"GENE0043","GENE0043_HUMAN","P41328","Protein GENE0043",0.4965,1,0.9361,0,0.0287,5,3,FALSE,FALSE,FALSE
"GENE1053","GENE1053_HUMAN","P57462","Protein GENE1053",-0.0129,1,0.576339,0.1966,0.2393,4,3,FALSE,FALSE,FALSE
"GENE0480","GENE0480_HUMAN","P19372","Protein GENE0480",0.085,1,0.363465,0.0609,0.4395,2,6,FALSE,FALSE,FALSE
"GENE2876","GENE2876_HUMAN","P32760","Protein GENE2876",0.6969,0.121885,0.040175,0.8135,1.396,4,4,FALSE,FALSE,TRUE
"GENE2498","GENE2498_HUMAN","P70927","Protein GENE2498",-0.1483,1,0.665385,0,0.1769,3,6,TRUE,TRUE,FALSE
"GENE0557","GENE0557_HUMAN","P24743","Protein GENE0557",-0.304,1,0.783565,0,0.1059,3,2,FALSE,FALSE,FALSE
"GENE0296","GENE0296_HUMAN","P98107","Protein GENE0296",0.7163,1,0.827934,0,0.082,5,6,FALSE,FALSE,FALSE
"GENE0073","GENE0073_HUMAN","P64236","Protein GENE0073",-2.3944,0.02146,0.013487,1.6073,1.8701,2,4,FALSE,FALSE,TRUE
"GENE1473","GENE1473_HUMAN","P84619","Protein GENE1473",-0.5345,1,0.575798,0,0.2397,2,5,FALSE,FALSE,FALSE
"GENE0577","GENE0577_HUMAN","P98676","Protein GENE0577",0.6234,1,0.687749,0,0.1626,4,3,TRUE,FALSE,FALSE
"GENE0829","GENE0829_HUMAN","P17348","Protein GENE0829",-0.4977,1,0.741507,0,0.1299,3,4,TRUE,FALSE,FALSE
"GENE0164","GENE0164_HUMAN","P79497","Protein GENE0164",0.2763,0.232116,0.074881,0.463,1.1256,4,4,FALSE,FALSE,FALSE
"GENE1296","GENE1296_HUMAN","P46100","Protein GENE1296",0.2974,1,0.593675,0,0.2265,3,6,FALSE,FALSE,FALSE
"GENE2709","GENE2709_HUMAN","P51425","Protein GENE2709",-0.0615,0.749712,0.158592,0.6023,0.7997,6,4,FALSE,FALSE,FALSE
"GENE1599","GENE1599_HUMAN","P31292","Protein GENE1599",0.4924,1,0.53378,0,0.2726,3,6,TRUE,FALSE,FALSE
"GENE2011","GENE2011_HUMAN","P36917","Protein GENE2011",2.7747,0.043931,0.018864,1.5143,1.7244,6,2,FALSE,FALSE,TRUE
"GENE1162","GENE1162_HUMAN","P97687","Protein GENE1162",-0.3784,0.85826,0.501992,0,0.2993,6,4,FALSE,FALSE,FALSE
"GENE2055","GENE2055_HUMAN","P36715","Protein GENE2055",-0.0907,1,0.728572,0,0.1375,4,2,FALSE,FALSE,FALSE
"GENE0944","GENE0944_HUMAN","P16862","Protein GENE0944",0.0416,0.725798,0.462317,0,0.3351,6,4,FALSE,FALSE,FALSE
"GENE0479","GENE0479_HUMAN","P24969","Protein GENE0479",0.0249,1,0.790543,0,0.1021,6,4,FALSE,FALSE,FALSE
"GENE0221","GENE0221_HUMAN","P47532","Protein GENE0221",-0.4199,0.948664,0.371754,0.2335,0.4297,4,3,FALSE,FALSE,FALSE
"GENE2440","GENE2440_HUMAN","P17323","Protein GENE2440",0.1816,1,0.854337,0,0.0684,3,2,FALSE,FALSE,FALSE
"GENE1203","GENE1203_HUMAN","P57367","Protein GENE1203",0.0249,1,0.468612,0,0.3292,5,6,FALSE,FALSE,FALSE
"GENE1442","GENE1442_HUMAN","P49664","Protein GENE1442",0.3152,0.784199,0.179988,0.3074,0.7448,3,4,FALSE,FALSE,FALSE
"GENE1838","GENE1838_HUMAN","P29418","Protein GENE1838",0.5097,1,0.351398,0,0.4542,2,5,FALSE,FALSE,FALSE
"GENE2446","GENE2446_HUMAN","P63718","Protein GENE2446",3.2202,0.225795,0.045194,1.2974,1.3449,6,5,FALSE,TRUE,TRUE
"GENE2074","GENE2074_HUMAN","P38244","Protein GENE2074",0.7536,1,0.923245,0,0.0347,5,5,FALSE,TRUE,FALSE
"GENE1844","GENE1844_HUMAN","P86273","Protein GENE1844",-0.2984,0.593354,0.229183,0.0369,0.6398,3,3,FALSE,FALSE,FALSE
"GENE1111","GENE1111_HUMAN","P82966","Protein GENE1111",0.5067,1,0.971616,0,0.0125,4,5,FALSE,FALSE,FALSE
"GENE2089","GENE2089_HUMAN","P64181","Protein GENE2089",0.3137,1,0.519471,0,0.2844,3,3,FALSE,FALSE,FALSE
"GENE1648","GENE1648_HUMAN","P09103","Protein GENE1648",-0.0191,0.69475,0.545794,0,0.263,3,5,TRUE,FALSE,FALSE
"GENE2681","GENE2681_HUMAN","P79703","Protein GENE2681",-0.045,0.982921,0.278536,0.3757,0.5551,6,3,FALSE,FALSE,FALSE
"GENE0689","GENE0689_HUMAN","P29442","Protein GENE0689",0.0237,1,0.714112,0,0.1462,6,2,FALSE,FALSE,FALSE
"GENE0674","GENE0674_HUMAN","P17446","Protein GENE0674",0.3586,1,0.850301,0,0.0704,3,5,FALSE,FALSE,FALSE
"GENE1758","GENE1758_HUMAN","P40893","Protein GENE1758",-0.2721,1,0.673201,0,0.1719,4,6,FALSE,FALSE,FALSE
"GENE0953","GENE0953_HUMAN","P50401","Protein GENE0953",4.4857,0.10913,0.027784,0.9624,1.5562,6,2,FALSE,FALSE,TRUE
"GENE0182","GENE0182_HUMAN","P97585","Protein GENE0182",0.4333,1,0.766368,0,0.1156,6,5,FALSE,FALSE,FALSE
"GENE1294","GENE1294_HUMAN","P78856","Protein GENE1294",-0.2319,1,0.594381,0,0.2259,6,5,FALSE,FALSE,FALSE
"GENE0549","GENE0549_HUMAN","P51292","Protein GENE0549",-0.2313,1,0.394884,0,0.4035,4,6,FALSE,FALSE,FALSE
"GENE0683","GENE0683_HUMAN","P84139","Protein GENE0683",0.5646,1,0.3194,0,0.4957,3,4,FALSE,FALSE,FALSE
"GENE0947","GENE0947_HUMAN","P49516","Protein GENE0947",0.3891,0.865254,0.196287,0.0881,0.7071,4,2,FALSE,FALSE,FALSE
"GENE0336","GENE0336_HUMAN","P34418","Protein GENE0336",-0.2895,1,0.334807,0.3692,0.4752,6,5,FALSE,FALSE,FALSE
"GENE1432","GENE1432_HUMAN","P09978","Protein GENE1432",-0.2538,1,0.788587,0,0.1032,3,5,FALSE,TRUE,FALSE
"GENE0317","GENE0317_HUMAN","P32265","Protein GENE0317",0.7162,1,0.579752,0.1321,0.2368,4,6,FALSE,FALSE,FALSE
"GENE0446","GENE0446_HUMAN","P76752","Protein GENE0446",-0.4181,1,0.322595,0.0912,0.4913,3,5,FALSE,FALSE,FALSE
"GENE0180","GENE0180_HUMAN","P24813","Protein GENE0180",-0.0561,1,0.676687,0,0.1696,6,2,FALSE,FALSE,FALSE
"GENE2833","GENE2833_HUMAN","P55834","Protein GENE2833",0.0694,1,0.901452,0,0.0451,3,2,FALSE,FALSE,FALSE
"GENE0680","GENE0680_HUMAN","P12685","Protein GENE0680",0.68,1,0.640031,0.1686,0.1938,3,2,FALSE,FALSE,FALSE
"GENE2033","GENE2033_HUMAN","P57781","Protein GENE2033",0.0752,0.343814,0.075028,0.8659,1.1248,4,5,FALSE,FALSE,FALSE
"GENE1509","GENE1509_HUMAN","P94003","Protein GENE1509",-0.5814,0.13522,0.03629,0.9746,1.4402,4,6,FALSE,FALSE,TRUE
"GENE2812","GENE2812_HUMAN","P62514","Protein GENE2812",-0.0268,1,0.676749,0,0.1696,2,2,FALSE,FALSE,FALSE
"GENE1989","GENE1989_HUMAN","P08509","Protein GENE1989",0.3772,1,0.638999,0,0.1945,6,6,FALSE,FALSE,FALSE
"GENE0599","GENE0599_HUMAN","P63698","Protein GENE0599",-0.3852,1,0.845715,0,0.0728,5,6,FALSE,FALSE,FALSE
"GENE1696","GENE1696_HUMAN","P66626","Protein GENE1696",0.2509,1,0.878506,0,0.0563,3,3,FALSE,FALSE,FALSE
"GENE0126","GENE0126_HUMAN","P47629","Protein GENE0126",-0.1467,0.573606,0.130302,0.1953,0.8851,4,4,FALSE,FALSE,FALSE
"GENE0988","GENE0988_HUMAN","P05000","Protein GENE0988",0.3239,1,0.683557,0,0.1652,6,6,FALSE,FALSE,FALSE
"GENE2162","GENE2162_HUMAN","P07412","Protein GENE2162",-0.4998,1,0.920903,0,0.0358,6,5,FALSE,FALSE,FALSE
"GENE0457","GENE0457_HUMAN","P44976","Protein GENE0457",0.3953,0.914976,0.213214,0.3815,0.6712,2,4,FALSE,FALSE,FALSE
"GENE2850","GENE2850_HUMAN","P31345","Protein GENE2850",-0.0391,1,0.63391,0,0.198,3,3,TRUE,FALSE,FALSE
"GENE2236","GENE2236_HUMAN","P82042","Protein GENE2236",0.1493,1,0.870054,0,0.0605,2,3,FALSE,FALSE,FALSE
"GENE2289","GENE2289_HUMAN","P16116","Protein GENE2289",-0.9333,0.712552,0.347717,0.1019,0.4588,4,3,TRUE,FALSE,FALSE
"GENE0904","GENE0904_HUMAN","P09074","Protein GENE0904",4.4524,0.041997,0.021297,1.3029,1.6717,6,2,FALSE,FALSE,TRUE
"GENE2725","GENE2725_HUMAN","P04645","Protein GENE2725",1.0735,0.469382,0.189383,0.4333,0.7227,2,4,FALSE,FALSE,FALSE
"GENE2032","GENE2032_HUMAN","P38492","Protein GENE2032",0.1373,1,0.574851,0,0.2404,3,3,FALSE,FALSE,FALSE
"GENE2351","GENE2351_HUMAN","P89482","Protein GENE2351",0.4546,1,0.810393,0,0.0913,2,5,FALSE,FALSE,FALSE
"GENE2613","GENE2613_HUMAN","P91851","Protein GENE2613",-0.0271,1,0.748237,0,0.126,3,3,FALSE,FALSE,FALSE
"GENE0086","GENE0086_HUMAN","P29731","Protein GENE0086",0.7245,0.601875,0.137245,0.4137,0.8625,5,2,FALSE,FALSE,FALSE
"GENE1201","GENE1201_HUMAN","P18591","Protein GENE1201",2.7937,0.101425,0.026824,1.2658,1.5715,3,2,FALSE,TRUE,TRUE
"GENE1184","GENE1184_HUMAN","P23980","Protein GENE1184",-0.4611,0.192807,0.133167,0.2303,0.8756,6,3,FALSE,FALSE,FALSE
"GENE2549","GENE2549_HUMAN","P93838","Protein GENE2549",0.5135,1,0.971812,0,0.0124,4,2,FALSE,FALSE,FALSE
"GENE0889","GENE0889_HUMAN","P79935","Protein GENE0889",0.3241,1,0.551863,0,0.2582,5,4,FALSE,FALSE,FALSE
"GENE2617","GENE2617_HUMAN","P31675","Protein GENE2617",-0.1956,1,0.316125,0,0.5001,4,6,FALSE,FALSE,FALSE
"GENE1892","GENE1892_HUMAN","P27828","Protein GENE1892",0.301,1,0.391817,0.1783,0.4069,4,5,FALSE,FALSE,FALSE
"GENE1974","GENE1974_HUMAN","P36255","Protein GENE1974",0.3129,0.311821,0.074861,0.9726,1.1257,4,6,TRUE,FALSE,FALSE
"GENE2868","GENE2868_HUMAN","P94761","Protein GENE2868",3.6846,0.01365,0.006298,2.1626,2.2008,4,5,FALSE,FALSE,TRUE
"GENE1234","GENE1234_HUMAN","P01559","Protein GENE1234",0.2633,0.249625,0.066899,0.709,1.1746,4,2,FALSE,FALSE,FALSE
"GENE2784","GENE2784_HUMAN","P60748","Protein GENE2784",0.2745,1,0.642865,0,0.1919,5,3,FALSE,FALSE,FALSE
"GENE1021","GENE1021_HUMAN","P97370","Protein GENE1021",0.2251,1,0.783643,0,0.1059,2,5,FALSE,FALSE,FALSE
"GENE0876","GENE0876_HUMAN","P21043","Protein GENE0876",-0.2175,0.833028,0.247316,0.1073,0.6067,5,6,TRUE,FALSE,FALSE
"GENE1813","GENE1813_HUMAN","P35961","Protein GENE1813",0.1866,0.830624,0.318249,0,0.4972,6,2,FALSE,FALSE,FALSE
"GENE2165","GENE2165_HUMAN","P86512","Protein GENE2165",0.7908,0.135834,0.03027,0.9516,1.519,2,5,FALSE,FALSE,TRUE
"GENE0666","GENE0666_HUMAN","P22637","Protein GENE0666",0.5262,1,0.841771,0,0.0748,6,2,FALSE,FALSE,FALSE
"GENE2582","GENE2582_HUMAN","P97169","Protein GENE2582",-0.5082,1,0.939832,0,0.0269,6,3,FALSE,FALSE,FALSE
"GENE0339","GENE0339_HUMAN","P44247","Protein GENE0339",0.2475,1,0.332614,0.3702,0.4781,2,5,FALSE,FALSE,FALSE
"GENE0328","GENE0328_HUMAN","P45127","Protein GENE0328",2.5164,0.03564,0.016804,1.4137,1.7746,6,2,FALSE,FALSE,TRUE
"GENE2609","GENE2609_HUMAN","P83565","Protein GENE2609",-0.7395,1,0.258333,0,0.5878,2,6,FALSE,FALSE,FALSE
"GENE2497","GENE2497_HUMAN","P01489","Protein GENE2497",0.3045,0.870464,0.51772,0,0.2859,5,5,FALSE,FALSE,FALSE
"GENE0609","GENE0609_HUMAN","P48437","Protein GENE0609",-2.5826,0.012212,0.004937,1.6592,2.3066,4,5,FALSE,FALSE,TRUE
"GENE1023","GENE1023_HUMAN","P04689","Protein GENE1023",-0.08,1,0.844478,0,0.0734,5,3,FALSE,FALSE,FALSE
"GENE1313","GENE1313_HUMAN","P49269","Protein GENE1313",-0.2047,0.443743,0.232156,0.2589,0.6342,2,3,FALSE,FALSE,FALSE
"GENE0662","GENE0662_HUMAN","P78600","Protein GENE0662",-3.5719,0.117783,0.023875,0.9678,1.6221,2,2,FALSE,FALSE,TRUE
"GENE2361","GENE2361_HUMAN","P37656","Protein GENE2361",0.9373,0.55833,0.114786,0.3389,0.9401,5,3,FALSE,FALSE,FALSE
"GENE2358","GENE2358_HUMAN","P45677","Protein GENE2358",-0.0187,0.604211,0.179376,0.2872,0.7462,2,2,FALSE,FALSE,FALSE
"GENE0210","GENE0210_HUMAN","P64126","Protein GENE0210",0.6414,1,0.715556,0,0.1454,6,4,FALSE,FALSE,FALSE
"GENE0738","GENE0738_HUMAN","P70827","Protein GENE0738",-0.4838,0.211241,0.173999,0.4757,0.7595,6,3,FALSE,FALSE,FALSE
"GENE0707","GENE0707_HUMAN","P07546","Protein GENE0707",0.1761,0.651516,0.428424,0,0.3681,2,2,FALSE,FALSE,FALSE
"GENE0903","GENE0903_HUMAN","P90161","Protein GENE0903",0.0043,0.70103,0.193569,0.5025,0.7132,6,2,FALSE,FALSE,FALSE
"GENE0604","GENE0604_HUMAN","P10324","Protein GENE0604",0.3622,0.42532,0.20512,0.1476,0.688,3,2,FALSE,FALSE,FALSE
"GENE1721","GENE1721_HUMAN","P61337","Protein GENE1721",3.6418,0.050781,0.044252,0.717,1.3541,2,5,FALSE,FALSE,TRUE
"GENE1047","GENE1047_HUMAN","P05029","Protein GENE1047",0.0244,1,0.945324,0,0.0244,2,5,TRUE,FALSE,FALSE
"GENE2163","GENE2163_HUMAN","P38589","Protein GENE2163",-0.3454,0.581146,0.482223,0.0699,0.3168,2,4,FALSE,TRUE,FALSE
"GENE1503","GENE1503_HUMAN","P64181","Protein GENE1503",-0.4633,1,0.49262,0.2805,0.3075,3,4,FALSE,FALSE,FALSE
"GENE1280","GENE1280_HUMAN","P28141","Protein GENE1280",0.6959,0.914501,0.240527,0.3619,0.6188,2,6,FALSE,FALSE,FALSE
"GENE0799","GENE0799_HUMAN","P75044","Protein GENE0799",-0.3682,1,0.571073,0.0233,0.2433,6,3,FALSE,FALSE,FALSE
"GENE1933","GENE1933_HUMAN","P14850","Protein GENE1933",0.4121,0.757866,0.464292,0,0.3332,4,3,FALSE,FALSE,FALSE
"GENE1508","GENE1508_HUMAN","P11247","Protein GENE1508",-0.4498,1,0.494421,0.014,0.3059,4,5,FALSE,FALSE,FALSE
"GENE2633","GENE2633_HUMAN","P92979","Protein GENE2633",0.3642,1,0.883848,0,0.0536,5,2,FALSE,FALSE,FALSE
"GENE1812","GENE1812_HUMAN","P22062","Protein GENE1812",0.2916,1,0.772713,0,0.112,4,5,FALSE,FALSE,FALSE
"GENE2348","GENE2348_HUMAN","P45954","Protein GENE2348",0.0793,1,0.386291,0,0.4131,4,6,FALSE,FALSE,FALSE
"GENE1662","GENE1662_HUMAN","P88298","Protein GENE1662",0.2685,1,0.704981,0,0.1518,6,4,FALSE,FALSE,FALSE
"GENE1003","GENE1003_HUMAN","P64309","Protein GENE1003",0.0706,1,0.918219,0,0.0371,5,2,FALSE,FALSE,FALSE
"GENE0717","GENE0717_HUMAN","P02733","Protein GENE0717",0.2254,1,0.245216,0.4549,0.6105,3,5,FALSE,FALSE,FALSE
"GENE1545","GENE1545_HUMAN","P64713","Protein GENE1545",-3.5605,0.04124,0.009644,1.9822,2.0157,2,3,FALSE,FALSE,TRUE
"GENE2614","GENE2614_HUMAN","P10266","Protein GENE2614",-0.0711,0.282102,0.1607,0.2148,0.794,5,6,FALSE,FALSE,FALSE
"GENE1263","GENE1263_HUMAN","P59625","Protein GENE1263",-0.3834,0.446996,0.153427,0.7296,0.8141,5,6,FALSE,TRUE,FALSE
"GENE0437","GENE0437_HUMAN","P03434","Protein GENE0437",-0.2684,1,0.592527,0.1833,0.2273,6,2,FALSE,FALSE,FALSE
"GENE1750","GENE1750_HUMAN","P39085","Protein GENE1750",-0.2887,0.445625,0.134095,0.1864,0.8726,4,5,FALSE,FALSE,FALSE
"GENE2087","GENE2087_HUMAN","P19431","Protein GENE2087",-0.6682,1,0.929151,0,0.0319,4,5,FALSE,TRUE,FALSE
"GENE1872","GENE1872_HUMAN","P38523","Protein GENE1872",-0.197,0.410248,0.196805,0.1928,0.706,5,5,FALSE,FALSE,FALSE
"GENE1000","GENE1000_HUMAN","P95178","Protein GENE1000",0.3553,1,0.284327,0.0208,0.5462,4,4,FALSE,FALSE,FALSE
"GENE1492","GENE1492_HUMAN","P15166","Protein GENE1492",0.4583,1,0.436774,0,0.3597,2,4,FALSE,FALSE,FALSE
"GENE2488","GENE2488_HUMAN","P88199","Protein GENE2488",0.0282,1,0.42895,0,0.3676,4,6,TRUE,FALSE,FALSE
"GENE1174","GENE1174_HUMAN","P78815","Protein GENE1174",0.0616,1,0.427718,0.196,0.3688,6,4,TRUE,TRUE,FALSE
"GENE0148","GENE0148_HUMAN","P79219","Protein GENE0148",-0.7083,1,0.972086,0,0.0123,3,2,FALSE,FALSE,FALSE
"GENE1196","GENE1196_HUMAN","P19406","Protein GENE1196",-0.1025,1,0.726718,0,0.1386,4,4,FALSE,TRUE,FALSE
"GENE1655","GENE1655_HUMAN","P54377","Protein GENE1655",-0.126,0.704338,0.328308,0,0.4837,6,4,FALSE,FALSE,FALSE
"GENE1144","GENE1144_HUMAN","P33113","Protein GENE1144",0.3161,1,0.735763,0,0.1333,5,4,FALSE,FALSE,FALSE
"GENE1798","GENE1798_HUMAN","P64317","Protein GENE1798",-0.2003,1,0.402989,0,0.3947,3,4,FALSE,FALSE,FALSE
"GENE0820","GENE0820_HUMAN","P16735","Protein GENE0820",0.2735,1,0.850739,0,0.0702,2,5,FALSE,FALSE,FALSE
"GENE0531","GENE0531_HUMAN","P21673","Protein GENE0531",0.2972,1,0.928335,0,0.0323,3,3,FALSE,FALSE,FALSE
"GENE0669","GENE0669_HUMAN","P33133","Protein GENE0669",0.0438,1,0.995647,0,0.0019,6,4,FALSE,FALSE,FALSE
"GENE1310","GENE1310_HUMAN","P87928","Protein GENE1310",-0.4741,1,0.686848,0,0.1631,2,3,FALSE,FALSE,FALSE
"GENE0927","GENE0927_HUMAN","P59015","Protein GENE0927",-0.1299,1,0.746943,0,0.1267,5,6,FALSE,TRUE,FALSE
"GENE1225","GENE1225_HUMAN","P12150","Protein GENE1225",0.7318,1,0.564901,0,0.248,3,6,FALSE,TRUE,FALSE
"GENE0066","GENE0066_HUMAN","P51168","Protein GENE0066",-0.3526,0.993754,0.244813,0.5393,0.6112,2,5,FALSE,FALSE,FALSE
"GENE2364","GENE2364_HUMAN","P41665","Protein GENE2364",0.3641,1,0.652426,0,0.1855,2,6,FALSE,FALSE,FALSE
"GENE1632","GENE1632_HUMAN","P57451","Protein GENE1632",-0.5352,0.439413,0.220717,0.1249,0.6562,6,3,FALSE,FALSE,FALSE
"GENE1165","GENE1165_HUMAN","P51520","Protein GENE1165",0.6474,1,0.741452,0,0.1299,4,5,FALSE,FALSE,FALSE
"GENE1932","GENE1932_HUMAN","P58948","Protein GENE1932",-0.0079,0.37521,0.159374,0.443,0.7976,2,3,FALSE,FALSE,FALSE
"GENE1801","GENE1801_HUMAN","P56885","Protein GENE1801",-0.6225,1,0.331213,0.3034,0.4799,6,5,FALSE,TRUE,FALSE
"GENE2407","GENE2407_HUMAN","P35414","Protein GENE2407",0.4142,0.597286,0.141894,0.5483,0.848,2,3,FALSE,FALSE,FALSE
"GENE1572","GENE1572_HUMAN","P60885","Protein GENE1572",0.0798,1,0.708477,0,0.1497,6,6,FALSE,FALSE,FALSE
"GENE1959","GENE1959_HUMAN","P87286","Protein GENE1959",0.5942,1,0.715023,0,0.1457,4,4,FALSE,FALSE,FALSE
"GENE1667","GENE1667_HUMAN","P29681","Protein GENE1667",0.179,1,0.984289,0,0.0069,2,3,TRUE,FALSE,FALSE
"GENE0047","GENE0047_HUMAN","P61335","Protein GENE0047",-0.061,1,0.706992,0,0.1506,6,3,FALSE,FALSE,FALSE
"GENE1501","GENE1501_HUMAN","P12732","Protein GENE1501",-0.0281,1,0.917632,0,0.0373,6,6,FALSE,FALSE,FALSE
"GENE0373","GENE0373_HUMAN","P87031","Protein GENE0373",-0.1231,0.264197,0.258876,0.1618,0.5869,6,5,FALSE,FALSE,FALSE
"GENE0743","GENE0743_HUMAN","P34114","Protein GENE0743",-0.2728,0.330783,0.192291,0.1697,0.716,4,4,FALSE,FALSE,FALSE
"GENE2214","GENE2214_HUMAN","P06142","Protein GENE2214",0.7245,0.399203,0.341593,0,0.4665,3,4,FALSE,FALSE,FALSE
"GENE2731","GENE2731_HUMAN","P09295","Protein GENE2731",-0.2156,0.574397,0.33604,0.1387,0.4736,4,2,FALSE,FALSE,FALSE
"GENE0918","GENE0918_HUMAN","P61527","Protein GENE0918",0.6855,1,0.433658,0,0.3629,3,5,FALSE,FALSE,FALSE
"GENE2108","GENE2108_HUMAN","P13888","Protein GENE2108",-0.0311,1,0.760144,0,0.1191,4,4,FALSE,FALSE,FALSE
"GENE0332","GENE0332_HUMAN","P94666","Protein GENE0332",-0.1978,1,0.298408,0,0.5252,3,2,FALSE,FALSE,FALSE
"GENE2072","GENE2072_HUMAN","P84140","Protein GENE2072",0.1212,1,0.688887,0,0.1619,4,3,FALSE,FALSE,FALSE
"GENE1334","GENE1334_HUMAN","P81152","Protein GENE1334",0.5339,1,0.524771,0.0375,0.28,3,2,FALSE,FALSE,FALSE
"GENE0881","GENE0881_HUMAN","P78336","Protein GENE0881",-0.2612,1,0.329958,0,0.4815,3,2,FALSE,FALSE,FALSE
"GENE2356","GENE2356_HUMAN","P18210","Protein GENE2356",-0.4141,1,0.962035,0,0.0168,5,6,FALSE,FALSE,FALSE
"GENE1856","GENE1856_HUMAN","P18445","Protein GENE1856",0.3866,0.553238,0.317265,0,0.4986,6,3,FALSE,FALSE,FALSE
"GENE1286","GENE1286_HUMAN","P81030","Protein GENE1286",0.131,1,0.404788,0,0.3928,5,2,FALSE,FALSE,FALSE
"GENE2389","GENE2389_HUMAN","P51691","Protein GENE2389",0.0602,0.970875,0.386785,0.043,0.4125,6,4,FALSE,FALSE,FALSE
"GENE1344","GENE1344_HUMAN","P64713","Protein GENE1344",0.5131,1,0.41919,0,0.3776,2,4,FALSE,FALSE,FALSE
"GENE0625","GENE0625_HUMAN","P39985","Protein GENE0625",0.2079,0.579732,0.249477,0,0.603,2,2,FALSE,TRUE,FALSE
"GENE0338","GENE0338_HUMAN","P00877","Protein GENE0338",0.7208,1,0.356197,0.0733,0.4483,5,2,TRUE,FALSE,FALSE
"GENE0108","GENE0108_HUMAN","P34790","Protein GENE0108",-0.3968,0.346094,0.112673,0.4414,0.9482,3,6,FALSE,FALSE,FALSE
"GENE1930","GENE1930_HUMAN","P86846","Protein GENE1930",0.4936,1,0.328947,0,0.4829,4,6,FALSE,TRUE,FALSE
"GENE0729","GENE0729_HUMAN","P78147","Protein GENE0729",-0.5252,1,0.92486,0,0.0339,3,4,TRUE,FALSE,FALSE
"GENE0819","GENE0819_HUMAN","P18417","Protein GENE0819",1.0146,0.050427,0.012225,1.592,1.9128,2,2,FALSE,FALSE,TRUE
"GENE1869","GENE1869_HUMAN","P56870","Protein GENE1869",-0.3216,0.540609,0.231554,0.5555,0.6353,5,2,FALSE,FALSE,FALSE
"GENE1897","GENE1897_HUMAN","P13678","Protein GENE1897",-0.6154,0.316951,0.26383,0.0295,0.5787,2,4,FALSE,FALSE,FALSE
"GENE1743","GENE1743_HUMAN","P24728","Protein GENE1743",-0.22,1,0.956281,0,0.0194,4,2,FALSE,TRUE,FALSE
"GENE2730","GENE2730_HUMAN","P35503","Protein GENE2730",-0.0466,1,0.536657,0,0.2703,2,5,FALSE,FALSE,FALSE
"GENE2056","GENE2056_HUMAN","P30082","Protein GENE2056",-0.3611,1,0.445057,0,0.3516,2,5,FALSE,FALSE,FALSE
"GENE2790","GENE2790_HUMAN","P04172","Protein GENE2790",-0.4259,1,0.371889,0.2671,0.4296,2,3,FALSE,FALSE,FALSE
"GENE1918","GENE1918_HUMAN","P15297","Protein GENE1918",-0.3526,0.760665,0.608026,0,0.2161,2,6,FALSE,FALSE,FALSE
"DHX15","DHX15_HUMAN","P19789","Protein DHX15",0.1822,1,0.444331,0,0.3523,3,4,FALSE,FALSE,FALSE
"GENE1488","GENE1488_HUMAN","P84391","Protein GENE1488",0.2303,1,0.917931,0,0.0372,3,3,FALSE,FALSE,FALSE
"MED15","MED15_HUMAN","P86444","Protein MED15",2.4526,0.046401,0.032201,0.932,1.4921,5,3,FALSE,TRUE,TRUE
"GENE1182","GENE1182_HUMAN","P06060","Protein GENE1182",-0.2111,0.689007,0.197152,0.099,0.7052,6,4,TRUE,FALSE,FALSE
"GENE1041","GENE1041_HUMAN","P62317","Protein GENE1041",0.4923,1,0.603203,0,0.2195,6,5,FALSE,FALSE,FALSE
"GENE0744","GENE0744_HUMAN","P12538","Protein GENE0744",0.1144,1,0.502701,0,0.2987,5,5,FALSE,TRUE,FALSE
"GENE0632","GENE0632_HUMAN","P35388","Protein GENE0632",2.981,0.029909,0.014984,1.2163,1.8244,5,3,FALSE,FALSE,TRUE
"GENE0320","GENE0320_HUMAN","P74169","Protein GENE0320",0.8742,1,0.585051,0,0.2328,6,6,FALSE,FALSE,FALSE
"GENE1103","GENE1103_HUMAN","P58168","Protein GENE1103",-0.319,1,0.944417,0,0.0248,3,4,FALSE,FALSE,FALSE
"GENE2536","GENE2536_HUMAN","P17437","Protein GENE2536",-0.1152,0.764103,0.331721,0,0.4792,2,2,FALSE,TRUE,FALSE
"GENE1947","GENE1947_HUMAN","P58333","Protein GENE1947",0.1755,1,0.855913,0,0.0676,3,3,FALSE,FALSE,FALSE
"GENE0191","GENE0191_HUMAN","P73881","Protein GENE0191",-0.0614,0.331432,0.122874,0.5873,0.9105,2,5,FALSE,FALSE,FALSE
"GENE2408","GENE2408_HUMAN","P37452","Protein GENE2408",-0.4569,1,0.865858,0,0.0626,6,4,TRUE,FALSE,FALSE
"GENE1006","GENE1006_HUMAN","P48308","Protein GENE1006",-0.1674,0.439007,0.259348,0.4817,0.5861,5,4,FALSE,FALSE,FALSE
"GENE1576","GENE1576_HUMAN","P71771","Protein GENE1576",-0.5998,1,0.585326,0,0.2326,2,2,FALSE,FALSE,FALSE
"GENE1494","GENE1494_HUMAN","P17773","Protein GENE1494",0.0524,1,0.863964,0,0.0635,6,2,FALSE,FALSE,FALSE
"GENE2779","GENE2779_HUMAN","P54778","Protein GENE2779",-3.3741,0.177078,0.04169,0.7563,1.38,6,5,TRUE,FALSE,TRUE
"GENE1894","GENE1894_HUMAN","P69966","Protein GENE1894",0.3105,0.730881,0.702676,0,0.1532,5,5,FALSE,TRUE,FALSE
"GENE0503","GENE0503_HUMAN","P88630","Protein GENE0503",0.131,1,0.89563,0,0.0479,5,3,FALSE,FALSE,FALSE
"GENE2081","GENE2081_HUMAN","P94642","Protein GENE2081",0.1724,0.863607,0.423967,0.201,0.3727,2,6,TRUE,FALSE,FALSE
"GENE0538","GENE0538_HUMAN","P26671","Protein GENE0538",-0.4594,1,0.655863,0,0.1832,2,6,FALSE,FALSE,FALSE
"GENE2590","GENE2590_HUMAN","P43562","Protein GENE2590",-0.167,1,0.729791,0,0.1368,3,2,FALSE,FALSE,FALSE
"GENE1176","GENE1176_HUMAN","P89591","Protein GENE1176",-0.2529,0.272314,0.099151,0.9069,1.0037,2,4,FALSE,FALSE,FALSE
"GENE1200","GENE1200_HUMAN","P52542","Protein GENE1200",0.1141,1,0.394924,0.2723,0.4035,6,2,FALSE,FALSE,FALSE
"GENE2691","GENE2691_HUMAN","P45170","Protein GENE2691",0.0391,1,0.781373,0,0.1071,5,2,FALSE,FALSE,FALSE
"GENE2037","GENE2037_HUMAN","P21987","Protein GENE2037",-0.4357,1,0.370048,0,0.4317,2,5,FALSE,FALSE,FALSE
"GENE2846","GENE2846_HUMAN","P12895","Protein GENE2846",0.5904,0.619652,0.368321,0,0.4338,4,6,FALSE,FALSE,FALSE
"GENE0229","GENE0229_HUMAN","P86835","Protein GENE0229",0.0498,1,0.803901,0,0.0948,3,5,FALSE,FALSE,FALSE
"GENE2311","GENE2311_HUMAN","P53048","Protein GENE2311",-0.3975,0.686942,0.222517,0.4949,0.6526,4,4,FALSE,FALSE,FALSE
"GENE2878","GENE2878_HUMAN","P69490","Protein GENE2878",0.1734,0.905272,0.672005,0,0.1726,3,6,FALSE,FALSE,FALSE
"GENE1842","GENE1842_HUMAN","P72347","Protein GENE1842",0.0472,0.642705,0.210974,0,0.6758,6,2,FALSE,FALSE,FALSE
"GENE0808","GENE0808_HUMAN","P64475","Protein GENE0808",0.24,1,0.724812,0,0.1398,3,3,FALSE,FALSE,FALSE
"GENE1363","GENE1363_HUMAN","P56832","Protein GENE1363",0.3692,1,0.93136,0,0.0309,4,3,TRUE,FALSE,FALSE
"GENE2197","GENE2197_HUMAN","P97877","Protein GENE2197",0.1673,0.385478,0.237137,0.4116,0.625,5,6,FALSE,FALSE,FALSE
"GENE0747","GENE0747_HUMAN","P09922","Protein GENE0747",-0.4779,0.312154,0.154488,0.2936,0.8111,5,3,FALSE,FALSE,FALSE
"GENE2671","GENE2671_HUMAN","P64946","Protein GENE2671",-0.3042,1,0.723299,0,0.1407,2,6,FALSE,FALSE,FALSE
"GENE0761","GENE0761_HUMAN","P70427","Protein GENE0761",-0.1804,1,0.531073,0.2145,0.2748,3,6,FALSE,FALSE,FALSE
"GENE2333","GENE2333_HUMAN","P25349","Protein GENE2333",-0.0166,0.966741,0.221054,0.2383,0.6555,6,5,TRUE,FALSE,FALSE
"GENE2243","GENE2243_HUMAN","P17262","Protein GENE2243",-0.2864,0.600318,0.38118,0,0.4189,3,2,FALSE,FALSE,FALSE
"GENE0408","GENE0408_HUMAN","P83033","Protein GENE0408",1.1111,1,0.733889,0,0.1344,6,3,FALSE,FALSE,FALSE
"GENE1122","GENE1122_HUMAN","P47770","Protein GENE1122",-0.3055,0.952984,0.650947,0.1846,0.1865,2,3,FALSE,FALSE,FALSE
"GENE1399","GENE1399_HUMAN","P19243","Protein GENE1399",0.4899,0.689522,0.232782,0.4903,0.633,6,3,FALSE,FALSE,FALSE
"GENE2700","GENE2700_HUMAN","P03527","Protein GENE2700",0.0256,0.922585,0.218462,0.0212,0.6606,4,5,FALSE,FALSE,FALSE
"GENE1108","GENE1108_HUMAN","P42129","Protein GENE1108",-0.6054,0.43083,0.1795,0.2512,0.7459,3,3,FALSE,FALSE,FALSE
"GENE1554","GENE1554_HUMAN","P14516","Protein GENE1554",0.9337,1,0.550062,0.0238,0.2596,2,2,FALSE,FALSE,FALSE
"GENE0063","GENE0063_HUMAN","P95347","Protein GENE0063",0.7537,0.136428,0.030792,0.8867,1.5116,2,4,FALSE,FALSE,TRUE
"GENE0979","GENE0979_HUMAN","P08626","Protein GENE0979",-0.8465,0.287899,0.111031,0.3069,0.9546,5,2,FALSE,FALSE,FALSE
"GENE2672","GENE2672_HUMAN","P88204","Protein GENE2672",0.0601,0.351614,0.15549,0.117,0.8083,5,6,FALSE,FALSE,FALSE
"GENE0130","GENE0130_HUMAN","P56653","Protein GENE0130",-0.326,1,0.850144,0,0.0705,3,6,FALSE,FALSE,FALSE
"GENE2038","GENE2038_HUMAN","P48782","Protein GENE2038",0.0617,1,0.945111,0,0.0245,4,5,FALSE,FALSE,FALSE
"GENE1564","GENE1564_HUMAN","P96939","Protein GENE1564",-0.2188,1,0.341676,0.2075,0.4664,5,2,FALSE,FALSE,FALSE
"GENE1031","GENE1031_HUMAN","P72107","Protein GENE1031",-0.4358,0.620147,0.337235,0.3315,0.4721,4,6,FALSE,TRUE,FALSE
"GENE0048","GENE0048_HUMAN","P52211","Protein GENE0048",-0.5506,1,0.645097,0,0.1904,4,6,FALSE,FALSE,FALSE
"GENE0134","GENE0134_HUMAN","P11422","Protein GENE0134",0.386,1,0.901285,0.0327,0.0451,2,6,FALSE,FALSE,FALSE
"GENE2066","GENE2066_HUMAN","P91022","Protein GENE2066",-0.762,1,0.859785,0,0.0656,3,2,FALSE,FALSE,FALSE
"GENE2736","GENE2736_HUMAN","P31177","Protein GENE2736",0.482,1,0.737982,0,0.132,5,5,FALSE,FALSE,FALSE
"GENE0046","GENE0046_HUMAN","P98981","Protein GENE0046",-0.2109,1,0.830905,0,0.0804,4,2,FALSE,FALSE,FALSE
"GENE1963","GENE1963_HUMAN","P53816","Protein GENE1963",0.1133,1,0.70057,0,0.1545,2,4,FALSE,FALSE,FALSE
"GENE2587","GENE2587_HUMAN","P59016","Protein GENE2587",-0.3007,0.551993,0.403261,0,0.3944,3,2,FALSE,TRUE,FALSE
"GENE0288","GENE0288_HUMAN","P30404","Protein GENE0288",0.4767,0.27683,0.124626,0.2837,0.9044,5,2,FALSE,FALSE,FALSE
"GENE1498","GENE1498_HUMAN","P20024","Protein GENE1498",0.0339,1,0.558555,0,0.2529,5,3,FALSE,FALSE,FALSE
"GENE2635","GENE2635_HUMAN","P86211","Protein GENE2635",-2.3165,0.054314,0.038302,0.8374,1.4168,4,2,FALSE,FALSE,TRUE
"GENE1189","GENE1189_HUMAN","P58835","Protein GENE1189",-0.1786,1,0.597156,0,0.2239,2,5,FALSE,FALSE,FALSE
"GENE0070","GENE0070_HUMAN","P92486","Protein GENE0070",0.7053,1,0.512769,0.2853,0.2901,6,2,FALSE,FALSE,FALSE
"GENE1062","GENE1062_HUMAN","P28354","Protein GENE1062",2.7353,0.107254,0.032746,0.9928,1.4848,6,3,TRUE,TRUE,TRUE
"GENE0874","GENE0874_HUMAN","P04696","Protein GENE0874",-0.9086,1,0.895422,0,0.048,6,4,FALSE,FALSE,FALSE
"GENE1575","GENE1575_HUMAN","P68156","Protein GENE1575",-0.2414,1,0.485209,0,0.3141,3,5,FALSE,TRUE,FALSE
"GENE0846","GENE0846_HUMAN","P81665","Protein GENE0846",0.2218,0.1295,0.117008,0.3492,0.9318,6,6,FALSE,TRUE,FALSE
"GENE0601","GENE0601_HUMAN","P06423","Protein GENE0601",-0.0441,0.635144,0.588058,0,0.2306,5,4,FALSE,FALSE,FALSE
"GENE2673","GENE2673_HUMAN","P81732","Protein GENE2673",-0.3201,1,0.537123,0.0109,0.2699,4,3,FALSE,FALSE,FALSE
"GENE2711","GENE2711_HUMAN","P72411","Protein GENE2711",-0.4315,1,0.796378,0,0.0989,6,5,FALSE,FALSE,FALSE
"GENE2496","GENE2496_HUMAN","P11101","Protein GENE2496",-0.0184,1,0.540875,0.104,0.2669,3,3,TRUE,FALSE,FALSE
"GENE1038","GENE1038_HUMAN","P00842","Protein GENE1038",0.1313,0.796086,0.696829,0,0.1569,4,4,FALSE,FALSE,FALSE
"GENE0004","GENE0004_HUMAN","P07035","Protein GENE0004",0.1379,1,0.455645,0.2815,0.3414,3,3,FALSE,FALSE,FALSE
"GENE2776","GENE2776_HUMAN","P66735","Protein GENE2776",-0.1071,1,0.55398,0.1455,0.2565,3,5,FALSE,FALSE,FALSE
"GENE1018","GENE1018_HUMAN","P83660","Protein GENE1018",-0.2436,1,0.676139,0.0458,0.17,3,5,FALSE,FALSE,FALSE
"GENE1356","GENE1356_HUMAN","P47553","Protein GENE1356",2.305,0.009284,0.004694,1.9037,2.3285,5,4,FALSE,FALSE,TRUE
"GENE0867","GENE0867_HUMAN","P50510","Protein GENE0867",-0.7447,1,0.737828,0,0.132,5,2,FALSE,FALSE,FALSE
"GENE1069","GENE1069_HUMAN","P14747","Protein GENE1069",0.2506,1,0.758677,0,0.1199,5,6,FALSE,FALSE,FALSE
"GENE0104","GENE0104_HUMAN","P09876","Protein GENE0104",0.4842,0.256548,0.067061,0.9571,1.1735,4,2,TRUE,FALSE,FALSE
"GENE2884","GENE2884_HUMAN","P65824","Protein GENE2884",-0.7946,0.732393,0.238192,0,0.6231,2,5,FALSE,FALSE,FALSE
"GENE1491","GENE1491_HUMAN","P87023","Protein GENE1491",-0.441,0.104205,0.078079,0.4388,1.1075,6,2,TRUE,FALSE,FALSE
"GENE2302","GENE2302_HUMAN","P77096","Protein GENE2302",0.1741,0.528563,0.327679,0,0.4846,2,5,FALSE,FALSE,FALSE
"GENE0655","GENE0655_HUMAN","P09150","Protein GENE0655",-0.058,1,0.844962,0,0.0732,4,2,FALSE,FALSE,FALSE
"GENE0836","GENE0836_HUMAN","P42794","Protein GENE0836",-0.5908,0.016789,0.015648,1.4717,1.8055,4,2,FALSE,FALSE,TRUE
"GENE2886","GENE2886_HUMAN","P69141","Protein GENE2886",0.1013,0.823883,0.470466,0,0.3275,4,6,FALSE,FALSE,FALSE
"GENE0547","GENE0547_HUMAN","P57747","Protein GENE0547",-0.0835,1,0.822226,0,0.085,5,3,FALSE,FALSE,FALSE
"GENE0839","GENE0839_HUMAN","P44896","Protein GENE0839",-0.2137,1,0.887857,0,0.0517,2,2,FALSE,FALSE,FALSE
"GENE1139","GENE1139_HUMAN","P23384","Protein GENE1139",0.0305,1,0.944604,0,0.0248,5,5,FALSE,FALSE,FALSE
"GENE2598","GENE2598_HUMAN","P76868","Protein GENE2598",-0.348,1,0.823259,0,0.0845,4,6,FALSE,FALSE,FALSE
"GENE2710","GENE2710_HUMAN","P60722","Protein GENE2710",1.9938,0.089084,0.044372,1.3374,1.3529,6,5,FALSE,FALSE,TRUE
"GENE1365","GENE1365_HUMAN","P87178","Protein GENE1365",0.4689,1,0.784985,0,0.1051,5,3,TRUE,FALSE,FALSE
"GENE1183","GENE1183_HUMAN","P55924","Protein GENE1183",-0.3715,0.755672,0.171653,0.5631,0.7653,6,3,FALSE,FALSE,FALSE
"GENE2568","GENE2568_HUMAN","P96029","Protein GENE2568",-0.4856,1,0.651447,0,0.1861,4,5,FALSE,TRUE,FALSE
"GENE0393","GENE0393_HUMAN","P69414","Protein GENE0393",0.1447,1,0.909371,0,0.0413,2,2,FALSE,FALSE,FALSE
"GENE1714","GENE1714_HUMAN","P33291","Protein GENE1714",0.1492,1,0.55986,0.1695,0.2519,6,3,FALSE,FALSE,FALSE
"GENE0262","GENE0262_HUMAN","P20885","Protein GENE0262",0.5062,1,0.895298,0,0.048,2,5,FALSE,FALSE,FALSE
"GENE0802","GENE0802_HUMAN","P18632","Protein GENE0802",0.5719,0.628337,0.477716,0,0.3208,3,2,FALSE,FALSE,FALSE
"GENE0640","GENE0640_HUMAN","P38779","Protein GENE0640",-0.7379,1,0.440357,0,0.3562,3,5,FALSE,FALSE,FALSE
"GENE0898","GENE0898_HUMAN","P97337","Protein GENE0898",0.9239,0.54737,0.392091,0.0013,0.4066,4,5,FALSE,FALSE,FALSE
"GENE2500","GENE2500_HUMAN","P15580","Protein GENE2500",0.0544,1,0.869189,0,0.0609,2,6,FALSE,FALSE,FALSE
"GENE1409","GENE1409_HUMAN","P83411","Protein GENE1409",-0.9288,1,0.85555,0,0.0678,4,2,FALSE,FALSE,FALSE
"GENE0724","GENE0724_HUMAN","P49407","Protein GENE0724",-0.2163,1,0.977747,0,0.0098,2,4,FALSE,FALSE,FALSE
"GENE1690","GENE1690_HUMAN","P44420","Protein GENE1690",-0.311,0.671038,0.256396,0.1139,0.5911,4,6,FALSE,FALSE,FALSE
"GENE0417","GENE0417_HUMAN","P24465","Protein GENE0417",-0.378,1,0.940622,0,0.0266,4,4,FALSE,FALSE,FALSE
"GENE0981","GENE0981_HUMAN","P93315","Protein GENE0981",0.3268,0.255691,0.102229,0.6569,0.9904,3,4,FALSE,FALSE,FALSE
"GENE2864","GENE2864_HUMAN","P84105","Protein GENE2864",1.0885,0.104204,0.035117,1.0638,1.4545,5,2,FALSE,FALSE,TRUE
"GENE1741","GENE1741_HUMAN","P92247","Protein GENE1741",-2.7754,0.070609,0.017724,1.1435,1.7514,5,5,FALSE,FALSE,TRUE
"GENE1862","GENE1862_HUMAN","P66358","Protein GENE1862",-0.3077,1,0.631508,0,0.1996,6,4,FALSE,FALSE,FALSE
"GENE2584","GENE2584_HUMAN","P84806","Protein GENE2584",-0.1474,0.446112,0.090787,0.5947,1.042,5,5,TRUE,FALSE,FALSE
"GENE0740","GENE0740_HUMAN","P62643","Protein GENE0740",0.0607,1,0.609168,0,0.2153,4,5,FALSE,FALSE,FALSE
"GENE2022","GENE2022_HUMAN","P36530","Protein GENE2022",-0.4259,0.201465,0.162375,0.216,0.7895,3,2,FALSE,FALSE,FALSE
"GENE0803","GENE0803_HUMAN","P61751","Protein GENE0803",1.6971,0.10209,0.021129,1.1753,1.6751,5,5,FALSE,FALSE,TRUE
"GENE1406","GENE1406_HUMAN","P96793","Protein GENE1406",0.2412,1,0.883956,0,0.0536,2,4,FALSE,FALSE,FALSE
"GENE2639","GENE2639_HUMAN","P17774","Protein GENE2639",0.208,1,0.594918,0.1863,0.2255,5,6,FALSE,FALSE,FALSE
"GENE1782","GENE1782_HUMAN","P91968","Protein GENE1782",-0.7673,0.616219,0.124976,0.6218,0.9032,3,2,FALSE,TRUE,FALSE
"GENE0986","GENE0986_HUMAN","P04232","Protein GENE0986",0.2908,1,0.979223,0,0.0091,6,5,FALSE,FALSE,FALSE
"GENE1701","GENE1701_HUMAN","P76302","Protein GENE1701",-0.0825,1,0.293913,0.0217,0.5318,5,2,TRUE,FALSE,FALSE
"GENE2861","GENE2861_HUMAN","P33772","Protein GENE2861",1.0133,0.194459,0.106601,0.8316,0.9722,4,5,FALSE,FALSE,FALSE
"GENE0807","GENE0807_HUMAN","P82240","Protein GENE0807",3.0498,0.019155,0.0047,1.6919,2.3279,6,2,FALSE,FALSE,TRUE
"GENE1040","GENE1040_HUMAN","P12204","Protein GENE1040",-0.0906,0.410219,0.120706,0.4295,0.9183,3,2,FALSE,FALSE,FALSE
"GENE0028","GENE0028_HUMAN","P84865","Protein GENE0028",-0.6109,0.354003,0.285353,0.3104,0.5446,5,6,FALSE,FALSE,FALSE
"GENE1681","GENE1681_HUMAN","P26067","Protein GENE1681",0.3378,1,0.910788,0,0.0406,6,5,FALSE,FALSE,FALSE
"GENE0982","GENE0982_HUMAN","P26919","Protein GENE0982",0.037,0.725711,0.381075,0.3501,0.419,6,4,FALSE,FALSE,FALSE
"GENE0719","GENE0719_HUMAN","P96113","Protein GENE0719",0.0814,1,0.709609,0,0.149,4,4,FALSE,FALSE,FALSE
"GENE0888","GENE0888_HUMAN","P93410","Protein GENE0888",-0.1101,0.232064,0.210381,0.1441,0.677,3,2,FALSE,FALSE,FALSE
"GENE1977","GENE1977_HUMAN","P07474","Protein GENE1977",-0.1143,1,0.849133,0,0.071,2,2,TRUE,FALSE,FALSE
"GENE1997","GENE1997_HUMAN","P86276","Protein GENE1997",-0.2396,1,0.678001,0,0.1688,2,2,FALSE,FALSE,FALSE
"GENE0642","GENE0642_HUMAN","P18177","Protein GENE0642",-0.4233,1,0.852438,0,0.0693,2,2,FALSE,FALSE,FALSE
"GENE0596","GENE0596_HUMAN","P20686","Protein GENE0596",-0.0167,0.422323,0.359015,0,0.4449,3,6,FALSE,FALSE,FALSE
"GENE1322","GENE1322_HUMAN","P40877","Protein GENE1322",0.1122,0.590326,0.195403,0.0859,0.7091,3,2,FALSE,FALSE,FALSE
"GENE1192","GENE1192_HUMAN","P17362","Protein GENE1192",-0.0635,0.249689,0.093495,1.0031,1.0292,5,2,FALSE,FALSE,FALSE
"GENE0435","GENE0435_HUMAN","P13140","Protein GENE0435",-0.385,0.242926,0.108396,0.3315,0.965,3,5,FALSE,FALSE,FALSE
"GENE0017","GENE0017_HUMAN","P57682","Protein GENE0017",-0.3869,0.413203,0.178376,0.4633,0.7487,2,3,FALSE,FALSE,FALSE
"GENE2430","GENE2430_HUMAN","P23342","Protein GENE2430",0.0727,1,0.800778,0,0.0965,3,5,FALSE,FALSE,FALSE
"GENE1936","GENE1936_HUMAN","P14951","Protein GENE1936",0.0118,0.418671,0.08668,0.8134,1.0621,4,2,FALSE,FALSE,FALSE
"GENE1387","GENE1387_HUMAN","P63025","Protein GENE1387",0.1115,1,0.971121,0,0.0127,5,6,FALSE,FALSE,FALSE
"GENE1582","GENE1582_HUMAN","P68861","Protein GENE1582",-0.4107,1,0.621454,0.0889,0.2066,3,3,FALSE,FALSE,FALSE
"GENE0932","GENE0932_HUMAN","P05107","Protein GENE0932",0.3004,1,0.676211,0,0.1699,6,5,FALSE,FALSE,FALSE
"GENE2368","GENE2368_HUMAN","P11800","Protein GENE2368",-0.3633,1,0.622399,0,0.2059,6,2,FALSE,FALSE,FALSE
"GENE2891","GENE2891_HUMAN","P48375","Protein GENE2891",-0.5721,0.123029,0.084224,0.6096,1.0746,6,6,FALSE,FALSE,FALSE
"GENE1339","GENE1339_HUMAN","P57853","Protein GENE1339",1.9365,0.071471,0.038075,1.4179,1.4194,3,5,FALSE,FALSE,TRUE
"GENE0834","GENE0834_HUMAN","P47122","Protein GENE0834",-0.1104,1,0.393271,0,0.4053,6,6,TRUE,FALSE,FALSE
"GENE1661","GENE1661_HUMAN","P90351","Protein GENE1661",-0.3993,0.935008,0.679805,0.0663,0.1676,6,5,FALSE,FALSE,FALSE
"GENE0228","GENE0228_HUMAN","P70520","Protein GENE0228",0.1751,0.836803,0.180772,0.5955,0.7429,2,3,FALSE,FALSE,FALSE
"GENE1994","GENE1994_HUMAN","P10939","Protein GENE1994",0.5834,0.625979,0.244046,0.3143,0.6125,2,5,FALSE,FALSE,FALSE
"GENE2744","GENE2744_HUMAN","P55811","Protein GENE2744",-0.0673,1,0.719125,0.1203,0.1432,2,6,FALSE,FALSE,FALSE
"GENE0351","GENE0351_HUMAN","P69102","Protein GENE0351",-2.9803,0.074074,0.019129,1.2224,1.7183,6,3,FALSE,FALSE,TRUE
"GENE2112","GENE2112_HUMAN","P32368","Protein GENE2112",-0.8307,1,0.513311,0,0.2896,2,6,TRUE,FALSE,FALSE
"GENE2763","GENE2763_HUMAN","P61787","Protein GENE2763",0.1583,0.80515,0.20746,0.4113,0.6831,2,6,FALSE,FALSE,FALSE
"GENE1732","GENE1732_HUMAN","P55064","Protein GENE1732",-0.4343,0.641159,0.171796,0.092,0.765,2,4,FALSE,FALSE,FALSE
"GENE1193","GENE1193_HUMAN","P64441","Protein GENE1193",-0.086,0.152446,0.063802,0.5711,1.1952,6,4,FALSE,FALSE,FALSE
"GENE2375","GENE2375_HUMAN","P22406","Protein GENE2375",-0.2736,1,0.636654,0,0.1961,5,4,FALSE,FALSE,FALSE
"GENE0587","GENE0587_HUMAN","P34041","Protein GENE0587",3.4938,0.106676,0.027116,1.3494,1.5668,6,2,FALSE,FALSE,TRUE
"GENE1846","GENE1846_HUMAN","P66884","Protein GENE1846",0.4062,0.10607,0.07567,0.5442,1.1211,6,3,FALSE,FALSE,FALSE
"GENE1816","GENE1816_HUMAN","P17913","Protein GENE1816",-0.0887,1,0.555404,0,0.2554,4,6,FALSE,FALSE,FALSE
"GENE0714","GENE0714_HUMAN","P55419","Protein GENE0714",0.3145,1,0.71323,0,0.1468,3,4,FALSE,FALSE,FALSE
"GENE1626","GENE1626_HUMAN","P23850","Protein GENE1626",1.2552,0.052366,0.037104,0.99,1.4306,4,2,FALSE,FALSE,TRUE
"GENE2668","GENE2668_HUMAN","P03972","Protein GENE2668",0.3487,0.779771,0.257754,0,0.5888,6,5,FALSE,FALSE,FALSE
"GENE0472","GENE0472_HUMAN","P23366","Protein GENE0472",0.7018,0.01899,0.017715,1.4995,1.7516,4,4,FALSE,FALSE,TRUE
"GENE2526","GENE2526_HUMAN","P56281","Protein GENE2526",0.2697,1,0.534187,0.2528,0.2723,5,3,FALSE,FALSE,FALSE
"GENE1761","GENE1761_HUMAN","P09845","Protein GENE1761",-0.0877,0.744738,0.177655,0.5141,0.7504,5,4,FALSE,FALSE,FALSE
"GENE1988","GENE1988_HUMAN","P25968","Protein GENE1988",-3.9288,0.00241,0.00109,2.4026,2.9626,6,5,FALSE,FALSE,TRUE
"GENE2685","GENE2685_HUMAN","P46662","Protein GENE2685",0.6693,1,0.981993,0,0.0079,6,6,FALSE,FALSE,FALSE
"GENE2696","GENE2696_HUMAN","P75799","Protein GENE2696",0.2335,1,0.269589,0.1874,0.5693,6,6,FALSE,FALSE,FALSE
"GENE1970","GENE1970_HUMAN","P28747","Protein GENE1970",-0.1489,1,0.893845,0,0.0487,2,6,FALSE,FALSE,FALSE
"GENE2502","GENE2502_HUMAN","P39545","Protein GENE2502",-0.1804,0.404755,0.091026,0.5397,1.0408,3,4,FALSE,FALSE,FALSE
"DHX9","DHX9_HUMAN","P00103","Protein DHX9",0.4064,1,0.754574,0,0.1223,2,4,FALSE,FALSE,FALSE
"GENE2471","GENE2471_HUMAN","P92806","Protein GENE2471",-1.7413,0.142333,0.042087,0.6817,1.3759,5,2,FALSE,FALSE,TRUE
"GENE0061","GENE0061_HUMAN","P43029","Protein GENE0061",-0.5275,0.87741,0.255761,0.2738,0.5922,3,6,FALSE,FALSE,FALSE
"GENE2796","GENE2796_HUMAN","P60039","Protein GENE2796",-1.1288,0.03445,0.017558,1.3236,1.7555,3,6,FALSE,FALSE,TRUE
"GENE0894","GENE0894_HUMAN","P08468","Protein GENE0894",0.2968,0.569342,0.408392,0,0.3889,5,3,FALSE,FALSE,FALSE
"GENE0815","GENE0815_HUMAN","P29128","Protein GENE0815",2.4998,0.05286,0.012679,1.7282,1.8969,5,5,FALSE,FALSE,TRUE
"GENE0161","GENE0161_HUMAN","P78627","Protein GENE0161",-0.3279,1,0.799645,0,0.0971,2,2,FALSE,FALSE,FALSE
"GENE2320","GENE2320_HUMAN","P25729","Protein GENE2320",-0.825,1,0.743973,0,0.1284,3,3,FALSE,FALSE,FALSE
"GENE0789","GENE0789_HUMAN","P17500","Protein GENE0789",0.2292,1,0.355099,0,0.4497,5,5,FALSE,FALSE,FALSE
"GENE1515","GENE1515_HUMAN","P87614","Protein GENE1515",0.1183,0.551338,0.510598,0,0.2919,5,5,FALSE,FALSE,FALSE
"NEK6","NEK6_HUMAN","P44645","Protein NEK6",2.1645,0.078113,0.031581,1.0616,1.5006,4,6,TRUE,FALSE,TRUE
"GENE2474","GENE2474_HUMAN","P98599","Protein GENE2474",0.4888,1,0.61533,0,0.2109,4,2,FALSE,FALSE,FALSE
"DHX58","DHX58_HUMAN","P31204","Protein DHX58",0.218,0.541913,0.302704,0.2316,0.519,6,3,FALSE,FALSE,FALSE
"GENE1241","GENE1241_HUMAN","P88855","Protein GENE1241",0.3307,0.188067,0.071597,0.6165,1.1451,3,4,FALSE,FALSE,FALSE
"GENE2060","GENE2060_HUMAN","P21574","Protein GENE2060",0.3171,0.67849,0.135928,0.258,0.8667,5,5,FALSE,FALSE,FALSE
"GENE0194","GENE0194_HUMAN","P03974","Protein GENE0194",-0.1383,1,0.771216,0,0.1128,2,6,FALSE,FALSE,FALSE
"GENE0605","GENE0605_HUMAN","P38345","Protein GENE0605",-0.2708,1,0.745283,0,0.1277,4,5,FALSE,TRUE,FALSE
"GENE2335","GENE2335_HUMAN","P46285","Protein GENE2335",0.2992,0.371874,0.16656,0.1071,0.7784,3,2,FALSE,FALSE,FALSE
"GENE2576","GENE2576_HUMAN","P18687","Protein GENE2576",0.5583,1,0.738006,0.1209,0.1319,3,4,FALSE,FALSE,FALSE
"GENE2434","GENE2434_HUMAN","P31944","Protein GENE2434",-0.6188,1,0.960398,0,0.0175,2,4,FALSE,TRUE,FALSE
"GENE1588","GENE1588_HUMAN","P22629","Protein GENE1588",-3.8498,0.136159,0.02966,0.9261,1.5278,4,3,FALSE,FALSE,TRUE
"PKN3","PKN3_HUMAN","P49339","Protein PKN3",0.6188,0.040745,0.022821,1.641,1.6417,5,3,FALSE,FALSE,TRUE
"GENE2595","GENE2595_HUMAN","P68135","Protein GENE2595",0.103,0.716308,0.185891,0.5449,0.7307,3,4,FALSE,FALSE,FALSE
"GENE1713","GENE1713_HUMAN","P74271","Protein GENE1713",0.3123,0.676373,0.313307,0,0.504,4,5,TRUE,FALSE,FALSE
"GENE1257","GENE1257_HUMAN","P15469","Protein GENE1257",-0.3679,1,0.758662,0,0.12,5,2,FALSE,FALSE,FALSE
"GENE2054","GENE2054_HUMAN","P81776","Protein GENE2054",0.1179,1,0.641462,0,0.1928,6,2,TRUE,FALSE,FALSE
"GENE0362","GENE0362_HUMAN","P51729","Protein GENE0362",1.7623,0.004676,0.000946,2.5498,3.0243,3,5,FALSE,TRUE,TRUE
"GENE1260","GENE1260_HUMAN","P43955","Protein GENE1260",0.1665,0.39161,0.137661,0.4321,0.8612,2,5,FALSE,FALSE,FALSE
"GENE0526","GENE0526_HUMAN","P48247","Protein GENE0526",-4.4447,0.129204,0.042074,1.18,1.376,6,4,FALSE,FALSE,TRUE
"GENE0857","GENE0857_HUMAN","P46430","Protein GENE0857",-0.77,0.147124,0.123923,0.426,0.9068,5,6,FALSE,TRUE,FALSE
"GENE1077","GENE1077_HUMAN","P34234","Protein GENE1077",0.0076,0.591772,0.330652,0,0.4806,6,6,FALSE,FALSE,FALSE
"GENE1495","GENE1495_HUMAN","P69318","Protein GENE1495",-0.2114,1,0.986674,0,0.0058,5,3,TRUE,FALSE,FALSE
"GENE0759","GENE0759_HUMAN","P14364","Protein GENE0759",0.2933,1,0.579783,0,0.2367,3,4,FALSE,FALSE,FALSE
"GENE2332","GENE2332_HUMAN","P73406","Protein GENE2332",0.1792,1,0.918431,0,0.037,5,5,FALSE,FALSE,FALSE
"GENE2166","GENE2166_HUMAN","P60436","Protein GENE2166",-0.3456,1,0.64265,0,0.192,4,3,FALSE,FALSE,FALSE
"GENE0109","GENE0109_HUMAN","P54076","Protein GENE0109",-0.3373,1,0.779307,0,0.1083,3,2,FALSE,FALSE,FALSE
"GENE1569","GENE1569_HUMAN","P67280","Protein GENE1569",-0.3817,0.657784,0.306852,0,0.5131,6,3,FALSE,FALSE,FALSE
"GENE1115","GENE1115_HUMAN","P85574","Protein GENE1115",0.208,1,0.511954,0.0547,0.2908,3,4,TRUE,FALSE,FALSE
"GENE1664","GENE1664_HUMAN","P55756","Protein GENE1664",-0.3226,1,0.634029,0,0.1979,6,5,FALSE,FALSE,FALSE
"GENE2782","GENE2782_HUMAN","P21321","Protein GENE2782",3.9976,0.094636,0.029786,1.2007,1.526,5,6,FALSE,FALSE,TRUE
"GENE2264","GENE2264_HUMAN","P27291","Protein GENE2264",-0.4137,0.689817,0.260309,0,0.5845,6,3,FALSE,TRUE,FALSE
"GENE0722","GENE0722_HUMAN","P74233","Protein GENE0722",-0.5009,1,0.51617,0,0.2872,2,4,FALSE,FALSE,FALSE
"GENE2360","GENE2360_HUMAN","P11108","Protein GENE2360",0.0429,0.606867,0.413688,0,0.3833,6,6,FALSE,FALSE,FALSE
"GENE0816","GENE0816_HUMAN","P36143","Protein GENE0816",-0.0121,0.306306,0.209524,0.0321,0.6788,5,6,FALSE,FALSE,FALSE
"GENE1823","GENE1823_HUMAN","P98541","Protein GENE1823",0.0136,1,0.761735,0.103,0.1182,5,3,FALSE,FALSE,FALSE
"GENE0162","GENE0162_HUMAN","P53494","Protein GENE0162",0.0181,1,0.454925,0.0176,0.3421,4,3,FALSE,FALSE,FALSE
"GENE0639","GENE0639_HUMAN","P79407","Protein GENE0639",9e-04,0.590999,0.152501,0.4167,0.8167,3,5,FALSE,FALSE,FALSE
"GENE1909","GENE1909_HUMAN","P76126","Protein GENE1909",-0.9844,0.460795,0.351515,0.0305,0.4541,4,3,FALSE,FALSE,FALSE
"GENE0574","GENE0574_HUMAN","P72344","Protein GENE0574",-0.2968,1,0.466959,0,0.3307,5,5,FALSE,FALSE,FALSE
"GENE1246","GENE1246_HUMAN","P08078","Protein GENE1246",-0.3967,1,0.696402,0.1326,0.1571,4,6,FALSE,FALSE,FALSE
"GENE2205","GENE2205_HUMAN","P52341","Protein GENE2205",0.1736,1,0.622338,0,0.206,6,2,FALSE,FALSE,FALSE
"GENE0147","GENE0147_HUMAN","P53226","Protein GENE0147",0.5359,1,0.518699,0,0.2851,2,5,FALSE,FALSE,FALSE
"GENE1332","GENE1332_HUMAN","P52937","Protein GENE1332",0.4642,1,0.859194,0,0.0659,4,2,FALSE,FALSE,FALSE
"GENE1119","GENE1119_HUMAN","P90139","Protein GENE1119",-0.2856,1,0.939313,0,0.0272,5,6,FALSE,FALSE,FALSE
"GENE0231","GENE0231_HUMAN","P42087","Protein GENE0231",0.4893,1,0.672424,0,0.1724,6,6,FALSE,FALSE,FALSE
"GENE2242","GENE2242_HUMAN","P35340","Protein GENE2242",-0.1903,1,0.671054,0,0.1732,6,6,FALSE,FALSE,FALSE
"GENE2559","GENE2559_HUMAN","P98143","Protein GENE2559",0.3458,1,0.71077,0,0.1483,3,2,FALSE,FALSE,FALSE
"GENE0324","GENE0324_HUMAN","P93033","Protein GENE0324",-0.8516,0.942279,0.397548,0,0.4006,5,4,FALSE,FALSE,FALSE
"GENE0304","GENE0304_HUMAN","P87350","Protein GENE0304",-0.7032,1,0.411124,0.1207,0.386,6,4,FALSE,TRUE,FALSE
"GENE1010","GENE1010_HUMAN","P55169","Protein GENE1010",0.5876,0.606434,0.49442,0,0.3059,3,2,FALSE,FALSE,FALSE
"GENE2807","GENE2807_HUMAN","P18443","Protein GENE2807",0.0546,1,0.685575,0,0.1639,6,2,FALSE,FALSE,FALSE
"GENE1470","GENE1470_HUMAN","P73637","Protein GENE1470",0.0745,0.124772,0.076958,0.5556,1.1137,3,6,TRUE,FALSE,FALSE
"GENE0337","GENE0337_HUMAN","P05348","Protein GENE0337",-0.2332,1,0.428846,0,0.3677,2,4,FALSE,FALSE,FALSE
"GENE2068","GENE2068_HUMAN","P51546","Protein GENE2068",0.5612,0.898857,0.588873,0.003,0.23,6,2,FALSE,FALSE,FALSE
"GENE1233","GENE1233_HUMAN","P50660","Protein GENE1233",-0.9249,0.260379,0.198149,0.0649,0.703,5,6,FALSE,FALSE,FALSE
"GENE0720","GENE0720_HUMAN","P48579","Protein GENE0720",0.7074,1,0.385407,0.4101,0.4141,4,2,FALSE,FALSE,FALSE
"GENE1388","GENE1388_HUMAN","P39938","Protein GENE1388",1.9369,0.032487,0.025872,0.9233,1.5872,4,4,FALSE,FALSE,TRUE
"GENE2761","GENE2761_HUMAN","P46231","Protein GENE2761",0.0277,0.213425,0.070704,0.6078,1.1506,3,3,FALSE,FALSE,FALSE
"GENE2851","GENE2851_HUMAN","P56919","Protein GENE2851",0.1944,1,0.814619,0,0.089,6,4,FALSE,FALSE,FALSE
"GENE0425","GENE0425_HUMAN","P37445","Protein GENE0425",-0.0091,1,0.788438,0.0584,0.1032,6,5,FALSE,FALSE,FALSE
"GENE2376","GENE2376_HUMAN","P14397","Protein GENE2376",0.1857,1,0.622561,0,0.2058,2,4,FALSE,FALSE,FALSE
"GENE2403","GENE2403_HUMAN","P26117","Protein GENE2403",-0.2125,1,0.41187,0,0.3852,3,3,FALSE,FALSE,FALSE
"GENE2110","GENE2110_HUMAN","P11164","Protein GENE2110",-0.4618,1,0.399535,0.1481,0.3984,3,6,FALSE,FALSE,FALSE
"GENE0576","GENE0576_HUMAN","P91430","Protein GENE0576",0.1858,0.573379,0.4467,0.1282,0.35,2,6,FALSE,FALSE,FALSE
"GENE0768","GENE0768_HUMAN","P95005","Protein GENE0768",0.8738,0.089544,0.03753,1.2153,1.4256,4,2,FALSE,FALSE,TRUE
"GENE2759","GENE2759_HUMAN","P10911","Protein GENE2759",0.2574,1,0.865079,0,0.0629,3,4,FALSE,FALSE,FALSE
"GENE1027","GENE1027_HUMAN","P63374","Protein GENE1027",-0.5311,1,0.3895,0,0.4095,3,3,FALSE,FALSE,FALSE
"GENE0052","GENE0052_HUMAN","P16463","Protein GENE0052",0.0811,0.823299,0.183584,0.266,0.7362,6,6,TRUE,FALSE,FALSE
"GENE0693","GENE0693_HUMAN","P59426","Protein GENE0693",-0.0665,0.410879,0.087931,0.9381,1.0559,2,3,FALSE,FALSE,FALSE
"GENE1580","GENE1580_HUMAN","P71697","Protein GENE1580",-0.7116,1,0.538889,0,0.2685,5,4,TRUE,FALSE,FALSE
"GENE1070","GENE1070_HUMAN","P34790","Protein GENE1070",0.2634,1,0.622228,0,0.2061,3,2,FALSE,FALSE,FALSE
"GENE1102","GENE1102_HUMAN","P49376","Protein GENE1102",0.1187,1,0.436385,0,0.3601,5,2,FALSE,FALSE,FALSE
"GENE0670","GENE0670_HUMAN","P25128","Protein GENE0670",-3.7738,0.07586,0.036124,1.2742,1.4422,6,5,FALSE,FALSE,TRUE
"GENE2155","GENE2155_HUMAN","P80068","Protein GENE2155",-0.4337,1,0.44531,0,0.3513,4,6,FALSE,TRUE,FALSE
"GENE1431","GENE1431_HUMAN","P74210","Protein GENE1431",-0.0866,0.554364,0.119099,0.3147,0.9241,6,5,FALSE,FALSE,FALSE
"GENE2748","GENE2748_HUMAN","P97173","Protein GENE2748",-0.1619,1,0.415341,0,0.3816,5,6,FALSE,TRUE,FALSE
"GENE0916","GENE0916_HUMAN","P87351","Protein GENE0916",0.2433,1,0.673295,0.1342,0.1718,3,2,FALSE,FALSE,FALSE
"GENE1424","GENE1424_HUMAN","P52904","Protein GENE1424",-0.7578,1,0.791879,0,0.1013,3,6,FALSE,FALSE,FALSE
"GENE2421","GENE2421_HUMAN","P59663","Protein GENE2421",0.4315,1,0.440497,0,0.3561,2,5,FALSE,FALSE,FALSE
"GENE2520","GENE2520_HUMAN","P13360","Protein GENE2520",-0.218,1,0.734328,0,0.1341,2,6,FALSE,FALSE,FALSE
"GENE1287","GENE1287_HUMAN","P60159","Protein GENE1287",-0.1381,1,0.766447,0,0.1155,6,5,FALSE,FALSE,FALSE
"GENE2529","GENE2529_HUMAN","P15326","Protein GENE2529",-0.2183,1,0.423576,0,0.3731,5,2,FALSE,FALSE,FALSE
"GENE2102","GENE2102_HUMAN","P89895","Protein GENE2102",0.4035,0.502843,0.452119,0,0.3447,5,4,TRUE,FALSE,FALSE
"GENE0361","GENE0361_HUMAN","P88292","Protein GENE0361",0.1599,1,0.936583,0,0.0285,3,5,FALSE,FALSE,FALSE
"GENE2597","GENE2597_HUMAN","P81259","Protein GENE2597",0.2844,0.73664,0.308308,0.0308,0.511,3,6,FALSE,FALSE,FALSE
"GENE1364","GENE1364_HUMAN","P95574","Protein GENE1364",-0.1959,0.902657,0.296369,0.2818,0.5282,3,6,FALSE,FALSE,FALSE
"GENE1542","GENE1542_HUMAN","P93676","Protein GENE1542",0.3817,0.119133,0.093725,0.5379,1.0281,4,2,FALSE,TRUE,FALSE
"GENE1688","GENE1688_HUMAN","P71444","Protein GENE1688",-0.6644,1,0.741951,0,0.1296,3,3,FALSE,FALSE,FALSE
"GENE1511","GENE1511_HUMAN","P26918","Protein GENE1511",-0.2486,1,0.329829,0.2478,0.4817,4,5,FALSE,FALSE,FALSE
"GENE2622","GENE2622_HUMAN","P55916","Protein GENE2622",-0.6858,0.986162,0.233932,0.2562,0.6309,2,6,TRUE,FALSE,FALSE
"GENE0245","GENE0245_HUMAN","P99032","Protein GENE0245",-0.0868,1,0.817137,0,0.0877,2,2,TRUE,FALSE,FALSE
"GENE0093","GENE0093_HUMAN","P15690","Protein GENE0093",0.1152,1,0.600025,0,0.2218,4,2,FALSE,TRUE,FALSE
"GENE2121","GENE2121_HUMAN","P56352","Protein GENE2121",-1.3551,1,0.962567,0,0.0166,6,5,FALSE,FALSE,FALSE
"GENE0848","GENE0848_HUMAN","P56408","Protein GENE0848",0.4026,1,0.581942,0,0.2351,2,4,FALSE,FALSE,FALSE
"GENE1705","GENE1705_HUMAN","P80465","Protein GENE1705",-0.1799,1,0.762263,0,0.1179,5,6,FALSE,FALSE,FALSE
"GENE0418","GENE0418_HUMAN","P88502","Protein GENE0418",0.0716,1,0.965105,0,0.0154,2,3,FALSE,FALSE,FALSE
"GENE0734","GENE0734_HUMAN","P45800","Protein GENE0734",0.4093,0.30745,0.166744,0.4777,0.778,6,3,FALSE,TRUE,FALSE
"GENE0540","GENE0540_HUMAN","P16541","Protein GENE0540",0.6079,1,0.572223,0,0.2424,4,4,FALSE,FALSE,FALSE
"MED23","MED23_HUMAN","P51770","Protein MED23",-0.333,1,0.984669,0,0.0067,5,2,FALSE,FALSE,FALSE
"GENE0014","GENE0014_HUMAN","P59811","Protein GENE0014",-0.1733,1,0.578058,0.0186,0.238,6,6,FALSE,FALSE,FALSE
"GENE1708","GENE1708_HUMAN","P52491","Protein GENE1708",-0.0344,0.652485,0.602465,0,0.2201,5,4,FALSE,FALSE,FALSE
"GENE1791","GENE1791_HUMAN","P81407","Protein GENE1791",-0.1552,0.975692,0.328575,0.2987,0.4834,4,5,TRUE,FALSE,FALSE
"GENE2739","GENE2739_HUMAN","P96454","Protein GENE2739",0.3662,0.996649,0.590998,0,0.2284,6,2,FALSE,FALSE,FALSE
"GENE2486","GENE2486_HUMAN","P29490","Protein GENE2486",0.8869,1,0.948189,0,0.0231,6,2,FALSE,FALSE,FALSE
"GENE1489","GENE1489_HUMAN","P27687","Protein GENE1489",-0.4801,1,0.500101,0,0.3009,6,2,FALSE,FALSE,FALSE
"GENE0116","GENE0116_HUMAN","P68736","Protein GENE0116",0.526,0.415071,0.161238,0.1073,0.7925,6,6,FALSE,FALSE,FALSE
"GENE1008","GENE1008_HUMAN","P39359","Protein GENE1008",-0.7375,1,0.332549,0,0.4781,3,6,FALSE,FALSE,FALSE
"GENE1054","GENE1054_HUMAN","P28155","Protein GENE1054",-0.3421,1,0.902618,0,0.0445,2,6,FALSE,FALSE,FALSE
"GENE2799","GENE2799_HUMAN","P51819","Protein GENE2799",0.065,1,0.310244,0.1845,0.5083,2,6,FALSE,FALSE,FALSE
"GENE0151","GENE0151_HUMAN","P98095","Protein GENE0151",-1.1021,0.099387,0.039754,1.1454,1.4006,3,2,FALSE,TRUE,TRUE
"GENE2741","GENE2741_HUMAN","P43842","Protein GENE2741",0.2991,0.362232,0.160488,0.1094,0.7946,5,4,FALSE,FALSE,FALSE
"GENE2058","GENE2058_HUMAN","P53485","Protein GENE2058",-0.4482,1,0.590561,0.092,0.2287,4,3,FALSE,FALSE,FALSE
"GENE2870","GENE2870_HUMAN","P22024","Protein GENE2870",-0.0325,1,0.842296,0,0.0745,3,5,FALSE,FALSE,FALSE
"GENE1513","GENE1513_HUMAN","P13977","Protein GENE1513",-0.7587,0.668041,0.305463,0.2371,0.515,2,3,TRUE,FALSE,FALSE
"GENE1547","GENE1547_HUMAN","P07759","Protein GENE1547",-0.1314,1,0.626215,0,0.2033,3,3,FALSE,TRUE,FALSE
"GENE0270","GENE0270_HUMAN","P70416","Protein GENE0270",-0.3932,0.675261,0.368126,0,0.434,4,4,FALSE,TRUE,FALSE
"GENE0462","GENE0462_HUMAN","P77333","Protein GENE0462",0.3964,0.317392,0.164016,0.1479,0.7851,3,4,FALSE,FALSE,FALSE
"GENE2319","GENE2319_HUMAN","P50348","Protein GENE2319",0.0817,0.579456,0.531278,0,0.2747,4,6,TRUE,TRUE,FALSE
"GENE2281","GENE2281_HUMAN","P85112","Protein GENE2281",-0.4096,1,0.900057,0,0.0457,4,2,TRUE,FALSE,FALSE
"GENE0933","GENE0933_HUMAN","P68965","Protein GENE0933",0.058,1,0.434922,0.2014,0.3616,2,5,FALSE,FALSE,FALSE
"GENE2247","GENE2247_HUMAN","P89507","Protein GENE2247",-0.0907,1,0.841846,0,0.0748,2,3,FALSE,FALSE,FALSE
"GENE1617","GENE1617_HUMAN","P38338","Protein GENE1617",0.1805,1,0.44105,0,0.3555,6,4,TRUE,FALSE,FALSE
"GENE1266","GENE1266_HUMAN","P84759","Protein GENE1266",-0.0353,1,0.465174,0,0.3324,6,5,FALSE,FALSE,FALSE
"GENE2713","GENE2713_HUMAN","P00085","Protein GENE2713",0.4749,1,0.954548,0,0.0202,4,5,FALSE,FALSE,FALSE
"GENE1920","GENE1920_HUMAN","P47857","Protein GENE1920",0.2401,1,0.912468,0,0.0398,2,2,FALSE,FALSE,FALSE
"GENE1752","GENE1752_HUMAN","P52146","Protein GENE1752",0.2255,0.646535,0.466155,0.0611,0.3315,6,4,TRUE,FALSE,FALSE
"GENE2869","GENE2869_HUMAN","P78431","Protein GENE2869",0.5608,1,0.859071,0,0.066,3,6,FALSE,FALSE,FALSE
"GENE0970","GENE0970_HUMAN","P82455","Protein GENE0970",0.3127,1,0.756038,0,0.1215,2,4,FALSE,FALSE,FALSE
"GENE0520","GENE0520_HUMAN","P66643","Protein GENE0520",0.6672,0.092011,0.032685,1.4484,1.4856,5,6,FALSE,FALSE,TRUE
"GENE2044","GENE2044_HUMAN","P87676","Protein GENE2044",-0.0143,1,0.549027,0.1933,0.2604,2,5,FALSE,FALSE,FALSE
"GENE1312","GENE1312_HUMAN","P80470","Protein GENE1312",-0.1897,1,0.386981,0,0.4123,4,3,FALSE,FALSE,FALSE
"GENE0176","GENE0176_HUMAN","P59269","Protein GENE0176",0.031,0.27489,0.082455,0.5858,1.0838,6,3,TRUE,FALSE,FALSE
"GENE2306","GENE2306_HUMAN","P46659","Protein GENE2306",-0.223,1,0.551186,0,0.2587,5,6,FALSE,FALSE,FALSE
"GENE2577","GENE2577_HUMAN","P77437","Protein GENE2577",-0.7635,1,0.357486,0.4331,0.4467,6,4,FALSE,FALSE,FALSE
"GENE0170","GENE0170_HUMAN","P53036","Protein GENE0170",-0.0376,0.451551,0.283763,0.0455,0.547,3,5,FALSE,FALSE,FALSE
"GENE2429","GENE2429_HUMAN","P00308","Protein GENE2429",0.1657,0.86982,0.177374,0.4026,0.7511,5,2,FALSE,FALSE,FALSE
"GENE0271","GENE0271_HUMAN","P13408","Protein GENE0271",0.3209,0.844399,0.470872,0,0.3271,4,5,FALSE,FALSE,FALSE
"GENE1620","GENE1620_HUMAN","P43403","Protein GENE1620",-0.3116,1,0.406439,0,0.391,6,3,TRUE,FALSE,FALSE
"GENE1247","GENE1247_HUMAN","P62620","Protein GENE1247",-0.3358,1,0.862284,0,0.0643,2,5,TRUE,FALSE,FALSE
"GENE1350","GENE1350_HUMAN","P80534","Protein GENE1350",0.6415,1,0.801645,0,0.096,2,3,FALSE,FALSE,FALSE
"GENE1299","GENE1299_HUMAN","P92803","Protein GENE1299",0.3984,1,0.794615,0,0.0998,2,3,FALSE,FALSE,FALSE
"GENE2106","GENE2106_HUMAN","P52878","Protein GENE2106",-0.1679,1,0.753625,0.0122,0.1228,3,3,FALSE,FALSE,FALSE
"GENE0266","GENE0266_HUMAN","P43279","Protein GENE0266",-0.2476,1,0.757295,0,0.1207,4,5,FALSE,FALSE,FALSE
"GENE0594","GENE0594_HUMAN","P61718","Protein GENE0594",0.3311,1,0.420727,0,0.376,5,6,FALSE,FALSE,FALSE
"GENE1874","GENE1874_HUMAN","P87362","Protein GENE1874",-0.1123,1,0.992791,0,0.0031,6,2,TRUE,FALSE,FALSE
"GENE2760","GENE2760_HUMAN","P48723","Protein GENE2760",-0.1023,1,0.442597,0,0.354,3,6,TRUE,FALSE,FALSE
"GENE1061","GENE1061_HUMAN","P23578","Protein GENE1061",0.3279,0.953229,0.409458,0.0883,0.3878,5,2,FALSE,FALSE,FALSE
"GENE0275","GENE0275_HUMAN","P60220","Protein GENE0275",-0.4827,0.265587,0.167033,0.1675,0.7772,2,2,FALSE,FALSE,FALSE
"GENE2036","GENE2036_HUMAN","P38934","Protein GENE2036",-0.2945,0.765229,0.158194,0.2898,0.8008,5,4,FALSE,FALSE,FALSE
"GENE2697","GENE2697_HUMAN","P26123","Protein GENE2697",-0.1812,0.529092,0.155343,0.3212,0.8087,6,3,FALSE,FALSE,FALSE
"GENE0781","GENE0781_HUMAN","P82641","Protein GENE0781",0.9302,0.627143,0.310623,0.1125,0.5078,3,5,FALSE,FALSE,FALSE
"GENE2179","GENE2179_HUMAN","P31471","Protein GENE2179",-0.5632,0.102324,0.081187,0.7098,1.0905,6,5,FALSE,FALSE,FALSE
"GENE2293","GENE2293_HUMAN","P98129","Protein GENE2293",-0.5374,1,0.904112,0,0.0438,3,2,FALSE,FALSE,FALSE
"GENE1583","GENE1583_HUMAN","P66360","Protein GENE1583",0.5396,0.379938,0.139733,0.4396,0.8547,2,4,FALSE,FALSE,FALSE
"GENE0144","GENE0144_HUMAN","P14590","Protein GENE0144",0.2446,1,0.54438,0,0.2641,3,3,FALSE,TRUE,FALSE
"GENE2372","GENE2372_HUMAN","P79005","Protein GENE2372",0.4447,0.915941,0.256612,0.2573,0.5907,2,4,FALSE,FALSE,FALSE
"GENE0578","GENE0578_HUMAN","P34581","Protein GENE0578",-0.432,0.890524,0.285527,0.2353,0.5444,4,6,TRUE,TRUE,FALSE
"GENE2849","GENE2849_HUMAN","P04418","Protein GENE2849",-0.7396,0.2626,0.194177,0.4113,0.7118,5,3,FALSE,FALSE,FALSE
"GENE2013","GENE2013_HUMAN","P29487","Protein GENE2013",-0.1811,1,0.985053,0,0.0065,4,3,FALSE,FALSE,FALSE
"GENE1562","GENE1562_HUMAN","P95732","Protein GENE1562",0.0915,0.985708,0.305637,0.0693,0.5148,3,3,FALSE,FALSE,FALSE
"GENE0258","GENE0258_HUMAN","P55249","Protein GENE0258",-0.0308,1,0.913273,0.0055,0.0394,5,3,FALSE,TRUE,FALSE
"GENE1094","GENE1094_HUMAN","P60273","Protein GENE1094",-2.673,0.041766,0.026502,1.1979,1.5767,5,2,FALSE,FALSE,TRUE
"GENE1756","GENE1756_HUMAN","P16858","Protein GENE1756",-0.8879,1,0.916543,0,0.0378,2,5,FALSE,FALSE,FALSE
"GENE0501","GENE0501_HUMAN","P64664","Protein GENE0501",0.1884,1,0.8665,0,0.0622,4,3,TRUE,FALSE,FALSE
"GENE0564","GENE0564_HUMAN","P19679","Protein GENE0564",-0.4172,0.713379,0.276737,0.48,0.5579,5,4,FALSE,FALSE,FALSE
"GENE2005","GENE2005_HUMAN","P82986","Protein GENE2005",0.24,0.324931,0.151719,0.2947,0.819,5,6,FALSE,FALSE,FALSE
"GENE0797","GENE0797_HUMAN","P11204","Protein GENE0797",-0.4982,1,0.533588,0,0.2728,5,3,FALSE,FALSE,FALSE
"GENE2287","GENE2287_HUMAN","P21035","Protein GENE2287",0.3886,1,0.595089,0,0.2254,3,6,TRUE,FALSE,FALSE
"GENE0198","GENE0198_HUMAN","P06512","Protein GENE0198",0.1223,1,0.546694,0,0.2623,2,6,FALSE,FALSE,FALSE
"GENE0438","GENE0438_HUMAN","P32002","Protein GENE0438",0.4363,0.903297,0.314262,0,0.5027,6,4,TRUE,FALSE,FALSE
"GENE2207","GENE2207_HUMAN","P28247","Protein GENE2207",0.4279,0.315361,0.172063,0.0835,0.7643,4,6,FALSE,FALSE,FALSE
"GENE0240","GENE0240_HUMAN","P78803","Protein GENE0240",-0.0075,1,0.681325,0,0.1666,2,3,FALSE,FALSE,FALSE
"GENE2480","GENE2480_HUMAN","P97265","Protein GENE2480",-0.3657,0.947626,0.274916,0.1124,0.5608,5,6,FALSE,FALSE,FALSE
"GENE1173","GENE1173_HUMAN","P77370","Protein GENE1173",1.3195,0.096668,0.030486,0.9457,1.5159,3,4,FALSE,FALSE,TRUE
"GENE0598","GENE0598_HUMAN","P98211","Protein GENE0598",1.4444,0.048201,0.033631,1.0422,1.4733,4,2,FALSE,TRUE,TRUE
"GENE0958","GENE0958_HUMAN","P59962","Protein GENE0958",0.9095,1,0.823873,0.0106,0.0841,5,5,FALSE,FALSE,FALSE
"GENE0257","GENE0257_HUMAN","P77632","Protein GENE0257",-0.0815,1,0.874394,0,0.0583,3,6,FALSE,TRUE,FALSE
"GENE1381","GENE1381_HUMAN","P78078","Protein GENE1381",-2.5855,0.010456,0.004208,1.7682,2.3759,6,6,FALSE,FALSE,TRUE
"GENE0935","GENE0935_HUMAN","P27503","Protein GENE0935",0.1189,0.27607,0.068604,0.7217,1.1637,5,4,FALSE,FALSE,FALSE
"GENE1528","GENE1528_HUMAN","P18456","Protein GENE1528",3.4216,0.003298,0.000682,2.9045,3.1659,6,4,FALSE,FALSE,TRUE
"GENE2588","GENE2588_HUMAN","P13879","Protein GENE2588",0.4356,1,0.580619,0,0.2361,2,4,FALSE,FALSE,FALSE
"GENE0405","GENE0405_HUMAN","P76742","Protein GENE0405",0.1011,0.333344,0.320221,0.1196,0.4946,6,5,FALSE,FALSE,FALSE
"GENE2890","GENE2890_HUMAN","P63363","Protein GENE2890",-0.2439,0.71162,0.699124,0,0.1554,3,4,FALSE,FALSE,FALSE
"GENE1307","GENE1307_HUMAN","P40621","Protein GENE1307",-0.1393,1,0.22166,0.5016,0.6543,4,3,FALSE,FALSE,FALSE
"GENE2248","GENE2248_HUMAN","P41044","Protein GENE2248",0.6249,1,0.926425,0,0.0332,2,5,FALSE,FALSE,FALSE
"GENE2224","GENE2224_HUMAN","P04862","Protein GENE2224",0.1109,1,0.652611,0,0.1853,3,5,FALSE,FALSE,FALSE
"GENE1398","GENE1398_HUMAN","P38534","Protein GENE1398",-0.5238,1,0.642104,0,0.1924,4,6,TRUE,TRUE,FALSE
"GENE1577","GENE1577_HUMAN","P53627","Protein GENE1577",0.276,1,0.419774,0.1693,0.377,4,5,FALSE,FALSE,FALSE
"GENE1468","GENE1468_HUMAN","P10045","Protein GENE1468",0.1997,0.095255,0.064622,0.634,1.1896,2,2,FALSE,FALSE,FALSE
"GENE2472","GENE2472_HUMAN","P92859","Protein GENE2472",-0.2032,1,0.523429,0.1371,0.2811,3,4,FALSE,TRUE,FALSE
"GENE0817","GENE0817_HUMAN","P70047","Protein GENE0817",-0.1936,0.714857,0.240146,0.5618,0.6195,2,3,FALSE,FALSE,FALSE
"GENE0796","GENE0796_HUMAN","P68027","Protein GENE0796",0.2878,0.642217,0.515187,0,0.288,3,3,FALSE,FALSE,FALSE
"GENE0615","GENE0615_HUMAN","P35878","Protein GENE0615",0.5342,0.64882,0.638154,0,0.1951,5,6,FALSE,FALSE,FALSE
"GENE2789","GENE2789_HUMAN","P98679","Protein GENE2789",0.3248,0.316646,0.292639,0.0202,0.5337,4,5,FALSE,FALSE,FALSE
"GENE0785","GENE0785_HUMAN","P38131","Protein GENE0785",0.2477,1,0.623292,0.1907,0.2053,5,4,FALSE,FALSE,FALSE
"GENE0842","GENE0842_HUMAN","P06796","Protein GENE0842",-0.0764,1,0.52131,0.0661,0.2829,5,6,FALSE,FALSE,FALSE
"GENE1966","GENE1966_HUMAN","P64497","Protein GENE1966",0.2259,0.534689,0.112183,0.5028,0.9501,6,4,FALSE,FALSE,FALSE
"GENE0548","GENE0548_HUMAN","P36027","Protein GENE0548",-0.2856,1,0.760569,0,0.1189,5,4,FALSE,FALSE,FALSE
"GENE0035","GENE0035_HUMAN","P97426","Protein GENE0035",0.0607,1,0.589412,0,0.2296,3,3,FALSE,FALSE,FALSE
"GENE0201","GENE0201_HUMAN","P74617","Protein GENE0201",0.2939,1,0.49139,0,0.3086,2,3,TRUE,FALSE,FALSE
"GENE1248","GENE1248_HUMAN","P92552","Protein GENE1248",0.2893,0.81219,0.384386,0,0.4152,5,4,FALSE,FALSE,FALSE
"GENE0316","GENE0316_HUMAN","P43363","Protein GENE0316",0.1469,1,0.622495,0,0.2059,3,2,FALSE,FALSE,FALSE
"GENE1538","GENE1538_HUMAN","P35900","Protein GENE1538",0.3128,1,0.82006,0,0.0862,4,2,FALSE,FALSE,FALSE
"GENE1899","GENE1899_HUMAN","P94552","Protein GENE1899",0.532,1,0.684977,0,0.1643,6,6,FALSE,FALSE,FALSE
"GENE2098","GENE2098_HUMAN","P52942","Protein GENE2098",-0.0348,0.494437,0.143786,0.2698,0.8423,6,4,FALSE,FALSE,FALSE
"GENE1871","GENE1871_HUMAN","P22369","Protein GENE1871",0.1736,0.836237,0.491814,0,0.3082,4,4,FALSE,FALSE,FALSE
"GENE2177","GENE2177_HUMAN","P78911","Protein GENE2177",0.787,1,0.969724,0,0.0134,3,3,FALSE,FALSE,FALSE
"GENE0811","GENE0811_HUMAN","P17767","Protein GENE0811",-0.4591,1,0.867218,0,0.0619,3,4,FALSE,FALSE,FALSE
"GENE1863","GENE1863_HUMAN","P91853","Protein GENE1863",0.362,0.250347,0.239921,0.2194,0.6199,6,5,FALSE,FALSE,FALSE
"GENE2737","GENE2737_HUMAN","P33159","Protein GENE2737",-0.2599,1,0.359886,0,0.4438,2,5,FALSE,FALSE,FALSE
"GENE0896","GENE0896_HUMAN","P44873","Protein GENE0896",-0.1999,1,0.642756,0,0.192,3,4,FALSE,FALSE,FALSE
"GENE2325","GENE2325_HUMAN","P83770","Protein GENE2325",0.7926,1,0.870595,0,0.0602,4,5,FALSE,FALSE,FALSE
"GENE1677","GENE1677_HUMAN","P83765","Protein GENE1677",-0.0469,1,0.851706,0,0.0697,5,3,FALSE,FALSE,FALSE
"GENE2004","GENE2004_HUMAN","P99954","Protein GENE2004",-0.4511,0.717583,0.148632,0.2528,0.8279,6,2,FALSE,FALSE,FALSE
"GENE2159","GENE2159_HUMAN","P50141","Protein GENE2159",0.2273,0.992615,0.537466,0.12,0.2696,5,3,FALSE,FALSE,FALSE
"GENE0657","GENE0657_HUMAN","P44111","Protein GENE0657",-0.1353,0.92996,0.673285,0,0.1718,3,4,FALSE,FALSE,FALSE
"GENE2553","GENE2553_HUMAN","P27204","Protein GENE2553",-0.1858,0.23667,0.12368,0.4903,0.9077,6,3,FALSE,FALSE,FALSE
"NEK9","NEK9_HUMAN","P40123","Protein NEK9",0.4232,0.143075,0.066527,0.8575,1.177,6,4,TRUE,FALSE,FALSE
"GENE1232","GENE1232_HUMAN","P99237","Protein GENE1232",-0.129,1,0.825486,0,0.0833,3,3,FALSE,FALSE,FALSE
"GENE1130","GENE1130_HUMAN","P28962","Protein GENE1130",0.7548,0.691497,0.469525,0,0.3283,6,3,FALSE,FALSE,FALSE
"GENE0989","GENE0989_HUMAN","P95233","Protein GENE0989",-0.5347,1,0.480163,0.0521,0.3186,4,3,FALSE,FALSE,FALSE
"GENE0330","GENE0330_HUMAN","P94206","Protein GENE0330",-0.1368,1,0.46702,0.0779,0.3307,2,4,TRUE,FALSE,FALSE
"GENE0095","GENE0095_HUMAN","P18308","Protein GENE0095",-0.8718,1,0.314535,0,0.5023,4,6,FALSE,FALSE,FALSE
"GENE0493","GENE0493_HUMAN","P54764","Protein GENE0493",-3.7223,0.224775,0.045799,1.0445,1.3391,5,5,FALSE,FALSE,TRUE
"GENE0215","GENE0215_HUMAN","P47103","Protein GENE0215",0.1234,1,0.71053,0.0539,0.1484,5,6,FALSE,TRUE,FALSE
"GENE1646","GENE1646_HUMAN","P64912","Protein GENE1646",0.2369,0.526022,0.186855,0.4583,0.7285,2,3,FALSE,FALSE,FALSE
"GENE2476","GENE2476_HUMAN","P82886","Protein GENE2476",-0.4842,1,0.70505,0,0.1518,2,5,FALSE,FALSE,FALSE
"GENE0801","GENE0801_HUMAN","P75516","Protein GENE0801",-0.4122,0.26246,0.133282,0.1862,0.8752,5,4,FALSE,FALSE,FALSE
"GENE1114","GENE1114_HUMAN","P93947","Protein GENE1114",-0.1695,0.866522,0.281621,0,0.5503,5,6,FALSE,FALSE,FALSE
"GENE2634","GENE2634_HUMAN","P41101","Protein GENE2634",0.5666,1,0.622626,0,0.2058,4,2,FALSE,FALSE,FALSE
"GENE1425","GENE1425_HUMAN","P26412","Protein GENE1425",0.0416,1,0.595128,0,0.2254,2,5,FALSE,FALSE,FALSE
"GENE0125","GENE0125_HUMAN","P49112","Protein GENE0125",0.2168,1,0.513328,0,0.2896,6,5,FALSE,FALSE,FALSE
"GENE0558","GENE0558_HUMAN","P97546","Protein GENE0558",-0.0503,1,0.50938,0,0.293,6,2,FALSE,FALSE,FALSE
"GENE2539","GENE2539_HUMAN","P29347","Protein GENE2539",0.3578,0.93054,0.207455,0.0124,0.6831,2,3,FALSE,FALSE,FALSE
"GENE0671","GENE0671_HUMAN","P65258","Protein GENE0671",0.1856,0.461391,0.344936,0.0858,0.4623,6,4,FALSE,FALSE,FALSE
"GENE0895","GENE0895_HUMAN","P27891","Protein GENE0895",0.1191,1,0.694947,0,0.158,4,3,FALSE,TRUE,FALSE
"GENE1392","GENE1392_HUMAN","P73253","Protein GENE1392",0.119,1,0.881935,0,0.0546,3,4,FALSE,FALSE,FALSE
"GENE0298","GENE0298_HUMAN","P88574","Protein GENE0298",-3.9158,0.036902,0.016155,1.2369,1.7917,3,5,FALSE,FALSE,TRUE
"GENE1666","GENE1666_HUMAN","P64879","Protein GENE1666",0.0733,0.166375,0.145651,0.4859,0.8367,4,6,FALSE,FALSE,FALSE
"GENE0731","GENE0731_HUMAN","P52147","Protein GENE0731",0.7022,0.682738,0.200931,0.6622,0.697,4,3,FALSE,FALSE,FALSE
"GENE0487","GENE0487_HUMAN","P78274","Protein GENE0487",-3.8919,0.055391,0.043236,1.2138,1.3642,3,3,FALSE,FALSE,TRUE
"GENE2020","GENE2020_HUMAN","P88693","Protein GENE2020",-0.3462,1,0.6998,0,0.155,3,3,FALSE,FALSE,FALSE
"GENE1462","GENE1462_HUMAN","P31518","Protein GENE1462",0.3224,0.82051,0.196765,0.2801,0.7061,5,2,FALSE,FALSE,FALSE
"GENE2170","GENE2170_HUMAN","P20203","Protein GENE2170",0.0098,1,0.709856,0,0.1488,4,5,TRUE,FALSE,FALSE
"GENE2504","GENE2504_HUMAN","P40185","Protein GENE2504",0.2642,0.313444,0.27283,0.2379,0.5641,6,4,FALSE,FALSE,FALSE
"GENE1481","GENE1481_HUMAN","P66790","Protein GENE1481",-0.0151,1,0.39444,0,0.404,3,6,FALSE,FALSE,FALSE
"GENE2489","GENE2489_HUMAN","P96962","Protein GENE2489",0.3356,0.415473,0.106091,0.3893,0.9743,3,3,FALSE,FALSE,FALSE
"GENE1328","GENE1328_HUMAN","P62108","Protein GENE1328",-0.2758,1,0.582424,0,0.2348,5,6,FALSE,FALSE,FALSE
"GENE0214","GENE0214_HUMAN","P69057","Protein GENE0214",-0.6542,1,0.949339,0,0.0226,3,5,FALSE,FALSE,FALSE
"GENE1024","GENE1024_HUMAN","P19865","Protein GENE1024",0.0567,1,0.841661,0,0.0749,6,4,FALSE,FALSE,FALSE
"GENE1549","GENE1549_HUMAN","P40468","Protein GENE1549",0.2488,0.446099,0.38758,0,0.4116,5,3,FALSE,FALSE,FALSE
"GENE0416","GENE0416_HUMAN","P97086","Protein GENE0416",-0.2063,0.224098,0.098403,0.566,1.007,2,3,FALSE,FALSE,FALSE
"GENE0997","GENE0997_HUMAN","P95610","Protein GENE0997",-3.4341,0.128674,0.040362,1.2478,1.394,3,4,FALSE,FALSE,TRUE
"GENE0778","GENE0778_HUMAN","P58934","Protein GENE0778",-0.2421,1,0.403329,0,0.3943,3,6,FALSE,FALSE,FALSE
"GENE2627","GENE2627_HUMAN","P11499","Protein GENE2627",0.3426,0.500493,0.286187,0.1376,0.5434,5,4,FALSE,FALSE,FALSE
"GENE1158","GENE1158_HUMAN","P41793","Protein GENE1158",-0.3248,0.357415,0.134968,0.2038,0.8698,4,5,FALSE,FALSE,FALSE
"GENE0414","GENE0414_HUMAN","P57261","Protein GENE0414",0.5043,0.012275,0.007508,1.547,2.1245,3,2,FALSE,FALSE,TRUE
"GENE1610","GENE1610_HUMAN","P32554","Protein GENE1610",0.1197,0.429214,0.245258,0.2799,0.6104,4,5,FALSE,FALSE,FALSE
"GENE1100","GENE1100_HUMAN","P57627","Protein GENE1100",0.5412,0.475456,0.132715,0.3592,0.8771,6,5,FALSE,TRUE,FALSE
"GENE2656","GENE2656_HUMAN","P84019","Protein GENE2656",0.0158,0.763766,0.340651,0,0.4677,2,5,FALSE,FALSE,FALSE
"GPKOW","GPKOW_HUMAN","P10842","Protein GPKOW",-2.3046,0.058789,0.020306,1.6858,1.6924,3,4,FALSE,FALSE,TRUE
"GENE1724","GENE1724_HUMAN","P78047","Protein GENE1724",-2.5612,0.091756,0.040593,0.8731,1.3916,4,2,FALSE,FALSE,TRUE
"GENE1614","GENE1614_HUMAN","P20794","Protein GENE1614",0.3368,0.710296,0.312533,0,0.5051,6,4,TRUE,FALSE,FALSE
"GENE2171","GENE2171_HUMAN","P51679","Protein GENE2171",0.0117,1,0.866322,0,0.0623,6,2,FALSE,FALSE,FALSE
"GENE2455","GENE2455_HUMAN","P97950","Protein GENE2455",0.2791,1,0.494936,0,0.3055,4,3,FALSE,FALSE,FALSE
"GENE0996","GENE0996_HUMAN","P06720","Protein GENE0996",-0.2688,1,0.471737,0,0.3263,6,3,FALSE,FALSE,FALSE
"GENE0286","GENE0286_HUMAN","P09109","Protein GENE0286",0.0367,0.762223,0.536878,0,0.2701,5,2,FALSE,FALSE,FALSE
"GENE2422","GENE2422_HUMAN","P12262","Protein GENE2422",-0.1342,1,0.437598,0,0.3589,2,4,TRUE,FALSE,FALSE
"GENE2388","GENE2388_HUMAN","P11613","Protein GENE2388",0.2978,1,0.438991,0,0.3575,4,6,FALSE,FALSE,FALSE
"GENE1336","GENE1336_HUMAN","P10797","Protein GENE1336",0.5861,0.222722,0.127772,0.5331,0.8936,3,5,FALSE,FALSE,FALSE
"GENE1729","GENE1729_HUMAN","P32147","Protein GENE1729",0.6177,1,0.902569,0,0.0445,4,4,FALSE,FALSE,FALSE
"GENE0341","GENE0341_HUMAN","P98226","Protein GENE0341",0.3056,0.168134,0.119122,0.8745,0.924,6,2,FALSE,FALSE,FALSE
"GENE2288","GENE2288_HUMAN","P81269","Protein GENE2288",0.0732,0.504817,0.105464,0.524,0.9769,2,2,FALSE,FALSE,FALSE
"GENE2481","GENE2481_HUMAN","P29339","Protein GENE2481",-0.395,1,0.624771,0,0.2043,6,5,FALSE,FALSE,FALSE
"GENE1386","GENE1386_HUMAN","P37678","Protein GENE1386",0.1518,1,0.484865,0.0067,0.3144,3,4,FALSE,TRUE,FALSE
"TRIP4","TRIP4_HUMAN","P36494","Protein TRIP4",0.4895,0.006265,0.00225,2.0551,2.6478,4,3,TRUE,FALSE,FALSE
"GENE0608","GENE0608_HUMAN","P78434","Protein GENE0608",0.5699,0.685907,0.181185,0.3424,0.7419,3,2,FALSE,FALSE,FALSE
"GENE2470","GENE2470_HUMAN","P45949","Protein GENE2470",0.0301,1,0.697699,0,0.1563,3,3,FALSE,FALSE,FALSE
"GENE0325","GENE0325_HUMAN","P51173","Protein GENE0325",-0.4518,1,0.547617,0.0348,0.2615,5,4,FALSE,FALSE,FALSE
"GENE2160","GENE2160_HUMAN","P18249","Protein GENE2160",-0.8786,0.131138,0.129647,0.2007,0.8872,2,6,FALSE,FALSE,FALSE
"GENE0612","GENE0612_HUMAN","P76181","Protein GENE0612",0.3954,0.70878,0.332656,0.1649,0.478,3,6,FALSE,FALSE,FALSE
"GENE0026","GENE0026_HUMAN","P51135","Protein GENE0026",-0.1877,0.553481,0.150469,0.3212,0.8226,3,5,FALSE,TRUE,FALSE
"GENE2548","GENE2548_HUMAN","P16206","Protein GENE2548",-0.3736,1,0.751914,0,0.1238,4,6,FALSE,FALSE,FALSE
"GENE2217","GENE2217_HUMAN","P77652","Protein GENE2217",0.2786,1,0.966144,0,0.015,3,4,FALSE,FALSE,FALSE
"GENE0708","GENE0708_HUMAN","P26029","Protein GENE0708",0.2761,1,0.928055,0,0.0324,3,5,FALSE,TRUE,FALSE
"GENE1799","GENE1799_HUMAN","P58000","Protein GENE1799",0.1106,1,0.574785,0,0.2405,6,2,TRUE,FALSE,FALSE
"GENE0440","GENE0440_HUMAN","P25834","Protein GENE0440",-0.2552,1,0.860084,0,0.0655,5,4,FALSE,FALSE,FALSE
"GENE1965","GENE1965_HUMAN","P84135","Protein GENE1965",0.3009,0.82915,0.318831,0,0.4964,3,3,FALSE,FALSE,FALSE
"SUGP2","SUGP2_HUMAN","P37724","Protein SUGP2",-0.2184,1,0.947785,0,0.0233,2,5,FALSE,FALSE,FALSE
"GENE0776","GENE0776_HUMAN","P22457","Protein GENE0776",-0.4859,1,0.553922,0,0.2566,6,4,TRUE,FALSE,FALSE
"GENE1931","GENE1931_HUMAN","P01668","Protein GENE1931",-0.3912,0.251114,0.225086,0.1166,0.6477,5,3,FALSE,FALSE,FALSE
"GENE2479","GENE2479_HUMAN","P41110","Protein GENE2479",-0.433,0.663708,0.167023,0.4589,0.7772,6,5,TRUE,FALSE,FALSE
"GENE1783","GENE1783_HUMAN","P60149","Protein GENE1783",-0.4747,0.821855,0.486556,0,0.3129,4,3,FALSE,FALSE,FALSE
"NEK1","NEK1_HUMAN","P70222","Protein NEK1",1.9156,0.085074,0.034351,1.1105,1.4641,5,2,FALSE,TRUE,TRUE
"GENE2239","GENE2239_HUMAN","P48516","Protein GENE2239",0.1368,0.348749,0.116141,0.7279,0.935,5,2,FALSE,FALSE,FALSE
"GENE1396","GENE1396_HUMAN","P73815","Protein GENE1396",0.5027,0.00139,0.001285,2.643,2.891,3,4,FALSE,FALSE,TRUE
"GENE1264","GENE1264_HUMAN","P20946","Protein GENE1264",-0.1715,1,0.423508,0,0.3731,4,3,FALSE,FALSE,FALSE
"GENE2793","GENE2793_HUMAN","P49821","Protein GENE2793",0.2018,1,0.794564,0,0.0999,6,4,FALSE,FALSE,FALSE
"GENE1401","GENE1401_HUMAN","P00685","Protein GENE1401",0.4194,0.425652,0.127214,0.3726,0.8955,4,4,FALSE,FALSE,FALSE
"GENE1991","GENE1991_HUMAN","P15215","Protein GENE1991",-0.6705,1,0.247231,0.3107,0.6069,5,6,FALSE,FALSE,FALSE
"GENE1754","GENE1754_HUMAN","P18161","Protein GENE1754",0.5338,0.880596,0.182722,0.5541,0.7382,2,2,FALSE,FALSE,FALSE
"GENE1126","GENE1126_HUMAN","P30002","Protein GENE1126",0.2959,0.900559,0.750549,0,0.1246,2,5,FALSE,FALSE,FALSE
"GENE1674","GENE1674_HUMAN","P76234","Protein GENE1674",-3.2704,0.108744,0.036842,0.7674,1.4337,6,4,FALSE,FALSE,TRUE
"GENE1719","GENE1719_HUMAN","P24387","Protein GENE1719",0.0018,1,0.889998,0,0.0506,6,6,FALSE,FALSE,FALSE
"GENE0377","GENE0377_HUMAN","P39364","Protein GENE0377",0.1105,0.28268,0.066109,1.1131,1.1797,3,6,FALSE,FALSE,FALSE
"GENE2426","GENE2426_HUMAN","P31466","Protein GENE2426",0.6514,0.687903,0.675701,0,0.1702,5,4,FALSE,FALSE,FALSE
"GENE1737","GENE1737_HUMAN","P77048","Protein GENE1737",-0.7183,0.668441,0.170057,0.4425,0.7694,6,4,FALSE,FALSE,FALSE
"GENE1605","GENE1605_HUMAN","P06384","Protein GENE1605",-4.1856,0.11597,0.039645,0.8072,1.4018,5,5,FALSE,FALSE,TRUE
"GENE2233","GENE2233_HUMAN","P20540","Protein GENE2233",0.2449,0.518408,0.294735,0.1542,0.5306,2,4,FALSE,FALSE,FALSE
"GENE1448","GENE1448_HUMAN","P47910","Protein GENE1448",-0.107,1,0.866695,0,0.0621,5,4,FALSE,FALSE,FALSE
"GENE2131","GENE2131_HUMAN","P29076","Protein GENE2131",0.8037,1,0.480671,0,0.3182,3,2,TRUE,FALSE,FALSE
"GENE0424","GENE0424_HUMAN","P40355","Protein GENE0424",-0.5825,0.502904,0.197078,0.3221,0.7054,3,6,FALSE,FALSE,FALSE
"GENE2540","GENE2540_HUMAN","P08745","Protein GENE2540",-0.0157,1,0.327824,0,0.4844,4,4,FALSE,FALSE,FALSE
"GENE1893","GENE1893_HUMAN","P15926","Protein GENE1893",0.1086,1,0.574657,0.0362,0.2406,3,6,FALSE,FALSE,FALSE
"GENE1345","GENE1345_HUMAN","P83779","Protein GENE1345",-0.5181,0.338526,0.180996,0.0665,0.7423,5,6,TRUE,TRUE,FALSE
"GENE1839","GENE1839_HUMAN","P21150","Protein GENE1839",-0.3772,0.616758,0.596981,0,0.224,6,4,FALSE,TRUE,FALSE
"GENE2602","GENE2602_HUMAN","P23909","Protein GENE2602",0.099,0.764183,0.278131,0.0302,0.5558,5,3,FALSE,TRUE,FALSE
"GENE0606","GENE0606_HUMAN","P12442","Protein GENE0606",-0.381,1,0.619706,0.0763,0.2078,3,4,FALSE,FALSE,FALSE
"GENE0024","GENE0024_HUMAN","P84361","Protein GENE0024",0.4156,1,0.984614,0,0.0067,2,4,FALSE,FALSE,FALSE
