"Gene","Entry.Name","UniProt.ID","Description","logFC","P.Val","adj.P.Val","log.P.Val","log.adj.P.Val","n_data_points_BK516_Ctrl","n_data_points_BK516_Cflag","imputed_BK516_Cflag","imputed_BK516_Ctrl","is_significant"
"GENE2749","GENE2749_HUMAN","P48471","Protein GENE2749",0.1364,1,0.69813,0,0.1561,5,3,FALSE,FALSE,FALSE
"GENE0668","GENE0668_HUMAN","P37403","Protein GENE0668",0.2779,1,0.988547,0,0.005,6,5,FALSE,TRUE,FALSE
"GENE2771","GENE2771_HUMAN","P42104","Protein GENE2771",-0.1647,1,0.396557,0,0.4017,4,5,FALSE,FALSE,FALSE
"GENE0244","GENE0244_HUMAN","P54225","Protein GENE0244",0.1925,1,0.897852,0,0.0468,4,5,TRUE,FALSE,FALSE
"GENE1090","GENE1090_HUMAN","P23840","Protein GENE1090",0.191,0.58323,0.207546,0.2104,0.6829,2,4,FALSE,FALSE,FALSE
"GENE1463","GENE1463_HUMAN","P02885","Protein GENE1463",-2.7999,0.000772,0.000649,2.8799,3.1877,2,5,FALSE,FALSE,TRUE
"GENE0293","GENE0293_HUMAN","P32606","Protein GENE0293",0.4493,1,0.654545,0,0.1841,3,5,FALSE,FALSE,FALSE
"GENE0564","GENE0564_HUMAN","P41266","Protein GENE0564",-0.2153,1,0.507722,0,0.2944,6,3,TRUE,FALSE,FALSE
"GENE0411","GENE0411_HUMAN","P91143","Protein GENE0411",-0.2777,0.670482,0.33982,0.0713,0.4688,6,5,FALSE,FALSE,FALSE
"GENE0153","GENE0153_HUMAN","P71473","Protein GENE0153",-0.3184,1,0.667238,0,0.1757,4,6,FALSE,FALSE,FALSE
"GENE0365","GENE0365_HUMAN","P75294","Protein GENE0365",0.5551,1,0.976346,0,0.0104,3,4,FALSE,FALSE,FALSE
"GENE1417","GENE1417_HUMAN","P34722","Protein GENE1417",-0.2531,0.299065,0.164023,0.5457,0.7851,6,3,FALSE,TRUE,FALSE
"GENE1676","GENE1676_HUMAN","P77320","Protein GENE1676",-0.2331,1,0.652777,0,0.1852,4,2,FALSE,FALSE,FALSE
"GENE1631","GENE1631_HUMAN","P76831","Protein GENE1631",0.0319,0.824368,0.546757,0,0.2622,4,3,FALSE,FALSE,FALSE
"GENE2794","GENE2794_HUMAN","P84060","Protein GENE2794",0.029,1,0.570394,0,0.2438,3,4,FALSE,FALSE,FALSE
"GENE1130","GENE1130_HUMAN","P50015","Protein GENE1130",0.567,1,0.849924,0,0.0706,3,6,FALSE,FALSE,FALSE
"GENE2166","GENE2166_HUMAN","P06315","Protein GENE2166",-0.0507,1,0.972561,0,0.0121,6,5,FALSE,FALSE,FALSE
"GENE1734","GENE1734_HUMAN","P36848","Protein GENE1734",-0.1679,1,0.545807,0,0.263,2,2,FALSE,FALSE,FALSE
"GENE1706","GENE1706_HUMAN","P88719","Protein GENE1706",0.1595,1,0.463894,0,0.3336,4,3,FALSE,TRUE,FALSE
"GENE2050","GENE2050_HUMAN","P35648","Protein GENE2050",-0.4066,0.495431,0.231363,0.1857,0.6357,2,6,FALSE,FALSE,FALSE
"GENE0641","GENE0641_HUMAN","P36095","Protein GENE0641",0.3229,1,0.781893,0,0.1069,2,5,FALSE,FALSE,FALSE
"PKN3","PKN3_HUMAN","P62540","Protein PKN3",-0.1114,1,0.367158,0,0.4351,3,2,FALSE,FALSE,FALSE
"GENE2573","GENE2573_HUMAN","P53725","Protein GENE2573",0.0015,1,0.619445,0,0.208,4,2,TRUE,FALSE,FALSE
"GENE0192","GENE0192_HUMAN","P64237","Protein GENE0192",-0.3259,1,0.873908,0,0.0585,4,6,FALSE,FALSE,FALSE
"GENE2020","GENE2020_HUMAN","P05120","Protein GENE2020",2.6315,0.018752,0.006023,1.5683,2.2202,3,3,TRUE,FALSE,TRUE
"GENE0080","GENE0080_HUMAN","P62909","Protein GENE0080",0.4992,0.608042,0.549052,0.1241,0.2604,5,5,TRUE,FALSE,FALSE
"GENE1723","GENE1723_HUMAN","P57627","Protein GENE1723",0.4515,0.623044,0.147483,0.5245,0.8313,2,2,FALSE,FALSE,FALSE
"GENE2650","GENE2650_HUMAN","P43606","Protein GENE2650",1.8188,0.081302,0.019814,1.6403,1.703,3,4,FALSE,TRUE,TRUE
"SUGP1","SUGP1_HUMAN","P60166","Protein SUGP1",-0.4468,1,0.544505,0,0.264,6,3,FALSE,FALSE,FALSE
"GENE1584","GENE1584_HUMAN","P65556","Protein GENE1584",0.1982,0.754028,0.384793,0,0.4148,2,4,FALSE,FALSE,FALSE
"GENE1842","GENE1842_HUMAN","P89348","Protein GENE1842",0.1244,1,0.60609,0.1334,0.2175,3,3,FALSE,FALSE,FALSE
"GENE1293","GENE1293_HUMAN","P94940","Protein GENE1293",-0.034,0.988157,0.209504,0.2362,0.6788,6,5,FALSE,FALSE,FALSE
"GENE2228","GENE2228_HUMAN","P40516","Protein GENE2228",3.8252,0.047531,0.013586,1.3458,1.8669,2,6,FALSE,FALSE,TRUE
"GENE0518","GENE0518_HUMAN","P52100","Protein GENE0518",0.0011,1,0.808085,0,0.0925,5,4,FALSE,FALSE,FALSE
"GENE1873","GENE1873_HUMAN","P68855","Protein GENE1873",0.8666,1,0.880196,0,0.0554,5,2,TRUE,FALSE,FALSE
"GENE0145","GENE0145_HUMAN","P01771","Protein GENE0145",-0.2428,1,0.656468,0,0.1828,4,6,TRUE,FALSE,FALSE
"GENE1573","GENE1573_HUMAN","P63750","Protein GENE1573",-0.0624,1,0.650523,0,0.1867,2,4,FALSE,FALSE,FALSE
"GENE2316","GENE2316_HUMAN","P69454","Protein GENE2316",-0.5464,0.92112,0.533437,0,0.2729,4,5,FALSE,FALSE,FALSE
"GENE2496","GENE2496_HUMAN","P20725","Protein GENE2496",0.9013,0.243446,0.236097,0.3349,0.6269,2,5,FALSE,FALSE,FALSE
"GENE1222","GENE1222_HUMAN","P71439","Protein GENE1222",0.3137,1,0.8758,0,0.0576,5,2,FALSE,TRUE,FALSE
"GENE0580","GENE0580_HUMAN","P66189","Protein GENE0580",-0.4441,1,0.928991,0,0.032,5,3,FALSE,FALSE,FALSE
"GENE2265","GENE2265_HUMAN","P24198","Protein GENE2265",0.0404,1,0.752537,0,0.1235,3,5,FALSE,FALSE,FALSE
"GENE0476","GENE0476_HUMAN","P55573","Protein GENE0476",0.6945,0.783295,0.745362,0,0.1276,4,6,FALSE,FALSE,FALSE
"GENE0909","GENE0909_HUMAN","P28098","Protein GENE0909",0.1606,1,0.700423,0,0.1546,2,2,FALSE,FALSE,FALSE
"GENE2274","GENE2274_HUMAN","P53777","Protein GENE2274",-0.272,0.426391,0.378424,0,0.422,4,3,FALSE,FALSE,FALSE
"GENE1328","GENE1328_HUMAN","P56291","Protein GENE1328",3.5041,0.118158,0.034563,0.7633,1.4614,2,5,FALSE,FALSE,TRUE
"GENE0630","GENE0630_HUMAN","P06275","Protein GENE0630",-0.0956,1,0.401272,0,0.3966,3,5,FALSE,TRUE,FALSE
"GENE0031","GENE0031_HUMAN","P40160","Protein GENE0031",0.1777,0.522266,0.434147,0,0.3624,5,2,FALSE,FALSE,FALSE
"GENE1064","GENE1064_HUMAN","P80746","Protein GENE1064",2.3975,0.13333,0.029235,0.9335,1.5341,6,5,FALSE,FALSE,TRUE
"GENE0892","GENE0892_HUMAN","P49572","Protein GENE0892",0.7523,1,0.838863,0,0.0763,2,3,FALSE,FALSE,FALSE
"GENE2429","GENE2429_HUMAN","P62676","Protein GENE2429",-0.3492,1,0.532268,0.1233,0.2739,3,3,FALSE,FALSE,FALSE
"GENE2818","GENE2818_HUMAN","P39455","Protein GENE2818",0.8762,1,0.464123,0,0.3334,2,4,FALSE,FALSE,FALSE
"GENE0457","GENE0457_HUMAN","P76928","Protein GENE0457",0.1782,1,0.460661,0,0.3366,3,2,FALSE,TRUE,FALSE
"GENE2370","GENE2370_HUMAN","P07384","Protein GENE2370",2.571,0.127998,0.043221,1.0459,1.3643,5,3,FALSE,FALSE,TRUE
"GENE0780","GENE0780_HUMAN","P39190","Protein GENE0780",0.0242,1,0.732899,0,0.135,3,5,FALSE,FALSE,FALSE
"GENE2311","GENE2311_HUMAN","P35268","Protein GENE2311",-0.8051,0.439562,0.203874,0.0723,0.6906,2,6,FALSE,FALSE,FALSE
"GENE2868","GENE2868_HUMAN","P55120","Protein GENE2868",-0.4025,1,0.283302,0.0069,0.5477,4,5,FALSE,TRUE,FALSE
"GENE1632","GENE1632_HUMAN","P18037","Protein GENE1632",0.2471,1,0.677831,0,0.1689,5,5,FALSE,FALSE,FALSE
"GENE0143","GENE0143_HUMAN","P28704","Protein GENE0143",-0.0441,1,0.947073,0,0.0236,2,3,FALSE,FALSE,FALSE
"GENE0245","GENE0245_HUMAN","P36203","Protein GENE0245",0.3815,0.531998,0.313532,0.0443,0.5037,4,2,FALSE,FALSE,FALSE
"GENE1518","GENE1518_HUMAN","P47332","Protein GENE1518",0.1197,1,0.747012,0,0.1267,2,5,TRUE,FALSE,FALSE
"GENE0028","GENE0028_HUMAN","P25096","Protein GENE0028",-0.169,0.574027,0.224449,0.1735,0.6489,6,6,FALSE,FALSE,FALSE
"GENE0842","GENE0842_HUMAN","P99048","Protein GENE0842",-0.0333,0.672674,0.334211,0.2499,0.476,6,4,TRUE,FALSE,FALSE
"GENE1140","GENE1140_HUMAN","P83884","Protein GENE1140",-0.4711,1,0.356312,0,0.4482,2,6,FALSE,FALSE,FALSE
"GENE2260","GENE2260_HUMAN","P99074","Protein GENE2260",-3.1228,0.037476,0.008581,1.906,2.0665,6,6,FALSE,FALSE,TRUE
"GENE2341","GENE2341_HUMAN","P68656","Protein GENE2341",-0.1591,1,0.323015,0,0.4908,4,3,FALSE,FALSE,FALSE
"GENE0436","GENE0436_HUMAN","P96004","Protein GENE0436",-0.3078,1,0.796131,0,0.099,6,5,TRUE,FALSE,FALSE
"GENE2768","GENE2768_HUMAN","P69917","Protein GENE2768",-0.3842,1,0.292147,0,0.5344,2,6,FALSE,FALSE,FALSE
"GENE0882","GENE0882_HUMAN","P24445","Protein GENE0882",0.3053,1,0.592784,0,0.2271,4,3,FALSE,FALSE,FALSE
"GENE2633","GENE2633_HUMAN","P56751","Protein GENE2633",0.0067,0.668985,0.499553,0.1739,0.3014,4,3,FALSE,FALSE,FALSE
"GENE1776","GENE1776_HUMAN","P20448","Protein GENE1776",0.0421,1,0.642326,0,0.1922,2,5,TRUE,FALSE,FALSE
"GENE2871","GENE2871_HUMAN","P84752","Protein GENE2871",0.4698,1,0.639438,0.0564,0.1942,5,3,FALSE,FALSE,FALSE
"GENE1172","GENE1172_HUMAN","P91346","Protein GENE1172",0.9052,1,0.295224,0.1,0.5298,6,3,TRUE,FALSE,FALSE
"GENE1007","GENE1007_HUMAN","P03387","Protein GENE1007",0.0678,0.804005,0.69711,0,0.1567,2,6,FALSE,FALSE,FALSE
"GENE2843","GENE2843_HUMAN","P20297","Protein GENE2843",-0.4385,1,0.886735,0,0.0522,4,2,FALSE,FALSE,FALSE
"GENE0162","GENE0162_HUMAN","P75732","Protein GENE0162",0.1479,1,0.501615,0,0.2996,3,6,FALSE,FALSE,FALSE
"GENE0506","GENE0506_HUMAN","P63290","Protein GENE0506",-0.584,0.361397,0.165732,0.4284,0.7806,2,3,FALSE,FALSE,FALSE
"GENE1761","GENE1761_HUMAN","P14820","Protein GENE1761",2.9537,0.09738,0.032085,0.9504,1.4937,4,2,FALSE,FALSE,TRUE
"GENE1264","GENE1264_HUMAN","P40257","Protein GENE1264",0.2008,0.226192,0.06624,0.7365,1.1789,4,4,FALSE,TRUE,FALSE
"GENE1304","GENE1304_HUMAN","P16595","Protein GENE1304",-0.4615,1,0.649075,0,0.1877,2,4,FALSE,FALSE,FALSE
"GENE2696","GENE2696_HUMAN","P29037","Protein GENE2696",0.2295,1,0.927593,0,0.0326,4,4,FALSE,FALSE,FALSE
"GENE0963","GENE0963_HUMAN","P44576","Protein GENE0963",0.2771,0.415979,0.112591,0.828,0.9485,4,5,FALSE,FALSE,FALSE
"GENE0902","GENE0902_HUMAN","P07571","Protein GENE0902",-0.3719,0.134253,0.065669,0.8218,1.1826,5,2,FALSE,FALSE,FALSE
"GENE0396","GENE0396_HUMAN","P32318","Protein GENE0396",0.1495,1,0.601152,0,0.221,3,5,FALSE,FALSE,FALSE
"GENE1903","GENE1903_HUMAN","P25812","Protein GENE1903",0.0126,0.372083,0.247857,0.033,0.6058,4,4,TRUE,FALSE,FALSE
"GENE0535","GENE0535_HUMAN","P65314","Protein GENE0535",-0.0656,1,0.958816,0,0.0183,6,3,FALSE,FALSE,FALSE
"PPP6R1","PPP6R1_HUMAN","P43099","Protein PPP6R1",1.9657,0.032743,0.012826,1.8118,1.8919,5,5,TRUE,FALSE,TRUE
"GENE0558","GENE0558_HUMAN","P47459","Protein GENE0558",0.0484,1,0.420606,0.1283,0.3761,3,5,FALSE,FALSE,FALSE
"GENE1811","GENE1811_HUMAN","P55820","Protein GENE1811",0.4493,0.905879,0.211879,0.3699,0.6739,5,2,FALSE,FALSE,FALSE
"GENE2479","GENE2479_HUMAN","P14183","Protein GENE2479",-0.0458,1,0.499931,0,0.3011,5,4,FALSE,FALSE,FALSE
"GENE1961","GENE1961_HUMAN","P53004","Protein GENE1961",0.2728,1,0.707156,0,0.1505,5,3,FALSE,FALSE,FALSE
"GENE1982","GENE1982_HUMAN","P78486","Protein GENE1982",-0.1971,1,0.79726,0,0.0984,4,4,FALSE,FALSE,FALSE
"GENE1646","GENE1646_HUMAN","P11432","Protein GENE1646",0.2394,1,0.40548,0,0.392,5,4,FALSE,FALSE,FALSE
"GENE1223","GENE1223_HUMAN","P09548","Protein GENE1223",-0.2127,1,0.560279,0,0.2516,2,6,FALSE,FALSE,FALSE
"GENE1107","GENE1107_HUMAN","P54691","Protein GENE1107",2.1332,0.075842,0.042884,1.0676,1.3677,4,4,FALSE,FALSE,TRUE
"GENE1099","GENE1099_HUMAN","P74465","Protein GENE1099",0.3593,1,0.371389,0.3642,0.4302,4,6,FALSE,TRUE,FALSE
"GENE0463","GENE0463_HUMAN","P95784","Protein GENE0463",-0.0134,1,0.268435,0.5347,0.5712,4,4,FALSE,FALSE,FALSE
"GENE2635","GENE2635_HUMAN","P21412","Protein GENE2635",-0.1716,1,0.508558,0.2273,0.2937,6,4,FALSE,FALSE,FALSE
"GENE2810","GENE2810_HUMAN","P57302","Protein GENE2810",-0.0202,1,0.890064,0,0.0506,5,5,FALSE,FALSE,FALSE
"GENE2058","GENE2058_HUMAN","P58005","Protein GENE2058",1.0047,1,0.623894,0.1595,0.2049,4,2,FALSE,FALSE,FALSE
"GENE1033","GENE1033_HUMAN","P76897","Protein GENE1033",1.9588,0.233594,0.048359,1.2215,1.3155,2,2,FALSE,FALSE,TRUE
"SUGP2","SUGP2_HUMAN","P05302","Protein SUGP2",-0.3876,1,0.978729,0,0.0093,3,5,FALSE,FALSE,FALSE
"GENE1864","GENE1864_HUMAN","P90504","Protein GENE1864",0.0958,1,0.893923,0,0.0487,4,5,TRUE,FALSE,FALSE
"GENE1192","GENE1192_HUMAN","P99978","Protein GENE1192",2.4047,0.022988,0.01257,1.3152,1.9007,3,2,TRUE,TRUE,TRUE
"GENE0311","GENE0311_HUMAN","P01434","Protein GENE0311",-0.1838,1,0.606221,0,0.2174,4,3,FALSE,FALSE,FALSE
"GENE0619","GENE0619_HUMAN","P26877","Protein GENE0619",0.3882,0.966332,0.724039,0,0.1402,6,6,FALSE,FALSE,FALSE
"GENE0623","GENE0623_HUMAN","P05308","Protein GENE0623",0.2322,0.965801,0.27551,0.0452,0.5599,5,2,FALSE,TRUE,FALSE
"GENE1029","GENE1029_HUMAN","P94908","Protein GENE1029",0.6406,1,0.388611,0.2868,0.4105,3,3,TRUE,FALSE,FALSE
"GENE1466","GENE1466_HUMAN","P66245","Protein GENE1466",0.2296,0.135516,0.078643,0.7317,1.1043,5,5,FALSE,FALSE,FALSE
"LARP7","LARP7_HUMAN","P79113","Protein LARP7",-0.2901,0.651773,0.517196,0,0.2863,5,3,FALSE,FALSE,FALSE
"GENE0333","GENE0333_HUMAN","P43525","Protein GENE0333",0.4992,1,0.871531,0,0.0597,4,2,FALSE,FALSE,FALSE
"GENE1406","GENE1406_HUMAN","P52744","Protein GENE1406",1.2383,0.010733,0.009674,1.6143,2.0144,4,2,FALSE,FALSE,TRUE
"GENE2514","GENE2514_HUMAN","P55776","Protein GENE2514",0.0942,1,0.879277,0,0.0559,5,4,FALSE,FALSE,FALSE
"GENE0745","GENE0745_HUMAN","P82227","Protein GENE0745",0.1377,1,0.526713,0,0.2784,6,4,FALSE,TRUE,FALSE
"GENE0367","GENE0367_HUMAN","P33758","Protein GENE0367",0.1553,0.771135,0.409088,0.0092,0.3882,5,6,FALSE,FALSE,FALSE
"GENE1690","GENE1690_HUMAN","P92853","Protein GENE1690",-0.1399,1,0.7663,0,0.1156,5,5,FALSE,FALSE,FALSE
"GENE1136","GENE1136_HUMAN","P68352","Protein GENE1136",0.1337,0.629996,0.465771,0,0.3318,4,6,FALSE,FALSE,FALSE
"GENE1586","GENE1586_HUMAN","P22361","Protein GENE1586",-0.2372,1,0.71974,0,0.1428,4,4,FALSE,FALSE,FALSE
"GENE1186","GENE1186_HUMAN","P95215","Protein GENE1186",-0.6419,1,0.299635,0,0.5234,6,5,FALSE,FALSE,FALSE
"GENE0328","GENE0328_HUMAN","P81510","Protein GENE0328",-0.0726,0.647252,0.335064,0,0.4749,6,2,FALSE,TRUE,FALSE
"GENE1026","GENE1026_HUMAN","P25033","Protein GENE1026",0.2035,1,0.979053,0,0.0092,6,4,FALSE,FALSE,FALSE
"GENE2018","GENE2018_HUMAN","P62615","Protein GENE2018",0.4791,0.684566,0.200774,0.5445,0.6973,4,3,FALSE,FALSE,FALSE
"GENE1708","GENE1708_HUMAN","P19092","Protein GENE1708",-0.3843,1,0.548865,0,0.2605,5,5,FALSE,FALSE,FALSE
"GENE1506","GENE1506_HUMAN","P83690","Protein GENE1506",-0.0868,1,0.613149,0,0.2124,4,6,FALSE,FALSE,FALSE
"GENE0062","GENE0062_HUMAN","P85804","Protein GENE0062",-0.2023,0.617823,0.448531,0,0.3482,4,2,FALSE,FALSE,FALSE
"GENE1964","GENE1964_HUMAN","P52578","Protein GENE1964",-1.2193,0.161543,0.03577,1.0026,1.4465,4,5,FALSE,FALSE,TRUE
"GENE1457","GENE1457_HUMAN","P00877","Protein GENE1457",-0.1935,0.708884,0.144479,0.2369,0.8402,6,2,FALSE,FALSE,FALSE
"GENE1482","GENE1482_HUMAN","P74638","Protein GENE1482",0.0439,1,0.76835,0.0777,0.1144,4,3,FALSE,FALSE,FALSE
"GENE0837","GENE0837_HUMAN","P72354","Protein GENE0837",-0.2463,1,0.8567,0,0.0672,5,2,FALSE,FALSE,FALSE
"GENE0089","GENE0089_HUMAN","P61907","Protein GENE0089",-0.3322,1,0.812616,0,0.0901,5,5,FALSE,FALSE,FALSE
"GENE1258","GENE1258_HUMAN","P85471","Protein GENE1258",-0.4057,0.965471,0.384793,0.2051,0.4148,6,2,FALSE,TRUE,FALSE
"GENE0528","GENE0528_HUMAN","P22351","Protein GENE0528",-0.2377,0.556164,0.444622,0.3025,0.352,4,6,FALSE,FALSE,FALSE
"GENE2860","GENE2860_HUMAN","P32374","Protein GENE2860",-0.1142,1,0.972563,0,0.0121,5,6,FALSE,FALSE,FALSE
"GENE0022","GENE0022_HUMAN","P13081","Protein GENE0022",-0.2267,1,0.723846,0,0.1404,4,3,FALSE,FALSE,FALSE
"GENE1073","GENE1073_HUMAN","P76949","Protein GENE1073",0.239,1,0.353231,0.1193,0.4519,4,3,FALSE,FALSE,FALSE
"GENE0320","GENE0320_HUMAN","P56443","Protein GENE0320",0.6009,0.734548,0.177604,0.3344,0.7505,2,3,FALSE,FALSE,FALSE
"GENE0851","GENE0851_HUMAN","P79998","Protein GENE0851",3.3818,0.041805,0.009669,1.6355,2.0146,4,4,FALSE,FALSE,TRUE
"GENE1846","GENE1846_HUMAN","P78466","Protein GENE1846",0.3159,1,0.819694,0.0551,0.0863,3,6,FALSE,FALSE,FALSE
"GENE0803","GENE0803_HUMAN","P15419","Protein GENE0803",-0.5062,1,0.589758,0,0.2293,3,3,FALSE,FALSE,FALSE
"GENE2890","GENE2890_HUMAN","P00593","Protein GENE2890",-1.3406,0.114874,0.093679,0.6582,1.0284,5,4,FALSE,FALSE,FALSE
"GENE2439","GENE2439_HUMAN","P52615","Protein GENE2439",-0.285,0.747806,0.440174,0,0.3564,4,4,FALSE,FALSE,FALSE
"GENE2758","GENE2758_HUMAN","P52879","Protein GENE2758",-0.8117,1,0.545202,0,0.2634,5,4,FALSE,FALSE,FALSE
"GENE1286","GENE1286_HUMAN","P04475","Protein GENE1286",0.3276,1,0.515202,0,0.288,4,2,FALSE,FALSE,FALSE
"GENE2557","GENE2557_HUMAN","P29116","Protein GENE2557",0.0706,1,0.896261,0,0.0476,3,2,TRUE,FALSE,FALSE
"GENE1538","GENE1538_HUMAN","P53739","Protein GENE1538",0.3932,1,0.534387,0,0.2721,5,6,FALSE,FALSE,FALSE
"GENE0206","GENE0206_HUMAN","P90734","Protein GENE0206",-0.2154,0.725435,0.19336,0.4909,0.7136,3,5,FALSE,TRUE,FALSE
"GENE2236","GENE2236_HUMAN","P85527","Protein GENE2236",-0.946,0.002469,0.001622,2.422,2.7901,6,6,FALSE,FALSE,TRUE
"GENE2729","GENE2729_HUMAN","P12734","Protein GENE2729",0.3353,0.666525,0.519725,0.1796,0.2842,5,4,FALSE,FALSE,FALSE
"GENE1833","GENE1833_HUMAN","P10999","Protein GENE1833",-0.3955,1,0.821405,0,0.0854,2,4,FALSE,FALSE,FALSE
"GENE0129","GENE0129_HUMAN","P86762","Protein GENE0129",-0.4726,1,0.65315,0.0133,0.185,4,5,FALSE,TRUE,FALSE
"GENE1068","GENE1068_HUMAN","P66930","Protein GENE1068",-0.3932,1,0.795946,0,0.0991,5,6,TRUE,FALSE,FALSE
"GENE0984","GENE0984_HUMAN","P00026","Protein GENE0984",0.3445,0.779896,0.59886,0,0.2227,6,5,TRUE,FALSE,FALSE
"GENE2026","GENE2026_HUMAN","P52166","Protein GENE2026",0.6439,1,0.707928,0,0.15,4,4,TRUE,FALSE,FALSE
"GENE0870","GENE0870_HUMAN","P50663","Protein GENE0870",0.0107,1,0.817325,0,0.0876,4,6,FALSE,FALSE,FALSE
"GENE0498","GENE0498_HUMAN","P92947","Protein GENE0498",0.3745,0.439469,0.38397,0,0.4157,4,3,FALSE,TRUE,FALSE
"GENE1910","GENE1910_HUMAN","P08536","Protein GENE1910",3.9369,0.026351,0.006832,1.8462,2.1654,6,5,FALSE,FALSE,TRUE
"GENE2217","GENE2217_HUMAN","P56363","Protein GENE2217",0.0477,0.52147,0.140978,0.2737,0.8508,4,2,FALSE,FALSE,FALSE
"GENE1881","GENE1881_HUMAN","P15998","Protein GENE1881",-0.0443,0.993135,0.49118,0,0.3088,4,3,TRUE,FALSE,FALSE
"GENE0403","GENE0403_HUMAN","P95842","Protein GENE0403",-0.7934,1,0.655679,0,0.1833,6,2,FALSE,FALSE,FALSE
"GENE2147","GENE2147_HUMAN","P66828","Protein GENE2147",-0.9889,1,0.845475,0,0.0729,3,2,FALSE,FALSE,FALSE
"GENE2013","GENE2013_HUMAN","P01128","Protein GENE2013",-0.082,0.637381,0.333701,0.0258,0.4766,3,3,FALSE,FALSE,FALSE
"GENE0395","GENE0395_HUMAN","P31587","Protein GENE0395",2.8742,0.147554,0.04891,0.7891,1.3106,5,2,TRUE,FALSE,TRUE
"GENE1838","GENE1838_HUMAN","P74224","Protein GENE1838",0.0206,1,0.94734,0,0.0235,2,4,FALSE,FALSE,FALSE
"GENE0813","GENE0813_HUMAN","P01669","Protein GENE0813",-0.1541,0.55098,0.300253,0,0.5225,4,4,FALSE,FALSE,FALSE
"GENE2489","GENE2489_HUMAN","P58309","Protein GENE2489",0.2146,1,0.770273,0,0.1134,5,5,FALSE,FALSE,FALSE
"GENE2085","GENE2085_HUMAN","P83652","Protein GENE2085",0.0234,1,0.423064,0,0.3736,4,6,FALSE,FALSE,FALSE
"GENE2617","GENE2617_HUMAN","P87985","Protein GENE2617",0.3358,1,0.838373,0,0.0766,2,4,TRUE,FALSE,FALSE
"GENE1300","GENE1300_HUMAN","P35318","Protein GENE1300",0.3706,1,0.482253,0,0.3167,6,5,TRUE,FALSE,FALSE
"GENE2122","GENE2122_HUMAN","P01931","Protein GENE2122",0.2983,1,0.997698,0,0.001,6,3,FALSE,FALSE,FALSE
"GENE0947","GENE0947_HUMAN","P99833","Protein GENE0947",0.2117,1,0.829406,0,0.0812,6,5,TRUE,TRUE,FALSE
"GENE1758","GENE1758_HUMAN","P45525","Protein GENE1758",-0.1588,1,0.872618,0,0.0592,3,6,FALSE,FALSE,FALSE
"GENE0539","GENE0539_HUMAN","P77396","Protein GENE0539",0.1348,1,0.257765,0.0428,0.5888,6,3,FALSE,FALSE,FALSE
"GENE0312","GENE0312_HUMAN","P60839","Protein GENE0312",3.9539,0.032479,0.014101,1.226,1.8507,6,5,FALSE,TRUE,TRUE
"GENE2473","GENE2473_HUMAN","P22467","Protein GENE2473",-0.1136,1,0.522393,0,0.282,4,4,FALSE,FALSE,FALSE
"GENE0353","GENE0353_HUMAN","P14947","Protein GENE0353",0.5181,1,0.701841,0,0.1538,2,3,FALSE,FALSE,FALSE
"GENE0371","GENE0371_HUMAN","P07052","Protein GENE0371",-0.407,0.835409,0.43838,0.0605,0.3581,6,3,FALSE,TRUE,FALSE
"GENE0917","GENE0917_HUMAN","P27166","Protein GENE0917",0.1373,1,0.413839,0.3502,0.3832,3,2,FALSE,FALSE,FALSE
"GENE2814","GENE2814_HUMAN","P82841","Protein GENE2814",0.1029,0.913695,0.64219,0,0.1923,3,5,FALSE,FALSE,FALSE
"GENE1420","GENE1420_HUMAN","P65488","Protein GENE1420",0.9975,1,0.900286,0,0.0456,6,3,FALSE,FALSE,FALSE
"GENE0137","GENE0137_HUMAN","P14408","Protein GENE0137",0.4228,1,0.437861,0,0.3587,6,3,FALSE,FALSE,FALSE
"GENE1553","GENE1553_HUMAN","P05673","Protein GENE1553",-0.551,1,0.397948,0.386,0.4002,3,2,FALSE,FALSE,FALSE
"GENE0920","GENE0920_HUMAN","P63856","Protein GENE0920",-0.8263,1,0.600738,0,0.2213,3,2,FALSE,FALSE,FALSE
"GENE0454","GENE0454_HUMAN","P19740","Protein GENE0454",1.66,0.030391,0.019788,1.2296,1.7036,6,5,FALSE,FALSE,TRUE
"GENE2433","GENE2433_HUMAN","P63978","Protein GENE2433",0.0681,1,0.875778,0,0.0576,3,5,FALSE,FALSE,FALSE
"GENE2144","GENE2144_HUMAN","P93648","Protein GENE2144",-1.9133,0.11218,0.028149,1.3748,1.5505,3,6,FALSE,FALSE,TRUE
"GENE2415","GENE2415_HUMAN","P96380","Protein GENE2415",-0.1942,1,0.674214,0.0845,0.1712,6,6,FALSE,FALSE,FALSE
"GENE0169","GENE0169_HUMAN","P18997","Protein GENE0169",0.5012,0.783309,0.335483,0.1014,0.4743,3,5,FALSE,FALSE,FALSE
"GENE0209","GENE0209_HUMAN","P81458","Protein GENE0209",0.2254,1,0.931966,0,0.0306,4,6,FALSE,FALSE,FALSE
"GENE2655","GENE2655_HUMAN","P31313","Protein GENE2655",-0.7132,0.123341,0.109471,0.6506,0.9607,5,5,FALSE,FALSE,FALSE
"GENE2080","GENE2080_HUMAN","P53780","Protein GENE2080",0.1967,0.967554,0.847711,0,0.0718,4,4,FALSE,FALSE,FALSE
"GENE0862","GENE0862_HUMAN","P65921","Protein GENE0862",-0.2917,0.468039,0.341365,0.0681,0.4668,4,6,FALSE,TRUE,FALSE
"GENE1619","GENE1619_HUMAN","P86933","Protein GENE1619",0.5183,1,0.496641,0,0.304,2,5,FALSE,FALSE,FALSE
"GENE1550","GENE1550_HUMAN","P00383","Protein GENE1550",0.3568,1,0.968176,0,0.014,6,4,FALSE,TRUE,FALSE
"GENE1945","GENE1945_HUMAN","P36205","Protein GENE1945",0.467,1,0.708114,0,0.1499,2,2,FALSE,FALSE,FALSE
"GENE1122","GENE1122_HUMAN","P36185","Protein GENE1122",0.4837,0.657052,0.655998,0,0.1831,4,4,FALSE,FALSE,FALSE
"GENE2098","GENE2098_HUMAN","P57644","Protein GENE2098",0.1547,1,0.424603,0.356,0.372,2,3,FALSE,FALSE,FALSE
"GENE1266","GENE1266_HUMAN","P40241","Protein GENE1266",1.4338,0.165148,0.035549,1.1156,1.4492,5,2,FALSE,TRUE,TRUE
"GENE1367","GENE1367_HUMAN","P11436","Protein GENE1367",-0.3499,1,0.946861,0,0.0237,4,4,FALSE,FALSE,FALSE
"GENE1257","GENE1257_HUMAN","P27282","Protein GENE1257",0.184,1,0.563799,0,0.2489,3,3,FALSE,FALSE,FALSE
"GENE1548","GENE1548_HUMAN","P30437","Protein GENE1548",1.2125,0.168773,0.063181,0.8018,1.1994,6,5,FALSE,FALSE,FALSE
"GENE2485","GENE2485_HUMAN","P34529","Protein GENE2485",-0.1732,1,0.550909,0.2273,0.2589,6,3,FALSE,FALSE,FALSE
"GENE2437","GENE2437_HUMAN","P38955","Protein GENE2437",-0.193,0.556413,0.260491,0.199,0.5842,4,3,FALSE,FALSE,FALSE
"GENE0228","GENE0228_HUMAN","P19040","Protein GENE0228",0.478,0.893288,0.216998,0.4363,0.6635,6,3,FALSE,FALSE,FALSE
"GENE2131","GENE2131_HUMAN","P67041","Protein GENE2131",0.0933,0.794969,0.670748,0,0.1734,2,4,FALSE,FALSE,FALSE
"GENE1385","GENE1385_HUMAN","P07965","Protein GENE1385",-0.4893,1,0.992733,0,0.0032,2,5,FALSE,FALSE,FALSE
"GENE2242","GENE2242_HUMAN","P71592","Protein GENE2242",-0.2759,0.619603,0.39423,0,0.4042,6,4,FALSE,FALSE,FALSE
"GENE0319","GENE0319_HUMAN","P22189","Protein GENE0319",-0.0325,1,0.95269,0,0.021,4,3,TRUE,FALSE,FALSE
"GENE0639","GENE0639_HUMAN","P68893","Protein GENE0639",0.2528,1,0.266307,0.0073,0.5746,3,6,TRUE,TRUE,FALSE
"GENE2000","GENE2000_HUMAN","P93886","Protein GENE2000",2.8796,0.03406,0.006974,1.7639,2.1565,5,5,FALSE,FALSE,TRUE
"GENE0599","GENE0599_HUMAN","P92876","Protein GENE0599",-0.0808,0.5099,0.220946,0.2965,0.6557,2,4,FALSE,FALSE,FALSE
"GENE1061","GENE1061_HUMAN","P43642","Protein GENE1061",-0.088,1,0.457799,0,0.3393,6,6,FALSE,FALSE,FALSE
"GENE0391","GENE0391_HUMAN","P24184","Protein GENE0391",1.1753,1,0.874736,0,0.0581,6,5,FALSE,FALSE,FALSE
"GENE2105","GENE2105_HUMAN","P99585","Protein GENE2105",0.6499,1,0.422512,0,0.3742,5,4,FALSE,FALSE,FALSE
"GENE0450","GENE0450_HUMAN","P40306","Protein GENE0450",-0.4341,1,0.308297,0,0.511,3,2,FALSE,FALSE,FALSE
"GENE1850","GENE1850_HUMAN","P99509","Protein GENE1850",3.8225,0.002433,0.000545,2.8532,3.2636,4,2,FALSE,TRUE,TRUE
"GENE2513","GENE2513_HUMAN","P68360","Protein GENE2513",-0.0992,0.180857,0.078066,0.5429,1.1075,5,3,FALSE,FALSE,FALSE
"GENE2226","GENE2226_HUMAN","P08246","Protein GENE2226",0.2267,1,0.250282,0.1006,0.6016,4,4,FALSE,FALSE,FALSE
"GENE1820","GENE1820_HUMAN","P32525","Protein GENE1820",0.408,1,0.717733,0,0.144,4,4,FALSE,FALSE,FALSE
"GENE0226","GENE0226_HUMAN","P00426","Protein GENE0226",-0.3976,1,0.414245,0,0.3827,5,4,TRUE,FALSE,FALSE
"GENE0426","GENE0426_HUMAN","P05640","Protein GENE0426",-0.964,1,0.331584,0.2982,0.4794,4,2,TRUE,FALSE,FALSE
"GENE0974","GENE0974_HUMAN","P46575","Protein GENE0974",0.1058,0.457432,0.364097,0,0.4388,4,2,FALSE,FALSE,FALSE
"GENE2584","GENE2584_HUMAN","P65728","Protein GENE2584",0.0241,1,0.705291,0,0.1516,3,2,TRUE,FALSE,FALSE
"GENE2825","GENE2825_HUMAN","P46930","Protein GENE2825",-0.4401,1,0.48707,0,0.3124,6,5,FALSE,FALSE,FALSE
"GENE0190","GENE0190_HUMAN","P94591","Protein GENE0190",-0.6059,1,0.335394,0,0.4744,5,5,FALSE,FALSE,FALSE
"GENE0944","GENE0944_HUMAN","P20717","Protein GENE0944",0.0199,0.489862,0.101419,0.7069,0.9939,3,3,FALSE,FALSE,FALSE
"GENE1779","GENE1779_HUMAN","P62235","Protein GENE1779",0.0257,1,0.676963,0,0.1694,3,3,FALSE,FALSE,FALSE
"GENE2460","GENE2460_HUMAN","P93336","Protein GENE2460",-0.2102,1,0.929008,0,0.032,3,6,FALSE,FALSE,FALSE
"GENE1889","GENE1889_HUMAN","P81398","Protein GENE1889",0.2982,1,0.872834,0,0.0591,2,4,FALSE,FALSE,FALSE
"GENE0921","GENE0921_HUMAN","P52971","Protein GENE0921",0.019,0.225956,0.064474,0.7984,1.1906,6,4,FALSE,FALSE,FALSE
"GENE0224","GENE0224_HUMAN","P75108","Protein GENE0224",-0.579,1,0.97961,0,0.0089,5,2,FALSE,FALSE,FALSE
"GENE0563","GENE0563_HUMAN","P80263","Protein GENE0563",0.298,1,0.932336,0,0.0304,2,3,FALSE,FALSE,FALSE
"GENE0413","GENE0413_HUMAN","P98237","Protein GENE0413",0.7643,1,0.659523,0,0.1808,6,3,FALSE,TRUE,FALSE
"GENE1684","GENE1684_HUMAN","P08764","Protein GENE1684",-0.138,1,0.32861,0.1007,0.4833,5,2,FALSE,TRUE,FALSE
"GENE1533","GENE1533_HUMAN","P86954","Protein GENE1533",0.1207,1,0.481239,0,0.3176,2,6,FALSE,FALSE,FALSE
"GENE1288","GENE1288_HUMAN","P84953","Protein GENE1288",-0.349,0.836779,0.25152,0.3639,0.5994,4,3,FALSE,FALSE,FALSE
"GENE0956","GENE0956_HUMAN","P12515","Protein GENE0956",-1.2475,0.097456,0.041812,0.6803,1.3787,4,2,FALSE,FALSE,TRUE
"GENE1897","GENE1897_HUMAN","P16894","Protein GENE1897",-0.5485,0.101968,0.09282,0.5302,1.0324,3,5,FALSE,FALSE,FALSE
"GENE0049","GENE0049_HUMAN","P99901","Protein GENE0049",0.3513,0.631062,0.151513,0.527,0.8195,6,5,FALSE,FALSE,FALSE
"GENE2786","GENE2786_HUMAN","P64906","Protein GENE2786",0.2328,1,0.814396,0.0119,0.0892,2,2,FALSE,FALSE,FALSE
"GENE0975","GENE0975_HUMAN","P05536","Protein GENE0975",0.1937,1,0.542834,0,0.2653,2,2,FALSE,FALSE,FALSE
"GENE2703","GENE2703_HUMAN","P55363","Protein GENE2703",0.4051,1,0.954303,0,0.0203,6,5,FALSE,FALSE,FALSE
"GENE2400","GENE2400_HUMAN","P19312","Protein GENE2400",-4.1056,0.004975,0.001403,2.3857,2.853,2,2,FALSE,FALSE,TRUE
"GENE1151","GENE1151_HUMAN","P94581","Protein GENE1151",0.0279,1,0.648676,0,0.188,3,3,FALSE,FALSE,FALSE
"GENE0873","GENE0873_HUMAN","P48688","Protein GENE0873",0.4304,1,0.437441,0,0.3591,3,2,FALSE,FALSE,FALSE
"GENE0689","GENE0689_HUMAN","P37701","Protein GENE0689",-0.4582,1,0.355812,0.2421,0.4488,2,5,TRUE,FALSE,FALSE
"GENE0751","GENE0751_HUMAN","P06273","Protein GENE0751",0.805,0.08847,0.033162,0.9025,1.4794,3,6,FALSE,FALSE,TRUE
"GENE2596","GENE2596_HUMAN","P38090","Protein GENE2596",0.2988,1,0.645328,0,0.1902,4,4,FALSE,FALSE,FALSE
"GENE1178","GENE1178_HUMAN","P71986","Protein GENE1178",1.0382,0.612137,0.39599,0,0.4023,6,4,FALSE,FALSE,FALSE
"GENE0758","GENE0758_HUMAN","P37540","Protein GENE0758",-0.0089,1,0.78881,0,0.103,5,5,FALSE,FALSE,FALSE
"GENE1292","GENE1292_HUMAN","P78954","Protein GENE1292",-3.0256,0.118942,0.024169,1.1324,1.6167,3,3,FALSE,FALSE,TRUE
"GENE1034","GENE1034_HUMAN","P05860","Protein GENE1034",-0.3532,1,0.730578,0.0619,0.1363,5,6,FALSE,TRUE,FALSE
"GENE1142","GENE1142_HUMAN","P38756","Protein GENE1142",0.4174,1,0.502251,0,0.2991,3,5,TRUE,FALSE,FALSE
"GENE2547","GENE2547_HUMAN","P16459","Protein GENE2547",-0.1944,0.27461,0.170633,0.2355,0.7679,4,5,FALSE,FALSE,FALSE
"GENE2585","GENE2585_HUMAN","P34738","Protein GENE2585",0.7021,1,0.634655,0,0.1975,4,2,FALSE,FALSE,FALSE
"GENE0418","GENE0418_HUMAN","P43674","Protein GENE0418",-3.22,0.042975,0.032626,1.0173,1.4864,5,5,FALSE,FALSE,TRUE
"GENE0642","GENE0642_HUMAN","P95777","Protein GENE0642",-0.1224,0.967564,0.777201,0,0.1095,4,6,FALSE,FALSE,FALSE
"GENE1730","GENE1730_HUMAN","P81526","Protein GENE1730",-0.0344,0.390447,0.157132,0.5323,0.8037,6,5,FALSE,FALSE,FALSE
"GENE2757","GENE2757_HUMAN","P14073","Protein GENE2757",0.5066,1,0.540573,0,0.2671,2,2,FALSE,FALSE,FALSE
"GENE0073","GENE0073_HUMAN","P49886","Protein GENE0073",-0.3371,1,0.458587,0,0.3386,2,3,FALSE,FALSE,FALSE
"GENE0603","GENE0603_HUMAN","P18952","Protein GENE0603",-0.1623,1,0.382018,0.0102,0.4179,4,6,FALSE,FALSE,FALSE
"GENE1559","GENE1559_HUMAN","P53094","Protein GENE1559",0.1598,0.955367,0.850446,0,0.0704,2,2,FALSE,FALSE,FALSE
"GENE1314","GENE1314_HUMAN","P46491","Protein GENE1314",-0.6398,0.364683,0.228513,0.4476,0.6411,6,6,FALSE,FALSE,FALSE
"GENE0358","GENE0358_HUMAN","P97254","Protein GENE0358",0.5106,0.89125,0.399015,0.0334,0.399,6,5,FALSE,FALSE,FALSE
"GENE1465","GENE1465_HUMAN","P62341","Protein GENE1465",0.0416,0.873021,0.209748,0.3951,0.6783,6,4,FALSE,FALSE,FALSE
"GENE2035","GENE2035_HUMAN","P56254","Protein GENE2035",0.8037,0.402534,0.101608,0.4903,0.9931,3,2,FALSE,TRUE,FALSE
"GENE0046","GENE0046_HUMAN","P83250","Protein GENE0046",-3.6219,0.160273,0.03764,0.7821,1.4244,5,4,FALSE,TRUE,TRUE
"GENE2233","GENE2233_HUMAN","P10663","Protein GENE2233",-0.1116,0.537375,0.459153,0,0.338,2,5,FALSE,FALSE,FALSE
"GENE0041","GENE0041_HUMAN","P67131","Protein GENE0041",0.1031,1,0.527068,0,0.2781,6,6,FALSE,FALSE,FALSE
"GENE1660","GENE1660_HUMAN","P67890","Protein GENE1660",0.7739,1,0.46361,0,0.3338,6,6,FALSE,FALSE,FALSE
"GENE0386","GENE0386_HUMAN","P19756","Protein GENE0386",0.1477,1,0.556615,0,0.2544,6,3,TRUE,FALSE,FALSE
"GENE2225","GENE2225_HUMAN","P59778","Protein GENE2225",2.3316,0.002078,0.000654,2.7155,3.1843,2,3,FALSE,FALSE,TRUE
"GENE1330","GENE1330_HUMAN","P89339","Protein GENE1330",0.466,0.274091,0.0941,0.6712,1.0264,4,5,FALSE,FALSE,FALSE
"GENE0184","GENE0184_HUMAN","P14214","Protein GENE0184",0.806,1,0.478441,0,0.3202,5,6,FALSE,TRUE,FALSE
"GENE1450","GENE1450_HUMAN","P46737","Protein GENE1450",0.0489,1,0.573988,0,0.2411,4,6,FALSE,FALSE,FALSE
"GENE2760","GENE2760_HUMAN","P72426","Protein GENE2760",0.0368,0.086193,0.061138,0.8322,1.2137,5,2,FALSE,FALSE,FALSE
"GENE2184","GENE2184_HUMAN","P59521","Protein GENE2184",4.2954,0.024665,0.015404,1.4956,1.8124,3,2,FALSE,FALSE,TRUE
"GENE2812","GENE2812_HUMAN","P70575","Protein GENE2812",0.4443,0.420053,0.182566,0.3755,0.7386,4,5,FALSE,FALSE,FALSE
"GENE1578","GENE1578_HUMAN","P43124","Protein GENE1578",1.5927,0.012394,0.002824,1.8539,2.5492,5,4,FALSE,FALSE,TRUE
"GENE0772","GENE0772_HUMAN","P57767","Protein GENE0772",-0.0537,1,0.810982,0,0.091,6,4,FALSE,FALSE,FALSE
"GENE2836","GENE2836_HUMAN","P46090","Protein GENE2836",0.0086,0.341921,0.092681,0.8253,1.033,5,5,FALSE,TRUE,FALSE
"GENE0957","GENE0957_HUMAN","P98420","Protein GENE0957",-0.4598,1,0.381998,0.2233,0.4179,6,3,FALSE,FALSE,FALSE
"GENE2332","GENE2332_HUMAN","P49883","Protein GENE2332",-0.6218,1,0.897375,0,0.047,4,2,FALSE,FALSE,FALSE
"GENE1361","GENE1361_HUMAN","P93837","Protein GENE1361",-0.5158,1,0.321407,0.4636,0.4929,4,3,FALSE,FALSE,FALSE
"GENE2752","GENE2752_HUMAN","P98466","Protein GENE2752",-0.4087,0.725294,0.471995,0,0.3261,4,6,FALSE,FALSE,FALSE
"GENE0489","GENE0489_HUMAN","P25179","Protein GENE0489",2.6427,0.026308,0.013678,1.5296,1.864,2,2,FALSE,FALSE,TRUE
"GENE2213","GENE2213_HUMAN","P22031","Protein GENE2213",0.0067,0.383389,0.210256,0.1137,0.6773,4,3,FALSE,FALSE,FALSE
"GENE2780","GENE2780_HUMAN","P18712","Protein GENE2780",0.176,1,0.992734,0,0.0032,6,3,FALSE,FALSE,FALSE
"GENE2132","GENE2132_HUMAN","P27428","Protein GENE2132",-0.2969,0.741929,0.502696,0.0226,0.2987,6,5,FALSE,FALSE,FALSE
"GENE2500","GENE2500_HUMAN","P14177","Protein GENE2500",-0.589,1,0.43134,0,0.3652,2,6,FALSE,FALSE,FALSE
"GENE1246","GENE1246_HUMAN","P50810","Protein GENE1246",0.1087,1,0.720571,0,0.1423,6,5,FALSE,FALSE,FALSE
"GENE0703","GENE0703_HUMAN","P71725","Protein GENE0703",0.1461,1,0.751445,0,0.1241,5,3,FALSE,TRUE,FALSE
"GENE0544","GENE0544_HUMAN","P73169","Protein GENE0544",-0.0818,1,0.95419,0,0.0204,6,6,FALSE,FALSE,FALSE
"GENE0068","GENE0068_HUMAN","P94242","Protein GENE0068",0.0769,1,0.313369,0.3216,0.5039,2,5,FALSE,FALSE,FALSE
"GENE0761","GENE0761_HUMAN","P06775","Protein GENE0761",0.4533,1,0.533597,0,0.2728,5,5,FALSE,FALSE,FALSE
"GENE0279","GENE0279_HUMAN","P30848","Protein GENE0279",0.5629,0.224894,0.101882,0.4561,0.9919,6,3,FALSE,FALSE,FALSE
"GENE0693","GENE0693_HUMAN","P69089","Protein GENE0693",0.1425,1,0.486057,0.1754,0.3133,6,3,FALSE,TRUE,FALSE
"GENE1938","GENE1938_HUMAN","P64159","Protein GENE1938",-0.4283,1,0.44617,0,0.3505,2,4,FALSE,FALSE,FALSE
"GENE1394","GENE1394_HUMAN","P63190","Protein GENE1394",0.6111,1,0.628646,0,0.2016,4,2,FALSE,FALSE,FALSE
"GENE1158","GENE1158_HUMAN","P97498","Protein GENE1158",-0.1721,0.956706,0.316931,0.4876,0.499,3,5,FALSE,FALSE,FALSE
"GENE0903","GENE0903_HUMAN","P86584","Protein GENE0903",0.0937,1,0.763018,0,0.1175,3,4,FALSE,FALSE,FALSE
"GENE0534","GENE0534_HUMAN","P87750","Protein GENE0534",-0.0269,1,0.376693,0,0.424,4,3,FALSE,FALSE,FALSE
"GENE2042","GENE2042_HUMAN","P42658","Protein GENE2042",-0.0037,0.388712,0.288999,0.2575,0.5391,3,5,FALSE,FALSE,FALSE
"GENE2529","GENE2529_HUMAN","P70891","Protein GENE2529",-0.1555,1,0.872098,0.0532,0.0594,5,4,FALSE,FALSE,FALSE
"GENE1329","GENE1329_HUMAN","P80793","Protein GENE1329",0.9951,1,0.963285,0,0.0162,2,4,FALSE,FALSE,FALSE
"GPATCH2","GPATCH2_HUMAN","P83196","Protein GPATCH2",-0.5151,1,0.399108,0,0.3989,5,3,FALSE,TRUE,FALSE
"GENE1535","GENE1535_HUMAN","P43751","Protein GENE1535",0.9835,0.937742,0.871535,0,0.0597,6,5,FALSE,FALSE,FALSE
"GENE0847","GENE0847_HUMAN","P92638","Protein GENE0847",-0.6505,1,0.776827,0,0.1097,4,2,FALSE,FALSE,FALSE
"GENE0191","GENE0191_HUMAN","P93074","Protein GENE0191",-0.151,1,0.580678,0,0.2361,3,3,FALSE,FALSE,FALSE
"GENE0325","GENE0325_HUMAN","P36560","Protein GENE0325",-0.4138,1,0.340497,0,0.4679,3,3,FALSE,FALSE,FALSE
"GENE0439","GENE0439_HUMAN","P59035","Protein GENE0439",-0.3037,1,0.836893,0,0.0773,2,6,FALSE,FALSE,FALSE
"GENE1455","GENE1455_HUMAN","P79585","Protein GENE1455",-0.1792,1,0.76454,0,0.1166,3,4,FALSE,FALSE,FALSE
"GENE0425","GENE0425_HUMAN","P03458","Protein GENE0425",0.4457,1,0.961931,0.0097,0.0169,2,2,FALSE,FALSE,FALSE
"GENE0324","GENE0324_HUMAN","P89584","Protein GENE0324",0.44,0.824034,0.376762,0,0.4239,3,4,FALSE,FALSE,FALSE
"GENE2893","GENE2893_HUMAN","P31222","Protein GENE2893",-0.0813,0.979772,0.911796,0,0.0401,6,6,FALSE,FALSE,FALSE
"GENE2787","GENE2787_HUMAN","P78887","Protein GENE2787",-0.797,1,0.754067,0,0.1226,5,3,FALSE,FALSE,FALSE
"GENE1050","GENE1050_HUMAN","P02292","Protein GENE1050",-0.1356,0.52737,0.35925,0,0.4446,4,2,FALSE,TRUE,FALSE
"GENE1834","GENE1834_HUMAN","P85092","Protein GENE1834",-2.7389,0.006404,0.00333,2.0194,2.4775,4,5,TRUE,TRUE,TRUE
"GENE2663","GENE2663_HUMAN","P73419","Protein GENE2663",-0.1774,0.964447,0.533337,0,0.273,3,4,FALSE,FALSE,FALSE
"GENE0138","GENE0138_HUMAN","P84692","Protein GENE0138",-0.1988,1,0.91876,0.0328,0.0368,6,3,FALSE,FALSE,FALSE
"GENE1072","GENE1072_HUMAN","P55325","Protein GENE1072",-0.1999,1,0.689178,0,0.1617,2,6,FALSE,FALSE,FALSE
"GPATCH4","GPATCH4_HUMAN","P41258","Protein GPATCH4",0.5692,1,0.934961,0,0.0292,2,5,FALSE,FALSE,FALSE
"GENE1656","GENE1656_HUMAN","P01659","Protein GENE1656",-4.4745,0.078677,0.017159,1.4392,1.7655,2,2,FALSE,FALSE,TRUE
"GENE0775","GENE0775_HUMAN","P77009","Protein GENE0775",-2.6053,0.012865,0.009868,1.4701,2.0058,4,5,FALSE,FALSE,TRUE
"GENE1643","GENE1643_HUMAN","P67985","Protein GENE1643",-0.4115,0.822863,0.66858,0,0.1748,2,3,FALSE,FALSE,FALSE
"GENE1768","GENE1768_HUMAN","P99356","Protein GENE1768",0.3114,0.57151,0.155341,0.1463,0.8087,3,4,FALSE,FALSE,FALSE
"GENE1636","GENE1636_HUMAN","P64864","Protein GENE1636",0.5226,0.684512,0.305091,0,0.5156,4,5,TRUE,FALSE,FALSE
"GENE1612","GENE1612_HUMAN","P64178","Protein GENE1612",0.0128,0.999615,0.820248,0,0.0861,5,3,FALSE,FALSE,FALSE
"GENE0215","GENE0215_HUMAN","P15635","Protein GENE0215",-0.7691,0.796816,0.475123,0,0.3232,6,5,FALSE,FALSE,FALSE
"GENE1748","GENE1748_HUMAN","P59457","Protein GENE1748",-0.2212,0.698322,0.288791,0,0.5394,2,5,FALSE,FALSE,FALSE
"GENE2726","GENE2726_HUMAN","P71126","Protein GENE2726",0.1824,0.477295,0.374078,0.0283,0.427,3,2,FALSE,FALSE,FALSE
"GENE1104","GENE1104_HUMAN","P83606","Protein GENE1104",-0.0089,0.714695,0.342183,0,0.4657,3,5,FALSE,FALSE,FALSE
"GENE2353","GENE2353_HUMAN","P05786","Protein GENE2353",-0.1954,1,0.517059,0.2724,0.2865,4,2,FALSE,FALSE,FALSE
"GENE0381","GENE0381_HUMAN","P06423","Protein GENE0381",-0.8651,1,0.609182,0,0.2153,5,5,FALSE,FALSE,FALSE
"GENE2697","GENE2697_HUMAN","P23758","Protein GENE2697",0.4962,1,0.693905,0,0.1587,4,6,FALSE,FALSE,FALSE
"GENE0500","GENE0500_HUMAN","P33271","Protein GENE0500",-0.0756,0.819089,0.167596,0.6205,0.7757,2,5,FALSE,FALSE,FALSE
"GENE1272","GENE1272_HUMAN","P68844","Protein GENE1272",-0.109,1,0.680767,0,0.167,3,3,FALSE,FALSE,FALSE
"GENE2344","GENE2344_HUMAN","P64441","Protein GENE2344",0.4268,0.823068,0.745775,0,0.1274,3,5,FALSE,FALSE,FALSE
"GENE2278","GENE2278_HUMAN","P19489","Protein GENE2278",-0.0326,1,0.56979,0,0.2443,6,4,FALSE,FALSE,FALSE
"GENE2482","GENE2482_HUMAN","P65455","Protein GENE2482",-0.1554,0.726901,0.213225,0.0578,0.6712,3,5,FALSE,FALSE,FALSE
"GENE0743","GENE0743_HUMAN","P87559","Protein GENE0743",0.3444,0.227577,0.190594,0.0576,0.7199,2,4,FALSE,FALSE,FALSE
"GENE2549","GENE2549_HUMAN","P03679","Protein GENE2549",0.1853,1,0.378597,0.2459,0.4218,2,5,TRUE,FALSE,FALSE
"GENE2659","GENE2659_HUMAN","P16122","Protein GENE2659",-0.1945,1,0.925134,0,0.0338,3,6,FALSE,FALSE,FALSE
"GENE1874","GENE1874_HUMAN","P75828","Protein GENE1874",0.3112,1,0.769983,0,0.1135,6,6,FALSE,FALSE,FALSE
"GENE1667","GENE1667_HUMAN","P74904","Protein GENE1667",-0.7341,1,0.440181,0.0328,0.3564,3,2,FALSE,FALSE,FALSE
"GENE2288","GENE2288_HUMAN","P76218","Protein GENE2288",0.007,1,0.844412,0,0.0734,2,4,FALSE,FALSE,FALSE
"GENE2777","GENE2777_HUMAN","P43947","Protein GENE2777",0.2201,1,0.543233,0,0.265,5,3,TRUE,FALSE,FALSE
"GENE1425","GENE1425_HUMAN","P24648","Protein GENE1425",0.1966,1,0.904482,0,0.0436,6,2,FALSE,FALSE,FALSE
"GENE2665","GENE2665_HUMAN","P47119","Protein GENE2665",-4.4528,0.09501,0.034285,0.9271,1.4649,3,4,FALSE,TRUE,TRUE
"GENE1067","GENE1067_HUMAN","P54454","Protein GENE1067",0.5451,0.244938,0.148764,0.7075,0.8275,3,5,FALSE,FALSE,FALSE
"GENE1283","GENE1283_HUMAN","P25906","Protein GENE1283",0.2947,1,0.857863,0,0.0666,5,2,FALSE,FALSE,FALSE
"GENE1281","GENE1281_HUMAN","P28940","Protein GENE1281",-0.258,0.45441,0.143581,0.6017,0.8429,5,4,FALSE,FALSE,FALSE
"GENE1212","GENE1212_HUMAN","P31283","Protein GENE1212",0.0287,1,0.964354,0,0.0158,5,2,FALSE,FALSE,FALSE
"GENE1628","GENE1628_HUMAN","P22235","Protein GENE1628",-0.079,1,0.615044,0,0.2111,5,5,FALSE,FALSE,FALSE
"GENE2631","GENE2631_HUMAN","P47608","Protein GENE2631",-0.4989,1,0.649865,0,0.1872,2,6,FALSE,FALSE,FALSE
"GENE2280","GENE2280_HUMAN","P11870","Protein GENE2280",-0.5508,1,0.778236,0,0.1089,5,5,FALSE,TRUE,FALSE
"GENE0627","GENE0627_HUMAN","P25878","Protein GENE0627",1.1722,0.14487,0.033914,1.0588,1.4696,2,5,FALSE,FALSE,TRUE
"GENE0099","GENE0099_HUMAN","P24233","Protein GENE0099",-2.6361,0.141909,0.029469,0.9872,1.5306,3,4,FALSE,FALSE,TRUE
"GENE1638","GENE1638_HUMAN","P59408","Protein GENE1638",0.0991,1,0.82628,0,0.0829,3,3,FALSE,FALSE,FALSE
"GENE1240","GENE1240_HUMAN","P87547","Protein GENE1240",-0.1887,1,0.678549,0,0.1684,6,2,FALSE,FALSE,FALSE
"GENE2458","GENE2458_HUMAN","P18842","Protein GENE2458",-0.2338,0.563105,0.144915,0.5626,0.8389,2,4,FALSE,FALSE,FALSE
"GENE2657","GENE2657_HUMAN","P94183","Protein GENE2657",0.0151,1,0.814507,0.0229,0.0891,3,3,TRUE,FALSE,FALSE
"GENE0978","GENE0978_HUMAN","P42311","Protein GENE0978",0.3673,1,0.510819,0.0143,0.2917,6,3,FALSE,FALSE,FALSE
"GENE1792","GENE1792_HUMAN","P97679","Protein GENE1792",1.6445,0.063079,0.028837,1.1507,1.5401,3,3,FALSE,FALSE,TRUE
"GENE0007","GENE0007_HUMAN","P00085","Protein GENE0007",0.2203,0.323229,0.241179,0.5703,0.6177,4,6,FALSE,FALSE,FALSE
"GENE1118","GENE1118_HUMAN","P30870","Protein GENE1118",-0.0414,0.501228,0.301678,0.0121,0.5205,5,2,FALSE,FALSE,FALSE
"GENE1476","GENE1476_HUMAN","P02552","Protein GENE1476",-0.4839,0.664021,0.18416,0.059,0.7348,3,4,FALSE,FALSE,FALSE
"GENE2093","GENE2093_HUMAN","P65334","Protein GENE2093",-0.1188,1,0.718137,0,0.1438,4,2,FALSE,TRUE,FALSE
"GENE2739","GENE2739_HUMAN","P55245","Protein GENE2739",-1.3695,0.1227,0.042953,1.2701,1.367,3,6,FALSE,FALSE,TRUE
"GENE0578","GENE0578_HUMAN","P46334","Protein GENE0578",-0.0139,1,0.745622,0,0.1275,2,5,FALSE,FALSE,FALSE
"GENE2186","GENE2186_HUMAN","P61504","Protein GENE2186",-0.8363,1,0.691322,0,0.1603,3,4,FALSE,FALSE,FALSE
"GENE2180","GENE2180_HUMAN","P59611","Protein GENE2180",0.1715,1,0.550165,0,0.2595,2,2,FALSE,FALSE,FALSE
"GENE1752","GENE1752_HUMAN","P76374","Protein GENE1752",3.8811,0.021358,0.019635,1.0267,1.707,5,2,FALSE,FALSE,TRUE
"GENE0566","GENE0566_HUMAN","P22094","Protein GENE0566",2.841,0.084668,0.03899,0.9302,1.409,6,4,TRUE,FALSE,TRUE
"GENE1010","GENE1010_HUMAN","P19768","Protein GENE1010",-0.736,0.488318,0.2835,0.5342,0.5474,3,4,FALSE,FALSE,FALSE
"GENE2023","GENE2023_HUMAN","P94373","Protein GENE2023",-0.2665,1,0.971657,0,0.0125,6,3,FALSE,TRUE,FALSE
"GENE0274","GENE0274_HUMAN","P20452","Protein GENE0274",0.56,1,0.271893,0.1933,0.5656,6,4,FALSE,FALSE,FALSE
"GENE0688","GENE0688_HUMAN","P15029","Protein GENE0688",0.2396,1,0.907605,0,0.0421,6,5,FALSE,TRUE,FALSE
"GENE1187","GENE1187_HUMAN","P43703","Protein GENE1187",-0.3244,1,0.89779,0,0.0468,5,6,FALSE,FALSE,FALSE
"GENE2858","GENE2858_HUMAN","P75655","Protein GENE2858",-0.2212,0.8269,0.328733,0,0.4832,4,3,FALSE,FALSE,FALSE
"GENE1210","GENE1210_HUMAN","P05163","Protein GENE1210",-0.3523,1,0.529757,0,0.2759,5,4,FALSE,FALSE,FALSE
"DHX29","DHX29_HUMAN","P19914","Protein DHX29",0.0247,1,0.833244,0,0.0792,4,3,FALSE,FALSE,FALSE
"GENE2701","GENE2701_HUMAN","P94373","Protein GENE2701",-0.5581,0.647113,0.16335,0.6244,0.7869,5,4,TRUE,TRUE,FALSE
"GENE1558","GENE1558_HUMAN","P58518","Protein GENE1558",0.3222,1,0.834396,0,0.0786,4,4,FALSE,FALSE,FALSE
"GENE2639","GENE2639_HUMAN","P19087","Protein GENE2639",0.0591,1,0.525551,0,0.2794,6,2,TRUE,FALSE,FALSE
"GENE1080","GENE1080_HUMAN","P87564","Protein GENE1080",0.3326,1,0.554101,0,0.2564,6,2,FALSE,FALSE,FALSE
"GENE0691","GENE0691_HUMAN","P99740","Protein GENE0691",-4.4273,0.059437,0.024251,1.1356,1.6153,5,5,FALSE,FALSE,TRUE
"GENE0375","GENE0375_HUMAN","P19190","Protein GENE0375",-0.3029,1,0.775263,0,0.1106,6,5,FALSE,FALSE,FALSE
"GENE1372","GENE1372_HUMAN","P20934","Protein GENE1372",2.4388,0.045234,0.021075,1.0259,1.6762,6,6,FALSE,FALSE,TRUE
"GENE1515","GENE1515_HUMAN","P67633","Protein GENE1515",0.0995,1,0.803343,0,0.0951,5,5,FALSE,FALSE,FALSE
"GENE2259","GENE2259_HUMAN","P01321","Protein GENE2259",-0.9165,0.01713,0.014085,1.5229,1.8512,4,6,TRUE,FALSE,TRUE
"GENE2481","GENE2481_HUMAN","P50655","Protein GENE2481",-0.3136,0.292255,0.110725,0.4321,0.9558,2,3,FALSE,TRUE,FALSE
"GENE1899","GENE1899_HUMAN","P43166","Protein GENE1899",0.1615,0.860377,0.227365,0.1925,0.6433,2,6,FALSE,FALSE,FALSE
"GENE0914","GENE0914_HUMAN","P81585","Protein GENE0914",0.2051,1,0.43222,0,0.3643,3,5,FALSE,FALSE,FALSE
"GENE2764","GENE2764_HUMAN","P78029","Protein GENE2764",-0.7055,1,0.777385,0,0.1094,2,3,FALSE,FALSE,FALSE
"GENE0502","GENE0502_HUMAN","P46356","Protein GENE0502",-0.2357,1,0.483788,0.2152,0.3153,6,4,FALSE,FALSE,FALSE
"GENE2558","GENE2558_HUMAN","P62860","Protein GENE2558",0.0435,0.400653,0.266812,0.2317,0.5738,6,5,FALSE,FALSE,FALSE
"GENE2092","GENE2092_HUMAN","P00517","Protein GENE2092",0.138,0.528157,0.281049,0.4187,0.5512,5,5,FALSE,FALSE,FALSE
"GENE1333","GENE1333_HUMAN","P32649","Protein GENE1333",0.2435,1,0.949064,0,0.0227,3,5,TRUE,FALSE,FALSE
"GENE1354","GENE1354_HUMAN","P40128","Protein GENE1354",-0.2726,1,0.657291,0,0.1822,2,6,FALSE,FALSE,FALSE
"GENE0671","GENE0671_HUMAN","P06418","Protein GENE0671",3.5376,0.041615,0.02246,1.14,1.6486,2,3,FALSE,TRUE,TRUE
"GENE1674","GENE1674_HUMAN","P67208","Protein GENE1674",-0.0024,1,0.645755,0.0184,0.1899,5,6,FALSE,FALSE,FALSE
"GENE0059","GENE0059_HUMAN","P94602","Protein GENE0059",0.1729,1,0.706821,0,0.1507,5,3,FALSE,FALSE,FALSE
"GENE1920","GENE1920_HUMAN","P89257","Protein GENE1920",-0.2523,1,0.872501,0,0.0592,2,5,TRUE,FALSE,FALSE
"GENE2619","GENE2619_HUMAN","P42150","Protein GENE2619",0.1459,1,0.808696,0,0.0922,6,6,FALSE,FALSE,FALSE
"GENE2845","GENE2845_HUMAN","P31775","Protein GENE2845",-0.5862,0.385759,0.262281,0.4955,0.5812,4,5,FALSE,FALSE,FALSE
"GENE0362","GENE0362_HUMAN","P60590","Protein GENE0362",0.2885,1,0.935263,0,0.0291,6,3,TRUE,FALSE,FALSE
"GENE2177","GENE2177_HUMAN","P10880","Protein GENE2177",-0.1542,0.462069,0.118407,0.2984,0.9266,3,5,FALSE,FALSE,FALSE
"GENE0263","GENE0263_HUMAN","P33050","Protein GENE0263",1.0431,0.165132,0.043434,1.0442,1.3622,4,2,TRUE,FALSE,TRUE
"GENE0435","GENE0435_HUMAN","P30656","Protein GENE0435",-0.166,1,0.993571,0,0.0028,6,5,FALSE,FALSE,FALSE
"GENE1530","GENE1530_HUMAN","P40024","Protein GENE1530",0.2201,0.604814,0.411486,0,0.3856,5,3,FALSE,FALSE,FALSE
"GENE1918","GENE1918_HUMAN","P90825","Protein GENE1918",-0.6581,0.875256,0.199101,0.2454,0.7009,3,3,TRUE,FALSE,FALSE
"GENE1415","GENE1415_HUMAN","P70425","Protein GENE1415",-1.0397,1,0.566833,0.1487,0.2465,4,5,FALSE,FALSE,FALSE
"GENE1858","GENE1858_HUMAN","P23094","Protein GENE1858",-0.0506,1,0.954064,0,0.0204,2,2,FALSE,TRUE,FALSE
"GENE1317","GENE1317_HUMAN","P29798","Protein GENE1317",-0.0127,0.41579,0.114409,0.8156,0.9415,2,6,FALSE,FALSE,FALSE
"GENE0446","GENE0446_HUMAN","P72971","Protein GENE0446",-0.1322,1,0.843479,0,0.0739,5,3,FALSE,FALSE,FALSE
"GENE0733","GENE0733_HUMAN","P86562","Protein GENE0733",3.7013,0.019258,0.004992,1.9762,2.3018,3,2,FALSE,FALSE,TRUE
"GENE2283","GENE2283_HUMAN","P36024","Protein GENE2283",0.3066,1,0.532722,0,0.2735,2,4,FALSE,FALSE,FALSE
"GENE1296","GENE1296_HUMAN","P78984","Protein GENE1296",-0.6493,1,0.481015,0,0.3178,6,5,FALSE,FALSE,FALSE
"GENE2774","GENE2774_HUMAN","P77658","Protein GENE2774",-0.3156,0.272939,0.062637,0.5584,1.2032,3,6,FALSE,TRUE,FALSE
"GENE1742","GENE1742_HUMAN","P96708","Protein GENE1742",-0.1119,1,0.928705,0,0.0321,3,2,FALSE,FALSE,FALSE
"GENE1855","GENE1855_HUMAN","P40601","Protein GENE1855",0.5125,0.396084,0.308423,0,0.5109,5,3,FALSE,FALSE,FALSE
"GENE1485","GENE1485_HUMAN","P93157","Protein GENE1485",0.0406,0.656702,0.41405,0,0.3829,5,3,FALSE,FALSE,FALSE
"GENE2121","GENE2121_HUMAN","P68544","Protein GENE2121",-0.2413,1,0.852363,0,0.0694,4,6,FALSE,FALSE,FALSE
"GENE0161","GENE0161_HUMAN","P47920","Protein GENE0161",0.4279,1,0.61172,0.1297,0.2134,3,4,FALSE,FALSE,FALSE
"GENE1243","GENE1243_HUMAN","P37922","Protein GENE1243",-0.8132,0.84995,0.569546,0,0.2445,2,5,FALSE,FALSE,FALSE
"GENE0335","GENE0335_HUMAN","P36271","Protein GENE0335",0.2999,1,0.743378,0,0.1288,4,5,FALSE,TRUE,FALSE
"GENE1892","GENE1892_HUMAN","P24661","Protein GENE1892",-0.368,0.248959,0.062155,0.898,1.2065,5,5,FALSE,FALSE,FALSE
"GENE0964","GENE0964_HUMAN","P02574","Protein GENE0964",0.0286,0.974554,0.2754,0,0.56,2,4,FALSE,FALSE,FALSE
"GENE2607","GENE2607_HUMAN","P78820","Protein GENE2607",0.0842,1,0.543998,0.0575,0.2644,2,6,FALSE,FALSE,FALSE
"GENE1519","GENE1519_HUMAN","P55886","Protein GENE1519",0.0142,1,0.689155,0,0.1617,2,5,FALSE,FALSE,FALSE
"GENE2743","GENE2743_HUMAN","P26103","Protein GENE2743",-0.3413,0.646136,0.307403,0.223,0.5123,3,6,FALSE,TRUE,FALSE
"GENE1491","GENE1491_HUMAN","P23002","Protein GENE1491",-0.4726,0.133581,0.077187,0.5,1.1125,2,6,FALSE,FALSE,FALSE
"GENE0250","GENE0250_HUMAN","P23312","Protein GENE0250",-0.2936,0.312263,0.119093,0.2589,0.9241,2,4,FALSE,TRUE,FALSE
"GENE0094","GENE0094_HUMAN","P09873","Protein GENE0094",0.1714,1,0.534514,0.0352,0.272,6,2,FALSE,TRUE,FALSE
"GENE2158","GENE2158_HUMAN","P86806","Protein GENE2158",-0.3282,0.291665,0.201753,0.1158,0.6952,4,2,FALSE,FALSE,FALSE
"GENE1904","GENE1904_HUMAN","P16866","Protein GENE1904",0.6148,1,0.730615,0,0.1363,6,3,FALSE,TRUE,FALSE
"GENE2516","GENE2516_HUMAN","P11360","Protein GENE2516",0.5107,1,0.797419,0.0141,0.0983,2,5,FALSE,FALSE,FALSE
"GENE1278","GENE1278_HUMAN","P79488","Protein GENE1278",0.0992,1,0.405546,0,0.392,5,6,FALSE,FALSE,FALSE
"GENE1504","GENE1504_HUMAN","P94721","Protein GENE1504",0.789,1,0.295187,0,0.5299,3,2,FALSE,FALSE,FALSE
"GENE0020","GENE0020_HUMAN","P46591","Protein GENE0020",0.396,1,0.574599,0,0.2406,5,4,FALSE,FALSE,FALSE
"GENE1224","GENE1224_HUMAN","P40240","Protein GENE1224",0.5494,0.308939,0.25165,0.4457,0.5992,6,2,FALSE,FALSE,FALSE
"GENE0055","GENE0055_HUMAN","P87306","Protein GENE0055",-0.0469,1,0.745017,0,0.1278,4,4,FALSE,FALSE,FALSE
"GENE1089","GENE1089_HUMAN","P17223","Protein GENE1089",-1.2666,1,0.831165,0,0.0803,2,5,FALSE,FALSE,FALSE
"GENE0706","GENE0706_HUMAN","P36674","Protein GENE0706",-0.0431,1,0.435145,0,0.3614,4,2,FALSE,FALSE,FALSE
"GENE1647","GENE1647_HUMAN","P92525","Protein GENE1647",0.9761,1,0.656932,0,0.1825,3,5,FALSE,FALSE,FALSE
"GENE0747","GENE0747_HUMAN","P06396","Protein GENE0747",-0.0856,1,0.635963,0.0689,0.1966,2,4,FALSE,FALSE,FALSE
"GENE0394","GENE0394_HUMAN","P99370","Protein GENE0394",-0.2376,1,0.332876,0,0.4777,5,5,FALSE,FALSE,FALSE
"GENE1516","GENE1516_HUMAN","P20504","Protein GENE1516",0.2727,1,0.311693,0.4075,0.5063,6,3,FALSE,TRUE,FALSE
"GENE2218","GENE2218_HUMAN","P80596","Protein GENE2218",-1.963,0.04026,0.008847,1.4161,2.0532,5,3,FALSE,FALSE,TRUE
"GENE0674","GENE0674_HUMAN","P98577","Protein GENE0674",-0.1596,1,0.773135,0,0.1117,2,3,FALSE,FALSE,FALSE
"GENE0504","GENE0504_HUMAN","P58390","Protein GENE0504",-0.2216,0.162008,0.082584,0.9374,1.0831,2,3,FALSE,FALSE,FALSE
"GENE1968","GENE1968_HUMAN","P40252","Protein GENE1968",0.4033,1,0.792066,0,0.1012,4,5,FALSE,TRUE,FALSE
"GENE2715","GENE2715_HUMAN","P83109","Protein GENE2715",-0.4722,0.771331,0.390744,0.3792,0.4081,6,5,FALSE,FALSE,FALSE
"GENE0119","GENE0119_HUMAN","P73650","Protein GENE0119",0.1832,1,0.646564,0,0.1894,2,3,FALSE,TRUE,FALSE
"GENE2462","GENE2462_HUMAN","P72775","Protein GENE2462",0.3502,1,0.719832,0,0.1428,6,2,FALSE,FALSE,FALSE
"GENE0149","GENE0149_HUMAN","P46438","Protein GENE0149",0.3758,1,0.739588,0,0.131,2,3,FALSE,FALSE,FALSE
"GENE1348","GENE1348_HUMAN","P82169","Protein GENE1348",0.528,1,0.52817,0,0.2772,5,3,FALSE,FALSE,FALSE
"GENE2863","GENE2863_HUMAN","P86000","Protein GENE2863",0.4278,0.950315,0.197829,0.0783,0.7037,2,4,FALSE,FALSE,FALSE
"GENE1353","GENE1353_HUMAN","P04171","Protein GENE1353",0.3358,0.857719,0.591726,0.0756,0.2279,2,5,TRUE,FALSE,FALSE
"GENE2289","GENE2289_HUMAN","P04074","Protein GENE2289",-0.0352,1,0.711637,0,0.1477,5,5,FALSE,FALSE,FALSE
"GENE0079","GENE0079_HUMAN","P26073","Protein GENE0079",-0.3502,1,0.486057,0.0064,0.3133,3,4,TRUE,FALSE,FALSE
"GENE2705","GENE2705_HUMAN","P38997","Protein GENE2705",-0.1973,1,0.789068,0,0.1029,3,4,FALSE,FALSE,FALSE
"GENE1611","GENE1611_HUMAN","P88713","Protein GENE1611",-0.0779,1,0.23483,0.0103,0.6292,3,2,FALSE,FALSE,FALSE
"GENE2021","GENE2021_HUMAN","P38373","Protein GENE2021",0.2478,1,0.401529,0,0.3963,5,6,FALSE,FALSE,FALSE
"GENE1112","GENE1112_HUMAN","P29553","Protein GENE1112",-0.0771,0.715321,0.227966,0,0.6421,4,5,TRUE,FALSE,FALSE
"GENE2003","GENE2003_HUMAN","P51110","Protein GENE2003",0.5084,1,0.341421,0,0.4667,3,6,FALSE,FALSE,FALSE
"GENE2745","GENE2745_HUMAN","P81579","Protein GENE2745",0.9962,0.100853,0.0205,1.06,1.6882,3,2,FALSE,FALSE,TRUE
"GENE0710","GENE0710_HUMAN","P72935","Protein GENE0710",0.6412,1,0.611282,0,0.2138,3,5,TRUE,FALSE,FALSE
"GENE1407","GENE1407_HUMAN","P14992","Protein GENE1407",-0.04,1,0.61687,0.178,0.2098,2,4,FALSE,FALSE,FALSE
"GENE2095","GENE2095_HUMAN","P18144","Protein GENE2095",0.7828,0.249718,0.241781,0.5065,0.6166,3,5,FALSE,FALSE,FALSE
"GENE1318","GENE1318_HUMAN","P18531","Protein GENE1318",-0.5155,1,0.542445,0.0337,0.2656,3,6,FALSE,TRUE,FALSE
"GENE1731","GENE1731_HUMAN","P10848","Protein GENE1731",0.4426,0.507919,0.122097,0.2975,0.9133,3,5,FALSE,FALSE,FALSE
"GENE0173","GENE0173_HUMAN","P27130","Protein GENE0173",0.5542,1,0.623416,0.0085,0.2052,6,2,FALSE,FALSE,FALSE
"GENE2505","GENE2505_HUMAN","P69164","Protein GENE2505",-0.1792,0.685324,0.385342,0,0.4142,3,4,FALSE,FALSE,FALSE
"GENE0669","GENE0669_HUMAN","P38120","Protein GENE0669",-0.1553,0.745192,0.176177,0.1533,0.754,3,3,FALSE,FALSE,FALSE
"GENE1813","GENE1813_HUMAN","P83997","Protein GENE1813",0.2091,0.947981,0.209326,0.363,0.6792,2,4,FALSE,FALSE,FALSE
"GENE0317","GENE0317_HUMAN","P49374","Protein GENE0317",-0.1224,0.106386,0.064343,0.8251,1.1915,3,6,FALSE,FALSE,FALSE
"GENE0589","GENE0589_HUMAN","P17889","Protein GENE0589",-0.1697,0.53023,0.129893,0.5262,0.8864,2,6,FALSE,FALSE,FALSE
"GENE0441","GENE0441_HUMAN","P19101","Protein GENE0441",0.0291,1,0.495022,0.0886,0.3054,3,3,TRUE,FALSE,FALSE
"GENE2561","GENE2561_HUMAN","P49594","Protein GENE2561",0.2511,1,0.999142,0,4e-04,3,5,TRUE,FALSE,FALSE
"GENE1268","GENE1268_HUMAN","P37969","Protein GENE1268",-0.1041,0.829068,0.592636,0,0.2272,3,6,FALSE,FALSE,FALSE
"GENE2486","GENE2486_HUMAN","P36594","Protein GENE2486",-0.2249,1,0.608837,0,0.2155,4,2,FALSE,FALSE,FALSE
"GENE1309","GENE1309_HUMAN","P68375","Protein GENE1309",-0.1077,1,0.773019,0,0.1118,2,4,FALSE,FALSE,FALSE
"GENE2595","GENE2595_HUMAN","P68344","Protein GENE2595",0.6315,1,0.312306,0,0.5054,5,3,FALSE,FALSE,FALSE
"GENE0846","GENE0846_HUMAN","P38303","Protein GENE0846",0.5454,1,0.947567,0,0.0234,6,6,FALSE,FALSE,FALSE
"GENE1392","GENE1392_HUMAN","P95029","Protein GENE1392",0.4845,0.104768,0.081074,0.6165,1.0911,2,4,FALSE,FALSE,FALSE
"GENE1541","GENE1541_HUMAN","P60630","Protein GENE1541",0.6831,1,0.952103,0,0.0213,4,2,FALSE,FALSE,FALSE
"GENE2220","GENE2220_HUMAN","P23131","Protein GENE2220",-0.3191,0.549467,0.333375,0,0.4771,2,5,FALSE,FALSE,FALSE
"GENE1431","GENE1431_HUMAN","P97265","Protein GENE1431",0.2459,0.769028,0.391502,0,0.4073,6,2,FALSE,TRUE,FALSE
"GENE0350","GENE0350_HUMAN","P05250","Protein GENE0350",0.6637,1,0.917297,0,0.0375,5,2,FALSE,TRUE,FALSE
"GENE0510","GENE0510_HUMAN","P78180","Protein GENE0510",0.0285,0.881934,0.306409,0.0042,0.5137,6,6,FALSE,FALSE,FALSE
"GENE0261","GENE0261_HUMAN","P78440","Protein GENE0261",0.9376,1,0.232448,0,0.6337,6,4,FALSE,FALSE,FALSE
"GENE1149","GENE1149_HUMAN","P83339","Protein GENE1149",2.2138,0.083366,0.037356,0.9518,1.4276,6,6,FALSE,FALSE,TRUE
"GENE0856","GENE0856_HUMAN","P92460","Protein GENE0856",0.2325,1,0.808038,0,0.0926,3,6,FALSE,FALSE,FALSE
"GENE0185","GENE0185_HUMAN","P23681","Protein GENE0185",0.4619,1,0.907822,0,0.042,2,4,FALSE,FALSE,FALSE
"GENE0461","GENE0461_HUMAN","P30838","Protein GENE0461",-0.0113,1,0.402707,0,0.395,3,2,TRUE,TRUE,FALSE
"GENE2766","GENE2766_HUMAN","P09292","Protein GENE2766",1.662,0.021055,0.018316,1.5435,1.7372,4,4,TRUE,FALSE,TRUE
"GENE1749","GENE1749_HUMAN","P05214","Protein GENE1749",-3.2725,0.130592,0.02896,0.9145,1.5382,2,3,FALSE,FALSE,TRUE
"GENE0998","GENE0998_HUMAN","P96185","Protein GENE0998",3.8958,0.083395,0.034613,1.4115,1.4608,4,2,FALSE,FALSE,TRUE
"GENE0343","GENE0343_HUMAN","P40128","Protein GENE0343",-0.2595,1,0.768669,0,0.1143,2,2,FALSE,FALSE,FALSE
"GENE1790","GENE1790_HUMAN","P25562","Protein GENE1790",-0.1554,1,0.874163,0,0.0584,4,5,FALSE,FALSE,FALSE
"GENE2043","GENE2043_HUMAN","P09718","Protein GENE2043",-0.1188,1,0.577286,0,0.2386,3,4,TRUE,FALSE,FALSE
"GENE1160","GENE1160_HUMAN","P57949","Protein GENE1160",0.7196,1,0.399425,0.1646,0.3986,2,4,FALSE,FALSE,FALSE
"GENE1527","GENE1527_HUMAN","P02340","Protein GENE1527",0.6232,1,0.236025,0.0229,0.627,2,2,TRUE,FALSE,FALSE
"GENE2750","GENE2750_HUMAN","P23944","Protein GENE2750",0.2589,1,0.865201,0,0.0629,4,5,FALSE,FALSE,FALSE
"GENE0731","GENE0731_HUMAN","P38068","Protein GENE0731",-0.3806,1,0.934856,0,0.0293,6,2,FALSE,FALSE,FALSE
"GENE2589","GENE2589_HUMAN","P61225","Protein GENE2589",0.1254,1,0.358107,0,0.446,2,4,FALSE,FALSE,FALSE
"GENE2813","GENE2813_HUMAN","P09954","Protein GENE2813",0.5798,1,0.740867,0,0.1303,6,4,FALSE,FALSE,FALSE
"GENE0505","GENE0505_HUMAN","P21890","Protein GENE0505",-3.1764,0.126997,0.036773,1.105,1.4345,4,5,FALSE,TRUE,TRUE
"GENE0778","GENE0778_HUMAN","P42124","Protein GENE0778",0.6627,1,0.974417,0,0.0113,4,3,FALSE,TRUE,FALSE
"GENE1141","GENE1141_HUMAN","P00975","Protein GENE1141",0.0523,0.483483,0.121655,0.4141,0.9149,2,4,FALSE,FALSE,FALSE
"GENE1532","GENE1532_HUMAN","P15767","Protein GENE1532",-0.3576,1,0.714285,0,0.1461,3,3,FALSE,FALSE,FALSE
"GENE1271","GENE1271_HUMAN","P30459","Protein GENE1271",-0.1772,0.641012,0.623931,0,0.2049,2,5,FALSE,TRUE,FALSE
"GENE0286","GENE0286_HUMAN","P22385","Protein GENE0286",-0.361,1,0.941746,0,0.0261,3,2,FALSE,FALSE,FALSE
"DDX3","DDX3_HUMAN","P72366","Protein DDX3",-0.3115,0.999335,0.733484,0,0.1346,4,4,FALSE,FALSE,FALSE
"GENE2493","GENE2493_HUMAN","P48572","Protein GENE2493",-0.1046,1,0.412948,0.1534,0.3841,6,2,FALSE,FALSE,FALSE
"GENE1651","GENE1651_HUMAN","P45880","Protein GENE1651",-0.846,0.035936,0.009872,1.7619,2.0056,5,5,FALSE,TRUE,TRUE
"GENE1639","GENE1639_HUMAN","P07447","Protein GENE1639",-0.5045,1,0.627327,0,0.2025,2,6,FALSE,FALSE,FALSE
"GENE2828","GENE2828_HUMAN","P20850","Protein GENE2828",-0.1501,0.68589,0.150209,0.2203,0.8233,2,4,FALSE,FALSE,FALSE
"GENE1479","GENE1479_HUMAN","P04878","Protein GENE1479",-0.2236,1,0.434633,0.1056,0.3619,2,3,FALSE,FALSE,FALSE
"GENE2339","GENE2339_HUMAN","P23981","Protein GENE2339",-0.5133,0.626553,0.536104,0,0.2708,6,3,FALSE,FALSE,FALSE
"GENE0301","GENE0301_HUMAN","P57966","Protein GENE0301",-0.2812,1,0.945567,0,0.0243,4,2,TRUE,TRUE,FALSE
"GENE0591","GENE0591_HUMAN","P38817","Protein GENE0591",1.0309,1,0.804236,0,0.0946,4,6,TRUE,FALSE,FALSE
"GENE2090","GENE2090_HUMAN","P77092","Protein GENE2090",0.3255,1,0.927506,0,0.0327,2,5,FALSE,FALSE,FALSE
"GENE0776","GENE0776_HUMAN","P06998","Protein GENE0776",-0.8274,1,0.9468,0,0.0237,6,3,FALSE,FALSE,FALSE
"GENE2476","GENE2476_HUMAN","P15383","Protein GENE2476",0.1535,1,0.611431,0,0.2137,2,6,FALSE,FALSE,FALSE
"GENE0654","GENE0654_HUMAN","P15342","Protein GENE0654",0.3288,1,0.990771,0,0.004,6,6,FALSE,TRUE,FALSE
"GENE1867","GENE1867_HUMAN","P48484","Protein GENE1867",4.1613,0.04179,0.02545,1.1828,1.5943,2,4,TRUE,FALSE,TRUE
"GENE2680","GENE2680_HUMAN","P23996","Protein GENE2680",-0.0649,1,0.498249,0,0.3026,4,5,FALSE,TRUE,FALSE
"GENE0132","GENE0132_HUMAN","P37084","Protein GENE0132",-0.7184,1,0.624188,0,0.2047,4,4,FALSE,FALSE,FALSE
"GENE2542","GENE2542_HUMAN","P43289","Protein GENE2542",-0.2282,0.524543,0.271045,0.0269,0.567,4,3,FALSE,FALSE,FALSE
"GENE1083","GENE1083_HUMAN","P20338","Protein GENE1083",0.1054,1,0.713357,0,0.1467,2,2,FALSE,TRUE,FALSE
"GENE0194","GENE0194_HUMAN","P25348","Protein GENE0194",-0.3224,1,0.800653,0,0.0966,3,5,FALSE,FALSE,FALSE
"GENE0965","GENE0965_HUMAN","P15126","Protein GENE0965",-0.0763,1,0.302293,0.362,0.5196,6,3,FALSE,FALSE,FALSE
"GENE2544","GENE2544_HUMAN","P30213","Protein GENE2544",-0.6557,1,0.54901,0.1013,0.2604,3,5,FALSE,FALSE,FALSE
"GENE1746","GENE1746_HUMAN","P04606","Protein GENE1746",-0.1369,1,0.602309,0,0.2202,3,3,TRUE,FALSE,FALSE
"GENE1154","GENE1154_HUMAN","P29206","Protein GENE1154",0.1724,1,0.715612,0,0.1453,4,6,FALSE,FALSE,FALSE
"GENE1931","GENE1931_HUMAN","P30878","Protein GENE1931",-0.8285,1,0.886212,0,0.0525,5,4,FALSE,FALSE,FALSE
"GENE1177","GENE1177_HUMAN","P49446","Protein GENE1177",0.0179,0.759853,0.281219,0,0.551,4,6,FALSE,FALSE,FALSE
"GENE1935","GENE1935_HUMAN","P45802","Protein GENE1935",0.0783,0.234152,0.104668,0.3008,0.9802,4,3,FALSE,FALSE,FALSE
"GENE0602","GENE0602_HUMAN","P26707","Protein GENE0602",-0.9772,0.143844,0.111586,0.4817,0.9524,4,4,TRUE,FALSE,FALSE
"GENE1244","GENE1244_HUMAN","P47321","Protein GENE1244",0.3563,0.935745,0.654738,0,0.1839,6,6,TRUE,FALSE,FALSE
"GENE0434","GENE0434_HUMAN","P26853","Protein GENE0434",-0.1413,0.123457,0.070174,0.8011,1.1538,4,2,FALSE,FALSE,FALSE
"GENE2340","GENE2340_HUMAN","P52436","Protein GENE2340",-0.0211,0.467634,0.11279,0.295,0.9477,6,2,FALSE,FALSE,FALSE
"GENE1125","GENE1125_HUMAN","P50081","Protein GENE1125",0.9347,1,0.857762,0,0.0666,6,2,FALSE,FALSE,FALSE
"GENE0549","GENE0549_HUMAN","P47844","Protein GENE0549",0.0578,0.295631,0.181286,0.4926,0.7416,4,4,FALSE,FALSE,FALSE
"GENE2136","GENE2136_HUMAN","P17847","Protein GENE2136",-0.023,1,0.602722,0,0.2199,6,2,FALSE,FALSE,FALSE
"GENE1941","GENE1941_HUMAN","P02032","Protein GENE1941",-0.6362,0.142704,0.077597,0.9358,1.1102,4,5,FALSE,FALSE,FALSE
"GENE1114","GENE1114_HUMAN","P32362","Protein GENE1114",0.2604,1,0.416354,0.3199,0.3805,5,5,TRUE,FALSE,FALSE
"GENE2113","GENE2113_HUMAN","P38148","Protein GENE2113",-0.1941,1,0.492925,0,0.3072,6,6,TRUE,FALSE,FALSE
"GENE0871","GENE0871_HUMAN","P60209","Protein GENE0871",0.3409,1,0.683459,0,0.1653,5,6,FALSE,FALSE,FALSE
"GENE1744","GENE1744_HUMAN","P12356","Protein GENE1744",-0.4776,1,0.56165,0,0.2505,3,3,FALSE,FALSE,FALSE
"GENE2055","GENE2055_HUMAN","P47049","Protein GENE2055",0.3893,1,0.396426,0,0.4018,5,4,FALSE,FALSE,FALSE
"GENE0038","GENE0038_HUMAN","P96667","Protein GENE0038",-0.6748,0.910098,0.306069,0.0871,0.5142,3,6,FALSE,TRUE,FALSE
"GENE2668","GENE2668_HUMAN","P43423","Protein GENE2668",0.3132,1,0.65109,0,0.1864,2,2,FALSE,FALSE,FALSE
"GENE1627","GENE1627_HUMAN","P20454","Protein GENE1627",-0.1514,1,0.632812,0.1064,0.1987,2,5,TRUE,FALSE,FALSE
"GENE0997","GENE0997_HUMAN","P55353","Protein GENE0997",0.6635,1,0.471064,0.0538,0.3269,2,3,FALSE,FALSE,FALSE
"GENE0771","GENE0771_HUMAN","P80530","Protein GENE0771",0.1717,1,0.812125,0,0.0904,4,4,FALSE,FALSE,FALSE
"GENE0707","GENE0707_HUMAN","P57810","Protein GENE0707",0.2567,0.284616,0.138165,0.3688,0.8596,3,6,TRUE,FALSE,FALSE
"GENE1383","GENE1383_HUMAN","P37405","Protein GENE1383",0.2501,1,0.416231,0.0687,0.3807,3,6,FALSE,FALSE,FALSE
"GENE1285","GENE1285_HUMAN","P57231","Protein GENE1285",0.4896,0.581536,0.329084,0,0.4827,5,2,FALSE,FALSE,FALSE
"GENE1733","GENE1733_HUMAN","P82339","Protein GENE1733",-0.0101,1,0.235386,0.195,0.6282,3,3,FALSE,FALSE,FALSE
"GENE2875","GENE2875_HUMAN","P49318","Protein GENE2875",0.154,1,0.902717,0,0.0444,5,2,FALSE,FALSE,FALSE
"GENE0440","GENE0440_HUMAN","P95958","Protein GENE0440",0.3838,1,0.745463,0,0.1276,3,4,FALSE,FALSE,FALSE
"GENE0622","GENE0622_HUMAN","P29636","Protein GENE0622",-0.123,0.239638,0.157438,0.3356,0.8029,3,2,FALSE,FALSE,FALSE
"GENE1156","GENE1156_HUMAN","P42299","Protein GENE1156",0.7324,0.522429,0.37874,0,0.4217,3,6,FALSE,FALSE,FALSE
"GENE0861","GENE0861_HUMAN","P68909","Protein GENE0861",-0.2996,0.850317,0.480615,0,0.3182,6,3,FALSE,FALSE,FALSE
"GENE1893","GENE1893_HUMAN","P59014","Protein GENE1893",-0.3331,1,0.42288,0,0.3738,3,2,FALSE,FALSE,FALSE
"GENE1070","GENE1070_HUMAN","P50667","Protein GENE1070",-0.4959,1,0.758478,0,0.1201,5,4,FALSE,FALSE,FALSE
"GENE0848","GENE0848_HUMAN","P60788","Protein GENE0848",-0.1737,1,0.997652,0,0.001,3,4,FALSE,TRUE,FALSE
"GENE0306","GENE0306_HUMAN","P54840","Protein GENE0306",-0.2813,1,0.792447,0,0.101,4,5,FALSE,FALSE,FALSE
"GENE1996","GENE1996_HUMAN","P64331","Protein GENE1996",-0.1963,1,0.928951,0,0.032,2,5,FALSE,FALSE,FALSE
"GENE2129","GENE2129_HUMAN","P56236","Protein GENE2129",0.6236,1,0.642417,0.1704,0.1922,6,4,FALSE,FALSE,FALSE
"GENE0541","GENE0541_HUMAN","P87009","Protein GENE0541",0.0719,1,0.51758,0,0.286,5,5,FALSE,FALSE,FALSE
"GENE2711","GENE2711_HUMAN","P73190","Protein GENE2711",0.1025,1,0.813605,0,0.0896,4,2,FALSE,FALSE,FALSE
"GENE0433","GENE0433_HUMAN","P18368","Protein GENE0433",-0.0451,1,0.896355,0,0.0475,3,4,FALSE,FALSE,FALSE
"GENE1944","GENE1944_HUMAN","P18796","Protein GENE1944",-0.1859,0.903274,0.207814,0.1655,0.6823,4,2,TRUE,FALSE,FALSE
"GENE1334","GENE1334_HUMAN","P50701","Protein GENE1334",0.1132,1,0.686232,0,0.1635,3,3,FALSE,TRUE,FALSE
"GENE1975","GENE1975_HUMAN","P82200","Protein GENE1975",0.134,1,0.751145,0,0.1243,5,3,TRUE,FALSE,FALSE
"GENE1449","GENE1449_HUMAN","P79471","Protein GENE1449",0.8197,1,0.849184,0,0.071,4,4,FALSE,FALSE,FALSE
"GENE1596","GENE1596_HUMAN","P98862","Protein GENE1596",-0.0582,1,0.429857,0,0.3667,5,2,FALSE,FALSE,FALSE
"GENE2379","GENE2379_HUMAN","P11322","Protein GENE2379",0.3835,1,0.338018,0,0.4711,3,2,TRUE,FALSE,FALSE
"GENE0548","GENE0548_HUMAN","P40317","Protein GENE0548",0.0381,1,0.367906,0.0099,0.4343,3,4,FALSE,FALSE,FALSE
"GENE1393","GENE1393_HUMAN","P54168","Protein GENE1393",-0.4127,1,0.792383,0,0.1011,3,3,FALSE,FALSE,FALSE
"GENE2219","GENE2219_HUMAN","P79692","Protein GENE2219",-0.1477,0.791989,0.283422,0.1309,0.5476,4,5,FALSE,FALSE,FALSE
"GENE0752","GENE0752_HUMAN","P88327","Protein GENE0752",0.3135,0.525645,0.137798,0.5082,0.8608,3,4,FALSE,FALSE,FALSE
"GENE0398","GENE0398_HUMAN","P62921","Protein GENE0398",-4.038,0.038531,0.008287,1.5048,2.0816,6,5,FALSE,FALSE,TRUE
"GENE2721","GENE2721_HUMAN","P02962","Protein GENE2721",0.1662,1,0.632808,0,0.1987,6,4,FALSE,FALSE,FALSE
"GENE2702","GENE2702_HUMAN","P17987","Protein GENE2702",1.1619,1,0.289116,0.2097,0.5389,3,3,FALSE,TRUE,FALSE
"GENE0507","GENE0507_HUMAN","P65810","Protein GENE0507",-0.0076,0.149102,0.140477,0.331,0.8524,4,6,FALSE,TRUE,FALSE
"GENE2826","GENE2826_HUMAN","P41444","Protein GENE2826",-0.3332,0.915083,0.399185,0,0.3988,5,4,TRUE,FALSE,FALSE
"GENE2150","GENE2150_HUMAN","P72366","Protein GENE2150",0.0927,1,0.600173,0,0.2217,3,4,FALSE,FALSE,FALSE
"GENE0392","GENE0392_HUMAN","P84136","Protein GENE0392",-2.8256,0.133358,0.043174,0.8164,1.3648,4,6,FALSE,FALSE,TRUE
"GENE1534","GENE1534_HUMAN","P19179","Protein GENE1534",0.8348,0.075654,0.041259,0.7331,1.3845,5,3,FALSE,TRUE,TRUE
"GENE1291","GENE1291_HUMAN","P83525","Protein GENE1291",-0.0544,1,0.891694,0,0.0498,4,2,FALSE,FALSE,FALSE
"GENE2153","GENE2153_HUMAN","P42899","Protein GENE2153",-0.5968,1,0.519351,0,0.2845,5,3,FALSE,FALSE,FALSE
"GENE2469","GENE2469_HUMAN","P82889","Protein GENE2469",-0.0493,1,0.716109,0,0.145,5,4,FALSE,FALSE,FALSE
"GENE0475","GENE0475_HUMAN","P85636","Protein GENE0475",0.3247,0.891377,0.645496,0,0.1901,4,6,FALSE,FALSE,FALSE
"GENE1891","GENE1891_HUMAN","P70281","Protein GENE1891",4.2927,0.050769,0.045249,0.6954,1.3444,3,6,FALSE,FALSE,TRUE
"GENE0188","GENE0188_HUMAN","P27129","Protein GENE0188",-0.0785,0.493502,0.186677,0.1695,0.7289,5,5,FALSE,FALSE,FALSE
"GENE2629","GENE2629_HUMAN","P41075","Protein GENE2629",-0.2102,0.174205,0.108966,0.4413,0.9627,3,2,FALSE,TRUE,FALSE
"DDX17","DDX17_HUMAN","P30085","Protein DDX17",0.519,1,0.274103,0,0.5621,2,3,FALSE,FALSE,FALSE
"GENE1081","GENE1081_HUMAN","P42398","Protein GENE1081",0.0234,1,0.706197,0.002,0.1511,5,6,FALSE,FALSE,FALSE
"GENE2790","GENE2790_HUMAN","P74077","Protein GENE2790",0.3259,1,0.585164,0,0.2327,6,5,FALSE,FALSE,FALSE
"GENE1115","GENE1115_HUMAN","P89792","Protein GENE1115",-0.6893,0.462149,0.100169,0.5914,0.9993,3,4,FALSE,FALSE,FALSE
"GENE0649","GENE0649_HUMAN","P25441","Protein GENE0649",-0.2148,1,0.875481,0,0.0578,6,6,FALSE,FALSE,FALSE
"GENE2409","GENE2409_HUMAN","P08258","Protein GENE2409",0.3041,1,0.63601,0.0151,0.1965,4,3,FALSE,FALSE,FALSE
"GENE0232","GENE0232_HUMAN","P77238","Protein GENE0232",-0.4216,1,0.737624,0,0.1322,4,6,FALSE,FALSE,FALSE
"GENE0270","GENE0270_HUMAN","P33775","Protein GENE0270",0.6747,1,0.838822,0,0.0763,2,4,FALSE,FALSE,FALSE
"NEK6","NEK6_HUMAN","P03040","Protein NEK6",0.324,1,0.524964,0.0155,0.2799,2,4,FALSE,FALSE,FALSE
"GENE0451","GENE0451_HUMAN","P00863","Protein GENE0451",-0.4432,0.663162,0.281494,0.1851,0.5505,2,4,FALSE,FALSE,FALSE
"GENE1003","GENE1003_HUMAN","P16613","Protein GENE1003",1.7469,0.016267,0.007239,1.8707,2.1403,5,2,FALSE,TRUE,TRUE
"GENE0043","GENE0043_HUMAN","P31488","Protein GENE0043",-0.553,1,0.917144,0,0.0376,6,3,FALSE,TRUE,FALSE
"GENE0346","GENE0346_HUMAN","P18621","Protein GENE0346",0.2169,1,0.523304,0,0.2812,6,5,FALSE,FALSE,FALSE
"GENE0160","GENE0160_HUMAN","P42680","Protein GENE0160",-4.3179,0.029228,0.006772,1.5987,2.1693,2,4,FALSE,FALSE,TRUE
"GENE1747","GENE1747_HUMAN","P71858","Protein GENE1747",3.6396,0.081585,0.01851,1.1784,1.7326,6,3,FALSE,FALSE,TRUE
"GENE1848","GENE1848_HUMAN","P60480","Protein GENE1848",0.511,0.738389,0.635977,0,0.1966,5,2,FALSE,FALSE,FALSE
"GENE1337","GENE1337_HUMAN","P78855","Protein GENE1337",0.0582,1,0.984253,0,0.0069,5,3,FALSE,TRUE,FALSE
"GENE0259","GENE0259_HUMAN","P00232","Protein GENE0259",0.083,1,0.840142,0,0.0756,3,4,FALSE,TRUE,FALSE
"GENE0854","GENE0854_HUMAN","P62317","Protein GENE0854",-0.1578,0.88432,0.314569,0.464,0.5023,6,5,FALSE,FALSE,FALSE
"GENE2465","GENE2465_HUMAN","P08565","Protein GENE2465",0.0197,0.769361,0.25336,0.0713,0.5963,2,6,FALSE,FALSE,FALSE
"GENE1036","GENE1036_HUMAN","P71506","Protein GENE1036",-0.0907,0.322837,0.090312,0.5882,1.0443,6,4,FALSE,FALSE,FALSE
"GENE1805","GENE1805_HUMAN","P59506","Protein GENE1805",2.0656,0.075671,0.017894,1.3792,1.7473,6,3,FALSE,FALSE,TRUE
"GENE0383","GENE0383_HUMAN","P24845","Protein GENE0383",0.2861,1,0.838094,0,0.0767,3,4,FALSE,FALSE,FALSE
"GENE0898","GENE0898_HUMAN","P04512","Protein GENE0898",-0.2835,1,0.485461,0,0.3138,4,6,FALSE,FALSE,FALSE
"GENE0469","GENE0469_HUMAN","P51931","Protein GENE0469",0.7082,1,0.788976,0,0.1029,5,2,FALSE,FALSE,FALSE
"GENE0124","GENE0124_HUMAN","P43979","Protein GENE0124",-0.161,1,0.47572,0,0.3226,5,6,FALSE,FALSE,FALSE
"GENE2091","GENE2091_HUMAN","P92582","Protein GENE2091",-0.2318,1,0.762004,0,0.118,3,4,FALSE,FALSE,FALSE
"GENE2321","GENE2321_HUMAN","P89983","Protein GENE2321",-0.0444,1,0.707286,0,0.1504,2,2,FALSE,FALSE,FALSE
"GENE1066","GENE1066_HUMAN","P16993","Protein GENE1066",0.0664,1,0.997527,0,0.0011,6,6,FALSE,FALSE,FALSE
"GENE0845","GENE0845_HUMAN","P37500","Protein GENE0845",-0.116,1,0.283964,0.0432,0.5467,3,2,FALSE,TRUE,FALSE
"GENE1995","GENE1995_HUMAN","P34556","Protein GENE1995",0.2437,1,0.842177,0,0.0746,4,2,FALSE,FALSE,FALSE
"GENE2194","GENE2194_HUMAN","P87009","Protein GENE2194",-0.3746,1,0.55374,0,0.2567,3,5,FALSE,FALSE,FALSE
"GENE0891","GENE0891_HUMAN","P01187","Protein GENE0891",3.841,0.179637,0.04448,0.9564,1.3518,5,2,FALSE,TRUE,TRUE
"GENE1091","GENE1091_HUMAN","P44206","Protein GENE1091",-0.4709,1,0.626139,0,0.2033,2,6,FALSE,FALSE,FALSE
"GENE2152","GENE2152_HUMAN","P22697","Protein GENE2152",-4.1052,0.055803,0.023796,1.108,1.6235,4,3,FALSE,FALSE,TRUE
"GENE1440","GENE1440_HUMAN","P89807","Protein GENE1440",0.49,1,0.391126,0,0.4077,6,6,FALSE,FALSE,FALSE
"GENE1926","GENE1926_HUMAN","P07743","Protein GENE1926",-0.5612,0.902161,0.208916,0.5054,0.68,2,5,FALSE,FALSE,FALSE
"GENE0800","GENE0800_HUMAN","P64821","Protein GENE0800",-0.1211,1,0.547934,0,0.2613,6,5,FALSE,FALSE,FALSE
"GENE0638","GENE0638_HUMAN","P33026","Protein GENE0638",0.0136,1,0.858545,0,0.0662,5,4,FALSE,FALSE,FALSE
"GENE1248","GENE1248_HUMAN","P98402","Protein GENE1248",0.4217,1,0.790958,0,0.1018,6,3,FALSE,FALSE,FALSE
"GENE2518","GENE2518_HUMAN","P23917","Protein GENE2518",-0.3029,1,0.888024,0,0.0516,4,5,FALSE,FALSE,FALSE
"GENE0769","GENE0769_HUMAN","P85260","Protein GENE0769",-0.1251,0.693583,0.390888,0,0.4079,2,2,FALSE,FALSE,FALSE
"GENE1692","GENE1692_HUMAN","P73809","Protein GENE1692",0.2782,0.638258,0.143086,0.6856,0.8444,2,2,FALSE,FALSE,FALSE
"GENE1702","GENE1702_HUMAN","P33176","Protein GENE1702",0.0571,1,0.609871,0,0.2148,3,6,FALSE,FALSE,FALSE
"GENE0666","GENE0666_HUMAN","P94138","Protein GENE0666",-0.3975,0.476754,0.119267,0.2664,0.9235,6,2,FALSE,FALSE,FALSE
"GENE1936","GENE1936_HUMAN","P81456","Protein GENE1936",0.1317,1,0.83703,0,0.0773,5,3,FALSE,FALSE,FALSE
"GENE1098","GENE1098_HUMAN","P84738","Protein GENE1098",-0.1856,1,0.884223,0,0.0534,6,6,FALSE,FALSE,FALSE
"GENE0427","GENE0427_HUMAN","P36365","Protein GENE0427",-0.063,1,0.780773,0.0221,0.1075,2,3,FALSE,FALSE,FALSE
"GENE0537","GENE0537_HUMAN","P93636","Protein GENE0537",-3.0196,0.025577,0.005239,1.6224,2.2807,2,6,FALSE,FALSE,TRUE
"GENE1740","GENE1740_HUMAN","P79744","Protein GENE1740",-0.197,0.612437,0.122964,0.3938,0.9102,6,4,FALSE,FALSE,FALSE
"GENE0106","GENE0106_HUMAN","P55071","Protein GENE0106",0.8338,1,0.782465,0,0.1065,2,5,FALSE,FALSE,FALSE
"GENE1696","GENE1696_HUMAN","P09376","Protein GENE1696",-0.1731,1,0.915659,0,0.0383,6,3,FALSE,FALSE,FALSE
"GENE2351","GENE2351_HUMAN","P15747","Protein GENE2351",0.6866,1,0.379252,0.2231,0.4211,3,5,FALSE,FALSE,FALSE
"GENE2163","GENE2163_HUMAN","P30910","Protein GENE2163",-0.0342,0.690379,0.313484,0.1344,0.5038,3,4,FALSE,FALSE,FALSE
"GENE1915","GENE1915_HUMAN","P44216","Protein GENE1915",4.2964,0.025028,0.016148,1.4673,1.7919,5,4,TRUE,FALSE,TRUE
"GENE1127","GENE1127_HUMAN","P59659","Protein GENE1127",0.4998,0.716339,0.428175,0.0299,0.3684,3,2,FALSE,FALSE,FALSE
"GENE1237","GENE1237_HUMAN","P86557","Protein GENE1237",-0.7551,1,0.801344,0,0.0962,6,3,FALSE,FALSE,FALSE
"GENE1497","GENE1497_HUMAN","P44499","Protein GENE1497",-0.375,1,0.919879,0,0.0363,2,3,FALSE,FALSE,FALSE
"GENE2357","GENE2357_HUMAN","P01322","Protein GENE2357",-0.3355,1,0.570009,0,0.2441,2,3,FALSE,FALSE,FALSE
"GENE2251","GENE2251_HUMAN","P04916","Protein GENE2251",-0.2134,1,0.773876,0.0091,0.1113,3,2,FALSE,FALSE,FALSE
"GENE0685","GENE0685_HUMAN","P20411","Protein GENE0685",-0.6393,1,0.950338,0,0.0221,2,2,FALSE,FALSE,FALSE
"GENE0199","GENE0199_HUMAN","P05272","Protein GENE0199",-0.0114,1,0.790914,0,0.1019,4,5,TRUE,FALSE,FALSE
"GENE2328","GENE2328_HUMAN","P21989","Protein GENE2328",-0.5881,1,0.42713,0,0.3694,3,4,FALSE,FALSE,FALSE
"GENE1576","GENE1576_HUMAN","P38472","Protein GENE1576",-0.3679,1,0.644141,0,0.191,3,3,FALSE,TRUE,FALSE
"GENE1086","GENE1086_HUMAN","P32130","Protein GENE1086",-0.3405,1,0.733205,0,0.1348,4,2,FALSE,FALSE,FALSE
"GENE1365","GENE1365_HUMAN","P81304","Protein GENE1365",0.3331,1,0.426481,0.1334,0.3701,3,3,FALSE,FALSE,FALSE
"GENE2628","GENE2628_HUMAN","P86376","Protein GENE2628",-0.094,1,0.634781,0,0.1974,5,3,FALSE,FALSE,FALSE
"GENE2301","GENE2301_HUMAN","P35882","Protein GENE2301",-0.2751,1,0.921176,0,0.0357,5,3,FALSE,FALSE,FALSE
"GENE1801","GENE1801_HUMAN","P18494","Protein GENE1801",-0.4855,0.400444,0.164926,0.6748,0.7827,5,2,FALSE,FALSE,FALSE
"GENE0568","GENE0568_HUMAN","P64566","Protein GENE0568",-0.2972,1,0.771677,0,0.1126,4,5,FALSE,FALSE,FALSE
"GENE1399","GENE1399_HUMAN","P36915","Protein GENE1399",-0.503,1,0.653428,0,0.1848,6,5,FALSE,FALSE,FALSE
"GENE2615","GENE2615_HUMAN","P19675","Protein GENE2615",0.4379,1,0.987717,0,0.0054,2,6,FALSE,FALSE,FALSE
"GENE2874","GENE2874_HUMAN","P13090","Protein GENE2874",3.7367,0.018922,0.016189,1.2796,1.7908,5,6,FALSE,FALSE,TRUE
"GENE1411","GENE1411_HUMAN","P11817","Protein GENE1411",-0.221,0.771249,0.26174,0,0.5821,5,3,FALSE,FALSE,FALSE
"GENE1843","GENE1843_HUMAN","P76325","Protein GENE1843",-0.14,1,0.958938,0,0.0182,6,2,FALSE,FALSE,FALSE
"GENE2229","GENE2229_HUMAN","P55472","Protein GENE2229",0.5653,1,0.69889,0,0.1556,6,6,FALSE,FALSE,FALSE
"GENE0077","GENE0077_HUMAN","P58565","Protein GENE0077",0.1545,1,0.346652,0.2437,0.4601,6,3,FALSE,FALSE,FALSE
"GENE0744","GENE0744_HUMAN","P00771","Protein GENE0744",0.6671,0.062529,0.022386,1.1482,1.65,6,6,FALSE,FALSE,TRUE
"GENE2803","GENE2803_HUMAN","P22648","Protein GENE2803",0.4628,1,0.962186,0,0.0167,6,4,FALSE,FALSE,FALSE
"GENE1000","GENE1000_HUMAN","P82101","Protein GENE1000",-0.3153,1,0.718256,0,0.1437,6,3,FALSE,FALSE,FALSE
"GENE1277","GENE1277_HUMAN","P05623","Protein GENE1277",-0.1147,1,0.557572,0,0.2537,2,5,FALSE,FALSE,FALSE
"GENE2656","GENE2656_HUMAN","P84052","Protein GENE2656",1.3246,1,0.439135,0,0.3574,2,5,FALSE,FALSE,FALSE
"GENE2399","GENE2399_HUMAN","P51054","Protein GENE2399",0.1708,0.600693,0.281913,0,0.5499,4,5,FALSE,FALSE,FALSE
"GENE2320","GENE2320_HUMAN","P51780","Protein GENE2320",0.7328,1,0.758705,0,0.1199,5,2,FALSE,FALSE,FALSE
"GENE0763","GENE0763_HUMAN","P20932","Protein GENE0763",-0.248,0.427364,0.20862,0.0955,0.6806,2,5,FALSE,FALSE,FALSE
"GENE2621","GENE2621_HUMAN","P77589","Protein GENE2621",-0.1293,1,0.880203,0,0.0554,3,6,FALSE,FALSE,FALSE
"GENE1854","GENE1854_HUMAN","P86721","Protein GENE1854",0.1621,1,0.571471,0,0.243,3,4,FALSE,FALSE,FALSE
"GENE2466","GENE2466_HUMAN","P84356","Protein GENE2466",0.0787,0.804703,0.494156,0.2445,0.3061,2,3,FALSE,FALSE,FALSE
"GENE1990","GENE1990_HUMAN","P04170","Protein GENE1990",-0.343,1,0.716879,0.1373,0.1446,5,3,TRUE,FALSE,FALSE
"GENE1681","GENE1681_HUMAN","P05655","Protein GENE1681",-0.5556,1,0.93414,0,0.0296,5,6,TRUE,TRUE,FALSE
"GENE2032","GENE2032_HUMAN","P89255","Protein GENE2032",0.2247,0.897462,0.355287,0.1607,0.4494,5,5,FALSE,FALSE,FALSE
"GENE0289","GENE0289_HUMAN","P61379","Protein GENE0289",-0.6692,1,0.662908,0,0.1785,6,3,FALSE,FALSE,FALSE
"GENE2420","GENE2420_HUMAN","P00364","Protein GENE2420",-0.6129,1,0.475638,0.1467,0.3227,4,4,FALSE,FALSE,FALSE
"GENE1762","GENE1762_HUMAN","P32768","Protein GENE1762",0.5981,0.408397,0.140711,0.7323,0.8517,2,3,FALSE,TRUE,FALSE
"GENE1664","GENE1664_HUMAN","P60540","Protein GENE1664",-0.1848,0.178961,0.107887,0.3783,0.967,4,3,FALSE,FALSE,FALSE
"GENE0897","GENE0897_HUMAN","P28728","Protein GENE0897",-0.7616,1,0.593049,0,0.2269,5,3,FALSE,FALSE,FALSE
"GENE2198","GENE2198_HUMAN","P26988","Protein GENE2198",0.4233,0.869655,0.199396,0.452,0.7003,6,5,FALSE,FALSE,FALSE
"GENE0709","GENE0709_HUMAN","P15120","Protein GENE0709",0.9641,0.076957,0.026551,1.5728,1.5759,6,6,FALSE,FALSE,TRUE
"GENE1391","GENE1391_HUMAN","P62179","Protein GENE1391",-0.1694,1,0.95423,0,0.0203,3,5,FALSE,FALSE,FALSE
"GENE0131","GENE0131_HUMAN","P83903","Protein GENE0131",0.245,1,0.4596,0,0.3376,6,3,FALSE,FALSE,FALSE
"GENE1321","GENE1321_HUMAN","P70646","Protein GENE1321",-0.0568,1,0.998902,0,5e-04,3,6,FALSE,FALSE,FALSE
"GENE1587","GENE1587_HUMAN","P67783","Protein GENE1587",-0.2698,0.725856,0.482175,0,0.3168,6,2,FALSE,FALSE,FALSE
"GENE2602","GENE2602_HUMAN","P48494","Protein GENE2602",-0.1174,1,0.525206,0,0.2797,2,5,FALSE,FALSE,FALSE
"GENE2434","GENE2434_HUMAN","P01335","Protein GENE2434",-0.2679,1,0.885501,0,0.0528,4,3,FALSE,FALSE,FALSE
"GENE1464","GENE1464_HUMAN","P29539","Protein GENE1464",-0.3025,1,0.787849,0,0.1036,5,5,FALSE,FALSE,FALSE
"GENE0843","GENE0843_HUMAN","P04002","Protein GENE0843",0.5215,0.144859,0.068444,0.4952,1.1647,4,2,TRUE,FALSE,FALSE
"GENE2869","GENE2869_HUMAN","P30931","Protein GENE2869",0.5092,1,0.912867,0,0.0396,5,6,TRUE,FALSE,FALSE
"GENE0616","GENE0616_HUMAN","P24132","Protein GENE0616",0.1042,0.458086,0.341772,0,0.4663,2,5,FALSE,FALSE,FALSE
"GENE1163","GENE1163_HUMAN","P33183","Protein GENE1163",0.8134,1,0.73983,0.0412,0.1309,4,2,FALSE,FALSE,FALSE
"GENE2581","GENE2581_HUMAN","P68189","Protein GENE2581",0.3886,1,0.302699,0.2901,0.519,3,3,FALSE,FALSE,FALSE
"GENE1138","GENE1138_HUMAN","P90371","Protein GENE1138",0.448,1,0.753612,0,0.1229,4,3,FALSE,FALSE,FALSE
"GENE2682","GENE2682_HUMAN","P03452","Protein GENE2682",-0.2684,1,0.855783,0,0.0676,6,4,FALSE,FALSE,FALSE
"GENE2886","GENE2886_HUMAN","P14070","Protein GENE2886",-0.0194,1,0.747418,0.0669,0.1264,6,5,FALSE,FALSE,FALSE
"GENE2223","GENE2223_HUMAN","P78412","Protein GENE2223",0.5437,1,0.728617,0,0.1375,6,3,FALSE,FALSE,FALSE
"GENE0307","GENE0307_HUMAN","P63041","Protein GENE0307",-0.1501,1,0.760208,0,0.1191,2,6,FALSE,FALSE,FALSE
"GENE2446","GENE2446_HUMAN","P02569","Protein GENE2446",-0.8779,0.136552,0.045245,0.7486,1.3444,2,6,FALSE,TRUE,TRUE
"GENE0465","GENE0465_HUMAN","P99808","Protein GENE0465",0.2186,1,0.496727,0,0.3039,2,4,FALSE,TRUE,FALSE
"GENE0018","GENE0018_HUMAN","P25449","Protein GENE0018",0.4108,1,0.300599,0,0.522,6,4,FALSE,FALSE,FALSE
"GENE1123","GENE1123_HUMAN","P83647","Protein GENE1123",-0.7524,0.534754,0.118771,0.314,0.9253,4,4,FALSE,FALSE,FALSE
"GENE2398","GENE2398_HUMAN","P68543","Protein GENE2398",3.7362,0.076854,0.019743,1.4972,1.7046,5,5,FALSE,FALSE,TRUE
"GENE0822","GENE0822_HUMAN","P05727","Protein GENE0822",-0.1085,0.938783,0.290206,0.0263,0.5373,4,2,FALSE,FALSE,FALSE
"GENE2077","GENE2077_HUMAN","P34005","Protein GENE2077",-0.4401,1,0.867575,0,0.0617,2,2,TRUE,FALSE,FALSE
"GENE0202","GENE0202_HUMAN","P62766","Protein GENE0202",0.3096,0.668564,0.322569,0,0.4914,6,6,FALSE,FALSE,FALSE
"GENE1773","GENE1773_HUMAN","P46108","Protein GENE1773",-0.17,1,0.413372,0,0.3837,3,4,FALSE,FALSE,FALSE
"GENE1470","GENE1470_HUMAN","P06889","Protein GENE1470",0.0203,1,0.328592,0,0.4833,6,4,FALSE,FALSE,FALSE
"GENE0816","GENE0816_HUMAN","P95404","Protein GENE0816",0.0598,0.614628,0.544737,0,0.2638,6,3,FALSE,FALSE,FALSE
"GENE0120","GENE0120_HUMAN","P34167","Protein GENE0120",-0.5334,1,0.970302,0,0.0131,3,6,FALSE,FALSE,FALSE
"GENE2799","GENE2799_HUMAN","P54693","Protein GENE2799",0.5834,0.323564,0.085827,0.4022,1.0664,5,6,FALSE,FALSE,FALSE
"GENE0166","GENE0166_HUMAN","P10159","Protein GENE0166",-3.6079,0.017907,0.01321,1.3697,1.8791,2,6,FALSE,FALSE,TRUE
"GENE0740","GENE0740_HUMAN","P61823","Protein GENE0740",0.3541,0.472751,0.383981,0,0.4157,2,6,FALSE,TRUE,FALSE
"GENE1974","GENE1974_HUMAN","P64332","Protein GENE1974",-0.2174,0.668412,0.378148,0.3184,0.4223,3,6,FALSE,FALSE,FALSE
"GENE0867","GENE0867_HUMAN","P66820","Protein GENE0867",-0.4899,1,0.530279,0,0.2755,3,6,FALSE,FALSE,FALSE
"GENE2627","GENE2627_HUMAN","P76889","Protein GENE2627",-0.2068,1,0.907473,0,0.0422,3,2,FALSE,FALSE,FALSE
"GENE0571","GENE0571_HUMAN","P14252","Protein GENE0571",-0.1456,1,0.535749,0,0.271,2,3,FALSE,FALSE,FALSE
"GENE1359","GENE1359_HUMAN","P92530","Protein GENE1359",0.5352,1,0.700921,0,0.1543,6,5,FALSE,TRUE,FALSE
"GENE0810","GENE0810_HUMAN","P13364","Protein GENE0810",0.9826,0.051485,0.030174,0.8429,1.5204,5,5,FALSE,FALSE,TRUE
"GENE2074","GENE2074_HUMAN","P00308","Protein GENE2074",-0.7629,1,0.642272,0,0.1923,6,3,FALSE,FALSE,FALSE
"GENE2272","GENE2272_HUMAN","P60489","Protein GENE2272",-0.204,0.869775,0.480878,0,0.318,4,3,FALSE,FALSE,FALSE
"GENE1419","GENE1419_HUMAN","P74777","Protein GENE1419",0.2809,1,0.686112,0,0.1636,4,4,FALSE,FALSE,FALSE
"GENE0438","GENE0438_HUMAN","P79324","Protein GENE0438",0.2045,1,0.798287,0,0.0978,5,2,FALSE,FALSE,FALSE
"GENE2193","GENE2193_HUMAN","P85886","Protein GENE2193",-0.3107,0.67539,0.409048,0.071,0.3882,6,5,TRUE,FALSE,FALSE
"GENE0195","GENE0195_HUMAN","P78712","Protein GENE0195",-0.1576,0.630253,0.141716,0.3312,0.8486,5,2,FALSE,TRUE,FALSE
"GENE2624","GENE2624_HUMAN","P13292","Protein GENE2624",0.1095,1,0.687069,0,0.163,4,6,FALSE,FALSE,FALSE
"GENE2593","GENE2593_HUMAN","P60583","Protein GENE2593",-0.3698,0.788479,0.514636,0.0105,0.2885,6,2,FALSE,FALSE,FALSE
"GENE2672","GENE2672_HUMAN","P82813","Protein GENE2672",-0.5503,0.280812,0.190418,0.1812,0.7203,3,2,FALSE,FALSE,FALSE
"GENE2110","GENE2110_HUMAN","P68112","Protein GENE2110",-0.3076,1,0.731156,0,0.136,6,5,FALSE,FALSE,FALSE
"GENE2511","GENE2511_HUMAN","P21836","Protein GENE2511",-0.0973,1,0.599465,0,0.2222,4,4,FALSE,FALSE,FALSE
"GENE1496","GENE1496_HUMAN","P46450","Protein GENE1496",0.5215,1,0.858715,0,0.0662,3,5,TRUE,FALSE,FALSE
"GENE0107","GENE0107_HUMAN","P06324","Protein GENE0107",1.3898,1,0.566203,0,0.247,6,2,FALSE,FALSE,FALSE
"GENE2667","GENE2667_HUMAN","P98348","Protein GENE2667",-0.0023,1,0.91337,0,0.0394,2,2,FALSE,FALSE,FALSE
"GENE2831","GENE2831_HUMAN","P85784","Protein GENE2831",0.0733,0.344553,0.12976,0.3145,0.8869,2,3,FALSE,FALSE,FALSE
"GENE2325","GENE2325_HUMAN","P72272","Protein GENE2325",-0.1124,1,0.840236,0,0.0756,2,4,FALSE,FALSE,FALSE
"GENE0888","GENE0888_HUMAN","P98397","Protein GENE0888",0.3339,0.741155,0.474217,0,0.324,3,2,FALSE,FALSE,FALSE
"GENE0497","GENE0497_HUMAN","P49103","Protein GENE0497",-0.0994,1,0.359543,0,0.4442,4,5,FALSE,FALSE,FALSE
"GENE2565","GENE2565_HUMAN","P64821","Protein GENE2565",0.1113,1,0.856425,0,0.0673,2,3,FALSE,FALSE,FALSE
"GENE1824","GENE1824_HUMAN","P19432","Protein GENE1824",-0.2912,1,0.907198,0,0.0423,5,4,FALSE,FALSE,FALSE
"GENE2555","GENE2555_HUMAN","P42899","Protein GENE2555",-0.1582,0.604079,0.231104,0.1022,0.6362,2,5,FALSE,FALSE,FALSE
"GENE2038","GENE2038_HUMAN","P35337","Protein GENE2038",0.2002,1,0.494525,0.2088,0.3058,5,6,FALSE,FALSE,FALSE
"GENE0531","GENE0531_HUMAN","P90795","Protein GENE0531",-0.5695,1,0.608532,0,0.2157,2,5,FALSE,FALSE,FALSE
"GENE0985","GENE0985_HUMAN","P43939","Protein GENE0985",0.1519,1,0.524674,0,0.2801,5,5,FALSE,FALSE,FALSE
"GENE2852","GENE2852_HUMAN","P94826","Protein GENE2852",0.3273,1,0.311731,0.1099,0.5062,5,4,TRUE,FALSE,FALSE
"GENE0303","GENE0303_HUMAN","P45685","Protein GENE0303",0.1277,1,0.638214,0,0.195,2,6,FALSE,FALSE,FALSE
"GENE0266","GENE0266_HUMAN","P02081","Protein GENE0266",0.7577,1,0.824478,0,0.0838,4,5,FALSE,FALSE,FALSE
"GENE1876","GENE1876_HUMAN","P37396","Protein GENE1876",0.2961,0.770702,0.412568,0,0.3845,2,5,FALSE,FALSE,FALSE
"GENE0040","GENE0040_HUMAN","P28112","Protein GENE0040",-2.8699,0.097612,0.043061,0.8071,1.3659,2,2,TRUE,FALSE,TRUE
"GENE1441","GENE1441_HUMAN","P96559","Protein GENE1441",0.1369,1,0.517191,0.2393,0.2863,2,3,TRUE,FALSE,FALSE
"GENE0125","GENE0125_HUMAN","P48982","Protein GENE0125",-0.1128,1,0.773924,0,0.1113,5,3,FALSE,FALSE,FALSE
"GENE1562","GENE1562_HUMAN","P85884","Protein GENE1562",0.619,0.958017,0.600699,0,0.2213,2,2,FALSE,FALSE,FALSE
"GENE1474","GENE1474_HUMAN","P00430","Protein GENE1474",0.5251,1,0.627099,0.0574,0.2027,5,2,FALSE,FALSE,FALSE
"GENE0559","GENE0559_HUMAN","P40154","Protein GENE0559",0.266,0.946685,0.434422,0,0.3621,2,5,TRUE,FALSE,FALSE
"GENE1376","GENE1376_HUMAN","P95154","Protein GENE1376",0.2767,1,0.983934,0,0.007,6,2,FALSE,FALSE,FALSE
"GENE1128","GENE1128_HUMAN","P45403","Protein GENE1128",2.9299,0.142657,0.034536,0.8944,1.4617,5,2,TRUE,FALSE,TRUE
"GENE2216","GENE2216_HUMAN","P67142","Protein GENE2216",-0.3505,0.438441,0.108157,0.2808,0.9659,4,6,FALSE,FALSE,FALSE
"GENE0834","GENE0834_HUMAN","P62398","Protein GENE0834",0.7363,0.25099,0.21026,0.2482,0.6772,2,3,FALSE,FALSE,FALSE
"GENE2468","GENE2468_HUMAN","P09013","Protein GENE2468",1.7544,0.146948,0.037144,1.3793,1.4301,3,6,FALSE,FALSE,TRUE
"GENE0421","GENE0421_HUMAN","P39527","Protein GENE0421",0.5223,1,0.823451,0,0.0844,2,4,FALSE,TRUE,FALSE
"GENE0493","GENE0493_HUMAN","P67152","Protein GENE0493",0.2737,0.756873,0.156546,0.6078,0.8054,4,4,FALSE,TRUE,FALSE
"GENE2285","GENE2285_HUMAN","P31817","Protein GENE2285",-0.2792,0.730014,0.170298,0.6169,0.7688,2,4,FALSE,FALSE,FALSE
"GENE1909","GENE1909_HUMAN","P98197","Protein GENE1909",-0.0574,1,0.393133,0.2853,0.4055,2,3,FALSE,FALSE,FALSE
"GENE1422","GENE1422_HUMAN","P48819","Protein GENE1422",-0.0773,1,0.82,0,0.0862,5,4,FALSE,FALSE,FALSE
"GENE2692","GENE2692_HUMAN","P03457","Protein GENE2692",0.2597,0.77663,0.245578,0.4296,0.6098,5,2,FALSE,TRUE,FALSE
"GENE0795","GENE0795_HUMAN","P10169","Protein GENE0795",-2.8247,0.038645,0.033457,1.0526,1.4755,3,6,FALSE,FALSE,TRUE
"GENE2503","GENE2503_HUMAN","P30345","Protein GENE2503",0.0118,1,0.925847,0,0.0335,2,2,FALSE,FALSE,FALSE
"GENE2377","GENE2377_HUMAN","P73624","Protein GENE2377",-0.5049,1,0.839493,0,0.076,6,6,FALSE,FALSE,FALSE
"GENE0090","GENE0090_HUMAN","P52572","Protein GENE0090",0.3493,1,0.610843,0,0.2141,3,2,TRUE,FALSE,FALSE
"GENE2101","GENE2101_HUMAN","P73968","Protein GENE2101",0.2379,0.153763,0.090192,0.4356,1.0448,5,6,FALSE,FALSE,FALSE
"GENE2120","GENE2120_HUMAN","P37561","Protein GENE2120",-0.1984,1,0.57578,0,0.2397,4,3,FALSE,FALSE,FALSE
"GENE1416","GENE1416_HUMAN","P12907","Protein GENE1416",0.593,0.697059,0.485712,0,0.3136,6,6,FALSE,FALSE,FALSE
"GENE0330","GENE0330_HUMAN","P99111","Protein GENE0330",-0.2077,1,0.988838,0,0.0049,2,2,TRUE,FALSE,FALSE
"GENE2782","GENE2782_HUMAN","P56567","Protein GENE2782",-0.1192,0.333803,0.27553,0,0.5598,5,6,FALSE,FALSE,FALSE
"GENE1831","GENE1831_HUMAN","P35037","Protein GENE1831",-0.0825,1,0.604875,0,0.2183,2,6,FALSE,FALSE,FALSE
"GENE0911","GENE0911_HUMAN","P58066","Protein GENE0911",-0.5825,1,0.431524,0.2406,0.365,3,4,FALSE,FALSE,FALSE
"GENE2578","GENE2578_HUMAN","P51616","Protein GENE2578",-0.21,0.737985,0.680417,0,0.1672,6,2,TRUE,FALSE,FALSE
"GENE2202","GENE2202_HUMAN","P02592","Protein GENE2202",0.7609,0.083387,0.029928,1.1106,1.5239,6,3,FALSE,FALSE,TRUE
"GENE0950","GENE0950_HUMAN","P71385","Protein GENE0950",-0.2537,1,0.564487,0,0.2483,4,2,FALSE,FALSE,FALSE
"GENE0414","GENE0414_HUMAN","P55304","Protein GENE0414",-0.272,0.656295,0.349859,0.2007,0.4561,2,3,FALSE,FALSE,FALSE
"GENE2839","GENE2839_HUMAN","P46918","Protein GENE2839",-0.3589,0.236258,0.121025,0.2312,0.9171,5,6,FALSE,FALSE,FALSE
"GENE2527","GENE2527_HUMAN","P44368","Protein GENE2527",-1.9419,0.003171,0.000735,2.5448,3.1339,4,2,FALSE,FALSE,TRUE
"GENE0919","GENE0919_HUMAN","P40066","Protein GENE0919",0.0551,0.93483,0.386572,0,0.4128,6,6,FALSE,FALSE,FALSE
"GENE2246","GENE2246_HUMAN","P30367","Protein GENE2246",-0.166,1,0.87263,0,0.0592,6,6,FALSE,FALSE,FALSE
"GENE0572","GENE0572_HUMAN","P87445","Protein GENE0572",-1.7714,0.015913,0.004261,1.7334,2.3705,2,5,FALSE,FALSE,TRUE
"GENE2170","GENE2170_HUMAN","P90023","Protein GENE2170",0.3651,0.843995,0.442064,0,0.3545,3,5,FALSE,FALSE,FALSE
"GENE1852","GENE1852_HUMAN","P81275","Protein GENE1852",0.2395,1,0.330345,0.1679,0.481,6,5,TRUE,TRUE,FALSE
"GENE2068","GENE2068_HUMAN","P43906","Protein GENE2068",0.1098,0.243226,0.084166,0.7318,1.0749,3,3,FALSE,FALSE,FALSE
"GENE1203","GENE1203_HUMAN","P03124","Protein GENE1203",-0.3909,1,0.968883,0,0.0137,4,6,FALSE,FALSE,FALSE
"GENE1498","GENE1498_HUMAN","P28829","Protein GENE1498",0.2825,0.544989,0.452072,0,0.3448,2,2,TRUE,TRUE,FALSE
"GENE2176","GENE2176_HUMAN","P31201","Protein GENE2176",0.0518,0.347516,0.225958,0.0205,0.646,2,2,FALSE,FALSE,FALSE
"GENE1861","GENE1861_HUMAN","P32218","Protein GENE1861",0.1742,0.59639,0.235647,0.5252,0.6277,6,4,FALSE,FALSE,FALSE
"GENE1955","GENE1955_HUMAN","P23320","Protein GENE1955",-0.6258,0.998873,0.860138,0,0.0654,2,4,FALSE,FALSE,FALSE
"GENE2292","GENE2292_HUMAN","P06248","Protein GENE2292",-0.3095,1,0.96408,0,0.0159,3,5,FALSE,FALSE,FALSE
"GENE1451","GENE1451_HUMAN","P63890","Protein GENE1451",0.634,1,0.33506,0.0667,0.4749,2,2,FALSE,FALSE,FALSE
"GENE1620","GENE1620_HUMAN","P59075","Protein GENE1620",0.3786,0.698597,0.54462,0.0382,0.2639,2,5,FALSE,FALSE,FALSE
"GENE1603","GENE1603_HUMAN","P00879","Protein GENE1603",-0.0289,0.23768,0.067592,0.6408,1.1701,3,3,FALSE,FALSE,FALSE
"GPATCH3","GPATCH3_HUMAN","P59505","Protein GPATCH3",-0.75,1,0.678435,0,0.1685,3,3,FALSE,FALSE,FALSE
"GENE2823","GENE2823_HUMAN","P55640","Protein GENE2823",-0.3122,0.422215,0.131459,0.2011,0.8812,5,4,TRUE,FALSE,FALSE
"GENE0825","GENE0825_HUMAN","P92968","Protein GENE0825",-0.0905,0.491173,0.162623,0.1211,0.7888,2,6,FALSE,FALSE,FALSE
"GENE2732","GENE2732_HUMAN","P76228","Protein GENE2732",-0.5553,0.62258,0.231754,0.6098,0.635,4,4,FALSE,FALSE,FALSE
"GENE1483","GENE1483_HUMAN","P59153","Protein GENE1483",-0.1321,0.186095,0.065155,0.8608,1.1861,3,2,FALSE,FALSE,FALSE
"GENE0672","GENE0672_HUMAN","P61870","Protein GENE0672",0.2624,1,0.444899,0.0427,0.3517,2,6,FALSE,FALSE,FALSE
"GENE0660","GENE0660_HUMAN","P64577","Protein GENE0660",0.8896,0.95765,0.717675,0,0.1441,3,4,FALSE,TRUE,FALSE
"GENE1097","GENE1097_HUMAN","P23496","Protein GENE1097",-4.2375,0.181219,0.040975,0.7684,1.3875,2,5,FALSE,FALSE,TRUE
"GENE1093","GENE1093_HUMAN","P86648","Protein GENE1093",-0.2412,1,0.632384,0,0.199,4,2,FALSE,FALSE,FALSE
"GENE1046","GENE1046_HUMAN","P42945","Protein GENE1046",0.8151,0.612289,0.267182,0,0.5732,2,6,FALSE,FALSE,FALSE
"GENE1786","GENE1786_HUMAN","P26809","Protein GENE1786",-0.0421,1,0.850516,0,0.0703,4,2,FALSE,FALSE,FALSE
"GENE1388","GENE1388_HUMAN","P58638","Protein GENE1388",-0.2103,1,0.663368,0,0.1782,6,5,FALSE,FALSE,FALSE
"GENE0369","GENE0369_HUMAN","P12095","Protein GENE0369",-0.1218,0.074783,0.061146,0.9628,1.2136,5,5,FALSE,FALSE,FALSE
"GENE0635","GENE0635_HUMAN","P60317","Protein GENE0635",0.5932,1,0.408285,0,0.389,6,6,FALSE,FALSE,FALSE
"GENE2059","GENE2059_HUMAN","P21357","Protein GENE2059",-0.7774,0.567751,0.537277,0,0.2698,3,5,FALSE,FALSE,FALSE
"GENE0828","GENE0828_HUMAN","P83374","Protein GENE0828",0.5286,0.927015,0.672306,0,0.1724,5,2,FALSE,TRUE,FALSE
"GENE2883","GENE2883_HUMAN","P45803","Protein GENE2883",-0.4179,1,0.544428,0,0.2641,2,4,FALSE,FALSE,FALSE
"GENE2600","GENE2600_HUMAN","P53538","Protein GENE2600",0.092,1,0.863431,0,0.0638,3,5,FALSE,FALSE,FALSE
"GENE1103","GENE1103_HUMAN","P71850","Protein GENE1103",0.3664,0.784944,0.602932,0,0.2197,6,3,FALSE,FALSE,FALSE
"GENE0533","GENE0533_HUMAN","P56449","Protein GENE0533",-0.0068,1,0.75484,0,0.1221,2,4,FALSE,TRUE,FALSE
"GENE1249","GENE1249_HUMAN","P90355","Protein GENE1249",-0.0854,1,0.483948,0,0.3152,6,5,FALSE,FALSE,FALSE
"GENE2753","GENE2753_HUMAN","P74323","Protein GENE2753",-0.6407,1,0.631943,0.0239,0.1993,2,2,FALSE,FALSE,FALSE
"GENE2674","GENE2674_HUMAN","P15351","Protein GENE2674",0.8625,1,0.962207,0,0.0167,6,4,FALSE,FALSE,FALSE
"GENE1875","GENE1875_HUMAN","P44105","Protein GENE1875",0.933,1,0.784878,0,0.1052,3,2,FALSE,FALSE,FALSE
"GENE0027","GENE0027_HUMAN","P71497","Protein GENE0027",-0.4735,1,0.862734,0,0.0641,2,3,FALSE,FALSE,FALSE
"GENE1642","GENE1642_HUMAN","P04366","Protein GENE1642",2.115,0.055057,0.047617,0.8681,1.3222,4,6,FALSE,FALSE,TRUE
"GENE0650","GENE0650_HUMAN","P81861","Protein GENE0650",-0.4732,1,0.282213,0,0.5494,5,2,FALSE,FALSE,FALSE
"GENE1215","GENE1215_HUMAN","P63857","Protein GENE1215",-0.6398,1,0.98809,0,0.0052,3,6,FALSE,FALSE,FALSE
"GENE1998","GENE1998_HUMAN","P53563","Protein GENE1998",0.5584,1,0.903814,0,0.0439,6,5,FALSE,FALSE,FALSE
"GENE0679","GENE0679_HUMAN","P77542","Protein GENE0679",-0.2999,1,0.695791,0,0.1575,2,4,FALSE,FALSE,FALSE
"GENE2140","GENE2140_HUMAN","P38440","Protein GENE2140",-0.5146,1,0.614591,0,0.2114,6,4,FALSE,FALSE,FALSE
"GENE1301","GENE1301_HUMAN","P88498","Protein GENE1301",-0.772,0.113458,0.103472,0.3297,0.9852,2,3,FALSE,FALSE,FALSE
"GENE0078","GENE0078_HUMAN","P41076","Protein GENE0078",-0.0518,1,0.995896,0,0.0018,5,5,FALSE,FALSE,FALSE
"GENE1983","GENE1983_HUMAN","P10229","Protein GENE1983",0.3787,1,0.541271,0,0.2666,5,6,TRUE,TRUE,FALSE
"GENE2257","GENE2257_HUMAN","P65256","Protein GENE2257",0.1141,1,0.953933,0,0.0205,6,6,FALSE,FALSE,FALSE
"GENE0830","GENE0830_HUMAN","P88233","Protein GENE0830",0.492,1,0.489118,0.0519,0.3106,5,2,FALSE,FALSE,FALSE
"GENE0790","GENE0790_HUMAN","P54998","Protein GENE0790",0.1456,1,0.618818,0,0.2084,3,6,FALSE,FALSE,FALSE
"GENE0976","GENE0976_HUMAN","P75757","Protein GENE0976",-1.0175,1,0.930677,0,0.0312,2,2,FALSE,FALSE,FALSE
"GENE2821","GENE2821_HUMAN","P26139","Protein GENE2821",2.8086,0.115021,0.044896,1.0074,1.3478,4,5,FALSE,FALSE,TRUE
"GENE1488","GENE1488_HUMAN","P16611","Protein GENE1488",0.4997,1,0.700116,0,0.1548,6,3,FALSE,FALSE,FALSE
"GENE2564","GENE2564_HUMAN","P45861","Protein GENE2564",0.0995,0.076186,0.060978,0.7732,1.2148,4,2,TRUE,FALSE,FALSE
"GENE1013","GENE1013_HUMAN","P72923","Protein GENE1013",-0.0884,1,0.968846,0,0.0137,3,5,FALSE,FALSE,FALSE
"GENE1129","GENE1129_HUMAN","P11202","Protein GENE1129",0.3546,1,0.894243,0,0.0485,3,5,FALSE,FALSE,FALSE
"GENE2478","GENE2478_HUMAN","P88591","Protein GENE2478",0.0064,0.108853,0.08154,0.6732,1.0886,6,2,FALSE,FALSE,FALSE
"GENE2324","GENE2324_HUMAN","P18727","Protein GENE2324",0.6191,0.42377,0.25484,0.1482,0.5937,5,5,FALSE,FALSE,FALSE
"DHX38","DHX38_HUMAN","P65313","Protein DHX38",0.7269,0.928137,0.348139,0.3552,0.4582,5,5,FALSE,FALSE,FALSE
"GENE0781","GENE0781_HUMAN","P15442","Protein GENE0781",0.3756,1,0.657809,0,0.1819,6,4,FALSE,FALSE,FALSE
"GENE0101","GENE0101_HUMAN","P55118","Protein GENE0101",0.2635,1,0.520681,0,0.2834,3,2,FALSE,FALSE,FALSE
"GENE2411","GENE2411_HUMAN","P49188","Protein GENE2411",0.0501,0.203894,0.107144,0.7141,0.97,4,6,FALSE,FALSE,FALSE
"GENE1414","GENE1414_HUMAN","P02888","Protein GENE1414",-0.2808,1,0.539488,0,0.268,5,2,FALSE,FALSE,FALSE
"GENE1525","GENE1525_HUMAN","P05477","Protein GENE1525",-0.3237,1,0.723187,0,0.1407,5,5,FALSE,FALSE,FALSE
"GENE1078","GENE1078_HUMAN","P55030","Protein GENE1078",0.3946,1,0.454625,0,0.3423,5,6,TRUE,FALSE,FALSE
"GENE2834","GENE2834_HUMAN","P50206","Protein GENE2834",-0.0903,0.604012,0.396782,0,0.4014,6,2,FALSE,FALSE,FALSE
"GENE1370","GENE1370_HUMAN","P10970","Protein GENE1370",-2.5342,0.029312,0.008418,1.5537,2.0748,3,6,FALSE,FALSE,TRUE
"GENE2179","GENE2179_HUMAN","P95108","Protein GENE2179",-0.0492,0.925848,0.399476,0,0.3985,6,6,FALSE,FALSE,FALSE
"GENE1994","GENE1994_HUMAN","P42325","Protein GENE1994",-0.3151,1,0.396853,0.0272,0.4014,2,3,FALSE,FALSE,FALSE
"GENE0112","GENE0112_HUMAN","P89185","Protein GENE0112",1.9403,0.125781,0.026992,0.9772,1.5688,6,5,FALSE,FALSE,TRUE
"GENE2892","GENE2892_HUMAN","P36380","Protein GENE2892",-0.4306,1,0.361227,0,0.4422,6,2,FALSE,FALSE,FALSE
"GENE0586","GENE0586_HUMAN","P94019","Protein GENE0586",-0.2856,0.635973,0.331664,0.3909,0.4793,6,4,FALSE,FALSE,FALSE
"GENE1652","GENE1652_HUMAN","P19426","Protein GENE1652",0.0596,1,0.368453,0.2019,0.4336,3,6,FALSE,FALSE,FALSE
"GENE0360","GENE0360_HUMAN","P47306","Protein GENE0360",0.296,1,0.401419,0.0626,0.3964,3,2,FALSE,FALSE,FALSE
"GENE2099","GENE2099_HUMAN","P83850","Protein GENE2099",-0.1868,0.792252,0.752186,0.0213,0.1237,5,2,FALSE,TRUE,FALSE
"GENE2291","GENE2291_HUMAN","P21931","Protein GENE2291",-0.2775,1,0.465299,0,0.3323,4,5,FALSE,FALSE,FALSE
"GENE1235","GENE1235_HUMAN","P63717","Protein GENE1235",0.7481,0.315508,0.173277,0.1521,0.7613,6,3,FALSE,FALSE,FALSE
"GENE1835","GENE1835_HUMAN","P86271","Protein GENE1835",-0.4211,0.353208,0.190683,0.3972,0.7197,5,4,FALSE,FALSE,FALSE
"GENE2497","GENE2497_HUMAN","P43860","Protein GENE2497",0.0835,1,0.756416,0,0.1212,2,3,FALSE,FALSE,FALSE
"GENE2072","GENE2072_HUMAN","P29446","Protein GENE2072",-0.182,1,0.847428,0,0.0719,6,6,FALSE,FALSE,FALSE
"GENE1176","GENE1176_HUMAN","P77183","Protein GENE1176",0.2278,1,0.589479,0,0.2295,2,3,FALSE,FALSE,FALSE
"GENE2658","GENE2658_HUMAN","P35174","Protein GENE2658",-0.4438,0.219047,0.182305,0.3107,0.7392,6,6,TRUE,FALSE,FALSE
"GENE2526","GENE2526_HUMAN","P63097","Protein GENE2526",-0.312,1,0.72805,0,0.1378,2,4,FALSE,FALSE,FALSE
"GENE1847","GENE1847_HUMAN","P48196","Protein GENE1847",-0.2697,1,0.453342,0,0.3436,5,5,FALSE,FALSE,FALSE
"GENE0246","GENE0246_HUMAN","P24355","Protein GENE0246",-0.7855,1,0.965521,0,0.0152,5,2,FALSE,FALSE,FALSE
"GENE0634","GENE0634_HUMAN","P07986","Protein GENE0634",0.2526,1,0.892544,0,0.0494,3,5,FALSE,TRUE,FALSE
"GENE1862","GENE1862_HUMAN","P89506","Protein GENE1862",-0.2354,0.779005,0.506149,0,0.2957,2,6,FALSE,FALSE,FALSE
"GENE1088","GENE1088_HUMAN","P71637","Protein GENE1088",0.5481,1,0.912435,0,0.0398,2,6,FALSE,TRUE,FALSE
"GENE1644","GENE1644_HUMAN","P24323","Protein GENE1644",-0.2816,1,0.713606,0,0.1465,4,3,TRUE,FALSE,FALSE
"GENE2636","GENE2636_HUMAN","P80921","Protein GENE2636",-0.4967,1,0.674706,0,0.1709,4,3,FALSE,FALSE,FALSE
"GENE1509","GENE1509_HUMAN","P89924","Protein GENE1509",-0.162,1,0.843959,0,0.0737,4,3,FALSE,FALSE,FALSE
"GENE0222","GENE0222_HUMAN","P29525","Protein GENE0222",-0.2846,0.221448,0.166606,0.2945,0.7783,6,2,FALSE,TRUE,FALSE
"GENE2168","GENE2168_HUMAN","P10445","Protein GENE2168",-0.1744,1,0.8208,0,0.0858,3,3,TRUE,FALSE,FALSE
"GENE0182","GENE0182_HUMAN","P62211","Protein GENE0182",0.1707,0.818919,0.424576,0.0513,0.372,4,3,FALSE,FALSE,FALSE
"GENE1174","GENE1174_HUMAN","P56885","Protein GENE1174",0.1594,0.482424,0.446535,0,0.3501,3,2,FALSE,FALSE,FALSE
"GENE2199","GENE2199_HUMAN","P84721","Protein GENE2199",0.5897,1,0.390675,0.2846,0.4082,2,3,FALSE,FALSE,FALSE
"ASCC1","ASCC1_HUMAN","P74116","Protein ASCC1",-0.9846,1,0.308595,0,0.5106,3,5,FALSE,TRUE,FALSE
"GENE2583","GENE2583_HUMAN","P24943","Protein GENE2583",0.0561,0.485482,0.197975,0.4655,0.7034,2,5,FALSE,TRUE,FALSE
"GENE0508","GENE0508_HUMAN","P14857","Protein GENE0508",-0.0871,0.331786,0.143509,0.2256,0.8431,3,3,FALSE,FALSE,FALSE
"GENE2403","GENE2403_HUMAN","P58459","Protein GENE2403",0.1134,1,0.834623,0,0.0785,3,6,FALSE,FALSE,FALSE
"GENE2520","GENE2520_HUMAN","P05093","Protein GENE2520",-0.6547,0.609173,0.580778,0,0.236,5,3,FALSE,FALSE,FALSE
"GENE1806","GENE1806_HUMAN","P22137","Protein GENE1806",0.4064,1,0.408595,0,0.3887,2,4,FALSE,FALSE,FALSE
"GPATCH8","GPATCH8_HUMAN","P75673","Protein GPATCH8",0.3622,1,0.44481,0,0.3518,2,4,FALSE,FALSE,FALSE
"GENE2401","GENE2401_HUMAN","P75651","Protein GENE2401",-0.3916,1,0.294619,0,0.5307,5,5,FALSE,FALSE,FALSE
"GENE2368","GENE2368_HUMAN","P96940","Protein GENE2368",-0.0845,0.662149,0.148478,0.1824,0.8283,3,3,FALSE,FALSE,FALSE
"GENE2884","GENE2884_HUMAN","P30552","Protein GENE2884",0.7716,1,0.753239,0,0.1231,2,6,FALSE,FALSE,FALSE
"GENE2154","GENE2154_HUMAN","P20523","Protein GENE2154",-0.5528,0.449123,0.200882,0.219,0.6971,5,4,FALSE,FALSE,FALSE
"GENE0636","GENE0636_HUMAN","P41953","Protein GENE0636",0.1347,1,0.8721,0,0.0594,3,4,FALSE,FALSE,FALSE
"GENE0429","GENE0429_HUMAN","P91786","Protein GENE0429",-0.7473,1,0.762958,0.0195,0.1175,5,2,FALSE,FALSE,FALSE
"GENE2899","GENE2899_HUMAN","P74965","Protein GENE2899",0.5337,1,0.655436,0,0.1835,6,2,FALSE,FALSE,FALSE
"GENE2859","GENE2859_HUMAN","P49265","Protein GENE2859",-0.1295,0.727032,0.224297,0.5559,0.6492,6,6,FALSE,FALSE,FALSE
"GENE2688","GENE2688_HUMAN","P77116","Protein GENE2688",-0.111,1,0.927126,0,0.0329,4,5,FALSE,FALSE,FALSE
"GENE0659","GENE0659_HUMAN","P28662","Protein GENE0659",-0.1104,0.372928,0.112778,0.3169,0.9478,4,3,FALSE,FALSE,FALSE
"GENE0052","GENE0052_HUMAN","P85479","Protein GENE0052",-0.4145,1,0.788194,0,0.1034,3,6,FALSE,FALSE,FALSE
"GENE2700","GENE2700_HUMAN","P47577","Protein GENE2700",0.7969,1,0.914605,0,0.0388,4,4,FALSE,FALSE,FALSE
"GENE1436","GENE1436_HUMAN","P52875","Protein GENE1436",0.0761,0.270536,0.109449,0.4676,0.9608,2,6,FALSE,FALSE,FALSE
"GENE2756","GENE2756_HUMAN","P94310","Protein GENE2756",0.7333,1,0.954753,0,0.0201,3,4,FALSE,FALSE,FALSE
"GENE0243","GENE0243_HUMAN","P01062","Protein GENE0243",-0.1085,0.567882,0.516045,0,0.2873,4,4,FALSE,FALSE,FALSE
"GENE0491","GENE0491_HUMAN","P54886","Protein GENE0491",0.0559,1,0.66839,0,0.175,6,5,FALSE,FALSE,FALSE
"GENE1557","GENE1557_HUMAN","P11279","Protein GENE1557",-0.2648,0.421058,0.139316,0.6974,0.856,4,2,FALSE,TRUE,FALSE
"GENE0216","GENE0216_HUMAN","P48827","Protein GENE0216",-0.1513,0.233498,0.119536,0.8368,0.9225,4,2,FALSE,FALSE,FALSE
"GENE2254","GENE2254_HUMAN","P24853","Protein GENE2254",0.6227,1,0.324465,0,0.4888,2,3,FALSE,FALSE,FALSE
"GENE0290","GENE0290_HUMAN","P36719","Protein GENE0290",-0.0598,0.701091,0.550557,0,0.2592,5,3,FALSE,FALSE,FALSE
"GENE0385","GENE0385_HUMAN","P23946","Protein GENE0385",-0.4277,0.664223,0.466574,0.271,0.3311,2,2,FALSE,FALSE,FALSE
"GENE2800","GENE2800_HUMAN","P82350","Protein GENE2800",0.5978,1,0.569975,0,0.2441,4,2,FALSE,FALSE,FALSE
"GENE1571","GENE1571_HUMAN","P72493","Protein GENE1571",0.163,0.392103,0.336117,0.4057,0.4735,3,2,TRUE,FALSE,FALSE
"GENE1345","GENE1345_HUMAN","P95980","Protein GENE1345",3.7416,0.016366,0.006242,1.7663,2.2046,5,6,FALSE,FALSE,TRUE
"GENE1724","GENE1724_HUMAN","P61534","Protein GENE1724",0.2369,1,0.923087,0,0.0348,5,6,FALSE,FALSE,FALSE
"GENE1084","GENE1084_HUMAN","P09956","Protein GENE1084",-0.0095,1,0.442936,0.3019,0.3537,4,3,FALSE,FALSE,FALSE
"GENE2591","GENE2591_HUMAN","P58921","Protein GENE2591",0.2856,0.524196,0.171297,0.101,0.7663,3,3,FALSE,FALSE,FALSE
"GENE1442","GENE1442_HUMAN","P62781","Protein GENE1442",0.412,0.31727,0.184538,0.3906,0.7339,6,2,FALSE,FALSE,FALSE
"GENE2866","GENE2866_HUMAN","P76366","Protein GENE2866",0.1367,0.720465,0.174028,0.1459,0.7594,3,2,TRUE,TRUE,FALSE
"GENE1539","GENE1539_HUMAN","P23946","Protein GENE1539",3.4765,0.089646,0.03681,0.9062,1.434,3,4,FALSE,FALSE,TRUE
"GENE0653","GENE0653_HUMAN","P04331","Protein GENE0653",0.0162,1,0.872201,0,0.0594,5,3,FALSE,FALSE,FALSE
"GENE1688","GENE1688_HUMAN","P03745","Protein GENE1688",0.2312,1,0.763356,0,0.1173,3,5,TRUE,FALSE,FALSE
"GENE0989","GENE0989_HUMAN","P33916","Protein GENE0989",-0.7291,1,0.446623,0,0.3501,3,3,FALSE,FALSE,FALSE
"GENE1375","GENE1375_HUMAN","P85679","Protein GENE1375",-0.4898,0.976327,0.367283,0,0.435,5,5,FALSE,FALSE,FALSE
"GENE0351","GENE0351_HUMAN","P92232","Protein GENE0351",0.3198,1,0.797163,0,0.0985,3,4,FALSE,FALSE,FALSE
"GENE1978","GENE1978_HUMAN","P60593","Protein GENE1978",-0.0367,1,0.806701,0,0.0933,4,3,FALSE,FALSE,FALSE
"GENE1153","GENE1153_HUMAN","P57857","Protein GENE1153",-0.3612,1,0.74349,0,0.1287,6,6,FALSE,TRUE,FALSE
"GENE1937","GENE1937_HUMAN","P64219","Protein GENE1937",0.5917,1,0.531112,0,0.2748,5,3,TRUE,FALSE,FALSE
"GENE2550","GENE2550_HUMAN","P57690","Protein GENE2550",-0.1626,1,0.721884,0,0.1415,5,5,FALSE,FALSE,FALSE
"GENE0258","GENE0258_HUMAN","P28153","Protein GENE0258",0.2359,0.59918,0.291654,0.2359,0.5351,4,3,FALSE,FALSE,FALSE
"GENE2349","GENE2349_HUMAN","P55237","Protein GENE2349",0.0028,1,0.539873,0,0.2677,2,3,FALSE,FALSE,FALSE
"GENE2577","GENE2577_HUMAN","P55457","Protein GENE2577",0.2054,0.986407,0.732545,0,0.1352,5,5,FALSE,FALSE,FALSE
"GENE0071","GENE0071_HUMAN","P44122","Protein GENE0071",-0.2397,1,0.570098,0.0518,0.2441,6,4,FALSE,FALSE,FALSE
"GENE2087","GENE2087_HUMAN","P86348","Protein GENE2087",-0.1045,1,0.903024,0,0.0443,5,3,FALSE,TRUE,FALSE
"GENE2069","GENE2069_HUMAN","P58118","Protein GENE2069",0.3857,1,0.575699,0.1282,0.2398,3,5,FALSE,TRUE,FALSE
"GENE2322","GENE2322_HUMAN","P83874","Protein GENE2322",-3.8221,0.036001,0.008067,1.8692,2.0933,5,5,FALSE,TRUE,TRUE
"GENE1059","GENE1059_HUMAN","P73445","Protein GENE1059",-0.2878,1,0.874798,0,0.0581,4,3,FALSE,FALSE,FALSE
"GENE1593","GENE1593_HUMAN","P11763","Protein GENE1593",-0.3857,1,0.9942,0,0.0025,5,3,FALSE,FALSE,FALSE
"GENE0889","GENE0889_HUMAN","P67208","Protein GENE0889",-2.5516,0.074169,0.042994,0.8428,1.3666,2,3,FALSE,FALSE,TRUE
"GENE1934","GENE1934_HUMAN","P68834","Protein GENE1934",3.9144,0.054598,0.024585,0.9505,1.6093,5,6,FALSE,FALSE,TRUE
"GENE0524","GENE0524_HUMAN","P69597","Protein GENE0524",4.13,0.104955,0.026068,1.2328,1.5839,5,4,TRUE,FALSE,TRUE
"GENE2694","GENE2694_HUMAN","P33600","Protein GENE2694",5e-04,0.307043,0.085063,0.4647,1.0703,5,3,FALSE,FALSE,FALSE
"GENE2741","GENE2741_HUMAN","P51327","Protein GENE2741",0.2176,1,0.61761,0,0.2093,5,3,FALSE,FALSE,FALSE
"GENE1351","GENE1351_HUMAN","P19802","Protein GENE1351",-0.2971,1,0.960131,0,0.0177,5,3,FALSE,FALSE,FALSE
"GENE1720","GENE1720_HUMAN","P22634","Protein GENE1720",0.0234,1,0.415314,0,0.3816,3,2,FALSE,FALSE,FALSE
"GENE2778","GENE2778_HUMAN","P39742","Protein GENE2778",0.2785,1,0.977343,0,0.01,2,4,TRUE,FALSE,FALSE
"GENE2314","GENE2314_HUMAN","P24957","Protein GENE2314",0.2413,1,0.569353,0,0.2446,5,2,FALSE,FALSE,FALSE
"GENE1900","GENE1900_HUMAN","P74039","Protein GENE1900",0.3059,0.797925,0.244662,0.0982,0.6114,2,4,FALSE,FALSE,FALSE
"GENE2870","GENE2870_HUMAN","P43708","Protein GENE2870",-0.0762,0.524408,0.136767,0.2296,0.864,5,4,FALSE,FALSE,FALSE
"GPKOW","GPKOW_HUMAN","P35783","Protein GPKOW",-0.3893,1,0.474483,0.0697,0.3238,4,3,FALSE,FALSE,FALSE
"DDX50","DDX50_HUMAN","P56694","Protein DDX50",0.9529,1,0.496184,0,0.3044,3,6,FALSE,FALSE,FALSE
"GENE0853","GENE0853_HUMAN","P21063","Protein GENE0853",0.3083,0.493193,0.423639,0.0232,0.373,4,3,TRUE,TRUE,FALSE
"GENE0014","GENE0014_HUMAN","P64053","Protein GENE0014",1.2298,0.890774,0.859486,0,0.0658,4,4,FALSE,FALSE,FALSE
"GENE2287","GENE2287_HUMAN","P82370","Protein GENE2287",-0.118,1,0.930513,0,0.0313,2,3,FALSE,FALSE,FALSE
"GENE2707","GENE2707_HUMAN","P68262","Protein GENE2707",-0.1861,0.798776,0.537051,0,0.27,3,5,FALSE,FALSE,FALSE
"GENE1582","GENE1582_HUMAN","P31601","Protein GENE1582",0.8199,0.043836,0.010237,1.9173,1.9898,4,2,TRUE,TRUE,TRUE
"GENE2637","GENE2637_HUMAN","P63552","Protein GENE2637",3.2433,0.100916,0.045512,0.762,1.3419,6,3,FALSE,FALSE,TRUE
"GENE0030","GENE0030_HUMAN","P18428","Protein GENE0030",-0.9916,1,0.675168,0,0.1706,3,6,FALSE,TRUE,FALSE
"GENE0210","GENE0210_HUMAN","P72388","Protein GENE0210",-0.2365,0.727491,0.593665,0.0141,0.2265,3,5,FALSE,FALSE,FALSE
"GENE0083","GENE0083_HUMAN","P18429","Protein GENE0083",0.0512,0.15309,0.06923,0.5685,1.1597,5,3,FALSE,FALSE,FALSE
"GENE0796","GENE0796_HUMAN","P81492","Protein GENE0796",0.9426,1,0.839855,0,0.0758,4,6,FALSE,FALSE,FALSE
"GENE0310","GENE0310_HUMAN","P61163","Protein GENE0310",4.427,0.115627,0.024814,0.9744,1.6053,6,2,FALSE,FALSE,TRUE
"GENE1380","GENE1380_HUMAN","P17852","Protein GENE1380",0.2975,1,0.388944,0,0.4101,5,6,FALSE,FALSE,FALSE
"GENE1381","GENE1381_HUMAN","P58726","Protein GENE1381",-0.1288,0.382981,0.174838,0.4366,0.7574,6,4,FALSE,FALSE,FALSE
"GENE0542","GENE0542_HUMAN","P05761","Protein GENE0542",-0.0126,1,0.486757,0.0466,0.3127,2,6,FALSE,FALSE,FALSE
"GENE0004","GENE0004_HUMAN","P08560","Protein GENE0004",-0.1693,1,0.543163,0,0.2651,6,6,FALSE,FALSE,FALSE
"GENE0757","GENE0757_HUMAN","P67485","Protein GENE0757",-0.2881,0.505032,0.196451,0.5218,0.7067,6,2,FALSE,FALSE,FALSE
"GENE1687","GENE1687_HUMAN","P22666","Protein GENE1687",-0.2255,1,0.506349,0,0.2956,4,4,FALSE,FALSE,FALSE
"NCOA2","NCOA2_HUMAN","P17831","Protein NCOA2",-0.2453,0.361331,0.116525,0.5576,0.9336,3,3,FALSE,FALSE,FALSE
"GENE1401","GENE1401_HUMAN","P28066","Protein GENE1401",-0.5335,1,0.83975,0.0249,0.0759,4,3,FALSE,TRUE,FALSE
"GENE1251","GENE1251_HUMAN","P70800","Protein GENE1251",0.1168,0.416488,0.109414,0.8137,0.9609,3,4,FALSE,FALSE,FALSE
"GENE2704","GENE2704_HUMAN","P61235","Protein GENE2704",-0.7963,1,0.932264,0,0.0305,5,6,FALSE,FALSE,FALSE
"GENE0251","GENE0251_HUMAN","P45797","Protein GENE0251",0.0595,1,0.727628,0,0.1381,4,2,FALSE,FALSE,FALSE
"GENE0318","GENE0318_HUMAN","P93521","Protein GENE0318",0.233,0.559315,0.23168,0.258,0.6351,5,4,FALSE,FALSE,FALSE
"GENE0980","GENE0980_HUMAN","P12861","Protein GENE0980",0.0056,1,0.822576,0,0.0848,6,5,FALSE,FALSE,FALSE
"GENE1311","GENE1311_HUMAN","P34180","Protein GENE1311",-0.3513,0.820197,0.489682,0,0.3101,5,2,FALSE,FALSE,FALSE
"GENE1513","GENE1513_HUMAN","P98024","Protein GENE1513",-0.3924,1,0.289622,0.1965,0.5382,3,3,FALSE,TRUE,FALSE
"GENE1735","GENE1735_HUMAN","P38282","Protein GENE1735",-0.377,1,0.343888,0,0.4636,3,2,FALSE,FALSE,FALSE
"GENE0986","GENE0986_HUMAN","P74188","Protein GENE0986",0.2915,1,0.879503,0,0.0558,3,3,FALSE,TRUE,FALSE
"GENE2083","GENE2083_HUMAN","P77393","Protein GENE2083",-1.279,0.031444,0.015368,1.5692,1.8134,3,4,FALSE,FALSE,TRUE
"GENE0538","GENE0538_HUMAN","P94579","Protein GENE0538",1.0942,1,0.843574,0,0.0739,4,6,FALSE,FALSE,FALSE
"GENE1276","GENE1276_HUMAN","P09070","Protein GENE1276",0.0985,1,0.535765,0.2089,0.271,5,6,FALSE,FALSE,FALSE
"GENE1218","GENE1218_HUMAN","P29731","Protein GENE1218",0.5572,1,0.805054,0,0.0942,5,4,FALSE,FALSE,FALSE
"GENE0587","GENE0587_HUMAN","P60134","Protein GENE0587",0.1539,1,0.881306,0,0.0549,4,4,FALSE,FALSE,FALSE
"GENE2175","GENE2175_HUMAN","P59484","Protein GENE2175",-0.08,1,0.952582,0,0.0211,4,2,FALSE,FALSE,FALSE
"GENE0459","GENE0459_HUMAN","P96604","Protein GENE0459",0.1315,1,0.996471,0,0.0015,6,3,FALSE,TRUE,FALSE
"GENE1039","GENE1039_HUMAN","P51750","Protein GENE1039",-0.5304,0.328468,0.190564,0.2022,0.72,6,4,FALSE,FALSE,FALSE
"GENE2431","GENE2431_HUMAN","P87964","Protein GENE2431",0.0305,1,0.83585,0,0.0779,3,2,FALSE,FALSE,FALSE
"GENE2840","GENE2840_HUMAN","P44249","Protein GENE2840",0.275,1,0.605536,0,0.2179,6,6,FALSE,FALSE,FALSE
"GENE2234","GENE2234_HUMAN","P65608","Protein GENE2234",-0.7489,1,0.971923,0,0.0124,4,3,FALSE,FALSE,FALSE
"GENE2172","GENE2172_HUMAN","P71711","Protein GENE2172",-0.2045,1,0.811764,0.0618,0.0906,4,5,FALSE,FALSE,FALSE
"GENE2531","GENE2531_HUMAN","P50362","Protein GENE2531",-2.8474,0.019041,0.009356,1.4534,2.0289,4,3,FALSE,FALSE,TRUE
"GENE0521","GENE0521_HUMAN","P10043","Protein GENE0521",0.3644,1,0.824512,0,0.0838,6,2,FALSE,FALSE,FALSE
"GENE0116","GENE0116_HUMAN","P53091","Protein GENE0116",-0.1231,0.599084,0.124637,0.3347,0.9044,4,4,FALSE,TRUE,FALSE
"GENE2214","GENE2214_HUMAN","P95377","Protein GENE2214",0.0788,1,0.887971,0,0.0516,4,2,FALSE,TRUE,FALSE
"GENE1143","GENE1143_HUMAN","P14737","Protein GENE1143",0.6624,0.13292,0.030823,0.9368,1.5111,3,3,FALSE,FALSE,TRUE
"GENE1092","GENE1092_HUMAN","P00583","Protein GENE1092",0.0696,1,0.997141,0,0.0012,4,4,FALSE,FALSE,FALSE
"GENE0844","GENE0844_HUMAN","P71908","Protein GENE0844",0.3465,1,0.773806,0,0.1114,6,2,FALSE,FALSE,FALSE
"GENE1166","GENE1166_HUMAN","P60806","Protein GENE1166",-0.3756,1,0.850074,0,0.0705,5,6,FALSE,FALSE,FALSE
"GENE2299","GENE2299_HUMAN","P36411","Protein GENE2299",2.1392,0.102734,0.033268,1.2274,1.478,2,3,FALSE,FALSE,TRUE
"GENE1201","GENE1201_HUMAN","P57617","Protein GENE1201",-0.0873,0.715983,0.148068,0.373,0.8295,6,6,FALSE,FALSE,FALSE
"GENE0204","GENE0204_HUMAN","P47358","Protein GENE0204",-2.6414,0.077075,0.044682,0.8888,1.3499,3,4,FALSE,FALSE,TRUE
"GENE2484","GENE2484_HUMAN","P24187","Protein GENE2484",0.0078,1,0.3605,0.2991,0.4431,6,4,FALSE,FALSE,FALSE
"GENE0308","GENE0308_HUMAN","P79941","Protein GENE0308",-0.3134,0.224268,0.158736,0.206,0.7993,2,4,FALSE,FALSE,FALSE
"GENE0692","GENE0692_HUMAN","P51950","Protein GENE0692",-4.0893,0.130142,0.028174,1.1165,1.5502,6,6,FALSE,FALSE,TRUE
"GENE2125","GENE2125_HUMAN","P36359","Protein GENE2125",0.2222,1,0.875501,0,0.0577,5,2,FALSE,TRUE,FALSE
"GENE2854","GENE2854_HUMAN","P45250","Protein GENE2854",0.0483,1,0.45675,0.0723,0.3403,6,3,FALSE,FALSE,FALSE
"GENE2391","GENE2391_HUMAN","P23837","Protein GENE2391",1.6728,0.11592,0.029317,1.0477,1.5329,3,3,FALSE,FALSE,TRUE
"GENE0186","GENE0186_HUMAN","P35143","Protein GENE0186",0.5217,1,0.547754,0,0.2614,4,2,FALSE,FALSE,FALSE
"GENE2539","GENE2539_HUMAN","P37402","Protein GENE2539",-0.5286,0.482418,0.258266,0.1041,0.5879,5,2,FALSE,FALSE,FALSE
"GENE0050","GENE0050_HUMAN","P25546","Protein GENE0050",-0.5214,0.737879,0.226349,0,0.6452,5,6,FALSE,FALSE,FALSE
"GENE2449","GENE2449_HUMAN","P12216","Protein GENE2449",0.639,0.682556,0.300858,0,0.5216,5,3,FALSE,FALSE,FALSE
"GENE0788","GENE0788_HUMAN","P39518","Protein GENE0788",0.4489,1,0.884193,0,0.0535,4,4,FALSE,FALSE,FALSE
"GENE1771","GENE1771_HUMAN","P56701","Protein GENE1771",0.1456,1,0.563016,0.2321,0.2495,5,2,FALSE,FALSE,FALSE
"GENE2603","GENE2603_HUMAN","P45457","Protein GENE2603",-0.1177,0.166284,0.103888,0.9424,0.9834,3,5,FALSE,FALSE,FALSE
"GENE2461","GENE2461_HUMAN","P75753","Protein GENE2461",-3.854,0.090588,0.026565,1.0541,1.5757,3,3,FALSE,TRUE,TRUE
"GENE2052","GENE2052_HUMAN","P20749","Protein GENE2052",0.1382,1,0.553791,0,0.2567,3,3,FALSE,FALSE,FALSE
"GENE0683","GENE0683_HUMAN","P07253","Protein GENE0683",0.1008,0.822256,0.434306,0,0.3622,3,6,FALSE,FALSE,FALSE
"GENE1452","GENE1452_HUMAN","P23426","Protein GENE1452",-0.5448,1,0.635066,0,0.1972,6,4,FALSE,FALSE,FALSE
"GENE2824","GENE2824_HUMAN","P99283","Protein GENE2824",0.0485,1,0.696969,0,0.1568,6,5,FALSE,FALSE,FALSE
"GENE1220","GENE1220_HUMAN","P58106","Protein GENE1220",0.3188,0.092664,0.063516,1.0629,1.1971,4,2,FALSE,TRUE,FALSE
"GENE2644","GENE2644_HUMAN","P01683","Protein GENE2644",-0.1205,1,0.918907,0,0.0367,3,2,FALSE,FALSE,FALSE
"GENE2040","GENE2040_HUMAN","P26847","Protein GENE2040",0.3669,1,0.673711,0,0.1715,3,6,FALSE,FALSE,FALSE
"GENE1443","GENE1443_HUMAN","P55315","Protein GENE1443",0.2273,0.62148,0.284044,0.0342,0.5466,5,2,FALSE,FALSE,FALSE
"GENE2467","GENE2467_HUMAN","P41024","Protein GENE2467",-0.2799,0.958102,0.55512,0.1328,0.2556,2,4,FALSE,FALSE,FALSE
"GENE1343","GENE1343_HUMAN","P08277","Protein GENE1343",4.0843,0.049264,0.022519,1.0366,1.6475,5,5,FALSE,FALSE,TRUE
"GENE2389","GENE2389_HUMAN","P68950","Protein GENE2389",-2.1097,0.13003,0.031313,0.8527,1.5043,4,5,FALSE,FALSE,TRUE
"GENE2392","GENE2392_HUMAN","P29372","Protein GENE2392",-0.224,0.106671,0.098566,0.4018,1.0063,5,5,FALSE,FALSE,FALSE
"GENE0708","GENE0708_HUMAN","P39313","Protein GENE0708",0.1706,1,0.586061,0,0.2321,6,3,FALSE,FALSE,FALSE
"GENE2580","GENE2580_HUMAN","P95369","Protein GENE2580",4.445,0.011544,0.006563,1.6937,2.1829,5,4,FALSE,FALSE,TRUE
"GENE2881","GENE2881_HUMAN","P84806","Protein GENE2881",-0.644,1,0.777269,0,0.1094,5,3,FALSE,FALSE,FALSE
"GENE0807","GENE0807_HUMAN","P14589","Protein GENE0807",-0.2795,1,0.504693,0,0.297,6,2,FALSE,FALSE,FALSE
"GENE1501","GENE1501_HUMAN","P06981","Protein GENE1501",3.9586,0.005768,0.003081,2.4228,2.5113,2,6,FALSE,FALSE,TRUE
"GENE1951","GENE1951_HUMAN","P61505","Protein GENE1951",-0.5985,1,0.688071,0,0.1624,6,4,FALSE,FALSE,FALSE
"GENE2275","GENE2275_HUMAN","P46254","Protein GENE2275",1.0335,0.719831,0.279802,0.2119,0.5531,5,6,FALSE,FALSE,FALSE
"GENE1077","GENE1077_HUMAN","P77379","Protein GENE1077",-0.2066,1,0.939116,0,0.0273,4,2,FALSE,FALSE,FALSE
"GENE2033","GENE2033_HUMAN","P94854","Protein GENE2033",-0.5173,1,0.781993,0,0.1068,5,2,FALSE,FALSE,FALSE
"GENE1722","GENE1722_HUMAN","P86637","Protein GENE1722",0.6415,0.668947,0.185645,0.3104,0.7313,6,4,FALSE,FALSE,FALSE
"GENE2027","GENE2027_HUMAN","P19729","Protein GENE2027",-1.5775,0.050366,0.011234,1.8208,1.9495,4,4,FALSE,FALSE,TRUE
"GENE1608","GENE1608_HUMAN","P88671","Protein GENE1608",0.698,1,0.536839,0,0.2702,6,4,FALSE,FALSE,FALSE
"GENE0034","GENE0034_HUMAN","P45934","Protein GENE0034",-0.1425,1,0.538316,0,0.269,4,3,FALSE,FALSE,FALSE
"GENE0933","GENE0933_HUMAN","P73370","Protein GENE0933",0.2823,0.495708,0.272578,0.2271,0.5645,5,5,TRUE,FALSE,FALSE
"GENE2161","GENE2161_HUMAN","P03525","Protein GENE2161",0.9696,1,0.631548,0,0.1996,5,6,FALSE,TRUE,FALSE
"GENE1208","GENE1208_HUMAN","P08535","Protein GENE1208",-0.0031,0.93159,0.504799,0,0.2969,2,6,TRUE,FALSE,FALSE
"GENE1275","GENE1275_HUMAN","P82361","Protein GENE1275",-0.1284,1,0.708726,0,0.1495,4,5,FALSE,FALSE,FALSE
"GENE2898","GENE2898_HUMAN","P70565","Protein GENE2898",-0.2189,1,0.428035,0.3199,0.3685,3,4,FALSE,FALSE,FALSE
"GENE0067","GENE0067_HUMAN","P47808","Protein GENE0067",0.3523,1,0.774801,0,0.1108,2,3,FALSE,FALSE,FALSE
"GENE1062","GENE1062_HUMAN","P96484","Protein GENE1062",2.1597,0.135317,0.029482,1.1144,1.5304,6,4,FALSE,FALSE,TRUE
"GENE1812","GENE1812_HUMAN","P68960","Protein GENE1812",-0.1763,1,0.670341,0.0439,0.1737,4,4,TRUE,FALSE,FALSE
"GENE0341","GENE0341_HUMAN","P87304","Protein GENE0341",-0.7729,1,0.479058,0.1299,0.3196,4,4,FALSE,FALSE,FALSE
"GENE0214","GENE0214_HUMAN","P11037","Protein GENE0214",-0.7604,1,0.339921,0,0.4686,4,6,FALSE,FALSE,FALSE
"GENE2300","GENE2300_HUMAN","P45246","Protein GENE2300",-0.0899,1,0.639057,0,0.1945,3,4,FALSE,FALSE,FALSE
"GENE1423","GENE1423_HUMAN","P06571","Protein GENE1423",-0.0605,1,0.559256,0,0.2524,2,6,TRUE,TRUE,FALSE
"GENE1364","GENE1364_HUMAN","P56381","Protein GENE1364",-0.1213,1,0.818611,0,0.0869,5,4,FALSE,FALSE,FALSE
"GENE0520","GENE0520_HUMAN","P40300","Protein GENE0520",-0.226,1,0.476877,0,0.3216,5,3,FALSE,FALSE,FALSE
"GENE2862","GENE2862_HUMAN","P73345","Protein GENE2862",-0.0744,1,0.533531,0,0.2728,5,3,FALSE,FALSE,FALSE
"GENE2100","GENE2100_HUMAN","P32395","Protein GENE2100",-0.4678,0.497442,0.420355,0,0.3764,4,3,FALSE,FALSE,FALSE
"GENE0736","GENE0736_HUMAN","P08527","Protein GENE0736",0.5093,1,0.618505,0,0.2087,4,2,FALSE,FALSE,FALSE
"GENE2200","GENE2200_HUMAN","P17023","Protein GENE2200",0.3253,0.604728,0.207181,0.0219,0.6836,4,4,FALSE,FALSE,FALSE
"GENE2425","GENE2425_HUMAN","P13992","Protein GENE2425",-0.2661,0.753217,0.318887,0.2668,0.4964,5,4,FALSE,FALSE,FALSE
"GENE1566","GENE1566_HUMAN","P87922","Protein GENE1566",-0.8202,1,0.931351,0,0.0309,5,5,FALSE,FALSE,FALSE
"GENE0098","GENE0098_HUMAN","P21295","Protein GENE0098",0.1621,1,0.788104,0,0.1034,3,5,FALSE,FALSE,FALSE
"GENE0102","GENE0102_HUMAN","P62263","Protein GENE0102",0.7516,0.891055,0.810326,0,0.0913,2,5,FALSE,FALSE,FALSE
"GENE2608","GENE2608_HUMAN","P44259","Protein GENE2608",0.1832,1,0.603248,0,0.2195,5,3,FALSE,FALSE,FALSE
"GENE0104","GENE0104_HUMAN","P86475","Protein GENE0104",-0.2836,1,0.444475,0,0.3522,2,3,FALSE,TRUE,FALSE
"GENE0302","GENE0302_HUMAN","P81167","Protein GENE0302",1.1555,0.043937,0.038157,0.8316,1.4184,2,4,FALSE,FALSE,TRUE
"GENE0637","GENE0637_HUMAN","P27589","Protein GENE0637",0.659,0.711144,0.294604,0.3254,0.5308,5,3,FALSE,TRUE,FALSE
"GENE0922","GENE0922_HUMAN","P58157","Protein GENE0922",-0.0874,1,0.532943,0,0.2733,2,6,FALSE,FALSE,FALSE
"GENE1502","GENE1502_HUMAN","P97288","Protein GENE1502",1.5058,0.156952,0.043007,0.9648,1.3665,3,6,FALSE,TRUE,TRUE
"GENE0801","GENE0801_HUMAN","P67230","Protein GENE0801",-2.7728,0.018566,0.004201,1.8295,2.3767,5,6,FALSE,FALSE,TRUE
"GENE1207","GENE1207_HUMAN","P07726","Protein GENE1207",0.321,0.595395,0.26398,0,0.5784,4,2,FALSE,FALSE,FALSE
"GENE2463","GENE2463_HUMAN","P00374","Protein GENE2463",0.6645,1,0.465056,0,0.3325,5,2,FALSE,FALSE,FALSE
"GENE2248","GENE2248_HUMAN","P80713","Protein GENE2248",-0.3213,1,0.494287,0,0.306,3,6,FALSE,FALSE,FALSE
"GENE0468","GENE0468_HUMAN","P58088","Protein GENE0468",-0.8247,1,0.380845,0.3309,0.4193,2,4,FALSE,TRUE,FALSE
"GENE2891","GENE2891_HUMAN","P59631","Protein GENE2891",-0.3441,1,0.401738,0,0.3961,5,2,FALSE,FALSE,FALSE
"GENE1781","GENE1781_HUMAN","P95740","Protein GENE1781",-0.21,1,0.326374,0,0.4863,2,5,FALSE,FALSE,FALSE
"GENE2302","GENE2302_HUMAN","P36553","Protein GENE2302",-2.4408,0.032607,0.021874,1.594,1.6601,3,6,FALSE,FALSE,TRUE
"GENE2053","GENE2053_HUMAN","P51552","Protein GENE2053",-0.5123,1,0.867941,0,0.0615,5,4,FALSE,FALSE,FALSE
"GENE2394","GENE2394_HUMAN","P90138","Protein GENE2394",0.7473,0.925399,0.74154,0,0.1299,3,6,FALSE,FALSE,FALSE
"GENE1601","GENE1601_HUMAN","P10492","Protein GENE1601",-0.237,0.642546,0.136192,0.4105,0.8658,4,5,FALSE,FALSE,FALSE
"GENE1880","GENE1880_HUMAN","P19192","Protein GENE1880",3.0553,0.036162,0.034235,0.84,1.4655,4,5,FALSE,FALSE,TRUE
"GENE1552","GENE1552_HUMAN","P61217","Protein GENE1552",-0.4491,0.402098,0.240621,0,0.6187,5,6,FALSE,FALSE,FALSE
"GENE0142","GENE0142_HUMAN","P20665","Protein GENE0142",0.077,1,0.787712,0,0.1036,5,5,FALSE,FALSE,FALSE
"GENE0495","GENE0495_HUMAN","P20999","Protein GENE0495",-0.4777,1,0.42514,0,0.3715,2,5,FALSE,TRUE,FALSE
"GENE2685","GENE2685_HUMAN","P35076","Protein GENE2685",0.4263,1,0.626719,0,0.2029,4,5,FALSE,FALSE,FALSE
"GENE0777","GENE0777_HUMAN","P42494","Protein GENE0777",-0.032,0.35393,0.137324,0.2619,0.8623,2,6,FALSE,FALSE,FALSE
"GENE2770","GENE2770_HUMAN","P78459","Protein GENE2770",-0.01,0.108248,0.077465,0.8439,1.1109,3,6,FALSE,TRUE,FALSE
"GENE2239","GENE2239_HUMAN","P86275","Protein GENE2239",-4.1467,0.177312,0.038509,1.0693,1.4144,2,3,FALSE,FALSE,TRUE
"GENE2164","GENE2164_HUMAN","P18035","Protein GENE2164",-3.6588,0.086602,0.039224,0.8981,1.4064,5,6,FALSE,FALSE,TRUE
"GENE1986","GENE1986_HUMAN","P60119","Protein GENE1986",-0.1049,0.661648,0.625602,0,0.2037,5,2,FALSE,FALSE,FALSE
"GENE1929","GENE1929_HUMAN","P19312","Protein GENE1929",-0.2642,1,0.807808,0,0.0927,6,2,FALSE,FALSE,FALSE
"GENE0943","GENE0943_HUMAN","P73676","Protein GENE0943",0.2317,1,0.951584,0,0.0216,2,6,FALSE,FALSE,FALSE
"GENE2127","GENE2127_HUMAN","P13371","Protein GENE2127",-0.164,1,0.79755,0,0.0982,6,6,FALSE,FALSE,FALSE
"GENE0655","GENE0655_HUMAN","P70980","Protein GENE0655",-0.8367,0.271179,0.186031,0.4321,0.7304,5,4,FALSE,FALSE,FALSE
"GENE0100","GENE0100_HUMAN","P84320","Protein GENE0100",0.1096,1,0.937172,0,0.0282,5,6,FALSE,FALSE,FALSE
"GENE1606","GENE1606_HUMAN","P96805","Protein GENE1606",-0.7598,1,0.881537,0,0.0548,6,3,FALSE,FALSE,FALSE
"GENE1997","GENE1997_HUMAN","P03172","Protein GENE1997",-1.2272,1,0.631378,0,0.1997,3,6,FALSE,FALSE,FALSE
"LARP4","LARP4_HUMAN","P71360","Protein LARP4",0.1106,0.701234,0.168183,0.6243,0.7742,2,5,FALSE,TRUE,FALSE
"GENE2424","GENE2424_HUMAN","P71368","Protein GENE2424",-0.0821,1,0.772346,0,0.1122,4,6,FALSE,FALSE,FALSE
"GENE0148","GENE0148_HUMAN","P18921","Protein GENE0148",0.0585,1,0.278944,0.4813,0.5545,4,4,FALSE,FALSE,FALSE
"GENE0268","GENE0268_HUMAN","P91492","Protein GENE0268",0.2078,1,0.958677,0,0.0183,6,4,FALSE,FALSE,FALSE
"GENE2116","GENE2116_HUMAN","P79585","Protein GENE2116",-3.9425,0.087357,0.022456,1.4989,1.6487,5,4,FALSE,TRUE,TRUE
"GENE2252","GENE2252_HUMAN","P96769","Protein GENE2252",0.3985,1,0.99903,0,4e-04,4,6,TRUE,FALSE,FALSE
"GENE2160","GENE2160_HUMAN","P29324","Protein GENE2160",0.1878,0.697002,0.52962,0,0.276,2,6,FALSE,FALSE,FALSE
"GENE1837","GENE1837_HUMAN","P02320","Protein GENE1837",-0.2604,0.400786,0.134415,0.4895,0.8716,2,5,FALSE,FALSE,FALSE
"GENE1921","GENE1921_HUMAN","P32268","Protein GENE1921",-0.4327,1,0.36186,0,0.4415,6,2,FALSE,FALSE,FALSE
"GENE1298","GENE1298_HUMAN","P50310","Protein GENE1298",-0.3228,1,0.907907,0,0.042,4,5,FALSE,FALSE,FALSE
"GENE2471","GENE2471_HUMAN","P36558","Protein GENE2471",0.821,1,0.989784,0,0.0045,5,4,FALSE,FALSE,FALSE
"GENE2737","GENE2737_HUMAN","P13200","Protein GENE2737",0.2034,1,0.899863,0,0.0458,4,4,FALSE,FALSE,FALSE
"GENE0907","GENE0907_HUMAN","P03683","Protein GENE0907",-0.4662,0.456485,0.341226,0.1277,0.467,5,4,FALSE,FALSE,FALSE
"GENE2452","GENE2452_HUMAN","P27045","Protein GENE2452",-0.1629,1,0.371378,0,0.4302,6,3,FALSE,FALSE,FALSE
"GENE2231","GENE2231_HUMAN","P70106","Protein GENE2231",0.5442,1,0.971973,0,0.0123,6,3,TRUE,FALSE,FALSE
"GENE1911","GENE1911_HUMAN","P80323","Protein GENE1911",-0.0757,1,0.644163,0.1039,0.191,4,4,TRUE,FALSE,FALSE
"GENE1953","GENE1953_HUMAN","P48178","Protein GENE1953",0.2013,1,0.549516,0,0.26,3,6,FALSE,FALSE,FALSE
"GENE1302","GENE1302_HUMAN","P51116","Protein GENE1302",-0.41,1,0.809272,0,0.0919,4,2,FALSE,FALSE,FALSE
"GENE2556","GENE2556_HUMAN","P74784","Protein GENE2556",-0.1023,0.992557,0.270513,0.1471,0.5678,4,4,FALSE,FALSE,FALSE
"GENE1896","GENE1896_HUMAN","P04698","Protein GENE1896",0.1941,1,0.403415,0,0.3942,5,3,FALSE,FALSE,FALSE
"GENE0811","GENE0811_HUMAN","P68097","Protein GENE0811",0.1925,0.674562,0.373976,0,0.4272,4,4,FALSE,FALSE,FALSE
"GENE1778","GENE1778_HUMAN","P80740","Protein GENE1778",1.4584,0.031742,0.018598,1.2374,1.7305,3,3,FALSE,FALSE,TRUE
"GENE2594","GENE2594_HUMAN","P59145","Protein GENE2594",-0.8696,0.641989,0.206249,0.0376,0.6856,6,2,FALSE,FALSE,FALSE
"GENE0562","GENE0562_HUMAN","P65045","Protein GENE0562",-3.4946,0.136575,0.027417,0.8811,1.562,5,2,FALSE,FALSE,TRUE
"GENE1526","GENE1526_HUMAN","P49835","Protein GENE1526",0.1052,0.323546,0.072502,0.9048,1.1397,4,6,FALSE,FALSE,FALSE
"GENE1439","GENE1439_HUMAN","P86655","Protein GENE1439",-0.7378,1,0.646124,0,0.1897,5,5,FALSE,FALSE,FALSE
"GENE1542","GENE1542_HUMAN","P52930","Protein GENE1542",0.1877,1,0.58737,0,0.2311,2,4,FALSE,FALSE,FALSE
"GENE0118","GENE0118_HUMAN","P25527","Protein GENE0118",-0.352,1,0.74088,0.0361,0.1303,5,4,FALSE,TRUE,FALSE
"GENE2808","GENE2808_HUMAN","P62094","Protein GENE2808",0.479,1,0.631696,0,0.1995,6,4,FALSE,FALSE,FALSE
"GENE0431","GENE0431_HUMAN","P21204","Protein GENE0431",-0.3219,1,0.943986,0,0.025,6,2,TRUE,FALSE,FALSE
"GENE0029","GENE0029_HUMAN","P81993","Protein GENE0029",0.2391,1,0.231208,0.0814,0.636,6,6,FALSE,FALSE,FALSE
"GENE1565","GENE1565_HUMAN","P05492","Protein GENE1565",1.0569,0.050483,0.014534,1.5599,1.8376,6,2,FALSE,FALSE,TRUE
"GENE1253","GENE1253_HUMAN","P12467","Protein GENE1253",-0.1203,0.668359,0.490018,0.034,0.3098,3,4,FALSE,FALSE,FALSE
"GENE1993","GENE1993_HUMAN","P15126","Protein GENE1993",0.0151,1,0.864616,0,0.0632,3,3,FALSE,FALSE,FALSE
"GENE2117","GENE2117_HUMAN","P75841","Protein GENE2117",-4.0437,0.057901,0.022413,1.4246,1.6495,6,6,FALSE,FALSE,TRUE
"GENE1119","GENE1119_HUMAN","P10581","Protein GENE1119",-0.0244,1,0.693268,0,0.1591,4,4,FALSE,FALSE,FALSE
"GENE1014","GENE1014_HUMAN","P29444","Protein GENE1014",0.1156,1,0.769631,0,0.1137,2,4,FALSE,FALSE,FALSE
"GENE0770","GENE0770_HUMAN","P23422","Protein GENE0770",0.1441,1,0.405849,0.0843,0.3916,3,4,TRUE,FALSE,FALSE
"GENE2362","GENE2362_HUMAN","P04681","Protein GENE2362",0.0287,1,0.875796,0,0.0576,3,6,FALSE,FALSE,FALSE
"GENE0070","GENE0070_HUMAN","P70925","Protein GENE0070",0.8444,1,0.794916,0,0.0997,2,6,FALSE,FALSE,FALSE
"GENE1261","GENE1261_HUMAN","P31741","Protein GENE1261",-0.2284,1,0.68303,0,0.1656,4,5,FALSE,FALSE,FALSE
"GENE2532","GENE2532_HUMAN","P26297","Protein GENE2532",-0.9297,0.647515,0.302204,0,0.5197,2,2,FALSE,FALSE,FALSE
"GENE2249","GENE2249_HUMAN","P97936","Protein GENE2249",-0.0467,1,0.51881,0,0.285,3,5,FALSE,FALSE,FALSE
"GENE2282","GENE2282_HUMAN","P27326","Protein GENE2282",0.7514,1,0.521656,0,0.2826,2,2,FALSE,FALSE,FALSE
"GENE0787","GENE0787_HUMAN","P09120","Protein GENE0787",0.0949,1,0.648916,0,0.1878,4,2,FALSE,FALSE,FALSE
"GENE1589","GENE1589_HUMAN","P30712","Protein GENE1589",0.0817,1,0.810488,0,0.0913,6,5,FALSE,TRUE,FALSE
"GENE1923","GENE1923_HUMAN","P46086","Protein GENE1923",2.1114,0.065496,0.019332,1.1659,1.7137,6,5,FALSE,FALSE,TRUE
"GENE2491","GENE2491_HUMAN","P71752","Protein GENE2491",-0.5477,0.041675,0.011189,1.8217,1.9512,4,2,FALSE,FALSE,TRUE
"GENE0615","GENE0615_HUMAN","P95785","Protein GENE0615",-0.7017,1,0.84277,0,0.0743,2,6,FALSE,FALSE,FALSE
"GENE0273","GENE0273_HUMAN","P22642","Protein GENE0273",0.2319,1,0.95118,0,0.0217,3,5,FALSE,TRUE,FALSE
"GENE1774","GENE1774_HUMAN","P35261","Protein GENE1774",0.5323,1,0.791061,0,0.1018,3,3,FALSE,TRUE,FALSE
"GENE2571","GENE2571_HUMAN","P40217","Protein GENE2571",0.3186,1,0.551616,0,0.2584,2,5,FALSE,FALSE,FALSE
"GENE2372","GENE2372_HUMAN","P77903","Protein GENE2372",3.0159,0.071624,0.04237,0.7651,1.3729,6,4,FALSE,FALSE,TRUE
"GENE1410","GENE1410_HUMAN","P30114","Protein GENE1410",0.1272,0.640833,0.147509,0.1388,0.8312,4,5,FALSE,FALSE,FALSE
"GENE2541","GENE2541_HUMAN","P49845","Protein GENE2541",0.1988,1,0.996948,0,0.0013,6,4,FALSE,FALSE,FALSE
"GENE1255","GENE1255_HUMAN","P43252","Protein GENE1255",3.5257,0.213632,0.044003,1.106,1.3565,3,4,FALSE,FALSE,TRUE
"GENE2611","GENE2611_HUMAN","P02389","Protein GENE2611",0.882,0.041072,0.021713,1.4712,1.6633,3,5,TRUE,TRUE,TRUE
"GENE1977","GENE1977_HUMAN","P54033","Protein GENE1977",0.5377,1,0.763483,0,0.1172,5,6,FALSE,FALSE,FALSE
"GENE2856","GENE2856_HUMAN","P75322","Protein GENE2856",-0.0343,1,0.338065,0.3661,0.471,4,3,TRUE,FALSE,FALSE
"GENE2222","GENE2222_HUMAN","P80673","Protein GENE2222",0.3354,1,0.415537,0.2277,0.3814,3,6,FALSE,FALSE,FALSE
"GENE2151","GENE2151_HUMAN","P55313","Protein GENE2151",1.7178,0.047999,0.011776,1.3157,1.929,4,4,FALSE,FALSE,TRUE
"GENE1471","GENE1471_HUMAN","P78197","Protein GENE1471",0.2257,1,0.51993,0.0337,0.2841,4,4,FALSE,FALSE,FALSE
"GENE1705","GENE1705_HUMAN","P55659","Protein GENE1705",-0.0566,1,0.944438,0,0.0248,2,5,FALSE,FALSE,FALSE
"GENE2885","GENE2885_HUMAN","P96333","Protein GENE2885",0.3951,1,0.584995,0,0.2328,2,2,FALSE,FALSE,FALSE
"GENE1665","GENE1665_HUMAN","P21479","Protein GENE1665",-0.3708,1,0.489761,0.1962,0.31,4,4,FALSE,FALSE,FALSE
"GENE2673","GENE2673_HUMAN","P81947","Protein GENE2673",-0.2206,1,0.620519,0,0.2072,5,6,TRUE,FALSE,FALSE
"GENE0511","GENE0511_HUMAN","P32325","Protein GENE0511",0.5427,1,0.583903,0,0.2337,2,5,FALSE,FALSE,FALSE
"GENE0299","GENE0299_HUMAN","P31807","Protein GENE0299",1.3948,0.004276,0.002066,2.2961,2.6848,4,6,TRUE,FALSE,TRUE
"GENE1282","GENE1282_HUMAN","P96354","Protein GENE1282",-2.4667,0.021092,0.009675,1.5305,2.0143,6,3,FALSE,FALSE,TRUE
"GENE0961","GENE0961_HUMAN","P93834","Protein GENE0961",0.2505,1,0.772282,0,0.1122,5,4,FALSE,FALSE,FALSE
"GENE0227","GENE0227_HUMAN","P35979","Protein GENE0227",-0.1193,0.208019,0.064547,0.7612,1.1901,2,4,FALSE,FALSE,FALSE
"GENE2197","GENE2197_HUMAN","P09001","Protein GENE2197",-0.0786,1,0.631187,0,0.1998,6,3,FALSE,FALSE,FALSE
"GENE0951","GENE0951_HUMAN","P54118","Protein GENE0951",-0.0897,0.420838,0.110851,0.4434,0.9553,5,3,FALSE,FALSE,FALSE
"GENE2405","GENE2405_HUMAN","P20449","Protein GENE2405",0.0985,0.755706,0.418074,0,0.3787,4,3,FALSE,FALSE,FALSE
"GENE2384","GENE2384_HUMAN","P90950","Protein GENE2384",-3.3906,0.077682,0.046734,0.7949,1.3304,6,4,FALSE,TRUE,TRUE
"GENE1816","GENE1816_HUMAN","P67184","Protein GENE1816",0.5158,1,0.845545,0,0.0729,4,2,FALSE,FALSE,FALSE
"GENE2835","GENE2835_HUMAN","P93265","Protein GENE2835",0.0572,1,0.675023,0,0.1707,5,6,TRUE,FALSE,FALSE
"GENE1015","GENE1015_HUMAN","P21450","Protein GENE1015",2.9992,0.063558,0.020805,1.0586,1.6818,2,4,FALSE,FALSE,TRUE
"GENE1594","GENE1594_HUMAN","P89816","Protein GENE1594",-3.4993,0.043512,0.011326,1.307,1.9459,6,5,FALSE,FALSE,TRUE
"GENE2421","GENE2421_HUMAN","P79278","Protein GENE2421",0.6379,0.567479,0.36301,0,0.4401,3,4,FALSE,FALSE,FALSE
"GENE1146","GENE1146_HUMAN","P44405","Protein GENE1146",-0.3916,0.654791,0.399555,0,0.3984,3,3,FALSE,FALSE,FALSE
"GENE0960","GENE0960_HUMAN","P24833","Protein GENE0960",-0.957,1,0.772636,0,0.112,3,6,TRUE,FALSE,FALSE
"GENE0936","GENE0936_HUMAN","P93017","Protein GENE0936",-0.0386,1,0.396844,0,0.4014,3,5,FALSE,FALSE,FALSE
"GENE1355","GENE1355_HUMAN","P31415","Protein GENE1355",-0.2424,0.581882,0.12802,0.4011,0.8927,6,6,FALSE,FALSE,FALSE
"FMR1","FMR1_HUMAN","P10862","Protein FMR1",2.0093,0.161656,0.033947,1.2692,1.4692,6,6,FALSE,FALSE,TRUE
"GENE0006","GENE0006_HUMAN","P28490","Protein GENE0006",-0.2744,1,0.414171,0.0962,0.3828,3,6,FALSE,FALSE,FALSE
"GENE1435","GENE1435_HUMAN","P82536","Protein GENE1435",-0.8186,1,0.701738,0,0.1538,3,5,FALSE,TRUE,FALSE
"GENE0410","GENE0410_HUMAN","P90508","Protein GENE0410",0.2771,1,0.914565,0,0.0388,3,3,FALSE,TRUE,FALSE
"GENE1193","GENE1193_HUMAN","P61981","Protein GENE1193",-0.3186,1,0.329742,0.0994,0.4818,4,4,FALSE,FALSE,FALSE
"GENE1710","GENE1710_HUMAN","P33165","Protein GENE1710",-0.1737,0.810403,0.315438,0,0.5011,5,3,FALSE,FALSE,FALSE
"GENE0432","GENE0432_HUMAN","P88062","Protein GENE0432",0.0788,0.53209,0.297031,0,0.5272,6,3,FALSE,FALSE,FALSE
"GENE1568","GENE1568_HUMAN","P05095","Protein GENE1568",-0.142,0.744573,0.265302,0.4779,0.5763,3,5,FALSE,FALSE,FALSE
"GENE1919","GENE1919_HUMAN","P69311","Protein GENE1919",-0.6149,0.934761,0.191741,0.0522,0.7173,4,5,FALSE,FALSE,FALSE
"GENE0996","GENE0996_HUMAN","P55993","Protein GENE0996",0.5255,1,0.883354,0,0.0539,5,2,FALSE,FALSE,FALSE
"GENE2174","GENE2174_HUMAN","P79745","Protein GENE2174",-1.0023,0.02667,0.005847,2.1706,2.2331,5,4,FALSE,FALSE,TRUE
"GENE0108","GENE0108_HUMAN","P91811","Protein GENE0108",0.3707,0.819288,0.497344,0,0.3033,2,3,FALSE,FALSE,FALSE
"GENE1256","GENE1256_HUMAN","P47723","Protein GENE1256",1.7361,0.030626,0.014738,1.1463,1.8316,2,3,FALSE,FALSE,TRUE
"GENE1284","GENE1284_HUMAN","P32534","Protein GENE1284",0.5331,1,0.892399,0,0.0494,6,3,TRUE,FALSE,FALSE
"GENE1032","GENE1032_HUMAN","P77785","Protein GENE1032",0.3702,0.795201,0.225844,0.2542,0.6462,2,5,FALSE,FALSE,FALSE
"GENE1547","GENE1547_HUMAN","P82085","Protein GENE1547",0.0442,0.242345,0.224138,0.6339,0.6495,6,2,FALSE,TRUE,FALSE
"GENE2538","GENE2538_HUMAN","P26776","Protein GENE2538",0.4556,0.21643,0.139473,0.5101,0.8555,2,2,FALSE,FALSE,FALSE
"GENE0305","GENE0305_HUMAN","P72644","Protein GENE0305",4.1588,0.114212,0.047101,1.1193,1.327,5,3,FALSE,FALSE,TRUE
"GENE0453","GENE0453_HUMAN","P68086","Protein GENE0453",-0.5933,1,0.628707,0,0.2016,4,6,FALSE,FALSE,FALSE
"GENE0424","GENE0424_HUMAN","P14329","Protein GENE0424",-0.3036,0.447756,0.391843,0,0.4069,6,4,FALSE,FALSE,FALSE
"GENE1421","GENE1421_HUMAN","P58576","Protein GENE1421",-0.2676,0.161825,0.158449,0.3552,0.8001,4,4,FALSE,FALSE,FALSE
"GENE1111","GENE1111_HUMAN","P06912","Protein GENE1111",0.1845,1,0.654477,0,0.1841,4,3,FALSE,FALSE,FALSE
"GENE1574","GENE1574_HUMAN","P88040","Protein GENE1574",-0.2666,1,0.76265,0,0.1177,2,5,FALSE,FALSE,FALSE
"GENE1200","GENE1200_HUMAN","P97299","Protein GENE1200",1.0853,0.024812,0.01098,1.6989,1.9594,2,5,FALSE,FALSE,TRUE
"GENE1273","GENE1273_HUMAN","P53927","Protein GENE1273",-0.0669,0.777905,0.519815,0,0.2842,2,5,FALSE,FALSE,FALSE
"GENE1492","GENE1492_HUMAN","P50182","Protein GENE1492",0.0065,1,0.950641,0,0.022,4,2,FALSE,FALSE,FALSE
"GENE0417","GENE0417_HUMAN","P47036","Protein GENE0417",-0.1603,1,0.739673,0,0.131,2,5,FALSE,FALSE,FALSE
"GENE1315","GENE1315_HUMAN","P18521","Protein GENE1315",-0.1054,1,0.873414,0,0.0588,6,2,FALSE,FALSE,FALSE
"GENE0972","GENE0972_HUMAN","P42580","Protein GENE0972",0.3268,0.232159,0.110422,0.2764,0.9569,6,3,FALSE,TRUE,FALSE
"GENE0953","GENE0953_HUMAN","P49467","Protein GENE0953",-0.0479,1,0.499272,0,0.3017,2,3,FALSE,FALSE,FALSE
"GENE2728","GENE2728_HUMAN","P59517","Protein GENE2728",0.1242,0.893558,0.330066,0.0394,0.4814,5,4,FALSE,FALSE,FALSE
"GENE2480","GENE2480_HUMAN","P69943","Protein GENE2480",0.1575,0.313688,0.296556,0.4253,0.5279,5,6,FALSE,TRUE,FALSE
"GENE0583","GENE0583_HUMAN","P01400","Protein GENE0583",-0.6157,0.67863,0.632629,0,0.1989,6,6,FALSE,FALSE,FALSE
"GENE1313","GENE1313_HUMAN","P79731","Protein GENE1313",0.5143,0.930739,0.70025,0,0.1547,3,2,FALSE,FALSE,FALSE
"GENE1766","GENE1766_HUMAN","P03305","Protein GENE1766",0.5409,1,0.618449,0,0.2087,6,2,FALSE,FALSE,FALSE
"GENE1567","GENE1567_HUMAN","P51669","Protein GENE1567",-0.0999,1,0.502351,0,0.299,4,3,FALSE,FALSE,FALSE
"GENE1005","GENE1005_HUMAN","P49113","Protein GENE1005",0.4613,1,0.789198,0,0.1028,3,6,FALSE,FALSE,FALSE
"GENE2568","GENE2568_HUMAN","P98372","Protein GENE2568",0.3524,0.964841,0.356216,0,0.4483,3,4,FALSE,FALSE,FALSE
"GENE0577","GENE0577_HUMAN","P96311","Protein GENE0577",-0.1672,1,0.786845,0,0.1041,4,3,FALSE,FALSE,FALSE
"GENE2559","GENE2559_HUMAN","P22475","Protein GENE2559",0.8772,1,0.703283,0,0.1529,3,6,TRUE,FALSE,FALSE
"GENE2562","GENE2562_HUMAN","P88756","Protein GENE2562",0.2149,1,0.699256,0,0.1554,5,4,FALSE,FALSE,FALSE
"ASCC2","ASCC2_HUMAN","P43750","Protein ASCC2",3.3965,0.101706,0.034142,0.9248,1.4667,3,5,TRUE,FALSE,TRUE
"GENE2418","GENE2418_HUMAN","P86826","Protein GENE2418",-0.3507,0.725382,0.463773,0,0.3337,2,3,FALSE,FALSE,FALSE
"GENE2051","GENE2051_HUMAN","P73686","Protein GENE2051",-2.9749,0.022512,0.013148,1.3029,1.8811,4,6,TRUE,FALSE,TRUE
"GENE1500","GENE1500_HUMAN","P39671","Protein GENE1500",1.6794,0.166952,0.035468,0.8384,1.4502,2,4,FALSE,FALSE,TRUE
"GENE1444","GENE1444_HUMAN","P35711","Protein GENE1444",-0.2033,1,0.556152,0,0.2548,4,2,FALSE,FALSE,FALSE
"GENE1447","GENE1447_HUMAN","P07940","Protein GENE1447",0.3019,1,0.52044,0,0.2836,3,5,FALSE,FALSE,FALSE
"GENE2079","GENE2079_HUMAN","P73165","Protein GENE2079",0.2001,1,0.930069,0,0.0315,2,6,FALSE,FALSE,FALSE
"GENE2569","GENE2569_HUMAN","P15040","Protein GENE2569",0.4925,0.667152,0.254909,0.2877,0.5936,4,6,FALSE,FALSE,FALSE
"GENE2346","GENE2346_HUMAN","P92972","Protein GENE2346",-0.4581,1,0.348059,0.4176,0.4583,2,2,FALSE,TRUE,FALSE
"GENE2073","GENE2073_HUMAN","P60655","Protein GENE2073",-0.0317,1,0.472163,0,0.3259,5,2,FALSE,FALSE,FALSE
"GENE0484","GENE0484_HUMAN","P01569","Protein GENE0484",0.6782,0.031304,0.010929,1.5806,1.9614,2,3,FALSE,FALSE,TRUE
"GENE1973","GENE1973_HUMAN","P34130","Protein GENE1973",2.3887,0.039345,0.027277,0.9287,1.5642,2,6,FALSE,FALSE,TRUE
"GENE0913","GENE0913_HUMAN","P95321","Protein GENE0913",-0.0073,1,0.259463,0.1225,0.5859,2,2,FALSE,FALSE,FALSE
"GENE2045","GENE2045_HUMAN","P77440","Protein GENE2045",0.0369,1,0.384234,0.3075,0.4154,2,2,FALSE,FALSE,FALSE
"GENE0719","GENE0719_HUMAN","P08641","Protein GENE0719",-0.7363,0.610065,0.166523,0.6199,0.7785,6,4,FALSE,FALSE,FALSE
"GENE2215","GENE2215_HUMAN","P54730","Protein GENE2215",0.0596,1,0.719237,0,0.1431,4,2,FALSE,TRUE,FALSE
"GENE2390","GENE2390_HUMAN","P88019","Protein GENE2390",0.0252,1,0.599266,0,0.2224,3,3,FALSE,FALSE,FALSE
"GENE0074","GENE0074_HUMAN","P51699","Protein GENE0074",-0.3941,0.865314,0.76254,0,0.1177,3,4,FALSE,FALSE,FALSE
"GENE1930","GENE1930_HUMAN","P58013","Protein GENE1930",0.1913,1,0.930316,0,0.0314,5,3,FALSE,TRUE,FALSE
"GENE0171","GENE0171_HUMAN","P45633","Protein GENE0171",0.0612,0.947558,0.535463,0,0.2713,3,3,FALSE,FALSE,FALSE
"GENE1133","GENE1133_HUMAN","P27166","Protein GENE1133",0.4317,0.312633,0.308794,0.1291,0.5103,2,3,FALSE,FALSE,FALSE
"GENE0809","GENE0809_HUMAN","P35488","Protein GENE0809",-0.719,1,0.816754,0,0.0879,3,4,FALSE,TRUE,FALSE
"GENE0833","GENE0833_HUMAN","P55174","Protein GENE0833",-0.2658,1,0.798097,0,0.0979,5,5,FALSE,FALSE,FALSE
"GENE1366","GENE1366_HUMAN","P07238","Protein GENE1366",0.2093,0.698833,0.391057,0,0.4078,2,2,FALSE,FALSE,FALSE
"GENE2204","GENE2204_HUMAN","P92261","Protein GENE2204",-1.9591,0.05998,0.025157,0.9163,1.5993,4,2,FALSE,FALSE,TRUE
"GENE2309","GENE2309_HUMAN","P02666","Protein GENE2309",0.3001,1,0.753581,0.0291,0.1229,5,3,FALSE,FALSE,FALSE
"GENE1682","GENE1682_HUMAN","P56458","Protein GENE1682",0.3093,1,0.590253,0,0.229,6,5,FALSE,FALSE,FALSE
"GENE0858","GENE0858_HUMAN","P92701","Protein GENE0858",-3.7254,0.037694,0.008344,1.7885,2.0786,4,3,FALSE,FALSE,TRUE
"GENE1454","GENE1454_HUMAN","P09581","Protein GENE1454",-0.0973,0.884879,0.223206,0.0174,0.6513,4,5,FALSE,FALSE,FALSE
"GENE2107","GENE2107_HUMAN","P48390","Protein GENE2107",0.389,1,0.748944,0,0.1256,2,3,FALSE,FALSE,FALSE
"GENE2408","GENE2408_HUMAN","P01645","Protein GENE2408",2.2572,0.121908,0.045688,0.8993,1.3402,4,5,FALSE,FALSE,TRUE
"GENE1836","GENE1836_HUMAN","P29883","Protein GENE1836",-0.8863,0.341882,0.217067,0.1741,0.6634,6,4,FALSE,FALSE,FALSE
"GENE0698","GENE0698_HUMAN","P81349","Protein GENE0698",0.0305,1,0.893209,0,0.049,5,5,TRUE,FALSE,FALSE
"GENE0880","GENE0880_HUMAN","P97064","Protein GENE0880",0.4684,1,0.276119,0,0.5589,3,4,FALSE,FALSE,FALSE
"GENE0415","GENE0415_HUMAN","P23363","Protein GENE0415",-0.7681,0.38869,0.169518,0.0857,0.7708,2,6,FALSE,FALSE,FALSE
"GENE2162","GENE2162_HUMAN","P89157","Protein GENE2162",-0.4556,0.180328,0.101348,0.4098,0.9942,6,2,FALSE,FALSE,FALSE
"GENE2343","GENE2343_HUMAN","P09698","Protein GENE2343",0.0078,1,0.56672,0.0598,0.2466,4,5,FALSE,TRUE,FALSE
"GENE1954","GENE1954_HUMAN","P77592","Protein GENE1954",-0.0664,1,0.753752,0,0.1228,3,6,FALSE,FALSE,FALSE
"GENE1325","GENE1325_HUMAN","P35772","Protein GENE1325",-0.3568,0.49856,0.199248,0.4495,0.7006,2,5,FALSE,TRUE,FALSE
"GENE2525","GENE2525_HUMAN","P52218","Protein GENE2525",0.5096,1,0.542627,0,0.2655,4,3,FALSE,FALSE,FALSE
"GENE0128","GENE0128_HUMAN","P78501","Protein GENE0128",0.1382,1,0.996439,0,0.0015,4,2,FALSE,FALSE,FALSE
"GENE2643","GENE2643_HUMAN","P08528","Protein GENE2643",0.4378,0.445865,0.099851,0.8989,1.0006,4,6,TRUE,FALSE,FALSE
"GENE1800","GENE1800_HUMAN","P15613","Protein GENE1800",-0.1435,0.58737,0.575632,0,0.2399,4,6,FALSE,FALSE,FALSE
"GENE2189","GENE2189_HUMAN","P48729","Protein GENE2189",0.2206,1,0.59512,0,0.2254,5,5,FALSE,FALSE,FALSE
"GENE0621","GENE0621_HUMAN","P28788","Protein GENE0621",-0.1584,0.776864,0.616247,0,0.2102,2,3,FALSE,FALSE,FALSE
"GENE1707","GENE1707_HUMAN","P29923","Protein GENE1707",0.0365,1,0.367791,0,0.4344,2,3,FALSE,FALSE,FALSE
"GENE0196","GENE0196_HUMAN","P77805","Protein GENE0196",-0.0999,1,0.866281,0,0.0623,6,6,FALSE,FALSE,FALSE
"GENE2056","GENE2056_HUMAN","P17372","Protein GENE2056",-0.0537,1,0.480214,0.1425,0.3186,5,5,FALSE,FALSE,FALSE
"GENE2829","GENE2829_HUMAN","P19726","Protein GENE2829",0.6915,0.181944,0.123294,0.6976,0.9091,6,5,FALSE,FALSE,FALSE
"GENE1556","GENE1556_HUMAN","P29391","Protein GENE1556",0.116,1,0.934401,0,0.0295,6,6,FALSE,FALSE,FALSE
"GENE2576","GENE2576_HUMAN","P26120","Protein GENE2576",0.4399,0.785531,0.232971,0.5457,0.6327,5,5,FALSE,FALSE,FALSE
"GENE0600","GENE0600_HUMAN","P24440","Protein GENE0600",-0.4692,0.218471,0.064876,0.5276,1.1879,4,4,FALSE,FALSE,FALSE
"GENE2319","GENE2319_HUMAN","P53035","Protein GENE2319",0.1043,1,0.329761,0.4672,0.4818,5,2,FALSE,FALSE,FALSE
"GENE2423","GENE2423_HUMAN","P93959","Protein GENE2423",-0.1541,1,0.49205,0,0.308,3,4,FALSE,FALSE,FALSE
"GENE0452","GENE0452_HUMAN","P40917","Protein GENE0452",-0.2669,1,0.909341,0,0.0413,4,4,FALSE,FALSE,FALSE
"GENE2475","GENE2475_HUMAN","P59854","Protein GENE2475",-0.8695,1,0.404686,0,0.3929,3,5,TRUE,FALSE,FALSE
"GENE2167","GENE2167_HUMAN","P64727","Protein GENE2167",-0.2148,0.193977,0.097913,0.7399,1.0092,4,5,FALSE,FALSE,FALSE
"GENE1437","GENE1437_HUMAN","P38885","Protein GENE1437",0.0246,1,0.318152,0.4961,0.4974,3,5,TRUE,FALSE,FALSE
"GENE0332","GENE0332_HUMAN","P54887","Protein GENE0332",-0.0988,1,0.849151,0,0.071,4,6,FALSE,FALSE,FALSE
"GENE2501","GENE2501_HUMAN","P14840","Protein GENE2501",-0.4929,1,0.992913,0,0.0031,3,4,FALSE,FALSE,FALSE
"GENE2540","GENE2540_HUMAN","P82922","Protein GENE2540",-0.5596,1,0.660083,0,0.1804,2,5,FALSE,FALSE,FALSE
"GENE1599","GENE1599_HUMAN","P70922","Protein GENE1599",0.2955,0.839457,0.348087,0.2594,0.4583,5,3,FALSE,TRUE,FALSE
"GENE2536","GENE2536_HUMAN","P13595","Protein GENE2536",-0.0065,0.456554,0.146464,0.2527,0.8343,5,2,TRUE,TRUE,FALSE
"GENE1289","GENE1289_HUMAN","P08924","Protein GENE1289",-0.1345,0.192313,0.065314,0.6053,1.185,6,5,FALSE,TRUE,FALSE
"GENE2827","GENE2827_HUMAN","P90144","Protein GENE2827",-0.0406,1,0.62894,0.1835,0.2014,6,3,FALSE,FALSE,FALSE
"GENE2123","GENE2123_HUMAN","P83421","Protein GENE2123",-1.2416,0.030086,0.012272,1.22,1.9111,5,6,TRUE,FALSE,TRUE
"GENE1521","GENE1521_HUMAN","P29718","Protein GENE1521",0.2368,1,0.983072,0,0.0074,6,2,FALSE,FALSE,FALSE
"GENE1116","GENE1116_HUMAN","P66373","Protein GENE1116",-2.6516,0.105833,0.037853,1.0911,1.4219,6,6,FALSE,TRUE,TRUE
"GENE0283","GENE0283_HUMAN","P40638","Protein GENE0283",-0.069,1,0.61518,0,0.211,5,4,TRUE,FALSE,FALSE
"GENE1845","GENE1845_HUMAN","P68648","Protein GENE1845",-0.4128,0.478756,0.172933,0.1295,0.7621,6,6,FALSE,FALSE,FALSE
"CMTR1","CMTR1_HUMAN","P67802","Protein CMTR1",-0.4146,0.431488,0.342558,0,0.4653,5,5,FALSE,FALSE,FALSE
"GENE1199","GENE1199_HUMAN","P96686","Protein GENE1199",-0.2067,0.888131,0.452785,0.322,0.3441,5,6,FALSE,FALSE,FALSE
"GENE0217","GENE0217_HUMAN","P16928","Protein GENE0217",0.6451,0.411887,0.166722,0.1024,0.778,3,5,TRUE,FALSE,FALSE
"GENE0793","GENE0793_HUMAN","P37014","Protein GENE0793",-0.5075,1,0.528072,0,0.2773,4,3,FALSE,FALSE,FALSE
"UFL1","UFL1_HUMAN","P95018","Protein UFL1",2.522,0.00672,0.006468,1.9366,2.1892,5,5,FALSE,FALSE,TRUE
"GENE2675","GENE2675_HUMAN","P07502","Protein GENE2675",-0.1372,1,0.796765,0,0.0987,4,6,FALSE,FALSE,FALSE
"GENE1694","GENE1694_HUMAN","P88818","Protein GENE1694",-0.4766,0.223301,0.060806,0.5172,1.2161,4,5,FALSE,FALSE,FALSE
"GENE1791","GENE1791_HUMAN","P14033","Protein GENE1791",-0.1164,1,0.561645,0.208,0.2505,4,2,FALSE,FALSE,FALSE
"GENE1882","GENE1882_HUMAN","P37596","Protein GENE1882",0.7262,1,0.659075,0,0.1811,6,5,TRUE,TRUE,FALSE
"GENE2508","GENE2508_HUMAN","P31447","Protein GENE2508",0.3363,1,0.83596,0.0067,0.0778,6,5,TRUE,FALSE,FALSE
"GENE1228","GENE1228_HUMAN","P31884","Protein GENE1228",0.0376,1,0.912167,0,0.0399,4,6,FALSE,FALSE,FALSE
"GENE2582","GENE2582_HUMAN","P04390","Protein GENE2582",-0.2986,1,0.776203,0.0111,0.11,6,3,FALSE,FALSE,FALSE
"GENE2209","GENE2209_HUMAN","P67040","Protein GENE2209",-0.2166,0.785038,0.255129,0.1689,0.5932,5,4,FALSE,FALSE,FALSE
"GENE1821","GENE1821_HUMAN","P73675","Protein GENE1821",3.8076,0.186351,0.045257,1.0746,1.3443,5,5,FALSE,FALSE,TRUE
"GENE0835","GENE0835_HUMAN","P82768","Protein GENE0835",0.3263,0.710894,0.143251,0.1705,0.8439,5,6,FALSE,FALSE,FALSE
"GENE2367","GENE2367_HUMAN","P52434","Protein GENE2367",0.132,1,0.720689,0.0172,0.1423,3,6,FALSE,FALSE,FALSE
"GENE0158","GENE0158_HUMAN","P28220","Protein GENE0158",0.3017,0.207296,0.108127,0.4937,0.9661,5,5,FALSE,FALSE,FALSE
"GENE2567","GENE2567_HUMAN","P87248","Protein GENE2567",0.07,1,0.931633,0,0.0308,3,4,FALSE,FALSE,FALSE
"GENE2331","GENE2331_HUMAN","P00945","Protein GENE2331",0.1812,1,0.650969,0,0.1864,4,3,FALSE,FALSE,FALSE
"GENE1621","GENE1621_HUMAN","P93704","Protein GENE1621",0.179,1,0.293873,0.4995,0.5318,3,3,FALSE,FALSE,FALSE
"GENE2832","GENE2832_HUMAN","P24879","Protein GENE2832",-1.2751,0.002424,0.001806,2.6708,2.7432,4,5,FALSE,TRUE,TRUE
"GENE0971","GENE0971_HUMAN","P56598","Protein GENE0971",0.1269,1,0.520061,0,0.2839,3,3,FALSE,TRUE,FALSE
"GENE2012","GENE2012_HUMAN","P21476","Protein GENE2012",-4.489,0.001241,0.000265,2.8822,3.577,4,3,FALSE,FALSE,TRUE
"GENE0005","GENE0005_HUMAN","P65143","Protein GENE0005",0.168,0.593347,0.179364,0.1497,0.7463,5,3,FALSE,FALSE,FALSE
"GENE1347","GENE1347_HUMAN","P72964","Protein GENE1347",0.0029,0.4961,0.114473,0.3813,0.9413,6,5,FALSE,FALSE,FALSE
"GENE0474","GENE0474_HUMAN","P40863","Protein GENE0474",0.3066,1,0.776939,0,0.1096,5,4,FALSE,FALSE,FALSE
"GENE0370","GENE0370_HUMAN","P02192","Protein GENE0370",0.6825,1,0.681678,0.1265,0.1664,2,3,FALSE,FALSE,FALSE
"GENE1327","GENE1327_HUMAN","P38878","Protein GENE1327",-0.1058,0.427368,0.265855,0,0.5754,4,3,FALSE,FALSE,FALSE
"GENE0855","GENE0855_HUMAN","P81533","Protein GENE0855",0.0278,1,0.702294,0,0.1535,6,5,TRUE,FALSE,FALSE
"GENE1373","GENE1373_HUMAN","P74394","Protein GENE1373",-0.3076,0.461457,0.11299,0.4015,0.947,5,4,FALSE,FALSE,FALSE
"GENE1211","GENE1211_HUMAN","P73654","Protein GENE1211",-0.2178,1,0.309005,0,0.51,2,2,FALSE,FALSE,FALSE
"GENE2867","GENE2867_HUMAN","P98433","Protein GENE2867",1.9832,0.132821,0.032942,1.2968,1.4822,3,2,FALSE,FALSE,TRUE
"GENE0278","GENE0278_HUMAN","P04278","Protein GENE0278",0.1119,1,0.579022,0,0.2373,2,2,FALSE,FALSE,FALSE
"GENE2308","GENE2308_HUMAN","P35341","Protein GENE2308",0.6106,1,0.914374,0,0.0389,4,2,FALSE,FALSE,FALSE
"GENE2733","GENE2733_HUMAN","P17802","Protein GENE2733",-0.5988,1,0.817328,0,0.0876,2,2,FALSE,FALSE,FALSE
"GENE1247","GENE1247_HUMAN","P40398","Protein GENE1247",-0.3517,1,0.969201,0,0.0136,5,2,TRUE,FALSE,FALSE
"GENE2102","GENE2102_HUMAN","P13778","Protein GENE2102",-0.1028,1,0.477422,0,0.3211,6,4,TRUE,FALSE,FALSE
"GENE0560","GENE0560_HUMAN","P99094","Protein GENE0560",0.0621,0.662711,0.321008,0,0.4935,6,4,FALSE,FALSE,FALSE
"GENE0513","GENE0513_HUMAN","P59420","Protein GENE0513",-2.1643,0.000411,8.7e-05,3.56,4.0626,3,6,FALSE,FALSE,TRUE
"GENE2256","GENE2256_HUMAN","P63500","Protein GENE2256",-0.0938,0.476265,0.115688,0.3824,0.9367,5,5,FALSE,TRUE,FALSE
"GENE2109","GENE2109_HUMAN","P58922","Protein GENE2109",0.9332,0.068887,0.039101,0.7859,1.4078,2,6,FALSE,FALSE,TRUE
"GENE0664","GENE0664_HUMAN","P50502","Protein GENE0664",-0.1633,0.85791,0.181129,0.3228,0.742,6,2,FALSE,FALSE,FALSE
"GENE2470","GENE2470_HUMAN","P27254","Protein GENE2470",-0.3728,1,0.801452,0,0.0961,4,4,FALSE,FALSE,FALSE
"GENE1025","GENE1025_HUMAN","P10525","Protein GENE1025",-0.654,1,0.377937,0,0.4226,2,3,TRUE,FALSE,FALSE
"GENE0522","GENE0522_HUMAN","P30431","Protein GENE0522",1.7711,0.1117,0.044969,0.7209,1.3471,5,4,FALSE,FALSE,TRUE
"GENE1400","GENE1400_HUMAN","P89743","Protein GENE1400",-0.0307,1,0.931369,0,0.0309,5,6,FALSE,FALSE,FALSE
"GENE2686","GENE2686_HUMAN","P87178","Protein GENE2686",0.0101,0.772602,0.37771,0.2447,0.4228,6,2,FALSE,FALSE,FALSE
"GENE1040","GENE1040_HUMAN","P40874","Protein GENE1040",0.0715,0.678744,0.18509,0.1309,0.7326,3,3,FALSE,FALSE,FALSE
"GENE0013","GENE0013_HUMAN","P70151","Protein GENE0013",0.3138,1,0.792322,0,0.1011,4,5,FALSE,FALSE,FALSE
"GENE0377","GENE0377_HUMAN","P30750","Protein GENE0377",0.3388,1,0.856569,0,0.0672,4,5,FALSE,TRUE,FALSE
"GENE1480","GENE1480_HUMAN","P24129","Protein GENE1480",-0.101,0.903376,0.885642,0,0.0527,4,2,FALSE,FALSE,FALSE
"GENE0931","GENE0931_HUMAN","P60004","Protein GENE0931",0.3339,0.606589,0.15334,0.3169,0.8143,6,4,FALSE,FALSE,FALSE
"GENE1024","GENE1024_HUMAN","P75774","Protein GENE1024",0.4676,0.182429,0.063716,0.5735,1.1958,3,2,FALSE,FALSE,FALSE
"GENE0456","GENE0456_HUMAN","P38118","Protein GENE0456",-0.4661,0.642288,0.450888,0,0.3459,6,2,TRUE,FALSE,FALSE
"GENE2135","GENE2135_HUMAN","P78774","Protein GENE2135",2.8655,0.050906,0.017594,1.1699,1.7546,3,5,FALSE,FALSE,TRUE
"GENE1756","GENE1756_HUMAN","P83486","Protein GENE1756",0.3352,0.915544,0.378312,0,0.4222,2,6,FALSE,FALSE,FALSE
"GENE1529","GENE1529_HUMAN","P54164","Protein GENE1529",3.4955,0.074527,0.023432,1.3381,1.6302,2,6,FALSE,FALSE,TRUE
"GENE1182","GENE1182_HUMAN","P71807","Protein GENE1182",0.3352,1,0.593838,0,0.2263,3,2,FALSE,FALSE,FALSE
"GENE0081","GENE0081_HUMAN","P06975","Protein GENE0081",-0.4715,0.7948,0.337916,0,0.4712,6,2,FALSE,FALSE,FALSE
"GENE2235","GENE2235_HUMAN","P51674","Protein GENE2235",0.3881,1,0.575805,0,0.2397,6,4,FALSE,FALSE,FALSE
"GENE0676","GENE0676_HUMAN","P76575","Protein GENE0676",-0.0518,0.680874,0.203694,0.0731,0.691,4,4,FALSE,FALSE,FALSE
"GENE0836","GENE0836_HUMAN","P65946","Protein GENE0836",-0.3256,1,0.390868,0,0.408,2,2,FALSE,FALSE,FALSE
"GENE0614","GENE0614_HUMAN","P89402","Protein GENE0614",0.4731,1,0.516941,0.0147,0.2866,4,5,FALSE,FALSE,FALSE
"GENE0565","GENE0565_HUMAN","P89821","Protein GENE0565",-0.575,1,0.240105,0.0073,0.6196,4,3,FALSE,TRUE,FALSE
"GENE1976","GENE1976_HUMAN","P73385","Protein GENE1976",-0.1776,0.724957,0.262536,0,0.5808,3,6,FALSE,FALSE,FALSE
"GENE2065","GENE2065_HUMAN","P48637","Protein GENE2065",0.2672,1,0.696905,0.0552,0.1568,6,4,TRUE,FALSE,FALSE
"GENE2785","GENE2785_HUMAN","P54055","Protein GENE2785",0.2764,1,0.671248,0,0.1731,3,6,FALSE,FALSE,FALSE
"GENE1448","GENE1448_HUMAN","P58770","Protein GENE1448",-0.8282,1,0.921086,0,0.0357,3,5,FALSE,FALSE,FALSE
"GENE2494","GENE2494_HUMAN","P47827","Protein GENE2494",-0.5156,0.736047,0.591562,0,0.228,2,3,FALSE,FALSE,FALSE
"GENE2371","GENE2371_HUMAN","P88180","Protein GENE2371",-2.3073,0.187996,0.043387,0.9029,1.3626,3,3,FALSE,FALSE,TRUE
"GENE2041","GENE2041_HUMAN","P71063","Protein GENE2041",0.1675,1,0.34811,0.2177,0.4583,2,4,FALSE,FALSE,FALSE
"GENE2318","GENE2318_HUMAN","P68654","Protein GENE2318",0.7886,1,0.770076,0,0.1135,4,3,FALSE,FALSE,FALSE
"GENE2124","GENE2124_HUMAN","P12682","Protein GENE2124",0.6341,1,0.900244,0,0.0456,2,4,FALSE,FALSE,FALSE
"GENE2426","GENE2426_HUMAN","P73723","Protein GENE2426",0.2234,1,0.982959,0,0.0075,6,2,FALSE,FALSE,FALSE
"GENE1402","GENE1402_HUMAN","P98289","Protein GENE1402",0.1595,0.203114,0.1118,0.3451,0.9516,5,2,FALSE,FALSE,FALSE
"GENE2882","GENE2882_HUMAN","P10628","Protein GENE2882",-0.3719,1,0.511623,0.1382,0.2911,2,6,FALSE,FALSE,FALSE
"GENE0760","GENE0760_HUMAN","P65016","Protein GENE0760",0.2614,1,0.835693,0,0.078,3,4,FALSE,FALSE,FALSE
"GENE2304","GENE2304_HUMAN","P51711","Protein GENE2304",-0.5829,0.183818,0.067971,0.9104,1.1677,5,3,FALSE,FALSE,FALSE
"DDX5","DDX5_HUMAN","P42390","Protein DDX5",0.5877,1,0.890985,0,0.0501,6,5,TRUE,FALSE,FALSE
"GENE0570","GENE0570_HUMAN","P25895","Protein GENE0570",0.8036,0.501443,0.4696,0,0.3283,4,4,FALSE,FALSE,FALSE
"GENE2802","GENE2802_HUMAN","P34090","Protein GENE2802",0.1994,1,0.642596,0,0.1921,4,6,TRUE,FALSE,FALSE
"GENE1602","GENE1602_HUMAN","P83332","Protein GENE1602",0.1403,1,0.822972,0,0.0846,3,4,FALSE,FALSE,FALSE
"GENE1490","GENE1490_HUMAN","P72951","Protein GENE1490",-0.5054,0.643489,0.45055,0.1034,0.3463,2,2,FALSE,FALSE,FALSE
"GENE2075","GENE2075_HUMAN","P22511","Protein GENE2075",0.2019,0.417333,0.156884,0.3291,0.8044,5,3,FALSE,TRUE,FALSE
"GENE0155","GENE0155_HUMAN","P25046","Protein GENE0155",0.4264,1,0.990159,0,0.0043,5,6,FALSE,FALSE,FALSE
"GENE0170","GENE0170_HUMAN","P68482","Protein GENE0170",0.0281,1,0.579691,0,0.2368,2,2,FALSE,FALSE,FALSE
"GENE0066","GENE0066_HUMAN","P34192","Protein GENE0066",1.0775,1,0.946675,0,0.0238,5,5,FALSE,FALSE,FALSE
"GENE0174","GENE0174_HUMAN","P73338","Protein GENE0174",0.5478,0.850699,0.188452,0.2376,0.7248,4,5,FALSE,FALSE,FALSE
"GENE1677","GENE1677_HUMAN","P36955","Protein GENE1677",0.1022,1,0.301223,0.1932,0.5211,2,4,TRUE,FALSE,FALSE
"GENE0509","GENE0509_HUMAN","P73721","Protein GENE0509",0.1648,1,0.874141,0,0.0584,4,4,TRUE,FALSE,FALSE
"GENE1914","GENE1914_HUMAN","P16905","Protein GENE1914",0.3958,1,0.589067,0,0.2298,3,6,FALSE,FALSE,FALSE
"GENE1144","GENE1144_HUMAN","P94368","Protein GENE1144",-0.1488,1,0.859671,0,0.0657,5,2,FALSE,FALSE,FALSE
"GENE0644","GENE0644_HUMAN","P75594","Protein GENE0644",0.3852,0.696372,0.40383,0.0797,0.3938,6,2,FALSE,FALSE,FALSE
"GENE2263","GENE2263_HUMAN","P33135","Protein GENE2263",-0.257,1,0.488307,0,0.3113,4,3,FALSE,FALSE,FALSE
"GENE2448","GENE2448_HUMAN","P34576","Protein GENE2448",0.4599,0.168127,0.099333,0.8136,1.0029,6,6,FALSE,FALSE,FALSE
"GENE1205","GENE1205_HUMAN","P53858","Protein GENE1205",0.0278,1,0.38377,0.0029,0.4159,3,5,FALSE,TRUE,FALSE
"GENE0617","GENE0617_HUMAN","P01928","Protein GENE0617",0.0038,1,0.731233,0,0.1359,4,5,FALSE,FALSE,FALSE
"GENE0322","GENE0322_HUMAN","P71840","Protein GENE0322",-0.276,1,0.609076,0,0.2153,6,2,FALSE,FALSE,FALSE
"GENE1712","GENE1712_HUMAN","P90466","Protein GENE1712",-0.2111,1,0.327186,0,0.4852,6,6,FALSE,FALSE,FALSE
"GENE1456","GENE1456_HUMAN","P03671","Protein GENE1456",-0.3307,0.32802,0.266697,0,0.574,2,3,FALSE,FALSE,FALSE
"GENE0393","GENE0393_HUMAN","P78622","Protein GENE0393",0.1993,0.337804,0.176533,0.1831,0.7532,4,3,FALSE,FALSE,FALSE
"GENE0412","GENE0412_HUMAN","P25900","Protein GENE0412",0.1108,1,0.890028,0,0.0506,5,5,FALSE,FALSE,FALSE
"GENE0281","GENE0281_HUMAN","P29656","Protein GENE0281",0.6381,0.436549,0.113909,0.5746,0.9434,2,5,FALSE,FALSE,FALSE
"GENE2395","GENE2395_HUMAN","P20567","Protein GENE2395",-0.0387,0.556142,0.140727,0.4988,0.8516,4,6,FALSE,FALSE,FALSE
"GENE0720","GENE0720_HUMAN","P83737","Protein GENE0720",0.4703,1,0.488609,0,0.311,6,2,FALSE,FALSE,FALSE
"GENE0496","GENE0496_HUMAN","P50322","Protein GENE0496",-0.3811,0.080982,0.065985,0.8486,1.1806,4,2,FALSE,TRUE,FALSE
"GENE0977","GENE0977_HUMAN","P33666","Protein GENE0977",1.0598,0.8884,0.253703,0.1605,0.5957,3,5,FALSE,TRUE,FALSE
"GENE2165","GENE2165_HUMAN","P48696","Protein GENE2165",0.6128,0.299515,0.295772,0.4402,0.529,6,6,FALSE,FALSE,FALSE
"GENE0877","GENE0877_HUMAN","P16144","Protein GENE0877",-0.5365,0.869384,0.219107,0.0095,0.6593,5,3,FALSE,FALSE,FALSE
"GENE0962","GENE0962_HUMAN","P85522","Protein GENE0962",0.3672,1,0.652789,0,0.1852,6,6,FALSE,FALSE,FALSE
"GENE0382","GENE0382_HUMAN","P02097","Protein GENE0382",-0.1794,0.490469,0.222111,0.2563,0.6534,3,3,FALSE,FALSE,FALSE
"GENE1358","GENE1358_HUMAN","P19281","Protein GENE1358",-0.1649,1,0.432477,0.1996,0.364,2,4,FALSE,FALSE,FALSE
"GENE2149","GENE2149_HUMAN","P87809","Protein GENE2149",-0.0475,0.587253,0.576562,0,0.2392,5,6,FALSE,FALSE,FALSE
"GENE1829","GENE1829_HUMAN","P23288","Protein GENE1829",0.1031,1,0.459666,0.0382,0.3376,6,5,FALSE,FALSE,FALSE
"GENE0994","GENE0994_HUMAN","P08068","Protein GENE0994",-0.7971,1,0.399664,0,0.3983,2,5,TRUE,FALSE,FALSE
"GENE0885","GENE0885_HUMAN","P75477","Protein GENE0885",0.2708,1,0.646178,0,0.1896,6,3,FALSE,FALSE,FALSE
"GENE1336","GENE1336_HUMAN","P70486","Protein GENE1336",3.1412,0.064523,0.045495,1.0369,1.342,3,2,FALSE,TRUE,TRUE
"GENE1124","GENE1124_HUMAN","P15339","Protein GENE1124",-1.0064,1,0.93785,0,0.0279,3,2,FALSE,FALSE,FALSE
"GENE2796","GENE2796_HUMAN","P65256","Protein GENE2796",-0.4539,1,0.383321,0,0.4164,6,4,TRUE,FALSE,FALSE
"GENE1209","GENE1209_HUMAN","P38303","Protein GENE1209",-0.1532,0.797618,0.165731,0.2562,0.7806,5,2,FALSE,FALSE,FALSE
"GENE2560","GENE2560_HUMAN","P71572","Protein GENE2560",-0.2015,0.693994,0.668676,0,0.1748,5,4,FALSE,FALSE,FALSE
"GENE0791","GENE0791_HUMAN","P77070","Protein GENE0791",0.7914,1,0.454491,0.1251,0.3425,3,4,FALSE,FALSE,FALSE
"GENE2232","GENE2232_HUMAN","P13272","Protein GENE2232",-0.1817,1,0.211907,0.509,0.6739,3,4,FALSE,FALSE,FALSE
"GENE1054","GENE1054_HUMAN","P79868","Protein GENE1054",0.5981,0.367495,0.200913,0.5844,0.697,4,2,FALSE,FALSE,FALSE
"GENE2141","GENE2141_HUMAN","P45164","Protein GENE2141",-0.1998,0.335183,0.070353,0.4994,1.1527,2,3,FALSE,FALSE,FALSE
"GENE0966","GENE0966_HUMAN","P60315","Protein GENE0966",-0.2786,0.322253,0.246926,0,0.6074,4,2,FALSE,FALSE,FALSE
"GENE1537","GENE1537_HUMAN","P41835","Protein GENE1537",2.2077,0.046733,0.015118,1.1639,1.8205,3,4,FALSE,FALSE,TRUE
"GENE2792","GENE2792_HUMAN","P57870","Protein GENE2792",-0.4103,1,0.662749,0,0.1787,4,3,FALSE,FALSE,FALSE
"GENE0730","GENE0730_HUMAN","P20266","Protein GENE0730",0.2605,0.333983,0.092782,0.789,1.0325,4,3,FALSE,FALSE,FALSE
"GENE0550","GENE0550_HUMAN","P72764","Protein GENE0550",-0.4157,1,0.793271,0,0.1006,5,3,FALSE,FALSE,FALSE
"GENE0490","GENE0490_HUMAN","P21071","Protein GENE0490",0.1909,1,0.733528,0,0.1346,3,3,FALSE,FALSE,FALSE
"GENE0940","GENE0940_HUMAN","P83706","Protein GENE0940",-0.2518,0.287713,0.068574,0.7007,1.1638,3,3,FALSE,FALSE,FALSE
"GENE2378","GENE2378_HUMAN","P30769","Protein GENE2378",-0.3331,0.286084,0.162388,0.1326,0.7894,6,4,FALSE,FALSE,FALSE
"GENE1102","GENE1102_HUMAN","P36865","Protein GENE1102",0.2838,0.402045,0.234679,0,0.6295,2,2,FALSE,FALSE,FALSE
"GENE1382","GENE1382_HUMAN","P81393","Protein GENE1382",-0.6751,1,0.432109,0.1338,0.3644,3,4,FALSE,FALSE,FALSE
"GENE1830","GENE1830_HUMAN","P97372","Protein GENE1830",-0.3652,0.302711,0.087157,0.3902,1.0597,3,3,TRUE,FALSE,FALSE
"GENE0304","GENE0304_HUMAN","P35335","Protein GENE0304",-0.2686,1,0.67191,0,0.1727,5,3,FALSE,FALSE,FALSE
"GENE0588","GENE0588_HUMAN","P92826","Protein GENE0588",-0.0737,1,0.325202,0,0.4878,2,4,FALSE,FALSE,FALSE
"GENE1269","GENE1269_HUMAN","P64596","Protein GENE1269",-0.1639,1,0.801405,0,0.0961,4,4,TRUE,FALSE,FALSE
"GENE0205","GENE0205_HUMAN","P52044","Protein GENE0205",-0.403,1,0.65511,0,0.1837,5,4,TRUE,FALSE,FALSE
"GENE2037","GENE2037_HUMAN","P80345","Protein GENE2037",-0.0449,1,0.794072,0,0.1001,6,6,FALSE,FALSE,FALSE
"GENE1413","GENE1413_HUMAN","P69439","Protein GENE1413",-0.0755,1,0.431741,0,0.3648,6,3,FALSE,FALSE,FALSE
"GENE0916","GENE0916_HUMAN","P68282","Protein GENE0916",-0.6036,0.483505,0.208317,0.0021,0.6813,5,3,FALSE,FALSE,FALSE
"GENE1512","GENE1512_HUMAN","P76840","Protein GENE1512",-0.1043,0.57707,0.127863,0.4604,0.8933,3,6,FALSE,FALSE,FALSE
"GENE0973","GENE0973_HUMAN","P40322","Protein GENE0973",0.4773,0.212917,0.095136,0.5225,1.0217,2,3,FALSE,FALSE,FALSE
"GENE0575","GENE0575_HUMAN","P05857","Protein GENE0575",0.1088,1,0.867763,0,0.0616,3,6,FALSE,FALSE,FALSE
"GENE0551","GENE0551_HUMAN","P57859","Protein GENE0551",0.1677,0.675166,0.527279,0,0.278,5,2,FALSE,FALSE,FALSE
"GENE0662","GENE0662_HUMAN","P20689","Protein GENE0662",0.4128,1,0.54882,0,0.2606,2,3,FALSE,FALSE,FALSE
"GENE2011","GENE2011_HUMAN","P56697","Protein GENE2011",3.076,0.061283,0.013032,1.5126,1.885,4,4,TRUE,FALSE,TRUE
"AGGF1","AGGF1_HUMAN","P42665","Protein AGGF1",0.0596,1,0.555733,0.2017,0.2551,6,6,FALSE,FALSE,FALSE
"GENE0294","GENE0294_HUMAN","P54617","Protein GENE0294",0.2918,1,0.653896,0.0391,0.1845,5,5,FALSE,FALSE,FALSE
"GENE0930","GENE0930_HUMAN","P47585","Protein GENE0930",-3.7861,0.01778,0.003863,1.8558,2.4131,6,2,FALSE,FALSE,TRUE
"GENE1274","GENE1274_HUMAN","P84067","Protein GENE1274",0.4665,0.397762,0.221555,0.3904,0.6545,3,6,FALSE,FALSE,FALSE
"GENE2208","GENE2208_HUMAN","P32288","Protein GENE2208",-0.2336,1,0.326127,0,0.4866,4,6,FALSE,FALSE,FALSE
"GENE2366","GENE2366_HUMAN","P88432","Protein GENE2366",0.0359,1,0.813557,0,0.0896,5,4,FALSE,FALSE,FALSE
"GENE1009","GENE1009_HUMAN","P21757","Protein GENE1009",0.5933,1,0.857105,0,0.067,2,5,FALSE,FALSE,FALSE
"GENE1432","GENE1432_HUMAN","P71643","Protein GENE1432",-0.6379,1,0.674035,0,0.1713,6,6,TRUE,FALSE,FALSE
"GENE0347","GENE0347_HUMAN","P50151","Protein GENE0347",-0.8473,1,0.610958,0,0.214,5,2,FALSE,FALSE,FALSE
"GENE1630","GENE1630_HUMAN","P63396","Protein GENE1630",-0.1095,0.297261,0.11355,0.6899,0.9448,5,5,FALSE,FALSE,FALSE
"GENE1378","GENE1378_HUMAN","P48590","Protein GENE1378",-0.05,0.80603,0.770978,0.0299,0.113,4,3,FALSE,FALSE,FALSE
"GENE1763","GENE1763_HUMAN","P10131","Protein GENE1763",-0.5264,1,0.968722,0,0.0138,4,4,FALSE,FALSE,FALSE
"GENE0359","GENE0359_HUMAN","P29545","Protein GENE0359",-0.4834,0.656681,0.635615,0,0.1968,6,5,FALSE,FALSE,FALSE
"GENE1058","GENE1058_HUMAN","P44193","Protein GENE1058",1.1685,0.117987,0.031473,1.2094,1.5021,4,3,FALSE,FALSE,TRUE
"GENE2791","GENE2791_HUMAN","P57953","Protein GENE2791",-0.1341,1,0.964516,0,0.0157,4,6,FALSE,FALSE,FALSE
"TRIP4","TRIP4_HUMAN","P55078","Protein TRIP4",2.3211,0.147715,0.037031,1.0383,1.4314,2,4,FALSE,FALSE,TRUE
"GENE0374","GENE0374_HUMAN","P00669","Protein GENE0374",-0.315,1,0.671328,0,0.1731,3,2,FALSE,FALSE,FALSE
"GENE2142","GENE2142_HUMAN","P82410","Protein GENE2142",-0.1859,0.412937,0.101949,0.6461,0.9916,4,5,FALSE,FALSE,FALSE
"GENE1592","GENE1592_HUMAN","P55041","Protein GENE1592",-0.2576,1,0.596618,0.0646,0.2243,6,2,FALSE,FALSE,FALSE
"GENE1716","GENE1716_HUMAN","P76115","Protein GENE1716",-0.0361,0.677078,0.613534,0,0.2122,6,2,FALSE,FALSE,FALSE
"GENE1626","GENE1626_HUMAN","P51320","Protein GENE1626",0.3382,1,0.89119,0,0.05,6,3,FALSE,FALSE,FALSE
"GENE2327","GENE2327_HUMAN","P04126","Protein GENE2327",-0.2755,1,0.941694,0.0074,0.0261,3,6,FALSE,FALSE,FALSE
"GENE2498","GENE2498_HUMAN","P59685","Protein GENE2498",0.4587,0.882121,0.223806,0,0.6501,5,4,FALSE,FALSE,FALSE
"GENE0399","GENE0399_HUMAN","P14444","Protein GENE0399",0.1207,0.983304,0.886114,0,0.0525,2,5,FALSE,FALSE,FALSE
"GENE2512","GENE2512_HUMAN","P08754","Protein GENE2512",0.2988,1,0.471578,0.0019,0.3264,3,3,FALSE,FALSE,FALSE
"GENE0407","GENE0407_HUMAN","P35633","Protein GENE0407",0.3417,1,0.869753,0,0.0606,4,2,FALSE,FALSE,FALSE
"GENE2363","GENE2363_HUMAN","P66037","Protein GENE2363",-0.2153,0.928035,0.606039,0,0.2175,6,2,TRUE,TRUE,FALSE
"GENE1947","GENE1947_HUMAN","P12625","Protein GENE1947",-0.3209,1,0.641578,0,0.1928,5,6,FALSE,FALSE,FALSE
"GENE0657","GENE0657_HUMAN","P98588","Protein GENE0657",0.583,1,0.882396,0,0.0543,2,4,FALSE,FALSE,FALSE
"GENE0388","GENE0388_HUMAN","P59525","Protein GENE0388",0.2756,0.455384,0.114026,0.7973,0.943,6,3,FALSE,FALSE,FALSE
"GENE1822","GENE1822_HUMAN","P10145","Protein GENE1822",2.5415,0.0786,0.045494,1.2035,1.342,3,3,FALSE,FALSE,TRUE
"GENE2335","GENE2335_HUMAN","P77282","Protein GENE2335",-0.0121,1,0.626251,0.0518,0.2033,2,3,FALSE,FALSE,FALSE
"GENE2847","GENE2847_HUMAN","P81966","Protein GENE2847",0.2858,1,0.643548,0.1682,0.1914,4,2,FALSE,FALSE,FALSE
"GENE0338","GENE0338_HUMAN","P85857","Protein GENE0338",-0.0751,0.397548,0.176476,0.1476,0.7533,3,4,FALSE,FALSE,FALSE
"GENE1227","GENE1227_HUMAN","P92300","Protein GENE1227",-0.0563,0.983851,0.97396,0,0.0115,6,4,FALSE,FALSE,FALSE
"GENE2054","GENE2054_HUMAN","P82670","Protein GENE2054",0.1684,1,0.73835,0,0.1317,6,3,FALSE,FALSE,FALSE
"GENE2456","GENE2456_HUMAN","P14806","Protein GENE2456",0.7856,1,0.452481,0,0.3444,6,6,FALSE,FALSE,FALSE
"WNK1","WNK1_HUMAN","P95142","Protein WNK1",3.2702,0.079085,0.018375,1.1726,1.7358,2,4,FALSE,FALSE,TRUE
"GENE1714","GENE1714_HUMAN","P15456","Protein GENE1714",-0.0538,1,0.495166,0,0.3052,4,4,TRUE,TRUE,FALSE
"GENE0983","GENE0983_HUMAN","P97953","Protein GENE0983",-0.1134,1,0.547642,0,0.2615,2,2,FALSE,FALSE,FALSE
"GENE2416","GENE2416_HUMAN","P33477","Protein GENE2416",-0.401,0.760388,0.309157,0.4648,0.5098,5,2,TRUE,FALSE,FALSE
"GENE0987","GENE0987_HUMAN","P00962","Protein GENE0987",0.0963,1,0.52283,0.0564,0.2816,2,6,FALSE,FALSE,FALSE
"GENE0361","GENE0361_HUMAN","P51934","Protein GENE0361",3.3646,0.088553,0.047085,0.8511,1.3271,5,4,FALSE,TRUE,TRUE
"GENE1819","GENE1819_HUMAN","P48490","Protein GENE1819",0.0396,1,0.565569,0,0.2475,4,5,FALSE,FALSE,FALSE
"GENE2407","GENE2407_HUMAN","P71009","Protein GENE2407",-0.0768,1,0.678898,0.0131,0.1682,5,2,FALSE,FALSE,FALSE
"GENE0002","GENE0002_HUMAN","P47775","Protein GENE0002",0.0072,1,0.707825,0,0.1501,6,2,FALSE,FALSE,FALSE
"GENE0323","GENE0323_HUMAN","P76191","Protein GENE0323",0.3554,0.656219,0.203991,0.626,0.6904,4,2,FALSE,FALSE,FALSE
"GENE0082","GENE0082_HUMAN","P27936","Protein GENE0082",0.0968,1,0.490682,0.2673,0.3092,3,3,FALSE,FALSE,FALSE
"GENE2683","GENE2683_HUMAN","P13519","Protein GENE2683",2.7558,0.123005,0.031825,1.0422,1.4972,6,2,FALSE,FALSE,TRUE
"GENE0218","GENE0218_HUMAN","P44854","Protein GENE0218",-0.2282,1,0.732984,0,0.1349,6,6,FALSE,FALSE,FALSE
"GENE2143","GENE2143_HUMAN","P20389","Protein GENE2143",1.0567,1,0.461371,0.2397,0.3359,4,3,FALSE,FALSE,FALSE
"GENE2801","GENE2801_HUMAN","P56067","Protein GENE2801",0.0307,0.355571,0.153412,0.5695,0.8141,3,2,FALSE,FALSE,FALSE
"GENE1319","GENE1319_HUMAN","P06873","Protein GENE1319",-0.0699,1,0.59944,0,0.2223,3,2,FALSE,FALSE,FALSE
"GENE0023","GENE0023_HUMAN","P37023","Protein GENE0023",-2.7597,0.110098,0.026485,1.3471,1.577,4,6,FALSE,FALSE,TRUE
"GENE0863","GENE0863_HUMAN","P57262","Protein GENE0863",0.7127,0.801275,0.76749,0,0.1149,4,3,FALSE,FALSE,FALSE
"GENE2848","GENE2848_HUMAN","P35924","Protein GENE2848",2.217,0.102398,0.037488,1.0781,1.4261,5,5,FALSE,FALSE,TRUE
"GENE0384","GENE0384_HUMAN","P58388","Protein GENE0384",1.0248,0.063371,0.041103,0.9947,1.3861,5,3,FALSE,TRUE,TRUE
"GENE1137","GENE1137_HUMAN","P13788","Protein GENE1137",-0.2503,0.869719,0.373455,0.2485,0.4278,4,5,FALSE,FALSE,FALSE
"GENE0999","GENE0999_HUMAN","P25718","Protein GENE0999",0.165,0.991674,0.356948,0.2674,0.4474,3,6,FALSE,FALSE,FALSE
"GENE0156","GENE0156_HUMAN","P40129","Protein GENE0156",-0.2335,1,0.562722,0,0.2497,5,5,FALSE,FALSE,FALSE
"GENE0163","GENE0163_HUMAN","P17374","Protein GENE0163",0.0932,1,0.805671,0,0.0938,4,5,FALSE,FALSE,FALSE
"GENE0594","GENE0594_HUMAN","P85154","Protein GENE0594",0.2086,0.606703,0.369279,0,0.4326,4,5,FALSE,FALSE,FALSE
"GENE0952","GENE0952_HUMAN","P15218","Protein GENE0952",0.1246,0.630085,0.521531,0,0.2827,5,4,TRUE,FALSE,FALSE
"GENE0282","GENE0282_HUMAN","P44159","Protein GENE0282",-0.1212,1,0.41624,0,0.3807,5,2,FALSE,FALSE,FALSE
"GENE2294","GENE2294_HUMAN","P28486","Protein GENE2294",0.1187,1,0.59612,0,0.2247,2,2,FALSE,FALSE,FALSE
"GENE0135","GENE0135_HUMAN","P62358","Protein GENE0135",0.304,0.569915,0.152539,0.1536,0.8166,2,3,FALSE,FALSE,FALSE
"GENE1685","GENE1685_HUMAN","P10257","Protein GENE1685",0.2492,1,0.892739,0,0.0493,2,5,FALSE,FALSE,FALSE
"GENE1981","GENE1981_HUMAN","P37087","Protein GENE1981",0.2059,1,0.736325,0,0.1329,5,5,FALSE,FALSE,FALSE
"GENE2609","GENE2609_HUMAN","P44343","Protein GENE2609",-0.0235,1,0.773156,0,0.1117,3,6,FALSE,FALSE,FALSE
"GENE2183","GENE2183_HUMAN","P86992","Protein GENE2183",-0.6478,0.595152,0.330573,0.3945,0.4807,4,4,FALSE,FALSE,FALSE
"GENE1686","GENE1686_HUMAN","P96108","Protein GENE1686",0.0897,0.587072,0.136296,0.6577,0.8655,6,2,FALSE,FALSE,FALSE
"GENE1605","GENE1605_HUMAN","P16517","Protein GENE1605",0.2267,1,0.739402,0,0.1311,4,6,FALSE,FALSE,FALSE
"GENE2779","GENE2779_HUMAN","P76694","Protein GENE2779",-0.7094,0.479916,0.098455,0.4837,1.0068,4,2,FALSE,FALSE,FALSE
"GENE2089","GENE2089_HUMAN","P12554","Protein GENE2089",0.4097,0.723024,0.679167,0,0.168,3,2,FALSE,FALSE,FALSE
"GENE1219","GENE1219_HUMAN","P69327","Protein GENE1219",-1.2155,1,0.355755,0,0.4488,4,4,FALSE,FALSE,FALSE
"GENE1164","GENE1164_HUMAN","P21802","Protein GENE1164",0.2176,0.243362,0.077269,0.7409,1.112,5,6,FALSE,FALSE,FALSE
"GENE1980","GENE1980_HUMAN","P38570","Protein GENE1980",0.4647,0.323988,0.078739,1.0809,1.1038,6,3,FALSE,FALSE,FALSE
"GENE1866","GENE1866_HUMAN","P92867","Protein GENE1866",-0.3763,0.42726,0.20919,0,0.6795,6,6,FALSE,FALSE,FALSE
"GENE1379","GENE1379_HUMAN","P40563","Protein GENE1379",0.5305,1,0.798818,0,0.0976,3,5,FALSE,FALSE,FALSE
"GENE2381","GENE2381_HUMAN","P12168","Protein GENE2381",-0.0429,1,0.999116,0,4e-04,2,2,FALSE,FALSE,FALSE
"GENE2795","GENE2795_HUMAN","P04415","Protein GENE2795",0.4413,0.581668,0.246806,0.4319,0.6076,6,5,FALSE,FALSE,FALSE
"GENE2844","GENE2844_HUMAN","P24943","Protein GENE2844",-0.4321,1,0.481881,0,0.3171,3,5,FALSE,FALSE,FALSE
"GENE0134","GENE0134_HUMAN","P54255","Protein GENE0134",-0.4941,1,0.912252,0,0.0399,5,6,FALSE,FALSE,FALSE
"GENE0814","GENE0814_HUMAN","P91575","Protein GENE0814",0.1329,1,0.588514,0.1788,0.2302,4,2,TRUE,FALSE,FALSE
"GENE0230","GENE0230_HUMAN","P45272","Protein GENE0230",-3.445,0.033707,0.021261,0.9953,1.6724,6,4,FALSE,FALSE,TRUE
"GENE2375","GENE2375_HUMAN","P23910","Protein GENE2375",0.8038,0.556237,0.549842,0.0507,0.2598,3,6,FALSE,FALSE,FALSE
"GENE1048","GENE1048_HUMAN","P99912","Protein GENE1048",-0.1448,0.683323,0.242471,0.0652,0.6153,6,2,FALSE,FALSE,FALSE
"GENE1853","GENE1853_HUMAN","P75246","Protein GENE1853",-3.4815,0.01297,0.003123,2.0879,2.5055,2,2,FALSE,FALSE,TRUE
"GENE1404","GENE1404_HUMAN","P19695","Protein GENE1404",0.1118,0.97979,0.231665,0.065,0.6351,5,3,TRUE,FALSE,FALSE
"GENE2623","GENE2623_HUMAN","P06896","Protein GENE2623",0.2335,0.390511,0.146513,0.2156,0.8341,5,2,FALSE,FALSE,FALSE
"GENE0595","GENE0595_HUMAN","P08611","Protein GENE0595",-0.4345,1,0.653862,0.1065,0.1845,3,3,FALSE,FALSE,FALSE
"GENE1294","GENE1294_HUMAN","P85737","Protein GENE1294",0.4456,0.472167,0.244712,0,0.6113,6,2,FALSE,FALSE,FALSE
"GENE2714","GENE2714_HUMAN","P10172","Protein GENE2714",3.7377,0.059187,0.033707,0.9018,1.4723,5,4,FALSE,FALSE,TRUE
"GENE0492","GENE0492_HUMAN","P02705","Protein GENE0492",-0.3962,1,0.362884,0.3762,0.4402,5,3,TRUE,FALSE,FALSE
"GENE0808","GENE0808_HUMAN","P41949","Protein GENE0808",-0.3499,0.86796,0.19206,0.1471,0.7166,4,2,FALSE,FALSE,FALSE
"GENE0682","GENE0682_HUMAN","P99029","Protein GENE0682",0.3614,1,0.556023,0.034,0.2549,5,2,FALSE,FALSE,FALSE
"GENE1633","GENE1633_HUMAN","P82612","Protein GENE1633",-3.8255,0.146201,0.045379,0.8488,1.3431,6,3,TRUE,FALSE,TRUE
"GENE1514","GENE1514_HUMAN","P00738","Protein GENE1514",-0.3436,1,0.594072,0,0.2262,3,6,FALSE,FALSE,FALSE
"GENE2025","GENE2025_HUMAN","P94305","Protein GENE2025",-0.1889,1,0.396744,0.2836,0.4015,6,2,FALSE,FALSE,FALSE
"GENE0480","GENE0480_HUMAN","P59994","Protein GENE0480",-0.0528,1,0.936735,0,0.0284,6,4,TRUE,FALSE,FALSE
"GENE0797","GENE0797_HUMAN","P48502","Protein GENE0797",0.4231,1,0.772721,0,0.112,6,6,FALSE,FALSE,FALSE
"GENE2306","GENE2306_HUMAN","P28534","Protein GENE2306",0.591,0.507429,0.283384,0.5386,0.5476,6,5,FALSE,FALSE,FALSE
"GENE1949","GENE1949_HUMAN","P44496","Protein GENE1949",-0.4351,1,0.62467,0,0.2043,5,2,FALSE,FALSE,FALSE
"GENE0990","GENE0990_HUMAN","P58816","Protein GENE0990",-0.1438,1,0.55047,0,0.2593,4,2,FALSE,FALSE,FALSE
"GENE1094","GENE1094_HUMAN","P70339","Protein GENE1094",-0.5402,0.90187,0.756135,0,0.1214,4,3,FALSE,FALSE,FALSE
"GENE0087","GENE0087_HUMAN","P23639","Protein GENE0087",-0.8382,0.694373,0.595088,0,0.2254,6,2,FALSE,FALSE,FALSE
"GENE2695","GENE2695_HUMAN","P80569","Protein GENE2695",-3.9461,0.103588,0.03511,1.1459,1.4546,3,5,FALSE,TRUE,TRUE
"GENE0868","GENE0868_HUMAN","P86181","Protein GENE0868",-1.2621,1,0.555728,0,0.2551,5,4,FALSE,FALSE,FALSE
"GENE1797","GENE1797_HUMAN","P80233","Protein GENE1797",0.2095,0.437132,0.094305,0.5666,1.0255,4,3,FALSE,FALSE,FALSE
"GENE2076","GENE2076_HUMAN","P25301","Protein GENE2076",0.5917,0.776912,0.184331,0.3564,0.7344,2,6,FALSE,FALSE,FALSE
"GENE1120","GENE1120_HUMAN","P79333","Protein GENE1120",0.4501,1,0.951878,0,0.0214,2,2,FALSE,FALSE,FALSE
"GENE0722","GENE0722_HUMAN","P94708","Protein GENE0722",-0.4747,1,0.824289,0,0.0839,3,2,FALSE,FALSE,FALSE
"GENE1312","GENE1312_HUMAN","P94418","Protein GENE1312",0.281,1,0.696637,0,0.157,6,5,FALSE,FALSE,FALSE
"GENE1267","GENE1267_HUMAN","P16221","Protein GENE1267",0.2102,0.927631,0.223006,0.126,0.6517,2,5,FALSE,FALSE,FALSE
"GENE2455","GENE2455_HUMAN","P19255","Protein GENE2455",-0.6157,1,0.478115,0,0.3205,5,3,FALSE,FALSE,FALSE
"GENE0292","GENE0292_HUMAN","P97806","Protein GENE0292",0.1148,0.797206,0.32352,0.3835,0.4901,2,4,FALSE,FALSE,FALSE
"GENE0164","GENE0164_HUMAN","P91910","Protein GENE0164",1.0964,0.078164,0.03424,1.4172,1.4655,6,3,FALSE,FALSE,TRUE
"GENE2130","GENE2130_HUMAN","P44117","Protein GENE2130",0.1758,1,0.402793,0,0.3949,4,6,FALSE,FALSE,FALSE
"GENE0376","GENE0376_HUMAN","P67346","Protein GENE0376",-0.1228,1,0.44233,0,0.3543,5,4,TRUE,FALSE,FALSE
"GENE1196","GENE1196_HUMAN","P04475","Protein GENE1196",0.0755,0.213743,0.078657,0.6051,1.1043,3,6,FALSE,FALSE,FALSE
"GENE0552","GENE0552_HUMAN","P14204","Protein GENE0552",0.1556,0.865336,0.761956,0,0.1181,6,4,FALSE,FALSE,FALSE
"GENE1738","GENE1738_HUMAN","P76792","Protein GENE1738",0.0148,1,0.898069,0,0.0467,2,3,FALSE,FALSE,FALSE
"GENE2178","GENE2178_HUMAN","P41127","Protein GENE2178",0.1043,1,0.915178,0,0.0385,3,5,FALSE,FALSE,FALSE
"GENE1616","GENE1616_HUMAN","P27351","Protein GENE1616",0.2296,1,0.842919,0,0.0742,6,4,FALSE,FALSE,FALSE
"GENE1342","GENE1342_HUMAN","P17142","Protein GENE1342",0.3225,1,0.58306,0,0.2343,2,4,TRUE,FALSE,FALSE
"GENE0252","GENE0252_HUMAN","P26688","Protein GENE0252",0.0982,1,0.657641,0,0.182,6,6,FALSE,FALSE,FALSE
"GENE2563","GENE2563_HUMAN","P42980","Protein GENE2563",0.5375,1,0.692814,0,0.1594,2,6,FALSE,FALSE,FALSE
"GENE1670","GENE1670_HUMAN","P26859","Protein GENE1670",-0.1091,0.793668,0.706797,0.029,0.1507,3,4,FALSE,FALSE,FALSE
"GENE1991","GENE1991_HUMAN","P10053","Protein GENE1991",0.2822,0.307815,0.159053,0.2135,0.7985,5,6,FALSE,FALSE,FALSE
"GENE1360","GENE1360_HUMAN","P76014","Protein GENE1360",-2.6838,0.1405,0.041652,0.7308,1.3804,5,2,FALSE,FALSE,TRUE
"GENE2155","GENE2155_HUMAN","P58940","Protein GENE2155",-0.4212,0.634826,0.347496,0.2141,0.4591,4,2,FALSE,FALSE,FALSE
"GENE1022","GENE1022_HUMAN","P78199","Protein GENE1022",0.582,1,0.64996,0,0.1871,2,4,FALSE,FALSE,FALSE
"GENE1305","GENE1305_HUMAN","P29148","Protein GENE1305",0.1384,0.323213,0.241353,0.4769,0.6173,2,4,TRUE,FALSE,FALSE
"GENE2034","GENE2034_HUMAN","P89402","Protein GENE2034",-0.1738,1,0.805117,0,0.0941,3,6,FALSE,TRUE,FALSE
"GENE1338","GENE1338_HUMAN","P87090","Protein GENE1338",-0.2511,1,0.325112,0,0.488,2,2,FALSE,FALSE,FALSE
"GENE0784","GENE0784_HUMAN","P59259","Protein GENE0784",-0.3058,0.419866,0.388241,0,0.4109,3,5,FALSE,FALSE,FALSE
"GENE2499","GENE2499_HUMAN","P36599","Protein GENE2499",0.5459,1,0.971409,0,0.0126,5,4,FALSE,FALSE,FALSE
"GENE1016","GENE1016_HUMAN","P13490","Protein GENE1016",-0.396,0.383428,0.26108,0.2673,0.5832,3,5,FALSE,FALSE,FALSE
"GENE1262","GENE1262_HUMAN","P84775","Protein GENE1262",2.9321,0.029806,0.021578,1.3224,1.666,2,6,FALSE,TRUE,TRUE
"GENE1588","GENE1588_HUMAN","P12372","Protein GENE1588",-0.1393,1,0.640046,0,0.1938,2,5,FALSE,FALSE,FALSE
"GENE0130","GENE0130_HUMAN","P81934","Protein GENE0130",-0.247,0.506905,0.106864,0.7911,0.9712,3,3,FALSE,FALSE,FALSE
"GENE2649","GENE2649_HUMAN","P20687","Protein GENE2649",1.8116,0.02486,0.020961,1.228,1.6786,6,5,TRUE,FALSE,TRUE
"GENE1943","GENE1943_HUMAN","P07317","Protein GENE1943",-0.0155,0.93536,0.811912,0,0.0905,6,2,TRUE,FALSE,FALSE
"GENE1053","GENE1053_HUMAN","P40343","Protein GENE1053",0.2593,1,0.969341,0,0.0135,3,4,TRUE,FALSE,FALSE
"GENE1159","GENE1159_HUMAN","P36185","Protein GENE1159",-0.5926,0.736172,0.665226,0,0.177,6,5,FALSE,FALSE,FALSE
"GENE2524","GENE2524_HUMAN","P22130","Protein GENE2524",1.126,0.04386,0.027812,1.1097,1.5558,5,2,TRUE,FALSE,TRUE
"GENE1563","GENE1563_HUMAN","P62573","Protein GENE1563",-0.0959,0.292762,0.111372,0.3712,0.9532,6,2,FALSE,FALSE,FALSE
"GENE1661","GENE1661_HUMAN","P20090","Protein GENE1661",0.1088,1,0.827456,0,0.0823,5,4,FALSE,FALSE,FALSE
"GENE1055","GENE1055_HUMAN","P70449","Protein GENE1055",0.2493,1,0.97728,0,0.01,6,6,FALSE,TRUE,FALSE
"GENE0445","GENE0445_HUMAN","P17330","Protein GENE0445",0.5352,1,0.980479,0,0.0086,6,4,FALSE,FALSE,FALSE
"GENE1157","GENE1157_HUMAN","P47719","Protein GENE1157",-0.0739,0.282443,0.096912,0.9454,1.0136,3,6,FALSE,FALSE,FALSE
"GENE0817","GENE0817_HUMAN","P93277","Protein GENE0817",-0.6916,1,0.716998,0,0.1445,3,2,FALSE,FALSE,FALSE
"GENE0789","GENE0789_HUMAN","P84731","Protein GENE0789",0.2833,1,0.706119,0.0907,0.1511,2,2,FALSE,TRUE,FALSE
"GENE2759","GENE2759_HUMAN","P31833","Protein GENE2759",-3.3481,0.008548,0.002948,2.149,2.5304,6,4,FALSE,FALSE,TRUE
"GENE0804","GENE0804_HUMAN","P53490","Protein GENE0804",0.5024,0.293387,0.075511,0.9754,1.122,2,2,FALSE,FALSE,FALSE
"GENE0363","GENE0363_HUMAN","P15187","Protein GENE0363",0.2882,1,0.371934,0,0.4295,2,3,FALSE,FALSE,FALSE
"GENE1433","GENE1433_HUMAN","P33930","Protein GENE1433",-0.1722,1,0.86788,0,0.0615,5,2,FALSE,FALSE,FALSE
"GENE1799","GENE1799_HUMAN","P97161","Protein GENE1799",1.2101,0.029323,0.027676,1.1094,1.5579,6,4,FALSE,FALSE,TRUE
"GENE0313","GENE0313_HUMAN","P48365","Protein GENE0313",-0.4594,1,0.527526,0,0.2778,4,2,FALSE,FALSE,FALSE
"GENE1590","GENE1590_HUMAN","P81141","Protein GENE1590",-0.0126,0.680169,0.616895,0.2079,0.2098,2,4,FALSE,FALSE,FALSE
"GENE1849","GENE1849_HUMAN","P26845","Protein GENE1849",0.6145,1,0.569429,0.1955,0.2446,2,3,FALSE,TRUE,FALSE
"GENE0284","GENE0284_HUMAN","P48040","Protein GENE0284",0.2926,1,0.743852,0,0.1285,6,3,FALSE,TRUE,FALSE
"GENE2298","GENE2298_HUMAN","P91568","Protein GENE2298",-0.2834,1,0.461158,0.0025,0.3362,4,3,FALSE,FALSE,FALSE
"GENE0514","GENE0514_HUMAN","P25244","Protein GENE0514",-0.172,1,0.362287,0.0045,0.4409,5,6,FALSE,FALSE,FALSE
"GENE0702","GENE0702_HUMAN","P35560","Protein GENE0702",-0.3883,0.351074,0.127789,0.3324,0.8935,2,6,FALSE,FALSE,FALSE
"GENE2310","GENE2310_HUMAN","P33855","Protein GENE2310",-0.6201,1,0.799812,0,0.097,6,6,FALSE,FALSE,FALSE
"GENE2722","GENE2722_HUMAN","P27566","Protein GENE2722",0.4526,0.840186,0.653108,0.0351,0.185,5,5,FALSE,FALSE,FALSE
"GENE0180","GENE0180_HUMAN","P07130","Protein GENE0180",-0.1239,0.959687,0.662407,0,0.1789,6,3,TRUE,FALSE,FALSE
"GENE2632","GENE2632_HUMAN","P15187","Protein GENE2632",0.7591,1,0.332896,0,0.4777,6,2,FALSE,FALSE,FALSE
"GENE1384","GENE1384_HUMAN","P27254","Protein GENE1384",-0.0855,0.096178,0.075228,0.6038,1.1236,2,4,FALSE,FALSE,FALSE
"GENE1524","GENE1524_HUMAN","P65855","Protein GENE1524",-0.1901,1,0.611325,0,0.2137,4,3,FALSE,TRUE,FALSE
"GENE0364","GENE0364_HUMAN","P73730","Protein GENE0364",0.6806,1,0.844736,0,0.0733,2,3,FALSE,FALSE,FALSE
"GENE0981","GENE0981_HUMAN","P48210","Protein GENE0981",-0.0241,1,0.57307,0,0.2418,2,5,FALSE,FALSE,FALSE
"GENE0179","GENE0179_HUMAN","P50683","Protein GENE0179",-0.0067,1,0.538214,0.1562,0.269,5,5,FALSE,FALSE,FALSE
"GENE1635","GENE1635_HUMAN","P10103","Protein GENE1635",0.0681,1,0.441022,0,0.3555,5,4,FALSE,FALSE,FALSE
"GENE0841","GENE0841_HUMAN","P72717","Protein GENE0841",-0.0484,1,0.515081,0.0237,0.2881,4,4,FALSE,FALSE,FALSE
"GENE1952","GENE1952_HUMAN","P36930","Protein GENE1952",0.1303,0.252324,0.173667,0.1813,0.7603,2,3,FALSE,FALSE,FALSE
"GENE2670","GENE2670_HUMAN","P31643","Protein GENE2670",-0.164,1,0.846141,0.0082,0.0726,6,4,FALSE,FALSE,FALSE
"GENE0247","GENE0247_HUMAN","P04896","Protein GENE0247",0.2073,1,0.366919,0,0.4354,6,3,FALSE,FALSE,FALSE
"GENE2775","GENE2775_HUMAN","P20128","Protein GENE2775",3.2356,0.071804,0.0362,0.9103,1.4413,4,3,FALSE,FALSE,TRUE
"GENE0884","GENE0884_HUMAN","P33578","Protein GENE0884",0.1706,1,0.348429,0,0.4579,6,3,FALSE,FALSE,FALSE
"GENE1175","GENE1175_HUMAN","P58125","Protein GENE1175",0.6306,0.422497,0.153256,0.2561,0.8146,5,2,FALSE,FALSE,FALSE
"GENE2267","GENE2267_HUMAN","P70130","Protein GENE2267",0.6547,0.147602,0.11141,0.4808,0.9531,2,6,FALSE,FALSE,FALSE
"GENE1101","GENE1101_HUMAN","P82983","Protein GENE1101",0.4439,1,0.972259,0,0.0122,2,5,FALSE,FALSE,FALSE
"GENE0582","GENE0582_HUMAN","P14129","Protein GENE0582",0.3018,1,0.683005,0,0.1656,2,6,FALSE,FALSE,FALSE
"GENE1252","GENE1252_HUMAN","P28374","Protein GENE1252",3.3345,0.053812,0.034637,1.3651,1.4605,2,2,FALSE,FALSE,TRUE
"GENE2545","GENE2545_HUMAN","P29632","Protein GENE2545",-0.5932,1,0.614765,0,0.2113,3,5,FALSE,FALSE,FALSE
"GENE0337","GENE0337_HUMAN","P43468","Protein GENE0337",-2.2517,0.032631,0.016886,1.2001,1.7725,4,2,FALSE,FALSE,TRUE
"GENE2255","GENE2255_HUMAN","P48138","Protein GENE2255",1.501,0.027079,0.015061,1.1703,1.8222,4,2,FALSE,FALSE,TRUE
"GENE0912","GENE0912_HUMAN","P68263","Protein GENE0912",0.2272,1,0.836787,0,0.0774,5,2,FALSE,TRUE,FALSE
"GENE0248","GENE0248_HUMAN","P27547","Protein GENE0248",-1.0883,0.074092,0.023351,1.1903,1.6317,5,2,FALSE,FALSE,TRUE
"GENE0612","GENE0612_HUMAN","P92658","Protein GENE0612",0.6551,1,0.551459,0,0.2585,3,2,TRUE,FALSE,FALSE
"GENE1234","GENE1234_HUMAN","P97675","Protein GENE1234",-3.3008,0.116441,0.041568,0.737,1.3812,4,4,FALSE,FALSE,TRUE
"GENE2082","GENE2082_HUMAN","P72608","Protein GENE2082",-0.6117,1,0.879101,0,0.056,6,3,FALSE,FALSE,FALSE
"PABPC1","PABPC1_HUMAN","P19014","Protein PABPC1",3.1435,0.046297,0.033511,1.1728,1.4748,4,4,FALSE,FALSE,TRUE
"GENE0598","GENE0598_HUMAN","P95090","Protein GENE0598",0.1751,1,0.592725,0.077,0.2271,2,4,FALSE,FALSE,FALSE
"GENE1810","GENE1810_HUMAN","P60723","Protein GENE1810",-0.0362,0.387778,0.167472,0.5757,0.7761,5,2,FALSE,FALSE,FALSE
"GENE1245","GENE1245_HUMAN","P42131","Protein GENE1245",0.297,0.402225,0.118626,0.3194,0.9258,6,5,FALSE,FALSE,FALSE
"GENE1622","GENE1622_HUMAN","P90531","Protein GENE1622",-0.0053,0.455181,0.271938,0,0.5655,4,6,FALSE,TRUE,FALSE
"GENE0272","GENE0272_HUMAN","P43365","Protein GENE0272",-0.5082,1,0.875522,0,0.0577,3,2,FALSE,FALSE,FALSE
"GENE1181","GENE1181_HUMAN","P00885","Protein GENE1181",0.5044,0.332513,0.143095,0.4675,0.8444,6,6,FALSE,FALSE,FALSE
"GENE0063","GENE0063_HUMAN","P86950","Protein GENE0063",-0.254,0.82228,0.424156,0,0.3725,5,5,FALSE,FALSE,FALSE
"GENE0798","GENE0798_HUMAN","P35652","Protein GENE0798",-0.0408,0.642657,0.176496,0.3446,0.7533,4,6,FALSE,FALSE,FALSE
"GENE0741","GENE0741_HUMAN","P91328","Protein GENE0741",0.0151,0.518851,0.213659,0,0.6703,6,4,FALSE,FALSE,FALSE
"GENE2833","GENE2833_HUMAN","P60063","Protein GENE2833",-0.0588,1,0.997851,0,9e-04,4,3,FALSE,TRUE,FALSE
"GENE2245","GENE2245_HUMAN","P16426","Protein GENE2245",0.2794,1,0.805287,0,0.094,2,6,FALSE,FALSE,FALSE
"GENE1984","GENE1984_HUMAN","P09119","Protein GENE1984",-0.6821,1,0.309499,0,0.5093,2,4,FALSE,TRUE,FALSE
"GENE2137","GENE2137_HUMAN","P01780","Protein GENE2137",-3.427,0.051204,0.021731,1.494,1.6629,6,5,TRUE,FALSE,TRUE
"GENE2748","GENE2748_HUMAN","P16117","Protein GENE2748",-0.5538,0.999529,0.5091,0,0.2932,4,2,FALSE,FALSE,FALSE
"GENE0869","GENE0869_HUMAN","P75984","Protein GENE0869",0.5815,1,0.824909,0,0.0836,2,5,FALSE,FALSE,FALSE
"GENE2504","GENE2504_HUMAN","P42674","Protein GENE2504",0.1255,1,0.94807,0,0.0232,6,6,FALSE,FALSE,FALSE
"GENE2888","GENE2888_HUMAN","P62605","Protein GENE2888",-0.1902,1,0.700155,0,0.1548,6,4,FALSE,TRUE,FALSE
"GENE2855","GENE2855_HUMAN","P49395","Protein GENE2855",-0.075,1,0.381911,0,0.418,3,4,FALSE,FALSE,FALSE
"GENE2445","GENE2445_HUMAN","P83417","Protein GENE2445",2.0141,0.04904,0.024929,1.087,1.6033,3,5,FALSE,FALSE,TRUE
"GENE2641","GENE2641_HUMAN","P35055","Protein GENE2641",-1.0277,1,0.883832,0,0.0536,2,6,FALSE,FALSE,FALSE
"GENE0525","GENE0525_HUMAN","P10480","Protein GENE0525",0.9169,0.185359,0.039954,0.8484,1.3984,2,2,FALSE,FALSE,TRUE
"GENE2118","GENE2118_HUMAN","P81337","Protein GENE2118",-0.2799,0.330036,0.169424,0.3932,0.771,3,2,FALSE,FALSE,FALSE
"GENE0477","GENE0477_HUMAN","P81218","Protein GENE0477",0.0953,1,0.347354,0,0.4592,6,6,FALSE,FALSE,FALSE
"GENE2006","GENE2006_HUMAN","P21965","Protein GENE2006",0.4209,1,0.388385,0,0.4107,4,2,FALSE,FALSE,FALSE
"GENE1950","GENE1950_HUMAN","P93097","Protein GENE1950",0.416,1,0.803146,0,0.0952,3,4,FALSE,FALSE,FALSE
"GENE2528","GENE2528_HUMAN","P15419","Protein GENE2528",0.3288,1,0.690795,0,0.1607,5,4,FALSE,FALSE,FALSE
"GENE0349","GENE0349_HUMAN","P83275","Protein GENE0349",0.1172,0.860251,0.189916,0.3444,0.7214,2,4,FALSE,FALSE,FALSE
"GENE2651","GENE2651_HUMAN","P23985","Protein GENE2651",-0.318,1,0.772168,0,0.1123,3,6,FALSE,FALSE,FALSE
"GENE0285","GENE0285_HUMAN","P64848","Protein GENE0285",-0.9286,1,0.520784,0,0.2833,3,3,FALSE,FALSE,FALSE
"GENE2819","GENE2819_HUMAN","P65777","Protein GENE2819",-0.4043,1,0.654421,0.0326,0.1841,6,5,FALSE,FALSE,FALSE
"GENE1105","GENE1105_HUMAN","P78295","Protein GENE1105",1.142,1,0.899908,0,0.0458,5,2,FALSE,FALSE,FALSE
"GENE2352","GENE2352_HUMAN","P40703","Protein GENE2352",0.6573,1,0.326694,0.2183,0.4859,2,6,FALSE,FALSE,FALSE
"GENE1221","GENE1221_HUMAN","P66560","Protein GENE1221",-0.6198,1,0.330214,0,0.4812,4,6,FALSE,FALSE,FALSE
"GENE2746","GENE2746_HUMAN","P74529","Protein GENE2746",0.2393,0.880132,0.393388,0,0.4052,3,5,FALSE,FALSE,FALSE
"GENE0651","GENE0651_HUMAN","P64942","Protein GENE0651",-0.3081,1,0.970684,0,0.0129,6,3,FALSE,FALSE,FALSE
"GENE0203","GENE0203_HUMAN","P88646","Protein GENE0203",0.0258,0.646185,0.299705,0,0.5233,5,4,FALSE,FALSE,FALSE
"GENE0225","GENE0225_HUMAN","P09159","Protein GENE0225",0.0095,0.93183,0.443894,0,0.3527,5,2,FALSE,FALSE,FALSE
"GENE1042","GENE1042_HUMAN","P34075","Protein GENE1042",-0.0863,1,0.564594,0,0.2483,6,6,FALSE,TRUE,FALSE
"GENE1698","GENE1698_HUMAN","P59621","Protein GENE1698",0.3782,1,0.800653,0,0.0966,6,2,FALSE,FALSE,FALSE
"GENE1654","GENE1654_HUMAN","P35256","Protein GENE1654",0.1599,1,0.920722,0,0.0359,2,3,FALSE,FALSE,FALSE
"GENE0354","GENE0354_HUMAN","P02667","Protein GENE0354",-0.128,1,0.488148,0,0.3114,3,4,FALSE,FALSE,FALSE
"GENE0696","GENE0696_HUMAN","P40840","Protein GENE0696",2.5098,0.007697,0.004975,1.8069,2.3032,5,4,FALSE,TRUE,TRUE
"GENE1933","GENE1933_HUMAN","P44823","Protein GENE1933",-0.058,0.400759,0.101379,0.8593,0.9941,2,4,FALSE,FALSE,FALSE
"GENE0011","GENE0011_HUMAN","P41622","Protein GENE0011",-0.1617,0.361472,0.135611,0.4291,0.8677,3,3,FALSE,FALSE,FALSE
"GENE2454","GENE2454_HUMAN","P04468","Protein GENE2454",0.5481,1,0.550516,0,0.2592,6,6,TRUE,FALSE,FALSE
"GENE2134","GENE2134_HUMAN","P16199","Protein GENE2134",-0.3544,1,0.371806,0,0.4297,3,6,FALSE,FALSE,FALSE
"GENE1757","GENE1757_HUMAN","P22467","Protein GENE1757",0.3824,1,0.322721,0,0.4912,5,5,FALSE,FALSE,FALSE
"GENE1828","GENE1828_HUMAN","P18853","Protein GENE1828",-0.3051,0.721149,0.157549,0.3213,0.8026,2,4,FALSE,FALSE,FALSE
"GENE0839","GENE0839_HUMAN","P61572","Protein GENE0839",0.1877,0.844387,0.26983,0,0.5689,2,2,FALSE,FALSE,FALSE
"GENE2638","GENE2638_HUMAN","P93855","Protein GENE2638",-0.5213,0.087559,0.038595,1.0067,1.4135,4,5,FALSE,FALSE,TRUE
"GENE2776","GENE2776_HUMAN","P72692","Protein GENE2776",-0.1675,0.373543,0.109294,0.3772,0.9614,4,2,FALSE,FALSE,FALSE
"GENE1424","GENE1424_HUMAN","P96328","Protein GENE1424",2.3747,0.192815,0.039044,1.1623,1.4084,4,3,FALSE,FALSE,TRUE
"ZNF598","ZNF598_HUMAN","P74894","Protein ZNF598",2.2147,0.02688,0.011485,1.6111,1.9399,3,5,FALSE,FALSE,TRUE
"GENE1657","GENE1657_HUMAN","P76599","Protein GENE1657",-0.6045,0.831987,0.326121,0.1692,0.4866,2,6,FALSE,FALSE,FALSE
"GENE1789","GENE1789_HUMAN","P29990","Protein GENE1789",0.0508,1,0.217662,0.0173,0.6622,3,3,FALSE,FALSE,FALSE
"GENE0025","GENE0025_HUMAN","P63227","Protein GENE0025",0.0307,0.389919,0.101729,0.3664,0.9926,3,3,TRUE,FALSE,FALSE
"GENE1006","GENE1006_HUMAN","P58072","Protein GENE1006",-0.5727,1,0.533886,0.1202,0.2726,5,2,FALSE,FALSE,FALSE
"GENE0723","GENE0723_HUMAN","P07091","Protein GENE0723",-0.1469,1,0.8853,0,0.0529,4,6,FALSE,FALSE,FALSE
"GENE1250","GENE1250_HUMAN","P87681","Protein GENE1250",0.163,1,0.837737,0,0.0769,5,3,FALSE,FALSE,FALSE
"GENE0753","GENE0753_HUMAN","P40138","Protein GENE0753",0.2649,1,0.750811,0,0.1245,5,6,FALSE,FALSE,FALSE
"GENE2086","GENE2086_HUMAN","P71034","Protein GENE2086",0.1133,1,0.681966,0,0.1662,4,4,FALSE,TRUE,FALSE
"GENE1446","GENE1446_HUMAN","P25145","Protein GENE1446",0.9554,1,0.948554,0,0.0229,6,2,FALSE,FALSE,FALSE
"GENE1906","GENE1906_HUMAN","P00394","Protein GENE1906",-0.5858,0.251328,0.193849,0.4108,0.7125,3,3,TRUE,FALSE,FALSE
"GENE0207","GENE0207_HUMAN","P96205","Protein GENE0207",0.3038,1,0.613245,0,0.2124,6,6,FALSE,FALSE,FALSE
"GENE1395","GENE1395_HUMAN","P12225","Protein GENE1395",0.1904,0.196672,0.128043,0.7439,0.8926,5,3,FALSE,TRUE,FALSE
"GENE0340","GENE0340_HUMAN","P44980","Protein GENE0340",0.9937,1,0.769009,0,0.1141,4,3,FALSE,FALSE,FALSE
"GENE2876","GENE2876_HUMAN","P38582","Protein GENE2876",-0.1602,1,0.812883,0,0.09,3,5,FALSE,FALSE,FALSE
"GENE1001","GENE1001_HUMAN","P89910","Protein GENE1001",0.144,1,0.840181,0,0.0756,5,5,FALSE,FALSE,FALSE
"GENE0768","GENE0768_HUMAN","P30969","Protein GENE0768",-0.0017,1,0.406064,0,0.3914,5,2,FALSE,FALSE,FALSE
"GENE0748","GENE0748_HUMAN","P01990","Protein GENE0748",0.8885,0.245048,0.122357,0.6666,0.9124,4,2,FALSE,FALSE,FALSE
"GENE1331","GENE1331_HUMAN","P53169","Protein GENE1331",-0.0404,1,0.359933,0.3561,0.4438,6,6,FALSE,FALSE,FALSE
"GENE0714","GENE0714_HUMAN","P16450","Protein GENE0714",0.1731,0.668361,0.313783,0,0.5034,6,3,FALSE,FALSE,FALSE
"GENE0402","GENE0402_HUMAN","P04128","Protein GENE0402",0.2827,1,0.567725,0,0.2459,5,2,FALSE,FALSE,FALSE
"GENE0665","GENE0665_HUMAN","P25414","Protein GENE0665",0.2782,1,0.797799,0,0.0981,4,4,FALSE,FALSE,FALSE
"GENE1121","GENE1121_HUMAN","P24297","Protein GENE1121",-0.7299,0.896599,0.18059,0.6945,0.7433,4,5,FALSE,FALSE,FALSE
"GENE0818","GENE0818_HUMAN","P04179","Protein GENE0818",3.8129,0.069536,0.020279,1.4884,1.693,6,4,FALSE,FALSE,TRUE
"GENE0749","GENE0749_HUMAN","P52323","Protein GENE0749",0.0164,1,0.980149,0,0.0087,4,3,FALSE,TRUE,FALSE
"GENE2064","GENE2064_HUMAN","P39299","Protein GENE2064",0.0951,0.270688,0.074187,0.7952,1.1297,5,2,FALSE,TRUE,FALSE
"GENE0517","GENE0517_HUMAN","P35435","Protein GENE0517",2.141,0.094366,0.022848,0.9582,1.6412,5,3,FALSE,FALSE,TRUE
"GENE0628","GENE0628_HUMAN","P97576","Protein GENE0628",0.0186,1,0.369583,0,0.4323,2,6,FALSE,FALSE,FALSE
"GENE2459","GENE2459_HUMAN","P70849","Protein GENE2459",3.347,0.004771,0.001473,2.2047,2.8319,6,3,FALSE,TRUE,TRUE
"GENE0991","GENE0991_HUMAN","P48718","Protein GENE0991",0.1055,1,0.402213,0.3605,0.3955,6,5,FALSE,FALSE,FALSE
"GENE0543","GENE0543_HUMAN","P25148","Protein GENE0543",0.152,0.398475,0.204604,0.1522,0.6891,4,6,FALSE,FALSE,FALSE
"GENE1645","GENE1645_HUMAN","P66518","Protein GENE1645",0.2468,0.643777,0.273755,0,0.5626,6,4,FALSE,FALSE,FALSE
"GENE1536","GENE1536_HUMAN","P17271","Protein GENE1536",-0.2306,1,0.912936,0,0.0396,2,3,FALSE,FALSE,FALSE
"GENE0482","GENE0482_HUMAN","P84256","Protein GENE0482",-0.0422,1,0.858972,0,0.066,5,6,FALSE,FALSE,FALSE
"GENE1888","GENE1888_HUMAN","P52610","Protein GENE1888",0.3887,0.296084,0.263062,0.302,0.5799,3,6,FALSE,FALSE,FALSE
"GENE2031","GENE2031_HUMAN","P74413","Protein GENE2031",0.696,0.522852,0.263271,0.3211,0.5796,2,2,FALSE,FALSE,FALSE
"GENE2708","GENE2708_HUMAN","P45946","Protein GENE2708",0.275,1,0.621537,0,0.2065,5,6,FALSE,TRUE,FALSE
"GENE0193","GENE0193_HUMAN","P85550","Protein GENE0193",0.4047,0.452634,0.140324,0.2513,0.8529,2,6,FALSE,FALSE,FALSE
"GENE1134","GENE1134_HUMAN","P54072","Protein GENE1134",0.3388,0.415998,0.188855,0.4851,0.7239,5,2,FALSE,FALSE,FALSE
"GENE0048","GENE0048_HUMAN","P53934","Protein GENE0048",1.1769,0.366505,0.33662,0.3467,0.4729,4,5,FALSE,TRUE,FALSE
"GENE2009","GENE2009_HUMAN","P47529","Protein GENE2009",0.2019,1,0.849385,0,0.0709,5,3,TRUE,FALSE,FALSE
"GENE2338","GENE2338_HUMAN","P80369","Protein GENE2338",-0.1632,1,0.814914,0,0.0889,6,5,TRUE,FALSE,FALSE
"GENE0001","GENE0001_HUMAN","P59803","Protein GENE0001",-0.3602,0.89926,0.41384,0,0.3832,2,2,FALSE,FALSE,FALSE
"GENE0739","GENE0739_HUMAN","P31842","Protein GENE0739",0.5354,1,0.779955,0,0.1079,5,5,TRUE,FALSE,FALSE
"GENE0606","GENE0606_HUMAN","P46705","Protein GENE0606",0.4997,0.185555,0.116924,0.5524,0.9321,5,3,FALSE,FALSE,FALSE
"GENE2622","GENE2622_HUMAN","P23934","Protein GENE2622",0.4331,1,0.779063,0,0.1084,3,4,FALSE,FALSE,FALSE
"GENE1087","GENE1087_HUMAN","P56070","Protein GENE1087",0.0938,0.656146,0.623377,0.1223,0.2052,2,6,FALSE,FALSE,FALSE
"GENE1579","GENE1579_HUMAN","P36964","Protein GENE1579",0.0899,0.53838,0.465817,0.0549,0.3318,3,5,FALSE,FALSE,FALSE
"GENE2126","GENE2126_HUMAN","P03719","Protein GENE2126",-0.5243,0.457213,0.158946,0.6402,0.7988,6,3,FALSE,FALSE,FALSE
"GENE2440","GENE2440_HUMAN","P28271","Protein GENE2440",0.8825,1,0.927053,0,0.0329,6,3,FALSE,FALSE,FALSE
"GENE0167","GENE0167_HUMAN","P24375","Protein GENE0167",0.3454,1,0.879384,0,0.0558,5,4,FALSE,FALSE,FALSE
"GENE1814","GENE1814_HUMAN","P06477","Protein GENE1814",-0.3877,1,0.798791,0,0.0976,2,6,FALSE,FALSE,FALSE
"GENE0058","GENE0058_HUMAN","P19012","Protein GENE0058",-0.2996,1,0.707784,0,0.1501,3,3,FALSE,FALSE,FALSE
"GENE1869","GENE1869_HUMAN","P22575","Protein GENE1869",-0.0904,0.658727,0.152572,0.1845,0.8165,3,5,FALSE,FALSE,FALSE
"GENE1467","GENE1467_HUMAN","P81789","Protein GENE1467",-0.8515,0.429059,0.110026,0.3075,0.9585,3,2,FALSE,FALSE,FALSE
"GENE1940","GENE1940_HUMAN","P32669","Protein GENE1940",-4.2511,0.176219,0.04236,1.2295,1.373,5,4,FALSE,FALSE,TRUE
"GENE1989","GENE1989_HUMAN","P78024","Protein GENE1989",0.1738,1,0.546085,0.2138,0.2627,5,6,FALSE,FALSE,FALSE
"GENE2772","GENE2772_HUMAN","P78400","Protein GENE2772",-0.1591,0.2819,0.123488,0.6495,0.9084,3,4,FALSE,FALSE,FALSE
"GENE1583","GENE1583_HUMAN","P65208","Protein GENE1583",0.4417,1,0.754967,0,0.1221,3,2,FALSE,TRUE,FALSE
"GENE0579","GENE0579_HUMAN","P70095","Protein GENE0579",-0.2283,1,0.462357,0,0.335,4,5,FALSE,FALSE,FALSE
"GENE0229","GENE0229_HUMAN","P24907","Protein GENE0229",-0.2735,0.224554,0.10487,0.4544,0.9793,3,3,TRUE,FALSE,FALSE
"GENE2048","GENE2048_HUMAN","P57150","Protein GENE2048",0.1894,1,0.852379,0,0.0694,4,6,FALSE,FALSE,FALSE
"GENE2207","GENE2207_HUMAN","P79835","Protein GENE2207",-0.0363,0.626744,0.21261,0.2579,0.6724,6,5,TRUE,FALSE,FALSE
"GENE0035","GENE0035_HUMAN","P98869","Protein GENE0035",0.1974,1,0.702254,0,0.1535,3,4,FALSE,FALSE,FALSE
"GENE2112","GENE2112_HUMAN","P17037","Protein GENE2112",0.1962,1,0.254531,0.096,0.5943,5,3,FALSE,TRUE,FALSE
"GENE2447","GENE2447_HUMAN","P37558","Protein GENE2447",-0.0712,1,0.492782,0,0.3073,5,2,FALSE,FALSE,FALSE
"GENE0945","GENE0945_HUMAN","P19439","Protein GENE0945",-0.5426,0.850452,0.344857,0,0.4624,4,3,FALSE,FALSE,FALSE
"GENE1095","GENE1095_HUMAN","P58812","Protein GENE1095",-0.1467,1,0.909597,0,0.0412,2,5,FALSE,FALSE,FALSE
"GENE2587","GENE2587_HUMAN","P77152","Protein GENE2587",-0.2768,1,0.992966,0,0.0031,3,4,FALSE,FALSE,FALSE
"GENE2329","GENE2329_HUMAN","P42899","Protein GENE2329",-0.6095,1,0.767638,0,0.1148,5,4,FALSE,FALSE,FALSE
"GENE1917","GENE1917_HUMAN","P27576","Protein GENE1917",-0.5522,1,0.443894,0,0.3527,5,5,TRUE,FALSE,FALSE
"GENE1753","GENE1753_HUMAN","P46730","Protein GENE1753",-0.7024,1,0.411806,0,0.3853,6,3,FALSE,FALSE,FALSE
"GENE0779","GENE0779_HUMAN","P85462","Protein GENE0779",-0.156,1,0.347799,0,0.4587,3,2,FALSE,FALSE,FALSE
"GENE2601","GENE2601_HUMAN","P26172","Protein GENE2601",2.3598,0.101014,0.046616,0.7059,1.3315,4,4,FALSE,FALSE,TRUE
"GENE2295","GENE2295_HUMAN","P45522","Protein GENE2295",0.1271,0.707683,0.170852,0.4043,0.7674,2,3,FALSE,FALSE,FALSE
"GENE0019","GENE0019_HUMAN","P52050","Protein GENE0019",0.1334,1,0.837,0,0.0773,6,3,FALSE,FALSE,FALSE
"MED1","MED1_HUMAN","P64699","Protein MED1",1.7818,0.010319,0.007274,1.5019,2.1382,4,3,FALSE,FALSE,TRUE
"GENE1508","GENE1508_HUMAN","P27143","Protein GENE1508",-0.4737,1,0.960459,0,0.0175,2,6,FALSE,TRUE,FALSE
"GENE2313","GENE2313_HUMAN","P83489","Protein GENE2313",0.195,1,0.625499,0,0.2038,4,4,FALSE,FALSE,FALSE
"GENE2877","GENE2877_HUMAN","P45405","Protein GENE2877",-0.1388,0.339136,0.134021,0.4245,0.8728,3,5,FALSE,FALSE,FALSE
"GENE2483","GENE2483_HUMAN","P77249","Protein GENE2483",0.1132,1,0.431299,0,0.3652,4,3,TRUE,FALSE,FALSE
"GENE2014","GENE2014_HUMAN","P97505","Protein GENE2014",-0.3989,0.390509,0.213567,0.0288,0.6705,3,3,FALSE,FALSE,FALSE
"GENE1655","GENE1655_HUMAN","P10661","Protein GENE1655",-0.0343,0.579788,0.160371,0.1598,0.7949,5,4,FALSE,FALSE,FALSE
"GENE1412","GENE1412_HUMAN","P59536","Protein GENE1412",0.6558,1,0.555993,0,0.2549,3,5,FALSE,FALSE,FALSE
"GENE2104","GENE2104_HUMAN","P62888","Protein GENE2104",0.4803,0.113168,0.065447,0.6128,1.1841,3,6,FALSE,FALSE,FALSE
"GENE0277","GENE0277_HUMAN","P73212","Protein GENE0277",-0.1977,1,0.940785,0,0.0265,2,4,FALSE,FALSE,FALSE
"GENE2457","GENE2457_HUMAN","P23515","Protein GENE2457",0.1303,1,0.948488,0,0.023,5,5,FALSE,FALSE,FALSE
"GENE2616","GENE2616_HUMAN","P84186","Protein GENE2616",0.0982,0.269432,0.144603,0.1537,0.8398,3,6,FALSE,FALSE,FALSE
"GENE2872","GENE2872_HUMAN","P57222","Protein GENE2872",-0.0898,0.410457,0.387935,0,0.4112,2,5,FALSE,FALSE,FALSE
"GENE0712","GENE0712_HUMAN","P91467","Protein GENE0712",-0.2967,0.633439,0.236631,0.5475,0.6259,3,3,FALSE,FALSE,FALSE
"DHX36","DHX36_HUMAN","P70910","Protein DHX36",-0.6934,1,0.957469,0,0.0189,3,6,FALSE,FALSE,FALSE
"GENE2019","GENE2019_HUMAN","P91542","Protein GENE2019",0.3324,1,0.726077,0,0.139,5,4,FALSE,FALSE,FALSE
"GENE2719","GENE2719_HUMAN","P26382","Protein GENE2719",0.2062,1,0.78732,0,0.1038,4,6,FALSE,FALSE,FALSE
"GENE1481","GENE1481_HUMAN","P62464","Protein GENE1481",0.2234,0.988883,0.371049,0,0.4306,5,4,FALSE,FALSE,FALSE
"GENE2815","GENE2815_HUMAN","P27115","Protein GENE2815",0.1026,1,0.993164,0,0.003,2,5,TRUE,FALSE,FALSE
"GENE1615","GENE1615_HUMAN","P58494","Protein GENE1615",-0.2759,0.531126,0.111741,0.5453,0.9518,3,5,FALSE,FALSE,FALSE
"GENE0968","GENE0968_HUMAN","P47403","Protein GENE0968",-0.3289,0.174377,0.094369,0.5282,1.0252,3,3,TRUE,FALSE,FALSE
"GENE0766","GENE0766_HUMAN","P22292","Protein GENE0766",0.227,1,0.679225,0,0.168,4,5,FALSE,FALSE,FALSE
"GENE2241","GENE2241_HUMAN","P15874","Protein GENE2241",0.5228,1,0.627928,0,0.2021,4,4,FALSE,FALSE,FALSE
"GENE1802","GENE1802_HUMAN","P40039","Protein GENE1802",-0.168,0.98721,0.966186,0,0.0149,6,2,FALSE,FALSE,FALSE
"GENE1745","GENE1745_HUMAN","P75550","Protein GENE1745",0.53,1,0.951827,0,0.0214,6,6,FALSE,FALSE,FALSE
"GENE0988","GENE0988_HUMAN","P06028","Protein GENE0988",-0.5225,1,0.831255,0,0.0803,5,2,FALSE,FALSE,FALSE
"GENE1872","GENE1872_HUMAN","P08222","Protein GENE1872",0.272,1,0.90606,0,0.0428,3,6,FALSE,FALSE,FALSE
"GENE1928","GENE1928_HUMAN","P68751","Protein GENE1928",-0.4226,1,0.874932,0,0.058,6,2,FALSE,FALSE,FALSE
"GENE0648","GENE0648_HUMAN","P23342","Protein GENE0648",0.3507,0.22175,0.111307,0.277,0.9535,6,2,FALSE,FALSE,FALSE
"GENE2762","GENE2762_HUMAN","P97256","Protein GENE2762",0.1984,1,0.575985,0,0.2396,6,4,FALSE,FALSE,FALSE
"GENE1970","GENE1970_HUMAN","P25425","Protein GENE1970",-0.0349,1,0.793071,0,0.1007,4,5,FALSE,FALSE,FALSE
"GENE2804","GENE2804_HUMAN","P37531","Protein GENE2804",0.2348,1,0.43254,0,0.364,4,3,FALSE,FALSE,FALSE
"GENE0265","GENE0265_HUMAN","P78539","Protein GENE0265",0.315,1,0.975172,0,0.0109,4,3,FALSE,FALSE,FALSE
"GENE2016","GENE2016_HUMAN","P48360","Protein GENE2016",0.3546,0.610116,0.147811,0.1983,0.8303,4,2,FALSE,FALSE,FALSE
"GENE0556","GENE0556_HUMAN","P67926","Protein GENE0556",1.0983,1,0.516546,0,0.2869,6,2,FALSE,FALSE,FALSE
"GENE1597","GENE1597_HUMAN","P54948","Protein GENE1597",3.7388,0.137452,0.028461,1.4608,1.5457,4,2,FALSE,FALSE,TRUE
"GENE2015","GENE2015_HUMAN","P81842","Protein GENE2015",0.3035,1,0.847254,0,0.072,6,3,FALSE,FALSE,FALSE
"GENE1469","GENE1469_HUMAN","P19497","Protein GENE1469",0.0848,0.373562,0.362829,0,0.4403,2,5,FALSE,FALSE,FALSE
"GENE2253","GENE2253_HUMAN","P53890","Protein GENE2253",0.522,1,0.699405,0,0.1553,2,5,TRUE,TRUE,FALSE
"GENE0529","GENE0529_HUMAN","P79462","Protein GENE0529",-0.074,1,0.387633,0,0.4116,4,2,TRUE,FALSE,FALSE
"GENE0590","GENE0590_HUMAN","P74958","Protein GENE0590",-0.282,1,0.815518,0,0.0886,3,3,FALSE,FALSE,FALSE
"GENE1074","GENE1074_HUMAN","P34005","Protein GENE1074",-0.2062,0.344856,0.127487,0.3376,0.8945,4,6,FALSE,FALSE,FALSE
"GENE1700","GENE1700_HUMAN","P34797","Protein GENE1700",0.0714,1,0.349235,0,0.4569,3,5,FALSE,FALSE,FALSE
"NCOA3","NCOA3_HUMAN","P52750","Protein NCOA3",-0.4,1,0.549376,0,0.2601,2,4,FALSE,FALSE,FALSE
"GENE0887","GENE0887_HUMAN","P20345","Protein GENE0887",-0.3977,1,0.81593,0,0.0883,2,6,FALSE,FALSE,FALSE
"GENE2510","GENE2510_HUMAN","P28682","Protein GENE2510",-0.5556,0.857116,0.562717,0,0.2497,3,6,FALSE,FALSE,FALSE
"GENE2428","GENE2428_HUMAN","P62767","Protein GENE2428",-0.4257,0.336724,0.216868,0.3427,0.6638,5,2,FALSE,FALSE,FALSE
"GENE0759","GENE0759_HUMAN","P45784","Protein GENE0759",-0.5209,1,0.686255,0,0.1635,3,2,FALSE,FALSE,FALSE
"GENE1150","GENE1150_HUMAN","P88063","Protein GENE1150",-3.3758,0.019662,0.004869,1.6221,2.3126,2,3,FALSE,FALSE,TRUE
"GENE2369","GENE2369_HUMAN","P22921","Protein GENE2369",0.4271,1,0.810736,0,0.0911,5,4,FALSE,FALSE,FALSE
"GENE1704","GENE1704_HUMAN","P77169","Protein GENE1704",0.1063,0.787679,0.219476,0.1699,0.6586,3,5,FALSE,FALSE,FALSE
"GENE2640","GENE2640_HUMAN","P17490","Protein GENE2640",-0.2671,1,0.976209,0,0.0105,6,5,FALSE,FALSE,FALSE
"GENE2138","GENE2138_HUMAN","P32356","Protein GENE2138",-0.442,1,0.389551,0,0.4094,6,4,FALSE,FALSE,FALSE
"GENE1079","GENE1079_HUMAN","P40853","Protein GENE1079",0.7064,1,0.239064,0.1531,0.6215,6,4,FALSE,FALSE,FALSE
"GENE0212","GENE0212_HUMAN","P65406","Protein GENE0212",0.3324,0.982027,0.219911,0.239,0.6578,6,6,FALSE,TRUE,FALSE
"GENE2740","GENE2740_HUMAN","P41092","Protein GENE2740",-0.7508,1,0.838044,0.0395,0.0767,6,4,FALSE,FALSE,FALSE
"GENE1948","GENE1948_HUMAN","P80128","Protein GENE1948",0.2398,1,0.677548,0,0.1691,6,2,TRUE,FALSE,FALSE
"GENE1699","GENE1699_HUMAN","P51403","Protein GENE1699",-0.2138,1,0.815008,0,0.0888,2,4,FALSE,FALSE,FALSE
"GENE0942","GENE0942_HUMAN","P86926","Protein GENE0942",-3.1786,0.067852,0.029752,1.2539,1.5265,3,6,TRUE,FALSE,TRUE
"GENE1901","GENE1901_HUMAN","P14051","Protein GENE1901",0.0812,0.867168,0.74694,0.0627,0.1267,2,5,FALSE,FALSE,FALSE
"ASCC3","ASCC3_HUMAN","P35907","Protein ASCC3",2.117,0.101347,0.03886,1.0198,1.4105,3,2,FALSE,FALSE,TRUE
"GENE2548","GENE2548_HUMAN","P63628","Protein GENE2548",0.8711,0.703719,0.248451,0.3143,0.6048,6,5,FALSE,FALSE,FALSE
"GENE2661","GENE2661_HUMAN","P20918","Protein GENE2661",0.4165,0.657005,0.269858,0.1237,0.5689,3,5,FALSE,FALSE,FALSE
"GENE0076","GENE0076_HUMAN","P02845","Protein GENE0076",-0.284,1,0.885691,0,0.0527,4,3,FALSE,FALSE,FALSE
"GENE0352","GENE0352_HUMAN","P12363","Protein GENE0352",0.1836,1,0.519414,0,0.2845,5,6,FALSE,FALSE,FALSE
"GENE2599","GENE2599_HUMAN","P55905","Protein GENE2599",0.1214,1,0.885593,0,0.0528,2,2,FALSE,FALSE,FALSE
"GENE1732","GENE1732_HUMAN","P54051","Protein GENE1732",0.0526,0.897056,0.34595,0.0966,0.461,6,5,FALSE,FALSE,FALSE
"GENE2724","GENE2724_HUMAN","P57626","Protein GENE2724",-0.3808,1,0.560066,0,0.2518,6,5,FALSE,FALSE,FALSE
"GENE2326","GENE2326_HUMAN","P08306","Protein GENE2326",-0.0418,1,0.573028,0,0.2418,3,4,FALSE,FALSE,FALSE
"GENE2442","GENE2442_HUMAN","P33341","Protein GENE2442",0.2783,0.741778,0.594616,0,0.2258,6,5,FALSE,FALSE,FALSE
"GENE0670","GENE0670_HUMAN","P10564","Protein GENE0670",0.3146,0.791484,0.177511,0.447,0.7508,2,5,TRUE,TRUE,FALSE
"GENE1613","GENE1613_HUMAN","P13443","Protein GENE1613",-0.3824,0.335925,0.330069,0,0.4814,6,5,FALSE,FALSE,FALSE
"GENE0231","GENE0231_HUMAN","P67822","Protein GENE0231",0.1163,1,0.603388,0,0.2194,2,4,FALSE,FALSE,FALSE
"GENE2061","GENE2061_HUMAN","P91590","Protein GENE2061",-0.0742,1,0.900125,0,0.0457,5,2,FALSE,FALSE,FALSE
"GENE0348","GENE0348_HUMAN","P20235","Protein GENE0348",-0.5755,0.042604,0.026497,1.542,1.5768,3,6,FALSE,TRUE,TRUE
"GENE2404","GENE2404_HUMAN","P05997","Protein GENE2404",-0.4488,1,0.828309,0,0.0818,5,6,FALSE,FALSE,FALSE
"GENE0344","GENE0344_HUMAN","P34779","Protein GENE0344",-0.1993,0.539369,0.41854,0.0293,0.3783,6,3,FALSE,FALSE,FALSE
"GENE0233","GENE0233_HUMAN","P68927","Protein GENE0233",0.4987,1,0.42487,0.0565,0.3717,6,3,FALSE,FALSE,FALSE
"GENE0189","GENE0189_HUMAN","P71490","Protein GENE0189",-0.3451,0.21774,0.187782,0.0303,0.7263,6,4,FALSE,FALSE,FALSE
"GENE2261","GENE2261_HUMAN","P42669","Protein GENE2261",0.6526,1,0.378157,0,0.4223,2,3,FALSE,FALSE,FALSE
"GENE2097","GENE2097_HUMAN","P46117","Protein GENE2097",-0.1241,1,0.783269,0,0.1061,3,6,FALSE,FALSE,FALSE
"GENE1972","GENE1972_HUMAN","P59884","Protein GENE1972",-0.2785,0.924202,0.335184,0.1953,0.4747,6,4,FALSE,FALSE,FALSE
"GENE2490","GENE2490_HUMAN","P51678","Protein GENE2490",0.0203,0.505383,0.300428,0.1753,0.5223,5,6,FALSE,FALSE,FALSE
"GENE0061","GENE0061_HUMAN","P03960","Protein GENE0061",-0.2892,1,0.766138,0,0.1157,6,4,FALSE,FALSE,FALSE
"GENE2211","GENE2211_HUMAN","P83447","Protein GENE2211",0.0863,0.44559,0.214587,0.6401,0.6684,3,3,FALSE,FALSE,FALSE
"GENE1332","GENE1332_HUMAN","P67729","Protein GENE1332",0.5679,0.931389,0.710004,0,0.1487,2,6,FALSE,FALSE,FALSE
"GENE0373","GENE0373_HUMAN","P57676","Protein GENE0373",0.1056,0.576922,0.155789,0.5678,0.8075,3,5,FALSE,FALSE,FALSE
"GENE0488","GENE0488_HUMAN","P38152","Protein GENE0488",-0.4384,0.238308,0.193785,0.098,0.7127,3,6,FALSE,FALSE,FALSE
"GENE0738","GENE0738_HUMAN","P67230","Protein GENE0738",-3.2925,0.022997,0.008736,1.6331,2.0587,3,4,FALSE,FALSE,TRUE
"GENE0297","GENE0297_HUMAN","P80033","Protein GENE0297",0.0997,1,0.793042,0,0.1007,2,6,FALSE,TRUE,FALSE
"GENE1736","GENE1736_HUMAN","P51903","Protein GENE1736",-0.1485,0.345538,0.108215,0.3219,0.9657,5,3,FALSE,FALSE,FALSE
"GENE1759","GENE1759_HUMAN","P28977","Protein GENE1759",0.3053,1,0.560778,0,0.2512,6,3,FALSE,FALSE,FALSE
"GENE0906","GENE0906_HUMAN","P75317","Protein GENE0906",-0.1499,1,0.930064,0,0.0315,4,2,FALSE,FALSE,FALSE
"EP300","EP300_HUMAN","P23325","Protein EP300",4.0428,0.120779,0.024997,1.1412,1.6021,4,4,TRUE,FALSE,TRUE
"GENE1161","GENE1161_HUMAN","P11676","Protein GENE1161",-0.076,0.901861,0.833931,0,0.0789,4,4,FALSE,FALSE,FALSE
"GENE1377","GENE1377_HUMAN","P27210","Protein GENE1377",0.5858,1,0.417867,0,0.379,2,3,FALSE,FALSE,FALSE
"GENE1145","GENE1145_HUMAN","P92892","Protein GENE1145",-0.0364,1,0.206238,0.3751,0.6856,2,2,FALSE,FALSE,FALSE
"GENE1477","GENE1477_HUMAN","P81256","Protein GENE1477",-0.7291,1,0.586117,0,0.232,2,2,FALSE,TRUE,FALSE
"GENE0792","GENE0792_HUMAN","P19379","Protein GENE0792",-0.4877,0.973104,0.486405,0,0.313,4,3,FALSE,FALSE,FALSE
"GENE2269","GENE2269_HUMAN","P07853","Protein GENE2269",0.3035,1,0.720762,0,0.1422,3,3,FALSE,FALSE,FALSE
"GENE2472","GENE2472_HUMAN","P36029","Protein GENE2472",-0.2787,1,0.757182,0,0.1208,4,5,FALSE,FALSE,FALSE
"PKN1","PKN1_HUMAN","P09547","Protein PKN1",2.4131,0.104509,0.021579,1.3262,1.666,6,4,FALSE,FALSE,TRUE
"GENE2436","GENE2436_HUMAN","P28184","Protein GENE2436",0.5511,0.579375,0.514731,0,0.2884,2,5,FALSE,FALSE,FALSE
"GENE0938","GENE0938_HUMAN","P73708","Protein GENE0938",-0.4782,1,0.759132,0,0.1197,6,2,FALSE,FALSE,FALSE
"GENE0705","GENE0705_HUMAN","P60011","Protein GENE0705",0.2517,1,0.546854,0,0.2621,2,4,FALSE,FALSE,FALSE
"GENE1460","GENE1460_HUMAN","P13167","Protein GENE1460",0.5674,1,0.309856,0,0.5088,5,5,FALSE,FALSE,FALSE
"GENE0661","GENE0661_HUMAN","P59232","Protein GENE0661",0.3741,1,0.26387,0.0678,0.5786,5,5,FALSE,FALSE,FALSE
"GENE1671","GENE1671_HUMAN","P87333","Protein GENE1671",-0.2242,1,0.614089,0,0.2118,6,2,TRUE,FALSE,FALSE
"GENE2354","GENE2354_HUMAN","P06566","Protein GENE2354",-0.5641,1,0.721484,0,0.1418,5,3,FALSE,FALSE,FALSE
"GENE2028","GENE2028_HUMAN","P69457","Protein GENE2028",-0.1688,1,0.512126,0.2693,0.2906,4,6,FALSE,FALSE,FALSE
"GENE0516","GENE0516_HUMAN","P23626","Protein GENE0516",1.4798,0.102182,0.021355,1.289,1.6705,5,2,FALSE,TRUE,TRUE
"GENE0967","GENE0967_HUMAN","P95437","Protein GENE0967",0.4712,1,0.80878,0,0.0922,4,2,FALSE,FALSE,FALSE
"GENE0611","GENE0611_HUMAN","P89093","Protein GENE0611",0.5987,0.347439,0.089286,0.4397,1.0492,4,5,FALSE,FALSE,FALSE
"GENE2108","GENE2108_HUMAN","P67233","Protein GENE2108",-0.6418,0.599063,0.235351,0.2951,0.6283,4,4,TRUE,FALSE,FALSE
"GENE1851","GENE1851_HUMAN","P67992","Protein GENE1851",3.9892,0.014853,0.011305,1.3434,1.9467,4,4,FALSE,TRUE,TRUE
"GENE1729","GENE1729_HUMAN","P57904","Protein GENE1729",1.3395,0.012872,0.004601,2.0412,2.3371,5,2,FALSE,FALSE,TRUE
"GENE2451","GENE2451_HUMAN","P50477","Protein GENE2451",2.0195,0.038819,0.025963,1.0947,1.5856,2,5,FALSE,FALSE,TRUE
"GENE1679","GENE1679_HUMAN","P69114","Protein GENE1679",-0.2337,0.196203,0.096509,0.5482,1.0154,2,5,FALSE,FALSE,FALSE
"GENE2566","GENE2566_HUMAN","P24429","Protein GENE2566",0.5436,1,0.972626,0,0.0121,6,6,FALSE,FALSE,FALSE
"GENE0934","GENE0934_HUMAN","P01080","Protein GENE0934",-0.196,0.711095,0.281869,0.156,0.55,3,4,FALSE,FALSE,FALSE
"GENE1195","GENE1195_HUMAN","P56226","Protein GENE1195",-0.4185,0.152793,0.105438,0.3699,0.977,4,4,FALSE,FALSE,FALSE
"GENE1280","GENE1280_HUMAN","P15032","Protein GENE1280",2.8393,0.158526,0.041686,1.1958,1.38,5,5,FALSE,FALSE,TRUE
"GENE0762","GENE0762_HUMAN","P75765","Protein GENE0762",0.3147,0.749091,0.308953,0.245,0.5101,6,5,FALSE,FALSE,FALSE
"GENE0629","GENE0629_HUMAN","P81651","Protein GENE0629",0.3954,1,0.741092,0,0.1301,6,6,FALSE,FALSE,FALSE
"GENE0085","GENE0085_HUMAN","P30952","Protein GENE0085",0.3231,0.144036,0.125851,0.6682,0.9001,5,4,TRUE,FALSE,FALSE
"GENE2221","GENE2221_HUMAN","P75133","Protein GENE2221",0.3711,1,0.904098,0,0.0438,2,3,FALSE,FALSE,FALSE
"GENE0729","GENE0729_HUMAN","P73151","Protein GENE0729",-0.3117,1,0.518728,0,0.2851,6,2,FALSE,FALSE,FALSE
"GENE2805","GENE2805_HUMAN","P63294","Protein GENE2805",3.5481,0.007438,0.005575,1.6409,2.2537,3,2,FALSE,FALSE,TRUE
"GENE2268","GENE2268_HUMAN","P91474","Protein GENE2268",-0.5587,0.070615,0.047913,0.8127,1.3196,2,6,FALSE,FALSE,TRUE
"GENE0380","GENE0380_HUMAN","P51327","Protein GENE0380",-0.5141,1,0.760656,0,0.1188,3,6,FALSE,FALSE,FALSE
"GENE0280","GENE0280_HUMAN","P55161","Protein GENE0280",-0.2126,1,0.308704,0.1992,0.5105,2,3,FALSE,FALSE,FALSE
"GENE0755","GENE0755_HUMAN","P09824","Protein GENE0755",1.9314,0.03371,0.01329,1.1788,1.8765,5,4,FALSE,TRUE,TRUE
"GENE1030","GENE1030_HUMAN","P03812","Protein GENE1030",0.4211,1,0.558624,0.0227,0.2529,2,5,FALSE,FALSE,FALSE
"GENE1147","GENE1147_HUMAN","P09419","Protein GENE1147",-0.5217,0.413681,0.388623,0,0.4105,4,4,FALSE,FALSE,FALSE
"GENE0401","GENE0401_HUMAN","P14897","Protein GENE0401",-1.9652,0.111704,0.037939,1.2484,1.4209,6,6,FALSE,FALSE,TRUE
"GENE1386","GENE1386_HUMAN","P60845","Protein GENE1386",-0.0169,1,0.471603,0,0.3264,3,4,FALSE,FALSE,FALSE
"GENE0331","GENE0331_HUMAN","P23839","Protein GENE0331",-0.0315,1,0.807299,0.0811,0.093,3,4,FALSE,FALSE,FALSE
"GENE2767","GENE2767_HUMAN","P13101","Protein GENE2767",0.4895,1,0.715084,0,0.1456,6,2,FALSE,FALSE,FALSE
"GENE2689","GENE2689_HUMAN","P05008","Protein GENE2689",-0.7397,1,0.97854,0,0.0094,3,3,TRUE,FALSE,FALSE
"GENE0754","GENE0754_HUMAN","P14736","Protein GENE0754",0.2852,1,0.27323,0,0.5635,3,4,FALSE,FALSE,FALSE
"GENE1823","GENE1823_HUMAN","P01550","Protein GENE1823",-0.5154,1,0.444098,0,0.3525,2,3,FALSE,TRUE,FALSE
"GENE0400","GENE0400_HUMAN","P49443","Protein GENE0400",-0.457,1,0.869668,0,0.0606,2,5,FALSE,FALSE,FALSE
"GENE1265","GENE1265_HUMAN","P58800","Protein GENE1265",0.1674,1,0.701438,0,0.154,5,4,FALSE,FALSE,FALSE
"GENE1051","GENE1051_HUMAN","P27207","Protein GENE1051",0.3827,1,0.995441,0,0.002,3,4,FALSE,FALSE,FALSE
"GENE1625","GENE1625_HUMAN","P94443","Protein GENE1625",0.5888,1,0.991638,0,0.0036,3,3,FALSE,FALSE,FALSE
"GENE1152","GENE1152_HUMAN","P21229","Protein GENE1152",0.1668,1,0.724288,0.0558,0.1401,3,5,FALSE,FALSE,FALSE
"GENE0675","GENE0675_HUMAN","P50387","Protein GENE0675",-0.7259,1,0.977735,0,0.0098,6,2,FALSE,FALSE,FALSE
"GENE0925","GENE0925_HUMAN","P39963","Protein GENE0925",0.1217,0.94992,0.55818,0,0.2532,4,5,FALSE,FALSE,FALSE
"GENE0737","GENE0737_HUMAN","P48743","Protein GENE0737",-0.2671,1,0.244016,0.1997,0.6126,6,2,FALSE,TRUE,FALSE
"GENE0086","GENE0086_HUMAN","P18540","Protein GENE0086",0.0739,0.496457,0.110905,0.3245,0.955,5,3,FALSE,FALSE,FALSE
"GENE2742","GENE2742_HUMAN","P33923","Protein GENE2742",0.693,0.824026,0.199159,0.4221,0.7008,2,6,FALSE,FALSE,FALSE
"GENE1082","GENE1082_HUMAN","P51651","Protein GENE1082",3.967,0.218179,0.046101,0.7713,1.3363,4,2,FALSE,TRUE,TRUE
"GENE2736","GENE2736_HUMAN","P54214","Protein GENE2736",-0.0393,1,0.708349,0.1111,0.1498,3,3,FALSE,FALSE,FALSE
"GENE1640","GENE1640_HUMAN","P32906","Protein GENE1640",0.1732,1,0.794729,0,0.0998,5,2,FALSE,FALSE,FALSE
"GENE0154","GENE0154_HUMAN","P88944","Protein GENE0154",-0.1859,0.649855,0.223391,0.1294,0.6509,6,5,FALSE,FALSE,FALSE
"GENE2784","GENE2784_HUMAN","P01757","Protein GENE2784",0.1458,1,0.802655,0,0.0955,4,3,FALSE,FALSE,FALSE
"GENE1629","GENE1629_HUMAN","P71988","Protein GENE1629",-0.2204,0.889663,0.359175,0.3963,0.4447,3,2,FALSE,FALSE,FALSE
"GENE1408","GENE1408_HUMAN","P23850","Protein GENE1408",1.0954,0.058139,0.030883,0.9579,1.5103,3,2,FALSE,FALSE,TRUE
"GENE1669","GENE1669_HUMAN","P15958","Protein GENE1669",0.4312,1,0.497762,0,0.303,4,3,FALSE,FALSE,FALSE
"GENE0295","GENE0295_HUMAN","P23666","Protein GENE0295",-0.1952,1,0.626351,0,0.2032,3,4,FALSE,FALSE,FALSE
"GENE1344","GENE1344_HUMAN","P67887","Protein GENE1344",0.5222,1,0.932589,0,0.0303,4,2,FALSE,FALSE,FALSE
"GENE0765","GENE0765_HUMAN","P25945","Protein GENE0765",3.3767,0.004023,0.001752,2.5703,2.7565,3,2,FALSE,FALSE,TRUE
"GENE2419","GENE2419_HUMAN","P11683","Protein GENE2419",-0.0365,1,0.575513,0,0.2399,2,6,FALSE,FALSE,FALSE
"GENE2894","GENE2894_HUMAN","P22217","Protein GENE2894",-0.0248,1,0.765708,0,0.1159,3,2,FALSE,FALSE,FALSE
"GENE0782","GENE0782_HUMAN","P87333","Protein GENE0782",-2.1499,0.078995,0.041841,0.7901,1.3784,3,6,FALSE,FALSE,TRUE
"GENE2201","GENE2201_HUMAN","P11727","Protein GENE2201",0.839,1,0.809895,0,0.0916,3,5,FALSE,FALSE,FALSE
"GENE0626","GENE0626_HUMAN","P16797","Protein GENE0626",-0.7058,1,0.799663,0.0939,0.0971,5,3,FALSE,FALSE,FALSE
"GENE1371","GENE1371_HUMAN","P51951","Protein GENE1371",-3.9714,0.077826,0.021867,1.4118,1.6602,3,4,TRUE,FALSE,TRUE
"GENE2735","GENE2735_HUMAN","P49886","Protein GENE2735",-0.41,0.95627,0.248938,0,0.6039,3,5,FALSE,FALSE,FALSE
"GENE1486","GENE1486_HUMAN","P00103","Protein GENE1486",-0.201,0.89458,0.683167,0,0.1655,3,2,FALSE,FALSE,FALSE
"GENE1528","GENE1528_HUMAN","P95651","Protein GENE1528",0.8259,0.905264,0.295295,0,0.5297,3,6,FALSE,FALSE,FALSE
"GENE1202","GENE1202_HUMAN","P87973","Protein GENE1202",-0.0969,0.362305,0.104299,0.8668,0.9817,6,3,FALSE,FALSE,FALSE
"GENE2188","GENE2188_HUMAN","P76988","Protein GENE2188",-0.2568,1,0.893314,0,0.049,6,5,FALSE,FALSE,FALSE
"GENE1719","GENE1719_HUMAN","P13646","Protein GENE1719",0.8143,1,0.565735,0,0.2474,4,2,FALSE,FALSE,FALSE
"GENE0036","GENE0036_HUMAN","P45915","Protein GENE0036",-0.4361,1,0.765941,0,0.1158,5,6,FALSE,FALSE,FALSE
"GENE2727","GENE2727_HUMAN","P22653","Protein GENE2727",0.0658,0.955761,0.882936,0,0.0541,5,2,FALSE,FALSE,FALSE
"GENE0969","GENE0969_HUMAN","P04625","Protein GENE0969",-0.0887,0.594555,0.317234,0.3171,0.4986,3,6,FALSE,FALSE,FALSE
"GENE2128","GENE2128_HUMAN","P63654","Protein GENE2128",1.9238,0.070438,0.016012,1.4906,1.7956,2,2,TRUE,FALSE,TRUE
"GENE2244","GENE2244_HUMAN","P01601","Protein GENE2244",0.5842,0.627714,0.21862,0,0.6603,2,4,FALSE,FALSE,FALSE
"GENE2195","GENE2195_HUMAN","P45581","Protein GENE2195",0.4177,1,0.957445,0,0.0189,5,3,FALSE,FALSE,FALSE
"GENE1922","GENE1922_HUMAN","P33234","Protein GENE1922",0.2062,0.457005,0.320239,0,0.4945,2,6,FALSE,FALSE,FALSE
"GENE1226","GENE1226_HUMAN","P82162","Protein GENE1226",-0.142,0.748699,0.26002,0,0.585,2,4,FALSE,FALSE,FALSE
"GENE2755","GENE2755_HUMAN","P28498","Protein GENE2755",4.4739,0.02133,0.016628,1.2261,1.7792,6,5,FALSE,FALSE,TRUE
"GENE0849","GENE0849_HUMAN","P23566","Protein GENE0849",-0.1187,0.878515,0.468698,0,0.3291,2,6,FALSE,FALSE,FALSE
"GENE0918","GENE0918_HUMAN","P19159","Protein GENE0918",-1.5681,0.11317,0.039444,1.2839,1.404,5,4,FALSE,FALSE,TRUE
"GENE0147","GENE0147_HUMAN","P18266","Protein GENE0147",-0.8285,0.554372,0.277947,0.3469,0.556,3,6,FALSE,FALSE,FALSE
"GENE1396","GENE1396_HUMAN","P46012","Protein GENE1396",0.16,1,0.573931,0,0.2411,5,3,FALSE,FALSE,FALSE
"GENE2212","GENE2212_HUMAN","P48821","Protein GENE2212",0.105,1,0.963817,0,0.016,5,5,FALSE,FALSE,FALSE
"GENE1168","GENE1168_HUMAN","P24848","Protein GENE1168",1.6971,0.086649,0.046771,0.9014,1.33,5,5,FALSE,FALSE,TRUE
"GENE2270","GENE2270_HUMAN","P97928","Protein GENE2270",-0.2611,1,0.477696,0,0.3208,6,2,FALSE,FALSE,FALSE
"GENE1868","GENE1868_HUMAN","P95700","Protein GENE1868",-3.4507,0.088931,0.023681,1.0147,1.6256,6,3,FALSE,TRUE,TRUE
"GENE1827","GENE1827_HUMAN","P02434","Protein GENE1827",-0.0726,0.8626,0.41692,0,0.3799,6,3,FALSE,FALSE,FALSE
"GENE1430","GENE1430_HUMAN","P41971","Protein GENE1430",-0.12,1,0.772235,0,0.1123,6,3,FALSE,FALSE,FALSE
"GENE1863","GENE1863_HUMAN","P32125","Protein GENE1863",-0.2358,0.987019,0.83929,0,0.0761,5,4,FALSE,FALSE,FALSE
"GENE1754","GENE1754_HUMAN","P96710","Protein GENE1754",1.1964,0.214722,0.062619,0.5697,1.2033,3,6,FALSE,FALSE,FALSE
"GENE0406","GENE0406_HUMAN","P91028","Protein GENE0406",0.1081,1,0.663036,0,0.1785,2,5,FALSE,FALSE,FALSE
"GENE2647","GENE2647_HUMAN","P52222","Protein GENE2647",-0.7869,0.597721,0.475812,0,0.3226,4,3,FALSE,FALSE,FALSE
"DDRGK1","DDRGK1_HUMAN","P13100","Protein DDRGK1",0.3671,1,0.858608,0,0.0662,6,6,FALSE,FALSE,FALSE
"GENE1109","GENE1109_HUMAN","P15584","Protein GENE1109",0.6434,1,0.56256,0.2451,0.2498,6,2,FALSE,FALSE,FALSE
"GENE0316","GENE0316_HUMAN","P54584","Protein GENE0316",-0.0917,1,0.725866,0,0.1391,6,6,FALSE,FALSE,FALSE
"GENE0677","GENE0677_HUMAN","P43748","Protein GENE0677",-0.2203,0.768856,0.354926,0.0909,0.4499,2,6,FALSE,FALSE,FALSE
"GENE0993","GENE0993_HUMAN","P93289","Protein GENE0993",0.4996,0.598836,0.466998,0.1954,0.3307,4,5,FALSE,FALSE,FALSE
"GENE0342","GENE0342_HUMAN","P45386","Protein GENE0342",0.1796,1,0.961567,0,0.017,5,3,FALSE,FALSE,FALSE
"GENE2706","GENE2706_HUMAN","P28518","Protein GENE2706",-0.6176,1,0.966133,0,0.015,2,6,FALSE,FALSE,FALSE
"GENE2614","GENE2614_HUMAN","P83152","Protein GENE2614",0.1418,1,0.410597,0.3576,0.3866,5,6,FALSE,FALSE,FALSE
"GENE1666","GENE1666_HUMAN","P36889","Protein GENE1666",-0.2482,1,0.313283,0,0.5041,3,5,FALSE,FALSE,FALSE
"GENE1499","GENE1499_HUMAN","P92698","Protein GENE1499",0.0457,1,0.555586,0,0.2552,3,5,FALSE,FALSE,FALSE
"GENE1960","GENE1960_HUMAN","P20582","Protein GENE1960",-4.2197,0.064691,0.015491,1.7186,1.8099,5,3,FALSE,FALSE,TRUE
"GENE0315","GENE0315_HUMAN","P04042","Protein GENE0315",0.1325,1,0.732337,0,0.1353,4,6,FALSE,FALSE,FALSE
"MED15","MED15_HUMAN","P55582","Protein MED15",2.9255,0.115269,0.034414,1.4459,1.4633,5,4,FALSE,FALSE,TRUE
"GENE0732","GENE0732_HUMAN","P44536","Protein GENE0732",-0.6757,0.797922,0.162367,0.2939,0.7895,5,2,FALSE,FALSE,FALSE
"GENE1871","GENE1871_HUMAN","P33941","Protein GENE1871",-0.194,0.427725,0.131266,0.2846,0.8818,6,3,FALSE,FALSE,FALSE
"GENE0631","GENE0631_HUMAN","P40675","Protein GENE0631",-0.323,1,0.593306,0,0.2267,5,3,FALSE,FALSE,FALSE
"GENE1581","GENE1581_HUMAN","P85953","Protein GENE1581",-0.1182,1,0.280833,0.224,0.5516,2,5,FALSE,FALSE,FALSE
"GENE2590","GENE2590_HUMAN","P26893","Protein GENE2590",0.534,1,0.792826,0,0.1008,5,4,FALSE,FALSE,FALSE
"GENE2345","GENE2345_HUMAN","P80756","Protein GENE2345",-0.4992,1,0.330622,0,0.4807,3,2,FALSE,FALSE,FALSE
"GENE1023","GENE1023_HUMAN","P40787","Protein GENE1023",0.3368,1,0.28039,0,0.5522,2,5,FALSE,FALSE,FALSE
"GENE1468","GENE1468_HUMAN","P25753","Protein GENE1468",-0.3156,1,0.473705,0.0531,0.3245,4,6,FALSE,FALSE,FALSE
"GENE1472","GENE1472_HUMAN","P03928","Protein GENE1472",0.9439,0.045341,0.016449,1.2157,1.7838,5,4,FALSE,TRUE,TRUE
"NCOA1","NCOA1_HUMAN","P90171","Protein NCOA1",2.2551,0.09722,0.027866,1.3474,1.5549,3,4,TRUE,FALSE,TRUE
"GENE0728","GENE0728_HUMAN","P43898","Protein GENE0728",3.0419,0.155686,0.047131,0.8097,1.3267,4,4,FALSE,FALSE,TRUE
"GENE1958","GENE1958_HUMAN","P48957","Protein GENE1958",0.2308,1,0.565465,0,0.2476,2,2,FALSE,TRUE,FALSE
"GENE1346","GENE1346_HUMAN","P69812","Protein GENE1346",-0.3274,0.756104,0.409157,0.1708,0.3881,3,4,FALSE,FALSE,FALSE
"GENE2441","GENE2441_HUMAN","P00138","Protein GENE2441",4.1018,0.045913,0.013115,1.4913,1.8822,2,6,TRUE,FALSE,TRUE
"GENE0715","GENE0715_HUMAN","P76624","Protein GENE0715",0.2344,0.395218,0.362031,0,0.4413,2,3,FALSE,FALSE,FALSE
"GENE0915","GENE0915_HUMAN","P14930","Protein GENE0915",4.4553,0.01183,0.005914,2.0211,2.2281,6,3,FALSE,FALSE,TRUE
"GENE0264","GENE0264_HUMAN","P70841","Protein GENE0264",-0.3324,1,0.743676,0,0.1286,4,2,FALSE,FALSE,FALSE
"GENE2414","GENE2414_HUMAN","P18674","Protein GENE2414",0.0777,1,0.970626,0,0.0129,5,2,FALSE,FALSE,FALSE
"GENE2718","GENE2718_HUMAN","P59921","Protein GENE2718",-0.6189,1,0.883834,0.0309,0.0536,2,6,FALSE,FALSE,FALSE
"GENE0372","GENE0372_HUMAN","P25328","Protein GENE0372",0.5951,1,0.834333,0,0.0787,5,2,FALSE,FALSE,FALSE
"GENE2789","GENE2789_HUMAN","P31479","Protein GENE2789",0.4237,1,0.685408,0,0.1641,6,5,FALSE,FALSE,FALSE
"GENE2303","GENE2303_HUMAN","P29550","Protein GENE2303",-0.7765,0.17194,0.078142,0.664,1.1071,6,4,FALSE,FALSE,FALSE
"GENE0610","GENE0610_HUMAN","P58597","Protein GENE0610",-0.6372,0.671282,0.158411,0.1737,0.8002,6,2,FALSE,FALSE,FALSE
"GENE1818","GENE1818_HUMAN","P31775","Protein GENE1818",-0.4326,1,0.855814,0,0.0676,3,6,FALSE,FALSE,FALSE
"GENE0724","GENE0724_HUMAN","P97603","Protein GENE0724",0.2892,1,0.645688,0,0.19,5,6,FALSE,FALSE,FALSE
"GENE1326","GENE1326_HUMAN","P63680","Protein GENE1326",2.6152,0.06503,0.035445,1.0317,1.4504,6,4,FALSE,FALSE,TRUE
"GENE1743","GENE1743_HUMAN","P09976","Protein GENE1743",-0.454,1,0.982289,0,0.0078,4,3,FALSE,FALSE,FALSE
"GENE0512","GENE0512_HUMAN","P15237","Protein GENE0512",-0.1244,1,0.92106,0,0.0357,4,5,FALSE,FALSE,FALSE
"GENE1884","GENE1884_HUMAN","P19336","Protein GENE1884",-0.1534,1,0.485783,0,0.3136,4,4,FALSE,FALSE,FALSE
"GENE0545","GENE0545_HUMAN","P12453","Protein GENE0545",-4.3962,0.060027,0.036346,0.9048,1.4395,2,2,FALSE,FALSE,TRUE
"GENE1769","GENE1769_HUMAN","P24375","Protein GENE1769",0.0796,1,0.926814,0,0.033,6,4,TRUE,FALSE,FALSE
"GENE0235","GENE0235_HUMAN","P69298","Protein GENE0235",-0.2216,1,0.462949,0,0.3345,2,4,FALSE,FALSE,FALSE
"GENE0658","GENE0658_HUMAN","P06313","Protein GENE0658",1.7469,0.027917,0.007395,1.6356,2.1311,3,6,FALSE,FALSE,TRUE
"GENE2816","GENE2816_HUMAN","P08893","Protein GENE2816",-0.3593,1,0.275393,0,0.56,6,5,FALSE,FALSE,FALSE
"GENE1609","GENE1609_HUMAN","P67690","Protein GENE1609",1.236,0.070645,0.017906,1.5079,1.747,2,6,FALSE,FALSE,TRUE
"GENE0275","GENE0275_HUMAN","P05540","Protein GENE0275",-0.2708,0.956894,0.391727,0,0.407,3,5,FALSE,FALSE,FALSE
"GENE0494","GENE0494_HUMAN","P71411","Protein GENE0494",0.3045,0.640398,0.140327,0.7656,0.8529,5,2,FALSE,FALSE,FALSE
"GENE0113","GENE0113_HUMAN","P15351","Protein GENE0113",-0.3492,0.906716,0.754668,0,0.1222,6,2,FALSE,FALSE,FALSE
"GENE1191","GENE1191_HUMAN","P35515","Protein GENE1191",0.5086,1,0.340984,0,0.4673,5,6,TRUE,FALSE,FALSE
"GENE1459","GENE1459_HUMAN","P60397","Protein GENE1459",0.0662,0.796361,0.343229,0.4121,0.4644,6,5,FALSE,FALSE,FALSE
"GENE1349","GENE1349_HUMAN","P94456","Protein GENE1349",-0.0613,1,0.559309,0,0.2523,6,3,FALSE,FALSE,FALSE
"GENE2276","GENE2276_HUMAN","P82880","Protein GENE2276",-0.3257,1,0.60128,0,0.2209,4,2,FALSE,FALSE,FALSE
"GENE0823","GENE0823_HUMAN","P21249","Protein GENE0823",0.3404,1,0.836958,0,0.0773,5,2,FALSE,FALSE,FALSE
"GENE1027","GENE1027_HUMAN","P67462","Protein GENE1027",-0.4497,1,0.767334,0.0986,0.115,2,6,FALSE,FALSE,FALSE
"GENE1795","GENE1795_HUMAN","P08656","Protein GENE1795",-0.3119,1,0.741597,0,0.1298,6,3,FALSE,FALSE,FALSE
"GENE2709","GENE2709_HUMAN","P69090","Protein GENE2709",0.1781,0.065143,0.063105,0.9401,1.1999,6,6,FALSE,FALSE,FALSE
"GENE0519","GENE0519_HUMAN","P61899","Protein GENE0519",-0.3234,0.343858,0.090015,0.4732,1.0457,3,2,FALSE,FALSE,FALSE
"GENE2373","GENE2373_HUMAN","P10908","Protein GENE2373",0.123,1,0.759056,0,0.1197,6,6,TRUE,FALSE,FALSE
"GENE1634","GENE1634_HUMAN","P10022","Protein GENE1634",0.2556,1,0.715365,0,0.1455,3,2,FALSE,FALSE,FALSE
"GENE1217","GENE1217_HUMAN","P99727","Protein GENE1217",-0.2153,1,0.728224,0.099,0.1377,4,3,FALSE,FALSE,FALSE
"GENE1071","GENE1071_HUMAN","P86472","Protein GENE1071",0.1593,1,0.931187,0,0.031,3,5,FALSE,FALSE,FALSE
"GENE0201","GENE0201_HUMAN","P27624","Protein GENE0201",0.3338,0.847951,0.664606,0,0.1774,5,3,FALSE,FALSE,FALSE
"GENE1028","GENE1028_HUMAN","P77649","Protein GENE1028",0.399,1,0.924527,0,0.0341,6,6,FALSE,FALSE,FALSE
"GENE1912","GENE1912_HUMAN","P56194","Protein GENE1912",-0.0836,1,0.882764,0,0.0542,6,3,FALSE,FALSE,FALSE
"GENE0955","GENE0955_HUMAN","P29736","Protein GENE0955",0.0193,1,0.925971,0,0.0334,3,3,FALSE,FALSE,FALSE
"GENE0334","GENE0334_HUMAN","P51985","Protein GENE0334",0.0307,0.474241,0.172302,0.3566,0.7637,4,3,FALSE,TRUE,FALSE
"LARP1","LARP1_HUMAN","P79809","Protein LARP1",0.1693,1,0.289553,0,0.5383,2,3,FALSE,FALSE,FALSE
"GENE2004","GENE2004_HUMAN","P16837","Protein GENE2004",0.3531,1,0.99058,0,0.0041,3,5,TRUE,FALSE,FALSE
"GENE1659","GENE1659_HUMAN","P70593","Protein GENE1659",0.361,1,0.941814,0,0.026,4,5,FALSE,FALSE,FALSE
"GENE1049","GENE1049_HUMAN","P38918","Protein GENE1049",0.1702,0.451498,0.164734,0.1514,0.7832,2,6,FALSE,FALSE,FALSE
"GENE0866","GENE0866_HUMAN","P92388","Protein GENE0866",-0.4949,1,0.892518,0,0.0494,6,6,FALSE,FALSE,FALSE
"GENE1825","GENE1825_HUMAN","P19154","Protein GENE1825",0.3387,1,0.928707,0.0259,0.0321,3,2,FALSE,FALSE,FALSE
"GENE1962","GENE1962_HUMAN","P82855","Protein GENE1962",0.1396,1,0.818164,0,0.0872,6,2,FALSE,FALSE,FALSE
"STK3","STK3_HUMAN","P76853","Protein STK3",-0.312,1,0.588339,0,0.2304,5,5,FALSE,FALSE,FALSE
"GENE0012","GENE0012_HUMAN","P02544","Protein GENE0012",-0.3509,0.582395,0.190535,0.4701,0.72,4,3,FALSE,FALSE,FALSE
"GENE2290","GENE2290_HUMAN","P55769","Protein GENE2290",-0.189,0.198292,0.071716,1.0772,1.1444,2,4,FALSE,FALSE,FALSE
"GENE2554","GENE2554_HUMAN","P61793","Protein GENE2554",-0.3866,1,0.79772,0,0.0981,4,5,FALSE,FALSE,FALSE
"GENE2430","GENE2430_HUMAN","P28181","Protein GENE2430",0.2631,1,0.803601,0,0.095,2,4,FALSE,FALSE,FALSE
"GENE2716","GENE2716_HUMAN","P00451","Protein GENE2716",0.1999,0.722569,0.283377,0.217,0.5476,5,3,TRUE,FALSE,FALSE
"GENE2187","GENE2187_HUMAN","P05222","Protein GENE2187",0.5205,1,0.893289,0,0.049,4,4,FALSE,FALSE,FALSE
"GENE1398","GENE1398_HUMAN","P81619","Protein GENE1398",-0.3126,0.384308,0.351455,0,0.4541,6,3,FALSE,FALSE,FALSE
"GENE0794","GENE0794_HUMAN","P82611","Protein GENE0794",-0.6236,1,0.792736,0.0653,0.1009,6,5,FALSE,FALSE,FALSE
"GENE2210","GENE2210_HUMAN","P92689","Protein GENE2210",-0.5978,1,0.434138,0.0132,0.3624,4,6,FALSE,FALSE,FALSE
"GENE0105","GENE0105_HUMAN","P19000","Protein GENE0105",-0.2525,1,0.847496,0,0.0719,2,5,FALSE,FALSE,FALSE
"GENE0713","GENE0713_HUMAN","P52724","Protein GENE0713",0.1536,1,0.711626,0,0.1477,6,3,FALSE,FALSE,FALSE
"GENE1503","GENE1503_HUMAN","P17404","Protein GENE1503",2.2665,0.0609,0.032763,1.1205,1.4846,3,3,FALSE,FALSE,TRUE
"GENE1489","GENE1489_HUMAN","P60119","Protein GENE1489",-0.1044,0.49875,0.489698,0,0.3101,4,6,FALSE,FALSE,FALSE
"GENE2574","GENE2574_HUMAN","P46792","Protein GENE2574",-0.7659,0.912845,0.514347,0,0.2887,2,4,FALSE,FALSE,FALSE
"GENE1279","GENE1279_HUMAN","P80574","Protein GENE1279",-0.0232,0.587239,0.235812,0.0126,0.6274,5,4,FALSE,FALSE,FALSE
"GENE1775","GENE1775_HUMAN","P34818","Protein GENE1775",0.156,1,0.492124,0,0.3079,2,3,FALSE,FALSE,FALSE
"GENE0746","GENE0746_HUMAN","P97209","Protein GENE0746",0.4016,0.851935,0.495541,0,0.3049,5,3,TRUE,FALSE,FALSE
"GENE0540","GENE0540_HUMAN","P74537","Protein GENE0540",0.3748,0.955903,0.560828,0,0.2512,4,6,FALSE,FALSE,FALSE
"GENE0939","GENE0939_HUMAN","P93343","Protein GENE0939",0.0988,0.597219,0.526299,0,0.2788,5,3,FALSE,FALSE,FALSE
"GENE1551","GENE1551_HUMAN","P07724","Protein GENE1551",0.1834,0.584546,0.260893,0,0.5835,6,6,TRUE,FALSE,FALSE
"GENE1785","GENE1785_HUMAN","P78811","Protein GENE1785",0.6776,0.357517,0.202593,0.271,0.6934,6,3,FALSE,FALSE,FALSE
"GENE0678","GENE0678_HUMAN","P46675","Protein GENE0678",-0.0515,1,0.270525,0,0.5678,5,2,FALSE,FALSE,FALSE
"GENE0219","GENE0219_HUMAN","P76001","Protein GENE0219",0.4943,1,0.502242,0.0429,0.2991,3,4,FALSE,FALSE,FALSE
"GENE0831","GENE0831_HUMAN","P69333","Protein GENE0831",-0.1356,0.951136,0.826092,0,0.083,4,2,FALSE,FALSE,FALSE
"GENE1540","GENE1540_HUMAN","P40967","Protein GENE1540",-0.2539,0.448839,0.121541,0.4338,0.9153,2,6,FALSE,FALSE,FALSE
"GENE1484","GENE1484_HUMAN","P20058","Protein GENE1484",-0.3662,1,0.933993,0,0.0297,2,5,FALSE,FALSE,FALSE
"GENE2365","GENE2365_HUMAN","P06755","Protein GENE2365",-0.5723,0.017737,0.011363,1.5863,1.9445,5,3,FALSE,TRUE,TRUE
"GENE2358","GENE2358_HUMAN","P57704","Protein GENE2358",0.1889,1,0.914222,0,0.0389,4,2,FALSE,FALSE,FALSE
"GENE2305","GENE2305_HUMAN","P32739","Protein GENE2305",-0.804,0.251216,0.165218,0.718,0.7819,2,3,FALSE,FALSE,FALSE
"GENE2024","GENE2024_HUMAN","P70594","Protein GENE2024",0.4032,0.382241,0.248754,0.5269,0.6042,4,5,FALSE,TRUE,FALSE
"GENE0368","GENE0368_HUMAN","P63170","Protein GENE0368",0.1628,0.374662,0.08384,0.4127,1.0766,5,6,TRUE,FALSE,FALSE
"GENE2317","GENE2317_HUMAN","P15728","Protein GENE2317",-0.1723,1,0.63491,0,0.1973,5,6,FALSE,FALSE,FALSE
"GENE2765","GENE2765_HUMAN","P74636","Protein GENE2765",0.4919,0.585665,0.407581,0,0.3898,3,3,TRUE,FALSE,FALSE
"GENE1887","GENE1887_HUMAN","P33158","Protein GENE1887",0.1366,0.517071,0.23939,0.1471,0.6209,4,5,FALSE,FALSE,FALSE
"GENE0625","GENE0625_HUMAN","P29699","Protein GENE0625",-0.1916,0.923595,0.607533,0,0.2164,4,5,FALSE,FALSE,FALSE
"GENE2474","GENE2474_HUMAN","P56069","Protein GENE2474",0.3934,0.844931,0.278331,0,0.5554,2,2,FALSE,FALSE,FALSE
"GENE0152","GENE0152_HUMAN","P17866","Protein GENE0152",-0.0153,1,0.586265,0,0.2319,5,6,FALSE,FALSE,FALSE
"DDX21","DDX21_HUMAN","P26615","Protein DDX21",0.4134,1,0.95789,0,0.0187,5,3,FALSE,TRUE,FALSE
"GENE1913","GENE1913_HUMAN","P13910","Protein GENE1913",-0.144,1,0.503864,0.0055,0.2977,3,2,FALSE,FALSE,FALSE
"GENE0420","GENE0420_HUMAN","P77335","Protein GENE0420",0.2502,1,0.50166,0.1036,0.2996,6,3,FALSE,TRUE,FALSE
"GENE0234","GENE0234_HUMAN","P05450","Protein GENE0234",0.0513,1,0.795185,0,0.0995,5,6,FALSE,FALSE,FALSE
"GENE1856","GENE1856_HUMAN","P94365","Protein GENE1856",0.1486,1,0.385268,0.187,0.4142,6,5,FALSE,FALSE,FALSE
"GENE1623","GENE1623_HUMAN","P73575","Protein GENE1623",0.8065,1,0.727602,0,0.1381,4,6,FALSE,FALSE,FALSE
"GENE2598","GENE2598_HUMAN","P50376","Protein GENE2598",-0.612,1,0.398693,0,0.3994,6,6,FALSE,FALSE,FALSE
"GENE0096","GENE0096_HUMAN","P22642","Protein GENE0096",0.1756,1,0.560293,0,0.2516,3,3,FALSE,FALSE,FALSE
"GENE2773","GENE2773_HUMAN","P05374","Protein GENE2773",-0.435,1,0.713501,0,0.1466,4,6,FALSE,FALSE,FALSE
"GENE0056","GENE0056_HUMAN","P55832","Protein GENE0056",-0.7045,0.740281,0.244487,0.3313,0.6117,2,3,FALSE,FALSE,FALSE
"GENE1171","GENE1171_HUMAN","P57392","Protein GENE1171",0.5581,1,0.622553,0,0.2058,5,6,FALSE,FALSE,FALSE
"GENE2850","GENE2850_HUMAN","P05542","Protein GENE2850",-2.2469,0.117685,0.04045,0.699,1.3931,5,6,FALSE,FALSE,TRUE
"GENE1987","GENE1987_HUMAN","P05809","Protein GENE1987",0.0284,1,0.679986,0,0.1675,4,3,FALSE,FALSE,FALSE
"GENE1434","GENE1434_HUMAN","P41965","Protein GENE1434",0.3754,1,0.643287,0,0.1916,6,3,FALSE,FALSE,FALSE
"GENE0523","GENE0523_HUMAN","P22811","Protein GENE0523",-0.3259,1,0.505348,0,0.2964,5,3,FALSE,FALSE,FALSE
"GENE0053","GENE0053_HUMAN","P36209","Protein GENE0053",-3.68,0.109137,0.026695,1.0989,1.5736,5,6,FALSE,FALSE,TRUE
"GENE2406","GENE2406_HUMAN","P45802","Protein GENE2406",-0.3006,0.717398,0.302075,0.073,0.5199,2,4,FALSE,FALSE,FALSE
"GENE2678","GENE2678_HUMAN","P84873","Protein GENE2678",0.1335,0.586324,0.363466,0.0111,0.4395,4,5,FALSE,FALSE,FALSE
"GENE2900","GENE2900_HUMAN","P08661","Protein GENE2900",0.4209,0.639148,0.565432,0.0935,0.2476,2,6,FALSE,FALSE,FALSE
"GENE0946","GENE0946_HUMAN","P97202","Protein GENE0946",0.5823,1,0.451744,0,0.3451,2,3,FALSE,FALSE,FALSE
"GENE2820","GENE2820_HUMAN","P37974","Protein GENE2820",-0.1506,1,0.439067,0,0.3575,6,2,FALSE,FALSE,FALSE
"GENE1213","GENE1213_HUMAN","P70430","Protein GENE1213",-1.1246,0.631367,0.624963,0,0.2041,2,6,FALSE,FALSE,FALSE
"MED23","MED23_HUMAN","P86478","Protein MED23",1.0033,0.06426,0.01394,1.3891,1.8557,3,3,FALSE,FALSE,TRUE
"GENE1697","GENE1697_HUMAN","P77934","Protein GENE1697",0.2012,0.648873,0.364876,0,0.4379,5,6,FALSE,FALSE,FALSE
"GENE1045","GENE1045_HUMAN","P85322","Protein GENE1045",0.2261,1,0.505989,0,0.2959,3,3,FALSE,FALSE,FALSE
"GENE2382","GENE2382_HUMAN","P67625","Protein GENE2382",0.2719,0.495033,0.369215,0,0.4327,6,3,FALSE,FALSE,FALSE
"GENE1809","GENE1809_HUMAN","P78896","Protein GENE1809",0.5935,1,0.863854,0,0.0636,5,4,FALSE,FALSE,FALSE
"GENE1554","GENE1554_HUMAN","P95611","Protein GENE1554",-0.3027,1,0.227723,0.0934,0.6426,6,6,FALSE,FALSE,FALSE
"GENE1173","GENE1173_HUMAN","P68907","Protein GENE1173",0.0494,0.290932,0.267863,0,0.5721,2,2,FALSE,FALSE,FALSE
"GENE1728","GENE1728_HUMAN","P78184","Protein GENE1728",-0.2999,0.613141,0.146428,0.3102,0.8344,6,4,TRUE,FALSE,FALSE
"GENE2374","GENE2374_HUMAN","P14766","Protein GENE2374",-0.203,1,0.855967,0,0.0675,2,3,FALSE,FALSE,FALSE
"GENE1155","GENE1155_HUMAN","P43616","Protein GENE1155",0.0466,0.44319,0.088803,0.8615,1.0516,3,6,FALSE,FALSE,FALSE
"GENE2798","GENE2798_HUMAN","P54573","Protein GENE2798",-0.2601,0.875932,0.231058,0.311,0.6363,4,3,FALSE,FALSE,FALSE
"GENE1942","GENE1942_HUMAN","P37305","Protein GENE1942",-0.2246,1,0.794447,0,0.0999,6,3,FALSE,TRUE,FALSE
"GENE2551","GENE2551_HUMAN","P26389","Protein GENE2551",0.0747,1,0.941291,0,0.0263,3,3,FALSE,FALSE,FALSE
"GENE0893","GENE0893_HUMAN","P85972","Protein GENE0893",-0.6185,0.286797,0.154178,0.6417,0.812,6,4,FALSE,FALSE,FALSE
"GENE0065","GENE0065_HUMAN","P47445","Protein GENE0065",0.0299,1,0.528626,0,0.2769,3,3,FALSE,FALSE,FALSE
"GENE0405","GENE0405_HUMAN","P26655","Protein GENE0405",-0.4315,1,0.423863,0,0.3728,5,2,FALSE,FALSE,FALSE
"GENE2788","GENE2788_HUMAN","P99908","Protein GENE2788",-1.7806,0.089893,0.023727,1.2733,1.6248,3,2,FALSE,FALSE,TRUE
"GENE2572","GENE2572_HUMAN","P32724","Protein GENE2572",-0.5499,0.531909,0.444376,0,0.3522,2,6,FALSE,FALSE,FALSE
"GENE0150","GENE0150_HUMAN","P71068","Protein GENE0150",-0.3138,0.855432,0.386132,0.3126,0.4133,4,4,FALSE,FALSE,FALSE
"GENE0700","GENE0700_HUMAN","P10298","Protein GENE0700",-0.0059,1,0.821585,0,0.0853,3,4,FALSE,FALSE,FALSE
"GENE0875","GENE0875_HUMAN","P44330","Protein GENE0875",0.247,1,0.39628,0.0538,0.402,5,6,TRUE,TRUE,FALSE
"GENE1225","GENE1225_HUMAN","P82064","Protein GENE1225",0.8594,1,0.826816,0,0.0826,6,4,FALSE,FALSE,FALSE
"GENE0881","GENE0881_HUMAN","P50194","Protein GENE0881",-0.149,0.62467,0.316975,0,0.499,6,3,FALSE,FALSE,FALSE
"GENE2502","GENE2502_HUMAN","P38706","Protein GENE2502",-0.9872,0.03478,0.013288,1.5176,1.8765,3,6,FALSE,FALSE,TRUE
"GENE0820","GENE0820_HUMAN","P29166","Protein GENE0820",-0.2346,1,0.769061,0,0.114,5,2,TRUE,FALSE,FALSE
"GENE1782","GENE1782_HUMAN","P52727","Protein GENE1782",-0.1104,1,0.586565,0,0.2317,3,6,FALSE,FALSE,FALSE
"GENE0874","GENE0874_HUMAN","P89104","Protein GENE0874",0.0461,1,0.717502,0,0.1442,6,6,TRUE,FALSE,FALSE
"GENE2646","GENE2646_HUMAN","P97019","Protein GENE2646",-0.0748,0.543037,0.122867,0.3357,0.9106,4,5,TRUE,FALSE,FALSE
"GENE2182","GENE2182_HUMAN","P16579","Protein GENE2182",-0.4251,0.816844,0.423285,0,0.3734,4,5,FALSE,FALSE,FALSE
"GENE0239","GENE0239_HUMAN","P73284","Protein GENE0239",0.6438,1,0.575054,0.0781,0.2403,3,4,FALSE,FALSE,FALSE
"GENE1784","GENE1784_HUMAN","P31921","Protein GENE1784",-0.0511,0.934149,0.413715,0,0.3833,2,2,FALSE,FALSE,FALSE
"GENE1511","GENE1511_HUMAN","P94842","Protein GENE1511",-0.7837,0.463767,0.258842,0.1237,0.587,5,4,TRUE,TRUE,FALSE
"GENE2049","GENE2049_HUMAN","P01689","Protein GENE2049",-0.8417,1,0.990379,0,0.0042,2,6,FALSE,FALSE,FALSE
"GENE1649","GENE1649_HUMAN","P81003","Protein GENE1649",-0.3574,1,0.717672,0,0.1441,3,2,TRUE,FALSE,FALSE
"GENE1718","GENE1718_HUMAN","P68024","Protein GENE1718",0.3542,0.373049,0.202921,0.4582,0.6927,4,6,FALSE,FALSE,FALSE
"GENE2873","GENE2873_HUMAN","P00132","Protein GENE2873",-0.0451,1,0.559308,0,0.2523,2,2,FALSE,FALSE,FALSE
"GENE1254","GENE1254_HUMAN","P47275","Protein GENE1254",-0.2547,0.349463,0.162295,0.3991,0.7897,6,5,FALSE,FALSE,FALSE
"GENE2506","GENE2506_HUMAN","P50829","Protein GENE2506",3.9286,0.093915,0.033414,1.191,1.4761,3,4,FALSE,FALSE,TRUE
"GENE0924","GENE0924_HUMAN","P99131","Protein GENE0924",0.4182,1,0.796597,0,0.0988,2,5,TRUE,FALSE,FALSE
"GENE1780","GENE1780_HUMAN","P62392","Protein GENE1780",-0.511,1,0.395803,0.044,0.4025,6,5,FALSE,FALSE,FALSE
"GENE0093","GENE0093_HUMAN","P29000","Protein GENE0093",-0.6329,0.532618,0.529499,0,0.2761,5,6,FALSE,FALSE,FALSE
"GENE0726","GENE0726_HUMAN","P33941","Protein GENE0726",-0.5752,1,0.370538,0.1595,0.4312,6,6,FALSE,FALSE,FALSE
"GENE1878","GENE1878_HUMAN","P99539","Protein GENE1878",-0.5804,1,0.903879,0,0.0439,2,5,FALSE,FALSE,FALSE
"GENE2001","GENE2001_HUMAN","P21665","Protein GENE2001",-0.2062,0.364715,0.12647,0.2713,0.898,6,3,FALSE,FALSE,FALSE
"GENE0326","GENE0326_HUMAN","P05496","Protein GENE0326",0.2841,1,0.687278,0,0.1629,2,3,FALSE,FALSE,FALSE
"GENE0271","GENE0271_HUMAN","P22833","Protein GENE0271",-1.0956,1,0.692181,0,0.1598,6,5,FALSE,FALSE,FALSE
"GENE0970","GENE0970_HUMAN","P84945","Protein GENE0970",0.2436,1,0.930628,0,0.0312,6,3,FALSE,FALSE,FALSE
"GENE1803","GENE1803_HUMAN","P77191","Protein GENE1803",0.0681,0.482713,0.389442,0.211,0.4096,3,4,FALSE,FALSE,FALSE
"GENE2337","GENE2337_HUMAN","P83040","Protein GENE2337",0.0639,1,0.514194,0.2654,0.2889,5,5,TRUE,FALSE,FALSE
"GENE1069","GENE1069_HUMAN","P66623","Protein GENE1069",-0.2731,1,0.272844,0.0516,0.5641,2,5,FALSE,FALSE,FALSE
"GENE0054","GENE0054_HUMAN","P15067","Protein GENE0054",-2.7302,0.130499,0.028164,1.2223,1.5503,4,3,FALSE,TRUE,TRUE
"GENE1796","GENE1796_HUMAN","P95949","Protein GENE1796",0.2857,1,0.924111,0,0.0343,3,3,FALSE,FALSE,FALSE
"GENE1675","GENE1675_HUMAN","P25189","Protein GENE1675",-4.3346,0.118779,0.045952,1.1523,1.3377,4,3,FALSE,FALSE,TRUE
"GENE0109","GENE0109_HUMAN","P89354","Protein GENE0109",-0.3604,0.721892,0.193913,0.3136,0.7124,5,3,FALSE,FALSE,FALSE
"GENE0478","GENE0478_HUMAN","P88033","Protein GENE0478",0.2596,1,0.990956,0,0.0039,2,6,FALSE,FALSE,FALSE
"GENE0256","GENE0256_HUMAN","P23605","Protein GENE0256",-0.6025,0.735818,0.379007,0.3362,0.4214,4,3,FALSE,FALSE,FALSE
"GENE2196","GENE2196_HUMAN","P88096","Protein GENE2196",-0.0099,1,0.998138,0,8e-04,5,6,FALSE,FALSE,FALSE
"GENE2880","GENE2880_HUMAN","P84954","Protein GENE2880",-0.0332,0.922088,0.206222,0.5225,0.6857,6,4,FALSE,FALSE,FALSE
"GENE0187","GENE0187_HUMAN","P42250","Protein GENE0187",3.7746,0.13789,0.030864,1.0573,1.5105,3,6,FALSE,FALSE,TRUE
"GENE0515","GENE0515_HUMAN","P19531","Protein GENE0515",-0.1128,1,0.877067,0,0.057,5,6,FALSE,FALSE,FALSE
"GENE2693","GENE2693_HUMAN","P36371","Protein GENE2693",-0.4409,0.548096,0.22942,0.1153,0.6394,4,4,FALSE,FALSE,FALSE
"GENE2747","GENE2747_HUMAN","P17889","Protein GENE2747",-0.4487,0.286592,0.153988,0.1694,0.8125,6,3,FALSE,FALSE,FALSE
"GENE1604","GENE1604_HUMAN","P20767","Protein GENE1604",0.0447,0.407643,0.116644,0.5238,0.9331,3,4,FALSE,FALSE,FALSE
"GENE1461","GENE1461_HUMAN","P03263","Protein GENE1461",-0.0919,1,0.487542,0.1227,0.312,2,4,FALSE,FALSE,FALSE
"GENE2284","GENE2284_HUMAN","P47123","Protein GENE2284",0.1954,1,0.841337,0,0.075,5,4,FALSE,FALSE,FALSE
"GENE0223","GENE0223_HUMAN","P25595","Protein GENE0223",-0.3772,0.782641,0.227037,0.0351,0.6439,4,3,TRUE,FALSE,FALSE
"GENE1198","GENE1198_HUMAN","P58147","Protein GENE1198",0.276,1,0.739521,0,0.131,4,5,FALSE,FALSE,FALSE
"GENE0593","GENE0593_HUMAN","P76262","Protein GENE0593",-0.3356,1,0.496683,0.0608,0.3039,6,4,FALSE,FALSE,FALSE
"GENE0819","GENE0819_HUMAN","P98124","Protein GENE0819",1.0019,0.206554,0.042709,1.2656,1.3695,6,3,FALSE,FALSE,TRUE
"GENE1397","GENE1397_HUMAN","P63639","Protein GENE1397",-0.2389,1,0.895591,0,0.0479,2,3,FALSE,TRUE,FALSE
"GENE0220","GENE0220_HUMAN","P14191","Protein GENE0220",-0.2383,1,0.745919,0,0.1273,6,3,FALSE,FALSE,FALSE
"GENE1715","GENE1715_HUMAN","P06658","Protein GENE1715",0.1573,1,0.490942,0,0.309,2,4,TRUE,FALSE,FALSE
"GENE0437","GENE0437_HUMAN","P18585","Protein GENE0437",0.1014,1,0.8102,0,0.0914,2,3,FALSE,FALSE,FALSE
"GENE0806","GENE0806_HUMAN","P59222","Protein GENE0806",-0.5047,1,0.512928,0,0.2899,4,3,FALSE,FALSE,FALSE
"GENE0673","GENE0673_HUMAN","P91171","Protein GENE0673",0.5484,0.662572,0.285993,0.122,0.5436,2,2,FALSE,FALSE,FALSE
"GENE1148","GENE1148_HUMAN","P27775","Protein GENE1148",-0.1438,1,0.925549,0,0.0336,2,5,FALSE,FALSE,FALSE
"GENE0240","GENE0240_HUMAN","P35611","Protein GENE0240",-0.3745,0.84277,0.463506,0.1109,0.3339,5,6,FALSE,FALSE,FALSE
"GENE2224","GENE2224_HUMAN","P45982","Protein GENE2224",-0.5206,1,0.610179,0,0.2145,4,6,FALSE,FALSE,FALSE
"GENE1575","GENE1575_HUMAN","P19432","Protein GENE1575",0.2078,1,0.902592,0,0.0445,5,5,FALSE,FALSE,FALSE
"GENE0596","GENE0596_HUMAN","P77221","Protein GENE0596",0.1361,0.202595,0.145742,0.4056,0.8364,2,5,TRUE,FALSE,FALSE
"GENE2761","GENE2761_HUMAN","P35787","Protein GENE2761",-0.5552,1,0.802719,0,0.0954,4,3,FALSE,FALSE,FALSE
"GENE0127","GENE0127_HUMAN","P13862","Protein GENE0127",0.0117,1,0.730545,0,0.1364,2,5,FALSE,FALSE,FALSE
"GENE0168","GENE0168_HUMAN","P95415","Protein GENE0168",-0.57,0.743047,0.161549,0.1143,0.7917,2,4,FALSE,FALSE,FALSE
"GENE0042","GENE0042_HUMAN","P06328","Protein GENE0042",2.2027,0.021964,0.007421,2.0937,2.1295,6,2,FALSE,FALSE,TRUE
"GENE0684","GENE0684_HUMAN","P19288","Protein GENE0684",-7e-04,1,0.36392,0.3025,0.439,3,5,FALSE,FALSE,FALSE
"GENE1890","GENE1890_HUMAN","P95379","Protein GENE1890",-0.4471,1,0.947685,0,0.0233,6,4,FALSE,FALSE,FALSE
"GENE0680","GENE0680_HUMAN","P41275","Protein GENE0680",2.886,0.085367,0.022671,1.5014,1.6445,2,6,FALSE,FALSE,TRUE
"GENE0697","GENE0697_HUMAN","P91871","Protein GENE0697",-0.2027,0.237786,0.229719,0,0.6388,4,4,FALSE,FALSE,FALSE
"GENE0982","GENE0982_HUMAN","P49794","Protein GENE0982",-0.8689,1,0.95963,0,0.0179,3,2,FALSE,TRUE,FALSE
"DDX46","DDX46_HUMAN","P19595","Protein DDX46",-0.1833,1,0.595901,0,0.2248,5,5,FALSE,FALSE,FALSE
"GENE1018","GENE1018_HUMAN","P26659","Protein GENE1018",0.9897,0.735784,0.58659,0,0.2317,6,5,FALSE,FALSE,FALSE
"GENE0481","GENE0481_HUMAN","P41532","Protein GENE0481",0.4491,1,0.923131,0,0.0347,5,3,FALSE,FALSE,FALSE
"GENE0530","GENE0530_HUMAN","P99452","Protein GENE0530",0.4025,1,0.986228,0,0.006,2,2,FALSE,FALSE,FALSE
"GENE1777","GENE1777_HUMAN","P76214","Protein GENE1777",0.1468,1,0.604732,0,0.2184,4,2,FALSE,FALSE,FALSE
"GENE0009","GENE0009_HUMAN","P11608","Protein GENE0009",0.2883,1,0.867531,0,0.0617,5,5,FALSE,FALSE,FALSE
"GENE2206","GENE2206_HUMAN","P98831","Protein GENE2206",0.224,1,0.582233,0,0.2349,4,3,FALSE,FALSE,FALSE
"GENE0408","GENE0408_HUMAN","P34574","Protein GENE0408",0.1303,1,0.950287,0,0.0221,3,2,FALSE,FALSE,FALSE
"GENE0357","GENE0357_HUMAN","P81194","Protein GENE0357",-0.2213,1,0.350154,0,0.4557,6,3,FALSE,FALSE,FALSE
"GENE2273","GENE2273_HUMAN","P76684","Protein GENE2273",-0.2254,0.469831,0.120867,0.369,0.9177,6,5,FALSE,FALSE,FALSE
"GENE2681","GENE2681_HUMAN","P06458","Protein GENE2681",-0.2379,0.751237,0.196543,0.6693,0.7065,4,4,FALSE,FALSE,FALSE
"GENE2677","GENE2677_HUMAN","P94274","Protein GENE2677",0.1109,1,0.762725,0,0.1176,2,2,FALSE,FALSE,FALSE
"GENE2388","GENE2388_HUMAN","P73227","Protein GENE2388",0.3142,0.637663,0.56133,0,0.2508,6,6,TRUE,FALSE,FALSE
"GENE1185","GENE1185_HUMAN","P86869","Protein GENE1185",0.4911,0.42087,0.350742,0,0.455,4,4,FALSE,FALSE,FALSE
"GENE1788","GENE1788_HUMAN","P84094","Protein GENE1788",0.2536,1,0.4857,0,0.3136,3,4,FALSE,FALSE,FALSE
"GENE0047","GENE0047_HUMAN","P80664","Protein GENE0047",1.4217,0.007915,0.004133,2.3321,2.3837,2,4,FALSE,FALSE,TRUE
"GENE2660","GENE2660_HUMAN","P25943","Protein GENE2660",0.2372,1,0.41852,0,0.3783,6,4,FALSE,FALSE,FALSE
"GENE2060","GENE2060_HUMAN","P35972","Protein GENE2060",-0.0864,1,0.871878,0,0.0595,5,2,FALSE,FALSE,FALSE
"GENE2159","GENE2159_HUMAN","P17030","Protein GENE2159",0.2113,1,0.342534,0,0.4653,3,4,FALSE,FALSE,FALSE
"GENE0428","GENE0428_HUMAN","P44624","Protein GENE0428",-0.3549,1,0.57055,0,0.2437,3,5,FALSE,TRUE,FALSE
"GENE1916","GENE1916_HUMAN","P61741","Protein GENE1916",-0.426,1,0.916995,0,0.0376,6,6,FALSE,FALSE,FALSE
"GENE0501","GENE0501_HUMAN","P56588","Protein GENE0501",-0.6032,0.809701,0.245703,0,0.6096,2,5,FALSE,FALSE,FALSE
"GENE1543","GENE1543_HUMAN","P63216","Protein GENE1543",-0.2823,0.824351,0.330282,0.3641,0.4811,2,6,FALSE,FALSE,FALSE
"NEK1","NEK1_HUMAN","P19017","Protein NEK1",2.4444,0.144425,0.038206,0.8451,1.4179,2,2,FALSE,FALSE,TRUE
"GENE1614","GENE1614_HUMAN","P41291","Protein GENE1614",3.6476,0.100013,0.042879,1.2994,1.3678,6,3,FALSE,FALSE,TRUE
"GENE1907","GENE1907_HUMAN","P67180","Protein GENE1907",-0.5347,1,0.88775,0,0.0517,3,6,FALSE,FALSE,FALSE
"GENE1956","GENE1956_HUMAN","P62277","Protein GENE1956",-0.0975,1,0.716676,0,0.1447,2,3,FALSE,FALSE,FALSE
"GENE2781","GENE2781_HUMAN","P47657","Protein GENE2781",0.5167,1,0.417337,0,0.3795,3,6,TRUE,FALSE,FALSE
"GENE0327","GENE0327_HUMAN","P56114","Protein GENE0327",0.1293,0.517146,0.255759,0.1625,0.5922,5,4,FALSE,FALSE,FALSE
"GENE1011","GENE1011_HUMAN","P68313","Protein GENE1011",-0.3223,1,0.694297,0,0.1585,4,4,FALSE,FALSE,FALSE
"GENE1570","GENE1570_HUMAN","P39323","Protein GENE1570",0.2177,1,0.779581,0,0.1081,3,4,FALSE,TRUE,FALSE
"GENE2887","GENE2887_HUMAN","P04773","Protein GENE2887",-0.0496,1,0.98952,0,0.0046,5,5,FALSE,FALSE,FALSE
"GENE1577","GENE1577_HUMAN","P29070","Protein GENE1577",-0.4748,1,0.760702,0,0.1188,4,6,FALSE,FALSE,FALSE
"GENE0366","GENE0366_HUMAN","P97991","Protein GENE0366",0.2671,1,0.393805,0.1117,0.4047,5,3,FALSE,FALSE,FALSE
"DHX9","DHX9_HUMAN","P19620","Protein DHX9",-0.0244,1,0.948516,0,0.023,5,6,FALSE,FALSE,FALSE
"GENE1019","GENE1019_HUMAN","P52708","Protein GENE1019",2.0672,0.140529,0.035858,1.2969,1.4454,4,4,TRUE,FALSE,TRUE
"GENE1701","GENE1701_HUMAN","P63192","Protein GENE1701",-0.0894,0.40425,0.08445,0.5363,1.0734,2,4,FALSE,TRUE,FALSE
"GENE1229","GENE1229_HUMAN","P48857","Protein GENE1229",-0.0431,0.712294,0.524206,0,0.2805,4,6,TRUE,FALSE,FALSE
"GENE1495","GENE1495_HUMAN","P43547","Protein GENE1495",0.4895,0.480169,0.466127,0.2373,0.3315,6,3,FALSE,FALSE,FALSE
"GENE0430","GENE0430_HUMAN","P07986","Protein GENE0430",0.2396,1,0.662172,0,0.179,3,3,FALSE,FALSE,FALSE
"GENE2336","GENE2336_HUMAN","P08336","Protein GENE2336",0.2214,1,0.748557,0,0.1258,3,5,FALSE,FALSE,FALSE
"GENE0298","GENE0298_HUMAN","P55514","Protein GENE0298",-0.3236,1,0.921005,0,0.0357,6,4,FALSE,FALSE,FALSE
"GENE2342","GENE2342_HUMAN","P94402","Protein GENE2342",-0.1217,1,0.917258,0,0.0375,6,3,FALSE,TRUE,FALSE
"GENE1839","GENE1839_HUMAN","P04249","Protein GENE1839",-0.107,0.211986,0.069197,0.8112,1.1599,6,4,FALSE,TRUE,FALSE
"GENE2488","GENE2488_HUMAN","P61472","Protein GENE2488",0.3769,0.796651,0.484559,0,0.3147,4,4,FALSE,FALSE,FALSE
"GENE2853","GENE2853_HUMAN","P23582","Protein GENE2853",-3.0896,0.071472,0.01994,1.5888,1.7003,3,6,FALSE,FALSE,TRUE
"GENE0721","GENE0721_HUMAN","P98733","Protein GENE0721",-0.1317,1,0.730472,0,0.1364,6,3,FALSE,FALSE,FALSE
"GENE2007","GENE2007_HUMAN","P40605","Protein GENE2007",-0.1448,1,0.609716,0,0.2149,6,5,FALSE,FALSE,FALSE
"GENE0321","GENE0321_HUMAN","P11347","Protein GENE0321",0.0479,0.645046,0.623441,0,0.2052,4,5,FALSE,FALSE,FALSE
"GENE0111","GENE0111_HUMAN","P86167","Protein GENE0111",0.5036,0.998083,0.760313,0,0.119,3,5,FALSE,FALSE,FALSE
"GENE0687","GENE0687_HUMAN","P38373","Protein GENE0687",-0.4576,0.971438,0.241155,0,0.6177,2,2,FALSE,TRUE,FALSE
"NEK9","NEK9_HUMAN","P78740","Protein NEK9",6.3269,0.130975,0.027536,1.0305,1.5601,4,3,FALSE,FALSE,TRUE
"GENE2088","GENE2088_HUMAN","P05142","Protein GENE2088",0.0957,0.367217,0.142073,0.7103,0.8475,3,2,FALSE,TRUE,FALSE
"GENE0159","GENE0159_HUMAN","P76057","Protein GENE0159",0.1679,0.297861,0.291301,0.3924,0.5357,3,4,FALSE,FALSE,FALSE
"GENE0115","GENE0115_HUMAN","P59492","Protein GENE0115",-4.0835,0.073429,0.034049,1.11,1.4679,3,5,FALSE,FALSE,TRUE
"GENE0037","GENE0037_HUMAN","P99860","Protein GENE0037",0.1731,1,0.40764,0,0.3897,6,3,FALSE,FALSE,FALSE
"GENE1569","GENE1569_HUMAN","P60348","Protein GENE1569",3.1578,0.046959,0.017058,1.2256,1.7681,4,2,TRUE,FALSE,TRUE
"GENE1002","GENE1002_HUMAN","P85104","Protein GENE1002",-0.3731,0.243738,0.090445,0.4172,1.0436,2,5,FALSE,FALSE,FALSE
"GENE0462","GENE0462_HUMAN","P58085","Protein GENE0462",-0.3168,1,0.846227,0,0.0725,5,6,FALSE,FALSE,FALSE
"GENE0824","GENE0824_HUMAN","P25990","Protein GENE0824",-0.4684,1,0.710382,0,0.1485,3,6,FALSE,FALSE,FALSE
"GENE1770","GENE1770_HUMAN","P41757","Protein GENE1770",3.4136,0.101082,0.042774,0.8677,1.3688,2,5,FALSE,FALSE,TRUE
"GENE1965","GENE1965_HUMAN","P36221","Protein GENE1965",-1.0744,1,0.438825,0,0.3577,6,5,FALSE,FALSE,FALSE
"GENE2427","GENE2427_HUMAN","P91809","Protein GENE2427",-0.403,0.956565,0.420336,0.2466,0.3764,2,6,TRUE,FALSE,FALSE
"GENE1618","GENE1618_HUMAN","P17127","Protein GENE1618",-0.3835,1,0.382501,0,0.4174,6,4,FALSE,FALSE,FALSE
"GENE0553","GENE0553_HUMAN","P23296","Protein GENE0553",-0.2908,0.311208,0.293788,0.0659,0.532,2,6,FALSE,FALSE,FALSE
"GENE0088","GENE0088_HUMAN","P78654","Protein GENE0088",-0.1474,0.662599,0.201015,0.515,0.6968,4,2,FALSE,FALSE,FALSE
"GENE0838","GENE0838_HUMAN","P56555","Protein GENE0838",0.0334,1,0.820698,0,0.0858,3,6,FALSE,FALSE,FALSE
"GENE0072","GENE0072_HUMAN","P36387","Protein GENE0072",-4.2011,0.063051,0.014306,1.754,1.8445,4,3,FALSE,FALSE,TRUE
"GENE0576","GENE0576_HUMAN","P56216","Protein GENE0576",-0.0457,1,0.93743,0,0.0281,4,2,FALSE,FALSE,FALSE
"GENE2281","GENE2281_HUMAN","P36808","Protein GENE2281",0.1393,0.930235,0.710086,0,0.1487,3,6,FALSE,FALSE,FALSE
"GENE1709","GENE1709_HUMAN","P72959","Protein GENE1709",4.2952,0.01487,0.011339,1.6664,1.9454,5,3,FALSE,FALSE,TRUE
"GENE0546","GENE0546_HUMAN","P15361","Protein GENE0546",-0.4025,1,0.841523,0,0.0749,5,4,FALSE,FALSE,FALSE
"GENE0487","GENE0487_HUMAN","P15453","Protein GENE0487",-0.2212,1,0.771044,0,0.1129,5,5,FALSE,FALSE,FALSE
"GENE1428","GENE1428_HUMAN","P54810","Protein GENE1428",-0.082,1,0.444935,0,0.3517,5,2,FALSE,FALSE,FALSE
"GENE2240","GENE2240_HUMAN","P18001","Protein GENE2240",0.3984,1,0.372649,0,0.4287,6,4,FALSE,FALSE,FALSE
"GENE0805","GENE0805_HUMAN","P35941","Protein GENE0805",0.6564,1,0.477415,0,0.3211,6,3,FALSE,FALSE,FALSE
"GENE2676","GENE2676_HUMAN","P63587","Protein GENE2676",-0.5073,0.798299,0.511808,0,0.2909,6,5,FALSE,TRUE,FALSE
"GENE1755","GENE1755_HUMAN","P70362","Protein GENE1755",0.1202,1,0.802417,0,0.0956,5,6,FALSE,FALSE,FALSE
"GENE0010","GENE0010_HUMAN","P03799","Protein GENE0010",-0.0215,0.733302,0.343375,0,0.4642,6,3,FALSE,FALSE,FALSE
"GENE1458","GENE1458_HUMAN","P02084","Protein GENE1458",-0.3099,1,0.70654,0,0.1509,3,5,FALSE,FALSE,FALSE
"GENE1721","GENE1721_HUMAN","P12444","Protein GENE1721",0.1802,1,0.632547,0,0.1989,5,3,FALSE,FALSE,FALSE
"GENE1131","GENE1131_HUMAN","P92655","Protein GENE1131",0.071,0.876773,0.680117,0,0.1674,5,4,FALSE,FALSE,FALSE
"GENE0574","GENE0574_HUMAN","P41544","Protein GENE0574",-0.0058,0.804215,0.70213,0,0.1536,2,6,FALSE,TRUE,FALSE
"GENE0547","GENE0547_HUMAN","P69536","Protein GENE0547",0.292,1,0.843076,0,0.0741,2,6,FALSE,FALSE,FALSE
"GENE2022","GENE2022_HUMAN","P77591","Protein GENE2022",0.1527,0.585965,0.132019,0.5254,0.8794,4,4,FALSE,FALSE,FALSE
"GENE2588","GENE2588_HUMAN","P73909","Protein GENE2588",4.0972,0.104267,0.040411,1.0649,1.3935,4,5,FALSE,TRUE,TRUE
"GENE0249","GENE0249_HUMAN","P99208","Protein GENE0249",-0.8204,1,0.567477,0,0.2461,6,3,FALSE,FALSE,FALSE
"GENE1306","GENE1306_HUMAN","P01213","Protein GENE1306",-1.3401,0.110654,0.036677,1.265,1.4356,5,5,FALSE,TRUE,TRUE
"GENE2698","GENE2698_HUMAN","P13038","Protein GENE2698",0.5469,0.294193,0.14893,0.3521,0.827,4,4,FALSE,TRUE,FALSE
"GENE1056","GENE1056_HUMAN","P39650","Protein GENE1056",0.0544,1,0.976569,0,0.0103,2,3,FALSE,FALSE,FALSE
"GENE2754","GENE2754_HUMAN","P90214","Protein GENE2754",-0.6467,0.344377,0.098216,0.5143,1.0078,2,2,FALSE,TRUE,FALSE
"GENE2081","GENE2081_HUMAN","P73242","Protein GENE2081",0.3237,1,0.723286,0,0.1407,3,5,FALSE,FALSE,FALSE
"GENE2723","GENE2723_HUMAN","P06412","Protein GENE2723",0.6568,1,0.618193,0.1183,0.2089,5,5,TRUE,FALSE,FALSE
"GENE1204","GENE1204_HUMAN","P89365","Protein GENE1204",-0.2142,0.500721,0.371467,0,0.4301,3,4,FALSE,FALSE,FALSE
"GENE1184","GENE1184_HUMAN","P06494","Protein GENE1184",-0.0161,1,0.724448,0,0.14,3,2,FALSE,FALSE,FALSE
"GENE1004","GENE1004_HUMAN","P00593","Protein GENE1004",-0.1106,1,0.367157,0,0.4351,6,3,FALSE,FALSE,FALSE
"GENE1324","GENE1324_HUMAN","P84596","Protein GENE1324",0.1593,1,0.522145,0.0849,0.2822,6,6,FALSE,FALSE,FALSE
"GENE2841","GENE2841_HUMAN","P53684","Protein GENE2841",-0.2588,1,0.438616,0.3055,0.3579,6,3,FALSE,FALSE,FALSE
"GENE2062","GENE2062_HUMAN","P30392","Protein GENE2062",-0.5752,0.289928,0.068497,0.9824,1.1643,2,2,FALSE,FALSE,FALSE
"GENE1239","GENE1239_HUMAN","P99244","Protein GENE1239",0.7359,1,0.81071,0,0.0911,4,4,FALSE,FALSE,FALSE
"GENE2312","GENE2312_HUMAN","P96504","Protein GENE2312",-0.252,1,0.964224,0,0.0158,2,5,FALSE,FALSE,FALSE
"GENE0449","GENE0449_HUMAN","P28370","Protein GENE0449",-0.749,0.58209,0.364175,0,0.4387,3,6,FALSE,FALSE,FALSE
"GENE1885","GENE1885_HUMAN","P18205","Protein GENE1885",-0.0204,0.880381,0.292223,0.219,0.5343,5,6,FALSE,TRUE,FALSE
"GENE1316","GENE1316_HUMAN","P83239","Protein GENE1316",0.3341,1,0.66382,0,0.1779,4,6,FALSE,FALSE,FALSE
"GPATCH1","GPATCH1_HUMAN","P76186","Protein GPATCH1",-0.5892,1,0.864587,0,0.0632,2,3,TRUE,FALSE,FALSE
"GENE1741","GENE1741_HUMAN","P45858","Protein GENE1741",-0.5864,1,0.374313,0,0.4268,2,2,FALSE,FALSE,FALSE
"GENE0932","GENE0932_HUMAN","P01250","Protein GENE0932",-0.1752,0.270008,0.116305,0.7529,0.9344,3,6,FALSE,FALSE,FALSE
"GENE2181","GENE2181_HUMAN","P22742","Protein GENE2181",-0.1748,0.84363,0.327076,0.23,0.4854,6,6,FALSE,FALSE,FALSE
"GENE1060","GENE1060_HUMAN","P36531","Protein GENE1060",0.2278,1,0.669101,0,0.1745,2,6,FALSE,FALSE,FALSE
"GENE1057","GENE1057_HUMAN","P79084","Protein GENE1057",-0.2972,1,0.492224,0.2884,0.3078,6,4,FALSE,TRUE,FALSE
"GENE2664","GENE2664_HUMAN","P15567","Protein GENE2664",0.1514,0.514279,0.279519,0.0659,0.5536,5,4,FALSE,TRUE,FALSE
"GENE2039","GENE2039_HUMAN","P72523","Protein GENE2039",4.2446,0.012642,0.012523,1.5322,1.9023,5,5,FALSE,FALSE,TRUE
"GENE2612","GENE2612_HUMAN","P22730","Protein GENE2612",-0.5153,1,0.93764,0,0.028,5,2,FALSE,FALSE,FALSE
"GENE2029","GENE2029_HUMAN","P42006","Protein GENE2029",0.2834,1,0.869676,0,0.0606,3,2,FALSE,FALSE,FALSE
"GENE1037","GENE1037_HUMAN","P20732","Protein GENE1037",0.2607,1,0.98108,0,0.0083,2,4,FALSE,FALSE,FALSE
"GENE1260","GENE1260_HUMAN","P89865","Protein GENE1260",-0.2026,1,0.807202,0,0.093,5,6,FALSE,FALSE,FALSE
"GENE2543","GENE2543_HUMAN","P05326","Protein GENE2543",0.6257,1,0.946534,0,0.0239,6,6,FALSE,FALSE,FALSE
"DHX30","DHX30_HUMAN","P44184","Protein DHX30",-0.0231,0.226971,0.196094,0.2005,0.7075,6,6,FALSE,FALSE,FALSE
"GENE1693","GENE1693_HUMAN","P30092","Protein GENE1693",-0.2078,1,0.858729,0,0.0661,4,4,FALSE,FALSE,FALSE
"GENE0949","GENE0949_HUMAN","P74748","Protein GENE0949",-3.5294,0.164591,0.035149,0.7884,1.4541,6,5,FALSE,FALSE,TRUE
"GENE2111","GENE2111_HUMAN","P43847","Protein GENE2111",0.4298,1,0.269508,0.0732,0.5694,6,2,FALSE,FALSE,FALSE
"GENE1429","GENE1429_HUMAN","P48682","Protein GENE1429",-0.1843,1,0.750528,0.1012,0.1246,5,5,FALSE,FALSE,FALSE
"GENE2464","GENE2464_HUMAN","P70256","Protein GENE2464",-0.3744,1,0.970676,0,0.0129,2,5,FALSE,FALSE,FALSE
"GENE0442","GENE0442_HUMAN","P07473","Protein GENE0442",0.5603,0.748306,0.689317,0,0.1616,5,6,FALSE,FALSE,FALSE
"GENE1117","GENE1117_HUMAN","P45608","Protein GENE1117",0.0778,0.823787,0.187316,0.6129,0.7274,3,4,FALSE,FALSE,FALSE
"GENE0211","GENE0211_HUMAN","P76055","Protein GENE0211",0.4229,0.519195,0.501219,0.081,0.3,2,6,FALSE,FALSE,FALSE
"GENE0734","GENE0734_HUMAN","P66699","Protein GENE0734",0.2754,1,0.916775,0,0.0377,5,3,FALSE,FALSE,FALSE
"GENE1179","GENE1179_HUMAN","P87453","Protein GENE1179",-0.0491,1,0.827222,0,0.0824,2,4,FALSE,FALSE,FALSE
"GENE0876","GENE0876_HUMAN","P73684","Protein GENE0876",-0.2956,1,0.845572,0,0.0728,4,3,FALSE,FALSE,FALSE
"GENE1335","GENE1335_HUMAN","P27730","Protein GENE1335",0.5472,1,0.451606,0.0175,0.3452,2,4,FALSE,FALSE,FALSE
"GENE0177","GENE0177_HUMAN","P32344","Protein GENE0177",0.0572,1,0.678577,0,0.1684,2,3,TRUE,TRUE,FALSE
"GENE0416","GENE0416_HUMAN","P76224","Protein GENE0416",-0.0885,0.843751,0.432997,0,0.3635,4,5,FALSE,FALSE,FALSE
"GENE1902","GENE1902_HUMAN","P23712","Protein GENE1902",-0.1707,0.916767,0.262854,0,0.5803,5,4,FALSE,FALSE,FALSE
"GENE1017","GENE1017_HUMAN","P58816","Protein GENE1017",0.5529,0.415682,0.200063,0.691,0.6988,4,3,FALSE,FALSE,FALSE
"GENE0640","GENE0640_HUMAN","P92504","Protein GENE0640",-0.4764,1,0.899386,0,0.0461,2,2,FALSE,FALSE,FALSE
"GENE0021","GENE0021_HUMAN","P77459","Protein GENE0021",-0.3314,1,0.696866,0.1247,0.1569,2,6,FALSE,FALSE,FALSE
"GENE1598","GENE1598_HUMAN","P31345","Protein GENE1598",0.3441,1,0.457795,0.1154,0.3393,5,4,FALSE,FALSE,FALSE
"GENE2534","GENE2534_HUMAN","P81345","Protein GENE2534",0.1577,1,0.583285,0,0.2341,2,5,TRUE,FALSE,FALSE
"GENE0555","GENE0555_HUMAN","P12631","Protein GENE0555",0.4189,0.372345,0.156876,0.473,0.8044,2,2,TRUE,FALSE,FALSE
"GENE2286","GENE2286_HUMAN","P87031","Protein GENE2286",-0.776,0.446751,0.240266,0,0.6193,4,4,FALSE,FALSE,FALSE
"GENE1206","GENE1206_HUMAN","P63157","Protein GENE1206",-0.1445,1,0.615715,0,0.2106,2,4,FALSE,FALSE,FALSE
"GENE2237","GENE2237_HUMAN","P65023","Protein GENE2237",-0.1876,0.447647,0.134582,0.4152,0.871,3,5,FALSE,FALSE,FALSE
"GENE1711","GENE1711_HUMAN","P46485","Protein GENE1711",0.2827,1,0.82546,0,0.0833,3,2,TRUE,TRUE,FALSE
"GENE0624","GENE0624_HUMAN","P74810","Protein GENE0624",-0.8739,1,0.454183,0.3344,0.3428,3,3,TRUE,FALSE,FALSE
"GENE1096","GENE1096_HUMAN","P15081","Protein GENE1096",-0.3171,1,0.381298,0,0.4187,4,6,FALSE,FALSE,FALSE
"GENE0390","GENE0390_HUMAN","P96402","Protein GENE0390",-0.5727,0.715715,0.211658,0.2686,0.6744,5,3,FALSE,FALSE,FALSE
"GENE2063","GENE2063_HUMAN","P38943","Protein GENE2063",-1.6516,0.062407,0.019586,1.6919,1.7081,5,3,FALSE,FALSE,TRUE
"GENE1737","GENE1737_HUMAN","P03575","Protein GENE1737",0.1617,1,0.574403,0,0.2408,4,5,FALSE,FALSE,FALSE
"GENE1969","GENE1969_HUMAN","P78281","Protein GENE1969",-0.212,1,0.863784,0,0.0636,6,6,FALSE,TRUE,FALSE
"GENE0165","GENE0165_HUMAN","P36621","Protein GENE0165",0.0178,1,0.81546,0,0.0886,4,2,FALSE,TRUE,FALSE
"GENE1988","GENE1988_HUMAN","P27725","Protein GENE1988",0.1804,1,0.568574,0,0.2452,4,6,FALSE,FALSE,FALSE
"GENE2115","GENE2115_HUMAN","P09694","Protein GENE2115",0.0508,1,0.55453,0,0.2561,4,2,FALSE,FALSE,FALSE
"GENE1963","GENE1963_HUMAN","P45314","Protein GENE1963",0.239,1,0.986557,0,0.0059,4,5,FALSE,TRUE,FALSE
"GENE1352","GENE1352_HUMAN","P75680","Protein GENE1352",0.3347,1,0.806977,0,0.0931,2,2,FALSE,FALSE,FALSE
"GENE0695","GENE0695_HUMAN","P07415","Protein GENE0695",0.2263,0.252558,0.108438,0.2757,0.9648,3,3,FALSE,FALSE,FALSE
"GENE0172","GENE0172_HUMAN","P04581","Protein GENE0172",-0.4287,0.519659,0.231101,0.2029,0.6362,5,3,FALSE,FALSE,FALSE
"GENE1505","GENE1505_HUMAN","P40519","Protein GENE1505",2.6415,0.0191,0.008228,1.5318,2.0847,4,2,FALSE,FALSE,TRUE
"GENE1689","GENE1689_HUMAN","P83702","Protein GENE1689",2.6059,0.001598,0.000486,2.6203,3.3131,6,2,FALSE,FALSE,TRUE
"GENE0178","GENE0178_HUMAN","P61116","Protein GENE0178",-0.0196,1,0.276874,0.5277,0.5577,3,4,FALSE,FALSE,FALSE
"GENE2057","GENE2057_HUMAN","P18667","Protein GENE2057",0.3928,0.998194,0.267993,0.0231,0.5719,4,6,FALSE,FALSE,FALSE
"GENE2523","GENE2523_HUMAN","P93742","Protein GENE2523",-0.1283,1,0.809479,0,0.0918,4,5,FALSE,FALSE,FALSE
"GENE0927","GENE0927_HUMAN","P39943","Protein GENE0927",0.4056,1,0.637043,0,0.1958,6,4,FALSE,TRUE,FALSE
"GENE0409","GENE0409_HUMAN","P62905","Protein GENE0409",0.0166,1,0.982903,0,0.0075,6,6,FALSE,FALSE,FALSE
"GENE1798","GENE1798_HUMAN","P53945","Protein GENE1798",0.0571,1,0.802463,0,0.0956,2,3,FALSE,FALSE,FALSE
"GENE2846","GENE2846_HUMAN","P79571","Protein GENE2846",3.9796,0.003752,0.002532,2.4476,2.5965,2,5,TRUE,FALSE,TRUE
"GENE0609","GENE0609_HUMAN","P30284","Protein GENE0609",-2.3804,0.038682,0.019123,1.1029,1.7185,3,3,FALSE,TRUE,TRUE
"GENE2851","GENE2851_HUMAN","P18812","Protein GENE2851",-0.2629,0.430826,0.207809,0.0733,0.6823,3,2,FALSE,FALSE,FALSE
"GENE0237","GENE0237_HUMAN","P30230","Protein GENE0237",-0.2323,0.561072,0.340381,0.4168,0.468,3,6,FALSE,FALSE,FALSE
"GENE0910","GENE0910_HUMAN","P19561","Protein GENE0910",-0.0515,0.22104,0.06624,0.767,1.1789,3,4,FALSE,FALSE,FALSE
"GENE2575","GENE2575_HUMAN","P44948","Protein GENE2575",0.1937,1,0.874325,0,0.0583,4,5,FALSE,FALSE,FALSE
"GENE2385","GENE2385_HUMAN","P77343","Protein GENE2385",0.3639,0.962754,0.291643,0.1007,0.5351,5,5,FALSE,FALSE,FALSE
"GENE1405","GENE1405_HUMAN","P46767","Protein GENE1405",0.1966,0.416338,0.410865,0.12,0.3863,6,4,FALSE,FALSE,FALSE
"GENE1641","GENE1641_HUMAN","P15757","Protein GENE1641",0.5118,1,0.871059,0,0.06,4,4,FALSE,FALSE,FALSE
"GENE1214","GENE1214_HUMAN","P92529","Protein GENE1214",0.2348,0.695994,0.636792,0,0.196,4,3,FALSE,FALSE,FALSE
"GENE0827","GENE0827_HUMAN","P00105","Protein GENE0827",0.8067,0.519661,0.259901,0.2018,0.5852,4,3,FALSE,FALSE,FALSE
"GENE0423","GENE0423_HUMAN","P93463","Protein GENE0423",-0.5825,1,0.866296,0,0.0623,6,2,FALSE,FALSE,FALSE
"GENE1076","GENE1076_HUMAN","P36695","Protein GENE1076",-0.1801,1,0.540055,0,0.2676,5,3,FALSE,FALSE,FALSE
"GENE2230","GENE2230_HUMAN","P15226","Protein GENE2230",-2.3718,0.034798,0.032087,0.7952,1.4937,4,6,FALSE,FALSE,TRUE
"GENE2262","GENE2262_HUMAN","P15336","Protein GENE2262",-0.1616,1,0.713261,0,0.1468,3,2,FALSE,FALSE,FALSE
"GENE0356","GENE0356_HUMAN","P62217","Protein GENE0356",-0.482,1,0.467522,0,0.3302,5,2,FALSE,FALSE,FALSE
"GENE1510","GENE1510_HUMAN","P08659","Protein GENE1510",-0.0769,1,0.924952,0,0.0339,2,4,FALSE,FALSE,FALSE
"GENE0585","GENE0585_HUMAN","P98614","Protein GENE0585",-0.9728,0.904874,0.209611,0.4453,0.6786,4,5,FALSE,FALSE,FALSE
"GENE2293","GENE2293_HUMAN","P09292","Protein GENE2293",0.3045,0.652773,0.144791,0.6204,0.8393,3,3,FALSE,TRUE,FALSE
"GENE2849","GENE2849_HUMAN","P21974","Protein GENE2849",-0.2321,0.256654,0.091418,0.4356,1.039,2,6,FALSE,FALSE,FALSE
"GENE2712","GENE2712_HUMAN","P70627","Protein GENE2712",-0.0624,1,0.963776,0,0.016,2,2,FALSE,TRUE,FALSE
"GENE0017","GENE0017_HUMAN","P67811","Protein GENE0017",-0.055,1,0.400934,0,0.3969,4,4,FALSE,FALSE,FALSE
"GENE0899","GENE0899_HUMAN","P51861","Protein GENE0899",-0.5969,1,0.998023,0,9e-04,2,4,FALSE,FALSE,FALSE
"GENE2620","GENE2620_HUMAN","P61247","Protein GENE2620",0.145,1,0.675427,0,0.1704,3,5,FALSE,FALSE,FALSE
"GENE1180","GENE1180_HUMAN","P69211","Protein GENE1180",0.1872,0.241954,0.140754,0.3534,0.8515,2,3,FALSE,FALSE,FALSE
"GENE0860","GENE0860_HUMAN","P35699","Protein GENE0860",0.344,0.484312,0.421217,0,0.3755,2,5,FALSE,TRUE,FALSE
"GENE2402","GENE2402_HUMAN","P50263","Protein GENE2402",-0.4095,1,0.29371,0,0.5321,4,4,FALSE,FALSE,FALSE
"GENE2350","GENE2350_HUMAN","P43516","Protein GENE2350",-0.5512,0.313587,0.100425,0.3689,0.9982,4,4,FALSE,FALSE,FALSE
"GENE2679","GENE2679_HUMAN","P28071","Protein GENE2679",-0.3665,1,0.779188,0.05,0.1084,4,4,FALSE,FALSE,FALSE
"GENE2684","GENE2684_HUMAN","P53286","Protein GENE2684",-0.1237,0.794377,0.789611,0.0735,0.1026,2,3,FALSE,FALSE,FALSE
"GENE1946","GENE1946_HUMAN","P89499","Protein GENE1946",-0.4726,0.291175,0.139409,0.4845,0.8557,5,6,FALSE,FALSE,FALSE
"GENE1493","GENE1493_HUMAN","P33631","Protein GENE1493",-0.2175,0.494158,0.122147,0.7164,0.9131,5,3,TRUE,FALSE,FALSE
"GENE0821","GENE0821_HUMAN","P86963","Protein GENE0821",-0.1541,1,0.386832,0.3396,0.4125,6,3,FALSE,FALSE,FALSE
"GENE1063","GENE1063_HUMAN","P05436","Protein GENE1063",-0.9788,1,0.722521,0,0.1411,5,4,FALSE,FALSE,FALSE
"GENE0254","GENE0254_HUMAN","P36283","Protein GENE0254",0.1794,0.293859,0.168547,0.6165,0.7733,3,2,FALSE,FALSE,FALSE
"GENE0092","GENE0092_HUMAN","P35629","Protein GENE0092",-0.037,1,0.886062,0,0.0525,4,6,FALSE,FALSE,FALSE
"GENE2330","GENE2330_HUMAN","P95811","Protein GENE2330",-0.765,0.407062,0.167984,0.3416,0.7747,4,6,FALSE,FALSE,FALSE
"GENE0296","GENE0296_HUMAN","P59551","Protein GENE0296",-0.1645,0.552502,0.194656,0.6165,0.7107,5,5,FALSE,FALSE,FALSE
"GENE2044","GENE2044_HUMAN","P29520","Protein GENE2044",-0.1059,0.58832,0.468293,0.0737,0.3295,2,2,FALSE,FALSE,FALSE
"GENE2533","GENE2533_HUMAN","P51591","Protein GENE2533",-0.2953,1,0.85014,0,0.0705,2,4,TRUE,FALSE,FALSE
"GENE1132","GENE1132_HUMAN","P18612","Protein GENE1132",-0.2844,0.55612,0.219517,0.005,0.6585,4,2,FALSE,FALSE,FALSE
"GENE0905","GENE0905_HUMAN","P83219","Protein GENE0905",-0.2549,1,0.508846,0.2622,0.2934,3,2,FALSE,FALSE,FALSE
"GENE0483","GENE0483_HUMAN","P34459","Protein GENE0483",-1.0934,1,0.530912,0,0.275,4,2,FALSE,FALSE,FALSE
"GENE1426","GENE1426_HUMAN","P23958","Protein GENE1426",0.7496,0.560658,0.559322,0,0.2523,2,2,FALSE,FALSE,FALSE
"GENE1169","GENE1169_HUMAN","P10774","Protein GENE1169",-0.3461,1,0.885598,0,0.0528,3,3,TRUE,FALSE,FALSE
"GENE2535","GENE2535_HUMAN","P38811","Protein GENE2535",0.9333,1,0.772977,0,0.1118,6,6,FALSE,FALSE,FALSE
"GENE1390","GENE1390_HUMAN","P81711","Protein GENE1390",0.1079,1,0.545181,0,0.2635,2,3,FALSE,FALSE,FALSE
"GENE0959","GENE0959_HUMAN","P14370","Protein GENE0959",0.8447,1,0.915288,0,0.0384,5,2,FALSE,FALSE,FALSE
"GENE1462","GENE1462_HUMAN","P19023","Protein GENE1462",0.4413,1,0.641778,0,0.1926,4,4,FALSE,FALSE,FALSE
"GENE0864","GENE0864_HUMAN","P36803","Protein GENE0864",1.1906,0.027125,0.006658,1.5771,2.1766,6,3,FALSE,FALSE,TRUE
"GENE1680","GENE1680_HUMAN","P35992","Protein GENE1680",2.7651,0.09226,0.041019,1.1102,1.387,2,6,FALSE,FALSE,TRUE
"GENE2238","GENE2238_HUMAN","P35654","Protein GENE2238",0.0604,1,0.917127,0,0.0376,4,6,FALSE,FALSE,FALSE
"GENE2046","GENE2046_HUMAN","P54259","Protein GENE2046",0.1987,0.576764,0.123564,0.2604,0.9081,5,6,FALSE,FALSE,FALSE
"GENE1362","GENE1362_HUMAN","P34061","Protein GENE1362",-0.2449,1,0.853131,0,0.069,6,6,FALSE,FALSE,FALSE
"GENE2171","GENE2171_HUMAN","P78828","Protein GENE2171",0.314,1,0.570634,0,0.2436,5,5,FALSE,FALSE,FALSE
"GENE1409","GENE1409_HUMAN","P22153","Protein GENE1409",0.1693,0.224275,0.109551,0.8402,0.9604,3,2,FALSE,FALSE,FALSE
"GENE0176","GENE0176_HUMAN","P28250","Protein GENE0176",0.0913,1,0.625703,0,0.2036,3,2,FALSE,FALSE,FALSE
"GENE1927","GENE1927_HUMAN","P27355","Protein GENE1927",-0.8563,0.871815,0.210528,0.0332,0.6767,2,3,FALSE,FALSE,FALSE
"GENE2277","GENE2277_HUMAN","P08691","Protein GENE2277",0.0471,1,0.465598,0,0.332,4,4,FALSE,FALSE,FALSE
"GENE1085","GENE1085_HUMAN","P16167","Protein GENE1085",-0.0189,0.798427,0.330787,0.1346,0.4805,3,2,FALSE,FALSE,FALSE
"GENE0764","GENE0764_HUMAN","P03167","Protein GENE0764",0.5089,0.954363,0.385834,0.2249,0.4136,5,4,FALSE,FALSE,FALSE
"GENE0886","GENE0886_HUMAN","P05524","Protein GENE0886",-0.061,1,0.521076,0,0.2831,4,6,FALSE,FALSE,FALSE
"GENE2191","GENE2191_HUMAN","P91071","Protein GENE2191",0.4298,0.307645,0.073932,0.7043,1.1312,3,3,FALSE,FALSE,FALSE
"GENE0895","GENE0895_HUMAN","P30035","Protein GENE0895",-0.2158,0.383289,0.309374,0,0.5095,5,2,FALSE,TRUE,FALSE
"GENE0123","GENE0123_HUMAN","P48023","Protein GENE0123",-0.4488,1,0.618148,0,0.2089,5,3,FALSE,FALSE,FALSE
"GENE2387","GENE2387_HUMAN","P02535","Protein GENE2387",-0.1279,1,0.715881,0,0.1452,2,4,FALSE,FALSE,FALSE
"GENE2552","GENE2552_HUMAN","P73742","Protein GENE2552",0.2729,1,0.598109,0,0.2232,6,4,FALSE,FALSE,FALSE
"GENE0592","GENE0592_HUMAN","P38995","Protein GENE0592",-0.5303,0.497272,0.164941,0.5773,0.7827,5,2,TRUE,FALSE,FALSE
"GENE0146","GENE0146_HUMAN","P15700","Protein GENE0146",0.3522,1,0.881035,0,0.055,3,4,FALSE,FALSE,FALSE
"GENE0033","GENE0033_HUMAN","P52872","Protein GENE0033",3.1361,0.047047,0.029923,0.8286,1.524,4,6,FALSE,FALSE,TRUE
"GENE0536","GENE0536_HUMAN","P14972","Protein GENE0536",0.9394,0.294885,0.195128,0.1723,0.7097,2,6,FALSE,FALSE,FALSE
"GENE0601","GENE0601_HUMAN","P10054","Protein GENE0601",-0.7583,1,0.248716,0.5869,0.6043,5,4,FALSE,FALSE,FALSE
"GENE0288","GENE0288_HUMAN","P36602","Protein GENE0288",-0.0313,0.670516,0.361364,0.0398,0.4421,2,2,FALSE,FALSE,FALSE
"GENE1487","GENE1487_HUMAN","P61382","Protein GENE1487",0.3373,1,0.570218,0,0.244,4,3,FALSE,FALSE,FALSE
"GENE2625","GENE2625_HUMAN","P16987","Protein GENE2625",0.4076,1,0.94545,0,0.0244,5,3,FALSE,FALSE,FALSE
"GENE1339","GENE1339_HUMAN","P79554","Protein GENE1339",0.0428,1,0.601211,0,0.221,6,5,FALSE,TRUE,FALSE
"GENE1979","GENE1979_HUMAN","P74680","Protein GENE1979",-0.143,1,0.576695,0,0.2391,4,6,FALSE,FALSE,FALSE
"GENE1971","GENE1971_HUMAN","P01283","Protein GENE1971",-0.4172,1,0.870028,0,0.0605,2,6,FALSE,FALSE,FALSE
"GENE1238","GENE1238_HUMAN","P01986","Protein GENE1238",0.0348,1,0.420852,0,0.3759,5,3,FALSE,FALSE,FALSE
"GENE1617","GENE1617_HUMAN","P88615","Protein GENE1617",0.4169,0.512836,0.151668,0.6273,0.8191,5,6,FALSE,FALSE,FALSE
"NCOA7","NCOA7_HUMAN","P64489","Protein NCOA7",2.4121,0.078993,0.023336,1.4118,1.632,5,2,TRUE,FALSE,TRUE
"GENE1183","GENE1183_HUMAN","P32048","Protein GENE1183",-0.9909,1,0.649415,0,0.1875,5,2,FALSE,FALSE,FALSE
"GENE0652","GENE0652_HUMAN","P16697","Protein GENE0652",0.1867,0.9297,0.441099,0,0.3555,2,5,FALSE,FALSE,FALSE
"GENE2133","GENE2133_HUMAN","P93289","Protein GENE2133",0.3916,0.899919,0.18038,0.2019,0.7438,3,3,FALSE,FALSE,FALSE
"GENE0444","GENE0444_HUMAN","P45748","Protein GENE0444",0.8299,1,0.89368,0,0.0488,5,2,FALSE,FALSE,FALSE
"GENE2537","GENE2537_HUMAN","P94874","Protein GENE2537",-3.7771,0.016742,0.015689,1.4955,1.8044,3,5,FALSE,TRUE,TRUE
"GENE1844","GENE1844_HUMAN","P80995","Protein GENE1844",-0.6829,0.391385,0.228412,0.105,0.6413,5,5,FALSE,FALSE,FALSE
"GENE2769","GENE2769_HUMAN","P36451","Protein GENE2769",-0.0387,1,0.983335,0,0.0073,6,3,FALSE,FALSE,FALSE
"GENE2626","GENE2626_HUMAN","P59395","Protein GENE2626",-0.4736,0.540562,0.280769,0,0.5517,3,4,TRUE,FALSE,FALSE
"GENE1967","GENE1967_HUMAN","P52092","Protein GENE1967",0.1855,0.727881,0.148946,0.4453,0.827,4,5,FALSE,FALSE,FALSE
"GENE0097","GENE0097_HUMAN","P14940","Protein GENE0097",0.4782,1,0.861193,0,0.0649,5,6,FALSE,FALSE,FALSE
"GENE1832","GENE1832_HUMAN","P50472","Protein GENE1832",-0.4177,0.839803,0.274265,0.4976,0.5618,5,4,FALSE,FALSE,FALSE
"GENE0345","GENE0345_HUMAN","P47466","Protein GENE0345",-0.7832,0.066895,0.019347,1.052,1.7134,2,5,FALSE,FALSE,TRUE
"GENE1445","GENE1445_HUMAN","P55102","Protein GENE1445",-0.4055,1,0.749639,0,0.1251,4,4,FALSE,FALSE,FALSE
"GENE2817","GENE2817_HUMAN","P64854","Protein GENE2817",-0.3919,1,0.931241,0,0.0309,3,2,FALSE,FALSE,FALSE
"GENE2066","GENE2066_HUMAN","P05591","Protein GENE2066",-0.0395,1,0.837513,0,0.077,3,6,FALSE,FALSE,FALSE
"GENE1031","GENE1031_HUMAN","P07802","Protein GENE1031",0.397,0.257439,0.138251,0.4374,0.8593,4,2,FALSE,FALSE,FALSE
"GENE1572","GENE1572_HUMAN","P06564","Protein GENE1572",-0.1889,0.577849,0.224116,0.0124,0.6495,5,2,FALSE,FALSE,FALSE
"GENE1870","GENE1870_HUMAN","P70785","Protein GENE1870",0.4841,0.67052,0.19267,0.3715,0.7152,4,3,FALSE,FALSE,FALSE
"GENE2699","GENE2699_HUMAN","P32006","Protein GENE2699",3.2308,0.000121,0.000111,3.3642,3.9541,2,2,TRUE,FALSE,TRUE
"GENE2634","GENE2634_HUMAN","P53980","Protein GENE2634",0.6745,1,0.884372,7e-04,0.0534,5,3,FALSE,FALSE,FALSE
"GENE0883","GENE0883_HUMAN","P24295","Protein GENE0883",0.5079,1,0.479007,0,0.3197,5,4,FALSE,FALSE,FALSE
"GENE2605","GENE2605_HUMAN","P47776","Protein GENE2605",-0.0788,1,0.340729,0.0633,0.4676,4,4,FALSE,FALSE,FALSE
"GENE0213","GENE0213_HUMAN","P30050","Protein GENE0213",4.0354,0.174909,0.042379,0.7363,1.3728,5,4,FALSE,FALSE,TRUE
"GENE2450","GENE2450_HUMAN","P50535","Protein GENE2450",-0.1492,1,0.4294,0.0033,0.3671,5,3,FALSE,FALSE,FALSE
"GENE0645","GENE0645_HUMAN","P10057","Protein GENE0645",-0.2205,1,0.545014,0,0.2636,5,6,FALSE,FALSE,FALSE
"GENE2323","GENE2323_HUMAN","P65196","Protein GENE2323",0.3493,1,0.915607,0,0.0383,5,3,FALSE,FALSE,FALSE
"GENE1241","GENE1241_HUMAN","P53347","Protein GENE1241",-0.1157,1,0.832967,0,0.0794,2,2,FALSE,FALSE,FALSE
"GENE2618","GENE2618_HUMAN","P31182","Protein GENE2618",0.3412,0.346033,0.112778,0.2834,0.9478,3,5,FALSE,FALSE,FALSE
"GENE1438","GENE1438_HUMAN","P12864","Protein GENE1438",0.1354,0.572305,0.441011,0.0958,0.3556,6,6,FALSE,FALSE,FALSE
"GENE1374","GENE1374_HUMAN","P03531","Protein GENE1374",-3.7927,0.050842,0.018861,1.2673,1.7244,5,2,FALSE,FALSE,TRUE
"GENE0084","GENE0084_HUMAN","P51630","Protein GENE0084",0.3125,1,0.5845,0,0.2332,2,6,FALSE,TRUE,FALSE
"GENE2010","GENE2010_HUMAN","P37646","Protein GENE2010",0.0724,0.278618,0.188768,0.2034,0.7241,3,3,FALSE,FALSE,FALSE
"GENE2396","GENE2396_HUMAN","P99784","Protein GENE2396",-0.0694,0.495247,0.100983,0.5322,0.9958,2,4,FALSE,FALSE,FALSE
"GENE0485","GENE0485_HUMAN","P52784","Protein GENE0485",0.2484,1,0.412088,0.1201,0.385,4,4,FALSE,FALSE,FALSE
"GENE0647","GENE0647_HUMAN","P00819","Protein GENE0647",-0.0395,1,0.53682,0.0148,0.2702,3,6,FALSE,FALSE,FALSE
"GENE1052","GENE1052_HUMAN","P40761","Protein GENE1052",-0.6633,0.45336,0.236162,0.0565,0.6268,5,6,FALSE,FALSE,FALSE
"GENE0604","GENE0604_HUMAN","P33295","Protein GENE0604",-0.7386,0.066011,0.015649,1.4265,1.8055,6,4,FALSE,FALSE,TRUE
"GENE0704","GENE0704_HUMAN","P77085","Protein GENE0704",0.2255,1,0.850726,0,0.0702,4,5,FALSE,FALSE,FALSE
"GENE2654","GENE2654_HUMAN","P75861","Protein GENE2654",0.249,1,0.841196,0,0.0751,4,5,FALSE,FALSE,FALSE
"GENE2889","GENE2889_HUMAN","P37497","Protein GENE2889",-0.1933,0.126331,0.119094,0.3358,0.9241,4,3,FALSE,FALSE,FALSE
"GENE1236","GENE1236_HUMAN","P15750","Protein GENE1236",0.2386,1,0.997598,0,0.001,3,5,FALSE,FALSE,FALSE
"GENE0339","GENE0339_HUMAN","P41936","Protein GENE0339",-0.2302,1,0.589371,0,0.2296,6,3,FALSE,FALSE,FALSE
"GENE1658","GENE1658_HUMAN","P54869","Protein GENE1658",0.1072,1,0.404204,0,0.3934,4,2,FALSE,FALSE,FALSE
"GENE2653","GENE2653_HUMAN","P89300","Protein GENE2653",-0.1612,1,0.421466,0,0.3752,3,3,FALSE,FALSE,FALSE
"GENE0044","GENE0044_HUMAN","P89736","Protein GENE0044",0.2696,1,0.551206,0,0.2587,3,3,FALSE,FALSE,FALSE
"GENE0929","GENE0929_HUMAN","P56277","Protein GENE0929",-0.2481,1,0.865663,0,0.0627,2,5,FALSE,FALSE,FALSE
"GENE1865","GENE1865_HUMAN","P91023","Protein GENE1865",0.4407,0.652873,0.383928,0,0.4158,2,2,FALSE,FALSE,FALSE
"GENE1653","GENE1653_HUMAN","P89218","Protein GENE1653",-0.4787,0.347279,0.266046,0.224,0.575,5,4,FALSE,FALSE,FALSE
"GENE2361","GENE2361_HUMAN","P61703","Protein GENE2361",0.2477,1,0.615409,0.1143,0.2108,3,5,TRUE,FALSE,FALSE
"GENE1320","GENE1320_HUMAN","P94756","Protein GENE1320",-0.298,0.861289,0.341349,0.2299,0.4668,5,3,FALSE,FALSE,FALSE
"GENE1726","GENE1726_HUMAN","P97798","Protein GENE1726",-0.2783,1,0.983459,0,0.0072,2,5,FALSE,FALSE,FALSE
"GENE2579","GENE2579_HUMAN","P21087","Protein GENE2579",-0.145,0.448761,0.107408,0.8066,0.969,3,5,TRUE,FALSE,FALSE
"GENE2243","GENE2243_HUMAN","P31201","Protein GENE2243",-0.1903,0.744687,0.150041,0.4595,0.8238,4,2,FALSE,FALSE,FALSE
"GENE1925","GENE1925_HUMAN","P93866","Protein GENE1925",0.4109,1,0.86131,0,0.0648,4,3,FALSE,FALSE,FALSE
"GENE2822","GENE2822_HUMAN","P28770","Protein GENE2822",-0.275,1,0.831564,0,0.0801,4,3,FALSE,FALSE,FALSE
"GENE1065","GENE1065_HUMAN","P17273","Protein GENE1065",0.3546,0.499057,0.116943,0.3011,0.932,5,3,FALSE,FALSE,FALSE
"GENE0057","GENE0057_HUMAN","P14491","Protein GENE0057",-0.1998,1,0.733802,0,0.1344,4,5,TRUE,FALSE,FALSE
"GENE0923","GENE0923_HUMAN","P49535","Protein GENE0923",3.6673,0.053825,0.012075,1.5978,1.9181,6,5,FALSE,FALSE,TRUE
"GENE1807","GENE1807_HUMAN","P80875","Protein GENE1807",1.2697,1,0.946135,0,0.024,6,2,FALSE,FALSE,FALSE
"GENE0238","GENE0238_HUMAN","P73886","Protein GENE0238",-0.4924,0.832843,0.198491,0.3679,0.7023,4,5,FALSE,TRUE,FALSE
"GENE1905","GENE1905_HUMAN","P62236","Protein GENE1905",-0.2437,1,0.281407,0.5137,0.5507,2,4,FALSE,FALSE,FALSE
"GENE0561","GENE0561_HUMAN","P31955","Protein GENE0561",-0.0764,1,0.280096,0.0944,0.5527,6,2,FALSE,FALSE,FALSE
"GENE1517","GENE1517_HUMAN","P00878","Protein GENE1517",0.1046,0.606394,0.363196,0,0.4399,4,2,FALSE,FALSE,FALSE
"GENE0260","GENE0260_HUMAN","P68768","Protein GENE0260",0.53,0.462457,0.100417,0.8392,0.9982,3,6,FALSE,FALSE,FALSE
"GENE1290","GENE1290_HUMAN","P84235","Protein GENE1290",-0.134,1,0.877242,0,0.0569,5,2,FALSE,FALSE,FALSE
"GENE0141","GENE0141_HUMAN","P54304","Protein GENE0141",0.1158,1,0.598038,0,0.2233,4,3,FALSE,FALSE,FALSE
"GENE2865","GENE2865_HUMAN","P31124","Protein GENE2865",-0.152,0.23589,0.129106,0.7008,0.8891,4,3,FALSE,FALSE,FALSE
"GENE2435","GENE2435_HUMAN","P98192","Protein GENE2435",0.0917,1,0.945098,0,0.0245,3,2,TRUE,FALSE,FALSE
"GENE0581","GENE0581_HUMAN","P48538","Protein GENE0581",-0.4621,0.429239,0.097081,0.9993,1.0129,5,3,TRUE,TRUE,FALSE
"GENE0499","GENE0499_HUMAN","P68233","Protein GENE0499",0.1204,0.926581,0.308834,0.3602,0.5103,4,5,FALSE,FALSE,FALSE
"GENE1939","GENE1939_HUMAN","P56178","Protein GENE1939",-0.1716,1,0.945624,0,0.0243,4,4,FALSE,FALSE,FALSE
"GENE0527","GENE0527_HUMAN","P29076","Protein GENE0527",-0.5694,1,0.444752,0.0189,0.3519,4,6,FALSE,FALSE,FALSE
"GENE2380","GENE2380_HUMAN","P88689","Protein GENE2380",0.193,0.154414,0.093857,0.5733,1.0275,5,5,FALSE,FALSE,FALSE
"GENE1662","GENE1662_HUMAN","P37908","Protein GENE1662",0.0605,1,0.647665,0,0.1886,5,5,FALSE,FALSE,FALSE
"GENE1403","GENE1403_HUMAN","P38890","Protein GENE1403",0.3819,1,0.652187,0,0.1856,4,4,FALSE,TRUE,FALSE
"GENE1303","GENE1303_HUMAN","P64258","Protein GENE1303",0.6128,0.7915,0.411925,0,0.3852,5,3,FALSE,FALSE,FALSE
"GENE0667","GENE0667_HUMAN","P32693","Protein GENE0667",-0.5342,1,0.540596,0,0.2671,5,2,FALSE,FALSE,FALSE
"GENE0464","GENE0464_HUMAN","P83955","Protein GENE0464",0.2042,1,0.618678,0.0599,0.2085,2,5,FALSE,FALSE,FALSE
"GENE2438","GENE2438_HUMAN","P29906","Protein GENE2438",-0.7038,0.428848,0.150777,0.4593,0.8217,5,2,FALSE,TRUE,FALSE
"GENE2453","GENE2453_HUMAN","P19376","Protein GENE2453",-0.3037,1,0.502709,0,0.2987,3,6,FALSE,FALSE,FALSE
"GENE1021","GENE1021_HUMAN","P81989","Protein GENE1021",0.4057,0.115525,0.075701,0.6089,1.1209,6,3,FALSE,FALSE,FALSE
"GENE1418","GENE1418_HUMAN","P02910","Protein GENE1418",-0.4857,1,0.747012,0.0636,0.1267,3,4,FALSE,FALSE,FALSE
"GENE0890","GENE0890_HUMAN","P89871","Protein GENE0890",0.2974,0.199697,0.088265,0.6136,1.0542,3,2,FALSE,TRUE,FALSE
"GENE1126","GENE1126_HUMAN","P00397","Protein GENE1126",3.1373,0.057405,0.023375,1.1127,1.6312,4,6,FALSE,FALSE,TRUE
"GENE2084","GENE2084_HUMAN","P34223","Protein GENE2084",0.3747,1,0.773456,0,0.1116,2,4,FALSE,FALSE,FALSE
"GENE1725","GENE1725_HUMAN","P62359","Protein GENE1725",-0.1742,1,0.422065,0,0.3746,4,5,FALSE,FALSE,FALSE
"GENE2070","GENE2070_HUMAN","P73467","Protein GENE2070",0.4172,1,0.850581,0,0.0703,5,6,FALSE,FALSE,FALSE
"GENE0075","GENE0075_HUMAN","P90144","Protein GENE0075",-0.1254,1,0.475454,0,0.3229,6,3,FALSE,FALSE,FALSE
"GENE2271","GENE2271_HUMAN","P94236","Protein GENE2271",0.0854,1,0.366167,0,0.4363,4,4,TRUE,FALSE,FALSE
"GENE1232","GENE1232_HUMAN","P66193","Protein GENE1232",-0.1296,1,0.701267,0,0.1541,2,3,FALSE,FALSE,FALSE
"GENE0448","GENE0448_HUMAN","P90652","Protein GENE0448",0.4508,0.74927,0.287911,0,0.5407,4,2,FALSE,FALSE,FALSE
"GENE1075","GENE1075_HUMAN","P64450","Protein GENE1075",0.2496,1,0.959676,0,0.0179,4,4,FALSE,FALSE,FALSE
"GENE0773","GENE0773_HUMAN","P68593","Protein GENE0773",0.0526,1,0.971016,0,0.0128,2,3,FALSE,TRUE,FALSE
"GENE0532","GENE0532_HUMAN","P95780","Protein GENE0532",0.4419,0.317384,0.084663,0.6726,1.0723,3,5,FALSE,FALSE,FALSE
"GENE1895","GENE1895_HUMAN","P88342","Protein GENE1895",0.3729,0.946553,0.191145,0.3896,0.7186,5,2,TRUE,FALSE,FALSE
"GENE1751","GENE1751_HUMAN","P15024","Protein GENE1751",-0.5615,1,0.638655,0,0.1947,5,4,FALSE,FALSE,FALSE
"GENE1691","GENE1691_HUMAN","P22189","Protein GENE1691",-0.2521,0.546623,0.17859,0.7449,0.7481,5,5,FALSE,FALSE,FALSE
"GENE1637","GENE1637_HUMAN","P37292","Protein GENE1637",0.4714,1,0.919182,0,0.0366,4,4,TRUE,FALSE,FALSE
"GENE2630","GENE2630_HUMAN","P08766","Protein GENE2630",-0.2698,1,0.315299,0.1248,0.5013,6,3,FALSE,FALSE,FALSE
"GENE1787","GENE1787_HUMAN","P32311","Protein GENE1787",0.014,1,0.95591,0,0.0196,2,3,TRUE,TRUE,FALSE
"GENE1883","GENE1883_HUMAN","P86141","Protein GENE1883",-0.3976,1,0.92883,0,0.0321,2,6,FALSE,TRUE,FALSE
"GENE0466","GENE0466_HUMAN","P07717","Protein GENE0466",0.0216,0.720971,0.289061,0,0.539,4,4,FALSE,FALSE,FALSE
"GENE0208","GENE0208_HUMAN","P87093","Protein GENE0208",-0.163,0.495222,0.10829,0.3215,0.9654,6,3,FALSE,FALSE,FALSE
"GENE2227","GENE2227_HUMAN","P08982","Protein GENE2227",0.0582,1,0.50681,0.2064,0.2952,3,3,FALSE,TRUE,FALSE
"GENE2190","GENE2190_HUMAN","P14075","Protein GENE2190",-0.5276,1,0.951162,0,0.0217,4,2,FALSE,FALSE,FALSE
"GENE2477","GENE2477_HUMAN","P77297","Protein GENE2477",0.2411,1,0.73625,0,0.133,2,5,FALSE,FALSE,FALSE
"GENE1299","GENE1299_HUMAN","P12131","Protein GENE1299",0.4168,0.224562,0.070403,0.5893,1.1524,4,3,FALSE,FALSE,FALSE
"GENE0900","GENE0900_HUMAN","P43728","Protein GENE0900",-0.1175,1,0.821202,0,0.0855,6,6,TRUE,TRUE,FALSE
"GENE2030","GENE2030_HUMAN","P54403","Protein GENE2030",-0.1224,1,0.606804,0,0.217,6,2,FALSE,FALSE,FALSE
"GENE1580","GENE1580_HUMAN","P06226","Protein GENE1580",0.2072,1,0.702994,0.0773,0.153,3,6,FALSE,FALSE,FALSE
"GENE1765","GENE1765_HUMAN","P16140","Protein GENE1765",-0.1781,1,0.397592,0,0.4006,3,5,FALSE,TRUE,FALSE
"GENE2521","GENE2521_HUMAN","P55265","Protein GENE2521",-0.751,0.143227,0.128394,0.2975,0.8915,6,5,FALSE,FALSE,FALSE
"GENE1043","GENE1043_HUMAN","P55455","Protein GENE1043",0.4967,1,0.829825,0,0.081,6,2,FALSE,FALSE,FALSE
"GENE0026","GENE0026_HUMAN","P28842","Protein GENE0026",0.5792,1,0.667364,0,0.1756,6,4,FALSE,TRUE,FALSE
"GENE1357","GENE1357_HUMAN","P74123","Protein GENE1357",-0.0032,1,0.251291,0.1724,0.5998,3,5,FALSE,FALSE,FALSE
"GENE0479","GENE0479_HUMAN","P09429","Protein GENE0479",-3.0534,0.068341,0.020068,1.041,1.6975,5,5,FALSE,FALSE,TRUE
"GENE0774","GENE0774_HUMAN","P64301","Protein GENE0774",-0.2103,1,0.359356,0,0.4445,6,6,FALSE,FALSE,FALSE
"GENE1564","GENE1564_HUMAN","P87872","Protein GENE1564",0.5961,0.835343,0.40981,0,0.3874,5,2,FALSE,FALSE,FALSE
"GENE2417","GENE2417_HUMAN","P09390","Protein GENE2417",-0.7536,1,0.780683,0,0.1075,6,3,FALSE,FALSE,FALSE
"GENE1857","GENE1857_HUMAN","P52587","Protein GENE1857",-0.192,1,0.833966,0,0.0789,6,3,FALSE,FALSE,FALSE
"GENE0681","GENE0681_HUMAN","P66978","Protein GENE0681",-0.7832,0.630377,0.167171,0.0863,0.7768,4,4,FALSE,FALSE,FALSE
"GENE2119","GENE2119_HUMAN","P77741","Protein GENE2119",-0.6773,0.577937,0.444692,0.0841,0.3519,3,2,FALSE,FALSE,FALSE
"GENE1259","GENE1259_HUMAN","P69866","Protein GENE1259",0.2005,1,0.283844,0.1289,0.5469,4,4,FALSE,FALSE,FALSE
"GENE1494","GENE1494_HUMAN","P95045","Protein GENE1494",-0.357,0.552169,0.49037,0,0.3095,2,3,FALSE,FALSE,FALSE
"GENE2897","GENE2897_HUMAN","P74111","Protein GENE2897",0.4427,1,0.760303,0,0.119,6,3,FALSE,FALSE,FALSE
"GENE2763","GENE2763_HUMAN","P53816","Protein GENE2763",0.1978,0.331531,0.097664,0.9111,1.0103,4,6,TRUE,FALSE,FALSE
"GENE2315","GENE2315_HUMAN","P79166","Protein GENE2315",-0.6957,1,0.842974,0.0461,0.0742,5,5,FALSE,FALSE,FALSE
"GENE0901","GENE0901_HUMAN","P84773","Protein GENE0901",0.1261,0.490212,0.416151,0,0.3807,3,4,FALSE,FALSE,FALSE
"GENE0783","GENE0783_HUMAN","P00224","Protein GENE0783",0.2639,1,0.828836,0,0.0815,6,6,FALSE,FALSE,FALSE
"GENE2432","GENE2432_HUMAN","P46095","Protein GENE2432",-0.0897,0.759025,0.529057,0,0.2765,5,2,FALSE,FALSE,FALSE
"GENE1475","GENE1475_HUMAN","P63481","Protein GENE1475",-0.4017,1,0.288867,0.3169,0.5393,5,2,FALSE,FALSE,FALSE
"GENE0701","GENE0701_HUMAN","P58334","Protein GENE0701",-0.9113,1,0.751585,0,0.124,4,4,FALSE,FALSE,FALSE
"GENE2717","GENE2717_HUMAN","P06308","Protein GENE2717",0.497,0.307535,0.277747,0.1143,0.5564,3,3,FALSE,FALSE,FALSE
"GENE0941","GENE0941_HUMAN","P42515","Protein GENE0941",0.0096,1,0.355968,0,0.4486,6,5,FALSE,TRUE,FALSE
"GENE0008","GENE0008_HUMAN","P77158","Protein GENE0008",0.2695,1,0.325744,0.1803,0.4871,2,2,FALSE,FALSE,FALSE
"GENE0269","GENE0269_HUMAN","P20672","Protein GENE0269",-0.0057,0.169719,0.071062,0.5329,1.1484,3,5,TRUE,FALSE,FALSE
"GENE1668","GENE1668_HUMAN","P24616","Protein GENE1668",-0.1178,1,0.33208,0.1265,0.4788,2,4,FALSE,FALSE,FALSE
"GENE1859","GENE1859_HUMAN","P81791","Protein GENE1859",-0.5923,0.417033,0.396576,0,0.4017,6,4,FALSE,FALSE,FALSE
"GENE0656","GENE0656_HUMAN","P87955","Protein GENE0656",-0.1483,0.220534,0.077245,0.9288,1.1121,3,2,FALSE,FALSE,FALSE
"GENE2169","GENE2169_HUMAN","P97640","Protein GENE2169",0.4861,0.553492,0.146576,0.6031,0.8339,5,2,FALSE,FALSE,FALSE
"GENE1673","GENE1673_HUMAN","P66435","Protein GENE1673",0.4899,1,0.999496,0,2e-04,4,3,FALSE,FALSE,FALSE
"GENE2148","GENE2148_HUMAN","P57372","Protein GENE2148",-0.2834,1,0.538162,0,0.2691,6,2,FALSE,FALSE,FALSE
"GENE2192","GENE2192_HUMAN","P93489","Protein GENE2192",0.0283,0.450079,0.198636,0.1585,0.7019,4,4,FALSE,FALSE,FALSE
"GENE1985","GENE1985_HUMAN","P53143","Protein GENE1985",-0.5256,1,0.83249,0.0066,0.0796,3,6,FALSE,FALSE,FALSE
"GENE0133","GENE0133_HUMAN","P22528","Protein GENE0133",0.4177,0.744707,0.384106,0.0813,0.4155,5,3,FALSE,FALSE,FALSE
"GENE0632","GENE0632_HUMAN","P55174","Protein GENE0632",-0.2829,1,0.533811,0,0.2726,6,2,FALSE,FALSE,FALSE
"GENE0716","GENE0716_HUMAN","P76785","Protein GENE0716",0.0691,1,0.681378,0,0.1666,3,3,FALSE,FALSE,FALSE
"GENE1110","GENE1110_HUMAN","P98826","Protein GENE1110",0.1015,0.810638,0.240032,0.1261,0.6197,5,6,FALSE,FALSE,FALSE
"GENE0554","GENE0554_HUMAN","P67380","Protein GENE0554",-0.219,1,0.993167,0,0.003,6,2,FALSE,FALSE,FALSE
"GENE2410","GENE2410_HUMAN","P26798","Protein GENE2410",-0.0614,1,0.317789,0.1056,0.4979,4,5,FALSE,FALSE,FALSE
"GENE1507","GENE1507_HUMAN","P47810","Protein GENE1507",0.2028,0.688632,0.492748,0,0.3074,5,2,FALSE,TRUE,FALSE
"GENE0117","GENE0117_HUMAN","P96320","Protein GENE0117",0.0812,1,0.525439,0,0.2795,5,6,FALSE,FALSE,FALSE
"GENE1808","GENE1808_HUMAN","P48687","Protein GENE1808",-0.047,0.345525,0.093598,0.793,1.0287,4,5,FALSE,FALSE,FALSE
"GENE2857","GENE2857_HUMAN","P61795","Protein GENE2857",-0.5203,1,0.720031,0,0.1426,3,2,FALSE,FALSE,FALSE
"GENE1341","GENE1341_HUMAN","P76628","Protein GENE1341",0.7406,0.887355,0.775149,0,0.1106,6,6,FALSE,FALSE,FALSE
"GENE0443","GENE0443_HUMAN","P20896","Protein GENE0443",-0.004,0.891344,0.481144,0,0.3177,3,3,FALSE,FALSE,FALSE
"GENE0300","GENE0300_HUMAN","P43002","Protein GENE0300",-1.2142,0.024639,0.011285,1.2896,1.9475,6,5,FALSE,FALSE,TRUE
"GENE2570","GENE2570_HUMAN","P97195","Protein GENE2570",0.3635,1,0.943886,0,0.0251,5,2,FALSE,FALSE,FALSE
"GENE1041","GENE1041_HUMAN","P88717","Protein GENE1041",0.0249,1,0.874476,0,0.0583,2,6,FALSE,TRUE,FALSE
"GENE0643","GENE0643_HUMAN","P52761","Protein GENE0643",0.0885,1,0.503559,0,0.2979,3,2,FALSE,FALSE,FALSE
"ANKRD28","ANKRD28_HUMAN","P27430","Protein ANKRD28",2.324,0.023762,0.007318,1.9798,2.1356,2,2,FALSE,FALSE,TRUE
"GENE1924","GENE1924_HUMAN","P25681","Protein GENE1924",0.245,1,0.921286,0,0.0356,6,6,FALSE,FALSE,FALSE
"GENE1307","GENE1307_HUMAN","P81583","Protein GENE1307",0.5393,0.429931,0.245944,0.2551,0.6092,2,4,FALSE,FALSE,FALSE
"GENE0419","GENE0419_HUMAN","P31780","Protein GENE0419",0.129,1,0.244951,0.2866,0.6109,3,6,FALSE,FALSE,FALSE
"GENE2096","GENE2096_HUMAN","P04015","Protein GENE2096",0.1106,1,0.858792,0,0.0661,2,3,FALSE,FALSE,FALSE
"GENE0832","GENE0832_HUMAN","P49642","Protein GENE0832",-4.0215,0.119058,0.032676,1.4369,1.4858,4,6,TRUE,FALSE,TRUE
"GENE1012","GENE1012_HUMAN","P34053","Protein GENE1012",-0.6193,1,0.523081,0,0.2814,5,5,FALSE,FALSE,FALSE
"GENE2495","GENE2495_HUMAN","P40867","Protein GENE2495",-0.229,1,0.337763,0.1883,0.4714,4,2,FALSE,FALSE,FALSE
"GENE0472","GENE0472_HUMAN","P41013","Protein GENE0472",0.1966,1,0.432472,0.013,0.364,5,6,FALSE,FALSE,FALSE
"GENE2809","GENE2809_HUMAN","P40350","Protein GENE2809",-0.5198,0.686808,0.474655,0.227,0.3236,2,2,TRUE,FALSE,FALSE
"GENE2279","GENE2279_HUMAN","P43563","Protein GENE2279",0.1455,1,0.343676,0.0658,0.4639,3,2,FALSE,TRUE,FALSE
"GENE1585","GENE1585_HUMAN","P77554","Protein GENE1585",0.0354,1,0.496877,0,0.3038,4,4,FALSE,FALSE,FALSE
"GENE1894","GENE1894_HUMAN","P34217","Protein GENE1894",-0.1816,0.664719,0.216558,0.1034,0.6644,2,6,FALSE,FALSE,FALSE
"GENE0608","GENE0608_HUMAN","P38080","Protein GENE0608",0.3658,1,0.77024,0,0.1134,6,4,FALSE,FALSE,FALSE
"GENE2648","GENE2648_HUMAN","P62708","Protein GENE2648",0.9789,1,0.43948,0,0.3571,3,3,FALSE,FALSE,FALSE
"GENE0872","GENE0872_HUMAN","P18601","Protein GENE0872",3e-04,1,0.389023,0,0.41,4,4,FALSE,FALSE,FALSE
"GENE1886","GENE1886_HUMAN","P29031","Protein GENE1886",0.0399,0.588094,0.181396,0.4546,0.7414,4,4,FALSE,FALSE,FALSE
"GENE1672","GENE1672_HUMAN","P60089","Protein GENE1672",-0.1577,1,0.513516,0,0.2894,5,5,FALSE,TRUE,FALSE
"GENE0262","GENE0262_HUMAN","P75447","Protein GENE0262",1.8385,0.012195,0.003475,1.9983,2.459,2,2,FALSE,FALSE,TRUE
"GENE2017","GENE2017_HUMAN","P50603","Protein GENE2017",-0.2033,1,0.237856,0,0.6237,4,6,FALSE,FALSE,FALSE
"GENE1841","GENE1841_HUMAN","P98293","Protein GENE1841",-0.2307,0.781447,0.49286,0,0.3073,3,6,FALSE,FALSE,FALSE
"GENE1263","GENE1263_HUMAN","P87970","Protein GENE1263",0.5152,1,0.801649,0,0.096,4,3,FALSE,FALSE,FALSE
"GENE0242","GENE0242_HUMAN","P54677","Protein GENE0242",0.4651,1,0.387222,0.1335,0.412,6,2,FALSE,FALSE,FALSE
"GENE1473","GENE1473_HUMAN","P88749","Protein GENE1473",0.2225,0.788222,0.68095,0,0.1669,6,6,FALSE,FALSE,FALSE
"GENE0607","GENE0607_HUMAN","P25498","Protein GENE0607",-0.0451,1,0.749667,0,0.1251,4,2,FALSE,FALSE,FALSE
"GENE0725","GENE0725_HUMAN","P61622","Protein GENE0725",-0.148,0.412133,0.286816,0.0204,0.5424,6,3,FALSE,FALSE,FALSE
"GENE0992","GENE0992_HUMAN","P52862","Protein GENE0992",0.0798,0.304431,0.073794,0.9026,1.132,5,4,FALSE,FALSE,FALSE
"GENE0470","GENE0470_HUMAN","P48608","Protein GENE0470",0.5216,0.109196,0.023599,1.382,1.6271,6,3,FALSE,FALSE,TRUE
"GENE0857","GENE0857_HUMAN","P75920","Protein GENE0857",0.0374,0.452627,0.28831,0.0684,0.5401,5,2,FALSE,FALSE,FALSE
"GENE1560","GENE1560_HUMAN","P53542","Protein GENE1560",-0.0563,0.120842,0.066011,0.534,1.1804,5,6,FALSE,FALSE,FALSE
"GENE0291","GENE0291_HUMAN","P37493","Protein GENE0291",-0.3452,1,0.901512,0,0.045,2,6,FALSE,FALSE,FALSE
"GENE0016","GENE0016_HUMAN","P84007","Protein GENE0016",3.2264,0.075332,0.01746,1.523,1.758,3,4,FALSE,FALSE,TRUE
"GENE1793","GENE1793_HUMAN","P87416","Protein GENE1793",-0.1188,0.722946,0.313029,0,0.5044,6,3,FALSE,FALSE,FALSE
"GENE1194","GENE1194_HUMAN","P30528","Protein GENE1194",0.2486,1,0.807665,0,0.0928,5,2,FALSE,FALSE,FALSE
"GENE1287","GENE1287_HUMAN","P78793","Protein GENE1287",3.6403,0.02471,0.013749,1.2756,1.8617,6,4,FALSE,FALSE,TRUE
"GENE0584","GENE0584_HUMAN","P78166","Protein GENE0584",-1.0862,0.064915,0.020885,1.4811,1.6802,6,3,FALSE,FALSE,TRUE
"GENE2444","GENE2444_HUMAN","P51469","Protein GENE2444",-0.019,1,0.239428,0.0327,0.6208,2,3,FALSE,FALSE,FALSE
"GENE1323","GENE1323_HUMAN","P04153","Protein GENE1323",0.0512,1,0.910349,0,0.0408,4,6,FALSE,FALSE,FALSE
"GENE0287","GENE0287_HUMAN","P89388","Protein GENE0287",0.0615,1,0.258403,0.2488,0.5877,6,3,FALSE,FALSE,FALSE
"GENE2397","GENE2397_HUMAN","P08392","Protein GENE2397",-4.4649,0.193218,0.046879,0.7792,1.329,6,3,FALSE,TRUE,TRUE
"GENE1772","GENE1772_HUMAN","P11852","Protein GENE1772",-0.3642,0.657668,0.429732,0.0071,0.3668,3,3,FALSE,FALSE,FALSE
"GENE2687","GENE2687_HUMAN","P92699","Protein GENE2687",-0.0564,1,0.948459,0,0.023,6,3,FALSE,FALSE,FALSE
"GENE0355","GENE0355_HUMAN","P02895","Protein GENE0355",1.5674,0.087981,0.043988,0.6964,1.3567,5,2,FALSE,TRUE,TRUE
"GENE1044","GENE1044_HUMAN","P64490","Protein GENE1044",-0.1108,0.734513,0.373248,0,0.428,3,5,FALSE,TRUE,FALSE
"GENE0467","GENE0467_HUMAN","P67898","Protein GENE0467",-0.1937,0.817764,0.169126,0.6191,0.7718,6,6,FALSE,FALSE,FALSE
"GENE1760","GENE1760_HUMAN","P50998","Protein GENE1760",-0.4945,1,0.692666,0,0.1595,6,3,FALSE,FALSE,FALSE
"GENE0646","GENE0646_HUMAN","P56050","Protein GENE0646",-0.3518,1,0.715828,0,0.1452,2,4,FALSE,FALSE,FALSE
"GENE0850","GENE0850_HUMAN","P07793","Protein GENE0850",0.8833,0.159642,0.035725,1.2204,1.447,3,4,FALSE,FALSE,TRUE
"GENE2720","GENE2720_HUMAN","P15926","Protein GENE2720",-0.6674,1,0.446087,0.0806,0.3506,3,2,FALSE,FALSE,FALSE
"GENE0091","GENE0091_HUMAN","P28927","Protein GENE0091",-0.7136,0.165398,0.042761,1.058,1.369,5,4,FALSE,FALSE,TRUE
"GENE1817","GENE1817_HUMAN","P28324","Protein GENE1817",0.2084,1,0.982408,0,0.0077,6,3,FALSE,FALSE,FALSE
"GENE1783","GENE1783_HUMAN","P51098","Protein GENE1783",-0.2435,0.834888,0.543455,0,0.2648,3,2,FALSE,FALSE,FALSE
"GENE2507","GENE2507_HUMAN","P59570","Protein GENE2507",-0.131,1,0.810786,0,0.0911,6,2,FALSE,FALSE,FALSE
"GENE1764","GENE1764_HUMAN","P38882","Protein GENE1764",-0.0386,0.205249,0.085267,0.7788,1.0692,3,3,FALSE,FALSE,FALSE
"GENE0114","GENE0114_HUMAN","P77884","Protein GENE0114",2.302,0.148483,0.045407,0.8829,1.3429,4,6,FALSE,FALSE,TRUE
"GENE0329","GENE0329_HUMAN","P91415","Protein GENE0329",-0.1931,1,0.773982,0,0.1113,3,3,FALSE,FALSE,FALSE
"GENE0378","GENE0378_HUMAN","P75835","Protein GENE0378",0.0928,1,0.556456,0,0.2546,3,2,FALSE,FALSE,FALSE
"GENE1999","GENE1999_HUMAN","P23394","Protein GENE1999",0.1394,0.208868,0.191583,0.0661,0.7176,6,2,FALSE,FALSE,FALSE
"GENE1522","GENE1522_HUMAN","P11170","Protein GENE1522",0.2579,0.149167,0.094356,0.909,1.0252,3,3,FALSE,TRUE,FALSE
"GENE0397","GENE0397_HUMAN","P72414","Protein GENE0397",0.1389,0.302066,0.152366,0.1293,0.8171,3,6,FALSE,FALSE,FALSE
"GENE2364","GENE2364_HUMAN","P55776","Protein GENE2364",-0.4064,1,0.28886,0,0.5393,4,6,FALSE,FALSE,FALSE
"GENE2553","GENE2553_HUMAN","P43622","Protein GENE2553",0.4152,1,0.742032,0,0.1296,3,3,FALSE,FALSE,FALSE
"GENE0799","GENE0799_HUMAN","P56378","Protein GENE0799",0.0277,1,0.504643,0,0.297,4,2,FALSE,TRUE,FALSE
"GENE0928","GENE0928_HUMAN","P22601","Protein GENE0928",0.5048,0.835763,0.640222,0,0.1937,5,4,FALSE,TRUE,FALSE
"DHX15","DHX15_HUMAN","P66943","Protein DHX15",-0.3632,1,0.813687,0,0.0895,2,2,FALSE,FALSE,FALSE
"GENE2793","GENE2793_HUMAN","P69404","Protein GENE2793",0.5874,1,0.804601,0,0.0944,4,4,FALSE,TRUE,FALSE
"GENE1595","GENE1595_HUMAN","P83267","Protein GENE1595",-0.2358,1,0.400641,0,0.3972,2,4,FALSE,FALSE,FALSE
"GENE2652","GENE2652_HUMAN","P41627","Protein GENE2652",0.2156,0.124423,0.072655,0.6851,1.1387,2,3,FALSE,FALSE,FALSE
"GENE2078","GENE2078_HUMAN","P88477","Protein GENE2078",-0.4871,1,0.421367,0,0.3753,4,3,FALSE,FALSE,FALSE
"GENE2360","GENE2360_HUMAN","P40236","Protein GENE2360",0.3512,1,0.747545,0,0.1264,2,5,FALSE,FALSE,FALSE
"GENE0735","GENE0735_HUMAN","P97098","Protein GENE0735",-0.3007,1,0.586778,0,0.2315,3,2,FALSE,FALSE,FALSE
"GENE2669","GENE2669_HUMAN","P50145","Protein GENE2669",-0.3637,1,0.650301,0,0.1869,4,3,TRUE,FALSE,FALSE
"GENE1683","GENE1683_HUMAN","P01547","Protein GENE1683",-0.399,1,0.547706,0,0.2615,5,3,FALSE,FALSE,FALSE
"GENE0197","GENE0197_HUMAN","P89754","Protein GENE0197",-0.1114,0.259942,0.095296,0.8684,1.0209,3,5,FALSE,FALSE,FALSE
"GENE2725","GENE2725_HUMAN","P44034","Protein GENE2725",-0.5864,1,0.842366,0,0.0745,5,5,FALSE,FALSE,FALSE
"GENE2895","GENE2895_HUMAN","P76671","Protein GENE2895",0.1791,1,0.843742,0,0.0738,3,5,FALSE,FALSE,FALSE
"GENE2156","GENE2156_HUMAN","P30941","Protein GENE2156",-0.5592,1,0.584144,0.0334,0.2335,3,5,FALSE,FALSE,FALSE
"GENE0336","GENE0336_HUMAN","P75975","Protein GENE0336",-0.1916,1,0.672928,0,0.172,2,4,FALSE,FALSE,FALSE
"GENE1877","GENE1877_HUMAN","P44663","Protein GENE1877",-0.7002,1,0.766339,0,0.1156,6,6,FALSE,FALSE,FALSE
"GENE2047","GENE2047_HUMAN","P50448","Protein GENE2047",0.3816,0.989897,0.501296,0,0.2999,6,2,FALSE,TRUE,FALSE
"GENE1678","GENE1678_HUMAN","P96698","Protein GENE1678",-0.6298,1,0.671728,0,0.1728,4,5,FALSE,FALSE,FALSE
"GENE2738","GENE2738_HUMAN","P28810","Protein GENE2738",0.6307,1,0.967833,0,0.0142,3,5,FALSE,FALSE,FALSE
"GENE0198","GENE0198_HUMAN","P64963","Protein GENE0198",0.2017,1,0.59864,0,0.2228,2,3,FALSE,FALSE,FALSE
"GENE2376","GENE2376_HUMAN","P46605","Protein GENE2376",-0.2108,1,0.602475,0,0.2201,2,2,FALSE,FALSE,FALSE
"GENE2610","GENE2610_HUMAN","P63895","Protein GENE2610",-0.4213,1,0.915936,0,0.0381,4,5,FALSE,FALSE,FALSE
"GENE0767","GENE0767_HUMAN","P55187","Protein GENE0767",-0.7722,1,0.973028,0,0.0119,4,6,FALSE,FALSE,FALSE
"GENE2546","GENE2546_HUMAN","P85845","Protein GENE2546",0.0387,1,0.963532,0,0.0161,5,2,FALSE,FALSE,FALSE
"GENE1703","GENE1703_HUMAN","P18183","Protein GENE1703",-0.1931,0.392645,0.343104,0,0.4646,5,6,TRUE,FALSE,FALSE
"GENE2592","GENE2592_HUMAN","P25463","Protein GENE2592",-0.2035,1,0.892121,0,0.0496,3,4,FALSE,FALSE,FALSE
"GENE1898","GENE1898_HUMAN","P85735","Protein GENE1898",-0.5918,0.350861,0.104913,0.4148,0.9792,5,2,FALSE,FALSE,FALSE
"GENE1368","GENE1368_HUMAN","P12378","Protein GENE1368",0.2319,1,0.97073,0,0.0129,4,5,FALSE,FALSE,FALSE
"GENE2307","GENE2307_HUMAN","P68167","Protein GENE2307",-0.4507,1,0.983523,0,0.0072,3,6,FALSE,FALSE,FALSE
"GENE0786","GENE0786_HUMAN","P84521","Protein GENE0786",0.2634,1,0.538994,0,0.2684,3,6,FALSE,FALSE,FALSE
"GENE0958","GENE0958_HUMAN","P11645","Protein GENE0958",-0.1693,1,0.584842,0,0.233,3,5,FALSE,FALSE,FALSE
"GENE0255","GENE0255_HUMAN","P99037","Protein GENE0255",0.1759,0.422021,0.286384,0,0.5431,6,5,FALSE,TRUE,FALSE
"GENE2879","GENE2879_HUMAN","P57902","Protein GENE2879",0.0069,1,0.475496,0.0454,0.3229,2,6,FALSE,TRUE,FALSE
"GENE1162","GENE1162_HUMAN","P04333","Protein GENE1162",-0.5509,1,0.375405,0,0.4255,6,3,FALSE,FALSE,FALSE
"GENE0157","GENE0157_HUMAN","P01542","Protein GENE0157",-0.0493,1,0.540251,0,0.2674,6,3,FALSE,FALSE,FALSE
"GENE1135","GENE1135_HUMAN","P64643","Protein GENE1135",-0.2883,1,0.985042,0,0.0065,4,5,FALSE,FALSE,FALSE
"GENE0802","GENE0802_HUMAN","P81448","Protein GENE0802",0.077,1,0.994529,0,0.0024,2,4,FALSE,FALSE,FALSE
"GENE0567","GENE0567_HUMAN","P45140","Protein GENE0567",-0.6114,0.682219,0.152384,0.2638,0.8171,4,3,TRUE,FALSE,FALSE
"GENE1767","GENE1767_HUMAN","P74080","Protein GENE1767",-0.6686,1,0.835382,0,0.0781,3,3,FALSE,FALSE,FALSE
"GENE2586","GENE2586_HUMAN","P33341","Protein GENE2586",-0.6799,0.341,0.316628,0,0.4995,5,3,TRUE,TRUE,FALSE
"GENE0690","GENE0690_HUMAN","P12918","Protein GENE0690",-0.3476,1,0.74223,0,0.1295,3,2,FALSE,FALSE,FALSE
"GENE2797","GENE2797_HUMAN","P39093","Protein GENE2797",0.5078,0.407315,0.085742,0.8929,1.0668,3,2,TRUE,FALSE,FALSE
"GENE1008","GENE1008_HUMAN","P42430","Protein GENE1008",2.9401,0.098225,0.030352,0.8522,1.5178,4,5,FALSE,FALSE,TRUE
"GENE2642","GENE2642_HUMAN","P10717","Protein GENE2642",-0.0583,0.471137,0.209287,0.5989,0.6793,6,3,FALSE,FALSE,FALSE
"GENE0051","GENE0051_HUMAN","P03588","Protein GENE0051",-0.0528,0.892982,0.506518,0,0.2954,6,5,FALSE,FALSE,FALSE
"GENE0904","GENE0904_HUMAN","P80353","Protein GENE0904",-0.0742,0.501364,0.176151,0.1037,0.7541,6,4,FALSE,FALSE,FALSE
"GENE2266","GENE2266_HUMAN","P23844","Protein GENE2266",4.0077,0.007665,0.002221,2.2967,2.6534,5,5,FALSE,FALSE,TRUE
"GENE2710","GENE2710_HUMAN","P45365","Protein GENE2710",-0.4934,1,0.981709,0,0.008,6,5,FALSE,FALSE,FALSE
"GENE0473","GENE0473_HUMAN","P99160","Protein GENE0473",0.2499,0.641734,0.170426,0.4521,0.7685,6,2,FALSE,FALSE,FALSE
"GENE1717","GENE1717_HUMAN","P21089","Protein GENE1717",0.4697,0.760181,0.591595,0,0.228,5,3,FALSE,TRUE,FALSE
"GENE0387","GENE0387_HUMAN","P96423","Protein GENE0387",-0.7112,1,0.909498,0,0.0412,3,6,FALSE,FALSE,FALSE
"GENE2807","GENE2807_HUMAN","P36758","Protein GENE2807",4.4786,0.01671,0.014393,1.3504,1.8418,3,4,FALSE,FALSE,TRUE
"GENE2731","GENE2731_HUMAN","P39482","Protein GENE2731",-2.7798,0.116466,0.041454,0.7963,1.3824,4,3,FALSE,FALSE,TRUE
"GENE2347","GENE2347_HUMAN","P98140","Protein GENE2347",-2.5611,0.035048,0.007348,1.7796,2.1338,4,4,FALSE,FALSE,TRUE
"GENE0694","GENE0694_HUMAN","P89955","Protein GENE0694",0.2349,1,0.521352,0,0.2829,6,6,FALSE,FALSE,FALSE
"GENE1389","GENE1389_HUMAN","P02028","Protein GENE1389",0.8671,1,0.718373,0,0.1437,6,2,TRUE,FALSE,FALSE
"GENE1523","GENE1523_HUMAN","P54146","Protein GENE1523",0.8757,0.781672,0.426049,0,0.3705,3,6,FALSE,FALSE,FALSE
"GENE0557","GENE0557_HUMAN","P27810","Protein GENE0557",-0.2358,1,0.731537,0,0.1358,4,3,FALSE,TRUE,FALSE
"GENE0236","GENE0236_HUMAN","P21423","Protein GENE0236",-0.3156,0.989835,0.805392,0,0.094,4,3,FALSE,FALSE,FALSE
"GENE1663","GENE1663_HUMAN","P82845","Protein GENE1663",-0.0317,1,0.695017,0,0.158,2,3,FALSE,FALSE,FALSE
"GENE0727","GENE0727_HUMAN","P04006","Protein GENE0727",0.3476,0.2238,0.108556,0.4261,0.9643,2,2,FALSE,FALSE,FALSE
"GENE2783","GENE2783_HUMAN","P70749","Protein GENE2783",-0.8385,0.509834,0.122976,0.8331,0.9102,4,3,FALSE,FALSE,FALSE
"GENE2205","GENE2205_HUMAN","P33505","Protein GENE2205",-0.1116,1,0.500822,0,0.3003,4,2,FALSE,FALSE,FALSE
"GENE2334","GENE2334_HUMAN","P47933","Protein GENE2334",0.153,1,0.674542,0,0.171,4,3,FALSE,FALSE,FALSE
"GENE0151","GENE0151_HUMAN","P55029","Protein GENE0151",-0.3243,0.116902,0.062398,1.1489,1.2048,3,6,FALSE,FALSE,FALSE
"GENE1387","GENE1387_HUMAN","P88022","Protein GENE1387",1.1072,0.29616,0.202066,0.0775,0.6945,4,4,TRUE,FALSE,FALSE
"GENE0785","GENE0785_HUMAN","P26622","Protein GENE0785",-0.3115,1,0.966387,0,0.0148,2,6,TRUE,FALSE,FALSE
"GENE0379","GENE0379_HUMAN","P67922","Protein GENE0379",-0.623,1,0.814406,0,0.0892,3,4,FALSE,FALSE,FALSE
"GENE2604","GENE2604_HUMAN","P74498","Protein GENE2604",-0.6131,0.077418,0.019496,1.5329,1.71,5,3,FALSE,FALSE,TRUE
"GENE0979","GENE0979_HUMAN","P36601","Protein GENE0979",0.0315,0.818593,0.493557,0.1003,0.3067,2,3,FALSE,FALSE,FALSE
"GENE2185","GENE2185_HUMAN","P24826","Protein GENE2185",-0.0293,1,0.67397,0,0.1714,5,4,FALSE,FALSE,FALSE
"GENE2422","GENE2422_HUMAN","P31198","Protein GENE2422",-0.1143,0.651034,0.154719,0.2906,0.8105,3,3,FALSE,FALSE,FALSE
"GENE0314","GENE0314_HUMAN","P26192","Protein GENE0314",0.0242,0.985133,0.213787,0.2191,0.67,4,3,FALSE,FALSE,FALSE
"GENE1908","GENE1908_HUMAN","P16731","Protein GENE1908",-0.7792,0.218264,0.046964,1.1777,1.3282,5,4,FALSE,FALSE,TRUE
"GENE1879","GENE1879_HUMAN","P92449","Protein GENE1879",4.1819,0.011876,0.009193,1.6139,2.0366,5,6,FALSE,FALSE,TRUE
"GENE0865","GENE0865_HUMAN","P92850","Protein GENE0865",-0.576,1,0.721706,0,0.1416,4,2,FALSE,FALSE,FALSE
"GENE1100","GENE1100_HUMAN","P68490","Protein GENE1100",-0.2137,0.47623,0.19936,0.1532,0.7004,5,2,FALSE,FALSE,FALSE
"GENE1600","GENE1600_HUMAN","P90010","Protein GENE1600",-1.8122,0.074796,0.034076,1.1774,1.4676,2,4,FALSE,TRUE,TRUE
"GENE2356","GENE2356_HUMAN","P80283","Protein GENE2356",-0.3059,1,0.885886,0,0.0526,4,6,FALSE,FALSE,FALSE
"GENE0015","GENE0015_HUMAN","P17939","Protein GENE0015",0.3582,1,0.909164,0,0.0414,4,2,FALSE,FALSE,FALSE
"GENE2519","GENE2519_HUMAN","P11684","Protein GENE2519",-0.1086,0.624359,0.170271,0.2193,0.7689,6,4,FALSE,FALSE,FALSE
"GENE0140","GENE0140_HUMAN","P64083","Protein GENE0140",-0.8652,1,0.482524,0,0.3165,5,6,FALSE,FALSE,FALSE
"GENE2509","GENE2509_HUMAN","P94890","Protein GENE2509",-0.1098,1,0.636283,0,0.1963,6,2,TRUE,FALSE,FALSE
"GENE1297","GENE1297_HUMAN","P52828","Protein GENE1297",0.6363,1,0.713489,0,0.1466,4,6,FALSE,FALSE,FALSE
"GENE1369","GENE1369_HUMAN","P39947","Protein GENE1369",0.0742,0.262268,0.174625,0.1263,0.7579,3,5,FALSE,FALSE,FALSE
"GENE0618","GENE0618_HUMAN","P20676","Protein GENE0618",-0.0597,0.549755,0.316233,0.2314,0.5,6,3,FALSE,FALSE,FALSE
"GENE0200","GENE0200_HUMAN","P51075","Protein GENE0200",-0.0977,1,0.926159,0,0.0333,6,6,FALSE,FALSE,FALSE
"GENE2666","GENE2666_HUMAN","P65784","Protein GENE2666",0.0663,0.373346,0.133344,0.4848,0.875,5,6,FALSE,FALSE,FALSE
"GENE1860","GENE1860_HUMAN","P67633","Protein GENE1860",0.2792,0.458972,0.258374,0.0679,0.5878,3,3,FALSE,FALSE,FALSE
"GENE0121","GENE0121_HUMAN","P59295","Protein GENE0121",-0.2952,1,0.932732,0,0.0302,4,6,FALSE,FALSE,FALSE
"GENE2530","GENE2530_HUMAN","P83422","Protein GENE2530",0.2574,0.698639,0.395404,0,0.403,3,3,FALSE,FALSE,FALSE
"GENE2751","GENE2751_HUMAN","P50480","Protein GENE2751",-0.2549,1,0.282766,0.3258,0.5486,3,2,FALSE,FALSE,FALSE
"GENE1453","GENE1453_HUMAN","P06669","Protein GENE1453",0.2352,1,0.688474,0,0.1621,4,2,FALSE,FALSE,FALSE
"GENE0829","GENE0829_HUMAN","P64565","Protein GENE0829",-0.1538,1,0.653858,0,0.1845,4,4,TRUE,FALSE,FALSE
"GENE2359","GENE2359_HUMAN","P97748","Protein GENE2359",0.0649,0.798302,0.343061,0.1717,0.4646,4,6,FALSE,FALSE,FALSE
"GENE0859","GENE0859_HUMAN","P33541","Protein GENE0859",-0.4857,0.434365,0.229768,0.4443,0.6387,2,3,FALSE,FALSE,FALSE
"GENE2744","GENE2744_HUMAN","P94956","Protein GENE2744",-0.4041,0.528921,0.130782,0.6643,0.8835,2,4,FALSE,FALSE,FALSE
"GENE2393","GENE2393_HUMAN","P62322","Protein GENE2393",3.0002,0.003873,0.001128,2.3849,2.9475,4,5,FALSE,FALSE,TRUE
"GENE2806","GENE2806_HUMAN","P61566","Protein GENE2806",-0.395,0.090954,0.081382,0.6574,1.0895,2,4,FALSE,FALSE,FALSE
"GENE2355","GENE2355_HUMAN","P46874","Protein GENE2355",0.8815,1,0.562444,0.0155,0.2499,3,3,FALSE,FALSE,FALSE
"GENE0597","GENE0597_HUMAN","P60775","Protein GENE0597",0.5344,1,0.933998,0,0.0297,2,5,FALSE,FALSE,FALSE
"GENE1591","GENE1591_HUMAN","P48927","Protein GENE1591",-0.5168,0.506396,0.202749,0.0308,0.693,2,2,FALSE,FALSE,FALSE
"GENE2515","GENE2515_HUMAN","P38249","Protein GENE2515",-0.3562,1,0.694135,0,0.1586,4,4,FALSE,FALSE,FALSE
"GENE2838","GENE2838_HUMAN","P43218","Protein GENE2838",-0.8465,1,0.51344,0,0.2895,2,5,FALSE,FALSE,FALSE
"GENE1427","GENE1427_HUMAN","P38773","Protein GENE1427",0.1262,0.792709,0.505016,0,0.2967,4,4,FALSE,TRUE,FALSE
"GENE0742","GENE0742_HUMAN","P30775","Protein GENE0742",0.2659,1,0.849682,0,0.0707,4,5,FALSE,FALSE,FALSE
"GENE1106","GENE1106_HUMAN","P00853","Protein GENE1106",0.9387,0.405562,0.25449,0.4945,0.5943,2,4,FALSE,FALSE,FALSE
"GENE1165","GENE1165_HUMAN","P65887","Protein GENE1165",-0.166,0.318803,0.081282,0.9658,1.09,3,4,FALSE,FALSE,FALSE
"GENE1139","GENE1139_HUMAN","P87666","Protein GENE1139",-0.4988,0.516804,0.113921,0.2637,0.9434,5,3,FALSE,FALSE,FALSE
"GENE1520","GENE1520_HUMAN","P65550","Protein GENE1520",-0.035,1,0.963175,0,0.0163,3,5,FALSE,FALSE,FALSE
"GENE1648","GENE1648_HUMAN","P61043","Protein GENE1648",-2.0126,0.016479,0.015771,1.3177,1.8021,2,3,FALSE,FALSE,TRUE
"GENE2264","GENE2264_HUMAN","P67122","Protein GENE2264",-0.465,1,0.79059,0,0.102,2,4,FALSE,FALSE,FALSE
"GENE2864","GENE2864_HUMAN","P83610","Protein GENE2864",0.2233,1,0.878865,0,0.0561,4,6,FALSE,FALSE,FALSE
"GENE1310","GENE1310_HUMAN","P11399","Protein GENE1310",0.1934,1,0.591092,0.1621,0.2283,6,5,FALSE,FALSE,FALSE
"GENE1308","GENE1308_HUMAN","P93169","Protein GENE1308",-0.7891,0.52742,0.430878,0.3348,0.3656,6,2,FALSE,FALSE,FALSE
"GENE2114","GENE2114_HUMAN","P80180","Protein GENE2114",-0.0842,1,0.549631,0,0.2599,2,2,FALSE,FALSE,FALSE
"GENE2691","GENE2691_HUMAN","P19546","Protein GENE2691",-0.8541,0.047448,0.012078,1.3784,1.918,5,6,FALSE,TRUE,TRUE
"GENE2247","GENE2247_HUMAN","P71363","Protein GENE2247",-0.3173,0.127924,0.068945,0.478,1.1615,2,4,FALSE,FALSE,FALSE
"GENE2002","GENE2002_HUMAN","P80278","Protein GENE2002",1.8705,0.086163,0.033034,0.8454,1.481,3,5,FALSE,FALSE,TRUE
"GENE0750","GENE0750_HUMAN","P90923","Protein GENE0750",0.1461,1,0.946801,0,0.0237,5,4,FALSE,FALSE,FALSE
"GENE2173","GENE2173_HUMAN","P80309","Protein GENE2173",2.6847,0.087717,0.019303,1.583,1.7144,5,2,FALSE,FALSE,TRUE
"GENE1549","GENE1549_HUMAN","P68233","Protein GENE1549",-0.2353,1,0.43703,0.004,0.3595,6,2,FALSE,FALSE,FALSE
"GENE0486","GENE0486_HUMAN","P52454","Protein GENE0486",0.4849,1,0.503169,0,0.2983,5,2,FALSE,TRUE,FALSE
"GENE1216","GENE1216_HUMAN","P28558","Protein GENE1216",-0.0767,1,0.823192,0,0.0845,5,6,FALSE,FALSE,FALSE
"GENE0136","GENE0136_HUMAN","P81396","Protein GENE0136",-0.2496,0.402995,0.152192,0.4583,0.8176,2,3,FALSE,FALSE,FALSE
"GENE2333","GENE2333_HUMAN","P07970","Protein GENE2333",0.4105,0.856983,0.27526,0.5345,0.5603,4,6,FALSE,FALSE,FALSE
"GENE1531","GENE1531_HUMAN","P67336","Protein GENE1531",0.2311,1,0.370916,0,0.4307,6,3,TRUE,FALSE,FALSE
"GENE1957","GENE1957_HUMAN","P66203","Protein GENE1957",-0.0248,1,0.537033,0,0.27,5,6,FALSE,FALSE,FALSE
"GENE2690","GENE2690_HUMAN","P13661","Protein GENE2690",0.1247,1,0.947216,0,0.0236,6,2,FALSE,FALSE,FALSE
"GENE0954","GENE0954_HUMAN","P94644","Protein GENE0954",-0.6031,0.39934,0.271531,0,0.5662,2,3,FALSE,FALSE,FALSE
"GENE2861","GENE2861_HUMAN","P26503","Protein GENE2861",-0.5403,1,0.703644,0,0.1526,2,4,FALSE,FALSE,FALSE
"GENE1189","GENE1189_HUMAN","P62903","Protein GENE1189",-0.4006,0.668152,0.319662,0.1433,0.4953,5,2,FALSE,FALSE,FALSE
"GENE0447","GENE0447_HUMAN","P65365","Protein GENE0447",-0.3742,1,0.488218,0,0.3114,3,6,FALSE,FALSE,FALSE
"GENE0458","GENE0458_HUMAN","P82534","Protein GENE0458",0.7619,1,0.890091,0,0.0506,3,5,FALSE,FALSE,FALSE
"GENE2296","GENE2296_HUMAN","P62456","Protein GENE2296",-0.0325,0.867635,0.411211,0.111,0.3859,3,2,TRUE,TRUE,FALSE
"GENE1607","GENE1607_HUMAN","P75091","Protein GENE1607",-0.2492,0.988766,0.241924,0.1715,0.6163,6,2,FALSE,FALSE,FALSE
"GENE1020","GENE1020_HUMAN","P19884","Protein GENE1020",0.1175,0.717249,0.607511,0.0404,0.2164,5,6,FALSE,FALSE,FALSE
"GENE1363","GENE1363_HUMAN","P37657","Protein GENE1363",0.3131,1,0.600786,0,0.2213,6,6,FALSE,FALSE,FALSE
"GENE0937","GENE0937_HUMAN","P49943","Protein GENE0937",-0.3495,0.99349,0.610182,0,0.2145,6,4,FALSE,FALSE,FALSE
"GENE2842","GENE2842_HUMAN","P12351","Protein GENE2842",0.3511,1,0.863461,0,0.0638,6,6,FALSE,FALSE,FALSE
"GENE0103","GENE0103_HUMAN","P99159","Protein GENE0103",0.4833,1,0.67003,0,0.1739,6,4,FALSE,FALSE,FALSE
"GENE0926","GENE0926_HUMAN","P38679","Protein GENE0926",-0.1825,0.0847,0.066393,0.6353,1.1779,2,3,FALSE,FALSE,FALSE
"GENE1356","GENE1356_HUMAN","P62831","Protein GENE1356",0.1781,1,0.910592,0,0.0407,3,5,FALSE,FALSE,FALSE
"GENE0003","GENE0003_HUMAN","P82586","Protein GENE0003",0.2215,1,0.440784,0,0.3558,5,3,TRUE,FALSE,FALSE
"GENE1650","GENE1650_HUMAN","P69825","Protein GENE1650",-0.4211,1,0.95278,0.0014,0.021,4,3,TRUE,FALSE,FALSE
"GENE2645","GENE2645_HUMAN","P58205","Protein GENE2645",1.3505,0.046618,0.028057,1.062,1.552,6,4,FALSE,TRUE,TRUE
"GENE1932","GENE1932_HUMAN","P52268","Protein GENE1932",-0.8465,0.323571,0.100862,0.4513,0.9963,4,5,FALSE,FALSE,FALSE
"GENE2203","GENE2203_HUMAN","P37917","Protein GENE2203",0.3826,1,0.780966,0,0.1074,6,3,TRUE,FALSE,FALSE
"GENE0613","GENE0613_HUMAN","P50634","Protein GENE0613",0.5947,1,0.544388,0.0082,0.2641,2,5,FALSE,FALSE,FALSE
"GENE1545","GENE1545_HUMAN","P05350","Protein GENE1545",0.1131,1,0.910066,0,0.0409,6,6,FALSE,FALSE,FALSE
"GENE0060","GENE0060_HUMAN","P61171","Protein GENE0060",0.4046,0.210996,0.078035,0.4389,1.1077,2,4,FALSE,FALSE,FALSE
"GENE2412","GENE2412_HUMAN","P37973","Protein GENE2412",0.0059,1,0.983661,0,0.0072,3,5,FALSE,FALSE,FALSE
"GENE1108","GENE1108_HUMAN","P38975","Protein GENE1108",-0.2524,1,0.625195,0,0.204,5,5,FALSE,FALSE,FALSE
"GENE0175","GENE0175_HUMAN","P89037","Protein GENE0175",0.3222,1,0.365841,0.1436,0.4367,2,4,FALSE,FALSE,FALSE
"GENE0699","GENE0699_HUMAN","P64989","Protein GENE0699",0.5762,0.469338,0.403713,0,0.3939,3,5,FALSE,FALSE,FALSE
"GENE0126","GENE0126_HUMAN","P08153","Protein GENE0126",-0.2936,1,0.391748,0,0.407,6,4,FALSE,FALSE,FALSE
"GENE1794","GENE1794_HUMAN","P49216","Protein GENE1794",-0.0713,1,0.660971,0,0.1798,6,2,FALSE,FALSE,FALSE
"GENE0503","GENE0503_HUMAN","P78835","Protein GENE0503",0.1869,0.11172,0.098277,0.6397,1.0076,2,3,FALSE,FALSE,FALSE
"GENE0573","GENE0573_HUMAN","P80582","Protein GENE0573",0.1605,0.428407,0.197688,0.2609,0.704,2,4,FALSE,FALSE,FALSE
"GENE0122","GENE0122_HUMAN","P32669","Protein GENE0122",-0.0742,1,0.796576,0,0.0988,6,3,FALSE,FALSE,FALSE
"GENE0686","GENE0686_HUMAN","P48791","Protein GENE0686",-0.0145,0.78768,0.580484,0.0276,0.2362,5,5,FALSE,FALSE,FALSE
"GENE2139","GENE2139_HUMAN","P36743","Protein GENE2139",-0.143,1,0.481849,0,0.3171,4,6,FALSE,FALSE,FALSE
"GENE0995","GENE0995_HUMAN","P77421","Protein GENE0995",0.7632,0.833419,0.366182,0,0.4363,6,3,FALSE,FALSE,FALSE
"GENE0253","GENE0253_HUMAN","P27825","Protein GENE0253",-0.1754,1,0.432426,0.0928,0.3641,2,6,TRUE,FALSE,FALSE
"GENE0569","GENE0569_HUMAN","P11482","Protein GENE0569",-0.027,0.820791,0.475128,0,0.3232,4,5,FALSE,FALSE,FALSE
"GENE2896","GENE2896_HUMAN","P20527","Protein GENE2896",0.2339,1,0.922232,0,0.0352,5,6,FALSE,FALSE,FALSE
"GENE2878","GENE2878_HUMAN","P91436","Protein GENE2878",3.8285,0.063686,0.015462,1.8105,1.8107,2,6,FALSE,FALSE,TRUE
"GENE2830","GENE2830_HUMAN","P37714","Protein GENE2830",-0.2051,0.353068,0.090789,0.4059,1.042,5,5,FALSE,FALSE,FALSE
"GENE1197","GENE1197_HUMAN","P12108","Protein GENE1197",-0.6024,0.244621,0.149204,0.2731,0.8262,6,3,FALSE,FALSE,FALSE
"GENE0181","GENE0181_HUMAN","P29728","Protein GENE0181",-0.0397,1,0.598201,0,0.2232,5,6,FALSE,FALSE,FALSE
"GENE2487","GENE2487_HUMAN","P83248","Protein GENE2487",0.4619,0.240462,0.171888,0.1782,0.7648,5,3,FALSE,FALSE,FALSE
"GENE1555","GENE1555_HUMAN","P16767","Protein GENE1555",0.2002,1,0.344821,0.1212,0.4624,2,3,FALSE,FALSE,FALSE
"GENE1815","GENE1815_HUMAN","P54275","Protein GENE1815",-0.1566,1,0.424202,0.1256,0.3724,6,6,FALSE,TRUE,FALSE
"GENE2671","GENE2671_HUMAN","P75901","Protein GENE2671",0.1708,1,0.702587,0,0.1533,5,2,FALSE,FALSE,FALSE
"GENE0095","GENE0095_HUMAN","P48992","Protein GENE0095",-0.3182,1,0.404933,0,0.3926,4,3,FALSE,FALSE,FALSE
"GENE0879","GENE0879_HUMAN","P41678","Protein GENE0879",-0.1822,0.12184,0.090223,0.3588,1.0447,6,2,FALSE,FALSE,FALSE
"GENE0605","GENE0605_HUMAN","P35643","Protein GENE0605",-0.1035,1,0.320931,0.0339,0.4936,5,2,TRUE,FALSE,FALSE
"GENE2008","GENE2008_HUMAN","P22204","Protein GENE2008",0.69,1,0.558696,0,0.2528,4,4,FALSE,FALSE,FALSE
"GENE0455","GENE0455_HUMAN","P65621","Protein GENE0455",0.0347,0.981484,0.263708,0.2781,0.5789,4,6,FALSE,FALSE,FALSE
"GENE0756","GENE0756_HUMAN","P99681","Protein GENE0756",0.5679,0.933848,0.227082,0.0404,0.6438,2,4,FALSE,FALSE,FALSE
"GENE2517","GENE2517_HUMAN","P58986","Protein GENE2517",2.2493,0.015335,0.014125,1.5222,1.85,6,2,FALSE,FALSE,TRUE
"GENE1840","GENE1840_HUMAN","P64108","Protein GENE1840",0.3012,0.702652,0.669989,0,0.1739,3,5,FALSE,FALSE,FALSE
"GENE2730","GENE2730_HUMAN","P34553","Protein GENE2730",0.3319,1,0.733606,0,0.1345,6,3,FALSE,FALSE,FALSE
"GENE1478","GENE1478_HUMAN","P59896","Protein GENE1478",-0.8065,1,0.790555,0,0.1021,5,4,FALSE,FALSE,FALSE
"GENE2067","GENE2067_HUMAN","P17824","Protein GENE2067",-0.4812,1,0.854101,0,0.0685,2,4,FALSE,FALSE,FALSE
"GENE1170","GENE1170_HUMAN","P89445","Protein GENE1170",4.0461,0.152185,0.035529,1.0999,1.4494,5,6,FALSE,FALSE,TRUE
"GENE2597","GENE2597_HUMAN","P31045","Protein GENE2597",-0.2251,0.318074,0.152663,0.4392,0.8163,3,5,FALSE,FALSE,FALSE
"GENE0471","GENE0471_HUMAN","P34956","Protein GENE0471",0.9848,0.047246,0.042756,0.7325,1.369,6,4,FALSE,FALSE,TRUE
"GENE1350","GENE1350_HUMAN","P08609","Protein GENE1350",-0.1323,1,0.853548,0,0.0688,5,2,FALSE,FALSE,FALSE
"GENE0460","GENE0460_HUMAN","P72600","Protein GENE0460",-0.1237,1,0.662079,0,0.1791,6,2,FALSE,FALSE,FALSE
"GENE0144","GENE0144_HUMAN","P59579","Protein GENE0144",-0.6487,1,0.81187,0,0.0905,2,4,FALSE,FALSE,FALSE
"GENE0032","GENE0032_HUMAN","P28878","Protein GENE0032",-2.0655,0.135155,0.041286,0.7876,1.3842,6,5,FALSE,FALSE,TRUE
"GENE2811","GENE2811_HUMAN","P42922","Protein GENE2811",0.3811,1,0.955759,0,0.0197,5,5,TRUE,FALSE,FALSE
"GENE2606","GENE2606_HUMAN","P15415","Protein GENE2606",0.3645,0.840951,0.249634,0.0543,0.6027,4,4,FALSE,FALSE,FALSE
"GENE0267","GENE0267_HUMAN","P45477","Protein GENE0267",-2.1295,0.103232,0.032578,1.1111,1.4871,6,4,FALSE,TRUE,TRUE
"GENE2157","GENE2157_HUMAN","P81133","Protein GENE2157",-0.0508,0.848449,0.798639,0,0.0976,3,2,TRUE,FALSE,FALSE
"GENE1113","GENE1113_HUMAN","P24498","Protein GENE1113",0.3383,1,0.994335,0,0.0025,6,4,FALSE,FALSE,FALSE
"GENE0309","GENE0309_HUMAN","P72699","Protein GENE0309",-1.7213,0.069158,0.032752,1.1489,1.4848,4,6,FALSE,FALSE,TRUE
"GENE0276","GENE0276_HUMAN","P28519","Protein GENE0276",-0.3324,0.956496,0.280479,0.1848,0.5521,6,4,FALSE,TRUE,FALSE
"GENE0908","GENE0908_HUMAN","P31877","Protein GENE0908",0.0474,1,0.338188,0,0.4708,4,4,FALSE,FALSE,FALSE
"GENE0663","GENE0663_HUMAN","P84519","Protein GENE0663",-0.2511,1,0.809687,0,0.0917,2,5,FALSE,FALSE,FALSE
"GENE1188","GENE1188_HUMAN","P21372","Protein GENE1188",0.0355,1,0.578937,0,0.2374,5,6,FALSE,FALSE,FALSE
"GENE1230","GENE1230_HUMAN","P97412","Protein GENE1230",-0.2438,0.786042,0.204416,0.0729,0.6895,2,3,FALSE,TRUE,FALSE
"GENE1561","GENE1561_HUMAN","P70187","Protein GENE1561",-0.4593,0.940322,0.766498,0,0.1155,3,3,FALSE,FALSE,FALSE
"GENE0717","GENE0717_HUMAN","P82913","Protein GENE0717",-0.2048,1,0.8727,0,0.0591,5,5,FALSE,FALSE,FALSE
"GENE2258","GENE2258_HUMAN","P42825","Protein GENE2258",0.2797,0.463162,0.105341,0.764,0.9774,3,4,FALSE,FALSE,FALSE
"GENE0241","GENE0241_HUMAN","P61113","Protein GENE0241",-0.2135,1,0.575166,0,0.2402,2,3,FALSE,FALSE,FALSE
"GENE1959","GENE1959_HUMAN","P87996","Protein GENE1959",-0.3707,0.419787,0.15258,0.2129,0.8165,2,4,FALSE,FALSE,FALSE
"GENE1992","GENE1992_HUMAN","P15907","Protein GENE1992",0.1288,1,0.479189,0,0.3195,2,4,TRUE,FALSE,FALSE
"GENE1295","GENE1295_HUMAN","P55512","Protein GENE1295",-0.1139,0.957881,0.865205,0,0.0629,2,2,FALSE,FALSE,FALSE
"GENE2071","GENE2071_HUMAN","P10194","Protein GENE2071",-0.5525,1,0.632727,0,0.1988,6,2,FALSE,FALSE,FALSE
"GENE2297","GENE2297_HUMAN","P55316","Protein GENE2297",-0.7016,1,0.815304,0,0.0887,3,4,TRUE,FALSE,FALSE
"GENE0404","GENE0404_HUMAN","P55475","Protein GENE0404",0.0259,1,0.729163,0.1177,0.1372,6,4,FALSE,FALSE,FALSE
"GENE0840","GENE0840_HUMAN","P83179","Protein GENE0840",-0.6779,0.329524,0.074793,0.4671,1.1261,3,2,FALSE,FALSE,FALSE
"GENE2005","GENE2005_HUMAN","P06427","Protein GENE2005",-0.2701,1,0.569747,0,0.2443,4,5,FALSE,FALSE,FALSE
"DHX58","DHX58_HUMAN","P67395","Protein DHX58",-0.1709,0.430906,0.243014,0.2504,0.6144,2,6,TRUE,FALSE,FALSE
"GENE0878","GENE0878_HUMAN","P20485","Protein GENE0878",-0.0358,0.52002,0.20377,0.1745,0.6909,5,5,TRUE,FALSE,FALSE
"GENE0894","GENE0894_HUMAN","P72229","Protein GENE0894",0.3835,1,0.809996,0,0.0915,5,2,FALSE,TRUE,FALSE
"GENE2094","GENE2094_HUMAN","P36863","Protein GENE2094",0.053,0.369564,0.207493,0.3719,0.683,6,6,FALSE,FALSE,FALSE
"GENE1035","GENE1035_HUMAN","P56727","Protein GENE1035",0.371,1,0.519998,0,0.284,5,5,FALSE,FALSE,FALSE
"GENE2103","GENE2103_HUMAN","P15287","Protein GENE2103",1.0458,1,0.350021,0.1289,0.4559,2,5,FALSE,FALSE,FALSE
"GENE0948","GENE0948_HUMAN","P27977","Protein GENE0948",-0.0344,1,0.931068,0,0.031,4,6,FALSE,FALSE,FALSE
"GENE1038","GENE1038_HUMAN","P80794","Protein GENE1038",0.7773,0.421295,0.126514,0.4213,0.8979,3,3,FALSE,TRUE,FALSE
"GENE1231","GENE1231_HUMAN","P25055","Protein GENE1231",0.1581,1,0.30065,0,0.5219,6,2,TRUE,FALSE,FALSE
"GENE1242","GENE1242_HUMAN","P77280","Protein GENE1242",-1.3551,0.110033,0.024999,1.2094,1.6021,6,4,FALSE,TRUE,TRUE
"GENE0110","GENE0110_HUMAN","P58221","Protein GENE0110",-0.086,1,0.810714,0,0.0911,6,2,FALSE,FALSE,FALSE
"GENE0812","GENE0812_HUMAN","P52745","Protein GENE0812",-0.0861,1,0.966602,0,0.0148,3,4,FALSE,FALSE,FALSE
"GENE0815","GENE0815_HUMAN","P58168","Protein GENE0815",-0.4306,1,0.57014,0,0.244,6,3,FALSE,FALSE,FALSE
"GENE0257","GENE0257_HUMAN","P72364","Protein GENE0257",0.6661,0.696128,0.227759,0,0.6425,6,3,FALSE,FALSE,FALSE
"GENE1322","GENE1322_HUMAN","P27742","Protein GENE1322",-0.0946,1,0.994189,0,0.0025,6,5,FALSE,FALSE,FALSE
"GENE0183","GENE0183_HUMAN","P01730","Protein GENE0183",0.0656,1,0.808131,0,0.0925,2,6,FALSE,FALSE,FALSE
"GENE0039","GENE0039_HUMAN","P14685","Protein GENE0039",0.2984,1,0.900838,0,0.0454,4,2,FALSE,FALSE,FALSE
"GENE2146","GENE2146_HUMAN","P35302","Protein GENE2146",-0.1488,0.487584,0.237211,0,0.6249,4,5,FALSE,FALSE,FALSE
"GENE2348","GENE2348_HUMAN","P09181","Protein GENE2348",-0.2885,1,0.913075,0,0.0395,4,6,TRUE,FALSE,FALSE
"GENE0024","GENE0024_HUMAN","P92146","Protein GENE0024",-0.6188,0.287704,0.161593,0.1889,0.7916,6,3,FALSE,FALSE,FALSE
"GENE1624","GENE1624_HUMAN","P50584","Protein GENE1624",-0.5512,1,0.747482,0,0.1264,6,2,TRUE,FALSE,FALSE
"GENE2492","GENE2492_HUMAN","P96250","Protein GENE2492",0.3503,1,0.722904,0,0.1409,4,4,FALSE,FALSE,FALSE
"GENE2613","GENE2613_HUMAN","P46872","Protein GENE2613",0.1254,0.088396,0.080564,0.7551,1.0939,2,3,FALSE,FALSE,FALSE
"GENE0852","GENE0852_HUMAN","P33770","Protein GENE0852",-0.058,0.243408,0.068571,0.9343,1.1639,4,6,FALSE,TRUE,FALSE
"GENE1804","GENE1804_HUMAN","P41098","Protein GENE1804",-0.1204,1,0.943902,0,0.0251,3,4,FALSE,FALSE,FALSE
"GENE1713","GENE1713_HUMAN","P22523","Protein GENE1713",-0.058,0.24168,0.149742,0.17,0.8247,2,5,FALSE,FALSE,FALSE
"GENE0826","GENE0826_HUMAN","P62151","Protein GENE0826",-0.4677,1,0.623843,0,0.2049,4,2,FALSE,FALSE,FALSE
"GENE1340","GENE1340_HUMAN","P67526","Protein GENE1340",0.1298,0.404324,0.172902,0.3004,0.7622,3,3,FALSE,FALSE,FALSE
"LARP5","LARP5_HUMAN","P36584","Protein LARP5",-0.0789,0.137044,0.07612,0.4215,1.1185,4,6,FALSE,FALSE,FALSE
"GENE2734","GENE2734_HUMAN","P09465","Protein GENE2734",0.0145,0.937922,0.224627,0.1104,0.6485,5,3,FALSE,FALSE,FALSE
"GENE2413","GENE2413_HUMAN","P41670","Protein GENE2413",-0.3292,1,0.606543,0,0.2171,3,4,FALSE,FALSE,FALSE
"GENE2386","GENE2386_HUMAN","P02738","Protein GENE2386",2.393,0.012772,0.004744,1.7199,2.3239,4,5,FALSE,FALSE,TRUE
"GENE2662","GENE2662_HUMAN","P25881","Protein GENE2662",-0.3696,1,0.418394,0.0192,0.3784,2,5,FALSE,FALSE,FALSE
"DDX41","DDX41_HUMAN","P95046","Protein DDX41",0.832,0.106547,0.039464,0.7593,1.4038,6,4,FALSE,TRUE,TRUE
"GENE1047","GENE1047_HUMAN","P69359","Protein GENE1047",0.066,1,0.474819,0,0.3235,3,4,FALSE,FALSE,FALSE
"GENE2383","GENE2383_HUMAN","P62883","Protein GENE2383",0.4345,0.653681,0.186669,0.3446,0.7289,2,5,FALSE,TRUE,FALSE
"GENE1544","GENE1544_HUMAN","P74946","Protein GENE1544",0.0806,0.404866,0.169048,0.287,0.772,2,4,FALSE,FALSE,FALSE
"GENE0389","GENE0389_HUMAN","P28638","Protein GENE0389",-0.2104,1,0.530995,0,0.2749,6,6,FALSE,FALSE,FALSE
"GENE1695","GENE1695_HUMAN","P89357","Protein GENE1695",4.1149,0.070754,0.036425,0.8117,1.4386,3,6,FALSE,FALSE,TRUE
"GENE1546","GENE1546_HUMAN","P53274","Protein GENE1546",-0.0351,1,0.832243,0.0557,0.0797,6,4,FALSE,FALSE,FALSE
"GENE2250","GENE2250_HUMAN","P32777","Protein GENE2250",0.7738,1,0.727085,0.0052,0.1384,3,6,FALSE,TRUE,FALSE
"GENE2522","GENE2522_HUMAN","P70967","Protein GENE2522",-0.4892,1,0.975383,0,0.0108,6,4,FALSE,FALSE,FALSE
"GENE1610","GENE1610_HUMAN","P17772","Protein GENE1610",-0.1091,0.831266,0.216382,0.0538,0.6648,2,3,FALSE,FALSE,FALSE
"GENE1233","GENE1233_HUMAN","P88729","Protein GENE1233",-0.0576,1,0.787066,0.028,0.104,5,5,FALSE,FALSE,FALSE
"GENE0935","GENE0935_HUMAN","P84106","Protein GENE0935",0.4435,0.892408,0.697658,0,0.1564,6,3,FALSE,FALSE,FALSE
"GENE0633","GENE0633_HUMAN","P25018","Protein GENE0633",-0.6173,0.971841,0.227144,0.0223,0.6437,6,2,TRUE,FALSE,FALSE
"GENE1826","GENE1826_HUMAN","P33910","Protein GENE1826",0.107,1,0.357001,0,0.4473,2,4,FALSE,FALSE,FALSE
"GENE2443","GENE2443_HUMAN","P52056","Protein GENE2443",0.2659,1,0.697334,0.0378,0.1566,2,2,FALSE,FALSE,FALSE
"GENE2106","GENE2106_HUMAN","P70085","Protein GENE2106",-0.5238,1,0.625129,0,0.204,2,4,FALSE,FALSE,FALSE
"GENE2837","GENE2837_HUMAN","P64167","Protein GENE2837",-0.0593,1,0.671495,0,0.173,3,4,FALSE,FALSE,FALSE
"GENE0064","GENE0064_HUMAN","P56656","Protein GENE0064",-0.326,0.385565,0.132365,0.1793,0.8782,6,2,FALSE,FALSE,FALSE
"GENE1966","GENE1966_HUMAN","P16601","Protein GENE1966",-0.2214,1,0.588878,0.1465,0.23,5,5,FALSE,FALSE,FALSE
"GENE0711","GENE0711_HUMAN","P39121","Protein GENE0711",2.6421,0.113406,0.043711,0.94,1.3594,2,6,FALSE,FALSE,TRUE
"GENE1190","GENE1190_HUMAN","P88492","Protein GENE1190",2.8576,0.043771,0.018585,1.4001,1.7308,5,4,FALSE,FALSE,TRUE
"GENE0069","GENE0069_HUMAN","P87160","Protein GENE0069",0.1987,0.534649,0.266188,0.4897,0.5748,3,4,FALSE,FALSE,FALSE
"GENE0896","GENE0896_HUMAN","P57833","Protein GENE0896",0.3449,1,0.367442,0.0586,0.4348,6,2,FALSE,FALSE,FALSE
"GENE0045","GENE0045_HUMAN","P42743","Protein GENE0045",0.2708,1,0.558438,0,0.253,6,5,FALSE,FALSE,FALSE
"GENE1167","GENE1167_HUMAN","P34525","Protein GENE1167",0.4663,1,0.906588,0,0.0426,5,6,FALSE,FALSE,FALSE
"UFSP2","UFSP2_HUMAN","P00078","Protein UFSP2",1.7267,0.040992,0.01443,1.2545,1.8407,5,5,FALSE,FALSE,TRUE
"GENE0139","GENE0139_HUMAN","P20990","Protein GENE0139",-0.9928,0.058528,0.020979,1.0084,1.6782,4,5,FALSE,FALSE,TRUE
"GENE0422","GENE0422_HUMAN","P03121","Protein GENE0422",-0.9435,0.985468,0.297994,0.0847,0.5258,5,5,FALSE,FALSE,FALSE
"GENE1270","GENE1270_HUMAN","P84550","Protein GENE1270",0.0765,0.774783,0.448148,0,0.3486,6,6,FALSE,FALSE,FALSE
"GENE1727","GENE1727_HUMAN","P52458","Protein GENE1727",0.7913,0.744235,0.282824,0.2637,0.5485,6,2,FALSE,FALSE,FALSE
"GENE2036","GENE2036_HUMAN","P43246","Protein GENE2036",0.7267,0.105247,0.043167,1.2609,1.3648,2,5,FALSE,FALSE,TRUE
"GENE2145","GENE2145_HUMAN","P16679","Protein GENE2145",0.1588,0.291145,0.133238,0.2734,0.8754,3,6,FALSE,TRUE,FALSE
"GENE1750","GENE1750_HUMAN","P66770","Protein GENE1750",0.8219,0.437811,0.357572,0,0.4466,6,5,FALSE,TRUE,FALSE
"GENE1739","GENE1739_HUMAN","P70580","Protein GENE1739",0.116,0.308222,0.090459,0.8085,1.0435,4,2,FALSE,FALSE,FALSE
"GENE0221","GENE0221_HUMAN","P29863","Protein GENE0221",-0.5136,1,0.392324,0,0.4064,4,2,FALSE,FALSE,FALSE
"GENE0718","GENE0718_HUMAN","P59391","Protein GENE0718",0.3599,1,0.476575,0,0.3219,6,4,FALSE,FALSE,FALSE
"GENE0620","GENE0620_HUMAN","P14815","Protein GENE0620",4.3687,0.141749,0.045202,1.2992,1.3448,4,5,FALSE,FALSE,TRUE
"GENE0526","GENE0526_HUMAN","P73698","Protein GENE0526",-0.4544,1,0.973424,0,0.0117,4,4,FALSE,FALSE,FALSE
"GENE2713","GENE2713_HUMAN","P69380","Protein GENE2713",-0.411,0.483192,0.37951,0.0348,0.4208,6,3,FALSE,FALSE,FALSE
