"Gene","Entry.Name","UniProt.ID","Description","logFC","P.Val","adj.P.Val","log.P.Val","log.adj.P.Val","n_data_points_BK516_Ctrl","n_data_points_BK516_Cflag","imputed_BK516_Cflag","imputed_BK516_Ctrl","is_significant"
"GENE1280","GENE1280_HUMAN","P93747","Protein GENE1280",-0.7386,1,0.607901,0,0.2162,5,6,FALSE,FALSE,FALSE
"GENE1297","GENE1297_HUMAN","P12271","Protein GENE1297",0.3167,0.50425,0.221729,0.3682,0.6542,4,2,FALSE,FALSE,FALSE
"GENE2149","GENE2149_HUMAN","P17620","Protein GENE2149",0.3718,0.556736,0.193782,0.0237,0.7127,6,6,FALSE,FALSE,FALSE
"GENE1571","GENE1571_HUMAN","P08691","Protein GENE1571",0.4607,1,0.572035,0,0.2426,4,5,FALSE,FALSE,FALSE
"GENE0250","GENE0250_HUMAN","P77301","Protein GENE0250",-0.1082,1,0.859651,0,0.0657,2,4,FALSE,FALSE,FALSE
"GENE1265","GENE1265_HUMAN","P12812","Protein GENE1265",-0.0311,0.338691,0.324738,0.1303,0.4885,3,2,FALSE,FALSE,FALSE
"GENE1636","GENE1636_HUMAN","P30327","Protein GENE1636",-0.5903,0.85104,0.171249,0.1435,0.7664,5,4,FALSE,FALSE,FALSE
"GENE0970","GENE0970_HUMAN","P74745","Protein GENE0970",0.0513,0.300352,0.197191,0.2724,0.7051,6,6,FALSE,FALSE,FALSE
"GENE2814","GENE2814_HUMAN","P86293","Protein GENE2814",-0.2511,1,0.847468,0,0.0719,2,5,FALSE,FALSE,FALSE
"GENE1581","GENE1581_HUMAN","P84526","Protein GENE1581",0.2457,0.809683,0.432885,0,0.3636,5,3,FALSE,FALSE,FALSE
"GENE1374","GENE1374_HUMAN","P07780","Protein GENE1374",-0.0848,1,0.397753,0.2759,0.4004,2,4,FALSE,FALSE,FALSE
"GENE0884","GENE0884_HUMAN","P65829","Protein GENE0884",0.2823,1,0.884571,0,0.0533,4,5,FALSE,FALSE,FALSE
"GENE2255","GENE2255_HUMAN","P28173","Protein GENE2255",-0.0834,1,0.570953,0,0.2434,4,4,FALSE,FALSE,FALSE
"GENE0336","GENE0336_HUMAN","P22638","Protein GENE0336",0.0627,0.110215,0.082488,0.6391,1.0836,3,6,FALSE,FALSE,FALSE
"GENE0828","GENE0828_HUMAN","P32828","Protein GENE0828",0.1057,1,0.913979,0,0.0391,4,5,FALSE,FALSE,FALSE
"GENE0678","GENE0678_HUMAN","P52453","Protein GENE0678",-0.1295,1,0.66763,0.0872,0.1755,5,2,FALSE,FALSE,FALSE
"GENE1444","GENE1444_HUMAN","P11399","Protein GENE1444",-0.3786,0.964289,0.290313,0.013,0.5371,6,5,FALSE,FALSE,FALSE
"GENE0998","GENE0998_HUMAN","P32327","Protein GENE0998",0.4217,1,0.322096,0.0357,0.492,3,3,FALSE,FALSE,FALSE
"GENE1364","GENE1364_HUMAN","P99082","Protein GENE1364",-0.004,1,0.796575,0,0.0988,2,2,FALSE,FALSE,FALSE
"GENE0808","GENE0808_HUMAN","P51528","Protein GENE0808",0.4144,0.130663,0.128717,0.7131,0.8904,4,4,FALSE,FALSE,FALSE
"GENE1647","GENE1647_HUMAN","P00021","Protein GENE1647",-0.1553,0.216059,0.105583,0.5448,0.9764,4,5,FALSE,FALSE,FALSE
"GENE1401","GENE1401_HUMAN","P87477","Protein GENE1401",-0.0059,0.237906,0.114689,0.3215,0.9405,4,5,FALSE,FALSE,FALSE
"GENE0098","GENE0098_HUMAN","P59461","Protein GENE0098",-0.1871,1,0.49738,0,0.3033,6,3,FALSE,FALSE,FALSE
"GENE1001","GENE1001_HUMAN","P88684","Protein GENE1001",-0.1041,1,0.76379,0,0.117,3,4,FALSE,FALSE,FALSE
"GENE0729","GENE0729_HUMAN","P04130","Protein GENE0729",0.1469,1,0.649325,0,0.1875,5,6,FALSE,TRUE,FALSE
"GENE1568","GENE1568_HUMAN","P25930","Protein GENE1568",0.1002,1,0.787171,0.0687,0.1039,2,2,FALSE,FALSE,FALSE
"GENE2081","GENE2081_HUMAN","P88368","Protein GENE2081",0.0997,0.682239,0.384915,0,0.4146,3,5,FALSE,FALSE,FALSE
"GENE1050","GENE1050_HUMAN","P42716","Protein GENE1050",-0.1376,0.947771,0.541475,0,0.2664,6,5,FALSE,FALSE,FALSE
"GENE0182","GENE0182_HUMAN","P64944","Protein GENE0182",-0.4871,1,0.509388,0.1513,0.293,6,4,FALSE,FALSE,FALSE
"GENE1841","GENE1841_HUMAN","P36934","Protein GENE1841",0.3013,0.607131,0.394332,0,0.4041,6,6,FALSE,FALSE,FALSE
"GENE2729","GENE2729_HUMAN","P79012","Protein GENE2729",-0.1157,1,0.773852,0,0.1113,2,4,FALSE,FALSE,FALSE
"GENE1633","GENE1633_HUMAN","P69876","Protein GENE1633",0.2375,1,0.337951,0,0.4711,6,2,FALSE,FALSE,FALSE
"GENE1352","GENE1352_HUMAN","P74082","Protein GENE1352",-0.6802,1,0.937577,0,0.028,4,3,FALSE,FALSE,FALSE
"DHX29","DHX29_HUMAN","P96654","Protein DHX29",-0.1527,1,0.325923,0,0.4869,2,2,TRUE,FALSE,FALSE
"GENE0637","GENE0637_HUMAN","P34314","Protein GENE0637",0.1691,0.718167,0.624918,0,0.2042,5,5,FALSE,FALSE,FALSE
"GENE0871","GENE0871_HUMAN","P55152","Protein GENE0871",-0.0175,1,0.665804,0,0.1767,2,5,FALSE,FALSE,FALSE
"GENE0878","GENE0878_HUMAN","P49596","Protein GENE0878",0.1561,1,0.549956,0.0964,0.2597,5,3,FALSE,FALSE,FALSE
"GENE1351","GENE1351_HUMAN","P55162","Protein GENE1351",-0.3424,1,0.429506,0.365,0.367,5,4,FALSE,FALSE,FALSE
"GENE2520","GENE2520_HUMAN","P09045","Protein GENE2520",-0.4675,1,0.960745,0,0.0174,5,2,FALSE,FALSE,FALSE
"GENE1383","GENE1383_HUMAN","P21730","Protein GENE1383",0.502,1,0.802801,0,0.0954,4,2,FALSE,FALSE,FALSE
"GENE1694","GENE1694_HUMAN","P85470","Protein GENE1694",0.2438,1,0.645896,0,0.1898,4,2,FALSE,FALSE,FALSE
"GENE1594","GENE1594_HUMAN","P93275","Protein GENE1594",-0.4504,0.748402,0.206384,0.675,0.6853,3,5,TRUE,FALSE,FALSE
"GENE1838","GENE1838_HUMAN","P67458","Protein GENE1838",-0.6072,1,0.440753,0.2174,0.3558,5,4,FALSE,FALSE,FALSE
"GENE1695","GENE1695_HUMAN","P98174","Protein GENE1695",0.0544,1,0.613836,0,0.2119,2,4,FALSE,TRUE,FALSE
"GENE1478","GENE1478_HUMAN","P69091","Protein GENE1478",0.3065,1,0.65909,0,0.1811,6,3,FALSE,FALSE,FALSE
"GENE1155","GENE1155_HUMAN","P04625","Protein GENE1155",-0.5109,1,0.628679,0,0.2016,2,4,FALSE,FALSE,FALSE
"GENE2497","GENE2497_HUMAN","P28411","Protein GENE2497",-0.7541,1,0.27697,3e-04,0.5576,2,3,FALSE,FALSE,FALSE
"GENE2565","GENE2565_HUMAN","P22086","Protein GENE2565",0.1453,1,0.835307,0,0.0782,3,5,FALSE,FALSE,FALSE
"GENE2742","GENE2742_HUMAN","P01922","Protein GENE2742",0.3553,0.487698,0.108689,0.3571,0.9638,2,2,FALSE,FALSE,FALSE
"GENE2016","GENE2016_HUMAN","P90455","Protein GENE2016",0.1175,1,0.999571,0,2e-04,3,4,FALSE,FALSE,FALSE
"GENE1295","GENE1295_HUMAN","P57545","Protein GENE1295",0.2076,0.745019,0.478302,0,0.3203,5,4,FALSE,FALSE,FALSE
"GENE1418","GENE1418_HUMAN","P63881","Protein GENE1418",-0.3946,1,0.312817,0.1141,0.5047,4,6,FALSE,FALSE,FALSE
"GENE1814","GENE1814_HUMAN","P37181","Protein GENE1814",0.3497,1,0.487273,0.2252,0.3122,6,2,FALSE,FALSE,FALSE
"GENE1505","GENE1505_HUMAN","P62459","Protein GENE1505",-0.6118,1,0.713895,0,0.1464,3,6,FALSE,FALSE,FALSE
"GENE1955","GENE1955_HUMAN","P67545","Protein GENE1955",0.6481,1,0.634526,0,0.1976,5,5,FALSE,TRUE,FALSE
"GENE2135","GENE2135_HUMAN","P33059","Protein GENE2135",-0.5614,1,0.751467,0.0409,0.1241,6,6,FALSE,FALSE,FALSE
"GENE2031","GENE2031_HUMAN","P59444","Protein GENE2031",-0.6336,0.78678,0.185697,0.3691,0.7312,6,6,FALSE,FALSE,FALSE
"GENE0004","GENE0004_HUMAN","P70742","Protein GENE0004",-0.5703,1,0.652832,0,0.1852,2,4,FALSE,FALSE,FALSE
"GENE2298","GENE2298_HUMAN","P20282","Protein GENE2298",-0.271,1,0.700566,0,0.1546,5,6,FALSE,FALSE,FALSE
"GENE1153","GENE1153_HUMAN","P67957","Protein GENE1153",0.6553,0.31549,0.099628,0.6705,1.0016,5,4,FALSE,FALSE,FALSE
"GENE1174","GENE1174_HUMAN","P54491","Protein GENE1174",-0.2525,1,0.75286,0,0.1233,2,2,FALSE,FALSE,FALSE
"GENE1348","GENE1348_HUMAN","P59045","Protein GENE1348",-0.5467,1,0.310539,0,0.5079,6,3,FALSE,FALSE,FALSE
"GENE0044","GENE0044_HUMAN","P47952","Protein GENE0044",-0.7032,1,0.818821,0,0.0868,3,2,TRUE,FALSE,FALSE
"GENE1808","GENE1808_HUMAN","P88021","Protein GENE1808",0.1318,0.828358,0.445793,0,0.3509,2,3,FALSE,FALSE,FALSE
"GENE0586","GENE0586_HUMAN","P65881","Protein GENE0586",-0.0496,1,0.603986,0.0357,0.219,3,6,FALSE,FALSE,FALSE
"GENE1482","GENE1482_HUMAN","P68319","Protein GENE1482",0.3065,0.467213,0.113646,0.4793,0.9444,6,5,FALSE,FALSE,FALSE
"GENE1481","GENE1481_HUMAN","P24271","Protein GENE1481",-0.1521,1,0.785075,0,0.1051,3,5,TRUE,FALSE,FALSE
"GENE1772","GENE1772_HUMAN","P23207","Protein GENE1772",0.0622,1,0.879462,0,0.0558,3,3,FALSE,FALSE,FALSE
"GENE0470","GENE0470_HUMAN","P19466","Protein GENE0470",0.3454,1,0.374464,0,0.4266,4,4,FALSE,FALSE,FALSE
"GENE1995","GENE1995_HUMAN","P71041","Protein GENE1995",-0.1771,1,0.829319,0,0.0813,2,2,TRUE,FALSE,FALSE
"GENE0444","GENE0444_HUMAN","P40808","Protein GENE0444",-0.064,1,0.538719,0.1019,0.2686,6,2,FALSE,FALSE,FALSE
"GENE0959","GENE0959_HUMAN","P03007","Protein GENE0959",0.3375,1,0.678625,0,0.1684,2,3,FALSE,TRUE,FALSE
"GENE1350","GENE1350_HUMAN","P75062","Protein GENE1350",-0.4479,0.13894,0.087267,0.8709,1.0591,6,3,FALSE,FALSE,FALSE
"GENE2251","GENE2251_HUMAN","P15470","Protein GENE2251",0.5248,1,0.572847,0,0.242,5,2,FALSE,TRUE,FALSE
"GENE1591","GENE1591_HUMAN","P48247","Protein GENE1591",0.368,1,0.631028,0,0.2,2,3,FALSE,FALSE,FALSE
"GENE0677","GENE0677_HUMAN","P64505","Protein GENE0677",-1.4023,0.052145,0.035938,0.8889,1.4445,2,2,FALSE,FALSE,TRUE
"GENE0838","GENE0838_HUMAN","P86535","Protein GENE0838",0.3001,1,0.924903,0,0.0339,5,2,FALSE,FALSE,FALSE
"GENE2166","GENE2166_HUMAN","P63954","Protein GENE2166",0.0389,1,0.85558,0,0.0677,5,3,TRUE,FALSE,FALSE
"GENE1942","GENE1942_HUMAN","P78432","Protein GENE1942",0.3593,0.343765,0.186833,0.0823,0.7285,6,5,FALSE,FALSE,FALSE
"GENE2833","GENE2833_HUMAN","P90010","Protein GENE2833",-0.3335,0.753309,0.170096,0.4979,0.7693,3,5,FALSE,FALSE,FALSE
"GENE0290","GENE0290_HUMAN","P03925","Protein GENE0290",0.2384,0.178029,0.114975,0.7782,0.9394,2,3,FALSE,FALSE,FALSE
"GENE0939","GENE0939_HUMAN","P68083","Protein GENE0939",0.0937,0.452842,0.110532,0.6193,0.9565,4,2,FALSE,TRUE,FALSE
"GENE1213","GENE1213_HUMAN","P48516","Protein GENE1213",0.5528,1,0.631507,0,0.1996,5,2,FALSE,FALSE,FALSE
"GENE0115","GENE0115_HUMAN","P10389","Protein GENE0115",-1.268,1,0.558501,0,0.253,2,4,FALSE,FALSE,FALSE
"GENE0882","GENE0882_HUMAN","P35844","Protein GENE0882",-0.9415,1,0.907595,0,0.0421,4,3,FALSE,FALSE,FALSE
"GENE2425","GENE2425_HUMAN","P80099","Protein GENE2425",0.2798,1,0.70411,0,0.1524,5,5,FALSE,FALSE,FALSE
"GENE1555","GENE1555_HUMAN","P12989","Protein GENE1555",0.3838,0.201818,0.195338,0.6396,0.7092,3,5,FALSE,FALSE,FALSE
"NCOA7","NCOA7_HUMAN","P14964","Protein NCOA7",1.4833,0.029191,0.005962,1.5893,2.2246,5,6,FALSE,FALSE,TRUE
"GENE1149","GENE1149_HUMAN","P60162","Protein GENE1149",0.2597,1,0.437574,0.2883,0.3589,2,3,FALSE,FALSE,FALSE
"GENE2236","GENE2236_HUMAN","P82499","Protein GENE2236",0.3302,1,0.307602,0.4816,0.512,5,3,FALSE,FALSE,FALSE
"GENE0591","GENE0591_HUMAN","P70000","Protein GENE0591",0.7115,1,0.688742,0,0.1619,3,4,TRUE,FALSE,FALSE
"GENE0545","GENE0545_HUMAN","P44726","Protein GENE0545",-0.2271,0.439495,0.394838,0,0.4036,4,4,FALSE,FALSE,FALSE
"GENE1054","GENE1054_HUMAN","P17641","Protein GENE1054",-0.1716,1,0.834561,0,0.0785,5,5,FALSE,FALSE,FALSE
"GENE1921","GENE1921_HUMAN","P33434","Protein GENE1921",0.2321,0.701258,0.462044,0.2449,0.3353,3,2,TRUE,FALSE,FALSE
"GENE1950","GENE1950_HUMAN","P39462","Protein GENE1950",-0.3776,0.828613,0.188235,0.1397,0.7253,6,6,FALSE,FALSE,FALSE
"GENE0953","GENE0953_HUMAN","P68292","Protein GENE0953",0.5762,0.62602,0.160374,0.1111,0.7949,5,3,FALSE,FALSE,FALSE
"GENE2097","GENE2097_HUMAN","P17892","Protein GENE2097",-0.0584,1,0.657768,0,0.1819,2,5,FALSE,FALSE,FALSE
"GENE1205","GENE1205_HUMAN","P32152","Protein GENE1205",-0.1377,1,0.590063,0,0.2291,2,4,FALSE,FALSE,FALSE
"GENE1186","GENE1186_HUMAN","P49244","Protein GENE1186",0.0204,1,0.738607,0.0274,0.1316,6,2,FALSE,FALSE,FALSE
"GENE2478","GENE2478_HUMAN","P17282","Protein GENE2478",-0.1103,0.514888,0.115339,0.3236,0.938,6,2,FALSE,FALSE,FALSE
"GENE1002","GENE1002_HUMAN","P55560","Protein GENE1002",-0.3526,0.910831,0.340832,0.0449,0.4675,6,3,FALSE,FALSE,FALSE
"GENE1774","GENE1774_HUMAN","P30836","Protein GENE1774",-1.0046,1,0.962794,0,0.0165,4,4,FALSE,FALSE,FALSE
"GENE0937","GENE0937_HUMAN","P88539","Protein GENE0937",-0.4094,1,0.721436,0,0.1418,2,4,FALSE,FALSE,FALSE
"GENE0318","GENE0318_HUMAN","P19915","Protein GENE0318",0.1044,1,0.872554,0,0.0592,6,4,FALSE,FALSE,FALSE
"GENE1516","GENE1516_HUMAN","P64799","Protein GENE1516",0.5328,0.962989,0.220363,0.0829,0.6569,5,6,FALSE,TRUE,FALSE
"GENE1583","GENE1583_HUMAN","P32490","Protein GENE1583",-0.1734,0.434936,0.348408,0.2791,0.4579,2,6,FALSE,FALSE,FALSE
"GENE0687","GENE0687_HUMAN","P87804","Protein GENE0687",0.0568,1,0.810951,0,0.091,2,5,FALSE,FALSE,FALSE
"GENE1519","GENE1519_HUMAN","P28295","Protein GENE1519",0.0137,0.35715,0.236388,0.2212,0.6264,3,3,FALSE,FALSE,FALSE
"GENE1578","GENE1578_HUMAN","P60984","Protein GENE1578",-0.5996,0.588387,0.287987,0.2146,0.5406,4,3,FALSE,FALSE,FALSE
"GENE2420","GENE2420_HUMAN","P54311","Protein GENE2420",0.0503,1,0.750327,0,0.1247,6,3,FALSE,FALSE,FALSE
"GENE1262","GENE1262_HUMAN","P28428","Protein GENE1262",0.4153,0.448213,0.132721,0.6565,0.8771,3,2,FALSE,FALSE,FALSE
"GPATCH3","GPATCH3_HUMAN","P71862","Protein GPATCH3",0.7292,1,0.575411,0,0.24,2,3,FALSE,FALSE,FALSE
"GENE0334","GENE0334_HUMAN","P04786","Protein GENE0334",0.2437,1,0.97422,0,0.0113,5,5,FALSE,FALSE,FALSE
"GENE0769","GENE0769_HUMAN","P62688","Protein GENE0769",0.3033,0.509172,0.270759,0.4159,0.5674,3,2,FALSE,FALSE,FALSE
"GENE0148","GENE0148_HUMAN","P30260","Protein GENE0148",-0.6807,1,0.890257,0,0.0505,2,5,FALSE,FALSE,FALSE
"GENE0055","GENE0055_HUMAN","P00276","Protein GENE0055",-0.3026,1,0.84105,0,0.0752,6,3,FALSE,FALSE,FALSE
"GENE0561","GENE0561_HUMAN","P14428","Protein GENE0561",0.1359,0.379181,0.1032,0.3216,0.9863,2,4,FALSE,FALSE,FALSE
"GENE1027","GENE1027_HUMAN","P96839","Protein GENE1027",0.0396,0.797946,0.206789,0.2929,0.6845,4,4,FALSE,FALSE,FALSE
"GENE2703","GENE2703_HUMAN","P41825","Protein GENE2703",0.5201,0.646417,0.404045,0.3349,0.3936,6,4,FALSE,FALSE,FALSE
"GENE2115","GENE2115_HUMAN","P25588","Protein GENE2115",-0.1122,1,0.628105,0,0.202,2,3,FALSE,FALSE,FALSE
"GENE2249","GENE2249_HUMAN","P36010","Protein GENE2249",-0.3878,1,0.418148,0,0.3787,3,6,FALSE,FALSE,FALSE
"GENE2468","GENE2468_HUMAN","P94759","Protein GENE2468",0.4967,1,0.604376,0,0.2187,2,3,FALSE,FALSE,FALSE
"GENE2479","GENE2479_HUMAN","P31501","Protein GENE2479",-0.7475,1,0.829135,0,0.0814,2,4,FALSE,FALSE,FALSE
"GENE1058","GENE1058_HUMAN","P53504","Protein GENE1058",0.2667,1,0.383024,0,0.4168,6,2,FALSE,FALSE,FALSE
"GENE2675","GENE2675_HUMAN","P44754","Protein GENE2675",0.5243,1,0.448663,0,0.3481,6,6,FALSE,FALSE,FALSE
"GENE0477","GENE0477_HUMAN","P96408","Protein GENE0477",0.2355,1,0.919882,0,0.0363,5,3,FALSE,FALSE,FALSE
"GENE2079","GENE2079_HUMAN","P50600","Protein GENE2079",-0.0391,1,0.693474,0,0.159,6,3,FALSE,FALSE,FALSE
"GENE2040","GENE2040_HUMAN","P71061","Protein GENE2040",-0.7724,1,0.925943,0,0.0334,4,5,FALSE,FALSE,FALSE
"GENE1867","GENE1867_HUMAN","P27101","Protein GENE1867",1.2751,1,0.586272,0,0.2319,5,5,FALSE,FALSE,FALSE
"GENE1106","GENE1106_HUMAN","P99989","Protein GENE1106",0.7196,0.061238,0.013739,1.3193,1.862,5,2,FALSE,FALSE,TRUE
"GENE0091","GENE0091_HUMAN","P86770","Protein GENE0091",-0.1098,0.185994,0.061878,1.1674,1.2085,2,4,FALSE,FALSE,FALSE
"GENE2549","GENE2549_HUMAN","P36849","Protein GENE2549",0.5906,1,0.538228,0,0.269,4,5,FALSE,FALSE,FALSE
"GENE0627","GENE0627_HUMAN","P20678","Protein GENE0627",0.8026,1,0.977256,0,0.01,3,2,FALSE,FALSE,FALSE
"GENE0829","GENE0829_HUMAN","P55264","Protein GENE0829",0.3888,1,0.760598,0,0.1188,5,6,FALSE,FALSE,FALSE
"GENE2196","GENE2196_HUMAN","P11765","Protein GENE2196",0.0606,1,0.592058,0,0.2276,4,4,FALSE,FALSE,FALSE
"GENE0494","GENE0494_HUMAN","P40177","Protein GENE0494",0.2079,1,0.950369,0,0.0221,2,3,TRUE,FALSE,FALSE
"GENE2618","GENE2618_HUMAN","P01666","Protein GENE2618",0.4729,0.979139,0.264655,0.4367,0.5773,4,2,FALSE,TRUE,FALSE
"GENE0039","GENE0039_HUMAN","P11591","Protein GENE0039",-0.1371,1,0.410342,0,0.3869,5,4,FALSE,FALSE,FALSE
"GENE0114","GENE0114_HUMAN","P63664","Protein GENE0114",-0.4112,1,0.943381,0,0.0253,6,6,FALSE,FALSE,FALSE
"GENE2548","GENE2548_HUMAN","P19626","Protein GENE2548",0.0989,1,0.420385,0,0.3764,5,6,FALSE,FALSE,FALSE
"GENE1729","GENE1729_HUMAN","P94216","Protein GENE1729",0.6795,1,0.673402,0,0.1717,2,2,FALSE,FALSE,FALSE
"GENE0390","GENE0390_HUMAN","P81650","Protein GENE0390",0.5408,1,0.899335,0,0.0461,2,4,FALSE,FALSE,FALSE
"GENE0030","GENE0030_HUMAN","P83252","Protein GENE0030",-0.3658,1,0.269364,0.2148,0.5697,3,2,FALSE,FALSE,FALSE
"GENE0155","GENE0155_HUMAN","P04768","Protein GENE0155",0.3656,0.082925,0.064727,0.7308,1.1889,3,6,FALSE,FALSE,FALSE
"GENE1526","GENE1526_HUMAN","P18877","Protein GENE1526",-0.1415,0.834418,0.581888,0,0.2352,5,5,FALSE,FALSE,FALSE
"GENE1773","GENE1773_HUMAN","P24890","Protein GENE1773",0.8624,1,0.40069,0,0.3972,4,5,FALSE,TRUE,FALSE
"GENE1836","GENE1836_HUMAN","P15541","Protein GENE1836",3.4775,0.196054,0.040874,0.7598,1.3886,5,2,FALSE,FALSE,TRUE
"GENE1169","GENE1169_HUMAN","P35949","Protein GENE1169",0.5168,1,0.930992,0,0.0311,4,6,FALSE,FALSE,FALSE
"GENE0358","GENE0358_HUMAN","P67003","Protein GENE0358",0.0317,1,0.523682,3e-04,0.2809,5,2,FALSE,FALSE,FALSE
"GENE2528","GENE2528_HUMAN","P92139","Protein GENE2528",-0.1701,0.636156,0.135265,0.2805,0.8688,3,2,FALSE,FALSE,FALSE
"GENE1692","GENE1692_HUMAN","P60580","Protein GENE1692",0.2393,1,0.468154,0.2251,0.3296,4,6,FALSE,FALSE,FALSE
"DHX9","DHX9_HUMAN","P16591","Protein DHX9",0.4168,1,0.810315,0,0.0913,3,2,FALSE,FALSE,FALSE
"GENE1906","GENE1906_HUMAN","P20315","Protein GENE1906",0.7979,1,0.801024,0,0.0964,2,6,FALSE,FALSE,FALSE
"TRIP4","TRIP4_HUMAN","P18928","Protein TRIP4",-0.4878,1,0.815247,0,0.0887,6,2,FALSE,FALSE,FALSE
"GENE1044","GENE1044_HUMAN","P96464","Protein GENE1044",-0.2303,0.45351,0.134573,0.2988,0.871,4,2,FALSE,FALSE,FALSE
"GENE1336","GENE1336_HUMAN","P25398","Protein GENE1336",-0.5765,0.921226,0.29158,0.075,0.5352,4,6,FALSE,FALSE,FALSE
"GENE1176","GENE1176_HUMAN","P45444","Protein GENE1176",-0.1338,1,0.627794,0,0.2022,2,6,FALSE,FALSE,FALSE
"GENE2269","GENE2269_HUMAN","P90034","Protein GENE2269",0.0647,1,0.949127,0,0.0227,2,4,FALSE,FALSE,FALSE
"GENE0086","GENE0086_HUMAN","P20657","Protein GENE0086",-0.0557,0.672708,0.255639,0.1025,0.5924,5,2,TRUE,FALSE,FALSE
"DDX50","DDX50_HUMAN","P95874","Protein DDX50",0.0373,0.719436,0.619557,0,0.2079,5,6,FALSE,TRUE,FALSE
"GENE0272","GENE0272_HUMAN","P41526","Protein GENE0272",0.0822,0.201955,0.159757,0.1333,0.7965,3,4,FALSE,FALSE,FALSE
"GENE2296","GENE2296_HUMAN","P26057","Protein GENE2296",-0.187,1,0.405214,0,0.3923,5,4,FALSE,FALSE,FALSE
"GENE2780","GENE2780_HUMAN","P87863","Protein GENE2780",0.7261,1,0.790283,0,0.1022,6,3,FALSE,TRUE,FALSE
"GENE2727","GENE2727_HUMAN","P19375","Protein GENE2727",-0.9697,1,0.744944,0,0.1279,3,5,FALSE,FALSE,FALSE
"GENE2122","GENE2122_HUMAN","P93562","Protein GENE2122",-0.0603,1,0.769794,0,0.1136,2,2,FALSE,TRUE,FALSE
"GENE0831","GENE0831_HUMAN","P60621","Protein GENE0831",-0.1328,1,0.321193,0,0.4932,3,4,FALSE,FALSE,FALSE
"GENE0423","GENE0423_HUMAN","P86051","Protein GENE0423",0.203,1,0.961409,0,0.0171,4,4,FALSE,FALSE,FALSE
"GENE1258","GENE1258_HUMAN","P99699","Protein GENE1258",0.1889,1,0.853146,0,0.069,2,4,FALSE,FALSE,FALSE
"GENE2695","GENE2695_HUMAN","P28177","Protein GENE2695",0.4605,0.32821,0.236199,0,0.6267,3,6,TRUE,FALSE,FALSE
"GENE1702","GENE1702_HUMAN","P85616","Protein GENE1702",0.5248,0.26386,0.17604,0.4808,0.7544,6,4,FALSE,TRUE,FALSE
"GENE2738","GENE2738_HUMAN","P14585","Protein GENE2738",0.0611,1,0.413884,0,0.3831,3,6,FALSE,FALSE,FALSE
"GENE2004","GENE2004_HUMAN","P95908","Protein GENE2004",0.0767,0.484692,0.28524,0.09,0.5448,4,5,FALSE,FALSE,FALSE
"GENE1417","GENE1417_HUMAN","P76356","Protein GENE1417",-0.1685,1,0.848136,0,0.0715,2,5,FALSE,FALSE,FALSE
"NCOA1","NCOA1_HUMAN","P38036","Protein NCOA1",2.179,0.05142,0.02391,1.0737,1.6214,6,2,FALSE,FALSE,TRUE
"GENE0830","GENE0830_HUMAN","P98404","Protein GENE0830",-0.3909,1,0.939211,0,0.0272,4,2,FALSE,FALSE,FALSE
"GENE2336","GENE2336_HUMAN","P51545","Protein GENE2336",0.1191,1,0.759006,0,0.1198,4,2,FALSE,FALSE,FALSE
"GENE0750","GENE0750_HUMAN","P08443","Protein GENE0750",0.417,0.358404,0.134499,0.3245,0.8713,6,2,FALSE,FALSE,FALSE
"GENE1165","GENE1165_HUMAN","P49283","Protein GENE1165",0.44,1,0.673316,0,0.1718,2,5,FALSE,FALSE,FALSE
"GENE2007","GENE2007_HUMAN","P13918","Protein GENE2007",0.4118,1,0.592026,0,0.2277,2,3,FALSE,FALSE,FALSE
"GENE1751","GENE1751_HUMAN","P45062","Protein GENE1751",-0.2664,1,0.854764,0,0.0682,3,2,FALSE,FALSE,FALSE
"GENE1561","GENE1561_HUMAN","P05362","Protein GENE1561",-0.3435,0.498714,0.102647,0.4676,0.9887,4,5,FALSE,FALSE,FALSE
"GENE1871","GENE1871_HUMAN","P03434","Protein GENE1871",-0.594,0.998625,0.456946,0.0526,0.3401,6,6,TRUE,FALSE,FALSE
"GENE1057","GENE1057_HUMAN","P63130","Protein GENE1057",0.0872,0.593962,0.336138,0,0.4735,4,6,FALSE,FALSE,FALSE
"GENE2235","GENE2235_HUMAN","P35358","Protein GENE2235",0.1968,0.272758,0.066048,0.7526,1.1801,6,5,FALSE,FALSE,FALSE
"GENE1360","GENE1360_HUMAN","P97726","Protein GENE1360",0.5243,1,0.927214,0,0.0328,2,5,FALSE,FALSE,FALSE
"GENE0238","GENE0238_HUMAN","P02090","Protein GENE0238",0.0265,0.484352,0.183202,0.1416,0.7371,4,4,FALSE,FALSE,FALSE
"AGGF1","AGGF1_HUMAN","P63722","Protein AGGF1",-0.3836,1,0.624181,0,0.2047,4,4,FALSE,FALSE,FALSE
"GENE0260","GENE0260_HUMAN","P49790","Protein GENE0260",0.4853,1,0.903064,0,0.0443,5,4,FALSE,FALSE,FALSE
"GENE0310","GENE0310_HUMAN","P92657","Protein GENE0310",-0.0664,1,0.762856,0,0.1176,4,2,FALSE,FALSE,FALSE
"GENE0961","GENE0961_HUMAN","P09226","Protein GENE0961",0.5621,1,0.543048,0.0445,0.2652,2,2,FALSE,FALSE,FALSE
"GENE2152","GENE2152_HUMAN","P34189","Protein GENE2152",0.1028,0.99082,0.317435,0.2562,0.4983,5,5,FALSE,FALSE,FALSE
"GENE0923","GENE0923_HUMAN","P04617","Protein GENE0923",0.9517,1,0.77515,0,0.1106,4,5,FALSE,TRUE,FALSE
"GENE1530","GENE1530_HUMAN","P53221","Protein GENE1530",0.4761,0.980646,0.3458,0.2563,0.4612,3,3,FALSE,FALSE,FALSE
"GENE1299","GENE1299_HUMAN","P76391","Protein GENE1299",-0.2896,0.924595,0.366379,0.026,0.4361,3,4,FALSE,FALSE,FALSE
"GENE1672","GENE1672_HUMAN","P53934","Protein GENE1672",-0.2009,1,0.756845,0,0.121,2,4,FALSE,FALSE,FALSE
"GENE0398","GENE0398_HUMAN","P10028","Protein GENE0398",-0.5972,0.479157,0.164434,0.1018,0.784,4,4,FALSE,FALSE,FALSE
"GENE2749","GENE2749_HUMAN","P48974","Protein GENE2749",-0.3243,0.265745,0.121257,0.6119,0.9163,3,6,FALSE,FALSE,FALSE
"GENE1000","GENE1000_HUMAN","P46867","Protein GENE1000",0.1521,0.786531,0.252316,0.0676,0.5981,3,4,FALSE,FALSE,FALSE
"GENE0134","GENE0134_HUMAN","P85895","Protein GENE0134",-0.0291,1,0.514992,0,0.2882,2,6,FALSE,FALSE,FALSE
"GENE2203","GENE2203_HUMAN","P32514","Protein GENE2203",-0.4748,0.756257,0.314565,0,0.5023,2,6,FALSE,FALSE,FALSE
"GENE2076","GENE2076_HUMAN","P57425","Protein GENE2076",0.1139,0.6963,0.496577,0,0.304,4,2,TRUE,FALSE,FALSE
"GENE0074","GENE0074_HUMAN","P19149","Protein GENE0074",-0.152,1,0.920192,0,0.0361,5,3,FALSE,FALSE,FALSE
"GENE2606","GENE2606_HUMAN","P05865","Protein GENE2606",0.369,1,0.734927,0,0.1338,2,6,FALSE,FALSE,FALSE
"GENE0152","GENE0152_HUMAN","P90407","Protein GENE0152",-2.8638,0.100933,0.02271,0.9808,1.6438,3,3,FALSE,FALSE,TRUE
"GENE0743","GENE0743_HUMAN","P99010","Protein GENE0743",0.2268,1,0.939144,0,0.0273,5,2,FALSE,FALSE,FALSE
"GENE0589","GENE0589_HUMAN","P80968","Protein GENE0589",-0.2318,0.381027,0.153352,0.4482,0.8143,4,6,FALSE,FALSE,FALSE
"GENE0265","GENE0265_HUMAN","P19253","Protein GENE0265",0.4137,1,0.959281,0,0.0181,5,4,FALSE,FALSE,FALSE
"GENE0633","GENE0633_HUMAN","P28873","Protein GENE0633",0.2245,1,0.565214,0,0.2478,4,4,FALSE,FALSE,FALSE
"GENE1470","GENE1470_HUMAN","P00856","Protein GENE1470",-0.213,1,0.82618,0,0.0829,4,6,FALSE,FALSE,FALSE
"GENE1949","GENE1949_HUMAN","P99006","Protein GENE1949",0.3475,0.488403,0.374704,0,0.4263,5,2,FALSE,FALSE,FALSE
"GENE1946","GENE1946_HUMAN","P46006","Protein GENE1946",0.3797,1,0.435954,0.3301,0.3606,6,3,FALSE,FALSE,FALSE
"GENE0749","GENE0749_HUMAN","P94370","Protein GENE0749",0.2766,1,0.98645,0,0.0059,5,4,FALSE,FALSE,FALSE
"GENE1341","GENE1341_HUMAN","P76768","Protein GENE1341",0.3529,1,0.757792,0,0.1204,3,6,FALSE,FALSE,FALSE
"GENE1963","GENE1963_HUMAN","P76110","Protein GENE1963",0.0093,1,0.478179,0,0.3204,2,2,FALSE,FALSE,FALSE
"GENE1959","GENE1959_HUMAN","P66254","Protein GENE1959",0.6335,0.965638,0.196311,0.0983,0.7071,6,4,FALSE,FALSE,FALSE
"GENE0396","GENE0396_HUMAN","P71821","Protein GENE0396",1.3238,0.11397,0.031703,1.2166,1.4989,2,2,FALSE,FALSE,TRUE
"GENE2119","GENE2119_HUMAN","P48880","Protein GENE2119",0.6676,1,0.542914,0,0.2653,3,5,FALSE,FALSE,FALSE
"GENE0526","GENE0526_HUMAN","P81715","Protein GENE0526",0.2371,1,0.753629,0,0.1228,5,2,FALSE,FALSE,FALSE
"GENE1845","GENE1845_HUMAN","P73259","Protein GENE1845",0.0029,0.673684,0.57215,0.0887,0.2425,3,5,TRUE,TRUE,FALSE
"GENE2139","GENE2139_HUMAN","P70864","Protein GENE2139",-0.427,0.852652,0.270754,0.2857,0.5674,6,4,FALSE,FALSE,FALSE
"GENE2118","GENE2118_HUMAN","P45210","Protein GENE2118",0.3137,0.907873,0.319611,0.0893,0.4954,6,2,TRUE,FALSE,FALSE
"GENE2798","GENE2798_HUMAN","P88787","Protein GENE2798",-0.3078,1,0.26844,0.1064,0.5712,6,5,FALSE,FALSE,FALSE
"GENE2826","GENE2826_HUMAN","P34916","Protein GENE2826",-0.1396,1,0.853686,0,0.0687,2,3,FALSE,FALSE,FALSE
"GENE1180","GENE1180_HUMAN","P44805","Protein GENE1180",0.0036,0.840442,0.32445,0,0.4889,4,2,FALSE,FALSE,FALSE
"GENE1799","GENE1799_HUMAN","P45951","Protein GENE1799",0.102,1,0.446001,0,0.3507,2,4,FALSE,TRUE,FALSE
"GENE2015","GENE2015_HUMAN","P48588","Protein GENE2015",-4.0339,0.06888,0.042582,0.7102,1.3708,6,6,FALSE,FALSE,TRUE
"GENE0079","GENE0079_HUMAN","P93199","Protein GENE0079",-0.1196,1,0.925797,0.0313,0.0335,4,4,TRUE,FALSE,FALSE
"GENE2229","GENE2229_HUMAN","P00127","Protein GENE2229",0.2341,0.583527,0.263183,0.2926,0.5797,4,5,FALSE,FALSE,FALSE
"GENE1515","GENE1515_HUMAN","P57164","Protein GENE1515",0.0553,1,0.773713,0,0.1114,3,5,FALSE,FALSE,FALSE
"GENE0127","GENE0127_HUMAN","P65164","Protein GENE0127",0.0564,1,0.560685,0.0852,0.2513,2,5,FALSE,FALSE,FALSE
"GENE0768","GENE0768_HUMAN","P07816","Protein GENE0768",-0.0753,1,0.696923,0,0.1568,6,6,FALSE,FALSE,FALSE
"GENE0509","GENE0509_HUMAN","P20275","Protein GENE0509",-0.7339,1,0.884237,0,0.0534,6,3,FALSE,TRUE,FALSE
"GENE1072","GENE1072_HUMAN","P08092","Protein GENE1072",-0.0717,0.181534,0.178619,0.4081,0.7481,2,2,TRUE,FALSE,FALSE
"GENE0440","GENE0440_HUMAN","P43373","Protein GENE0440",-0.3168,1,0.726043,0,0.139,4,2,FALSE,FALSE,FALSE
"GENE0372","GENE0372_HUMAN","P46141","Protein GENE0372",-0.4025,0.242132,0.06438,0.7209,1.1912,5,6,FALSE,FALSE,FALSE
"GENE1274","GENE1274_HUMAN","P14854","Protein GENE1274",-0.1725,1,0.556369,0,0.2546,6,2,FALSE,FALSE,FALSE
"GENE1216","GENE1216_HUMAN","P07613","Protein GENE1216",-0.2021,0.296676,0.104762,0.9413,0.9798,5,4,FALSE,FALSE,FALSE
"GENE1823","GENE1823_HUMAN","P14851","Protein GENE1823",-0.4385,1,0.535977,0,0.2709,4,3,FALSE,FALSE,FALSE
"GENE2095","GENE2095_HUMAN","P31713","Protein GENE2095",0.2397,1,0.858125,0,0.0664,6,4,FALSE,FALSE,FALSE
"GENE1426","GENE1426_HUMAN","P61910","Protein GENE1426",-0.4566,0.432654,0.158935,0.4692,0.7988,4,4,FALSE,FALSE,FALSE
"GENE0103","GENE0103_HUMAN","P27595","Protein GENE0103",0.104,0.628613,0.175864,0.549,0.7548,3,4,FALSE,FALSE,FALSE
"GENE2625","GENE2625_HUMAN","P32130","Protein GENE2625",-0.0287,0.146822,0.091328,0.3929,1.0394,3,6,TRUE,FALSE,FALSE
"GENE2650","GENE2650_HUMAN","P46940","Protein GENE2650",0.1599,1,0.796531,0,0.0988,3,3,FALSE,FALSE,FALSE
"GENE0608","GENE0608_HUMAN","P64844","Protein GENE0608",-0.1124,0.660482,0.234519,0,0.6298,6,3,FALSE,FALSE,FALSE
"GENE1987","GENE1987_HUMAN","P55681","Protein GENE1987",-0.054,1,0.912726,0,0.0397,3,6,FALSE,TRUE,FALSE
"GENE2246","GENE2246_HUMAN","P72099","Protein GENE2246",0.3961,1,0.306861,0.1939,0.5131,4,6,FALSE,FALSE,FALSE
"NEK1","NEK1_HUMAN","P60904","Protein NEK1",-0.3734,1,0.862039,0.0571,0.0645,3,2,FALSE,FALSE,FALSE
"GENE0997","GENE0997_HUMAN","P94647","Protein GENE0997",0.0293,1,0.744255,0,0.1283,5,6,FALSE,FALSE,FALSE
"GENE2179","GENE2179_HUMAN","P08227","Protein GENE2179",-0.2025,1,0.905303,0,0.0432,6,6,FALSE,FALSE,FALSE
"GENE2055","GENE2055_HUMAN","P73305","Protein GENE2055",-0.2652,0.250427,0.084341,0.6456,1.074,4,6,FALSE,FALSE,FALSE
"GENE2885","GENE2885_HUMAN","P57116","Protein GENE2885",0.2416,1,0.726286,0,0.1389,6,3,FALSE,FALSE,FALSE
"GENE2009","GENE2009_HUMAN","P57874","Protein GENE2009",0.0142,0.676073,0.349455,0,0.4566,4,3,FALSE,FALSE,FALSE
"GENE0117","GENE0117_HUMAN","P50260","Protein GENE0117",0.0815,1,0.346,0,0.4609,5,4,FALSE,FALSE,FALSE
"GENE2011","GENE2011_HUMAN","P41345","Protein GENE2011",-0.7304,1,0.533178,0,0.2731,5,6,TRUE,FALSE,FALSE
"GENE2487","GENE2487_HUMAN","P48705","Protein GENE2487",0.185,0.479751,0.248534,0.001,0.6046,5,3,FALSE,FALSE,FALSE
"GENE1984","GENE1984_HUMAN","P62646","Protein GENE1984",-0.7147,1,0.427184,0,0.3694,6,4,FALSE,FALSE,FALSE
"GENE1938","GENE1938_HUMAN","P59694","Protein GENE1938",-0.3234,1,0.958841,0,0.0183,6,6,FALSE,FALSE,FALSE
"GENE1138","GENE1138_HUMAN","P33955","Protein GENE1138",0.0236,0.949558,0.2385,0.0783,0.6225,2,3,FALSE,FALSE,FALSE
"GENE1447","GENE1447_HUMAN","P75091","Protein GENE1447",-0.4087,1,0.856743,0,0.0671,4,2,FALSE,TRUE,FALSE
"GENE1003","GENE1003_HUMAN","P20846","Protein GENE1003",0.245,1,0.924324,0,0.0342,2,3,FALSE,FALSE,FALSE
"GENE0439","GENE0439_HUMAN","P54440","Protein GENE0439",-0.1739,1,0.823379,0,0.0844,4,6,FALSE,FALSE,FALSE
"GENE1389","GENE1389_HUMAN","P65547","Protein GENE1389",0.1152,1,0.572775,0,0.242,6,6,TRUE,FALSE,FALSE
"GENE0099","GENE0099_HUMAN","P40781","Protein GENE0099",-0.165,0.349501,0.089377,0.4173,1.0488,4,5,TRUE,FALSE,FALSE
"GENE0644","GENE0644_HUMAN","P16131","Protein GENE0644",-0.2673,1,0.240667,0.0571,0.6186,4,5,FALSE,FALSE,FALSE
"GENE0326","GENE0326_HUMAN","P10820","Protein GENE0326",-0.8571,1,0.595795,0,0.2249,6,4,FALSE,FALSE,FALSE
"GENE1225","GENE1225_HUMAN","P06479","Protein GENE1225",-0.0753,0.747219,0.241365,0.4362,0.6173,2,3,FALSE,FALSE,FALSE
"GENE0846","GENE0846_HUMAN","P85469","Protein GENE0846",-0.1058,1,0.372445,0,0.4289,2,6,FALSE,FALSE,FALSE
"GENE0680","GENE0680_HUMAN","P87647","Protein GENE0680",1.2472,0.584279,0.217168,0.5704,0.6632,3,6,FALSE,FALSE,FALSE
"GENE1377","GENE1377_HUMAN","P67113","Protein GENE1377",-0.0709,0.263616,0.106366,0.5379,0.9732,3,6,FALSE,FALSE,FALSE
"GENE1813","GENE1813_HUMAN","P36688","Protein GENE1813",-0.032,1,0.739264,0,0.1312,2,5,FALSE,FALSE,FALSE
"GENE1657","GENE1657_HUMAN","P32506","Protein GENE1657",-0.1809,1,0.749529,0,0.1252,4,5,FALSE,FALSE,FALSE
"GENE2597","GENE2597_HUMAN","P38205","Protein GENE2597",0.5036,1,0.469344,0.1517,0.3285,5,5,FALSE,FALSE,FALSE
"GENE2078","GENE2078_HUMAN","P02411","Protein GENE2078",-0.3766,1,0.530989,0,0.2749,5,6,FALSE,FALSE,FALSE
"GENE1148","GENE1148_HUMAN","P70899","Protein GENE1148",-0.0933,1,0.552782,0.1805,0.2574,2,5,TRUE,FALSE,FALSE
"GENE1629","GENE1629_HUMAN","P18710","Protein GENE1629",-0.2352,0.461046,0.20781,0.2463,0.6823,2,2,FALSE,FALSE,FALSE
"GENE0672","GENE0672_HUMAN","P15618","Protein GENE0672",1.03,1,0.498578,0.2119,0.3023,4,5,FALSE,FALSE,FALSE
"GENE0527","GENE0527_HUMAN","P52963","Protein GENE0527",0.4583,1,0.611293,0.2055,0.2138,2,4,FALSE,FALSE,FALSE
"GENE1828","GENE1828_HUMAN","P89695","Protein GENE1828",-0.0578,1,0.83589,0,0.0779,6,4,FALSE,FALSE,FALSE
"GENE0060","GENE0060_HUMAN","P34241","Protein GENE0060",0.2963,1,0.831849,0,0.08,4,3,FALSE,FALSE,FALSE
"GENE2140","GENE2140_HUMAN","P07588","Protein GENE2140",0.0296,0.851432,0.401251,0,0.3966,3,3,FALSE,FALSE,FALSE
"GENE1610","GENE1610_HUMAN","P09736","Protein GENE1610",0.0867,0.529588,0.171823,0.7186,0.7649,4,2,FALSE,FALSE,FALSE
"GENE0346","GENE0346_HUMAN","P03189","Protein GENE0346",0.2406,0.885633,0.389459,0.0711,0.4095,6,3,FALSE,FALSE,FALSE
"GENE2051","GENE2051_HUMAN","P12278","Protein GENE2051",-1.0696,1,0.662681,0.1178,0.1787,5,2,FALSE,FALSE,FALSE
"GENE2144","GENE2144_HUMAN","P48098","Protein GENE2144",0.643,1,0.553911,0,0.2566,4,2,FALSE,FALSE,FALSE
"GENE0328","GENE0328_HUMAN","P54046","Protein GENE0328",-0.3087,1,0.56878,0,0.2451,2,2,FALSE,FALSE,FALSE
"GENE0162","GENE0162_HUMAN","P62557","Protein GENE0162",-0.3814,1,0.826497,0,0.0828,5,5,FALSE,FALSE,FALSE
"GENE2318","GENE2318_HUMAN","P86489","Protein GENE2318",0.0188,1,0.957805,0,0.0187,6,3,FALSE,FALSE,FALSE
"GENE1373","GENE1373_HUMAN","P64677","Protein GENE1373",-0.0211,1,0.868208,0,0.0614,3,6,FALSE,FALSE,FALSE
"GENE0739","GENE0739_HUMAN","P27288","Protein GENE0739",-2.8724,0.037328,0.034674,1.0948,1.46,4,5,FALSE,FALSE,TRUE
"GENE2173","GENE2173_HUMAN","P62532","Protein GENE2173",-0.1813,0.599334,0.340118,0.3164,0.4684,5,6,FALSE,FALSE,FALSE
"GENE0857","GENE0857_HUMAN","P07290","Protein GENE0857",0.4034,1,0.999137,0,4e-04,3,6,FALSE,TRUE,FALSE
"GENE1496","GENE1496_HUMAN","P48561","Protein GENE1496",-0.3009,1,0.903541,0,0.0441,4,6,FALSE,FALSE,FALSE
"GENE0382","GENE0382_HUMAN","P92932","Protein GENE0382",0.1001,1,0.295203,0.0147,0.5299,3,6,FALSE,FALSE,FALSE
"GENE1238","GENE1238_HUMAN","P02089","Protein GENE1238",0.0789,0.92255,0.267285,0.3954,0.573,5,3,FALSE,FALSE,FALSE
"GENE1211","GENE1211_HUMAN","P09544","Protein GENE1211",-0.0863,1,0.597268,0,0.2238,2,6,FALSE,TRUE,FALSE
"GENE2010","GENE2010_HUMAN","P82502","Protein GENE2010",-0.0297,1,0.752041,0,0.1238,2,5,TRUE,FALSE,FALSE
"GENE0188","GENE0188_HUMAN","P96291","Protein GENE0188",-0.9965,1,0.386886,0,0.4124,4,4,FALSE,FALSE,FALSE
"GENE2418","GENE2418_HUMAN","P97021","Protein GENE2418",0.2768,1,0.865602,0.0494,0.0627,2,2,FALSE,FALSE,FALSE
"GENE2159","GENE2159_HUMAN","P70161","Protein GENE2159",0.0246,1,0.723315,0,0.1407,2,2,FALSE,FALSE,FALSE
"GENE2372","GENE2372_HUMAN","P14700","Protein GENE2372",-0.139,0.937763,0.370729,0.0036,0.4309,3,5,TRUE,FALSE,FALSE
"GENE2390","GENE2390_HUMAN","P82212","Protein GENE2390",-0.2634,0.376724,0.247885,0,0.6057,4,5,FALSE,FALSE,FALSE
"GENE1349","GENE1349_HUMAN","P56317","Protein GENE1349",0.4577,1,0.735285,0,0.1335,4,2,FALSE,FALSE,FALSE
"GENE0725","GENE0725_HUMAN","P82954","Protein GENE0725",-0.3432,0.772173,0.18993,0.0938,0.7214,4,3,FALSE,FALSE,FALSE
"GENE1989","GENE1989_HUMAN","P61015","Protein GENE1989",0.61,1,0.909381,0,0.0413,2,4,FALSE,FALSE,FALSE
"GENE0119","GENE0119_HUMAN","P57645","Protein GENE0119",-0.2366,0.672237,0.241834,0.1699,0.6165,6,4,TRUE,FALSE,FALSE
"GENE0604","GENE0604_HUMAN","P27265","Protein GENE0604",0.4409,0.414781,0.118473,0.3888,0.9264,5,4,TRUE,FALSE,FALSE
"GENE1651","GENE1651_HUMAN","P76973","Protein GENE1651",-0.0712,1,0.489527,0,0.3102,4,2,FALSE,FALSE,FALSE
"GPATCH8","GPATCH8_HUMAN","P22970","Protein GPATCH8",-3.6038,0.164722,0.036832,0.8322,1.4338,6,6,TRUE,FALSE,TRUE
"GENE0834","GENE0834_HUMAN","P82372","Protein GENE0834",0.7753,1,0.877048,0,0.057,4,2,FALSE,FALSE,FALSE
"GENE2186","GENE2186_HUMAN","P76862","Protein GENE2186",-0.4855,0.516925,0.21182,0.0518,0.674,6,5,FALSE,FALSE,FALSE
"GENE1278","GENE1278_HUMAN","P59130","Protein GENE1278",-0.6375,1,0.854156,0,0.0685,6,6,FALSE,FALSE,FALSE
"GENE1338","GENE1338_HUMAN","P93308","Protein GENE1338",-0.2099,1,0.859093,0,0.066,4,6,FALSE,TRUE,FALSE
"GENE2567","GENE2567_HUMAN","P79743","Protein GENE2567",0.3147,1,0.966269,0,0.0149,3,5,FALSE,FALSE,FALSE
"GENE0550","GENE0550_HUMAN","P50832","Protein GENE0550",1.2692,0.188425,0.039727,0.93,1.4009,4,3,FALSE,FALSE,TRUE
"GENE1859","GENE1859_HUMAN","P62384","Protein GENE1859",-0.2165,1,0.350718,0,0.455,3,2,FALSE,FALSE,FALSE
"GENE1107","GENE1107_HUMAN","P79041","Protein GENE1107",-0.0916,1,0.450067,0.0315,0.3467,6,4,FALSE,FALSE,FALSE
"GENE1335","GENE1335_HUMAN","P42477","Protein GENE1335",0.1494,1,0.827316,0,0.0823,4,4,FALSE,FALSE,FALSE
"GENE0836","GENE0836_HUMAN","P21035","Protein GENE0836",0.0821,0.557963,0.52905,0.1247,0.2765,3,6,FALSE,FALSE,FALSE
"GENE0186","GENE0186_HUMAN","P07728","Protein GENE0186",0.8168,1,0.453056,0,0.3438,6,3,FALSE,FALSE,FALSE
"GENE2730","GENE2730_HUMAN","P62272","Protein GENE2730",0.0944,0.728134,0.719954,0,0.1427,5,6,FALSE,FALSE,FALSE
"GENE0888","GENE0888_HUMAN","P34405","Protein GENE0888",0.0327,1,0.481741,0.2723,0.3172,5,2,TRUE,TRUE,FALSE
"GENE0490","GENE0490_HUMAN","P12484","Protein GENE0490",0.1154,0.749642,0.168529,0.2933,0.7733,3,5,FALSE,TRUE,FALSE
"GENE0361","GENE0361_HUMAN","P44069","Protein GENE0361",0.1008,1,0.847367,0,0.0719,2,6,TRUE,TRUE,FALSE
"GENE1353","GENE1353_HUMAN","P81511","Protein GENE1353",0.0342,1,0.843601,0,0.0739,3,2,FALSE,FALSE,FALSE
"GENE2503","GENE2503_HUMAN","P30569","Protein GENE2503",0.1971,1,0.559414,0,0.2523,3,5,FALSE,FALSE,FALSE
"GENE2693","GENE2693_HUMAN","P68046","Protein GENE2693",0.3203,1,0.330808,0.0211,0.4804,6,3,FALSE,FALSE,FALSE
"GENE2323","GENE2323_HUMAN","P45136","Protein GENE2323",0.0035,1,0.917584,0,0.0374,2,4,FALSE,FALSE,FALSE
"GENE2111","GENE2111_HUMAN","P86720","Protein GENE2111",-0.0392,0.846115,0.226365,0.2549,0.6452,3,2,FALSE,FALSE,FALSE
"GENE1757","GENE1757_HUMAN","P29723","Protein GENE1757",-0.3551,1,0.800191,0,0.0968,6,2,FALSE,TRUE,FALSE
"GENE1880","GENE1880_HUMAN","P53198","Protein GENE1880",0.4116,1,0.839969,0,0.0757,3,2,FALSE,FALSE,FALSE
"GENE2083","GENE2083_HUMAN","P86469","Protein GENE2083",-0.8255,1,0.810431,0,0.0913,4,5,FALSE,FALSE,FALSE
"GENE1413","GENE1413_HUMAN","P87327","Protein GENE1413",-0.4247,1,0.746043,0,0.1272,5,6,FALSE,FALSE,FALSE
"GENE0399","GENE0399_HUMAN","P55271","Protein GENE0399",0.0515,1,0.46768,0,0.3301,5,5,FALSE,TRUE,FALSE
"GENE1472","GENE1472_HUMAN","P42912","Protein GENE1472",-0.6465,1,0.803615,0,0.095,6,3,FALSE,FALSE,FALSE
"GENE0429","GENE0429_HUMAN","P31234","Protein GENE0429",0.1615,0.872867,0.389045,0,0.41,3,6,FALSE,FALSE,FALSE
"GENE1642","GENE1642_HUMAN","P17498","Protein GENE1642",0.3212,1,0.847455,0,0.0719,3,2,FALSE,FALSE,FALSE
"GENE2324","GENE2324_HUMAN","P72932","Protein GENE2324",0.0797,0.755607,0.384857,0,0.4147,2,6,FALSE,FALSE,FALSE
"GENE1471","GENE1471_HUMAN","P62986","Protein GENE1471",0.3978,1,0.440583,0,0.356,3,6,TRUE,TRUE,FALSE
"GENE1289","GENE1289_HUMAN","P86032","Protein GENE1289",-0.9338,0.424957,0.29113,0.0164,0.5359,2,5,FALSE,FALSE,FALSE
"GENE0065","GENE0065_HUMAN","P06419","Protein GENE0065",-0.3589,1,0.66903,0,0.1746,5,6,FALSE,FALSE,FALSE
"GENE0717","GENE0717_HUMAN","P50677","Protein GENE0717",0.1189,0.529929,0.122904,0.3776,0.9104,4,4,FALSE,FALSE,FALSE
"GENE1615","GENE1615_HUMAN","P29858","Protein GENE1615",0.1152,0.721034,0.40274,0,0.395,3,6,FALSE,FALSE,FALSE
"GENE0142","GENE0142_HUMAN","P15655","Protein GENE0142",-0.1074,0.145692,0.063593,0.6915,1.1966,3,5,FALSE,FALSE,FALSE
"GENE2202","GENE2202_HUMAN","P57840","Protein GENE2202",-0.7313,0.749187,0.473512,0,0.3247,5,5,FALSE,TRUE,FALSE
"GENE1554","GENE1554_HUMAN","P81927","Protein GENE1554",0.3946,1,0.886093,0,0.0525,5,5,FALSE,FALSE,FALSE
"GENE1663","GENE1663_HUMAN","P81365","Protein GENE1663",0.0334,1,0.76827,0,0.1145,2,3,FALSE,FALSE,FALSE
"GENE0995","GENE0995_HUMAN","P51380","Protein GENE0995",3.5527,0.018071,0.00634,1.6243,2.1979,2,3,FALSE,FALSE,TRUE
"GENE2069","GENE2069_HUMAN","P73019","Protein GENE2069",0.1927,1,0.553404,0,0.257,6,4,TRUE,FALSE,FALSE
"GENE2099","GENE2099_HUMAN","P25704","Protein GENE2099",-0.0201,1,0.472578,0,0.3255,3,3,TRUE,TRUE,FALSE
"GENE0514","GENE0514_HUMAN","P73423","Protein GENE0514",-0.231,1,0.666572,0,0.1762,5,6,FALSE,FALSE,FALSE
"GENE1439","GENE1439_HUMAN","P25475","Protein GENE1439",-1.4352,0.073754,0.015848,1.4795,1.8,2,2,FALSE,FALSE,TRUE
"GENE0492","GENE0492_HUMAN","P89952","Protein GENE0492",-0.0307,1,0.781561,0,0.107,3,5,FALSE,FALSE,FALSE
"GENE0421","GENE0421_HUMAN","P87549","Protein GENE0421",0.4542,1,0.660039,0,0.1804,4,4,FALSE,FALSE,FALSE
"GENE0515","GENE0515_HUMAN","P28674","Protein GENE0515",0.2644,1,0.685576,0,0.1639,4,5,FALSE,FALSE,FALSE
"GENE2308","GENE2308_HUMAN","P62909","Protein GENE2308",-0.3728,1,0.356636,0,0.4478,6,3,FALSE,FALSE,FALSE
"GENE0427","GENE0427_HUMAN","P51582","Protein GENE0427",0.4145,0.88246,0.363137,0,0.4399,5,3,TRUE,FALSE,FALSE
"GENE0844","GENE0844_HUMAN","P79173","Protein GENE0844",0.6078,0.201126,0.117951,0.4437,0.9283,5,3,FALSE,FALSE,FALSE
"GENE1639","GENE1639_HUMAN","P55136","Protein GENE1639",0.3376,1,0.623728,0.197,0.205,3,4,TRUE,TRUE,FALSE
"GENE2037","GENE2037_HUMAN","P70041","Protein GENE2037",-0.4841,0.796253,0.504478,0,0.2972,2,6,FALSE,FALSE,FALSE
"GENE0758","GENE0758_HUMAN","P20688","Protein GENE0758",-0.0173,1,0.794745,0,0.0998,4,4,FALSE,FALSE,FALSE
"GENE1316","GENE1316_HUMAN","P92859","Protein GENE1316",0.0184,0.904288,0.223273,0.0971,0.6512,3,4,FALSE,FALSE,FALSE
"GENE1087","GENE1087_HUMAN","P80810","Protein GENE1087",0.0322,1,0.512072,0.1202,0.2907,5,4,FALSE,FALSE,FALSE
"GENE0567","GENE0567_HUMAN","P58628","Protein GENE0567",-0.5248,1,0.461693,0,0.3356,3,5,FALSE,FALSE,FALSE
"GENE0367","GENE0367_HUMAN","P89479","Protein GENE0367",-2.7061,0.017211,0.006227,2.0621,2.2057,2,4,FALSE,FALSE,TRUE
"GENE2594","GENE2594_HUMAN","P55048","Protein GENE2594",-0.834,1,0.542819,0.1116,0.2653,2,2,FALSE,FALSE,FALSE
"GENE0488","GENE0488_HUMAN","P94211","Protein GENE0488",-0.545,1,0.243475,0.0383,0.6135,3,4,TRUE,FALSE,FALSE
"GENE0709","GENE0709_HUMAN","P77812","Protein GENE0709",0.9849,0.196746,0.10837,0.3619,0.9651,3,4,FALSE,FALSE,FALSE
"GENE1648","GENE1648_HUMAN","P24836","Protein GENE1648",0.5611,1,0.948202,0,0.0231,6,6,FALSE,FALSE,FALSE
"GENE2068","GENE2068_HUMAN","P08495","Protein GENE2068",0.117,1,0.84123,0,0.0751,6,4,FALSE,FALSE,FALSE
"GENE0812","GENE0812_HUMAN","P14971","Protein GENE0812",-0.3123,1,0.383475,0.1446,0.4163,4,2,FALSE,FALSE,FALSE
"GENE2141","GENE2141_HUMAN","P01367","Protein GENE2141",3.7881,0.086737,0.038404,0.7933,1.4156,5,4,FALSE,FALSE,TRUE
"GENE1971","GENE1971_HUMAN","P94951","Protein GENE1971",0.5587,1,0.866098,0,0.0624,3,5,TRUE,FALSE,FALSE
"GENE2495","GENE2495_HUMAN","P69035","Protein GENE2495",-0.861,1,0.642909,0,0.1919,2,5,FALSE,FALSE,FALSE
"GENE1111","GENE1111_HUMAN","P32526","Protein GENE1111",-0.1656,1,0.935529,0.0256,0.0289,6,3,FALSE,FALSE,FALSE
"GENE1443","GENE1443_HUMAN","P44258","Protein GENE1443",-0.2862,1,0.307435,0,0.5122,3,2,FALSE,FALSE,FALSE
"GENE2219","GENE2219_HUMAN","P23624","Protein GENE2219",-0.3173,0.282364,0.192045,0.3576,0.7166,4,6,FALSE,FALSE,FALSE
"GENE1429","GENE1429_HUMAN","P87019","Protein GENE1429",0.0466,0.892691,0.34218,0,0.4657,5,5,FALSE,FALSE,FALSE
"PKN1","PKN1_HUMAN","P88325","Protein PKN1",-0.4187,1,0.978372,0,0.0095,5,2,FALSE,FALSE,FALSE
"GENE2321","GENE2321_HUMAN","P69299","Protein GENE2321",-0.4975,0.42902,0.273478,0.4883,0.5631,3,5,FALSE,TRUE,FALSE
"GENE1035","GENE1035_HUMAN","P58696","Protein GENE1035",0.3739,1,0.346813,0,0.4599,2,2,FALSE,FALSE,FALSE
"GENE2230","GENE2230_HUMAN","P24073","Protein GENE2230",0.4272,1,0.908851,0,0.0415,4,4,FALSE,FALSE,FALSE
"GENE2163","GENE2163_HUMAN","P25763","Protein GENE2163",0.3858,0.961032,0.553734,0.0558,0.2567,4,6,FALSE,FALSE,FALSE
"GENE1839","GENE1839_HUMAN","P88958","Protein GENE1839",0.3514,0.928836,0.318829,0,0.4964,5,4,FALSE,FALSE,FALSE
"GENE1012","GENE1012_HUMAN","P87562","Protein GENE1012",0.7215,1,0.764582,0,0.1166,4,5,FALSE,FALSE,FALSE
"GENE1777","GENE1777_HUMAN","P65410","Protein GENE1777",0.4678,1,0.954788,0,0.0201,4,5,FALSE,FALSE,FALSE
"GENE2578","GENE2578_HUMAN","P84829","Protein GENE2578",-1.0944,1,0.812839,0,0.09,3,3,FALSE,FALSE,FALSE
"GENE2792","GENE2792_HUMAN","P40575","Protein GENE2792",0.8129,1,0.763581,0,0.1171,6,3,FALSE,FALSE,FALSE
"GENE1397","GENE1397_HUMAN","P33508","Protein GENE1397",0.1274,1,0.848919,0,0.0711,2,5,FALSE,FALSE,FALSE
"GENE0771","GENE0771_HUMAN","P99702","Protein GENE0771",-0.4702,1,0.573107,0,0.2418,6,4,FALSE,TRUE,FALSE
"GENE2501","GENE2501_HUMAN","P33668","Protein GENE2501",-0.8437,0.855036,0.483082,0,0.316,3,2,FALSE,FALSE,FALSE
"GENE1834","GENE1834_HUMAN","P90257","Protein GENE1834",0.1933,1,0.944078,0,0.025,4,6,FALSE,FALSE,FALSE
"GENE0305","GENE0305_HUMAN","P11546","Protein GENE0305",0.4874,0.307452,0.15582,0.8059,0.8074,4,2,FALSE,TRUE,FALSE
"GENE0190","GENE0190_HUMAN","P50315","Protein GENE0190",-0.0196,0.960572,0.427526,0,0.369,4,6,FALSE,FALSE,FALSE
"GENE1739","GENE1739_HUMAN","P18286","Protein GENE1739",0.7818,1,0.639036,0,0.1945,6,2,FALSE,FALSE,FALSE
"GENE2854","GENE2854_HUMAN","P24015","Protein GENE2854",-0.963,1,0.494877,0,0.3055,4,2,FALSE,FALSE,FALSE
"GENE2204","GENE2204_HUMAN","P98287","Protein GENE2204",0.0197,1,0.495813,0,0.3047,4,6,FALSE,FALSE,FALSE
"GENE0467","GENE0467_HUMAN","P49059","Protein GENE0467",0.3799,0.413921,0.133446,0.1919,0.8747,6,3,FALSE,FALSE,FALSE
"GENE2367","GENE2367_HUMAN","P80950","Protein GENE2367",0.4701,1,0.522598,0,0.2818,2,4,FALSE,FALSE,FALSE
"GENE2190","GENE2190_HUMAN","P17044","Protein GENE2190",0.3459,1,0.46191,0,0.3354,3,3,FALSE,FALSE,FALSE
"GENE0686","GENE0686_HUMAN","P13450","Protein GENE0686",0.3826,1,0.552517,0,0.2577,2,6,FALSE,FALSE,FALSE
"GENE2611","GENE2611_HUMAN","P19558","Protein GENE2611",-0.145,1,0.655549,0,0.1834,4,6,FALSE,FALSE,FALSE
"GENE0621","GENE0621_HUMAN","P64374","Protein GENE0621",-0.3805,0.375239,0.117976,0.4816,0.9282,3,4,FALSE,TRUE,FALSE
"GENE2484","GENE2484_HUMAN","P53536","Protein GENE2484",0.0107,0.443046,0.147066,0.6956,0.8325,4,3,FALSE,FALSE,FALSE
"GENE1309","GENE1309_HUMAN","P20958","Protein GENE1309",0.1933,1,0.420368,0.3728,0.3764,4,2,FALSE,FALSE,FALSE
"GENE0700","GENE0700_HUMAN","P04787","Protein GENE0700",-0.134,0.663097,0.227043,0.0945,0.6439,5,4,FALSE,FALSE,FALSE
"GENE2786","GENE2786_HUMAN","P07807","Protein GENE2786",0.9549,1,0.829866,0,0.081,2,2,FALSE,TRUE,FALSE
"GENE1631","GENE1631_HUMAN","P92973","Protein GENE1631",-0.3372,1,0.623321,0,0.2053,2,2,FALSE,FALSE,FALSE
"GENE1314","GENE1314_HUMAN","P92981","Protein GENE1314",-3.3888,0.040281,0.039292,0.8143,1.4057,3,5,FALSE,TRUE,TRUE
"GENE2869","GENE2869_HUMAN","P21492","Protein GENE2869",0.2147,1,0.977787,0,0.0098,3,4,FALSE,FALSE,FALSE
"GENE1450","GENE1450_HUMAN","P38684","Protein GENE1450",-0.7502,0.276579,0.067738,0.7673,1.1692,3,3,FALSE,FALSE,FALSE
"GENE2590","GENE2590_HUMAN","P54899","Protein GENE2590",0.2016,0.339647,0.192289,0.1388,0.716,3,2,FALSE,FALSE,FALSE
"GENE0784","GENE0784_HUMAN","P01022","Protein GENE0784",-0.3906,0.93436,0.239163,0.3949,0.6213,5,4,FALSE,FALSE,FALSE
"GENE0511","GENE0511_HUMAN","P76513","Protein GENE0511",-0.2043,1,0.309446,0,0.5094,2,3,FALSE,FALSE,FALSE
"GPATCH2","GPATCH2_HUMAN","P97897","Protein GPATCH2",0.203,1,0.819828,0,0.0863,2,5,TRUE,FALSE,FALSE
"GENE2045","GENE2045_HUMAN","P99192","Protein GENE2045",-0.0484,1,0.414547,0,0.3824,5,6,FALSE,FALSE,FALSE
"GENE1345","GENE1345_HUMAN","P08954","Protein GENE1345",0.2004,1,0.478469,0.0496,0.3201,6,4,TRUE,FALSE,FALSE
"GENE1032","GENE1032_HUMAN","P94367","Protein GENE1032",-0.5865,1,0.702751,0,0.1532,6,5,FALSE,FALSE,FALSE
"GENE1142","GENE1142_HUMAN","P36122","Protein GENE1142",0.1911,1,0.59904,0,0.2225,4,3,FALSE,FALSE,FALSE
"GENE0670","GENE0670_HUMAN","P99358","Protein GENE0670",-0.5331,1,0.579605,0,0.2369,2,2,FALSE,FALSE,FALSE
"GENE2759","GENE2759_HUMAN","P30192","Protein GENE2759",-0.707,1,0.929691,0,0.0317,6,6,FALSE,FALSE,FALSE
"GENE0020","GENE0020_HUMAN","P84346","Protein GENE0020",0.2257,1,0.787304,0,0.1039,2,4,FALSE,TRUE,FALSE
"GENE1030","GENE1030_HUMAN","P00071","Protein GENE1030",0.4368,1,0.613095,0.0868,0.2125,4,2,FALSE,FALSE,FALSE
"GENE0425","GENE0425_HUMAN","P06690","Protein GENE0425",-0.5811,1,0.514766,0,0.2884,2,3,FALSE,TRUE,FALSE
"GENE2464","GENE2464_HUMAN","P53992","Protein GENE2464",0.2178,1,0.639317,0,0.1943,5,5,FALSE,FALSE,FALSE
"GENE1064","GENE1064_HUMAN","P13399","Protein GENE1064",-0.242,1,0.662505,0,0.1788,6,5,TRUE,FALSE,FALSE
"GENE1346","GENE1346_HUMAN","P86154","Protein GENE1346",-0.3511,1,0.307334,0,0.5124,6,5,FALSE,FALSE,FALSE
"GENE1185","GENE1185_HUMAN","P69172","Protein GENE1185",-0.0133,1,0.894834,0,0.0483,6,6,FALSE,FALSE,FALSE
"GENE2889","GENE2889_HUMAN","P15027","Protein GENE2889",-1.7356,0.116204,0.036136,0.966,1.4421,4,3,FALSE,FALSE,TRUE
"GENE2000","GENE2000_HUMAN","P90489","Protein GENE2000",0.8826,0.613626,0.179065,0.0778,0.747,6,3,FALSE,FALSE,FALSE
"GENE2449","GENE2449_HUMAN","P30527","Protein GENE2449",-0.6055,1,0.479475,0,0.3192,3,3,FALSE,FALSE,FALSE
"GENE1992","GENE1992_HUMAN","P91474","Protein GENE1992",0.7484,1,0.592087,0,0.2276,6,2,TRUE,FALSE,FALSE
"GENE0222","GENE0222_HUMAN","P64986","Protein GENE0222",-0.1908,0.177356,0.107457,0.8295,0.9688,3,4,FALSE,FALSE,FALSE
"GENE0332","GENE0332_HUMAN","P00756","Protein GENE0332",-0.4625,0.868324,0.290068,0.2609,0.5375,2,5,FALSE,TRUE,FALSE
"GENE2215","GENE2215_HUMAN","P06298","Protein GENE2215",-0.5281,1,0.815667,0,0.0885,6,6,FALSE,FALSE,FALSE
"GENE2225","GENE2225_HUMAN","P44865","Protein GENE2225",-0.6003,0.203961,0.14021,0.2898,0.8532,4,6,FALSE,FALSE,FALSE
"GENE2535","GENE2535_HUMAN","P40082","Protein GENE2535",-0.3089,1,0.348297,0.006,0.4581,3,5,FALSE,FALSE,FALSE
"GENE0229","GENE0229_HUMAN","P58249","Protein GENE0229",-0.4,1,0.983497,0,0.0072,4,6,FALSE,FALSE,FALSE
"GENE1611","GENE1611_HUMAN","P52648","Protein GENE1611",-0.0701,1,0.235825,0,0.6274,6,4,FALSE,TRUE,FALSE
"GENE1635","GENE1635_HUMAN","P63707","Protein GENE1635",-0.2414,0.886238,0.447704,0.3428,0.349,5,5,FALSE,FALSE,FALSE
"GENE1171","GENE1171_HUMAN","P88299","Protein GENE1171",0.1235,1,0.769575,0,0.1137,6,6,TRUE,FALSE,FALSE
"GENE2366","GENE2366_HUMAN","P58560","Protein GENE2366",-0.0882,0.291209,0.239892,0.1284,0.62,2,3,FALSE,FALSE,FALSE
"GENE0042","GENE0042_HUMAN","P60638","Protein GENE0042",0.0218,1,0.47795,0,0.3206,4,5,FALSE,FALSE,FALSE
"GENE2773","GENE2773_HUMAN","P64862","Protein GENE2773",0.5155,1,0.937619,0,0.028,3,5,FALSE,FALSE,FALSE
"GENE1370","GENE1370_HUMAN","P95524","Protein GENE1370",-0.2703,1,0.426077,0,0.3705,3,6,FALSE,FALSE,FALSE
"GENE2609","GENE2609_HUMAN","P97298","Protein GENE2609",-0.0611,1,0.888621,0,0.0513,2,5,FALSE,FALSE,FALSE
"GENE2596","GENE2596_HUMAN","P91995","Protein GENE2596",-0.7534,1,0.456926,0.0461,0.3402,3,6,FALSE,FALSE,FALSE
"GENE0073","GENE0073_HUMAN","P08124","Protein GENE0073",-0.2792,1,0.491973,0.1506,0.3081,4,5,FALSE,FALSE,FALSE
"GENE1985","GENE1985_HUMAN","P58575","Protein GENE1985",0.7071,0.861508,0.227106,0.604,0.6438,3,4,FALSE,FALSE,FALSE
"GENE0448","GENE0448_HUMAN","P59822","Protein GENE0448",-0.0614,0.442245,0.30632,0,0.5138,6,4,FALSE,FALSE,FALSE
"GENE2071","GENE2071_HUMAN","P39528","Protein GENE2071",-0.6914,0.88354,0.462686,0,0.3347,5,2,FALSE,FALSE,FALSE
"GENE2054","GENE2054_HUMAN","P75878","Protein GENE2054",-1.0888,1,0.597346,0,0.2238,2,6,FALSE,FALSE,FALSE
"GENE2062","GENE2062_HUMAN","P31118","Protein GENE2062",-0.1046,1,0.918514,0,0.0369,6,5,FALSE,FALSE,FALSE
"GENE2167","GENE2167_HUMAN","P95586","Protein GENE2167",-0.1043,0.403222,0.391427,0,0.4073,4,6,FALSE,FALSE,FALSE
"GENE2803","GENE2803_HUMAN","P11215","Protein GENE2803",0.2778,0.792126,0.466484,0,0.3312,3,6,FALSE,FALSE,FALSE
"GENE0732","GENE0732_HUMAN","P42696","Protein GENE0732",-0.579,1,0.541457,0,0.2664,6,6,FALSE,FALSE,FALSE
"GENE0948","GENE0948_HUMAN","P02645","Protein GENE0948",-0.1967,0.903136,0.383841,0,0.4158,2,3,FALSE,FALSE,FALSE
"GENE0787","GENE0787_HUMAN","P03596","Protein GENE0787",-0.3365,1,0.741458,0.0916,0.1299,5,4,FALSE,TRUE,FALSE
"GENE2349","GENE2349_HUMAN","P17056","Protein GENE2349",-0.4635,1,0.772735,0,0.112,2,6,FALSE,FALSE,FALSE
"GENE1930","GENE1930_HUMAN","P95188","Protein GENE1930",-0.4099,1,0.296499,0.2397,0.528,2,2,FALSE,FALSE,FALSE
"GENE1491","GENE1491_HUMAN","P58406","Protein GENE1491",0.6535,0.201729,0.105845,0.3004,0.9753,4,4,FALSE,FALSE,FALSE
"GENE1172","GENE1172_HUMAN","P05661","Protein GENE1172",0.6437,1,0.506792,0.0902,0.2952,4,2,FALSE,FALSE,FALSE
"GENE2779","GENE2779_HUMAN","P36299","Protein GENE2779",0.1,1,0.316987,0.2485,0.499,3,5,FALSE,FALSE,FALSE
"GENE0120","GENE0120_HUMAN","P52407","Protein GENE0120",0.168,1,0.742313,0,0.1294,5,4,TRUE,FALSE,FALSE
"GENE2209","GENE2209_HUMAN","P61626","Protein GENE2209",-0.2086,1,0.588751,0,0.2301,2,6,FALSE,FALSE,FALSE
"GENE0468","GENE0468_HUMAN","P04914","Protein GENE0468",0.6259,1,0.876778,0,0.0571,4,4,FALSE,FALSE,FALSE
"GENE0259","GENE0259_HUMAN","P86195","Protein GENE0259",0.2717,0.979922,0.447635,0,0.3491,3,6,FALSE,FALSE,FALSE
"GENE1728","GENE1728_HUMAN","P91895","Protein GENE1728",-0.211,1,0.565769,0,0.2474,4,3,FALSE,FALSE,FALSE
"GENE0892","GENE0892_HUMAN","P54324","Protein GENE0892",-0.0715,1,0.820594,0,0.0859,5,4,FALSE,FALSE,FALSE
"GENE0683","GENE0683_HUMAN","P66719","Protein GENE0683",-0.0553,1,0.215404,0.0483,0.6667,6,5,TRUE,FALSE,FALSE
"GENE0273","GENE0273_HUMAN","P36794","Protein GENE0273",-0.0463,0.807748,0.705655,0,0.1514,6,2,TRUE,FALSE,FALSE
"GENE1980","GENE1980_HUMAN","P17269","Protein GENE1980",0.0799,1,0.278276,0.4821,0.5555,2,6,FALSE,FALSE,FALSE
"GENE2726","GENE2726_HUMAN","P00466","Protein GENE2726",0.1725,0.64811,0.195521,0.0471,0.7088,5,3,FALSE,FALSE,FALSE
"GENE1363","GENE1363_HUMAN","P73910","Protein GENE1363",-1.1242,1,0.982692,0,0.0076,6,4,FALSE,FALSE,FALSE
"GENE0927","GENE0927_HUMAN","P85704","Protein GENE0927",-0.528,0.12898,0.083518,1.0665,1.0782,6,4,TRUE,FALSE,FALSE
"GENE2857","GENE2857_HUMAN","P79417","Protein GENE2857",-0.104,0.159536,0.088032,0.6547,1.0554,4,5,FALSE,FALSE,FALSE
"GENE2511","GENE2511_HUMAN","P91811","Protein GENE2511",0.1411,1,0.82243,0,0.0849,4,5,FALSE,FALSE,FALSE
"GENE0024","GENE0024_HUMAN","P93699","Protein GENE0024",-0.0157,1,0.998457,0,7e-04,5,2,TRUE,FALSE,FALSE
"GENE0587","GENE0587_HUMAN","P94730","Protein GENE0587",0.9441,0.323674,0.083977,0.5174,1.0758,3,6,TRUE,FALSE,FALSE
"GENE1874","GENE1874_HUMAN","P43412","Protein GENE1874",0.1928,1,0.820161,0,0.0861,4,6,FALSE,FALSE,FALSE
"GENE0855","GENE0855_HUMAN","P93181","Protein GENE0855",0.2377,1,0.911114,0,0.0404,3,2,FALSE,FALSE,FALSE
"GENE2764","GENE2764_HUMAN","P04966","Protein GENE2764",0.5862,0.120779,0.118855,0.2469,0.925,3,3,FALSE,FALSE,FALSE
"GENE0634","GENE0634_HUMAN","P20352","Protein GENE0634",-0.1184,1,0.340985,0,0.4673,3,4,TRUE,FALSE,FALSE
"SUGP2","SUGP2_HUMAN","P74227","Protein SUGP2",0.3453,0.766969,0.197228,0.3326,0.705,2,3,TRUE,FALSE,FALSE
"GENE1305","GENE1305_HUMAN","P57420","Protein GENE1305",0.1093,1,0.585209,0,0.2327,3,2,FALSE,FALSE,FALSE
"GENE0985","GENE0985_HUMAN","P47635","Protein GENE0985",0.2697,0.623937,0.540565,0.0702,0.2672,5,6,FALSE,FALSE,FALSE
"GENE2130","GENE2130_HUMAN","P02821","Protein GENE2130",-1.0262,1,0.61382,0.106,0.212,6,2,FALSE,TRUE,FALSE
"GENE2577","GENE2577_HUMAN","P49645","Protein GENE2577",0.3914,1,0.580769,0.0159,0.236,5,3,FALSE,FALSE,FALSE
"GENE2431","GENE2431_HUMAN","P76534","Protein GENE2431",-0.0161,1,0.963691,0,0.0161,3,3,FALSE,FALSE,FALSE
"GENE2128","GENE2128_HUMAN","P65374","Protein GENE2128",-0.3666,0.684275,0.355942,0.2714,0.4486,3,3,FALSE,FALSE,FALSE
"GENE1883","GENE1883_HUMAN","P70722","Protein GENE1883",0.083,0.329588,0.085279,0.5151,1.0692,6,5,FALSE,FALSE,FALSE
"GENE2830","GENE2830_HUMAN","P40858","Protein GENE2830",0.0842,1,0.575901,0,0.2397,3,2,FALSE,FALSE,FALSE
"GENE0764","GENE0764_HUMAN","P05955","Protein GENE0764",-0.5224,1,0.915763,0,0.0382,6,4,FALSE,FALSE,FALSE
"GENE1500","GENE1500_HUMAN","P41719","Protein GENE1500",0.3807,0.998804,0.34425,0.4504,0.4631,3,2,FALSE,FALSE,FALSE
"GENE1802","GENE1802_HUMAN","P28189","Protein GENE1802",0.8149,0.331181,0.067783,1.0191,1.1689,6,6,FALSE,FALSE,FALSE
"GENE1862","GENE1862_HUMAN","P80905","Protein GENE1862",-0.5763,1,0.594973,0,0.2255,6,6,FALSE,FALSE,FALSE
"GENE0329","GENE0329_HUMAN","P98016","Protein GENE0329",-1.4122,1,0.941023,0,0.0264,5,2,FALSE,FALSE,FALSE
"GENE0481","GENE0481_HUMAN","P34269","Protein GENE0481",0.1746,1,0.852747,0,0.0692,4,6,FALSE,FALSE,FALSE
"GENE2397","GENE2397_HUMAN","P14089","Protein GENE2397",0.1209,1,0.844444,0,0.0734,2,5,FALSE,FALSE,FALSE
"GENE0362","GENE0362_HUMAN","P34724","Protein GENE0362",0.2951,0.577303,0.372745,0,0.4286,3,3,FALSE,TRUE,FALSE
"GENE2673","GENE2673_HUMAN","P62605","Protein GENE2673",0.0879,1,0.316917,0,0.4991,3,4,FALSE,FALSE,FALSE
"GENE1023","GENE1023_HUMAN","P73180","Protein GENE1023",-0.3768,1,0.831874,0,0.0799,5,5,FALSE,FALSE,FALSE
"GENE2879","GENE2879_HUMAN","P96280","Protein GENE2879",0.4478,1,0.434886,0,0.3616,3,6,FALSE,FALSE,FALSE
"GENE2344","GENE2344_HUMAN","P36567","Protein GENE2344",0.3046,0.542758,0.490161,0.0227,0.3097,2,6,FALSE,FALSE,FALSE
"GENE2505","GENE2505_HUMAN","P72909","Protein GENE2505",-0.2167,0.642165,0.413379,0.1103,0.3837,4,6,FALSE,FALSE,FALSE
"GENE1523","GENE1523_HUMAN","P77439","Protein GENE1523",0.2901,1,0.508964,0,0.2933,5,6,FALSE,TRUE,FALSE
"GENE1809","GENE1809_HUMAN","P58188","Protein GENE1809",-0.0467,0.673009,0.612721,0,0.2127,3,5,FALSE,FALSE,FALSE
"GENE1231","GENE1231_HUMAN","P83765","Protein GENE1231",0.1022,1,0.369717,0.1911,0.4321,5,6,FALSE,FALSE,FALSE
"GENE1768","GENE1768_HUMAN","P78614","Protein GENE1768",-0.2699,1,0.561363,0,0.2508,6,3,FALSE,FALSE,FALSE
"GENE2278","GENE2278_HUMAN","P75667","Protein GENE2278",-0.0847,0.398392,0.083227,0.9163,1.0797,2,2,FALSE,FALSE,FALSE
"GENE2653","GENE2653_HUMAN","P56631","Protein GENE2653",0.5508,0.298249,0.070234,0.7708,1.1535,3,3,FALSE,FALSE,FALSE
"GENE0946","GENE0946_HUMAN","P73470","Protein GENE0946",-0.1514,1,0.268571,0,0.5709,2,2,FALSE,FALSE,FALSE
"GENE0128","GENE0128_HUMAN","P19258","Protein GENE0128",-0.335,0.800192,0.617889,0,0.2091,5,6,FALSE,FALSE,FALSE
"GENE1414","GENE1414_HUMAN","P11084","Protein GENE1414",-0.5115,0.298496,0.069102,0.8645,1.1605,6,2,TRUE,FALSE,FALSE
"GENE1059","GENE1059_HUMAN","P06653","Protein GENE1059",0.4763,1,0.69131,0,0.1603,5,4,FALSE,FALSE,FALSE
"GENE2192","GENE2192_HUMAN","P85519","Protein GENE2192",0.0074,1,0.913185,0,0.0394,3,4,FALSE,FALSE,FALSE
"GENE0056","GENE0056_HUMAN","P28143","Protein GENE0056",-1.2632,1,0.909038,0,0.0414,4,2,FALSE,FALSE,FALSE
"GENE2459","GENE2459_HUMAN","P11113","Protein GENE2459",0.5211,1,0.89321,0,0.049,5,5,FALSE,FALSE,FALSE
"GENE0733","GENE0733_HUMAN","P80148","Protein GENE0733",0.0314,0.266368,0.095296,0.406,1.0209,5,4,FALSE,FALSE,FALSE
"GENE0619","GENE0619_HUMAN","P27154","Protein GENE0619",0.067,1,0.362086,0,0.4412,3,2,FALSE,FALSE,FALSE
"GENE1825","GENE1825_HUMAN","P56230","Protein GENE1825",-0.8977,0.75336,0.152498,0.6184,0.8167,6,6,FALSE,FALSE,FALSE
"GENE1750","GENE1750_HUMAN","P44552","Protein GENE1750",0.1412,1,0.768232,0,0.1145,5,5,FALSE,TRUE,FALSE
"GENE1456","GENE1456_HUMAN","P55541","Protein GENE1456",-0.0312,1,0.936119,0,0.0287,4,6,TRUE,FALSE,FALSE
"GENE0174","GENE0174_HUMAN","P50159","Protein GENE0174",-0.3898,1,0.971624,0,0.0125,2,2,FALSE,FALSE,FALSE
"GENE0861","GENE0861_HUMAN","P85124","Protein GENE0861",0.4536,1,0.514739,0,0.2884,6,2,FALSE,TRUE,FALSE
"GENE1616","GENE1616_HUMAN","P10898","Protein GENE1616",0.4282,1,0.816325,0,0.0881,3,2,FALSE,FALSE,FALSE
"GENE2717","GENE2717_HUMAN","P19826","Protein GENE2717",0.5151,1,0.750046,0,0.1249,5,5,FALSE,FALSE,FALSE
"GENE0437","GENE0437_HUMAN","P38889","Protein GENE0437",0.115,0.929974,0.69442,0,0.1584,3,5,FALSE,FALSE,FALSE
"GENE0169","GENE0169_HUMAN","P65333","Protein GENE0169",-1.0632,0.634619,0.412089,0,0.385,4,5,TRUE,FALSE,FALSE
"GENE2794","GENE2794_HUMAN","P18846","Protein GENE2794",0.5991,1,0.530732,0,0.2751,3,3,FALSE,TRUE,FALSE
"GENE0903","GENE0903_HUMAN","P41954","Protein GENE0903",-0.3314,1,0.704537,0.1148,0.1521,6,3,FALSE,TRUE,FALSE
"GENE1685","GENE1685_HUMAN","P63639","Protein GENE1685",0.1634,1,0.933004,0,0.0301,6,4,TRUE,FALSE,FALSE
"GENE2313","GENE2313_HUMAN","P70217","Protein GENE2313",0.6783,1,0.773591,0,0.1115,5,5,FALSE,FALSE,FALSE
"GENE0904","GENE0904_HUMAN","P41783","Protein GENE0904",0.0704,1,0.377784,0,0.4228,5,4,FALSE,FALSE,FALSE
"GENE1700","GENE1700_HUMAN","P75216","Protein GENE1700",0.2129,0.401679,0.143087,0.2048,0.8444,2,6,FALSE,FALSE,FALSE
"GENE2573","GENE2573_HUMAN","P70676","Protein GENE2573",-0.59,1,0.964004,0,0.0159,2,6,FALSE,TRUE,FALSE
"GENE1589","GENE1589_HUMAN","P81182","Protein GENE1589",-0.6822,1,0.553648,0,0.2568,5,5,FALSE,FALSE,FALSE
"GENE2161","GENE2161_HUMAN","P84426","Protein GENE2161",0.0816,0.573902,0.187655,0.4135,0.7266,3,5,FALSE,FALSE,FALSE
"GENE2540","GENE2540_HUMAN","P08741","Protein GENE2540",0.6038,0.698721,0.244952,0.5964,0.6109,4,5,FALSE,FALSE,FALSE
"GENE1960","GENE1960_HUMAN","P38915","Protein GENE1960",0.2358,1,0.760274,0,0.119,3,2,FALSE,FALSE,FALSE
"GENE0636","GENE0636_HUMAN","P93879","Protein GENE0636",0.6448,1,0.432548,0,0.364,6,6,FALSE,FALSE,FALSE
"GENE1755","GENE1755_HUMAN","P21317","Protein GENE1755",-0.1978,1,0.329911,0,0.4816,6,3,FALSE,FALSE,FALSE
"GENE0850","GENE0850_HUMAN","P68459","Protein GENE0850",-0.2084,0.416141,0.096549,0.4234,1.0153,3,4,FALSE,FALSE,FALSE
"GENE0556","GENE0556_HUMAN","P03992","Protein GENE0556",0.2745,1,0.865159,0,0.0629,2,5,FALSE,FALSE,FALSE
"GENE2581","GENE2581_HUMAN","P80834","Protein GENE2581",0.1191,1,0.633604,0,0.1982,5,4,FALSE,FALSE,FALSE
"GENE2154","GENE2154_HUMAN","P88139","Protein GENE2154",-0.4157,1,0.404987,0.0186,0.3926,3,3,FALSE,FALSE,FALSE
"GENE1468","GENE1468_HUMAN","P68961","Protein GENE1468",0.1122,1,0.416282,0,0.3806,4,2,FALSE,FALSE,FALSE
"GENE2897","GENE2897_HUMAN","P54081","Protein GENE2897",-0.0257,1,0.723857,0,0.1403,4,4,FALSE,TRUE,FALSE
"GENE2583","GENE2583_HUMAN","P93049","Protein GENE2583",0.6276,0.381126,0.227731,0.1879,0.6426,3,5,FALSE,FALSE,FALSE
"GENE2570","GENE2570_HUMAN","P26925","Protein GENE2570",0.4943,1,0.801842,0,0.0959,2,6,FALSE,FALSE,FALSE
"GENE0094","GENE0094_HUMAN","P38973","Protein GENE0094",0.4087,0.231619,0.082295,0.457,1.0846,4,5,FALSE,FALSE,FALSE
"GENE2843","GENE2843_HUMAN","P77856","Protein GENE2843",0.1072,1,0.877047,0,0.057,2,3,FALSE,FALSE,FALSE
"GENE1091","GENE1091_HUMAN","P14363","Protein GENE1091",0.1294,1,0.807137,0,0.0931,5,5,FALSE,FALSE,FALSE
"GENE0430","GENE0430_HUMAN","P15711","Protein GENE0430",-0.3987,0.374776,0.183718,0.179,0.7358,6,3,FALSE,FALSE,FALSE
"GENE0873","GENE0873_HUMAN","P83798","Protein GENE0873",-0.3147,1,0.976948,0,0.0101,2,6,FALSE,FALSE,FALSE
"GENE2477","GENE2477_HUMAN","P64086","Protein GENE2477",0.194,1,0.538316,0,0.269,5,5,FALSE,FALSE,FALSE
"GENE1031","GENE1031_HUMAN","P64941","Protein GENE1031",-0.1004,1,0.692993,0,0.1593,4,4,FALSE,TRUE,FALSE
"GENE2648","GENE2648_HUMAN","P92815","Protein GENE2648",-0.0413,0.699105,0.44381,0.3409,0.3528,5,4,FALSE,FALSE,FALSE
"GENE0837","GENE0837_HUMAN","P73902","Protein GENE0837",0.0713,1,0.897211,0,0.0471,4,3,FALSE,TRUE,FALSE
"GENE1422","GENE1422_HUMAN","P96859","Protein GENE1422",-0.1538,0.5875,0.168934,0.086,0.7723,2,4,FALSE,FALSE,FALSE
"GENE0253","GENE0253_HUMAN","P08609","Protein GENE0253",0.8093,0.979817,0.879576,0,0.0557,4,2,FALSE,FALSE,FALSE
"GENE0084","GENE0084_HUMAN","P37048","Protein GENE0084",0.0642,0.159037,0.133877,0.2847,0.8733,6,4,FALSE,FALSE,FALSE
"GENE1983","GENE1983_HUMAN","P52857","Protein GENE1983",0.0474,1,0.588389,0,0.2303,5,3,FALSE,FALSE,FALSE
"GENE2723","GENE2723_HUMAN","P59935","Protein GENE2723",-0.2391,1,0.599344,0.0992,0.2223,4,5,FALSE,FALSE,FALSE
"GENE2828","GENE2828_HUMAN","P07475","Protein GENE2828",-0.2356,1,0.784837,0,0.1052,2,5,FALSE,FALSE,FALSE
"GENE1716","GENE1716_HUMAN","P75342","Protein GENE1716",-0.285,1,0.961929,0,0.0169,2,5,FALSE,FALSE,FALSE
"GENE0975","GENE0975_HUMAN","P85231","Protein GENE0975",-3.2248,0.113604,0.04522,0.8911,1.3447,2,6,FALSE,FALSE,TRUE
"GENE1237","GENE1237_HUMAN","P35723","Protein GENE1237",1.178,1,0.318862,0.4108,0.4964,3,3,FALSE,FALSE,FALSE
"GENE0766","GENE0766_HUMAN","P70368","Protein GENE0766",-0.0533,1,0.788311,0,0.1033,5,6,FALSE,FALSE,FALSE
"GENE1022","GENE1022_HUMAN","P05334","Protein GENE1022",-0.1158,1,0.705699,0,0.1514,5,6,FALSE,FALSE,FALSE
"SUGP1","SUGP1_HUMAN","P68459","Protein SUGP1",-0.2178,1,0.524358,0,0.2804,6,5,FALSE,FALSE,FALSE
"GENE0202","GENE0202_HUMAN","P87132","Protein GENE0202",-0.1748,0.160286,0.122729,0.8536,0.9111,3,2,FALSE,FALSE,FALSE
"GENE0685","GENE0685_HUMAN","P51170","Protein GENE0685",-0.0575,1,0.41821,0.046,0.3786,4,5,FALSE,FALSE,FALSE
"GENE0577","GENE0577_HUMAN","P90202","Protein GENE0577",-1.1153,0.182058,0.090804,0.8644,1.0419,2,4,FALSE,FALSE,FALSE
"GENE1632","GENE1632_HUMAN","P85094","Protein GENE1632",0.2927,0.294802,0.198098,0.0905,0.7031,5,4,FALSE,FALSE,FALSE
"GENE0280","GENE0280_HUMAN","P31733","Protein GENE0280",-0.5696,1,0.921265,0,0.0356,4,5,FALSE,FALSE,FALSE
"GENE1112","GENE1112_HUMAN","P46567","Protein GENE1112",0.5806,1,0.66558,0.1392,0.1768,3,4,FALSE,FALSE,FALSE
"GENE0529","GENE0529_HUMAN","P21129","Protein GENE0529",0.0524,1,0.626216,0,0.2033,5,3,FALSE,FALSE,FALSE
"GENE1925","GENE1925_HUMAN","P56832","Protein GENE1925",-0.6321,1,0.784006,0,0.1057,3,3,FALSE,FALSE,FALSE
"GENE0246","GENE0246_HUMAN","P92379","Protein GENE0246",-0.0788,0.612454,0.484273,0,0.3149,6,5,TRUE,FALSE,FALSE
"GENE0381","GENE0381_HUMAN","P25729","Protein GENE0381",0.2444,1,0.417285,0.2354,0.3796,3,2,FALSE,FALSE,FALSE
"GENE0175","GENE0175_HUMAN","P98564","Protein GENE0175",-0.1058,0.628624,0.381634,0.2382,0.4184,2,2,FALSE,FALSE,FALSE
"GENE0010","GENE0010_HUMAN","P84695","Protein GENE0010",2.8388,0.042527,0.014728,1.6551,1.8318,6,6,FALSE,FALSE,TRUE
"GENE1451","GENE1451_HUMAN","P54350","Protein GENE1451",-0.1488,1,0.306404,0.0166,0.5137,3,5,FALSE,FALSE,FALSE
"GENE0244","GENE0244_HUMAN","P73417","Protein GENE0244",0.0506,0.252166,0.189475,0.5177,0.7224,4,6,FALSE,FALSE,FALSE
"GENE2143","GENE2143_HUMAN","P57451","Protein GENE2143",-0.3291,0.590371,0.278959,0,0.5545,4,5,TRUE,FALSE,FALSE
"GENE2591","GENE2591_HUMAN","P94941","Protein GENE2591",-0.1486,1,0.633901,0,0.198,5,6,FALSE,FALSE,FALSE
"GENE0171","GENE0171_HUMAN","P38469","Protein GENE0171",0.1688,1,0.939157,0,0.0273,6,6,FALSE,FALSE,FALSE
"GENE1312","GENE1312_HUMAN","P65576","Protein GENE1312",-0.3199,1,0.997388,0,0.0011,3,3,TRUE,FALSE,FALSE
"GENE0400","GENE0400_HUMAN","P04177","Protein GENE0400",0.0975,1,0.43244,0.252,0.3641,5,3,TRUE,FALSE,FALSE
"GENE2899","GENE2899_HUMAN","P85349","Protein GENE2899",-0.4351,0.141333,0.076908,1.037,1.114,6,5,FALSE,FALSE,FALSE
"GENE2171","GENE2171_HUMAN","P11113","Protein GENE2171",0.7656,1,0.874977,0,0.058,3,5,FALSE,FALSE,FALSE
"GENE1658","GENE1658_HUMAN","P53846","Protein GENE1658",0.5559,0.984917,0.261215,0.3834,0.583,5,3,FALSE,FALSE,FALSE
"GENE2259","GENE2259_HUMAN","P36048","Protein GENE2259",-0.3191,1,0.802228,0,0.0957,5,3,FALSE,FALSE,FALSE
"GENE0081","GENE0081_HUMAN","P79700","Protein GENE0081",0.1545,1,0.506892,0.2871,0.2951,3,5,FALSE,FALSE,FALSE
"DDX5","DDX5_HUMAN","P83857","Protein DDX5",-0.0012,1,0.803518,0,0.095,5,5,FALSE,FALSE,FALSE
"GENE0537","GENE0537_HUMAN","P10252","Protein GENE0537",0.2074,1,0.52532,0.2174,0.2796,6,4,FALSE,FALSE,FALSE
"GENE0613","GENE0613_HUMAN","P70536","Protein GENE0613",0.4907,1,0.863261,0,0.0639,3,4,FALSE,FALSE,FALSE
"GENE1021","GENE1021_HUMAN","P69003","Protein GENE1021",-0.6536,1,0.977064,0,0.0101,4,3,FALSE,FALSE,FALSE
"GENE1261","GENE1261_HUMAN","P46887","Protein GENE1261",-0.2447,1,0.405159,0,0.3924,5,4,FALSE,FALSE,FALSE
"GENE1315","GENE1315_HUMAN","P88299","Protein GENE1315",-0.05,0.491336,0.152372,0.3898,0.8171,4,3,FALSE,FALSE,FALSE
"GENE0952","GENE0952_HUMAN","P31641","Protein GENE0952",0.1231,0.889002,0.351889,0.2143,0.4536,3,3,FALSE,FALSE,FALSE
"GENE0256","GENE0256_HUMAN","P48715","Protein GENE0256",0.1684,1,0.952613,0,0.0211,4,6,TRUE,FALSE,FALSE
"GENE0402","GENE0402_HUMAN","P69510","Protein GENE0402",-0.3219,1,0.949886,0,0.0223,5,2,FALSE,FALSE,FALSE
"GENE0845","GENE0845_HUMAN","P17398","Protein GENE0845",0.3859,0.765539,0.554029,0,0.2565,2,3,FALSE,FALSE,FALSE
"GENE0950","GENE0950_HUMAN","P48967","Protein GENE0950",-0.5334,0.878088,0.256112,0.3716,0.5916,4,4,FALSE,TRUE,FALSE
"GENE0428","GENE0428_HUMAN","P87440","Protein GENE0428",0.093,0.422596,0.092893,0.9591,1.032,2,6,FALSE,FALSE,FALSE
"GENE1202","GENE1202_HUMAN","P96307","Protein GENE1202",0.3458,1,0.89577,0,0.0478,4,4,TRUE,FALSE,FALSE
"GENE0510","GENE0510_HUMAN","P63619","Protein GENE0510",0.5247,1,0.614384,0,0.2116,2,4,FALSE,FALSE,FALSE
"GENE1924","GENE1924_HUMAN","P26095","Protein GENE1924",-0.024,1,0.639308,0,0.1943,4,4,FALSE,FALSE,FALSE
"GENE1723","GENE1723_HUMAN","P26035","Protein GENE1723",-0.435,0.872778,0.81763,0,0.0874,6,4,FALSE,FALSE,FALSE
"GENE0841","GENE0841_HUMAN","P79949","Protein GENE0841",0.0209,1,0.710386,0,0.1485,2,3,FALSE,FALSE,FALSE
"GENE1184","GENE1184_HUMAN","P06228","Protein GENE1184",0.1925,1,0.765293,0,0.1162,5,4,FALSE,FALSE,FALSE
"GENE0702","GENE0702_HUMAN","P07391","Protein GENE0702",-0.4646,1,0.324203,0,0.4892,2,3,FALSE,FALSE,FALSE
"GENE0172","GENE0172_HUMAN","P89454","Protein GENE0172",0.3089,1,0.937403,0,0.0281,6,2,FALSE,FALSE,FALSE
"GENE2085","GENE2085_HUMAN","P57003","Protein GENE2085",0.1645,0.660789,0.601401,0,0.2208,2,3,FALSE,FALSE,FALSE
"GENE1970","GENE1970_HUMAN","P02929","Protein GENE1970",0.3355,0.87616,0.841663,0,0.0749,4,3,FALSE,FALSE,FALSE
"GENE1051","GENE1051_HUMAN","P09592","Protein GENE1051",0.609,1,0.358086,0,0.446,2,3,FALSE,FALSE,FALSE
"GENE0219","GENE0219_HUMAN","P11800","Protein GENE0219",0.2961,1,0.471915,0,0.3261,6,4,FALSE,FALSE,FALSE
"GENE2282","GENE2282_HUMAN","P70435","Protein GENE2282",-0.5121,0.995645,0.948799,0,0.0228,6,6,TRUE,FALSE,FALSE
"GENE1887","GENE1887_HUMAN","P99723","Protein GENE1887",-0.2435,0.467572,0.108719,0.9178,0.9637,4,4,FALSE,FALSE,FALSE
"GENE1101","GENE1101_HUMAN","P44552","Protein GENE1101",0.3057,0.370255,0.080582,1.0453,1.0938,4,5,FALSE,FALSE,FALSE
"GENE0867","GENE0867_HUMAN","P57035","Protein GENE0867",0.6475,1,0.288821,0.2904,0.5394,2,2,FALSE,FALSE,FALSE
"GENE0523","GENE0523_HUMAN","P84298","Protein GENE0523",-0.1535,0.662896,0.190783,0.1284,0.7195,6,5,FALSE,FALSE,FALSE
"GENE0908","GENE0908_HUMAN","P44378","Protein GENE0908",0.0807,0.945608,0.388917,0.0248,0.4101,6,6,FALSE,TRUE,FALSE
"GENE1065","GENE1065_HUMAN","P06129","Protein GENE1065",0.3829,0.781814,0.506767,0,0.2952,4,3,FALSE,FALSE,FALSE
"GENE0553","GENE0553_HUMAN","P44298","Protein GENE0553",0.0791,1,0.456992,0.1028,0.3401,2,2,FALSE,FALSE,FALSE
"GENE2116","GENE2116_HUMAN","P20443","Protein GENE2116",0.2423,0.593353,0.332137,0.4024,0.4787,5,6,FALSE,FALSE,FALSE
"GENE0083","GENE0083_HUMAN","P03712","Protein GENE0083",0.574,1,0.929617,0,0.0317,6,4,FALSE,FALSE,FALSE
"GENE1457","GENE1457_HUMAN","P10128","Protein GENE1457",0.4929,1,0.838692,0,0.0764,4,4,FALSE,FALSE,FALSE
"GENE0292","GENE0292_HUMAN","P09959","Protein GENE0292",0.2652,0.509975,0.407539,0,0.3898,2,2,TRUE,FALSE,FALSE
"GENE0227","GENE0227_HUMAN","P13724","Protein GENE0227",0.06,1,0.358134,0,0.446,6,4,FALSE,FALSE,FALSE
"GENE0614","GENE0614_HUMAN","P83204","Protein GENE0614",-0.2113,1,0.977235,0,0.01,5,2,FALSE,FALSE,FALSE
"GENE0909","GENE0909_HUMAN","P49613","Protein GENE0909",-0.2879,1,0.24567,0.0894,0.6096,2,2,FALSE,FALSE,FALSE
"GENE2184","GENE2184_HUMAN","P46869","Protein GENE2184",-0.8234,0.570196,0.432117,0,0.3644,6,4,TRUE,FALSE,FALSE
"GENE0869","GENE0869_HUMAN","P27254","Protein GENE0869",-0.1325,0.495979,0.276329,0,0.5586,4,5,FALSE,FALSE,FALSE
"GENE0575","GENE0575_HUMAN","P07393","Protein GENE0575",-0.0937,1,0.499276,0.094,0.3017,3,4,FALSE,FALSE,FALSE
"GENE0583","GENE0583_HUMAN","P19806","Protein GENE0583",-0.5233,1,0.879994,0,0.0555,3,5,FALSE,FALSE,FALSE
"GENE2048","GENE2048_HUMAN","P83827","Protein GENE2048",0.353,0.397415,0.275349,0.2913,0.5601,6,6,FALSE,FALSE,FALSE
"GENE1303","GENE1303_HUMAN","P99706","Protein GENE1303",-0.3044,0.387274,0.224214,0.4204,0.6493,2,4,FALSE,FALSE,FALSE
"GENE0658","GENE0658_HUMAN","P90235","Protein GENE0658",-0.5987,1,0.602176,0,0.2203,6,2,FALSE,FALSE,FALSE
"GENE0863","GENE0863_HUMAN","P39634","Protein GENE0863",0.6693,1,0.491894,0,0.3081,5,2,FALSE,FALSE,FALSE
"GENE2023","GENE2023_HUMAN","P01970","Protein GENE2023",0.4621,1,0.876782,0,0.0571,6,3,FALSE,FALSE,FALSE
"GENE0926","GENE0926_HUMAN","P53889","Protein GENE0926",-0.6169,0.800265,0.499029,0,0.3019,4,3,FALSE,FALSE,FALSE
"GENE1533","GENE1533_HUMAN","P09803","Protein GENE1533",-0.0926,0.701254,0.33795,0,0.4711,5,2,TRUE,FALSE,FALSE
"GENE1464","GENE1464_HUMAN","P76002","Protein GENE1464",0.204,1,0.754649,0,0.1223,3,6,FALSE,FALSE,FALSE
"GENE1941","GENE1941_HUMAN","P99214","Protein GENE1941",0.3214,1,0.375994,0,0.4248,3,6,FALSE,FALSE,FALSE
"GENE0643","GENE0643_HUMAN","P43074","Protein GENE0643",2.5246,0.09704,0.023249,1.6041,1.6336,4,3,FALSE,FALSE,TRUE
"GENE0178","GENE0178_HUMAN","P86162","Protein GENE0178",-0.8073,0.609461,0.221103,0.2604,0.6554,2,6,TRUE,FALSE,FALSE
"GENE0976","GENE0976_HUMAN","P57929","Protein GENE0976",0.4429,0.342624,0.099236,0.4444,1.0033,6,3,FALSE,FALSE,FALSE
"GENE1527","GENE1527_HUMAN","P61316","Protein GENE1527",0.6345,0.555587,0.500292,0.0713,0.3008,3,5,FALSE,TRUE,FALSE
"GENE2776","GENE2776_HUMAN","P70742","Protein GENE2776",-0.268,1,0.449914,0,0.3469,3,5,TRUE,FALSE,FALSE
"GENE1483","GENE1483_HUMAN","P65846","Protein GENE1483",-0.1793,1,0.762676,0,0.1177,4,4,TRUE,TRUE,FALSE
"GENE1521","GENE1521_HUMAN","P19825","Protein GENE1521",0.0927,0.757414,0.251325,0.542,0.5998,5,4,FALSE,FALSE,FALSE
"GENE1899","GENE1899_HUMAN","P93894","Protein GENE1899",-0.6523,1,0.389109,0.176,0.4099,5,4,TRUE,FALSE,FALSE
"GENE1534","GENE1534_HUMAN","P29940","Protein GENE1534",0.6157,1,0.423631,0,0.373,6,6,FALSE,FALSE,FALSE
"GENE0469","GENE0469_HUMAN","P31762","Protein GENE0469",-0.1854,1,0.485277,0,0.314,3,2,FALSE,FALSE,FALSE
"GENE1175","GENE1175_HUMAN","P46433","Protein GENE1175",-0.0407,1,0.505715,0,0.2961,4,4,FALSE,FALSE,FALSE
"GENE2622","GENE2622_HUMAN","P36723","Protein GENE2622",-0.4146,1,0.493156,0,0.307,3,5,FALSE,TRUE,FALSE
"GENE1860","GENE1860_HUMAN","P84237","Protein GENE1860",-0.1845,1,0.926614,0.002,0.0331,5,3,FALSE,FALSE,FALSE
"GENE1778","GENE1778_HUMAN","P63408","Protein GENE1778",0.5059,1,0.729897,0,0.1367,6,3,FALSE,FALSE,FALSE
"GENE2334","GENE2334_HUMAN","P80271","Protein GENE2334",0.2047,1,0.915306,0,0.0384,5,6,FALSE,FALSE,FALSE
"GENE1909","GENE1909_HUMAN","P71098","Protein GENE1909",0.2411,1,0.435503,0,0.361,3,4,FALSE,FALSE,FALSE
"GENE1267","GENE1267_HUMAN","P81928","Protein GENE1267",0.1744,1,0.981269,0,0.0082,2,2,FALSE,FALSE,FALSE
"GENE1334","GENE1334_HUMAN","P23064","Protein GENE1334",0.0164,1,0.982217,0,0.0078,5,5,FALSE,FALSE,FALSE
"GENE0940","GENE0940_HUMAN","P82053","Protein GENE0940",0.2473,1,0.85888,0,0.0661,2,3,FALSE,FALSE,FALSE
"GENE0395","GENE0395_HUMAN","P73551","Protein GENE0395",0.1754,0.292638,0.085998,0.5627,1.0655,2,3,FALSE,FALSE,FALSE
"GENE2631","GENE2631_HUMAN","P15640","Protein GENE2631",0.242,0.741614,0.324273,0.2769,0.4891,2,5,FALSE,FALSE,FALSE
"GENE0722","GENE0722_HUMAN","P95758","Protein GENE0722",0.5665,0.255445,0.070918,0.6918,1.1492,5,2,FALSE,FALSE,FALSE
"GENE2755","GENE2755_HUMAN","P15038","Protein GENE2755",-0.0018,0.903122,0.874667,0,0.0582,3,3,FALSE,FALSE,FALSE
"GENE2330","GENE2330_HUMAN","P00018","Protein GENE2330",0.1724,0.927812,0.366433,0,0.436,6,5,TRUE,FALSE,FALSE
"GENE1858","GENE1858_HUMAN","P37523","Protein GENE1858",3.5848,0.088242,0.024826,1.0262,1.6051,5,6,FALSE,FALSE,TRUE
"GENE0037","GENE0037_HUMAN","P53249","Protein GENE0037",0.1464,1,0.76522,0,0.1162,3,3,FALSE,FALSE,FALSE
"GENE2244","GENE2244_HUMAN","P95870","Protein GENE2244",0.6518,1,0.425639,0,0.371,4,5,FALSE,FALSE,FALSE
"GENE2243","GENE2243_HUMAN","P67388","Protein GENE2243",-0.3024,0.806455,0.358507,0,0.4455,2,2,FALSE,FALSE,FALSE
"GENE2751","GENE2751_HUMAN","P84752","Protein GENE2751",-3.8135,0.017673,0.007986,1.5732,2.0977,2,4,FALSE,FALSE,TRUE
"GENE2252","GENE2252_HUMAN","P23975","Protein GENE2252",0.5592,1,0.599921,0.0266,0.2219,3,4,FALSE,FALSE,FALSE
"GENE0974","GENE0974_HUMAN","P00183","Protein GENE0974",0.1047,0.843328,0.326759,0.3775,0.4858,6,3,FALSE,FALSE,FALSE
"GENE1487","GENE1487_HUMAN","P01990","Protein GENE1487",0.063,1,0.502416,0,0.2989,5,4,FALSE,FALSE,FALSE
"GENE2884","GENE2884_HUMAN","P48142","Protein GENE2884",0.4843,0.281926,0.213863,0.3472,0.6699,4,4,FALSE,FALSE,FALSE
"GENE1467","GENE1467_HUMAN","P58432","Protein GENE1467",0.433,1,0.417962,0,0.3789,4,3,FALSE,FALSE,FALSE
"GENE2793","GENE2793_HUMAN","P35142","Protein GENE2793",-0.3381,0.658267,0.498345,0.0382,0.3025,2,6,FALSE,FALSE,FALSE
"GENE2248","GENE2248_HUMAN","P00338","Protein GENE2248",-0.1085,1,0.863751,0,0.0636,3,3,FALSE,FALSE,FALSE
"GENE1382","GENE1382_HUMAN","P20040","Protein GENE1382",-0.2098,1,0.777831,0,0.1091,4,3,FALSE,TRUE,FALSE
"GENE2131","GENE2131_HUMAN","P41078","Protein GENE2131",-0.1805,1,0.614699,0.0365,0.2113,6,6,FALSE,FALSE,FALSE
"GENE1652","GENE1652_HUMAN","P94467","Protein GENE1652",-0.0283,1,0.795335,0,0.0995,2,2,FALSE,FALSE,FALSE
"GENE1513","GENE1513_HUMAN","P17011","Protein GENE1513",0.3392,1,0.884281,0,0.0534,5,4,FALSE,FALSE,FALSE
"GENE2091","GENE2091_HUMAN","P94010","Protein GENE2091",0.2437,1,0.78377,0,0.1058,5,2,FALSE,FALSE,FALSE
"GENE2424","GENE2424_HUMAN","P86121","Protein GENE2424",-1.1322,1,0.4007,0.1539,0.3972,6,5,FALSE,FALSE,FALSE
"GENE1494","GENE1494_HUMAN","P00936","Protein GENE1494",0.4808,0.558101,0.180071,0.5061,0.7446,5,2,FALSE,FALSE,FALSE
"GENE2748","GENE2748_HUMAN","P16910","Protein GENE2748",0.3309,1,0.702712,0,0.1532,6,4,FALSE,FALSE,FALSE
"GENE2550","GENE2550_HUMAN","P95672","Protein GENE2550",0.3228,1,0.599836,0,0.222,5,2,FALSE,FALSE,FALSE
"GENE0788","GENE0788_HUMAN","P57973","Protein GENE0788",0.27,1,0.903376,0,0.0441,2,4,TRUE,TRUE,FALSE
"GENE0391","GENE0391_HUMAN","P73833","Protein GENE0391",0.1452,0.545476,0.243495,0,0.6135,2,4,FALSE,FALSE,FALSE
"GENE2521","GENE2521_HUMAN","P11892","Protein GENE2521",0.4441,1,0.700696,0,0.1545,6,5,FALSE,FALSE,FALSE
"GENE2551","GENE2551_HUMAN","P80703","Protein GENE2551",0.1149,0.529369,0.145968,0.3252,0.8357,2,2,FALSE,FALSE,FALSE
"GENE0588","GENE0588_HUMAN","P06490","Protein GENE0588",-0.0767,0.942351,0.773582,0.0971,0.1115,2,3,FALSE,FALSE,FALSE
"GENE1460","GENE1460_HUMAN","P41747","Protein GENE1460",0.1483,1,0.787132,0.0564,0.104,5,5,FALSE,FALSE,FALSE
"GENE1953","GENE1953_HUMAN","P49383","Protein GENE1953",1.2619,1,0.541079,0.2138,0.2667,4,4,TRUE,FALSE,FALSE
"GENE2585","GENE2585_HUMAN","P47667","Protein GENE2585",1.7247,0.024016,0.007446,1.6734,2.1281,2,5,FALSE,TRUE,TRUE
"GENE2704","GENE2704_HUMAN","P59470","Protein GENE2704",-0.2703,0.413507,0.11146,0.4992,0.9529,3,4,FALSE,FALSE,FALSE
"GENE1503","GENE1503_HUMAN","P27563","Protein GENE1503",0.2242,1,0.306422,0.0845,0.5137,5,2,FALSE,FALSE,FALSE
"GENE1056","GENE1056_HUMAN","P60653","Protein GENE1056",-0.5499,0.703467,0.35391,0.2519,0.4511,2,4,TRUE,FALSE,FALSE
"GENE0368","GENE0368_HUMAN","P14695","Protein GENE0368",0.7929,0.556978,0.185645,0.109,0.7313,3,4,FALSE,FALSE,FALSE
"GENE2451","GENE2451_HUMAN","P43104","Protein GENE2451",0.1117,1,0.818512,0,0.087,6,5,TRUE,FALSE,FALSE
"GENE0465","GENE0465_HUMAN","P46347","Protein GENE0465",0.1057,0.241693,0.131413,0.667,0.8814,5,3,FALSE,TRUE,FALSE
"GENE1756","GENE1756_HUMAN","P70331","Protein GENE1756",-0.4774,1,0.815417,0,0.0886,3,4,FALSE,FALSE,FALSE
"PPP6R1","PPP6R1_HUMAN","P16605","Protein PPP6R1",-3.2991,0.04978,0.0335,1.1564,1.475,2,4,FALSE,FALSE,TRUE
"GENE1540","GENE1540_HUMAN","P75258","Protein GENE1540",0.2929,1,0.62788,0,0.2021,2,4,FALSE,FALSE,FALSE
"GENE1826","GENE1826_HUMAN","P28179","Protein GENE1826",0.3016,0.97753,0.45749,0,0.3396,3,2,FALSE,FALSE,FALSE
"GENE2654","GENE2654_HUMAN","P33307","Protein GENE2654",0.4668,1,0.49533,0,0.3051,2,4,FALSE,FALSE,FALSE
"GENE0251","GENE0251_HUMAN","P42863","Protein GENE0251",-0.2734,1,0.829282,0,0.0813,3,3,FALSE,TRUE,FALSE
"GENE1738","GENE1738_HUMAN","P20365","Protein GENE1738",-0.0497,1,0.525033,0,0.2798,5,6,FALSE,FALSE,FALSE
"GENE0811","GENE0811_HUMAN","P81723","Protein GENE0811",-0.178,1,0.881148,0,0.055,5,3,FALSE,FALSE,FALSE
"GENE2502","GENE2502_HUMAN","P76072","Protein GENE2502",-0.6127,0.450237,0.160437,0.2211,0.7947,4,5,FALSE,TRUE,FALSE
"GENE1976","GENE1976_HUMAN","P39064","Protein GENE1976",-0.2375,1,0.89883,0,0.0463,4,4,FALSE,FALSE,FALSE
"GENE2363","GENE2363_HUMAN","P26415","Protein GENE2363",0.3222,1,0.607238,0,0.2166,5,2,FALSE,FALSE,FALSE
"GENE1152","GENE1152_HUMAN","P46787","Protein GENE1152",0.0522,1,0.98049,0,0.0086,5,3,FALSE,FALSE,FALSE
"GENE0102","GENE0102_HUMAN","P28056","Protein GENE0102",0.4252,1,0.995128,0,0.0021,3,2,FALSE,FALSE,FALSE
"GENE2089","GENE2089_HUMAN","P24896","Protein GENE2089",-0.7003,1,0.554789,0,0.2559,4,4,FALSE,FALSE,FALSE
"GENE0426","GENE0426_HUMAN","P65304","Protein GENE0426",0.2441,1,0.575427,0,0.24,2,4,FALSE,FALSE,FALSE
"GENE0681","GENE0681_HUMAN","P12369","Protein GENE0681",-0.5898,1,0.753113,0,0.1231,6,2,FALSE,FALSE,FALSE
"GENE2335","GENE2335_HUMAN","P80884","Protein GENE2335",-0.6245,0.447821,0.114384,0.6024,0.9416,6,6,FALSE,FALSE,FALSE
"GENE1284","GENE1284_HUMAN","P71673","Protein GENE1284",0.1078,1,0.649318,0,0.1875,5,6,FALSE,FALSE,FALSE
"GENE2851","GENE2851_HUMAN","P61552","Protein GENE2851",-0.7745,0.628463,0.199065,0.5535,0.701,5,3,FALSE,TRUE,FALSE
"GENE2821","GENE2821_HUMAN","P07424","Protein GENE2821",-0.0514,0.242294,0.111845,0.3321,0.9514,5,4,TRUE,FALSE,FALSE
"GENE0712","GENE0712_HUMAN","P10056","Protein GENE0712",-0.311,0.503772,0.493029,0,0.3071,5,6,FALSE,FALSE,FALSE
"GENE2261","GENE2261_HUMAN","P69864","Protein GENE2261",-0.1557,1,0.825487,0,0.0833,2,5,FALSE,TRUE,FALSE
"GENE0415","GENE0415_HUMAN","P28640","Protein GENE0415",-0.3422,1,0.990882,0,0.004,5,4,FALSE,FALSE,FALSE
"GENE0314","GENE0314_HUMAN","P03676","Protein GENE0314",0.274,1,0.802418,0,0.0956,6,2,TRUE,FALSE,FALSE
"GENE1390","GENE1390_HUMAN","P22931","Protein GENE1390",-0.2604,1,0.551029,0,0.2588,3,2,FALSE,FALSE,FALSE
"GENE1097","GENE1097_HUMAN","P21129","Protein GENE1097",0.1756,0.18572,0.094171,0.3401,1.0261,3,5,FALSE,FALSE,FALSE
"GENE1569","GENE1569_HUMAN","P07518","Protein GENE1569",-0.2177,0.445958,0.184181,0.1836,0.7348,4,2,FALSE,FALSE,FALSE
"GENE2849","GENE2849_HUMAN","P60507","Protein GENE2849",0.6562,0.454073,0.181521,0.1734,0.7411,2,3,FALSE,FALSE,FALSE
"GENE1074","GENE1074_HUMAN","P96635","Protein GENE1074",-0.0975,1,0.355911,0.3821,0.4487,4,4,FALSE,FALSE,FALSE
"GENE0085","GENE0085_HUMAN","P06243","Protein GENE0085",-0.1745,1,0.73332,0,0.1347,2,2,FALSE,FALSE,FALSE
"GENE0600","GENE0600_HUMAN","P22718","Protein GENE0600",0.3114,1,0.270014,0.3266,0.5686,4,4,FALSE,TRUE,FALSE
"GENE0901","GENE0901_HUMAN","P46236","Protein GENE0901",0.8101,0.925367,0.239481,0.0656,0.6207,2,2,FALSE,FALSE,FALSE
"GENE1902","GENE1902_HUMAN","P68602","Protein GENE1902",-0.2171,1,0.920559,0,0.0359,5,5,FALSE,FALSE,FALSE
"GENE1004","GENE1004_HUMAN","P15821","Protein GENE1004",0.726,1,0.734367,0,0.1341,3,6,FALSE,TRUE,FALSE
"GENE2148","GENE2148_HUMAN","P19897","Protein GENE2148",-0.1091,1,0.261945,0,0.5818,6,2,FALSE,FALSE,FALSE
"GENE1517","GENE1517_HUMAN","P38212","Protein GENE1517",-0.0868,1,0.731209,0,0.136,4,5,TRUE,FALSE,FALSE
"GENE1994","GENE1994_HUMAN","P19251","Protein GENE1994",-0.0071,1,0.646111,0,0.1897,5,5,FALSE,FALSE,FALSE
"GENE1896","GENE1896_HUMAN","P71165","Protein GENE1896",0.4908,0.324314,0.305357,0.3876,0.5152,3,4,FALSE,FALSE,FALSE
"GENE1343","GENE1343_HUMAN","P68752","Protein GENE1343",-0.3978,0.782566,0.739152,0,0.1313,4,3,FALSE,FALSE,FALSE
"GENE1863","GENE1863_HUMAN","P59963","Protein GENE1863",0.826,0.78645,0.22956,0.0141,0.6391,6,4,TRUE,FALSE,FALSE
"GENE1076","GENE1076_HUMAN","P46434","Protein GENE1076",0.1448,1,0.546061,0,0.2628,6,5,FALSE,TRUE,FALSE
"GENE0240","GENE0240_HUMAN","P83933","Protein GENE0240",0.3379,0.751508,0.199331,0.0978,0.7004,6,2,FALSE,FALSE,FALSE
"GENE2858","GENE2858_HUMAN","P52716","Protein GENE2858",0.1586,1,0.848659,0,0.0713,4,5,FALSE,FALSE,FALSE
"GENE1046","GENE1046_HUMAN","P82259","Protein GENE1046",-0.5136,1,0.994193,0,0.0025,6,2,TRUE,FALSE,FALSE
"GENE0914","GENE0914_HUMAN","P50239","Protein GENE0914",0.0576,1,0.756873,0.0055,0.121,2,6,FALSE,FALSE,FALSE
"GENE1986","GENE1986_HUMAN","P42260","Protein GENE1986",0.276,1,0.765754,0,0.1159,3,3,FALSE,FALSE,FALSE
"GENE0104","GENE0104_HUMAN","P30688","Protein GENE0104",-0.0378,1,0.292805,0,0.5334,2,5,FALSE,FALSE,FALSE
"GENE1908","GENE1908_HUMAN","P84197","Protein GENE1908",0.8419,1,0.586929,0,0.2314,4,4,FALSE,FALSE,FALSE
"GENE0819","GENE0819_HUMAN","P12172","Protein GENE0819",0.189,1,0.658025,0,0.1818,2,5,FALSE,FALSE,FALSE
"GENE2033","GENE2033_HUMAN","P95803","Protein GENE2033",0.4118,1,0.236996,0.0248,0.6253,2,5,FALSE,FALSE,FALSE
"GENE0935","GENE0935_HUMAN","P48753","Protein GENE0935",0.4527,1,0.810741,0,0.0911,6,5,FALSE,TRUE,FALSE
"GENE0593","GENE0593_HUMAN","P05175","Protein GENE0593",-0.3863,1,0.964628,0,0.0156,6,3,FALSE,FALSE,FALSE
"GENE0184","GENE0184_HUMAN","P48769","Protein GENE0184",0.3116,1,0.92841,0,0.0323,5,6,FALSE,FALSE,FALSE
"GENE1204","GENE1204_HUMAN","P93902","Protein GENE1204",-0.3808,0.711901,0.30699,0.0753,0.5129,3,5,FALSE,FALSE,FALSE
"GENE1803","GENE1803_HUMAN","P36708","Protein GENE1803",-0.2665,0.747799,0.206642,0.0568,0.6848,5,3,FALSE,FALSE,FALSE
"GENE0772","GENE0772_HUMAN","P89672","Protein GENE0772",-0.652,1,0.795612,0,0.0993,6,4,FALSE,FALSE,FALSE
"GENE2664","GENE2664_HUMAN","P66891","Protein GENE2664",-0.3841,0.802097,0.598527,0,0.2229,5,5,FALSE,FALSE,FALSE
"GENE1167","GENE1167_HUMAN","P73682","Protein GENE1167",0.0102,1,0.698892,0,0.1556,2,5,FALSE,FALSE,FALSE
"GENE2719","GENE2719_HUMAN","P94825","Protein GENE2719",0.2165,1,0.58754,0,0.231,4,5,FALSE,FALSE,FALSE
"GENE0862","GENE0862_HUMAN","P40193","Protein GENE0862",0.6204,0.805097,0.398462,0,0.3996,4,5,FALSE,FALSE,FALSE
"GENE0738","GENE0738_HUMAN","P83666","Protein GENE0738",0.4549,1,0.915172,0,0.0385,3,3,TRUE,FALSE,FALSE
"GENE0707","GENE0707_HUMAN","P26413","Protein GENE0707",-0.6093,0.44336,0.143814,0.1651,0.8422,3,3,FALSE,FALSE,FALSE
"GENE1914","GENE1914_HUMAN","P16864","Protein GENE1914",-0.233,1,0.421641,0,0.3751,3,3,FALSE,FALSE,FALSE
"GENE0294","GENE0294_HUMAN","P11876","Protein GENE0294",-0.3733,1,0.430408,0,0.3661,5,6,FALSE,FALSE,FALSE
"GENE1124","GENE1124_HUMAN","P71592","Protein GENE1124",-0.4372,0.420602,0.111026,0.3825,0.9546,3,6,FALSE,FALSE,FALSE
"GENE1572","GENE1572_HUMAN","P09393","Protein GENE1572",-0.7658,1,0.85432,0,0.0684,3,2,FALSE,FALSE,FALSE
"GENE1195","GENE1195_HUMAN","P34975","Protein GENE1195",-0.4552,1,0.281174,0.3922,0.551,2,2,FALSE,FALSE,FALSE
"GENE2512","GENE2512_HUMAN","P20631","Protein GENE2512",-0.7265,0.325989,0.157038,0.2231,0.804,6,4,FALSE,FALSE,FALSE
"GENE2787","GENE2787_HUMAN","P48435","Protein GENE2787",-0.1896,1,0.90856,0,0.0416,2,3,FALSE,FALSE,FALSE
"GENE1137","GENE1137_HUMAN","P73457","Protein GENE1137",-0.3124,1,0.464662,0.0427,0.3329,5,3,FALSE,FALSE,FALSE
"GENE2802","GENE2802_HUMAN","P42318","Protein GENE2802",0.4804,1,0.747195,0,0.1266,3,2,TRUE,FALSE,FALSE
"GENE0476","GENE0476_HUMAN","P58955","Protein GENE0476",-0.4483,0.965525,0.50466,0,0.297,6,2,FALSE,FALSE,FALSE
"GENE1095","GENE1095_HUMAN","P51136","Protein GENE1095",0.2946,1,0.59058,0,0.2287,3,2,FALSE,FALSE,FALSE
"GENE1085","GENE1085_HUMAN","P41433","Protein GENE1085",0.4422,1,0.404299,0,0.3933,2,6,TRUE,FALSE,FALSE
"GENE2493","GENE2493_HUMAN","P54916","Protein GENE2493",0.2302,1,0.491088,0,0.3088,4,2,FALSE,FALSE,FALSE
"GENE2239","GENE2239_HUMAN","P61654","Protein GENE2239",-0.3737,1,0.256889,0.1354,0.5903,4,2,FALSE,FALSE,FALSE
"GENE0325","GENE0325_HUMAN","P29890","Protein GENE0325",0.0092,0.61561,0.32563,0.0793,0.4873,3,2,FALSE,FALSE,FALSE
"GENE0506","GENE0506_HUMAN","P22722","Protein GENE0506",0.0047,0.670564,0.576168,0,0.2395,2,4,FALSE,FALSE,FALSE
"GENE1865","GENE1865_HUMAN","P68466","Protein GENE1865",-0.2738,1,0.490847,0.279,0.3091,6,6,FALSE,FALSE,FALSE
"GENE1926","GENE1926_HUMAN","P67975","Protein GENE1926",-0.2545,1,0.643814,0,0.1912,2,4,FALSE,FALSE,FALSE
"GENE1582","GENE1582_HUMAN","P48638","Protein GENE1582",0.0194,0.932394,0.369938,0.0369,0.4319,2,3,TRUE,FALSE,FALSE
"GENE2272","GENE2272_HUMAN","P59460","Protein GENE2272",0.2134,0.381038,0.183944,0.164,0.7353,3,6,FALSE,FALSE,FALSE
"GENE0230","GENE0230_HUMAN","P24130","Protein GENE0230",0.2489,0.907471,0.802709,0,0.0954,2,3,FALSE,FALSE,FALSE
"GENE1761","GENE1761_HUMAN","P05172","Protein GENE1761",0.2242,0.778154,0.190272,0.0787,0.7206,3,4,FALSE,FALSE,FALSE
"GENE0347","GENE0347_HUMAN","P97294","Protein GENE0347",-0.3051,1,0.623072,0,0.2055,2,5,TRUE,FALSE,FALSE
"GENE0682","GENE0682_HUMAN","P01308","Protein GENE0682",-0.7106,1,0.355436,0,0.4492,4,5,FALSE,FALSE,FALSE
"GENE1779","GENE1779_HUMAN","P52227","Protein GENE1779",0.5662,0.161088,0.038772,1.359,1.4115,5,4,FALSE,FALSE,TRUE
"GENE0070","GENE0070_HUMAN","P19047","Protein GENE0070",0.9729,1,0.999461,0,2e-04,6,5,FALSE,FALSE,FALSE
"GENE1463","GENE1463_HUMAN","P00574","Protein GENE1463",0.7768,1,0.503434,0,0.2981,2,5,FALSE,FALSE,FALSE
"GENE2530","GENE2530_HUMAN","P65484","Protein GENE2530",-0.3952,0.414214,0.200277,0.024,0.6984,6,3,FALSE,FALSE,FALSE
"GENE1848","GENE1848_HUMAN","P72637","Protein GENE1848",-0.8172,0.947128,0.774797,0,0.1108,5,4,FALSE,FALSE,FALSE
"GENE0207","GENE0207_HUMAN","P48652","Protein GENE0207",0.6221,0.66975,0.509258,0,0.2931,5,3,FALSE,FALSE,FALSE
"GENE1905","GENE1905_HUMAN","P21297","Protein GENE1905",0.3797,0.203426,0.193762,0.2707,0.7127,4,2,FALSE,FALSE,FALSE
"GENE2402","GENE2402_HUMAN","P77050","Protein GENE2402",-0.0859,0.775683,0.174843,0.1515,0.7574,5,5,FALSE,FALSE,FALSE
"GENE2105","GENE2105_HUMAN","P39750","Protein GENE2105",-0.4837,0.592078,0.121555,0.4312,0.9152,5,5,FALSE,FALSE,FALSE
"GENE1045","GENE1045_HUMAN","P91601","Protein GENE1045",-0.3542,1,0.496191,0,0.3044,6,6,FALSE,FALSE,FALSE
"GENE2844","GENE2844_HUMAN","P98432","Protein GENE2844",-0.0745,1,0.693851,0,0.1587,2,6,TRUE,FALSE,FALSE
"GENE2066","GENE2066_HUMAN","P12338","Protein GENE2066",0.5229,0.815704,0.686366,0,0.1634,2,3,FALSE,FALSE,FALSE
"DDX21","DDX21_HUMAN","P83644","Protein DDX21",-0.1512,1,0.500669,0.0755,0.3004,3,6,FALSE,FALSE,FALSE
"GENE2711","GENE2711_HUMAN","P64303","Protein GENE2711",-0.6217,1,0.986198,0,0.006,5,6,TRUE,FALSE,FALSE
"GENE0696","GENE0696_HUMAN","P88888","Protein GENE0696",-0.0792,1,0.316602,0.4626,0.4995,3,5,FALSE,FALSE,FALSE
"GENE1676","GENE1676_HUMAN","P25583","Protein GENE1676",0.5471,1,0.787642,0,0.1037,6,5,FALSE,FALSE,FALSE
"GENE2049","GENE2049_HUMAN","P23209","Protein GENE2049",-0.4775,0.819481,0.341569,0,0.4665,3,5,TRUE,FALSE,FALSE
"GENE1120","GENE1120_HUMAN","P15122","Protein GENE1120",-0.3411,1,0.591459,0.054,0.2281,5,3,TRUE,FALSE,FALSE
"GENE0016","GENE0016_HUMAN","P00342","Protein GENE0016",0.1153,1,0.98914,0,0.0047,4,3,FALSE,FALSE,FALSE
"GENE1430","GENE1430_HUMAN","P90691","Protein GENE1430",-0.6281,1,0.721566,0,0.1417,5,2,FALSE,FALSE,FALSE
"GENE0319","GENE0319_HUMAN","P33358","Protein GENE0319",0.1152,1,0.920126,0,0.0362,2,4,FALSE,FALSE,FALSE
"GENE2168","GENE2168_HUMAN","P87461","Protein GENE2168",-0.0073,1,0.941645,0,0.0261,2,4,FALSE,FALSE,FALSE
"GENE1066","GENE1066_HUMAN","P47390","Protein GENE1066",0.435,0.223372,0.080063,0.7313,1.0966,2,4,FALSE,FALSE,FALSE
"GENE2475","GENE2475_HUMAN","P40718","Protein GENE2475",0.0562,1,0.633807,0,0.198,5,4,FALSE,FALSE,FALSE
"GENE2162","GENE2162_HUMAN","P07102","Protein GENE2162",-2.9988,0.03322,0.009508,1.6794,2.0219,4,6,FALSE,FALSE,TRUE
"GENE1576","GENE1576_HUMAN","P33713","Protein GENE1576",0.9838,0.135836,0.048954,1.252,1.3102,3,4,FALSE,FALSE,TRUE
"GENE0524","GENE0524_HUMAN","P23523","Protein GENE0524",-0.3949,1,0.850657,0,0.0702,6,4,FALSE,FALSE,FALSE
"GENE0779","GENE0779_HUMAN","P44897","Protein GENE0779",-0.5337,1,0.913927,0,0.0391,3,5,FALSE,FALSE,FALSE
"GENE2805","GENE2805_HUMAN","P69128","Protein GENE2805",-0.1245,0.724459,0.174582,0.7345,0.758,2,2,FALSE,FALSE,FALSE
"GENE2840","GENE2840_HUMAN","P16369","Protein GENE2840",0.3364,0.790196,0.200404,0.3384,0.6981,3,6,FALSE,FALSE,FALSE
"GENE2317","GENE2317_HUMAN","P14345","Protein GENE2317",0.2691,1,0.349912,0,0.456,3,6,FALSE,FALSE,FALSE
"GENE0323","GENE0323_HUMAN","P04351","Protein GENE0323",0.2901,1,0.539678,0,0.2679,4,6,FALSE,FALSE,FALSE
"GENE1036","GENE1036_HUMAN","P06864","Protein GENE1036",-0.3212,1,0.564376,0,0.2484,3,5,FALSE,FALSE,FALSE
"GENE2063","GENE2063_HUMAN","P65163","Protein GENE2063",0.5098,1,0.854192,0,0.0684,6,4,FALSE,FALSE,FALSE
"GENE2488","GENE2488_HUMAN","P80211","Protein GENE2488",0.3575,0.508297,0.114733,0.4442,0.9403,6,2,FALSE,FALSE,FALSE
"GENE0393","GENE0393_HUMAN","P90468","Protein GENE0393",0.1275,0.588462,0.146652,0.2335,0.8337,6,5,FALSE,FALSE,FALSE
"GENE0350","GENE0350_HUMAN","P56409","Protein GENE0350",0.181,1,0.683478,0,0.1653,5,6,FALSE,FALSE,FALSE
"GENE2688","GENE2688_HUMAN","P36085","Protein GENE2688",0.2488,1,0.373494,0.3001,0.4277,3,2,FALSE,FALSE,FALSE
"GENE1670","GENE1670_HUMAN","P52091","Protein GENE1670",0.0717,1,0.633266,0.0014,0.1984,3,3,FALSE,FALSE,FALSE
"GENE2361","GENE2361_HUMAN","P77480","Protein GENE2361",-0.0859,1,0.867288,0,0.0618,5,6,FALSE,FALSE,FALSE
"GENE2371","GENE2371_HUMAN","P82039","Protein GENE2371",-0.3541,0.890419,0.669761,0,0.1741,2,5,FALSE,FALSE,FALSE
"GENE0505","GENE0505_HUMAN","P51660","Protein GENE0505",0.1121,0.483873,0.188213,0.0939,0.7253,4,3,FALSE,FALSE,FALSE
"GENE1597","GENE1597_HUMAN","P99415","Protein GENE1597",0.5188,1,0.804834,0,0.0943,5,2,FALSE,FALSE,FALSE
"GENE0883","GENE0883_HUMAN","P09350","Protein GENE0883",0.3602,1,0.766055,0,0.1157,6,4,FALSE,FALSE,FALSE
"GENE0401","GENE0401_HUMAN","P61200","Protein GENE0401",0.4243,0.79297,0.277633,0.1809,0.5565,2,4,FALSE,FALSE,FALSE
"GENE1330","GENE1330_HUMAN","P07612","Protein GENE1330",-0.1084,0.294863,0.180203,0.0492,0.7442,3,3,TRUE,FALSE,FALSE
"GENE2218","GENE2218_HUMAN","P43056","Protein GENE2218",-0.456,1,0.625507,0,0.2038,6,6,FALSE,FALSE,FALSE
"GENE0339","GENE0339_HUMAN","P02635","Protein GENE0339",0.4165,1,0.47826,0,0.3203,2,3,FALSE,FALSE,FALSE
"GENE1982","GENE1982_HUMAN","P17124","Protein GENE1982",0.1192,1,0.550756,0,0.259,3,5,FALSE,FALSE,FALSE
"GENE0623","GENE0623_HUMAN","P74582","Protein GENE0623",-3.2349,0.034864,0.020411,1.3585,1.6901,3,5,FALSE,FALSE,TRUE
"GENE2880","GENE2880_HUMAN","P47675","Protein GENE2880",-0.4251,0.165723,0.085384,0.481,1.0686,2,2,FALSE,FALSE,FALSE
"GENE2574","GENE2574_HUMAN","P12024","Protein GENE2574",0.2489,1,0.648329,0.0499,0.1882,4,3,FALSE,FALSE,FALSE
"GENE2774","GENE2774_HUMAN","P41581","Protein GENE2774",0.2887,0.515981,0.303944,0,0.5172,3,2,FALSE,FALSE,FALSE
"GENE0163","GENE0163_HUMAN","P53369","Protein GENE0163",-0.1456,1,0.854742,0,0.0682,6,2,FALSE,FALSE,FALSE
"GENE0539","GENE0539_HUMAN","P58781","Protein GENE0539",0.5873,1,0.520284,0,0.2838,3,3,TRUE,FALSE,FALSE
"GENE0047","GENE0047_HUMAN","P07425","Protein GENE0047",-0.2858,0.111016,0.093546,0.6449,1.029,3,2,FALSE,FALSE,FALSE
"GENE2038","GENE2038_HUMAN","P33790","Protein GENE2038",0.2311,0.42914,0.346885,0,0.4598,2,2,FALSE,TRUE,FALSE
"GENE1462","GENE1462_HUMAN","P12788","Protein GENE1462",-0.1655,1,0.986627,0,0.0058,3,2,FALSE,FALSE,FALSE
"GENE1939","GENE1939_HUMAN","P02842","Protein GENE1939",0.1138,1,0.305132,0,0.5155,4,6,FALSE,FALSE,FALSE
"GENE1271","GENE1271_HUMAN","P79625","Protein GENE1271",0.0903,1,0.601788,0,0.2206,5,4,FALSE,FALSE,FALSE
"GENE0077","GENE0077_HUMAN","P49510","Protein GENE0077",-0.6285,1,0.52253,0,0.2819,4,6,FALSE,FALSE,FALSE
"GENE0150","GENE0150_HUMAN","P16304","Protein GENE0150",0.2103,1,0.702039,0,0.1536,2,6,FALSE,FALSE,FALSE
"GENE2419","GENE2419_HUMAN","P06735","Protein GENE2419",0.1086,0.888117,0.26623,0,0.5747,6,2,FALSE,FALSE,FALSE
"GENE0569","GENE0569_HUMAN","P20153","Protein GENE0569",-0.1927,1,0.925953,0,0.0334,5,4,FALSE,FALSE,FALSE
"GENE0823","GENE0823_HUMAN","P75620","Protein GENE0823",-0.7439,0.706942,0.228318,0.4976,0.6415,6,3,FALSE,TRUE,FALSE
"GENE1477","GENE1477_HUMAN","P73286","Protein GENE1477",-0.031,1,0.328276,0,0.4838,6,6,FALSE,FALSE,FALSE
"GENE0703","GENE0703_HUMAN","P42991","Protein GENE0703",-0.3445,0.537445,0.121994,0.6246,0.9137,3,6,FALSE,FALSE,FALSE
"GENE0139","GENE0139_HUMAN","P35593","Protein GENE0139",-2.4789,0.179967,0.037478,0.868,1.4262,6,6,FALSE,FALSE,TRUE
"GENE0194","GENE0194_HUMAN","P58606","Protein GENE0194",0.5559,1,0.396175,0,0.4021,3,3,FALSE,FALSE,FALSE
"GENE0936","GENE0936_HUMAN","P78211","Protein GENE0936",-0.1262,1,0.741594,0,0.1298,2,2,TRUE,FALSE,FALSE
"GENE2489","GENE2489_HUMAN","P89284","Protein GENE2489",-0.0776,1,0.585336,0,0.2326,4,3,FALSE,FALSE,FALSE
"GENE0254","GENE0254_HUMAN","P61586","Protein GENE0254",0.1457,1,0.386598,0.1857,0.4127,2,3,FALSE,FALSE,FALSE
"GENE2641","GENE2641_HUMAN","P63087","Protein GENE2641",0.0495,1,0.655561,0,0.1834,6,6,TRUE,FALSE,FALSE
"GENE0001","GENE0001_HUMAN","P63655","Protein GENE0001",0.3978,0.899297,0.875925,0,0.0575,2,2,FALSE,FALSE,FALSE
"GENE2134","GENE2134_HUMAN","P38846","Protein GENE2134",-0.096,0.771179,0.762192,0,0.1179,4,6,FALSE,FALSE,FALSE
"GENE2816","GENE2816_HUMAN","P91592","Protein GENE2816",0.5345,1,0.925994,0,0.0334,5,2,TRUE,FALSE,FALSE
"GENE2280","GENE2280_HUMAN","P05694","Protein GENE2280",0.4838,0.400518,0.081332,0.5175,1.0897,4,2,FALSE,FALSE,FALSE
"GENE1693","GENE1693_HUMAN","P70406","Protein GENE1693",-0.2315,1,0.623036,0,0.2055,6,5,FALSE,TRUE,FALSE
"GENE0168","GENE0168_HUMAN","P20041","Protein GENE0168",0.1007,1,0.996834,0,0.0014,5,4,FALSE,FALSE,FALSE
"GENE0954","GENE0954_HUMAN","P42079","Protein GENE0954",-0.0135,1,0.908329,0,0.0418,5,4,FALSE,FALSE,FALSE
"GENE2228","GENE2228_HUMAN","P06223","Protein GENE2228",0.8538,0.470184,0.119838,0.5753,0.9214,3,3,FALSE,FALSE,FALSE
"GENE0986","GENE0986_HUMAN","P02326","Protein GENE0986",-0.0773,0.268814,0.202023,0.3334,0.6946,2,6,TRUE,FALSE,FALSE
"GENE1686","GENE1686_HUMAN","P55623","Protein GENE1686",-0.1061,1,0.769524,0,0.1138,6,3,FALSE,FALSE,FALSE
"GENE0508","GENE0508_HUMAN","P18529","Protein GENE0508",-0.0963,1,0.612393,0,0.213,4,3,TRUE,FALSE,FALSE
"GENE0840","GENE0840_HUMAN","P12824","Protein GENE0840",0.8885,0.508926,0.138145,0.6799,0.8597,2,3,FALSE,FALSE,FALSE
"GENE1573","GENE1573_HUMAN","P22200","Protein GENE1573",0.43,1,0.575785,0.11,0.2397,2,6,FALSE,FALSE,FALSE
"GENE0708","GENE0708_HUMAN","P42521","Protein GENE0708",-0.0622,1,0.348488,0,0.4578,3,4,FALSE,FALSE,FALSE
"GENE2035","GENE2035_HUMAN","P60838","Protein GENE2035",-0.0306,1,0.98763,0,0.0054,2,3,FALSE,FALSE,FALSE
"GENE0606","GENE0606_HUMAN","P04125","Protein GENE0606",0.335,0.511926,0.18075,0.1455,0.7429,4,6,FALSE,FALSE,FALSE
"GENE2846","GENE2846_HUMAN","P61121","Protein GENE2846",0.3978,1,0.498885,0,0.302,2,2,FALSE,FALSE,FALSE
"GENE1546","GENE1546_HUMAN","P26856","Protein GENE1546",0.0803,0.741408,0.596608,0.1754,0.2243,5,4,FALSE,FALSE,FALSE
"GENE2815","GENE2815_HUMAN","P25365","Protein GENE2815",-0.4615,0.232845,0.17265,0.4426,0.7628,6,5,FALSE,TRUE,FALSE
"GENE2364","GENE2364_HUMAN","P71814","Protein GENE2364",-0.165,1,0.69693,0,0.1568,6,2,FALSE,FALSE,FALSE
"GENE0495","GENE0495_HUMAN","P71332","Protein GENE0495",-0.0756,1,0.908164,0,0.0418,6,2,FALSE,FALSE,FALSE
"GENE2838","GENE2838_HUMAN","P97973","Protein GENE2838",-0.3569,1,0.807415,0,0.0929,3,4,FALSE,FALSE,FALSE
"GENE1758","GENE1758_HUMAN","P32645","Protein GENE1758",-0.4342,1,0.329807,0,0.4817,6,2,FALSE,TRUE,FALSE
"GENE0267","GENE0267_HUMAN","P69866","Protein GENE0267",0.7508,0.608488,0.145091,0.4106,0.8384,4,4,FALSE,FALSE,FALSE
"GENE2075","GENE2075_HUMAN","P00740","Protein GENE2075",0.4568,1,0.834255,0,0.0787,3,2,TRUE,FALSE,FALSE
"GENE2877","GENE2877_HUMAN","P13663","Protein GENE2877",0.2587,1,0.886175,0,0.0525,4,5,FALSE,FALSE,FALSE
"GENE0713","GENE0713_HUMAN","P58776","Protein GENE0713",-0.592,1,0.778528,0,0.1087,5,3,FALSE,FALSE,FALSE
"GENE1598","GENE1598_HUMAN","P75329","Protein GENE1598",0.0424,1,0.53241,0,0.2738,6,5,FALSE,FALSE,FALSE
"GENE0727","GENE0727_HUMAN","P13632","Protein GENE0727",-0.3891,0.496725,0.222687,0.3072,0.6523,4,6,FALSE,FALSE,FALSE
"GENE1257","GENE1257_HUMAN","P26187","Protein GENE1257",8e-04,0.857074,0.643364,0,0.1915,5,3,FALSE,FALSE,FALSE
"GENE2516","GENE2516_HUMAN","P83744","Protein GENE2516",-0.0574,1,0.942551,0,0.0257,3,4,FALSE,FALSE,FALSE
"GENE2385","GENE2385_HUMAN","P47152","Protein GENE2385",-0.5285,0.618064,0.463055,0,0.3344,3,3,FALSE,FALSE,FALSE
"GENE0059","GENE0059_HUMAN","P06767","Protein GENE0059",0.112,0.278019,0.20105,0.0117,0.6967,6,3,FALSE,FALSE,FALSE
"GENE2008","GENE2008_HUMAN","P63277","Protein GENE2008",-0.3504,1,0.351134,0.0182,0.4545,3,6,FALSE,TRUE,FALSE
"GENE1069","GENE1069_HUMAN","P24400","Protein GENE1069",-0.3234,1,0.327622,0,0.4846,4,3,FALSE,FALSE,FALSE
"GENE2630","GENE2630_HUMAN","P17041","Protein GENE2630",-0.4415,1,0.333892,0,0.4764,3,6,FALSE,FALSE,FALSE
"GENE1890","GENE1890_HUMAN","P80110","Protein GENE1890",-0.2398,1,0.900435,0,0.0455,5,4,FALSE,FALSE,FALSE
"GENE1070","GENE1070_HUMAN","P05660","Protein GENE1070",0.2313,0.499235,0.22739,0.0569,0.6432,2,6,TRUE,FALSE,FALSE
"GENE0215","GENE0215_HUMAN","P13513","Protein GENE0215",-0.0829,1,0.411199,0,0.3859,5,4,FALSE,FALSE,FALSE
"GENE0291","GENE0291_HUMAN","P43235","Protein GENE0291",-0.3097,0.838024,0.266233,0.1485,0.5747,4,5,FALSE,FALSE,FALSE
"GENE1178","GENE1178_HUMAN","P75679","Protein GENE1178",0.5156,1,0.956329,0,0.0194,2,4,FALSE,FALSE,FALSE
"GENE1446","GENE1446_HUMAN","P51227","Protein GENE1446",-0.5217,1,0.370825,0,0.4308,2,4,FALSE,FALSE,FALSE
"GENE1541","GENE1541_HUMAN","P49726","Protein GENE1541",-0.0095,1,0.340086,0,0.4684,2,5,FALSE,FALSE,FALSE
"GENE1935","GENE1935_HUMAN","P58472","Protein GENE1935",0.4279,1,0.899476,0,0.046,3,6,FALSE,FALSE,FALSE
"GENE1621","GENE1621_HUMAN","P60874","Protein GENE1621",0.5332,0.695939,0.296511,0,0.528,5,3,FALSE,FALSE,FALSE
"GENE0880","GENE0880_HUMAN","P95594","Protein GENE0880",0.3476,1,0.739179,0,0.1313,2,5,FALSE,FALSE,FALSE
"GENE1608","GENE1608_HUMAN","P31265","Protein GENE1608",3e-04,0.241096,0.220964,0.0259,0.6557,4,2,FALSE,FALSE,FALSE
"GENE1570","GENE1570_HUMAN","P65642","Protein GENE1570",-0.2961,1,0.494883,0,0.3055,2,2,FALSE,FALSE,FALSE
"GENE2872","GENE2872_HUMAN","P06517","Protein GENE2872",0.3616,1,0.651875,0.031,0.1858,4,2,FALSE,FALSE,FALSE
"GENE1991","GENE1991_HUMAN","P36227","Protein GENE1991",-0.0679,1,0.33232,0,0.4784,5,6,FALSE,FALSE,FALSE
"GENE2124","GENE2124_HUMAN","P68627","Protein GENE2124",0.432,1,0.909585,0,0.0412,6,6,TRUE,FALSE,FALSE
"GENE2034","GENE2034_HUMAN","P05868","Protein GENE2034",0.4096,1,0.590268,0,0.229,4,6,FALSE,FALSE,FALSE
"GENE2657","GENE2657_HUMAN","P44139","Protein GENE2657",-0.1298,1,0.687473,0,0.1627,6,5,FALSE,FALSE,FALSE
"GENE1544","GENE1544_HUMAN","P39664","Protein GENE1544",-0.0752,1,0.691315,0,0.1603,6,3,FALSE,FALSE,FALSE
"GENE1143","GENE1143_HUMAN","P39083","Protein GENE1143",0.0523,1,0.304098,0,0.517,5,3,FALSE,FALSE,FALSE
"GENE0293","GENE0293_HUMAN","P26141","Protein GENE0293",-0.0411,1,0.701933,0,0.1537,6,4,FALSE,FALSE,FALSE
"WNK1","WNK1_HUMAN","P16896","Protein WNK1",2.1213,0.130937,0.034108,0.9404,1.4671,3,5,FALSE,FALSE,TRUE
"GENE2498","GENE2498_HUMAN","P68419","Protein GENE2498",-0.036,1,0.442862,0,0.3537,6,6,FALSE,TRUE,FALSE
"GENE1286","GENE1286_HUMAN","P44752","Protein GENE1286",-3.69,0.170227,0.045499,0.809,1.342,2,5,FALSE,FALSE,TRUE
"GENE1254","GENE1254_HUMAN","P69774","Protein GENE1254",-1.2894,0.364568,0.075386,0.4252,1.1227,2,5,FALSE,FALSE,FALSE
"GENE2394","GENE2394_HUMAN","P35419","Protein GENE2394",-0.0985,1,0.956307,0,0.0194,5,2,FALSE,TRUE,FALSE
"GENE2731","GENE2731_HUMAN","P17887","Protein GENE2731",0.2316,1,0.697988,0,0.1562,5,4,FALSE,FALSE,FALSE
"GENE1843","GENE1843_HUMAN","P65143","Protein GENE1843",0.1407,1,0.40942,0,0.3878,4,4,FALSE,FALSE,FALSE
"GENE2221","GENE2221_HUMAN","P58944","Protein GENE2221",-2.9296,0.071392,0.020012,1.1854,1.6987,3,5,TRUE,TRUE,TRUE
"ANKRD28","ANKRD28_HUMAN","P82362","Protein ANKRD28",2.0816,0.04804,0.012641,1.7094,1.8982,6,3,FALSE,FALSE,TRUE
"GENE2724","GENE2724_HUMAN","P79501","Protein GENE2724",-0.0304,1,0.508178,0.0852,0.294,6,3,FALSE,TRUE,FALSE
"GENE2426","GENE2426_HUMAN","P68912","Protein GENE2426",-0.4215,1,0.447014,0,0.3497,2,6,FALSE,FALSE,FALSE
"GENE2761","GENE2761_HUMAN","P75749","Protein GENE2761",0.1737,1,0.44939,0.1941,0.3474,2,3,FALSE,FALSE,FALSE
"GENE1574","GENE1574_HUMAN","P55868","Protein GENE1574",0.3638,1,0.483619,0.0925,0.3155,6,2,FALSE,FALSE,FALSE
"GENE2384","GENE2384_HUMAN","P14936","Protein GENE2384",0.0447,0.538555,0.123733,0.4422,0.9075,6,5,FALSE,FALSE,FALSE
"GENE0615","GENE0615_HUMAN","P95906","Protein GENE0615",0.6944,1,0.765733,0,0.1159,5,5,FALSE,TRUE,FALSE
"GENE0327","GENE0327_HUMAN","P50635","Protein GENE0327",1.0083,1,0.940659,0,0.0266,4,5,FALSE,FALSE,FALSE
"GENE0609","GENE0609_HUMAN","P91574","Protein GENE0609",-0.1901,0.383224,0.080242,0.5917,1.0956,2,6,FALSE,FALSE,FALSE
"GENE0248","GENE0248_HUMAN","P92700","Protein GENE0248",0.5601,0.388107,0.36061,0.0265,0.443,5,5,TRUE,TRUE,FALSE
"GENE2013","GENE2013_HUMAN","P87771","Protein GENE2013",-0.3958,1,0.828109,0,0.0819,6,4,FALSE,TRUE,FALSE
"GENE0036","GENE0036_HUMAN","P72027","Protein GENE0036",-0.0996,1,0.509273,0,0.293,6,2,FALSE,FALSE,FALSE
"GENE0826","GENE0826_HUMAN","P55129","Protein GENE0826",-0.0566,0.938072,0.806011,0,0.0937,4,3,FALSE,TRUE,FALSE
"GENE0069","GENE0069_HUMAN","P50103","Protein GENE0069",0.84,1,0.703988,0.1211,0.1524,3,5,FALSE,TRUE,FALSE
"GENE2608","GENE2608_HUMAN","P49907","Protein GENE2608",-0.1056,1,0.790691,0.0063,0.102,6,5,FALSE,FALSE,FALSE
"GENE2864","GENE2864_HUMAN","P03020","Protein GENE2864",0.6983,1,0.596462,0,0.2244,6,3,FALSE,FALSE,FALSE
"GENE0543","GENE0543_HUMAN","P52730","Protein GENE0543",0.2946,0.62708,0.15275,0.1546,0.816,2,5,FALSE,FALSE,FALSE
"GENE1793","GENE1793_HUMAN","P93487","Protein GENE1793",0.0924,0.748406,0.69083,0,0.1606,4,5,FALSE,FALSE,FALSE
"GENE2253","GENE2253_HUMAN","P31541","Protein GENE2253",0.0663,0.953887,0.255825,0.1174,0.5921,6,4,FALSE,FALSE,FALSE
"GENE0740","GENE0740_HUMAN","P68428","Protein GENE0740",0.2041,1,0.417475,0,0.3794,4,6,FALSE,TRUE,FALSE
"GENE0105","GENE0105_HUMAN","P77786","Protein GENE0105",-0.2215,0.297695,0.172046,0.2684,0.7644,6,5,FALSE,FALSE,FALSE
"GENE2457","GENE2457_HUMAN","P25862","Protein GENE2457",-0.1576,1,0.854583,0,0.0682,5,5,TRUE,FALSE,FALSE
"GENE2279","GENE2279_HUMAN","P70896","Protein GENE2279",0.259,0.492108,0.21266,0,0.6723,4,5,FALSE,FALSE,FALSE
"GENE2311","GENE2311_HUMAN","P84105","Protein GENE2311",-0.0041,1,0.671455,0,0.173,4,2,FALSE,TRUE,FALSE
"GENE1407","GENE1407_HUMAN","P63451","Protein GENE1407",-0.0482,0.814068,0.170891,0.7466,0.7673,5,2,FALSE,FALSE,FALSE
"GENE1328","GENE1328_HUMAN","P01215","Protein GENE1328",0.4688,0.441438,0.177378,0.4361,0.7511,5,3,FALSE,FALSE,FALSE
"GENE1306","GENE1306_HUMAN","P36675","Protein GENE1306",0.3538,1,0.512637,0,0.2902,2,2,FALSE,FALSE,FALSE
"GENE2848","GENE2848_HUMAN","P00609","Protein GENE2848",0.0424,1,0.292924,0.2002,0.5332,4,6,FALSE,FALSE,FALSE
"GENE0487","GENE0487_HUMAN","P00113","Protein GENE0487",0.2527,1,0.618589,0,0.2086,6,5,FALSE,FALSE,FALSE
"GENE0257","GENE0257_HUMAN","P22244","Protein GENE0257",-0.1585,1,0.396825,0,0.4014,4,6,FALSE,FALSE,FALSE
"GENE2542","GENE2542_HUMAN","P23673","Protein GENE2542",-0.004,1,0.848149,0,0.0715,5,4,FALSE,FALSE,FALSE
"GENE0354","GENE0354_HUMAN","P98041","Protein GENE0354",0.6295,1,0.574792,0,0.2405,3,2,FALSE,FALSE,FALSE
"GENE0029","GENE0029_HUMAN","P76666","Protein GENE0029",0.9106,1,0.649789,0,0.1872,5,2,FALSE,FALSE,FALSE
"GENE0941","GENE0941_HUMAN","P22786","Protein GENE0941",0.834,0.730471,0.235869,0.1142,0.6273,6,5,FALSE,FALSE,FALSE
"GENE2614","GENE2614_HUMAN","P97263","Protein GENE2614",0.5623,1,0.764173,0,0.1168,3,5,FALSE,TRUE,FALSE
"GENE2331","GENE2331_HUMAN","P11904","Protein GENE2331",0.1697,1,0.962649,0,0.0165,4,3,TRUE,FALSE,FALSE
"GENE2447","GENE2447_HUMAN","P17032","Protein GENE2447",0.0498,1,0.508136,0,0.294,2,3,FALSE,FALSE,FALSE
"GENE1904","GENE1904_HUMAN","P81583","Protein GENE1904",0.1862,1,0.982107,0,0.0078,6,2,FALSE,FALSE,FALSE
"GENE1150","GENE1150_HUMAN","P07444","Protein GENE1150",-0.5855,1,0.912709,0,0.0397,2,5,FALSE,FALSE,FALSE
"GENE0611","GENE0611_HUMAN","P71208","Protein GENE0611",0.0258,1,0.61121,0,0.2138,5,3,FALSE,FALSE,FALSE
"GENE0786","GENE0786_HUMAN","P10691","Protein GENE0786",-0.4165,1,0.822013,0,0.0851,2,6,FALSE,FALSE,FALSE
"GENE0532","GENE0532_HUMAN","P03169","Protein GENE0532",0.236,1,0.546046,0.0316,0.2628,3,5,FALSE,FALSE,FALSE
"GENE2260","GENE2260_HUMAN","P31096","Protein GENE2260",0.1307,1,0.910998,0,0.0405,6,2,FALSE,FALSE,FALSE
"GENE0865","GENE0865_HUMAN","P51489","Protein GENE0865",0.3658,1,0.839021,0,0.0762,6,3,FALSE,FALSE,FALSE
"GENE2765","GENE2765_HUMAN","P41119","Protein GENE2765",-0.0887,1,0.97431,0,0.0113,2,5,FALSE,FALSE,FALSE
"GENE0753","GENE0753_HUMAN","P27369","Protein GENE0753",0.3814,1,0.535736,0,0.271,5,6,TRUE,FALSE,FALSE
"GENE1229","GENE1229_HUMAN","P59486","Protein GENE1229",-0.3601,1,0.655145,0,0.1837,2,2,TRUE,FALSE,FALSE
"GENE0113","GENE0113_HUMAN","P01306","Protein GENE0113",0.0487,1,0.508771,0.2106,0.2935,2,2,FALSE,FALSE,FALSE
"GENE2438","GENE2438_HUMAN","P05990","Protein GENE2438",0.2746,1,0.951602,0,0.0215,3,2,FALSE,FALSE,FALSE
"GENE1618","GENE1618_HUMAN","P38774","Protein GENE1618",1.0076,1,0.807852,0.0136,0.0927,5,5,FALSE,FALSE,FALSE
"GENE0612","GENE0612_HUMAN","P70404","Protein GENE0612",-0.1194,1,0.676321,0,0.1698,5,5,FALSE,FALSE,FALSE
"GENE0343","GENE0343_HUMAN","P57570","Protein GENE0343",1.4382,0.385751,0.090354,0.451,1.0441,2,3,FALSE,FALSE,FALSE
"GENE2600","GENE2600_HUMAN","P38295","Protein GENE2600",-0.8321,1,0.492125,0,0.3079,4,5,FALSE,FALSE,FALSE
"GENE2041","GENE2041_HUMAN","P23494","Protein GENE2041",1.428,0.020536,0.007557,1.6003,2.1217,5,2,FALSE,FALSE,TRUE
"GENE1714","GENE1714_HUMAN","P17307","Protein GENE1714",-0.5969,1,0.744896,0.0436,0.1279,6,4,FALSE,FALSE,FALSE
"GENE2842","GENE2842_HUMAN","P17223","Protein GENE2842",-0.1779,0.62968,0.593546,0,0.2265,6,2,FALSE,FALSE,FALSE
"GENE1474","GENE1474_HUMAN","P46140","Protein GENE1474",0.218,1,0.396794,0,0.4014,2,6,FALSE,TRUE,FALSE
"GENE1678","GENE1678_HUMAN","P11786","Protein GENE1678",2.434,0.185797,0.045598,1.0098,1.3411,3,3,FALSE,FALSE,TRUE
"GENE2170","GENE2170_HUMAN","P77703","Protein GENE2170",0.5089,1,0.567968,0,0.2457,4,5,FALSE,FALSE,FALSE
"GENE2024","GENE2024_HUMAN","P74081","Protein GENE2024",-0.5819,1,0.816843,0,0.0879,4,3,FALSE,FALSE,FALSE
"GENE1375","GENE1375_HUMAN","P40118","Protein GENE1375",0.2547,1,0.565861,0,0.2473,5,2,FALSE,FALSE,FALSE
"GENE2276","GENE2276_HUMAN","P88311","Protein GENE2276",0.5585,0.296968,0.260904,0.0981,0.5835,6,4,FALSE,FALSE,FALSE
"GENE1405","GENE1405_HUMAN","P24304","Protein GENE1405",-0.1116,0.906268,0.250363,0.2911,0.6014,2,2,FALSE,FALSE,FALSE
"GENE2617","GENE2617_HUMAN","P91383","Protein GENE2617",-0.579,1,0.918792,0,0.0368,4,2,FALSE,FALSE,FALSE
"GENE1210","GENE1210_HUMAN","P16214","Protein GENE1210",0.0944,0.609172,0.377481,0,0.4231,4,6,FALSE,FALSE,FALSE
"GENE0180","GENE0180_HUMAN","P82815","Protein GENE0180",0.442,1,0.845226,0,0.073,2,5,FALSE,FALSE,FALSE
"GENE1784","GENE1784_HUMAN","P83615","Protein GENE1784",0.164,0.375967,0.123463,0.2229,0.9085,6,5,FALSE,FALSE,FALSE
"GENE1158","GENE1158_HUMAN","P97910","Protein GENE1158",-0.3582,1,0.742337,0,0.1294,2,2,FALSE,FALSE,FALSE
"GENE1891","GENE1891_HUMAN","P46546","Protein GENE1891",2.4597,0.003121,0.000864,2.8014,3.0636,6,6,FALSE,FALSE,TRUE
"GENE2706","GENE2706_HUMAN","P08336","Protein GENE2706",-0.106,1,0.595328,0,0.2252,4,2,FALSE,FALSE,FALSE
"GENE0446","GENE0446_HUMAN","P96634","Protein GENE0446",-0.1026,0.324397,0.207454,0.4235,0.6831,4,6,FALSE,FALSE,FALSE
"GENE1708","GENE1708_HUMAN","P96236","Protein GENE1708",0.1059,0.277542,0.254999,0.4846,0.5935,5,5,FALSE,FALSE,FALSE
"GENE2713","GENE2713_HUMAN","P61038","Protein GENE2713",0.3006,0.415502,0.190832,0.5408,0.7193,5,3,FALSE,FALSE,FALSE
"GENE1384","GENE1384_HUMAN","P09533","Protein GENE1384",0.8035,0.2103,0.167286,0.7014,0.7765,2,6,FALSE,FALSE,FALSE
"GENE0315","GENE0315_HUMAN","P12789","Protein GENE0315",-0.5897,0.518932,0.166449,0.1963,0.7787,2,5,FALSE,FALSE,FALSE
"GENE2151","GENE2151_HUMAN","P82126","Protein GENE2151",0.2355,1,0.685897,0,0.1637,2,5,FALSE,FALSE,FALSE
"GENE2462","GENE2462_HUMAN","P51326","Protein GENE2462",0.1384,0.49091,0.098253,0.6459,1.0077,6,5,FALSE,FALSE,FALSE
"GENE1007","GENE1007_HUMAN","P90936","Protein GENE1007",0.5645,1,0.502487,0,0.2989,2,5,FALSE,TRUE,FALSE
"GENE1203","GENE1203_HUMAN","P97786","Protein GENE1203",-0.7742,1,0.684036,0,0.1649,6,5,FALSE,FALSE,FALSE
"GENE2627","GENE2627_HUMAN","P63553","Protein GENE2627",-0.1765,0.456495,0.181855,0.7036,0.7403,2,4,FALSE,FALSE,FALSE
"GENE1301","GENE1301_HUMAN","P47941","Protein GENE1301",0.5334,1,0.858555,0,0.0662,6,6,FALSE,FALSE,FALSE
"GENE1593","GENE1593_HUMAN","P81663","Protein GENE1593",-0.2329,1,0.965007,0,0.0155,2,6,FALSE,FALSE,FALSE
"GENE2157","GENE2157_HUMAN","P47303","Protein GENE2157",-0.0346,1,0.631564,0,0.1996,5,5,TRUE,FALSE,FALSE
"GENE0276","GENE0276_HUMAN","P76709","Protein GENE0276",-0.3383,1,0.421067,0,0.3756,2,5,FALSE,FALSE,FALSE
"GENE0109","GENE0109_HUMAN","P79536","Protein GENE0109",-0.1172,1,0.885275,0,0.0529,4,5,FALSE,FALSE,FALSE
"GENE0067","GENE0067_HUMAN","P70140","Protein GENE0067",-0.2895,0.43555,0.378623,0,0.4218,6,2,FALSE,FALSE,FALSE
"GENE1849","GENE1849_HUMAN","P93465","Protein GENE1849",0.9079,0.365763,0.08173,0.8576,1.0876,2,2,FALSE,FALSE,FALSE
"GENE1668","GENE1668_HUMAN","P84338","Protein GENE1668",0.5254,1,0.926009,0,0.0334,2,3,FALSE,FALSE,FALSE
"GENE2624","GENE2624_HUMAN","P84006","Protein GENE2624",-0.1294,1,0.645817,0,0.1899,4,6,FALSE,FALSE,FALSE
"GENE0258","GENE0258_HUMAN","P81340","Protein GENE0258",-0.3168,0.667956,0.329515,0,0.4821,2,2,FALSE,FALSE,FALSE
"GENE0287","GENE0287_HUMAN","P73596","Protein GENE0287",-0.2164,1,0.519,0.2129,0.2848,3,6,FALSE,FALSE,FALSE
"GENE1425","GENE1425_HUMAN","P06865","Protein GENE1425",-0.2071,1,0.952354,0,0.0212,5,5,FALSE,FALSE,FALSE
"GENE0034","GENE0034_HUMAN","P96716","Protein GENE0034",0.2153,0.400581,0.134734,0.6005,0.8705,5,2,FALSE,FALSE,FALSE
"GENE2714","GENE2714_HUMAN","P52452","Protein GENE2714",0.0955,1,0.473939,0,0.3243,3,3,TRUE,TRUE,FALSE
"GENE0061","GENE0061_HUMAN","P65831","Protein GENE0061",-0.3806,1,0.912341,0,0.0398,4,2,FALSE,FALSE,FALSE
"GENE1627","GENE1627_HUMAN","P38500","Protein GENE1627",-0.8198,1,0.416542,0.0935,0.3803,6,4,TRUE,FALSE,FALSE
"GENE0356","GENE0356_HUMAN","P16648","Protein GENE0356",0.8939,1,0.792833,0,0.1008,4,2,FALSE,FALSE,FALSE
"GENE2223","GENE2223_HUMAN","P14862","Protein GENE2223",-0.1048,0.627621,0.468369,0.0316,0.3294,5,3,FALSE,FALSE,FALSE
"GENE1764","GENE1764_HUMAN","P57041","Protein GENE1764",-1.2495,1,0.978094,0,0.0096,2,6,FALSE,FALSE,FALSE
"GENE0522","GENE0522_HUMAN","P06229","Protein GENE0522",0.2592,1,0.581621,0,0.2354,2,5,FALSE,FALSE,FALSE
"GENE2427","GENE2427_HUMAN","P28238","Protein GENE2427",1.4283,0.067157,0.022827,1.0385,1.6415,5,2,FALSE,FALSE,TRUE
"GENE0164","GENE0164_HUMAN","P06107","Protein GENE0164",0.0137,1,0.757575,0,0.1206,6,2,FALSE,FALSE,FALSE
"GENE2101","GENE2101_HUMAN","P96299","Protein GENE2101",0.3249,1,0.380908,0,0.4192,5,4,FALSE,FALSE,FALSE
"GENE0538","GENE0538_HUMAN","P00849","Protein GENE0538",-0.5576,1,0.737284,0,0.1324,6,5,FALSE,FALSE,FALSE
"GENE0048","GENE0048_HUMAN","P83824","Protein GENE0048",-0.1802,1,0.455553,0,0.3415,4,3,TRUE,FALSE,FALSE
"GENE0166","GENE0166_HUMAN","P76825","Protein GENE0166",0.1917,1,0.674524,0,0.171,3,3,FALSE,FALSE,FALSE
"GENE0043","GENE0043_HUMAN","P67333","Protein GENE0043",-0.3556,1,0.58313,0,0.2342,5,4,FALSE,FALSE,FALSE
"GENE1623","GENE1623_HUMAN","P49159","Protein GENE1623",0.2363,1,0.611535,0,0.2136,2,2,FALSE,TRUE,FALSE
"GENE0478","GENE0478_HUMAN","P43060","Protein GENE0478",0.0949,1,0.38863,0,0.4105,6,2,TRUE,FALSE,FALSE
"GENE1747","GENE1747_HUMAN","P69234","Protein GENE1747",-0.8583,1,0.848913,0,0.0711,4,4,TRUE,FALSE,FALSE
"GENE0156","GENE0156_HUMAN","P77169","Protein GENE0156",-0.1464,1,0.5711,0.1424,0.2433,4,3,FALSE,TRUE,FALSE
"GENE0080","GENE0080_HUMAN","P03197","Protein GENE0080",0.1866,0.481424,0.136838,0.2429,0.8638,3,2,FALSE,TRUE,FALSE
"GENE1892","GENE1892_HUMAN","P62452","Protein GENE1892",-0.2203,0.600677,0.181266,0.0582,0.7417,6,3,FALSE,FALSE,FALSE
"GENE0874","GENE0874_HUMAN","P45186","Protein GENE0874",0.3816,1,0.871461,0,0.0598,2,3,TRUE,FALSE,FALSE
"GENE2881","GENE2881_HUMAN","P34215","Protein GENE2881",0.4018,1,0.463162,0,0.3343,6,5,TRUE,FALSE,FALSE
"GENE1853","GENE1853_HUMAN","P82258","Protein GENE1853",-0.75,0.877321,0.206248,0.1937,0.6856,4,2,FALSE,FALSE,FALSE
"GENE1749","GENE1749_HUMAN","P76134","Protein GENE1749",-0.0111,1,0.920913,0,0.0358,3,6,FALSE,FALSE,FALSE
"GENE0394","GENE0394_HUMAN","P87303","Protein GENE0394",-0.2138,1,0.505345,0,0.2964,4,5,FALSE,FALSE,FALSE
"GENE1010","GENE1010_HUMAN","P96352","Protein GENE1010",-0.3144,1,0.812228,0,0.0903,2,4,FALSE,FALSE,FALSE
"GENE0853","GENE0853_HUMAN","P55542","Protein GENE0853",-0.1993,0.132237,0.061166,0.7394,1.2135,2,3,TRUE,FALSE,FALSE
"GENE1322","GENE1322_HUMAN","P46132","Protein GENE1322",0.1202,1,0.650729,0,0.1866,2,2,TRUE,FALSE,FALSE
"GENE1689","GENE1689_HUMAN","P74864","Protein GENE1689",-0.646,1,0.471448,0,0.3266,4,3,FALSE,FALSE,FALSE
"GENE2267","GENE2267_HUMAN","P41977","Protein GENE2267",0.1646,0.800294,0.22072,0.3525,0.6562,3,6,FALSE,TRUE,FALSE
"GENE0269","GENE0269_HUMAN","P03344","Protein GENE0269",-0.4767,1,0.357992,0.0628,0.4461,5,2,FALSE,FALSE,FALSE
"GENE0320","GENE0320_HUMAN","P70063","Protein GENE0320",-0.0014,0.789222,0.401585,0.092,0.3962,4,4,FALSE,FALSE,FALSE
"GENE2021","GENE2021_HUMAN","P56689","Protein GENE2021",-0.0289,1,0.509278,0,0.293,2,5,FALSE,FALSE,FALSE
"GENE2032","GENE2032_HUMAN","P28939","Protein GENE2032",0.0519,0.664536,0.147808,0.5818,0.8303,5,4,FALSE,FALSE,FALSE
"GENE2524","GENE2524_HUMAN","P07860","Protein GENE2524",0.0585,0.775311,0.235635,0.0571,0.6278,6,4,FALSE,FALSE,FALSE
"GENE1433","GENE1433_HUMAN","P28061","Protein GENE1433",-0.2985,1,0.895401,0,0.048,3,4,FALSE,FALSE,FALSE
"GENE1606","GENE1606_HUMAN","P88682","Protein GENE1606",-0.5899,1,0.910555,0,0.0407,5,5,FALSE,FALSE,FALSE
"GENE2538","GENE2538_HUMAN","P67032","Protein GENE2538",0.1172,1,0.651338,0,0.1862,5,4,FALSE,TRUE,FALSE
"GENE1558","GENE1558_HUMAN","P99905","Protein GENE1558",-0.0869,1,0.9248,0,0.034,4,3,FALSE,FALSE,FALSE
"GENE2205","GENE2205_HUMAN","P70456","Protein GENE2205",-0.2254,1,0.713887,0,0.1464,3,2,FALSE,FALSE,FALSE
"GENE0599","GENE0599_HUMAN","P23419","Protein GENE0599",-0.4789,1,0.277607,0.3764,0.5566,3,3,FALSE,FALSE,FALSE
"GENE2758","GENE2758_HUMAN","P03649","Protein GENE2758",0.1126,0.372109,0.299011,0.0248,0.5243,5,5,FALSE,FALSE,FALSE
"GENE1419","GENE1419_HUMAN","P63163","Protein GENE1419",2.9941,0.027827,0.017138,1.6929,1.766,4,3,FALSE,FALSE,TRUE
"GENE1369","GENE1369_HUMAN","P34658","Protein GENE1369",0.254,1,0.98569,0,0.0063,5,5,FALSE,FALSE,FALSE
"GENE0542","GENE0542_HUMAN","P13202","Protein GENE0542",0.5207,1,0.732639,0,0.1351,6,6,FALSE,FALSE,FALSE
"GENE0571","GENE0571_HUMAN","P79891","Protein GENE0571",-0.1636,1,0.373516,0,0.4277,4,5,FALSE,FALSE,FALSE
"GENE0185","GENE0185_HUMAN","P60566","Protein GENE0185",-0.0263,1,0.720245,0,0.1425,6,5,FALSE,FALSE,FALSE
"GENE2214","GENE2214_HUMAN","P56116","Protein GENE2214",0.176,1,0.581198,0,0.2357,3,2,FALSE,FALSE,FALSE
"GENE1675","GENE1675_HUMAN","P96208","Protein GENE1675",0.3247,1,0.951305,0,0.0217,6,2,TRUE,FALSE,FALSE
"GENE2800","GENE2800_HUMAN","P98619","Protein GENE2800",0.0656,1,0.890688,0,0.0503,2,6,FALSE,FALSE,FALSE
"GENE0957","GENE0957_HUMAN","P41523","Protein GENE0957",0.2634,0.502937,0.286199,0.3678,0.5433,2,6,FALSE,FALSE,FALSE
"GENE1979","GENE1979_HUMAN","P14815","Protein GENE1979",-0.3502,1,0.471778,0,0.3263,6,5,FALSE,TRUE,FALSE
"GENE0459","GENE0459_HUMAN","P68870","Protein GENE0459",-0.0432,0.170441,0.065067,0.5506,1.1866,2,3,FALSE,FALSE,FALSE
"GENE2355","GENE2355_HUMAN","P02734","Protein GENE2355",0.03,1,0.837421,0,0.0771,6,4,FALSE,FALSE,FALSE
"GENE0013","GENE0013_HUMAN","P40677","Protein GENE0013",0.2721,0.720181,0.613682,0,0.2121,5,2,FALSE,TRUE,FALSE
"GENE2092","GENE2092_HUMAN","P01230","Protein GENE2092",0.2564,0.71316,0.386622,0.2229,0.4127,6,2,TRUE,FALSE,FALSE
"GENE2098","GENE2098_HUMAN","P51131","Protein GENE2098",-0.0515,0.932653,0.275717,0.3058,0.5595,6,3,FALSE,TRUE,FALSE
"GENE0896","GENE0896_HUMAN","P29387","Protein GENE0896",-0.8235,1,0.849339,0,0.0709,2,5,FALSE,FALSE,FALSE
"GENE2556","GENE2556_HUMAN","P46242","Protein GENE2556",0.1776,0.804707,0.778188,0.1033,0.1089,5,3,TRUE,FALSE,FALSE
"GENE2263","GENE2263_HUMAN","P82083","Protein GENE2263",-0.0522,1,0.950634,0,0.022,3,5,FALSE,FALSE,FALSE
"GENE2391","GENE2391_HUMAN","P62416","Protein GENE2391",-0.627,1,0.668133,0,0.1751,4,4,FALSE,FALSE,FALSE
"GENE2358","GENE2358_HUMAN","P59293","Protein GENE2358",0.5072,1,0.409255,0.0479,0.388,3,2,FALSE,FALSE,FALSE
"GENE2620","GENE2620_HUMAN","P18131","Protein GENE2620",0.343,1,0.827778,0,0.0821,3,5,FALSE,FALSE,FALSE
"GENE1276","GENE1276_HUMAN","P17963","Protein GENE1276",0.4144,1,0.574337,0.1122,0.2408,5,4,FALSE,FALSE,FALSE
"GENE0450","GENE0450_HUMAN","P77140","Protein GENE0450",-0.6289,1,0.65458,0,0.184,3,5,FALSE,FALSE,FALSE
"GENE1466","GENE1466_HUMAN","P16964","Protein GENE1466",-0.2283,1,0.575875,0,0.2397,3,5,FALSE,FALSE,FALSE
"GENE0584","GENE0584_HUMAN","P88621","Protein GENE0584",-0.3009,1,0.546679,0,0.2623,2,2,FALSE,FALSE,FALSE
"GENE0151","GENE0151_HUMAN","P92847","Protein GENE0151",-0.0058,1,0.72961,0,0.1369,6,3,FALSE,FALSE,FALSE
"GENE1048","GENE1048_HUMAN","P95272","Protein GENE1048",-0.9145,1,0.99417,0,0.0025,6,3,FALSE,FALSE,FALSE
"GENE2020","GENE2020_HUMAN","P42903","Protein GENE2020",0.9487,0.081287,0.077086,0.7109,1.113,3,5,FALSE,FALSE,FALSE
"GENE2423","GENE2423_HUMAN","P30708","Protein GENE2423",-0.0842,0.578594,0.286595,0,0.5427,6,6,FALSE,FALSE,FALSE
"GENE1461","GENE1461_HUMAN","P88421","Protein GENE1461",-0.0427,1,0.418421,0.1603,0.3784,5,2,FALSE,FALSE,FALSE
"GENE1501","GENE1501_HUMAN","P66971","Protein GENE1501",-0.4611,1,0.857613,0,0.0667,3,2,FALSE,FALSE,FALSE
"GENE1331","GENE1331_HUMAN","P77210","Protein GENE1331",0.0926,1,0.643735,0,0.1913,5,3,TRUE,TRUE,FALSE
"GENE0338","GENE0338_HUMAN","P17148","Protein GENE0338",-0.2367,1,0.473869,0,0.3243,5,4,FALSE,FALSE,FALSE
"GENE1160","GENE1160_HUMAN","P01471","Protein GENE1160",-0.24,0.217616,0.103198,0.4338,0.9863,4,3,FALSE,TRUE,FALSE
"GENE0525","GENE0525_HUMAN","P44564","Protein GENE0525",3.7656,0.125533,0.036327,1.4073,1.4398,5,3,FALSE,FALSE,TRUE
"GENE0463","GENE0463_HUMAN","P91258","Protein GENE0463",-0.3234,0.513502,0.140584,0.3795,0.8521,3,3,FALSE,FALSE,FALSE
"GENE2351","GENE2351_HUMAN","P03050","Protein GENE2351",-0.0244,1,0.411738,0,0.3854,3,6,FALSE,FALSE,FALSE
"GENE1266","GENE1266_HUMAN","P08371","Protein GENE1266",0.2438,0.995228,0.881544,0,0.0548,4,2,FALSE,FALSE,FALSE
"GENE1645","GENE1645_HUMAN","P85824","Protein GENE1645",-0.1636,1,0.319589,0,0.4954,6,4,FALSE,TRUE,FALSE
"GENE1696","GENE1696_HUMAN","P24635","Protein GENE1696",0.7754,1,0.69286,0,0.1594,4,4,TRUE,FALSE,FALSE
"GENE2254","GENE2254_HUMAN","P90202","Protein GENE2254",0.3503,1,0.778364,0,0.1088,5,3,FALSE,FALSE,FALSE
"GENE2603","GENE2603_HUMAN","P64878","Protein GENE2603",0.0614,0.263493,0.148165,0.5648,0.8293,4,6,FALSE,FALSE,FALSE
"GENE0189","GENE0189_HUMAN","P30795","Protein GENE0189",0.5075,1,0.455546,0.2596,0.3415,6,4,FALSE,FALSE,FALSE
"GENE0177","GENE0177_HUMAN","P23740","Protein GENE0177",4.14,0.106638,0.044807,1.1552,1.3487,6,2,FALSE,FALSE,TRUE
"GENE2682","GENE2682_HUMAN","P38821","Protein GENE2682",-0.2752,0.814584,0.356705,0,0.4477,4,2,FALSE,FALSE,FALSE
"GENE0987","GENE0987_HUMAN","P48349","Protein GENE0987",0.2253,1,0.836507,0,0.0775,4,3,FALSE,FALSE,FALSE
"GENE2543","GENE2543_HUMAN","P63548","Protein GENE2543",0.2577,0.477223,0.258056,0,0.5883,6,4,FALSE,TRUE,FALSE
"GENE0022","GENE0022_HUMAN","P47414","Protein GENE0022",-0.6172,0.965955,0.480906,0,0.3179,4,6,FALSE,FALSE,FALSE
"GENE1759","GENE1759_HUMAN","P36149","Protein GENE1759",-0.3539,1,0.594184,0,0.2261,5,6,FALSE,FALSE,FALSE
"GENE0179","GENE0179_HUMAN","P12582","Protein GENE0179",0.7343,0.621403,0.15394,0.5529,0.8126,4,6,FALSE,FALSE,FALSE
"GENE2213","GENE2213_HUMAN","P47916","Protein GENE2213",0.3284,1,0.375529,0.0706,0.4254,2,6,FALSE,FALSE,FALSE
"GENE0607","GENE0607_HUMAN","P56844","Protein GENE0607",-0.4698,0.340426,0.138061,0.6481,0.8599,3,4,FALSE,FALSE,FALSE
"GENE1804","GENE1804_HUMAN","P14349","Protein GENE1804",-0.1807,0.091354,0.080574,0.8577,1.0938,4,6,FALSE,FALSE,FALSE
"GENE2432","GENE2432_HUMAN","P21587","Protein GENE2432",-0.1793,1,0.484718,0,0.3145,4,3,FALSE,FALSE,FALSE
"GENE0574","GENE0574_HUMAN","P99165","Protein GENE0574",4.427,0.199961,0.042935,0.8535,1.3672,2,6,FALSE,FALSE,TRUE
"GENE2466","GENE2466_HUMAN","P23476","Protein GENE2466",-0.4586,1,0.950302,0,0.0221,6,5,FALSE,FALSE,FALSE
"GENE1188","GENE1188_HUMAN","P09621","Protein GENE1188",0.1897,0.366285,0.148928,0.3406,0.827,5,5,FALSE,FALSE,FALSE
"GENE1586","GENE1586_HUMAN","P54993","Protein GENE1586",0.2644,1,0.625673,0,0.2037,4,4,FALSE,FALSE,FALSE
"GENE1522","GENE1522_HUMAN","P63896","Protein GENE1522",0.0451,0.09958,0.065758,0.6987,1.1821,3,3,FALSE,FALSE,FALSE
"GENE0461","GENE0461_HUMAN","P17061","Protein GENE0461",0.4438,1,0.392021,0,0.4067,3,5,FALSE,FALSE,FALSE
"GENE1528","GENE1528_HUMAN","P13625","Protein GENE1528",0.0952,1,0.966338,0,0.0149,5,5,FALSE,FALSE,FALSE
"GENE2855","GENE2855_HUMAN","P02087","Protein GENE2855",0.1072,1,0.487581,0.0187,0.312,3,5,FALSE,FALSE,FALSE
"GENE2660","GENE2660_HUMAN","P95587","Protein GENE2660",-0.0924,1,0.386363,0,0.413,2,3,FALSE,FALSE,FALSE
"GENE2863","GENE2863_HUMAN","P98046","Protein GENE2863",0.6429,1,0.339169,0,0.4696,3,4,FALSE,FALSE,FALSE
"GENE2658","GENE2658_HUMAN","P81659","Protein GENE2658",0.2151,1,0.838334,0,0.0766,4,4,FALSE,FALSE,FALSE
"GENE2231","GENE2231_HUMAN","P30089","Protein GENE2231",1.3369,1,0.755256,0,0.1219,6,3,FALSE,FALSE,FALSE
"GENE1090","GENE1090_HUMAN","P34661","Protein GENE1090",-0.0666,0.804794,0.247417,0.2367,0.6066,2,4,FALSE,TRUE,FALSE
"GENE1722","GENE1722_HUMAN","P22830","Protein GENE1722",-0.8798,0.483874,0.132324,0.2781,0.8784,4,5,FALSE,FALSE,FALSE
"GENE1919","GENE1919_HUMAN","P52379","Protein GENE1919",-1.1241,1,0.821177,0,0.0856,6,4,FALSE,FALSE,FALSE
"GENE0289","GENE0289_HUMAN","P86286","Protein GENE0289",-0.5294,1,0.707279,0,0.1504,6,5,FALSE,FALSE,FALSE
"GENE2637","GENE2637_HUMAN","P51629","Protein GENE2637",-0.2325,1,0.495354,0,0.3051,3,5,FALSE,FALSE,FALSE
"GENE2374","GENE2374_HUMAN","P40445","Protein GENE2374",0.2763,1,0.662326,0,0.1789,5,2,TRUE,FALSE,FALSE
"GENE1901","GENE1901_HUMAN","P30423","Protein GENE1901",-0.1664,0.417891,0.390074,0,0.4089,6,4,FALSE,FALSE,FALSE
"GENE1850","GENE1850_HUMAN","P87437","Protein GENE1850",0.1814,0.521978,0.144229,0.1983,0.8409,5,2,FALSE,FALSE,FALSE
"GENE0414","GENE0414_HUMAN","P99501","Protein GENE0414",0.0267,0.575968,0.170206,0.1017,0.769,4,6,TRUE,FALSE,FALSE
"GENE0499","GENE0499_HUMAN","P02652","Protein GENE0499",0.3545,1,0.598192,0.1485,0.2232,3,3,FALSE,FALSE,FALSE
"GENE0993","GENE0993_HUMAN","P47405","Protein GENE0993",0.6402,1,0.800136,0,0.0968,3,6,FALSE,FALSE,FALSE
"GENE2689","GENE2689_HUMAN","P03197","Protein GENE2689",0.3732,0.37689,0.234276,0.1552,0.6303,5,4,TRUE,FALSE,FALSE
"GENE1304","GENE1304_HUMAN","P69196","Protein GENE1304",0.0825,1,0.980227,0,0.0087,2,2,FALSE,FALSE,FALSE
"GENE1452","GENE1452_HUMAN","P93530","Protein GENE1452",-0.5225,0.352851,0.098853,0.6602,1.005,6,2,FALSE,FALSE,FALSE
"GENE2198","GENE2198_HUMAN","P52504","Protein GENE2198",-0.4357,1,0.579769,0,0.2367,2,3,TRUE,FALSE,FALSE
"GENE2750","GENE2750_HUMAN","P38211","Protein GENE2750",0.3232,0.092975,0.081979,0.4327,1.0863,4,6,FALSE,FALSE,FALSE
"GENE1744","GENE1744_HUMAN","P42085","Protein GENE1744",0.4163,1,0.54096,0,0.2668,6,4,TRUE,FALSE,FALSE
"GENE2409","GENE2409_HUMAN","P35489","Protein GENE2409",0.0236,1,0.66303,0,0.1785,5,2,TRUE,FALSE,FALSE
"GENE1539","GENE1539_HUMAN","P16412","Protein GENE1539",0.0777,0.649021,0.321192,0.4366,0.4932,6,3,FALSE,FALSE,FALSE
"GENE2887","GENE2887_HUMAN","P72476","Protein GENE2887",0.3097,0.741027,0.167735,0.225,0.7754,2,2,FALSE,FALSE,FALSE
"GENE0520","GENE0520_HUMAN","P11584","Protein GENE0520",-0.325,1,0.386239,0,0.4131,2,6,FALSE,FALSE,FALSE
"GENE1170","GENE1170_HUMAN","P78619","Protein GENE1170",-0.1959,0.937614,0.401907,0.1318,0.3959,5,5,TRUE,FALSE,FALSE
"GENE0626","GENE0626_HUMAN","P25092","Protein GENE0626",-0.1201,1,0.59562,0,0.225,3,4,FALSE,FALSE,FALSE
"GENE0371","GENE0371_HUMAN","P21443","Protein GENE0371",-1.1788,0.013465,0.012355,1.4189,1.9082,5,2,FALSE,FALSE,TRUE
"GENE2679","GENE2679_HUMAN","P47690","Protein GENE2679",-0.7082,1,0.997997,0,9e-04,3,3,FALSE,FALSE,FALSE
"GENE0233","GENE0233_HUMAN","P64355","Protein GENE0233",0.0318,1,0.817578,0,0.0875,6,4,FALSE,FALSE,FALSE
"GENE0618","GENE0618_HUMAN","P84953","Protein GENE0618",0.855,0.984197,0.634723,0,0.1974,3,6,FALSE,FALSE,FALSE
"GENE2629","GENE2629_HUMAN","P69489","Protein GENE2629",-0.0073,0.852825,0.675147,0.0587,0.1706,2,3,FALSE,TRUE,FALSE
"STK3","STK3_HUMAN","P18878","Protein STK3",0.5009,0.493313,0.099256,0.7641,1.0032,2,2,FALSE,FALSE,FALSE
"GENE0353","GENE0353_HUMAN","P14370","Protein GENE0353",0.0846,0.158259,0.092632,0.6446,1.0332,6,4,FALSE,FALSE,FALSE
"GENE1423","GENE1423_HUMAN","P21851","Protein GENE1423",0.3929,1,0.64904,0.0448,0.1877,6,3,FALSE,FALSE,FALSE
"GENE0226","GENE0226_HUMAN","P65141","Protein GENE0226",0.2134,1,0.582142,0,0.235,2,4,FALSE,FALSE,FALSE
"GENE0271","GENE0271_HUMAN","P74936","Protein GENE0271",0.0847,1,0.714855,0,0.1458,6,3,FALSE,FALSE,FALSE
"GENE0642","GENE0642_HUMAN","P28312","Protein GENE0642",0.397,0.682664,0.312928,0,0.5046,5,4,FALSE,FALSE,FALSE
"GENE2025","GENE2025_HUMAN","P44622","Protein GENE2025",0.1618,0.578568,0.362804,0.1337,0.4403,4,2,FALSE,FALSE,FALSE
"GENE0972","GENE0972_HUMAN","P83934","Protein GENE0972",0.4106,0.315284,0.097084,0.6439,1.0129,6,3,FALSE,FALSE,FALSE
"GENE2177","GENE2177_HUMAN","P87363","Protein GENE2177",0.5593,1,0.552749,0,0.2575,3,3,FALSE,FALSE,FALSE
"GENE2513","GENE2513_HUMAN","P54230","Protein GENE2513",0.7194,0.451328,0.112573,0.8047,0.9486,4,3,FALSE,FALSE,FALSE
"GENE0726","GENE0726_HUMAN","P01970","Protein GENE0726",-0.0681,1,0.778083,0,0.109,3,6,FALSE,FALSE,FALSE
"GENE0851","GENE0851_HUMAN","P79430","Protein GENE0851",-0.2933,1,0.608046,0,0.2161,2,6,FALSE,FALSE,FALSE
"GENE1654","GENE1654_HUMAN","P09681","Protein GENE1654",-0.7081,0.620356,0.472242,0,0.3258,4,6,FALSE,FALSE,FALSE
"GENE2820","GENE2820_HUMAN","P34775","Protein GENE2820",0.2531,1,0.745648,0,0.1275,4,4,TRUE,FALSE,FALSE
"GENE2507","GENE2507_HUMAN","P26484","Protein GENE2507",-0.1474,1,0.668471,0,0.1749,2,2,FALSE,FALSE,FALSE
"GENE1947","GENE1947_HUMAN","P95245","Protein GENE1947",0.2567,1,0.63129,0,0.1998,6,4,FALSE,FALSE,FALSE
"GENE1127","GENE1127_HUMAN","P68051","Protein GENE1127",0.2457,1,0.399047,0.1068,0.399,5,5,FALSE,FALSE,FALSE
"GENE0275","GENE0275_HUMAN","P13316","Protein GENE0275",2.5137,0.118818,0.040502,0.7599,1.3925,6,5,FALSE,FALSE,TRUE
"GENE1965","GENE1965_HUMAN","P63984","Protein GENE1965",0.3498,1,0.58037,0,0.2363,2,4,TRUE,FALSE,FALSE
"GENE1875","GENE1875_HUMAN","P54070","Protein GENE1875",-0.0252,1,0.414231,0.057,0.3828,5,6,FALSE,FALSE,FALSE
"GENE0378","GENE0378_HUMAN","P57442","Protein GENE0378",0.0653,0.835131,0.362879,0,0.4402,6,2,FALSE,FALSE,FALSE
"GENE2694","GENE2694_HUMAN","P25247","Protein GENE2694",0.2406,0.129976,0.09478,0.3491,1.0233,2,4,FALSE,FALSE,FALSE
"GENE1385","GENE1385_HUMAN","P17033","Protein GENE1385",-0.1015,0.322978,0.172745,0.2098,0.7626,3,5,FALSE,FALSE,FALSE
"GENE1014","GENE1014_HUMAN","P83527","Protein GENE1014",-0.1736,0.204315,0.119328,0.4899,0.9233,5,4,FALSE,FALSE,FALSE
"GENE1410","GENE1410_HUMAN","P72385","Protein GENE1410",-0.1587,1,0.66848,0,0.1749,3,4,FALSE,FALSE,FALSE
"GENE2861","GENE2861_HUMAN","P64028","Protein GENE2861",-0.2999,1,0.845896,0,0.0727,5,3,FALSE,FALSE,FALSE
"GENE0365","GENE0365_HUMAN","P26328","Protein GENE0365",-0.7734,0.30365,0.11572,0.3016,0.9366,3,4,FALSE,FALSE,FALSE
"GENE2769","GENE2769_HUMAN","P88904","Protein GENE2769",-0.5614,1,0.624153,0,0.2047,4,2,FALSE,FALSE,FALSE
"GENE1480","GENE1480_HUMAN","P81134","Protein GENE1480",-0.0629,1,0.589391,0,0.2296,2,2,TRUE,FALSE,FALSE
"GENE1321","GENE1321_HUMAN","P13004","Protein GENE1321",-0.1867,0.714016,0.286688,0.1914,0.5426,4,5,FALSE,TRUE,FALSE
"GENE2348","GENE2348_HUMAN","P73220","Protein GENE2348",-0.1413,1,0.696003,0,0.1574,6,6,FALSE,FALSE,FALSE
"GENE0146","GENE0146_HUMAN","P50041","Protein GENE0146",0.1993,0.716239,0.215316,0.3096,0.6669,3,3,TRUE,TRUE,FALSE
"GENE2368","GENE2368_HUMAN","P80475","Protein GENE2368",-0.4041,1,0.727937,0,0.1379,2,4,FALSE,TRUE,FALSE
"GENE1931","GENE1931_HUMAN","P61280","Protein GENE1931",0.2798,0.687674,0.384959,0,0.4146,4,5,FALSE,FALSE,FALSE
"GENE0910","GENE0910_HUMAN","P83174","Protein GENE0910",-0.7805,1,0.696266,0,0.1572,6,2,TRUE,TRUE,FALSE
"GENE1988","GENE1988_HUMAN","P74338","Protein GENE1988",-0.6696,1,0.9155,0,0.0383,5,3,FALSE,FALSE,FALSE
"GENE2568","GENE2568_HUMAN","P93132","Protein GENE2568",3.6795,0.102327,0.039753,0.7584,1.4006,3,6,TRUE,FALSE,TRUE
"GENE1218","GENE1218_HUMAN","P87434","Protein GENE1218",0.0771,0.845837,0.20268,0.1943,0.6932,4,2,FALSE,FALSE,FALSE
"GENE1637","GENE1637_HUMAN","P02476","Protein GENE1637",0.5108,1,0.756361,0,0.1213,6,4,FALSE,FALSE,FALSE
"GENE1873","GENE1873_HUMAN","P56009","Protein GENE1873",-0.2364,1,0.822947,0,0.0846,3,2,FALSE,FALSE,FALSE
"GENE0519","GENE0519_HUMAN","P29771","Protein GENE0519",-0.2328,1,0.652005,0,0.1857,2,6,FALSE,FALSE,FALSE
"GENE0373","GENE0373_HUMAN","P68896","Protein GENE0373",0.6079,0.952728,0.258002,0.0872,0.5884,5,4,FALSE,TRUE,FALSE
"GENE1966","GENE1966_HUMAN","P52520","Protein GENE1966",-0.315,1,0.734871,0,0.1338,2,2,FALSE,FALSE,FALSE
"GENE1222","GENE1222_HUMAN","P91655","Protein GENE1222",-0.1068,0.832892,0.254883,0.2456,0.5937,6,2,FALSE,TRUE,FALSE
"GENE1812","GENE1812_HUMAN","P63704","Protein GENE1812",-0.684,1,0.783882,0,0.1057,2,6,FALSE,FALSE,FALSE
"GENE2428","GENE2428_HUMAN","P28366","Protein GENE2428",0.024,0.97174,0.881259,0,0.0549,3,6,FALSE,FALSE,FALSE
"GENE1083","GENE1083_HUMAN","P21724","Protein GENE1083",-0.6095,1,0.494638,0.1023,0.3057,5,6,FALSE,FALSE,FALSE
"DDX3","DDX3_HUMAN","P17714","Protein DDX3",0.3298,1,0.738973,0,0.1314,5,5,FALSE,FALSE,FALSE
"GENE0870","GENE0870_HUMAN","P63304","Protein GENE0870",-0.1553,0.258159,0.189671,0.2362,0.722,5,2,TRUE,FALSE,FALSE
"GENE2129","GENE2129_HUMAN","P91925","Protein GENE2129",-0.5528,1,0.355059,0,0.4497,5,3,FALSE,FALSE,FALSE
"GENE0167","GENE0167_HUMAN","P40747","Protein GENE0167",-0.4174,1,0.620386,0,0.2073,4,6,FALSE,FALSE,FALSE
"GENE2220","GENE2220_HUMAN","P94275","Protein GENE2220",-0.4774,0.601361,0.386345,0.2334,0.413,3,4,TRUE,TRUE,FALSE
"GENE1400","GENE1400_HUMAN","P97572","Protein GENE1400",-0.241,1,0.340813,0,0.4675,5,4,FALSE,FALSE,FALSE
"GENE1831","GENE1831_HUMAN","P07345","Protein GENE1831",0.4779,0.667088,0.301854,0.3233,0.5202,4,5,FALSE,TRUE,FALSE
"GENE2234","GENE2234_HUMAN","P98416","Protein GENE2234",0.1659,1,0.611108,0,0.2139,4,3,FALSE,FALSE,FALSE
"DHX15","DHX15_HUMAN","P89937","Protein DHX15",-0.1782,1,0.52815,0.1369,0.2772,5,6,FALSE,FALSE,FALSE
"GENE0221","GENE0221_HUMAN","P43743","Protein GENE0221",0.4822,1,0.668472,0,0.1749,2,6,FALSE,FALSE,FALSE
"GENE0384","GENE0384_HUMAN","P06008","Protein GENE0384",-0.1565,0.918805,0.427739,0.08,0.3688,6,6,FALSE,FALSE,FALSE
"GENE2661","GENE2661_HUMAN","P76838","Protein GENE2661",-0.188,1,0.32639,0.0341,0.4863,3,3,FALSE,FALSE,FALSE
"GENE2499","GENE2499_HUMAN","P14236","Protein GENE2499",0.2429,0.634595,0.177927,0.1264,0.7498,2,2,FALSE,FALSE,FALSE
"GENE0724","GENE0724_HUMAN","P79018","Protein GENE0724",0.0925,0.810564,0.501092,0,0.3001,6,4,FALSE,FALSE,FALSE
"GENE2720","GENE2720_HUMAN","P45969","Protein GENE2720",0.035,0.277633,0.196308,0.1006,0.7071,5,2,FALSE,FALSE,FALSE
"GENE0252","GENE0252_HUMAN","P13732","Protein GENE0252",-1.8103,0.156217,0.037907,1.0641,1.4213,2,2,FALSE,FALSE,TRUE
"GENE2825","GENE2825_HUMAN","P66956","Protein GENE2825",0.5362,1,0.794291,0,0.1,3,6,TRUE,FALSE,FALSE
"GENE1146","GENE1146_HUMAN","P97370","Protein GENE1146",0.5788,1,0.584386,0,0.2333,4,2,FALSE,FALSE,FALSE
"GENE2785","GENE2785_HUMAN","P54633","Protein GENE2785",-0.0069,1,0.46082,0,0.3365,3,4,FALSE,FALSE,FALSE
"GENE0124","GENE0124_HUMAN","P76434","Protein GENE0124",-0.0976,1,0.401232,0,0.3966,2,5,FALSE,FALSE,FALSE
"GENE1646","GENE1646_HUMAN","P71382","Protein GENE1646",-0.3837,1,0.489682,0,0.3101,3,2,FALSE,FALSE,FALSE
"GENE1168","GENE1168_HUMAN","P27425","Protein GENE1168",0.1507,1,0.901067,0,0.0452,5,2,FALSE,TRUE,FALSE
"GENE0996","GENE0996_HUMAN","P22010","Protein GENE0996",-0.4689,1,0.954945,0,0.02,2,3,FALSE,FALSE,FALSE
"GENE1357","GENE1357_HUMAN","P98252","Protein GENE1357",-0.1579,1,0.499027,0,0.3019,4,4,FALSE,FALSE,FALSE
"GENE2289","GENE2289_HUMAN","P37511","Protein GENE2289",-0.3251,1,0.818332,0,0.0871,5,3,FALSE,FALSE,FALSE
"GENE1114","GENE1114_HUMAN","P44460","Protein GENE1114",0.4605,0.914407,0.846685,0,0.0723,3,4,FALSE,FALSE,FALSE
"GENE2400","GENE2400_HUMAN","P52592","Protein GENE2400",-0.342,1,0.608274,0,0.2159,3,6,TRUE,FALSE,FALSE
"GENE0635","GENE0635_HUMAN","P72006","Protein GENE0635",-0.4173,1,0.629603,0,0.2009,5,6,FALSE,FALSE,FALSE
"GENE0041","GENE0041_HUMAN","P86328","Protein GENE0041",-0.1296,0.328251,0.094454,0.3526,1.0248,3,4,FALSE,FALSE,FALSE
"GENE2061","GENE2061_HUMAN","P23203","Protein GENE2061",0.4509,0.764921,0.456699,0,0.3404,4,2,FALSE,FALSE,FALSE
"GENE0337","GENE0337_HUMAN","P95862","Protein GENE0337",-0.0326,0.780896,0.314111,0,0.5029,3,6,FALSE,FALSE,FALSE
"GENE0344","GENE0344_HUMAN","P66970","Protein GENE0344",-0.2311,1,0.702776,0,0.1532,4,3,TRUE,FALSE,FALSE
"GENE2210","GENE2210_HUMAN","P67791","Protein GENE2210",-0.4719,0.535537,0.162289,0.5826,0.7897,5,6,FALSE,FALSE,FALSE
"GENE2705","GENE2705_HUMAN","P02159","Protein GENE2705",0.1152,1,0.495754,0.051,0.3047,2,6,FALSE,FALSE,FALSE
"GENE0300","GENE0300_HUMAN","P76881","Protein GENE0300",0.1116,0.13049,0.107708,0.343,0.9678,3,5,FALSE,FALSE,FALSE
"GENE2398","GENE2398_HUMAN","P05329","Protein GENE2398",-2.5543,0.117605,0.047205,0.759,1.326,3,6,FALSE,TRUE,TRUE
"GENE1183","GENE1183_HUMAN","P89879","Protein GENE1183",0.2635,1,0.984694,0,0.0067,2,2,FALSE,FALSE,FALSE
"GENE2443","GENE2443_HUMAN","P49664","Protein GENE2443",0.365,1,0.416626,0,0.3803,5,6,FALSE,FALSE,FALSE
"GENE1916","GENE1916_HUMAN","P54024","Protein GENE1916",-0.8525,1,0.668681,0.1654,0.1748,4,4,FALSE,FALSE,FALSE
"GENE0005","GENE0005_HUMAN","P65306","Protein GENE0005",-0.1612,1,0.534375,0,0.2722,6,6,FALSE,FALSE,FALSE
"GENE2399","GENE2399_HUMAN","P01621","Protein GENE2399",-0.3762,1,0.761102,0,0.1186,4,2,FALSE,FALSE,FALSE
"GENE1453","GENE1453_HUMAN","P44281","Protein GENE1453",0.7109,0.152171,0.060583,1.1003,1.2177,5,5,FALSE,FALSE,FALSE
"GENE2059","GENE2059_HUMAN","P18176","Protein GENE2059",0.3624,0.3857,0.236967,0.0584,0.6253,3,2,FALSE,FALSE,FALSE
"GENE1565","GENE1565_HUMAN","P42669","Protein GENE1565",-0.2133,1,0.92265,0,0.035,4,6,FALSE,FALSE,FALSE
"GENE0814","GENE0814_HUMAN","P93028","Protein GENE0814",0.7023,1,0.530861,0,0.275,2,5,FALSE,TRUE,FALSE
"GENE0848","GENE0848_HUMAN","P48911","Protein GENE0848",-0.1877,0.720867,0.672726,0.0688,0.1722,6,5,FALSE,FALSE,FALSE
"GENE1763","GENE1763_HUMAN","P41857","Protein GENE1763",0.6833,1,0.51116,0,0.2914,5,2,FALSE,FALSE,FALSE
"GENE2445","GENE2445_HUMAN","P61812","Protein GENE2445",-0.1081,0.552184,0.166746,0.2208,0.7779,4,2,FALSE,FALSE,FALSE
"GENE0388","GENE0388_HUMAN","P66415","Protein GENE0388",-0.3883,0.901428,0.558771,0,0.2528,6,3,FALSE,FALSE,FALSE
"DHX38","DHX38_HUMAN","P63140","Protein DHX38",0.2776,0.64947,0.168599,0.6805,0.7731,4,2,FALSE,FALSE,FALSE
"GENE0255","GENE0255_HUMAN","P13394","Protein GENE0255",0.4976,1,0.973582,0,0.0116,5,3,FALSE,FALSE,FALSE
"GENE1531","GENE1531_HUMAN","P33973","Protein GENE1531",0.1638,0.792164,0.772021,0,0.1124,4,6,FALSE,FALSE,FALSE
"GENE1391","GENE1391_HUMAN","P76537","Protein GENE1391",0.3106,1,0.799542,0,0.0972,2,6,FALSE,FALSE,FALSE
"GENE1518","GENE1518_HUMAN","P88661","Protein GENE1518",-0.4851,1,0.960375,0,0.0176,6,3,FALSE,FALSE,FALSE
"GENE2309","GENE2309_HUMAN","P20017","Protein GENE2309",0.6556,1,0.817137,0.0415,0.0877,2,6,FALSE,FALSE,FALSE
"GENE1981","GENE1981_HUMAN","P46432","Protein GENE1981",3.7054,0.093632,0.02522,1.088,1.5983,3,4,FALSE,FALSE,TRUE
"GENE0595","GENE0595_HUMAN","P26361","Protein GENE0595",0.2575,0.444214,0.128099,0.8333,0.8925,2,2,FALSE,FALSE,FALSE
"GENE2555","GENE2555_HUMAN","P56326","Protein GENE2555",-0.0982,1,0.91182,0,0.0401,6,5,FALSE,FALSE,FALSE
"GENE0335","GENE0335_HUMAN","P77616","Protein GENE0335",-0.1165,1,0.807139,0,0.0931,4,5,FALSE,FALSE,FALSE
"GENE2381","GENE2381_HUMAN","P44869","Protein GENE2381",-0.1375,0.329581,0.13268,0.1875,0.8772,4,5,FALSE,FALSE,FALSE
"GENE2102","GENE2102_HUMAN","P47074","Protein GENE2102",0.649,1,0.702053,0,0.1536,3,2,FALSE,FALSE,FALSE
"GENE2150","GENE2150_HUMAN","P41769","Protein GENE2150",0.4482,1,0.661838,0,0.1792,3,6,FALSE,FALSE,FALSE
"GENE0864","GENE0864_HUMAN","P54438","Protein GENE0864",0.1313,1,0.535213,0,0.2715,5,5,FALSE,FALSE,FALSE
"GENE2701","GENE2701_HUMAN","P91528","Protein GENE2701",-0.0682,0.456115,0.34996,0.0506,0.456,3,6,FALSE,FALSE,FALSE
"GENE0472","GENE0472_HUMAN","P05789","Protein GENE0472",-0.674,1,0.842078,0,0.0746,5,6,FALSE,FALSE,FALSE
"GENE1121","GENE1121_HUMAN","P24147","Protein GENE1121",0.8093,1,0.576925,0.1069,0.2389,4,3,FALSE,FALSE,FALSE
"GENE2847","GENE2847_HUMAN","P67268","Protein GENE2847",0.1808,0.462226,0.205664,0.0063,0.6868,6,5,FALSE,FALSE,FALSE
"GENE1459","GENE1459_HUMAN","P92976","Protein GENE1459",0.1164,1,0.974176,0,0.0114,3,4,FALSE,FALSE,FALSE
"GENE2126","GENE2126_HUMAN","P25666","Protein GENE2126",-0.3912,0.782317,0.34127,0,0.4669,5,4,TRUE,FALSE,FALSE
"GENE1432","GENE1432_HUMAN","P10449","Protein GENE1432",0.5636,1,0.863987,0,0.0635,3,4,FALSE,FALSE,FALSE
"GENE1997","GENE1997_HUMAN","P81101","Protein GENE1997",0.269,1,0.924525,0,0.0341,6,4,FALSE,FALSE,FALSE
"GENE2684","GENE2684_HUMAN","P12109","Protein GENE2684",0.4982,1,0.937598,0,0.028,6,2,TRUE,FALSE,FALSE
"GENE1034","GENE1034_HUMAN","P41669","Protein GENE1034",0.0247,0.222547,0.192882,0.1153,0.7147,5,6,FALSE,TRUE,FALSE
"GENE1011","GENE1011_HUMAN","P91303","Protein GENE1011",0.0477,1,0.38444,0.1745,0.4152,2,5,TRUE,FALSE,FALSE
"GENE1333","GENE1333_HUMAN","P99015","Protein GENE1333",0.5818,1,0.553859,0,0.2566,2,4,FALSE,FALSE,FALSE
"GENE2775","GENE2775_HUMAN","P45662","Protein GENE2775",0.3315,0.604581,0.53656,0,0.2704,3,3,FALSE,TRUE,FALSE
"GENE0438","GENE0438_HUMAN","P86325","Protein GENE0438",0.3552,1,0.91908,0,0.0366,4,3,FALSE,FALSE,FALSE
"GENE0288","GENE0288_HUMAN","P15750","Protein GENE0288",-0.1227,0.620051,0.247932,0.4439,0.6057,4,4,FALSE,FALSE,FALSE
"GENE1077","GENE1077_HUMAN","P14570","Protein GENE1077",0.3157,0.697581,0.184476,0.0825,0.7341,4,5,FALSE,FALSE,FALSE
"GENE1592","GENE1592_HUMAN","P67905","Protein GENE1592",-0.2762,0.194265,0.087473,0.9257,1.0581,6,3,FALSE,FALSE,FALSE
"GENE0242","GENE0242_HUMAN","P65163","Protein GENE0242",2.9074,0.075199,0.029428,1.232,1.5312,6,5,FALSE,TRUE,TRUE
"GENE1866","GENE1866_HUMAN","P09090","Protein GENE1866",0.4702,0.750739,0.705899,0,0.1513,2,3,TRUE,FALSE,FALSE
"GENE2410","GENE2410_HUMAN","P01867","Protein GENE2410",-0.0451,0.989445,0.284134,0.2334,0.5465,5,4,TRUE,TRUE,FALSE
"GENE1975","GENE1975_HUMAN","P22783","Protein GENE1975",-0.8148,0.558246,0.290268,0.2981,0.5372,5,6,FALSE,FALSE,FALSE
"GENE2314","GENE2314_HUMAN","P38843","Protein GENE2314",-0.1589,1,0.491373,0,0.3086,3,2,FALSE,FALSE,FALSE
"GENE0002","GENE0002_HUMAN","P95227","Protein GENE0002",-0.1716,0.621623,0.14023,0.5065,0.8532,3,2,FALSE,FALSE,FALSE
"GENE0066","GENE0066_HUMAN","P20229","Protein GENE0066",-0.5582,1,0.915695,0,0.0382,5,4,FALSE,FALSE,FALSE
"GENE1311","GENE1311_HUMAN","P98250","Protein GENE1311",0.3133,1,0.320298,0,0.4944,6,5,FALSE,FALSE,FALSE
"GENE2100","GENE2100_HUMAN","P21699","Protein GENE2100",0.6614,0.849959,0.792605,0,0.1009,5,4,FALSE,FALSE,FALSE
"GENE1868","GENE1868_HUMAN","P89149","Protein GENE1868",-0.5963,1,0.394045,0,0.4045,2,2,TRUE,FALSE,FALSE
"GENE2187","GENE2187_HUMAN","P54957","Protein GENE2187",-0.5036,1,0.982062,0,0.0079,3,3,FALSE,TRUE,FALSE
"GENE0660","GENE0660_HUMAN","P03957","Protein GENE0660",-0.0112,1,0.950528,0,0.022,6,6,FALSE,FALSE,FALSE
"GENE2193","GENE2193_HUMAN","P79338","Protein GENE2193",-0.3933,0.521948,0.227421,0.4094,0.6432,2,2,FALSE,FALSE,FALSE
"GENE2072","GENE2072_HUMAN","P73942","Protein GENE2072",0.1919,1,0.926264,0,0.0333,3,2,FALSE,FALSE,FALSE
"GENE2138","GENE2138_HUMAN","P74626","Protein GENE2138",0.2258,1,0.218035,0,0.6615,3,4,FALSE,FALSE,FALSE
"GENE1339","GENE1339_HUMAN","P37794","Protein GENE1339",-0.3273,0.185552,0.172018,0.2807,0.7644,4,3,FALSE,FALSE,FALSE
"GENE1162","GENE1162_HUMAN","P56395","Protein GENE1162",0.075,0.946142,0.285079,0.1651,0.545,5,6,FALSE,FALSE,FALSE
"GENE0106","GENE0106_HUMAN","P75990","Protein GENE0106",0.6547,1,0.936252,0,0.0286,4,4,FALSE,FALSE,FALSE
"GENE0964","GENE0964_HUMAN","P32149","Protein GENE0964",-0.3478,0.197086,0.063697,0.5703,1.1959,6,4,FALSE,FALSE,FALSE
"GENE0558","GENE0558_HUMAN","P46773","Protein GENE0558",-0.3183,1,0.887332,0,0.0519,4,3,FALSE,FALSE,FALSE
"GENE1830","GENE1830_HUMAN","P40168","Protein GENE1830",-0.2122,1,0.815212,0,0.0887,6,3,FALSE,FALSE,FALSE
"GENE2233","GENE2233_HUMAN","P94181","Protein GENE2233",-0.121,0.631484,0.352718,0,0.4526,6,5,FALSE,FALSE,FALSE
"GENE2486","GENE2486_HUMAN","P16709","Protein GENE2486",0.2573,0.497042,0.190746,0.6107,0.7195,3,5,FALSE,FALSE,FALSE
"GENE1319","GENE1319_HUMAN","P47021","Protein GENE1319",0.7918,0.003573,0.002261,1.9736,2.6456,2,5,FALSE,FALSE,TRUE
"GENE0573","GENE0573_HUMAN","P18426","Protein GENE0573",-0.6017,0.516452,0.440795,0,0.3558,5,5,TRUE,FALSE,FALSE
"GENE0925","GENE0925_HUMAN","P99885","Protein GENE0925",-0.0253,0.365998,0.122317,0.3093,0.9125,4,6,FALSE,FALSE,FALSE
"GENE0757","GENE0757_HUMAN","P81191","Protein GENE0757",-0.3774,0.487772,0.132321,0.4399,0.8784,2,5,FALSE,FALSE,FALSE
"GENE1300","GENE1300_HUMAN","P62616","Protein GENE1300",-0.0513,0.905071,0.191682,0.4157,0.7174,6,5,TRUE,FALSE,FALSE
"GENE2053","GENE2053_HUMAN","P32739","Protein GENE2053",-0.1109,0.203769,0.157014,0.3116,0.8041,5,5,FALSE,FALSE,FALSE
"GENE1206","GENE1206_HUMAN","P86171","Protein GENE1206",-0.3072,0.656206,0.143692,0.6369,0.8426,5,4,FALSE,FALSE,FALSE
"GENE1424","GENE1424_HUMAN","P20520","Protein GENE1424",0.552,1,0.747333,0,0.1265,4,4,FALSE,FALSE,FALSE
"GENE2476","GENE2476_HUMAN","P23042","Protein GENE2476",-0.314,1,0.500156,0,0.3009,5,2,FALSE,TRUE,FALSE
"GENE1376","GENE1376_HUMAN","P34472","Protein GENE1376",-0.2872,1,0.608418,0,0.2158,5,3,FALSE,FALSE,FALSE
"GENE0370","GENE0370_HUMAN","P71539","Protein GENE0370",-0.3006,1,0.274627,0.0503,0.5613,2,3,FALSE,FALSE,FALSE
"GENE1378","GENE1378_HUMAN","P62197","Protein GENE1378",-0.4524,1,0.484454,0.2767,0.3147,3,2,FALSE,FALSE,FALSE
"GENE2672","GENE2672_HUMAN","P74573","Protein GENE2672",0.5443,1,0.550145,0,0.2595,5,6,FALSE,FALSE,FALSE
"GENE2634","GENE2634_HUMAN","P16432","Protein GENE2634",-0.3644,1,0.768003,0,0.1146,2,5,FALSE,FALSE,FALSE
"GENE1134","GENE1134_HUMAN","P63147","Protein GENE1134",0.3334,0.130471,0.080711,0.5725,1.0931,5,6,FALSE,FALSE,FALSE
"GENE1055","GENE1055_HUMAN","P31253","Protein GENE1055",-0.4091,1,0.763499,0,0.1172,3,6,FALSE,FALSE,FALSE
"LARP7","LARP7_HUMAN","P08786","Protein LARP7",0.3065,1,0.933916,0,0.0297,5,3,FALSE,FALSE,FALSE
"GENE0214","GENE0214_HUMAN","P53698","Protein GENE0214",-0.2593,0.610211,0.145786,0.2699,0.8363,5,4,TRUE,FALSE,FALSE
"GENE2878","GENE2878_HUMAN","P99774","Protein GENE2878",-0.6174,1,0.695051,0,0.158,3,2,FALSE,FALSE,FALSE
"GENE2681","GENE2681_HUMAN","P62693","Protein GENE2681",-0.0581,1,0.545234,0.2444,0.2634,4,5,FALSE,FALSE,FALSE
"GENE2561","GENE2561_HUMAN","P51200","Protein GENE2561",0.0357,0.665809,0.237216,0.487,0.6249,2,3,FALSE,FALSE,FALSE
"GENE2121","GENE2121_HUMAN","P61169","Protein GENE2121",0.2138,0.969245,0.278942,0.4913,0.5545,3,6,FALSE,FALSE,FALSE
"GENE0130","GENE0130_HUMAN","P43383","Protein GENE0130",-0.2192,1,0.323353,0.1377,0.4903,6,3,TRUE,FALSE,FALSE
"GENE1437","GENE1437_HUMAN","P24116","Protein GENE1437",0.1124,1,0.74609,0,0.1272,4,5,FALSE,FALSE,FALSE
"GENE0824","GENE0824_HUMAN","P97974","Protein GENE0824",0.3981,1,0.832167,0,0.0798,4,6,FALSE,FALSE,FALSE
"GENE2607","GENE2607_HUMAN","P96728","Protein GENE2607",-0.3581,1,0.989662,0,0.0045,4,6,FALSE,FALSE,FALSE
"GENE0298","GENE0298_HUMAN","P60988","Protein GENE0298",-0.5887,1,0.276933,0,0.5576,2,3,FALSE,FALSE,FALSE
"GENE1403","GENE1403_HUMAN","P22245","Protein GENE1403",0.3555,1,0.914839,0,0.0387,5,5,FALSE,FALSE,FALSE
"GENE0891","GENE0891_HUMAN","P38183","Protein GENE0891",-0.5055,1,0.540492,0.0664,0.2672,4,5,FALSE,FALSE,FALSE
"GENE0126","GENE0126_HUMAN","P02884","Protein GENE0126",-0.3536,0.389137,0.168334,0.2834,0.7738,4,4,FALSE,FALSE,FALSE
"GENE1560","GENE1560_HUMAN","P91604","Protein GENE1560",0.312,0.506836,0.428792,0,0.3678,3,2,FALSE,FALSE,FALSE
"GENE0854","GENE0854_HUMAN","P25213","Protein GENE0854",-0.1013,1,0.557536,0,0.2537,5,5,FALSE,TRUE,FALSE
"GENE0018","GENE0018_HUMAN","P62921","Protein GENE0018",-0.4765,1,0.331778,0,0.4792,6,6,FALSE,FALSE,FALSE
"GENE1599","GENE1599_HUMAN","P24840","Protein GENE1599",-0.0716,1,0.632352,0,0.199,4,2,FALSE,TRUE,FALSE
"GENE0652","GENE0652_HUMAN","P25531","Protein GENE0652",0.3453,0.776215,0.161734,0.4917,0.7912,2,4,FALSE,FALSE,FALSE
"GENE1952","GENE1952_HUMAN","P88868","Protein GENE1952",-0.5366,1,0.950166,0,0.0222,4,2,TRUE,FALSE,FALSE
"GENE1026","GENE1026_HUMAN","P10806","Protein GENE1026",0.579,1,0.504062,0.0423,0.2975,4,5,TRUE,TRUE,FALSE
"GENE2369","GENE2369_HUMAN","P32164","Protein GENE2369",0.5572,1,0.723834,0,0.1404,2,6,FALSE,FALSE,FALSE
"GENE2001","GENE2001_HUMAN","P02549","Protein GENE2001",0.4373,1,0.420361,0.2961,0.3764,5,3,FALSE,FALSE,FALSE
"GENE1273","GENE1273_HUMAN","P70931","Protein GENE1273",-0.6841,1,0.782567,0,0.1065,2,3,FALSE,FALSE,FALSE
"GENE0176","GENE0176_HUMAN","P77356","Protein GENE0176",-0.2535,1,0.638756,0,0.1947,6,2,FALSE,FALSE,FALSE
"GENE0170","GENE0170_HUMAN","P29900","Protein GENE0170",0.3779,1,0.742676,0,0.1292,5,5,FALSE,FALSE,FALSE
"GENE0101","GENE0101_HUMAN","P34797","Protein GENE0101",0.0353,0.984726,0.96693,0,0.0146,6,2,FALSE,FALSE,FALSE
"GENE2687","GENE2687_HUMAN","P61846","Protein GENE2687",-0.1652,1,0.5307,0,0.2752,4,3,FALSE,FALSE,FALSE
"GENE1626","GENE1626_HUMAN","P36634","Protein GENE1626",0.0389,0.406351,0.097734,0.5022,1.01,5,4,FALSE,FALSE,FALSE
"GENE1575","GENE1575_HUMAN","P69406","Protein GENE1575",-0.0621,1,0.826125,0,0.083,2,6,TRUE,FALSE,FALSE
"GENE0792","GENE0792_HUMAN","P27648","Protein GENE0792",0.2281,0.60816,0.523477,0,0.2811,5,6,FALSE,FALSE,FALSE
"GENE0418","GENE0418_HUMAN","P31105","Protein GENE0418",0.2006,1,0.890609,0,0.0503,6,2,FALSE,FALSE,FALSE
"GENE0197","GENE0197_HUMAN","P83379","Protein GENE0197",-0.5027,1,0.869295,0,0.0608,6,2,FALSE,FALSE,FALSE
"GENE1224","GENE1224_HUMAN","P20347","Protein GENE1224",-0.2813,1,0.705711,0,0.1514,3,4,TRUE,FALSE,FALSE
"GENE1197","GENE1197_HUMAN","P04885","Protein GENE1197",0.1562,0.644796,0.395486,0.0194,0.4029,4,5,FALSE,FALSE,FALSE
"GENE1041","GENE1041_HUMAN","P34188","Protein GENE1041",-0.0286,0.925791,0.286698,0.0337,0.5426,2,2,FALSE,FALSE,FALSE
"GENE2676","GENE2676_HUMAN","P63886","Protein GENE2676",0.6309,1,0.727515,0,0.1382,3,3,FALSE,FALSE,FALSE
"GENE2571","GENE2571_HUMAN","P24983","Protein GENE2571",1.4121,0.163824,0.03839,0.9587,1.4158,2,6,FALSE,FALSE,TRUE
"GENE2017","GENE2017_HUMAN","P71746","Protein GENE2017",0.2681,0.410753,0.203368,0.0666,0.6917,3,3,FALSE,FALSE,FALSE
"GENE0441","GENE0441_HUMAN","P18609","Protein GENE0441",0.4621,0.507127,0.316515,0.169,0.4996,4,6,FALSE,FALSE,FALSE
"GENE1326","GENE1326_HUMAN","P63405","Protein GENE1326",0.1486,1,0.985926,0,0.0062,3,2,FALSE,TRUE,FALSE
"GENE1442","GENE1442_HUMAN","P27798","Protein GENE1442",-0.7306,1,0.887873,0,0.0516,3,4,FALSE,FALSE,FALSE
"GENE2463","GENE2463_HUMAN","P94127","Protein GENE2463",-0.5269,1,0.767695,0,0.1148,4,3,FALSE,FALSE,FALSE
"GENE1415","GENE1415_HUMAN","P20894","Protein GENE1415",0.7949,1,0.792735,0,0.1009,3,6,FALSE,FALSE,FALSE
"GENE2709","GENE2709_HUMAN","P63774","Protein GENE2709",-0.0897,1,0.898634,0,0.0464,5,6,FALSE,FALSE,FALSE
"GENE2044","GENE2044_HUMAN","P90901","Protein GENE2044",0.7569,1,0.929546,0,0.0317,4,6,FALSE,FALSE,FALSE
"GENE0796","GENE0796_HUMAN","P12315","Protein GENE0796",0.6588,0.896092,0.311979,0.3148,0.5059,4,6,FALSE,FALSE,FALSE
"GENE1098","GENE1098_HUMAN","P84190","Protein GENE1098",0.0104,1,0.851325,0,0.0699,3,2,FALSE,FALSE,FALSE
"GENE0158","GENE0158_HUMAN","P61253","Protein GENE0158",0.2926,0.416607,0.123567,0.6944,0.9081,2,5,FALSE,FALSE,FALSE
"GENE0559","GENE0559_HUMAN","P83448","Protein GENE0559",-0.4014,0.827604,0.329156,0.2161,0.4826,3,5,FALSE,FALSE,FALSE
"GENE2868","GENE2868_HUMAN","P61073","Protein GENE2868",0.1334,0.797914,0.547995,0,0.2612,3,6,TRUE,FALSE,FALSE
"PKN3","PKN3_HUMAN","P80812","Protein PKN3",-0.144,1,0.88644,0,0.0524,6,2,FALSE,FALSE,FALSE
"GENE1617","GENE1617_HUMAN","P56885","Protein GENE1617",0.0309,1,0.855427,0,0.0678,5,2,TRUE,FALSE,FALSE
"GENE0011","GENE0011_HUMAN","P89238","Protein GENE0011",-0.5244,0.839704,0.33896,0,0.4699,6,6,FALSE,FALSE,FALSE
"GENE2422","GENE2422_HUMAN","P53836","Protein GENE2422",0.5134,1,0.856858,0,0.0671,2,4,FALSE,FALSE,FALSE
"GENE1009","GENE1009_HUMAN","P12453","Protein GENE1009",-0.3171,1,0.628015,0,0.202,4,3,TRUE,FALSE,FALSE
"GENE0297","GENE0297_HUMAN","P01763","Protein GENE0297",-0.1365,0.60269,0.562045,0,0.2502,2,4,FALSE,FALSE,FALSE
"GENE0929","GENE0929_HUMAN","P58837","Protein GENE0929",0.0153,0.612429,0.611295,0,0.2137,6,2,FALSE,FALSE,FALSE
"GENE0435","GENE0435_HUMAN","P87169","Protein GENE0435",-0.5609,1,0.981658,0,0.008,5,3,FALSE,TRUE,FALSE
"DHX36","DHX36_HUMAN","P06509","Protein DHX36",0.8635,0.633509,0.167764,0.1895,0.7753,4,4,FALSE,TRUE,FALSE
"GENE1438","GENE1438_HUMAN","P89908","Protein GENE1438",0.7532,1,0.745671,0,0.1275,6,3,FALSE,TRUE,FALSE
"GENE1683","GENE1683_HUMAN","P13107","Protein GENE1683",0.9784,1,0.590614,0,0.2287,5,5,FALSE,FALSE,FALSE
"GENE1214","GENE1214_HUMAN","P20317","Protein GENE1214",0.2285,1,0.509994,0.2511,0.2924,2,3,TRUE,TRUE,FALSE
"GENE2646","GENE2646_HUMAN","P10314","Protein GENE2646",0.589,1,0.809975,0,0.0915,6,5,FALSE,FALSE,FALSE
"GENE1492","GENE1492_HUMAN","P39195","Protein GENE1492",0.0737,1,0.889801,0,0.0507,4,2,FALSE,FALSE,FALSE
"GENE1650","GENE1650_HUMAN","P79315","Protein GENE1650",-3.4306,0.056722,0.017602,1.062,1.7544,6,4,FALSE,FALSE,TRUE
"GENE1977","GENE1977_HUMAN","P91573","Protein GENE1977",-0.0116,0.591213,0.369482,0,0.4324,5,4,TRUE,FALSE,FALSE
"GENE1387","GENE1387_HUMAN","P84650","Protein GENE1387",-0.4412,0.382716,0.20086,0.0291,0.6971,4,4,FALSE,TRUE,FALSE
"GENE2039","GENE2039_HUMAN","P22531","Protein GENE2039",0.4252,0.476476,0.096263,0.5062,1.0165,6,2,FALSE,FALSE,FALSE
"GENE1937","GENE1937_HUMAN","P62976","Protein GENE1937",-0.065,1,0.844696,0,0.0733,5,2,FALSE,FALSE,FALSE
"GENE1974","GENE1974_HUMAN","P66233","Protein GENE1974",-0.2673,0.282176,0.276032,0.0398,0.559,6,3,TRUE,FALSE,FALSE
"GENE2042","GENE2042_HUMAN","P66228","Protein GENE2042",-0.1526,0.248862,0.164264,0.4038,0.7845,6,2,FALSE,FALSE,FALSE
"GENE1144","GENE1144_HUMAN","P79971","Protein GENE1144",0.1396,0.091322,0.060526,0.9708,1.2181,2,5,FALSE,FALSE,FALSE
"GENE0283","GENE0283_HUMAN","P97697","Protein GENE0283",-0.2044,0.667219,0.350049,0,0.4559,6,2,FALSE,FALSE,FALSE
"GENE1800","GENE1800_HUMAN","P08335","Protein GENE1800",0.0411,1,0.799126,0,0.0974,5,4,FALSE,FALSE,FALSE
"GENE2256","GENE2256_HUMAN","P96002","Protein GENE2256",0.099,1,0.893006,0,0.0491,4,3,FALSE,FALSE,FALSE
"GENE0235","GENE0235_HUMAN","P26891","Protein GENE0235",0.2851,0.363576,0.080236,0.4188,1.0956,3,2,FALSE,FALSE,FALSE
"GENE2834","GENE2834_HUMAN","P43794","Protein GENE2834",0.0184,1,0.738516,0,0.1316,2,6,FALSE,FALSE,FALSE
"GENE2328","GENE2328_HUMAN","P74060","Protein GENE2328",-0.1526,1,0.998146,0,8e-04,3,4,TRUE,FALSE,FALSE
"GENE2670","GENE2670_HUMAN","P17453","Protein GENE2670",0.1887,1,0.860032,0,0.0655,5,2,FALSE,FALSE,FALSE
"GENE0407","GENE0407_HUMAN","P51987","Protein GENE0407",-0.0842,1,0.915811,0,0.0382,4,2,FALSE,FALSE,FALSE
"GENE2073","GENE2073_HUMAN","P24175","Protein GENE2073",0.1328,0.421496,0.103866,0.7745,0.9835,4,5,FALSE,FALSE,FALSE
"GENE2537","GENE2537_HUMAN","P72887","Protein GENE2537",-0.1923,1,0.969077,0,0.0136,5,4,FALSE,FALSE,FALSE
"GENE2559","GENE2559_HUMAN","P59498","Protein GENE2559",-0.0158,1,0.753754,0,0.1228,5,6,FALSE,FALSE,FALSE
"GENE2383","GENE2383_HUMAN","P66880","Protein GENE2383",-0.1994,1,0.61267,0,0.2128,5,5,TRUE,FALSE,FALSE
"GENE1296","GENE1296_HUMAN","P22977","Protein GENE1296",0.6603,1,0.496223,0,0.3043,6,6,FALSE,FALSE,FALSE
"GENE0578","GENE0578_HUMAN","P30003","Protein GENE0578",0.0777,1,0.882676,0,0.0542,4,5,FALSE,FALSE,FALSE
"GENE2782","GENE2782_HUMAN","P56139","Protein GENE2782",0.1323,1,0.890766,0,0.0502,3,2,FALSE,FALSE,FALSE
"GENE2120","GENE2120_HUMAN","P31330","Protein GENE2120",-0.2798,0.242692,0.06351,1.0647,1.1972,5,3,TRUE,FALSE,FALSE
"GENE0007","GENE0007_HUMAN","P02452","Protein GENE0007",-0.0566,1,0.765364,0,0.1161,5,2,FALSE,FALSE,FALSE
"GENE1945","GENE1945_HUMAN","P28394","Protein GENE1945",0.5762,1,0.8093,0,0.0919,6,2,TRUE,FALSE,FALSE
"GENE0498","GENE0498_HUMAN","P70502","Protein GENE0498",0.2204,1,0.89069,0,0.0503,6,4,FALSE,FALSE,FALSE
"GENE1379","GENE1379_HUMAN","P81360","Protein GENE1379",-0.0412,1,0.27458,0,0.5613,2,4,FALSE,FALSE,FALSE
"GENE1073","GENE1073_HUMAN","P45253","Protein GENE1073",0.1795,1,0.930256,0,0.0314,6,4,FALSE,FALSE,FALSE
"GENE0699","GENE0699_HUMAN","P42658","Protein GENE0699",0.0193,1,0.558308,0,0.2531,3,3,FALSE,FALSE,FALSE
"GENE1551","GENE1551_HUMAN","P68840","Protein GENE1551",-0.8193,1,0.55739,0.221,0.2538,2,4,FALSE,FALSE,FALSE
"GENE1680","GENE1680_HUMAN","P93048","Protein GENE1680",0.6381,0.910398,0.480867,0,0.318,6,5,FALSE,FALSE,FALSE
"GENE1469","GENE1469_HUMAN","P63911","Protein GENE1469",0.1009,1,0.603133,0,0.2196,5,5,FALSE,FALSE,FALSE
"GENE2226","GENE2226_HUMAN","P13433","Protein GENE2226",1.1575,0.699959,0.376088,0,0.4247,5,3,FALSE,FALSE,FALSE
"GENE1075","GENE1075_HUMAN","P21413","Protein GENE1075",-0.5142,1,0.901659,0,0.045,6,6,FALSE,TRUE,FALSE
"GENE0810","GENE0810_HUMAN","P07832","Protein GENE0810",0.0867,1,0.74466,0.1106,0.128,6,2,FALSE,FALSE,FALSE
"GENE0971","GENE0971_HUMAN","P16690","Protein GENE0971",0.3343,0.517897,0.270104,0,0.5685,5,3,FALSE,FALSE,FALSE
"GENE0480","GENE0480_HUMAN","P91439","Protein GENE0480",-0.0175,1,0.926612,0,0.0331,2,2,TRUE,FALSE,FALSE
"GENE1861","GENE1861_HUMAN","P80048","Protein GENE1861",-0.3134,0.821274,0.236453,0.483,0.6263,5,2,FALSE,FALSE,FALSE
"GENE0434","GENE0434_HUMAN","P67515","Protein GENE0434",-0.2224,1,0.538737,0,0.2686,3,2,FALSE,FALSE,FALSE
"GENE1547","GENE1547_HUMAN","P00867","Protein GENE1547",0.4518,1,0.835493,0,0.0781,5,6,TRUE,FALSE,FALSE
"GENE0355","GENE0355_HUMAN","P63060","Protein GENE0355",-0.2258,1,0.712911,0,0.147,4,4,FALSE,FALSE,FALSE
"GENE0145","GENE0145_HUMAN","P27137","Protein GENE0145",0.0706,0.333265,0.260785,0,0.5837,3,3,FALSE,FALSE,FALSE
"GENE2408","GENE2408_HUMAN","P45056","Protein GENE2408",-0.3155,1,0.731653,0,0.1357,5,5,FALSE,FALSE,FALSE
"GENE0211","GENE0211_HUMAN","P62697","Protein GENE0211",0.1854,1,0.634062,0,0.1979,4,4,FALSE,TRUE,FALSE
"GENE1736","GENE1736_HUMAN","P50684","Protein GENE1736",0.5989,0.98733,0.382474,0,0.4174,6,5,FALSE,FALSE,FALSE
"GENE2352","GENE2352_HUMAN","P10216","Protein GENE2352",0.1139,0.250832,0.12419,0.5185,0.9059,5,5,FALSE,FALSE,FALSE
"GENE1372","GENE1372_HUMAN","P40809","Protein GENE1372",0.1635,0.614977,0.124368,0.3818,0.9053,4,3,FALSE,FALSE,FALSE
"GENE0661","GENE0661_HUMAN","P98333","Protein GENE0661",-0.27,0.95239,0.427848,0,0.3687,6,5,FALSE,FALSE,FALSE
"GENE0999","GENE0999_HUMAN","P29420","Protein GENE0999",0.2194,0.835699,0.44603,0,0.3506,2,5,FALSE,FALSE,FALSE
"GENE2807","GENE2807_HUMAN","P09621","Protein GENE2807",0.0036,0.844379,0.29914,0,0.5241,2,5,FALSE,FALSE,FALSE
"GENE1154","GENE1154_HUMAN","P74590","Protein GENE1154",0.1005,0.929763,0.911626,0,0.0402,4,6,FALSE,FALSE,FALSE
"GENE2224","GENE2224_HUMAN","P33752","Protein GENE2224",-0.2594,0.26704,0.111666,0.4128,0.9521,6,5,FALSE,FALSE,FALSE
"GENE0990","GENE0990_HUMAN","P36320","Protein GENE0990",0.2362,0.395047,0.247009,0.3061,0.6073,2,6,TRUE,TRUE,FALSE
"GENE2690","GENE2690_HUMAN","P53028","Protein GENE2690",-0.3149,1,0.758775,0,0.1199,5,6,FALSE,FALSE,FALSE
"GENE0960","GENE0960_HUMAN","P06625","Protein GENE0960",-0.109,0.539892,0.287618,0.0373,0.5412,4,4,FALSE,FALSE,FALSE
"GENE1964","GENE1964_HUMAN","P61350","Protein GENE1964",0.0506,0.753521,0.293514,0,0.5324,3,6,FALSE,FALSE,FALSE
"GENE2088","GENE2088_HUMAN","P23192","Protein GENE2088",-0.6193,0.805661,0.225718,0.0632,0.6464,5,5,FALSE,FALSE,FALSE
"GENE0224","GENE0224_HUMAN","P08584","Protein GENE0224",0.1727,1,0.692187,0.1418,0.1598,4,4,TRUE,TRUE,FALSE
"GENE2132","GENE2132_HUMAN","P39249","Protein GENE2132",-0.2074,1,0.765185,0,0.1162,5,3,FALSE,FALSE,FALSE
"GENE1109","GENE1109_HUMAN","P47251","Protein GENE1109",-0.612,0.724096,0.571798,0.2084,0.2428,3,2,TRUE,FALSE,FALSE
"GENE2405","GENE2405_HUMAN","P75933","Protein GENE2405",1.0119,0.039283,0.008837,1.6229,2.0537,6,6,FALSE,FALSE,TRUE
"GENE1362","GENE1362_HUMAN","P71260","Protein GENE1362",-0.571,1,0.467175,0.1454,0.3305,5,5,FALSE,FALSE,FALSE
"GENE2599","GENE2599_HUMAN","P09639","Protein GENE2599",-0.142,1,0.763855,0.1127,0.117,3,4,FALSE,FALSE,FALSE
"GENE2662","GENE2662_HUMAN","P74047","Protein GENE2662",0.1173,1,0.431846,0.299,0.3647,5,5,FALSE,FALSE,FALSE
"GENE1542","GENE1542_HUMAN","P30514","Protein GENE1542",-0.0314,1,0.418062,0,0.3788,3,3,FALSE,FALSE,FALSE
"GENE2106","GENE2106_HUMAN","P24222","Protein GENE2106",0.3409,1,0.759892,0,0.1192,5,3,TRUE,FALSE,FALSE
"GENE0546","GENE0546_HUMAN","P38899","Protein GENE0546",0.0591,1,0.91882,0,0.0368,4,5,FALSE,FALSE,FALSE
"GENE2178","GENE2178_HUMAN","P10963","Protein GENE2178",-0.062,1,0.496951,0,0.3037,3,6,FALSE,FALSE,FALSE
"GENE2164","GENE2164_HUMAN","P01463","Protein GENE2164",0.0798,1,0.546388,0.016,0.2625,3,4,FALSE,FALSE,FALSE
"GENE0898","GENE0898_HUMAN","P97079","Protein GENE0898",0.5088,0.813879,0.703985,0,0.1524,4,6,FALSE,FALSE,FALSE
"GENE1113","GENE1113_HUMAN","P92639","Protein GENE1113",0.4114,0.632112,0.227201,0,0.6436,4,4,FALSE,FALSE,FALSE
"GENE2685","GENE2685_HUMAN","P02416","Protein GENE2685",0.0958,0.633355,0.143685,0.6631,0.8426,5,3,FALSE,FALSE,FALSE
"GENE2183","GENE2183_HUMAN","P86522","Protein GENE2183",0.1168,1,0.91422,0,0.0389,2,6,FALSE,FALSE,FALSE
"GENE2812","GENE2812_HUMAN","P63224","Protein GENE2812",0.0654,1,0.590319,0,0.2289,6,4,FALSE,FALSE,FALSE
"GENE0187","GENE0187_HUMAN","P69906","Protein GENE0187",0.3252,0.765772,0.272061,0,0.5653,6,5,FALSE,FALSE,FALSE
"GENE1697","GENE1697_HUMAN","P18411","Protein GENE1697",-0.9971,0.963572,0.371679,0,0.4298,3,4,FALSE,FALSE,FALSE
"GENE1209","GENE1209_HUMAN","P65552","Protein GENE1209",-0.242,1,0.684714,0,0.1645,3,2,TRUE,FALSE,FALSE
"GENE2442","GENE2442_HUMAN","P48822","Protein GENE2442",0.2594,0.511331,0.347693,0,0.4588,2,6,TRUE,FALSE,FALSE
"GENE1691","GENE1691_HUMAN","P32218","Protein GENE1691",0.5062,0.640397,0.298817,0.0693,0.5246,5,4,FALSE,FALSE,FALSE
"GENE1182","GENE1182_HUMAN","P67788","Protein GENE1182",0.0924,0.467943,0.235645,0,0.6277,3,6,FALSE,FALSE,FALSE
"GENE0565","GENE0565_HUMAN","P14095","Protein GENE0565",0.034,1,0.309059,0.1246,0.51,5,5,FALSE,FALSE,FALSE
"GENE1824","GENE1824_HUMAN","P91318","Protein GENE1824",0.0857,1,0.424596,0,0.372,3,6,FALSE,FALSE,FALSE
"GENE1241","GENE1241_HUMAN","P16509","Protein GENE1241",0.1566,1,0.597585,0,0.2236,3,6,FALSE,FALSE,FALSE
"GENE1619","GENE1619_HUMAN","P92449","Protein GENE1619",-0.3606,0.795544,0.407616,0,0.3897,6,6,FALSE,FALSE,FALSE
"GENE2870","GENE2870_HUMAN","P61945","Protein GENE2870",0.0898,1,0.308558,0,0.5107,5,3,FALSE,FALSE,FALSE
"GENE1934","GENE1934_HUMAN","P94849","Protein GENE1934",0.6199,1,0.355829,0.111,0.4488,5,2,FALSE,FALSE,FALSE
"GENE0790","GENE0790_HUMAN","P01235","Protein GENE0790",1.1624,0.434591,0.143894,0.2995,0.842,2,2,FALSE,FALSE,FALSE
"GENE0038","GENE0038_HUMAN","P99342","Protein GENE0038",-0.0648,0.760315,0.22751,0.4493,0.643,2,3,FALSE,FALSE,FALSE
"GENE2194","GENE2194_HUMAN","P87133","Protein GENE2194",0.6189,0.486202,0.134742,0.3386,0.8705,2,2,TRUE,FALSE,FALSE
"GENE0602","GENE0602_HUMAN","P38614","Protein GENE0602",0.3313,1,0.951097,0,0.0218,6,3,TRUE,FALSE,FALSE
"GENE1524","GENE1524_HUMAN","P76480","Protein GENE1524",0.2312,0.37921,0.163894,0.4584,0.7854,2,3,FALSE,FALSE,FALSE
"GENE0416","GENE0416_HUMAN","P33504","Protein GENE0416",0.1762,1,0.949168,0,0.0227,6,5,TRUE,FALSE,FALSE
"GENE1545","GENE1545_HUMAN","P64469","Protein GENE1545",-0.2233,0.660819,0.226741,0.5572,0.6445,3,2,FALSE,FALSE,FALSE
"GENE1264","GENE1264_HUMAN","P00473","Protein GENE1264",0.2464,0.732829,0.201041,0.1051,0.6967,6,3,TRUE,FALSE,FALSE
"GENE1913","GENE1913_HUMAN","P94347","Protein GENE1913",0.4347,1,0.64315,0,0.1917,3,3,FALSE,FALSE,FALSE
"GENE0363","GENE0363_HUMAN","P71107","Protein GENE0363",-0.0996,0.876126,0.226981,0,0.644,5,4,FALSE,FALSE,FALSE
"GENE2201","GENE2201_HUMAN","P93588","Protein GENE2201",-0.5489,0.927961,0.262743,0.1455,0.5805,6,2,FALSE,FALSE,FALSE
"GENE2046","GENE2046_HUMAN","P91567","Protein GENE2046",-0.1679,1,0.487732,0.1198,0.3118,2,6,FALSE,FALSE,FALSE
"GENE1869","GENE1869_HUMAN","P48557","Protein GENE1869",0.4444,1,0.811756,0,0.0906,5,3,FALSE,FALSE,FALSE
"GENE0403","GENE0403_HUMAN","P26519","Protein GENE0403",-0.1712,1,0.640105,0,0.1937,4,6,FALSE,FALSE,FALSE
"GENE1969","GENE1969_HUMAN","P20540","Protein GENE1969",-0.2218,0.517043,0.228303,0.0422,0.6415,5,5,FALSE,FALSE,FALSE
"GENE2766","GENE2766_HUMAN","P84073","Protein GENE2766",0.2487,0.59795,0.129471,0.2632,0.8878,6,2,FALSE,FALSE,FALSE
"GENE0376","GENE0376_HUMAN","P03676","Protein GENE0376",0.1762,1,0.742575,0,0.1293,6,5,FALSE,FALSE,FALSE
"GENE0813","GENE0813_HUMAN","P24641","Protein GENE0813",-0.0043,0.298365,0.141074,0.3532,0.8506,3,2,FALSE,FALSE,FALSE
"GENE1282","GENE1282_HUMAN","P88170","Protein GENE1282",0.6258,0.357837,0.101911,0.7433,0.9918,3,4,FALSE,FALSE,FALSE
"GENE1532","GENE1532_HUMAN","P21430","Protein GENE1532",0.0498,0.54265,0.541567,0,0.2663,6,2,FALSE,FALSE,FALSE
"GENE0920","GENE0920_HUMAN","P47381","Protein GENE0920",0.0734,1,0.346186,0,0.4607,4,2,FALSE,FALSE,FALSE
"GENE0822","GENE0822_HUMAN","P38410","Protein GENE0822",-0.8384,0.131862,0.036989,0.9203,1.4319,2,3,FALSE,FALSE,TRUE
"GENE1133","GENE1133_HUMAN","P62637","Protein GENE1133",-0.0894,0.442708,0.274483,0.0673,0.5615,6,2,TRUE,FALSE,FALSE
"GENE1819","GENE1819_HUMAN","P51157","Protein GENE1819",-0.8359,1,0.680026,0,0.1675,4,2,FALSE,FALSE,FALSE
"GENE1243","GENE1243_HUMAN","P77759","Protein GENE1243",-0.7212,1,0.68965,0.0018,0.1614,6,3,FALSE,FALSE,FALSE
"GENE1272","GENE1272_HUMAN","P08110","Protein GENE1272",-0.162,1,0.600685,0,0.2214,3,4,FALSE,TRUE,FALSE
"GENE2558","GENE2558_HUMAN","P05820","Protein GENE2558",-0.0256,1,0.786494,0,0.1043,3,3,FALSE,FALSE,FALSE
"GENE0359","GENE0359_HUMAN","P87134","Protein GENE0359",-0.5287,1,0.765451,0,0.1161,6,5,TRUE,FALSE,FALSE
"GENE1115","GENE1115_HUMAN","P67141","Protein GENE1115",0.177,1,0.472145,0,0.3259,4,3,FALSE,FALSE,FALSE
"GENE2096","GENE2096_HUMAN","P05472","Protein GENE2096",-0.5053,1,0.973027,0,0.0119,4,4,FALSE,FALSE,FALSE
"GENE0942","GENE0942_HUMAN","P22821","Protein GENE0942",0.2704,1,0.568898,0,0.245,5,2,FALSE,FALSE,FALSE
"GENE0015","GENE0015_HUMAN","P90374","Protein GENE0015",-0.2926,1,0.88474,0,0.0532,3,4,FALSE,FALSE,FALSE
"GENE0504","GENE0504_HUMAN","P32160","Protein GENE0504",0.2618,0.574819,0.31387,0.1595,0.5033,5,2,FALSE,FALSE,FALSE
"GENE2340","GENE2340_HUMAN","P56592","Protein GENE2340",-0.0238,1,0.90721,0,0.0423,3,3,FALSE,TRUE,FALSE
"GENE2619","GENE2619_HUMAN","P32645","Protein GENE2619",0.8262,1,0.704821,0,0.1519,3,5,FALSE,FALSE,FALSE
"GENE2216","GENE2216_HUMAN","P46072","Protein GENE2216",0.2563,1,0.564311,0,0.2485,4,5,FALSE,FALSE,FALSE
"GENE1181","GENE1181_HUMAN","P77419","Protein GENE1181",0.6448,1,0.915576,0,0.0383,5,2,TRUE,FALSE,FALSE
"GENE1885","GENE1885_HUMAN","P99602","Protein GENE1885",-0.3592,1,0.871977,0,0.0595,2,3,FALSE,FALSE,FALSE
"GENE0900","GENE0900_HUMAN","P10033","Protein GENE0900",0.5436,1,0.695291,0.0274,0.1578,3,5,FALSE,FALSE,FALSE
"GENE2241","GENE2241_HUMAN","P99903","Protein GENE2241",-0.4355,1,0.547349,0,0.2617,5,3,FALSE,FALSE,FALSE
"GENE1602","GENE1602_HUMAN","P47011","Protein GENE1602",-0.2539,0.405509,0.097763,0.4856,1.0098,3,3,FALSE,FALSE,FALSE
"GENE0121","GENE0121_HUMAN","P11258","Protein GENE0121",0.5162,1,0.441031,0,0.3555,6,4,TRUE,FALSE,FALSE
"GENE2822","GENE2822_HUMAN","P03559","Protein GENE2822",-0.0455,1,0.996528,0,0.0015,3,3,FALSE,FALSE,FALSE
"GENE1664","GENE1664_HUMAN","P77271","Protein GENE1664",0.3634,1,0.987487,0,0.0055,3,4,FALSE,FALSE,FALSE
"GENE1498","GENE1498_HUMAN","P34294","Protein GENE1498",-0.0116,0.348602,0.105585,0.3409,0.9764,6,4,TRUE,TRUE,FALSE
"GENE0409","GENE0409_HUMAN","P21859","Protein GENE0409",0.508,1,0.858045,0,0.0665,5,3,FALSE,FALSE,FALSE
"GENE2721","GENE2721_HUMAN","P53870","Protein GENE2721",0.6295,1,0.402979,0.353,0.3947,3,5,FALSE,FALSE,FALSE
"GENE0203","GENE0203_HUMAN","P55588","Protein GENE0203",-0.3479,1,0.657258,0,0.1823,5,2,FALSE,TRUE,FALSE
"GENE1177","GENE1177_HUMAN","P33475","Protein GENE1177",0.0528,1,0.408767,0,0.3885,6,5,FALSE,FALSE,FALSE
"GENE1052","GENE1052_HUMAN","P08501","Protein GENE1052",-0.0634,1,0.415562,0,0.3814,5,5,FALSE,FALSE,FALSE
"GENE2841","GENE2841_HUMAN","P91070","Protein GENE2841",-0.3264,1,0.492543,0,0.3076,4,6,TRUE,FALSE,FALSE
"GENE2639","GENE2639_HUMAN","P87510","Protein GENE2639",0.4997,0.635656,0.211804,0.2838,0.6741,3,4,FALSE,FALSE,FALSE
"GENE0799","GENE0799_HUMAN","P25654","Protein GENE0799",-0.3567,0.26381,0.216114,0.2616,0.6653,5,4,FALSE,FALSE,FALSE
"GENE2873","GENE2873_HUMAN","P08738","Protein GENE2873",0.3229,1,0.982496,0,0.0077,4,2,FALSE,FALSE,FALSE
"GENE0847","GENE0847_HUMAN","P76560","Protein GENE0847",-0.0605,0.757745,0.184851,0.0613,0.7332,6,3,FALSE,FALSE,FALSE
"GENE2417","GENE2417_HUMAN","P87518","Protein GENE2417",0.3394,1,0.655914,0.1713,0.1832,3,4,FALSE,FALSE,FALSE
"GENE0122","GENE0122_HUMAN","P11300","Protein GENE0122",-0.0124,1,0.542744,0.1742,0.2654,5,2,FALSE,FALSE,FALSE
"GENE0369","GENE0369_HUMAN","P65111","Protein GENE0369",-1.9217,0.045571,0.025782,1.0171,1.5887,5,5,FALSE,FALSE,TRUE
"GENE1392","GENE1392_HUMAN","P66007","Protein GENE1392",-0.7285,1,0.960263,0,0.0176,2,2,FALSE,FALSE,FALSE
"GENE1607","GENE1607_HUMAN","P38989","Protein GENE1607",-0.1716,0.624212,0.256788,0.2045,0.5904,6,5,TRUE,FALSE,FALSE
"GENE0380","GENE0380_HUMAN","P51497","Protein GENE0380",0.0671,0.147438,0.093276,0.4183,1.0302,5,3,FALSE,FALSE,FALSE
"GENE2572","GENE2572_HUMAN","P04557","Protein GENE2572",0.0639,0.823323,0.431013,0,0.3655,5,4,FALSE,FALSE,FALSE
"GENE0752","GENE0752_HUMAN","P81494","Protein GENE0752",0.3143,1,0.326858,0,0.4856,3,5,TRUE,FALSE,FALSE
"GENE0231","GENE0231_HUMAN","P10547","Protein GENE0231",-0.3841,0.323369,0.316379,0.1405,0.4998,2,5,FALSE,FALSE,FALSE
"GENE0906","GENE0906_HUMAN","P49312","Protein GENE0906",0.0204,1,0.598407,0,0.223,5,3,FALSE,TRUE,FALSE
"GENE1071","GENE1071_HUMAN","P71760","Protein GENE1071",0.4616,1,0.982315,0,0.0077,3,4,FALSE,FALSE,FALSE
"GENE0762","GENE0762_HUMAN","P74823","Protein GENE0762",0.3191,0.833484,0.636897,0,0.1959,6,2,FALSE,FALSE,FALSE
"GENE2403","GENE2403_HUMAN","P63905","Protein GENE2403",-0.0291,1,0.290435,0,0.537,3,2,FALSE,FALSE,FALSE
"GENE1117","GENE1117_HUMAN","P87628","Protein GENE1117",0.4963,0.802582,0.333047,0,0.4775,6,6,TRUE,FALSE,FALSE
"GENE1681","GENE1681_HUMAN","P60658","Protein GENE1681",0.0888,1,0.475267,0,0.3231,2,3,FALSE,TRUE,FALSE
"GENE0014","GENE0014_HUMAN","P91958","Protein GENE0014",-0.3255,1,0.654532,0,0.1841,5,4,TRUE,FALSE,FALSE
"GENE1796","GENE1796_HUMAN","P96193","Protein GENE1796",0.1936,0.562411,0.35639,0,0.4481,3,3,FALSE,FALSE,FALSE
"GENE0982","GENE0982_HUMAN","P10230","Protein GENE0982",0.2506,1,0.967009,0,0.0146,4,2,FALSE,FALSE,FALSE
"GENE2271","GENE2271_HUMAN","P74558","Protein GENE2271",0.181,1,0.931596,0,0.0308,4,3,FALSE,FALSE,FALSE
"GENE2074","GENE2074_HUMAN","P37716","Protein GENE2074",0.0092,1,0.342757,0,0.465,2,2,FALSE,FALSE,FALSE
"GENE1123","GENE1123_HUMAN","P61630","Protein GENE1123",0.0394,1,0.935268,0,0.0291,4,2,FALSE,FALSE,FALSE
"GENE0877","GENE0877_HUMAN","P85890","Protein GENE0877",-0.5239,1,0.778259,0.0645,0.1089,2,2,TRUE,FALSE,FALSE
"GENE0697","GENE0697_HUMAN","P59921","Protein GENE0697",-0.5192,1,0.620765,0,0.2071,6,5,FALSE,FALSE,FALSE
"GENE1713","GENE1713_HUMAN","P37098","Protein GENE1713",0.0452,0.885146,0.397014,0,0.4012,2,6,FALSE,FALSE,FALSE
"GENE0663","GENE0663_HUMAN","P13203","Protein GENE0663",0.128,1,0.722859,0,0.1409,5,4,FALSE,FALSE,FALSE
"GENE0051","GENE0051_HUMAN","P38061","Protein GENE0051",-0.1639,1,0.59079,0,0.2286,6,4,TRUE,FALSE,FALSE
"GENE1852","GENE1852_HUMAN","P81641","Protein GENE1852",-1.7608,0.099212,0.022691,1.1528,1.6442,3,3,FALSE,TRUE,TRUE
"GENE1785","GENE1785_HUMAN","P76749","Protein GENE1785",-0.0998,0.795249,0.224971,0.4148,0.6479,3,5,FALSE,FALSE,FALSE
"GENE0662","GENE0662_HUMAN","P14339","Protein GENE0662",0.3501,1,0.618124,0,0.2089,2,3,FALSE,TRUE,FALSE
"GENE2036","GENE2036_HUMAN","P31924","Protein GENE2036",-0.5355,1,0.787566,0,0.1037,3,4,FALSE,FALSE,FALSE
"GPATCH4","GPATCH4_HUMAN","P80183","Protein GPATCH4",0.238,1,0.400969,0.0861,0.3969,2,2,FALSE,FALSE,FALSE
"GENE2112","GENE2112_HUMAN","P89148","Protein GENE2112",0.2209,1,0.603162,0,0.2196,2,5,FALSE,FALSE,FALSE
"GENE1484","GENE1484_HUMAN","P51280","Protein GENE1484",0.2269,1,0.83424,0,0.0787,2,6,FALSE,TRUE,FALSE
"GENE2146","GENE2146_HUMAN","P25062","Protein GENE2146",0.0333,1,0.598975,0,0.2226,6,3,FALSE,FALSE,FALSE
"GENE1086","GENE1086_HUMAN","P94773","Protein GENE1086",0.6693,1,0.679949,0,0.1675,5,4,FALSE,FALSE,FALSE
"GENE2649","GENE2649_HUMAN","P12745","Protein GENE2649",-2.9176,0.004617,0.001215,2.3839,2.9155,3,5,FALSE,FALSE,TRUE
"GENE0718","GENE0718_HUMAN","P83880","Protein GENE0718",0.8842,1,0.925286,0,0.0337,6,3,FALSE,FALSE,FALSE
"GENE2683","GENE2683_HUMAN","P75933","Protein GENE2683",0.1934,0.781314,0.777577,0,0.1093,5,3,FALSE,FALSE,FALSE
"GENE0742","GENE0742_HUMAN","P15641","Protein GENE0742",0.448,1,0.374411,0.2485,0.4267,3,5,FALSE,FALSE,FALSE
"GENE1898","GENE1898_HUMAN","P10876","Protein GENE1898",-0.28,0.77191,0.221438,0.3909,0.6547,2,6,FALSE,FALSE,FALSE
"GENE0720","GENE0720_HUMAN","P97042","Protein GENE0720",-0.3436,1,0.458216,0.3159,0.3389,5,5,FALSE,FALSE,FALSE
"GENE1061","GENE1061_HUMAN","P50861","Protein GENE1061",0.1215,1,0.341582,0.1994,0.4665,3,4,FALSE,FALSE,FALSE
"GENE0389","GENE0389_HUMAN","P53628","Protein GENE0389",-0.4559,1,0.475368,0,0.323,5,3,FALSE,FALSE,FALSE
"GENE0026","GENE0026_HUMAN","P49571","Protein GENE0026",-0.1133,1,0.546053,0.0947,0.2628,4,3,FALSE,FALSE,FALSE
"GENE0963","GENE0963_HUMAN","P88897","Protein GENE0963",-0.6355,0.621514,0.501673,0,0.2996,5,5,FALSE,FALSE,FALSE
"GENE2109","GENE2109_HUMAN","P62038","Protein GENE2109",-0.2677,1,0.914762,0,0.0387,3,2,FALSE,FALSE,FALSE
"GENE1037","GENE1037_HUMAN","P13409","Protein GENE1037",-0.3444,1,0.875982,0,0.0575,6,5,FALSE,FALSE,FALSE
"GENE0934","GENE0934_HUMAN","P03991","Protein GENE0934",0.2731,1,0.313699,0,0.5035,2,4,FALSE,FALSE,FALSE
"GENE1122","GENE1122_HUMAN","P40585","Protein GENE1122",-0.1089,0.306935,0.217597,0.0927,0.6623,6,5,FALSE,FALSE,FALSE
"GENE2103","GENE2103_HUMAN","P96021","Protein GENE2103",-0.3344,0.493621,0.108731,0.2777,0.9636,3,3,FALSE,FALSE,FALSE
"GENE1881","GENE1881_HUMAN","P61790","Protein GENE1881",0.4938,1,0.928877,0,0.032,3,6,FALSE,FALSE,FALSE
"GENE2094","GENE2094_HUMAN","P36350","Protein GENE2094",0.0628,1,0.808659,0,0.0922,6,5,FALSE,FALSE,FALSE
"GENE1191","GENE1191_HUMAN","P17405","Protein GENE1191",-0.1584,1,0.387637,0,0.4116,6,5,FALSE,FALSE,FALSE
"GENE1552","GENE1552_HUMAN","P99909","Protein GENE1552",-0.3278,1,0.922493,0,0.035,6,6,FALSE,FALSE,FALSE
"GENE1563","GENE1563_HUMAN","P88245","Protein GENE1563",0.7823,0.384702,0.198261,0.3873,0.7028,2,4,FALSE,FALSE,FALSE
"GENE1535","GENE1535_HUMAN","P13446","Protein GENE1535",-0.2969,1,0.793112,0,0.1007,3,5,FALSE,FALSE,FALSE
"GENE2801","GENE2801_HUMAN","P76420","Protein GENE2801",0.382,1,0.37934,0,0.421,5,3,FALSE,TRUE,FALSE
"GENE1687","GENE1687_HUMAN","P73975","Protein GENE1687",-0.186,1,0.907806,0,0.042,5,4,FALSE,FALSE,FALSE
"GENE0858","GENE0858_HUMAN","P08557","Protein GENE0858",-0.2487,0.22354,0.094855,0.5923,1.0229,5,6,FALSE,FALSE,FALSE
"GENE1486","GENE1486_HUMAN","P12903","Protein GENE1486",0.5937,0.709792,0.225112,0.1764,0.6476,4,4,FALSE,FALSE,FALSE
"GENE2644","GENE2644_HUMAN","P62394","Protein GENE2644",1.7638,0.062315,0.015508,1.2479,1.8095,2,2,FALSE,FALSE,TRUE
"GENE0484","GENE0484_HUMAN","P09403","Protein GENE0484",0.2629,1,0.370218,0,0.4315,3,3,FALSE,FALSE,FALSE
"GENE0605","GENE0605_HUMAN","P77094","Protein GENE0605",-0.1403,0.585462,0.416642,0,0.3802,5,3,FALSE,FALSE,FALSE
"GENE2022","GENE2022_HUMAN","P28056","Protein GENE2022",-0.0903,1,0.442027,0.2979,0.3546,3,2,TRUE,FALSE,FALSE
"GENE2666","GENE2666_HUMAN","P21780","Protein GENE2666",-0.5843,0.553336,0.277419,0.5174,0.5569,6,5,FALSE,TRUE,FALSE
"GENE2189","GENE2189_HUMAN","P58822","Protein GENE2189",0.2218,1,0.494528,0,0.3058,6,3,FALSE,FALSE,FALSE
"GENE1698","GENE1698_HUMAN","P78925","Protein GENE1698",-0.1845,0.096328,0.069598,0.9773,1.1574,6,2,FALSE,FALSE,FALSE
"GENE2525","GENE2525_HUMAN","P64266","Protein GENE2525",0.261,0.3832,0.132068,0.2522,0.8792,6,4,FALSE,FALSE,FALSE
"GENE2898","GENE2898_HUMAN","P51157","Protein GENE2898",0.602,0.307567,0.080205,1.0148,1.0958,2,3,FALSE,FALSE,FALSE
"GENE1404","GENE1404_HUMAN","P61777","Protein GENE1404",0.5437,0.142736,0.10521,0.2801,0.9779,2,5,TRUE,FALSE,FALSE
"GENE2882","GENE2882_HUMAN","P08071","Protein GENE2882",0.0416,0.112246,0.09538,0.5095,1.0205,4,3,FALSE,FALSE,FALSE
"GENE1733","GENE1733_HUMAN","P73806","Protein GENE1733",0.215,1,0.484364,0,0.3148,5,5,FALSE,FALSE,FALSE
"GENE1395","GENE1395_HUMAN","P38832","Protein GENE1395",-0.0283,1,0.290039,0.1276,0.5375,6,5,FALSE,FALSE,FALSE
"LARP4","LARP4_HUMAN","P98578","Protein LARP4",0.2776,1,0.815761,0,0.0884,6,4,FALSE,TRUE,FALSE
"GENE1226","GENE1226_HUMAN","P03702","Protein GENE1226",-0.3383,1,0.989973,0,0.0044,2,3,FALSE,TRUE,FALSE
"GENE0653","GENE0653_HUMAN","P18249","Protein GENE0653",0.0649,1,0.333496,0,0.4769,4,2,FALSE,TRUE,FALSE
"GENE0209","GENE0209_HUMAN","P59662","Protein GENE0209",-0.0725,0.579347,0.142851,0.4302,0.8451,3,2,FALSE,FALSE,FALSE
"GENE2763","GENE2763_HUMAN","P95199","Protein GENE2763",0.1129,1,0.299827,0.1488,0.5231,6,4,FALSE,FALSE,FALSE
"GENE0667","GENE0667_HUMAN","P62603","Protein GENE0667",0.0966,0.613897,0.30409,0,0.517,5,4,FALSE,FALSE,FALSE
"GENE2753","GENE2753_HUMAN","P07448","Protein GENE2753",0.0661,0.815925,0.165533,0.4477,0.7811,6,6,FALSE,TRUE,FALSE
"GENE2494","GENE2494_HUMAN","P57913","Protein GENE2494",-0.0505,1,0.647127,0,0.189,5,5,FALSE,FALSE,FALSE
"GENE0625","GENE0625_HUMAN","P53158","Protein GENE0625",0.387,0.137241,0.086871,0.6262,1.0611,3,4,FALSE,FALSE,FALSE
"GENE0411","GENE0411_HUMAN","P21962","Protein GENE0411",-0.2057,1,0.993144,0,0.003,4,6,TRUE,FALSE,FALSE
"GENE2465","GENE2465_HUMAN","P57212","Protein GENE2465",0.6403,1,0.788341,0,0.1033,5,6,FALSE,FALSE,FALSE
"GENE0028","GENE0028_HUMAN","P56590","Protein GENE0028",-0.3149,0.5443,0.191031,0.5229,0.7189,5,6,FALSE,FALSE,FALSE
"GENE2026","GENE2026_HUMAN","P42153","Protein GENE2026",0.2682,1,0.588018,0,0.2306,2,2,FALSE,FALSE,FALSE
"GENE2771","GENE2771_HUMAN","P26985","Protein GENE2771",0.0869,1,0.7336,0,0.1345,3,5,FALSE,FALSE,FALSE
"GENE2290","GENE2290_HUMAN","P12972","Protein GENE2290",-0.6022,1,0.824015,0,0.0841,3,2,FALSE,FALSE,FALSE
"GENE1638","GENE1638_HUMAN","P67901","Protein GENE1638",-0.1579,1,0.347702,0,0.4588,5,5,TRUE,FALSE,FALSE
"GENE2294","GENE2294_HUMAN","P05978","Protein GENE2294",0.0215,0.225801,0.140503,0.6025,0.8523,3,5,FALSE,FALSE,FALSE
"GENE2270","GENE2270_HUMAN","P91076","Protein GENE2270",-0.1014,1,0.712696,0,0.1471,2,3,FALSE,FALSE,FALSE
"GENE2295","GENE2295_HUMAN","P39330","Protein GENE2295",0.3266,1,0.595236,0,0.2253,4,5,FALSE,FALSE,FALSE
"GENE0977","GENE0977_HUMAN","P27170","Protein GENE0977",-0.1122,0.55632,0.176964,0.5532,0.7521,6,3,FALSE,FALSE,FALSE
"GENE0351","GENE0351_HUMAN","P85703","Protein GENE0351",3.3097,0.060013,0.041131,1.0886,1.3858,4,4,FALSE,FALSE,TRUE
"GENE2722","GENE2722_HUMAN","P13108","Protein GENE2722",0.6825,0.485365,0.280617,0,0.5519,3,5,FALSE,FALSE,FALSE
"GENE2725","GENE2725_HUMAN","P74719","Protein GENE2725",-2.5398,0.082741,0.022934,1.0898,1.6395,3,5,FALSE,FALSE,TRUE
"GENE2133","GENE2133_HUMAN","P38532","Protein GENE2133",4.4265,0.123719,0.034114,1.1627,1.4671,3,4,FALSE,FALSE,TRUE
"GENE2292","GENE2292_HUMAN","P47874","Protein GENE2292",-0.4542,1,0.768244,0,0.1145,4,2,FALSE,FALSE,FALSE
"GENE0485","GENE0485_HUMAN","P14989","Protein GENE0485",-0.2788,0.93232,0.605782,0,0.2177,6,4,FALSE,FALSE,FALSE
"GENE2737","GENE2737_HUMAN","P66608","Protein GENE2737",-0.4998,1,0.991427,0,0.0037,3,2,FALSE,FALSE,FALSE
"GENE2635","GENE2635_HUMAN","P49045","Protein GENE2635",0.2425,1,0.499406,0,0.3015,4,2,FALSE,FALSE,FALSE
"GENE0491","GENE0491_HUMAN","P44886","Protein GENE0491",0.0495,0.968301,0.514259,0.0503,0.2888,6,4,FALSE,TRUE,FALSE
"GENE0905","GENE0905_HUMAN","P33782","Protein GENE0905",0.2179,1,0.595849,0,0.2249,3,4,FALSE,FALSE,FALSE
"GENE0135","GENE0135_HUMAN","P92037","Protein GENE0135",0.4391,1,0.87017,0,0.0604,4,4,FALSE,FALSE,FALSE
"GENE0666","GENE0666_HUMAN","P88466","Protein GENE0666",0.4389,1,0.68423,0,0.1648,3,6,FALSE,TRUE,FALSE
"GENE0735","GENE0735_HUMAN","P40287","Protein GENE0735",-4.1613,0.092639,0.035651,1.0174,1.4479,2,5,FALSE,FALSE,TRUE
"GENE1620","GENE1620_HUMAN","P72112","Protein GENE1620",0.5105,1,0.559071,0,0.2525,6,3,FALSE,FALSE,FALSE
"GENE2406","GENE2406_HUMAN","P70660","Protein GENE2406",-0.4066,1,0.557177,0,0.254,2,3,FALSE,FALSE,FALSE
"GENE1671","GENE1671_HUMAN","P75301","Protein GENE1671",0.6148,0.019248,0.009851,1.3157,2.0065,5,3,FALSE,FALSE,TRUE
"GENE1189","GENE1189_HUMAN","P79215","Protein GENE1189",0.2422,0.25259,0.079834,0.5885,1.0978,2,3,FALSE,FALSE,FALSE
"GENE0304","GENE0304_HUMAN","P17997","Protein GENE0304",0.2017,1,0.935428,0,0.029,2,5,FALSE,FALSE,FALSE
"GENE0860","GENE0860_HUMAN","P45044","Protein GENE0860",-0.0969,0.691926,0.247534,0,0.6064,3,3,FALSE,FALSE,FALSE
"GENE2845","GENE2845_HUMAN","P30095","Protein GENE2845",-0.2868,1,0.463067,0,0.3344,4,3,FALSE,FALSE,FALSE
"GENE0751","GENE0751_HUMAN","P44068","Protein GENE0751",0.0563,0.753124,0.339207,0,0.4695,3,5,FALSE,FALSE,FALSE
"GENE0263","GENE0263_HUMAN","P34323","Protein GENE0263",-0.2117,0.295293,0.082379,1.0511,1.0842,5,3,FALSE,FALSE,FALSE
"GENE2754","GENE2754_HUMAN","P11080","Protein GENE2754",0.3434,0.348206,0.084812,0.5818,1.0715,6,6,FALSE,FALSE,FALSE
"GENE1248","GENE1248_HUMAN","P53480","Protein GENE1248",0.0809,1,0.448873,0.1569,0.3479,4,4,FALSE,FALSE,FALSE
"GENE0330","GENE0330_HUMAN","P23765","Protein GENE0330",-0.7267,0.407818,0.357182,0,0.4471,5,2,FALSE,TRUE,FALSE
"GENE2891","GENE2891_HUMAN","P08144","Protein GENE2891",-0.2491,0.219835,0.073717,1.0372,1.1324,5,4,FALSE,FALSE,FALSE
"GENE0220","GENE0220_HUMAN","P11030","Protein GENE0220",-0.728,0.683282,0.213428,0.0451,0.6707,3,4,FALSE,TRUE,FALSE
"GENE1479","GENE1479_HUMAN","P42934","Protein GENE1479",-0.4449,0.435728,0.218893,0.0263,0.6598,6,2,FALSE,FALSE,FALSE
"GENE0949","GENE0949_HUMAN","P54017","Protein GENE0949",0.2888,0.595144,0.416451,0,0.3804,5,6,FALSE,FALSE,FALSE
"GENE1746","GENE1746_HUMAN","P72271","Protein GENE1746",-0.5233,1,0.753749,0,0.1228,6,6,FALSE,FALSE,FALSE
"GENE2145","GENE2145_HUMAN","P87566","Protein GENE2145",0.28,0.281167,0.074404,0.7378,1.1284,3,5,FALSE,FALSE,FALSE
"GENE0239","GENE0239_HUMAN","P88233","Protein GENE0239",0.242,1,0.756428,0,0.1212,4,2,FALSE,FALSE,FALSE
"GENE0875","GENE0875_HUMAN","P25159","Protein GENE0875",0.4344,1,0.46186,0,0.3355,2,4,FALSE,FALSE,FALSE
"GENE1454","GENE1454_HUMAN","P87222","Protein GENE1454",0.6234,0.704854,0.245281,0.0522,0.6103,2,3,FALSE,FALSE,FALSE
"GENE2065","GENE2065_HUMAN","P58207","Protein GENE2065",0.0261,1,0.487536,0,0.312,3,5,FALSE,FALSE,FALSE
"ZNF598","ZNF598_HUMAN","P94459","Protein ZNF598",2.474,0.030315,0.028171,0.9958,1.5502,4,6,FALSE,FALSE,TRUE
"GENE2799","GENE2799_HUMAN","P30144","Protein GENE2799",0.1596,0.872003,0.175349,0.0837,0.7561,3,5,FALSE,FALSE,FALSE
"GENE1063","GENE1063_HUMAN","P15277","Protein GENE1063",0.4354,1,0.705062,0,0.1518,5,5,FALSE,FALSE,FALSE
"GENE0849","GENE0849_HUMAN","P37134","Protein GENE0849",-0.1006,1,0.911765,0,0.0401,5,6,FALSE,TRUE,FALSE
"GENE2810","GENE2810_HUMAN","P72176","Protein GENE2810",-0.6542,0.608904,0.203888,0.1023,0.6906,5,4,FALSE,TRUE,FALSE
"GENE1096","GENE1096_HUMAN","P88559","Protein GENE1096",-0.1131,1,0.863334,0,0.0638,6,6,FALSE,FALSE,FALSE
"GENE2796","GENE2796_HUMAN","P29763","Protein GENE2796",-0.5366,1,0.839256,0,0.0761,3,4,FALSE,FALSE,FALSE
"GENE2297","GENE2297_HUMAN","P15527","Protein GENE2297",0.6429,0.875453,0.362242,0,0.441,3,4,FALSE,FALSE,FALSE
"GENE1232","GENE1232_HUMAN","P07416","Protein GENE1232",-0.3787,1,0.349603,0.1627,0.4564,3,2,TRUE,FALSE,FALSE
"GENE2757","GENE2757_HUMAN","P66033","Protein GENE2757",0.0206,1,0.977707,0,0.0098,2,3,FALSE,TRUE,FALSE
"GENE0333","GENE0333_HUMAN","P00484","Protein GENE0333",1.0392,1,0.265078,0.0762,0.5766,4,3,FALSE,FALSE,FALSE
"GENE0601","GENE0601_HUMAN","P36218","Protein GENE0601",0.5021,1,0.600076,0,0.2218,6,4,FALSE,FALSE,FALSE
"GENE1893","GENE1893_HUMAN","P09006","Protein GENE1893",-0.2044,1,0.674332,0,0.1711,5,5,FALSE,FALSE,FALSE
"GENE1711","GENE1711_HUMAN","P24103","Protein GENE1711",0.8666,1,0.672399,0,0.1724,2,5,FALSE,FALSE,FALSE
"GENE1235","GENE1235_HUMAN","P28994","Protein GENE1235",-0.3855,0.612166,0.450326,0.2466,0.3465,2,2,FALSE,FALSE,FALSE
"GENE1033","GENE1033_HUMAN","P90192","Protein GENE1033",0.762,0.006352,0.004638,1.6361,2.3336,3,6,FALSE,FALSE,TRUE
"GENE2900","GENE2900_HUMAN","P45037","Protein GENE2900",0.1136,1,0.373267,0,0.428,5,6,FALSE,FALSE,FALSE
"GENE1762","GENE1762_HUMAN","P71415","Protein GENE1762",-0.1504,0.756019,0.431703,0,0.3648,5,5,FALSE,TRUE,FALSE
"GENE0719","GENE0719_HUMAN","P37883","Protein GENE0719",0.0855,1,0.456229,0,0.3408,6,6,FALSE,FALSE,FALSE
"GENE0581","GENE0581_HUMAN","P21509","Protein GENE0581",-0.5119,1,0.804662,0,0.0944,3,6,TRUE,FALSE,FALSE
"GENE0392","GENE0392_HUMAN","P14042","Protein GENE0392",-0.1152,1,0.949071,0,0.0227,2,4,TRUE,FALSE,FALSE
"GENE2137","GENE2137_HUMAN","P35495","Protein GENE2137",-0.3586,0.203865,0.079318,0.6539,1.1006,5,5,FALSE,FALSE,FALSE
"GENE1827","GENE1827_HUMAN","P37492","Protein GENE1827",0.4423,1,0.669081,0,0.1745,5,5,FALSE,FALSE,FALSE
"GENE1139","GENE1139_HUMAN","P43076","Protein GENE1139",-0.4985,1,0.463566,0,0.3339,4,6,TRUE,FALSE,FALSE
"GENE0140","GENE0140_HUMAN","P54218","Protein GENE0140",-0.0489,0.124831,0.074963,0.5705,1.1252,6,4,FALSE,FALSE,FALSE
"GENE0308","GENE0308_HUMAN","P69181","Protein GENE0308",-0.348,1,0.617632,0,0.2093,6,6,FALSE,FALSE,FALSE
"DHX30","DHX30_HUMAN","P43183","Protein DHX30",4.1043,0.046265,0.013004,1.4962,1.8859,6,2,FALSE,FALSE,TRUE
"GENE1431","GENE1431_HUMAN","P40730","Protein GENE1431",-0.0621,1,0.914699,0,0.0387,2,3,FALSE,FALSE,FALSE
"GENE1791","GENE1791_HUMAN","P64257","Protein GENE1791",-0.4267,0.394886,0.087642,0.4759,1.0573,5,2,FALSE,FALSE,FALSE
"GENE1641","GENE1641_HUMAN","P54282","Protein GENE1641",-0.1812,0.265418,0.161129,0.3157,0.7928,4,3,FALSE,FALSE,FALSE
"GENE1649","GENE1649_HUMAN","P10126","Protein GENE1649",0.249,1,0.802155,0,0.0957,2,5,FALSE,TRUE,FALSE
"GENE0078","GENE0078_HUMAN","P19470","Protein GENE0078",0.1944,0.339269,0.079401,0.4051,1.1002,5,6,FALSE,FALSE,FALSE
"GENE0357","GENE0357_HUMAN","P50217","Protein GENE0357",0.4729,1,0.646688,0,0.1893,3,6,FALSE,FALSE,FALSE
"GENE0075","GENE0075_HUMAN","P61417","Protein GENE0075",0.1501,1,0.869658,0,0.0607,4,2,FALSE,FALSE,FALSE
"GENE0518","GENE0518_HUMAN","P17208","Protein GENE0518",0.2042,0.843706,0.706948,0,0.1506,5,4,FALSE,FALSE,FALSE
"GENE1745","GENE1745_HUMAN","P64749","Protein GENE1745",0.3686,1,0.648147,0,0.1883,3,2,TRUE,FALSE,FALSE
"GENE1008","GENE1008_HUMAN","P91137","Protein GENE1008",-0.0612,1,0.761745,0.0563,0.1182,6,2,FALSE,FALSE,FALSE
"GENE2604","GENE2604_HUMAN","P18084","Protein GENE2604",0.8083,1,0.887417,0,0.0519,4,3,FALSE,FALSE,FALSE
"GENE2028","GENE2028_HUMAN","P85745","Protein GENE2028",-0.1333,1,0.785033,0,0.1051,5,2,TRUE,TRUE,FALSE
"GENE1957","GENE1957_HUMAN","P06238","Protein GENE1957",-0.5309,0.479806,0.202101,0.2263,0.6944,2,6,FALSE,FALSE,FALSE
"GENE1662","GENE1662_HUMAN","P77223","Protein GENE1662",-0.1699,0.860648,0.350699,0,0.4551,3,6,FALSE,FALSE,FALSE
"GENE2588","GENE2588_HUMAN","P16629","Protein GENE2588",0.0361,1,0.348956,0,0.4572,5,6,FALSE,TRUE,FALSE
"GENE2526","GENE2526_HUMAN","P78247","Protein GENE2526",0.2756,1,0.563197,0.0415,0.2493,5,6,FALSE,FALSE,FALSE
"GENE2299","GENE2299_HUMAN","P75322","Protein GENE2299",0.1028,1,0.467637,0,0.3301,3,2,FALSE,FALSE,FALSE
"GENE2401","GENE2401_HUMAN","P47904","Protein GENE2401",0.275,0.24141,0.146007,0.3441,0.8356,5,5,FALSE,FALSE,FALSE
"GENE2206","GENE2206_HUMAN","P08890","Protein GENE2206",-0.4221,1,0.93039,0,0.0313,4,6,FALSE,FALSE,FALSE
"GENE0761","GENE0761_HUMAN","P35378","Protein GENE0761",-0.4368,1,0.959096,0,0.0181,2,4,FALSE,FALSE,FALSE
"GENE1233","GENE1233_HUMAN","P16564","Protein GENE1233",0.4603,1,0.852224,0,0.0694,2,2,TRUE,TRUE,FALSE
"GENE2515","GENE2515_HUMAN","P81368","Protein GENE2515",0.0535,0.607316,0.303592,0.4803,0.5177,3,6,FALSE,FALSE,FALSE
"GENE1741","GENE1741_HUMAN","P99127","Protein GENE1741",0.4433,0.812129,0.538739,0,0.2686,5,3,FALSE,TRUE,FALSE
"GENE1081","GENE1081_HUMAN","P74598","Protein GENE1081",0.4042,1,0.678016,0,0.1688,4,6,TRUE,FALSE,FALSE
"GENE1851","GENE1851_HUMAN","P65214","Protein GENE1851",0.8527,1,0.645524,0,0.1901,3,2,FALSE,FALSE,FALSE
"GENE2377","GENE2377_HUMAN","P48005","Protein GENE2377",-0.3193,1,0.817012,0,0.0878,2,2,FALSE,FALSE,FALSE
"GENE2430","GENE2430_HUMAN","P00227","Protein GENE2430",0.3756,0.822409,0.272069,0.0372,0.5653,5,3,TRUE,TRUE,FALSE
"GENE1381","GENE1381_HUMAN","P55386","Protein GENE1381",-0.2849,1,0.717949,0,0.1439,6,3,TRUE,FALSE,FALSE
"GENE1294","GENE1294_HUMAN","P26147","Protein GENE1294",0.4559,1,0.55837,0.0535,0.2531,6,4,FALSE,FALSE,FALSE
"GENE2564","GENE2564_HUMAN","P33471","Protein GENE2564",-0.7838,0.152543,0.077532,1.0239,1.1105,2,3,FALSE,FALSE,FALSE
"GENE0375","GENE0375_HUMAN","P72128","Protein GENE0375",0.1723,1,0.767155,0,0.1151,3,4,FALSE,FALSE,FALSE
"GENE0552","GENE0552_HUMAN","P10992","Protein GENE0552",-0.4469,1,0.452361,0,0.3445,3,5,FALSE,FALSE,FALSE
"GENE1421","GENE1421_HUMAN","P51186","Protein GENE1421",-0.1243,1,0.372078,0,0.4294,4,2,FALSE,TRUE,FALSE
"GENE1509","GENE1509_HUMAN","P56126","Protein GENE1509",-0.594,1,0.877229,0,0.0569,2,3,FALSE,FALSE,FALSE
"GENE1807","GENE1807_HUMAN","P05853","Protein GENE1807",0.2661,1,0.640594,0,0.1934,2,2,TRUE,FALSE,FALSE
"GENE1193","GENE1193_HUMAN","P80473","Protein GENE1193",0.0817,0.962106,0.217224,0.1459,0.6631,4,3,TRUE,FALSE,FALSE
"GENE0688","GENE0688_HUMAN","P24361","Protein GENE0688",-0.028,1,0.294224,0.3178,0.5313,6,2,FALSE,FALSE,FALSE
"GENE2142","GENE2142_HUMAN","P63327","Protein GENE2142",-0.0858,0.559949,0.458228,0,0.3389,2,3,FALSE,FALSE,FALSE
"GENE0528","GENE0528_HUMAN","P77084","Protein GENE0528",-0.2925,1,0.785901,0,0.1046,3,6,FALSE,FALSE,FALSE
"GENE2566","GENE2566_HUMAN","P90755","Protein GENE2566",-0.5857,0.235516,0.208906,0.283,0.68,3,5,FALSE,FALSE,FALSE
"GENE0916","GENE0916_HUMAN","P15586","Protein GENE0916",-0.3881,1,0.230876,0.1968,0.6366,5,4,FALSE,FALSE,FALSE
"GENE1029","GENE1029_HUMAN","P73880","Protein GENE1029",-0.1591,0.398172,0.393837,0.3736,0.4047,5,2,FALSE,FALSE,FALSE
"GENE0669","GENE0669_HUMAN","P61575","Protein GENE0669",0.4638,0.437193,0.109478,0.2769,0.9607,3,6,TRUE,FALSE,FALSE
"GENE1625","GENE1625_HUMAN","P48781","Protein GENE1625",0.5991,1,0.508012,0,0.2941,4,4,TRUE,TRUE,FALSE
"GENE2552","GENE2552_HUMAN","P53836","Protein GENE2552",-0.1991,1,0.358317,0,0.4457,3,6,FALSE,FALSE,FALSE
"GENE0980","GENE0980_HUMAN","P53379","Protein GENE0980",-0.4008,0.361944,0.07369,0.6934,1.1326,4,4,FALSE,FALSE,FALSE
"GENE0410","GENE0410_HUMAN","P94449","Protein GENE0410",0.5735,0.578296,0.479258,0,0.3194,4,3,TRUE,FALSE,FALSE
"GENE1792","GENE1792_HUMAN","P41680","Protein GENE1792",-0.8326,1,0.431034,0,0.3655,6,5,FALSE,FALSE,FALSE
"GENE1323","GENE1323_HUMAN","P64939","Protein GENE1323",-2.133,0.002918,0.001656,2.2896,2.7809,6,5,FALSE,FALSE,TRUE
"GENE2275","GENE2275_HUMAN","P94556","Protein GENE2275",-0.3102,1,0.944353,0,0.0249,2,3,FALSE,FALSE,FALSE
"GENE2180","GENE2180_HUMAN","P67959","Protein GENE2180",0.2322,1,0.817352,0,0.0876,3,4,FALSE,FALSE,FALSE
"GENE0517","GENE0517_HUMAN","P01968","Protein GENE0517",-0.0711,0.580231,0.16413,0.4604,0.7848,5,3,FALSE,FALSE,FALSE
"GENE2238","GENE2238_HUMAN","P88103","Protein GENE2238",0.2922,1,0.618967,0,0.2083,4,4,FALSE,FALSE,FALSE
"GENE0835","GENE0835_HUMAN","P35465","Protein GENE0835",0.3752,1,0.734837,0,0.1338,2,4,FALSE,FALSE,FALSE
"GENE0541","GENE0541_HUMAN","P29121","Protein GENE0541",-0.6128,0.229595,0.135311,0.3209,0.8687,6,2,FALSE,FALSE,FALSE
"GENE2169","GENE2169_HUMAN","P37136","Protein GENE2169",-0.1567,0.518072,0.256473,0,0.591,2,2,FALSE,FALSE,FALSE
"GENE0089","GENE0089_HUMAN","P13875","Protein GENE0089",-0.318,1,0.810314,0,0.0913,3,3,FALSE,FALSE,FALSE
"GENE2222","GENE2222_HUMAN","P57684","Protein GENE2222",0.3446,1,0.601841,0,0.2205,4,4,FALSE,TRUE,FALSE
"GENE0921","GENE0921_HUMAN","P13371","Protein GENE0921",0.1738,0.547125,0.172071,0.2412,0.7643,2,3,FALSE,FALSE,FALSE
"GENE0116","GENE0116_HUMAN","P60079","Protein GENE0116",-0.0397,0.816503,0.701967,0,0.1537,2,6,TRUE,FALSE,FALSE
"GENE2181","GENE2181_HUMAN","P65380","Protein GENE2181",-0.5893,1,0.488374,0.1333,0.3112,2,3,FALSE,FALSE,FALSE
"GENE1710","GENE1710_HUMAN","P04423","Protein GENE1710",-0.1213,1,0.6685,0.0301,0.1749,4,6,FALSE,FALSE,FALSE
"GENE1944","GENE1944_HUMAN","P63975","Protein GENE1944",0.0797,0.796738,0.37986,0.1118,0.4204,2,3,TRUE,FALSE,FALSE
"MED1","MED1_HUMAN","P81041","Protein MED1",-0.5,1,0.691856,0,0.16,2,5,FALSE,FALSE,FALSE
"GENE2655","GENE2655_HUMAN","P77659","Protein GENE2655",-0.835,0.297354,0.13155,0.513,0.8809,5,5,FALSE,FALSE,FALSE
"GENE0285","GENE0285_HUMAN","P23487","Protein GENE0285",-0.1769,1,0.834564,0,0.0785,4,5,FALSE,FALSE,FALSE
"GENE1933","GENE1933_HUMAN","P62534","Protein GENE1933",0.0681,1,0.824512,0,0.0838,6,3,TRUE,FALSE,FALSE
"GENE0951","GENE0951_HUMAN","P99426","Protein GENE0951",-0.6561,1,0.567116,0.009,0.2463,2,4,FALSE,FALSE,FALSE
"GENE0050","GENE0050_HUMAN","P17288","Protein GENE0050",-0.5743,0.998615,0.66227,0.1658,0.179,3,4,FALSE,FALSE,FALSE
"GENE0245","GENE0245_HUMAN","P43806","Protein GENE0245",0.0293,0.807792,0.330151,0.2376,0.4813,6,5,FALSE,FALSE,FALSE
"GENE2832","GENE2832_HUMAN","P20225","Protein GENE2832",-3.0613,0.031042,0.007327,1.4991,2.1351,2,3,FALSE,FALSE,TRUE
"GENE2883","GENE2883_HUMAN","P33084","Protein GENE2883",-0.0352,1,0.920079,0,0.0362,5,4,FALSE,FALSE,FALSE
"GENE1024","GENE1024_HUMAN","P94380","Protein GENE1024",-0.2825,1,0.372202,0,0.4292,2,2,FALSE,FALSE,FALSE
"GENE2458","GENE2458_HUMAN","P93968","Protein GENE2458",0.3429,0.273429,0.148351,0.3334,0.8287,2,6,FALSE,FALSE,FALSE
"GENE1548","GENE1548_HUMAN","P35340","Protein GENE1548",0.0382,1,0.55825,0,0.2532,4,2,FALSE,TRUE,FALSE
"GENE2030","GENE2030_HUMAN","P74812","Protein GENE2030",0.0862,0.619179,0.297059,0.471,0.5272,6,2,FALSE,FALSE,FALSE
"GENE1250","GENE1250_HUMAN","P47686","Protein GENE1250",0.1443,0.859217,0.23256,0,0.6335,3,2,FALSE,FALSE,FALSE
"GENE0540","GENE0540_HUMAN","P98580","Protein GENE0540",0.176,0.845104,0.22652,0.2837,0.6449,3,4,FALSE,FALSE,FALSE
"GENE0143","GENE0143_HUMAN","P00376","Protein GENE0143",-0.1834,1,0.700586,0,0.1545,2,3,FALSE,FALSE,FALSE
"GENE2638","GENE2638_HUMAN","P62530","Protein GENE2638",0.2848,1,0.968881,0,0.0137,4,4,FALSE,FALSE,FALSE
"GENE2483","GENE2483_HUMAN","P93980","Protein GENE2483",-1.923,0.021894,0.015309,1.2344,1.8151,5,3,FALSE,FALSE,TRUE
"GENE1082","GENE1082_HUMAN","P80667","Protein GENE1082",-0.1633,1,0.70343,0,0.1528,6,5,TRUE,FALSE,FALSE
"GENE0806","GENE0806_HUMAN","P16639","Protein GENE0806",-0.3255,0.951331,0.241849,0.1698,0.6165,6,3,FALSE,FALSE,FALSE
"GENE1612","GENE1612_HUMAN","P42415","Protein GENE1612",-0.5634,1,0.762353,0,0.1178,4,5,FALSE,FALSE,FALSE
"GENE1810","GENE1810_HUMAN","P13717","Protein GENE1810",-0.7123,0.294339,0.06229,0.8859,1.2056,4,4,TRUE,FALSE,FALSE
"GENE0131","GENE0131_HUMAN","P67658","Protein GENE0131",0.1262,0.756594,0.193639,0.0816,0.713,5,2,FALSE,FALSE,FALSE
"GENE1566","GENE1566_HUMAN","P84770","Protein GENE1566",0.5835,1,0.401922,0,0.3959,6,5,FALSE,FALSE,FALSE
"GENE2811","GENE2811_HUMAN","P51637","Protein GENE2811",-0.025,0.348874,0.328391,0.164,0.4836,3,5,FALSE,FALSE,FALSE
"GENE0513","GENE0513_HUMAN","P76359","Protein GENE0513",-0.1666,0.713026,0.579486,0.1134,0.237,3,2,FALSE,TRUE,FALSE
"GENE2777","GENE2777_HUMAN","P58050","Protein GENE2777",-0.367,1,0.872879,0,0.059,4,5,FALSE,FALSE,FALSE
"GENE2018","GENE2018_HUMAN","P64426","Protein GENE2018",-0.1974,1,0.877791,0,0.0566,2,4,FALSE,FALSE,FALSE
"GENE1198","GENE1198_HUMAN","P84723","Protein GENE1198",0.2553,1,0.726659,0,0.1387,2,6,FALSE,FALSE,FALSE
"GENE0199","GENE0199_HUMAN","P73262","Protein GENE0199",0.1631,0.858069,0.474938,0,0.3234,2,2,FALSE,FALSE,FALSE
"GENE1268","GENE1268_HUMAN","P36525","Protein GENE1268",0.3803,1,0.868717,0,0.0611,4,6,FALSE,FALSE,FALSE
"GENE0092","GENE0092_HUMAN","P61802","Protein GENE0092",-0.1225,0.300541,0.062867,0.8008,1.2016,3,6,FALSE,FALSE,FALSE
"GENE0032","GENE0032_HUMAN","P83040","Protein GENE0032",0.0468,1,0.976089,0,0.0105,4,2,FALSE,FALSE,FALSE
"GENE1292","GENE1292_HUMAN","P05151","Protein GENE1292",2.0978,0.178407,0.044337,1.1283,1.3532,6,2,FALSE,FALSE,TRUE
"GENE1018","GENE1018_HUMAN","P88896","Protein GENE1018",0.3985,0.874667,0.577353,0,0.2386,4,6,FALSE,FALSE,FALSE
"GENE2710","GENE2710_HUMAN","P78908","Protein GENE2710",0.2439,0.717899,0.367197,0,0.4351,6,6,FALSE,FALSE,FALSE
"GENE1703","GENE1703_HUMAN","P57083","Protein GENE1703",0.8163,0.473748,0.124234,0.5235,0.9058,2,6,FALSE,FALSE,FALSE
"GENE1449","GENE1449_HUMAN","P66423","Protein GENE1449",-0.4736,1,0.951339,0,0.0217,2,4,FALSE,FALSE,FALSE
"GENE0458","GENE0458_HUMAN","P38347","Protein GENE0458",-0.0058,1,0.802187,0,0.0957,3,6,FALSE,FALSE,FALSE
"GENE0988","GENE0988_HUMAN","P48818","Protein GENE0988",-0.14,1,0.694201,0,0.1585,6,2,FALSE,TRUE,FALSE
"GENE1951","GENE1951_HUMAN","P61454","Protein GENE1951",0.1549,1,0.821103,0,0.0856,2,6,FALSE,FALSE,FALSE
"GENE0756","GENE0756_HUMAN","P17942","Protein GENE0756",-0.4482,0.554471,0.434228,0,0.3623,2,2,FALSE,FALSE,FALSE
"GENE0451","GENE0451_HUMAN","P23011","Protein GENE0451",-0.2093,0.707095,0.295241,0,0.5298,5,6,FALSE,FALSE,FALSE
"GENE1712","GENE1712_HUMAN","P77429","Protein GENE1712",0.0616,0.163736,0.151014,0.5193,0.821,2,5,FALSE,FALSE,FALSE
"GENE2472","GENE2472_HUMAN","P84876","Protein GENE2472",-0.3433,1,0.405711,0,0.3918,3,4,FALSE,FALSE,FALSE
"GENE2579","GENE2579_HUMAN","P70677","Protein GENE2579",-0.3253,1,0.909657,0,0.0411,5,4,FALSE,FALSE,FALSE
"GENE0924","GENE0924_HUMAN","P44298","Protein GENE0924",0.0608,0.267329,0.115373,0.5098,0.9379,4,4,FALSE,FALSE,FALSE
"GENE2047","GENE2047_HUMAN","P67793","Protein GENE2047",0.1517,0.357208,0.093386,0.4853,1.0297,4,6,FALSE,FALSE,FALSE
"GENE0795","GENE0795_HUMAN","P01669","Protein GENE0795",-0.1341,1,0.930389,0,0.0313,6,6,FALSE,FALSE,FALSE
"GENE0049","GENE0049_HUMAN","P24835","Protein GENE0049",0.1871,1,0.597472,0,0.2237,5,5,FALSE,FALSE,FALSE
"GENE2158","GENE2158_HUMAN","P43130","Protein GENE2158",0.1177,1,0.620907,0,0.207,4,3,FALSE,TRUE,FALSE
"GENE2414","GENE2414_HUMAN","P09316","Protein GENE2414",0.1516,1,0.657085,0,0.1824,2,2,FALSE,FALSE,FALSE
"GENE0791","GENE0791_HUMAN","P51438","Protein GENE0791",0.8966,1,0.363197,0.0409,0.4399,5,2,FALSE,FALSE,FALSE
"GENE0776","GENE0776_HUMAN","P36545","Protein GENE0776",-0.4281,1,0.500668,0,0.3004,6,6,FALSE,FALSE,FALSE
"GENE2175","GENE2175_HUMAN","P42316","Protein GENE2175",0.3198,0.309827,0.077064,0.7795,1.1131,6,6,FALSE,FALSE,FALSE
"GENE1734","GENE1734_HUMAN","P25772","Protein GENE1734",0.3208,1,0.820947,0,0.0857,4,5,FALSE,FALSE,FALSE
"GPATCH1","GPATCH1_HUMAN","P98045","Protein GPATCH1",0.4186,1,0.731574,0,0.1357,6,6,FALSE,FALSE,FALSE
"GENE2291","GENE2291_HUMAN","P14812","Protein GENE2291",-0.2286,0.445893,0.105203,0.5925,0.978,3,6,FALSE,TRUE,FALSE
"GENE0893","GENE0893_HUMAN","P01466","Protein GENE0893",-0.5534,1,0.611065,0,0.2139,5,6,FALSE,FALSE,FALSE
"GENE2860","GENE2860_HUMAN","P79336","Protein GENE2860",-0.3913,1,0.908623,0,0.0416,3,5,FALSE,TRUE,FALSE
"GENE0466","GENE0466_HUMAN","P67826","Protein GENE0466",0.1434,1,0.854241,0,0.0684,3,4,TRUE,FALSE,FALSE
"GENE1640","GENE1640_HUMAN","P69828","Protein GENE1640",0.5006,1,0.789931,0,0.1024,6,4,FALSE,FALSE,FALSE
"GENE1489","GENE1489_HUMAN","P46197","Protein GENE1489",-0.0081,1,0.501211,0,0.3,3,3,FALSE,FALSE,FALSE
"GENE1340","GENE1340_HUMAN","P47767","Protein GENE1340",-0.4858,1,0.681117,0,0.1668,3,5,FALSE,FALSE,FALSE
"GENE0100","GENE0100_HUMAN","P09002","Protein GENE0100",0.4723,0.43786,0.129635,0.3643,0.8873,2,2,FALSE,FALSE,FALSE
"GENE0147","GENE0147_HUMAN","P29556","Protein GENE0147",-0.4309,1,0.539717,0,0.2678,4,4,FALSE,FALSE,FALSE
"GENE0149","GENE0149_HUMAN","P99070","Protein GENE0149",0.3881,0.537985,0.298727,0,0.5247,5,6,TRUE,FALSE,FALSE
"GENE0932","GENE0932_HUMAN","P72073","Protein GENE0932",0.8012,0.853916,0.218697,0.2908,0.6602,2,2,FALSE,FALSE,FALSE
"GENE0907","GENE0907_HUMAN","P52696","Protein GENE0907",-0.3502,1,0.355364,0,0.4493,6,6,FALSE,TRUE,FALSE
"GENE1288","GENE1288_HUMAN","P65305","Protein GENE1288",-0.1981,1,0.96748,0,0.0144,4,4,FALSE,FALSE,FALSE
"GENE1511","GENE1511_HUMAN","P29565","Protein GENE1511",-0.5877,1,0.489127,0.2848,0.3106,5,5,FALSE,FALSE,FALSE
"GENE2286","GENE2286_HUMAN","P05418","Protein GENE2286",-0.492,0.961225,0.436062,0,0.3605,2,4,FALSE,FALSE,FALSE
"GENE2060","GENE2060_HUMAN","P26611","Protein GENE2060",0.3249,1,0.681844,0,0.1663,4,2,FALSE,FALSE,FALSE
"GENE0701","GENE0701_HUMAN","P88567","Protein GENE0701",-0.3416,1,0.88664,0,0.0523,5,6,FALSE,FALSE,FALSE
"GENE2300","GENE2300_HUMAN","P93578","Protein GENE2300",-0.2958,1,0.709824,0,0.1488,3,3,FALSE,FALSE,FALSE
"GENE2415","GENE2415_HUMAN","P75919","Protein GENE2415",-0.405,0.665236,0.179811,0.7105,0.7452,3,4,FALSE,FALSE,FALSE
"GENE2188","GENE2188_HUMAN","P45423","Protein GENE2188",-0.1428,1,0.55311,0,0.2572,5,2,FALSE,FALSE,FALSE
"GENE0767","GENE0767_HUMAN","P80099","Protein GENE0767",-0.3355,0.665541,0.137369,0.1708,0.8621,6,6,FALSE,FALSE,FALSE
"GENE2836","GENE2836_HUMAN","P45297","Protein GENE2836",0.2019,1,0.3572,0.0149,0.4471,6,4,FALSE,FALSE,FALSE
"GENE2790","GENE2790_HUMAN","P95843","Protein GENE2790",-0.2796,0.301363,0.094121,0.7295,1.0263,4,5,FALSE,FALSE,FALSE
"GENE0562","GENE0562_HUMAN","P35813","Protein GENE0562",-0.5896,1,0.969259,0,0.0136,6,5,FALSE,FALSE,FALSE
"GENE0793","GENE0793_HUMAN","P74427","Protein GENE0793",-0.0549,1,0.337317,0.0394,0.472,6,6,TRUE,FALSE,FALSE
"GENE1579","GENE1579_HUMAN","P88000","Protein GENE1579",-0.141,1,0.753329,0,0.123,3,5,FALSE,FALSE,FALSE
"GENE0832","GENE0832_HUMAN","P82637","Protein GENE0832",0.0535,1,0.317328,0.097,0.4985,6,5,TRUE,FALSE,FALSE
"GENE2227","GENE2227_HUMAN","P06483","Protein GENE2227",-0.1108,1,0.441157,0,0.3554,4,6,FALSE,FALSE,FALSE
"GENE1038","GENE1038_HUMAN","P71530","Protein GENE1038",-0.4376,0.575391,0.349982,0,0.456,2,5,FALSE,FALSE,FALSE
"GENE0827","GENE0827_HUMAN","P55634","Protein GENE0827",0.3339,0.58451,0.246757,0,0.6077,4,3,FALSE,FALSE,FALSE
"GENE1609","GENE1609_HUMAN","P07526","Protein GENE1609",-0.4194,1,0.41689,0,0.38,4,2,FALSE,FALSE,FALSE
"GENE2514","GENE2514_HUMAN","P71089","Protein GENE2514",-0.0625,1,0.340785,0,0.4675,6,2,TRUE,FALSE,FALSE
"GENE2541","GENE2541_HUMAN","P10170","Protein GENE2541",-0.2048,1,0.855788,0,0.0676,3,3,FALSE,FALSE,FALSE
"GENE0655","GENE0655_HUMAN","P95505","Protein GENE0655",-0.1232,0.971932,0.469882,0,0.328,4,6,FALSE,FALSE,FALSE
"GENE1789","GENE1789_HUMAN","P89256","Protein GENE1789",-0.129,1,0.82631,0,0.0829,4,5,TRUE,FALSE,FALSE
"GENE1585","GENE1585_HUMAN","P43866","Protein GENE1585",0.469,0.510258,0.50535,0,0.2964,6,5,FALSE,TRUE,FALSE
"GENE0040","GENE0040_HUMAN","P84793","Protein GENE0040",-0.7579,1,0.723064,0,0.1408,6,2,FALSE,TRUE,FALSE
"GENE1256","GENE1256_HUMAN","P06063","Protein GENE1256",0.0489,1,0.997355,0,0.0012,6,3,FALSE,FALSE,FALSE
"ASCC3","ASCC3_HUMAN","P36365","Protein ASCC3",4.6868,0.005176,0.002938,1.9211,2.5319,5,6,FALSE,FALSE,TRUE
"GENE0473","GENE0473_HUMAN","P09010","Protein GENE0473",2.8945,0.148812,0.036193,0.7996,1.4414,6,2,FALSE,FALSE,TRUE
"GENE2086","GENE2086_HUMAN","P41316","Protein GENE2086",0.2286,1,0.959982,0,0.0177,2,3,FALSE,TRUE,FALSE
"GENE0547","GENE0547_HUMAN","P75723","Protein GENE0547",0.1457,1,0.358918,0.0589,0.445,2,4,FALSE,FALSE,FALSE
"GENE0507","GENE0507_HUMAN","P96109","Protein GENE0507",-0.2661,1,0.614126,0,0.2117,4,4,FALSE,FALSE,FALSE
"GENE1878","GENE1878_HUMAN","P09688","Protein GENE1878",-0.3763,1,0.702147,0,0.1536,2,6,FALSE,FALSE,FALSE
"GENE1221","GENE1221_HUMAN","P57884","Protein GENE1221",0.8165,1,0.840696,0,0.0754,2,2,FALSE,FALSE,FALSE
"GENE2896","GENE2896_HUMAN","P73820","Protein GENE2896",-0.1489,0.311237,0.132986,0.4684,0.8762,4,5,FALSE,FALSE,FALSE
"GENE2437","GENE2437_HUMAN","P80079","Protein GENE2437",0.5625,1,0.532114,0.039,0.274,2,6,FALSE,FALSE,FALSE
"GENE2136","GENE2136_HUMAN","P68986","Protein GENE2136",-0.8896,0.687341,0.40885,0,0.3884,4,2,FALSE,FALSE,FALSE
"GENE1835","GENE1835_HUMAN","P63892","Protein GENE1835",0.0398,1,0.921454,0,0.0355,5,5,FALSE,FALSE,FALSE
"GENE1187","GENE1187_HUMAN","P05059","Protein GENE1187",0.2025,1,0.636574,0,0.1962,4,2,FALSE,FALSE,FALSE
"GENE0324","GENE0324_HUMAN","P05301","Protein GENE0324",0.1517,1,0.519418,0,0.2845,3,5,FALSE,FALSE,FALSE
"GENE2113","GENE2113_HUMAN","P91628","Protein GENE2113",0.7168,1,0.699612,0,0.1551,6,5,FALSE,TRUE,FALSE
"GENE1643","GENE1643_HUMAN","P45399","Protein GENE1643",1.2985,1,0.493332,0.0755,0.3069,4,6,FALSE,FALSE,FALSE
"GENE0503","GENE0503_HUMAN","P78287","Protein GENE0503",0.3685,0.314996,0.103184,0.4595,0.9864,3,4,TRUE,FALSE,FALSE
"GENE2322","GENE2322_HUMAN","P63454","Protein GENE2322",-0.0046,1,0.992174,0,0.0034,5,6,FALSE,FALSE,FALSE
"GENE1801","GENE1801_HUMAN","P56336","Protein GENE1801",0.1325,0.320213,0.089216,0.4784,1.0496,5,3,FALSE,FALSE,FALSE
"GENE0598","GENE0598_HUMAN","P08927","Protein GENE0598",0.162,0.555334,0.134568,0.2218,0.8711,5,6,TRUE,FALSE,FALSE
"GENE1854","GENE1854_HUMAN","P03885","Protein GENE1854",-0.0825,1,0.39695,0.0543,0.4013,3,2,FALSE,FALSE,FALSE
"GENE2665","GENE2665_HUMAN","P79597","Protein GENE2665",-0.5913,1,0.94019,0,0.0268,5,5,FALSE,FALSE,FALSE
"GENE1507","GENE1507_HUMAN","P04794","Protein GENE1507",0.3545,1,0.52699,0.0808,0.2782,5,2,TRUE,FALSE,FALSE
"GENE2245","GENE2245_HUMAN","P45386","Protein GENE2245",-0.0532,1,0.328231,0.2813,0.4838,2,3,FALSE,FALSE,FALSE
"GENE2772","GENE2772_HUMAN","P13675","Protein GENE2772",-0.1682,0.292062,0.159122,0.3978,0.7983,3,4,FALSE,FALSE,FALSE
"GENE0741","GENE0741_HUMAN","P23540","Protein GENE0741",-0.2667,1,0.573919,0,0.2411,6,2,FALSE,FALSE,FALSE
"GENE2342","GENE2342_HUMAN","P71985","Protein GENE2342",0.3826,0.402051,0.185728,0.0527,0.7311,5,3,FALSE,FALSE,FALSE
"GENE1936","GENE1936_HUMAN","P42970","Protein GENE1936",0.2757,1,0.600851,0.1341,0.2212,4,2,FALSE,FALSE,FALSE
"GENE1465","GENE1465_HUMAN","P60380","Protein GENE1465",-3.8312,0.040181,0.03129,1.0819,1.5046,4,2,FALSE,FALSE,TRUE
"GENE1822","GENE1822_HUMAN","P90818","Protein GENE1822",-0.3557,0.508822,0.490808,0,0.3091,4,4,FALSE,FALSE,FALSE
"GENE1259","GENE1259_HUMAN","P10694","Protein GENE1259",0.0292,1,0.915749,0,0.0382,4,2,TRUE,FALSE,FALSE
"GENE0237","GENE0237_HUMAN","P46246","Protein GENE0237",-0.1564,1,0.970544,0,0.013,5,3,FALSE,FALSE,FALSE
"GENE1094","GENE1094_HUMAN","P92585","Protein GENE1094",0.6795,1,0.3003,0.0719,0.5224,5,2,TRUE,FALSE,FALSE
"GENE0868","GENE0868_HUMAN","P94691","Protein GENE0868",0.6255,1,0.294455,0.1134,0.531,6,4,FALSE,FALSE,FALSE
"GENE1215","GENE1215_HUMAN","P07782","Protein GENE1215",-0.305,0.836665,0.474446,0,0.3238,2,6,FALSE,FALSE,FALSE
"GENE1386","GENE1386_HUMAN","P39287","Protein GENE1386",-0.2946,1,0.65591,0,0.1832,3,4,FALSE,FALSE,FALSE
"GENE1920","GENE1920_HUMAN","P54682","Protein GENE1920",0.1658,0.531537,0.146557,0.2967,0.834,6,3,FALSE,FALSE,FALSE
"GENE1084","GENE1084_HUMAN","P16644","Protein GENE1084",0.9941,1,0.904675,0,0.0435,4,6,TRUE,FALSE,FALSE
"GENE1550","GENE1550_HUMAN","P52490","Protein GENE1550",-0.4975,1,0.82378,0,0.0842,3,5,FALSE,FALSE,FALSE
"GENE1897","GENE1897_HUMAN","P74774","Protein GENE1897",-0.2807,0.072498,0.067511,0.6901,1.1706,2,5,FALSE,TRUE,FALSE
"GENE2052","GENE2052_HUMAN","P34277","Protein GENE2052",-0.1888,1,0.931659,0,0.0307,6,3,FALSE,FALSE,FALSE
"GENE2302","GENE2302_HUMAN","P27910","Protein GENE2302",-0.1078,1,0.474613,0,0.3237,4,3,FALSE,FALSE,FALSE
"GENE1587","GENE1587_HUMAN","P87884","Protein GENE1587",-0.4931,1,0.964188,0,0.0158,5,4,FALSE,FALSE,FALSE
"GENE0160","GENE0160_HUMAN","P77837","Protein GENE0160",-0.0499,1,0.804558,0,0.0944,6,2,FALSE,FALSE,FALSE
"GENE0915","GENE0915_HUMAN","P05570","Protein GENE0915",-1.0108,0.661709,0.181768,0.3727,0.7405,4,2,FALSE,FALSE,FALSE
"GENE2795","GENE2795_HUMAN","P90785","Protein GENE2795",-0.0965,1,0.60471,0,0.2185,3,4,FALSE,FALSE,FALSE
"GENE1440","GENE1440_HUMAN","P76390","Protein GENE1440",-0.2379,0.726274,0.4318,0,0.3647,6,3,FALSE,FALSE,FALSE
"GENE1911","GENE1911_HUMAN","P73323","Protein GENE1911",-0.5199,0.896474,0.231587,0.6297,0.6353,2,5,FALSE,FALSE,FALSE
"GENE0454","GENE0454_HUMAN","P85743","Protein GENE0454",-0.7451,1,0.585337,0.0418,0.2326,4,3,FALSE,FALSE,FALSE
"GENE0744","GENE0744_HUMAN","P43218","Protein GENE0744",-0.2314,1,0.954998,0,0.02,4,6,FALSE,FALSE,FALSE
"GENE0759","GENE0759_HUMAN","P71465","Protein GENE0759",0.0514,1,0.764595,0,0.1166,6,2,FALSE,FALSE,FALSE
"GENE0763","GENE0763_HUMAN","P01971","Protein GENE0763",-0.6148,0.958704,0.510731,0,0.2918,2,6,FALSE,FALSE,FALSE
"GENE0141","GENE0141_HUMAN","P64726","Protein GENE0141",0.1573,0.110283,0.060792,0.6992,1.2162,5,4,FALSE,FALSE,FALSE
"GENE0674","GENE0674_HUMAN","P83960","Protein GENE0674",0.1436,1,0.442853,0,0.3537,5,5,TRUE,FALSE,FALSE
"GENE1795","GENE1795_HUMAN","P75078","Protein GENE1795",-0.3448,0.565152,0.123336,0.2245,0.9089,5,3,FALSE,TRUE,FALSE
"GENE0025","GENE0025_HUMAN","P48960","Protein GENE0025",0.0629,1,0.594438,0,0.2259,4,2,FALSE,FALSE,FALSE
"GENE2831","GENE2831_HUMAN","P44774","Protein GENE2831",-0.0086,1,0.73863,0,0.1316,6,6,FALSE,FALSE,FALSE
"GENE0053","GENE0053_HUMAN","P80426","Protein GENE0053",-0.543,1,0.710869,0,0.1482,6,4,FALSE,FALSE,FALSE
"GENE1079","GENE1079_HUMAN","P02120","Protein GENE1079",0.0445,1,0.725392,0,0.1394,4,6,FALSE,FALSE,FALSE
"GENE1968","GENE1968_HUMAN","P64141","Protein GENE1968",0.9201,1,0.941577,0,0.0261,4,6,FALSE,FALSE,FALSE
"GENE1396","GENE1396_HUMAN","P28969","Protein GENE1396",-0.0139,0.743784,0.197477,0.1175,0.7045,4,5,FALSE,FALSE,FALSE
"GENE2453","GENE2453_HUMAN","P64355","Protein GENE2453",-0.8307,0.585193,0.181595,0.3159,0.7409,3,6,FALSE,FALSE,FALSE
"GENE0530","GENE0530_HUMAN","P87097","Protein GENE0530",-0.9023,0.954438,0.412571,0,0.3845,4,2,FALSE,FALSE,FALSE
"GENE1973","GENE1973_HUMAN","P35491","Protein GENE1973",0.15,1,0.245303,0.4313,0.6103,4,4,FALSE,FALSE,FALSE
"GENE2454","GENE2454_HUMAN","P96148","Protein GENE2454",0.0945,1,0.400032,0,0.3979,3,3,FALSE,FALSE,FALSE
"GENE2195","GENE2195_HUMAN","P47630","Protein GENE2195",-0.7725,0.966796,0.511679,0.0571,0.291,3,2,FALSE,FALSE,FALSE
"GENE0737","GENE0737_HUMAN","P88538","Protein GENE0737",-0.4147,1,0.614848,0,0.2112,3,6,FALSE,FALSE,FALSE
"GENE0628","GENE0628_HUMAN","P24477","Protein GENE0628",0.3484,0.785546,0.44946,0,0.3473,5,2,FALSE,FALSE,FALSE
"GENE1279","GENE1279_HUMAN","P32138","Protein GENE1279",0.1111,1,0.700885,0,0.1544,6,6,FALSE,FALSE,FALSE
"GENE2404","GENE2404_HUMAN","P97067","Protein GENE2404",-0.2383,1,0.547284,0,0.2618,4,4,TRUE,FALSE,FALSE
"GENE1230","GENE1230_HUMAN","P48144","Protein GENE1230",-0.3267,1,0.793931,0,0.1002,2,5,FALSE,FALSE,FALSE
"GENE2818","GENE2818_HUMAN","P13606","Protein GENE2818",-0.7953,1,0.773778,0.104,0.1114,6,6,FALSE,TRUE,FALSE
"GENE1525","GENE1525_HUMAN","P92888","Protein GENE1525",0.1731,1,0.514799,0.1441,0.2884,3,2,FALSE,TRUE,FALSE
"GENE2237","GENE2237_HUMAN","P08484","Protein GENE2237",-0.7362,0.254443,0.124197,0.4007,0.9059,3,6,FALSE,TRUE,FALSE
"GENE1049","GENE1049_HUMAN","P82363","Protein GENE1049",0.8595,0.499614,0.263307,0.0798,0.5795,6,4,FALSE,FALSE,FALSE
"GENE2718","GENE2718_HUMAN","P42481","Protein GENE2718",0.2667,0.616175,0.288598,0.0883,0.5397,4,2,FALSE,FALSE,FALSE
"GENE0270","GENE0270_HUMAN","P70389","Protein GENE0270",0.2526,0.73303,0.197334,0.1211,0.7048,6,6,FALSE,FALSE,FALSE
"GENE2287","GENE2287_HUMAN","P46798","Protein GENE2287",0.3832,0.480123,0.326379,0,0.4863,2,3,FALSE,FALSE,FALSE
"GENE0497","GENE0497_HUMAN","P58855","Protein GENE0497",0.2056,1,0.743274,0,0.1289,2,4,FALSE,FALSE,FALSE
"GENE0690","GENE0690_HUMAN","P52061","Protein GENE0690",-0.0016,1,0.337727,0,0.4714,4,4,FALSE,FALSE,FALSE
"GENE0839","GENE0839_HUMAN","P21213","Protein GENE0839",0.4708,1,0.547462,0,0.2616,3,2,FALSE,FALSE,FALSE
"GENE1236","GENE1236_HUMAN","P45848","Protein GENE1236",-0.3613,1,0.907521,0,0.0421,4,2,FALSE,FALSE,FALSE
"GENE0704","GENE0704_HUMAN","P43213","Protein GENE0704",0.0985,0.913697,0.266766,0,0.5739,6,4,FALSE,FALSE,FALSE
"GENE1600","GENE1600_HUMAN","P25888","Protein GENE1600",0.2003,0.381136,0.366864,0,0.4355,2,6,FALSE,FALSE,FALSE
"GENE0657","GENE0657_HUMAN","P44095","Protein GENE0657",0.1761,1,0.980193,0,0.0087,3,4,FALSE,FALSE,FALSE
"GENE2346","GENE2346_HUMAN","P72225","Protein GENE2346",0.5403,1,0.370368,0.0055,0.4314,6,2,TRUE,FALSE,FALSE
"GENE0062","GENE0062_HUMAN","P39983","Protein GENE0062",-0.1589,1,0.429987,0,0.3665,5,6,FALSE,FALSE,FALSE
"GENE0274","GENE0274_HUMAN","P31569","Protein GENE0274",-0.6163,1,0.752921,0.0192,0.1233,5,5,FALSE,FALSE,FALSE
"GENE2436","GENE2436_HUMAN","P29010","Protein GENE2436",-0.4904,1,0.454376,0.2746,0.3426,6,5,FALSE,TRUE,FALSE
"GENE1277","GENE1277_HUMAN","P97220","Protein GENE1277",-5e-04,1,0.651731,0,0.1859,5,5,FALSE,FALSE,FALSE
"GENE2392","GENE2392_HUMAN","P55274","Protein GENE2392",0.253,0.297861,0.060475,0.719,1.2184,2,5,FALSE,FALSE,FALSE
"GENE0630","GENE0630_HUMAN","P42414","Protein GENE0630",-0.4956,1,0.661009,0.0866,0.1798,2,4,FALSE,FALSE,FALSE
"GENE2767","GENE2767_HUMAN","P07207","Protein GENE2767",-0.6509,1,0.931392,0,0.0309,2,2,TRUE,FALSE,FALSE
"GENE0196","GENE0196_HUMAN","P76587","Protein GENE0196",-0.3092,0.655632,0.292085,0,0.5345,2,4,FALSE,FALSE,FALSE
"GENE2756","GENE2756_HUMAN","P13492","Protein GENE2756",-0.0412,0.555456,0.408361,0.1884,0.389,2,2,FALSE,FALSE,FALSE
"GENE1767","GENE1767_HUMAN","P56406","Protein GENE1767",-0.0644,1,0.52554,0,0.2794,6,2,FALSE,FALSE,FALSE
"GENE1846","GENE1846_HUMAN","P19840","Protein GENE1846",-0.4741,0.403944,0.168018,0.4342,0.7746,3,3,FALSE,FALSE,FALSE
"GENE0108","GENE0108_HUMAN","P39677","Protein GENE0108",-0.0867,0.346339,0.08001,0.622,1.0969,5,2,FALSE,TRUE,FALSE
"GENE1108","GENE1108_HUMAN","P96133","Protein GENE1108",0.3209,1,0.764594,0,0.1166,3,3,FALSE,FALSE,FALSE
"LARP5","LARP5_HUMAN","P96343","Protein LARP5",0.4064,1,0.399087,0,0.3989,6,6,FALSE,FALSE,FALSE
"GENE1208","GENE1208_HUMAN","P39572","Protein GENE1208",-0.1294,1,0.86821,0,0.0614,2,6,FALSE,FALSE,FALSE
"GENE0780","GENE0780_HUMAN","P15925","Protein GENE0780",0.5974,1,0.693308,0,0.1591,2,4,FALSE,FALSE,FALSE
"GENE1145","GENE1145_HUMAN","P39448","Protein GENE1145",-0.6285,1,0.821719,0,0.0853,4,6,FALSE,FALSE,FALSE
"GENE2518","GENE2518_HUMAN","P61524","Protein GENE2518",-0.7079,1,0.794753,0,0.0998,2,3,FALSE,FALSE,FALSE
"GENE0386","GENE0386_HUMAN","P65421","Protein GENE0386",0.0327,1,0.562873,0.1982,0.2496,6,5,FALSE,FALSE,FALSE
"GENE0638","GENE0638_HUMAN","P61863","Protein GENE0638",0.557,1,0.89578,0,0.0478,2,5,FALSE,FALSE,FALSE
"GENE0316","GENE0316_HUMAN","P44251","Protein GENE0316",0.689,1,0.656284,0.1167,0.1829,6,2,FALSE,FALSE,FALSE
"GENE2191","GENE2191_HUMAN","P56631","Protein GENE2191",0.1787,1,0.404863,0,0.3927,5,2,FALSE,FALSE,FALSE
"GENE0665","GENE0665_HUMAN","P24647","Protein GENE0665",0.1009,1,0.667863,0,0.1753,4,5,FALSE,FALSE,FALSE
"GENE1116","GENE1116_HUMAN","P90613","Protein GENE1116",-0.2132,1,0.577387,0,0.2385,4,5,FALSE,FALSE,FALSE
"GENE1770","GENE1770_HUMAN","P50015","Protein GENE1770",-0.4068,1,0.917301,0,0.0375,3,3,FALSE,FALSE,FALSE
"GENE1040","GENE1040_HUMAN","P86184","Protein GENE1040",0.0403,1,0.501262,0.2844,0.2999,3,4,FALSE,FALSE,FALSE
"GENE0301","GENE0301_HUMAN","P81517","Protein GENE0301",0.0952,1,0.797482,0,0.0983,2,4,FALSE,FALSE,FALSE
"GENE1613","GENE1613_HUMAN","P98014","Protein GENE1613",0.6582,1,0.846449,0,0.0724,5,4,FALSE,FALSE,FALSE
"GENE0216","GENE0216_HUMAN","P43606","Protein GENE0216",0.4939,0.383219,0.085728,0.5921,1.0669,2,4,FALSE,FALSE,FALSE
"GENE1753","GENE1753_HUMAN","P95048","Protein GENE1753",-0.063,1,0.776773,0,0.1097,4,3,FALSE,FALSE,FALSE
"GENE2783","GENE2783_HUMAN","P69575","Protein GENE2783",0.0024,0.394465,0.162199,0.113,0.79,4,3,FALSE,FALSE,FALSE
"GENE2333","GENE2333_HUMAN","P98886","Protein GENE2333",-0.3342,1,0.642167,0,0.1924,2,2,FALSE,FALSE,FALSE
"GENE0090","GENE0090_HUMAN","P13957","Protein GENE0090",-0.5383,1,0.681462,0,0.1666,4,2,FALSE,FALSE,FALSE
"GENE0191","GENE0191_HUMAN","P41521","Protein GENE0191",-0.5102,1,0.918454,0,0.0369,6,3,FALSE,FALSE,FALSE
"MED15","MED15_HUMAN","P20077","Protein MED15",2.5159,0.018559,0.004624,1.9121,2.335,2,5,FALSE,FALSE,TRUE
"GENE1129","GENE1129_HUMAN","P54365","Protein GENE1129",0.2325,1,0.903043,0,0.0443,2,5,FALSE,FALSE,FALSE
"GENE1783","GENE1783_HUMAN","P85228","Protein GENE1783",-0.6388,0.344839,0.272313,0.2221,0.5649,2,5,FALSE,FALSE,FALSE
"GENE1125","GENE1125_HUMAN","P52087","Protein GENE1125",-0.1585,0.963835,0.291834,0,0.5349,2,2,FALSE,TRUE,FALSE
"GENE1856","GENE1856_HUMAN","P62573","Protein GENE1856",0.3067,0.29949,0.065164,0.9934,1.186,6,6,FALSE,FALSE,FALSE
"GENE2268","GENE2268_HUMAN","P39228","Protein GENE2268",0.5826,1,0.260269,0.5451,0.5846,2,6,FALSE,FALSE,FALSE
"GENE1269","GENE1269_HUMAN","P55115","Protein GENE1269",0.1121,0.525939,0.172023,0.1005,0.7644,3,2,FALSE,FALSE,FALSE
"GENE2185","GENE2185_HUMAN","P01241","Protein GENE2185",-0.8547,1,0.481814,0,0.3171,2,5,FALSE,FALSE,FALSE
"GENE1962","GENE1962_HUMAN","P90458","Protein GENE1962",-0.1634,0.3988,0.246693,0,0.6078,4,2,FALSE,FALSE,FALSE
"GENE0859","GENE0859_HUMAN","P59525","Protein GENE0859",0.3864,1,0.987785,0,0.0053,4,5,FALSE,FALSE,FALSE
"GENE1731","GENE1731_HUMAN","P69217","Protein GENE1731",-0.4438,1,0.387095,0,0.4122,4,6,FALSE,FALSE,FALSE
"GENE0377","GENE0377_HUMAN","P64950","Protein GENE0377",-0.464,0.740966,0.272875,0,0.564,4,3,TRUE,FALSE,FALSE
"GENE2491","GENE2491_HUMAN","P40267","Protein GENE2491",-0.842,1,0.728262,0,0.1377,5,5,FALSE,FALSE,FALSE
"GENE1223","GENE1223_HUMAN","P80897","Protein GENE1223",-0.3212,1,0.460131,0,0.3371,2,6,FALSE,FALSE,FALSE
"GENE1448","GENE1448_HUMAN","P79717","Protein GENE1448",0.6533,1,0.496791,0,0.3038,2,6,FALSE,FALSE,FALSE
"GENE0797","GENE0797_HUMAN","P23089","Protein GENE0797",-0.5216,0.96031,0.412469,0.0408,0.3846,5,5,FALSE,FALSE,FALSE
"GENE0118","GENE0118_HUMAN","P43783","Protein GENE0118",0.1859,1,0.737342,0,0.1323,3,5,FALSE,TRUE,FALSE
"GENE1725","GENE1725_HUMAN","P24158","Protein GENE1725",-0.2003,0.360388,0.080046,0.6532,1.0967,2,2,FALSE,FALSE,FALSE
"GENE1275","GENE1275_HUMAN","P66099","Protein GENE1275",0.1365,0.99227,0.535733,0,0.2711,6,5,FALSE,FALSE,FALSE
"GENE0321","GENE0321_HUMAN","P32345","Protein GENE0321",0.186,1,0.654894,0,0.1838,5,4,FALSE,TRUE,FALSE
"GENE1903","GENE1903_HUMAN","P04800","Protein GENE1903",0.0224,1,0.535137,0,0.2715,3,4,FALSE,TRUE,FALSE
"GENE0455","GENE0455_HUMAN","P13885","Protein GENE0455",0.3408,1,0.413277,0.054,0.3838,2,2,FALSE,TRUE,FALSE
"GENE1922","GENE1922_HUMAN","P05189","Protein GENE1922",-1.011,1,0.436862,0,0.3597,3,2,FALSE,FALSE,FALSE
"GENE0582","GENE0582_HUMAN","P71739","Protein GENE0582",0.5375,0.88629,0.628798,0,0.2015,6,5,FALSE,FALSE,FALSE
"GENE0549","GENE0549_HUMAN","P84387","Protein GENE0549",0.2493,1,0.798721,0,0.0976,2,5,FALSE,TRUE,FALSE
"GENE0313","GENE0313_HUMAN","P76945","Protein GENE0313",-0.9962,1,0.724726,0,0.1398,6,2,FALSE,FALSE,FALSE
"GENE1718","GENE1718_HUMAN","P60916","Protein GENE1718",0.3738,1,0.98518,0,0.0065,3,3,FALSE,TRUE,FALSE
"GENE2659","GENE2659_HUMAN","P69299","Protein GENE2659",-0.2406,1,0.436956,0,0.3596,3,3,FALSE,FALSE,FALSE
"GENE1832","GENE1832_HUMAN","P17186","Protein GENE1832",0.0326,1,0.958944,0,0.0182,3,6,FALSE,FALSE,FALSE
"GENE0716","GENE0716_HUMAN","P16881","Protein GENE0716",-0.1621,1,0.641523,0,0.1928,5,5,FALSE,FALSE,FALSE
"GENE0006","GENE0006_HUMAN","P47522","Protein GENE0006",-0.8748,1,0.424963,0.1823,0.3716,2,2,FALSE,FALSE,FALSE
"GENE2716","GENE2716_HUMAN","P39801","Protein GENE2716",0.1524,1,0.992827,0,0.0031,2,4,FALSE,FALSE,FALSE
"GENE0493","GENE0493_HUMAN","P50982","Protein GENE0493",0.2275,1,0.773803,0,0.1114,2,6,FALSE,FALSE,FALSE
"GENE1506","GENE1506_HUMAN","P63991","Protein GENE1506",-0.184,0.769269,0.552211,0,0.2579,4,4,FALSE,FALSE,FALSE
"GENE1080","GENE1080_HUMAN","P75875","Protein GENE1080",0.0782,0.584814,0.296274,0.2259,0.5283,5,5,FALSE,FALSE,FALSE
"GENE2671","GENE2671_HUMAN","P06793","Protein GENE2671",-0.4586,0.610847,0.288992,0.4556,0.5391,2,5,FALSE,FALSE,FALSE
"GENE2064","GENE2064_HUMAN","P84187","Protein GENE2064",-0.1055,0.424261,0.1057,0.6315,0.9759,4,5,FALSE,FALSE,FALSE
"GENE2386","GENE2386_HUMAN","P62172","Protein GENE2386",-0.3715,1,0.600435,0,0.2215,2,5,FALSE,FALSE,FALSE
"GENE2357","GENE2357_HUMAN","P84174","Protein GENE2357",-0.9095,1,0.43583,0,0.3607,5,6,FALSE,FALSE,FALSE
"GENE2257","GENE2257_HUMAN","P05698","Protein GENE2257",0.1273,1,0.531958,0,0.2741,4,5,FALSE,FALSE,FALSE
"GENE2778","GENE2778_HUMAN","P16131","Protein GENE2778",-0.1903,0.246683,0.070223,0.5426,1.1535,5,4,FALSE,FALSE,FALSE
"GENE2529","GENE2529_HUMAN","P03226","Protein GENE2529",-0.1301,1,0.711733,0,0.1477,2,3,FALSE,FALSE,FALSE
"GENE2735","GENE2735_HUMAN","P44104","Protein GENE2735",0.3327,1,0.522387,0,0.282,6,6,FALSE,FALSE,FALSE
"GENE0736","GENE0736_HUMAN","P45903","Protein GENE0736",-0.1648,1,0.413978,0,0.383,3,3,FALSE,FALSE,FALSE
"GENE1067","GENE1067_HUMAN","P07212","Protein GENE1067",-1.145,1,0.836263,0,0.0777,6,2,FALSE,FALSE,FALSE
"GENE1682","GENE1682_HUMAN","P88576","Protein GENE1682",0.0914,1,0.772414,0,0.1121,2,3,FALSE,FALSE,FALSE
"GENE1320","GENE1320_HUMAN","P74367","Protein GENE1320",-0.0717,1,0.271172,0,0.5668,6,5,FALSE,FALSE,FALSE
"GENE0264","GENE0264_HUMAN","P37158","Protein GENE0264",-0.0559,1,0.7129,0.0174,0.147,3,6,FALSE,FALSE,FALSE
"GENE0366","GENE0366_HUMAN","P59196","Protein GENE0366",-0.1597,0.849762,0.272728,0,0.5643,6,5,FALSE,FALSE,FALSE
"GENE2467","GENE2467_HUMAN","P92356","Protein GENE2467",0.4502,1,0.946524,0,0.0239,6,3,TRUE,FALSE,FALSE
"GENE0516","GENE0516_HUMAN","P20612","Protein GENE0516",-0.1242,1,0.510559,0,0.292,2,2,FALSE,FALSE,FALSE
"GENE1283","GENE1283_HUMAN","P23928","Protein GENE1283",0.1679,1,0.340622,0.1836,0.4677,3,2,FALSE,TRUE,FALSE
"GENE2874","GENE2874_HUMAN","P44123","Protein GENE2874",0.1416,0.343391,0.077551,0.5936,1.1104,2,5,FALSE,FALSE,FALSE
"GENE1557","GENE1557_HUMAN","P55591","Protein GENE1557",-0.0105,0.351714,0.247487,0.3072,0.6064,2,6,FALSE,FALSE,FALSE
"GENE0195","GENE0195_HUMAN","P96785","Protein GENE0195",0.2176,1,0.623161,0,0.2054,5,6,FALSE,FALSE,FALSE
"GENE0052","GENE0052_HUMAN","P90716","Protein GENE0052",0.0663,1,0.484051,0,0.3151,5,3,FALSE,FALSE,FALSE
"GENE0088","GENE0088_HUMAN","P63382","Protein GENE0088",-0.156,1,0.938376,0,0.0276,2,2,FALSE,TRUE,FALSE
"GENE2888","GENE2888_HUMAN","P86614","Protein GENE2888",0.0461,0.792241,0.777421,0,0.1093,4,6,FALSE,FALSE,FALSE
"GENE1882","GENE1882_HUMAN","P95589","Protein GENE1882",-0.5837,0.798386,0.445194,0,0.3515,6,3,FALSE,TRUE,FALSE
"GENE1958","GENE1958_HUMAN","P57799","Protein GENE1958",-0.3765,0.521176,0.13523,0.3262,0.8689,3,3,TRUE,FALSE,FALSE
"GENE1126","GENE1126_HUMAN","P46015","Protein GENE1126",-0.0067,1,0.916307,0,0.038,6,2,TRUE,FALSE,FALSE
"GENE0243","GENE0243_HUMAN","P37338","Protein GENE0243",0.0603,0.404988,0.196595,0.2663,0.7064,4,4,FALSE,FALSE,FALSE
"GENE0943","GENE0943_HUMAN","P26897","Protein GENE0943",0.064,1,0.679163,0,0.168,4,4,FALSE,FALSE,FALSE
"GENE0590","GENE0590_HUMAN","P68694","Protein GENE0590",-0.0543,0.242809,0.076778,0.8513,1.1148,5,4,FALSE,FALSE,FALSE
"NCOA3","NCOA3_HUMAN","P74315","Protein NCOA3",2.3254,0.017873,0.007777,1.4737,2.1092,2,6,TRUE,FALSE,TRUE
"GENE1302","GENE1302_HUMAN","P27125","Protein GENE1302",0.2825,1,0.47509,0.2994,0.3232,3,2,FALSE,FALSE,FALSE
"GENE1603","GENE1603_HUMAN","P97142","Protein GENE1603",-0.5879,1,0.77352,0,0.1115,3,5,TRUE,FALSE,FALSE
"GENE2433","GENE2433_HUMAN","P44610","Protein GENE2433",-0.6355,0.248323,0.210361,0.0352,0.677,5,3,FALSE,FALSE,FALSE
"GENE0183","GENE0183_HUMAN","P24413","Protein GENE0183",-0.25,1,0.477187,0,0.3213,3,6,FALSE,FALSE,FALSE
"GENE2699","GENE2699_HUMAN","P03936","Protein GENE2699",0.4121,1,0.41205,0,0.385,4,3,FALSE,FALSE,FALSE
"GENE0816","GENE0816_HUMAN","P17404","Protein GENE0816",0.0334,0.633866,0.203942,0.0196,0.6905,6,4,FALSE,TRUE,FALSE
"GENE2211","GENE2211_HUMAN","P99675","Protein GENE2211",0.0379,1,0.912114,0,0.04,3,2,TRUE,FALSE,FALSE
"GENE2338","GENE2338_HUMAN","P60458","Protein GENE2338",0.5502,1,0.344531,0,0.4628,5,3,FALSE,TRUE,FALSE
"GENE1135","GENE1135_HUMAN","P24305","Protein GENE1135",0.3747,1,0.604329,0.1761,0.2187,4,6,FALSE,FALSE,FALSE
"GENE2508","GENE2508_HUMAN","P49094","Protein GENE2508",0.7306,0.99949,0.228908,0.5009,0.6403,6,4,FALSE,FALSE,FALSE
"GENE2797","GENE2797_HUMAN","P80092","Protein GENE2797",0.188,1,0.803084,0,0.0952,5,3,FALSE,FALSE,FALSE
"GENE0210","GENE0210_HUMAN","P01849","Protein GENE0210",-0.0636,1,0.63496,0,0.1973,6,2,FALSE,FALSE,FALSE
"GENE0748","GENE0748_HUMAN","P90090","Protein GENE0748",0.2364,0.531106,0.196283,0.1026,0.7071,6,4,FALSE,FALSE,FALSE
"GENE1630","GENE1630_HUMAN","P88305","Protein GENE1630",-0.2386,1,0.548472,0,0.2608,6,4,FALSE,FALSE,FALSE
"GENE0249","GENE0249_HUMAN","P89810","Protein GENE0249",0.2135,0.530469,0.27403,0.3333,0.5622,2,3,FALSE,FALSE,FALSE
"GENE1771","GENE1771_HUMAN","P02873","Protein GENE1771",-0.4507,0.802557,0.180321,0.2346,0.744,2,5,FALSE,FALSE,FALSE
"GENE1842","GENE1842_HUMAN","P16486","Protein GENE1842",0.09,0.471661,0.102855,0.358,0.9878,5,4,FALSE,FALSE,FALSE
"GENE0033","GENE0033_HUMAN","P30314","Protein GENE0033",0.3359,1,0.918814,0,0.0368,3,6,FALSE,FALSE,FALSE
"GENE0419","GENE0419_HUMAN","P48890","Protein GENE0419",-0.1957,0.278911,0.081263,0.5648,1.0901,2,3,FALSE,FALSE,FALSE
"GENE2006","GENE2006_HUMAN","P13462","Protein GENE2006",-0.3634,1,0.954057,0,0.0204,3,5,FALSE,FALSE,FALSE
"GENE2444","GENE2444_HUMAN","P18564","Protein GENE2444",0.1313,0.819053,0.188219,0.3085,0.7253,3,5,FALSE,FALSE,FALSE
"GENE0734","GENE0734_HUMAN","P34037","Protein GENE0734",0.0214,1,0.471909,0.2496,0.3261,5,4,FALSE,FALSE,FALSE
"GENE2240","GENE2240_HUMAN","P08384","Protein GENE2240",-0.3927,1,0.951223,0,0.0217,5,6,FALSE,FALSE,FALSE
"GENE0096","GENE0096_HUMAN","P84935","Protein GENE0096",-0.3827,0.75875,0.372987,0,0.4283,3,6,FALSE,FALSE,FALSE
"GENE0063","GENE0063_HUMAN","P83284","Protein GENE0063",-0.0549,1,0.630047,0,0.2006,3,5,FALSE,FALSE,FALSE
"GENE1242","GENE1242_HUMAN","P42631","Protein GENE1242",-0.6437,1,0.91439,0,0.0389,3,4,FALSE,FALSE,FALSE
"GENE1595","GENE1595_HUMAN","P45151","Protein GENE1595",0.9346,1,0.872535,0,0.0592,3,2,FALSE,FALSE,FALSE
"GENE2127","GENE2127_HUMAN","P11965","Protein GENE2127",-0.636,1,0.99894,0,5e-04,5,3,FALSE,FALSE,FALSE
"GENE1508","GENE1508_HUMAN","P56773","Protein GENE1508",0.3469,0.441053,0.416503,0.0163,0.3804,4,6,FALSE,FALSE,FALSE
"GENE0879","GENE0879_HUMAN","P16401","Protein GENE0879",0.1917,1,0.260753,0.0747,0.5838,4,3,FALSE,FALSE,FALSE
"GENE1473","GENE1473_HUMAN","P91132","Protein GENE1473",-0.0915,0.990058,0.377122,0.199,0.4235,3,2,TRUE,FALSE,FALSE
"GENE0694","GENE0694_HUMAN","P85573","Protein GENE0694",0.4114,1,0.733059,0.0554,0.1349,4,6,FALSE,FALSE,FALSE
"GENE0899","GENE0899_HUMAN","P96302","Protein GENE0899",0.5221,0.76014,0.372967,0,0.4283,2,3,FALSE,FALSE,FALSE
"GENE2647","GENE2647_HUMAN","P60666","Protein GENE2647",-0.4005,0.492042,0.471361,0,0.3266,5,3,FALSE,FALSE,FALSE
"GENE0557","GENE0557_HUMAN","P08129","Protein GENE0557",-0.1693,0.537952,0.172589,0.6336,0.763,5,6,FALSE,FALSE,FALSE
"GENE2534","GENE2534_HUMAN","P36070","Protein GENE2534",0.0897,0.223591,0.186742,0.6726,0.7288,6,3,FALSE,FALSE,FALSE
"GENE2640","GENE2640_HUMAN","P71743","Protein GENE2640",-0.1797,1,0.798786,0.0702,0.0976,6,5,TRUE,FALSE,FALSE
"GENE0747","GENE0747_HUMAN","P44592","Protein GENE0747",0.1244,1,0.984476,0,0.0068,3,4,FALSE,TRUE,FALSE
"GENE0821","GENE0821_HUMAN","P85429","Protein GENE0821",-0.5221,1,0.594227,0,0.226,5,6,FALSE,TRUE,FALSE
"GENE2598","GENE2598_HUMAN","P19425","Protein GENE2598",0.8932,1,0.970066,0,0.0132,6,5,FALSE,FALSE,FALSE
"GENE0889","GENE0889_HUMAN","P69173","Protein GENE0889",0.8745,1,0.516956,0,0.2865,6,2,FALSE,FALSE,FALSE
"GENE2632","GENE2632_HUMAN","P57571","Protein GENE2632",-0.2984,0.765583,0.655476,0,0.1834,2,6,FALSE,FALSE,FALSE
"GENE0563","GENE0563_HUMAN","P88527","Protein GENE0563",0.466,0.356078,0.291543,0.4633,0.5353,2,2,FALSE,FALSE,FALSE
"GENE1354","GENE1354_HUMAN","P03726","Protein GENE1354",0.358,1,0.397877,0.0888,0.4003,5,4,FALSE,FALSE,FALSE
"GENE2576","GENE2576_HUMAN","P72700","Protein GENE2576",0.0337,0.960212,0.31469,0,0.5021,5,3,FALSE,FALSE,FALSE
"GENE2871","GENE2871_HUMAN","P09066","Protein GENE2871",0.2619,1,0.570972,0.2396,0.2434,3,2,FALSE,FALSE,FALSE
"GENE0204","GENE0204_HUMAN","P84128","Protein GENE0204",0.1253,1,0.597347,0.146,0.2238,4,2,TRUE,FALSE,FALSE
"GENE2867","GENE2867_HUMAN","P13447","Protein GENE2867",-0.1898,1,0.896437,0,0.0475,2,5,FALSE,FALSE,FALSE
"GENE2621","GENE2621_HUMAN","P98490","Protein GENE2621",1.2843,0.021732,0.02024,1.1899,1.6938,5,2,FALSE,FALSE,TRUE
"GENE2715","GENE2715_HUMAN","P33666","Protein GENE2715",0.0177,1,0.592263,0,0.2275,5,2,TRUE,FALSE,FALSE
"GENE1406","GENE1406_HUMAN","P30353","Protein GENE1406",0.1909,1,0.777986,0,0.109,6,6,TRUE,FALSE,FALSE
"GENE0144","GENE0144_HUMAN","P79036","Protein GENE0144",1.0597,1,0.807792,0,0.0927,4,4,FALSE,FALSE,FALSE
"GENE0512","GENE0512_HUMAN","P29659","Protein GENE0512",0.3165,0.485462,0.172634,0.6738,0.7629,5,6,FALSE,FALSE,FALSE
"GENE2808","GENE2808_HUMAN","P19323","Protein GENE2808",-0.1995,1,0.717917,0,0.1439,4,4,TRUE,FALSE,FALSE
"GENE0710","GENE0710_HUMAN","P01497","Protein GENE0710",0.2515,0.963317,0.5334,0,0.2729,4,6,FALSE,FALSE,FALSE
"GENE0483","GENE0483_HUMAN","P28349","Protein GENE0483",0.1146,1,0.61723,0,0.2096,4,6,FALSE,FALSE,FALSE
"GENE0111","GENE0111_HUMAN","P48404","Protein GENE0111",-0.2338,1,0.376707,0,0.424,5,6,FALSE,FALSE,FALSE
"GENE0585","GENE0585_HUMAN","P76947","Protein GENE0585",0.3153,1,0.632959,0,0.1986,6,2,FALSE,FALSE,FALSE
"GENE2460","GENE2460_HUMAN","P17079","Protein GENE2460",-0.1175,1,0.940228,0,0.0268,6,6,FALSE,FALSE,FALSE
"GENE1015","GENE1015_HUMAN","P69381","Protein GENE1015",0.5841,1,0.427506,0,0.3691,4,3,FALSE,FALSE,FALSE
"GENE0019","GENE0019_HUMAN","P19827","Protein GENE0019",-0.3415,1,0.982606,0,0.0076,2,3,FALSE,FALSE,FALSE
"GENE1394","GENE1394_HUMAN","P54199","Protein GENE1394",0.4253,0.79437,0.172935,0.2042,0.7621,5,4,FALSE,FALSE,FALSE
"GENE0842","GENE0842_HUMAN","P07279","Protein GENE0842",-0.1488,1,0.552431,0,0.2577,5,3,FALSE,FALSE,FALSE
"GENE2536","GENE2536_HUMAN","P70253","Protein GENE2536",0.4155,1,0.445206,0,0.3514,3,2,FALSE,FALSE,FALSE
"GENE1806","GENE1806_HUMAN","P52477","Protein GENE1806",-4.3014,0.070858,0.030722,1.0925,1.5126,5,4,FALSE,FALSE,TRUE
"GENE0008","GENE0008_HUMAN","P39715","Protein GENE0008",-0.1288,1,0.978446,0,0.0095,6,2,TRUE,TRUE,FALSE
"GENE1999","GENE1999_HUMAN","P22413","Protein GENE1999",-0.3193,1,0.881582,0,0.0547,3,5,FALSE,FALSE,FALSE
"GENE1119","GENE1119_HUMAN","P04258","Protein GENE1119",-0.6545,1,0.953878,0,0.0205,6,6,TRUE,TRUE,FALSE
"GENE0866","GENE0866_HUMAN","P94220","Protein GENE0866",-0.1162,1,0.87561,0,0.0577,6,5,FALSE,TRUE,FALSE
"GENE0911","GENE0911_HUMAN","P87097","Protein GENE0911",-0.4694,1,0.404977,0.2434,0.3926,4,4,FALSE,FALSE,FALSE
"GENE1412","GENE1412_HUMAN","P49873","Protein GENE1412",0.2009,0.639406,0.174779,0.0988,0.7575,5,4,TRUE,FALSE,FALSE
"GENE0617","GENE0617_HUMAN","P48547","Protein GENE0617",-0.1441,1,0.946873,0,0.0237,5,2,FALSE,FALSE,FALSE
"GENE0560","GENE0560_HUMAN","P84414","Protein GENE0560",-0.4139,1,0.531094,0,0.2748,2,3,FALSE,FALSE,FALSE
"GENE0110","GENE0110_HUMAN","P30029","Protein GENE0110",0.4058,1,0.824776,0,0.0837,4,3,FALSE,FALSE,FALSE
"GENE0165","GENE0165_HUMAN","P24645","Protein GENE0165",-0.4731,1,0.679782,0.0794,0.1676,4,2,FALSE,FALSE,FALSE
"GENE0072","GENE0072_HUMAN","P85545","Protein GENE0072",-0.2174,0.474592,0.096147,0.3702,1.0171,5,2,FALSE,TRUE,FALSE
"GENE0548","GENE0548_HUMAN","P75025","Protein GENE0548",0.1867,0.37098,0.172396,0.3214,0.7635,6,4,FALSE,FALSE,FALSE
"GENE2623","GENE2623_HUMAN","P90802","Protein GENE2623",-0.1145,1,0.343905,0,0.4636,3,3,FALSE,FALSE,FALSE
"GENE0374","GENE0374_HUMAN","P98459","Protein GENE0374",0.4152,1,0.743775,0,0.1286,2,5,FALSE,FALSE,FALSE
"GENE2827","GENE2827_HUMAN","P85685","Protein GENE2827",0.0766,1,0.717274,0,0.1443,4,2,FALSE,FALSE,FALSE
"NCOA2","NCOA2_HUMAN","P70867","Protein NCOA2",1.5344,0.020773,0.006727,1.7912,2.1722,4,5,FALSE,FALSE,TRUE
"GENE1201","GENE1201_HUMAN","P47304","Protein GENE1201",0.3642,0.6267,0.138995,0.3368,0.857,2,4,FALSE,FALSE,FALSE
"GENE2636","GENE2636_HUMAN","P77040","Protein GENE2636",0.162,1,0.723631,0,0.1405,2,4,FALSE,FALSE,FALSE
"GENE0154","GENE0154_HUMAN","P15069","Protein GENE0154",-0.3309,1,0.719,0,0.1433,4,3,FALSE,FALSE,FALSE
"GENE1019","GENE1019_HUMAN","P78606","Protein GENE1019",-0.2226,0.714678,0.158357,0.1314,0.8004,6,6,FALSE,FALSE,FALSE
"GENE2500","GENE2500_HUMAN","P91797","Protein GENE2500",0.0423,0.901879,0.246169,0.283,0.6088,6,2,FALSE,FALSE,FALSE
"GENE1290","GENE1290_HUMAN","P49144","Protein GENE1290",0.3599,1,0.638692,0,0.1947,4,3,FALSE,FALSE,FALSE
"GENE1281","GENE1281_HUMAN","P37552","Protein GENE1281",0.1564,1,0.779697,0,0.1081,3,2,FALSE,FALSE,FALSE
"GENE2446","GENE2446_HUMAN","P77800","Protein GENE2446",-0.1171,1,0.637188,0,0.1957,2,6,FALSE,FALSE,FALSE
"GENE2329","GENE2329_HUMAN","P13358","Protein GENE2329",-0.0047,1,0.810686,0,0.0911,4,4,FALSE,FALSE,FALSE
"GENE0486","GENE0486_HUMAN","P26597","Protein GENE0486",0.1054,1,0.523676,0,0.2809,2,3,FALSE,TRUE,FALSE
"GENE1742","GENE1742_HUMAN","P97034","Protein GENE1742",-0.2368,1,0.636057,0,0.1965,4,5,FALSE,FALSE,FALSE
"GENE2674","GENE2674_HUMAN","P87881","Protein GENE2674",1.1045,0.990652,0.261346,0.5004,0.5828,2,6,FALSE,FALSE,FALSE
"GENE0778","GENE0778_HUMAN","P00479","Protein GENE0778",-0.2457,1,0.407688,0,0.3897,2,2,FALSE,FALSE,FALSE
"GENE1667","GENE1667_HUMAN","P74088","Protein GENE1667",0.2007,1,0.784891,0,0.1052,2,6,FALSE,FALSE,FALSE
"GENE0535","GENE0535_HUMAN","P94577","Protein GENE0535",-0.0765,0.89463,0.205101,0.6667,0.688,3,2,FALSE,FALSE,FALSE
"GENE1255","GENE1255_HUMAN","P48279","Protein GENE1255",0.3877,1,0.526739,0,0.2784,6,6,TRUE,FALSE,FALSE
"GENE0745","GENE0745_HUMAN","P34286","Protein GENE0745",-0.0198,1,0.889824,0,0.0507,3,2,FALSE,TRUE,FALSE
"GENE1053","GENE1053_HUMAN","P59533","Protein GENE1053",-0.6275,1,0.436893,0,0.3596,4,6,FALSE,FALSE,FALSE
"GENE2743","GENE2743_HUMAN","P26726","Protein GENE2743",-0.0907,0.235141,0.077158,0.5612,1.1126,5,5,FALSE,FALSE,FALSE
"GENE1199","GENE1199_HUMAN","P81995","Protein GENE1199",0.2565,1,0.655448,0,0.1835,5,2,FALSE,FALSE,FALSE
"GENE1872","GENE1872_HUMAN","P66062","Protein GENE1872",-0.392,0.526274,0.339532,0.098,0.4691,6,5,FALSE,FALSE,FALSE
"GENE1493","GENE1493_HUMAN","P95524","Protein GENE1493",0.2899,1,0.496276,0,0.3043,5,6,FALSE,FALSE,FALSE
"GENE0057","GENE0057_HUMAN","P69622","Protein GENE0057",0.5474,1,0.497997,0,0.3028,3,6,FALSE,FALSE,FALSE
"GENE2019","GENE2019_HUMAN","P95929","Protein GENE2019",0.2213,0.416718,0.356662,0,0.4477,4,4,FALSE,FALSE,FALSE
"EP300","EP300_HUMAN","P85386","Protein EP300",1.9513,0.002833,0.000778,2.4524,3.1093,4,4,FALSE,FALSE,TRUE
"GENE0629","GENE0629_HUMAN","P73112","Protein GENE0629",-0.2684,1,0.824768,0,0.0837,4,5,FALSE,TRUE,FALSE
"GENE1147","GENE1147_HUMAN","P66755","Protein GENE1147",-0.3302,1,0.562029,0,0.2502,6,3,FALSE,FALSE,FALSE
"GENE1847","GENE1847_HUMAN","P94570","Protein GENE1847",-0.5869,1,0.663493,0,0.1782,2,2,FALSE,FALSE,FALSE
"GENE1110","GENE1110_HUMAN","P87667","Protein GENE1110",0.016,1,0.869068,0,0.0609,4,6,FALSE,FALSE,FALSE
"GENE0965","GENE0965_HUMAN","P40534","Protein GENE0965",-0.1049,0.368533,0.302048,0.0534,0.5199,2,6,FALSE,FALSE,FALSE
"GENE0474","GENE0474_HUMAN","P51175","Protein GENE0474",-0.5669,1,0.810995,0,0.091,5,3,FALSE,FALSE,FALSE
"GENE1776","GENE1776_HUMAN","P66249","Protein GENE1776",-0.4209,1,0.861956,0,0.0645,2,2,FALSE,FALSE,FALSE
"GENE0129","GENE0129_HUMAN","P80453","Protein GENE0129",0.4604,0.6137,0.577128,0,0.2387,5,5,FALSE,FALSE,FALSE
"GENE1252","GENE1252_HUMAN","P28870","Protein GENE1252",-0.0706,1,0.584864,0,0.2329,3,4,FALSE,FALSE,FALSE
"GENE1644","GENE1644_HUMAN","P92759","Protein GENE1644",0.6184,1,0.920616,0,0.0359,2,2,FALSE,FALSE,FALSE
"GENE0422","GENE0422_HUMAN","P45622","Protein GENE0422",-0.3435,1,0.925071,0,0.0338,3,3,FALSE,FALSE,FALSE
"GENE2266","GENE2266_HUMAN","P45942","Protein GENE2266",0.8705,0.021191,0.005553,1.7447,2.2555,4,5,FALSE,FALSE,TRUE
"GENE2678","GENE2678_HUMAN","P29582","Protein GENE2678",-0.0571,1,0.522428,0,0.282,4,3,FALSE,FALSE,FALSE
"GENE0181","GENE0181_HUMAN","P55753","Protein GENE0181",-0.1323,1,0.410167,0,0.387,3,4,FALSE,TRUE,FALSE
"GENE2809","GENE2809_HUMAN","P02556","Protein GENE2809",0.1939,1,0.829779,0,0.081,2,3,FALSE,TRUE,FALSE
"GENE2043","GENE2043_HUMAN","P00941","Protein GENE2043",0.3713,1,0.512693,0,0.2901,3,4,FALSE,FALSE,FALSE
"GENE2155","GENE2155_HUMAN","P91233","Protein GENE2155",0.3495,1,0.550084,0.2071,0.2596,6,3,FALSE,FALSE,FALSE
"GENE1614","GENE1614_HUMAN","P94155","Protein GENE1614",0.3754,0.217222,0.201996,0.5023,0.6947,6,5,FALSE,FALSE,FALSE
"GENE2544","GENE2544_HUMAN","P25033","Protein GENE2544",0.733,1,0.88686,0,0.0521,6,3,FALSE,FALSE,FALSE
"GENE2656","GENE2656_HUMAN","P01293","Protein GENE2656",0.2122,1,0.547932,0,0.2613,6,2,FALSE,FALSE,FALSE
"GENE0471","GENE0471_HUMAN","P46915","Protein GENE0471",0.2525,1,0.986135,0,0.0061,3,3,FALSE,FALSE,FALSE
"GENE1161","GENE1161_HUMAN","P30074","Protein GENE1161",-0.4673,1,0.53643,0,0.2705,2,4,FALSE,FALSE,FALSE
"GENE1990","GENE1990_HUMAN","P36446","Protein GENE1990",-0.5994,1,0.465038,0.1507,0.3325,3,3,FALSE,FALSE,FALSE
"GENE1817","GENE1817_HUMAN","P95557","Protein GENE1817",0.1221,1,0.710191,0,0.1486,5,4,FALSE,TRUE,FALSE
"GENE2601","GENE2601_HUMAN","P04734","Protein GENE2601",-0.1677,1,0.793796,0,0.1003,6,6,FALSE,FALSE,FALSE
"DDRGK1","DDRGK1_HUMAN","P57939","Protein DDRGK1",3.6505,0.014452,0.013321,1.479,1.8755,2,6,FALSE,FALSE,TRUE
"GENE1677","GENE1677_HUMAN","P00787","Protein GENE1677",-1.4246,1,0.453545,0.118,0.3434,4,3,FALSE,FALSE,FALSE
"GENE1028","GENE1028_HUMAN","P82449","Protein GENE1028",0.0135,1,0.551002,0,0.2588,6,6,FALSE,FALSE,FALSE
"GENE1705","GENE1705_HUMAN","P48803","Protein GENE1705",-0.2716,1,0.907315,0,0.0422,2,4,FALSE,FALSE,FALSE
"GENE2380","GENE2380_HUMAN","P85386","Protein GENE2380",0.1983,1,0.719635,0,0.1429,6,3,FALSE,FALSE,FALSE
"GENE2362","GENE2362_HUMAN","P99889","Protein GENE2362",-1.8734,0.032317,0.022273,1.2193,1.6522,2,6,FALSE,FALSE,TRUE
"MED23","MED23_HUMAN","P30551","Protein MED23",3.5924,0.172436,0.03879,1.0897,1.4113,6,4,FALSE,FALSE,TRUE
"GENE0887","GENE0887_HUMAN","P40189","Protein GENE0887",0.2226,1,0.680131,0.1652,0.1674,6,5,FALSE,FALSE,FALSE
"GENE2029","GENE2029_HUMAN","P80624","Protein GENE2029",0.0614,0.094147,0.081719,0.5749,1.0877,6,5,FALSE,FALSE,FALSE
"GENE2387","GENE2387_HUMAN","P77799","Protein GENE2387",0.9557,0.296481,0.233889,0.0273,0.631,3,2,FALSE,FALSE,FALSE
"GENE0449","GENE0449_HUMAN","P63854","Protein GENE0449",0.7768,1,0.705377,0,0.1516,4,3,FALSE,FALSE,FALSE
"GENE1604","GENE1604_HUMAN","P99893","Protein GENE1604",-0.1263,0.863174,0.183448,0.0385,0.7365,5,3,FALSE,FALSE,FALSE
"GENE0261","GENE0261_HUMAN","P91687","Protein GENE0261",0.1805,0.551229,0.454174,0,0.3428,3,5,FALSE,TRUE,FALSE
"GENE0157","GENE0157_HUMAN","P77695","Protein GENE0157",0.2287,0.472382,0.118029,0.5901,0.928,6,4,FALSE,FALSE,FALSE
"GENE2788","GENE2788_HUMAN","P28613","Protein GENE2788",-0.0908,0.483593,0.105421,0.3537,0.9771,6,6,FALSE,FALSE,FALSE
"GENE2563","GENE2563_HUMAN","P99011","Protein GENE2563",-0.1682,1,0.959245,0,0.0181,5,5,FALSE,FALSE,FALSE
"GENE2593","GENE2593_HUMAN","P41774","Protein GENE2593",4.1119,0.058999,0.014405,1.645,1.8415,3,2,FALSE,FALSE,TRUE
"GENE0236","GENE0236_HUMAN","P63255","Protein GENE0236",-0.0484,1,0.263829,0.1662,0.5787,2,4,TRUE,FALSE,FALSE
"GENE0815","GENE0815_HUMAN","P75173","Protein GENE0815",0.2051,1,0.600993,0,0.2211,5,6,FALSE,FALSE,FALSE
"GENE1918","GENE1918_HUMAN","P06872","Protein GENE1918",0.1951,0.476884,0.306068,0,0.5142,4,6,FALSE,FALSE,FALSE
"GENE0342","GENE0342_HUMAN","P47789","Protein GENE0342",0.228,1,0.685694,0,0.1639,5,6,FALSE,TRUE,FALSE
"GENE2440","GENE2440_HUMAN","P82984","Protein GENE2440",0.2786,0.087389,0.070829,0.5112,1.1498,2,6,FALSE,FALSE,FALSE
"GENE0956","GENE0956_HUMAN","P59905","Protein GENE0956",-0.0576,0.809533,0.557125,0,0.254,2,5,FALSE,FALSE,FALSE
"GENE2480","GENE2480_HUMAN","P38173","Protein GENE2480",-0.4804,1,0.629358,0,0.2011,6,3,FALSE,FALSE,FALSE
"GENE1128","GENE1128_HUMAN","P51874","Protein GENE1128",-0.4022,1,0.507034,0,0.295,4,6,FALSE,FALSE,FALSE
"GENE2504","GENE2504_HUMAN","P29734","Protein GENE2504",-0.5361,0.631714,0.480924,0,0.3179,6,6,FALSE,FALSE,FALSE
"GENE0624","GENE0624_HUMAN","P66265","Protein GENE0624",-0.7108,1,0.244316,0.0862,0.612,2,3,FALSE,FALSE,FALSE
"GENE0895","GENE0895_HUMAN","P96284","Protein GENE0895",-0.0494,1,0.835354,0,0.0781,4,3,FALSE,FALSE,FALSE
"GENE1769","GENE1769_HUMAN","P99775","Protein GENE1769",0.5574,0.481717,0.366754,0,0.4356,6,2,FALSE,FALSE,FALSE
"GENE0475","GENE0475_HUMAN","P63005","Protein GENE0475",-0.0431,1,0.75087,0,0.1244,6,4,FALSE,FALSE,FALSE
"GENE1020","GENE1020_HUMAN","P25700","Protein GENE1020",0.4217,1,0.487592,0.068,0.3119,6,6,FALSE,FALSE,FALSE
"GENE2747","GENE2747_HUMAN","P44100","Protein GENE2747",-0.2525,1,0.577607,0,0.2384,2,3,FALSE,FALSE,FALSE
"GENE1815","GENE1815_HUMAN","P99406","Protein GENE1815",-0.1874,1,0.54063,0,0.2671,6,5,FALSE,FALSE,FALSE
"GENE0299","GENE0299_HUMAN","P90614","Protein GENE0299",-0.0098,1,0.918506,0,0.0369,6,3,FALSE,FALSE,FALSE
"GENE1912","GENE1912_HUMAN","P37830","Protein GENE1912",0.0075,0.933509,0.206251,0.4708,0.6856,2,2,FALSE,FALSE,FALSE
"ASCC2","ASCC2_HUMAN","P88432","Protein ASCC2",3.182,0.003789,0.001229,2.4137,2.9106,5,4,FALSE,TRUE,TRUE
"GENE1399","GENE1399_HUMAN","P53866","Protein GENE1399",0.0417,0.933672,0.905438,0,0.0431,2,6,TRUE,FALSE,FALSE
"GENE0460","GENE0460_HUMAN","P52739","Protein GENE0460",-0.0287,0.79684,0.177648,0.4111,0.7504,5,5,FALSE,FALSE,FALSE
"GENE0984","GENE0984_HUMAN","P13850","Protein GENE0984",0.0396,0.683124,0.49442,0.0717,0.3059,6,2,FALSE,FALSE,FALSE
"GENE1099","GENE1099_HUMAN","P02221","Protein GENE1099",-0.116,1,0.492147,0,0.3079,4,4,FALSE,FALSE,FALSE
"GENE2819","GENE2819_HUMAN","P84031","Protein GENE2819",-0.6349,1,0.924455,0,0.0341,2,6,FALSE,FALSE,FALSE
"GENE2388","GENE2388_HUMAN","P08151","Protein GENE2388",0.208,1,0.535917,0,0.2709,3,6,FALSE,FALSE,FALSE
"GENE2356","GENE2356_HUMAN","P07143","Protein GENE2356",-0.0287,1,0.773922,0.0248,0.1113,3,3,FALSE,FALSE,FALSE
"GENE2305","GENE2305_HUMAN","P08527","Protein GENE2305",0.7934,0.40786,0.093976,0.3796,1.027,2,2,FALSE,FALSE,FALSE
"GENE0774","GENE0774_HUMAN","P57167","Protein GENE0774",-0.4349,0.432274,0.101325,0.354,0.9943,2,2,FALSE,FALSE,FALSE
"GENE0933","GENE0933_HUMAN","P07593","Protein GENE0933",-0.456,1,0.814278,0,0.0892,5,3,FALSE,FALSE,FALSE
"GENE0676","GENE0676_HUMAN","P85984","Protein GENE0676",-0.1905,1,0.562005,0,0.2503,2,4,FALSE,FALSE,FALSE
"GENE2613","GENE2613_HUMAN","P28961","Protein GENE2613",0.0262,0.505952,0.473227,0,0.3249,5,4,FALSE,FALSE,FALSE
"GENE1715","GENE1715_HUMAN","P12544","Protein GENE1715",-0.617,1,0.981876,0,0.0079,6,6,FALSE,FALSE,FALSE
"GENE2789","GENE2789_HUMAN","P60111","Protein GENE2789",-0.3529,1,0.722743,0,0.141,2,6,FALSE,FALSE,FALSE
"GENE0132","GENE0132_HUMAN","P41903","Protein GENE0132",0.2,0.975345,0.973714,0,0.0116,4,4,FALSE,TRUE,FALSE
"GENE2303","GENE2303_HUMAN","P04365","Protein GENE2303",-0.1412,1,0.633524,0,0.1982,6,4,FALSE,FALSE,FALSE
"GENE2645","GENE2645_HUMAN","P44401","Protein GENE2645",0.0542,1,0.978315,0,0.0095,3,4,FALSE,FALSE,FALSE
"GENE2712","GENE2712_HUMAN","P71222","Protein GENE2712",0.9182,0.652117,0.202416,0.2999,0.6938,6,6,FALSE,FALSE,FALSE
"GENE2407","GENE2407_HUMAN","P28442","Protein GENE2407",0.2137,1,0.495229,0,0.3052,5,3,FALSE,FALSE,FALSE
"GENE1131","GENE1131_HUMAN","P27827","Protein GENE1131",0.0505,1,0.763952,0,0.1169,2,3,FALSE,FALSE,FALSE
"GENE1455","GENE1455_HUMAN","P86586","Protein GENE1455",1.082,1,0.593282,0,0.2267,2,5,FALSE,FALSE,FALSE
"GENE1624","GENE1624_HUMAN","P94007","Protein GENE1624",0.1919,1,0.809443,0,0.0918,6,4,FALSE,TRUE,FALSE
"GENE2482","GENE2482_HUMAN","P51693","Protein GENE2482",-0.2913,0.627597,0.597194,0.033,0.2239,2,2,FALSE,TRUE,FALSE
"GENE1622","GENE1622_HUMAN","P07804","Protein GENE1622",-0.988,0.0385,0.017054,1.58,1.7682,2,3,FALSE,FALSE,TRUE
"GENE2319","GENE2319_HUMAN","P20408","Protein GENE2319",-0.1,1,0.436928,0,0.3596,6,4,FALSE,FALSE,FALSE
"GENE0136","GENE0136_HUMAN","P78499","Protein GENE0136",-0.8794,1,0.585136,0,0.2327,2,5,FALSE,TRUE,FALSE
"GENE1140","GENE1140_HUMAN","P38380","Protein GENE1140",0.0558,1,0.628388,0.1354,0.2018,2,5,FALSE,FALSE,FALSE
"GENE1559","GENE1559_HUMAN","P54076","Protein GENE1559",0.5274,1,0.981977,0,0.0079,4,3,FALSE,FALSE,FALSE
"GENE2602","GENE2602_HUMAN","P20718","Protein GENE2602",-0.034,1,0.925012,0,0.0339,5,5,FALSE,FALSE,FALSE
"GENE0803","GENE0803_HUMAN","P88115","Protein GENE0803",0.2832,1,0.400337,0,0.3976,6,3,FALSE,FALSE,FALSE
"GENE0482","GENE0482_HUMAN","P07651","Protein GENE0482",-0.7519,0.697841,0.608853,0,0.2155,4,2,FALSE,FALSE,FALSE
"GENE0296","GENE0296_HUMAN","P79373","Protein GENE0296",-0.0921,1,0.941148,0,0.0263,5,2,FALSE,FALSE,FALSE
"GENE0217","GENE0217_HUMAN","P64764","Protein GENE0217",0.4245,1,0.485789,0,0.3136,6,3,FALSE,FALSE,FALSE
"DHX58","DHX58_HUMAN","P58676","Protein DHX58",-0.4433,1,0.504809,0,0.2969,2,4,FALSE,FALSE,FALSE
"GENE1039","GENE1039_HUMAN","P14657","Protein GENE1039",0.1204,0.420757,0.097895,0.7887,1.0092,5,4,FALSE,FALSE,FALSE
"GENE2768","GENE2768_HUMAN","P78709","Protein GENE2768",-0.3126,1,0.467153,0,0.3305,2,2,FALSE,FALSE,FALSE
"GENE0489","GENE0489_HUMAN","P51772","Protein GENE0489",-0.2077,1,0.793714,0,0.1003,2,2,FALSE,FALSE,FALSE
"GENE2760","GENE2760_HUMAN","P95749","Protein GENE2760",-0.064,1,0.804844,0,0.0943,4,2,FALSE,FALSE,FALSE
"GENE2306","GENE2306_HUMAN","P92543","Protein GENE2306",-0.0883,1,0.445001,0,0.3516,6,3,FALSE,FALSE,FALSE
"GENE0805","GENE0805_HUMAN","P15192","Protein GENE0805",0.0462,0.161689,0.139177,0.3687,0.8564,2,4,FALSE,FALSE,FALSE
"GENE0564","GENE0564_HUMAN","P26374","Protein GENE0564",0.5493,1,0.306186,0.2173,0.514,2,4,FALSE,FALSE,FALSE
"GENE0979","GENE0979_HUMAN","P09815","Protein GENE0979",0.1674,1,0.91284,0,0.0396,3,5,FALSE,FALSE,FALSE
"GENE2862","GENE2862_HUMAN","P25340","Protein GENE2862",0.7491,1,0.651298,0.1857,0.1862,2,2,FALSE,TRUE,FALSE
"GENE2242","GENE2242_HUMAN","P98296","Protein GENE2242",0.1044,0.45242,0.239816,0,0.6201,3,4,FALSE,FALSE,FALSE
"GENE2455","GENE2455_HUMAN","P16910","Protein GENE2455",-0.1596,0.873068,0.5746,0,0.2406,5,4,FALSE,FALSE,FALSE
"GENE2496","GENE2496_HUMAN","P96933","Protein GENE2496",0.6344,0.186608,0.13222,0.5256,0.8787,6,4,FALSE,FALSE,FALSE
"GENE2471","GENE2471_HUMAN","P64195","Protein GENE2471",-0.3585,1,0.852568,0,0.0693,5,4,FALSE,TRUE,FALSE
"GENE0802","GENE0802_HUMAN","P77992","Protein GENE0802",-0.7748,1,0.616787,0,0.2099,5,4,FALSE,FALSE,FALSE
"GENE0198","GENE0198_HUMAN","P02135","Protein GENE0198",-0.1072,0.775445,0.319323,0.0017,0.4958,5,2,FALSE,TRUE,FALSE
"LARP1","LARP1_HUMAN","P21439","Protein LARP1",0.2602,1,0.857017,0,0.067,6,5,FALSE,TRUE,FALSE
"GENE1420","GENE1420_HUMAN","P66578","Protein GENE1420",-0.2936,1,0.757179,0,0.1208,4,4,TRUE,FALSE,FALSE
"GENE0886","GENE0886_HUMAN","P19904","Protein GENE0886",-0.0157,0.858171,0.441652,0,0.3549,5,5,FALSE,FALSE,FALSE
"GENE0027","GENE0027_HUMAN","P08805","Protein GENE0027",-0.2019,0.784009,0.241487,0.0036,0.6171,2,6,FALSE,FALSE,FALSE
"GENE1253","GENE1253_HUMAN","P49278","Protein GENE1253",0.4027,0.69502,0.287412,0.1006,0.5415,4,3,FALSE,FALSE,FALSE
"GENE0496","GENE0496_HUMAN","P02704","Protein GENE0496",-0.0171,1,0.904796,0,0.0434,4,5,FALSE,FALSE,FALSE
"GENE1907","GENE1907_HUMAN","P69879","Protein GENE1907",-0.3887,0.310463,0.246281,0,0.6086,4,6,FALSE,FALSE,FALSE
"GENE0856","GENE0856_HUMAN","P67188","Protein GENE0856",-0.0342,1,0.327886,0.0815,0.4843,3,5,FALSE,FALSE,FALSE
"GENE2107","GENE2107_HUMAN","P44075","Protein GENE2107",-0.4272,1,0.905578,0,0.0431,4,4,FALSE,FALSE,FALSE
"GENE1833","GENE1833_HUMAN","P42794","Protein GENE1833",0.032,1,0.54949,0,0.26,6,4,FALSE,FALSE,FALSE
"GENE1092","GENE1092_HUMAN","P43950","Protein GENE1092",0.1611,1,0.746057,0,0.1272,6,5,FALSE,FALSE,FALSE
"GENE2586","GENE2586_HUMAN","P91523","Protein GENE2586",-0.1403,1,0.801864,0,0.0959,4,4,FALSE,FALSE,FALSE
"GENE1601","GENE1601_HUMAN","P94623","Protein GENE1601",0.0371,1,0.792992,0,0.1007,3,4,FALSE,FALSE,FALSE
"GENE0452","GENE0452_HUMAN","P65704","Protein GENE0452",-0.3935,1,0.759054,0,0.1197,5,6,FALSE,FALSE,FALSE
"GENE1380","GENE1380_HUMAN","P53260","Protein GENE1380",-0.1113,0.664609,0.46337,0.3118,0.3341,5,5,FALSE,FALSE,FALSE
"GENE2813","GENE2813_HUMAN","P56815","Protein GENE2813",-0.1445,0.297145,0.084556,0.6761,1.0729,2,5,FALSE,FALSE,FALSE
"GENE1078","GENE1078_HUMAN","P94000","Protein GENE1078",0.275,0.525236,0.133311,0.7041,0.8751,2,6,TRUE,FALSE,FALSE
"GENE1727","GENE1727_HUMAN","P18695","Protein GENE1727",0.9705,1,0.363117,0,0.44,4,5,FALSE,FALSE,FALSE
"GENE1740","GENE1740_HUMAN","P14702","Protein GENE1740",-0.2087,0.403361,0.372874,0,0.4284,5,5,FALSE,FALSE,FALSE
"GENE2070","GENE2070_HUMAN","P06533","Protein GENE2070",0.5864,0.149059,0.094252,0.4353,1.0257,6,6,FALSE,FALSE,FALSE
"GENE1717","GENE1717_HUMAN","P73900","Protein GENE1717",0.6718,1,0.857697,0,0.0667,5,5,FALSE,FALSE,FALSE
"GENE0433","GENE0433_HUMAN","P28930","Protein GENE0433",-0.4591,1,0.581076,0,0.2358,5,6,FALSE,TRUE,FALSE
"GENE1207","GENE1207_HUMAN","P76290","Protein GENE1207",-0.3365,1,0.603116,0,0.2196,5,5,FALSE,FALSE,FALSE
"GENE1368","GENE1368_HUMAN","P55301","Protein GENE1368",-0.1319,0.951532,0.293237,0,0.5328,4,4,TRUE,FALSE,FALSE
"GENE1584","GENE1584_HUMAN","P54825","Protein GENE1584",-0.1308,1,0.312034,0.3566,0.5058,6,2,FALSE,FALSE,FALSE
"GENE2892","GENE2892_HUMAN","P11608","Protein GENE2892",-0.0297,0.702197,0.181736,0.3615,0.7406,5,6,FALSE,TRUE,FALSE
"GENE1923","GENE1923_HUMAN","P39041","Protein GENE1923",-0.7798,1,0.590734,0,0.2286,4,6,FALSE,FALSE,FALSE
"GENE1948","GENE1948_HUMAN","P08992","Protein GENE1948",-0.4647,1,0.695379,0,0.1578,2,2,FALSE,FALSE,FALSE
"GENE2866","GENE2866_HUMAN","P21437","Protein GENE2866",0.1611,0.400256,0.08647,0.3765,1.0631,5,4,FALSE,FALSE,FALSE
"GENE0684","GENE0684_HUMAN","P98902","Protein GENE0684",0.6377,0.431792,0.098496,0.7579,1.0066,3,2,FALSE,FALSE,FALSE
"GENE0281","GENE0281_HUMAN","P06440","Protein GENE0281",-0.2404,0.945122,0.221022,0.078,0.6556,5,6,FALSE,FALSE,FALSE
"GENE1358","GENE1358_HUMAN","P56065","Protein GENE1358",0.7503,1,0.892386,0,0.0494,6,5,FALSE,FALSE,FALSE
"GENE1782","GENE1782_HUMAN","P12870","Protein GENE1782",0.2364,1,0.816079,0,0.0883,6,5,FALSE,FALSE,FALSE
"GENE2325","GENE2325_HUMAN","P20582","Protein GENE2325",-0.4918,1,0.664419,0,0.1776,4,5,FALSE,FALSE,FALSE
"GENE0645","GENE0645_HUMAN","P47240","Protein GENE0645",-3.1882,0.176016,0.037864,0.8869,1.4218,4,4,FALSE,FALSE,TRUE
"GENE0691","GENE0691_HUMAN","P69012","Protein GENE0691",0.6467,0.038983,0.011446,1.8437,1.9414,2,2,FALSE,FALSE,TRUE
"GENE1166","GENE1166_HUMAN","P77696","Protein GENE1166",0.6049,1,0.636966,0,0.1959,2,2,FALSE,FALSE,FALSE
"GENE2232","GENE2232_HUMAN","P33021","Protein GENE2232",-0.0059,0.885634,0.624811,0.005,0.2043,5,5,FALSE,FALSE,FALSE
"GENE2696","GENE2696_HUMAN","P54947","Protein GENE2696",0.2513,0.511253,0.32908,0.3183,0.4827,5,2,FALSE,FALSE,FALSE
"GENE1998","GENE1998_HUMAN","P56284","Protein GENE1998",-0.2902,0.741929,0.29057,0.0682,0.5367,4,6,FALSE,FALSE,FALSE
"GENE0798","GENE0798_HUMAN","P23080","Protein GENE0798",-0.2466,1,0.998668,0,6e-04,3,5,FALSE,FALSE,FALSE
"GENE1543","GENE1543_HUMAN","P32649","Protein GENE1543",-0.1504,1,0.637771,0,0.1953,6,2,FALSE,FALSE,FALSE
"GENE1016","GENE1016_HUMAN","P55247","Protein GENE1016",-0.0801,1,0.651958,0,0.1858,4,2,FALSE,FALSE,FALSE
"GENE2077","GENE2077_HUMAN","P82521","Protein GENE2077",-0.4956,0.140681,0.079969,0.4439,1.0971,2,5,FALSE,FALSE,FALSE
"GENE2626","GENE2626_HUMAN","P57078","Protein GENE2626",-2.3009,0.025754,0.008238,1.7614,2.0842,3,2,FALSE,FALSE,TRUE
"GENE0303","GENE0303_HUMAN","P33006","Protein GENE0303",0.6968,0.024555,0.005343,1.75,2.2722,3,6,FALSE,FALSE,TRUE
"GENE2680","GENE2680_HUMAN","P23072","Protein GENE2680",-0.1017,1,0.801361,0,0.0962,4,3,FALSE,FALSE,FALSE
"GENE2615","GENE2615_HUMAN","P08122","Protein GENE2615",0.536,1,0.915679,0,0.0383,2,2,FALSE,FALSE,FALSE
"GENE0397","GENE0397_HUMAN","P23695","Protein GENE0397",-0.3052,1,0.364396,0,0.4384,4,2,FALSE,FALSE,FALSE
"GENE2728","GENE2728_HUMAN","P41348","Protein GENE2728",-0.1971,1,0.908501,0,0.0417,6,5,FALSE,FALSE,FALSE
"GENE1679","GENE1679_HUMAN","P33520","Protein GENE1679",-0.0184,1,0.839054,0,0.0762,5,4,FALSE,FALSE,FALSE
"GENE0654","GENE0654_HUMAN","P50113","Protein GENE0654",0.365,0.292183,0.141602,0.2094,0.8489,4,4,FALSE,FALSE,FALSE
"GENE1393","GENE1393_HUMAN","P94254","Protein GENE1393",0.2343,1,0.862014,0,0.0645,2,2,FALSE,FALSE,FALSE
"GENE1366","GENE1366_HUMAN","P30816","Protein GENE1366",-0.5714,0.647853,0.619658,0,0.2078,5,4,FALSE,FALSE,FALSE
"GENE0800","GENE0800_HUMAN","P58965","Protein GENE0800",-0.142,1,0.8824,0,0.0543,6,5,FALSE,FALSE,FALSE
"GENE1940","GENE1940_HUMAN","P74122","Protein GENE1940",0.4549,1,0.511669,0.1111,0.291,2,6,FALSE,FALSE,FALSE
"GENE0918","GENE0918_HUMAN","P73242","Protein GENE0918",-0.6399,1,0.862565,0,0.0642,4,6,TRUE,FALSE,FALSE
"GENE2274","GENE2274_HUMAN","P48735","Protein GENE2274",0.1751,1,0.827801,0,0.0821,4,6,FALSE,FALSE,FALSE
"GENE0570","GENE0570_HUMAN","P68037","Protein GENE0570",-0.0442,1,0.700944,0,0.1543,4,3,FALSE,FALSE,FALSE
"GENE1737","GENE1737_HUMAN","P73131","Protein GENE1737",0.1106,1,0.969735,0,0.0133,4,6,TRUE,FALSE,FALSE
"GENE2307","GENE2307_HUMAN","P02088","Protein GENE2307",-0.0023,1,0.7615,0,0.1183,2,6,FALSE,FALSE,FALSE
"GENE0312","GENE0312_HUMAN","P10548","Protein GENE0312",0.471,1,0.299357,0,0.5238,3,2,FALSE,FALSE,FALSE
"GENE2326","GENE2326_HUMAN","P05851","Protein GENE2326",1.4408,0.081795,0.033618,1.1041,1.4734,4,5,FALSE,FALSE,TRUE
"GENE0641","GENE0641_HUMAN","P30254","Protein GENE0641",0.559,0.220888,0.045448,1.2629,1.3425,4,6,FALSE,FALSE,TRUE
"GENE2784","GENE2784_HUMAN","P67173","Protein GENE2784",-0.1713,0.118994,0.115912,0.3305,0.9359,6,3,FALSE,FALSE,FALSE
"GENE2156","GENE2156_HUMAN","P85273","Protein GENE2156",0.03,1,0.901231,0,0.0452,6,3,FALSE,FALSE,FALSE
"GENE0671","GENE0671_HUMAN","P71181","Protein GENE0671",0.08,1,0.61057,0,0.2143,3,2,FALSE,FALSE,FALSE
"GENE2087","GENE2087_HUMAN","P43023","Protein GENE2087",0.2346,1,0.623738,0,0.205,3,4,FALSE,FALSE,FALSE
"GENE0307","GENE0307_HUMAN","P80495","Protein GENE0307",0.2475,1,0.619266,0,0.2081,6,3,FALSE,FALSE,FALSE
"GENE2448","GENE2448_HUMAN","P94986","Protein GENE2448",-0.275,0.987935,0.290935,0.4136,0.5362,3,3,FALSE,FALSE,FALSE
"GENE1100","GENE1100_HUMAN","P24004","Protein GENE1100",0.4506,1,0.389168,0,0.4099,2,5,FALSE,FALSE,FALSE
"GENE1786","GENE1786_HUMAN","P19090","Protein GENE1786",-0.4091,1,0.577681,0.0107,0.2383,4,5,FALSE,FALSE,FALSE
"GENE1797","GENE1797_HUMAN","P06101","Protein GENE1797",0.0528,1,0.66458,0,0.1775,5,3,FALSE,FALSE,FALSE
"GENE0679","GENE0679_HUMAN","P79768","Protein GENE0679",-0.365,1,0.838543,0,0.0765,2,2,FALSE,TRUE,FALSE
"GENE1436","GENE1436_HUMAN","P79263","Protein GENE1436",0.146,1,0.787447,0,0.1038,6,3,FALSE,FALSE,FALSE
"GENE0412","GENE0412_HUMAN","P17411","Protein GENE0412",0.1455,1,0.841257,0,0.0751,2,3,FALSE,FALSE,FALSE
"GENE2412","GENE2412_HUMAN","P27754","Protein GENE2412",-0.7556,0.576393,0.389179,0.311,0.4099,3,2,FALSE,FALSE,FALSE
"GENE1628","GENE1628_HUMAN","P99027","Protein GENE1628",0.5766,1,0.759306,0,0.1196,3,5,FALSE,FALSE,FALSE
"GENE0247","GENE0247_HUMAN","P74175","Protein GENE0247",0.2584,1,0.487293,0.2223,0.3122,3,3,FALSE,FALSE,FALSE
"GENE0794","GENE0794_HUMAN","P56377","Protein GENE0794",0.6896,1,0.747328,0,0.1265,6,6,FALSE,FALSE,FALSE
"GENE1249","GENE1249_HUMAN","P33681","Protein GENE1249",0.1843,0.457668,0.144653,0.2388,0.8397,3,2,FALSE,FALSE,FALSE
"GENE2697","GENE2697_HUMAN","P10171","Protein GENE2697",-0.4194,1,0.752955,0,0.1232,2,3,FALSE,TRUE,FALSE
"GENE0431","GENE0431_HUMAN","P62950","Protein GENE0431",0.3957,0.477123,0.194207,0.3386,0.7117,5,5,FALSE,FALSE,FALSE
"GENE1219","GENE1219_HUMAN","P30945","Protein GENE1219",-0.388,0.437075,0.309764,0.2499,0.509,6,4,FALSE,FALSE,FALSE
"GENE1656","GENE1656_HUMAN","P24786","Protein GENE1656",0.7213,1,0.955205,0,0.0199,3,5,FALSE,FALSE,FALSE
"GENE1190","GENE1190_HUMAN","P35667","Protein GENE1190",-0.821,1,0.260526,0,0.5841,6,4,FALSE,FALSE,FALSE
"GENE1434","GENE1434_HUMAN","P71013","Protein GENE1434",-0.3972,0.377474,0.109595,0.2876,0.9602,5,6,FALSE,TRUE,FALSE
"GENE1476","GENE1476_HUMAN","P75620","Protein GENE1476",-0.8207,0.230574,0.151294,0.2643,0.8202,4,4,FALSE,FALSE,FALSE
"GENE0534","GENE0534_HUMAN","P39263","Protein GENE0534",-0.3182,0.236414,0.190091,0.3143,0.721,5,5,FALSE,FALSE,FALSE
"GENE1313","GENE1313_HUMAN","P62551","Protein GENE1313",-1.888,0.008004,0.004626,2.2617,2.3348,4,6,FALSE,FALSE,TRUE
"GENE2337","GENE2337_HUMAN","P34132","Protein GENE2337",-1.6367,0.072184,0.016241,1.4503,1.7894,5,3,FALSE,TRUE,TRUE
"GENE0071","GENE0071_HUMAN","P71813","Protein GENE0071",-0.1297,1,0.887435,0,0.0519,5,5,TRUE,FALSE,FALSE
"GENE1344","GENE1344_HUMAN","P21030","Protein GENE1344",0.1255,1,0.942246,0,0.0258,4,4,FALSE,FALSE,FALSE
"GENE0322","GENE0322_HUMAN","P83959","Protein GENE0322",-0.4268,1,0.982622,0,0.0076,3,3,FALSE,FALSE,FALSE
"GENE1688","GENE1688_HUMAN","P83055","Protein GENE1688",-0.1305,1,0.89407,0,0.0486,6,4,FALSE,FALSE,FALSE
"GENE2395","GENE2395_HUMAN","P24881","Protein GENE2395",-0.3523,0.397052,0.149718,0.6208,0.8247,5,4,FALSE,FALSE,FALSE
"GENE2250","GENE2250_HUMAN","P58553","Protein GENE2250",0.2605,1,0.875851,0,0.0576,5,5,FALSE,FALSE,FALSE
"GENE0967","GENE0967_HUMAN","P85215","Protein GENE0967",0.0805,1,0.457703,0,0.3394,5,5,FALSE,FALSE,FALSE
"GENE0989","GENE0989_HUMAN","P03222","Protein GENE0989",0.3632,0.509869,0.107533,0.5618,0.9685,3,6,FALSE,FALSE,FALSE
"ASCC1","ASCC1_HUMAN","P27324","Protein ASCC1",1.8822,0.157469,0.037016,1.0102,1.4316,2,4,FALSE,FALSE,TRUE
"GENE2580","GENE2580_HUMAN","P52877","Protein GENE2580",0.2976,1,0.505408,0.0601,0.2964,2,6,FALSE,TRUE,FALSE
"GENE1504","GENE1504_HUMAN","P00074","Protein GENE1504",0.1383,0.893168,0.869033,0,0.061,3,6,FALSE,FALSE,FALSE
"GENE0551","GENE0551_HUMAN","P46141","Protein GENE0551",-0.4331,0.829684,0.333667,0.0829,0.4767,2,6,TRUE,FALSE,FALSE
"GENE2643","GENE2643_HUMAN","P54796","Protein GENE2643",0.4873,0.992233,0.451521,0,0.3453,5,3,FALSE,FALSE,FALSE
"GENE1720","GENE1720_HUMAN","P44463","Protein GENE1720",-0.2621,0.338385,0.102621,0.4734,0.9888,5,5,FALSE,FALSE,FALSE
"GENE1818","GENE1818_HUMAN","P71630","Protein GENE1818",-0.1259,0.488698,0.125889,0.4265,0.9,3,5,FALSE,FALSE,FALSE
"GENE0705","GENE0705_HUMAN","P89769","Protein GENE0705",-0.1123,1,0.642353,0,0.1922,4,6,FALSE,FALSE,FALSE
"GENE1247","GENE1247_HUMAN","P96225","Protein GENE1247",0.6643,1,0.460807,0,0.3365,3,3,FALSE,TRUE,FALSE
"GENE0620","GENE0620_HUMAN","P82064","Protein GENE0620",0.3377,1,0.592377,0.0607,0.2274,3,2,TRUE,FALSE,FALSE
"GENE0689","GENE0689_HUMAN","P37246","Protein GENE0689",-0.2519,1,0.531671,0.0803,0.2744,5,6,FALSE,FALSE,FALSE
"GENE0161","GENE0161_HUMAN","P11935","Protein GENE0161",-0.4634,1,0.381108,0,0.419,4,4,FALSE,FALSE,FALSE
"NEK9","NEK9_HUMAN","P74156","Protein NEK9",3.0347,0.087607,0.02255,1.4729,1.6469,3,2,FALSE,FALSE,TRUE
"GENE0093","GENE0093_HUMAN","P36341","Protein GENE0093",0.3295,1,0.758505,0,0.12,5,3,FALSE,FALSE,FALSE
"GENE2474","GENE2474_HUMAN","P98701","Protein GENE2474",-0.3469,1,0.647819,0,0.1885,6,3,FALSE,FALSE,FALSE
"CMTR1","CMTR1_HUMAN","P98630","Protein CMTR1",-0.237,0.383296,0.123588,0.3574,0.908,6,6,FALSE,FALSE,FALSE
"GENE2893","GENE2893_HUMAN","P28486","Protein GENE2893",0.4249,0.503609,0.191336,0.3941,0.7182,5,6,FALSE,FALSE,FALSE
"GENE0746","GENE0746_HUMAN","P43638","Protein GENE0746",-0.3306,1,0.561922,0,0.2503,4,4,TRUE,FALSE,FALSE
"GENE1894","GENE1894_HUMAN","P19140","Protein GENE1894",-0.4327,1,0.647777,0,0.1886,6,3,FALSE,FALSE,FALSE
"GENE2359","GENE2359_HUMAN","P40155","Protein GENE2359",-0.1118,1,0.582092,0,0.235,2,4,FALSE,FALSE,FALSE
"GENE2439","GENE2439_HUMAN","P74646","Protein GENE2439",0.4574,1,0.433625,0,0.3629,5,2,FALSE,FALSE,FALSE
"GENE0876","GENE0876_HUMAN","P40695","Protein GENE0876",-0.3127,1,0.568733,0,0.2451,2,6,FALSE,FALSE,FALSE
"GENE0928","GENE0928_HUMAN","P96094","Protein GENE0928",-0.0844,0.719967,0.389639,0,0.4093,4,5,FALSE,FALSE,FALSE
"GENE1164","GENE1164_HUMAN","P49511","Protein GENE1164",0.1677,1,0.515902,0.0552,0.2874,4,5,FALSE,FALSE,FALSE
"GENE0603","GENE0603_HUMAN","P25590","Protein GENE0603",-0.0163,1,0.715715,0,0.1453,4,6,FALSE,FALSE,FALSE
"GENE2806","GENE2806_HUMAN","P05847","Protein GENE2806",0.1799,0.606335,0.320867,0.1703,0.4937,5,6,FALSE,FALSE,FALSE
"GENE1794","GENE1794_HUMAN","P14732","Protein GENE1794",-0.0622,0.225159,0.119553,0.4198,0.9224,4,5,FALSE,FALSE,FALSE
"GENE1954","GENE1954_HUMAN","P25215","Protein GENE1954",-0.1419,0.572887,0.157778,0.5288,0.802,4,4,TRUE,FALSE,FALSE
"GENE1634","GENE1634_HUMAN","P62637","Protein GENE1634",-0.3126,1,0.263708,0.0467,0.5789,3,3,FALSE,FALSE,FALSE
"GENE1978","GENE1978_HUMAN","P69221","Protein GENE1978",-0.1834,0.593601,0.2067,0.2433,0.6847,6,6,FALSE,FALSE,FALSE
"GENE2125","GENE2125_HUMAN","P31894","Protein GENE2125",0.5955,1,0.767318,0,0.115,5,4,FALSE,FALSE,FALSE
"GENE0983","GENE0983_HUMAN","P54385","Protein GENE0983",-0.0133,0.716306,0.197097,0.2136,0.7053,2,6,FALSE,FALSE,FALSE
"GENE0064","GENE0064_HUMAN","P64266","Protein GENE0064",0.2258,1,0.867924,0,0.0615,5,3,FALSE,FALSE,FALSE
"GENE2110","GENE2110_HUMAN","P21872","Protein GENE2110",-0.1099,1,0.356265,0.1293,0.4482,2,6,FALSE,FALSE,FALSE
"GENE2014","GENE2014_HUMAN","P66121","Protein GENE2014",0.0317,1,0.704113,0,0.1524,3,6,FALSE,FALSE,FALSE
"GENE2114","GENE2114_HUMAN","P00725","Protein GENE2114",0.1364,1,0.375667,0,0.4252,3,4,FALSE,FALSE,FALSE
"GENE2347","GENE2347_HUMAN","P81437","Protein GENE2347",0.0735,1,0.325687,0.1804,0.4872,3,6,FALSE,FALSE,FALSE
"GENE2343","GENE2343_HUMAN","P02197","Protein GENE2343",0.2597,0.957231,0.326109,0,0.4866,4,3,FALSE,FALSE,FALSE
"GENE1325","GENE1325_HUMAN","P37842","Protein GENE1325",0.1532,0.592405,0.190512,0.0818,0.7201,4,2,FALSE,TRUE,FALSE
"GENE1820","GENE1820_HUMAN","P04260","Protein GENE1820",0.1827,0.592814,0.287266,0,0.5417,5,4,FALSE,FALSE,FALSE
"GENE1490","GENE1490_HUMAN","P60414","Protein GENE1490",-0.0675,1,0.724011,0.0125,0.1403,5,6,FALSE,FALSE,FALSE
"GENE2421","GENE2421_HUMAN","P00236","Protein GENE2421",-0.0446,1,0.72822,0.1055,0.1377,3,4,FALSE,FALSE,FALSE
"GENE2353","GENE2353_HUMAN","P47834","Protein GENE2353",0.0338,1,0.674657,0,0.1709,4,4,FALSE,FALSE,FALSE
"GENE1655","GENE1655_HUMAN","P14796","Protein GENE1655",-0.1283,1,0.827082,0,0.0825,4,5,FALSE,FALSE,FALSE
"GENE0268","GENE0268_HUMAN","P61881","Protein GENE0268",-0.0321,1,0.630594,0,0.2003,6,5,FALSE,FALSE,FALSE
"GENE0413","GENE0413_HUMAN","P70028","Protein GENE0413",-0.0077,0.765017,0.157404,0.2944,0.803,4,2,FALSE,FALSE,FALSE
"GENE1748","GENE1748_HUMAN","P93528","Protein GENE1748",0.0624,0.767494,0.317776,0.2326,0.4979,5,5,FALSE,FALSE,FALSE
"GENE0596","GENE0596_HUMAN","P99277","Protein GENE0596",-0.2358,1,0.406004,0,0.3915,4,4,FALSE,FALSE,FALSE
"GENE0631","GENE0631_HUMAN","P92883","Protein GENE0631",0.343,0.55605,0.185661,0.2843,0.7313,6,3,FALSE,FALSE,FALSE
"GENE0991","GENE0991_HUMAN","P94671","Protein GENE0991",-0.5436,1,0.250146,0,0.6018,6,6,FALSE,FALSE,FALSE
"GENE2686","GENE2686_HUMAN","P50163","Protein GENE2686",0.6388,1,0.67308,0,0.1719,3,6,FALSE,FALSE,FALSE
"GENE0443","GENE0443_HUMAN","P92864","Protein GENE0443",-0.1109,1,0.891677,0,0.0498,3,3,FALSE,FALSE,FALSE
"GENE2829","GENE2829_HUMAN","P89480","Protein GENE2829",0.0627,1,0.736163,0,0.133,6,6,FALSE,FALSE,FALSE
"GENE1047","GENE1047_HUMAN","P23821","Protein GENE1047",-0.1121,1,0.688389,0,0.1622,5,3,FALSE,FALSE,FALSE
"GENE2093","GENE2093_HUMAN","P81579","Protein GENE2093",0.7535,0.389534,0.102035,0.5839,0.9913,2,6,FALSE,FALSE,FALSE
"GENE2461","GENE2461_HUMAN","P35852","Protein GENE2461",-0.4286,0.553694,0.321477,0,0.4928,4,3,FALSE,FALSE,FALSE
"GENE1103","GENE1103_HUMAN","P73667","Protein GENE1103",0.3684,1,0.870682,0,0.0601,4,2,FALSE,FALSE,FALSE
"NEK6","NEK6_HUMAN","P26007","Protein NEK6",2.8299,0.15208,0.032653,0.9192,1.4861,5,6,FALSE,FALSE,TRUE
"GENE0885","GENE0885_HUMAN","P53248","Protein GENE0885",-0.1119,0.953713,0.602231,0,0.2202,6,6,FALSE,FALSE,FALSE
"GENE2393","GENE2393_HUMAN","P09301","Protein GENE2393",0.535,1,0.60948,0,0.215,2,5,FALSE,FALSE,FALSE
"GENE1790","GENE1790_HUMAN","P24600","Protein GENE1790",0.2585,1,0.824998,0,0.0835,6,6,FALSE,FALSE,FALSE
"GENE1917","GENE1917_HUMAN","P36248","Protein GENE1917",-0.2849,1,0.220836,0.3688,0.6559,3,6,TRUE,FALSE,FALSE
"GENE1200","GENE1200_HUMAN","P99995","Protein GENE1200",0.0176,0.63023,0.156702,0.3181,0.8049,2,6,FALSE,FALSE,FALSE
"GENE1485","GENE1485_HUMAN","P63843","Protein GENE1485",-0.2539,0.478969,0.461408,0,0.3359,4,3,FALSE,FALSE,FALSE
"GENE0881","GENE0881_HUMAN","P77791","Protein GENE0881",0.3132,1,0.803755,0,0.0949,2,6,FALSE,TRUE,FALSE
"GENE2382","GENE2382_HUMAN","P00331","Protein GENE2382",-0.0728,1,0.474674,0,0.3236,2,2,FALSE,FALSE,FALSE
"GENE2373","GENE2373_HUMAN","P60090","Protein GENE2373",-0.1739,1,0.698151,0,0.1561,6,3,FALSE,FALSE,FALSE
"GENE0731","GENE0731_HUMAN","P24951","Protein GENE0731",-0.2759,1,0.936127,0,0.0287,5,4,FALSE,FALSE,FALSE
"GENE2345","GENE2345_HUMAN","P22539","Protein GENE2345",0.5603,1,0.890706,0,0.0503,6,4,FALSE,FALSE,FALSE
"GENE0572","GENE0572_HUMAN","P58715","Protein GENE0572",0.1774,1,0.926104,0,0.0333,4,2,FALSE,FALSE,FALSE
"GENE1427","GENE1427_HUMAN","P42682","Protein GENE1427",-0.4665,1,0.538509,0,0.2688,4,5,FALSE,TRUE,FALSE
"GENE1408","GENE1408_HUMAN","P26612","Protein GENE1408",0.0826,0.811611,0.566567,0,0.2467,2,3,FALSE,FALSE,FALSE
"GENE0770","GENE0770_HUMAN","P83028","Protein GENE0770",-0.2732,1,0.998028,0,9e-04,3,2,FALSE,FALSE,FALSE
"GENE1709","GENE1709_HUMAN","P62343","Protein GENE1709",-0.3662,1,0.533365,0,0.273,2,5,TRUE,FALSE,FALSE
"GENE1089","GENE1089_HUMAN","P40951","Protein GENE1089",0.1862,1,0.600267,0,0.2217,2,2,TRUE,FALSE,FALSE
"GENE2734","GENE2734_HUMAN","P97408","Protein GENE2734",0.4066,1,0.654332,0,0.1842,3,6,FALSE,TRUE,FALSE
"GENE2651","GENE2651_HUMAN","P04594","Protein GENE2651",0.2454,1,0.808027,0.0392,0.0926,6,4,FALSE,FALSE,FALSE
"GENE0931","GENE0931_HUMAN","P52084","Protein GENE0931",-0.1379,1,0.485641,0,0.3137,4,4,FALSE,FALSE,FALSE
"GENE2589","GENE2589_HUMAN","P55276","Protein GENE2589",0.369,1,0.994226,0,0.0025,3,3,FALSE,FALSE,FALSE
"GENE0500","GENE0500_HUMAN","P76042","Protein GENE0500",0.1776,1,0.944918,0,0.0246,5,3,FALSE,FALSE,FALSE
"GENE2117","GENE2117_HUMAN","P76862","Protein GENE2117",1.1085,1,0.880767,0,0.0551,5,5,FALSE,FALSE,FALSE
"GENE2584","GENE2584_HUMAN","P24581","Protein GENE2584",0.1332,1,0.638974,0,0.1945,4,2,FALSE,FALSE,FALSE
"GENE1760","GENE1760_HUMAN","P06844","Protein GENE1760",-0.2013,0.92786,0.21769,0.4001,0.6622,4,2,FALSE,FALSE,FALSE
"GENE1910","GENE1910_HUMAN","P06972","Protein GENE1910",-0.7247,1,0.845764,0,0.0728,4,5,FALSE,FALSE,FALSE
"GENE1605","GENE1605_HUMAN","P23858","Protein GENE1605",-0.4817,1,0.942534,0,0.0257,5,3,FALSE,FALSE,FALSE
"GENE1879","GENE1879_HUMAN","P56506","Protein GENE1879",2.7025,0.118442,0.036877,0.836,1.4332,3,3,FALSE,FALSE,TRUE
"GENE1005","GENE1005_HUMAN","P92254","Protein GENE1005",-0.4539,1,0.669725,0,0.1741,2,4,FALSE,FALSE,FALSE
"GENE0241","GENE0241_HUMAN","P42796","Protein GENE0241",-0.4375,1,0.775047,0,0.1107,5,2,FALSE,FALSE,FALSE
"GENE0777","GENE0777_HUMAN","P26853","Protein GENE0777",0.1145,1,0.916548,0,0.0378,3,4,FALSE,FALSE,FALSE
"GENE2527","GENE2527_HUMAN","P44652","Protein GENE2527",0.7635,0.52169,0.225568,0.4178,0.6467,3,5,FALSE,FALSE,FALSE
"GENE1752","GENE1752_HUMAN","P77759","Protein GENE1752",1.0671,1,0.622543,0,0.2058,2,2,FALSE,FALSE,FALSE
"GENE2781","GENE2781_HUMAN","P98657","Protein GENE2781",-0.3395,1,0.806292,0,0.0935,4,3,FALSE,FALSE,FALSE
"GENE2378","GENE2378_HUMAN","P42872","Protein GENE2378",0.4173,0.559161,0.31669,0.2471,0.4994,6,6,FALSE,FALSE,FALSE
"GENE0639","GENE0639_HUMAN","P66540","Protein GENE0639",-0.329,0.600558,0.125987,0.2473,0.8997,5,6,FALSE,FALSE,FALSE
"GENE1754","GENE1754_HUMAN","P27479","Protein GENE1754",0.2903,0.408873,0.191119,0.1345,0.7187,2,4,FALSE,FALSE,FALSE
"GENE2560","GENE2560_HUMAN","P25197","Protein GENE2560",-0.1133,1,0.708268,0,0.1498,4,4,FALSE,FALSE,FALSE
"GENE2435","GENE2435_HUMAN","P36450","Protein GENE2435",-0.1117,1,0.803257,0,0.0951,5,2,TRUE,FALSE,FALSE
"GENE1562","GENE1562_HUMAN","P54713","Protein GENE1562",0.0464,1,0.216317,0.3245,0.6649,6,2,FALSE,FALSE,FALSE
"GENE0153","GENE0153_HUMAN","P65823","Protein GENE0153",-0.387,1,0.609695,0,0.2149,3,4,FALSE,TRUE,FALSE
"GENE2067","GENE2067_HUMAN","P32467","Protein GENE2067",-0.4249,1,0.619411,0,0.208,3,6,FALSE,FALSE,FALSE
"GENE1889","GENE1889_HUMAN","P15744","Protein GENE1889",0.1026,0.986604,0.277923,0.0078,0.5561,5,3,FALSE,FALSE,FALSE
"GENE1884","GENE1884_HUMAN","P17831","Protein GENE1884",-0.6017,0.950879,0.316949,0.085,0.499,3,4,FALSE,FALSE,FALSE
"GENE1673","GENE1673_HUMAN","P81649","Protein GENE1673",0.1171,1,0.729789,0,0.1368,2,4,FALSE,FALSE,FALSE
"GENE2376","GENE2376_HUMAN","P23312","Protein GENE2376",-0.2232,0.266267,0.094007,0.455,1.0268,2,6,FALSE,FALSE,FALSE
"GENE2176","GENE2176_HUMAN","P24742","Protein GENE2176",-0.9867,1,0.48091,0,0.3179,2,6,TRUE,FALSE,FALSE
"GENE2628","GENE2628_HUMAN","P11384","Protein GENE2628",0.1437,1,0.972734,0,0.012,6,2,FALSE,FALSE,FALSE
"GENE2174","GENE2174_HUMAN","P25837","Protein GENE2174",-0.3515,1,0.774677,0,0.1109,5,5,FALSE,FALSE,FALSE
"GENE0650","GENE0650_HUMAN","P01728","Protein GENE0650",0.2105,1,0.794181,0,0.1001,4,4,FALSE,FALSE,FALSE
"GENE1163","GENE1163_HUMAN","P94848","Protein GENE1163",0.0097,0.445475,0.229335,0.1059,0.6395,2,5,FALSE,FALSE,FALSE
"GENE0568","GENE0568_HUMAN","P99418","Protein GENE0568",-0.0565,0.208263,0.105148,0.6014,0.9782,3,2,FALSE,FALSE,FALSE
"GENE2416","GENE2416_HUMAN","P85432","Protein GENE2416",-0.0497,1,0.987832,0,0.0053,5,4,FALSE,TRUE,FALSE
"GENE1151","GENE1151_HUMAN","P96687","Protein GENE1151",0.2663,0.929381,0.292284,0,0.5342,3,5,FALSE,TRUE,FALSE
"GENE1318","GENE1318_HUMAN","P24268","Protein GENE1318",0.0612,0.450474,0.330145,0,0.4813,5,5,TRUE,FALSE,FALSE
"GENE0554","GENE0554_HUMAN","P56456","Protein GENE0554",-0.4124,1,0.845777,0,0.0727,3,3,FALSE,FALSE,FALSE
"GENE0457","GENE0457_HUMAN","P17601","Protein GENE0457",0.0409,1,0.898091,0,0.0467,2,2,TRUE,FALSE,FALSE
"GENE2450","GENE2450_HUMAN","P65091","Protein GENE2450",0.026,0.792596,0.208165,0.0556,0.6816,3,4,FALSE,FALSE,FALSE
"GENE2473","GENE2473_HUMAN","P35833","Protein GENE2473",-0.1643,0.251806,0.065972,0.8567,1.1806,4,6,FALSE,FALSE,FALSE
"GENE1961","GENE1961_HUMAN","P33899","Protein GENE1961",0.2059,0.828398,0.271142,0.124,0.5668,4,5,FALSE,FALSE,FALSE
"GENE0533","GENE0533_HUMAN","P32934","Protein GENE0533",-0.3193,1,0.313598,0,0.5036,5,2,FALSE,TRUE,FALSE
"GENE2692","GENE2692_HUMAN","P42814","Protein GENE2692",-0.0545,0.162247,0.062317,0.7979,1.2054,6,6,TRUE,FALSE,FALSE
"GENE0405","GENE0405_HUMAN","P04206","Protein GENE0405",0.2147,0.488563,0.248992,0.4453,0.6038,5,6,FALSE,FALSE,FALSE
"GENE0818","GENE0818_HUMAN","P12504","Protein GENE0818",0.0993,0.694717,0.33763,0,0.4716,5,5,FALSE,FALSE,FALSE
"GENE2531","GENE2531_HUMAN","P54600","Protein GENE2531",0.374,1,0.8811,0,0.055,4,3,FALSE,FALSE,FALSE
"GENE0352","GENE0352_HUMAN","P82575","Protein GENE0352",-0.232,1,0.83484,0,0.0784,3,5,FALSE,FALSE,FALSE
"GENE1251","GENE1251_HUMAN","P63945","Protein GENE1251",0.2604,1,0.472817,0.2145,0.3253,6,3,FALSE,TRUE,FALSE
"GENE1735","GENE1735_HUMAN","P46479","Protein GENE1735",-0.0121,1,0.44964,0,0.3471,6,6,FALSE,FALSE,FALSE
"GENE0944","GENE0944_HUMAN","P21715","Protein GENE0944",0.5804,1,0.454988,0.2951,0.342,6,3,FALSE,FALSE,FALSE
"GENE2691","GENE2691_HUMAN","P56976","Protein GENE2691",0.635,1,0.571557,0.1907,0.2429,5,2,FALSE,FALSE,FALSE
"GENE0775","GENE0775_HUMAN","P85767","Protein GENE0775",0.272,0.24544,0.075344,0.8653,1.123,3,4,FALSE,FALSE,FALSE
"GENE1263","GENE1263_HUMAN","P56925","Protein GENE1263",-0.0822,0.716477,0.227298,0.5423,0.6434,5,6,FALSE,FALSE,FALSE
"GENE1798","GENE1798_HUMAN","P97618","Protein GENE1798",-0.5462,0.257636,0.132046,0.8592,0.8793,3,5,FALSE,FALSE,FALSE
"GENE1317","GENE1317_HUMAN","P69182","Protein GENE1317",0.0715,1,0.902899,0,0.0444,5,3,FALSE,FALSE,FALSE
"GENE1787","GENE1787_HUMAN","P54083","Protein GENE1787",-0.6774,0.748717,0.666305,0,0.1763,6,6,FALSE,FALSE,FALSE
"GENE2853","GENE2853_HUMAN","P25971","Protein GENE2853",-0.2155,1,0.845157,0,0.0731,2,6,TRUE,FALSE,FALSE
"GENE1068","GENE1068_HUMAN","P26369","Protein GENE1068",-0.1884,0.62,0.159919,0.5235,0.7961,2,6,FALSE,TRUE,FALSE
"GENE0913","GENE0913_HUMAN","P15180","Protein GENE0913",-0.2241,0.242765,0.126448,0.2463,0.8981,2,2,FALSE,FALSE,FALSE
"GENE2698","GENE2698_HUMAN","P25293","Protein GENE2698",0.6021,0.132106,0.069035,0.613,1.1609,6,3,FALSE,FALSE,FALSE
"GENE1240","GENE1240_HUMAN","P30275","Protein GENE1240",-0.2857,1,0.898757,0,0.0464,4,4,FALSE,FALSE,FALSE
"GENE1285","GENE1285_HUMAN","P64832","Protein GENE1285",-0.0744,1,0.759016,0,0.1197,2,3,FALSE,FALSE,FALSE
"GENE1666","GENE1666_HUMAN","P98072","Protein GENE1666",-0.0372,0.696874,0.530262,0,0.2755,2,3,FALSE,FALSE,FALSE
"GENE2456","GENE2456_HUMAN","P80088","Protein GENE2456",-0.0532,1,0.443704,0,0.3529,3,6,FALSE,FALSE,FALSE
"GENE0097","GENE0097_HUMAN","P48994","Protein GENE0097",-0.5043,0.400704,0.354416,0,0.4505,3,3,FALSE,FALSE,FALSE
"GENE2217","GENE2217_HUMAN","P46115","Protein GENE2217",-0.7109,0.554654,0.224907,0.4583,0.648,3,4,FALSE,TRUE,FALSE
"GENE1512","GENE1512_HUMAN","P01500","Protein GENE1512",0.0527,0.826447,0.548356,0,0.2609,5,6,FALSE,FALSE,FALSE
"GENE0981","GENE0981_HUMAN","P49211","Protein GENE0981",-0.2088,1,0.737531,0,0.1322,4,5,FALSE,FALSE,FALSE
"GENE0035","GENE0035_HUMAN","P65181","Protein GENE0035",0.3535,1,0.668845,0,0.1747,4,3,FALSE,FALSE,FALSE
"GENE2875","GENE2875_HUMAN","P78474","Protein GENE2875",-0.6036,1,0.94874,0,0.0229,2,2,FALSE,FALSE,FALSE
"GENE0673","GENE0673_HUMAN","P98685","Protein GENE0673",-0.161,1,0.595828,0.1878,0.2249,5,6,FALSE,FALSE,FALSE
"GENE1721","GENE1721_HUMAN","P33750","Protein GENE1721",0.3186,1,0.993827,0,0.0027,2,2,FALSE,TRUE,FALSE
"GENE1445","GENE1445_HUMAN","P55840","Protein GENE1445",-0.0835,1,0.514585,0,0.2885,3,2,FALSE,TRUE,FALSE
"GENE2327","GENE2327_HUMAN","P69928","Protein GENE2327",0.4618,0.973234,0.196883,0.263,0.7058,4,2,FALSE,FALSE,FALSE
"GENE2824","GENE2824_HUMAN","P19452","Protein GENE2824",0.742,1,0.937587,0,0.028,2,2,FALSE,FALSE,FALSE
"GENE2740","GENE2740_HUMAN","P76221","Protein GENE2740",-0.3346,0.802481,0.594547,0,0.2258,5,6,FALSE,FALSE,FALSE
"GENE1538","GENE1538_HUMAN","P98309","Protein GENE1538",-1.083,1,0.269745,0,0.569,3,6,FALSE,FALSE,FALSE
"GENE1287","GENE1287_HUMAN","P21303","Protein GENE1287",0.2402,1,0.782439,0,0.1065,5,2,FALSE,FALSE,FALSE
"GENE2312","GENE2312_HUMAN","P32823","Protein GENE2312",-0.4405,1,0.892979,0,0.0492,4,3,FALSE,FALSE,FALSE
"GENE0058","GENE0058_HUMAN","P90698","Protein GENE0058",-0.5287,0.341419,0.127164,0.8616,0.8956,3,5,FALSE,FALSE,FALSE
"GENE1915","GENE1915_HUMAN","P01161","Protein GENE1915",0.3671,1,0.329519,0.308,0.4821,6,3,FALSE,FALSE,FALSE
"GENE2262","GENE2262_HUMAN","P97316","Protein GENE2262",-0.3187,0.484081,0.239431,0.4353,0.6208,5,5,FALSE,TRUE,FALSE
"GENE0994","GENE0994_HUMAN","P94302","Protein GENE0994",0.0284,0.584548,0.526464,0,0.2786,4,4,FALSE,FALSE,FALSE
"GENE0200","GENE0200_HUMAN","P15755","Protein GENE0200",-0.2333,1,0.872852,0,0.0591,3,5,FALSE,FALSE,FALSE
"GENE2752","GENE2752_HUMAN","P78449","Protein GENE2752",-0.3062,1,0.661364,0,0.1796,2,2,FALSE,FALSE,FALSE
"GENE1706","GENE1706_HUMAN","P55782","Protein GENE1706",0.0466,0.272949,0.174849,0.4533,0.7573,3,6,FALSE,FALSE,FALSE
"GENE1337","GENE1337_HUMAN","P93464","Protein GENE1337",-0.1929,1,0.330619,0.2372,0.4807,2,2,FALSE,FALSE,FALSE
"GENE2258","GENE2258_HUMAN","P11351","Protein GENE2258",0.5548,1,0.766982,0,0.1152,6,3,FALSE,FALSE,FALSE
"GENE2429","GENE2429_HUMAN","P64217","Protein GENE2429",-0.4367,0.388132,0.179263,0.0615,0.7465,3,2,FALSE,FALSE,FALSE
"GENE0436","GENE0436_HUMAN","P39986","Protein GENE0436",0.4651,0.79637,0.356844,0,0.4475,6,4,FALSE,TRUE,FALSE
"GENE0031","GENE0031_HUMAN","P91832","Protein GENE0031",-0.3446,0.667184,0.362677,0,0.4405,6,3,FALSE,FALSE,FALSE
"GENE0693","GENE0693_HUMAN","P41722","Protein GENE0693",-0.3292,0.156026,0.065387,0.5467,1.1845,5,4,FALSE,FALSE,FALSE
"GENE2677","GENE2677_HUMAN","P61062","Protein GENE2677",-0.3224,1,0.766286,0,0.1156,6,2,FALSE,FALSE,FALSE
"GENE1228","GENE1228_HUMAN","P73176","Protein GENE1228",-0.2584,1,0.701058,0,0.1542,3,2,FALSE,FALSE,FALSE
"GENE2002","GENE2002_HUMAN","P32522","Protein GENE2002",-0.4118,0.979233,0.244143,0,0.6124,5,6,FALSE,FALSE,FALSE
"GENE1674","GENE1674_HUMAN","P99125","Protein GENE1674",-0.1501,1,0.624068,0,0.2048,4,3,TRUE,FALSE,FALSE
"GENE2315","GENE2315_HUMAN","P48855","Protein GENE2315",0.0455,1,0.655379,0,0.1835,2,2,TRUE,FALSE,FALSE
"GENE0232","GENE0232_HUMAN","P96816","Protein GENE0232",0.4004,1,0.545053,0,0.2636,4,6,FALSE,FALSE,FALSE
"GENE1136","GENE1136_HUMAN","P97689","Protein GENE1136",0.1885,1,0.577736,0,0.2383,3,4,FALSE,FALSE,FALSE
"GENE2273","GENE2273_HUMAN","P86975","Protein GENE2273",-0.4617,0.999028,0.208365,0.0609,0.6812,5,4,FALSE,FALSE,FALSE
"GENE0872","GENE0872_HUMAN","P62642","Protein GENE0872",-0.8037,0.841347,0.275891,0,0.5593,2,3,FALSE,FALSE,FALSE
"GENE1361","GENE1361_HUMAN","P90442","Protein GENE1361",0.3602,1,0.822079,0,0.0851,4,6,FALSE,FALSE,FALSE
"GENE1310","GENE1310_HUMAN","P64649","Protein GENE1310",0.2549,1,0.519295,0.2836,0.2846,5,5,FALSE,FALSE,FALSE
"GENE2745","GENE2745_HUMAN","P76579","Protein GENE2745",0.2364,1,0.586326,0,0.2319,4,6,FALSE,FALSE,FALSE
"GENE0286","GENE0286_HUMAN","P93540","Protein GENE0286",0.412,1,0.941693,0,0.0261,4,6,FALSE,FALSE,FALSE
"GENE0417","GENE0417_HUMAN","P21408","Protein GENE0417",-0.171,0.98608,0.455034,0,0.342,4,5,TRUE,FALSE,FALSE
"GENE1342","GENE1342_HUMAN","P79544","Protein GENE1342",-0.4373,1,0.303213,0.2422,0.5183,2,3,FALSE,FALSE,FALSE
"GENE2739","GENE2739_HUMAN","P25951","Protein GENE2739",-0.7336,0.999166,0.248685,0.1507,0.6044,3,6,FALSE,FALSE,FALSE
"GENE0479","GENE0479_HUMAN","P78933","Protein GENE0479",-0.0353,1,0.936562,0,0.0285,4,6,FALSE,FALSE,FALSE
"GENE1701","GENE1701_HUMAN","P82109","Protein GENE1701",-0.3348,1,0.721144,0,0.142,6,5,FALSE,FALSE,FALSE
"GENE2546","GENE2546_HUMAN","P41884","Protein GENE2546",-0.0468,1,0.587527,0,0.231,2,2,FALSE,FALSE,FALSE
"GENE1684","GENE1684_HUMAN","P29069","Protein GENE1684",0.3175,1,0.692148,0,0.1598,3,4,FALSE,FALSE,FALSE
"GENE0917","GENE0917_HUMAN","P62685","Protein GENE0917",0.365,1,0.429941,0,0.3666,5,6,FALSE,FALSE,FALSE
"GENE0076","GENE0076_HUMAN","P65888","Protein GENE0076",-0.0157,0.570219,0.324783,0,0.4884,3,4,FALSE,FALSE,FALSE
"GENE2532","GENE2532_HUMAN","P66633","Protein GENE2532",0.2424,0.413344,0.175087,0.0797,0.7567,6,2,FALSE,FALSE,FALSE
"GENE2506","GENE2506_HUMAN","P17370","Protein GENE2506",0.1502,1,0.772848,0,0.1119,3,6,FALSE,FALSE,FALSE
"GENE1398","GENE1398_HUMAN","P82465","Protein GENE1398",-0.1433,1,0.475273,0.2742,0.3231,6,6,FALSE,FALSE,FALSE
"GENE0958","GENE0958_HUMAN","P36884","Protein GENE0958",0.4827,1,0.456911,0,0.3402,3,2,TRUE,FALSE,FALSE
"GENE2741","GENE2741_HUMAN","P88934","Protein GENE2741",-0.2475,1,0.457744,0,0.3394,3,5,FALSE,FALSE,FALSE
"GENE1212","GENE1212_HUMAN","P32594","Protein GENE1212",-0.2012,0.279939,0.194845,0.1987,0.7103,3,6,FALSE,FALSE,FALSE
"GENE0804","GENE0804_HUMAN","P22901","Protein GENE0804",-0.1519,1,0.714664,0,0.1459,5,3,FALSE,FALSE,FALSE
"GENE2304","GENE2304_HUMAN","P11857","Protein GENE2304",0.2691,0.855967,0.279998,0.0862,0.5528,4,6,FALSE,FALSE,FALSE
"GENE1159","GENE1159_HUMAN","P79050","Protein GENE1159",0.073,1,0.502264,0,0.2991,2,4,FALSE,FALSE,FALSE
"GENE2762","GENE2762_HUMAN","P97138","Protein GENE2762",0.0995,1,0.975693,0,0.0107,4,2,FALSE,FALSE,FALSE
"GENE1553","GENE1553_HUMAN","P66289","Protein GENE1553",0.5031,1,0.841093,0,0.0752,2,4,FALSE,TRUE,FALSE
"GENE2733","GENE2733_HUMAN","P74851","Protein GENE2733",0.476,0.319366,0.169726,0.1315,0.7703,4,4,TRUE,FALSE,FALSE
"GENE0789","GENE0789_HUMAN","P55332","Protein GENE0789",0.9053,1,0.455135,0,0.3419,2,6,FALSE,FALSE,FALSE
"GENE1260","GENE1260_HUMAN","P10000","Protein GENE1260",-0.3,0.841789,0.653306,0,0.1849,3,4,FALSE,FALSE,FALSE
"GENE1877","GENE1877_HUMAN","P33712","Protein GENE1877",0.0051,1,0.358327,0,0.4457,3,6,FALSE,FALSE,FALSE
"GENE1730","GENE1730_HUMAN","P97902","Protein GENE1730",-0.2059,0.325374,0.080676,0.4493,1.0933,3,5,FALSE,FALSE,FALSE
"GENE2316","GENE2316_HUMAN","P68316","Protein GENE2316",1.1182,1,0.276082,0,0.559,5,2,TRUE,FALSE,FALSE
"GENE0379","GENE0379_HUMAN","P31837","Protein GENE0379",0.1659,0.294736,0.142766,0.3355,0.8454,6,2,FALSE,FALSE,FALSE
"GENE0651","GENE0651_HUMAN","P13787","Protein GENE0651",-0.0809,0.262336,0.072897,0.7315,1.1373,4,3,FALSE,FALSE,FALSE
"GENE1141","GENE1141_HUMAN","P28664","Protein GENE1141",-0.1338,1,0.915742,0,0.0382,2,2,FALSE,FALSE,FALSE
"GENE0345","GENE0345_HUMAN","P81252","Protein GENE0345",-0.0063,0.566855,0.229811,0.3911,0.6386,3,6,FALSE,FALSE,FALSE
"GENE0360","GENE0360_HUMAN","P79816","Protein GENE0360",-0.4468,0.679635,0.442677,0,0.3539,3,6,FALSE,FALSE,FALSE
"GENE1130","GENE1130_HUMAN","P35388","Protein GENE1130",0.3483,0.973311,0.41461,0.1616,0.3824,2,2,FALSE,FALSE,FALSE
"GENE2108","GENE2108_HUMAN","P26854","Protein GENE2108",0.9706,1,0.658147,0,0.1817,4,6,FALSE,FALSE,FALSE
"GENE2582","GENE2582_HUMAN","P99903","Protein GENE2582",0.2915,1,0.405065,0,0.3925,2,6,FALSE,FALSE,FALSE
"GENE1840","GENE1840_HUMAN","P83148","Protein GENE1840",0.3256,1,0.741246,0.0173,0.13,6,5,FALSE,FALSE,FALSE
"GENE0137","GENE0137_HUMAN","P07887","Protein GENE0137",-0.2339,1,0.696839,0,0.1569,6,2,FALSE,FALSE,FALSE
"GENE0311","GENE0311_HUMAN","P69766","Protein GENE0311",-0.279,1,0.95488,0,0.0201,5,4,TRUE,FALSE,FALSE
"GENE0894","GENE0894_HUMAN","P38125","Protein GENE0894",-1.014,1,0.780357,0,0.1077,4,6,FALSE,FALSE,FALSE
"GENE0453","GENE0453_HUMAN","P46235","Protein GENE0453",-0.3116,1,0.807589,0,0.0928,6,3,FALSE,FALSE,FALSE
"GENE0728","GENE0728_HUMAN","P52390","Protein GENE0728",-0.3418,0.176326,0.100003,0.4458,1,6,5,FALSE,FALSE,FALSE
"GENE1409","GENE1409_HUMAN","P20205","Protein GENE1409",0.044,1,0.624517,0.0634,0.2045,2,4,FALSE,FALSE,FALSE
"DDX17","DDX17_HUMAN","P40065","Protein DDX17",0.2258,1,0.981704,0,0.008,3,6,FALSE,FALSE,FALSE
"GENE0695","GENE0695_HUMAN","P50494","Protein GENE0695",-0.4816,0.695216,0.611004,0,0.214,2,6,FALSE,FALSE,FALSE
"GENE2517","GENE2517_HUMAN","P17980","Protein GENE2517",-0.0943,1,0.756905,0,0.121,5,3,TRUE,FALSE,FALSE
"GENE2264","GENE2264_HUMAN","P29939","Protein GENE2264",0.2023,0.307672,0.217976,0,0.6616,6,6,FALSE,FALSE,FALSE
"GENE2732","GENE2732_HUMAN","P32716","Protein GENE2732",0.1512,1,0.789791,0,0.1025,2,5,FALSE,FALSE,FALSE
"GENE1724","GENE1724_HUMAN","P42729","Protein GENE1724",-0.1725,1,0.326604,0.3836,0.486,4,5,FALSE,FALSE,FALSE
"GENE2354","GENE2354_HUMAN","P04954","Protein GENE2354",0.0741,1,0.899909,0,0.0458,3,4,FALSE,FALSE,FALSE
"GENE2557","GENE2557_HUMAN","P32612","Protein GENE2557",0.0468,1,0.60557,0,0.2178,4,6,FALSE,FALSE,FALSE
"GENE2804","GENE2804_HUMAN","P20313","Protein GENE2804",-0.0729,0.360375,0.077356,0.6373,1.1115,5,5,FALSE,FALSE,FALSE
"GENE2595","GENE2595_HUMAN","P63398","Protein GENE2595",-0.0097,1,0.953947,0,0.0205,3,4,FALSE,FALSE,FALSE
"GENE0387","GENE0387_HUMAN","P07089","Protein GENE0387",-1.1164,0.008391,0.001797,2.4287,2.7454,4,3,FALSE,FALSE,TRUE
"GENE2669","GENE2669_HUMAN","P52858","Protein GENE2669",0.0222,1,0.720588,0,0.1423,4,2,FALSE,FALSE,FALSE
"GENE0969","GENE0969_HUMAN","P16089","Protein GENE0969",-0.2148,1,0.343437,0,0.4642,4,6,FALSE,TRUE,FALSE
"GENE1006","GENE1006_HUMAN","P83215","Protein GENE1006",-0.8504,0.979287,0.500389,0,0.3007,4,2,FALSE,FALSE,FALSE
"GENE1042","GENE1042_HUMAN","P45645","Protein GENE1042",-0.1747,0.427143,0.15694,0.1642,0.8043,6,3,FALSE,FALSE,FALSE
"GENE0364","GENE0364_HUMAN","P43165","Protein GENE0364",-0.0516,0.109791,0.064261,0.5611,1.1921,3,6,FALSE,FALSE,FALSE
"GENE2533","GENE2533_HUMAN","P21869","Protein GENE2533",-0.5559,0.592738,0.177152,0.5617,0.7517,5,2,FALSE,FALSE,FALSE
"GENE1192","GENE1192_HUMAN","P49656","Protein GENE1192",0.0784,0.571333,0.161536,0.3858,0.7917,4,5,FALSE,TRUE,FALSE
"GENE1661","GENE1661_HUMAN","P52056","Protein GENE1661",-0.079,0.913356,0.18737,0.3834,0.7273,6,2,FALSE,FALSE,FALSE
"GENE0783","GENE0783_HUMAN","P10363","Protein GENE0783",0.0159,1,0.632465,0,0.199,3,6,FALSE,FALSE,FALSE
"GENE0576","GENE0576_HUMAN","P77581","Protein GENE0576",0.4637,0.330384,0.106935,0.7893,0.9709,4,5,FALSE,FALSE,FALSE
"GENE2350","GENE2350_HUMAN","P94047","Protein GENE2350",0.0825,0.283483,0.192862,0.3049,0.7148,6,5,FALSE,FALSE,FALSE
"GENE1441","GENE1441_HUMAN","P67583","Protein GENE1441",0.1239,1,0.749981,0,0.1249,4,3,FALSE,FALSE,FALSE
"GENE1743","GENE1743_HUMAN","P05271","Protein GENE1743",-1.1115,1,0.688071,0,0.1624,5,4,FALSE,FALSE,FALSE
"GENE2663","GENE2663_HUMAN","P80494","Protein GENE2663",0.0864,0.959596,0.497975,0,0.3028,3,6,FALSE,FALSE,FALSE
"GENE0225","GENE0225_HUMAN","P18046","Protein GENE0225",0.1043,1,0.607918,0.1677,0.2162,3,3,FALSE,FALSE,FALSE
"GENE0107","GENE0107_HUMAN","P37843","Protein GENE0107",-0.0129,1,0.656513,0,0.1828,4,2,FALSE,FALSE,FALSE
"GENE0266","GENE0266_HUMAN","P99448","Protein GENE0266",0.1551,1,0.844571,0,0.0734,4,4,FALSE,FALSE,FALSE
"GENE2823","GENE2823_HUMAN","P21012","Protein GENE2823",-0.1261,1,0.781306,0,0.1072,5,4,FALSE,FALSE,FALSE
"GENE0045","GENE0045_HUMAN","P42834","Protein GENE0045",-0.5199,0.647914,0.145269,0.3242,0.8378,6,2,FALSE,FALSE,FALSE
"GENE0218","GENE0218_HUMAN","P54419","Protein GENE0218",0.1852,1,0.954416,0,0.0203,3,5,FALSE,FALSE,FALSE
"GENE0659","GENE0659_HUMAN","P27705","Protein GENE0659",-0.3328,0.377563,0.211791,0.1432,0.6741,4,3,FALSE,FALSE,FALSE
"GENE0404","GENE0404_HUMAN","P44077","Protein GENE0404",0.3838,0.887836,0.293801,0.0298,0.5319,6,6,TRUE,FALSE,FALSE
"GENE1495","GENE1495_HUMAN","P97878","Protein GENE1495",-0.4581,0.618317,0.183262,0.2617,0.7369,2,2,FALSE,FALSE,FALSE
"GENE0785","GENE0785_HUMAN","P27285","Protein GENE0785",-0.0258,0.867815,0.491097,0.146,0.3088,5,5,FALSE,FALSE,FALSE
"GENE2886","GENE2886_HUMAN","P91209","Protein GENE2886",-0.4862,1,0.43377,0,0.3627,5,2,FALSE,TRUE,FALSE
"GENE2104","GENE2104_HUMAN","P01612","Protein GENE2104",0.0059,0.475165,0.223791,0,0.6502,4,6,FALSE,TRUE,FALSE
"GENE1194","GENE1194_HUMAN","P72026","Protein GENE1194",-0.1805,1,0.303514,0.4251,0.5178,5,6,FALSE,FALSE,FALSE
"GENE2057","GENE2057_HUMAN","P52092","Protein GENE2057",-0.8655,1,0.960505,0,0.0175,5,2,FALSE,FALSE,FALSE
"GENE0501","GENE0501_HUMAN","P94803","Protein GENE0501",-0.258,1,0.74111,0,0.1301,5,3,FALSE,FALSE,FALSE
"GENE1104","GENE1104_HUMAN","P07085","Protein GENE1104",0.3109,1,0.705363,0,0.1516,3,6,FALSE,TRUE,FALSE
"GENE0852","GENE0852_HUMAN","P29876","Protein GENE0852",0.6693,1,0.756408,0,0.1212,3,3,FALSE,FALSE,FALSE
"GENE0284","GENE0284_HUMAN","P45153","Protein GENE0284",0.1718,1,0.937699,0,0.0279,2,3,FALSE,FALSE,FALSE
"GENE1665","GENE1665_HUMAN","P62522","Protein GENE1665",-2.1031,0.044914,0.017508,1.2559,1.7568,6,5,FALSE,FALSE,TRUE
"GENE0159","GENE0159_HUMAN","P35393","Protein GENE0159",0.032,1,0.50705,0.0982,0.2949,6,2,TRUE,FALSE,FALSE
"GENE0966","GENE0966_HUMAN","P50417","Protein GENE0966",-0.007,1,0.916072,0,0.0381,2,2,FALSE,FALSE,FALSE
"GENE2895","GENE2895_HUMAN","P69809","Protein GENE2895",0.3219,1,0.856088,0,0.0675,6,6,FALSE,FALSE,FALSE
"GENE0331","GENE0331_HUMAN","P22915","Protein GENE0331",0.1543,0.499274,0.144691,0.4386,0.8396,6,3,FALSE,FALSE,FALSE
"GENE0138","GENE0138_HUMAN","P91645","Protein GENE0138",-0.2739,0.745045,0.204506,0,0.6893,3,2,FALSE,FALSE,FALSE
"GENE0692","GENE0692_HUMAN","P58385","Protein GENE0692",0.6112,1,0.727537,0,0.1381,3,3,FALSE,FALSE,FALSE
"GENE2791","GENE2791_HUMAN","P27759","Protein GENE2791",0.1086,0.173029,0.069917,1.0956,1.1554,2,2,FALSE,FALSE,FALSE
"GENE1659","GENE1659_HUMAN","P62605","Protein GENE1659",0.3706,1,0.793797,0,0.1003,5,3,FALSE,FALSE,FALSE
"GENE0082","GENE0082_HUMAN","P99167","Protein GENE0082",0.0976,0.365967,0.136587,0.2418,0.8646,4,5,TRUE,FALSE,FALSE
"GENE0406","GENE0406_HUMAN","P17391","Protein GENE0406",0.6181,1,0.925163,0,0.0338,4,4,FALSE,FALSE,FALSE
"GENE0193","GENE0193_HUMAN","P15905","Protein GENE0193",0.3483,1,0.723666,0,0.1405,6,3,FALSE,FALSE,FALSE
"GENE1888","GENE1888_HUMAN","P56400","Protein GENE1888",-0.0688,1,0.738106,0,0.1319,4,3,FALSE,FALSE,FALSE
"GENE1837","GENE1837_HUMAN","P77131","Protein GENE1837",0.2516,0.524193,0.25096,0.065,0.6004,2,5,FALSE,FALSE,FALSE
"GENE0432","GENE0432_HUMAN","P43129","Protein GENE0432",-0.1539,1,0.680286,0,0.1673,6,5,FALSE,FALSE,FALSE
"GENE0610","GENE0610_HUMAN","P94828","Protein GENE0610",-0.4766,1,0.532259,0,0.2739,6,3,FALSE,FALSE,FALSE
"GENE0930","GENE0930_HUMAN","P32087","Protein GENE0930",0.343,0.641478,0.249937,0,0.6022,6,5,FALSE,FALSE,FALSE
"GENE1388","GENE1388_HUMAN","P59015","Protein GENE1388",-0.3857,1,0.770506,0,0.1132,4,3,TRUE,FALSE,FALSE
"GENE1855","GENE1855_HUMAN","P07618","Protein GENE1855",0.6368,1,0.434027,0,0.3625,3,2,FALSE,FALSE,FALSE
"GENE2080","GENE2080_HUMAN","P31323","Protein GENE2080",-0.2687,1,0.580983,0,0.2358,6,3,FALSE,FALSE,FALSE
"GENE2554","GENE2554_HUMAN","P64351","Protein GENE2554",-0.4763,1,0.399005,0.0759,0.399,5,6,FALSE,FALSE,FALSE
"GENE1669","GENE1669_HUMAN","P85160","Protein GENE1669",-0.2495,1,0.682661,0,0.1658,2,6,FALSE,FALSE,FALSE
"GENE0781","GENE0781_HUMAN","P12507","Protein GENE0781",0.1002,0.663253,0.375414,0.234,0.4255,2,6,FALSE,FALSE,FALSE
"GENE1105","GENE1105_HUMAN","P84386","Protein GENE1105",-0.6681,1,0.518737,0.1467,0.2851,4,3,FALSE,TRUE,FALSE
"GENE1690","GENE1690_HUMAN","P49251","Protein GENE1690",-0.1618,0.431352,0.278043,0.2169,0.5559,5,3,FALSE,FALSE,FALSE
"GENE1179","GENE1179_HUMAN","P50793","Protein GENE1179",-0.1596,1,0.77426,0,0.1111,2,5,FALSE,FALSE,FALSE
"GENE1355","GENE1355_HUMAN","P04611","Protein GENE1355",-0.0273,0.983082,0.315158,0,0.5015,6,2,TRUE,FALSE,FALSE
"GENE2700","GENE2700_HUMAN","P30057","Protein GENE2700",0.1393,1,0.629462,0,0.201,2,2,FALSE,FALSE,FALSE
"GENE1932","GENE1932_HUMAN","P70649","Protein GENE1932",0.3881,1,0.630445,0,0.2004,5,3,FALSE,FALSE,FALSE
"GENE2770","GENE2770_HUMAN","P60075","Protein GENE2770",-0.481,1,0.429956,0.0344,0.3666,5,2,FALSE,FALSE,FALSE
"GENE0755","GENE0755_HUMAN","P71102","Protein GENE0755",0.6163,1,0.708905,0,0.1494,3,2,FALSE,FALSE,FALSE
"GENE2633","GENE2633_HUMAN","P07104","Protein GENE2633",0.2492,1,0.951021,0,0.0218,6,2,FALSE,FALSE,FALSE
"GENE0306","GENE0306_HUMAN","P15422","Protein GENE0306",-0.0378,1,0.898685,0,0.0464,4,2,FALSE,TRUE,FALSE
"GENE2736","GENE2736_HUMAN","P84344","Protein GENE2736",0.1332,0.847478,0.276227,0,0.5587,6,2,FALSE,FALSE,FALSE
"UFSP2","UFSP2_HUMAN","P83191","Protein UFSP2",1.9714,0.01997,0.00995,1.352,2.0022,4,6,FALSE,FALSE,TRUE
"GENE2575","GENE2575_HUMAN","P29805","Protein GENE2575",-0.1533,1,0.81439,0,0.0892,3,3,FALSE,FALSE,FALSE
"GENE0955","GENE0955_HUMAN","P25027","Protein GENE0955",0.0528,1,0.353205,0.274,0.452,3,4,FALSE,FALSE,FALSE
"GENE0012","GENE0012_HUMAN","P51492","Protein GENE0012",0.426,1,0.487625,0,0.3119,2,5,FALSE,FALSE,FALSE
"GENE0890","GENE0890_HUMAN","P42593","Protein GENE0890",0.0857,1,0.249481,0.4549,0.603,4,2,FALSE,TRUE,FALSE
"GENE1488","GENE1488_HUMAN","P53508","Protein GENE1488",-0.3771,1,0.927715,0,0.0326,3,6,FALSE,FALSE,FALSE
"GENE2208","GENE2208_HUMAN","P69027","Protein GENE2208",-0.4097,0.331036,0.169718,0.5414,0.7703,5,3,FALSE,FALSE,FALSE
"GENE0825","GENE0825_HUMAN","P76111","Protein GENE0825",-0.514,0.793426,0.364894,0,0.4378,2,6,FALSE,FALSE,FALSE
"GENE2153","GENE2153_HUMAN","P09608","Protein GENE2153",0.2429,0.44831,0.094618,0.5049,1.024,2,5,TRUE,FALSE,FALSE
"GENE2339","GENE2339_HUMAN","P46164","Protein GENE2339",0.0073,1,0.778322,0,0.1088,3,5,FALSE,FALSE,FALSE
"GENE2852","GENE2852_HUMAN","P06140","Protein GENE2852",-0.3608,1,0.945219,0,0.0245,4,4,FALSE,TRUE,FALSE
"GENE2469","GENE2469_HUMAN","P42423","Protein GENE2469",0.1206,1,0.703403,0,0.1528,4,4,FALSE,TRUE,FALSE
"GENE2411","GENE2411_HUMAN","P49702","Protein GENE2411",-0.0872,1,0.813981,0,0.0894,2,3,FALSE,FALSE,FALSE
"GENE2523","GENE2523_HUMAN","P67183","Protein GENE2523",-0.1578,1,0.286702,0.4665,0.5426,2,3,FALSE,FALSE,FALSE
"GENE0592","GENE0592_HUMAN","P16871","Protein GENE0592",0.3172,0.571842,0.184458,0.5159,0.7341,4,5,FALSE,FALSE,FALSE
"GENE1520","GENE1520_HUMAN","P52243","Protein GENE1520",0.0162,1,0.764345,0,0.1167,4,4,FALSE,FALSE,FALSE
"GENE0715","GENE0715_HUMAN","P32086","Protein GENE0715",0.1465,1,0.388218,0,0.4109,5,6,FALSE,FALSE,FALSE
"GENE0173","GENE0173_HUMAN","P26041","Protein GENE0173",0.0066,1,0.594436,0,0.2259,2,3,FALSE,TRUE,FALSE
"PABPC1","PABPC1_HUMAN","P94215","Protein PABPC1",2.0812,0.028908,0.006098,1.8285,2.2148,5,6,FALSE,FALSE,TRUE
"GENE1307","GENE1307_HUMAN","P41732","Protein GENE1307",0.1816,1,0.770568,0,0.1132,3,5,TRUE,FALSE,FALSE
"GENE2470","GENE2470_HUMAN","P05097","Protein GENE2470",0.9021,0.42895,0.14044,0.2518,0.8525,3,4,TRUE,FALSE,FALSE
"GENE0317","GENE0317_HUMAN","P35832","Protein GENE0317",0.4537,1,0.901115,0,0.0452,4,4,TRUE,FALSE,FALSE
"GENE2090","GENE2090_HUMAN","P64080","Protein GENE2090",1.6984,0.038505,0.028202,0.9706,1.5497,4,2,FALSE,FALSE,TRUE
"GENE2247","GENE2247_HUMAN","P19881","Protein GENE2247",-0.1234,1,0.893563,0,0.0489,3,6,FALSE,FALSE,FALSE
"GENE0597","GENE0597_HUMAN","P91845","Protein GENE0597",0.1765,0.503064,0.314649,0,0.5022,3,5,FALSE,FALSE,FALSE
"GENE2485","GENE2485_HUMAN","P36365","Protein GENE2485",-0.2592,0.398383,0.139868,0.6873,0.8543,2,6,FALSE,FALSE,FALSE
"GENE0521","GENE0521_HUMAN","P67964","Protein GENE0521",-0.0276,0.942939,0.346717,0.1022,0.46,5,4,TRUE,FALSE,FALSE
"GENE2652","GENE2652_HUMAN","P03746","Protein GENE2652",0.6308,1,0.359082,0.0876,0.4448,5,6,FALSE,FALSE,FALSE
"GENE2547","GENE2547_HUMAN","P02758","Protein GENE2547",-0.1078,1,0.98484,0,0.0066,3,2,FALSE,TRUE,FALSE
"GENE2365","GENE2365_HUMAN","P81299","Protein GENE2365",0.4914,0.784132,0.36521,0.2636,0.4375,5,2,FALSE,FALSE,FALSE
"GENE0295","GENE0295_HUMAN","P97573","Protein GENE0295",-0.2518,0.729792,0.253386,0,0.5962,6,6,FALSE,FALSE,FALSE
"GENE0782","GENE0782_HUMAN","P70740","Protein GENE0782",-0.0936,1,0.370385,0,0.4313,5,6,FALSE,FALSE,FALSE
"GENE1707","GENE1707_HUMAN","P40264","Protein GENE1707",-0.3671,0.838391,0.463952,0.1531,0.3335,5,6,FALSE,FALSE,FALSE
"GENE1876","GENE1876_HUMAN","P49243","Protein GENE1876",0.2943,0.788895,0.222472,0.0312,0.6527,2,3,TRUE,FALSE,FALSE
"GENE0843","GENE0843_HUMAN","P83215","Protein GENE0843",-0.1444,0.302697,0.111009,0.7468,0.9546,6,4,FALSE,FALSE,FALSE
"GENE1359","GENE1359_HUMAN","P67272","Protein GENE1359",0.1126,1,0.590455,0,0.2288,5,3,FALSE,FALSE,FALSE
"DDX46","DDX46_HUMAN","P77554","Protein DDX46",-0.3085,0.249415,0.174955,0.4502,0.7571,6,4,FALSE,FALSE,FALSE
"GENE0447","GENE0447_HUMAN","P55059","Protein GENE0447",-0.3082,0.407807,0.273423,0,0.5632,5,2,FALSE,FALSE,FALSE
"GENE2452","GENE2452_HUMAN","P04887","Protein GENE2452",0.4713,0.894027,0.352126,0,0.4533,5,6,FALSE,FALSE,FALSE
"GENE1857","GENE1857_HUMAN","P66266","Protein GENE1857",-0.6439,1,0.608434,0.0257,0.2158,4,5,FALSE,FALSE,FALSE
"GENE1996","GENE1996_HUMAN","P52145","Protein GENE1996",-0.6529,1,0.796938,0,0.0986,5,2,FALSE,FALSE,FALSE
"GENE1118","GENE1118_HUMAN","P80814","Protein GENE1118",0.3252,0.810475,0.528895,0.0175,0.2766,3,3,FALSE,FALSE,FALSE
"GENE2058","GENE2058_HUMAN","P85410","Protein GENE2058",0.475,0.098243,0.069913,0.913,1.1554,3,4,FALSE,FALSE,FALSE
"GENE1816","GENE1816_HUMAN","P36411","Protein GENE1816",0.6547,1,0.401877,0,0.3959,2,4,FALSE,FALSE,FALSE
"GENE0647","GENE0647_HUMAN","P09210","Protein GENE0647",-0.2629,1,0.711021,0,0.1481,6,4,TRUE,FALSE,FALSE
"GENE1732","GENE1732_HUMAN","P13799","Protein GENE1732",0.4891,0.571366,0.450094,0,0.3467,6,5,FALSE,FALSE,FALSE
"GENE0282","GENE0282_HUMAN","P78856","Protein GENE0282",0.1403,1,0.348807,0.1444,0.4574,5,2,FALSE,FALSE,FALSE
"GENE0711","GENE0711_HUMAN","P77853","Protein GENE0711",-0.1029,1,0.806518,0,0.0934,6,5,FALSE,FALSE,FALSE
"GENE2592","GENE2592_HUMAN","P40246","Protein GENE2592",-0.6583,0.155615,0.132479,0.2443,0.8779,3,5,FALSE,FALSE,FALSE
"GENE0656","GENE0656_HUMAN","P31312","Protein GENE0656",-0.7627,1,0.744057,0,0.1284,6,6,FALSE,FALSE,FALSE
"GENE1537","GENE1537_HUMAN","P04992","Protein GENE1537",0.745,1,0.873134,0,0.0589,5,2,FALSE,TRUE,FALSE
"GENE1967","GENE1967_HUMAN","P89631","Protein GENE1967",0.2015,1,0.780743,0,0.1075,6,3,FALSE,FALSE,FALSE
"GENE1775","GENE1775_HUMAN","P21798","Protein GENE1775",0.2526,1,0.560682,0,0.2513,2,4,FALSE,FALSE,FALSE
"GENE2562","GENE2562_HUMAN","P31966","Protein GENE2562",0.2292,0.547898,0.173884,0.6124,0.7597,3,3,FALSE,FALSE,FALSE
"GENE1329","GENE1329_HUMAN","P43299","Protein GENE1329",0.2138,0.354853,0.278041,0,0.5559,3,3,FALSE,FALSE,FALSE
"GENE1025","GENE1025_HUMAN","P11649","Protein GENE1025",-0.1219,1,0.466832,0,0.3308,6,2,TRUE,FALSE,FALSE
"GENE1356","GENE1356_HUMAN","P14519","Protein GENE1356",-0.4498,1,0.469884,0,0.328,2,5,FALSE,FALSE,FALSE
"GENE1499","GENE1499_HUMAN","P23218","Protein GENE1499",0.078,1,0.740077,0.0533,0.1307,5,5,FALSE,FALSE,FALSE
"GENE1556","GENE1556_HUMAN","P85534","Protein GENE1556",0.2242,1,0.694539,0,0.1583,3,6,FALSE,FALSE,FALSE
"GENE0833","GENE0833_HUMAN","P22522","Protein GENE0833",-0.3563,0.56209,0.136982,0.8006,0.8633,4,6,FALSE,FALSE,FALSE
"GENE1927","GENE1927_HUMAN","P59901","Protein GENE1927",0.2168,0.456937,0.102487,0.3897,0.9893,5,3,FALSE,FALSE,FALSE
"GENE0544","GENE0544_HUMAN","P29630","Protein GENE0544",-0.4093,1,0.245975,0.1547,0.6091,3,6,FALSE,FALSE,FALSE
"GENE1956","GENE1956_HUMAN","P08274","Protein GENE1956",-0.0526,1,0.533824,0,0.2726,4,6,FALSE,FALSE,FALSE
"GENE0807","GENE0807_HUMAN","P82523","Protein GENE0807",-0.348,1,0.971953,0,0.0124,6,2,FALSE,FALSE,FALSE
"GENE2182","GENE2182_HUMAN","P01226","Protein GENE2182",-0.0476,1,0.495425,0,0.305,6,6,FALSE,TRUE,FALSE
"GENE0302","GENE0302_HUMAN","P76633","Protein GENE0302",-0.0555,1,0.845707,0,0.0728,5,6,FALSE,FALSE,FALSE
"GENE1829","GENE1829_HUMAN","P27505","Protein GENE1829",-0.7263,1,0.973923,0,0.0115,5,5,FALSE,FALSE,FALSE
"GENE1365","GENE1365_HUMAN","P35510","Protein GENE1365",-0.3954,1,0.855022,0,0.068,6,6,FALSE,FALSE,FALSE
"GENE0765","GENE0765_HUMAN","P07896","Protein GENE0765",-0.0768,1,0.729148,0.0854,0.1372,3,5,FALSE,FALSE,FALSE
"GENE0009","GENE0009_HUMAN","P13100","Protein GENE0009",-1.149,0.804941,0.192028,0.0596,0.7166,4,4,FALSE,FALSE,FALSE
"GENE2490","GENE2490_HUMAN","P22858","Protein GENE2490",-0.4852,0.782965,0.216269,0.1495,0.665,3,3,FALSE,FALSE,FALSE
"GENE1332","GENE1332_HUMAN","P35750","Protein GENE1332",0.1374,1,0.235481,0.3357,0.628,4,4,FALSE,FALSE,FALSE
"GENE0087","GENE0087_HUMAN","P54499","Protein GENE0087",0.1238,1,0.711978,0,0.1475,4,4,FALSE,FALSE,FALSE
"GENE0208","GENE0208_HUMAN","P07802","Protein GENE0208",0.8508,0.94675,0.282943,0.0044,0.5483,5,6,FALSE,FALSE,FALSE
"GENE2553","GENE2553_HUMAN","P63194","Protein GENE2553",0.1716,1,0.475274,0,0.3231,3,2,TRUE,FALSE,FALSE
"GENE1371","GENE1371_HUMAN","P21953","Protein GENE1371",-0.4948,1,0.377782,0.4008,0.4228,2,5,FALSE,FALSE,FALSE
"GENE1510","GENE1510_HUMAN","P14082","Protein GENE1510",4.4455,0.045338,0.009188,1.9469,2.0368,3,6,FALSE,FALSE,TRUE
"GENE0754","GENE0754_HUMAN","P64018","Protein GENE0754",-0.2928,1,0.535604,0.0424,0.2712,2,6,TRUE,FALSE,FALSE
"GENE1458","GENE1458_HUMAN","P47083","Protein GENE1458",-0.0261,0.808739,0.248405,0,0.6048,2,4,FALSE,FALSE,FALSE
"GENE2839","GENE2839_HUMAN","P15121","Protein GENE2839",-0.0205,1,0.498014,0.1145,0.3028,3,4,FALSE,FALSE,FALSE
"GENE0760","GENE0760_HUMAN","P02016","Protein GENE0760",0.1941,1,0.800153,0,0.0968,5,3,FALSE,FALSE,FALSE
"GENE2147","GENE2147_HUMAN","P16941","Protein GENE2147",0.1326,1,0.961249,0,0.0172,5,4,FALSE,FALSE,FALSE
"GENE0383","GENE0383_HUMAN","P26468","Protein GENE0383",-0.515,0.674254,0.165657,0.1474,0.7808,2,3,FALSE,FALSE,FALSE
"GENE0278","GENE0278_HUMAN","P83948","Protein GENE0278",-0.0618,1,0.524174,0,0.2805,5,6,FALSE,FALSE,FALSE
"GENE1895","GENE1895_HUMAN","P74102","Protein GENE1895",0.8284,0.102982,0.023864,1.0094,1.6223,4,3,FALSE,FALSE,TRUE
"GENE0978","GENE0978_HUMAN","P94253","Protein GENE0978",0.7505,1,0.629221,0,0.2012,2,4,FALSE,TRUE,FALSE
"GENE0023","GENE0023_HUMAN","P19528","Protein GENE0023",0.0073,1,0.563592,0.0349,0.249,4,4,FALSE,FALSE,FALSE
"GENE2510","GENE2510_HUMAN","P41784","Protein GENE2510",0.9198,1,0.520888,0.1149,0.2833,6,3,FALSE,FALSE,FALSE
"FMR1","FMR1_HUMAN","P99535","Protein FMR1",2.7855,0.008567,0.001916,2.3166,2.7177,3,2,FALSE,FALSE,TRUE
"GENE0992","GENE0992_HUMAN","P07706","Protein GENE0992",0.0609,1,0.872719,0,0.0591,2,2,FALSE,FALSE,FALSE
"GENE2310","GENE2310_HUMAN","P50160","Protein GENE2310",0.3884,1,0.677069,0,0.1694,2,4,FALSE,TRUE,FALSE
"GENE0531","GENE0531_HUMAN","P32928","Protein GENE0531",0.5732,1,0.856484,0,0.0673,2,4,FALSE,FALSE,FALSE
"GENE1293","GENE1293_HUMAN","P79682","Protein GENE1293",-0.0196,0.874603,0.248753,0.1768,0.6042,6,3,FALSE,FALSE,FALSE
"GENE2212","GENE2212_HUMAN","P10664","Protein GENE2212",-0.6022,1,0.235821,0,0.6274,5,5,TRUE,FALSE,FALSE
"GENE2200","GENE2200_HUMAN","P64526","Protein GENE2200",-0.4558,1,0.861292,0,0.0648,6,4,FALSE,FALSE,FALSE
"GENE0706","GENE0706_HUMAN","P50117","Protein GENE0706",2.9876,0.06247,0.034144,0.7833,1.4667,5,3,FALSE,FALSE,TRUE
"GENE2301","GENE2301_HUMAN","P12167","Protein GENE2301",0.3612,0.480907,0.224295,0.0754,0.6492,4,5,FALSE,TRUE,FALSE
"GENE0945","GENE0945_HUMAN","P42937","Protein GENE0945",-0.3015,1,0.670428,0,0.1736,5,4,FALSE,FALSE,FALSE
"GENE2281","GENE2281_HUMAN","P50923","Protein GENE2281",0.1124,0.349922,0.175122,0.6251,0.7567,4,2,FALSE,FALSE,FALSE
"GENE2123","GENE2123_HUMAN","P49787","Protein GENE2123",-0.2554,0.370579,0.091498,0.4092,1.0386,5,5,FALSE,FALSE,FALSE
"GENE1580","GENE1580_HUMAN","P03910","Protein GENE1580",0.1892,0.372354,0.083221,0.3914,1.0798,3,2,FALSE,FALSE,FALSE
"GENE2375","GENE2375_HUMAN","P14370","Protein GENE2375",0.1357,1,0.594682,0.0396,0.2257,6,5,FALSE,FALSE,FALSE
"GENE0462","GENE0462_HUMAN","P20119","Protein GENE0462",-0.0243,0.948793,0.304543,0,0.5164,4,6,FALSE,TRUE,FALSE
"GENE2865","GENE2865_HUMAN","P39366","Protein GENE2865",0.0563,1,0.662255,0,0.179,4,6,FALSE,FALSE,FALSE
"GENE0594","GENE0594_HUMAN","P70843","Protein GENE0594",0.6086,1,0.436656,0.2047,0.3599,6,2,FALSE,TRUE,FALSE
"GENE2199","GENE2199_HUMAN","P27372","Protein GENE2199",-0.4418,1,0.689106,0,0.1617,6,2,FALSE,FALSE,FALSE
"GENE0536","GENE0536_HUMAN","P48170","Protein GENE0536",-0.8877,1,0.678763,0,0.1683,5,2,FALSE,FALSE,FALSE
"GENE0223","GENE0223_HUMAN","P82821","Protein GENE0223",0.3554,1,0.945528,0,0.0243,6,4,FALSE,FALSE,FALSE
"GENE1428","GENE1428_HUMAN","P73563","Protein GENE1428",0.3045,0.365084,0.3598,0,0.4439,4,5,FALSE,FALSE,FALSE
"GENE1536","GENE1536_HUMAN","P69487","Protein GENE1536",0.0775,0.464616,0.125221,0.3167,0.9023,5,3,FALSE,FALSE,FALSE
"GENE2172","GENE2172_HUMAN","P49359","Protein GENE2172",-1.146,1,0.523583,0,0.281,2,5,FALSE,FALSE,FALSE
"GENE0123","GENE0123_HUMAN","P19822","Protein GENE0123",-0.6762,1,0.639552,0,0.1941,6,4,FALSE,FALSE,FALSE
"GPKOW","GPKOW_HUMAN","P22091","Protein GPKOW",-0.2534,1,0.702855,0.0589,0.1531,6,2,FALSE,FALSE,FALSE
"GENE2396","GENE2396_HUMAN","P09185","Protein GENE2396",0.4314,0.836547,0.16975,0.133,0.7702,5,6,FALSE,FALSE,FALSE
"GENE1805","GENE1805_HUMAN","P91757","Protein GENE1805",-0.0085,1,0.399178,0,0.3988,6,6,FALSE,FALSE,FALSE
"GENE0456","GENE0456_HUMAN","P78449","Protein GENE0456",0.4169,1,0.499294,0,0.3016,6,2,FALSE,FALSE,FALSE
"GENE0962","GENE0962_HUMAN","P11031","Protein GENE0962",0.0831,1,0.359786,0,0.444,4,5,FALSE,FALSE,FALSE
"GENE0664","GENE0664_HUMAN","P65435","Protein GENE0664",-0.2237,1,0.955581,0,0.0197,6,3,TRUE,FALSE,FALSE
"GENE2744","GENE2744_HUMAN","P39132","Protein GENE2744",-0.4495,1,0.641245,0,0.193,3,3,FALSE,FALSE,FALSE
"GENE2284","GENE2284_HUMAN","P95045","Protein GENE2284",0.7312,1,0.66747,0,0.1756,6,5,FALSE,TRUE,FALSE
"GENE2005","GENE2005_HUMAN","P50261","Protein GENE2005",0.2932,1,0.435988,0,0.3605,2,2,TRUE,FALSE,FALSE
"GENE1502","GENE1502_HUMAN","P02351","Protein GENE1502",-0.2786,1,0.477403,0,0.3211,4,3,TRUE,FALSE,FALSE
"GENE2876","GENE2876_HUMAN","P26123","Protein GENE2876",-0.2265,0.546791,0.158262,0.4213,0.8006,5,4,FALSE,FALSE,FALSE
"GENE2856","GENE2856_HUMAN","P32130","Protein GENE2856",0.1268,1,0.865527,0,0.0627,6,3,TRUE,FALSE,FALSE
"GENE0622","GENE0622_HUMAN","P14921","Protein GENE0622",0.2152,0.608391,0.278813,0.0118,0.5547,4,5,TRUE,FALSE,FALSE
"GENE1766","GENE1766_HUMAN","P57173","Protein GENE1766",-0.0724,0.552443,0.162868,0.5904,0.7882,2,4,FALSE,FALSE,FALSE
"GENE1217","GENE1217_HUMAN","P98406","Protein GENE1217",0.1036,0.746213,0.194674,0.1802,0.7107,2,2,FALSE,FALSE,FALSE
"GENE1660","GENE1660_HUMAN","P73020","Protein GENE1660",0.1629,0.365711,0.25382,0.2969,0.5955,2,4,FALSE,FALSE,FALSE
"GENE1844","GENE1844_HUMAN","P64040","Protein GENE1844",0.3262,1,0.456611,0,0.3405,4,2,FALSE,FALSE,FALSE
"GENE1043","GENE1043_HUMAN","P63433","Protein GENE1043",-0.5488,1,0.891161,0,0.05,3,3,FALSE,FALSE,FALSE
"GENE1780","GENE1780_HUMAN","P58750","Protein GENE1780",0.6111,1,0.871279,0,0.0598,5,4,FALSE,FALSE,FALSE
"GENE0385","GENE0385_HUMAN","P62404","Protein GENE0385",0.2657,0.519621,0.255862,0.0117,0.592,3,2,FALSE,FALSE,FALSE
"GENE1324","GENE1324_HUMAN","P47666","Protein GENE1324",0.3288,1,0.987607,0,0.0054,4,3,FALSE,FALSE,FALSE
"GENE2605","GENE2605_HUMAN","P84926","Protein GENE2605",-0.2618,1,0.601172,0,0.221,5,5,FALSE,FALSE,FALSE
"GENE0648","GENE0648_HUMAN","P26475","Protein GENE0648",0.4515,1,0.73604,0,0.1331,5,6,FALSE,FALSE,FALSE
"GENE0730","GENE0730_HUMAN","P63015","Protein GENE0730",0.1734,1,0.869005,0,0.061,6,5,FALSE,FALSE,FALSE
"GENE0279","GENE0279_HUMAN","P62235","Protein GENE0279",0.3546,0.999281,0.252398,0.0409,0.5979,4,4,FALSE,TRUE,FALSE
"GENE0068","GENE0068_HUMAN","P21713","Protein GENE0068",-0.253,1,0.569367,0,0.2446,3,2,FALSE,FALSE,FALSE
"GENE0213","GENE0213_HUMAN","P97469","Protein GENE0213",0,1,0.338321,0,0.4707,6,3,FALSE,FALSE,FALSE
"GENE2817","GENE2817_HUMAN","P22772","Protein GENE2817",0.403,1,0.565243,0,0.2478,4,4,FALSE,FALSE,FALSE
"GENE0714","GENE0714_HUMAN","P41376","Protein GENE0714",-0.6583,1,0.848178,0,0.0715,6,4,FALSE,FALSE,FALSE
"GENE1308","GENE1308_HUMAN","P97532","Protein GENE1308",0.0142,0.944824,0.405116,0.3425,0.3924,3,6,FALSE,FALSE,FALSE
"GENE0003","GENE0003_HUMAN","P05591","Protein GENE0003",0.4258,1,0.502938,0,0.2985,5,6,FALSE,FALSE,FALSE
"GENE1013","GENE1013_HUMAN","P87440","Protein GENE1013",-0.5306,1,0.449973,0,0.3468,5,6,FALSE,FALSE,FALSE
"GENE0668","GENE0668_HUMAN","P82870","Protein GENE0668",-0.042,0.441299,0.288257,0,0.5402,4,3,FALSE,FALSE,FALSE
"GENE2379","GENE2379_HUMAN","P17433","Protein GENE2379",0.2868,1,0.721665,0,0.1417,3,2,FALSE,TRUE,FALSE
"GENE2197","GENE2197_HUMAN","P45434","Protein GENE2197",-0.2306,1,0.674902,0,0.1708,5,3,FALSE,FALSE,FALSE
"GENE1596","GENE1596_HUMAN","P48105","Protein GENE1596",-0.9451,0.793304,0.462631,0,0.3348,3,2,FALSE,TRUE,FALSE
"GENE0968","GENE0968_HUMAN","P26792","Protein GENE0968",0.5999,1,0.863369,0,0.0638,3,6,FALSE,FALSE,FALSE
"GENE1588","GENE1588_HUMAN","P69771","Protein GENE1588",-0.0781,1,0.730504,0,0.1364,4,2,FALSE,FALSE,FALSE
"GENE1270","GENE1270_HUMAN","P23523","Protein GENE1270",0.0558,0.997463,0.789985,0,0.1024,2,5,FALSE,FALSE,FALSE
"GENE2056","GENE2056_HUMAN","P38223","Protein GENE2056",0.0281,1,0.686457,0,0.1634,6,4,FALSE,FALSE,FALSE
"DDX41","DDX41_HUMAN","P33868","Protein DDX41",-0.4569,1,0.858969,0,0.066,3,4,FALSE,TRUE,FALSE
"GENE1993","GENE1993_HUMAN","P48390","Protein GENE1993",-0.1039,0.994481,0.33691,0.137,0.4725,6,4,FALSE,FALSE,FALSE
"GENE0502","GENE0502_HUMAN","P29713","Protein GENE0502",-0.282,0.620633,0.125605,0.4717,0.901,3,3,FALSE,FALSE,FALSE
"GENE0054","GENE0054_HUMAN","P91471","Protein GENE0054",0.5487,0.113325,0.10202,0.525,0.9913,3,4,FALSE,FALSE,FALSE
"GENE2084","GENE2084_HUMAN","P69185","Protein GENE2084",-0.3094,0.793067,0.260981,0.1108,0.5834,2,6,FALSE,FALSE,FALSE
"GENE1653","GENE1653_HUMAN","P64224","Protein GENE1653",-0.1885,1,0.449345,0,0.3474,6,4,FALSE,FALSE,FALSE
"GENE1577","GENE1577_HUMAN","P48682","Protein GENE1577",0.1508,1,0.412729,0,0.3843,6,5,FALSE,FALSE,FALSE
"GENE2160","GENE2160_HUMAN","P04828","Protein GENE2160",-0.2,1,0.577685,0,0.2383,3,2,FALSE,FALSE,FALSE
"GENE0095","GENE0095_HUMAN","P48954","Protein GENE0095",-0.0839,1,0.79608,0,0.099,3,3,FALSE,FALSE,FALSE
"GENE2859","GENE2859_HUMAN","P10086","Protein GENE2859",-0.1242,0.524066,0.395768,0,0.4026,5,4,FALSE,FALSE,FALSE
"GENE2545","GENE2545_HUMAN","P87807","Protein GENE2545",0.2378,0.950417,0.2171,0.2327,0.6633,4,5,FALSE,FALSE,FALSE
"GENE1781","GENE1781_HUMAN","P62963","Protein GENE1781",-0.7211,1,0.744245,0,0.1283,3,6,FALSE,FALSE,FALSE
"GENE0309","GENE0309_HUMAN","P94961","Protein GENE0309",1.0164,0.915204,0.399668,0.2942,0.3983,3,6,FALSE,FALSE,FALSE
"GENE2890","GENE2890_HUMAN","P95679","Protein GENE2890",-0.359,0.722512,0.279245,0.4717,0.554,2,3,TRUE,FALSE,FALSE
"GENE0017","GENE0017_HUMAN","P13675","Protein GENE0017",0.05,1,0.867268,0,0.0618,6,3,FALSE,FALSE,FALSE
"GENE2434","GENE2434_HUMAN","P21322","Protein GENE2434",-0.4563,1,0.455573,0,0.3414,6,4,FALSE,FALSE,FALSE
"GENE1699","GENE1699_HUMAN","P83919","Protein GENE1699",0.4184,0.378935,0.099134,0.3397,1.0038,2,3,FALSE,FALSE,FALSE
"GENE1245","GENE1245_HUMAN","P90144","Protein GENE1245",0.2758,0.141384,0.069968,1.1201,1.1551,6,5,FALSE,FALSE,FALSE
"GENE2835","GENE2835_HUMAN","P49689","Protein GENE2835",0.4887,1,0.993832,0,0.0027,5,3,FALSE,FALSE,FALSE
"GENE2389","GENE2389_HUMAN","P75783","Protein GENE2389",-0.0435,1,0.762764,0,0.1176,3,2,FALSE,FALSE,FALSE
"GENE0125","GENE0125_HUMAN","P76504","Protein GENE0125",-0.0495,1,0.885777,0,0.0527,3,3,FALSE,TRUE,FALSE
"GENE2539","GENE2539_HUMAN","P75270","Protein GENE2539",-0.2403,1,0.696552,0,0.157,5,6,FALSE,FALSE,FALSE
"GENE1704","GENE1704_HUMAN","P83152","Protein GENE1704",0.4747,0.816399,0.261658,0.4098,0.5823,3,4,FALSE,FALSE,FALSE
"GENE2207","GENE2207_HUMAN","P74071","Protein GENE2207",-0.3683,1,0.787424,0,0.1038,3,3,FALSE,FALSE,FALSE
"GENE2288","GENE2288_HUMAN","P75627","Protein GENE2288",-1.0746,1,0.80797,0,0.0926,5,2,FALSE,FALSE,FALSE
"GENE0112","GENE0112_HUMAN","P81266","Protein GENE0112",0.3655,1,0.486362,0.0451,0.313,3,4,TRUE,FALSE,FALSE
"GENE0348","GENE0348_HUMAN","P26433","Protein GENE0348",-0.0687,0.88561,0.606097,0,0.2175,2,6,FALSE,FALSE,FALSE
"GENE2082","GENE2082_HUMAN","P22422","Protein GENE2082",-0.3644,1,0.612418,0,0.213,4,2,TRUE,FALSE,FALSE
"GENE0424","GENE0424_HUMAN","P75012","Protein GENE0424",-0.2053,1,0.389286,0,0.4097,4,4,FALSE,FALSE,FALSE
"GENE1943","GENE1943_HUMAN","P08191","Protein GENE1943",0.1266,1,0.711148,0,0.148,4,6,FALSE,FALSE,FALSE
"GENE1475","GENE1475_HUMAN","P69688","Protein GENE1475",0.668,1,0.867346,0,0.0618,5,2,FALSE,FALSE,FALSE
"GENE1093","GENE1093_HUMAN","P90548","Protein GENE1093",-0.4547,1,0.519604,0,0.2843,2,4,FALSE,FALSE,FALSE
"GENE1928","GENE1928_HUMAN","P52390","Protein GENE1928",-0.1104,1,0.436997,0,0.3595,3,4,FALSE,FALSE,FALSE
"GENE0021","GENE0021_HUMAN","P18888","Protein GENE0021",0.4547,1,0.631812,0,0.1994,5,5,FALSE,FALSE,FALSE
"GENE2702","GENE2702_HUMAN","P54968","Protein GENE2702",0.2398,1,0.968425,0,0.0139,2,5,TRUE,FALSE,FALSE
"GENE1220","GENE1220_HUMAN","P51588","Protein GENE1220",-0.4255,0.892104,0.40726,0.1894,0.3901,5,2,TRUE,FALSE,FALSE
"GENE0675","GENE0675_HUMAN","P51210","Protein GENE0675",0.2262,1,0.9088,0,0.0415,2,5,FALSE,FALSE,FALSE
"GENE0902","GENE0902_HUMAN","P97186","Protein GENE0902",-0.0172,0.469079,0.187553,0.0648,0.7269,6,2,FALSE,FALSE,FALSE
"GENE2285","GENE2285_HUMAN","P34747","Protein GENE2285",-1.003,0.451294,0.292405,0.0623,0.534,4,4,FALSE,FALSE,FALSE
"GENE2370","GENE2370_HUMAN","P88752","Protein GENE2370",0.4585,1,0.699807,0,0.155,6,4,FALSE,FALSE,FALSE
"GENE0206","GENE0206_HUMAN","P55470","Protein GENE0206",-0.1237,1,0.796598,0,0.0988,2,4,FALSE,FALSE,FALSE
"GENE0201","GENE0201_HUMAN","P48099","Protein GENE0201",-0.5967,0.378447,0.082995,0.4284,1.0809,4,5,FALSE,FALSE,FALSE
"GENE1788","GENE1788_HUMAN","P30122","Protein GENE1788",0.1409,1,0.377841,0,0.4227,6,5,FALSE,FALSE,FALSE
"GENE0922","GENE0922_HUMAN","P36755","Protein GENE0922",-0.1318,0.160605,0.132296,0.2716,0.8785,4,5,FALSE,FALSE,FALSE
"GENE1196","GENE1196_HUMAN","P35316","Protein GENE1196",0.1541,1,0.378948,0,0.4214,2,5,FALSE,FALSE,FALSE
"GENE2293","GENE2293_HUMAN","P04123","Protein GENE2293",-0.1877,1,0.894896,0,0.0482,2,4,FALSE,TRUE,FALSE
"GENE1972","GENE1972_HUMAN","P67911","Protein GENE1972",0.0245,1,0.697748,0,0.1563,4,4,FALSE,FALSE,FALSE
"GENE2850","GENE2850_HUMAN","P71204","Protein GENE2850",0.5346,1,0.987471,0,0.0055,5,2,FALSE,FALSE,FALSE
"GENE2610","GENE2610_HUMAN","P39510","Protein GENE2610",1.0877,0.737014,0.158765,0.4567,0.7992,2,4,FALSE,FALSE,FALSE
"GENE2708","GENE2708_HUMAN","P26989","Protein GENE2708",0.4612,0.224102,0.119029,0.5704,0.9243,3,3,FALSE,FALSE,FALSE
"GENE0632","GENE0632_HUMAN","P28982","Protein GENE0632",-0.2236,1,0.269836,0.4056,0.5689,6,5,FALSE,FALSE,FALSE
"GENE1416","GENE1416_HUMAN","P30842","Protein GENE1416",0.3866,0.462963,0.200764,0.4134,0.6973,2,4,FALSE,TRUE,FALSE
"GENE1017","GENE1017_HUMAN","P09628","Protein GENE1017",-0.5633,0.169246,0.15863,0.5221,0.7996,2,6,FALSE,FALSE,FALSE
"GENE0938","GENE0938_HUMAN","P83855","Protein GENE0938",0.7252,0.696625,0.510417,0.0975,0.2921,2,4,FALSE,FALSE,FALSE
"GENE2165","GENE2165_HUMAN","P27064","Protein GENE2165",-0.01,1,0.946929,0,0.0237,6,3,FALSE,FALSE,FALSE
"GENE2612","GENE2612_HUMAN","P19642","Protein GENE2612",0.456,1,0.881675,0,0.0547,5,4,FALSE,FALSE,FALSE
"GENE2413","GENE2413_HUMAN","P09384","Protein GENE2413",0.2869,1,0.379597,0,0.4207,2,2,TRUE,FALSE,FALSE
"GENE1514","GENE1514_HUMAN","P99032","Protein GENE1514",-0.1955,1,0.386094,0,0.4133,4,5,FALSE,FALSE,FALSE
"GENE0133","GENE0133_HUMAN","P62321","Protein GENE0133",-0.4126,1,0.91503,0,0.0386,2,5,FALSE,FALSE,FALSE
"GENE2746","GENE2746_HUMAN","P08029","Protein GENE2746",0.7732,0.96201,0.491914,0,0.3081,4,4,FALSE,FALSE,FALSE
"GENE0723","GENE0723_HUMAN","P17716","Protein GENE0723",-0.3502,1,0.695744,0,0.1576,6,6,FALSE,FALSE,FALSE
"GENE2492","GENE2492_HUMAN","P51556","Protein GENE2492",-0.1576,0.281541,0.13723,0.2672,0.8626,6,6,FALSE,FALSE,FALSE
"GENE2522","GENE2522_HUMAN","P43027","Protein GENE2522",0.1374,0.84239,0.736912,0,0.1326,6,2,FALSE,FALSE,FALSE
"GENE0820","GENE0820_HUMAN","P45117","Protein GENE0820",-0.0194,1,0.73547,0,0.1334,4,2,TRUE,FALSE,FALSE
"GENE0566","GENE0566_HUMAN","P76873","Protein GENE0566",0.1676,1,0.922185,0,0.0352,4,4,FALSE,TRUE,FALSE
"GENE1132","GENE1132_HUMAN","P73696","Protein GENE1132",-0.8523,1,0.972145,0,0.0123,3,2,FALSE,FALSE,FALSE
"GENE0234","GENE0234_HUMAN","P33901","Protein GENE0234",0.1208,1,0.961071,0,0.0172,5,3,FALSE,FALSE,FALSE
"GENE0277","GENE0277_HUMAN","P14201","Protein GENE0277",0.9303,0.613114,0.173023,0.0797,0.7619,3,4,FALSE,FALSE,FALSE
"GENE0420","GENE0420_HUMAN","P75488","Protein GENE0420",0.5022,0.885223,0.547162,0,0.2619,4,3,FALSE,FALSE,FALSE
"GENE0640","GENE0640_HUMAN","P64070","Protein GENE0640",-4.3404,0.055257,0.013429,1.8083,1.872,2,4,FALSE,FALSE,TRUE
"GENE0442","GENE0442_HUMAN","P42320","Protein GENE0442",0.0764,0.417472,0.409365,0,0.3879,5,4,FALSE,FALSE,FALSE
"GENE0228","GENE0228_HUMAN","P80607","Protein GENE0228",-0.287,1,0.495682,0,0.3048,2,5,FALSE,FALSE,FALSE
"GENE0341","GENE0341_HUMAN","P32301","Protein GENE0341",0.5349,1,0.35298,0.1291,0.4523,6,2,FALSE,FALSE,FALSE
"GENE0205","GENE0205_HUMAN","P39050","Protein GENE0205",-0.2227,0.524651,0.420791,0,0.3759,6,4,FALSE,FALSE,FALSE
"GENE0262","GENE0262_HUMAN","P34812","Protein GENE0262",0.2037,1,0.370978,0,0.4307,5,3,FALSE,FALSE,FALSE
"GENE1239","GENE1239_HUMAN","P23993","Protein GENE1239",0.0183,1,0.900374,0,0.0456,5,4,FALSE,FALSE,FALSE
"GENE1726","GENE1726_HUMAN","P78378","Protein GENE1726",-0.1207,0.522399,0.250402,0,0.6014,4,5,FALSE,FALSE,FALSE
"GENE0919","GENE0919_HUMAN","P14286","Protein GENE0919",0.152,1,0.340216,0.0063,0.4682,3,4,FALSE,FALSE,FALSE
"GENE0340","GENE0340_HUMAN","P53580","Protein GENE0340",-0.0876,0.454092,0.154924,0.3046,0.8099,5,5,FALSE,FALSE,FALSE
"GENE0580","GENE0580_HUMAN","P56428","Protein GENE0580",-0.2881,0.574916,0.221333,0.0771,0.655,5,2,FALSE,FALSE,FALSE
"GENE2441","GENE2441_HUMAN","P70717","Protein GENE2441",-0.073,1,0.494155,0.1583,0.3061,5,2,FALSE,FALSE,FALSE
"GENE1327","GENE1327_HUMAN","P02602","Protein GENE1327",0.5526,0.897691,0.277284,0.1371,0.5571,3,4,FALSE,FALSE,FALSE
"GENE1564","GENE1564_HUMAN","P67842","Protein GENE1564",0.3308,0.247211,0.126278,0.2311,0.8987,4,3,FALSE,FALSE,FALSE
"UFL1","UFL1_HUMAN","P57957","Protein UFL1",0.4563,1,0.550694,0.0123,0.2591,3,3,TRUE,FALSE,FALSE
"GENE2320","GENE2320_HUMAN","P28564","Protein GENE2320",-0.2455,1,0.25815,0.1375,0.5881,5,3,FALSE,FALSE,FALSE
"GENE1590","GENE1590_HUMAN","P99166","Protein GENE1590",0.0665,0.302124,0.2316,0.1057,0.6353,2,4,FALSE,FALSE,FALSE
"GENE1102","GENE1102_HUMAN","P86425","Protein GENE1102",0.122,0.822995,0.697876,0,0.1562,4,5,FALSE,TRUE,FALSE
"GENE0555","GENE0555_HUMAN","P89069","Protein GENE0555",0.1155,1,0.723419,0,0.1406,5,4,FALSE,FALSE,FALSE
"GENE1886","GENE1886_HUMAN","P16867","Protein GENE1886",-0.872,1,0.995583,0,0.0019,6,6,TRUE,FALSE,FALSE
"GENE2360","GENE2360_HUMAN","P01358","Protein GENE2360",0.008,0.416108,0.104229,0.4923,0.982,2,3,FALSE,FALSE,FALSE
"GENE0817","GENE0817_HUMAN","P41942","Protein GENE0817",0.3386,0.536195,0.403222,0.08,0.3945,2,2,FALSE,FALSE,FALSE
"GENE2587","GENE2587_HUMAN","P38648","Protein GENE2587",0.4433,1,0.57714,0,0.2387,5,6,FALSE,FALSE,FALSE
"GENE1227","GENE1227_HUMAN","P86588","Protein GENE1227",0.0796,1,0.412,0,0.3851,3,3,FALSE,FALSE,FALSE
"GENE1497","GENE1497_HUMAN","P47485","Protein GENE1497",0.3459,1,0.713923,0,0.1463,6,6,FALSE,FALSE,FALSE
"GENE2050","GENE2050_HUMAN","P69530","Protein GENE2050",0.4218,1,0.49754,0.0856,0.3032,4,3,FALSE,FALSE,FALSE
"GENE0212","GENE0212_HUMAN","P27768","Protein GENE0212",-0.2667,1,0.874543,0,0.0582,4,5,FALSE,FALSE,FALSE
"GENE2894","GENE2894_HUMAN","P92065","Protein GENE2894",-0.2439,1,0.739259,0,0.1312,4,2,FALSE,FALSE,FALSE
"GENE0464","GENE0464_HUMAN","P88702","Protein GENE0464",-0.3083,0.838263,0.622703,0,0.2057,3,6,FALSE,FALSE,FALSE
"GENE1900","GENE1900_HUMAN","P95587","Protein GENE1900",0.0269,1,0.541575,0,0.2663,4,4,FALSE,FALSE,FALSE
"GENE2027","GENE2027_HUMAN","P06616","Protein GENE2027",0.4908,1,0.748337,0,0.1259,3,6,FALSE,TRUE,FALSE
"GENE2277","GENE2277_HUMAN","P62245","Protein GENE2277",0.1664,1,0.852004,0,0.0696,4,2,FALSE,FALSE,FALSE
"GENE1347","GENE1347_HUMAN","P93251","Protein GENE1347",0.681,1,0.255573,0.0317,0.5925,4,3,FALSE,FALSE,FALSE
"GENE0192","GENE0192_HUMAN","P35659","Protein GENE0192",0.5918,1,0.795781,0,0.0992,5,6,FALSE,FALSE,FALSE
"GENE2837","GENE2837_HUMAN","P80672","Protein GENE2837",-0.1437,0.428183,0.283793,0.0231,0.547,3,4,FALSE,FALSE,FALSE
"GENE1088","GENE1088_HUMAN","P03674","Protein GENE1088",-2.1867,0.068816,0.026626,1.5345,1.5747,5,3,FALSE,FALSE,TRUE
"GENE1234","GENE1234_HUMAN","P42767","Protein GENE1234",0.2637,1,0.555436,0,0.2554,2,4,FALSE,FALSE,FALSE
"GENE1246","GENE1246_HUMAN","P74010","Protein GENE1246",0.1192,0.54545,0.189541,0.1033,0.7223,6,4,FALSE,TRUE,FALSE
"GENE1402","GENE1402_HUMAN","P82912","Protein GENE1402",-0.8486,1,0.367526,0.1743,0.4347,4,2,FALSE,FALSE,FALSE
"GENE0698","GENE0698_HUMAN","P72537","Protein GENE0698",0.4933,1,0.568823,0,0.245,3,6,FALSE,FALSE,FALSE
"GENE0579","GENE0579_HUMAN","P78624","Protein GENE0579",-0.2632,0.557466,0.13151,0.4343,0.881,5,2,FALSE,TRUE,FALSE
"GENE0801","GENE0801_HUMAN","P30698","Protein GENE0801",-0.3571,1,0.730948,0.0548,0.1361,4,6,FALSE,FALSE,FALSE
"GENE2341","GENE2341_HUMAN","P61026","Protein GENE2341",-0.1876,0.740664,0.670849,0,0.1734,4,5,FALSE,FALSE,FALSE
"GENE1411","GENE1411_HUMAN","P18351","Protein GENE1411",0.3122,1,0.836905,0,0.0773,5,5,FALSE,FALSE,FALSE
"GENE1864","GENE1864_HUMAN","P42034","Protein GENE1864",0.3396,1,0.73371,0,0.1345,3,3,FALSE,FALSE,FALSE
"GENE2707","GENE2707_HUMAN","P26708","Protein GENE2707",-0.3293,1,0.451914,0,0.3449,5,4,FALSE,FALSE,FALSE
"GENE2616","GENE2616_HUMAN","P85228","Protein GENE2616",0.1673,1,0.873878,0,0.0585,3,6,FALSE,FALSE,FALSE
"GENE2519","GENE2519_HUMAN","P91431","Protein GENE2519",0.387,0.581348,0.126171,0.2854,0.899,6,2,FALSE,FALSE,FALSE
"GENE1821","GENE1821_HUMAN","P68036","Protein GENE1821",0.0142,1,0.65101,0,0.1864,5,2,TRUE,FALSE,FALSE
"GENE1156","GENE1156_HUMAN","P91372","Protein GENE1156",0.1035,1,0.602618,0,0.22,2,6,FALSE,FALSE,FALSE
"GENE1291","GENE1291_HUMAN","P46559","Protein GENE1291",0.7571,0.559486,0.421421,0,0.3753,6,5,TRUE,FALSE,FALSE
"GENE0912","GENE0912_HUMAN","P88684","Protein GENE0912",0.2795,1,0.700194,0,0.1548,2,4,FALSE,FALSE,FALSE
"GENE1529","GENE1529_HUMAN","P50444","Protein GENE1529",-0.575,1,0.943483,0,0.0253,6,5,FALSE,FALSE,FALSE
"GENE0973","GENE0973_HUMAN","P17370","Protein GENE0973",-0.0732,1,0.582923,0,0.2344,3,3,FALSE,FALSE,FALSE
"GENE1811","GENE1811_HUMAN","P12508","Protein GENE1811",0.0998,0.894064,0.698141,0,0.1561,5,4,TRUE,FALSE,FALSE
"GENE1567","GENE1567_HUMAN","P85100","Protein GENE1567",-0.0667,1,0.549376,0,0.2601,2,2,FALSE,FALSE,FALSE
"GENE2667","GENE2667_HUMAN","P57469","Protein GENE2667",-0.3059,0.372742,0.096957,0.7107,1.0134,3,3,TRUE,FALSE,FALSE
"GENE1367","GENE1367_HUMAN","P68921","Protein GENE1367",-3.5624,0.028322,0.014173,1.2141,1.8485,3,5,FALSE,FALSE,TRUE
"GENE2283","GENE2283_HUMAN","P04511","Protein GENE2283",-0.3413,0.576771,0.429789,0,0.3667,4,6,FALSE,FALSE,FALSE
"GENE0809","GENE0809_HUMAN","P57995","Protein GENE0809",0.3613,1,0.724504,0,0.14,6,2,FALSE,FALSE,FALSE
"GENE1244","GENE1244_HUMAN","P66462","Protein GENE1244",0.3076,1,0.471181,0,0.3268,4,4,FALSE,FALSE,FALSE
"GENE1157","GENE1157_HUMAN","P67017","Protein GENE1157",-0.5588,1,0.329606,0,0.482,3,2,FALSE,FALSE,FALSE
"GENE1870","GENE1870_HUMAN","P45667","Protein GENE1870",-0.2346,1,0.74246,0.0291,0.1293,5,4,FALSE,FALSE,FALSE
"GENE1929","GENE1929_HUMAN","P91408","Protein GENE1929",-0.5672,1,0.379768,0,0.4205,6,3,FALSE,FALSE,FALSE
"GENE1719","GENE1719_HUMAN","P57167","Protein GENE1719",0.4831,0.488282,0.300393,0.2288,0.5223,2,5,FALSE,FALSE,FALSE
"GENE0649","GENE0649_HUMAN","P08331","Protein GENE0649",-0.5115,0.878524,0.367614,0,0.4346,6,4,FALSE,FALSE,FALSE
"GENE0408","GENE0408_HUMAN","P87188","Protein GENE0408",0.1111,0.48876,0.176775,0.3045,0.7526,3,2,FALSE,FALSE,FALSE
"GENE1435","GENE1435_HUMAN","P91271","Protein GENE1435",0.4138,1,0.823683,0,0.0842,6,2,FALSE,TRUE,FALSE
"GENE0616","GENE0616_HUMAN","P43016","Protein GENE0616",-1.0266,0.555596,0.475831,0,0.3225,5,6,FALSE,FALSE,FALSE
"GENE0947","GENE0947_HUMAN","P17430","Protein GENE0947",0.7122,0.161512,0.121776,0.8476,0.9144,3,5,FALSE,FALSE,FALSE
"GENE2569","GENE2569_HUMAN","P81931","Protein GENE2569",-0.3891,1,0.523057,0.2456,0.2815,2,5,FALSE,FALSE,FALSE
"GENE2265","GENE2265_HUMAN","P89847","Protein GENE2265",0.5053,1,0.972528,0,0.0121,2,6,FALSE,FALSE,FALSE
"GENE2668","GENE2668_HUMAN","P47085","Protein GENE2668",0.021,1,0.761196,0,0.1185,2,5,FALSE,FALSE,FALSE
"GENE0445","GENE0445_HUMAN","P13474","Protein GENE0445",0.1945,1,0.710415,0,0.1485,5,3,FALSE,FALSE,FALSE
"GENE1173","GENE1173_HUMAN","P50286","Protein GENE1173",0.789,0.506136,0.269747,0.1713,0.569,2,5,FALSE,FALSE,FALSE
"GENE0773","GENE0773_HUMAN","P54226","Protein GENE0773",0.1953,0.826589,0.244901,0.1166,0.611,5,2,TRUE,TRUE,FALSE
"GENE2509","GENE2509_HUMAN","P83667","Protein GENE2509",0.0767,0.540194,0.238526,0.026,0.6225,2,4,FALSE,FALSE,FALSE
"GENE2003","GENE2003_HUMAN","P01661","Protein GENE2003",-0.5093,0.652011,0.635654,0,0.1968,6,3,FALSE,FALSE,FALSE
"GENE0349","GENE0349_HUMAN","P35839","Protein GENE0349",-0.1323,1,0.78016,0,0.1078,3,6,FALSE,FALSE,FALSE
"GENE1062","GENE1062_HUMAN","P01507","Protein GENE1062",0.0805,0.460631,0.229291,0.1356,0.6396,5,2,FALSE,FALSE,FALSE
"GENE2332","GENE2332_HUMAN","P59200","Protein GENE2332",-0.6272,0.146414,0.125309,0.7627,0.902,2,3,FALSE,FALSE,FALSE
"GENE1298","GENE1298_HUMAN","P82687","Protein GENE1298",-0.9587,1,0.732182,0,0.1354,4,3,FALSE,FALSE,FALSE
"GENE1549","GENE1549_HUMAN","P91282","Protein GENE1549",-0.8713,1,0.390474,0.032,0.4084,5,3,FALSE,FALSE,FALSE
"GENE0721","GENE0721_HUMAN","P66873","Protein GENE0721",-0.0011,1,0.967639,0,0.0143,6,3,FALSE,FALSE,FALSE
"GENE2642","GENE2642_HUMAN","P54770","Protein GENE2642",0.2445,0.133367,0.061731,1.0156,1.2095,5,5,FALSE,TRUE,FALSE
"GENE0897","GENE0897_HUMAN","P29631","Protein GENE0897",-0.0877,1,0.901067,0,0.0452,6,3,FALSE,TRUE,FALSE
"GENE2481","GENE2481_HUMAN","P75587","Protein GENE2481",0.3227,0.223041,0.071276,1.0329,1.1471,4,3,FALSE,TRUE,FALSE
"GENE2012","GENE2012_HUMAN","P33832","Protein GENE2012",0.239,0.948314,0.411279,0,0.3859,2,3,FALSE,FALSE,FALSE
"GENE1060","GENE1060_HUMAN","P94002","Protein GENE1060",0.3546,0.585306,0.14485,0.3048,0.8391,4,4,FALSE,FALSE,FALSE
"GENE0046","GENE0046_HUMAN","P89712","Protein GENE0046",-0.4331,1,0.734659,0,0.1339,2,3,FALSE,FALSE,FALSE
"GENE1765","GENE1765_HUMAN","P90903","Protein GENE1765",-0.0051,0.400363,0.192499,0.1653,0.7156,4,4,FALSE,FALSE,FALSE
"GENE0646","GENE0646_HUMAN","P97166","Protein GENE0646",0.8017,0.409241,0.354739,0,0.4501,4,5,FALSE,FALSE,FALSE
