"Gene","Entry.Name","UniProt.ID","Description","logFC","P.Val","adj.P.Val","log.P.Val","log.adj.P.Val","n_data_points_BK516_Ctrl","n_data_points_BK516_Cflag","imputed_BK516_Cflag","imputed_BK516_Ctrl","is_significant"
"GENE2469","GENE2469_HUMAN","P89581","Protein GENE2469",0.0929,0.776296,0.173059,0.5359,0.7618,5,2,FALSE,FALSE,FALSE
"GENE1787","GENE1787_HUMAN","P91563","Protein GENE1787",0.0967,1,0.740218,0,0.1306,6,5,FALSE,FALSE,FALSE
"GENE2477","GENE2477_HUMAN","P21127","Protein GENE2477",-1.0864,0.851459,0.612784,0,0.2127,2,6,FALSE,FALSE,FALSE
"GENE0763","GENE0763_HUMAN","P68365","Protein GENE0763",0.1431,1,0.865653,0,0.0627,6,6,TRUE,TRUE,FALSE
"GENE2638","GENE2638_HUMAN","P38009","Protein GENE2638",0.286,0.591592,0.130261,0.8122,0.8852,5,3,FALSE,FALSE,FALSE
"GENE2132","GENE2132_HUMAN","P97535","Protein GENE2132",0.1101,0.98721,0.745274,0.0666,0.1277,4,6,FALSE,FALSE,FALSE
"GENE1155","GENE1155_HUMAN","P21941","Protein GENE1155",-0.4603,0.319275,0.081135,0.5876,1.0908,2,2,FALSE,FALSE,FALSE
"GENE1356","GENE1356_HUMAN","P20840","Protein GENE1356",-0.1432,1,0.736689,0,0.1327,2,4,FALSE,FALSE,FALSE
"GENE2116","GENE2116_HUMAN","P30745","Protein GENE2116",0.4016,1,0.892688,0,0.0493,4,5,FALSE,TRUE,FALSE
"GENE1994","GENE1994_HUMAN","P70546","Protein GENE1994",-0.1193,0.376318,0.251116,0.1169,0.6001,6,3,FALSE,FALSE,FALSE
"GENE0854","GENE0854_HUMAN","P38346","Protein GENE0854",-0.3996,1,0.977843,0,0.0097,5,5,FALSE,FALSE,FALSE
"GENE0574","GENE0574_HUMAN","P66402","Protein GENE0574",0.4172,0.707056,0.157823,0.5965,0.8018,3,5,FALSE,FALSE,FALSE
"GENE2413","GENE2413_HUMAN","P41690","Protein GENE2413",0.6578,1,0.523737,0,0.2809,4,6,TRUE,FALSE,FALSE
"GENE1850","GENE1850_HUMAN","P33074","Protein GENE1850",-0.4558,0.656025,0.462052,0,0.3353,2,4,FALSE,TRUE,FALSE
"GENE0694","GENE0694_HUMAN","P55841","Protein GENE0694",0.666,1,0.662688,0,0.1787,6,4,FALSE,FALSE,FALSE
"GENE0251","GENE0251_HUMAN","P43357","Protein GENE0251",-0.4362,0.336641,0.193422,0.3349,0.7135,6,4,FALSE,FALSE,FALSE
"GENE2230","GENE2230_HUMAN","P88402","Protein GENE2230",0.4408,1,0.911709,0,0.0401,4,5,FALSE,TRUE,FALSE
"GENE1175","GENE1175_HUMAN","P88241","Protein GENE1175",0.2389,1,0.615643,0,0.2107,4,5,FALSE,FALSE,FALSE
"GENE0536","GENE0536_HUMAN","P03860","Protein GENE0536",-1.7353,0.157115,0.04217,0.8248,1.375,5,5,FALSE,TRUE,TRUE
"GENE0559","GENE0559_HUMAN","P36908","Protein GENE0559",-0.0358,1,0.493624,0,0.3066,3,4,FALSE,FALSE,FALSE
"GENE2791","GENE2791_HUMAN","P14823","Protein GENE2791",-0.2128,1,0.599939,0,0.2219,2,4,FALSE,FALSE,FALSE
"GENE2775","GENE2775_HUMAN","P14180","Protein GENE2775",0.5389,0.3337,0.090343,0.5976,1.0441,2,2,FALSE,FALSE,FALSE
"GENE2323","GENE2323_HUMAN","P43521","Protein GENE2323",-0.2718,0.777692,0.598207,0,0.2231,4,2,FALSE,FALSE,FALSE
"GENE2481","GENE2481_HUMAN","P94953","Protein GENE2481",0.0403,1,0.944196,0,0.0249,6,3,TRUE,FALSE,FALSE
"GENE2551","GENE2551_HUMAN","P94255","Protein GENE2551",0.0341,1,0.859135,0.047,0.0659,5,3,FALSE,FALSE,FALSE
"GENE1781","GENE1781_HUMAN","P36258","Protein GENE1781",2.4321,0.00665,0.003029,2.048,2.5187,5,3,FALSE,FALSE,TRUE
"GENE0056","GENE0056_HUMAN","P97160","Protein GENE0056",-0.3382,0.56617,0.206946,0.0911,0.6841,3,6,FALSE,FALSE,FALSE
"GENE0819","GENE0819_HUMAN","P04863","Protein GENE0819",-0.208,1,0.944638,0,0.0247,4,3,FALSE,FALSE,FALSE
"GENE2649","GENE2649_HUMAN","P08117","Protein GENE2649",0.2934,0.36359,0.073385,0.5374,1.1344,4,5,FALSE,TRUE,FALSE
"GENE1996","GENE1996_HUMAN","P79595","Protein GENE1996",0.2957,0.582611,0.237338,0.1621,0.6246,5,2,FALSE,FALSE,FALSE
"GENE2502","GENE2502_HUMAN","P46251","Protein GENE2502",0.2568,1,0.874528,0,0.0582,6,4,FALSE,FALSE,FALSE
"GENE1406","GENE1406_HUMAN","P29779","Protein GENE1406",0.6671,0.593104,0.50814,0.1623,0.294,4,2,FALSE,FALSE,FALSE
"GENE2823","GENE2823_HUMAN","P82529","Protein GENE2823",-0.0351,1,0.444982,0,0.3517,5,3,TRUE,FALSE,FALSE
"GENE0169","GENE0169_HUMAN","P87636","Protein GENE0169",0.1625,1,0.778993,0,0.1085,5,6,FALSE,FALSE,FALSE
"GENE1819","GENE1819_HUMAN","P96132","Protein GENE1819",0.306,1,0.335272,0.2984,0.4746,3,3,FALSE,FALSE,FALSE
"GENE0310","GENE0310_HUMAN","P58800","Protein GENE0310",-0.0643,1,0.52982,0,0.2759,2,5,FALSE,FALSE,FALSE
"GENE2371","GENE2371_HUMAN","P78764","Protein GENE2371",-0.0932,0.448096,0.267519,0,0.5726,5,6,FALSE,FALSE,FALSE
"GENE1409","GENE1409_HUMAN","P79585","Protein GENE1409",-0.1031,1,0.735852,0,0.1332,2,5,FALSE,TRUE,FALSE
"GENE0755","GENE0755_HUMAN","P51241","Protein GENE0755",0.2552,1,0.808253,0,0.0925,4,4,FALSE,FALSE,FALSE
"GENE0579","GENE0579_HUMAN","P87715","Protein GENE0579",0.3717,1,0.989529,0,0.0046,5,5,FALSE,FALSE,FALSE
"GENE1550","GENE1550_HUMAN","P46215","Protein GENE1550",-0.7408,1,0.537274,0.23,0.2698,2,6,FALSE,FALSE,FALSE
"GENE0452","GENE0452_HUMAN","P13727","Protein GENE0452",-0.091,1,0.383374,0,0.4164,4,2,FALSE,FALSE,FALSE
"GENE0707","GENE0707_HUMAN","P24253","Protein GENE0707",-0.0433,1,0.405753,0,0.3917,5,5,FALSE,FALSE,FALSE
"GENE2754","GENE2754_HUMAN","P61206","Protein GENE2754",0.3647,1,0.991627,0,0.0037,6,6,FALSE,TRUE,FALSE
"GENE2200","GENE2200_HUMAN","P49681","Protein GENE2200",0.5307,1,0.882812,0,0.0541,4,6,FALSE,FALSE,FALSE
"GENE2884","GENE2884_HUMAN","P34980","Protein GENE2884",-0.4512,1,0.414049,0.0448,0.3829,5,5,FALSE,FALSE,FALSE
"GENE1103","GENE1103_HUMAN","P16688","Protein GENE1103",0.0531,1,0.379136,0,0.4212,5,5,FALSE,FALSE,FALSE
"GENE1002","GENE1002_HUMAN","P84628","Protein GENE1002",0.0069,1,0.754497,0,0.1223,2,2,FALSE,FALSE,FALSE
"GENE0495","GENE0495_HUMAN","P80538","Protein GENE0495",1.4123,0.092646,0.019814,1.0461,1.703,3,3,FALSE,FALSE,TRUE
"GENE2689","GENE2689_HUMAN","P71137","Protein GENE2689",0.5711,0.610869,0.340745,0.1194,0.4676,6,6,FALSE,FALSE,FALSE
"GENE1977","GENE1977_HUMAN","P49136","Protein GENE1977",-0.0258,0.729995,0.382018,0,0.4179,2,3,FALSE,FALSE,FALSE
"GENE2291","GENE2291_HUMAN","P99527","Protein GENE2291",-0.5245,1,0.656354,0,0.1829,4,5,FALSE,FALSE,FALSE
"GENE2521","GENE2521_HUMAN","P73739","Protein GENE2521",0.2981,0.488877,0.458677,0,0.3385,4,6,FALSE,FALSE,FALSE
"GENE1508","GENE1508_HUMAN","P59896","Protein GENE1508",0.212,0.138058,0.117105,0.4433,0.9314,4,3,FALSE,FALSE,FALSE
"GENE0782","GENE0782_HUMAN","P77282","Protein GENE0782",-0.028,1,0.518037,0,0.2856,4,5,TRUE,FALSE,FALSE
"GENE0389","GENE0389_HUMAN","P76986","Protein GENE0389",-0.847,1,0.604403,0,0.2187,4,3,FALSE,FALSE,FALSE
"GENE2490","GENE2490_HUMAN","P45700","Protein GENE2490",0.2661,0.174116,0.16564,0.3348,0.7808,5,3,FALSE,FALSE,FALSE
"GENE0613","GENE0613_HUMAN","P85309","Protein GENE0613",0.2832,1,0.896713,0,0.0473,6,3,FALSE,FALSE,FALSE
"GENE2501","GENE2501_HUMAN","P32617","Protein GENE2501",0.3257,1,0.452153,0,0.3447,3,5,FALSE,FALSE,FALSE
"GENE0588","GENE0588_HUMAN","P56445","Protein GENE0588",0.1058,0.611534,0.261308,0.05,0.5828,5,6,FALSE,FALSE,FALSE
"GENE1588","GENE1588_HUMAN","P62964","Protein GENE1588",0.0311,0.19063,0.089452,0.9521,1.0484,4,6,FALSE,FALSE,FALSE
"GENE0783","GENE0783_HUMAN","P48249","Protein GENE0783",-0.068,1,0.685043,0.0304,0.1643,6,2,FALSE,FALSE,FALSE
"GENE2417","GENE2417_HUMAN","P86401","Protein GENE2417",-0.7516,1,0.548919,0.1835,0.2605,5,5,TRUE,FALSE,FALSE
"GENE2556","GENE2556_HUMAN","P83585","Protein GENE2556",0.5267,1,0.700744,0,0.1544,2,3,FALSE,FALSE,FALSE
"GENE1967","GENE1967_HUMAN","P13104","Protein GENE1967",-0.2728,1,0.273325,0.0407,0.5633,3,5,FALSE,FALSE,FALSE
"GENE2023","GENE2023_HUMAN","P81989","Protein GENE2023",-0.8627,0.183308,0.096631,0.4996,1.0149,2,3,FALSE,FALSE,FALSE
"GENE2222","GENE2222_HUMAN","P44592","Protein GENE2222",-0.3095,1,0.91519,0,0.0385,2,2,FALSE,FALSE,FALSE
"GENE1845","GENE1845_HUMAN","P44572","Protein GENE1845",-0.0217,1,0.427696,0.2458,0.3689,3,4,FALSE,FALSE,FALSE
"GENE1573","GENE1573_HUMAN","P01644","Protein GENE1573",-0.4296,1,0.748859,0,0.1256,6,2,FALSE,FALSE,FALSE
"GENE1402","GENE1402_HUMAN","P28624","Protein GENE1402",0.0606,0.882397,0.187294,0.4358,0.7275,5,4,FALSE,FALSE,FALSE
"GENE1277","GENE1277_HUMAN","P30104","Protein GENE1277",-0.3244,1,0.564703,0,0.2482,4,6,FALSE,FALSE,FALSE
"GENE1211","GENE1211_HUMAN","P07171","Protein GENE1211",-0.406,1,0.853073,0,0.069,3,3,FALSE,FALSE,FALSE
"GENE2225","GENE2225_HUMAN","P46629","Protein GENE2225",0.3321,1,0.53369,0,0.2727,3,3,FALSE,FALSE,FALSE
"GENE0120","GENE0120_HUMAN","P89288","Protein GENE0120",-0.5573,0.381567,0.327079,0,0.4853,3,4,FALSE,FALSE,FALSE
"GENE1197","GENE1197_HUMAN","P80125","Protein GENE1197",-0.0845,0.765444,0.168456,0.3862,0.7735,4,3,FALSE,FALSE,FALSE
"GENE0966","GENE0966_HUMAN","P23690","Protein GENE0966",-0.544,1,0.904154,0,0.0438,2,6,FALSE,FALSE,FALSE
"GENE0113","GENE0113_HUMAN","P21920","Protein GENE0113",-0.5712,0.461385,0.360272,0.0177,0.4434,6,3,FALSE,FALSE,FALSE
"GENE0621","GENE0621_HUMAN","P40717","Protein GENE0621",-3.2114,0.047498,0.015523,1.1638,1.809,4,6,FALSE,FALSE,TRUE
"GENE1123","GENE1123_HUMAN","P27552","Protein GENE1123",-1.6398,0.151368,0.040734,0.7362,1.39,2,5,FALSE,FALSE,TRUE
"GENE1586","GENE1586_HUMAN","P70133","Protein GENE1586",0.5453,1,0.887174,0,0.052,6,6,FALSE,FALSE,FALSE
"GENE2789","GENE2789_HUMAN","P22939","Protein GENE2789",0.2482,0.263251,0.185144,0.4269,0.7325,4,4,FALSE,FALSE,FALSE
"GENE0406","GENE0406_HUMAN","P80581","Protein GENE0406",0.2178,0.291581,0.224712,0.3498,0.6484,2,6,TRUE,FALSE,FALSE
"GENE1903","GENE1903_HUMAN","P10609","Protein GENE1903",-0.3487,0.630053,0.412988,0,0.3841,2,5,FALSE,FALSE,FALSE
"GENE1245","GENE1245_HUMAN","P88469","Protein GENE1245",-0.1601,0.755325,0.743413,0,0.1288,4,4,FALSE,FALSE,FALSE
"GENE2646","GENE2646_HUMAN","P82588","Protein GENE2646",0.3367,1,0.289381,0,0.5385,2,6,FALSE,FALSE,FALSE
"GENE2282","GENE2282_HUMAN","P72581","Protein GENE2282",0.2705,1,0.806232,0,0.0935,4,6,FALSE,FALSE,FALSE
"GENE2506","GENE2506_HUMAN","P10056","Protein GENE2506",0.0248,0.621989,0.567342,0,0.2462,3,5,FALSE,FALSE,FALSE
"GENE0794","GENE0794_HUMAN","P20181","Protein GENE0794",-0.2352,1,0.966575,0,0.0148,3,3,FALSE,TRUE,FALSE
"GENE0017","GENE0017_HUMAN","P47420","Protein GENE0017",-0.6651,1,0.895332,0,0.048,2,3,FALSE,FALSE,FALSE
"GENE2340","GENE2340_HUMAN","P68542","Protein GENE2340",-0.2133,0.990558,0.301095,0.0019,0.5213,5,5,FALSE,FALSE,FALSE
"GENE2644","GENE2644_HUMAN","P17662","Protein GENE2644",0.3737,1,0.348529,0,0.4578,4,6,FALSE,FALSE,FALSE
"GENE1297","GENE1297_HUMAN","P84641","Protein GENE1297",0.6688,1,0.920848,0,0.0358,5,4,FALSE,FALSE,FALSE
"GENE1824","GENE1824_HUMAN","P96410","Protein GENE1824",-0.2862,1,0.616708,0,0.2099,5,5,FALSE,FALSE,FALSE
"GENE0916","GENE0916_HUMAN","P51256","Protein GENE0916",0.7179,1,0.71955,0,0.1429,5,5,FALSE,TRUE,FALSE
"GENE0116","GENE0116_HUMAN","P80073","Protein GENE0116",0.7816,0.077304,0.032284,0.829,1.491,4,3,FALSE,FALSE,TRUE
"GENE2869","GENE2869_HUMAN","P13983","Protein GENE2869",0.0759,0.833334,0.246445,0.2681,0.6083,3,3,FALSE,FALSE,FALSE
"GENE1204","GENE1204_HUMAN","P80905","Protein GENE1204",-0.2537,0.352742,0.303461,0,0.5179,2,5,FALSE,FALSE,FALSE
"GENE1732","GENE1732_HUMAN","P55244","Protein GENE1732",0.0939,1,0.383027,0.0125,0.4168,2,3,FALSE,FALSE,FALSE
"GENE1326","GENE1326_HUMAN","P30900","Protein GENE1326",1.0736,0.058741,0.030348,1.4199,1.5179,4,5,FALSE,FALSE,TRUE
"GENE0804","GENE0804_HUMAN","P43737","Protein GENE0804",0.4531,1,0.986305,0,0.006,6,3,FALSE,FALSE,FALSE
"GENE0682","GENE0682_HUMAN","P84278","Protein GENE0682",-0.7223,1,0.952643,0,0.0211,5,2,FALSE,FALSE,FALSE
"GENE0407","GENE0407_HUMAN","P09046","Protein GENE0407",-0.4927,1,0.642748,0,0.192,3,4,FALSE,FALSE,FALSE
"GENE1217","GENE1217_HUMAN","P60340","Protein GENE1217",0.6007,1,0.921545,0,0.0355,2,3,FALSE,FALSE,FALSE
"GENE1488","GENE1488_HUMAN","P89526","Protein GENE1488",-0.0734,0.553054,0.237142,0.1809,0.625,5,4,FALSE,FALSE,FALSE
"GENE0518","GENE0518_HUMAN","P34210","Protein GENE0518",1.4785,0.025289,0.016595,1.1129,1.78,6,4,FALSE,FALSE,TRUE
"GENE0514","GENE0514_HUMAN","P29321","Protein GENE0514",0.1803,1,0.708123,0,0.1499,4,5,FALSE,FALSE,FALSE
"GENE2639","GENE2639_HUMAN","P83574","Protein GENE2639",0.1471,1,0.562164,0,0.2501,4,4,FALSE,FALSE,FALSE
"GENE2234","GENE2234_HUMAN","P74926","Protein GENE2234",-0.1806,0.445242,0.256761,0.2077,0.5905,2,5,FALSE,FALSE,FALSE
"GENE2664","GENE2664_HUMAN","P45728","Protein GENE2664",0.6085,0.09858,0.03497,1.4484,1.4563,2,4,FALSE,TRUE,TRUE
"GENE1116","GENE1116_HUMAN","P77589","Protein GENE1116",0.6875,1,0.27823,0.3657,0.5556,6,5,FALSE,FALSE,FALSE
"GENE1041","GENE1041_HUMAN","P96365","Protein GENE1041",-0.2248,0.301647,0.120315,0.3414,0.9197,5,3,TRUE,FALSE,FALSE
"GENE1315","GENE1315_HUMAN","P40749","Protein GENE1315",-0.5679,1,0.992352,0,0.0033,3,4,TRUE,FALSE,FALSE
"GENE1100","GENE1100_HUMAN","P74580","Protein GENE1100",-0.2411,0.32937,0.292758,0.4026,0.5335,5,2,FALSE,TRUE,FALSE
"GENE0815","GENE0815_HUMAN","P34798","Protein GENE0815",0.0345,0.372946,0.210839,0.312,0.676,4,2,FALSE,FALSE,FALSE
"GENE2629","GENE2629_HUMAN","P72127","Protein GENE2629",-3.2768,0.005059,0.003221,1.9653,2.4921,6,3,TRUE,FALSE,TRUE
"GENE2019","GENE2019_HUMAN","P21307","Protein GENE2019",-0.0979,1,0.727999,0,0.1379,3,2,FALSE,FALSE,FALSE
"GENE0572","GENE0572_HUMAN","P25035","Protein GENE0572",0.3429,0.958388,0.267033,0.3689,0.5734,6,3,FALSE,FALSE,FALSE
"GENE0063","GENE0063_HUMAN","P06786","Protein GENE0063",0.14,1,0.885227,0,0.0529,3,6,FALSE,FALSE,FALSE
"GENE2457","GENE2457_HUMAN","P37858","Protein GENE2457",0.12,1,0.620029,0,0.2076,2,5,FALSE,FALSE,FALSE
"GENE2829","GENE2829_HUMAN","P77832","Protein GENE2829",0.1727,0.834363,0.258428,0.3975,0.5877,5,5,FALSE,FALSE,FALSE
"GENE0261","GENE0261_HUMAN","P55847","Protein GENE0261",0.6765,1,0.369157,0,0.4328,4,2,FALSE,FALSE,FALSE
"GENE2421","GENE2421_HUMAN","P64526","Protein GENE2421",0.8198,0.424456,0.159542,0.1436,0.7971,2,6,FALSE,FALSE,FALSE
"GENE1120","GENE1120_HUMAN","P12613","Protein GENE1120",-0.6784,0.147316,0.107612,0.7212,0.9681,6,5,FALSE,FALSE,FALSE
"GENE2790","GENE2790_HUMAN","P86728","Protein GENE2790",-3.1514,0.001888,0.000403,2.7991,3.3942,6,2,FALSE,FALSE,TRUE
"GENE2900","GENE2900_HUMAN","P61585","Protein GENE2900",0.6272,0.619838,0.17612,0.7102,0.7542,5,3,FALSE,FALSE,FALSE
"GENE2060","GENE2060_HUMAN","P20267","Protein GENE2060",0.7229,0.192382,0.045604,0.9443,1.341,3,6,FALSE,FALSE,TRUE
"GENE0589","GENE0589_HUMAN","P22950","Protein GENE0589",-0.4463,1,0.902107,0,0.0447,5,6,FALSE,FALSE,FALSE
"GENE2844","GENE2844_HUMAN","P04805","Protein GENE2844",-0.402,1,0.940646,0,0.0266,3,2,FALSE,FALSE,FALSE
"GENE0129","GENE0129_HUMAN","P98422","Protein GENE0129",-0.0633,0.906183,0.187186,0.1045,0.7277,5,4,TRUE,FALSE,FALSE
"GENE0323","GENE0323_HUMAN","P00445","Protein GENE0323",-0.0888,1,0.881767,0,0.0546,3,2,FALSE,FALSE,FALSE
"GENE0853","GENE0853_HUMAN","P03258","Protein GENE0853",-0.5487,0.63016,0.289036,0.0987,0.539,5,2,FALSE,FALSE,FALSE
"GENE0790","GENE0790_HUMAN","P83437","Protein GENE0790",0.5659,1,0.618614,0,0.2086,4,2,FALSE,FALSE,FALSE
"GENE1275","GENE1275_HUMAN","P72742","Protein GENE1275",-2.0222,0.028728,0.019517,1.1411,1.7096,3,5,TRUE,FALSE,TRUE
"GENE2154","GENE2154_HUMAN","P41470","Protein GENE2154",0.2377,1,0.669923,0,0.174,6,3,FALSE,FALSE,FALSE
"GENE1142","GENE1142_HUMAN","P26909","Protein GENE1142",0.2523,1,0.706216,0.0169,0.1511,6,5,FALSE,FALSE,FALSE
"GENE1212","GENE1212_HUMAN","P82808","Protein GENE1212",-0.5685,0.617889,0.263775,0,0.5788,5,6,FALSE,FALSE,FALSE
"GENE1136","GENE1136_HUMAN","P55270","Protein GENE1136",-0.1567,0.772828,0.244638,0.1683,0.6115,5,2,FALSE,FALSE,FALSE
"GENE0369","GENE0369_HUMAN","P72722","Protein GENE0369",1.5417,0.019835,0.009061,1.5117,2.0428,6,4,FALSE,FALSE,TRUE
"GENE1567","GENE1567_HUMAN","P57152","Protein GENE1567",-0.1571,1,0.570868,0,0.2435,4,6,FALSE,FALSE,FALSE
"GENE0421","GENE0421_HUMAN","P38902","Protein GENE0421",-0.0983,1,0.912501,0,0.0398,3,6,FALSE,FALSE,FALSE
"GENE1366","GENE1366_HUMAN","P35001","Protein GENE1366",-0.3559,1,0.715223,0,0.1456,5,4,FALSE,FALSE,FALSE
"GENE2539","GENE2539_HUMAN","P63774","Protein GENE2539",0.1938,0.285132,0.122893,0.3221,0.9105,5,5,FALSE,FALSE,FALSE
"GENE0245","GENE0245_HUMAN","P92003","Protein GENE0245",-0.0084,1,0.55289,0.0203,0.2574,5,4,FALSE,FALSE,FALSE
"GENE1751","GENE1751_HUMAN","P13496","Protein GENE1751",0.0222,1,0.490076,0.0977,0.3097,4,2,FALSE,FALSE,FALSE
"GENE2169","GENE2169_HUMAN","P20332","Protein GENE2169",-1.1888,0.459855,0.364236,0.4323,0.4386,3,4,FALSE,FALSE,FALSE
"MED23","MED23_HUMAN","P23599","Protein MED23",0.2315,1,0.826667,0,0.0827,6,2,FALSE,FALSE,FALSE
"GENE2735","GENE2735_HUMAN","P14048","Protein GENE2735",0.1565,0.285379,0.217243,0,0.6631,2,3,FALSE,FALSE,FALSE
"GENE0110","GENE0110_HUMAN","P29470","Protein GENE0110",0.036,1,0.356004,0.0338,0.4485,3,2,FALSE,FALSE,FALSE
"GENE2122","GENE2122_HUMAN","P48463","Protein GENE2122",-0.0755,1,0.364775,0.0169,0.438,5,5,FALSE,FALSE,FALSE
"GENE2368","GENE2368_HUMAN","P92575","Protein GENE2368",-4.1835,0.076551,0.026858,1.0943,1.5709,2,6,FALSE,FALSE,TRUE
"GENE2246","GENE2246_HUMAN","P80556","Protein GENE2246",0.4726,1,0.817206,0,0.0877,2,6,FALSE,FALSE,FALSE
"GENE1594","GENE1594_HUMAN","P03828","Protein GENE1594",-0.5897,0.308414,0.117137,0.325,0.9313,3,5,FALSE,FALSE,FALSE
"GENE1649","GENE1649_HUMAN","P62439","Protein GENE1649",-0.1545,1,0.880297,0,0.0554,4,5,FALSE,TRUE,FALSE
"GENE1534","GENE1534_HUMAN","P04520","Protein GENE1534",-1.0865,0.027984,0.006323,1.709,2.199,4,6,FALSE,FALSE,TRUE
"GENE1163","GENE1163_HUMAN","P53045","Protein GENE1163",0.2644,0.213321,0.151923,0.2773,0.8184,2,4,FALSE,FALSE,FALSE
"GENE1528","GENE1528_HUMAN","P42671","Protein GENE1528",0.1458,1,0.796636,0,0.0987,6,4,FALSE,FALSE,FALSE
"GENE2603","GENE2603_HUMAN","P64395","Protein GENE2603",0.0499,1,0.907891,0,0.042,3,6,FALSE,FALSE,FALSE
"GENE2503","GENE2503_HUMAN","P50933","Protein GENE2503",4.3451,0.017525,0.005654,1.9017,2.2477,3,6,FALSE,FALSE,TRUE
"GENE2084","GENE2084_HUMAN","P46030","Protein GENE2084",0.315,0.819148,0.427235,0.2466,0.3693,5,2,FALSE,FALSE,FALSE
"GENE1535","GENE1535_HUMAN","P37596","Protein GENE1535",-0.1649,1,0.897807,0.0043,0.0468,4,3,FALSE,TRUE,FALSE
"GENE1224","GENE1224_HUMAN","P73108","Protein GENE1224",0.1489,1,0.711109,0,0.1481,3,3,FALSE,FALSE,FALSE
"GENE1965","GENE1965_HUMAN","P37454","Protein GENE1965",-0.8465,1,0.712939,0,0.1469,6,2,TRUE,FALSE,FALSE
"GENE1689","GENE1689_HUMAN","P64427","Protein GENE1689",-0.4136,1,0.56314,0,0.2494,3,6,FALSE,FALSE,FALSE
"GENE1196","GENE1196_HUMAN","P20735","Protein GENE1196",0.2467,1,0.968784,0,0.0138,6,4,FALSE,FALSE,FALSE
"GENE0552","GENE0552_HUMAN","P00637","Protein GENE0552",0.1694,0.83592,0.735231,0,0.1336,2,5,FALSE,FALSE,FALSE
"GENE2013","GENE2013_HUMAN","P17165","Protein GENE2013",-0.4119,0.370946,0.156793,0.7465,0.8047,5,3,FALSE,FALSE,FALSE
"GENE1942","GENE1942_HUMAN","P00167","Protein GENE1942",0.4443,0.945691,0.261045,0,0.5833,3,3,FALSE,FALSE,FALSE
"GENE1604","GENE1604_HUMAN","P70520","Protein GENE1604",3.5225,0.027093,0.02297,1.256,1.6388,5,5,FALSE,FALSE,TRUE
"GENE0397","GENE0397_HUMAN","P63874","Protein GENE0397",-0.5237,1,0.849451,0,0.0709,4,2,TRUE,FALSE,FALSE
"GENE1299","GENE1299_HUMAN","P01884","Protein GENE1299",1.6448,0.088627,0.044408,0.8669,1.3525,3,6,FALSE,FALSE,TRUE
"GENE0631","GENE0631_HUMAN","P87380","Protein GENE0631",-0.2057,1,0.957305,0,0.0189,2,3,FALSE,FALSE,FALSE
"GENE0185","GENE0185_HUMAN","P67032","Protein GENE0185",0.6681,1,0.993535,0,0.0028,5,5,FALSE,FALSE,FALSE
"GENE2480","GENE2480_HUMAN","P46387","Protein GENE2480",0.1555,0.440895,0.197466,0.5317,0.7045,6,4,FALSE,FALSE,FALSE
"GENE0164","GENE0164_HUMAN","P28593","Protein GENE0164",0.6359,0.877946,0.652399,0,0.1855,3,5,FALSE,FALSE,FALSE
"GENE0305","GENE0305_HUMAN","P51086","Protein GENE0305",0.2463,0.296898,0.08763,0.5692,1.0573,5,3,FALSE,FALSE,FALSE
"GENE1685","GENE1685_HUMAN","P10796","Protein GENE1685",0.0702,0.25517,0.239287,0.1361,0.6211,2,5,FALSE,FALSE,FALSE
"GENE1199","GENE1199_HUMAN","P85614","Protein GENE1199",0.5168,1,0.907087,0,0.0424,6,5,FALSE,FALSE,FALSE
"GENE2732","GENE2732_HUMAN","P88946","Protein GENE2732",0.0382,0.976024,0.225735,0.2609,0.6464,4,6,TRUE,FALSE,FALSE
"GENE2344","GENE2344_HUMAN","P51758","Protein GENE2344",2.6308,0.063118,0.029602,1.2259,1.5287,5,4,FALSE,TRUE,TRUE
"GENE0566","GENE0566_HUMAN","P92978","Protein GENE0566",-0.5748,1,0.531576,0,0.2744,6,3,FALSE,FALSE,FALSE
"GENE1511","GENE1511_HUMAN","P65269","Protein GENE1511",-0.2523,0.7637,0.544795,0.0661,0.2638,6,2,FALSE,FALSE,FALSE
"GENE0738","GENE0738_HUMAN","P27798","Protein GENE0738",1.2011,0.007131,0.002028,2.0565,2.693,4,4,FALSE,FALSE,TRUE
"GENE2875","GENE2875_HUMAN","P84294","Protein GENE2875",-0.4084,1,0.969271,0,0.0136,4,6,FALSE,FALSE,FALSE
"GENE0919","GENE0919_HUMAN","P69998","Protein GENE0919",-0.27,0.528303,0.166249,0.627,0.7792,4,6,FALSE,TRUE,FALSE
"GENE2389","GENE2389_HUMAN","P05425","Protein GENE2389",-0.4818,1,0.454066,0.2799,0.3429,4,5,FALSE,FALSE,FALSE
"ASCC2","ASCC2_HUMAN","P54329","Protein ASCC2",-0.6651,1,0.338017,0.007,0.4711,6,5,FALSE,FALSE,FALSE
"GENE2549","GENE2549_HUMAN","P01158","Protein GENE2549",0.2585,1,0.915981,0,0.0381,3,6,TRUE,FALSE,FALSE
"GENE2883","GENE2883_HUMAN","P82496","Protein GENE2883",0.1415,1,0.220472,0.3231,0.6566,3,4,FALSE,FALSE,FALSE
"GENE1684","GENE1684_HUMAN","P26894","Protein GENE1684",0.5275,1,0.833535,0,0.0791,4,2,FALSE,FALSE,FALSE
"GENE2409","GENE2409_HUMAN","P39913","Protein GENE2409",0.2548,1,0.954663,0,0.0201,3,6,FALSE,FALSE,FALSE
"GENE0847","GENE0847_HUMAN","P51034","Protein GENE0847",-3.9082,0.010923,0.002837,2.0215,2.5472,3,3,FALSE,FALSE,TRUE
"GENE2527","GENE2527_HUMAN","P00947","Protein GENE2527",0.2401,1,0.648722,0,0.1879,5,6,FALSE,FALSE,FALSE
"GENE2164","GENE2164_HUMAN","P36156","Protein GENE2164",0.1468,1,0.767055,0,0.1152,2,3,FALSE,TRUE,FALSE
"GENE1290","GENE1290_HUMAN","P38837","Protein GENE1290",0.0421,1,0.828739,0,0.0816,3,6,FALSE,FALSE,FALSE
"GENE1960","GENE1960_HUMAN","P31400","Protein GENE1960",-0.4399,0.178921,0.093477,0.7155,1.0293,3,2,FALSE,FALSE,FALSE
"GENE0423","GENE0423_HUMAN","P13319","Protein GENE0423",-0.8677,1,0.579647,0,0.2368,4,5,FALSE,FALSE,FALSE
"GENE2400","GENE2400_HUMAN","P68218","Protein GENE2400",-2.5912,0.060726,0.01293,1.2312,1.8884,5,4,FALSE,FALSE,TRUE
"GENE0377","GENE0377_HUMAN","P87660","Protein GENE0377",0.253,1,0.984613,0,0.0067,6,4,FALSE,FALSE,FALSE
"GENE1007","GENE1007_HUMAN","P27237","Protein GENE1007",0.4269,0.447021,0.128642,0.2743,0.8906,3,3,FALSE,TRUE,FALSE
"GENE1452","GENE1452_HUMAN","P25347","Protein GENE1452",-0.2447,1,0.852879,0,0.0691,3,6,FALSE,FALSE,FALSE
"GENE2608","GENE2608_HUMAN","P43428","Protein GENE2608",-0.1578,0.898781,0.265422,0.0251,0.5761,2,3,FALSE,FALSE,FALSE
"GENE1134","GENE1134_HUMAN","P35746","Protein GENE1134",2.0527,0.010204,0.004605,1.7753,2.3368,6,3,FALSE,FALSE,TRUE
"GENE1048","GENE1048_HUMAN","P52972","Protein GENE1048",0.2582,1,0.647396,0.0115,0.1888,2,6,FALSE,FALSE,FALSE
"GENE1072","GENE1072_HUMAN","P30195","Protein GENE1072",-0.1642,0.377598,0.096134,0.7509,1.0171,3,3,FALSE,FALSE,FALSE
"GENE1375","GENE1375_HUMAN","P25792","Protein GENE1375",-0.0567,0.839875,0.434778,0,0.3617,6,4,FALSE,TRUE,FALSE
"GENE1553","GENE1553_HUMAN","P19705","Protein GENE1553",-0.1947,0.731761,0.610068,0,0.2146,3,5,FALSE,FALSE,FALSE
"GENE2729","GENE2729_HUMAN","P43365","Protein GENE2729",-0.1804,1,0.962806,0,0.0165,3,6,FALSE,TRUE,FALSE
"GENE2473","GENE2473_HUMAN","P22506","Protein GENE2473",0.5847,1,0.376856,0,0.4238,5,6,FALSE,TRUE,FALSE
"GENE2741","GENE2741_HUMAN","P45385","Protein GENE2741",-0.4344,0.190208,0.120194,0.4587,0.9201,5,5,FALSE,FALSE,FALSE
"GENE0440","GENE0440_HUMAN","P62922","Protein GENE0440",0.9019,0.834564,0.21808,0.0085,0.6614,4,4,FALSE,TRUE,FALSE
"GENE1881","GENE1881_HUMAN","P92220","Protein GENE1881",-0.4072,1,0.259706,0.4412,0.5855,5,6,FALSE,FALSE,FALSE
"GENE0625","GENE0625_HUMAN","P60647","Protein GENE0625",0.5142,1,0.881387,0,0.0548,4,6,FALSE,FALSE,FALSE
"GENE2168","GENE2168_HUMAN","P36361","Protein GENE2168",0.853,1,0.334711,0,0.4753,4,2,FALSE,FALSE,FALSE
"GENE1516","GENE1516_HUMAN","P65021","Protein GENE1516",-0.1083,0.46397,0.148318,0.8227,0.8288,6,6,TRUE,FALSE,FALSE
"GENE0632","GENE0632_HUMAN","P97436","Protein GENE0632",2.9914,0.039831,0.025752,1.2237,1.5892,2,3,FALSE,FALSE,TRUE
"GENE0265","GENE0265_HUMAN","P16816","Protein GENE0265",0.0573,1,0.934934,0,0.0292,3,6,FALSE,FALSE,FALSE
"GENE2254","GENE2254_HUMAN","P39974","Protein GENE2254",0.3089,0.315208,0.232996,0.5896,0.6327,5,6,FALSE,FALSE,FALSE
"GENE0243","GENE0243_HUMAN","P29728","Protein GENE0243",0.4293,0.947725,0.381421,0.3499,0.4186,4,6,FALSE,FALSE,FALSE
"GENE1257","GENE1257_HUMAN","P57330","Protein GENE1257",0.488,0.257322,0.065649,0.9842,1.1828,3,5,FALSE,FALSE,FALSE
"GENE1949","GENE1949_HUMAN","P47428","Protein GENE1949",-0.4816,0.269316,0.190114,0.6378,0.721,4,5,FALSE,FALSE,FALSE
"GENE0511","GENE0511_HUMAN","P28776","Protein GENE0511",-1.1523,0.816835,0.647041,0,0.1891,3,5,FALSE,FALSE,FALSE
"GENE2100","GENE2100_HUMAN","P09634","Protein GENE2100",-0.1732,1,0.761844,0,0.1181,4,4,FALSE,FALSE,FALSE
"GENE0231","GENE0231_HUMAN","P87388","Protein GENE0231",-0.2809,1,0.40007,0.2428,0.3979,6,6,FALSE,FALSE,FALSE
"GENE2379","GENE2379_HUMAN","P92051","Protein GENE2379",0.2248,1,0.630049,0,0.2006,3,2,TRUE,FALSE,FALSE
"GENE1696","GENE1696_HUMAN","P97335","Protein GENE1696",0.252,0.271778,0.207671,0.3062,0.6826,3,6,TRUE,FALSE,FALSE
"GENE0308","GENE0308_HUMAN","P81372","Protein GENE0308",0.092,0.275444,0.183572,0.2101,0.7362,4,5,FALSE,FALSE,FALSE
"GENE2090","GENE2090_HUMAN","P93313","Protein GENE2090",-2.8786,0.102671,0.027285,1.2142,1.5641,4,5,FALSE,FALSE,TRUE
"NCOA2","NCOA2_HUMAN","P55242","Protein NCOA2",2.668,0.073826,0.029478,1.0472,1.5305,2,3,FALSE,FALSE,TRUE
"GENE1981","GENE1981_HUMAN","P50208","Protein GENE1981",0.1691,1,0.43375,0,0.3628,3,4,TRUE,FALSE,FALSE
"GENE1266","GENE1266_HUMAN","P30315","Protein GENE1266",-0.1295,0.844463,0.654917,0,0.1838,4,5,FALSE,FALSE,FALSE
"GENE2766","GENE2766_HUMAN","P06846","Protein GENE2766",0.6856,1,0.984721,0,0.0067,2,3,FALSE,FALSE,FALSE
"GENE0806","GENE0806_HUMAN","P32465","Protein GENE0806",-0.0314,0.360975,0.191712,0.5563,0.7174,4,3,FALSE,FALSE,FALSE
"GENE2186","GENE2186_HUMAN","P19027","Protein GENE2186",-0.0076,1,0.900145,0,0.0457,6,4,FALSE,FALSE,FALSE
"GENE0298","GENE0298_HUMAN","P03869","Protein GENE0298",3.4929,0.109566,0.026883,1.4506,1.5705,5,6,FALSE,FALSE,TRUE
"GENE0599","GENE0599_HUMAN","P70140","Protein GENE0599",-0.4236,1,0.751549,0,0.124,3,4,FALSE,FALSE,FALSE
"GENE1653","GENE1653_HUMAN","P71838","Protein GENE1653",-0.418,1,0.459983,0,0.3373,6,3,FALSE,FALSE,FALSE
"GENE2156","GENE2156_HUMAN","P52741","Protein GENE2156",0.2715,1,0.700795,0,0.1544,2,4,FALSE,FALSE,FALSE
"GENE0408","GENE0408_HUMAN","P62695","Protein GENE0408",-0.0422,1,0.30137,0,0.5209,6,4,FALSE,FALSE,FALSE
"GENE1763","GENE1763_HUMAN","P10725","Protein GENE1763",0.575,0.669537,0.26722,0,0.5731,3,4,FALSE,FALSE,FALSE
"GENE2763","GENE2763_HUMAN","P36975","Protein GENE2763",0.0641,0.759289,0.697517,0,0.1564,3,5,FALSE,FALSE,FALSE
"GENE0311","GENE0311_HUMAN","P31546","Protein GENE0311",-0.2086,0.651529,0.258794,0,0.587,2,5,FALSE,FALSE,FALSE
"GENE0111","GENE0111_HUMAN","P59032","Protein GENE0111",-0.0323,1,0.599421,0,0.2223,5,6,FALSE,FALSE,FALSE
"GENE0963","GENE0963_HUMAN","P67974","Protein GENE0963",-0.3618,1,0.865233,0,0.0629,2,2,TRUE,FALSE,FALSE
"GENE2030","GENE2030_HUMAN","P73846","Protein GENE2030",0.0438,1,0.392567,0.3457,0.4061,3,2,TRUE,FALSE,FALSE
"NCOA7","NCOA7_HUMAN","P36440","Protein NCOA7",3.2463,0.102864,0.030779,0.959,1.5117,3,2,FALSE,TRUE,TRUE
"GENE0835","GENE0835_HUMAN","P47994","Protein GENE0835",-0.0894,1,0.584801,0,0.233,4,4,FALSE,FALSE,FALSE
"GENE1834","GENE1834_HUMAN","P32784","Protein GENE1834",-0.0379,1,0.355562,0,0.4491,2,2,FALSE,FALSE,FALSE
"GENE1648","GENE1648_HUMAN","P75334","Protein GENE1648",0.2407,1,0.619245,0,0.2081,6,6,FALSE,FALSE,FALSE
"GENE1464","GENE1464_HUMAN","P60212","Protein GENE1464",0.2083,0.409848,0.379292,0,0.421,3,3,TRUE,TRUE,FALSE
"GENE0131","GENE0131_HUMAN","P93337","Protein GENE0131",-0.3948,1,0.556613,0,0.2544,4,4,TRUE,FALSE,FALSE
"GENE2361","GENE2361_HUMAN","P90988","Protein GENE2361",-0.0298,1,0.732724,0,0.1351,2,6,FALSE,FALSE,FALSE
"GENE2645","GENE2645_HUMAN","P93498","Protein GENE2645",0.2618,1,0.939615,0,0.027,2,2,FALSE,TRUE,FALSE
"GENE1972","GENE1972_HUMAN","P87158","Protein GENE1972",-0.5256,1,0.480314,0.2798,0.3185,2,6,FALSE,FALSE,FALSE
"GENE1587","GENE1587_HUMAN","P16938","Protein GENE1587",-0.2644,0.354464,0.233457,0,0.6318,5,4,FALSE,FALSE,FALSE
"GENE2605","GENE2605_HUMAN","P34114","Protein GENE2605",0.0185,0.474036,0.188477,0.377,0.7247,2,3,FALSE,FALSE,FALSE
"GENE0400","GENE0400_HUMAN","P67258","Protein GENE0400",-0.4218,1,0.561966,0,0.2503,6,3,FALSE,FALSE,FALSE
"GENE0170","GENE0170_HUMAN","P54079","Protein GENE0170",-0.4416,1,0.426382,0,0.3702,3,4,FALSE,FALSE,FALSE
"GENE1070","GENE1070_HUMAN","P79204","Protein GENE1070",-0.2662,1,0.391121,0,0.4077,3,2,FALSE,FALSE,FALSE
"GENE2262","GENE2262_HUMAN","P91954","Protein GENE2262",-0.2209,1,0.454224,0,0.3427,5,6,FALSE,FALSE,FALSE
"GENE1097","GENE1097_HUMAN","P06655","Protein GENE1097",0.2461,0.674376,0.383574,0,0.4162,2,4,TRUE,FALSE,FALSE
"GENE2278","GENE2278_HUMAN","P07444","Protein GENE2278",0.481,1,0.630235,0.1591,0.2005,4,3,FALSE,TRUE,FALSE
"GENE1294","GENE1294_HUMAN","P51980","Protein GENE1294",0.0749,0.597205,0.310931,0,0.5073,2,5,FALSE,FALSE,FALSE
"GENE2592","GENE2592_HUMAN","P91982","Protein GENE2592",-0.0436,1,0.262851,0,0.5803,6,5,FALSE,FALSE,FALSE
"GENE0950","GENE0950_HUMAN","P13052","Protein GENE0950",3.7856,0.082873,0.019507,1.0678,1.7098,3,3,FALSE,FALSE,TRUE
"GENE0957","GENE0957_HUMAN","P28755","Protein GENE0957",-0.4704,1,0.934559,0,0.0294,6,3,FALSE,FALSE,FALSE
"GENE1405","GENE1405_HUMAN","P51213","Protein GENE1405",-0.7966,0.826527,0.200398,0.4179,0.6981,4,2,FALSE,FALSE,FALSE
"GENE2530","GENE2530_HUMAN","P97837","Protein GENE2530",-0.7091,0.241055,0.16464,0.3571,0.7835,6,5,TRUE,FALSE,FALSE
"GENE1612","GENE1612_HUMAN","P87649","Protein GENE1612",0.236,0.367957,0.302109,0,0.5198,5,5,FALSE,TRUE,FALSE
"GENE2693","GENE2693_HUMAN","P79806","Protein GENE2693",0.0141,1,0.748541,0,0.1258,6,2,FALSE,FALSE,FALSE
"GPATCH8","GPATCH8_HUMAN","P10311","Protein GPATCH8",0.5401,1,0.990374,0,0.0042,4,2,FALSE,FALSE,FALSE
"GENE2687","GENE2687_HUMAN","P63546","Protein GENE2687",0.265,1,0.501944,0,0.2993,5,4,FALSE,FALSE,FALSE
"GENE2177","GENE2177_HUMAN","P52842","Protein GENE2177",0.1915,1,0.535308,0,0.2714,6,6,FALSE,FALSE,FALSE
"GENE1935","GENE1935_HUMAN","P59467","Protein GENE1935",1.4183,0.112188,0.030638,0.9291,1.5137,6,6,FALSE,FALSE,TRUE
"GENE1086","GENE1086_HUMAN","P48293","Protein GENE1086",0.5699,1,0.623374,0,0.2053,2,6,FALSE,FALSE,FALSE
"GENE1878","GENE1878_HUMAN","P44519","Protein GENE1878",0.2967,1,0.683321,0,0.1654,2,4,FALSE,FALSE,FALSE
"GENE2466","GENE2466_HUMAN","P71664","Protein GENE2466",-0.2796,0.939071,0.30963,0.0263,0.5092,2,2,FALSE,FALSE,FALSE
"GENE2080","GENE2080_HUMAN","P14961","Protein GENE2080",-0.0033,1,0.309014,0,0.51,5,5,FALSE,FALSE,FALSE
"GENE2537","GENE2537_HUMAN","P44340","Protein GENE2537",-0.3047,1,0.514205,0,0.2889,3,5,FALSE,FALSE,FALSE
"GENE0634","GENE0634_HUMAN","P54416","Protein GENE0634",-0.268,1,0.753005,0,0.1232,6,6,FALSE,FALSE,FALSE
"GENE0817","GENE0817_HUMAN","P95163","Protein GENE0817",0.0236,1,0.594454,0,0.2259,5,6,TRUE,FALSE,FALSE
"GENE0334","GENE0334_HUMAN","P43507","Protein GENE0334",0.0063,0.889732,0.258974,0.0732,0.5867,4,6,TRUE,FALSE,FALSE
"GENE1778","GENE1778_HUMAN","P63028","Protein GENE1778",-0.1811,1,0.619474,0,0.208,4,5,FALSE,FALSE,FALSE
"GENE0442","GENE0442_HUMAN","P33353","Protein GENE0442",0.2155,1,0.547618,0,0.2615,4,6,FALSE,FALSE,FALSE
"GENE2499","GENE2499_HUMAN","P25054","Protein GENE2499",-0.0896,0.869077,0.558865,0,0.2527,6,2,FALSE,FALSE,FALSE
"GENE1966","GENE1966_HUMAN","P87156","Protein GENE1966",0.1594,1,0.527352,0,0.2779,5,2,FALSE,FALSE,FALSE
"GENE2351","GENE2351_HUMAN","P17423","Protein GENE2351",-0.476,1,0.527024,0,0.2782,3,5,FALSE,FALSE,FALSE
"GENE0535","GENE0535_HUMAN","P01377","Protein GENE0535",1.1958,0.807757,0.740282,0,0.1306,3,6,FALSE,FALSE,FALSE
"GENE2487","GENE2487_HUMAN","P12649","Protein GENE2487",0.3438,0.341561,0.079467,0.4463,1.0998,6,3,FALSE,FALSE,FALSE
"GENE0177","GENE0177_HUMAN","P36492","Protein GENE0177",0.3103,1,0.385844,0,0.4136,2,6,FALSE,FALSE,FALSE
"GPATCH2","GPATCH2_HUMAN","P13099","Protein GPATCH2",-0.1001,1,0.335999,0.1345,0.4737,3,2,FALSE,FALSE,FALSE
"GENE0483","GENE0483_HUMAN","P85165","Protein GENE0483",0.0384,0.257092,0.171171,0.3283,0.7666,3,4,FALSE,FALSE,FALSE
"GENE2534","GENE2534_HUMAN","P11083","Protein GENE2534",-0.0991,1,0.397949,0.0625,0.4002,2,5,FALSE,FALSE,FALSE
"GENE0392","GENE0392_HUMAN","P26285","Protein GENE0392",-0.404,0.390936,0.108218,0.9287,0.9657,3,3,FALSE,FALSE,FALSE
"GENE1386","GENE1386_HUMAN","P85316","Protein GENE1386",-0.4555,1,0.43723,0,0.3593,3,4,FALSE,FALSE,FALSE
"GENE2053","GENE2053_HUMAN","P21833","Protein GENE2053",-0.5079,1,0.923278,0,0.0347,6,6,FALSE,FALSE,FALSE
"GENE2020","GENE2020_HUMAN","P04282","Protein GENE2020",0.3875,0.799643,0.194193,0.0855,0.7118,6,6,FALSE,FALSE,FALSE
"GENE0532","GENE0532_HUMAN","P47064","Protein GENE0532",0.1036,0.966824,0.471004,0.0288,0.327,2,3,FALSE,FALSE,FALSE
"GENE1835","GENE1835_HUMAN","P11732","Protein GENE1835",-0.6144,1,0.629446,0,0.201,2,2,FALSE,FALSE,FALSE
"GENE2331","GENE2331_HUMAN","P63759","Protein GENE2331",0.003,0.371993,0.282892,0,0.5484,3,3,FALSE,FALSE,FALSE
"GENE2359","GENE2359_HUMAN","P31687","Protein GENE2359",0.1079,1,0.847571,0,0.0718,3,3,FALSE,FALSE,FALSE
"GENE0288","GENE0288_HUMAN","P03215","Protein GENE0288",-1.1055,0.14764,0.042408,1.2628,1.3726,2,6,FALSE,FALSE,TRUE
"GENE0803","GENE0803_HUMAN","P68591","Protein GENE0803",0.1672,0.885846,0.666522,0,0.1762,4,6,TRUE,FALSE,FALSE
"GENE2311","GENE2311_HUMAN","P91361","Protein GENE2311",0.135,0.70451,0.225868,0.5781,0.6461,2,5,TRUE,FALSE,FALSE
"GENE1943","GENE1943_HUMAN","P20967","Protein GENE1943",-0.7773,0.680178,0.389554,0,0.4094,6,2,FALSE,FALSE,FALSE
"GENE0436","GENE0436_HUMAN","P54925","Protein GENE0436",3.2217,0.105354,0.030852,1.4932,1.5107,5,3,TRUE,FALSE,TRUE
"LARP4","LARP4_HUMAN","P22441","Protein LARP4",-0.5533,1,0.577639,0.1311,0.2383,3,4,TRUE,FALSE,FALSE
"GENE2582","GENE2582_HUMAN","P45704","Protein GENE2582",-0.199,1,0.721929,0,0.1415,6,2,FALSE,FALSE,FALSE
"GENE1370","GENE1370_HUMAN","P15877","Protein GENE1370",0.1434,1,0.93648,0,0.0285,2,2,FALSE,FALSE,FALSE
"GENE2737","GENE2737_HUMAN","P61722","Protein GENE2737",-0.518,0.646952,0.615862,0,0.2105,6,2,FALSE,FALSE,FALSE
"GENE2165","GENE2165_HUMAN","P28174","Protein GENE2165",0.2742,1,0.475122,0.1009,0.3232,3,5,FALSE,FALSE,FALSE
"GENE1583","GENE1583_HUMAN","P81419","Protein GENE1583",-0.0019,0.536312,0.40008,0.0687,0.3979,3,5,FALSE,FALSE,FALSE
"GENE0643","GENE0643_HUMAN","P05478","Protein GENE0643",-0.0781,1,0.476124,0,0.3223,3,4,FALSE,FALSE,FALSE
"GENE0655","GENE0655_HUMAN","P87075","Protein GENE0655",0.5796,1,0.548204,0,0.2611,6,5,FALSE,FALSE,FALSE
"GENE2682","GENE2682_HUMAN","P02040","Protein GENE2682",0.367,1,0.982306,0,0.0078,2,6,TRUE,FALSE,FALSE
"GENE1670","GENE1670_HUMAN","P14471","Protein GENE1670",0.2366,1,0.590149,0,0.229,2,6,FALSE,FALSE,FALSE
"GENE0991","GENE0991_HUMAN","P39546","Protein GENE0991",-0.2374,0.311504,0.063179,0.8629,1.1994,5,2,FALSE,TRUE,FALSE
"GENE1346","GENE1346_HUMAN","P05601","Protein GENE1346",-0.9147,1,0.588241,0,0.2304,3,4,FALSE,FALSE,FALSE
"GENE1374","GENE1374_HUMAN","P03648","Protein GENE1374",-0.4713,0.433476,0.217717,0.0399,0.6621,3,5,FALSE,FALSE,FALSE
"GENE2743","GENE2743_HUMAN","P28963","Protein GENE2743",0.3041,0.529193,0.164759,0.3582,0.7832,2,4,FALSE,FALSE,FALSE
"GENE2062","GENE2062_HUMAN","P62878","Protein GENE2062",-2.3471,0.061259,0.013959,1.3532,1.8551,6,4,FALSE,FALSE,TRUE
"GENE2088","GENE2088_HUMAN","P13737","Protein GENE2088",0.2315,1,0.49901,0.2648,0.3019,2,2,FALSE,FALSE,FALSE
"GENE2406","GENE2406_HUMAN","P88832","Protein GENE2406",0.8365,0.827283,0.767012,0,0.1152,2,5,FALSE,FALSE,FALSE
"GENE2510","GENE2510_HUMAN","P82374","Protein GENE2510",0.067,0.322202,0.160682,0.2098,0.794,2,2,FALSE,FALSE,FALSE
"GENE0420","GENE0420_HUMAN","P60361","Protein GENE0420",0.3119,1,0.820869,0,0.0857,2,5,TRUE,FALSE,FALSE
"GENE1856","GENE1856_HUMAN","P74209","Protein GENE1856",0.3408,1,0.772403,0.0551,0.1122,6,6,FALSE,FALSE,FALSE
"GENE2550","GENE2550_HUMAN","P71170","Protein GENE2550",0.2906,1,0.812807,0,0.09,6,3,TRUE,FALSE,FALSE
"GENE0402","GENE0402_HUMAN","P03243","Protein GENE0402",0.3851,0.604834,0.272895,0.0482,0.564,6,5,FALSE,FALSE,FALSE
"GENE2812","GENE2812_HUMAN","P06656","Protein GENE2812",0.8341,0.033376,0.008808,1.8775,2.0551,2,5,FALSE,FALSE,TRUE
"DHX36","DHX36_HUMAN","P46332","Protein DHX36",0.461,1,0.63255,0.1187,0.1989,2,3,FALSE,TRUE,FALSE
"CMTR1","CMTR1_HUMAN","P32144","Protein CMTR1",1.0195,0.127561,0.030296,1.1032,1.5186,6,6,FALSE,FALSE,TRUE
"GENE1089","GENE1089_HUMAN","P10517","Protein GENE1089",-0.6995,0.802044,0.53591,0,0.2709,2,5,FALSE,TRUE,FALSE
"GENE0315","GENE0315_HUMAN","P29802","Protein GENE0315",-0.7271,1,0.921665,0,0.0354,4,6,FALSE,TRUE,FALSE
"GENE1777","GENE1777_HUMAN","P07915","Protein GENE1777",0.1748,1,0.529104,0,0.2765,4,4,TRUE,FALSE,FALSE
"GENE1478","GENE1478_HUMAN","P89246","Protein GENE1478",0.0231,1,0.906509,0,0.0426,5,5,FALSE,FALSE,FALSE
"GENE0386","GENE0386_HUMAN","P08291","Protein GENE0386",-0.2469,1,0.69251,0,0.1596,5,6,FALSE,FALSE,FALSE
"GENE1150","GENE1150_HUMAN","P08442","Protein GENE1150",0.0851,1,0.447875,0,0.3488,4,4,FALSE,FALSE,FALSE
"GENE1818","GENE1818_HUMAN","P67225","Protein GENE1818",0.0433,1,0.834675,0,0.0785,4,6,FALSE,FALSE,FALSE
"GENE0968","GENE0968_HUMAN","P69281","Protein GENE0968",0.5805,1,0.756027,0,0.1215,4,3,TRUE,FALSE,FALSE
"GENE2889","GENE2889_HUMAN","P21804","Protein GENE2889",0.4512,1,0.384721,0.036,0.4149,6,3,FALSE,FALSE,FALSE
"GENE2626","GENE2626_HUMAN","P21037","Protein GENE2626",-0.8086,0.416631,0.153919,0.2035,0.8127,4,6,FALSE,FALSE,FALSE
"GENE1221","GENE1221_HUMAN","P54839","Protein GENE1221",-0.1567,0.557986,0.12384,0.3341,0.9071,2,2,FALSE,TRUE,FALSE
"GENE0214","GENE0214_HUMAN","P04071","Protein GENE0214",0.392,0.896398,0.263634,0.1895,0.579,2,3,FALSE,FALSE,FALSE
"GENE2441","GENE2441_HUMAN","P46231","Protein GENE2441",-0.1827,0.444314,0.365424,0.0239,0.4372,2,2,FALSE,TRUE,FALSE
"GENE2793","GENE2793_HUMAN","P81840","Protein GENE2793",-0.3515,0.788664,0.288584,0.1088,0.5397,4,2,FALSE,FALSE,FALSE
"GENE2672","GENE2672_HUMAN","P82241","Protein GENE2672",0.3358,1,0.697951,0,0.1562,2,4,FALSE,FALSE,FALSE
"GENE0468","GENE0468_HUMAN","P66124","Protein GENE0468",0.0155,1,0.72659,0,0.1387,4,6,FALSE,FALSE,FALSE
"GENE1228","GENE1228_HUMAN","P57679","Protein GENE1228",0.4978,1,0.9423,0,0.0258,3,6,FALSE,FALSE,FALSE
"GENE0780","GENE0780_HUMAN","P95786","Protein GENE0780",0.2176,0.63367,0.218207,0.0074,0.6611,6,2,FALSE,FALSE,FALSE
"GENE1435","GENE1435_HUMAN","P47565","Protein GENE1435",-0.0425,0.640673,0.20788,0.3783,0.6822,5,6,FALSE,TRUE,FALSE
"GENE0824","GENE0824_HUMAN","P58311","Protein GENE0824",-0.0744,1,0.463123,0,0.3343,2,3,FALSE,FALSE,FALSE
"GENE1672","GENE1672_HUMAN","P03239","Protein GENE1672",-0.6837,0.226233,0.069426,0.8365,1.1585,6,3,FALSE,FALSE,FALSE
"GENE1925","GENE1925_HUMAN","P46091","Protein GENE1925",-0.112,1,0.464918,0,0.3326,4,2,FALSE,FALSE,FALSE
"GENE0994","GENE0994_HUMAN","P98248","Protein GENE0994",-0.4775,1,0.583331,0,0.2341,2,5,FALSE,FALSE,FALSE
"GENE0795","GENE0795_HUMAN","P07837","Protein GENE0795",-1.3112,0.9247,0.344277,0.0375,0.4631,6,6,FALSE,FALSE,FALSE
"GENE0072","GENE0072_HUMAN","P18315","Protein GENE0072",-0.3756,1,0.96991,0,0.0133,3,2,FALSE,FALSE,FALSE
"GENE1035","GENE1035_HUMAN","P22488","Protein GENE1035",-0.1289,0.988184,0.88337,0,0.0539,2,6,FALSE,FALSE,FALSE
"GENE2202","GENE2202_HUMAN","P87926","Protein GENE2202",0.3867,0.336164,0.095979,0.9729,1.0178,3,3,FALSE,FALSE,FALSE
"GENE0100","GENE0100_HUMAN","P62947","Protein GENE0100",0.1403,1,0.59052,0,0.2288,4,5,FALSE,FALSE,FALSE
"GENE2345","GENE2345_HUMAN","P55976","Protein GENE2345",0.3936,1,0.730469,0,0.1364,4,4,FALSE,FALSE,FALSE
"GENE1312","GENE1312_HUMAN","P32724","Protein GENE1312",0.1757,1,0.6902,0,0.161,4,4,FALSE,FALSE,FALSE
"GENE1381","GENE1381_HUMAN","P77417","Protein GENE1381",-0.4698,1,0.502483,0.1888,0.2989,5,5,FALSE,FALSE,FALSE
"GENE2425","GENE2425_HUMAN","P32435","Protein GENE2425",0.6002,1,0.94238,0,0.0258,2,3,FALSE,FALSE,FALSE
"GENE0508","GENE0508_HUMAN","P54538","Protein GENE0508",0.5051,1,0.657452,0,0.1821,5,3,FALSE,FALSE,FALSE
"GENE1225","GENE1225_HUMAN","P92748","Protein GENE1225",0.7644,0.02599,0.024528,0.9753,1.6103,3,2,FALSE,FALSE,TRUE
"GENE1347","GENE1347_HUMAN","P91300","Protein GENE1347",0.0693,1,0.502537,0.1287,0.2988,5,6,TRUE,FALSE,FALSE
"GENE0115","GENE0115_HUMAN","P04387","Protein GENE0115",0.3792,0.609938,0.179905,0.1483,0.745,3,5,FALSE,FALSE,FALSE
"GENE1143","GENE1143_HUMAN","P23024","Protein GENE1143",1.671,0.001835,0.001732,2.6836,2.7616,5,2,FALSE,TRUE,TRUE
"GENE1121","GENE1121_HUMAN","P98075","Protein GENE1121",-2.5689,0.04122,0.021689,1.0485,1.6638,5,5,TRUE,FALSE,TRUE
"GENE1338","GENE1338_HUMAN","P03747","Protein GENE1338",0.3556,1,0.398779,0,0.3993,5,2,FALSE,FALSE,FALSE
"GENE2574","GENE2574_HUMAN","P78864","Protein GENE2574",-0.3295,1,0.391468,0,0.4073,4,4,FALSE,FALSE,FALSE
"GENE1067","GENE1067_HUMAN","P52765","Protein GENE1067",3.6373,0.054342,0.03267,0.9263,1.4859,4,4,TRUE,TRUE,TRUE
"GENE0117","GENE0117_HUMAN","P24081","Protein GENE0117",-0.6262,1,0.597605,0,0.2236,6,4,FALSE,FALSE,FALSE
"GENE1771","GENE1771_HUMAN","P08859","Protein GENE1771",0.2266,1,0.487079,0,0.3124,5,6,FALSE,TRUE,FALSE
"GENE2269","GENE2269_HUMAN","P06675","Protein GENE2269",-0.843,1,0.957968,0,0.0186,3,2,TRUE,FALSE,FALSE
"GENE2695","GENE2695_HUMAN","P78977","Protein GENE2695",-0.1727,1,0.591368,0,0.2281,2,6,FALSE,FALSE,FALSE
"GENE0914","GENE0914_HUMAN","P44478","Protein GENE0914",0.4719,1,0.796925,0,0.0986,6,2,FALSE,FALSE,FALSE
"GENE1801","GENE1801_HUMAN","P18339","Protein GENE1801",-0.0194,1,0.687851,0,0.1625,5,5,FALSE,FALSE,FALSE
"GENE1333","GENE1333_HUMAN","P56995","Protein GENE1333",-0.373,1,0.591376,0,0.2281,4,4,FALSE,FALSE,FALSE
"GENE0405","GENE0405_HUMAN","P26123","Protein GENE0405",-0.2269,0.798817,0.383605,0.1175,0.4161,3,6,TRUE,TRUE,FALSE
"GENE1483","GENE1483_HUMAN","P63803","Protein GENE1483",-3.2459,0.010768,0.00368,2.3403,2.4341,4,3,FALSE,FALSE,TRUE
"GENE2897","GENE2897_HUMAN","P33639","Protein GENE2897",0.2557,1,0.278877,0.0575,0.5546,5,5,FALSE,FALSE,FALSE
"GENE2679","GENE2679_HUMAN","P20382","Protein GENE2679",-0.1563,1,0.951019,0,0.0218,2,2,FALSE,FALSE,FALSE
"GENE1727","GENE1727_HUMAN","P19489","Protein GENE1727",-2.1085,0.001738,0.000939,2.502,3.0273,4,4,TRUE,FALSE,TRUE
"GENE2281","GENE2281_HUMAN","P43597","Protein GENE2281",-0.0192,0.967513,0.494344,0,0.306,2,5,TRUE,FALSE,FALSE
"GENE1733","GENE1733_HUMAN","P30692","Protein GENE1733",0.203,0.757621,0.438228,0.2611,0.3583,4,4,FALSE,FALSE,FALSE
"GENE1986","GENE1986_HUMAN","P26897","Protein GENE1986",-0.173,0.342313,0.175219,0.4292,0.7564,4,3,TRUE,FALSE,FALSE
"GENE1300","GENE1300_HUMAN","P24529","Protein GENE1300",0.3628,1,0.372813,0,0.4285,5,5,FALSE,FALSE,FALSE
"GENE0875","GENE0875_HUMAN","P05326","Protein GENE0875",-0.5153,0.849217,0.520819,0,0.2833,3,5,FALSE,FALSE,FALSE
"GENE1655","GENE1655_HUMAN","P55298","Protein GENE1655",0.6406,0.008191,0.006539,2.1178,2.1845,3,4,FALSE,FALSE,TRUE
"GENE2129","GENE2129_HUMAN","P99494","Protein GENE2129",0.0734,1,0.389919,0.2185,0.409,3,6,FALSE,FALSE,FALSE
"GENE1341","GENE1341_HUMAN","P27684","Protein GENE1341",0.2133,0.726841,0.399248,0,0.3988,5,6,FALSE,FALSE,FALSE
"GENE0750","GENE0750_HUMAN","P03340","Protein GENE0750",-0.3572,1,0.516861,0,0.2866,6,6,FALSE,FALSE,FALSE
"GENE0619","GENE0619_HUMAN","P19246","Protein GENE0619",-0.2223,1,0.352773,0.4305,0.4525,5,5,FALSE,FALSE,FALSE
"GENE0686","GENE0686_HUMAN","P67670","Protein GENE0686",-0.2808,0.819815,0.535187,0.1693,0.2715,2,2,FALSE,FALSE,FALSE
"GENE1062","GENE1062_HUMAN","P10669","Protein GENE1062",-0.8579,1,0.759077,0,0.1197,2,6,FALSE,FALSE,FALSE
"GENE2821","GENE2821_HUMAN","P49723","Protein GENE2821",-0.2194,1,0.679569,0,0.1678,4,2,FALSE,FALSE,FALSE
"GENE0947","GENE0947_HUMAN","P24883","Protein GENE0947",-0.3284,0.763563,0.432476,0,0.364,3,4,FALSE,FALSE,FALSE
"GENE1579","GENE1579_HUMAN","P46711","Protein GENE1579",-0.2249,1,0.845892,0,0.0727,6,4,FALSE,TRUE,FALSE
"GENE1704","GENE1704_HUMAN","P43253","Protein GENE1704",-0.0154,1,0.789179,0,0.1028,3,4,FALSE,FALSE,FALSE
"GENE0765","GENE0765_HUMAN","P05997","Protein GENE0765",0.1142,1,0.59619,0.2188,0.2246,3,5,FALSE,FALSE,FALSE
"GENE1591","GENE1591_HUMAN","P55553","Protein GENE1591",0.5346,1,0.627912,0,0.2021,4,5,FALSE,FALSE,FALSE
"GENE2445","GENE2445_HUMAN","P53574","Protein GENE2445",0.0601,1,0.563523,0,0.2491,4,4,FALSE,FALSE,FALSE
"GENE2181","GENE2181_HUMAN","P25211","Protein GENE2181",0.2109,0.293928,0.183147,0.3603,0.7372,4,4,TRUE,FALSE,FALSE
"GENE1990","GENE1990_HUMAN","P01140","Protein GENE1990",-2.8328,0.044443,0.036632,1.2766,1.4361,5,4,FALSE,FALSE,TRUE
"GENE0752","GENE0752_HUMAN","P75945","Protein GENE0752",-4.209,0.088872,0.042919,1.0844,1.3674,4,3,FALSE,FALSE,TRUE
"GENE2542","GENE2542_HUMAN","P88713","Protein GENE2542",0.4339,1,0.805773,0,0.0938,4,5,FALSE,FALSE,FALSE
"GENE0040","GENE0040_HUMAN","P42871","Protein GENE0040",2.1647,0.050939,0.022707,1.0435,1.6438,5,4,FALSE,FALSE,TRUE
"GENE0864","GENE0864_HUMAN","P26642","Protein GENE0864",-0.2289,0.374353,0.172505,0.0964,0.7632,6,3,TRUE,FALSE,FALSE
"GENE2562","GENE2562_HUMAN","P36239","Protein GENE2562",-0.3656,1,0.764557,0,0.1166,3,2,FALSE,FALSE,FALSE
"GENE1603","GENE1603_HUMAN","P97792","Protein GENE1603",-0.1013,0.739343,0.458885,0.003,0.3383,3,5,TRUE,FALSE,FALSE
"GENE0070","GENE0070_HUMAN","P23670","Protein GENE0070",2.1735,0.00182,0.001578,2.4565,2.8018,3,6,FALSE,FALSE,TRUE
"GENE1555","GENE1555_HUMAN","P45311","Protein GENE1555",-0.8109,1,0.612931,0,0.2126,6,3,TRUE,FALSE,FALSE
"GENE0198","GENE0198_HUMAN","P54357","Protein GENE0198",0.1005,0.541654,0.276017,0.4331,0.5591,5,5,FALSE,FALSE,FALSE
"GENE1393","GENE1393_HUMAN","P29793","Protein GENE1393",0.6293,1,0.46599,0,0.3316,4,2,FALSE,FALSE,FALSE
"GENE0175","GENE0175_HUMAN","P54496","Protein GENE0175",0.5691,0.891826,0.477775,0,0.3208,2,6,TRUE,FALSE,FALSE
"GENE2255","GENE2255_HUMAN","P23455","Protein GENE2255",0.4978,1,0.852953,0,0.0691,3,4,FALSE,FALSE,FALSE
"GENE2320","GENE2320_HUMAN","P05545","Protein GENE2320",-0.3841,1,0.374615,0,0.4264,3,3,FALSE,FALSE,FALSE
"GENE2792","GENE2792_HUMAN","P41434","Protein GENE2792",0.1261,0.422405,0.353169,0.0265,0.452,4,4,FALSE,FALSE,FALSE
"GENE2064","GENE2064_HUMAN","P82332","Protein GENE2064",0.0284,1,0.960715,0,0.0174,3,2,TRUE,FALSE,FALSE
"GENE0273","GENE0273_HUMAN","P34682","Protein GENE0273",0.7629,0.027992,0.005923,2.0687,2.2274,2,2,FALSE,FALSE,TRUE
"GENE0548","GENE0548_HUMAN","P68622","Protein GENE0548",-0.327,1,0.62634,0,0.2032,3,5,FALSE,FALSE,FALSE
"GENE0045","GENE0045_HUMAN","P65379","Protein GENE0045",-0.632,0.457231,0.192162,0.0343,0.7163,4,5,FALSE,FALSE,FALSE
"GENE1816","GENE1816_HUMAN","P59600","Protein GENE1816",0.241,0.976519,0.53575,0,0.271,6,3,FALSE,FALSE,FALSE
"GENE1329","GENE1329_HUMAN","P05310","Protein GENE1329",0.0218,1,0.750206,0,0.1248,3,6,FALSE,FALSE,FALSE
"GENE1749","GENE1749_HUMAN","P59512","Protein GENE1749",-0.9682,1,0.457404,0.1381,0.3397,2,4,FALSE,FALSE,FALSE
"GENE1473","GENE1473_HUMAN","P62689","Protein GENE1473",0.2715,0.423683,0.336054,0.2181,0.4736,3,5,FALSE,FALSE,FALSE
"GENE2622","GENE2622_HUMAN","P97408","Protein GENE2622",-0.115,0.917728,0.336022,0,0.4736,6,6,FALSE,FALSE,FALSE
"GPATCH1","GPATCH1_HUMAN","P56419","Protein GPATCH1",-0.1467,1,0.847165,0,0.072,3,2,FALSE,FALSE,FALSE
"GENE0779","GENE0779_HUMAN","P04350","Protein GENE0779",0.1563,0.625908,0.625005,0,0.2041,6,2,FALSE,FALSE,FALSE
"GENE0307","GENE0307_HUMAN","P76704","Protein GENE0307",-0.2261,0.842009,0.701726,0,0.1538,5,5,FALSE,FALSE,FALSE
"GENE2699","GENE2699_HUMAN","P56126","Protein GENE2699",-0.1238,1,0.970375,0,0.0131,4,2,FALSE,FALSE,FALSE
"GENE0969","GENE0969_HUMAN","P74186","Protein GENE0969",0.9297,0.793244,0.667861,0,0.1753,4,5,FALSE,FALSE,FALSE
"GENE0974","GENE0974_HUMAN","P51774","Protein GENE0974",-2.3888,0.031092,0.011641,1.5183,1.934,2,6,FALSE,FALSE,TRUE
"GENE2301","GENE2301_HUMAN","P16715","Protein GENE2301",2.8949,0.063009,0.024911,0.9137,1.6036,3,4,FALSE,FALSE,TRUE
"GENE0013","GENE0013_HUMAN","P03967","Protein GENE0013",0.2391,1,0.67948,0,0.1678,6,5,FALSE,FALSE,FALSE
"GENE2354","GENE2354_HUMAN","P78439","Protein GENE2354",-4.0013,0.01315,0.009382,1.4443,2.0277,4,6,TRUE,FALSE,TRUE
"GENE0978","GENE0978_HUMAN","P72384","Protein GENE0978",0.5191,1,0.560423,0,0.2515,3,3,FALSE,FALSE,FALSE
"GENE2245","GENE2245_HUMAN","P78123","Protein GENE2245",0.6757,1,0.434342,0,0.3622,5,4,FALSE,FALSE,FALSE
"DDX3","DDX3_HUMAN","P22708","Protein DDX3",0.2533,1,0.571666,0.2162,0.2429,5,3,FALSE,FALSE,FALSE
"GENE2850","GENE2850_HUMAN","P59477","Protein GENE2850",0.1309,1,0.884031,0,0.0535,5,3,FALSE,FALSE,FALSE
"GENE1830","GENE1830_HUMAN","P89544","Protein GENE1830",0.5171,1,0.654547,0,0.1841,6,4,FALSE,FALSE,FALSE
"GENE0187","GENE0187_HUMAN","P56831","Protein GENE0187",-0.3136,1,0.55991,0,0.2519,6,5,FALSE,TRUE,FALSE
"GENE1557","GENE1557_HUMAN","P92391","Protein GENE1557",-0.2121,1,0.647854,0,0.1885,4,2,FALSE,FALSE,FALSE
"GENE0275","GENE0275_HUMAN","P89033","Protein GENE0275",0.3644,0.410416,0.085588,0.6984,1.0676,5,6,FALSE,FALSE,FALSE
"GENE0340","GENE0340_HUMAN","P29135","Protein GENE0340",-3.2314,0.146551,0.032282,0.8021,1.491,4,2,FALSE,FALSE,TRUE
"GENE1477","GENE1477_HUMAN","P93132","Protein GENE1477",-0.4773,1,0.64042,0,0.1935,4,3,FALSE,FALSE,FALSE
"GENE2463","GENE2463_HUMAN","P01007","Protein GENE2463",0.0116,0.428522,0.117781,0.3917,0.9289,4,5,FALSE,FALSE,FALSE
"GENE2086","GENE2086_HUMAN","P22737","Protein GENE2086",0.2674,0.612741,0.495246,0.1416,0.3052,6,2,FALSE,FALSE,FALSE
"GENE1941","GENE1941_HUMAN","P29345","Protein GENE1941",-2.3117,0.075696,0.017299,1.2518,1.762,3,3,FALSE,FALSE,TRUE
"GENE2393","GENE2393_HUMAN","P84686","Protein GENE2393",-2.7115,0.094755,0.021234,1.0837,1.673,4,2,FALSE,FALSE,TRUE
"GENE2587","GENE2587_HUMAN","P98591","Protein GENE2587",0.1677,0.445217,0.271816,0,0.5657,5,5,FALSE,FALSE,FALSE
"GENE0739","GENE0739_HUMAN","P69375","Protein GENE0739",0.4988,1,0.882359,0,0.0544,3,5,FALSE,FALSE,FALSE
"GENE1056","GENE1056_HUMAN","P51961","Protein GENE1056",0.4304,1,0.841078,0,0.0752,4,5,TRUE,FALSE,FALSE
"GENE2564","GENE2564_HUMAN","P78008","Protein GENE2564",-0.04,1,0.332855,0.2492,0.4777,2,5,FALSE,FALSE,FALSE
"GENE2214","GENE2214_HUMAN","P98792","Protein GENE2214",0.6304,0.942683,0.389191,0.1598,0.4098,2,4,FALSE,FALSE,FALSE
"GENE2003","GENE2003_HUMAN","P99546","Protein GENE2003",-0.0702,0.670256,0.275357,0,0.5601,2,3,FALSE,FALSE,FALSE
"GENE2619","GENE2619_HUMAN","P15976","Protein GENE2619",0.4033,1,0.860192,0,0.0654,2,3,FALSE,FALSE,FALSE
"GENE1283","GENE1283_HUMAN","P98474","Protein GENE1283",-0.0952,1,0.886769,0,0.0522,3,2,FALSE,FALSE,FALSE
"GENE0926","GENE0926_HUMAN","P94736","Protein GENE0926",0.3993,0.960355,0.253124,0.3674,0.5967,2,3,FALSE,FALSE,FALSE
"GENE2392","GENE2392_HUMAN","P62834","Protein GENE2392",0.4078,1,0.310324,0,0.5082,2,5,FALSE,FALSE,FALSE
"GENE2591","GENE2591_HUMAN","P59621","Protein GENE2591",0.5462,0.050183,0.010038,1.5194,1.9983,5,5,FALSE,FALSE,TRUE
"GENE0708","GENE0708_HUMAN","P45958","Protein GENE0708",-0.7041,1,0.976499,0,0.0103,5,5,FALSE,FALSE,FALSE
"GENE2430","GENE2430_HUMAN","P89922","Protein GENE2430",0.6332,0.297342,0.288856,0.1379,0.5393,4,3,FALSE,FALSE,FALSE
"GENE1354","GENE1354_HUMAN","P97006","Protein GENE1354",0.3765,0.727901,0.405702,0.1336,0.3918,3,5,FALSE,FALSE,FALSE
"GENE0168","GENE0168_HUMAN","P85379","Protein GENE0168",-0.2045,0.725089,0.2632,0.0184,0.5797,5,3,TRUE,FALSE,FALSE
"GENE0484","GENE0484_HUMAN","P31442","Protein GENE0484",0.6107,1,0.252765,0.1463,0.5973,5,6,FALSE,FALSE,FALSE
"GENE2411","GENE2411_HUMAN","P37119","Protein GENE2411",-0.5797,1,0.482305,0.2334,0.3167,2,2,FALSE,FALSE,FALSE
"GENE2112","GENE2112_HUMAN","P16661","Protein GENE2112",0.1634,1,0.383398,0.2563,0.4163,6,2,FALSE,FALSE,FALSE
"GENE2268","GENE2268_HUMAN","P42584","Protein GENE2268",0.1918,1,0.446471,0,0.3502,6,4,FALSE,FALSE,FALSE
"GENE1288","GENE1288_HUMAN","P85304","Protein GENE1288",-0.0965,0.412343,0.343028,0,0.4647,4,5,FALSE,FALSE,FALSE
"GENE0267","GENE0267_HUMAN","P16314","Protein GENE0267",-0.1629,0.774297,0.361186,0,0.4423,2,2,FALSE,FALSE,FALSE
"GENE0960","GENE0960_HUMAN","P89964","Protein GENE0960",-0.3167,1,0.678345,0,0.1685,4,3,FALSE,FALSE,FALSE
"GENE2192","GENE2192_HUMAN","P27138","Protein GENE2192",0.1632,1,0.609665,0,0.2149,2,4,FALSE,FALSE,FALSE
"GENE2669","GENE2669_HUMAN","P00495","Protein GENE2669",4.4452,0.077418,0.023212,0.9677,1.6343,5,6,TRUE,FALSE,TRUE
"GENE1659","GENE1659_HUMAN","P38094","Protein GENE1659",-0.329,1,0.46943,0.134,0.3284,4,6,FALSE,FALSE,FALSE
"GENE2877","GENE2877_HUMAN","P29910","Protein GENE2877",0.6592,1,0.574165,0.1349,0.241,3,6,FALSE,FALSE,FALSE
"GENE0488","GENE0488_HUMAN","P61736","Protein GENE0488",0.0501,1,0.531833,0,0.2742,5,2,FALSE,FALSE,FALSE
"GENE0678","GENE0678_HUMAN","P94422","Protein GENE0678",-0.0539,1,0.557451,0.134,0.2538,6,2,FALSE,FALSE,FALSE
"GENE1524","GENE1524_HUMAN","P11401","Protein GENE1524",0.8488,0.985649,0.289524,0.2212,0.5383,2,3,FALSE,TRUE,FALSE
"GENE1021","GENE1021_HUMAN","P44769","Protein GENE1021",-0.4703,1,0.839953,0,0.0757,3,4,FALSE,TRUE,FALSE
"STK3","STK3_HUMAN","P63672","Protein STK3",0.7552,0.061809,0.021111,1.5006,1.6755,6,2,FALSE,FALSE,TRUE
"GENE0898","GENE0898_HUMAN","P17008","Protein GENE0898",0.3553,0.876255,0.622523,0,0.2058,6,6,FALSE,TRUE,FALSE
"GENE1487","GENE1487_HUMAN","P04082","Protein GENE1487",-0.5349,0.185104,0.103242,0.555,0.9861,4,2,FALSE,FALSE,FALSE
"GENE0080","GENE0080_HUMAN","P17438","Protein GENE0080",-0.0682,1,0.849632,0,0.0708,2,4,TRUE,TRUE,FALSE
"GENE2059","GENE2059_HUMAN","P86025","Protein GENE2059",0.2813,0.452382,0.123908,0.7448,0.9069,2,3,FALSE,FALSE,FALSE
"GENE2597","GENE2597_HUMAN","P03495","Protein GENE2597",-0.2342,0.11269,0.091606,0.6203,1.0381,4,3,FALSE,FALSE,FALSE
"GENE0935","GENE0935_HUMAN","P76581","Protein GENE0935",-0.6177,0.126739,0.079664,0.5305,1.0987,4,2,FALSE,FALSE,FALSE
"GENE0106","GENE0106_HUMAN","P97731","Protein GENE0106",2.7648,0.133656,0.035244,1.0642,1.4529,3,6,TRUE,FALSE,TRUE
"GENE2155","GENE2155_HUMAN","P67775","Protein GENE2155",3.7684,0.054674,0.014694,1.324,1.8329,6,5,FALSE,FALSE,TRUE
"GENE1597","GENE1597_HUMAN","P54824","Protein GENE1597",0.2089,0.955256,0.4135,0,0.3835,2,3,FALSE,FALSE,FALSE
"GENE1170","GENE1170_HUMAN","P59117","Protein GENE1170",-0.0306,1,0.919267,0,0.0366,6,5,FALSE,FALSE,FALSE
"GENE0125","GENE0125_HUMAN","P29722","Protein GENE0125",0.1761,0.764086,0.625838,0,0.2035,5,2,FALSE,FALSE,FALSE
"GENE2257","GENE2257_HUMAN","P38103","Protein GENE2257",-1.8414,0.042279,0.008755,1.3977,2.0577,2,2,TRUE,FALSE,TRUE
"GENE1823","GENE1823_HUMAN","P48495","Protein GENE1823",-0.0327,1,0.563635,0,0.249,5,3,FALSE,FALSE,FALSE
"GENE0921","GENE0921_HUMAN","P66457","Protein GENE0921",-1.0336,1,0.991104,0,0.0039,2,6,FALSE,FALSE,FALSE
"GENE1445","GENE1445_HUMAN","P39528","Protein GENE1445",0.2784,1,0.462557,0,0.3348,6,6,FALSE,FALSE,FALSE
"GENE1371","GENE1371_HUMAN","P70501","Protein GENE1371",-0.2503,0.151588,0.128746,0.5016,0.8903,5,4,FALSE,FALSE,FALSE
"GENE0284","GENE0284_HUMAN","P88400","Protein GENE0284",-0.4889,0.525641,0.317001,0.3423,0.4989,4,4,FALSE,FALSE,FALSE
"GENE2215","GENE2215_HUMAN","P36432","Protein GENE2215",0.0157,1,0.794216,0,0.1001,5,5,FALSE,FALSE,FALSE
"GENE0577","GENE0577_HUMAN","P36469","Protein GENE0577",-0.4216,0.614558,0.145556,0.2074,0.837,5,4,FALSE,FALSE,FALSE
"GENE1316","GENE1316_HUMAN","P61096","Protein GENE1316",1.5777,0.058991,0.045826,0.8103,1.3389,6,6,FALSE,FALSE,TRUE
"GENE0998","GENE0998_HUMAN","P45942","Protein GENE0998",0.1386,0.996009,0.676383,0.1258,0.1698,2,6,FALSE,FALSE,FALSE
"GENE2532","GENE2532_HUMAN","P19158","Protein GENE2532",0.2465,0.369087,0.091547,0.5099,1.0384,6,2,FALSE,FALSE,FALSE
"GENE2802","GENE2802_HUMAN","P31825","Protein GENE2802",0.378,0.615322,0.155339,0.3072,0.8087,5,3,FALSE,FALSE,FALSE
"GENE0336","GENE0336_HUMAN","P46370","Protein GENE0336",0.7322,1,0.779043,0,0.1084,4,2,FALSE,FALSE,FALSE
"GENE2205","GENE2205_HUMAN","P27918","Protein GENE2205",0.3362,0.704976,0.21132,0.0097,0.6751,2,5,FALSE,TRUE,FALSE
"GENE1752","GENE1752_HUMAN","P58736","Protein GENE1752",0.3667,0.698558,0.207874,0.0703,0.6822,5,2,FALSE,FALSE,FALSE
"GENE2720","GENE2720_HUMAN","P79060","Protein GENE2720",2.3328,0.004105,0.001976,2.4933,2.7041,2,2,TRUE,FALSE,TRUE
"GENE1309","GENE1309_HUMAN","P85212","Protein GENE1309",0.7996,1,0.417761,0,0.3791,3,6,FALSE,FALSE,FALSE
"GENE0570","GENE0570_HUMAN","P63472","Protein GENE0570",0.2447,1,0.799052,0,0.0974,4,6,TRUE,FALSE,FALSE
"GENE0907","GENE0907_HUMAN","P26555","Protein GENE0907",-0.0277,1,0.453189,0.0844,0.3437,2,3,FALSE,FALSE,FALSE
"DDX21","DDX21_HUMAN","P73412","Protein DDX21",2.0705,0.133682,0.030122,1.1111,1.5211,2,5,FALSE,FALSE,TRUE
"GENE2685","GENE2685_HUMAN","P71275","Protein GENE2685",-0.3453,1,0.598005,0.1501,0.2233,2,2,TRUE,FALSE,FALSE
"GENE2676","GENE2676_HUMAN","P51205","Protein GENE2676",1.4657,0.051315,0.011687,1.9316,1.9323,4,5,FALSE,TRUE,TRUE
"ANKRD28","ANKRD28_HUMAN","P46196","Protein ANKRD28",3.2575,0.053936,0.031575,1.0708,1.5007,3,3,FALSE,FALSE,TRUE
"GENE1900","GENE1900_HUMAN","P82398","Protein GENE1900",0.1927,1,0.354877,0.2713,0.4499,2,5,FALSE,FALSE,FALSE
"GENE0872","GENE0872_HUMAN","P47376","Protein GENE0872",-0.2693,0.69898,0.640899,0,0.1932,2,4,FALSE,FALSE,FALSE
"GENE2655","GENE2655_HUMAN","P46916","Protein GENE2655",-0.7997,1,0.311169,0.0676,0.507,5,4,FALSE,FALSE,FALSE
"GENE2377","GENE2377_HUMAN","P71190","Protein GENE2377",-0.0953,0.123678,0.093968,0.6819,1.027,5,3,FALSE,FALSE,FALSE
"GENE2191","GENE2191_HUMAN","P83711","Protein GENE2191",0.0024,1,0.229424,0.0376,0.6394,6,3,FALSE,FALSE,FALSE
"GENE2674","GENE2674_HUMAN","P69279","Protein GENE2674",-0.0121,0.331268,0.254676,0.3415,0.594,3,2,TRUE,FALSE,FALSE
"GENE1261","GENE1261_HUMAN","P23759","Protein GENE1261",-1.049,1,0.474702,0,0.3236,3,5,FALSE,FALSE,FALSE
"GENE1542","GENE1542_HUMAN","P46091","Protein GENE1542",0.3693,1,0.569585,0,0.2444,4,6,FALSE,FALSE,FALSE
"GENE1252","GENE1252_HUMAN","P11699","Protein GENE1252",0.2194,1,0.861185,0,0.0649,5,3,FALSE,FALSE,FALSE
"GENE2610","GENE2610_HUMAN","P59354","Protein GENE2610",0.1907,1,0.47968,0,0.319,2,6,FALSE,FALSE,FALSE
"GENE1656","GENE1656_HUMAN","P49538","Protein GENE1656",0.3856,0.979133,0.528016,0,0.2774,6,6,FALSE,FALSE,FALSE
"GENE2634","GENE2634_HUMAN","P60710","Protein GENE2634",0.397,1,0.598387,0.0314,0.223,3,2,FALSE,FALSE,FALSE
"GENE2382","GENE2382_HUMAN","P59230","Protein GENE2382",0.1963,1,0.276209,0.0907,0.5588,4,3,FALSE,FALSE,FALSE
"GENE1232","GENE1232_HUMAN","P94491","Protein GENE1232",0.0353,1,0.854424,0,0.0683,6,4,FALSE,FALSE,FALSE
"GENE0801","GENE0801_HUMAN","P01447","Protein GENE0801",0.1163,1,0.653088,0,0.185,2,6,FALSE,FALSE,FALSE
"GENE0109","GENE0109_HUMAN","P31568","Protein GENE0109",0.4241,1,0.863883,0,0.0635,4,2,FALSE,FALSE,FALSE
"GENE2057","GENE2057_HUMAN","P34586","Protein GENE2057",0.9635,0.066294,0.040362,0.9514,1.394,6,5,FALSE,FALSE,TRUE
"GENE1361","GENE1361_HUMAN","P94018","Protein GENE1361",0.6785,1,0.393269,0,0.4053,5,3,FALSE,FALSE,FALSE
"GENE1279","GENE1279_HUMAN","P68117","Protein GENE1279",-0.4221,1,0.728902,0,0.1373,4,4,TRUE,FALSE,FALSE
"GENE1627","GENE1627_HUMAN","P58849","Protein GENE1627",-0.2845,0.349643,0.345331,0,0.4618,6,3,FALSE,TRUE,FALSE
"GENE1111","GENE1111_HUMAN","P51898","Protein GENE1111",0.1413,0.256574,0.137972,0.3026,0.8602,6,5,FALSE,FALSE,FALSE
"GENE2446","GENE2446_HUMAN","P77435","Protein GENE2446",0.0189,0.155167,0.070758,0.892,1.1502,5,6,FALSE,FALSE,FALSE
"GENE0001","GENE0001_HUMAN","P69411","Protein GENE0001",0.5162,1,0.969628,0,0.0134,5,2,FALSE,FALSE,FALSE
"GENE0078","GENE0078_HUMAN","P50928","Protein GENE0078",0.0872,1,0.708554,0,0.1496,6,2,FALSE,FALSE,FALSE
"GENE0565","GENE0565_HUMAN","P84211","Protein GENE0565",0.0377,0.837784,0.663378,0,0.1782,6,4,FALSE,FALSE,FALSE
"GENE0953","GENE0953_HUMAN","P62716","Protein GENE0953",-0.6309,1,0.837828,0,0.0768,3,3,FALSE,FALSE,FALSE
"GENE1260","GENE1260_HUMAN","P25903","Protein GENE1260",-0.0728,1,0.850544,0,0.0703,5,4,FALSE,FALSE,FALSE
"GENE2117","GENE2117_HUMAN","P87376","Protein GENE2117",4.3087,0.116994,0.025191,1.1409,1.5987,2,6,FALSE,FALSE,TRUE
"GENE2520","GENE2520_HUMAN","P38676","Protein GENE2520",-0.5473,0.957451,0.589706,0,0.2294,5,3,FALSE,FALSE,FALSE
"GENE1606","GENE1606_HUMAN","P91142","Protein GENE1606",0.4271,1,0.88474,0,0.0532,3,5,FALSE,FALSE,FALSE
"GENE2613","GENE2613_HUMAN","P98482","Protein GENE2613",0.1906,1,0.418792,0,0.378,5,4,FALSE,FALSE,FALSE
"GENE1703","GENE1703_HUMAN","P52937","Protein GENE1703",0.5391,1,0.743174,0,0.1289,5,6,FALSE,FALSE,FALSE
"GENE1919","GENE1919_HUMAN","P88603","Protein GENE1919",-0.0632,1,0.843251,0,0.074,2,2,FALSE,FALSE,FALSE
"GENE2410","GENE2410_HUMAN","P14053","Protein GENE2410",-0.4857,0.998753,0.795227,0,0.0995,6,6,TRUE,FALSE,FALSE
"GENE1352","GENE1352_HUMAN","P61402","Protein GENE1352",0.422,1,0.705625,0,0.1514,2,4,FALSE,FALSE,FALSE
"GENE0381","GENE0381_HUMAN","P37923","Protein GENE0381",0.0568,1,0.42089,0.2666,0.3758,4,6,FALSE,FALSE,FALSE
"GENE0624","GENE0624_HUMAN","P33964","Protein GENE0624",0.0149,0.578508,0.433047,0,0.3635,3,2,FALSE,FALSE,FALSE
"GENE2294","GENE2294_HUMAN","P75919","Protein GENE2294",0.6416,0.2696,0.220884,0.1758,0.6558,5,6,FALSE,FALSE,FALSE
"GENE1401","GENE1401_HUMAN","P77994","Protein GENE1401",-0.1164,1,0.682949,0,0.1656,6,4,FALSE,FALSE,FALSE
"GENE0656","GENE0656_HUMAN","P68666","Protein GENE0656",-0.4981,1,0.683097,0,0.1655,5,6,FALSE,FALSE,FALSE
"GENE1613","GENE1613_HUMAN","P48937","Protein GENE1613",0.4715,0.861584,0.450203,0,0.3466,3,2,FALSE,FALSE,FALSE
"GENE2742","GENE2742_HUMAN","P66479","Protein GENE2742",-0.0598,0.270395,0.164874,0.7764,0.7828,2,5,FALSE,TRUE,FALSE
"GENE2437","GENE2437_HUMAN","P49673","Protein GENE2437",-0.1795,1,0.795978,0,0.0991,5,4,FALSE,FALSE,FALSE
"GENE1434","GENE1434_HUMAN","P86441","Protein GENE1434",-0.9538,0.627337,0.40637,0,0.3911,6,2,FALSE,FALSE,FALSE
"GENE0122","GENE0122_HUMAN","P67592","Protein GENE0122",0.3532,1,0.526942,0,0.2782,3,3,TRUE,FALSE,FALSE
"GENE0023","GENE0023_HUMAN","P49712","Protein GENE0023",0.027,1,0.970355,0,0.0131,4,5,FALSE,FALSE,FALSE
"GENE2496","GENE2496_HUMAN","P96582","Protein GENE2496",0.0906,1,0.750858,0,0.1244,4,5,FALSE,FALSE,FALSE
"GENE0146","GENE0146_HUMAN","P70472","Protein GENE0146",-0.7113,0.795851,0.194646,0.6042,0.7108,3,5,FALSE,FALSE,FALSE
"GENE1227","GENE1227_HUMAN","P33557","Protein GENE1227",-0.4942,0.678651,0.322984,0,0.4908,4,5,FALSE,FALSE,FALSE
"GENE1686","GENE1686_HUMAN","P23728","Protein GENE1686",-0.0012,0.309371,0.307199,0.1213,0.5126,6,3,FALSE,TRUE,FALSE
"GENE0434","GENE0434_HUMAN","P96520","Protein GENE0434",0.0354,1,0.927248,0,0.0328,3,3,FALSE,TRUE,FALSE
"GENE1984","GENE1984_HUMAN","P34643","Protein GENE1984",0.2431,0.654018,0.393468,0,0.4051,5,6,FALSE,FALSE,FALSE
"GENE1189","GENE1189_HUMAN","P40591","Protein GENE1189",-0.1699,0.796933,0.665488,0,0.1769,6,4,FALSE,FALSE,FALSE
"GENE1857","GENE1857_HUMAN","P77673","Protein GENE1857",-0.3319,1,0.442748,0,0.3538,6,2,FALSE,TRUE,FALSE
"GENE0490","GENE0490_HUMAN","P96377","Protein GENE0490",0.4533,1,0.54373,0.1465,0.2646,2,6,FALSE,FALSE,FALSE
"GENE0244","GENE0244_HUMAN","P45163","Protein GENE0244",-0.3536,1,0.909923,0,0.041,3,5,TRUE,FALSE,FALSE
"GENE2710","GENE2710_HUMAN","P45754","Protein GENE2710",0.4814,1,0.711855,0.0119,0.1476,6,6,FALSE,FALSE,FALSE
"GENE2078","GENE2078_HUMAN","P68804","Protein GENE2078",-0.1527,1,0.968632,0,0.0138,2,6,TRUE,FALSE,FALSE
"GENE2443","GENE2443_HUMAN","P23031","Protein GENE2443",-0.2185,0.704564,0.276314,0,0.5586,3,4,FALSE,FALSE,FALSE
"GENE1231","GENE1231_HUMAN","P82032","Protein GENE1231",-0.6286,1,0.576181,0.1279,0.2394,6,2,FALSE,FALSE,FALSE
"GENE1013","GENE1013_HUMAN","P95733","Protein GENE1013",0.6016,1,0.867424,0,0.0618,5,6,FALSE,FALSE,FALSE
"GENE2449","GENE2449_HUMAN","P84165","Protein GENE2449",-0.2723,1,0.635447,0,0.1969,6,4,FALSE,FALSE,FALSE
"GENE2810","GENE2810_HUMAN","P28262","Protein GENE2810",-0.208,1,0.365959,0.3498,0.4366,6,2,FALSE,TRUE,FALSE
"GENE0555","GENE0555_HUMAN","P23722","Protein GENE0555",0.541,0.528541,0.194178,0.0954,0.7118,5,2,FALSE,FALSE,FALSE
"GENE1276","GENE1276_HUMAN","P40662","Protein GENE1276",0.0489,1,0.615341,0,0.2109,6,4,FALSE,FALSE,FALSE
"GENE1296","GENE1296_HUMAN","P60325","Protein GENE1296",-0.2579,0.220919,0.104589,0.9536,0.9805,2,2,FALSE,FALSE,FALSE
"GENE0757","GENE0757_HUMAN","P48558","Protein GENE0757",-0.2726,0.880149,0.693818,0,0.1588,2,4,FALSE,TRUE,FALSE
"GENE0989","GENE0989_HUMAN","P54044","Protein GENE0989",-3.3306,0.197056,0.045356,0.8306,1.3434,4,5,FALSE,FALSE,TRUE
"GENE2187","GENE2187_HUMAN","P83960","Protein GENE2187",-0.4289,1,0.782487,0,0.1065,3,4,FALSE,FALSE,FALSE
"GENE1810","GENE1810_HUMAN","P03833","Protein GENE1810",0.3238,1,0.965983,0,0.015,2,4,FALSE,TRUE,FALSE
"GENE2195","GENE2195_HUMAN","P45687","Protein GENE2195",0.199,1,0.212142,0.5893,0.6734,5,5,TRUE,FALSE,FALSE
"GENE2585","GENE2585_HUMAN","P95605","Protein GENE2585",-0.6939,0.812179,0.201269,7e-04,0.6962,2,5,FALSE,FALSE,FALSE
"GENE1796","GENE1796_HUMAN","P73301","Protein GENE1796",-0.1696,0.445666,0.199007,0.1492,0.7011,2,4,FALSE,FALSE,FALSE
"GENE1837","GENE1837_HUMAN","P01345","Protein GENE1837",0.0077,1,0.507254,0,0.2948,6,2,FALSE,FALSE,FALSE
"GENE1262","GENE1262_HUMAN","P80813","Protein GENE1262",-0.5371,0.522546,0.193334,0.2659,0.7137,5,6,FALSE,FALSE,FALSE
"GENE1420","GENE1420_HUMAN","P95968","Protein GENE1420",-0.5208,1,0.962018,0,0.0168,5,6,FALSE,TRUE,FALSE
"GENE2103","GENE2103_HUMAN","P45862","Protein GENE2103",0.0645,0.633693,0.467064,0.2452,0.3306,2,6,FALSE,FALSE,FALSE
"GENE0670","GENE0670_HUMAN","P68199","Protein GENE0670",-0.1062,0.097372,0.082995,0.8773,1.0809,5,2,FALSE,FALSE,FALSE
"GENE1973","GENE1973_HUMAN","P81762","Protein GENE1973",0.0304,1,0.210448,0.1651,0.6769,6,5,FALSE,FALSE,FALSE
"GENE2525","GENE2525_HUMAN","P88320","Protein GENE2525",0.02,1,0.412002,0.0421,0.3851,5,2,FALSE,FALSE,FALSE
"GENE0820","GENE0820_HUMAN","P08196","Protein GENE0820",-0.4332,0.233697,0.107204,0.8019,0.9698,2,5,FALSE,FALSE,FALSE
"GENE0582","GENE0582_HUMAN","P84153","Protein GENE0582",-0.467,0.491617,0.201064,0.0743,0.6967,5,6,FALSE,FALSE,FALSE
"GENE2627","GENE2627_HUMAN","P19408","Protein GENE2627",0.1693,1,0.583891,0,0.2337,5,4,FALSE,FALSE,FALSE
"GENE0149","GENE0149_HUMAN","P35025","Protein GENE0149",-0.4622,1,0.866483,0,0.0622,5,6,FALSE,FALSE,FALSE
"GENE0193","GENE0193_HUMAN","P66414","Protein GENE0193",-0.2199,1,0.91121,0,0.0404,5,3,FALSE,FALSE,FALSE
"GENE1147","GENE1147_HUMAN","P84521","Protein GENE1147",-0.0859,1,0.26075,0.2394,0.5838,6,5,FALSE,FALSE,FALSE
"GENE2374","GENE2374_HUMAN","P82183","Protein GENE2374",0.1418,0.835854,0.405117,0,0.3924,6,6,FALSE,FALSE,FALSE
"GENE0014","GENE0014_HUMAN","P43089","Protein GENE0014",0.395,1,0.959838,0,0.0178,2,6,FALSE,FALSE,FALSE
"GENE1322","GENE1322_HUMAN","P97049","Protein GENE1322",-0.5546,0.52549,0.225062,0.1372,0.6477,5,3,FALSE,TRUE,FALSE
"GENE1548","GENE1548_HUMAN","P36776","Protein GENE1548",0.6573,1,0.550295,0,0.2594,6,3,FALSE,TRUE,FALSE
"GENE0172","GENE0172_HUMAN","P48353","Protein GENE0172",0.1611,0.685445,0.475784,0,0.3226,3,3,FALSE,FALSE,FALSE
"GENE0894","GENE0894_HUMAN","P29207","Protein GENE0894",-0.1674,0.184259,0.130745,0.3444,0.8836,4,3,FALSE,FALSE,FALSE
"GENE0321","GENE0321_HUMAN","P91365","Protein GENE0321",-0.1265,0.961845,0.413735,0.0821,0.3833,5,5,FALSE,FALSE,FALSE
"GENE1600","GENE1600_HUMAN","P87177","Protein GENE1600",-2.9864,0.198452,0.046561,0.7676,1.332,5,6,FALSE,FALSE,TRUE
"GENE1325","GENE1325_HUMAN","P96761","Protein GENE1325",0.2502,0.2847,0.113086,0.8924,0.9466,2,2,FALSE,FALSE,FALSE
"GENE0345","GENE0345_HUMAN","P33015","Protein GENE0345",-0.4769,1,0.93338,0,0.0299,6,2,FALSE,FALSE,FALSE
"GENE0058","GENE0058_HUMAN","P33069","Protein GENE0058",-0.0356,0.962934,0.276514,0.328,0.5583,2,6,FALSE,FALSE,FALSE
"GENE2616","GENE2616_HUMAN","P10317","Protein GENE2616",-1.0545,0.058657,0.028603,1.2161,1.5436,2,4,FALSE,FALSE,TRUE
"GENE2334","GENE2334_HUMAN","P15536","Protein GENE2334",-0.0247,0.683485,0.566113,0,0.2471,6,5,FALSE,FALSE,FALSE
"GENE0181","GENE0181_HUMAN","P54881","Protein GENE0181",0.2511,1,0.249389,0.0412,0.6031,6,5,FALSE,FALSE,FALSE
"GENE1079","GENE1079_HUMAN","P26976","Protein GENE1079",-0.1405,0.903834,0.367284,0.3964,0.435,6,6,FALSE,FALSE,FALSE
"GENE1833","GENE1833_HUMAN","P38769","Protein GENE1833",-2.2027,0.106324,0.028664,0.9057,1.5427,6,6,FALSE,TRUE,TRUE
"GENE2641","GENE2641_HUMAN","P74171","Protein GENE2641",-0.1859,1,0.544354,0,0.2641,6,3,FALSE,FALSE,FALSE
"GENE0390","GENE0390_HUMAN","P68452","Protein GENE0390",-0.2373,1,0.217528,0.1227,0.6625,2,5,FALSE,FALSE,FALSE
"GENE1304","GENE1304_HUMAN","P61748","Protein GENE1304",0.2247,0.879178,0.555029,0,0.2557,5,5,FALSE,FALSE,FALSE
"GENE0034","GENE0034_HUMAN","P04249","Protein GENE0034",0.0883,1,0.528286,0,0.2771,2,3,FALSE,FALSE,FALSE
"GENE0101","GENE0101_HUMAN","P28871","Protein GENE0101",0.0025,1,0.52234,0,0.282,5,5,FALSE,FALSE,FALSE
"GENE1506","GENE1506_HUMAN","P98949","Protein GENE1506",0.1874,1,0.771747,0.0962,0.1125,5,6,FALSE,FALSE,FALSE
"GENE0651","GENE0651_HUMAN","P34653","Protein GENE0651",1.1203,0.035344,0.026849,1.2202,1.5711,5,5,TRUE,FALSE,TRUE
"GENE0786","GENE0786_HUMAN","P22081","Protein GENE0786",0.3853,0.593531,0.272242,0.2155,0.565,4,3,FALSE,TRUE,FALSE
"GENE0224","GENE0224_HUMAN","P73482","Protein GENE0224",0.0706,0.531274,0.107737,0.6015,0.9676,3,3,FALSE,FALSE,FALSE
"GENE2276","GENE2276_HUMAN","P53179","Protein GENE2276",0.2017,1,0.506515,0.1513,0.2954,2,3,FALSE,FALSE,FALSE
"GENE1970","GENE1970_HUMAN","P91754","Protein GENE1970",-0.9836,1,0.589061,0.1434,0.2298,2,3,FALSE,FALSE,FALSE
"GENE2178","GENE2178_HUMAN","P25168","Protein GENE2178",0.1254,1,0.758365,0,0.1201,6,4,TRUE,TRUE,FALSE
"GENE1948","GENE1948_HUMAN","P77171","Protein GENE1948",0.1614,0.523155,0.177936,0.3055,0.7497,5,2,FALSE,FALSE,FALSE
"GENE0606","GENE0606_HUMAN","P43565","Protein GENE0606",-0.9266,1,0.868129,0.0491,0.0614,6,3,FALSE,TRUE,FALSE
"GENE0855","GENE0855_HUMAN","P76647","Protein GENE0855",-0.1322,0.921561,0.228008,0.0757,0.6421,4,3,FALSE,FALSE,FALSE
"GENE1800","GENE1800_HUMAN","P92062","Protein GENE1800",1.5646,0.173179,0.036279,1.1881,1.4403,4,6,FALSE,FALSE,TRUE
"GENE0784","GENE0784_HUMAN","P89340","Protein GENE0784",0.087,0.997211,0.401079,0,0.3968,4,3,FALSE,FALSE,FALSE
"GENE1053","GENE1053_HUMAN","P02672","Protein GENE1053",0.0294,1,0.571779,0.0138,0.2428,3,4,FALSE,FALSE,FALSE
"GENE1419","GENE1419_HUMAN","P28088","Protein GENE1419",0.2364,1,0.517273,0,0.2863,5,3,FALSE,FALSE,FALSE
"GENE2153","GENE2153_HUMAN","P92449","Protein GENE2153",-0.0207,0.819227,0.544356,0,0.2641,5,2,FALSE,TRUE,FALSE
"GENE2304","GENE2304_HUMAN","P03151","Protein GENE2304",-0.2893,0.94808,0.774046,0,0.1112,6,4,FALSE,FALSE,FALSE
"GENE0155","GENE0155_HUMAN","P47859","Protein GENE0155",0.483,1,0.628577,0,0.2016,3,4,FALSE,FALSE,FALSE
"GENE2686","GENE2686_HUMAN","P52700","Protein GENE2686",0.0241,1,0.983965,0,0.007,2,6,FALSE,FALSE,FALSE
"GENE2786","GENE2786_HUMAN","P68256","Protein GENE2786",-1.0166,1,0.988999,0,0.0048,4,6,FALSE,FALSE,FALSE
"GENE2106","GENE2106_HUMAN","P15642","Protein GENE2106",0.6819,0.390287,0.234418,0.5196,0.63,6,5,FALSE,FALSE,FALSE
"GENE0144","GENE0144_HUMAN","P94366","Protein GENE0144",3.4259,0.061188,0.017508,1.3268,1.7568,6,6,FALSE,FALSE,TRUE
"GENE0215","GENE0215_HUMAN","P80098","Protein GENE0215",-0.2506,1,0.715634,0,0.1453,2,2,FALSE,FALSE,FALSE
"GENE1507","GENE1507_HUMAN","P84664","Protein GENE1507",-0.609,1,0.645805,0,0.1899,5,2,FALSE,FALSE,FALSE
"GENE1547","GENE1547_HUMAN","P10356","Protein GENE1547",-0.1959,0.911556,0.291978,0,0.5347,6,3,FALSE,FALSE,FALSE
"GENE2380","GENE2380_HUMAN","P04706","Protein GENE2380",-0.3324,0.700533,0.641412,0,0.1929,5,6,FALSE,TRUE,FALSE
"GENE1109","GENE1109_HUMAN","P74947","Protein GENE1109",0.5842,1,0.684697,0,0.1645,6,3,FALSE,FALSE,FALSE
"GENE1809","GENE1809_HUMAN","P29688","Protein GENE1809",-0.0559,1,0.365813,0,0.4367,6,2,FALSE,FALSE,FALSE
"GENE1616","GENE1616_HUMAN","P33173","Protein GENE1616",0.431,1,0.333024,0,0.4775,6,2,FALSE,FALSE,FALSE
"GENE1140","GENE1140_HUMAN","P74965","Protein GENE1140",1.3924,0.000303,0.00029,3.1538,3.5369,5,5,FALSE,FALSE,TRUE
"GENE0478","GENE0478_HUMAN","P67671","Protein GENE0478",-0.312,1,0.353767,0.1175,0.4513,3,2,FALSE,FALSE,FALSE
"GENE1127","GENE1127_HUMAN","P28819","Protein GENE1127",0.1172,0.718543,0.280047,0,0.5528,5,5,FALSE,TRUE,FALSE
"GENE2310","GENE2310_HUMAN","P29433","Protein GENE2310",0.5184,1,0.586696,0,0.2316,4,4,FALSE,FALSE,FALSE
"GENE2675","GENE2675_HUMAN","P21075","Protein GENE2675",-3.8857,0.056709,0.013825,1.2709,1.8593,3,4,TRUE,FALSE,TRUE
"GENE1759","GENE1759_HUMAN","P77788","Protein GENE1759",0.0517,1,0.519075,0,0.2848,6,2,FALSE,FALSE,FALSE
"GENE2840","GENE2840_HUMAN","P40387","Protein GENE2840",2.5881,0.011364,0.002747,2.5225,2.5612,2,3,FALSE,TRUE,TRUE
"GENE1373","GENE1373_HUMAN","P82541","Protein GENE1373",3.6347,0.171013,0.038858,0.7516,1.4105,4,3,FALSE,FALSE,TRUE
"GENE1633","GENE1633_HUMAN","P57228","Protein GENE1633",0.1336,0.711401,0.319865,0.124,0.495,3,4,FALSE,FALSE,FALSE
"GENE2898","GENE2898_HUMAN","P12054","Protein GENE2898",-0.3421,1,0.341898,0.2739,0.4661,2,6,FALSE,TRUE,FALSE
"GENE0940","GENE0940_HUMAN","P11559","Protein GENE0940",3.7132,0.072642,0.041497,0.7695,1.382,2,3,FALSE,FALSE,TRUE
"GENE1117","GENE1117_HUMAN","P86005","Protein GENE1117",0.0095,1,0.541655,0,0.2663,2,4,FALSE,FALSE,FALSE
"GENE1099","GENE1099_HUMAN","P63130","Protein GENE1099",0.0686,0.994873,0.207844,0.0978,0.6823,6,5,FALSE,FALSE,FALSE
"GENE0268","GENE0268_HUMAN","P75315","Protein GENE0268",-0.7329,0.498928,0.273187,0.1475,0.5635,6,4,FALSE,FALSE,FALSE
"GENE2333","GENE2333_HUMAN","P02994","Protein GENE2333",-0.5993,0.273453,0.193172,0.6437,0.7141,4,5,FALSE,FALSE,FALSE
"GENE2402","GENE2402_HUMAN","P17627","Protein GENE2402",-0.1868,1,0.840751,0,0.0753,2,5,FALSE,FALSE,FALSE
"GENE1392","GENE1392_HUMAN","P67095","Protein GENE1392",-0.2547,1,0.562914,0,0.2496,4,5,FALSE,FALSE,FALSE
"GENE0276","GENE0276_HUMAN","P04807","Protein GENE0276",-0.0965,1,0.64332,0,0.1916,4,5,FALSE,FALSE,FALSE
"GENE1430","GENE1430_HUMAN","P51054","Protein GENE1430",-0.4998,1,0.647776,0,0.1886,2,4,FALSE,FALSE,FALSE
"GENE1168","GENE1168_HUMAN","P84978","Protein GENE1168",0.668,0.664924,0.402029,0.2776,0.3957,5,4,FALSE,FALSE,FALSE
"GENE1891","GENE1891_HUMAN","P89898","Protein GENE1891",0.1571,1,0.442644,0,0.3539,6,3,FALSE,FALSE,FALSE
"GENE0515","GENE0515_HUMAN","P74116","Protein GENE0515",0.1633,0.674135,0.140911,0.6927,0.8511,3,5,FALSE,TRUE,FALSE
"GENE0861","GENE0861_HUMAN","P21732","Protein GENE0861",0.6231,0.995537,0.790874,0,0.1019,6,6,FALSE,FALSE,FALSE
"GENE0513","GENE0513_HUMAN","P79209","Protein GENE0513",-0.1916,1,0.383019,0,0.4168,6,4,FALSE,FALSE,FALSE
"GENE2751","GENE2751_HUMAN","P94045","Protein GENE2751",0.0939,0.830075,0.508652,0,0.2936,6,4,FALSE,FALSE,FALSE
"GENE2416","GENE2416_HUMAN","P40614","Protein GENE2416",0.5116,1,0.767109,0,0.1151,2,2,FALSE,FALSE,FALSE
"GENE2458","GENE2458_HUMAN","P59479","Protein GENE2458",0.9914,0.285354,0.10011,0.3924,0.9995,2,5,FALSE,FALSE,FALSE
"GENE0330","GENE0330_HUMAN","P45910","Protein GENE0330",-1.101,0.033074,0.008368,1.9847,2.0774,3,3,FALSE,FALSE,TRUE
"GENE0171","GENE0171_HUMAN","P99507","Protein GENE0171",-3.2947,0.024335,0.008584,1.7807,2.0663,3,4,TRUE,FALSE,TRUE
"GENE0293","GENE0293_HUMAN","P31875","Protein GENE0293",0.0685,0.508004,0.125043,0.3071,0.9029,6,2,FALSE,FALSE,FALSE
"GENE1394","GENE1394_HUMAN","P30917","Protein GENE1394",-1.8828,0.059427,0.042058,0.7125,1.3762,3,3,FALSE,FALSE,TRUE
"GENE2864","GENE2864_HUMAN","P52106","Protein GENE2864",0.2111,0.991568,0.34676,0,0.46,4,2,FALSE,TRUE,FALSE
"GENE2231","GENE2231_HUMAN","P73941","Protein GENE2231",-0.2076,0.821822,0.341391,0,0.4667,2,2,FALSE,FALSE,FALSE
"GENE0709","GENE0709_HUMAN","P10567","Protein GENE0709",-0.7331,0.268461,0.157761,0.1142,0.802,4,5,FALSE,FALSE,FALSE
"GENE1431","GENE1431_HUMAN","P33018","Protein GENE1431",0.5731,1,0.743751,0,0.1286,2,4,FALSE,FALSE,FALSE
"GENE2752","GENE2752_HUMAN","P00105","Protein GENE2752",0.7661,1,0.340167,0,0.4683,4,2,FALSE,FALSE,FALSE
"GENE1601","GENE1601_HUMAN","P44485","Protein GENE1601",2.5958,0.010286,0.002203,2.0903,2.657,4,3,FALSE,FALSE,TRUE
"GENE0932","GENE0932_HUMAN","P11036","Protein GENE0932",0.1539,1,0.52941,0,0.2762,3,3,FALSE,FALSE,FALSE
"GENE2218","GENE2218_HUMAN","P08807","Protein GENE2218",-0.4707,1,0.626388,0,0.2032,3,6,FALSE,FALSE,FALSE
"GENE2700","GENE2700_HUMAN","P17091","Protein GENE2700",-1.1416,0.814351,0.317911,0,0.4977,5,6,FALSE,FALSE,FALSE
"GENE2434","GENE2434_HUMAN","P46569","Protein GENE2434",-0.0336,1,0.822764,0,0.0847,6,4,FALSE,FALSE,FALSE
"GENE2303","GENE2303_HUMAN","P91692","Protein GENE2303",1.0046,0.744855,0.2275,0.0186,0.643,2,6,FALSE,FALSE,FALSE
"GENE0644","GENE0644_HUMAN","P27251","Protein GENE0644",-3.0935,0.016229,0.015222,1.6656,1.8175,3,5,FALSE,FALSE,TRUE
"GENE2401","GENE2401_HUMAN","P54179","Protein GENE2401",0.2012,1,0.838194,0,0.0767,4,2,FALSE,FALSE,FALSE
"GENE0733","GENE0733_HUMAN","P77568","Protein GENE0733",-0.581,1,0.695584,0,0.1577,4,5,FALSE,FALSE,FALSE
"GENE1403","GENE1403_HUMAN","P23383","Protein GENE1403",-0.497,0.981973,0.266415,0.4083,0.5744,4,2,FALSE,FALSE,FALSE
"GENE1144","GENE1144_HUMAN","P25454","Protein GENE1144",-0.9146,0.029019,0.005959,1.5968,2.2248,5,3,TRUE,FALSE,TRUE
"GENE2394","GENE2394_HUMAN","P42974","Protein GENE2394",-3.7185,0.106342,0.047717,0.6737,1.3213,4,4,TRUE,FALSE,TRUE
"GENE2518","GENE2518_HUMAN","P50186","Protein GENE2518",-0.5366,0.672919,0.489184,0,0.3105,5,2,FALSE,FALSE,FALSE
"GENE0492","GENE0492_HUMAN","P49276","Protein GENE0492",0.1033,1,0.45596,0,0.3411,5,6,FALSE,FALSE,FALSE
"GENE1305","GENE1305_HUMAN","P57314","Protein GENE1305",-3.9895,0.006227,0.003138,1.9706,2.5034,5,5,FALSE,FALSE,TRUE
"GENE2596","GENE2596_HUMAN","P49335","Protein GENE2596",-0.298,1,0.686371,0,0.1634,6,3,FALSE,FALSE,FALSE
"GENE0011","GENE0011_HUMAN","P97402","Protein GENE0011",-0.2208,0.734794,0.329845,0,0.4817,4,2,FALSE,FALSE,FALSE
"GENE1914","GENE1914_HUMAN","P23587","Protein GENE1914",0.073,1,0.921992,0,0.0353,4,6,TRUE,TRUE,FALSE
"GENE0874","GENE0874_HUMAN","P98782","Protein GENE0874",-0.3749,1,0.929199,0,0.0319,2,5,FALSE,FALSE,FALSE
"GENE0266","GENE0266_HUMAN","P50068","Protein GENE0266",0.7707,1,0.686621,0,0.1633,6,2,FALSE,FALSE,FALSE
"GENE2690","GENE2690_HUMAN","P32407","Protein GENE2690",-0.0026,1,0.990203,0,0.0043,6,3,FALSE,TRUE,FALSE
"GENE2403","GENE2403_HUMAN","P06137","Protein GENE2403",0.2804,1,0.350058,0,0.4559,6,6,FALSE,FALSE,FALSE
"GENE0498","GENE0498_HUMAN","P77616","Protein GENE0498",0.6088,0.019102,0.005465,1.7042,2.2624,4,5,FALSE,FALSE,TRUE
"GENE2232","GENE2232_HUMAN","P13661","Protein GENE2232",4.2432,0.038616,0.011897,1.669,1.9246,6,4,FALSE,TRUE,TRUE
"GENE0660","GENE0660_HUMAN","P09666","Protein GENE0660",-0.3101,1,0.397613,0,0.4005,3,5,FALSE,FALSE,FALSE
"GENE1008","GENE1008_HUMAN","P40212","Protein GENE1008",-0.0635,1,0.74556,0,0.1275,6,2,FALSE,FALSE,FALSE
"GENE2171","GENE2171_HUMAN","P29816","Protein GENE2171",-0.101,1,0.780081,0,0.1079,6,6,FALSE,FALSE,FALSE
"GENE2818","GENE2818_HUMAN","P56881","Protein GENE2818",0.1081,0.408789,0.096722,0.3333,1.0145,3,2,FALSE,FALSE,FALSE
"GENE2026","GENE2026_HUMAN","P47359","Protein GENE2026",0.4017,1,0.571023,0,0.2433,2,5,FALSE,TRUE,FALSE
"GENE1004","GENE1004_HUMAN","P41357","Protein GENE1004",0.1223,0.492314,0.330045,0,0.4814,3,3,TRUE,FALSE,FALSE
"GENE1786","GENE1786_HUMAN","P69846","Protein GENE1786",-0.2738,0.739436,0.536259,0,0.2706,2,4,FALSE,FALSE,FALSE
"GENE0002","GENE0002_HUMAN","P50675","Protein GENE0002",0.3578,0.176572,0.09816,0.9651,1.0081,4,5,FALSE,FALSE,FALSE
"GENE1173","GENE1173_HUMAN","P03735","Protein GENE1173",0.8105,1,0.642532,0,0.1921,2,2,FALSE,FALSE,FALSE
"GENE2652","GENE2652_HUMAN","P75708","Protein GENE2652",-0.3564,0.968563,0.197427,0.4664,0.7046,3,6,FALSE,FALSE,FALSE
"GENE0337","GENE0337_HUMAN","P30263","Protein GENE0337",2.4355,0.179941,0.038735,1.0687,1.4119,4,5,FALSE,FALSE,TRUE
"GENE1683","GENE1683_HUMAN","P40094","Protein GENE1683",0.383,1,0.731887,0.0398,0.1356,3,6,FALSE,FALSE,FALSE
"GENE2104","GENE2104_HUMAN","P13813","Protein GENE2104",0.1081,1,0.392838,0.0571,0.4058,3,2,FALSE,FALSE,FALSE
"GENE0467","GENE0467_HUMAN","P81638","Protein GENE0467",0.2987,1,0.337266,0.2936,0.472,5,6,FALSE,TRUE,FALSE
"GENE2036","GENE2036_HUMAN","P25144","Protein GENE2036",-0.5473,0.000103,2.5e-05,3.9212,4.6097,3,2,FALSE,FALSE,TRUE
"GENE2572","GENE2572_HUMAN","P38038","Protein GENE2572",0.1893,1,0.458888,0,0.3383,4,4,FALSE,FALSE,FALSE
"GENE0364","GENE0364_HUMAN","P86453","Protein GENE0364",0.1045,0.967397,0.87721,0,0.0569,5,4,FALSE,FALSE,FALSE
"GENE1235","GENE1235_HUMAN","P61729","Protein GENE1235",-0.0998,1,0.712247,0,0.1474,3,6,FALSE,FALSE,FALSE
"GENE1671","GENE1671_HUMAN","P29696","Protein GENE1671",-3.7027,0.019308,0.007727,1.4182,2.112,6,3,FALSE,FALSE,TRUE
"GENE0503","GENE0503_HUMAN","P38171","Protein GENE0503",-0.2841,0.52365,0.255715,0.1567,0.5922,4,2,FALSE,FALSE,FALSE
"GENE2804","GENE2804_HUMAN","P05235","Protein GENE2804",0.3298,1,0.597271,0,0.2238,3,4,FALSE,FALSE,FALSE
"GENE2288","GENE2288_HUMAN","P39041","Protein GENE2288",0.2298,1,0.827038,0,0.0825,2,2,FALSE,FALSE,FALSE
"GENE0807","GENE0807_HUMAN","P60602","Protein GENE0807",-0.0791,1,0.370459,0.1044,0.4313,5,4,FALSE,FALSE,FALSE
"GENE1088","GENE1088_HUMAN","P30137","Protein GENE1088",0.1443,1,0.294518,0,0.5309,4,3,FALSE,FALSE,FALSE
"GENE2408","GENE2408_HUMAN","P09046","Protein GENE2408",0.1305,0.221881,0.201683,0.5405,0.6953,2,2,FALSE,FALSE,FALSE
"GENE2692","GENE2692_HUMAN","P98795","Protein GENE2692",-0.048,0.211359,0.197882,0.1366,0.7036,3,4,FALSE,FALSE,FALSE
"GENE0610","GENE0610_HUMAN","P00806","Protein GENE0610",-0.0602,1,0.60947,0,0.215,5,6,FALSE,FALSE,FALSE
"GENE0352","GENE0352_HUMAN","P01613","Protein GENE0352",-0.1671,1,0.702923,0,0.1531,5,2,FALSE,FALSE,FALSE
"GENE1302","GENE1302_HUMAN","P19212","Protein GENE1302",-0.6903,0.511005,0.173516,0.2817,0.7607,3,3,FALSE,FALSE,FALSE
"GENE2886","GENE2886_HUMAN","P25964","Protein GENE2886",-0.0679,0.880132,0.373857,0,0.4273,3,3,FALSE,FALSE,FALSE
"GENE2144","GENE2144_HUMAN","P01229","Protein GENE2144",0.1459,1,0.37319,0,0.4281,6,3,FALSE,FALSE,FALSE
"GENE0909","GENE0909_HUMAN","P13831","Protein GENE0909",0.2936,1,0.660141,0,0.1804,6,6,FALSE,FALSE,FALSE
"GENE1647","GENE1647_HUMAN","P04825","Protein GENE1647",0.3271,1,0.432476,0,0.364,5,6,FALSE,FALSE,FALSE
"GENE2383","GENE2383_HUMAN","P84100","Protein GENE2383",0.3461,1,0.902619,0,0.0445,5,6,FALSE,FALSE,FALSE
"GENE0649","GENE0649_HUMAN","P28976","Protein GENE0649",0.5435,0.962381,0.280053,0.4147,0.5528,4,3,FALSE,FALSE,FALSE
"GENE0035","GENE0035_HUMAN","P59317","Protein GENE0035",-2.8791,0.222986,0.047181,0.6739,1.3262,3,3,FALSE,FALSE,TRUE
"GENE2476","GENE2476_HUMAN","P98955","Protein GENE2476",0.0745,0.472326,0.200923,0.3344,0.697,5,5,FALSE,FALSE,FALSE
"GENE0028","GENE0028_HUMAN","P40985","Protein GENE0028",-0.3678,1,0.480606,0.1093,0.3182,4,5,TRUE,FALSE,FALSE
"GENE0257","GENE0257_HUMAN","P86100","Protein GENE0257",0.3479,1,0.458135,0,0.339,2,3,FALSE,TRUE,FALSE
"GENE2046","GENE2046_HUMAN","P71794","Protein GENE2046",2.0875,0.075338,0.016844,1.758,1.7735,4,3,FALSE,FALSE,TRUE
"GENE1902","GENE1902_HUMAN","P54752","Protein GENE1902",-0.4656,1,0.727343,0,0.1383,2,4,FALSE,TRUE,FALSE
"GENE0975","GENE0975_HUMAN","P16531","Protein GENE0975",-0.7125,1,0.325307,0.153,0.4877,6,5,FALSE,TRUE,FALSE
"GENE0061","GENE0061_HUMAN","P91197","Protein GENE0061",0.2831,1,0.494263,0.1171,0.306,2,3,FALSE,FALSE,FALSE
"GENE2087","GENE2087_HUMAN","P92925","Protein GENE2087",0.9207,1,0.585168,0,0.2327,5,5,FALSE,FALSE,FALSE
"GENE1519","GENE1519_HUMAN","P13316","Protein GENE1519",-0.0558,1,0.543555,0,0.2648,5,2,FALSE,FALSE,FALSE
"GENE1526","GENE1526_HUMAN","P01387","Protein GENE1526",0.2968,1,0.589096,0,0.2298,3,3,FALSE,FALSE,FALSE
"GENE0702","GENE0702_HUMAN","P61038","Protein GENE0702",0.3918,1,0.347931,0,0.4585,2,2,FALSE,FALSE,FALSE
"GENE2223","GENE2223_HUMAN","P71100","Protein GENE2223",-0.6013,0.337848,0.073055,0.9527,1.1363,5,2,FALSE,FALSE,FALSE
"GENE0521","GENE0521_HUMAN","P17026","Protein GENE0521",0.0703,1,0.614009,0,0.2118,4,3,FALSE,FALSE,FALSE
"GENE2478","GENE2478_HUMAN","P08322","Protein GENE2478",1.929,0.083654,0.036571,1.1325,1.4369,3,3,FALSE,TRUE,TRUE
"GENE1692","GENE1692_HUMAN","P60087","Protein GENE1692",0.6109,0.664485,0.561689,0,0.2505,4,3,FALSE,FALSE,FALSE
"GENE0360","GENE0360_HUMAN","P51826","Protein GENE0360",2.6813,0.217808,0.043733,0.9824,1.3592,2,6,FALSE,FALSE,TRUE
"GENE1723","GENE1723_HUMAN","P54857","Protein GENE1723",0.7101,0.963617,0.193239,0.284,0.7139,2,2,FALSE,FALSE,FALSE
"GENE2595","GENE2595_HUMAN","P94198","Protein GENE2595",0.3883,1,0.358443,0,0.4456,2,5,FALSE,FALSE,FALSE
"GENE1861","GENE1861_HUMAN","P02452","Protein GENE1861",-0.585,0.291069,0.231977,0.3675,0.6346,5,5,FALSE,TRUE,FALSE
"GENE2868","GENE2868_HUMAN","P52951","Protein GENE2868",-0.0488,0.895874,0.42491,0,0.3717,2,4,FALSE,FALSE,FALSE
"GENE0843","GENE0843_HUMAN","P43899","Protein GENE0843",0.3208,0.693372,0.689717,0,0.1613,6,5,FALSE,FALSE,FALSE
"GENE0776","GENE0776_HUMAN","P33943","Protein GENE0776",-0.4585,0.666278,0.215539,0.4798,0.6665,3,2,TRUE,FALSE,FALSE
"GENE0086","GENE0086_HUMAN","P33669","Protein GENE0086",0.0941,1,0.924608,0,0.034,2,4,FALSE,FALSE,FALSE
"GENE2439","GENE2439_HUMAN","P22203","Protein GENE2439",0.0692,1,0.533275,0,0.273,6,3,FALSE,FALSE,FALSE
"GENE0331","GENE0331_HUMAN","P56780","Protein GENE0331",0.899,0.38751,0.161756,0.2223,0.7911,4,3,FALSE,FALSE,FALSE
"GENE0221","GENE0221_HUMAN","P02673","Protein GENE0221",0.043,1,0.676438,0,0.1698,2,2,FALSE,FALSE,FALSE
"GENE1918","GENE1918_HUMAN","P46611","Protein GENE1918",-0.25,1,0.992383,0,0.0033,4,2,FALSE,FALSE,FALSE
"GENE2024","GENE2024_HUMAN","P74393","Protein GENE2024",0.23,1,0.989198,0,0.0047,5,3,TRUE,FALSE,FALSE
"GENE1222","GENE1222_HUMAN","P53130","Protein GENE1222",-0.6725,1,0.868721,0,0.0611,6,5,FALSE,FALSE,FALSE
"GENE1480","GENE1480_HUMAN","P17505","Protein GENE1480",-0.1719,1,0.761279,0,0.1185,3,6,FALSE,FALSE,FALSE
"GENE2485","GENE2485_HUMAN","P33796","Protein GENE2485",0.0221,0.921361,0.480675,0,0.3181,4,3,FALSE,FALSE,FALSE
"GENE2006","GENE2006_HUMAN","P99189","Protein GENE2006",-0.0555,1,0.818436,0,0.087,6,3,FALSE,TRUE,FALSE
"GENE1884","GENE1884_HUMAN","P66647","Protein GENE1884",0.7606,1,0.61689,0,0.2098,4,5,FALSE,FALSE,FALSE
"GENE1489","GENE1489_HUMAN","P21454","Protein GENE1489",-0.021,0.276042,0.114811,0.8748,0.94,2,2,FALSE,FALSE,FALSE
"GENE0608","GENE0608_HUMAN","P87709","Protein GENE0608",0.0921,1,0.473852,0,0.3244,4,3,FALSE,FALSE,FALSE
"GENE1505","GENE1505_HUMAN","P36463","Protein GENE1505",-0.2883,1,0.485776,0,0.3136,3,5,FALSE,FALSE,FALSE
"GENE0889","GENE0889_HUMAN","P72208","Protein GENE0889",0.7691,0.939765,0.334418,0.4685,0.4757,6,2,FALSE,FALSE,FALSE
"GENE1593","GENE1593_HUMAN","P49326","Protein GENE1593",-0.2761,0.549526,0.269563,0,0.5693,2,4,FALSE,TRUE,FALSE
"GENE1619","GENE1619_HUMAN","P53518","Protein GENE1619",3.7584,0.047769,0.033117,1.4681,1.4799,2,5,FALSE,FALSE,TRUE
"GENE2197","GENE2197_HUMAN","P13749","Protein GENE2197",2.7868,0.07044,0.026659,1.1937,1.5742,2,5,FALSE,FALSE,TRUE
"GENE2423","GENE2423_HUMAN","P15825","Protein GENE2423",0.1327,1,0.221128,0.1312,0.6554,6,4,FALSE,FALSE,FALSE
"GENE1045","GENE1045_HUMAN","P26672","Protein GENE1045",0.3707,0.96041,0.24152,0.1121,0.617,6,5,FALSE,FALSE,FALSE
"GENE0830","GENE0830_HUMAN","P15462","Protein GENE0830",3.1699,0.056498,0.012194,1.7529,1.9138,3,2,FALSE,FALSE,TRUE
"GENE0151","GENE0151_HUMAN","P06131","Protein GENE0151",0.457,1,0.404256,0,0.3933,2,5,FALSE,FALSE,FALSE
"GENE0851","GENE0851_HUMAN","P22735","Protein GENE0851",0.3068,1,0.261169,0.3199,0.5831,6,4,FALSE,FALSE,FALSE
"GENE0627","GENE0627_HUMAN","P27607","Protein GENE0627",-0.0381,1,0.57797,0,0.2381,5,6,FALSE,FALSE,FALSE
"GENE0892","GENE0892_HUMAN","P06858","Protein GENE0892",-0.1964,1,0.518495,0,0.2853,5,2,TRUE,FALSE,FALSE
"GENE0272","GENE0272_HUMAN","P48559","Protein GENE0272",-0.0319,1,0.457472,0,0.3396,5,5,FALSE,FALSE,FALSE
"GENE0971","GENE0971_HUMAN","P61492","Protein GENE0971",0.2021,0.942605,0.271043,0,0.567,2,6,FALSE,FALSE,FALSE
"GENE0059","GENE0059_HUMAN","P79204","Protein GENE0059",1.2047,0.103431,0.022299,1.1167,1.6517,3,2,FALSE,FALSE,TRUE
"GENE0525","GENE0525_HUMAN","P28387","Protein GENE0525",0.067,1,0.723755,0,0.1404,5,6,FALSE,FALSE,FALSE
"GENE0984","GENE0984_HUMAN","P57841","Protein GENE0984",-0.0947,1,0.732879,0,0.135,4,6,FALSE,FALSE,FALSE
"GENE0740","GENE0740_HUMAN","P40111","Protein GENE0740",0.5162,0.333304,0.146347,0.6747,0.8346,5,4,FALSE,FALSE,FALSE
"GENE2241","GENE2241_HUMAN","P46338","Protein GENE2241",-0.3939,0.817802,0.237783,0.1677,0.6238,3,2,FALSE,FALSE,FALSE
"GENE2776","GENE2776_HUMAN","P73177","Protein GENE2776",2.8804,0.08896,0.046379,0.8018,1.3337,4,2,FALSE,FALSE,TRUE
"GENE1798","GENE1798_HUMAN","P26082","Protein GENE1798",0.5568,1,0.444543,0,0.3521,5,5,FALSE,FALSE,FALSE
"GENE1327","GENE1327_HUMAN","P56415","Protein GENE1327",-0.4987,1,0.818023,0,0.0872,4,3,FALSE,FALSE,FALSE
"GENE2363","GENE2363_HUMAN","P94013","Protein GENE2363",0.1037,1,0.267196,0.0899,0.5732,2,6,FALSE,FALSE,FALSE
"GENE2077","GENE2077_HUMAN","P80973","Protein GENE2077",0.3282,1,0.707715,0,0.1501,4,2,FALSE,TRUE,FALSE
"GENE1514","GENE1514_HUMAN","P03967","Protein GENE1514",3.2631,0.195648,0.046394,0.9675,1.3335,5,2,FALSE,FALSE,TRUE
"GENE2862","GENE2862_HUMAN","P52658","Protein GENE2862",-0.0991,0.343884,0.09968,0.3341,1.0014,4,5,FALSE,FALSE,FALSE
"GENE1912","GENE1912_HUMAN","P24156","Protein GENE1912",-0.0222,1,0.729285,0,0.1371,2,2,FALSE,FALSE,FALSE
"GENE1737","GENE1737_HUMAN","P24536","Protein GENE1737",-0.016,1,0.942203,0,0.0259,4,2,FALSE,FALSE,FALSE
"GENE1717","GENE1717_HUMAN","P55702","Protein GENE1717",-0.9283,1,0.601312,0,0.2209,4,2,FALSE,FALSE,FALSE
"GENE1574","GENE1574_HUMAN","P86721","Protein GENE1574",0.0825,0.843115,0.241229,0.1866,0.6176,3,4,FALSE,FALSE,FALSE
"GENE0673","GENE0673_HUMAN","P59014","Protein GENE0673",-1.7948,0.062656,0.038276,0.9471,1.4171,3,3,TRUE,FALSE,TRUE
"GENE0829","GENE0829_HUMAN","P84661","Protein GENE0829",-1.1748,0.085675,0.028394,1.2583,1.5468,2,2,FALSE,TRUE,TRUE
"GENE2004","GENE2004_HUMAN","P98697","Protein GENE2004",-0.5054,1,0.286138,0,0.5434,6,4,FALSE,FALSE,FALSE
"GENE1760","GENE1760_HUMAN","P60707","Protein GENE1760",0.1536,0.631872,0.29914,0.1688,0.5241,4,3,FALSE,FALSE,FALSE
"GENE0571","GENE0571_HUMAN","P60576","Protein GENE0571",-0.0291,0.465735,0.140542,0.1713,0.8522,2,5,FALSE,FALSE,FALSE
"GENE0759","GENE0759_HUMAN","P65121","Protein GENE0759",0.1748,0.251141,0.142507,0.2946,0.8462,4,3,FALSE,FALSE,FALSE
"GENE0092","GENE0092_HUMAN","P26517","Protein GENE0092",0.7049,1,0.648142,0,0.1883,4,2,FALSE,FALSE,FALSE
"GENE1853","GENE1853_HUMAN","P40932","Protein GENE1853",0.5067,0.100563,0.028986,0.9508,1.5378,5,6,FALSE,FALSE,TRUE
"GENE2355","GENE2355_HUMAN","P74847","Protein GENE2355",0.4977,0.50363,0.183302,0.6675,0.7368,4,3,FALSE,FALSE,FALSE
"GENE0015","GENE0015_HUMAN","P94673","Protein GENE0015",0.4567,1,0.480349,0.1216,0.3184,6,4,FALSE,FALSE,FALSE
"GENE0453","GENE0453_HUMAN","P51227","Protein GENE0453",-0.1998,1,0.523958,0,0.2807,2,4,FALSE,FALSE,FALSE
"GENE2107","GENE2107_HUMAN","P50858","Protein GENE2107",-0.261,1,0.570516,0,0.2437,6,4,FALSE,FALSE,FALSE
"GENE0393","GENE0393_HUMAN","P92489","Protein GENE0393",0.1572,0.952221,0.200111,0.3074,0.6987,4,6,FALSE,FALSE,FALSE
"GENE0717","GENE0717_HUMAN","P48950","Protein GENE0717",-0.1113,0.815257,0.667736,0,0.1754,4,3,FALSE,FALSE,FALSE
"GENE0967","GENE0967_HUMAN","P88405","Protein GENE0967",-0.328,1,0.898289,0,0.0466,2,5,FALSE,FALSE,FALSE
"GENE0033","GENE0033_HUMAN","P44105","Protein GENE0033",0.1123,1,0.558897,0,0.2527,5,5,FALSE,FALSE,FALSE
"GENE2769","GENE2769_HUMAN","P59522","Protein GENE2769",-0.0447,0.423792,0.101433,0.5375,0.9938,5,3,FALSE,FALSE,FALSE
"GENE1156","GENE1156_HUMAN","P69308","Protein GENE1156",0.7538,0.986069,0.232767,0,0.6331,2,3,FALSE,FALSE,FALSE
"GENE1058","GENE1058_HUMAN","P38408","Protein GENE1058",-0.6856,1,0.724522,0,0.1399,3,2,FALSE,TRUE,FALSE
"GENE0917","GENE0917_HUMAN","P32721","Protein GENE0917",-0.1156,0.967893,0.253466,0.0818,0.5961,6,5,FALSE,FALSE,FALSE
"GENE2259","GENE2259_HUMAN","P70819","Protein GENE2259",-0.287,0.09466,0.071424,0.7878,1.1462,6,2,FALSE,FALSE,FALSE
"GENE0664","GENE0664_HUMAN","P04303","Protein GENE0664",1.0281,0.788619,0.351842,0.3165,0.4537,5,5,FALSE,FALSE,FALSE
"GENE0461","GENE0461_HUMAN","P57326","Protein GENE0461",-0.146,1,0.604911,0,0.2183,6,4,FALSE,FALSE,FALSE
"GENE1719","GENE1719_HUMAN","P39888","Protein GENE1719",0.3886,0.304067,0.245045,0.134,0.6108,3,2,FALSE,FALSE,FALSE
"GENE0955","GENE0955_HUMAN","P04734","Protein GENE0955",0.278,1,0.995518,0,0.002,4,6,TRUE,TRUE,FALSE
"GENE2267","GENE2267_HUMAN","P32375","Protein GENE2267",-3.342,0.07994,0.020863,1.3441,1.6806,2,2,FALSE,FALSE,TRUE
"GENE1422","GENE1422_HUMAN","P22219","Protein GENE1422",-0.132,0.74064,0.218312,0.1147,0.6609,3,3,TRUE,TRUE,FALSE
"GENE1515","GENE1515_HUMAN","P49107","Protein GENE1515",-0.0502,0.310906,0.072943,0.4464,1.137,4,6,FALSE,FALSE,FALSE
"GENE1636","GENE1636_HUMAN","P43830","Protein GENE1636",0.2906,1,0.806756,0,0.0933,5,4,FALSE,FALSE,FALSE
"GENE1939","GENE1939_HUMAN","P54707","Protein GENE1939",0.2166,1,0.776732,0,0.1097,5,4,TRUE,FALSE,FALSE
"GENE1138","GENE1138_HUMAN","P50175","Protein GENE1138",0.2322,1,0.597229,0,0.2239,3,5,FALSE,FALSE,FALSE
"GENE1858","GENE1858_HUMAN","P34680","Protein GENE1858",-0.365,1,0.741185,0,0.1301,2,3,FALSE,FALSE,FALSE
"GENE1082","GENE1082_HUMAN","P09082","Protein GENE1082",0.0699,1,0.840894,0,0.0753,3,4,FALSE,FALSE,FALSE
"GENE1429","GENE1429_HUMAN","P58949","Protein GENE1429",-1.2178,0.071229,0.027119,0.9901,1.5667,4,3,FALSE,FALSE,TRUE
"GENE1157","GENE1157_HUMAN","P74064","Protein GENE1157",-0.3965,0.522223,0.110888,0.4916,0.9551,2,3,FALSE,FALSE,FALSE
"GENE1537","GENE1537_HUMAN","P16432","Protein GENE1537",0.5935,1,0.904171,0,0.0437,5,5,FALSE,FALSE,FALSE
"GENE2773","GENE2773_HUMAN","P96152","Protein GENE2773",0.0991,0.970927,0.211104,0.4471,0.6755,3,5,FALSE,FALSE,FALSE
"GENE1792","GENE1792_HUMAN","P58404","Protein GENE1792",-0.2549,1,0.836901,0,0.0773,3,2,FALSE,TRUE,FALSE
"GENE1460","GENE1460_HUMAN","P17493","Protein GENE1460",0.2361,1,0.493762,0,0.3065,5,3,FALSE,FALSE,FALSE
"GENE2324","GENE2324_HUMAN","P60035","Protein GENE2324",-0.3614,0.44146,0.146163,0.2808,0.8352,4,5,FALSE,FALSE,FALSE
"GENE2787","GENE2787_HUMAN","P78880","Protein GENE2787",0.1567,1,0.548868,0,0.2605,4,2,FALSE,FALSE,FALSE
"GENE1399","GENE1399_HUMAN","P77195","Protein GENE1399",0.7102,1,0.571451,0,0.243,5,6,FALSE,FALSE,FALSE
"GENE0859","GENE0859_HUMAN","P32692","Protein GENE0859",0.1947,0.187021,0.082922,0.6887,1.0813,6,6,FALSE,FALSE,FALSE
"GENE2209","GENE2209_HUMAN","P98940","Protein GENE2209",2.0749,0.179852,0.044887,0.7922,1.3479,4,6,FALSE,TRUE,TRUE
"GENE2817","GENE2817_HUMAN","P27183","Protein GENE2817",-0.6719,0.223439,0.077534,0.4632,1.1105,4,5,FALSE,TRUE,FALSE
"GENE2141","GENE2141_HUMAN","P09365","Protein GENE2141",-3.5749,0.044979,0.009489,1.7097,2.0228,4,5,FALSE,FALSE,TRUE
"GENE1282","GENE1282_HUMAN","P76670","Protein GENE1282",-0.239,1,0.357152,0.2927,0.4471,6,2,FALSE,FALSE,FALSE
"GENE0084","GENE0084_HUMAN","P15628","Protein GENE0084",-0.0712,1,0.282515,0,0.549,2,6,FALSE,FALSE,FALSE
"GENE0238","GENE0238_HUMAN","P46591","Protein GENE0238",-0.19,1,0.670522,0,0.1736,5,5,FALSE,FALSE,FALSE
"GENE1052","GENE1052_HUMAN","P23986","Protein GENE1052",4.4577,0.097929,0.039013,0.7428,1.4088,4,4,FALSE,TRUE,TRUE
"GENE1926","GENE1926_HUMAN","P50802","Protein GENE1926",0.215,1,0.971317,0,0.0126,3,3,FALSE,FALSE,FALSE
"GENE1951","GENE1951_HUMAN","P04088","Protein GENE1951",-4.1283,0.105435,0.034954,0.9269,1.4565,6,2,FALSE,TRUE,TRUE
"GENE2317","GENE2317_HUMAN","P31049","Protein GENE2317",0.7315,0.101003,0.047609,1.0242,1.3223,2,3,FALSE,FALSE,TRUE
"GENE0747","GENE0747_HUMAN","P90577","Protein GENE0747",-0.2979,1,0.558254,0,0.2532,4,3,FALSE,FALSE,FALSE
"GENE2138","GENE2138_HUMAN","P74722","Protein GENE2138",0.4399,1,0.50247,0,0.2989,6,4,TRUE,FALSE,FALSE
"GENE2263","GENE2263_HUMAN","P20643","Protein GENE2263",0.4439,1,0.71767,0,0.1441,2,2,FALSE,FALSE,FALSE
"GENE1758","GENE1758_HUMAN","P11586","Protein GENE1758",0.7475,0.586989,0.493285,0,0.3069,6,3,FALSE,FALSE,FALSE
"GENE1074","GENE1074_HUMAN","P38178","Protein GENE1074",0.1391,1,0.573064,0,0.2418,5,3,TRUE,FALSE,FALSE
"NEK1","NEK1_HUMAN","P74667","Protein NEK1",0.0626,1,0.354659,0.3116,0.4502,6,4,FALSE,FALSE,FALSE
"GENE0792","GENE0792_HUMAN","P59956","Protein GENE0792",2.8703,0.099678,0.043652,0.765,1.36,5,4,FALSE,FALSE,TRUE
"GENE0913","GENE0913_HUMAN","P40083","Protein GENE0913",-0.4524,1,0.907552,0,0.0421,2,5,FALSE,TRUE,FALSE
"GENE0342","GENE0342_HUMAN","P34179","Protein GENE0342",0.7519,1,0.633978,0.1372,0.1979,6,6,FALSE,FALSE,FALSE
"GENE0730","GENE0730_HUMAN","P88112","Protein GENE0730",-0.2159,1,0.494379,0,0.3059,3,2,FALSE,TRUE,FALSE
"UFSP2","UFSP2_HUMAN","P83377","Protein UFSP2",3.4247,0.057515,0.02654,1.1497,1.5761,3,5,FALSE,FALSE,TRUE
"GENE0252","GENE0252_HUMAN","P70178","Protein GENE0252",0.2275,0.973227,0.889805,0,0.0507,2,6,FALSE,FALSE,FALSE
"GENE1348","GENE1348_HUMAN","P36070","Protein GENE1348",-0.1573,1,0.85703,0,0.067,2,2,TRUE,FALSE,FALSE
"GENE2780","GENE2780_HUMAN","P08376","Protein GENE2780",0.1161,1,0.400979,0,0.3969,3,2,TRUE,FALSE,FALSE
"GENE0064","GENE0064_HUMAN","P32130","Protein GENE0064",-0.2218,1,0.706747,0,0.1507,4,4,FALSE,FALSE,FALSE
"GENE1868","GENE1868_HUMAN","P98126","Protein GENE1868",0.2719,0.81103,0.703168,0,0.1529,6,4,FALSE,TRUE,FALSE
"GENE2297","GENE2297_HUMAN","P74683","Protein GENE2297",0.1229,0.409666,0.266925,0,0.5736,4,2,TRUE,FALSE,FALSE
"GENE1342","GENE1342_HUMAN","P57283","Protein GENE1342",-0.0925,1,0.367825,0,0.4344,4,2,FALSE,FALSE,FALSE
"GENE2342","GENE2342_HUMAN","P97689","Protein GENE2342",0.774,1,0.828474,0,0.0817,3,3,FALSE,FALSE,FALSE
"GENE2656","GENE2656_HUMAN","P51935","Protein GENE2656",-0.3586,1,0.672722,0,0.1722,3,2,FALSE,FALSE,FALSE
"GENE2093","GENE2093_HUMAN","P54691","Protein GENE2093",-4.2359,0.009916,0.003064,2.196,2.5136,2,6,TRUE,FALSE,TRUE
"GENE1339","GENE1339_HUMAN","P00446","Protein GENE1339",0.9996,0.996014,0.789308,0,0.1028,6,4,FALSE,FALSE,FALSE
"GENE0850","GENE0850_HUMAN","P08268","Protein GENE0850",-0.2211,1,0.553106,0,0.2572,2,6,FALSE,FALSE,FALSE
"GENE0930","GENE0930_HUMAN","P74283","Protein GENE0930",-0.7336,1,0.655911,0,0.1832,4,6,FALSE,FALSE,FALSE
"GENE1411","GENE1411_HUMAN","P74803","Protein GENE1411",0.0475,1,0.208822,0.1355,0.6802,3,4,FALSE,FALSE,FALSE
"GENE2045","GENE2045_HUMAN","P01770","Protein GENE2045",-0.0273,1,0.797122,0,0.0985,4,6,FALSE,FALSE,FALSE
"GENE0523","GENE0523_HUMAN","P11181","Protein GENE0523",-0.3195,1,0.775986,0,0.1101,6,4,FALSE,FALSE,FALSE
"GENE2637","GENE2637_HUMAN","P39429","Protein GENE2637",-0.1845,1,0.740777,0,0.1303,5,3,TRUE,FALSE,FALSE
"GENE2630","GENE2630_HUMAN","P80732","Protein GENE2630",-0.3425,0.236061,0.194395,0.2837,0.7113,3,2,FALSE,FALSE,FALSE
"GENE0105","GENE0105_HUMAN","P44814","Protein GENE0105",-0.0162,1,0.224901,0.087,0.648,3,6,FALSE,TRUE,FALSE
"GENE2831","GENE2831_HUMAN","P07554","Protein GENE2831",0.2472,0.454417,0.173455,0.0866,0.7608,6,6,FALSE,FALSE,FALSE
"GENE2076","GENE2076_HUMAN","P34108","Protein GENE2076",0.3931,1,0.73263,0,0.1351,4,6,FALSE,FALSE,FALSE
"GENE0444","GENE0444_HUMAN","P49455","Protein GENE0444",0.3823,1,0.446882,0,0.3498,5,5,FALSE,FALSE,FALSE
"GENE1030","GENE1030_HUMAN","P08624","Protein GENE1030",0.0049,1,0.342979,0,0.4647,5,3,FALSE,FALSE,FALSE
"GENE0839","GENE0839_HUMAN","P68269","Protein GENE0839",0.4819,1,0.558502,0,0.253,4,4,FALSE,FALSE,FALSE
"GENE2736","GENE2736_HUMAN","P31468","Protein GENE2736",-2.9127,0.028835,0.008757,1.5153,2.0577,6,6,FALSE,FALSE,TRUE
"GENE1645","GENE1645_HUMAN","P40314","Protein GENE1645",-0.2446,0.380559,0.137389,0.4706,0.862,4,5,FALSE,FALSE,FALSE
"GENE2052","GENE2052_HUMAN","P75849","Protein GENE2052",0.4562,1,0.434457,0.0714,0.3621,4,5,FALSE,FALSE,FALSE
"GENE0635","GENE0635_HUMAN","P02137","Protein GENE0635",-4.1791,0.08386,0.017105,1.3017,1.7669,4,6,FALSE,FALSE,TRUE
"GENE1611","GENE1611_HUMAN","P30526","Protein GENE1611",0.952,0.024068,0.020546,1.6441,1.6873,4,5,FALSE,FALSE,TRUE
"GENE2709","GENE2709_HUMAN","P38705","Protein GENE2709",0.1328,0.264932,0.197984,0.2067,0.7034,2,3,FALSE,FALSE,FALSE
"GENE1206","GENE1206_HUMAN","P39746","Protein GENE1206",2.0722,0.046992,0.012811,1.4574,1.8924,5,6,FALSE,FALSE,TRUE
"DHX9","DHX9_HUMAN","P28488","Protein DHX9",-0.4263,1,0.371189,0.1126,0.4304,5,6,FALSE,FALSE,FALSE
"GENE0799","GENE0799_HUMAN","P99539","Protein GENE0799",0.7056,0.623087,0.274276,0,0.5618,2,2,FALSE,FALSE,FALSE
"GENE1462","GENE1462_HUMAN","P24909","Protein GENE1462",-0.4713,0.451089,0.093756,0.637,1.028,4,6,FALSE,FALSE,FALSE
"GENE1870","GENE1870_HUMAN","P28308","Protein GENE1870",-0.1923,1,0.972179,0,0.0123,4,2,FALSE,FALSE,FALSE
"GENE0404","GENE0404_HUMAN","P57965","Protein GENE0404",0.1836,1,0.831264,0,0.0803,2,3,FALSE,FALSE,FALSE
"GENE1663","GENE1663_HUMAN","P08275","Protein GENE1663",-0.4312,0.55711,0.26067,0.2622,0.5839,2,6,FALSE,FALSE,FALSE
"GENE0897","GENE0897_HUMAN","P49279","Protein GENE0897",0.3363,1,0.387435,0,0.4118,5,5,FALSE,FALSE,FALSE
"GENE0344","GENE0344_HUMAN","P71272","Protein GENE0344",0.2818,1,0.439893,0,0.3567,3,3,TRUE,FALSE,FALSE
"GENE1571","GENE1571_HUMAN","P59703","Protein GENE1571",-0.5561,0.296325,0.192121,0.3021,0.7164,5,5,FALSE,FALSE,FALSE
"GENE1958","GENE1958_HUMAN","P94326","Protein GENE1958",0.0877,0.469374,0.375108,0.3076,0.4258,2,3,TRUE,FALSE,FALSE
"GENE0454","GENE0454_HUMAN","P17239","Protein GENE0454",0.8453,0.616268,0.442167,0,0.3544,2,3,TRUE,FALSE,FALSE
"GENE1920","GENE1920_HUMAN","P44063","Protein GENE1920",2.0778,0.040648,0.029913,0.8837,1.5241,3,5,FALSE,FALSE,TRUE
"GENE2825","GENE2825_HUMAN","P20578","Protein GENE2825",0.1325,1,0.732768,0.0686,0.135,3,6,FALSE,FALSE,FALSE
"GENE0911","GENE0911_HUMAN","P47761","Protein GENE0911",-0.3966,0.747816,0.195121,0.3574,0.7097,5,3,FALSE,FALSE,FALSE
"GENE1617","GENE1617_HUMAN","P47092","Protein GENE1617",0.3153,0.438108,0.331654,0,0.4793,4,2,FALSE,TRUE,FALSE
"GENE0724","GENE0724_HUMAN","P23266","Protein GENE0724",0.0022,1,0.61303,0,0.2125,2,4,FALSE,FALSE,FALSE
"GENE2863","GENE2863_HUMAN","P74853","Protein GENE2863",0.0699,1,0.703452,0,0.1528,6,2,FALSE,FALSE,FALSE
"GENE0457","GENE0457_HUMAN","P97628","Protein GENE0457",2.4779,0.012291,0.00673,1.4799,2.172,5,5,FALSE,FALSE,TRUE
"GENE1854","GENE1854_HUMAN","P22975","Protein GENE1854",-0.0838,0.799162,0.293483,0.3874,0.5324,2,4,FALSE,FALSE,FALSE
"GENE0234","GENE0234_HUMAN","P11148","Protein GENE0234",0.1978,1,0.542547,0,0.2656,4,3,FALSE,FALSE,FALSE
"GENE0611","GENE0611_HUMAN","P37378","Protein GENE0611",0.113,1,0.767651,0.0848,0.1148,6,5,FALSE,FALSE,FALSE
"GENE0857","GENE0857_HUMAN","P26536","Protein GENE0857",0.5588,0.02158,0.006982,1.6063,2.156,4,6,FALSE,TRUE,TRUE
"GENE2678","GENE2678_HUMAN","P00460","Protein GENE2678",-0.089,1,0.292622,0,0.5337,3,2,FALSE,FALSE,FALSE
"GENE1828","GENE1828_HUMAN","P92744","Protein GENE1828",-0.3,0.56397,0.166696,0.3147,0.7781,6,5,FALSE,FALSE,FALSE
"GENE2188","GENE2188_HUMAN","P04766","Protein GENE2188",0.5403,0.897767,0.254563,0,0.5942,2,3,FALSE,FALSE,FALSE
"GENE2101","GENE2101_HUMAN","P37354","Protein GENE2101",-0.5687,0.24847,0.121151,0.4237,0.9167,6,3,FALSE,FALSE,FALSE
"GENE0003","GENE0003_HUMAN","P81859","Protein GENE0003",0.6321,1,0.360462,0.2699,0.4431,5,2,FALSE,FALSE,FALSE
"GENE2755","GENE2755_HUMAN","P81748","Protein GENE2755",0.1788,0.302023,0.116527,0.2752,0.9336,5,5,TRUE,FALSE,FALSE
"GENE1040","GENE1040_HUMAN","P16763","Protein GENE1040",-0.611,1,0.433913,0,0.3626,2,2,FALSE,FALSE,FALSE
"GENE2249","GENE2249_HUMAN","P96263","Protein GENE2249",4.4015,0.158001,0.036367,1.1393,1.4393,5,5,FALSE,FALSE,TRUE
"GENE2028","GENE2028_HUMAN","P35145","Protein GENE2028",0.4358,0.817984,0.404627,0,0.3929,2,3,FALSE,FALSE,FALSE
"GENE1240","GENE1240_HUMAN","P11911","Protein GENE1240",0.2795,0.520678,0.514991,0,0.2882,4,6,FALSE,FALSE,FALSE
"GENE0743","GENE0743_HUMAN","P52215","Protein GENE0743",-0.5849,1,0.459153,0,0.338,2,6,FALSE,FALSE,FALSE
"GENE0250","GENE0250_HUMAN","P25116","Protein GENE0250",-1.1794,0.139944,0.028368,0.9003,1.5472,2,3,FALSE,FALSE,TRUE
"GENE1989","GENE1989_HUMAN","P68336","Protein GENE1989",0.5984,1,0.604596,0.1897,0.2185,2,2,TRUE,FALSE,FALSE
"GENE0550","GENE0550_HUMAN","P62719","Protein GENE0550",-0.3533,1,0.540496,0,0.2672,4,3,FALSE,FALSE,FALSE
"DDX46","DDX46_HUMAN","P75027","Protein DDX46",0.1084,1,0.74026,0,0.1306,2,4,FALSE,FALSE,FALSE
"GENE0509","GENE0509_HUMAN","P63931","Protein GENE0509",0.8828,0.012091,0.002821,2.0609,2.5496,5,3,FALSE,FALSE,TRUE
"GENE1407","GENE1407_HUMAN","P74515","Protein GENE1407",3.1081,0.010802,0.008812,1.4615,2.0549,3,3,FALSE,FALSE,TRUE
"GENE1916","GENE1916_HUMAN","P64143","Protein GENE1916",0.0431,1,0.695526,0.1479,0.1577,6,2,FALSE,FALSE,FALSE
"GENE0941","GENE0941_HUMAN","P00839","Protein GENE0941",1.5798,0.035521,0.017296,1.3079,1.7621,5,5,FALSE,FALSE,TRUE
"GENE1340","GENE1340_HUMAN","P22628","Protein GENE1340",0.1684,0.246319,0.1513,0.5136,0.8202,3,2,FALSE,FALSE,FALSE
"GENE2450","GENE2450_HUMAN","P60095","Protein GENE2450",0.9587,1,0.960231,0,0.0176,3,6,FALSE,FALSE,FALSE
"GENE0990","GENE0990_HUMAN","P26927","Protein GENE0990",-0.4723,1,0.797659,0,0.0982,4,6,FALSE,FALSE,FALSE
"GENE1976","GENE1976_HUMAN","P04811","Protein GENE1976",0.1922,0.77547,0.166192,0.2537,0.7794,4,5,FALSE,FALSE,FALSE
"GENE2054","GENE2054_HUMAN","P11124","Protein GENE2054",-0.41,0.933944,0.459146,0.1559,0.338,2,4,TRUE,FALSE,FALSE
"GENE1012","GENE1012_HUMAN","P76412","Protein GENE1012",-0.4565,1,0.280455,0,0.5521,6,6,FALSE,FALSE,FALSE
"GENE0396","GENE0396_HUMAN","P86009","Protein GENE0396",0.6865,1,0.439315,0,0.3572,2,3,FALSE,FALSE,FALSE
"GENE2728","GENE2728_HUMAN","P99782","Protein GENE2728",-0.3572,1,0.401311,0,0.3965,5,6,FALSE,FALSE,FALSE
"GENE2174","GENE2174_HUMAN","P57660","Protein GENE2174",0.0104,1,0.514412,0,0.2887,5,5,FALSE,FALSE,FALSE
"GENE0005","GENE0005_HUMAN","P13904","Protein GENE0005",0.1504,1,0.910953,0,0.0405,3,4,FALSE,FALSE,FALSE
"GENE1934","GENE1934_HUMAN","P95183","Protein GENE1934",-0.8941,0.902836,0.373611,0.3535,0.4276,3,2,FALSE,FALSE,FALSE
"GENE1501","GENE1501_HUMAN","P21368","Protein GENE1501",-4.2023,0.237561,0.048561,1.0377,1.3137,6,5,FALSE,FALSE,TRUE
"GENE2552","GENE2552_HUMAN","P72642","Protein GENE2552",-0.51,1,0.955451,0.0099,0.0198,4,4,FALSE,FALSE,FALSE
"GENE0282","GENE0282_HUMAN","P59865","Protein GENE0282",0.5854,0.846002,0.768908,0,0.1141,6,3,FALSE,FALSE,FALSE
"GENE0322","GENE0322_HUMAN","P45363","Protein GENE0322",-0.2231,1,0.74194,0,0.1296,4,3,FALSE,FALSE,FALSE
"GENE0083","GENE0083_HUMAN","P80078","Protein GENE0083",0.4437,1,0.802341,0,0.0956,3,2,FALSE,FALSE,FALSE
"GENE0646","GENE0646_HUMAN","P80389","Protein GENE0646",0.2771,0.60458,0.262589,0.0018,0.5807,3,6,FALSE,FALSE,FALSE
"GENE0557","GENE0557_HUMAN","P87664","Protein GENE0557",0.1842,1,0.676084,0,0.17,5,6,FALSE,FALSE,FALSE
"GENE2213","GENE2213_HUMAN","P29067","Protein GENE2213",0.4061,0.738801,0.278465,0.205,0.5552,2,6,FALSE,FALSE,FALSE
"GENE2558","GENE2558_HUMAN","P92296","Protein GENE2558",0.1017,1,0.642729,0,0.192,3,4,FALSE,FALSE,FALSE
"GENE0594","GENE0594_HUMAN","P18384","Protein GENE0594",1.1853,0.006831,0.001886,2.0699,2.7245,2,4,FALSE,FALSE,TRUE
"GENE0217","GENE0217_HUMAN","P66199","Protein GENE0217",-0.0428,1,0.48935,0,0.3104,3,6,FALSE,FALSE,FALSE
"GENE1285","GENE1285_HUMAN","P19852","Protein GENE1285",0.2982,0.152664,0.152591,0.169,0.8165,6,4,FALSE,FALSE,FALSE
"GENE0699","GENE0699_HUMAN","P27487","Protein GENE0699",-0.5905,1,0.579156,0,0.2372,6,2,FALSE,FALSE,FALSE
"GENE0633","GENE0633_HUMAN","P58947","Protein GENE0633",0.0633,1,0.655793,0,0.1832,3,3,FALSE,FALSE,FALSE
"GENE0114","GENE0114_HUMAN","P15093","Protein GENE0114",0.2163,0.379943,0.346906,0.0214,0.4598,3,3,TRUE,FALSE,FALSE
"GENE1102","GENE1102_HUMAN","P42578","Protein GENE1102",-3.0572,0.01995,0.004078,2.363,2.3895,2,5,FALSE,FALSE,TRUE
"GENE2378","GENE2378_HUMAN","P11346","Protein GENE2378",-0.2854,1,0.775526,0,0.1104,4,5,FALSE,FALSE,FALSE
"GENE2134","GENE2134_HUMAN","P78902","Protein GENE2134",-0.109,1,0.577694,0.1145,0.2383,2,6,FALSE,TRUE,FALSE
"GENE2108","GENE2108_HUMAN","P78446","Protein GENE2108",-0.2206,0.611993,0.326856,0,0.4856,2,5,TRUE,TRUE,FALSE
"GENE1676","GENE1676_HUMAN","P61661","Protein GENE1676",-0.0504,1,0.290206,0.2231,0.5373,2,2,FALSE,FALSE,FALSE
"GENE0772","GENE0772_HUMAN","P06715","Protein GENE0772",1.4773,0.048062,0.019868,1.03,1.7018,2,4,FALSE,FALSE,TRUE
"GENE1709","GENE1709_HUMAN","P41208","Protein GENE1709",-0.0674,0.140415,0.091281,0.5142,1.0396,5,5,FALSE,TRUE,FALSE
"GENE2858","GENE2858_HUMAN","P51012","Protein GENE2858",-0.2543,0.283658,0.279168,0.0608,0.5541,3,3,FALSE,FALSE,FALSE
"GENE0018","GENE0018_HUMAN","P92211","Protein GENE0018",-0.4535,1,0.575927,0,0.2396,5,6,FALSE,FALSE,FALSE
"GENE1440","GENE1440_HUMAN","P95347","Protein GENE1440",-0.1791,1,0.806937,0,0.0932,2,4,FALSE,TRUE,FALSE
"GENE1010","GENE1010_HUMAN","P71860","Protein GENE1010",-0.0309,0.428656,0.085976,0.3742,1.0656,5,2,FALSE,FALSE,FALSE
"GENE2826","GENE2826_HUMAN","P32457","Protein GENE2826",-0.0963,1,0.235765,0.2029,0.6275,6,4,FALSE,FALSE,FALSE
"GENE1602","GENE1602_HUMAN","P18088","Protein GENE1602",-1.8331,0.025725,0.007338,1.7493,2.1344,3,4,FALSE,FALSE,TRUE
"GENE1385","GENE1385_HUMAN","P69547","Protein GENE1385",0.6467,1,0.323679,0.0617,0.4899,6,2,FALSE,FALSE,FALSE
"GENE1087","GENE1087_HUMAN","P38279","Protein GENE1087",0.1807,1,0.634222,0.1471,0.1978,6,2,FALSE,FALSE,FALSE
"GENE0687","GENE0687_HUMAN","P38771","Protein GENE0687",0.5928,1,0.706599,0,0.1508,5,4,FALSE,FALSE,FALSE
"GENE0356","GENE0356_HUMAN","P23721","Protein GENE0356",-0.2715,1,0.418454,0,0.3784,5,6,FALSE,FALSE,FALSE
"GENE2750","GENE2750_HUMAN","P04180","Protein GENE2750",0.212,0.956241,0.720549,0,0.1423,6,4,FALSE,FALSE,FALSE
"GENE2033","GENE2033_HUMAN","P71052","Protein GENE2033",0.0768,0.468335,0.208492,0.204,0.6809,5,2,FALSE,FALSE,FALSE
"NCOA3","NCOA3_HUMAN","P71662","Protein NCOA3",-0.1083,1,0.817896,0,0.0873,5,3,FALSE,FALSE,FALSE
"GENE1568","GENE1568_HUMAN","P95043","Protein GENE1568",-0.3943,1,0.569189,0,0.2447,2,2,FALSE,TRUE,FALSE
"GENE0137","GENE0137_HUMAN","P90174","Protein GENE0137",-0.2013,0.415254,0.236119,0.2295,0.6269,6,6,FALSE,FALSE,FALSE
"GENE0516","GENE0516_HUMAN","P17184","Protein GENE0516",-0.7837,0.462129,0.194075,0.6719,0.712,2,5,FALSE,FALSE,FALSE
"GENE1545","GENE1545_HUMAN","P81544","Protein GENE1545",-0.0499,0.884393,0.862914,0,0.064,3,5,TRUE,FALSE,FALSE
"EP300","EP300_HUMAN","P30578","Protein EP300",2.7898,0.063832,0.01643,1.1888,1.7844,4,2,FALSE,TRUE,TRUE
"GENE1904","GENE1904_HUMAN","P86865","Protein GENE1904",0.3492,1,0.568952,0,0.2449,5,4,FALSE,FALSE,FALSE
"GENE1957","GENE1957_HUMAN","P53785","Protein GENE1957",-0.4559,1,0.355056,0,0.4497,3,3,FALSE,FALSE,FALSE
"GENE2696","GENE2696_HUMAN","P95929","Protein GENE2696",-0.3154,0.769858,0.166012,0.5992,0.7799,2,2,FALSE,FALSE,FALSE
"GENE1660","GENE1660_HUMAN","P79933","Protein GENE1660",0.4453,0.954181,0.320009,0,0.4948,3,3,TRUE,FALSE,FALSE
"GENE0179","GENE0179_HUMAN","P48126","Protein GENE0179",0.5607,0.846718,0.205998,0.6813,0.6861,4,3,FALSE,FALSE,FALSE
"GENE1851","GENE1851_HUMAN","P75025","Protein GENE1851",-0.363,1,0.686392,0,0.1634,6,6,TRUE,FALSE,FALSE
"GENE0976","GENE0976_HUMAN","P48271","Protein GENE0976",-0.3357,1,0.798777,0,0.0976,4,3,FALSE,FALSE,FALSE
"GENE0196","GENE0196_HUMAN","P63321","Protein GENE0196",0.2759,0.376867,0.190556,0.2275,0.72,4,5,FALSE,FALSE,FALSE
"GENE1267","GENE1267_HUMAN","P68628","Protein GENE1267",0.1997,0.58522,0.325308,0,0.4877,3,4,FALSE,FALSE,FALSE
"GENE2151","GENE2151_HUMAN","P35387","Protein GENE2151",-0.3079,1,0.755753,0,0.1216,2,4,FALSE,FALSE,FALSE
"GENE0156","GENE0156_HUMAN","P77601","Protein GENE0156",0.2091,1,0.884681,0.0356,0.0532,4,2,FALSE,FALSE,FALSE
"GENE0890","GENE0890_HUMAN","P18736","Protein GENE0890",-0.0681,1,0.818909,0,0.0868,3,2,FALSE,FALSE,FALSE
"GENE0474","GENE0474_HUMAN","P23472","Protein GENE0474",0.22,1,0.909855,0,0.041,2,5,FALSE,TRUE,FALSE
"GENE1015","GENE1015_HUMAN","P98786","Protein GENE1015",-0.0371,0.513403,0.177748,0.1198,0.7502,3,6,FALSE,FALSE,FALSE
"GENE0079","GENE0079_HUMAN","P90906","Protein GENE0079",3.8101,0.12811,0.026835,1.1082,1.5713,6,3,FALSE,FALSE,TRUE
"GENE2806","GENE2806_HUMAN","P36317","Protein GENE2806",-2.5429,0.010208,0.002607,2.0988,2.5838,3,3,FALSE,FALSE,TRUE
"GENE2837","GENE2837_HUMAN","P44437","Protein GENE2837",0.3698,1,0.272558,0.4142,0.5645,4,3,FALSE,FALSE,FALSE
"GENE1742","GENE1742_HUMAN","P54587","Protein GENE1742",0.6995,1,0.606431,0,0.2172,2,3,FALSE,FALSE,FALSE
"GENE0939","GENE0939_HUMAN","P60158","Protein GENE0939",-0.1935,1,0.793647,0,0.1004,2,3,FALSE,FALSE,FALSE
"GENE0836","GENE0836_HUMAN","P63507","Protein GENE0836",0.4003,1,0.583319,0,0.2341,6,4,FALSE,FALSE,FALSE
"GENE0612","GENE0612_HUMAN","P46562","Protein GENE0612",0.0177,1,0.815543,0,0.0886,3,2,FALSE,FALSE,FALSE
"GENE0222","GENE0222_HUMAN","P12361","Protein GENE0222",-0.526,1,0.640461,0,0.1935,4,6,FALSE,FALSE,FALSE
"GENE0805","GENE0805_HUMAN","P40163","Protein GENE0805",-0.0389,0.680174,0.329714,0,0.4819,4,4,FALSE,FALSE,FALSE
"GENE0723","GENE0723_HUMAN","P64014","Protein GENE0723",0.054,0.76662,0.6294,0,0.2011,4,6,FALSE,FALSE,FALSE
"GENE1494","GENE1494_HUMAN","P72382","Protein GENE1494",0.2048,1,0.745325,0.0757,0.1277,3,2,FALSE,FALSE,FALSE
"GENE2283","GENE2283_HUMAN","P22269","Protein GENE2283",0.0694,0.377057,0.247341,0,0.6067,6,4,FALSE,FALSE,FALSE
"GENE0416","GENE0416_HUMAN","P95583","Protein GENE0416",-1.0264,0.941363,0.194472,0.4083,0.7111,4,6,FALSE,FALSE,FALSE
"GENE0749","GENE0749_HUMAN","P80189","Protein GENE0749",-0.5755,1,0.816766,0,0.0879,2,6,FALSE,FALSE,FALSE
"GENE1773","GENE1773_HUMAN","P60195","Protein GENE1773",-0.2979,1,0.667789,0,0.1754,4,3,FALSE,FALSE,FALSE
"GENE2081","GENE2081_HUMAN","P26155","Protein GENE2081",0.4018,1,0.515595,0.1082,0.2877,6,6,FALSE,FALSE,FALSE
"GENE0840","GENE0840_HUMAN","P16950","Protein GENE0840",-0.2515,0.973227,0.2832,0,0.5479,4,4,FALSE,FALSE,FALSE
"GENE1330","GENE1330_HUMAN","P79635","Protein GENE1330",0.1176,0.462066,0.231288,0.0124,0.6358,5,4,FALSE,FALSE,FALSE
"GENE0472","GENE0472_HUMAN","P01235","Protein GENE0472",0.1808,1,0.390138,0,0.4088,6,4,TRUE,FALSE,FALSE
"GENE1955","GENE1955_HUMAN","P27329","Protein GENE1955",-0.2512,1,0.839904,0,0.0758,5,4,FALSE,FALSE,FALSE
"GENE2071","GENE2071_HUMAN","P46731","Protein GENE2071",-0.0614,1,0.512295,0,0.2905,5,6,FALSE,FALSE,FALSE
"GENE0233","GENE0233_HUMAN","P71867","Protein GENE0233",0.0385,1,0.490938,0,0.309,5,6,FALSE,FALSE,FALSE
"GENE0450","GENE0450_HUMAN","P32056","Protein GENE0450",0.4374,1,0.827059,0,0.0825,3,4,FALSE,FALSE,FALSE
"GENE2275","GENE2275_HUMAN","P76336","Protein GENE2275",-0.0327,1,0.888998,0,0.0511,5,6,FALSE,FALSE,FALSE
"GENE0920","GENE0920_HUMAN","P38716","Protein GENE0920",0.3363,1,0.523994,0.2507,0.2807,5,3,FALSE,FALSE,FALSE
"GENE2522","GENE2522_HUMAN","P11016","Protein GENE2522",-0.2204,1,0.533261,0,0.2731,5,3,FALSE,FALSE,FALSE
"GENE2266","GENE2266_HUMAN","P09201","Protein GENE2266",0.3332,0.922248,0.817316,0,0.0876,4,3,FALSE,FALSE,FALSE
"GENE1562","GENE1562_HUMAN","P80633","Protein GENE1562",0.4587,1,0.786005,0,0.1046,4,4,FALSE,FALSE,FALSE
"GENE1377","GENE1377_HUMAN","P56907","Protein GENE1377",0.1762,1,0.916455,0,0.0379,6,6,TRUE,FALSE,FALSE
"GENE1643","GENE1643_HUMAN","P69711","Protein GENE1643",-0.0757,0.16852,0.131696,0.5755,0.8804,4,5,FALSE,FALSE,FALSE
"GENE1630","GENE1630_HUMAN","P47430","Protein GENE1630",-0.1902,1,0.782831,0,0.1063,4,2,FALSE,TRUE,FALSE
"GENE2765","GENE2765_HUMAN","P04094","Protein GENE2765",-0.3541,0.584165,0.377061,0.1119,0.4236,6,6,TRUE,FALSE,FALSE
"GENE0314","GENE0314_HUMAN","P19101","Protein GENE0314",0.2135,0.477238,0.139175,0.7394,0.8564,6,6,FALSE,FALSE,FALSE
"GENE0827","GENE0827_HUMAN","P87606","Protein GENE0827",-0.1675,0.907156,0.730582,0,0.1363,6,3,FALSE,FALSE,FALSE
"GENE0283","GENE0283_HUMAN","P95828","Protein GENE0283",0.4861,1,0.862128,0,0.0644,6,5,FALSE,FALSE,FALSE
"GENE1018","GENE1018_HUMAN","P21975","Protein GENE1018",-0.4642,1,0.657402,0,0.1822,4,2,FALSE,FALSE,FALSE
"GENE0605","GENE0605_HUMAN","P62228","Protein GENE0605",-0.2967,1,0.983706,0,0.0071,4,2,FALSE,FALSE,FALSE
"GENE1057","GENE1057_HUMAN","P27027","Protein GENE1057",0.137,1,0.329994,0,0.4815,3,6,FALSE,TRUE,FALSE
"GENE2658","GENE2658_HUMAN","P02130","Protein GENE2658",-0.2022,0.39866,0.127535,0.3639,0.8944,4,6,FALSE,FALSE,FALSE
"GENE1447","GENE1447_HUMAN","P54531","Protein GENE1447",-0.2034,1,0.253263,0.5505,0.5964,5,4,FALSE,FALSE,FALSE
"GENE2548","GENE2548_HUMAN","P78938","Protein GENE2548",-4.1537,0.094848,0.032695,1.2366,1.4855,4,6,TRUE,FALSE,TRUE
"GENE0986","GENE0986_HUMAN","P35736","Protein GENE0986",0.0565,1,0.273786,0.4041,0.5626,6,6,FALSE,FALSE,FALSE
"GENE0573","GENE0573_HUMAN","P57637","Protein GENE0573",-0.1127,1,0.611959,0,0.2133,6,5,FALSE,FALSE,FALSE
"GENE1849","GENE1849_HUMAN","P46188","Protein GENE1849",-2.0658,0.199806,0.04541,1.104,1.3428,3,5,FALSE,FALSE,TRUE
"GENE2384","GENE2384_HUMAN","P29055","Protein GENE2384",-0.0163,1,0.590567,0,0.2287,4,3,FALSE,FALSE,FALSE
"GENE0534","GENE0534_HUMAN","P20627","Protein GENE0534",-0.2119,1,0.710421,0,0.1485,4,5,FALSE,FALSE,FALSE
"GENE2704","GENE2704_HUMAN","P50247","Protein GENE2704",-0.3592,0.091594,0.089992,0.4945,1.0458,5,6,FALSE,FALSE,FALSE
"GENE0666","GENE0666_HUMAN","P15087","Protein GENE0666",0.3275,1,0.930672,0,0.0312,3,6,FALSE,TRUE,FALSE
"GENE1533","GENE1533_HUMAN","P42080","Protein GENE1533",0.4608,0.188728,0.161855,0.1301,0.7909,4,6,FALSE,FALSE,FALSE
"GENE1043","GENE1043_HUMAN","P64120","Protein GENE1043",0.1945,1,0.918468,0,0.0369,6,2,FALSE,FALSE,FALSE
"GENE0778","GENE0778_HUMAN","P79597","Protein GENE0778",2.6849,0.076224,0.037803,1.0874,1.4225,3,6,TRUE,TRUE,TRUE
"GENE2442","GENE2442_HUMAN","P41907","Protein GENE2442",-0.0169,1,0.710398,0,0.1485,2,3,FALSE,FALSE,FALSE
"GENE1628","GENE1628_HUMAN","P85425","Protein GENE1628",-0.0198,0.951521,0.257094,0.246,0.5899,5,2,FALSE,FALSE,FALSE
"GENE1465","GENE1465_HUMAN","P61966","Protein GENE1465",-2.8125,0.059547,0.020049,1.4559,1.6979,4,4,FALSE,FALSE,TRUE
"GENE1160","GENE1160_HUMAN","P39039","Protein GENE1160",0.1765,0.572947,0.500415,0,0.3007,5,5,TRUE,FALSE,FALSE
"GENE2507","GENE2507_HUMAN","P46705","Protein GENE2507",-0.5468,1,0.623207,0,0.2054,5,2,FALSE,FALSE,FALSE
"GENE0642","GENE0642_HUMAN","P11756","Protein GENE0642",0.0674,1,0.974924,0,0.011,6,2,FALSE,FALSE,FALSE
"GENE2538","GENE2538_HUMAN","P58719","Protein GENE2538",-0.0732,0.171367,0.081276,0.7194,1.09,5,6,FALSE,FALSE,FALSE
"GENE1527","GENE1527_HUMAN","P09522","Protein GENE1527",0.5696,1,0.840054,0,0.0757,6,5,FALSE,FALSE,FALSE
"GENE1350","GENE1350_HUMAN","P16270","Protein GENE1350",-0.1315,0.857787,0.342698,0,0.4651,6,2,TRUE,FALSE,FALSE
"GENE1529","GENE1529_HUMAN","P80832","Protein GENE1529",-0.5458,1,0.805452,0,0.094,3,6,TRUE,FALSE,FALSE
"GENE1731","GENE1731_HUMAN","P08189","Protein GENE1731",0.2891,1,0.521624,0,0.2826,4,3,FALSE,FALSE,FALSE
"GENE1804","GENE1804_HUMAN","P25856","Protein GENE1804",-0.1992,1,0.907468,0,0.0422,6,3,FALSE,TRUE,FALSE
"GENE0433","GENE0433_HUMAN","P58783","Protein GENE0433",0.8331,1,0.474814,0,0.3235,4,5,FALSE,FALSE,FALSE
"GENE1387","GENE1387_HUMAN","P91302","Protein GENE1387",-0.0051,0.41003,0.083105,0.6165,1.0804,6,3,FALSE,FALSE,FALSE
"GENE2800","GENE2800_HUMAN","P22037","Protein GENE2800",0.0388,1,0.440238,0,0.3563,6,2,FALSE,FALSE,FALSE
"GENE0704","GENE0704_HUMAN","P80698","Protein GENE0704",3.9873,0.110409,0.041691,0.9982,1.38,4,6,FALSE,FALSE,TRUE
"GENE1769","GENE1769_HUMAN","P75048","Protein GENE1769",0.0803,1,0.873021,0,0.059,2,3,FALSE,FALSE,FALSE
"GENE1454","GENE1454_HUMAN","P21678","Protein GENE1454",0.0595,1,0.971627,0,0.0125,6,3,FALSE,FALSE,FALSE
"GENE0228","GENE0228_HUMAN","P94776","Protein GENE0228",-0.2013,1,0.344918,0.1809,0.4623,4,2,FALSE,FALSE,FALSE
"GENE1455","GENE1455_HUMAN","P82774","Protein GENE1455",0.1736,0.345462,0.329909,0.4484,0.4816,6,3,TRUE,TRUE,FALSE
"GENE1893","GENE1893_HUMAN","P37401","Protein GENE1893",-0.7027,0.90289,0.49535,0,0.3051,6,6,FALSE,FALSE,FALSE
"GENE2834","GENE2834_HUMAN","P76413","Protein GENE2834",-0.022,1,0.351716,0.2697,0.4538,5,6,FALSE,TRUE,FALSE
"GENE0554","GENE0554_HUMAN","P28602","Protein GENE0554",0.3434,0.976452,0.211532,0.2179,0.6746,5,2,FALSE,FALSE,FALSE
"GENE0821","GENE0821_HUMAN","P57634","Protein GENE0821",-0.3517,1,0.601817,0,0.2205,2,4,FALSE,TRUE,FALSE
"GENE1753","GENE1753_HUMAN","P86156","Protein GENE1753",-0.1841,1,0.292758,0,0.5335,2,4,FALSE,FALSE,FALSE
"GENE0506","GENE0506_HUMAN","P74930","Protein GENE0506",-0.4455,1,0.507296,0,0.2947,2,5,FALSE,FALSE,FALSE
"GENE0937","GENE0937_HUMAN","P44292","Protein GENE0937",0.5945,0.781446,0.270496,0.0148,0.5678,4,4,FALSE,FALSE,FALSE
"GENE1424","GENE1424_HUMAN","P70734","Protein GENE1424",0.7409,1,0.518644,0.024,0.2851,4,2,FALSE,FALSE,FALSE
"GENE1495","GENE1495_HUMAN","P32183","Protein GENE1495",0.1892,1,0.775147,0,0.1106,5,5,TRUE,FALSE,FALSE
"GENE0082","GENE0082_HUMAN","P48701","Protein GENE0082",0.2273,0.282854,0.250564,0,0.6011,4,4,TRUE,FALSE,FALSE
"GENE1988","GENE1988_HUMAN","P50450","Protein GENE1988",0.0453,1,0.670883,0.07,0.1734,5,4,FALSE,FALSE,FALSE
"GENE2651","GENE2651_HUMAN","P67631","Protein GENE2651",-0.0087,1,0.488097,0,0.3115,3,3,FALSE,FALSE,FALSE
"GENE1641","GENE1641_HUMAN","P48207","Protein GENE1641",-0.2386,0.634784,0.265173,0.3428,0.5765,3,3,FALSE,FALSE,FALSE
"GENE2516","GENE2516_HUMAN","P06162","Protein GENE2516",-3.6755,0.123607,0.02583,1.1068,1.5879,5,2,TRUE,FALSE,TRUE
"GENE2633","GENE2633_HUMAN","P10103","Protein GENE2633",0.0187,1,0.825438,0,0.0833,3,2,FALSE,FALSE,FALSE
"GENE0965","GENE0965_HUMAN","P39697","Protein GENE0965",0.1101,1,0.650735,0,0.1866,5,3,TRUE,FALSE,FALSE
"GENE0142","GENE0142_HUMAN","P94923","Protein GENE0142",2.422,0.1098,0.022699,1.0477,1.644,5,6,FALSE,FALSE,TRUE
"GENE1803","GENE1803_HUMAN","P07963","Protein GENE1803",0.1435,1,0.721249,0,0.1419,3,2,FALSE,FALSE,FALSE
"GENE0945","GENE0945_HUMAN","P47547","Protein GENE0945",0.1156,0.514404,0.18931,0.2527,0.7228,2,5,TRUE,FALSE,FALSE
"GENE2878","GENE2878_HUMAN","P89472","Protein GENE2878",-0.1242,0.378025,0.120993,0.3583,0.9172,4,4,FALSE,FALSE,FALSE
"GENE1188","GENE1188_HUMAN","P38478","Protein GENE1188",0.8759,0.048713,0.025027,1.3586,1.6016,4,5,FALSE,FALSE,TRUE
"GENE2565","GENE2565_HUMAN","P45563","Protein GENE2565",0.981,0.358239,0.157012,0.1455,0.8041,4,3,FALSE,FALSE,FALSE
"GENE1080","GENE1080_HUMAN","P65934","Protein GENE1080",-0.803,0.330933,0.098679,0.5734,1.0058,4,4,FALSE,FALSE,FALSE
"GENE2007","GENE2007_HUMAN","P63554","Protein GENE2007",-0.4711,1,0.945176,0,0.0245,4,3,FALSE,FALSE,FALSE
"GENE0241","GENE0241_HUMAN","P37767","Protein GENE0241",0.7581,1,0.606642,0.007,0.2171,3,2,FALSE,FALSE,FALSE
"GENE1476","GENE1476_HUMAN","P63305","Protein GENE1476",-0.2796,0.727925,0.562112,0,0.2502,2,4,TRUE,FALSE,FALSE
"GENE2142","GENE2142_HUMAN","P89121","Protein GENE2142",-0.0296,1,0.633584,0,0.1982,6,4,FALSE,TRUE,FALSE
"GENE1205","GENE1205_HUMAN","P58211","Protein GENE1205",0.6701,0.851947,0.448847,0.1201,0.3479,3,6,TRUE,FALSE,FALSE
"GENE1770","GENE1770_HUMAN","P83123","Protein GENE1770",0.0575,1,0.257015,0.006,0.59,2,6,FALSE,FALSE,FALSE
"GENE2588","GENE2588_HUMAN","P44455","Protein GENE2588",-0.8577,1,0.924176,0,0.0342,5,3,FALSE,FALSE,FALSE
"GENE2753","GENE2753_HUMAN","P82591","Protein GENE2753",0.666,1,0.957322,0,0.0189,6,6,FALSE,FALSE,FALSE
"GENE1699","GENE1699_HUMAN","P02363","Protein GENE1699",-0.6475,1,0.36886,0,0.4331,4,5,FALSE,FALSE,FALSE
"GENE1678","GENE1678_HUMAN","P07261","Protein GENE1678",-0.8703,1,0.964639,0,0.0156,6,3,FALSE,FALSE,FALSE
"GENE0925","GENE0925_HUMAN","P39496","Protein GENE0925",-0.4951,1,0.671733,0,0.1728,3,5,FALSE,TRUE,FALSE
"GENE1938","GENE1938_HUMAN","P53899","Protein GENE1938",-0.6273,1,0.72771,0.0341,0.138,3,6,FALSE,FALSE,FALSE
"GENE2759","GENE2759_HUMAN","P23375","Protein GENE2759",0.0346,1,0.462748,0,0.3347,5,3,FALSE,FALSE,FALSE
"GENE0333","GENE0333_HUMAN","P07858","Protein GENE0333",-0.0915,1,0.405903,0,0.3916,6,4,FALSE,FALSE,FALSE
"GENE1618","GENE1618_HUMAN","P42280","Protein GENE1618",-0.2706,0.512159,0.378203,0.0329,0.4223,4,5,FALSE,FALSE,FALSE
"GENE0842","GENE0842_HUMAN","P81526","Protein GENE0842",0.6924,1,0.765514,0,0.116,2,3,FALSE,FALSE,FALSE
"GENE1682","GENE1682_HUMAN","P65089","Protein GENE1682",-0.2288,0.595868,0.125834,0.5067,0.9002,5,2,FALSE,FALSE,FALSE
"GENE2287","GENE2287_HUMAN","P64114","Protein GENE2287",-0.7186,1,0.46922,0,0.3286,2,5,TRUE,FALSE,FALSE
"GENE2001","GENE2001_HUMAN","P97783","Protein GENE2001",0.6394,1,0.882267,0,0.0544,6,4,FALSE,FALSE,FALSE
"GENE2573","GENE2573_HUMAN","P11832","Protein GENE2573",0.0301,1,0.833712,0,0.079,4,4,FALSE,FALSE,FALSE
"GENE0507","GENE0507_HUMAN","P32850","Protein GENE0507",0.3744,1,0.938631,0.0223,0.0275,3,5,FALSE,FALSE,FALSE
"GENE0931","GENE0931_HUMAN","P48434","Protein GENE0931",-0.4544,1,0.462681,0,0.3347,5,2,FALSE,TRUE,FALSE
"GENE1530","GENE1530_HUMAN","P09275","Protein GENE1530",0.1854,1,0.491482,0,0.3085,5,4,FALSE,TRUE,FALSE
"GENE2509","GENE2509_HUMAN","P45097","Protein GENE2509",0.4278,1,0.952736,0,0.021,5,6,FALSE,FALSE,FALSE
"GENE2247","GENE2247_HUMAN","P91566","Protein GENE2247",-0.7359,1,0.863112,0,0.0639,6,2,FALSE,FALSE,FALSE
"GENE1772","GENE1772_HUMAN","P47234","Protein GENE1772",-0.6895,1,0.968735,0,0.0138,4,3,FALSE,FALSE,FALSE
"GENE0055","GENE0055_HUMAN","P61938","Protein GENE0055",0.0938,1,0.655185,0,0.1836,5,5,FALSE,FALSE,FALSE
"GENE0866","GENE0866_HUMAN","P64537","Protein GENE0866",0.0029,0.271735,0.07318,0.4979,1.1356,6,3,FALSE,FALSE,FALSE
"GENE1714","GENE1714_HUMAN","P04401","Protein GENE1714",0.0705,1,0.905364,0,0.0432,3,5,FALSE,FALSE,FALSE
"GENE1203","GENE1203_HUMAN","P89585","Protein GENE1203",0.0032,1,0.566432,0,0.2469,3,6,FALSE,FALSE,FALSE
"GENE0426","GENE0426_HUMAN","P84368","Protein GENE0426",-0.0429,0.644809,0.173669,0.2811,0.7603,5,2,FALSE,FALSE,FALSE
"GENE2887","GENE2887_HUMAN","P55724","Protein GENE2887",3.9881,0.018096,0.009975,1.3981,2.0011,6,6,FALSE,FALSE,TRUE
"GENE2491","GENE2491_HUMAN","P12505","Protein GENE2491",0.0746,1,0.371213,0.1836,0.4304,6,2,TRUE,FALSE,FALSE
"GENE1372","GENE1372_HUMAN","P37550","Protein GENE1372",0.5979,0.665201,0.241314,0.0644,0.6174,3,5,FALSE,FALSE,FALSE
"GENE0858","GENE0858_HUMAN","P35982","Protein GENE0858",0.5416,0.11065,0.082967,0.4476,1.0811,4,5,TRUE,FALSE,FALSE
"GENE2694","GENE2694_HUMAN","P44784","Protein GENE2694",0.2563,1,0.443135,0,0.3535,2,5,FALSE,FALSE,FALSE
"GENE1028","GENE1028_HUMAN","P68554","Protein GENE1028",1.915,0.026018,0.006429,1.5445,2.1919,3,2,FALSE,FALSE,TRUE
"GENE0581","GENE0581_HUMAN","P73545","Protein GENE0581",-3.6368,0.069857,0.016737,1.1689,1.7763,5,4,FALSE,FALSE,TRUE
"GENE0020","GENE0020_HUMAN","P00800","Protein GENE0020",0.0312,1,0.955918,0,0.0196,2,5,TRUE,FALSE,FALSE
"GENE0696","GENE0696_HUMAN","P25461","Protein GENE0696",0.4004,1,0.50654,0,0.2954,3,2,FALSE,FALSE,FALSE
"GENE0362","GENE0362_HUMAN","P31809","Protein GENE0362",-0.2173,1,0.561705,0,0.2505,4,2,FALSE,FALSE,FALSE
"GENE2356","GENE2356_HUMAN","P23093","Protein GENE2356",-0.1132,1,0.536709,0,0.2703,2,2,FALSE,FALSE,FALSE
"GENE0446","GENE0446_HUMAN","P82703","Protein GENE0446",-0.0804,0.298633,0.290086,0,0.5375,6,6,FALSE,FALSE,FALSE
"GENE2210","GENE2210_HUMAN","P52919","Protein GENE2210",-0.3318,1,0.548972,0,0.2604,6,4,FALSE,FALSE,FALSE
"GENE0027","GENE0027_HUMAN","P92544","Protein GENE0027",3.2094,0.001945,0.000647,3.0087,3.189,6,2,FALSE,FALSE,TRUE
"GENE0886","GENE0886_HUMAN","P93700","Protein GENE0886",1.0159,1,0.844091,0,0.0736,2,4,FALSE,FALSE,FALSE
"GENE2615","GENE2615_HUMAN","P04613","Protein GENE2615",-0.4404,1,0.290647,0,0.5366,3,3,FALSE,FALSE,FALSE
"GENE1073","GENE1073_HUMAN","P67758","Protein GENE1073",0.2803,1,0.591649,0.1724,0.2279,4,4,TRUE,FALSE,FALSE
"GENE1448","GENE1448_HUMAN","P27434","Protein GENE1448",0.2268,1,0.293431,0,0.5325,3,3,FALSE,TRUE,FALSE
"GENE0510","GENE0510_HUMAN","P84087","Protein GENE0510",0.4943,0.518387,0.224725,0.3437,0.6483,4,2,FALSE,FALSE,FALSE
"GENE0867","GENE0867_HUMAN","P14698","Protein GENE0867",0.6887,0.66858,0.156502,0.2157,0.8055,3,3,FALSE,FALSE,FALSE
"GENE2566","GENE2566_HUMAN","P19405","Protein GENE2566",0.8611,0.391817,0.080506,0.6853,1.0942,4,3,FALSE,TRUE,FALSE
"GENE1025","GENE1025_HUMAN","P67801","Protein GENE1025",0.4918,0.727452,0.197987,0.3079,0.7034,5,2,FALSE,FALSE,FALSE
"GENE0943","GENE0943_HUMAN","P44304","Protein GENE0943",-0.2815,1,0.883734,0,0.0537,4,5,FALSE,FALSE,FALSE
"GENE1677","GENE1677_HUMAN","P50669","Protein GENE1677",-0.0559,1,0.609414,0,0.2151,2,2,FALSE,FALSE,FALSE
"GENE0201","GENE0201_HUMAN","P72326","Protein GENE0201",0.6516,0.236749,0.149064,0.6235,0.8266,6,3,FALSE,FALSE,FALSE
"GENE0413","GENE0413_HUMAN","P79533","Protein GENE0413",0.3403,1,0.317125,0.2875,0.4988,3,6,FALSE,FALSE,FALSE
"GENE2465","GENE2465_HUMAN","P86138","Protein GENE2465",-0.3429,1,0.341511,2e-04,0.4666,3,2,FALSE,FALSE,FALSE
"GENE1443","GENE1443_HUMAN","P27259","Protein GENE1443",0.4593,1,0.385542,0.3107,0.4139,5,5,FALSE,FALSE,FALSE
"GENE1209","GENE1209_HUMAN","P26281","Protein GENE1209",-0.2918,1,0.85153,0,0.0698,4,6,FALSE,FALSE,FALSE
"GENE2376","GENE2376_HUMAN","P11848","Protein GENE2376",0.7593,1,0.82574,0,0.0832,6,6,FALSE,FALSE,FALSE
"GENE1906","GENE1906_HUMAN","P86905","Protein GENE1906",0.3266,1,0.659539,0,0.1808,3,5,FALSE,FALSE,FALSE
"GENE0118","GENE0118_HUMAN","P17145","Protein GENE0118",-0.0732,1,0.531254,0.125,0.2747,2,5,FALSE,FALSE,FALSE
"GENE1720","GENE1720_HUMAN","P48787","Protein GENE1720",-0.0143,1,0.831382,0,0.0802,4,2,FALSE,FALSE,FALSE
"GENE2738","GENE2738_HUMAN","P35484","Protein GENE2738",-0.5344,1,0.381446,0,0.4186,4,4,FALSE,FALSE,FALSE
"GENE1794","GENE1794_HUMAN","P47023","Protein GENE1794",0.8082,1,0.650814,0,0.1865,4,2,FALSE,FALSE,FALSE
"GENE2647","GENE2647_HUMAN","P64239","Protein GENE2647",-0.6808,1,0.754202,0,0.1225,5,3,FALSE,TRUE,FALSE
"GENE2617","GENE2617_HUMAN","P83729","Protein GENE2617",0.1449,0.774116,0.56841,0,0.2453,5,4,FALSE,FALSE,FALSE
"GENE0197","GENE0197_HUMAN","P13760","Protein GENE0197",3.8744,0.012535,0.005404,1.6428,2.2673,6,3,FALSE,FALSE,TRUE
"GENE1019","GENE1019_HUMAN","P27969","Protein GENE1019",0.2913,1,0.957569,0.0027,0.0188,5,6,TRUE,TRUE,FALSE
"GENE2236","GENE2236_HUMAN","P88348","Protein GENE2236",0.1683,0.491948,0.130324,0.3598,0.885,5,5,FALSE,FALSE,FALSE
"GENE1472","GENE1472_HUMAN","P35598","Protein GENE1472",0.3066,1,0.842851,0,0.0742,2,2,FALSE,FALSE,FALSE
"GENE1355","GENE1355_HUMAN","P63968","Protein GENE1355",-3.333,0.097538,0.019571,1.2913,1.7084,2,5,FALSE,FALSE,TRUE
"GENE0993","GENE0993_HUMAN","P58804","Protein GENE0993",0.3133,1,0.800593,0,0.0966,2,4,FALSE,FALSE,FALSE
"GENE2431","GENE2431_HUMAN","P22502","Protein GENE2431",0.3501,1,0.723248,0,0.1407,3,5,FALSE,FALSE,FALSE
"GENE1740","GENE1740_HUMAN","P88913","Protein GENE1740",0.6659,1,0.657633,0.0855,0.182,5,4,FALSE,FALSE,FALSE
"GENE2609","GENE2609_HUMAN","P72538","Protein GENE2609",-0.6515,0.115142,0.097134,0.3296,1.0126,3,6,FALSE,FALSE,FALSE
"GENE1964","GENE1964_HUMAN","P21250","Protein GENE1964",0.1216,1,0.960043,0,0.0177,4,3,FALSE,FALSE,FALSE
"GENE2697","GENE2697_HUMAN","P33179","Protein GENE2697",0.5476,0.593871,0.557544,0,0.2537,6,5,TRUE,FALSE,FALSE
"GENE1710","GENE1710_HUMAN","P39062","Protein GENE1710",0.6139,0.46309,0.270751,0.2224,0.5674,2,4,FALSE,FALSE,FALSE
"GENE0338","GENE0338_HUMAN","P26091","Protein GENE0338",-0.0376,1,0.258586,0.2065,0.5874,6,5,FALSE,FALSE,FALSE
"GENE0096","GENE0096_HUMAN","P59016","Protein GENE0096",0.5407,1,0.614096,0,0.2118,6,5,FALSE,FALSE,FALSE
"GENE2256","GENE2256_HUMAN","P94052","Protein GENE2256",-0.162,1,0.726452,0,0.1388,6,4,FALSE,FALSE,FALSE
"GENE2322","GENE2322_HUMAN","P99462","Protein GENE2322",0.5904,1,0.873802,0,0.0586,3,3,TRUE,FALSE,FALSE
"GENE0247","GENE0247_HUMAN","P50594","Protein GENE0247",0.1216,0.336127,0.126901,0.7832,0.8965,2,5,FALSE,FALSE,FALSE
"GENE0891","GENE0891_HUMAN","P17401","Protein GENE0891",-0.3244,0.961827,0.346924,0,0.4598,6,5,FALSE,FALSE,FALSE
"GENE0711","GENE0711_HUMAN","P33662","Protein GENE0711",-0.4706,1,0.718652,0,0.1435,3,5,FALSE,FALSE,FALSE
"GENE0505","GENE0505_HUMAN","P92793","Protein GENE0505",0.0171,1,0.373397,0,0.4278,3,6,FALSE,FALSE,FALSE
"GENE0316","GENE0316_HUMAN","P99249","Protein GENE0316",0.2033,0.189712,0.143311,0.251,0.8437,5,3,FALSE,FALSE,FALSE
"GENE2082","GENE2082_HUMAN","P53299","Protein GENE2082",-0.0579,1,0.798431,0,0.0978,2,6,FALSE,FALSE,FALSE
"GENE0439","GENE0439_HUMAN","P49538","Protein GENE0439",-0.0707,0.497881,0.282158,0,0.5495,2,5,FALSE,FALSE,FALSE
"GENE0178","GENE0178_HUMAN","P76625","Protein GENE0178",0.1626,0.504162,0.179875,0.4015,0.745,4,5,FALSE,FALSE,FALSE
"GENE2526","GENE2526_HUMAN","P02915","Protein GENE2526",-0.2215,0.770319,0.511527,0,0.2911,5,4,FALSE,FALSE,FALSE
"GENE0766","GENE0766_HUMAN","P04127","Protein GENE0766",-0.2513,0.458436,0.099502,0.7339,1.0022,6,3,FALSE,FALSE,FALSE
"GENE1779","GENE1779_HUMAN","P89915","Protein GENE1779",0.071,1,0.9998,0,1e-04,5,2,FALSE,FALSE,FALSE
"GENE2235","GENE2235_HUMAN","P16974","Protein GENE2235",-0.3381,0.370392,0.191801,0.0803,0.7171,5,5,FALSE,TRUE,FALSE
"GENE2444","GENE2444_HUMAN","P98170","Protein GENE2444",0.5868,1,0.991158,0,0.0039,4,4,FALSE,FALSE,FALSE
"GENE0025","GENE0025_HUMAN","P82133","Protein GENE0025",-0.587,0.7692,0.166732,0.0979,0.778,4,2,FALSE,FALSE,FALSE
"GENE0922","GENE0922_HUMAN","P37327","Protein GENE0922",0.0094,1,0.696304,0,0.1572,3,4,FALSE,FALSE,FALSE
"GENE2590","GENE2590_HUMAN","P19535","Protein GENE2590",0.3163,1,0.408935,0.2244,0.3883,3,2,FALSE,FALSE,FALSE
"GENE0211","GENE0211_HUMAN","P50675","Protein GENE0211",-0.3946,1,0.497975,0.1187,0.3028,2,5,TRUE,FALSE,FALSE
"GENE1178","GENE1178_HUMAN","P34020","Protein GENE1178",0.4661,1,0.40361,0.0271,0.394,3,5,FALSE,FALSE,FALSE
"GENE0143","GENE0143_HUMAN","P09128","Protein GENE0143",-0.2869,1,0.895187,0,0.0481,3,6,FALSE,FALSE,FALSE
"GENE2318","GENE2318_HUMAN","P99253","Protein GENE2318",-0.2222,0.274764,0.172824,0.1085,0.7624,5,5,FALSE,FALSE,FALSE
"GENE1272","GENE1272_HUMAN","P65138","Protein GENE1272",0.6525,1,0.779598,0,0.1081,3,2,FALSE,FALSE,FALSE
"GENE2203","GENE2203_HUMAN","P02616","Protein GENE2203",0.0919,1,0.968262,0,0.014,4,2,FALSE,FALSE,FALSE
"GENE2760","GENE2760_HUMAN","P51801","Protein GENE2760",-0.4383,1,0.578296,7e-04,0.2379,6,3,FALSE,TRUE,FALSE
"GENE1589","GENE1589_HUMAN","P88253","Protein GENE1589",0.1057,0.943006,0.293994,0,0.5317,4,3,FALSE,FALSE,FALSE
"GENE0038","GENE0038_HUMAN","P42886","Protein GENE0038",-0.3059,1,0.727549,0,0.1381,6,6,FALSE,FALSE,FALSE
"GENE1343","GENE1343_HUMAN","P44042","Protein GENE1343",-0.2393,0.414653,0.292905,0,0.5333,2,2,FALSE,FALSE,FALSE
"GENE2832","GENE2832_HUMAN","P85934","Protein GENE2832",0.6132,1,0.738269,0,0.1318,5,6,FALSE,FALSE,FALSE
"GENE1540","GENE1540_HUMAN","P85414","Protein GENE1540",2.8309,0.048304,0.016656,1.3691,1.7784,2,3,FALSE,FALSE,TRUE
"GENE1098","GENE1098_HUMAN","P11984","Protein GENE1098",-0.4663,1,0.876301,0,0.0573,5,2,FALSE,FALSE,FALSE
"GENE0811","GENE0811_HUMAN","P71161","Protein GENE0811",-0.5393,0.761201,0.302583,0.3665,0.5192,6,6,TRUE,FALSE,FALSE
"GENE0382","GENE0382_HUMAN","P36099","Protein GENE0382",0.1814,1,0.951345,0,0.0217,2,5,FALSE,TRUE,FALSE
"GENE2712","GENE2712_HUMAN","P81942","Protein GENE2712",-0.053,0.343948,0.167035,0.2913,0.7772,3,5,FALSE,FALSE,FALSE
"GENE2336","GENE2336_HUMAN","P91141","Protein GENE2336",-1.8351,0.000204,0.000119,3.4577,3.9229,2,4,FALSE,FALSE,TRUE
"GENE1531","GENE1531_HUMAN","P65183","Protein GENE1531",-3.5761,0.139362,0.029047,1.066,1.5369,5,3,FALSE,FALSE,TRUE
"GENE2546","GENE2546_HUMAN","P26375","Protein GENE2546",-0.1825,1,0.966054,0,0.015,6,3,FALSE,FALSE,FALSE
"GENE1953","GENE1953_HUMAN","P86441","Protein GENE1953",-0.6598,0.006483,0.00179,2.1239,2.7471,3,3,FALSE,FALSE,TRUE
"GENE1971","GENE1971_HUMAN","P53579","Protein GENE1971",-0.1806,0.397996,0.25622,0.0615,0.5914,6,4,FALSE,FALSE,FALSE
"GENE0720","GENE0720_HUMAN","P24977","Protein GENE0720",-0.0702,0.59649,0.453203,0.3117,0.3437,3,6,FALSE,FALSE,FALSE
"GENE0460","GENE0460_HUMAN","P64234","Protein GENE0460",0.5382,1,0.877972,0,0.0565,4,4,FALSE,FALSE,FALSE
"GENE0303","GENE0303_HUMAN","P52885","Protein GENE0303",-0.2239,0.349086,0.124422,0.2103,0.9051,4,2,FALSE,FALSE,FALSE
"GENE1952","GENE1952_HUMAN","P12335","Protein GENE1952",0.1344,0.552422,0.211168,0.3072,0.6754,4,6,FALSE,FALSE,FALSE
"GENE1264","GENE1264_HUMAN","P33074","Protein GENE1264",0.4696,1,0.571342,0,0.2431,3,6,FALSE,FALSE,FALSE
"GENE2805","GENE2805_HUMAN","P91456","Protein GENE2805",2e-04,1,0.537845,0,0.2693,4,2,FALSE,FALSE,FALSE
"GENE0567","GENE0567_HUMAN","P55690","Protein GENE0567",0.8935,1,0.790948,0,0.1019,4,5,FALSE,TRUE,FALSE
"GENE0502","GENE0502_HUMAN","P86956","Protein GENE0502",0.0372,0.278515,0.088246,0.3803,1.0543,6,4,FALSE,FALSE,FALSE
"GENE1570","GENE1570_HUMAN","P37596","Protein GENE1570",0.3299,1,0.591441,0,0.2281,4,3,TRUE,FALSE,FALSE
"GENE2761","GENE2761_HUMAN","P92264","Protein GENE2761",0.3982,1,0.930722,0,0.0312,6,3,TRUE,FALSE,FALSE
"GENE2580","GENE2580_HUMAN","P61342","Protein GENE2580",0.7832,1,0.802806,0,0.0954,6,2,FALSE,FALSE,FALSE
"DDX50","DDX50_HUMAN","P23256","Protein DDX50",0.1773,1,0.454079,0,0.3429,4,4,FALSE,FALSE,FALSE
"GENE1995","GENE1995_HUMAN","P39928","Protein GENE1995",0.3314,0.71654,0.588189,0,0.2305,3,5,FALSE,FALSE,FALSE
"GENE0585","GENE0585_HUMAN","P77440","Protein GENE0585",0.9007,0.118358,0.039978,1.2962,1.3982,2,3,FALSE,FALSE,TRUE
"GENE2661","GENE2661_HUMAN","P98149","Protein GENE2661",0.0877,1,0.951027,0,0.0218,3,2,FALSE,FALSE,FALSE
"GENE2011","GENE2011_HUMAN","P82857","Protein GENE2011",-0.2955,1,0.315145,0.3201,0.5015,5,5,FALSE,FALSE,FALSE
"GENE2172","GENE2172_HUMAN","P08577","Protein GENE2172",0.3765,1,0.461093,0.1519,0.3362,6,3,FALSE,FALSE,FALSE
"GENE2873","GENE2873_HUMAN","P59892","Protein GENE2873",0.5023,0.313045,0.216055,0.3175,0.6654,6,2,FALSE,FALSE,FALSE
"GENE1463","GENE1463_HUMAN","P24693","Protein GENE1463",0.1431,0.190321,0.105139,0.3616,0.9782,2,3,TRUE,FALSE,FALSE
"GENE1077","GENE1077_HUMAN","P74124","Protein GENE1077",-0.2899,0.689646,0.525672,0.1674,0.2793,3,3,FALSE,FALSE,FALSE
"GENE0202","GENE0202_HUMAN","P31605","Protein GENE0202",-0.1151,0.835303,0.73706,0,0.1325,3,2,TRUE,FALSE,FALSE
"GENE1038","GENE1038_HUMAN","P99237","Protein GENE1038",0.7828,1,0.6795,0,0.1678,4,6,TRUE,FALSE,FALSE
"GENE0332","GENE0332_HUMAN","P53681","Protein GENE0332",-0.8261,1,0.833532,0,0.0791,2,3,FALSE,FALSE,FALSE
"GENE1421","GENE1421_HUMAN","P54198","Protein GENE1421",-0.6348,1,0.377905,0,0.4226,3,6,FALSE,FALSE,FALSE
"GENE0753","GENE0753_HUMAN","P36684","Protein GENE0753",0.8825,1,0.744898,0,0.1279,4,2,FALSE,FALSE,FALSE
"GENE1426","GENE1426_HUMAN","P73488","Protein GENE1426",0.0241,1,0.912645,0,0.0397,3,5,FALSE,FALSE,FALSE
"GENE2375","GENE2375_HUMAN","P40834","Protein GENE2375",-1.0757,0.829895,0.726132,0,0.139,2,5,FALSE,FALSE,FALSE
"GENE0095","GENE0095_HUMAN","P72674","Protein GENE0095",0.3451,0.318342,0.310957,0,0.5073,6,2,FALSE,FALSE,FALSE
"GENE0375","GENE0375_HUMAN","P60907","Protein GENE0375",0.7733,1,0.510889,0,0.2917,4,4,FALSE,FALSE,FALSE
"GENE1664","GENE1664_HUMAN","P85626","Protein GENE1664",0.1266,0.675919,0.393729,0,0.4048,4,6,FALSE,TRUE,FALSE
"GENE2120","GENE2120_HUMAN","P81462","Protein GENE2120",0.6813,0.529294,0.163124,0.5849,0.7875,5,5,FALSE,FALSE,FALSE
"GENE2032","GENE2032_HUMAN","P46374","Protein GENE2032",0.1754,0.824677,0.17793,0.1588,0.7498,4,6,FALSE,TRUE,FALSE
"GENE0813","GENE0813_HUMAN","P24291","Protein GENE0813",-0.0114,1,0.285308,0.0791,0.5447,2,5,FALSE,FALSE,FALSE
"GENE1456","GENE1456_HUMAN","P91510","Protein GENE1456",0.0294,1,0.359553,0.2365,0.4442,2,6,FALSE,FALSE,FALSE
"GENE1621","GENE1621_HUMAN","P81126","Protein GENE1621",0.0713,1,0.855608,0,0.0677,6,5,FALSE,FALSE,FALSE
"GENE1185","GENE1185_HUMAN","P87920","Protein GENE1185",-0.1299,0.956437,0.203556,0.6039,0.6913,5,6,FALSE,FALSE,FALSE
"DHX30","DHX30_HUMAN","P49830","Protein DHX30",0.3213,0.355376,0.118159,0.606,0.9275,4,2,FALSE,FALSE,FALSE
"GENE1229","GENE1229_HUMAN","P38364","Protein GENE1229",-0.1578,1,0.478957,0,0.3197,2,6,FALSE,FALSE,FALSE
"GENE0024","GENE0024_HUMAN","P26710","Protein GENE0024",0.9531,1,0.870991,0,0.06,4,3,FALSE,FALSE,FALSE
"GENE0887","GENE0887_HUMAN","P70633","Protein GENE0887",-0.303,0.538186,0.346105,0,0.4608,4,2,FALSE,FALSE,FALSE
"GENE0183","GENE0183_HUMAN","P64562","Protein GENE0183",-0.1487,1,0.419507,0,0.3773,5,3,FALSE,FALSE,FALSE
"GENE0262","GENE0262_HUMAN","P65132","Protein GENE0262",-0.6142,1,0.428662,0.3157,0.3679,3,4,FALSE,FALSE,FALSE
"GENE2581","GENE2581_HUMAN","P44516","Protein GENE2581",0.4941,0.979541,0.36883,0.2466,0.4332,2,6,FALSE,FALSE,FALSE
"GENE0486","GENE0486_HUMAN","P45864","Protein GENE0486",-0.3506,1,0.23202,0,0.6345,4,6,FALSE,FALSE,FALSE
"GENE1892","GENE1892_HUMAN","P19029","Protein GENE1892",0.1951,1,0.750643,0,0.1246,5,5,FALSE,FALSE,FALSE
"GENE2748","GENE2748_HUMAN","P35595","Protein GENE2748",0.016,0.503795,0.128664,0.8624,0.8905,6,2,FALSE,FALSE,FALSE
"GENE2659","GENE2659_HUMAN","P19858","Protein GENE2659",0.7123,1,0.498633,0.3014,0.3022,5,2,FALSE,FALSE,FALSE
"GENE1287","GENE1287_HUMAN","P48522","Protein GENE1287",-0.1408,1,0.828435,0,0.0817,6,2,FALSE,TRUE,FALSE
"GENE2289","GENE2289_HUMAN","P42394","Protein GENE2289",0.5357,1,0.371579,0,0.4299,6,3,FALSE,FALSE,FALSE
"GENE2586","GENE2586_HUMAN","P43733","Protein GENE2586",-0.2203,0.565412,0.230808,0.1291,0.6367,2,4,FALSE,FALSE,FALSE
"GENE2867","GENE2867_HUMAN","P73842","Protein GENE2867",-0.2744,0.192236,0.122745,0.4354,0.911,5,2,FALSE,FALSE,FALSE
"GENE1691","GENE1691_HUMAN","P15040","Protein GENE1691",0.3004,1,0.565176,0,0.2478,6,2,FALSE,FALSE,FALSE
"GENE0237","GENE0237_HUMAN","P60714","Protein GENE0237",0.1621,0.631296,0.244547,0.0505,0.6116,4,4,FALSE,FALSE,FALSE
"GENE0924","GENE0924_HUMAN","P26166","Protein GENE0924",0.3277,0.249688,0.113578,0.6848,0.9447,6,5,FALSE,FALSE,FALSE
"GENE1985","GENE1985_HUMAN","P26396","Protein GENE1985",0.0704,1,0.401746,0,0.396,4,5,FALSE,FALSE,FALSE
"GENE2540","GENE2540_HUMAN","P25316","Protein GENE2540",-0.0276,1,0.702972,0,0.1531,4,3,FALSE,FALSE,FALSE
"GENE1789","GENE1789_HUMAN","P50481","Protein GENE1789",0.0884,1,0.948997,0,0.0227,5,4,FALSE,FALSE,FALSE
"GENE1446","GENE1446_HUMAN","P68870","Protein GENE1446",2.5845,0.163665,0.046766,1.2206,1.3301,6,2,FALSE,FALSE,TRUE
"GENE1843","GENE1843_HUMAN","P94533","Protein GENE1843",-0.3118,1,0.527061,0,0.2781,4,3,FALSE,FALSE,FALSE
"GENE1840","GENE1840_HUMAN","P98259","Protein GENE1840",-0.0202,0.247391,0.177505,0.187,0.7508,6,6,FALSE,FALSE,FALSE
"GENE0517","GENE0517_HUMAN","P59993","Protein GENE0517",0.1022,1,0.895394,0,0.048,3,3,FALSE,TRUE,FALSE
"GENE1700","GENE1700_HUMAN","P37712","Protein GENE1700",0.0674,1,0.667107,0,0.1758,5,5,FALSE,FALSE,FALSE
"GENE0269","GENE0269_HUMAN","P67370","Protein GENE0269",0.9571,1,0.298666,0.2101,0.5248,2,2,FALSE,TRUE,FALSE
"GENE1865","GENE1865_HUMAN","P80698","Protein GENE1865",-0.0844,0.483566,0.155669,0.6471,0.8078,5,4,FALSE,FALSE,FALSE
"GENE1768","GENE1768_HUMAN","P87104","Protein GENE1768",-0.4331,1,0.993791,0,0.0027,5,5,FALSE,FALSE,FALSE
"GENE2513","GENE2513_HUMAN","P51785","Protein GENE2513",0.4997,1,0.67014,0,0.1738,6,6,FALSE,FALSE,FALSE
"GENE2625","GENE2625_HUMAN","P93177","Protein GENE2625",0.1002,0.783501,0.315121,0.4897,0.5015,6,4,FALSE,TRUE,FALSE
"GENE0684","GENE0684_HUMAN","P27030","Protein GENE0684",-0.1654,1,0.43669,0,0.3598,2,6,FALSE,FALSE,FALSE
"GENE2302","GENE2302_HUMAN","P62135","Protein GENE2302",-0.2349,1,0.58661,0,0.2317,2,2,FALSE,FALSE,FALSE
"GENE0662","GENE0662_HUMAN","P60518","Protein GENE0662",0.1191,0.814793,0.21139,0.3302,0.6749,5,3,FALSE,FALSE,FALSE
"GENE0607","GENE0607_HUMAN","P95784","Protein GENE0607",-0.8829,1,0.731603,0,0.1357,4,2,FALSE,FALSE,FALSE
"GENE1233","GENE1233_HUMAN","P82732","Protein GENE1233",0.2396,1,0.74054,0,0.1305,5,3,FALSE,FALSE,FALSE
"GENE2642","GENE2642_HUMAN","P66881","Protein GENE2642",-0.3574,1,0.465361,0,0.3322,3,2,FALSE,TRUE,FALSE
"GENE0729","GENE0729_HUMAN","P47939","Protein GENE0729",0.7123,1,0.319954,0.4303,0.4949,2,6,FALSE,FALSE,FALSE
"GENE0286","GENE0286_HUMAN","P21616","Protein GENE0286",3.3763,0.011177,0.011103,1.7571,1.9546,4,5,FALSE,FALSE,TRUE
"GENE0335","GENE0335_HUMAN","P15019","Protein GENE0335",-0.5128,1,0.883716,0,0.0537,4,2,FALSE,FALSE,FALSE
"GENE0254","GENE0254_HUMAN","P16837","Protein GENE0254",-0.2096,0.467542,0.114978,0.546,0.9394,3,6,FALSE,FALSE,FALSE
"GENE2109","GENE2109_HUMAN","P43661","Protein GENE2109",-0.5331,0.252049,0.125521,0.3351,0.9013,4,5,FALSE,FALSE,FALSE
"GENE0425","GENE0425_HUMAN","P80124","Protein GENE0425",0.373,1,0.59784,0,0.2234,5,2,FALSE,FALSE,FALSE
"GENE2014","GENE2014_HUMAN","P37582","Protein GENE2014",0.5299,1,0.879323,0,0.0559,3,3,FALSE,FALSE,FALSE
"GENE2135","GENE2135_HUMAN","P09917","Protein GENE2135",4.1565,0.014937,0.011094,1.3659,1.9549,6,4,FALSE,FALSE,TRUE
"GENE2219","GENE2219_HUMAN","P33621","Protein GENE2219",-0.1101,1,0.853433,0,0.0688,5,4,FALSE,FALSE,FALSE
"GENE2251","GENE2251_HUMAN","P13092","Protein GENE2251",-0.3825,1,0.376781,0,0.4239,3,4,FALSE,FALSE,FALSE
"GENE0431","GENE0431_HUMAN","P55274","Protein GENE0431",0.1383,0.323686,0.088228,0.4023,1.0544,3,6,FALSE,FALSE,FALSE
"GENE0123","GENE0123_HUMAN","P72512","Protein GENE0123",0.5312,1,0.669335,0,0.1744,5,5,FALSE,FALSE,FALSE
"GENE1220","GENE1220_HUMAN","P45577","Protein GENE1220",3.3843,0.144654,0.034574,0.8445,1.4613,4,2,FALSE,FALSE,TRUE
"GENE0329","GENE0329_HUMAN","P43753","Protein GENE0329",-0.244,0.109413,0.061553,1.069,1.2108,4,5,FALSE,FALSE,FALSE
"GENE0718","GENE0718_HUMAN","P57759","Protein GENE0718",0.4388,1,0.759628,0,0.1194,5,5,FALSE,FALSE,FALSE
"GENE2785","GENE2785_HUMAN","P69496","Protein GENE2785",-0.5126,0.042853,0.039353,0.7198,1.405,6,3,FALSE,FALSE,TRUE
"GENE1721","GENE1721_HUMAN","P18153","Protein GENE1721",0.4355,1,0.79333,0,0.1005,6,5,FALSE,FALSE,FALSE
"GENE2292","GENE2292_HUMAN","P97877","Protein GENE2292",1.1461,0.097022,0.026483,1.3167,1.577,3,3,FALSE,FALSE,TRUE
"GENE1560","GENE1560_HUMAN","P04526","Protein GENE1560",-0.1508,1,0.641411,0,0.1929,2,4,FALSE,FALSE,FALSE
"GENE2015","GENE2015_HUMAN","P23428","Protein GENE2015",0.4793,1,0.852806,0,0.0691,6,5,FALSE,FALSE,FALSE
"GENE1051","GENE1051_HUMAN","P20506","Protein GENE1051",0.282,1,0.827406,0,0.0823,5,4,FALSE,FALSE,FALSE
"GENE2050","GENE2050_HUMAN","P74324","Protein GENE2050",0.3281,1,0.979972,0,0.0088,2,6,FALSE,FALSE,FALSE
"GENE1423","GENE1423_HUMAN","P30352","Protein GENE1423",-0.4225,0.247143,0.1149,0.6045,0.9397,2,6,FALSE,FALSE,FALSE
"GENE2814","GENE2814_HUMAN","P96255","Protein GENE2814",0.1415,1,0.884962,0,0.0531,3,6,FALSE,FALSE,FALSE
"GENE0294","GENE0294_HUMAN","P97427","Protein GENE0294",1.1426,0.055468,0.029053,1.1829,1.5368,2,4,TRUE,FALSE,TRUE
"GENE1024","GENE1024_HUMAN","P05175","Protein GENE1024",-0.1954,1,0.747382,0,0.1265,5,2,FALSE,TRUE,FALSE
"GENE0767","GENE0767_HUMAN","P24703","Protein GENE0767",-0.2481,0.937864,0.350834,0,0.4549,5,3,FALSE,FALSE,FALSE
"GENE0158","GENE0158_HUMAN","P60737","Protein GENE0158",0.0892,1,0.308708,6e-04,0.5105,3,5,FALSE,FALSE,FALSE
"GENE1518","GENE1518_HUMAN","P34129","Protein GENE1518",-0.2807,0.22726,0.068692,1.108,1.1631,6,5,FALSE,TRUE,FALSE
"GENE1908","GENE1908_HUMAN","P75280","Protein GENE1908",0.3019,0.702807,0.143224,0.5387,0.844,3,5,FALSE,FALSE,FALSE
"GENE2160","GENE2160_HUMAN","P71174","Protein GENE2160",-0.0575,1,0.797406,0,0.0983,4,2,FALSE,FALSE,FALSE
"GENE2631","GENE2631_HUMAN","P94169","Protein GENE2631",0.0217,0.445219,0.133271,0.5435,0.8753,2,3,FALSE,FALSE,FALSE
"GENE0693","GENE0693_HUMAN","P57475","Protein GENE0693",0.6533,0.923238,0.717971,0,0.1439,3,6,FALSE,FALSE,FALSE
"GENE0714","GENE0714_HUMAN","P19211","Protein GENE0714",-0.7578,1,0.492171,0.0826,0.3079,6,6,FALSE,FALSE,FALSE
"GENE0918","GENE0918_HUMAN","P26615","Protein GENE0918",-0.1486,1,0.96251,0,0.0166,3,5,FALSE,FALSE,FALSE
"GENE0583","GENE0583_HUMAN","P33846","Protein GENE0583",0.1719,0.982258,0.24583,0.3201,0.6094,3,2,FALSE,FALSE,FALSE
"GENE1310","GENE1310_HUMAN","P34821","Protein GENE1310",-1.088,1,0.94578,0,0.0242,5,4,FALSE,FALSE,FALSE
"GENE1106","GENE1106_HUMAN","P45323","Protein GENE1106",-0.1027,1,0.915344,0,0.0384,6,3,FALSE,FALSE,FALSE
"GENE0561","GENE0561_HUMAN","P70196","Protein GENE0561",-0.7527,1,0.334863,0.4523,0.4751,3,5,FALSE,TRUE,FALSE
"GENE2124","GENE2124_HUMAN","P72751","Protein GENE2124",0.3053,0.266156,0.063734,0.6594,1.1956,5,4,FALSE,TRUE,FALSE
"GENE1711","GENE1711_HUMAN","P96307","Protein GENE1711",0.1629,1,0.951939,0,0.0214,5,6,FALSE,FALSE,FALSE
"GENE0368","GENE0368_HUMAN","P83259","Protein GENE0368",0.2156,1,0.894601,0,0.0484,3,6,FALSE,FALSE,FALSE
"GENE2681","GENE2681_HUMAN","P42789","Protein GENE2681",0.1083,1,0.367756,0,0.4344,6,2,FALSE,FALSE,FALSE
"GENE0865","GENE0865_HUMAN","P66271","Protein GENE0865",-0.0178,1,0.993471,0,0.0028,3,3,FALSE,FALSE,FALSE
"GENE1202","GENE1202_HUMAN","P81534","Protein GENE1202",-0.8595,1,0.97148,0,0.0126,4,2,FALSE,FALSE,FALSE
"GENE2227","GENE2227_HUMAN","P98688","Protein GENE2227",0.0197,0.808547,0.440504,0,0.356,3,3,FALSE,FALSE,FALSE
"GENE2456","GENE2456_HUMAN","P27005","Protein GENE2456",0.2917,1,0.663495,0,0.1782,4,5,FALSE,FALSE,FALSE
"GENE2063","GENE2063_HUMAN","P39538","Protein GENE2063",0.0106,1,0.326628,0,0.4859,6,5,FALSE,TRUE,FALSE
"GENE0480","GENE0480_HUMAN","P71270","Protein GENE0480",-0.4984,0.227574,0.099327,0.4429,1.0029,4,5,FALSE,FALSE,FALSE
"GENE0681","GENE0681_HUMAN","P89090","Protein GENE0681",0.2234,1,0.950176,0,0.0222,2,2,FALSE,FALSE,FALSE
"GENE1728","GENE1728_HUMAN","P42393","Protein GENE1728",-0.7299,1,0.914387,0,0.0389,6,5,FALSE,FALSE,FALSE
"GENE0576","GENE0576_HUMAN","P54660","Protein GENE0576",-0.4535,1,0.689966,0,0.1612,6,5,FALSE,FALSE,FALSE
"GENE1114","GENE1114_HUMAN","P82513","Protein GENE1114",0.1261,0.12643,0.06107,0.6911,1.2142,5,5,FALSE,FALSE,FALSE
"GENE0049","GENE0049_HUMAN","P39553","Protein GENE0049",-0.3989,0.919842,0.418973,0,0.3778,3,5,FALSE,FALSE,FALSE
"GENE2166","GENE2166_HUMAN","P74781","Protein GENE2166",0.4436,1,0.560473,0,0.2514,3,3,FALSE,FALSE,FALSE
"GENE0451","GENE0451_HUMAN","P44526","Protein GENE0451",-0.1206,1,0.903118,0,0.0443,4,4,FALSE,FALSE,FALSE
"GENE1331","GENE1331_HUMAN","P72004","Protein GENE1331",-0.3759,0.730141,0.253514,0.0548,0.596,5,6,FALSE,FALSE,FALSE
"GENE1289","GENE1289_HUMAN","P83693","Protein GENE1289",-0.0693,1,0.543705,0.2259,0.2646,6,6,FALSE,FALSE,FALSE
"GENE0657","GENE0657_HUMAN","P13203","Protein GENE0657",-0.0765,1,0.894447,0,0.0484,3,3,FALSE,TRUE,FALSE
"GENE2892","GENE2892_HUMAN","P58413","Protein GENE2892",0.1973,1,0.725604,0,0.1393,3,3,FALSE,FALSE,FALSE
"GENE0260","GENE0260_HUMAN","P62780","Protein GENE0260",0.5125,0.643639,0.134276,0.4126,0.872,2,5,FALSE,FALSE,FALSE
"GENE0062","GENE0062_HUMAN","P86908","Protein GENE0062",-0.1095,1,0.572492,0,0.2422,4,4,FALSE,FALSE,FALSE
"GENE1318","GENE1318_HUMAN","P53586","Protein GENE1318",-0.9329,1,0.413115,0.0819,0.3839,3,6,TRUE,TRUE,FALSE
"GENE2515","GENE2515_HUMAN","P09784","Protein GENE2515",0.082,0.780144,0.224636,0.1329,0.6485,3,4,FALSE,FALSE,FALSE
"GENE1475","GENE1475_HUMAN","P83944","Protein GENE1475",-0.1707,1,0.836746,0,0.0774,6,5,TRUE,FALSE,FALSE
"GENE0578","GENE0578_HUMAN","P39163","Protein GENE0578",0.2601,1,0.906544,0,0.0426,3,6,FALSE,FALSE,FALSE
"GENE1877","GENE1877_HUMAN","P20260","Protein GENE1877",-0.1259,1,0.889352,0,0.0509,4,6,FALSE,FALSE,FALSE
"GENE1029","GENE1029_HUMAN","P03136","Protein GENE1029",0.6471,1,0.775716,0.1094,0.1103,3,2,FALSE,FALSE,FALSE
"GENE0770","GENE0770_HUMAN","P90073","Protein GENE0770",-0.5515,0.339035,0.247946,0.1314,0.6056,3,5,FALSE,FALSE,FALSE
"GENE1541","GENE1541_HUMAN","P07306","Protein GENE1541",0.3402,1,0.531449,0,0.2745,4,3,FALSE,FALSE,FALSE
"GENE0150","GENE0150_HUMAN","P56397","Protein GENE0150",-0.203,0.320543,0.089577,0.3521,1.0478,3,3,TRUE,FALSE,FALSE
"GENE0713","GENE0713_HUMAN","P51598","Protein GENE0713",-3.6108,0.008736,0.005118,2.122,2.2909,5,6,FALSE,FALSE,TRUE
"GENE1369","GENE1369_HUMAN","P93764","Protein GENE1369",0.1824,1,0.567656,0,0.2459,6,4,FALSE,FALSE,FALSE
"GENE2820","GENE2820_HUMAN","P24866","Protein GENE2820",1.747,0.003714,0.000986,2.7148,3.0059,4,4,FALSE,FALSE,TRUE
"GENE0359","GENE0359_HUMAN","P01332","Protein GENE0359",-0.3934,1,0.656442,0,0.1828,5,2,FALSE,FALSE,FALSE
"GENE1432","GENE1432_HUMAN","P99463","Protein GENE1432",0.0901,0.204546,0.132951,0.4605,0.8763,3,2,FALSE,FALSE,FALSE
"GENE2854","GENE2854_HUMAN","P43899","Protein GENE2854",0.3266,1,0.309766,0.2178,0.509,2,5,FALSE,FALSE,FALSE
"GENE1389","GENE1389_HUMAN","P26147","Protein GENE1389",0.1493,0.313742,0.233889,0,0.631,2,5,FALSE,FALSE,FALSE
"GENE0637","GENE0637_HUMAN","P59904","Protein GENE0637",0.3823,1,0.774039,0,0.1112,3,2,FALSE,FALSE,FALSE
"GENE0586","GENE0586_HUMAN","P37591","Protein GENE0586",-0.0714,1,0.389799,0,0.4092,5,3,FALSE,FALSE,FALSE
"GENE1439","GENE1439_HUMAN","P62897","Protein GENE1439",0.6821,1,0.487708,0.1474,0.3118,6,4,FALSE,FALSE,FALSE
"GENE1969","GENE1969_HUMAN","P09709","Protein GENE1969",0.3514,1,0.82374,0.0318,0.0842,5,4,FALSE,TRUE,FALSE
"GENE0477","GENE0477_HUMAN","P03945","Protein GENE0477",-0.6633,1,0.658857,0,0.1812,4,4,FALSE,FALSE,FALSE
"GENE1517","GENE1517_HUMAN","P82311","Protein GENE1517",0.3156,1,0.911323,0,0.0403,3,6,FALSE,FALSE,FALSE
"GENE0050","GENE0050_HUMAN","P50118","Protein GENE0050",1.1684,1,0.461786,0,0.3356,5,6,FALSE,FALSE,FALSE
"GENE1839","GENE1839_HUMAN","P40295","Protein GENE1839",0.2183,1,0.216077,0.1262,0.6654,5,2,FALSE,FALSE,FALSE
"GENE0721","GENE0721_HUMAN","P58130","Protein GENE0721",-0.167,1,0.920578,0,0.0359,2,2,FALSE,TRUE,FALSE
"GENE1596","GENE1596_HUMAN","P48148","Protein GENE1596",-0.6,0.726604,0.297842,0,0.526,5,6,FALSE,TRUE,FALSE
"GENE0988","GENE0988_HUMAN","P80023","Protein GENE0988",0.3399,1,0.573181,0,0.2417,5,5,FALSE,FALSE,FALSE
"GENE2528","GENE2528_HUMAN","P31779","Protein GENE2528",0.4023,1,0.608449,0.1542,0.2158,3,2,FALSE,TRUE,FALSE
"GENE0319","GENE0319_HUMAN","P02400","Protein GENE0319",-0.2551,0.589578,0.409017,0.0823,0.3883,6,2,FALSE,FALSE,FALSE
"GENE2242","GENE2242_HUMAN","P63971","Protein GENE2242",0.0198,1,0.681184,0,0.1667,6,3,FALSE,TRUE,FALSE
"GENE0563","GENE0563_HUMAN","P69617","Protein GENE0563",-0.2099,1,0.840323,0,0.0756,2,5,FALSE,FALSE,FALSE
"GENE0385","GENE0385_HUMAN","P74948","Protein GENE0385",0.1641,1,0.677969,0,0.1688,5,5,FALSE,FALSE,FALSE
"GENE0831","GENE0831_HUMAN","P88250","Protein GENE0831",0.4671,1,0.441212,0,0.3554,3,6,FALSE,FALSE,FALSE
"GENE2708","GENE2708_HUMAN","P48684","Protein GENE2708",0.1786,0.42868,0.229752,0.0339,0.6387,5,3,FALSE,FALSE,FALSE
"GENE1549","GENE1549_HUMAN","P88495","Protein GENE1549",-2.6773,0.046217,0.034412,0.9276,1.4633,3,2,FALSE,FALSE,TRUE
"GENE1959","GENE1959_HUMAN","P36859","Protein GENE1959",0.0097,0.324703,0.175548,0.1179,0.7556,6,6,FALSE,TRUE,FALSE
"GENE1151","GENE1151_HUMAN","P28689","Protein GENE1151",-0.0798,1,0.260605,0,0.584,4,5,FALSE,FALSE,FALSE
"GENE0972","GENE0972_HUMAN","P95953","Protein GENE0972",3.4561,0.051302,0.010639,1.911,1.9731,3,6,FALSE,FALSE,TRUE
"GENE1817","GENE1817_HUMAN","P09216","Protein GENE1817",0.4924,1,0.476205,0.0734,0.3222,5,5,FALSE,FALSE,FALSE
"GENE1694","GENE1694_HUMAN","P54593","Protein GENE1694",-0.2612,1,0.958193,0,0.0185,3,6,TRUE,FALSE,FALSE
"GENE0194","GENE0194_HUMAN","P14968","Protein GENE0194",-0.437,0.601695,0.46718,0,0.3305,5,2,FALSE,FALSE,FALSE
"GENE1298","GENE1298_HUMAN","P06777","Protein GENE1298",-0.3327,1,0.986967,0,0.0057,3,2,FALSE,TRUE,FALSE
"GENE1363","GENE1363_HUMAN","P96032","Protein GENE1363",0.48,0.880433,0.453815,0,0.3431,6,6,FALSE,TRUE,FALSE
"GENE2337","GENE2337_HUMAN","P91304","Protein GENE2337",-0.8082,0.835424,0.389525,0,0.4095,3,5,FALSE,TRUE,FALSE
"GENE0465","GENE0465_HUMAN","P24704","Protein GENE0465",0.6666,1,0.853172,0,0.069,2,4,FALSE,FALSE,FALSE
"GENE1520","GENE1520_HUMAN","P41074","Protein GENE1520",-0.3078,1,0.433295,0.2449,0.3632,6,4,FALSE,FALSE,FALSE
"GENE2896","GENE2896_HUMAN","P54336","Protein GENE2896",-0.0589,0.548581,0.448492,0,0.3482,5,3,FALSE,FALSE,FALSE
"GENE2559","GENE2559_HUMAN","P77866","Protein GENE2559",-0.0507,1,0.674467,0,0.171,5,2,FALSE,FALSE,FALSE
"GENE1907","GENE1907_HUMAN","P34691","Protein GENE1907",0.8644,0.757875,0.237925,0.1598,0.6236,4,3,FALSE,FALSE,FALSE
"GENE0148","GENE0148_HUMAN","P09775","Protein GENE0148",-0.1123,1,0.672073,0,0.1726,6,5,TRUE,FALSE,FALSE
"GENE0981","GENE0981_HUMAN","P41174","Protein GENE0981",3.3039,0.051391,0.033201,0.9671,1.4788,3,2,FALSE,FALSE,TRUE
"GENE0376","GENE0376_HUMAN","P70141","Protein GENE0376",-3.7607,0.053913,0.046678,0.7622,1.3309,2,6,FALSE,FALSE,TRUE
"GENE2707","GENE2707_HUMAN","P97165","Protein GENE2707",0.2741,0.956369,0.931302,0,0.0309,2,4,FALSE,FALSE,FALSE
"GENE1251","GENE1251_HUMAN","P52212","Protein GENE1251",0.1628,1,0.492419,0,0.3077,6,5,FALSE,TRUE,FALSE
"GENE2545","GENE2545_HUMAN","P60445","Protein GENE2545",-0.0166,1,0.580557,0.0652,0.2362,5,4,FALSE,FALSE,FALSE
"GENE1241","GENE1241_HUMAN","P21173","Protein GENE1241",0.3269,1,0.838803,0,0.0763,4,2,FALSE,FALSE,FALSE
"GENE0927","GENE0927_HUMAN","P37133","Protein GENE0927",-0.3097,1,0.588495,0.0585,0.2303,2,4,FALSE,FALSE,FALSE
"GENE2029","GENE2029_HUMAN","P23344","Protein GENE2029",-0.4275,1,0.696773,0.0677,0.1569,2,3,FALSE,TRUE,FALSE
"GENE1911","GENE1911_HUMAN","P96527","Protein GENE1911",0.4662,1,0.730958,0,0.1361,6,6,FALSE,FALSE,FALSE
"GENE1412","GENE1412_HUMAN","P53929","Protein GENE1412",0.0664,1,0.337327,0,0.4719,6,6,FALSE,FALSE,FALSE
"GENE0427","GENE0427_HUMAN","P60455","Protein GENE0427",0.1144,0.657933,0.13421,0.339,0.8722,4,3,FALSE,FALSE,FALSE
"GENE2876","GENE2876_HUMAN","P29881","Protein GENE2876",3.5121,0.09149,0.021744,1.3055,1.6627,5,6,FALSE,FALSE,TRUE
"GENE1928","GENE1928_HUMAN","P63757","Protein GENE1928",-0.3216,0.314662,0.135016,0.1927,0.8696,5,3,FALSE,FALSE,FALSE
"GENE1190","GENE1190_HUMAN","P41581","Protein GENE1190",-0.4472,1,0.685166,0,0.1642,6,3,FALSE,FALSE,FALSE
"GENE0928","GENE0928_HUMAN","P00351","Protein GENE0928",-0.139,0.789039,0.307093,0.4385,0.5127,5,2,FALSE,FALSE,FALSE
"GENE2677","GENE2677_HUMAN","P57242","Protein GENE2677",0.1003,1,0.785539,0,0.1048,5,4,FALSE,FALSE,FALSE
"GENE1898","GENE1898_HUMAN","P45250","Protein GENE1898",4.413,0.126509,0.034184,1.3678,1.4662,4,4,FALSE,FALSE,TRUE
"GENE0026","GENE0026_HUMAN","P04941","Protein GENE0026",0.0737,0.326521,0.322496,0.0401,0.4915,5,2,TRUE,FALSE,FALSE
"GENE2860","GENE2860_HUMAN","P68249","Protein GENE2860",-3.7065,0.071953,0.034714,1.0379,1.4595,6,5,FALSE,FALSE,TRUE
"GENE2136","GENE2136_HUMAN","P52579","Protein GENE2136",0.4828,0.864149,0.274187,0,0.562,2,5,FALSE,FALSE,FALSE
"WNK1","WNK1_HUMAN","P92008","Protein WNK1",0.3288,1,0.798097,0,0.0979,6,4,FALSE,FALSE,FALSE
"GENE1673","GENE1673_HUMAN","P61930","Protein GENE1673",0.2004,1,0.691567,0,0.1602,6,2,FALSE,FALSE,FALSE
"GENE0814","GENE0814_HUMAN","P48233","Protein GENE0814",0.3755,0.696495,0.266352,0.1721,0.5745,2,4,FALSE,FALSE,FALSE
"LARP1","LARP1_HUMAN","P96057","Protein LARP1",2.7238,0.035183,0.014971,1.3611,1.8248,2,3,FALSE,FALSE,TRUE
"GENE1166","GENE1166_HUMAN","P07225","Protein GENE1166",0.1283,1,0.700373,0,0.1547,5,4,FALSE,FALSE,FALSE
"SUGP2","SUGP2_HUMAN","P08635","Protein SUGP2",0.1894,1,0.772455,0,0.1121,6,4,FALSE,FALSE,FALSE
"GENE1466","GENE1466_HUMAN","P87205","Protein GENE1466",0.5443,1,0.874787,0,0.0581,3,2,FALSE,FALSE,FALSE
"GENE0016","GENE0016_HUMAN","P55727","Protein GENE0016",-0.2929,1,0.990492,0,0.0041,5,3,FALSE,FALSE,FALSE
"GENE1761","GENE1761_HUMAN","P51890","Protein GENE1761",0.0802,1,0.603036,0.1286,0.2197,2,4,FALSE,TRUE,FALSE
"GENE2448","GENE2448_HUMAN","P12913","Protein GENE2448",0.2345,0.357231,0.172914,0.1458,0.7622,2,3,FALSE,FALSE,FALSE
"GENE2701","GENE2701_HUMAN","P66359","Protein GENE2701",0.6532,1,0.973741,0,0.0116,4,4,FALSE,FALSE,FALSE
"GENE0107","GENE0107_HUMAN","P40137","Protein GENE0107",3.3613,0.186765,0.046968,0.7331,1.3282,3,4,FALSE,FALSE,TRUE
"GENE2624","GENE2624_HUMAN","P68041","Protein GENE2624",-0.3987,0.223814,0.091567,0.4041,1.0383,5,2,FALSE,FALSE,FALSE
"GENE0788","GENE0788_HUMAN","P57535","Protein GENE0788",-3.0893,0.032778,0.009652,1.3574,2.0154,2,2,FALSE,FALSE,TRUE
"GENE2553","GENE2553_HUMAN","P15076","Protein GENE2553",3.1689,0.149891,0.046254,0.6765,1.3348,4,6,FALSE,FALSE,TRUE
"GENE0580","GENE0580_HUMAN","P59605","Protein GENE0580",-0.7138,0.434203,0.091814,0.8356,1.0371,6,2,FALSE,FALSE,FALSE
"GENE1581","GENE1581_HUMAN","P58813","Protein GENE1581",-0.0731,1,0.83399,0,0.0788,5,2,FALSE,FALSE,FALSE
"GENE2414","GENE2414_HUMAN","P95066","Protein GENE2414",-0.5501,0.042699,0.010486,1.8991,1.9794,3,6,FALSE,FALSE,TRUE
"GENE2212","GENE2212_HUMAN","P25539","Protein GENE2212",0.4105,1,0.63016,0,0.2005,5,4,FALSE,TRUE,FALSE
"GENE0526","GENE0526_HUMAN","P79047","Protein GENE0526",-1.4316,0.063644,0.040679,1.3051,1.3906,2,6,FALSE,FALSE,TRUE
"GENE1313","GENE1313_HUMAN","P99047","Protein GENE1313",-0.9231,0.042905,0.00912,1.8635,2.04,4,6,FALSE,FALSE,TRUE
"GENE0379","GENE0379_HUMAN","P79837","Protein GENE0379",0.154,1,0.547987,0,0.2612,5,5,TRUE,FALSE,FALSE
"GENE1866","GENE1866_HUMAN","P74395","Protein GENE1866",-0.0864,1,0.792296,0,0.1011,2,2,FALSE,FALSE,FALSE
"GENE1767","GENE1767_HUMAN","P60192","Protein GENE1767",-0.0013,1,0.31107,0,0.5071,5,5,FALSE,FALSE,FALSE
"GENE1182","GENE1182_HUMAN","P44666","Protein GENE1182",0.6261,1,0.416544,0,0.3803,2,4,TRUE,FALSE,FALSE
"GENE2781","GENE2781_HUMAN","P40069","Protein GENE2781",0.3066,1,0.903555,0,0.044,4,2,FALSE,FALSE,FALSE
"GENE1917","GENE1917_HUMAN","P68041","Protein GENE1917",0.1608,0.588948,0.194642,0.5557,0.7108,6,5,FALSE,FALSE,FALSE
"GENE1855","GENE1855_HUMAN","P83690","Protein GENE1855",0.2509,1,0.510718,0,0.2918,4,2,FALSE,FALSE,FALSE
"GENE0771","GENE0771_HUMAN","P97638","Protein GENE0771",0.0149,0.75428,0.301382,0.1195,0.5209,5,3,FALSE,TRUE,FALSE
"GENE1827","GENE1827_HUMAN","P38113","Protein GENE1827",0.072,0.747496,0.26236,0,0.5811,6,3,FALSE,FALSE,FALSE
"GENE1762","GENE1762_HUMAN","P89585","Protein GENE1762",-0.3145,1,0.968178,0,0.014,3,5,FALSE,FALSE,FALSE
"GENE0901","GENE0901_HUMAN","P48045","Protein GENE0901",-0.014,1,0.492463,0,0.3076,4,5,FALSE,FALSE,FALSE
"GENE1980","GENE1980_HUMAN","P49427","Protein GENE1980",-0.6862,0.844329,0.638442,0,0.1949,2,3,TRUE,FALSE,FALSE
"GENE1311","GENE1311_HUMAN","P29506","Protein GENE1311",0.2122,1,0.891841,0,0.0497,5,4,FALSE,TRUE,FALSE
"GENE2524","GENE2524_HUMAN","P25323","Protein GENE2524",0.4528,1,0.957045,0,0.0191,3,5,FALSE,TRUE,FALSE
"GENE1697","GENE1697_HUMAN","P30952","Protein GENE1697",0.7746,1,0.35942,0,0.4444,6,5,FALSE,TRUE,FALSE
"GENE2782","GENE2782_HUMAN","P58932","Protein GENE2782",-2.1067,0.072569,0.019186,1.4859,1.717,4,4,FALSE,FALSE,TRUE
"GENE0604","GENE0604_HUMAN","P82664","Protein GENE0604",0.1191,0.258826,0.139035,0.2229,0.8569,5,2,FALSE,FALSE,FALSE
"GENE2796","GENE2796_HUMAN","P48947","Protein GENE2796",-0.2901,1,0.737361,0,0.1323,3,4,TRUE,FALSE,FALSE
"GENE1139","GENE1139_HUMAN","P52191","Protein GENE1139",4.3703,0.040937,0.008218,1.4239,2.0852,4,6,FALSE,FALSE,TRUE
"GENE1688","GENE1688_HUMAN","P22692","Protein GENE1688",-0.4161,1,0.828528,0,0.0817,4,4,FALSE,FALSE,FALSE
"GENE0710","GENE0710_HUMAN","P96792","Protein GENE0710",0.4737,1,0.507233,0,0.2948,4,6,FALSE,FALSE,FALSE
"GENE1396","GENE1396_HUMAN","P37086","Protein GENE1396",0.0977,0.092728,0.070656,0.7751,1.1508,5,5,FALSE,FALSE,FALSE
"GENE2432","GENE2432_HUMAN","P54641","Protein GENE2432",0.0062,1,0.487318,0,0.3122,3,4,FALSE,FALSE,FALSE
"LARP5","LARP5_HUMAN","P69614","Protein LARP5",0.4135,1,0.392181,0,0.4065,4,4,FALSE,FALSE,FALSE
"GENE1093","GENE1093_HUMAN","P26857","Protein GENE1093",-0.1588,1,0.942006,0,0.0259,6,3,FALSE,FALSE,FALSE
"GENE0030","GENE0030_HUMAN","P67032","Protein GENE0030",-0.442,1,0.812853,0,0.09,4,4,FALSE,FALSE,FALSE
"GENE2349","GENE2349_HUMAN","P64661","Protein GENE2349",0.3644,1,0.849646,0,0.0708,6,4,FALSE,FALSE,FALSE
"GENE2347","GENE2347_HUMAN","P80707","Protein GENE2347",0.2816,0.749615,0.186578,0.168,0.7291,4,6,FALSE,FALSE,FALSE
"GENE0929","GENE0929_HUMAN","P20383","Protein GENE0929",-3.3897,0.083869,0.041162,0.7096,1.3855,6,5,FALSE,FALSE,TRUE
"GENE2005","GENE2005_HUMAN","P69253","Protein GENE2005",0.3462,1,0.656439,0,0.1828,5,2,FALSE,FALSE,FALSE
"GENE1785","GENE1785_HUMAN","P84547","Protein GENE1785",2.1731,0.001047,0.000807,2.927,3.0931,2,5,FALSE,FALSE,TRUE
"GENE0979","GENE0979_HUMAN","P94795","Protein GENE0979",0.1431,0.74326,0.156177,0.3279,0.8064,2,6,FALSE,FALSE,FALSE
"GENE2648","GENE2648_HUMAN","P78599","Protein GENE2648",-0.1111,1,0.361963,0,0.4413,2,3,FALSE,FALSE,FALSE
"GENE2167","GENE2167_HUMAN","P05100","Protein GENE2167",0.3975,1,0.655499,0,0.1834,5,5,TRUE,FALSE,FALSE
"GENE0212","GENE0212_HUMAN","P97320","Protein GENE0212",0.368,0.880263,0.617898,0,0.2091,4,3,FALSE,FALSE,FALSE
"GENE0995","GENE0995_HUMAN","P30390","Protein GENE0995",-0.2949,1,0.715875,0,0.1452,2,2,TRUE,TRUE,FALSE
"GENE0882","GENE0882_HUMAN","P99296","Protein GENE0882",-1.106,0.182518,0.045939,1.2006,1.3378,6,5,TRUE,FALSE,TRUE
"GENE2511","GENE2511_HUMAN","P81113","Protein GENE2511",0.0206,1,0.692893,0,0.1593,2,6,FALSE,FALSE,FALSE
"GENE2778","GENE2778_HUMAN","P68708","Protein GENE2778",-0.0456,1,0.883056,0,0.054,2,4,FALSE,FALSE,FALSE
"GENE1522","GENE1522_HUMAN","P91720","Protein GENE1522",0.0257,0.592867,0.591644,0,0.2279,3,2,FALSE,FALSE,FALSE
"GENE1126","GENE1126_HUMAN","P94151","Protein GENE1126",0.2347,0.249152,0.068005,1.0011,1.1675,3,3,FALSE,FALSE,FALSE
"GENE0884","GENE0884_HUMAN","P21485","Protein GENE0884",-0.1408,1,0.999852,0,1e-04,5,2,FALSE,FALSE,FALSE
"GENE1281","GENE1281_HUMAN","P23372","Protein GENE1281",-0.3975,1,0.793594,0,0.1004,5,4,FALSE,FALSE,FALSE
"GENE0520","GENE0520_HUMAN","P73050","Protein GENE0520",2.5491,0.010863,0.00344,1.8182,2.4635,3,4,FALSE,FALSE,TRUE
"GENE0295","GENE0295_HUMAN","P81660","Protein GENE0295",-0.5082,1,0.488786,0,0.3109,5,5,FALSE,FALSE,FALSE
"GENE2881","GENE2881_HUMAN","P14014","Protein GENE2881",-0.339,1,0.881809,0,0.0546,2,2,FALSE,FALSE,FALSE
"GENE1486","GENE1486_HUMAN","P46049","Protein GENE1486",-0.4015,1,0.593561,0,0.2265,6,3,FALSE,FALSE,FALSE
"GENE1353","GENE1353_HUMAN","P96150","Protein GENE1353",3.4012,0.184546,0.04136,0.7764,1.3834,6,2,FALSE,FALSE,TRUE
"GENE2369","GENE2369_HUMAN","P71513","Protein GENE2369",-0.0811,1,0.812733,0,0.0901,2,6,FALSE,FALSE,FALSE
"GENE2438","GENE2438_HUMAN","P46896","Protein GENE2438",0.1367,1,0.872732,0,0.0591,3,2,FALSE,FALSE,FALSE
"GENE2293","GENE2293_HUMAN","P31267","Protein GENE2293",3.4032,0.135548,0.036841,1.1731,1.4337,6,6,TRUE,FALSE,TRUE
"GENE0047","GENE0047_HUMAN","P58299","Protein GENE0047",0.4243,1,0.827192,0,0.0824,3,2,FALSE,TRUE,FALSE
"GENE0645","GENE0645_HUMAN","P76691","Protein GENE0645",0.4086,1,0.364288,0,0.4386,3,4,TRUE,FALSE,FALSE
"GENE1978","GENE1978_HUMAN","P91250","Protein GENE1978",-0.048,1,0.816114,0,0.0882,2,2,FALSE,FALSE,FALSE
"GENE1896","GENE1896_HUMAN","P81826","Protein GENE1896",-0.3008,1,0.930766,0,0.0312,5,4,FALSE,FALSE,FALSE
"GENE2857","GENE2857_HUMAN","P63899","Protein GENE2857",-0.138,0.488002,0.259808,0.1373,0.5853,2,6,FALSE,FALSE,FALSE
"GENE0834","GENE0834_HUMAN","P27766","Protein GENE0834",-0.5708,0.773055,0.203919,0.26,0.6905,6,2,FALSE,FALSE,FALSE
"GENE1158","GENE1158_HUMAN","P78462","Protein GENE1158",0.2166,1,0.283861,0.329,0.5469,4,6,FALSE,FALSE,FALSE
"GENE0264","GENE0264_HUMAN","P32465","Protein GENE0264",3.4376,0.07324,0.045072,1.296,1.3461,3,3,FALSE,FALSE,TRUE
"GENE2233","GENE2233_HUMAN","P63181","Protein GENE2233",-0.4402,1,0.593965,0,0.2262,4,2,TRUE,FALSE,FALSE
"GENE0304","GENE0304_HUMAN","P69343","Protein GENE0304",-0.1511,1,0.274027,0,0.5622,6,6,FALSE,FALSE,FALSE
"GENE0103","GENE0103_HUMAN","P79409","Protein GENE0103",-0.4736,0.620265,0.228159,0.2322,0.6418,3,5,FALSE,FALSE,FALSE
"GENE0066","GENE0066_HUMAN","P75291","Protein GENE0066",0.0578,1,0.915878,0,0.0382,2,6,FALSE,FALSE,FALSE
"GENE1193","GENE1193_HUMAN","P29496","Protein GENE1193",0.2805,0.928885,0.548239,0,0.261,5,6,FALSE,FALSE,FALSE
"GENE0845","GENE0845_HUMAN","P41240","Protein GENE0845",-0.5268,1,0.700762,0,0.1544,3,3,TRUE,FALSE,FALSE
"GENE0812","GENE0812_HUMAN","P92321","Protein GENE0812",0.1867,1,0.920361,0,0.036,2,2,FALSE,FALSE,FALSE
"GENE2161","GENE2161_HUMAN","P38188","Protein GENE2161",0.3038,0.819464,0.730159,0,0.1366,5,4,FALSE,FALSE,FALSE
"GENE0009","GENE0009_HUMAN","P59235","Protein GENE0009",-0.5626,1,0.629465,0,0.201,4,4,FALSE,FALSE,FALSE
"PABPC1","PABPC1_HUMAN","P89295","Protein PABPC1",2.8446,0.033262,0.012543,1.5246,1.9016,3,3,FALSE,FALSE,TRUE
"GENE2360","GENE2360_HUMAN","P42773","Protein GENE2360",3.88,0.027471,0.006039,1.576,2.219,2,4,FALSE,FALSE,TRUE
"GENE1956","GENE1956_HUMAN","P61639","Protein GENE1956",-0.1498,0.803514,0.228278,0.0886,0.6415,6,3,FALSE,FALSE,FALSE
"GENE2770","GENE2770_HUMAN","P41668","Protein GENE2770",0.5628,0.777112,0.160512,0.7559,0.7945,4,5,FALSE,FALSE,FALSE
"GENE0435","GENE0435_HUMAN","P84171","Protein GENE0435",-3.6276,0.069599,0.032595,1.1596,1.4868,4,5,TRUE,FALSE,TRUE
"GENE2034","GENE2034_HUMAN","P29796","Protein GENE2034",0.043,1,0.608113,0.0692,0.216,4,6,FALSE,FALSE,FALSE
"GENE1554","GENE1554_HUMAN","P68377","Protein GENE1554",-0.7286,1,0.986572,0,0.0059,4,2,FALSE,FALSE,FALSE
"GENE1802","GENE1802_HUMAN","P06583","Protein GENE1802",-0.0971,0.704617,0.483389,0,0.3157,5,2,FALSE,FALSE,FALSE
"GENE2016","GENE2016_HUMAN","P32741","Protein GENE2016",0.4303,0.436017,0.25462,0,0.5941,2,6,FALSE,FALSE,FALSE
"GENE0823","GENE0823_HUMAN","P65411","Protein GENE0823",0.9194,0.011621,0.006911,1.8434,2.1604,4,2,FALSE,FALSE,TRUE
"GENE0456","GENE0456_HUMAN","P14020","Protein GENE0456",-0.1351,0.394642,0.115459,0.8033,0.9376,6,2,FALSE,FALSE,FALSE
"GENE1054","GENE1054_HUMAN","P08109","Protein GENE1054",0.6791,0.322619,0.152994,0.1391,0.8153,2,3,FALSE,FALSE,FALSE
"GENE1379","GENE1379_HUMAN","P23262","Protein GENE1379",0.385,0.684637,0.330547,0.214,0.4808,3,6,FALSE,TRUE,FALSE
"GENE1610","GENE1610_HUMAN","P95551","Protein GENE1610",0.4214,0.605655,0.505339,0,0.2964,2,2,TRUE,FALSE,FALSE
"GENE0458","GENE0458_HUMAN","P15021","Protein GENE0458",0.0407,1,0.288732,0.1035,0.5395,6,2,FALSE,FALSE,FALSE
"GENE0071","GENE0071_HUMAN","P48980","Protein GENE0071",0.3979,1,0.413959,0,0.383,3,4,FALSE,TRUE,FALSE
"GENE2895","GENE2895_HUMAN","P81701","Protein GENE2895",-0.1361,1,0.815743,0,0.0884,6,4,FALSE,FALSE,FALSE
"GENE2217","GENE2217_HUMAN","P11651","Protein GENE2217",-0.4604,0.152274,0.128555,0.3351,0.8909,2,4,TRUE,FALSE,FALSE
"GENE2512","GENE2512_HUMAN","P99958","Protein GENE2512",-0.3614,1,0.28929,0.1816,0.5387,2,2,FALSE,FALSE,FALSE
"GENE0292","GENE0292_HUMAN","P60685","Protein GENE0292",-0.459,0.820128,0.487361,0.0706,0.3121,5,3,FALSE,FALSE,FALSE
"GENE1069","GENE1069_HUMAN","P64198","Protein GENE1069",-0.6105,0.609157,0.36956,0,0.4323,2,4,FALSE,TRUE,FALSE
"GENE2569","GENE2569_HUMAN","P69220","Protein GENE2569",0.1203,1,0.849416,0,0.0709,4,2,FALSE,FALSE,FALSE
"GENE1328","GENE1328_HUMAN","P61136","Protein GENE1328",0.1806,0.910095,0.909885,0,0.041,3,5,FALSE,FALSE,FALSE
"GENE0348","GENE0348_HUMAN","P37803","Protein GENE0348",0.7148,1,0.666239,0,0.1764,3,5,FALSE,FALSE,FALSE
"GENE2159","GENE2159_HUMAN","P62053","Protein GENE2159",-0.1861,1,0.897685,0,0.0469,4,4,FALSE,FALSE,FALSE
"GENE1905","GENE1905_HUMAN","P84582","Protein GENE1905",-0.4779,0.361457,0.171379,0.6073,0.766,4,3,FALSE,FALSE,FALSE
"GENE2828","GENE2828_HUMAN","P70536","Protein GENE2828",-0.1004,1,0.37376,0,0.4274,6,2,FALSE,FALSE,FALSE
"GENE2098","GENE2098_HUMAN","P71036","Protein GENE2098",0.2451,1,0.663283,0,0.1783,3,2,FALSE,TRUE,FALSE
"GENE1061","GENE1061_HUMAN","P23355","Protein GENE1061",0.0389,1,0.669182,0,0.1745,3,5,FALSE,FALSE,FALSE
"GENE1716","GENE1716_HUMAN","P48225","Protein GENE1716",0.1174,1,0.499767,0,0.3012,5,3,FALSE,FALSE,FALSE
"GENE0731","GENE0731_HUMAN","P61344","Protein GENE0731",-0.9644,1,0.862976,0,0.064,5,5,FALSE,FALSE,FALSE
"GENE0373","GENE0373_HUMAN","P96590","Protein GENE0373",-0.2898,0.548069,0.186134,0.0448,0.7302,3,6,FALSE,TRUE,FALSE
"GENE2667","GENE2667_HUMAN","P78327","Protein GENE2667",-0.332,1,0.696555,0,0.157,4,2,FALSE,FALSE,FALSE
"GENE2758","GENE2758_HUMAN","P57620","Protein GENE2758",0.7378,0.036561,0.020935,1.3276,1.6791,2,2,FALSE,FALSE,TRUE
"GENE0481","GENE0481_HUMAN","P96201","Protein GENE0481",1.2456,1,0.907548,0,0.0421,2,3,FALSE,FALSE,FALSE
"GENE2460","GENE2460_HUMAN","P84204","Protein GENE2460",0.0927,1,0.930902,0,0.0311,5,3,FALSE,FALSE,FALSE
"GENE2576","GENE2576_HUMAN","P51283","Protein GENE2576",0.1909,1,0.304445,0.223,0.5165,6,5,FALSE,FALSE,FALSE
"GENE0154","GENE0154_HUMAN","P31165","Protein GENE0154",-0.2607,0.122211,0.063637,0.6157,1.1963,2,2,FALSE,FALSE,FALSE
"GENE0088","GENE0088_HUMAN","P21590","Protein GENE0088",0.3631,1,0.775516,0,0.1104,3,6,FALSE,FALSE,FALSE
"GENE0878","GENE0878_HUMAN","P29657","Protein GENE0878",-0.5966,0.686184,0.338615,0.2518,0.4703,5,4,FALSE,FALSE,FALSE
"GENE1324","GENE1324_HUMAN","P09492","Protein GENE1324",-0.1855,0.833368,0.589176,0,0.2298,2,5,TRUE,FALSE,FALSE
"GENE0787","GENE0787_HUMAN","P38786","Protein GENE0787",1.6355,0.090306,0.027017,1.3,1.5684,4,4,FALSE,FALSE,TRUE
"GENE0863","GENE0863_HUMAN","P71801","Protein GENE0863",0.4291,0.315968,0.135753,0.5619,0.8673,2,6,FALSE,FALSE,FALSE
"GENE2846","GENE2846_HUMAN","P23559","Protein GENE2846",0.9104,0.263191,0.123472,0.3435,0.9084,2,4,FALSE,FALSE,FALSE
"GENE0622","GENE0622_HUMAN","P42552","Protein GENE0622",0.3177,1,0.504569,0,0.2971,5,2,FALSE,FALSE,FALSE
"GENE2621","GENE2621_HUMAN","P93126","Protein GENE2621",-0.1218,0.870274,0.542793,0.2379,0.2654,2,5,FALSE,FALSE,FALSE
"GENE2185","GENE2185_HUMAN","P85331","Protein GENE2185",0.4023,1,0.59022,0,0.229,6,3,FALSE,FALSE,FALSE
"GENE0983","GENE0983_HUMAN","P95386","Protein GENE0983",-0.0794,1,0.509761,0,0.2926,2,2,FALSE,FALSE,FALSE
"GENE1410","GENE1410_HUMAN","P09708","Protein GENE1410",0.2273,0.859574,0.621076,0.1522,0.2069,4,4,FALSE,FALSE,FALSE
"GENE2561","GENE2561_HUMAN","P05508","Protein GENE2561",0.0506,0.808493,0.761595,0,0.1183,6,5,FALSE,FALSE,FALSE
"GENE1886","GENE1886_HUMAN","P39961","Protein GENE1886",-0.4431,1,0.683893,0,0.165,4,6,FALSE,FALSE,FALSE
"GENE0042","GENE0042_HUMAN","P51708","Protein GENE0042",0.0588,1,0.926984,0,0.0329,6,5,FALSE,FALSE,FALSE
"GENE1658","GENE1658_HUMAN","P06226","Protein GENE1658",1.9861,0.044456,0.041258,0.6926,1.3845,2,3,FALSE,FALSE,TRUE
"GENE1020","GENE1020_HUMAN","P23846","Protein GENE1020",0.3103,0.927196,0.251325,0.3568,0.5998,5,3,FALSE,FALSE,FALSE
"GENE2372","GENE2372_HUMAN","P45590","Protein GENE2372",2.3171,0.049675,0.015306,1.579,1.8151,2,2,FALSE,FALSE,TRUE
"GENE1640","GENE1640_HUMAN","P17645","Protein GENE1640",0.4695,0.474225,0.421975,0.1696,0.3747,6,2,FALSE,FALSE,FALSE
"MED1","MED1_HUMAN","P45983","Protein MED1",2.4652,0.044289,0.01247,1.3432,1.9041,3,2,FALSE,TRUE,TRUE
"GENE1321","GENE1321_HUMAN","P25126","Protein GENE1321",0.2312,1,0.436733,0,0.3598,4,6,FALSE,FALSE,FALSE
"GENE1453","GENE1453_HUMAN","P25433","Protein GENE1453",-0.3053,1,0.994159,0,0.0025,2,4,FALSE,TRUE,FALSE
"GENE0896","GENE0896_HUMAN","P98046","Protein GENE0896",3.4467,0.161978,0.037658,0.8334,1.4241,3,4,FALSE,FALSE,TRUE
"GENE0219","GENE0219_HUMAN","P74476","Protein GENE0219",0.6497,0.278906,0.090036,0.4623,1.0456,6,4,FALSE,FALSE,FALSE
"GENE2795","GENE2795_HUMAN","P24988","Protein GENE2795",-0.2591,0.870987,0.380646,0,0.4195,5,2,FALSE,FALSE,FALSE
"GENE0300","GENE0300_HUMAN","P94764","Protein GENE0300",0.0941,0.793192,0.292184,0.2712,0.5343,6,2,FALSE,FALSE,FALSE
"GENE1681","GENE1681_HUMAN","P87150","Protein GENE1681",-0.2955,1,0.523476,0,0.2811,5,2,FALSE,FALSE,FALSE
"GENE2040","GENE2040_HUMAN","P79735","Protein GENE2040",0.0253,1,0.447397,0,0.3493,6,3,FALSE,TRUE,FALSE
"GENE1016","GENE1016_HUMAN","P78779","Protein GENE1016",-1.1711,1,0.965841,0,0.0151,4,6,FALSE,FALSE,FALSE
"GENE1963","GENE1963_HUMAN","P78751","Protein GENE1963",-0.5875,1,0.824019,0,0.0841,2,3,FALSE,FALSE,FALSE
"GENE1869","GENE1869_HUMAN","P61169","Protein GENE1869",-0.052,1,0.387557,0.3212,0.4117,6,6,FALSE,FALSE,FALSE
"GENE0497","GENE0497_HUMAN","P47347","Protein GENE0497",0.3593,0.570579,0.520872,0.2651,0.2833,4,6,FALSE,FALSE,FALSE
"GENE0650","GENE0650_HUMAN","P70778","Protein GENE0650",-0.4182,1,0.266951,0.3368,0.5736,6,4,TRUE,TRUE,FALSE
"GENE1255","GENE1255_HUMAN","P56391","Protein GENE1255",-0.3809,1,0.59345,0,0.2266,4,2,TRUE,FALSE,FALSE
"GENE1538","GENE1538_HUMAN","P57382","Protein GENE1538",-0.3959,0.321435,0.281146,0.0572,0.5511,6,5,FALSE,FALSE,FALSE
"GENE1286","GENE1286_HUMAN","P33499","Protein GENE1286",0.0579,1,0.48194,0,0.317,3,5,FALSE,FALSE,FALSE
"GENE2451","GENE2451_HUMAN","P87990","Protein GENE2451",-0.6644,0.949102,0.237799,0.0274,0.6238,5,2,TRUE,FALSE,FALSE
"GENE0357","GENE0357_HUMAN","P99272","Protein GENE0357",-0.069,1,0.877618,0,0.0567,3,5,FALSE,FALSE,FALSE
"GENE2065","GENE2065_HUMAN","P28947","Protein GENE2065",-0.3309,1,0.616661,0,0.21,5,2,FALSE,FALSE,FALSE
"DHX38","DHX38_HUMAN","P68803","Protein DHX38",-0.1288,1,0.717447,0,0.1442,4,2,FALSE,FALSE,FALSE
"GENE2328","GENE2328_HUMAN","P48837","Protein GENE2328",0.1874,1,0.846378,0,0.0724,4,5,FALSE,FALSE,FALSE
"GENE0462","GENE0462_HUMAN","P49716","Protein GENE0462",-0.0412,0.550366,0.363769,0.2088,0.4392,4,4,FALSE,FALSE,FALSE
"GENE1929","GENE1929_HUMAN","P48865","Protein GENE1929",-0.3178,1,0.54957,0,0.26,2,6,FALSE,FALSE,FALSE
"GENE0301","GENE0301_HUMAN","P84333","Protein GENE0301",0.032,1,0.780249,0,0.1078,2,6,FALSE,FALSE,FALSE
"GENE0910","GENE0910_HUMAN","P85528","Protein GENE0910",0.2574,1,0.762647,0,0.1177,2,4,FALSE,FALSE,FALSE
"GENE2194","GENE2194_HUMAN","P89336","Protein GENE2194",0.7288,1,0.572099,0.1188,0.2425,3,4,FALSE,FALSE,FALSE
"GENE0206","GENE0206_HUMAN","P52371","Protein GENE0206",2.9855,0.041949,0.014505,1.4806,1.8385,3,3,FALSE,FALSE,TRUE
"GENE2396","GENE2396_HUMAN","P20785","Protein GENE2396",-0.0205,1,0.788277,0,0.1033,3,5,FALSE,FALSE,FALSE
"GENE1092","GENE1092_HUMAN","P45283","Protein GENE1092",0.4028,0.55429,0.274545,0,0.5614,5,5,FALSE,FALSE,FALSE
"GENE2238","GENE2238_HUMAN","P92421","Protein GENE2238",1.9945,0.146202,0.037181,0.9488,1.4297,2,6,FALSE,TRUE,TRUE
"GENE1565","GENE1565_HUMAN","P29197","Protein GENE1565",-1.0184,1,0.325894,0,0.4869,2,2,FALSE,FALSE,FALSE
"GENE0430","GENE0430_HUMAN","P49182","Protein GENE0430",-0.0221,1,0.831063,0,0.0804,6,6,FALSE,TRUE,FALSE
"GENE1998","GENE1998_HUMAN","P59640","Protein GENE1998",-0.6511,1,0.955464,0,0.0198,6,5,TRUE,FALSE,FALSE
"GENE1122","GENE1122_HUMAN","P90369","Protein GENE1122",-0.0427,1,0.43657,0,0.3599,3,5,FALSE,FALSE,FALSE
"GENE0527","GENE0527_HUMAN","P88595","Protein GENE0527",-0.2022,1,0.491494,0.1665,0.3085,4,5,FALSE,TRUE,FALSE
"GENE1351","GENE1351_HUMAN","P93691","Protein GENE1351",0.0788,1,0.887618,0,0.0518,3,4,FALSE,FALSE,FALSE
"GENE2183","GENE2183_HUMAN","P91575","Protein GENE2183",-0.3988,0.257023,0.143183,0.2321,0.8441,2,3,FALSE,FALSE,FALSE
"GENE0690","GENE0690_HUMAN","P12209","Protein GENE0690",-0.5106,1,0.456261,0,0.3408,6,4,FALSE,FALSE,FALSE
"GENE2305","GENE2305_HUMAN","P18140","Protein GENE2305",0.0288,0.2435,0.238972,0,0.6217,4,4,FALSE,FALSE,FALSE
"GENE0769","GENE0769_HUMAN","P50401","Protein GENE0769",-3.0527,0.008124,0.003053,2.4701,2.5153,3,2,TRUE,FALSE,TRUE
"GENE1885","GENE1885_HUMAN","P62168","Protein GENE1885",-0.2688,0.279179,0.139304,0.3293,0.856,6,2,FALSE,FALSE,FALSE
"GENE1461","GENE1461_HUMAN","P12024","Protein GENE1461",0.0257,0.771161,0.238752,0.1449,0.6221,6,4,FALSE,FALSE,FALSE
"GENE0053","GENE0053_HUMAN","P41916","Protein GENE0053",-0.3769,1,0.902663,0,0.0445,6,4,FALSE,FALSE,FALSE
"GENE1496","GENE1496_HUMAN","P39653","Protein GENE1496",0.4597,0.341208,0.284525,0,0.5459,6,6,TRUE,FALSE,FALSE
"GENE2308","GENE2308_HUMAN","P40310","Protein GENE2308",0.4034,0.187443,0.11516,0.259,0.9387,6,4,TRUE,TRUE,FALSE
"GENE0403","GENE0403_HUMAN","P82711","Protein GENE0403",-0.1148,1,0.54408,0.0432,0.2643,5,6,FALSE,TRUE,FALSE
"GENE0674","GENE0674_HUMAN","P47658","Protein GENE0674",-0.0734,1,0.530651,0,0.2752,4,2,FALSE,FALSE,FALSE
"GENE1754","GENE1754_HUMAN","P11085","Protein GENE1754",0.6857,1,0.787207,0,0.1039,5,4,FALSE,FALSE,FALSE
"GENE1921","GENE1921_HUMAN","P13231","Protein GENE1921",0.0726,1,0.556244,0,0.2547,2,6,FALSE,FALSE,FALSE
"GENE1846","GENE1846_HUMAN","P83712","Protein GENE1846",0.1966,1,0.645201,0,0.1903,2,2,FALSE,FALSE,FALSE
"GENE1718","GENE1718_HUMAN","P42185","Protein GENE1718",0.37,1,0.795479,0,0.0994,4,5,FALSE,FALSE,FALSE
"GENE1027","GENE1027_HUMAN","P95540","Protein GENE1027",-0.3277,0.416297,0.201414,0.1318,0.6959,3,4,FALSE,FALSE,FALSE
"GENE2842","GENE2842_HUMAN","P93978","Protein GENE2842",0.0969,1,0.495982,0.0494,0.3045,2,3,FALSE,FALSE,FALSE
"GENE0543","GENE0543_HUMAN","P10013","Protein GENE0543",0.3017,1,0.483025,0,0.316,3,6,FALSE,FALSE,FALSE
"GENE2035","GENE2035_HUMAN","P76434","Protein GENE2035",0.196,1,0.877668,0,0.0567,4,5,FALSE,FALSE,FALSE
"GENE1558","GENE1558_HUMAN","P49135","Protein GENE1558",-0.1801,1,0.402505,0,0.3952,4,4,FALSE,FALSE,FALSE
"GENE1701","GENE1701_HUMAN","P65730","Protein GENE1701",-0.1331,0.597648,0.479572,0,0.3191,4,6,FALSE,FALSE,FALSE
"GENE0246","GENE0246_HUMAN","P73396","Protein GENE0246",-0.6362,1,0.820722,0,0.0858,4,5,FALSE,FALSE,FALSE
"GENE1829","GENE1829_HUMAN","P40842","Protein GENE1829",0.3321,0.47527,0.166324,0.3801,0.779,6,4,FALSE,TRUE,FALSE
"GENE2599","GENE2599_HUMAN","P60674","Protein GENE2599",-0.1806,1,0.310795,0,0.5075,5,5,FALSE,FALSE,FALSE
"GENE2284","GENE2284_HUMAN","P62024","Protein GENE2284",0.0097,0.260174,0.111881,0.5902,0.9512,6,3,FALSE,FALSE,FALSE
"GENE1226","GENE1226_HUMAN","P71196","Protein GENE1226",1.2586,0.049716,0.0436,1.1629,1.3605,5,4,FALSE,FALSE,TRUE
"GENE0923","GENE0923_HUMAN","P82503","Protein GENE0923",0.3277,0.819643,0.220454,0.1681,0.6567,4,3,FALSE,FALSE,FALSE
"GENE2673","GENE2673_HUMAN","P51992","Protein GENE2673",0.1757,0.648143,0.330975,0.2477,0.4802,5,5,FALSE,FALSE,FALSE
"GENE1474","GENE1474_HUMAN","P84275","Protein GENE1474",0.2934,1,0.60556,0,0.2178,6,2,FALSE,FALSE,FALSE
"GENE1195","GENE1195_HUMAN","P68875","Protein GENE1195",-0.5307,1,0.812778,0,0.09,3,5,FALSE,FALSE,FALSE
"GENE0366","GENE0366_HUMAN","P11361","Protein GENE0366",0.4425,1,0.860313,0,0.0653,4,2,FALSE,FALSE,FALSE
"GENE0719","GENE0719_HUMAN","P62952","Protein GENE0719",-0.2583,1,0.6883,0,0.1622,5,2,FALSE,TRUE,FALSE
"GENE2833","GENE2833_HUMAN","P21102","Protein GENE2833",0.5942,1,0.916491,0,0.0379,2,4,FALSE,FALSE,FALSE
"GENE1301","GENE1301_HUMAN","P62827","Protein GENE1301",6e-04,0.22903,0.182589,0.0676,0.7385,6,6,FALSE,FALSE,FALSE
"GENE0734","GENE0734_HUMAN","P87536","Protein GENE0734",-0.0806,1,0.550525,0,0.2592,2,2,TRUE,FALSE,FALSE
"GENE0623","GENE0623_HUMAN","P27245","Protein GENE0623",-0.044,1,0.350069,0,0.4558,5,4,FALSE,FALSE,FALSE
"GENE0944","GENE0944_HUMAN","P28362","Protein GENE0944",-0.2008,0.696167,0.172585,0.1974,0.763,5,5,FALSE,FALSE,FALSE
"GENE1113","GENE1113_HUMAN","P68361","Protein GENE1113",0.1089,0.251025,0.250485,0.0304,0.6012,4,5,FALSE,FALSE,FALSE
"GENE0365","GENE0365_HUMAN","P55365","Protein GENE0365",-0.3772,0.224675,0.139818,0.3202,0.8544,3,5,FALSE,FALSE,FALSE
"GENE2447","GENE2447_HUMAN","P87589","Protein GENE2447",-0.0881,1,0.368691,0.0868,0.4333,2,3,FALSE,FALSE,FALSE
"GENE1159","GENE1159_HUMAN","P32781","Protein GENE1159",-0.0641,0.737927,0.618721,0,0.2085,6,3,FALSE,FALSE,FALSE
"GENE1032","GENE1032_HUMAN","P39638","Protein GENE1032",0.4442,0.384583,0.120069,0.5168,0.9206,3,5,FALSE,FALSE,FALSE
"GENE2657","GENE2657_HUMAN","P09375","Protein GENE2657",0.4201,0.775285,0.189633,0.0504,0.7221,3,6,FALSE,FALSE,FALSE
"GENE2353","GENE2353_HUMAN","P39191","Protein GENE2353",0.0146,1,0.365119,0,0.4376,5,4,FALSE,FALSE,FALSE
"GENE2848","GENE2848_HUMAN","P94366","Protein GENE2848",-0.123,0.270552,0.089588,0.4503,1.0478,3,4,FALSE,FALSE,FALSE
"GENE1471","GENE1471_HUMAN","P17856","Protein GENE1471",0.033,1,0.503262,0,0.2982,5,5,FALSE,FALSE,FALSE
"GENE0134","GENE0134_HUMAN","P85394","Protein GENE0134",2.4044,0.01702,0.004042,2.0649,2.3934,3,4,TRUE,TRUE,TRUE
"GENE0343","GENE0343_HUMAN","P25693","Protein GENE0343",-1.2212,0.044962,0.014391,1.2952,1.8419,5,2,FALSE,TRUE,TRUE
"GENE1011","GENE1011_HUMAN","P22789","Protein GENE1011",0.4905,1,0.341137,0.1685,0.4671,3,5,FALSE,FALSE,FALSE
"GENE0289","GENE0289_HUMAN","P91162","Protein GENE0289",0.069,1,0.661128,0,0.1797,2,4,TRUE,FALSE,FALSE
"GENE2270","GENE2270_HUMAN","P62365","Protein GENE2270",0.1924,0.209877,0.06052,0.7276,1.2181,5,4,FALSE,FALSE,FALSE
"GENE0630","GENE0630_HUMAN","P18371","Protein GENE0630",-0.3385,1,0.709424,0,0.1491,6,6,FALSE,FALSE,FALSE
"GENE2583","GENE2583_HUMAN","P31697","Protein GENE2583",0.1908,0.429064,0.114073,0.4441,0.9428,6,4,FALSE,FALSE,FALSE
"GENE2399","GENE2399_HUMAN","P17942","Protein GENE2399",0.0224,1,0.519223,0,0.2846,6,6,FALSE,FALSE,FALSE
"GENE1987","GENE1987_HUMAN","P46894","Protein GENE1987",-0.0205,0.926476,0.229604,0.6128,0.639,3,3,FALSE,FALSE,FALSE
"GENE2385","GENE2385_HUMAN","P17052","Protein GENE2385",-0.2496,0.572014,0.144261,0.4076,0.8409,4,5,FALSE,FALSE,FALSE
"GENE2724","GENE2724_HUMAN","P06986","Protein GENE2724",0.1235,0.510408,0.259492,0,0.5859,4,3,FALSE,TRUE,FALSE
"GENE2260","GENE2260_HUMAN","P36057","Protein GENE2260",0.2962,0.894999,0.54487,0,0.2637,2,6,FALSE,FALSE,FALSE
"GENE1207","GENE1207_HUMAN","P68684","Protein GENE1207",0.0101,1,0.764534,0,0.1166,3,2,FALSE,TRUE,FALSE
"GENE2853","GENE2853_HUMAN","P35217","Protein GENE2853",-3.9596,0.009311,0.001993,2.494,2.7006,4,4,FALSE,FALSE,TRUE
"GENE1722","GENE1722_HUMAN","P55080","Protein GENE1722",-0.1311,1,0.601538,0,0.2207,6,4,FALSE,FALSE,FALSE
"GENE0504","GENE0504_HUMAN","P54575","Protein GENE0504",-0.1834,1,0.969471,0,0.0135,4,5,FALSE,FALSE,FALSE
"GENE2025","GENE2025_HUMAN","P19634","Protein GENE2025",3.7947,0.106004,0.040012,1.047,1.3978,3,5,FALSE,FALSE,TRUE
"GENE2618","GENE2618_HUMAN","P25574","Protein GENE2618",-0.1503,0.916737,0.285917,0,0.5438,3,4,FALSE,FALSE,FALSE
"GENE2239","GENE2239_HUMAN","P20678","Protein GENE2239",4.0969,0.018144,0.005543,1.5588,2.2563,6,5,FALSE,FALSE,TRUE
"GENE2859","GENE2859_HUMAN","P11889","Protein GENE2859",0.5661,1,0.401051,0,0.3968,3,5,FALSE,FALSE,FALSE
"GENE1223","GENE1223_HUMAN","P09378","Protein GENE1223",0.0746,1,0.726521,0,0.1388,4,5,FALSE,FALSE,FALSE
"GENE2058","GENE2058_HUMAN","P00458","Protein GENE2058",-2.3966,0.044138,0.03145,1.4873,1.5024,2,3,FALSE,FALSE,TRUE
"GENE2747","GENE2747_HUMAN","P31784","Protein GENE2747",0.3645,1,0.536777,0,0.2702,2,2,FALSE,FALSE,FALSE
"GENE2479","GENE2479_HUMAN","P71654","Protein GENE2479",0.4272,1,0.45785,0,0.3393,6,3,FALSE,FALSE,FALSE
"GENE1336","GENE1336_HUMAN","P18033","Protein GENE1336",0.9951,1,0.5529,0,0.2574,4,6,FALSE,FALSE,FALSE
"GENE2000","GENE2000_HUMAN","P41351","Protein GENE2000",-0.5447,1,0.907306,0,0.0422,3,6,FALSE,FALSE,FALSE
"GENE1812","GENE1812_HUMAN","P71534","Protein GENE1812",0.3381,0.188329,0.133668,0.284,0.874,5,6,FALSE,FALSE,FALSE
"GENE1498","GENE1498_HUMAN","P21452","Protein GENE1498",0.2201,1,0.566128,0,0.2471,2,5,TRUE,FALSE,FALSE
"GENE0296","GENE0296_HUMAN","P12676","Protein GENE0296",0.3801,1,0.761647,0,0.1182,5,5,FALSE,FALSE,FALSE
"GENE0860","GENE0860_HUMAN","P84204","Protein GENE0860",-0.2256,0.665264,0.535556,0,0.2712,3,3,TRUE,TRUE,FALSE
"DDX17","DDX17_HUMAN","P75287","Protein DDX17",-0.2349,1,0.658881,0.0029,0.1812,5,2,TRUE,FALSE,FALSE
"GENE0818","GENE0818_HUMAN","P36924","Protein GENE0818",-0.6673,1,0.473014,0.2717,0.3251,4,4,FALSE,FALSE,FALSE
"GENE2843","GENE2843_HUMAN","P75999","Protein GENE2843",-0.4576,0.332127,0.245338,0.0865,0.6102,2,4,TRUE,FALSE,FALSE
"GENE1055","GENE1055_HUMAN","P60849","Protein GENE1055",0.0834,1,0.61197,0,0.2133,4,5,FALSE,FALSE,FALSE
"GENE0448","GENE0448_HUMAN","P89705","Protein GENE0448",0.1056,0.458078,0.143366,0.7901,0.8436,6,3,FALSE,FALSE,FALSE
"GENE0354","GENE0354_HUMAN","P20499","Protein GENE0354",0.0682,0.725268,0.523801,0.1765,0.2808,3,4,FALSE,TRUE,FALSE
"GENE0575","GENE0575_HUMAN","P64020","Protein GENE0575",-3.2824,0.025987,0.020746,1.217,1.6831,2,5,FALSE,FALSE,TRUE
"GENE0877","GENE0877_HUMAN","P76114","Protein GENE0877",0.2268,1,0.51187,0,0.2908,5,5,FALSE,FALSE,FALSE
"GENE0977","GENE0977_HUMAN","P23756","Protein GENE0977",-0.5446,1,0.967726,0,0.0142,3,6,FALSE,FALSE,FALSE
"NCOA1","NCOA1_HUMAN","P49257","Protein NCOA1",0.3842,1,0.952852,0,0.021,5,5,FALSE,FALSE,FALSE
"GENE2346","GENE2346_HUMAN","P95544","Protein GENE2346",0.4987,1,0.854655,0,0.0682,5,3,FALSE,FALSE,FALSE
"GENE0883","GENE0883_HUMAN","P28524","Protein GENE0883",0.1973,1,0.59038,0,0.2289,6,3,FALSE,FALSE,FALSE
"GENE1467","GENE1467_HUMAN","P59212","Protein GENE1467",-0.4177,0.449143,0.370795,0,0.4309,6,5,FALSE,FALSE,FALSE
"GENE0320","GENE0320_HUMAN","P90084","Protein GENE0320",-0.5309,1,0.518971,0,0.2849,4,5,FALSE,FALSE,FALSE
"GENE0188","GENE0188_HUMAN","P96567","Protein GENE0188",0.2219,1,0.9462,0,0.024,6,4,FALSE,FALSE,FALSE
"GENE2452","GENE2452_HUMAN","P36362","Protein GENE2452",0.2918,1,0.621178,0,0.2068,4,4,FALSE,TRUE,FALSE
"GENE2083","GENE2083_HUMAN","P66198","Protein GENE2083",0.2906,0.945609,0.652304,0,0.1855,5,6,FALSE,TRUE,FALSE
"GENE2390","GENE2390_HUMAN","P62277","Protein GENE2390",0.0291,0.917526,0.211174,0.0205,0.6754,2,4,FALSE,FALSE,FALSE
"GENE2176","GENE2176_HUMAN","P19187","Protein GENE2176",0.2979,1,0.361742,0,0.4416,4,2,FALSE,FALSE,FALSE
"GENE0141","GENE0141_HUMAN","P36601","Protein GENE0141",-0.3783,0.2848,0.108501,0.3154,0.9646,6,4,FALSE,FALSE,FALSE
"GENE1556","GENE1556_HUMAN","P07521","Protein GENE1556",0.2018,1,0.968367,0,0.014,3,3,FALSE,FALSE,FALSE
"GENE1444","GENE1444_HUMAN","P64361","Protein GENE1444",-0.4139,1,0.342618,0,0.4652,5,5,FALSE,FALSE,FALSE
"GENE1270","GENE1270_HUMAN","P14702","Protein GENE1270",0.0713,0.551514,0.504963,0,0.2967,6,2,FALSE,FALSE,FALSE
"GENE0147","GENE0147_HUMAN","P11387","Protein GENE0147",0.0557,0.945396,0.555489,0,0.2553,5,4,FALSE,FALSE,FALSE
"GENE0496","GENE0496_HUMAN","P04241","Protein GENE0496",0.3444,0.666861,0.466902,0.2211,0.3308,4,5,FALSE,FALSE,FALSE
"GENE0652","GENE0652_HUMAN","P48359","Protein GENE0652",0.8854,0.21364,0.096624,0.8931,1.0149,2,3,FALSE,FALSE,FALSE
"GENE0654","GENE0654_HUMAN","P85517","Protein GENE0654",-0.5496,0.207358,0.046111,0.6504,1.3362,5,6,FALSE,FALSE,TRUE
"GENE0905","GENE0905_HUMAN","P28079","Protein GENE0905",-0.5309,1,0.841058,0,0.0752,4,5,FALSE,FALSE,FALSE
"GENE2607","GENE2607_HUMAN","P28688","Protein GENE2607",0.2187,1,0.542427,0,0.2657,3,2,FALSE,FALSE,FALSE
"GENE0798","GENE0798_HUMAN","P77691","Protein GENE0798",0.1041,1,0.642071,0.024,0.1924,2,5,FALSE,FALSE,FALSE
"GENE1172","GENE1172_HUMAN","P35424","Protein GENE1172",-0.2318,1,0.716105,0,0.145,5,4,TRUE,FALSE,FALSE
"GENE2008","GENE2008_HUMAN","P71135","Protein GENE2008",0.2523,1,0.807598,0,0.0928,6,2,FALSE,FALSE,FALSE
"GENE0936","GENE0936_HUMAN","P34355","Protein GENE0936",0.0764,1,0.676346,0,0.1698,5,3,FALSE,FALSE,FALSE
"GENE0317","GENE0317_HUMAN","P45713","Protein GENE0317",-0.2893,1,0.663763,0,0.178,2,3,FALSE,FALSE,FALSE
"GENE2158","GENE2158_HUMAN","P66747","Protein GENE2158",0.2223,1,0.638391,0,0.1949,3,5,FALSE,FALSE,FALSE
"GENE0617","GENE0617_HUMAN","P16927","Protein GENE0617",-0.588,1,0.939327,0,0.0272,6,4,FALSE,FALSE,FALSE
"GENE1651","GENE1651_HUMAN","P26215","Protein GENE1651",-0.6101,1,0.990577,0,0.0041,4,4,FALSE,FALSE,FALSE
"GENE0584","GENE0584_HUMAN","P57077","Protein GENE0584",-0.5172,0.989066,0.447901,0,0.3488,3,4,FALSE,TRUE,FALSE
"GENE2204","GENE2204_HUMAN","P75056","Protein GENE2204",-0.0113,1,0.841655,0,0.0749,4,4,FALSE,TRUE,FALSE
"GENE2118","GENE2118_HUMAN","P36785","Protein GENE2118",-0.9646,0.444327,0.150465,0.1482,0.8226,6,2,FALSE,FALSE,FALSE
"GENE2660","GENE2660_HUMAN","P75225","Protein GENE2660",-0.2609,1,0.380056,0,0.4202,4,5,FALSE,FALSE,FALSE
"GENE1788","GENE1788_HUMAN","P83648","Protein GENE1788",0.5984,0.55234,0.159306,0.7805,0.7978,5,6,FALSE,FALSE,FALSE
"GENE0879","GENE0879_HUMAN","P05507","Protein GENE0879",0.3695,0.93885,0.306859,0.1001,0.5131,5,6,FALSE,FALSE,FALSE
"GENE2612","GENE2612_HUMAN","P55433","Protein GENE2612",0.3059,0.279455,0.062896,1.0558,1.2014,3,4,FALSE,FALSE,FALSE
"GENE0885","GENE0885_HUMAN","P04023","Protein GENE0885",0.0118,1,0.46299,0,0.3344,5,3,FALSE,FALSE,FALSE
"GENE2043","GENE2043_HUMAN","P87845","Protein GENE2043",3.2082,0.046815,0.037399,1.0851,1.4271,4,3,FALSE,FALSE,TRUE
"GENE1003","GENE1003_HUMAN","P53567","Protein GENE1003",-0.1179,1,0.567758,0,0.2458,5,3,FALSE,FALSE,FALSE
"GENE0549","GENE0549_HUMAN","P37446","Protein GENE0549",-0.3825,0.97329,0.936564,0,0.0285,6,4,TRUE,FALSE,FALSE
"GENE2563","GENE2563_HUMAN","P06013","Protein GENE2563",0.3219,1,0.451994,0,0.3449,4,5,FALSE,TRUE,FALSE
"GENE2111","GENE2111_HUMAN","P28929","Protein GENE2111",-0.8517,1,0.493661,0,0.3066,6,3,FALSE,FALSE,FALSE
"GENE0544","GENE0544_HUMAN","P86243","Protein GENE0544",0.1388,0.22864,0.163184,0.2158,0.7873,2,4,FALSE,FALSE,FALSE
"GENE1436","GENE1436_HUMAN","P57659","Protein GENE1436",0.1587,1,0.622125,0,0.2061,6,6,FALSE,TRUE,FALSE
"GENE2492","GENE2492_HUMAN","P97545","Protein GENE2492",-0.2637,1,0.778958,0,0.1085,4,2,FALSE,FALSE,FALSE
"GENE0184","GENE0184_HUMAN","P85825","Protein GENE0184",1.3663,0.040608,0.014318,1.2562,1.8441,6,4,FALSE,FALSE,TRUE
"GENE1344","GENE1344_HUMAN","P90043","Protein GENE1344",0.3752,1,0.717643,0,0.1441,2,2,FALSE,FALSE,FALSE
"GENE0223","GENE0223_HUMAN","P28749","Protein GENE0223",-0.3511,1,0.610908,0.125,0.214,6,5,FALSE,FALSE,FALSE
"GENE1433","GENE1433_HUMAN","P89726","Protein GENE1433",-0.142,1,0.585332,0,0.2326,5,5,FALSE,FALSE,FALSE
"GENE1094","GENE1094_HUMAN","P28768","Protein GENE1094",0.0854,1,0.67061,0,0.1735,2,4,FALSE,FALSE,FALSE
"GENE2579","GENE2579_HUMAN","P84711","Protein GENE2579",-0.4244,0.289685,0.101893,0.3167,0.9919,2,4,FALSE,FALSE,FALSE
"GENE2663","GENE2663_HUMAN","P98407","Protein GENE2663",0.9475,0.599846,0.324276,0,0.4891,5,6,FALSE,FALSE,FALSE
"GENE1923","GENE1923_HUMAN","P46295","Protein GENE1923",-1.8243,0.11829,0.02987,0.8909,1.5248,5,5,FALSE,FALSE,TRUE
"GENE2483","GENE2483_HUMAN","P46066","Protein GENE2483",-0.2425,0.969806,0.349899,0.1682,0.4561,4,5,FALSE,FALSE,FALSE
"GENE1236","GENE1236_HUMAN","P55316","Protein GENE1236",0.3907,1,0.303673,0.1208,0.5176,5,3,FALSE,FALSE,FALSE
"GENE1741","GENE1741_HUMAN","P81756","Protein GENE1741",0.0435,0.981421,0.702746,0,0.1532,6,2,FALSE,FALSE,FALSE
"GENE2387","GENE2387_HUMAN","P86833","Protein GENE2387",0.5955,0.935526,0.868444,0,0.0613,5,4,FALSE,TRUE,FALSE
"GENE1894","GENE1894_HUMAN","P38272","Protein GENE1894",-0.26,0.287189,0.190038,0.3487,0.7212,3,3,FALSE,FALSE,FALSE
"GENE0596","GENE0596_HUMAN","P50237","Protein GENE0596",0.4458,0.633465,0.196676,0.0134,0.7062,3,6,TRUE,FALSE,FALSE
"GENE1814","GENE1814_HUMAN","P79322","Protein GENE1814",0.258,1,0.945645,0,0.0243,3,3,FALSE,FALSE,FALSE
"GENE1625","GENE1625_HUMAN","P01287","Protein GENE1625",0.1967,0.885043,0.49927,0.0605,0.3017,3,3,FALSE,FALSE,FALSE
"GENE2196","GENE2196_HUMAN","P82963","Protein GENE2196",-0.2426,1,0.577649,0,0.2383,6,3,FALSE,FALSE,FALSE
"GENE2670","GENE2670_HUMAN","P52919","Protein GENE2670",0.1745,1,0.74408,0,0.1284,2,5,FALSE,FALSE,FALSE
"GENE2248","GENE2248_HUMAN","P37186","Protein GENE2248",0.313,1,0.44804,0.0045,0.3487,2,3,FALSE,FALSE,FALSE
"GENE1137","GENE1137_HUMAN","P12349","Protein GENE1137",0.6758,1,0.622676,0,0.2057,5,4,FALSE,FALSE,FALSE
"GENE1915","GENE1915_HUMAN","P35911","Protein GENE1915",-0.2036,1,0.489775,0.2616,0.31,2,2,FALSE,TRUE,FALSE
"GENE2216","GENE2216_HUMAN","P91235","Protein GENE2216",-0.1246,0.378267,0.179457,0.2964,0.746,2,5,FALSE,FALSE,FALSE
"GENE0781","GENE0781_HUMAN","P58946","Protein GENE0781",0.0551,1,0.517932,0,0.2857,6,6,FALSE,FALSE,FALSE
"GENE0881","GENE0881_HUMAN","P81898","Protein GENE0881",0.0384,1,0.918301,0,0.037,2,2,FALSE,FALSE,FALSE
"GENE2436","GENE2436_HUMAN","P65794","Protein GENE2436",-0.6872,0.564664,0.404314,0.3527,0.3933,6,3,FALSE,FALSE,FALSE
"GENE0205","GENE0205_HUMAN","P77301","Protein GENE0205",0.4304,1,0.71849,0,0.1436,2,2,FALSE,FALSE,FALSE
"GENE0068","GENE0068_HUMAN","P11352","Protein GENE0068",-0.7786,1,0.725333,0,0.1395,5,4,FALSE,FALSE,FALSE
"GENE0640","GENE0640_HUMAN","P06867","Protein GENE0640",-0.0879,0.623986,0.541024,0,0.2668,6,6,FALSE,FALSE,FALSE
"GENE2852","GENE2852_HUMAN","P71077","Protein GENE2852",0.498,1,0.496507,0,0.3041,5,4,FALSE,FALSE,FALSE
"GENE1620","GENE1620_HUMAN","P05612","Protein GENE1620",0.2497,1,0.962009,0,0.0168,2,4,FALSE,FALSE,FALSE
"GENE2746","GENE2746_HUMAN","P91799","Protein GENE2746",-0.0828,0.337175,0.163617,0.5939,0.7862,2,2,FALSE,FALSE,FALSE
"GENE1095","GENE1095_HUMAN","P16308","Protein GENE1095",0.4511,0.939172,0.734768,0,0.1338,2,6,FALSE,FALSE,FALSE
"GENE0471","GENE0471_HUMAN","P46035","Protein GENE0471",-0.1057,0.834648,0.233595,0.0528,0.6315,3,6,FALSE,FALSE,FALSE
"GENE1250","GENE1250_HUMAN","P07536","Protein GENE1250",-0.2343,1,0.979228,0,0.0091,3,5,FALSE,FALSE,FALSE
"GENE1504","GENE1504_HUMAN","P88102","Protein GENE1504",0.2774,1,0.492153,0,0.3079,2,5,FALSE,FALSE,FALSE
"GENE2073","GENE2073_HUMAN","P61415","Protein GENE2073",0.106,1,0.819839,0,0.0863,3,3,FALSE,FALSE,FALSE
"GENE1599","GENE1599_HUMAN","P47353","Protein GENE1599",1.2323,0.019647,0.004604,2.0555,2.3369,4,6,FALSE,FALSE,TRUE
"GENE1657","GENE1657_HUMAN","P73763","Protein GENE1657",3.1149,0.069918,0.030841,0.9504,1.5109,2,4,FALSE,TRUE,TRUE
"GENE1213","GENE1213_HUMAN","P20866","Protein GENE1213",-0.1752,0.564421,0.182863,0.2601,0.7379,4,3,FALSE,FALSE,FALSE
"GENE0339","GENE0339_HUMAN","P04460","Protein GENE0339",-0.3527,1,0.549,0,0.2604,3,2,FALSE,FALSE,FALSE
"GENE1332","GENE1332_HUMAN","P90248","Protein GENE1332",-0.2749,0.201749,0.062427,0.8819,1.2046,4,4,FALSE,FALSE,FALSE
"GENE1552","GENE1552_HUMAN","P26207","Protein GENE1552",0.1422,0.474955,0.457275,0,0.3398,5,6,FALSE,FALSE,FALSE
"GENE0443","GENE0443_HUMAN","P46769","Protein GENE0443",-0.196,1,0.418265,0.0714,0.3785,6,5,FALSE,FALSE,FALSE
"GENE1913","GENE1913_HUMAN","P50547","Protein GENE1913",-0.1967,1,0.388881,0,0.4102,4,2,FALSE,FALSE,FALSE
"GENE2739","GENE2739_HUMAN","P04601","Protein GENE2739",0.2801,0.374191,0.129708,0.6485,0.887,4,4,FALSE,FALSE,FALSE
"GENE1249","GENE1249_HUMAN","P11013","Protein GENE1249",0.0856,1,0.627848,0,0.2021,2,3,FALSE,FALSE,FALSE
"GENE1378","GENE1378_HUMAN","P28313","Protein GENE1378",0.008,1,0.569974,0,0.2441,2,6,FALSE,TRUE,FALSE
"GENE2326","GENE2326_HUMAN","P09881","Protein GENE2326",-0.1664,1,0.614583,0,0.2114,5,5,FALSE,FALSE,FALSE
"GENE2201","GENE2201_HUMAN","P57766","Protein GENE2201",0.0767,0.832581,0.219471,0.0226,0.6586,5,3,FALSE,TRUE,FALSE
"GENE0227","GENE0227_HUMAN","P55911","Protein GENE0227",-0.0549,0.619867,0.604758,0.1076,0.2184,3,4,FALSE,FALSE,FALSE
"GENE0419","GENE0419_HUMAN","P99853","Protein GENE0419",-0.169,1,0.419596,0.077,0.3772,6,6,FALSE,FALSE,FALSE
"GENE0996","GENE0996_HUMAN","P98143","Protein GENE0996",0.5571,1,0.64191,0,0.1925,3,5,FALSE,FALSE,FALSE
"GENE1811","GENE1811_HUMAN","P23762","Protein GENE1811",-0.6448,0.707602,0.406411,0,0.391,2,2,TRUE,FALSE,FALSE
"GENE0746","GENE0746_HUMAN","P21646","Protein GENE0746",3.027,0.052477,0.012884,1.412,1.89,3,6,FALSE,FALSE,TRUE
"GENE1815","GENE1815_HUMAN","P84821","Protein GENE1815",-0.0132,0.53662,0.119097,0.5713,0.9241,5,5,TRUE,FALSE,FALSE
"GENE0225","GENE0225_HUMAN","P35744","Protein GENE0225",-0.7551,0.36795,0.162942,0.7223,0.788,3,5,TRUE,FALSE,FALSE
"GENE1292","GENE1292_HUMAN","P89532","Protein GENE1292",-0.2898,1,0.864434,0,0.0633,4,5,FALSE,FALSE,FALSE
"GENE0954","GENE0954_HUMAN","P43923","Protein GENE0954",0.4799,1,0.321209,0.1572,0.4932,2,4,FALSE,FALSE,FALSE
"GENE1806","GENE1806_HUMAN","P06681","Protein GENE1806",-0.2692,1,0.728975,0,0.1373,5,3,FALSE,TRUE,FALSE
"GENE2643","GENE2643_HUMAN","P87501","Protein GENE2643",-0.2817,1,0.481163,0.0324,0.3177,3,3,FALSE,FALSE,FALSE
"GENE2749","GENE2749_HUMAN","P88672","Protein GENE2749",0.554,1,0.539713,0.2353,0.2678,2,3,FALSE,FALSE,FALSE
"GENE0076","GENE0076_HUMAN","P49541","Protein GENE0076",0.6332,0.149646,0.040446,1.3748,1.3931,4,5,FALSE,FALSE,TRUE
"GENE1449","GENE1449_HUMAN","P69329","Protein GENE1449",0.106,1,0.523138,0,0.2814,2,3,FALSE,FALSE,FALSE
"GENE0800","GENE0800_HUMAN","P81867","Protein GENE0800",0.1352,1,0.341718,0.0207,0.4663,4,4,FALSE,TRUE,FALSE
"GENE0341","GENE0341_HUMAN","P99972","Protein GENE0341",-0.2476,1,0.534809,0,0.2718,4,4,TRUE,FALSE,FALSE
"GENE2300","GENE2300_HUMAN","P23165","Protein GENE2300",0.4316,0.331303,0.272465,0.2147,0.5647,5,5,FALSE,TRUE,FALSE
"GENE1875","GENE1875_HUMAN","P18382","Protein GENE1875",0.5728,0.434718,0.116766,0.2411,0.9327,6,6,FALSE,FALSE,FALSE
"GENE0902","GENE0902_HUMAN","P27098","Protein GENE0902",1.6594,0.023265,0.019267,1.0298,1.7152,3,4,FALSE,FALSE,TRUE
"GENE2352","GENE2352_HUMAN","P46671","Protein GENE2352",0.9881,0.100545,0.076356,0.6589,1.1172,5,3,FALSE,FALSE,FALSE
"GENE2578","GENE2578_HUMAN","P92763","Protein GENE2578",2.3229,0.020121,0.013176,1.5702,1.8802,4,4,FALSE,FALSE,TRUE
"GENE2467","GENE2467_HUMAN","P38428","Protein GENE2467",-0.0986,1,0.753859,0,0.1227,4,5,FALSE,FALSE,FALSE
"GENE1135","GENE1135_HUMAN","P58951","Protein GENE1135",1.174,0.12616,0.028491,0.8847,1.5453,4,3,FALSE,FALSE,TRUE
"GENE2131","GENE2131_HUMAN","P38908","Protein GENE2131",0.3285,1,0.515022,0,0.2882,2,6,FALSE,FALSE,FALSE
"GENE1639","GENE1639_HUMAN","P62931","Protein GENE1639",0.4676,1,0.769743,0,0.1137,5,6,FALSE,FALSE,FALSE
"GENE1491","GENE1491_HUMAN","P12552","Protein GENE1491",-0.3649,0.712711,0.174163,0.5032,0.759,3,4,FALSE,FALSE,FALSE
"GENE0777","GENE0777_HUMAN","P07157","Protein GENE0777",0.0785,1,0.896169,0,0.0476,6,3,FALSE,FALSE,FALSE
"GENE2041","GENE2041_HUMAN","P88673","Protein GENE2041",-0.0898,1,0.767903,0,0.1147,4,4,FALSE,FALSE,FALSE
"GENE1707","GENE1707_HUMAN","P13599","Protein GENE1707",0.1959,1,0.475058,0,0.3233,4,3,FALSE,FALSE,FALSE
"GENE2193","GENE2193_HUMAN","P53816","Protein GENE2193",-0.0114,1,0.598531,0,0.2229,4,2,FALSE,FALSE,FALSE
"GENE2684","GENE2684_HUMAN","P06940","Protein GENE2684",-0.2158,0.85,0.210468,0.1551,0.6768,2,3,FALSE,FALSE,FALSE
"GENE0601","GENE0601_HUMAN","P04860","Protein GENE0601",-0.2335,1,0.38823,0,0.4109,3,4,FALSE,FALSE,FALSE
"GENE0553","GENE0553_HUMAN","P98147","Protein GENE0553",0.0162,1,0.668549,0,0.1749,4,3,FALSE,FALSE,FALSE
"GENE1842","GENE1842_HUMAN","P17744","Protein GENE1842",-0.3132,1,0.280626,0,0.5519,2,6,FALSE,FALSE,FALSE
"GENE0837","GENE0837_HUMAN","P67089","Protein GENE0837",-0.1815,0.975552,0.485921,0.1558,0.3134,3,3,FALSE,FALSE,FALSE
"GENE1698","GENE1698_HUMAN","P81919","Protein GENE1698",-0.0221,0.816632,0.385288,0,0.4142,6,4,FALSE,FALSE,FALSE
"GENE0785","GENE0785_HUMAN","P61218","Protein GENE0785",-0.2464,0.750987,0.32137,0.2176,0.493,5,5,TRUE,FALSE,FALSE
"GENE1450","GENE1450_HUMAN","P60306","Protein GENE1450",0.5825,1,0.491464,0,0.3085,5,6,FALSE,FALSE,FALSE
"GENE0758","GENE0758_HUMAN","P60595","Protein GENE0758",0.8456,1,0.667316,0,0.1757,5,6,TRUE,FALSE,FALSE
"GENE1975","GENE1975_HUMAN","P88682","Protein GENE1975",-0.6356,1,0.959466,0,0.018,5,3,FALSE,FALSE,FALSE
"GENE0445","GENE0445_HUMAN","P18431","Protein GENE0445",-0.1248,1,0.653831,0,0.1845,3,3,FALSE,FALSE,FALSE
"GENE2419","GENE2419_HUMAN","P65482","Protein GENE2419",0.0881,1,0.734534,0,0.134,4,6,FALSE,FALSE,FALSE
"GENE0429","GENE0429_HUMAN","P00428","Protein GENE0429",-0.4585,1,0.363689,0,0.4393,2,4,FALSE,FALSE,FALSE
"GENE2830","GENE2830_HUMAN","P72824","Protein GENE2830",0.4656,0.936395,0.619151,0,0.2082,4,6,FALSE,FALSE,FALSE
"GENE1091","GENE1091_HUMAN","P93685","Protein GENE1091",0.2255,0.546924,0.377842,0.2165,0.4227,4,3,FALSE,FALSE,FALSE
"GENE1005","GENE1005_HUMAN","P46946","Protein GENE1005",0.2251,1,0.612454,0,0.2129,3,3,TRUE,FALSE,FALSE
"GENE1280","GENE1280_HUMAN","P45613","Protein GENE1280",0.7289,1,0.522593,0,0.2818,3,3,FALSE,FALSE,FALSE
"GENE1743","GENE1743_HUMAN","P37187","Protein GENE1743",0.446,0.409294,0.207579,0.0058,0.6828,2,6,FALSE,FALSE,FALSE
"GENE0173","GENE0173_HUMAN","P60111","Protein GENE0173",-1.6225,0.075949,0.040546,0.9594,1.392,4,3,FALSE,FALSE,TRUE
"GENE1503","GENE1503_HUMAN","P14835","Protein GENE1503",0.1223,1,0.38146,0.1229,0.4186,6,2,FALSE,TRUE,FALSE
"GENE1523","GENE1523_HUMAN","P52490","Protein GENE1523",-0.202,0.598206,0.259456,0.4479,0.5859,2,4,FALSE,FALSE,FALSE
"GENE1813","GENE1813_HUMAN","P03621","Protein GENE1813",0.3768,1,0.583911,0,0.2337,5,5,FALSE,FALSE,FALSE
"GENE2189","GENE2189_HUMAN","P35828","Protein GENE2189",-0.3346,0.49283,0.371504,0.0607,0.43,4,4,FALSE,TRUE,FALSE
"GENE1726","GENE1726_HUMAN","P86097","Protein GENE1726",-0.7168,1,0.415627,0,0.3813,5,4,TRUE,TRUE,FALSE
"GENE2220","GENE2220_HUMAN","P73085","Protein GENE2220",0.0823,0.706864,0.50867,0.1068,0.2936,5,6,FALSE,FALSE,FALSE
"GENE1132","GENE1132_HUMAN","P81442","Protein GENE1132",0.0156,0.844668,0.799495,0,0.0972,2,4,FALSE,FALSE,FALSE
"GENE1712","GENE1712_HUMAN","P27585","Protein GENE1712",-0.054,1,0.491057,0,0.3089,4,5,FALSE,FALSE,FALSE
"GENE0956","GENE0956_HUMAN","P80413","Protein GENE0956",0.2864,0.257521,0.166803,0.2327,0.7778,2,6,FALSE,FALSE,FALSE
"GENE0387","GENE0387_HUMAN","P92518","Protein GENE0387",0.08,0.932153,0.552267,0,0.2579,2,5,FALSE,FALSE,FALSE
"GENE1284","GENE1284_HUMAN","P10237","Protein GENE1284",-0.4573,1,0.765998,0,0.1158,3,5,FALSE,FALSE,FALSE
"GENE0791","GENE0791_HUMAN","P17526","Protein GENE0791",0.5645,1,0.477124,0,0.3214,4,6,FALSE,FALSE,FALSE
"GENE2296","GENE2296_HUMAN","P08581","Protein GENE2296",0.1927,0.084994,0.067158,0.5723,1.1729,6,6,FALSE,FALSE,FALSE
"GENE2827","GENE2827_HUMAN","P06570","Protein GENE2827",0.0242,1,0.954889,0,0.02,3,6,FALSE,FALSE,FALSE
"GENE2899","GENE2899_HUMAN","P91284","Protein GENE2899",0.2697,1,0.412684,0,0.3844,6,2,FALSE,FALSE,FALSE
"GENE2042","GENE2042_HUMAN","P80246","Protein GENE2042",-0.3225,0.883709,0.196423,0.3133,0.7068,5,5,FALSE,FALSE,FALSE
"GENE1757","GENE1757_HUMAN","P63068","Protein GENE1757",0.1607,1,0.984096,0,0.007,2,5,FALSE,TRUE,FALSE
"GENE2348","GENE2348_HUMAN","P57037","Protein GENE2348",-0.6434,0.064788,0.060825,0.9933,1.2159,5,5,FALSE,FALSE,FALSE
"GENE0008","GENE0008_HUMAN","P29843","Protein GENE0008",-0.0223,1,0.487278,0,0.3122,3,6,FALSE,FALSE,FALSE
"DDX41","DDX41_HUMAN","P23300","Protein DDX41",-0.1969,1,0.686643,0,0.1633,3,6,FALSE,FALSE,FALSE
"GENE0825","GENE0825_HUMAN","P53965","Protein GENE0825",0.2815,1,0.932984,0,0.0301,2,2,FALSE,FALSE,FALSE
"GENE1215","GENE1215_HUMAN","P22834","Protein GENE1215",-0.2104,1,0.59613,0.0091,0.2247,5,2,FALSE,FALSE,FALSE
"GENE1748","GENE1748_HUMAN","P30357","Protein GENE1748",-0.2449,0.27257,0.26002,0.4806,0.585,4,6,FALSE,FALSE,FALSE
"GENE1539","GENE1539_HUMAN","P77313","Protein GENE1539",0.2399,1,0.262628,0,0.5807,3,6,FALSE,FALSE,FALSE
"GENE0285","GENE0285_HUMAN","P87268","Protein GENE0285",-0.4852,1,0.620455,0,0.2073,4,4,FALSE,FALSE,FALSE
"GENE0192","GENE0192_HUMAN","P43230","Protein GENE0192",-0.3253,1,0.515732,0,0.2876,3,5,FALSE,FALSE,FALSE
"GENE1687","GENE1687_HUMAN","P24054","Protein GENE1687",0.1198,0.490437,0.411731,0,0.3854,4,6,FALSE,FALSE,FALSE
"GENE1253","GENE1253_HUMAN","P74905","Protein GENE1253",0.1427,1,0.269755,0.2037,0.569,5,3,FALSE,TRUE,FALSE
"GENE1398","GENE1398_HUMAN","P60069","Protein GENE1398",-0.0992,1,0.563786,0.1091,0.2489,2,3,FALSE,FALSE,FALSE
"GENE0537","GENE0537_HUMAN","P36033","Protein GENE0537",0.5399,0.452447,0.340866,0,0.4674,3,5,FALSE,FALSE,FALSE
"GENE0355","GENE0355_HUMAN","P97565","Protein GENE0355",0.6566,0.286094,0.236307,0.2289,0.6265,2,6,FALSE,FALSE,FALSE
"GENE2224","GENE2224_HUMAN","P36003","Protein GENE2224",0.0237,1,0.702551,0.0645,0.1533,3,6,FALSE,FALSE,FALSE
"GENE1442","GENE1442_HUMAN","P11639","Protein GENE1442",0.1235,1,0.840378,0,0.0755,4,2,FALSE,FALSE,FALSE
"GENE0306","GENE0306_HUMAN","P05175","Protein GENE0306",0.0833,0.995608,0.246807,0,0.6076,5,6,FALSE,FALSE,FALSE
"GENE1512","GENE1512_HUMAN","P63546","Protein GENE1512",4.4876,0.022591,0.016306,1.5335,1.7877,6,6,FALSE,FALSE,TRUE
"GENE0370","GENE0370_HUMAN","P05637","Protein GENE0370",0.3218,1,0.82561,0,0.0832,3,3,FALSE,FALSE,FALSE
"GENE2226","GENE2226_HUMAN","P99946","Protein GENE2226",0.4011,1,0.58242,0,0.2348,5,2,FALSE,FALSE,FALSE
"GENE1271","GENE1271_HUMAN","P00555","Protein GENE1271",0.3621,0.878759,0.49752,0,0.3032,2,2,FALSE,FALSE,FALSE
"GENE0473","GENE0473_HUMAN","P88192","Protein GENE0473",-0.3979,0.944244,0.833537,0,0.0791,6,6,FALSE,FALSE,FALSE
"GENE2794","GENE2794_HUMAN","P00664","Protein GENE2794",-0.102,1,0.645627,0.0158,0.19,3,5,FALSE,FALSE,FALSE
"GENE0412","GENE0412_HUMAN","P25767","Protein GENE0412",0.2249,0.693243,0.531152,0,0.2748,5,6,TRUE,TRUE,FALSE
"GENE0351","GENE0351_HUMAN","P78437","Protein GENE0351",0.0715,0.361809,0.087996,0.7863,1.0555,4,5,FALSE,FALSE,FALSE
"ASCC1","ASCC1_HUMAN","P57199","Protein ASCC1",2.8608,0.108879,0.028938,0.9852,1.5385,4,4,FALSE,FALSE,TRUE
"GENE2407","GENE2407_HUMAN","P18613","Protein GENE2407",-0.5756,1,0.931222,0,0.0309,2,5,FALSE,FALSE,FALSE
"GENE1167","GENE1167_HUMAN","P32069","Protein GENE1167",0.1785,1,0.485532,0,0.3138,3,2,FALSE,FALSE,FALSE
"GENE0793","GENE0793_HUMAN","P66731","Protein GENE0793",0.2105,1,0.479141,0.0397,0.3195,3,5,FALSE,FALSE,FALSE
"GENE1425","GENE1425_HUMAN","P14623","Protein GENE1425",4.0647,0.048279,0.028292,1.1469,1.5483,4,3,FALSE,FALSE,TRUE
"GENE0614","GENE0614_HUMAN","P63109","Protein GENE0614",-0.5627,1,0.925287,0,0.0337,5,5,FALSE,FALSE,FALSE
"GENE2653","GENE2653_HUMAN","P57182","Protein GENE2653",0.1455,1,0.720593,0,0.1423,5,3,FALSE,FALSE,FALSE
"GENE2888","GENE2888_HUMAN","P06270","Protein GENE2888",0.2441,1,0.731205,0,0.136,3,4,FALSE,FALSE,FALSE
"GENE0671","GENE0671_HUMAN","P94213","Protein GENE0671",0.0044,1,0.732105,0,0.1354,6,5,FALSE,FALSE,FALSE
"GENE0846","GENE0846_HUMAN","P40128","Protein GENE0846",0.5649,0.170569,0.042804,0.9522,1.3685,6,2,FALSE,FALSE,TRUE
"GENE2105","GENE2105_HUMAN","P47455","Protein GENE2105",-0.1395,1,0.367046,0,0.4353,2,6,FALSE,FALSE,FALSE
"GENE0476","GENE0476_HUMAN","P27344","Protein GENE0476",0.1432,0.905507,0.65833,0,0.1816,2,5,FALSE,FALSE,FALSE
"GENE2162","GENE2162_HUMAN","P44687","Protein GENE2162",0.1707,1,0.423134,0,0.3735,4,2,FALSE,FALSE,FALSE
"GENE1580","GENE1580_HUMAN","P10248","Protein GENE1580",0.182,1,0.652921,0,0.1851,6,2,FALSE,FALSE,FALSE
"GENE2072","GENE2072_HUMAN","P81544","Protein GENE2072",0.1069,0.806775,0.706577,0,0.1508,5,4,FALSE,FALSE,FALSE
"GENE1017","GENE1017_HUMAN","P72059","Protein GENE1017",3.2292,0.031122,0.009497,1.5918,2.0224,6,5,FALSE,FALSE,TRUE
"GENE0598","GENE0598_HUMAN","P36616","Protein GENE0598",0.2723,1,0.761038,0,0.1186,4,5,FALSE,FALSE,FALSE
"GENE0756","GENE0756_HUMAN","P30831","Protein GENE0756",0.417,0.933178,0.582358,0,0.2348,4,6,FALSE,FALSE,FALSE
"GENE1999","GENE1999_HUMAN","P88935","Protein GENE1999",-0.2721,1,0.413109,0,0.3839,5,5,FALSE,FALSE,FALSE
"GENE1364","GENE1364_HUMAN","P77845","Protein GENE1364",-0.4266,0.57266,0.46243,0.1623,0.335,6,2,FALSE,FALSE,FALSE
"GENE1153","GENE1153_HUMAN","P89469","Protein GENE1153",-0.0705,1,0.620871,0,0.207,2,6,FALSE,FALSE,FALSE
"GENE0774","GENE0774_HUMAN","P25351","Protein GENE0774",-0.5639,1,0.733673,0,0.1345,5,4,FALSE,TRUE,FALSE
"GENE2140","GENE2140_HUMAN","P96730","Protein GENE2140",0.7196,0.849654,0.24998,0.1052,0.6021,4,6,FALSE,FALSE,FALSE
"GENE2762","GENE2762_HUMAN","P35610","Protein GENE2762",-0.2571,0.236358,0.078703,0.5489,1.104,6,6,FALSE,FALSE,FALSE
"GENE2482","GENE2482_HUMAN","P92521","Protein GENE2482",0.104,0.585884,0.579066,0,0.2373,5,4,FALSE,FALSE,FALSE
"GENE2577","GENE2577_HUMAN","P01261","Protein GENE2577",-0.2329,0.860722,0.428266,0,0.3683,3,2,FALSE,FALSE,FALSE
"GENE0401","GENE0401_HUMAN","P10833","Protein GENE0401",0.1409,1,0.370747,0,0.4309,2,6,FALSE,FALSE,FALSE
"PPP6R1","PPP6R1_HUMAN","P20823","Protein PPP6R1",2.7911,0.09703,0.027804,1.2849,1.5559,6,6,FALSE,FALSE,TRUE
"GENE1441","GENE1441_HUMAN","P12244","Protein GENE1441",0.0418,1,0.550072,0,0.2596,3,4,FALSE,FALSE,FALSE
"GENE1974","GENE1974_HUMAN","P80298","Protein GENE1974",-0.0588,1,0.439073,0.1229,0.3575,6,2,FALSE,FALSE,FALSE
"GENE2668","GENE2668_HUMAN","P36183","Protein GENE2668",-0.2412,1,0.881974,0,0.0545,6,2,FALSE,FALSE,FALSE
"GENE2816","GENE2816_HUMAN","P78615","Protein GENE2816",0.1621,0.383281,0.180968,0.2608,0.7424,5,3,FALSE,FALSE,FALSE
"GENE2606","GENE2606_HUMAN","P62181","Protein GENE2606",-0.4545,1,0.724583,0,0.1399,6,3,FALSE,FALSE,FALSE
"GENE1615","GENE1615_HUMAN","P41845","Protein GENE1615",-0.0039,1,0.438542,0,0.358,2,3,FALSE,FALSE,FALSE
"GENE0852","GENE0852_HUMAN","P79007","Protein GENE0852",-0.0326,1,0.362535,0,0.4407,6,2,TRUE,TRUE,FALSE
"GENE2702","GENE2702_HUMAN","P07820","Protein GENE2702",0.5565,1,0.56408,0,0.2487,3,4,FALSE,FALSE,FALSE
"GENE2341","GENE2341_HUMAN","P93946","Protein GENE2341",0.383,1,0.971844,0,0.0124,3,6,FALSE,FALSE,FALSE
"GENE2404","GENE2404_HUMAN","P56251","Protein GENE2404",-0.2547,1,0.573955,0.1572,0.2411,6,5,FALSE,FALSE,FALSE
"GENE2866","GENE2866_HUMAN","P04134","Protein GENE2866",-0.5907,0.400327,0.275745,0,0.5595,4,4,TRUE,FALSE,FALSE
"GENE0371","GENE0371_HUMAN","P32393","Protein GENE0371",-0.2386,1,0.955276,0,0.0199,3,2,FALSE,FALSE,FALSE
"GENE1650","GENE1650_HUMAN","P54989","Protein GENE1650",0.2012,0.554781,0.281437,0,0.5506,3,2,TRUE,FALSE,FALSE
"GENE1559","GENE1559_HUMAN","P53106","Protein GENE1559",-0.4494,1,0.300604,0.2534,0.522,5,3,FALSE,FALSE,FALSE
"GENE0647","GENE0647_HUMAN","P68707","Protein GENE0647",0.0306,1,0.767512,0,0.1149,4,6,FALSE,FALSE,FALSE
"GENE1216","GENE1216_HUMAN","P51330","Protein GENE1216",-0.1822,1,0.745045,0,0.1278,2,6,FALSE,FALSE,FALSE
"GENE1112","GENE1112_HUMAN","P52367","Protein GENE1112",-0.9331,1,0.872253,0,0.0594,2,2,FALSE,FALSE,FALSE
"GENE0706","GENE0706_HUMAN","P24902","Protein GENE0706",-0.4678,1,0.420944,0,0.3758,3,3,FALSE,FALSE,FALSE
"GENE1049","GENE1049_HUMAN","P75127","Protein GENE1049",0.2081,1,0.853225,0,0.0689,6,3,FALSE,FALSE,FALSE
"GENE2488","GENE2488_HUMAN","P15595","Protein GENE2488",-0.4592,1,0.236358,0.1646,0.6264,6,6,FALSE,FALSE,FALSE
"GENE1031","GENE1031_HUMAN","P27911","Protein GENE1031",0.1668,1,0.763239,0,0.1173,2,5,FALSE,FALSE,FALSE
"GENE1391","GENE1391_HUMAN","P81660","Protein GENE1391",0.1572,0.707764,0.704422,0,0.1522,3,3,FALSE,FALSE,FALSE
"GENE2280","GENE2280_HUMAN","P00024","Protein GENE2280",0.5264,1,0.94753,0,0.0234,2,6,FALSE,FALSE,FALSE
"GENE0094","GENE0094_HUMAN","P96896","Protein GENE0094",-0.181,0.742408,0.34708,0,0.4596,2,2,FALSE,FALSE,FALSE
"GENE1404","GENE1404_HUMAN","P18096","Protein GENE1404",-0.2015,1,0.735437,0,0.1335,3,5,FALSE,FALSE,FALSE
"GENE1129","GENE1129_HUMAN","P72192","Protein GENE1129",-0.2073,1,0.4037,0,0.3939,3,4,FALSE,FALSE,FALSE
"GENE1269","GENE1269_HUMAN","P06259","Protein GENE1269",-0.3877,1,0.948383,0,0.023,2,3,TRUE,FALSE,FALSE
"GENE0067","GENE0067_HUMAN","P53464","Protein GENE0067",0.017,1,0.434348,0,0.3622,2,3,FALSE,TRUE,FALSE
"GENE0153","GENE0153_HUMAN","P79945","Protein GENE0153",-0.1508,1,0.318941,0.0738,0.4963,5,3,FALSE,FALSE,FALSE
"GENE0980","GENE0980_HUMAN","P67393","Protein GENE0980",0.1081,1,0.341471,0,0.4666,2,2,FALSE,FALSE,FALSE
"GENE2069","GENE2069_HUMAN","P85471","Protein GENE2069",0.5209,0.411231,0.141262,0.229,0.85,2,5,FALSE,TRUE,FALSE
"GENE2338","GENE2338_HUMAN","P71789","Protein GENE2338",-0.2961,1,0.929863,0,0.0316,6,5,FALSE,FALSE,FALSE
"GENE2271","GENE2271_HUMAN","P89318","Protein GENE2271",-0.6327,1,0.471805,0,0.3262,5,6,FALSE,FALSE,FALSE
"GENE1950","GENE1950_HUMAN","P31700","Protein GENE1950",0.3192,1,0.99868,0,6e-04,2,4,FALSE,FALSE,FALSE
"GENE0312","GENE0312_HUMAN","P17671","Protein GENE0312",0.4381,1,0.285135,0,0.5449,3,2,FALSE,FALSE,FALSE
"GENE1844","GENE1844_HUMAN","P39061","Protein GENE1844",-0.3005,1,0.986702,0,0.0058,5,3,FALSE,FALSE,FALSE
"GENE1642","GENE1642_HUMAN","P53962","Protein GENE1642",0.9831,0.081676,0.017454,1.1957,1.7581,4,2,FALSE,FALSE,TRUE
"GENE2798","GENE2798_HUMAN","P95425","Protein GENE2798",0.1112,1,0.619159,0,0.2082,6,5,FALSE,TRUE,FALSE
"GENE0414","GENE0414_HUMAN","P44355","Protein GENE0414",0.0337,1,0.738955,0.0954,0.1314,2,6,FALSE,FALSE,FALSE
"GENE0672","GENE0672_HUMAN","P15504","Protein GENE0672",2.8423,0.092657,0.033832,1.08,1.4707,6,2,FALSE,FALSE,TRUE
"GENE1585","GENE1585_HUMAN","P73646","Protein GENE1585",-0.2759,0.243493,0.125895,0.3371,0.9,2,2,FALSE,FALSE,FALSE
"GENE1982","GENE1982_HUMAN","P09350","Protein GENE1982",-0.3415,1,0.960133,0,0.0177,2,2,FALSE,TRUE,FALSE
"GENE0069","GENE0069_HUMAN","P08220","Protein GENE0069",-0.486,1,0.715611,0,0.1453,5,2,FALSE,TRUE,FALSE
"GENE2415","GENE2415_HUMAN","P70744","Protein GENE2415",0.2437,1,0.983058,0,0.0074,2,6,FALSE,FALSE,FALSE
"GENE2316","GENE2316_HUMAN","P63730","Protein GENE2316",-0.6397,0.354679,0.353482,0,0.4516,3,4,TRUE,TRUE,FALSE
"GENE2070","GENE2070_HUMAN","P19729","Protein GENE2070",0.3433,0.326029,0.203598,0.6841,0.6912,2,2,FALSE,FALSE,FALSE
"GENE0037","GENE0037_HUMAN","P95076","Protein GENE0037",-0.2619,0.521707,0.26434,0,0.5778,6,3,FALSE,FALSE,FALSE
"GENE1234","GENE1234_HUMAN","P61206","Protein GENE1234",1.0228,1,0.379104,0.421,0.4212,2,5,FALSE,FALSE,FALSE
"GENE2350","GENE2350_HUMAN","P38464","Protein GENE2350",-0.2416,0.790893,0.177057,0.633,0.7519,2,3,FALSE,FALSE,FALSE
"GENE0677","GENE0677_HUMAN","P37679","Protein GENE0677",0.5778,1,0.891318,0,0.05,3,5,FALSE,FALSE,FALSE
"GENE0060","GENE0060_HUMAN","P27138","Protein GENE0060",0.4826,1,0.984388,0,0.0068,6,3,FALSE,FALSE,FALSE
"GENE2089","GENE2089_HUMAN","P99811","Protein GENE2089",-0.0659,1,0.955587,0,0.0197,6,3,TRUE,FALSE,FALSE
"GENE1635","GENE1635_HUMAN","P71582","Protein GENE1635",0.2914,1,0.927026,0,0.0329,6,5,TRUE,FALSE,FALSE
"GENE1085","GENE1085_HUMAN","P87989","Protein GENE1085",0.407,1,0.513841,0,0.2892,2,2,FALSE,FALSE,FALSE
"GENE2099","GENE2099_HUMAN","P91119","Protein GENE2099",-0.0978,1,0.628483,0,0.2017,4,6,FALSE,FALSE,FALSE
"GENE1247","GENE1247_HUMAN","P31002","Protein GENE1247",0.3387,1,0.342832,0.2498,0.4649,6,5,FALSE,FALSE,FALSE
"GENE1662","GENE1662_HUMAN","P36129","Protein GENE1662",-0.4806,1,0.929212,0,0.0319,2,5,FALSE,FALSE,FALSE
"GENE1826","GENE1826_HUMAN","P67230","Protein GENE1826",0.277,1,0.385221,0,0.4143,5,2,FALSE,FALSE,FALSE
"GENE2211","GENE2211_HUMAN","P38017","Protein GENE2211",-0.0706,0.85886,0.591154,0,0.2283,6,2,FALSE,FALSE,FALSE
"GENE0398","GENE0398_HUMAN","P87892","Protein GENE0398",-2.8422,0.037081,0.023909,1.4765,1.6214,3,6,FALSE,FALSE,TRUE
"GENE1867","GENE1867_HUMAN","P54581","Protein GENE1867",-0.1908,1,0.955467,0,0.0198,6,5,FALSE,FALSE,FALSE
"GENE0545","GENE0545_HUMAN","P99631","Protein GENE0545",-0.1546,1,0.232425,0.0105,0.6337,4,3,FALSE,FALSE,FALSE
"GENE0039","GENE0039_HUMAN","P79016","Protein GENE0039",-0.4374,0.82524,0.498921,0,0.302,5,6,FALSE,FALSE,FALSE
"GENE2716","GENE2716_HUMAN","P81563","Protein GENE2716",0.2305,1,0.869259,0,0.0609,5,2,FALSE,FALSE,FALSE
"GENE0302","GENE0302_HUMAN","P57306","Protein GENE0302",0.0046,1,0.773681,0,0.1114,6,2,FALSE,FALSE,FALSE
"GENE1390","GENE1390_HUMAN","P24743","Protein GENE1390",0.1918,1,0.485603,0.1486,0.3137,3,2,FALSE,FALSE,FALSE
"GENE1050","GENE1050_HUMAN","P28038","Protein GENE1050",0.1309,1,0.946556,0,0.0239,3,5,FALSE,FALSE,FALSE
"GENE0236","GENE0236_HUMAN","P68752","Protein GENE0236",0.494,0.35705,0.075608,0.7415,1.1214,5,5,FALSE,FALSE,FALSE
"GENE1484","GENE1484_HUMAN","P65545","Protein GENE1484",0.143,1,0.728621,0,0.1375,2,5,TRUE,FALSE,FALSE
"GENE2783","GENE2783_HUMAN","P45201","Protein GENE2783",0.1745,1,0.469411,0,0.3284,5,2,FALSE,TRUE,FALSE
"GENE2570","GENE2570_HUMAN","P75263","Protein GENE2570",0.0738,0.272823,0.061095,1.0759,1.214,3,5,FALSE,FALSE,FALSE
"NEK6","NEK6_HUMAN","P04958","Protein NEK6",0.0169,1,0.776194,0,0.11,4,5,FALSE,FALSE,FALSE
"GENE2309","GENE2309_HUMAN","P77661","Protein GENE2309",0.1434,0.645787,0.266612,0.0386,0.5741,4,3,FALSE,FALSE,FALSE
"GENE1575","GENE1575_HUMAN","P73269","Protein GENE1575",0.3028,1,0.674348,0,0.1711,3,4,FALSE,FALSE,FALSE
"GENE1110","GENE1110_HUMAN","P24610","Protein GENE1110",-0.2074,1,0.862887,0.0429,0.064,2,3,FALSE,TRUE,FALSE
"GENE0880","GENE0880_HUMAN","P17776","Protein GENE0880",-0.7344,1,0.388873,0,0.4102,2,3,FALSE,FALSE,FALSE
"GENE2286","GENE2286_HUMAN","P52397","Protein GENE2286",0.2319,0.358656,0.308023,0.0581,0.5114,2,3,FALSE,FALSE,FALSE
"GENE0590","GENE0590_HUMAN","P96569","Protein GENE0590",0.7964,0.165221,0.115284,0.266,0.9382,3,2,FALSE,TRUE,FALSE
"GENE2420","GENE2420_HUMAN","P30207","Protein GENE2420",-0.018,1,0.999478,0,2e-04,5,6,FALSE,FALSE,FALSE
"GENE0253","GENE0253_HUMAN","P00111","Protein GENE0253",0.1458,1,0.830873,0,0.0805,3,3,FALSE,FALSE,FALSE
"GENE1577","GENE1577_HUMAN","P40988","Protein GENE1577",0.3483,0.659371,0.319896,0,0.495,2,2,FALSE,FALSE,FALSE
"GENE1922","GENE1922_HUMAN","P55510","Protein GENE1922",-0.7808,1,0.976355,0,0.0104,2,4,FALSE,FALSE,FALSE
"GENE1739","GENE1739_HUMAN","P32173","Protein GENE1739",-1.8765,0.049742,0.018188,1.2834,1.7402,3,5,FALSE,FALSE,TRUE
"GENE2611","GENE2611_HUMAN","P87798","Protein GENE2611",-0.0026,0.751206,0.443428,0,0.3532,6,4,FALSE,FALSE,FALSE
"GENE2198","GENE2198_HUMAN","P79222","Protein GENE2198",-3.4478,0.168157,0.042045,1.0289,1.3763,5,5,FALSE,FALSE,TRUE
"GENE0195","GENE0195_HUMAN","P82706","Protein GENE0195",-0.6244,1,0.60008,0,0.2218,4,2,FALSE,FALSE,FALSE
"GENE0410","GENE0410_HUMAN","P08290","Protein GENE0410",0.1022,1,0.59755,0,0.2236,4,5,FALSE,FALSE,FALSE
"GENE1101","GENE1101_HUMAN","P81944","Protein GENE1101",0.0942,0.254819,0.117549,0.881,0.9298,4,4,TRUE,FALSE,FALSE
"GENE1368","GENE1368_HUMAN","P59706","Protein GENE1368",0.2051,0.759316,0.250749,0.3991,0.6008,4,4,FALSE,TRUE,FALSE
"GENE1001","GENE1001_HUMAN","P11500","Protein GENE1001",-0.1258,0.499595,0.297225,0,0.5269,3,3,FALSE,FALSE,FALSE
"GENE2567","GENE2567_HUMAN","P64769","Protein GENE2567",-0.7119,1,0.879532,0,0.0557,6,6,FALSE,FALSE,FALSE
"GENE1566","GENE1566_HUMAN","P51221","Protein GENE1566",-0.1263,0.564088,0.180658,0.4573,0.7431,6,6,FALSE,TRUE,FALSE
"GENE2788","GENE2788_HUMAN","P35008","Protein GENE2788",0.5232,0.561925,0.436368,0,0.3601,3,3,FALSE,FALSE,FALSE
"GENE0394","GENE0394_HUMAN","P99577","Protein GENE0394",0.5069,0.372935,0.152482,0.6877,0.8168,6,4,TRUE,FALSE,FALSE
"GENE1847","GENE1847_HUMAN","P07260","Protein GENE1847",-0.3855,1,0.278458,0.3529,0.5552,2,6,FALSE,FALSE,FALSE
"GENE1263","GENE1263_HUMAN","P04996","Protein GENE1263",0.2193,0.775685,0.356853,0.206,0.4475,6,2,FALSE,FALSE,FALSE
"GENE1246","GENE1246_HUMAN","P57728","Protein GENE1246",0.4004,1,0.446863,0,0.3498,5,6,FALSE,FALSE,FALSE
"GENE0098","GENE0098_HUMAN","P09005","Protein GENE0098",-1.3325,0.170201,0.048545,0.9962,1.3139,5,2,FALSE,FALSE,TRUE
"GENE2891","GENE2891_HUMAN","P65651","Protein GENE2891",-0.0514,1,0.850342,0,0.0704,3,3,FALSE,FALSE,FALSE
"GENE1165","GENE1165_HUMAN","P73290","Protein GENE1165",-0.4852,1,0.950663,0,0.022,4,3,FALSE,FALSE,FALSE
"GENE0479","GENE0479_HUMAN","P54304","Protein GENE0479",0.3202,1,0.943464,0,0.0253,6,6,FALSE,FALSE,FALSE
"GENE1755","GENE1755_HUMAN","P72083","Protein GENE1755",0.1693,1,0.564061,0,0.2487,4,6,FALSE,FALSE,FALSE
"GENE2536","GENE2536_HUMAN","P54834","Protein GENE2536",-0.2577,0.910867,0.618397,0,0.2087,2,5,FALSE,FALSE,FALSE
"GENE2819","GENE2819_HUMAN","P76818","Protein GENE2819",-0.1322,1,0.951269,0,0.0217,3,4,FALSE,FALSE,FALSE
"TRIP4","TRIP4_HUMAN","P61647","Protein TRIP4",1.6437,0.062451,0.019189,1.6885,1.7169,6,3,FALSE,FALSE,TRUE
"PKN3","PKN3_HUMAN","P68011","Protein PKN3",0.1023,0.15995,0.039297,0.8582,1.4056,5,2,FALSE,TRUE,FALSE
"GENE1382","GENE1382_HUMAN","P11701","Protein GENE1382",-4.2604,0.096845,0.032521,1.075,1.4878,4,3,FALSE,FALSE,TRUE
"GENE2874","GENE2874_HUMAN","P42942","Protein GENE2874",0.1173,0.19732,0.089193,1.0128,1.0497,2,2,FALSE,FALSE,FALSE
"GENE1060","GENE1060_HUMAN","P45737","Protein GENE1060",-0.7979,1,0.506772,0,0.2952,6,5,FALSE,FALSE,FALSE
"GENE1930","GENE1930_HUMAN","P32683","Protein GENE1930",-0.2984,0.467517,0.309161,0.1487,0.5098,5,4,FALSE,FALSE,FALSE
"GENE1268","GENE1268_HUMAN","P19903","Protein GENE1268",2.1909,0.036443,0.036118,1.2837,1.4423,2,3,FALSE,TRUE,TRUE
"GENE2600","GENE2600_HUMAN","P26790","Protein GENE2600",0.2942,1,0.759481,0,0.1195,4,5,FALSE,FALSE,FALSE
"GENE1590","GENE1590_HUMAN","P14731","Protein GENE1590",0.448,1,0.688512,0,0.1621,3,2,FALSE,FALSE,FALSE
"GENE2243","GENE2243_HUMAN","P98901","Protein GENE2243",0.9187,0.507136,0.292291,0,0.5342,2,2,TRUE,FALSE,FALSE
"GENE1799","GENE1799_HUMAN","P42129","Protein GENE1799",0.4841,1,0.701198,0,0.1542,2,4,FALSE,TRUE,FALSE
"GENE1084","GENE1084_HUMAN","P88897","Protein GENE1084",-0.0695,0.691828,0.259966,0.3401,0.5851,5,5,FALSE,FALSE,FALSE
"GENE2849","GENE2849_HUMAN","P64101","Protein GENE2849",-0.1709,1,0.546494,0,0.2624,3,6,FALSE,FALSE,FALSE
"GENE2085","GENE2085_HUMAN","P72211","Protein GENE2085",-0.5573,0.885753,0.214621,0.0249,0.6683,2,3,FALSE,FALSE,FALSE
"GENE2593","GENE2593_HUMAN","P03948","Protein GENE2593",0.8675,1,0.985773,0,0.0062,6,4,TRUE,FALSE,FALSE
"GENE2723","GENE2723_HUMAN","P36056","Protein GENE2723",0.4343,1,0.613249,0.1644,0.2124,2,6,FALSE,FALSE,FALSE
"GENE1365","GENE1365_HUMAN","P18922","Protein GENE1365",0.0231,1,0.900437,0,0.0455,6,6,FALSE,FALSE,FALSE
"GENE0987","GENE0987_HUMAN","P97778","Protein GENE0987",-0.2283,0.654206,0.350669,0.2313,0.4551,3,5,FALSE,FALSE,FALSE
"GENE0542","GENE0542_HUMAN","P70248","Protein GENE0542",0.1834,1,0.445659,0,0.351,3,2,FALSE,FALSE,FALSE
"GENE1822","GENE1822_HUMAN","P43472","Protein GENE1822",-0.1543,0.481034,0.436539,0,0.36,6,3,FALSE,FALSE,FALSE
"GENE0353","GENE0353_HUMAN","P64915","Protein GENE0353",-0.1951,0.979414,0.373946,0.0987,0.4272,2,6,FALSE,FALSE,FALSE
"GENE1808","GENE1808_HUMAN","P11768","Protein GENE1808",0.4627,0.404456,0.103233,0.9549,0.9862,4,3,FALSE,FALSE,FALSE
"GENE2471","GENE2471_HUMAN","P58035","Protein GENE2471",0.2771,1,0.679027,0,0.1681,3,5,FALSE,FALSE,FALSE
"GENE1194","GENE1194_HUMAN","P75747","Protein GENE1194",1.0135,1,0.463301,0.2793,0.3341,3,2,FALSE,FALSE,FALSE
"GENE0658","GENE0658_HUMAN","P40293","Protein GENE0658",0.5388,1,0.81812,0,0.0872,4,2,FALSE,TRUE,FALSE
"GENE0796","GENE0796_HUMAN","P81776","Protein GENE0796",-0.2894,1,0.507146,0,0.2949,5,6,FALSE,FALSE,FALSE
"GENE1661","GENE1661_HUMAN","P05183","Protein GENE1661",-0.0973,1,0.895749,0,0.0478,3,3,FALSE,TRUE,FALSE
"GENE1724","GENE1724_HUMAN","P10560","Protein GENE1724",1.717,0.067528,0.025793,1.3501,1.5885,5,3,FALSE,FALSE,TRUE
"GENE0378","GENE0378_HUMAN","P07299","Protein GENE0378",-0.5829,0.573565,0.144153,0.1938,0.8412,5,5,FALSE,FALSE,FALSE
"GENE0324","GENE0324_HUMAN","P96982","Protein GENE0324",0.1006,0.841595,0.598961,0,0.2226,5,3,FALSE,FALSE,FALSE
"GENE0489","GENE0489_HUMAN","P32245","Protein GENE0489",0.035,1,0.572782,0,0.242,6,4,TRUE,FALSE,FALSE
"GENE1367","GENE1367_HUMAN","P52550","Protein GENE1367",-0.503,1,0.491728,0,0.3083,5,5,FALSE,FALSE,FALSE
"GENE1468","GENE1468_HUMAN","P72230","Protein GENE1468",-2.0135,0.108858,0.045823,0.6572,1.3389,6,3,FALSE,FALSE,TRUE
"GENE1774","GENE1774_HUMAN","P65825","Protein GENE1774",-1.0174,0.736622,0.263939,0,0.5785,4,5,FALSE,TRUE,FALSE
"GENE2851","GENE2851_HUMAN","P26890","Protein GENE2851",0.1532,1,0.691292,0,0.1603,2,5,TRUE,FALSE,FALSE
"GENE2885","GENE2885_HUMAN","P43604","Protein GENE2885",-0.8558,1,0.747422,0.0093,0.1264,3,5,FALSE,FALSE,FALSE
"GENE0760","GENE0760_HUMAN","P15378","Protein GENE0760",0.1501,1,0.942082,0,0.0259,4,2,FALSE,FALSE,FALSE
"GENE1500","GENE1500_HUMAN","P86231","Protein GENE1500",-0.2753,1,0.290849,0.1734,0.5363,3,5,FALSE,FALSE,FALSE
"GENE2894","GENE2894_HUMAN","P32466","Protein GENE2894",-0.4504,1,0.742929,0,0.1291,3,2,FALSE,FALSE,FALSE
"GENE1730","GENE1730_HUMAN","P51721","Protein GENE1730",0.4947,0.484544,0.343883,0.0711,0.4636,2,6,FALSE,FALSE,FALSE
"GENE1654","GENE1654_HUMAN","P22896","Protein GENE1654",-0.463,0.50935,0.307682,0,0.5119,2,6,FALSE,FALSE,FALSE
"GENE0868","GENE0868_HUMAN","P21427","Protein GENE0868",0.4343,1,0.682229,0,0.1661,6,3,TRUE,FALSE,FALSE
"GENE1546","GENE1546_HUMAN","P80264","Protein GENE1546",-0.243,0.879119,0.519318,0.2281,0.2846,2,2,FALSE,FALSE,FALSE
"GENE1674","GENE1674_HUMAN","P44300","Protein GENE1674",-0.4221,1,0.400048,0,0.3979,5,6,FALSE,FALSE,FALSE
"GENE2811","GENE2811_HUMAN","P40617","Protein GENE2811",-3.65,0.166847,0.034517,0.9459,1.462,5,6,FALSE,TRUE,TRUE
"GPKOW","GPKOW_HUMAN","P63829","Protein GPKOW",-0.1457,0.542151,0.40548,0.19,0.392,5,5,FALSE,FALSE,FALSE
"GENE1184","GENE1184_HUMAN","P66833","Protein GENE1184",-0.3115,1,0.95037,0,0.0221,3,5,FALSE,FALSE,FALSE
"GENE1337","GENE1337_HUMAN","P98646","Protein GENE1337",0.3063,0.117421,0.080167,0.5672,1.096,4,6,FALSE,FALSE,FALSE
"ZNF598","ZNF598_HUMAN","P06817","Protein ZNF598",1.7101,0.021648,0.004471,2.3163,2.3496,3,4,FALSE,FALSE,TRUE
"GENE1561","GENE1561_HUMAN","P44453","Protein GENE1561",0.1734,0.594614,0.334077,0,0.4762,6,6,FALSE,FALSE,FALSE
"GENE0208","GENE0208_HUMAN","P22345","Protein GENE0208",-0.5762,1,0.646997,0,0.1891,5,2,FALSE,FALSE,FALSE
"GENE0139","GENE0139_HUMAN","P41982","Protein GENE0139",0.0362,1,0.650079,0,0.187,2,2,FALSE,FALSE,FALSE
"SUGP1","SUGP1_HUMAN","P61194","Protein SUGP1",0.2839,1,0.762103,0,0.118,6,3,FALSE,FALSE,FALSE
"GENE0043","GENE0043_HUMAN","P41040","Protein GENE0043",0.2978,1,0.550332,0,0.2594,5,6,FALSE,FALSE,FALSE
"GENE0679","GENE0679_HUMAN","P94160","Protein GENE0679",0.3202,1,0.902184,0,0.0447,5,2,FALSE,FALSE,FALSE
"GENE0230","GENE0230_HUMAN","P78595","Protein GENE0230",-0.5112,1,0.995827,0,0.0018,5,5,FALSE,FALSE,FALSE
"GENE1937","GENE1937_HUMAN","P87820","Protein GENE1937",0.5378,0.323368,0.072864,0.8674,1.1375,2,6,TRUE,FALSE,FALSE
"GENE0464","GENE0464_HUMAN","P00395","Protein GENE0464",0.2902,1,0.58443,0,0.2333,4,4,FALSE,FALSE,FALSE
"GENE2264","GENE2264_HUMAN","P26621","Protein GENE2264",-1.1817,0.040782,0.02903,1.2989,1.5372,4,4,FALSE,FALSE,TRUE
"GENE0191","GENE0191_HUMAN","P01652","Protein GENE0191",0.4882,1,0.546484,0,0.2624,6,6,FALSE,FALSE,FALSE
"GENE0700","GENE0700_HUMAN","P92115","Protein GENE0700",-0.4655,0.772079,0.211436,0.1491,0.6748,3,4,FALSE,FALSE,FALSE
"GENE2133","GENE2133_HUMAN","P05905","Protein GENE2133",0.86,0.143982,0.031277,0.9106,1.5048,3,6,FALSE,FALSE,TRUE
"GENE2339","GENE2339_HUMAN","P49228","Protein GENE2339",0.4962,1,0.292657,0,0.5336,3,6,FALSE,FALSE,FALSE
"GENE1841","GENE1841_HUMAN","P72248","Protein GENE1841",-1.6668,0.025081,0.006816,1.6445,2.1665,2,2,TRUE,FALSE,TRUE
"GENE1521","GENE1521_HUMAN","P55353","Protein GENE1521",0.2879,0.258104,0.113377,0.5089,0.9455,4,6,FALSE,FALSE,FALSE
"GENE0255","GENE0255_HUMAN","P04536","Protein GENE0255",4.0463,0.036257,0.008754,1.4749,2.0578,3,3,FALSE,FALSE,TRUE
"GENE0592","GENE0592_HUMAN","P20902","Protein GENE0592",-0.6403,0.151789,0.072913,0.578,1.1372,6,5,FALSE,FALSE,FALSE
"GENE1230","GENE1230_HUMAN","P86031","Protein GENE1230",-0.0171,1,0.821886,0,0.0852,3,5,FALSE,TRUE,FALSE
"GENE2654","GENE2654_HUMAN","P13454","Protein GENE2654",0.9586,1,0.930255,0,0.0314,3,2,FALSE,FALSE,FALSE
"GENE0081","GENE0081_HUMAN","P10526","Protein GENE0081",-2.1283,0.137199,0.028251,1.5048,1.549,5,6,TRUE,FALSE,TRUE
"GENE2890","GENE2890_HUMAN","P26896","Protein GENE2890",-0.7294,1,0.754017,0,0.1226,4,6,FALSE,FALSE,FALSE
"GENE0220","GENE0220_HUMAN","P85958","Protein GENE0220",0.5059,0.931652,0.33057,0.3396,0.4807,3,6,FALSE,FALSE,FALSE
"GENE1675","GENE1675_HUMAN","P88997","Protein GENE1675",0.2555,1,0.919666,0,0.0364,6,3,FALSE,FALSE,FALSE
"GENE0087","GENE0087_HUMAN","P44447","Protein GENE0087",0.1697,0.573403,0.303017,0.0842,0.5185,6,5,TRUE,FALSE,FALSE
"GENE1652","GENE1652_HUMAN","P42655","Protein GENE1652",0.3107,1,0.427577,0.1806,0.369,2,6,FALSE,FALSE,FALSE
"GENE1418","GENE1418_HUMAN","P33604","Protein GENE1418",0.1933,1,0.774155,0,0.1112,2,3,FALSE,FALSE,FALSE
"GENE1303","GENE1303_HUMAN","P15600","Protein GENE1303",-0.1583,1,0.661243,0,0.1796,6,6,TRUE,FALSE,FALSE
"GENE1291","GENE1291_HUMAN","P42445","Protein GENE1291",-0.3401,1,0.787192,0,0.1039,2,4,FALSE,FALSE,FALSE
"GENE0748","GENE0748_HUMAN","P05472","Protein GENE0748",0.2706,1,0.49129,0,0.3087,6,3,FALSE,FALSE,FALSE
"GENE1848","GENE1848_HUMAN","P04462","Protein GENE1848",-0.5878,1,0.760584,0,0.1189,2,5,FALSE,FALSE,FALSE
"GENE1622","GENE1622_HUMAN","P07097","Protein GENE1622",-0.4632,0.600919,0.129185,0.3305,0.8888,4,6,FALSE,FALSE,FALSE
"GENE2182","GENE2182_HUMAN","P50476","Protein GENE2182",0.7121,1,0.411381,0,0.3858,6,6,FALSE,FALSE,FALSE
"GENE0176","GENE0176_HUMAN","P82087","Protein GENE0176",-0.0618,1,0.521207,0,0.283,6,3,FALSE,TRUE,FALSE
"GENE1037","GENE1037_HUMAN","P54288","Protein GENE1037",1.2218,0.049929,0.026208,0.8889,1.5816,4,3,TRUE,FALSE,TRUE
"GENE2533","GENE2533_HUMAN","P89796","Protein GENE2533",-2.3879,0.077677,0.041165,1.2856,1.3855,2,2,FALSE,FALSE,TRUE
"GENE2362","GENE2362_HUMAN","P96794","Protein GENE2362",0.5404,1,0.927642,0,0.0326,6,4,FALSE,FALSE,FALSE
"GENE0727","GENE0727_HUMAN","P70304","Protein GENE0727",-0.6002,1,0.940083,0.0239,0.0268,6,2,FALSE,FALSE,FALSE
"GENE0689","GENE0689_HUMAN","P51911","Protein GENE0689",1.6704,0.09292,0.030709,0.9286,1.5127,6,3,FALSE,FALSE,TRUE
"GENE0327","GENE0327_HUMAN","P54858","Protein GENE0327",-0.0439,1,0.468341,0,0.3294,3,6,FALSE,FALSE,FALSE
"GENE2357","GENE2357_HUMAN","P97016","Protein GENE2357",-1.6531,0.089919,0.018679,1.2196,1.7286,6,6,TRUE,FALSE,TRUE
"GENE0789","GENE0789_HUMAN","P27091","Protein GENE0789",-0.6805,1,0.917094,0,0.0376,4,5,FALSE,FALSE,FALSE
"GENE0600","GENE0600_HUMAN","P34689","Protein GENE0600",0.3315,1,0.86667,0,0.0621,5,3,FALSE,FALSE,FALSE
"GENE0833","GENE0833_HUMAN","P32126","Protein GENE0833",0.1381,0.407675,0.086596,0.664,1.0625,2,3,FALSE,FALSE,FALSE
"GENE1879","GENE1879_HUMAN","P72366","Protein GENE1879",0.0121,0.687456,0.2529,0.1855,0.5971,5,5,FALSE,FALSE,FALSE
"GENE1090","GENE1090_HUMAN","P25104","Protein GENE1090",0.1599,1,0.385353,0,0.4141,3,5,FALSE,TRUE,FALSE
"GENE0948","GENE0948_HUMAN","P03259","Protein GENE0948",-0.1969,1,0.411633,0.0044,0.3855,2,6,FALSE,FALSE,FALSE
"GENE2879","GENE2879_HUMAN","P95650","Protein GENE2879",-0.1443,1,0.997245,0,0.0012,2,3,FALSE,FALSE,FALSE
"GENE0732","GENE0732_HUMAN","P28947","Protein GENE0732",0.6013,0.470586,0.095682,0.4051,1.0192,5,6,FALSE,FALSE,FALSE
"GENE0152","GENE0152_HUMAN","P39922","Protein GENE0152",-0.9041,1,0.985742,0,0.0062,2,4,FALSE,FALSE,FALSE
"GENE1797","GENE1797_HUMAN","P92313","Protein GENE1797",-3.6071,0.081338,0.022224,1.4751,1.6532,5,3,FALSE,FALSE,TRUE
"GENE2038","GENE2038_HUMAN","P16884","Protein GENE2038",0.3295,0.337045,0.251367,0.3817,0.5997,6,2,FALSE,TRUE,FALSE
"GENE2327","GENE2327_HUMAN","P45738","Protein GENE2327",-0.728,1,0.764899,0,0.1164,4,5,TRUE,FALSE,FALSE
"GENE1609","GENE1609_HUMAN","P06911","Protein GENE1609",-0.2476,1,0.408683,0.315,0.3886,4,4,FALSE,TRUE,FALSE
"GENE2137","GENE2137_HUMAN","P85787","Protein GENE2137",0.2434,1,0.309967,0.0332,0.5087,3,2,TRUE,FALSE,FALSE
"GENE2813","GENE2813_HUMAN","P81535","Protein GENE2813",0.1821,1,0.536686,0.1508,0.2703,3,4,FALSE,FALSE,FALSE
"GENE0249","GENE0249_HUMAN","P33228","Protein GENE0249",0.2197,1,0.364945,0,0.4378,6,3,TRUE,FALSE,FALSE
"GENE1910","GENE1910_HUMAN","P35488","Protein GENE1910",-4.0572,0.050941,0.012544,1.4174,1.9016,4,4,FALSE,FALSE,TRUE
"GENE1485","GENE1485_HUMAN","P63145","Protein GENE1485",0.2163,1,0.941313,0,0.0263,5,2,FALSE,FALSE,FALSE
"GENE2148","GENE2148_HUMAN","P63783","Protein GENE2148",0.1827,1,0.413848,0,0.3832,3,4,FALSE,FALSE,FALSE
"GENE2321","GENE2321_HUMAN","P21777","Protein GENE2321",-0.0178,1,0.860646,0,0.0652,5,3,FALSE,FALSE,FALSE
"GENE2395","GENE2395_HUMAN","P00385","Protein GENE2395",2.8532,0.009019,0.001967,2.0617,2.7062,5,6,FALSE,FALSE,TRUE
"GENE1451","GENE1451_HUMAN","P80054","Protein GENE1451",-0.5261,0.723947,0.193356,0.2995,0.7136,4,2,FALSE,FALSE,FALSE
"GENE1766","GENE1766_HUMAN","P37763","Protein GENE1766",0.5004,1,0.349404,0.1441,0.4567,2,2,FALSE,FALSE,FALSE
"GENE1863","GENE1863_HUMAN","P28106","Protein GENE1863",-0.4892,1,0.446254,0,0.3504,2,5,TRUE,FALSE,FALSE
"GENE0538","GENE0538_HUMAN","P34265","Protein GENE0538",3.0613,0.022216,0.007226,1.5983,2.1411,6,5,TRUE,TRUE,TRUE
"GENE1044","GENE1044_HUMAN","P44674","Protein GENE1044",0.3455,0.929822,0.489437,0,0.3103,6,6,FALSE,FALSE,FALSE
"GENE1882","GENE1882_HUMAN","P99180","Protein GENE1882",0.0668,1,0.592029,0.0335,0.2277,6,4,FALSE,TRUE,FALSE
"GENE2074","GENE2074_HUMAN","P12633","Protein GENE2074",-0.3005,0.429434,0.120955,0.3843,0.9174,4,5,TRUE,FALSE,FALSE
"GENE2893","GENE2893_HUMAN","P53162","Protein GENE2893",-0.7044,1,0.909951,0,0.041,6,3,FALSE,TRUE,FALSE
"GENE2484","GENE2484_HUMAN","P80646","Protein GENE2484",-0.094,0.337715,0.07036,0.5523,1.1527,4,2,FALSE,FALSE,FALSE
"GENE1208","GENE1208_HUMAN","P68441","Protein GENE1208",0.0116,0.740286,0.283563,0.0417,0.5474,4,6,FALSE,FALSE,FALSE
"GENE0145","GENE0145_HUMAN","P97489","Protein GENE0145",-0.4543,0.684817,0.263238,0.2722,0.5797,6,2,FALSE,FALSE,FALSE
"GENE2180","GENE2180_HUMAN","P53434","Protein GENE2180",0.1725,1,0.649197,0,0.1876,2,4,FALSE,FALSE,FALSE
"GENE0688","GENE0688_HUMAN","P54430","Protein GENE0688",0.5701,0.218968,0.089923,0.4407,1.0461,2,6,FALSE,TRUE,FALSE
"GENE0325","GENE0325_HUMAN","P93756","Protein GENE0325",-0.1789,1,0.907767,0,0.042,3,3,FALSE,FALSE,FALSE
"GENE2039","GENE2039_HUMAN","P42230","Protein GENE2039",-0.0508,1,0.941234,0,0.0263,2,2,FALSE,FALSE,FALSE
"GENE2386","GENE2386_HUMAN","P32895","Protein GENE2386",2.2274,0.070676,0.036273,0.9216,1.4404,6,6,FALSE,FALSE,TRUE
"GENE2388","GENE2388_HUMAN","P64501","Protein GENE2388",-0.3809,1,0.54631,0,0.2626,2,6,FALSE,FALSE,FALSE
"GENE0609","GENE0609_HUMAN","P51139","Protein GENE0609",0.3487,1,0.481818,0,0.3171,3,6,FALSE,FALSE,FALSE
"GENE0629","GENE0629_HUMAN","P79056","Protein GENE0629",0.2972,1,0.752544,0,0.1235,4,4,TRUE,FALSE,FALSE
"GENE0326","GENE0326_HUMAN","P27333","Protein GENE0326",0.0561,1,0.952873,0,0.021,2,5,TRUE,FALSE,FALSE
"GENE2370","GENE2370_HUMAN","P97823","Protein GENE2370",0.11,0.583828,0.144978,0.4555,0.8387,4,5,FALSE,FALSE,FALSE
"GENE2367","GENE2367_HUMAN","P28046","Protein GENE2367",-0.1434,1,0.671172,0,0.1732,5,4,FALSE,FALSE,FALSE
"GENE1536","GENE1536_HUMAN","P39059","Protein GENE1536",0.1747,0.54474,0.487799,0.0487,0.3118,2,2,FALSE,FALSE,FALSE
"GENE2095","GENE2095_HUMAN","P23754","Protein GENE2095",-0.4378,1,0.570504,0.0958,0.2437,2,6,FALSE,FALSE,FALSE
"GENE2184","GENE2184_HUMAN","P29248","Protein GENE2184",3.3593,0.124114,0.041215,1.1947,1.3849,3,4,FALSE,FALSE,TRUE
"GENE0768","GENE0768_HUMAN","P81454","Protein GENE0768",-0.1423,1,0.67151,0,0.1729,4,2,FALSE,FALSE,FALSE
"GENE2493","GENE2493_HUMAN","P43611","Protein GENE2493",0.3331,0.711178,0.435008,0,0.3615,2,5,FALSE,FALSE,FALSE
"GENE0754","GENE0754_HUMAN","P80423","Protein GENE0754",0.9288,1,0.597042,0,0.224,4,5,FALSE,FALSE,FALSE
"GENE1125","GENE1125_HUMAN","P20448","Protein GENE1125",-0.2524,1,0.98712,0,0.0056,5,3,FALSE,FALSE,FALSE
"GENE2822","GENE2822_HUMAN","P81861","Protein GENE2822",-0.1398,0.769218,0.504655,0.1979,0.297,3,6,FALSE,FALSE,FALSE
"GENE0226","GENE0226_HUMAN","P52556","Protein GENE0226",-0.8259,0.652117,0.146602,0.252,0.8339,3,2,FALSE,FALSE,FALSE
"GENE2279","GENE2279_HUMAN","P04964","Protein GENE2279",0.0212,1,0.591053,0,0.2284,5,5,FALSE,FALSE,FALSE
"DHX58","DHX58_HUMAN","P77040","Protein DHX58",0.5477,1,0.223567,0.43,0.6506,2,2,FALSE,FALSE,FALSE
"GENE2163","GENE2163_HUMAN","P85995","Protein GENE2163",0.2087,1,0.5406,0,0.2671,3,5,FALSE,FALSE,FALSE
"GENE0004","GENE0004_HUMAN","P66149","Protein GENE0004",-0.0984,1,0.413748,0,0.3833,5,6,FALSE,FALSE,FALSE
"GENE0973","GENE0973_HUMAN","P18110","Protein GENE0973",0.7451,1,0.861186,0,0.0649,6,3,TRUE,FALSE,FALSE
"GENE0773","GENE0773_HUMAN","P59852","Protein GENE0773",0.1267,0.509764,0.472515,0,0.3256,3,6,FALSE,FALSE,FALSE
"GENE1459","GENE1459_HUMAN","P85076","Protein GENE1459",-0.1324,0.814736,0.203265,0.0605,0.6919,6,3,FALSE,FALSE,FALSE
"GENE1308","GENE1308_HUMAN","P87463","Protein GENE1308",0.4413,1,0.579929,0,0.2366,6,2,FALSE,FALSE,FALSE
"GENE1148","GENE1148_HUMAN","P49050","Protein GENE1148",0.6551,1,0.332812,0,0.4778,5,5,FALSE,TRUE,FALSE
"GENE2429","GENE2429_HUMAN","P89462","Protein GENE2429",0.3744,1,0.7613,0,0.1184,5,5,FALSE,FALSE,FALSE
"GENE1081","GENE1081_HUMAN","P47426","Protein GENE1081",-0.2663,1,0.716186,0,0.145,2,3,FALSE,FALSE,FALSE
"GENE2514","GENE2514_HUMAN","P91253","Protein GENE2514",-0.6027,1,0.543254,0,0.265,6,4,FALSE,FALSE,FALSE
"GENE2398","GENE2398_HUMAN","P25303","Protein GENE2398",0.3911,0.588183,0.180711,0.5105,0.743,6,6,FALSE,FALSE,FALSE
"GENE1544","GENE1544_HUMAN","P95552","Protein GENE1544",0.5769,1,0.77016,0,0.1134,6,5,FALSE,FALSE,FALSE
"GENE2636","GENE2636_HUMAN","P37690","Protein GENE2636",0.0711,1,0.562709,0,0.2497,3,6,FALSE,FALSE,FALSE
"GENE1186","GENE1186_HUMAN","P74931","Protein GENE1186",0.3937,1,0.995458,0,0.002,6,5,FALSE,FALSE,FALSE
"GENE2809","GENE2809_HUMAN","P17141","Protein GENE2809",-0.4618,1,0.928051,0,0.0324,2,5,FALSE,TRUE,FALSE
"GENE0347","GENE0347_HUMAN","P79189","Protein GENE0347",0.0341,1,0.464235,0.058,0.3333,4,6,FALSE,FALSE,FALSE
"GENE0099","GENE0099_HUMAN","P35163","Protein GENE0099",0.2029,0.287283,0.112474,0.3722,0.9489,5,6,FALSE,FALSE,FALSE
"GENE0291","GENE0291_HUMAN","P77580","Protein GENE0291",-0.0726,0.523688,0.116368,0.6382,0.9342,6,2,TRUE,FALSE,FALSE
"GENE0725","GENE0725_HUMAN","P47687","Protein GENE0725",-0.3342,1,0.321614,0,0.4927,4,4,FALSE,FALSE,FALSE
"GENE2554","GENE2554_HUMAN","P73705","Protein GENE2554",0.7556,1,0.742727,0.0886,0.1292,4,6,TRUE,FALSE,FALSE
"GENE2861","GENE2861_HUMAN","P86696","Protein GENE2861",0.0425,1,0.784791,0,0.1052,2,5,FALSE,FALSE,FALSE
"GENE1063","GENE1063_HUMAN","P29494","Protein GENE1063",-0.289,1,0.29234,0.2458,0.5341,6,6,FALSE,FALSE,FALSE
"GENE0591","GENE0591_HUMAN","P63275","Protein GENE0591",-0.3937,1,0.397377,0,0.4008,6,5,FALSE,FALSE,FALSE
"GENE2139","GENE2139_HUMAN","P42727","Protein GENE2139",-0.7577,1,0.301135,0,0.5212,6,5,FALSE,FALSE,FALSE
"GENE2240","GENE2240_HUMAN","P88815","Protein GENE2240",0.4025,0.754465,0.445252,0,0.3514,5,3,FALSE,FALSE,FALSE
"GENE2719","GENE2719_HUMAN","P13992","Protein GENE2719",0.2766,0.31601,0.075403,0.6653,1.1226,2,2,FALSE,FALSE,FALSE
"GENE2650","GENE2650_HUMAN","P82347","Protein GENE2650",-4.2598,0.163163,0.032999,0.8998,1.4815,6,5,FALSE,FALSE,TRUE
"GENE1295","GENE1295_HUMAN","P86223","Protein GENE1295",-0.3267,1,0.75127,0,0.1242,3,2,FALSE,FALSE,FALSE
"GENE2426","GENE2426_HUMAN","P70927","Protein GENE2426",-0.2625,1,0.749941,0,0.125,3,2,FALSE,FALSE,FALSE
"GENE0119","GENE0119_HUMAN","P99024","Protein GENE0119",-1.2853,0.095103,0.038057,0.7368,1.4196,3,5,FALSE,FALSE,TRUE
"GENE1239","GENE1239_HUMAN","P45751","Protein GENE1239",-0.3435,1,0.755222,0,0.1219,4,4,FALSE,FALSE,FALSE
"GENE0281","GENE0281_HUMAN","P95539","Protein GENE0281",0.3678,1,0.524051,0,0.2806,5,3,FALSE,FALSE,FALSE
"GENE0641","GENE0641_HUMAN","P47461","Protein GENE0641",-0.2694,0.832062,0.497585,0.016,0.3031,6,3,TRUE,FALSE,FALSE
"GENE1708","GENE1708_HUMAN","P78204","Protein GENE1708",0.1523,1,0.363772,0,0.4392,6,5,FALSE,FALSE,FALSE
"GENE0132","GENE0132_HUMAN","P67270","Protein GENE0132",0.3548,1,0.509718,0.1633,0.2927,4,2,FALSE,TRUE,FALSE
"GENE2845","GENE2845_HUMAN","P46216","Protein GENE2845",-3.9213,0.008142,0.003191,1.8255,2.4961,5,6,FALSE,FALSE,TRUE
"GENE0680","GENE0680_HUMAN","P94099","Protein GENE0680",0.0158,1,0.742744,0,0.1292,3,2,FALSE,FALSE,FALSE
"GENE1626","GENE1626_HUMAN","P94737","Protein GENE1626",-2.2285,0.165752,0.04011,1.0771,1.3967,5,2,TRUE,FALSE,TRUE
"GENE1259","GENE1259_HUMAN","P18342","Protein GENE1259",0.0312,1,0.870688,0,0.0601,5,2,FALSE,FALSE,FALSE
"GENE0349","GENE0349_HUMAN","P19711","Protein GENE0349",-0.6041,1,0.572844,0,0.242,4,6,FALSE,FALSE,FALSE
"GENE0531","GENE0531_HUMAN","P26995","Protein GENE0531",0.119,1,0.447553,0,0.3492,5,4,FALSE,FALSE,FALSE
"GENE0540","GENE0540_HUMAN","P49559","Protein GENE0540",0.2036,0.399782,0.269944,0.3173,0.5687,2,5,FALSE,FALSE,FALSE
"GENE1180","GENE1180_HUMAN","P54086","Protein GENE1180",2.2492,0.062406,0.028026,0.9604,1.5524,5,2,FALSE,FALSE,TRUE
"GENE2767","GENE2767_HUMAN","P49679","Protein GENE2767",0.9095,0.717277,0.703232,0.0345,0.1529,5,6,FALSE,FALSE,FALSE
"GENE0915","GENE0915_HUMAN","P76444","Protein GENE0915",0.3284,0.675637,0.32167,0,0.4926,5,2,FALSE,FALSE,FALSE
"GENE1624","GENE1624_HUMAN","P27179","Protein GENE1624",1.1311,0.00233,0.000585,2.7591,3.2325,3,5,FALSE,TRUE,TRUE
"GENE2113","GENE2113_HUMAN","P80794","Protein GENE2113",-0.5033,0.081715,0.077401,0.4525,1.1113,5,5,FALSE,FALSE,FALSE
"GENE1237","GENE1237_HUMAN","P95649","Protein GENE1237",-0.0921,1,0.468174,0,0.3296,2,4,FALSE,FALSE,FALSE
"GENE0529","GENE0529_HUMAN","P85370","Protein GENE0529",0.0101,1,0.299616,0,0.5234,4,6,FALSE,FALSE,FALSE
"GENE2494","GENE2494_HUMAN","P10120","Protein GENE2494",4.3285,0.089745,0.028257,1.4941,1.5489,4,4,FALSE,FALSE,TRUE
"GENE2021","GENE2021_HUMAN","P58611","Protein GENE2021",0.2206,1,0.354152,0,0.4508,5,4,TRUE,FALSE,FALSE
"GENE0006","GENE0006_HUMAN","P73506","Protein GENE0006",0.5675,1,0.419003,0,0.3778,3,4,FALSE,FALSE,FALSE
"GENE2295","GENE2295_HUMAN","P64026","Protein GENE2295",2.8027,0.056092,0.02683,0.9025,1.5714,6,6,TRUE,FALSE,TRUE
"GENE0240","GENE0240_HUMAN","P25013","Protein GENE0240",-0.549,1,0.760992,0,0.1186,6,3,FALSE,FALSE,FALSE
"GENE0159","GENE0159_HUMAN","P47405","Protein GENE0159",0.3918,1,0.903707,0,0.044,3,5,FALSE,TRUE,FALSE
"GENE0077","GENE0077_HUMAN","P01712","Protein GENE0077",-0.1181,1,0.83637,0,0.0776,3,2,FALSE,FALSE,FALSE
"GENE2010","GENE2010_HUMAN","P66506","Protein GENE2010",-0.2599,0.634274,0.342332,0.0345,0.4656,6,2,FALSE,FALSE,FALSE
"GENE2882","GENE2882_HUMAN","P59690","Protein GENE2882",-1.2969,0.046128,0.039488,0.8186,1.4035,4,2,FALSE,FALSE,TRUE
"GENE2839","GENE2839_HUMAN","P50269","Protein GENE2839",1.0737,0.18207,0.047668,0.7067,1.3218,2,2,FALSE,FALSE,TRUE
"GENE1179","GENE1179_HUMAN","P06632","Protein GENE1179",-0.4114,1,0.992541,0,0.0033,4,5,FALSE,FALSE,FALSE
"GPATCH3","GPATCH3_HUMAN","P00215","Protein GPATCH3",0.292,1,0.777751,0,0.1092,6,3,FALSE,FALSE,FALSE
"GENE0895","GENE0895_HUMAN","P33272","Protein GENE0895",0.3464,1,0.498148,0,0.3026,6,2,FALSE,FALSE,FALSE
"GENE0741","GENE0741_HUMAN","P70313","Protein GENE0741",-0.4544,0.692112,0.581539,0,0.2354,5,3,FALSE,FALSE,FALSE
"GENE0424","GENE0424_HUMAN","P61352","Protein GENE0424",0.303,0.35385,0.316545,0.2363,0.4996,2,5,FALSE,FALSE,FALSE
"GENE0832","GENE0832_HUMAN","P45311","Protein GENE0832",0.2527,0.262193,0.140525,0.2624,0.8522,4,2,FALSE,FALSE,FALSE
"GENE2623","GENE2623_HUMAN","P76410","Protein GENE2623",-0.8541,1,0.511135,0,0.2915,3,6,FALSE,FALSE,FALSE
"GENE2149","GENE2149_HUMAN","P33629","Protein GENE2149",-0.6651,1,0.466551,0,0.3311,2,2,FALSE,FALSE,FALSE
"GENE0938","GENE0938_HUMAN","P14085","Protein GENE0938",0.0634,0.419049,0.357205,0,0.4471,3,2,FALSE,TRUE,FALSE
"GENE1064","GENE1064_HUMAN","P58440","Protein GENE1064",0.1685,0.63698,0.539342,0,0.2681,3,3,FALSE,FALSE,FALSE
"GENE1945","GENE1945_HUMAN","P15652","Protein GENE1945",1.2097,0.113953,0.029039,1.2058,1.537,6,2,FALSE,FALSE,TRUE
"GENE2319","GENE2319_HUMAN","P14200","Protein GENE2319",1.4231,1,0.35599,0.2278,0.4486,6,6,FALSE,FALSE,FALSE
"GENE0841","GENE0841_HUMAN","P42636","Protein GENE0841",-0.2487,1,0.758077,0,0.1203,3,6,TRUE,TRUE,FALSE
"GENE1888","GENE1888_HUMAN","P04435","Protein GENE1888",-0.0964,1,0.595627,0,0.225,3,2,FALSE,FALSE,FALSE
"GENE1096","GENE1096_HUMAN","P84801","Protein GENE1096",0.3761,1,0.693209,0,0.1591,5,3,TRUE,FALSE,FALSE
"GENE0279","GENE0279_HUMAN","P16340","Protein GENE0279",0.3793,0.646017,0.436283,0.0408,0.3602,4,4,FALSE,FALSE,FALSE
"GENE2175","GENE2175_HUMAN","P04527","Protein GENE2175",-3.718,0.030632,0.02124,1.5951,1.6728,3,6,FALSE,TRUE,TRUE
"GENE0669","GENE0669_HUMAN","P83875","Protein GENE0669",-0.7701,1,0.399862,0.3037,0.3981,3,4,FALSE,TRUE,FALSE
"GENE0722","GENE0722_HUMAN","P45321","Protein GENE0722",0.0568,0.549953,0.317875,0.1031,0.4977,5,4,TRUE,TRUE,FALSE
"GENE2722","GENE2722_HUMAN","P83254","Protein GENE2722",-0.6586,1,0.475189,0,0.3231,5,2,FALSE,FALSE,FALSE
"GENE2870","GENE2870_HUMAN","P77172","Protein GENE2870",-0.5114,0.518077,0.248081,0.354,0.6054,4,2,FALSE,TRUE,FALSE
"GENE0802","GENE0802_HUMAN","P30995","Protein GENE0802",-0.0203,0.278829,0.061577,0.7825,1.2106,4,6,FALSE,FALSE,FALSE
"GENE2173","GENE2173_HUMAN","P37455","Protein GENE2173",-0.0531,0.411839,0.329362,0,0.4823,4,3,FALSE,TRUE,FALSE
"GENE1108","GENE1108_HUMAN","P74195","Protein GENE1108",1.0178,0.095411,0.040775,1.2111,1.3896,2,3,FALSE,FALSE,TRUE
"GENE2495","GENE2495_HUMAN","P86652","Protein GENE2495",0.4221,1,0.645582,0,0.19,6,5,FALSE,FALSE,FALSE
"GENE2799","GENE2799_HUMAN","P76138","Protein GENE2799",-0.2876,0.180363,0.104982,0.6187,0.9789,4,2,FALSE,FALSE,FALSE
"GENE0350","GENE0350_HUMAN","P13838","Protein GENE0350",0.4109,0.122283,0.068926,0.6421,1.1616,2,6,FALSE,FALSE,FALSE
"GENE2486","GENE2486_HUMAN","P75229","Protein GENE2486",-0.0674,1,0.354668,0.0644,0.4502,6,6,FALSE,FALSE,FALSE
"GENE2244","GENE2244_HUMAN","P26114","Protein GENE2244",4.4858,0.037573,0.022817,1.612,1.6417,5,5,FALSE,FALSE,TRUE
"GENE0239","GENE0239_HUMAN","P52466","Protein GENE0239",0.3372,0.739599,0.2463,0.0807,0.6085,5,3,FALSE,FALSE,FALSE
"GENE2146","GENE2146_HUMAN","P25801","Protein GENE2146",-0.7854,1,0.292032,0.5247,0.5346,3,2,FALSE,FALSE,FALSE
"GENE0697","GENE0697_HUMAN","P21690","Protein GENE0697",-0.0145,0.623496,0.382423,0,0.4175,3,6,FALSE,FALSE,FALSE
"GENE2299","GENE2299_HUMAN","P80201","Protein GENE2299",-0.1923,1,0.641797,0,0.1926,2,4,FALSE,FALSE,FALSE
"GENE0705","GENE0705_HUMAN","P02706","Protein GENE0705",0.5391,1,0.607328,0,0.2166,4,2,FALSE,FALSE,FALSE
"GENE0951","GENE0951_HUMAN","P72592","Protein GENE0951",0.2523,1,0.354285,0,0.4506,3,6,FALSE,FALSE,FALSE
"GENE0200","GENE0200_HUMAN","P66190","Protein GENE0200",-0.2777,0.371315,0.136864,0.2848,0.8637,2,3,FALSE,TRUE,FALSE
"GENE2635","GENE2635_HUMAN","P76166","Protein GENE2635",-0.9882,0.125167,0.030753,0.8371,1.5121,4,5,FALSE,TRUE,TRUE
"GENE0869","GENE0869_HUMAN","P87398","Protein GENE0869",0.3504,1,0.545368,0,0.2633,2,2,FALSE,FALSE,FALSE
"GENE0512","GENE0512_HUMAN","P35153","Protein GENE0512",-0.2938,1,0.525728,0,0.2792,5,4,FALSE,FALSE,FALSE
"GENE1979","GENE1979_HUMAN","P27521","Protein GENE1979",-0.3819,0.323169,0.139315,0.3167,0.856,6,6,FALSE,TRUE,FALSE
"GENE1128","GENE1128_HUMAN","P80847","Protein GENE1128",-0.4012,0.742659,0.27412,0.131,0.5621,3,3,FALSE,FALSE,FALSE
"GENE0659","GENE0659_HUMAN","P62066","Protein GENE0659",0.0189,1,0.453251,0,0.3437,5,6,FALSE,FALSE,FALSE
"GENE2170","GENE2170_HUMAN","P38174","Protein GENE2170",-0.4413,0.756338,0.725636,0.0285,0.1393,2,3,FALSE,FALSE,FALSE
"GENE1479","GENE1479_HUMAN","P66901","Protein GENE1479",-0.3538,0.9995,0.968478,0,0.0139,4,2,FALSE,FALSE,FALSE
"GENE2803","GENE2803_HUMAN","P45638","Protein GENE2803",-0.0937,1,0.793297,0,0.1006,6,4,FALSE,FALSE,FALSE
"GENE0908","GENE0908_HUMAN","P67607","Protein GENE0908",0.1477,1,0.805832,0,0.0938,6,4,FALSE,FALSE,FALSE
"GENE0189","GENE0189_HUMAN","P43975","Protein GENE0189",0.5603,0.232205,0.158102,0.7382,0.8011,6,2,FALSE,FALSE,FALSE
"GENE1932","GENE1932_HUMAN","P74635","Protein GENE1932",0.3256,1,0.605443,0,0.2179,2,4,FALSE,TRUE,FALSE
"GENE2123","GENE2123_HUMAN","P73764","Protein GENE2123",-3.9037,0.176369,0.039113,1.0184,1.4077,5,5,TRUE,FALSE,TRUE
"GENE0089","GENE0089_HUMAN","P15302","Protein GENE0089",0.1956,0.689056,0.208058,0.0553,0.6818,3,2,FALSE,FALSE,FALSE
"GENE2847","GENE2847_HUMAN","P36463","Protein GENE2847",0.5707,0.693826,0.221997,0.0863,0.6537,5,2,FALSE,FALSE,FALSE
"GENE1181","GENE1181_HUMAN","P99322","Protein GENE1181",-0.0118,1,0.546305,0.0995,0.2626,3,2,FALSE,TRUE,FALSE
"GENE1319","GENE1319_HUMAN","P58563","Protein GENE1319",0.3815,1,0.788657,0.06,0.1031,6,3,FALSE,FALSE,FALSE
"GENE2475","GENE2475_HUMAN","P98421","Protein GENE2475",2.0538,0.020285,0.008341,1.5641,2.0788,6,2,FALSE,FALSE,TRUE
"GENE0415","GENE0415_HUMAN","P83989","Protein GENE0415",0.0675,0.185868,0.18162,0.21,0.7408,5,5,FALSE,FALSE,FALSE
"GENE0501","GENE0501_HUMAN","P08629","Protein GENE0501",0.0808,1,0.582329,0,0.2348,5,5,TRUE,FALSE,FALSE
"GENE2560","GENE2560_HUMAN","P78699","Protein GENE2560",-0.1235,1,0.820812,0,0.0858,3,3,FALSE,FALSE,FALSE
"GENE0126","GENE0126_HUMAN","P00050","Protein GENE0126",0.3309,0.485139,0.313595,0,0.5036,3,2,TRUE,FALSE,FALSE
"GENE1145","GENE1145_HUMAN","P75673","Protein GENE1145",2.7446,0.049826,0.011212,1.5185,1.9503,4,4,FALSE,FALSE,TRUE
"GENE2779","GENE2779_HUMAN","P95675","Protein GENE2779",1.8788,0.073124,0.019885,1.3907,1.7015,2,4,FALSE,FALSE,TRUE
"GENE1669","GENE1669_HUMAN","P23199","Protein GENE1669",0.2411,0.361216,0.127986,0.6271,0.8928,4,6,FALSE,TRUE,FALSE
"GENE0844","GENE0844_HUMAN","P62728","Protein GENE0844",-0.189,1,0.509485,0,0.2929,2,2,FALSE,FALSE,FALSE
"GENE1130","GENE1130_HUMAN","P31047","Protein GENE1130",0.3422,1,0.755704,0,0.1216,3,6,FALSE,FALSE,FALSE
"GENE0384","GENE0384_HUMAN","P35988","Protein GENE0384",-0.1683,1,0.948825,0,0.0228,3,4,FALSE,FALSE,FALSE
"GENE1968","GENE1968_HUMAN","P98319","Protein GENE1968",-0.3359,1,0.369558,0,0.4323,6,3,FALSE,FALSE,FALSE
"GENE2061","GENE2061_HUMAN","P93041","Protein GENE2061",-0.669,1,0.981701,0,0.008,2,4,FALSE,FALSE,FALSE
"GENE2529","GENE2529_HUMAN","P53995","Protein GENE2529",-0.0103,1,0.538726,0.0183,0.2686,5,6,FALSE,FALSE,FALSE
"GENE0541","GENE0541_HUMAN","P28175","Protein GENE0541",0.4215,0.477697,0.146431,0.3495,0.8344,4,4,FALSE,FALSE,FALSE
"GENE0667","GENE0667_HUMAN","P80986","Protein GENE0667",-0.2852,1,0.63094,0,0.2,6,6,FALSE,FALSE,FALSE
"GENE0912","GENE0912_HUMAN","P39163","Protein GENE0912",-0.5425,1,0.83375,0,0.079,4,2,FALSE,FALSE,FALSE
"GENE0204","GENE0204_HUMAN","P45339","Protein GENE0204",0.2211,0.39265,0.13738,0.2728,0.8621,2,2,FALSE,FALSE,FALSE
"GENE2601","GENE2601_HUMAN","P56321","Protein GENE2601",-3.4156,0.01752,0.008781,1.4827,2.0564,5,5,FALSE,FALSE,TRUE
"GENE1713","GENE1713_HUMAN","P13949","Protein GENE1713",0.4239,0.387521,0.194411,0.0787,0.7113,5,2,FALSE,TRUE,FALSE
"GENE2428","GENE2428_HUMAN","P12414","Protein GENE2428",0.3403,0.998667,0.320869,0.1418,0.4937,5,3,FALSE,FALSE,FALSE
"GENE1637","GENE1637_HUMAN","P99229","Protein GENE1637",-0.3116,0.591658,0.145054,0.1795,0.8385,5,4,FALSE,FALSE,FALSE
"GENE2730","GENE2730_HUMAN","P35670","Protein GENE2730",0.6555,0.288334,0.189213,0.0297,0.723,5,3,FALSE,FALSE,FALSE
"GENE0428","GENE0428_HUMAN","P90350","Protein GENE0428",-2.2795,0.173196,0.04316,0.9897,1.3649,4,4,FALSE,FALSE,TRUE
"GENE2489","GENE2489_HUMAN","P64727","Protein GENE2489",0.6294,1,0.899535,0,0.046,2,4,FALSE,FALSE,FALSE
"GENE0615","GENE0615_HUMAN","P01706","Protein GENE0615",-4.2434,0.049902,0.036791,0.9435,1.4343,2,4,FALSE,FALSE,TRUE
"GENE0395","GENE0395_HUMAN","P27246","Protein GENE0395",-0.0892,0.910094,0.460238,0,0.337,5,4,FALSE,FALSE,FALSE
"GENE2115","GENE2115_HUMAN","P35041","Protein GENE2115",-0.0445,0.68443,0.415226,0.0289,0.3817,3,4,FALSE,FALSE,FALSE
"GENE2207","GENE2207_HUMAN","P38045","Protein GENE2207",2.8739,0.131764,0.03243,0.816,1.4891,6,3,FALSE,FALSE,TRUE
"GENE0751","GENE0751_HUMAN","P01736","Protein GENE0751",-0.319,1,0.783694,0,0.1059,6,4,FALSE,FALSE,FALSE
"GENE1832","GENE1832_HUMAN","P60284","Protein GENE1832",1.8995,0.009482,0.005407,1.9228,2.2671,4,5,FALSE,TRUE,TRUE
"GENE2332","GENE2332_HUMAN","P24536","Protein GENE2332",-0.0443,1,0.581622,0,0.2354,6,5,FALSE,FALSE,FALSE
"GENE0130","GENE0130_HUMAN","P69384","Protein GENE0130",-0.0845,1,0.642098,0,0.1924,4,3,FALSE,FALSE,FALSE
"GENE0418","GENE0418_HUMAN","P07690","Protein GENE0418",-0.0858,1,0.274828,0.4054,0.5609,6,4,TRUE,FALSE,FALSE
"GENE0057","GENE0057_HUMAN","P23966","Protein GENE0057",-0.2859,1,0.246804,0.4968,0.6076,5,2,FALSE,FALSE,FALSE
"GENE0280","GENE0280_HUMAN","P49017","Protein GENE0280",-3.2294,0.017926,0.005375,1.7143,2.2696,2,6,TRUE,FALSE,TRUE
"GENE2727","GENE2727_HUMAN","P65003","Protein GENE2727",0.7379,0.058056,0.033738,0.9535,1.4719,5,3,FALSE,FALSE,TRUE
"GENE1852","GENE1852_HUMAN","P52410","Protein GENE1852",-0.0032,0.385759,0.348474,0.3484,0.4578,2,2,FALSE,FALSE,FALSE
"GENE0361","GENE0361_HUMAN","P36564","Protein GENE0361",-0.6052,0.41513,0.411785,0,0.3853,3,5,TRUE,FALSE,FALSE
"GENE1513","GENE1513_HUMAN","P49942","Protein GENE1513",0.0374,0.645891,0.162919,0.1884,0.788,4,5,FALSE,FALSE,FALSE
"GENE2307","GENE2307_HUMAN","P73398","Protein GENE2307",0.5115,0.363082,0.3365,0,0.473,6,4,FALSE,FALSE,FALSE
"GENE2498","GENE2498_HUMAN","P71143","Protein GENE2498",-0.5073,1,0.737482,0,0.1322,5,3,FALSE,FALSE,FALSE
"GENE0258","GENE0258_HUMAN","P86668","Protein GENE0258",0.5528,1,0.530462,0,0.2753,5,3,FALSE,FALSE,FALSE
"GENE0522","GENE0522_HUMAN","P10012","Protein GENE0522",-0.3509,0.762007,0.168075,0.1586,0.7745,6,6,FALSE,FALSE,FALSE
"GENE1307","GENE1307_HUMAN","P93208","Protein GENE1307",0.5076,0.139554,0.03923,1.1404,1.4064,3,6,FALSE,FALSE,TRUE
"GENE1595","GENE1595_HUMAN","P51692","Protein GENE1595",0.3334,0.911414,0.383015,0.2487,0.4168,5,6,FALSE,FALSE,FALSE
"GENE2364","GENE2364_HUMAN","P17812","Protein GENE2364",-1.0219,1,0.66685,0,0.176,5,3,FALSE,FALSE,FALSE
"GENE2504","GENE2504_HUMAN","P43633","Protein GENE2504",0.0859,0.744108,0.666962,0,0.1759,5,5,FALSE,FALSE,FALSE
"GENE1944","GENE1944_HUMAN","P48415","Protein GENE1944",-1.1268,0.048733,0.029197,1.373,1.5347,2,3,FALSE,FALSE,TRUE
"GENE1306","GENE1306_HUMAN","P35382","Protein GENE1306",-0.001,1,0.694082,0,0.1586,4,2,FALSE,FALSE,FALSE
"GENE1177","GENE1177_HUMAN","P52053","Protein GENE1177",0.3948,1,0.686678,0,0.1632,3,3,FALSE,FALSE,FALSE
"GENE1146","GENE1146_HUMAN","P58285","Protein GENE1146",-0.4481,1,0.528986,0,0.2766,4,2,FALSE,FALSE,FALSE
"GENE0108","GENE0108_HUMAN","P27778","Protein GENE0108",0.3229,1,0.673076,0,0.1719,3,5,FALSE,FALSE,FALSE
"GENE2397","GENE2397_HUMAN","P69137","Protein GENE2397",0.1763,1,0.916288,0,0.038,3,5,FALSE,FALSE,FALSE
"GENE1836","GENE1836_HUMAN","P00187","Protein GENE1836",-0.6282,1,0.917028,0,0.0376,4,6,FALSE,FALSE,FALSE
"GENE1746","GENE1746_HUMAN","P33726","Protein GENE1746",0.7017,1,0.733264,0,0.1347,6,6,FALSE,FALSE,FALSE
"FMR1","FMR1_HUMAN","P26376","Protein FMR1",-0.7967,0.514661,0.39279,0.0885,0.4058,2,5,FALSE,FALSE,FALSE
"ASCC3","ASCC3_HUMAN","P14064","Protein ASCC3",3.7664,0.02264,0.006987,2.002,2.1557,4,3,FALSE,FALSE,TRUE
"GENE2855","GENE2855_HUMAN","P76672","Protein GENE2855",-0.0112,0.513445,0.212826,0.1587,0.672,5,6,TRUE,FALSE,FALSE
"GENE1873","GENE1873_HUMAN","P47792","Protein GENE1873",2.8132,0.021578,0.009317,1.5648,2.0307,4,2,FALSE,FALSE,TRUE
"GENE1895","GENE1895_HUMAN","P88616","Protein GENE1895",-0.3224,0.521174,0.343193,0.4156,0.4645,6,4,FALSE,TRUE,FALSE
"GENE1124","GENE1124_HUMAN","P18917","Protein GENE1124",-0.3883,0.195344,0.068786,0.5371,1.1625,3,3,FALSE,FALSE,FALSE
"GENE1047","GENE1047_HUMAN","P15217","Protein GENE1047",0.0029,1,0.750238,0,0.1248,3,3,FALSE,FALSE,FALSE
"GENE0959","GENE0959_HUMAN","P95618","Protein GENE0959",0.087,1,0.774861,0,0.1108,2,2,FALSE,FALSE,FALSE
"GENE2865","GENE2865_HUMAN","P10311","Protein GENE2865",0.2462,1,0.841933,0,0.0747,5,5,FALSE,FALSE,FALSE
"GENE1152","GENE1152_HUMAN","P13526","Protein GENE1152",-2.8742,0.050532,0.047641,0.9954,1.322,3,2,TRUE,TRUE,TRUE
"GENE0104","GENE0104_HUMAN","P01820","Protein GENE0104",-0.0862,1,0.584733,0,0.233,6,6,FALSE,FALSE,FALSE
"GENE0871","GENE0871_HUMAN","P57869","Protein GENE0871",-0.1574,1,0.761774,0,0.1182,2,3,FALSE,FALSE,FALSE
"GENE0970","GENE0970_HUMAN","P01515","Protein GENE0970",-0.5639,1,0.882666,0,0.0542,6,5,FALSE,FALSE,FALSE
"GENE1883","GENE1883_HUMAN","P72228","Protein GENE1883",2.264,0.01232,0.003752,2.2079,2.4257,3,2,FALSE,TRUE,TRUE
"GENE0274","GENE0274_HUMAN","P84182","Protein GENE0274",-0.1193,1,0.712965,0,0.1469,4,2,FALSE,FALSE,FALSE
"GENE2228","GENE2228_HUMAN","P42325","Protein GENE2228",-0.3028,0.879465,0.210611,0.442,0.6765,6,2,TRUE,FALSE,FALSE
"GENE0455","GENE0455_HUMAN","P32458","Protein GENE0455",0.5291,1,0.999826,0,1e-04,2,5,FALSE,FALSE,FALSE
"GENE0856","GENE0856_HUMAN","P60214","Protein GENE0856",0.723,1,0.721077,0,0.142,5,2,FALSE,FALSE,FALSE
"GENE0487","GENE0487_HUMAN","P25339","Protein GENE0487",-0.7112,1,0.629991,0.1554,0.2007,6,6,FALSE,FALSE,FALSE
"GENE0698","GENE0698_HUMAN","P23278","Protein GENE0698",0.0416,1,0.9811,0,0.0083,4,5,FALSE,FALSE,FALSE
"GENE0124","GENE0124_HUMAN","P94973","Protein GENE0124",0.319,1,0.700178,0,0.1548,3,2,TRUE,FALSE,FALSE
"GENE1395","GENE1395_HUMAN","P12504","Protein GENE1395",0.7308,1,0.352458,0,0.4529,5,4,FALSE,FALSE,FALSE
"GENE0065","GENE0065_HUMAN","P51231","Protein GENE0065",-0.2639,1,0.970508,0,0.013,5,5,FALSE,FALSE,FALSE
"GENE0133","GENE0133_HUMAN","P01279","Protein GENE0133",-0.3147,0.847163,0.33103,0,0.4801,5,4,FALSE,FALSE,FALSE
"GENE0893","GENE0893_HUMAN","P74532","Protein GENE0893",-0.2859,1,0.431062,0.2845,0.3655,3,6,FALSE,FALSE,FALSE
"GENE2285","GENE2285_HUMAN","P30650","Protein GENE2285",-0.0901,1,0.609107,0,0.2153,5,6,FALSE,FALSE,FALSE
"GENE2125","GENE2125_HUMAN","P27973","Protein GENE2125",0.0766,1,0.249059,0.2492,0.6037,5,4,FALSE,FALSE,FALSE
"GENE0618","GENE0618_HUMAN","P04983","Protein GENE0618",-0.2053,1,0.960491,0,0.0175,2,3,FALSE,FALSE,FALSE
"GENE1414","GENE1414_HUMAN","P49578","Protein GENE1414",1.0391,0.107635,0.029484,0.9286,1.5304,6,3,FALSE,FALSE,TRUE
"GENE1360","GENE1360_HUMAN","P75871","Protein GENE1360",0.0806,0.725,0.149273,0.3568,0.826,4,2,FALSE,FALSE,FALSE
"GENE2290","GENE2290_HUMAN","P77039","Protein GENE2290",-0.4012,1,0.676423,0,0.1698,4,2,FALSE,FALSE,FALSE
"GENE1954","GENE1954_HUMAN","P33400","Protein GENE1954",-0.7368,0.756091,0.352949,0.3133,0.4523,2,6,FALSE,FALSE,FALSE
"GENE0409","GENE0409_HUMAN","P49454","Protein GENE0409",-0.0892,0.244265,0.076551,0.7185,1.116,4,4,FALSE,TRUE,FALSE
"GENE1509","GENE1509_HUMAN","P47948","Protein GENE1509",-0.3833,1,0.444157,0.1262,0.3525,5,2,FALSE,FALSE,FALSE
"GENE1131","GENE1131_HUMAN","P91330","Protein GENE1131",-0.5271,1,0.663893,0,0.1779,2,4,FALSE,FALSE,FALSE
"GENE2665","GENE2665_HUMAN","P99970","Protein GENE2665",0.4432,0.912636,0.808147,0,0.0925,6,2,FALSE,FALSE,FALSE
"GENE0519","GENE0519_HUMAN","P56343","Protein GENE0519",-4.249,0.145678,0.034603,0.8642,1.4609,3,3,FALSE,TRUE,TRUE
"GENE1115","GENE1115_HUMAN","P19120","Protein GENE1115",-0.5708,0.33194,0.13113,0.6137,0.8823,2,3,FALSE,FALSE,FALSE
"GENE0229","GENE0229_HUMAN","P07134","Protein GENE0229",-0.3162,1,0.800623,0.0231,0.0966,6,6,FALSE,TRUE,FALSE
"GENE2208","GENE2208_HUMAN","P72878","Protein GENE2208",0.1437,0.412799,0.208894,0.0259,0.6801,6,6,FALSE,FALSE,FALSE
"GENE0278","GENE0278_HUMAN","P62754","Protein GENE0278",0.018,1,0.395074,0,0.4033,4,6,FALSE,FALSE,FALSE
"GENE1413","GENE1413_HUMAN","P26488","Protein GENE1413",-0.4485,0.524071,0.269633,0.0849,0.5692,6,5,FALSE,FALSE,FALSE
"GENE0422","GENE0422_HUMAN","P19314","Protein GENE0422",-0.622,1,0.852353,0,0.0694,5,2,FALSE,FALSE,FALSE
"GENE2110","GENE2110_HUMAN","P52917","Protein GENE2110",-0.2836,1,0.935588,0,0.0289,3,3,FALSE,FALSE,FALSE
"GENE0166","GENE0166_HUMAN","P13086","Protein GENE0166",0.1781,0.373315,0.290006,0,0.5376,6,3,FALSE,FALSE,FALSE
"GENE2422","GENE2422_HUMAN","P32545","Protein GENE2422",-0.3925,1,0.818171,0,0.0872,2,6,FALSE,FALSE,FALSE
"GENE2454","GENE2454_HUMAN","P65764","Protein GENE2454",-0.4178,1,0.76428,0.1145,0.1167,6,2,FALSE,FALSE,FALSE
"GENE0019","GENE0019_HUMAN","P45405","Protein GENE0019",0.4352,1,0.97971,0,0.0089,5,3,FALSE,FALSE,FALSE
"GENE0277","GENE0277_HUMAN","P81154","Protein GENE0277",0.179,0.43045,0.206797,0.1302,0.6845,5,4,FALSE,FALSE,FALSE
"GENE1119","GENE1119_HUMAN","P17039","Protein GENE1119",-0.819,1,0.905312,0,0.0432,6,6,FALSE,FALSE,FALSE
"GENE0668","GENE0668_HUMAN","P74477","Protein GENE0668",-0.1849,0.609745,0.20677,0.0221,0.6845,2,4,FALSE,FALSE,FALSE
"GENE1191","GENE1191_HUMAN","P31702","Protein GENE1191",-2.2091,0.16497,0.042527,1.172,1.3713,3,6,FALSE,FALSE,TRUE
"GENE0962","GENE0962_HUMAN","P83137","Protein GENE0962",0.3036,0.812883,0.233573,0.42,0.6316,2,2,FALSE,FALSE,FALSE
"GENE1864","GENE1864_HUMAN","P03557","Protein GENE1864",-0.0074,1,0.660113,0,0.1804,3,4,FALSE,TRUE,FALSE
"GENE0138","GENE0138_HUMAN","P24195","Protein GENE0138",0.0929,1,0.380506,0,0.4196,3,6,FALSE,FALSE,FALSE
"GENE1936","GENE1936_HUMAN","P72505","Protein GENE1936",-0.6949,0.823605,0.215651,0.0408,0.6662,4,3,FALSE,FALSE,FALSE
"GENE1154","GENE1154_HUMAN","P94963","Protein GENE1154",0.6783,1,0.894998,0,0.0482,4,6,FALSE,TRUE,FALSE
"GENE1783","GENE1783_HUMAN","P72282","Protein GENE1783",-0.6452,0.466947,0.195075,0.0609,0.7098,3,4,FALSE,FALSE,FALSE
"GENE1161","GENE1161_HUMAN","P81327","Protein GENE1161",0.251,1,0.985053,0,0.0065,3,6,FALSE,FALSE,FALSE
"GENE0161","GENE0161_HUMAN","P57038","Protein GENE0161",0.7483,1,0.849532,0,0.0708,3,2,FALSE,FALSE,FALSE
"GENE1274","GENE1274_HUMAN","P93247","Protein GENE1274",0.6035,0.792182,0.335476,0.2576,0.4743,2,3,FALSE,FALSE,FALSE
"GENE2002","GENE2002_HUMAN","P60199","Protein GENE2002",0.5475,1,0.886691,0,0.0522,2,6,FALSE,FALSE,FALSE
"GENE1437","GENE1437_HUMAN","P42077","Protein GENE1437",-0.0249,1,0.654107,0,0.1844,3,3,FALSE,FALSE,FALSE
"GENE2343","GENE2343_HUMAN","P69434","Protein GENE2343",-0.5024,1,0.59845,0,0.223,5,6,FALSE,FALSE,FALSE
"GENE2771","GENE2771_HUMAN","P07353","Protein GENE2771",-1.1786,1,0.745245,0,0.1277,2,5,FALSE,FALSE,FALSE
"GENE1427","GENE1427_HUMAN","P83080","Protein GENE1427",0.1796,1,0.885166,0,0.053,6,4,TRUE,FALSE,FALSE
"GENE1646","GENE1646_HUMAN","P55069","Protein GENE1646",1.7424,0.164481,0.035143,0.8635,1.4542,4,2,FALSE,FALSE,TRUE
"GENE0728","GENE0728_HUMAN","P27578","Protein GENE0728",-0.299,0.675326,0.524663,0,0.2801,2,4,FALSE,FALSE,FALSE
"GENE0569","GENE0569_HUMAN","P62978","Protein GENE0569",-0.379,1,0.579599,0,0.2369,6,6,FALSE,FALSE,FALSE
"GENE0391","GENE0391_HUMAN","P80823","Protein GENE0391",0.3837,0.283551,0.110803,0.3824,0.9554,6,2,FALSE,FALSE,FALSE
"GENE1750","GENE1750_HUMAN","P10332","Protein GENE1750",-3.8432,0.114623,0.031558,0.9837,1.5009,2,4,FALSE,TRUE,TRUE
"GENE0551","GENE0551_HUMAN","P43882","Protein GENE0551",0.1153,1,0.651768,0.1353,0.1859,6,3,FALSE,FALSE,FALSE
"GENE2277","GENE2277_HUMAN","P38127","Protein GENE2277",0.0087,1,0.754443,0,0.1224,2,3,FALSE,FALSE,FALSE
"GENE1793","GENE1793_HUMAN","P10192","Protein GENE1793",0.175,1,0.83405,0,0.0788,3,6,FALSE,FALSE,FALSE
"GENE0603","GENE0603_HUMAN","P76490","Protein GENE0603",2.9728,0.055978,0.02968,1.0197,1.5275,2,3,FALSE,FALSE,TRUE
"GENE0934","GENE0934_HUMAN","P28982","Protein GENE0934",-0.0738,0.962131,0.817622,0,0.0874,4,6,FALSE,FALSE,FALSE
"GENE0162","GENE0162_HUMAN","P80948","Protein GENE0162",0.0574,0.5981,0.166977,0.5647,0.7773,3,2,FALSE,FALSE,FALSE
"GENE1889","GENE1889_HUMAN","P18621","Protein GENE1889",0.0243,1,0.6268,0.0156,0.2029,6,5,FALSE,FALSE,FALSE
"GENE0256","GENE0256_HUMAN","P32841","Protein GENE0256",0.0876,1,0.493505,0,0.3067,6,3,FALSE,FALSE,FALSE
"GENE2126","GENE2126_HUMAN","P72558","Protein GENE2126",-0.1437,0.629121,0.439537,0,0.357,2,6,FALSE,FALSE,FALSE
"GENE1790","GENE1790_HUMAN","P94527","Protein GENE1790",0.2783,0.330653,0.154732,0.3078,0.8104,2,5,FALSE,FALSE,FALSE
"GENE1940","GENE1940_HUMAN","P32726","Protein GENE1940",-0.7542,1,0.591028,0,0.2284,6,3,FALSE,FALSE,FALSE
"GENE2272","GENE2272_HUMAN","P70212","Protein GENE2272",0.3596,1,0.61103,0.011,0.2139,6,2,FALSE,FALSE,FALSE
"GENE0041","GENE0041_HUMAN","P34226","Protein GENE0041",0.2378,0.875417,0.454671,0,0.3423,6,3,FALSE,FALSE,FALSE
"GENE2358","GENE2358_HUMAN","P24648","Protein GENE2358",-0.3583,1,0.578072,0,0.238,5,4,FALSE,FALSE,FALSE
"GENE2721","GENE2721_HUMAN","P46753","Protein GENE2721",-0.545,1,0.984043,0,0.007,5,3,FALSE,FALSE,FALSE
"GENE0982","GENE0982_HUMAN","P02499","Protein GENE0982",0.0888,1,0.750821,0,0.1245,4,2,FALSE,FALSE,FALSE
"GENE1629","GENE1629_HUMAN","P58826","Protein GENE1629",0.2302,0.374805,0.351061,0.2202,0.4546,5,4,FALSE,FALSE,FALSE
"GENE0186","GENE0186_HUMAN","P29077","Protein GENE0186",0.1293,1,0.840626,0,0.0754,2,6,FALSE,FALSE,FALSE
"GENE2330","GENE2330_HUMAN","P08995","Protein GENE2330",-0.3058,1,0.830366,0,0.0807,4,6,FALSE,FALSE,FALSE
"GENE2740","GENE2740_HUMAN","P77726","Protein GENE2740",1.9874,0.070504,0.031319,1.1563,1.5042,5,2,TRUE,FALSE,TRUE
"GENE0958","GENE0958_HUMAN","P72038","Protein GENE0958",0.1363,0.921932,0.565613,0,0.2475,6,6,FALSE,FALSE,FALSE
"GENE1872","GENE1872_HUMAN","P08274","Protein GENE1872",0.7515,0.903045,0.486038,0.149,0.3133,2,3,FALSE,FALSE,FALSE
"GENE1578","GENE1578_HUMAN","P59492","Protein GENE1578",0.1792,1,0.253723,0,0.5956,3,4,FALSE,TRUE,FALSE
"GENE0160","GENE0160_HUMAN","P28011","Protein GENE0160",-0.2671,1,0.747593,0,0.1263,6,6,TRUE,FALSE,FALSE
"GENE0485","GENE0485_HUMAN","P91232","Protein GENE0485",2.791,0.009692,0.007998,1.6615,2.097,4,6,TRUE,FALSE,TRUE
"GENE1634","GENE1634_HUMAN","P57556","Protein GENE1634",-0.071,1,0.765215,8e-04,0.1162,5,4,FALSE,FALSE,FALSE
"GENE2453","GENE2453_HUMAN","P17093","Protein GENE2453",-0.3508,1,0.869362,0,0.0608,3,3,FALSE,FALSE,FALSE
"GENE1668","GENE1668_HUMAN","P55049","Protein GENE1668",0.3024,0.13714,0.122752,0.7514,0.911,2,4,FALSE,FALSE,FALSE
"GENE1665","GENE1665_HUMAN","P70018","Protein GENE1665",-2.2885,0.16888,0.042877,1.2403,1.3678,2,4,FALSE,FALSE,TRUE
"GENE1838","GENE1838_HUMAN","P02434","Protein GENE1838",-0.5898,1,0.422336,0.2557,0.3743,3,6,FALSE,FALSE,FALSE
"GENE0112","GENE0112_HUMAN","P93705","Protein GENE0112",0.4834,1,0.294994,0.3104,0.5302,4,4,FALSE,FALSE,FALSE
"GENE0695","GENE0695_HUMAN","P87264","Protein GENE0695",0.0306,1,0.461898,0,0.3355,2,5,TRUE,FALSE,FALSE
"GENE1335","GENE1335_HUMAN","P64357","Protein GENE1335",-0.1299,1,0.735925,0,0.1332,6,5,FALSE,FALSE,FALSE
"GENE1961","GENE1961_HUMAN","P51006","Protein GENE1961",0.3448,1,0.750188,0.0692,0.1248,3,5,FALSE,FALSE,FALSE
"GENE0046","GENE0046_HUMAN","P03873","Protein GENE0046",-0.3992,0.496755,0.293628,0.0523,0.5322,5,4,TRUE,FALSE,FALSE
"GENE2102","GENE2102_HUMAN","P92052","Protein GENE2102",0.2731,1,0.906455,0,0.0427,3,2,FALSE,FALSE,FALSE
"GENE2691","GENE2691_HUMAN","P45435","Protein GENE2691",3.9454,0.059775,0.031954,0.9772,1.4955,4,6,FALSE,FALSE,TRUE
"GENE1244","GENE1244_HUMAN","P66936","Protein GENE1244",0.0011,1,0.730612,0,0.1363,6,2,FALSE,FALSE,FALSE
"GENE0949","GENE0949_HUMAN","P30647","Protein GENE0949",0.4589,1,0.820989,0,0.0857,6,2,FALSE,FALSE,FALSE
"GENE0140","GENE0140_HUMAN","P20096","Protein GENE0140",0.9014,1,0.265078,0.4063,0.5766,5,3,FALSE,FALSE,FALSE
"GENE0048","GENE0048_HUMAN","P69285","Protein GENE0048",0.1071,1,0.390367,0,0.4085,5,6,FALSE,FALSE,FALSE
"GENE2221","GENE2221_HUMAN","P45862","Protein GENE2221",0.0791,1,0.287537,0.1665,0.5413,5,6,FALSE,FALSE,FALSE
"GENE1334","GENE1334_HUMAN","P23299","Protein GENE1334",0.0496,1,0.373571,0,0.4276,4,2,FALSE,FALSE,FALSE
"GENE1991","GENE1991_HUMAN","P77218","Protein GENE1991",0.2898,1,0.509268,0.0529,0.2931,5,3,FALSE,FALSE,FALSE
"GENE2784","GENE2784_HUMAN","P09087","Protein GENE2784",-0.3066,0.920271,0.551918,0.111,0.2581,3,4,FALSE,FALSE,FALSE
"GENE0263","GENE0263_HUMAN","P75233","Protein GENE0263",-0.7987,1,0.934567,0,0.0294,4,2,FALSE,FALSE,FALSE
"GENE2127","GENE2127_HUMAN","P23686","Protein GENE2127",-0.2528,1,0.986969,0,0.0057,2,3,FALSE,FALSE,FALSE
"GENE1623","GENE1623_HUMAN","P06704","Protein GENE1623",0.0581,0.783132,0.271734,0.0364,0.5659,6,2,FALSE,FALSE,FALSE
"GENE1169","GENE1169_HUMAN","P69921","Protein GENE1169",0.1938,1,0.285196,0.2923,0.5449,5,3,TRUE,TRUE,FALSE
"GENE1510","GENE1510_HUMAN","P57645","Protein GENE1510",-0.3799,1,0.891868,0,0.0497,2,5,FALSE,FALSE,FALSE
"GENE0906","GENE0906_HUMAN","P20478","Protein GENE0906",0.3913,0.860364,0.274724,0.315,0.5611,2,4,FALSE,FALSE,FALSE
"GENE1782","GENE1782_HUMAN","P17525","Protein GENE1782",-0.5204,0.915966,0.783872,0,0.1058,5,4,FALSE,FALSE,FALSE
"GENE0762","GENE0762_HUMAN","P38819","Protein GENE0762",0.3567,1,0.534555,0,0.272,3,4,FALSE,FALSE,FALSE
"GENE0933","GENE0933_HUMAN","P53018","Protein GENE0933",0.705,1,0.881119,0,0.055,6,5,FALSE,FALSE,FALSE
"GENE1066","GENE1066_HUMAN","P51558","Protein GENE1066",0.8054,1,0.397935,0,0.4002,5,2,FALSE,TRUE,FALSE
"GENE0090","GENE0090_HUMAN","P43995","Protein GENE0090",0.9245,0.144086,0.047184,1.0946,1.3262,5,3,FALSE,FALSE,TRUE
"DHX29","DHX29_HUMAN","P97235","Protein DHX29",1.2364,0.164879,0.034426,1.406,1.4631,2,3,FALSE,FALSE,TRUE
"GENE1256","GENE1256_HUMAN","P75535","Protein GENE1256",0.3019,1,0.267688,0,0.5724,3,4,FALSE,FALSE,FALSE
"GENE0602","GENE0602_HUMAN","P13565","Protein GENE0602",-0.0347,1,0.636235,0,0.1964,6,6,FALSE,FALSE,FALSE
"GENE1380","GENE1380_HUMAN","P58723","Protein GENE1380",-0.1162,1,0.812145,0,0.0904,4,4,FALSE,FALSE,FALSE
"GENE2455","GENE2455_HUMAN","P96546","Protein GENE2455",0.2535,0.208189,0.060744,0.6116,1.2165,6,5,FALSE,FALSE,FALSE
"GENE0744","GENE0744_HUMAN","P40297","Protein GENE0744",0.4397,0.562165,0.176946,0.0812,0.7522,5,4,FALSE,FALSE,FALSE
"GENE0494","GENE0494_HUMAN","P76724","Protein GENE0494",4.2219,0.086388,0.040062,1.1091,1.3973,2,3,FALSE,TRUE,TRUE
"GENE1198","GENE1198_HUMAN","P56617","Protein GENE1198",0.5033,0.728185,0.629555,0,0.201,2,2,FALSE,FALSE,FALSE
"GENE1118","GENE1118_HUMAN","P28543","Protein GENE1118",-0.2319,1,0.482107,0,0.3169,4,2,FALSE,FALSE,FALSE
"GENE2433","GENE2433_HUMAN","P54883","Protein GENE2433",-2.0993,0.060662,0.0378,0.8106,1.4225,4,5,FALSE,FALSE,TRUE
"GENE1784","GENE1784_HUMAN","P44482","Protein GENE1784",-0.1126,1,0.602569,0.1986,0.22,5,6,FALSE,FALSE,FALSE
"GENE1482","GENE1482_HUMAN","P44648","Protein GENE1482",1.5886,0.026133,0.015357,1.7446,1.8137,4,3,FALSE,FALSE,TRUE
"GENE1962","GENE1962_HUMAN","P54520","Protein GENE1962",1.0044,1,0.591085,0,0.2283,4,4,FALSE,FALSE,FALSE
"GENE1859","GENE1859_HUMAN","P74468","Protein GENE1859",0.4404,0.935647,0.422739,0.0841,0.3739,6,2,FALSE,FALSE,FALSE
"GENE1187","GENE1187_HUMAN","P02333","Protein GENE1187",-0.3262,0.89566,0.288624,0.1915,0.5397,3,2,TRUE,TRUE,FALSE
"GENE2022","GENE2022_HUMAN","P96655","Protein GENE2022",0.208,1,0.36865,0,0.4334,4,4,FALSE,FALSE,FALSE
"GENE1820","GENE1820_HUMAN","P84408","Protein GENE1820",-0.1637,1,0.393847,0,0.4047,2,2,FALSE,FALSE,FALSE
"GENE2253","GENE2253_HUMAN","P62865","Protein GENE2253",-0.2498,1,0.482726,0.1186,0.3163,6,4,FALSE,FALSE,FALSE
"GENE1428","GENE1428_HUMAN","P28673","Protein GENE1428",-0.6092,1,0.848442,0,0.0714,4,5,FALSE,FALSE,FALSE
"GENE1725","GENE1725_HUMAN","P16702","Protein GENE1725",-0.2627,1,0.515794,0,0.2875,6,6,FALSE,FALSE,FALSE
"GENE0270","GENE0270_HUMAN","P95688","Protein GENE0270",0.0076,1,0.324338,0.3743,0.489,5,3,FALSE,TRUE,FALSE
"GENE1034","GENE1034_HUMAN","P07124","Protein GENE1034",0.7287,1,0.42505,0,0.3716,6,4,FALSE,FALSE,FALSE
"GENE1254","GENE1254_HUMAN","P48042","Protein GENE1254",-2.7752,0.156103,0.044322,0.8216,1.3534,2,4,FALSE,FALSE,TRUE
"GENE1242","GENE1242_HUMAN","P31841","Protein GENE1242",0.2666,1,0.411841,0,0.3853,4,2,TRUE,FALSE,FALSE
"GENE1320","GENE1320_HUMAN","P86303","Protein GENE1320",-0.1136,1,0.488174,0.1546,0.3114,5,4,FALSE,FALSE,FALSE
"GENE2329","GENE2329_HUMAN","P43239","Protein GENE2329",-0.4665,1,0.637596,0,0.1955,6,5,FALSE,FALSE,FALSE
"GENE2872","GENE2872_HUMAN","P34726","Protein GENE2872",0.1177,1,0.811839,0,0.0905,5,5,FALSE,FALSE,FALSE
"GENE1744","GENE1744_HUMAN","P06703","Protein GENE1744",-0.1022,1,0.849142,0,0.071,3,5,FALSE,FALSE,FALSE
"GENE2680","GENE2680_HUMAN","P40967","Protein GENE2680",0.4774,1,0.517288,0,0.2863,2,2,FALSE,FALSE,FALSE
"GENE1376","GENE1376_HUMAN","P64212","Protein GENE1376",1.6938,0.066429,0.025157,1.0168,1.5993,5,6,FALSE,FALSE,TRUE
"GENE0036","GENE0036_HUMAN","P06848","Protein GENE0036",0.1262,1,0.82774,0,0.0821,6,2,FALSE,TRUE,FALSE
"GENE1644","GENE1644_HUMAN","P72249","Protein GENE1644",-0.6149,0.458416,0.124943,0.3911,0.9033,6,6,TRUE,FALSE,FALSE
"GENE2744","GENE2744_HUMAN","P22826","Protein GENE2744",-0.7239,0.035779,0.032561,0.9305,1.4873,6,3,FALSE,FALSE,TRUE
"GENE0290","GENE0290_HUMAN","P93932","Protein GENE0290",0.2438,0.439851,0.124312,0.4566,0.9055,5,5,FALSE,FALSE,FALSE
"GENE2313","GENE2313_HUMAN","P23534","Protein GENE2313",-0.1685,1,0.585094,0,0.2328,3,6,FALSE,FALSE,FALSE
"GENE1243","GENE1243_HUMAN","P19517","Protein GENE1243",0.1871,1,0.52823,0.0018,0.2772,4,6,FALSE,FALSE,FALSE
"GENE0524","GENE0524_HUMAN","P75123","Protein GENE0524",-0.5364,1,0.891359,0,0.0499,3,2,FALSE,FALSE,FALSE
"GENE1862","GENE1862_HUMAN","P33998","Protein GENE1862",-0.8042,1,0.306706,0.0563,0.5133,2,4,FALSE,FALSE,FALSE
"GENE0493","GENE0493_HUMAN","P69027","Protein GENE0493",0.1915,1,0.417988,0.2022,0.3788,5,3,TRUE,FALSE,FALSE
"GENE1679","GENE1679_HUMAN","P09662","Protein GENE1679",-0.1648,1,0.92933,0,0.0318,6,2,FALSE,FALSE,FALSE
"GENE2715","GENE2715_HUMAN","P93574","Protein GENE2715",-0.7804,1,0.619161,0,0.2082,4,3,TRUE,FALSE,FALSE
"GENE1490","GENE1490_HUMAN","P43463","Protein GENE1490",0.609,0.930304,0.486635,0,0.3128,4,6,FALSE,FALSE,FALSE
"GENE0558","GENE0558_HUMAN","P91402","Protein GENE0558",-0.2041,1,0.850266,0,0.0704,6,5,FALSE,FALSE,FALSE
"GENE2091","GENE2091_HUMAN","P55227","Protein GENE2091",0.1042,0.592388,0.370231,0,0.4315,5,3,FALSE,FALSE,FALSE
"GENE0692","GENE0692_HUMAN","P27539","Protein GENE0692",-0.6832,1,0.615544,0.0628,0.2107,3,3,FALSE,FALSE,FALSE
"GENE0309","GENE0309_HUMAN","P80305","Protein GENE0309",-0.3666,1,0.646897,0,0.1892,2,5,FALSE,FALSE,FALSE
"GENE2229","GENE2229_HUMAN","P46722","Protein GENE2229",-0.1273,1,0.616297,0.0688,0.2102,6,3,FALSE,FALSE,FALSE
"GENE1362","GENE1362_HUMAN","P18378","Protein GENE1362",0.2941,0.173471,0.147461,0.3146,0.8313,4,2,FALSE,FALSE,FALSE
"GENE0683","GENE0683_HUMAN","P89510","Protein GENE0683",-0.5527,1,0.748574,0,0.1258,6,4,FALSE,TRUE,FALSE
"GENE2835","GENE2835_HUMAN","P56168","Protein GENE2835",-0.1094,0.770958,0.499482,0,0.3015,3,6,FALSE,FALSE,FALSE
"GENE0287","GENE0287_HUMAN","P15166","Protein GENE0287",0.0737,1,0.844932,0,0.0732,4,3,FALSE,FALSE,FALSE
"GENE1458","GENE1458_HUMAN","P82238","Protein GENE1458",0.6655,0.484374,0.392531,0,0.4061,4,5,FALSE,FALSE,FALSE
"GENE0810","GENE0810_HUMAN","P30933","Protein GENE0810",-0.0872,0.947007,0.287304,0.0135,0.5417,4,2,FALSE,FALSE,FALSE
"GENE1293","GENE1293_HUMAN","P27966","Protein GENE1293",-0.2019,0.895608,0.408199,0,0.3891,4,2,FALSE,FALSE,FALSE
"GENE0528","GENE0528_HUMAN","P30537","Protein GENE0528",-0.1646,0.594112,0.249367,0.4568,0.6032,3,3,FALSE,FALSE,FALSE
"GENE2037","GENE2037_HUMAN","P35025","Protein GENE2037",-0.225,0.886624,0.27687,0.2725,0.5577,4,5,FALSE,FALSE,FALSE
"GENE0052","GENE0052_HUMAN","P60888","Protein GENE0052",0.1132,1,0.976138,0,0.0105,5,5,FALSE,FALSE,FALSE
"GENE0213","GENE0213_HUMAN","P79426","Protein GENE0213",-0.6798,1,0.9815,0,0.0081,4,2,TRUE,FALSE,FALSE
"GENE2841","GENE2841_HUMAN","P41799","Protein GENE2841",0.0468,1,0.825035,0,0.0835,2,4,FALSE,FALSE,FALSE
"GENE2508","GENE2508_HUMAN","P20093","Protein GENE2508",-3.7924,0.055797,0.032753,1.2167,1.4847,3,4,FALSE,TRUE,TRUE
"GENE1383","GENE1383_HUMAN","P66520","Protein GENE1383",0.2019,1,0.925234,0,0.0337,2,6,FALSE,FALSE,FALSE
"GENE0761","GENE0761_HUMAN","P64190","Protein GENE0761",-0.1494,0.578296,0.252452,0.1258,0.5978,3,6,FALSE,FALSE,FALSE
"GENE1408","GENE1408_HUMAN","P02066","Protein GENE1408",-0.0574,0.206454,0.081648,0.4589,1.0881,2,5,FALSE,FALSE,FALSE
"GENE0466","GENE0466_HUMAN","P13808","Protein GENE0466",-0.3105,0.895707,0.301578,0.1037,0.5206,2,4,FALSE,FALSE,FALSE
"GENE1983","GENE1983_HUMAN","P27259","Protein GENE1983",-0.5076,1,0.632585,0,0.1989,6,5,FALSE,FALSE,FALSE
"GENE1791","GENE1791_HUMAN","P23694","Protein GENE1791",-0.8203,1,0.913643,0,0.0392,5,6,FALSE,FALSE,FALSE
"GENE2312","GENE2312_HUMAN","P10791","Protein GENE2312",0.1236,1,0.592233,0,0.2275,6,6,TRUE,FALSE,FALSE
"GENE2713","GENE2713_HUMAN","P00218","Protein GENE2713",-0.3509,0.613147,0.147561,0.436,0.831,2,6,FALSE,FALSE,FALSE
"GENE1164","GENE1164_HUMAN","P24342","Protein GENE1164",-0.3073,1,0.78014,0.0194,0.1078,2,6,FALSE,FALSE,FALSE
"GENE0032","GENE0032_HUMAN","P94048","Protein GENE0032",0.4931,0.89388,0.475073,0,0.3232,4,2,FALSE,FALSE,FALSE
"GENE1931","GENE1931_HUMAN","P43587","Protein GENE1931",-0.0807,1,0.864815,0,0.0631,5,4,FALSE,FALSE,FALSE
"GENE2459","GENE2459_HUMAN","P99666","Protein GENE2459",0.4223,1,0.765805,0,0.1159,6,3,FALSE,FALSE,FALSE
"GENE0638","GENE0638_HUMAN","P93282","Protein GENE0638",-0.2261,1,0.966113,0,0.015,5,6,FALSE,FALSE,FALSE
"GENE1993","GENE1993_HUMAN","P76509","Protein GENE1993",0.16,1,0.632333,0,0.1991,6,5,FALSE,FALSE,FALSE
"GENE0388","GENE0388_HUMAN","P11126","Protein GENE0388",-0.2818,1,0.884398,0,0.0534,2,4,TRUE,FALSE,FALSE
"GENE2055","GENE2055_HUMAN","P52940","Protein GENE2055",0.1706,1,0.37827,0.1207,0.4222,2,6,FALSE,FALSE,FALSE
"GENE2306","GENE2306_HUMAN","P53871","Protein GENE2306",0.064,1,0.99325,0,0.0029,6,5,FALSE,FALSE,FALSE
"GENE0167","GENE0167_HUMAN","P66597","Protein GENE0167",-1.773,0.050265,0.028583,1.1798,1.5439,2,5,FALSE,FALSE,TRUE
"GENE1493","GENE1493_HUMAN","P36887","Protein GENE1493",1.8569,0.001989,0.000412,2.7051,3.3855,6,3,FALSE,FALSE,TRUE
"GENE2298","GENE2298_HUMAN","P21142","Protein GENE2298",0.7291,1,0.779516,0,0.1082,6,5,FALSE,FALSE,FALSE
"GENE2150","GENE2150_HUMAN","P08726","Protein GENE2150",0.3371,1,0.875067,0,0.058,5,3,FALSE,TRUE,FALSE
"AGGF1","AGGF1_HUMAN","P79639","Protein AGGF1",-0.2467,1,0.578396,0,0.2378,5,4,FALSE,FALSE,FALSE
"GENE2519","GENE2519_HUMAN","P45158","Protein GENE2519",0.1716,0.87968,0.371018,0,0.4306,3,4,FALSE,TRUE,FALSE
"GENE2764","GENE2764_HUMAN","P27186","Protein GENE2764",-0.7983,1,0.430164,0,0.3664,2,5,FALSE,FALSE,FALSE
"GENE1349","GENE1349_HUMAN","P78707","Protein GENE1349",0.2172,0.646058,0.396894,0,0.4013,6,4,FALSE,FALSE,FALSE
"GENE0470","GENE0470_HUMAN","P42170","Protein GENE0470",-0.003,1,0.555331,0,0.2554,6,2,FALSE,FALSE,FALSE
"GENE0809","GENE0809_HUMAN","P71984","Protein GENE0809",-0.2335,0.871323,0.43689,0.1606,0.3596,3,6,TRUE,FALSE,FALSE
"GENE2009","GENE2009_HUMAN","P44602","Protein GENE2009",0.1632,1,0.547302,0,0.2618,4,4,FALSE,FALSE,FALSE
"GENE1598","GENE1598_HUMAN","P78481","Protein GENE1598",0.7943,0.499499,0.216352,0.0082,0.6648,2,6,FALSE,FALSE,FALSE
"PKN1","PKN1_HUMAN","P66985","Protein PKN1",2.5883,0.064422,0.017155,1.5852,1.7656,3,3,FALSE,FALSE,TRUE
"GENE0459","GENE0459_HUMAN","P17006","Protein GENE0459",2.4667,0.04096,0.019902,1.6016,1.7011,4,4,FALSE,FALSE,TRUE
"GENE2731","GENE2731_HUMAN","P68917","Protein GENE2731",2.77,0.004841,0.001722,2.1955,2.764,2,2,FALSE,FALSE,TRUE
"GENE1887","GENE1887_HUMAN","P10892","Protein GENE1887",-0.6515,1,0.573814,0.0866,0.2412,5,6,FALSE,TRUE,FALSE
"GENE2017","GENE2017_HUMAN","P24005","Protein GENE2017",0.2986,1,0.92324,0,0.0347,6,4,FALSE,FALSE,FALSE
"GENE2531","GENE2531_HUMAN","P79432","Protein GENE2531",0.2761,0.68866,0.216003,0.2061,0.6655,2,3,FALSE,FALSE,FALSE
"GENE0499","GENE0499_HUMAN","P89249","Protein GENE0499",0.8578,1,0.678849,0,0.1682,4,6,FALSE,FALSE,FALSE
"GENE0653","GENE0653_HUMAN","P18808","Protein GENE0653",0.191,1,0.864811,0,0.0631,2,4,TRUE,FALSE,FALSE
"GENE0663","GENE0663_HUMAN","P39183","Protein GENE0663",-0.2885,1,0.809165,0,0.092,3,2,FALSE,FALSE,FALSE
"GENE1693","GENE1693_HUMAN","P58198","Protein GENE1693",1.7487,0.051575,0.045063,1.054,1.3462,6,5,FALSE,FALSE,TRUE
"GENE2602","GENE2602_HUMAN","P04779","Protein GENE2602",1.581,0.135734,0.041224,1.0041,1.3848,3,3,FALSE,FALSE,TRUE
"GENE0797","GENE0797_HUMAN","P93330","Protein GENE0797",0.0723,0.721566,0.171692,0.3809,0.7652,2,3,FALSE,FALSE,FALSE
"GENE0985","GENE0985_HUMAN","P61483","Protein GENE0985",-0.1297,0.210448,0.109403,0.6068,0.961,2,3,TRUE,FALSE,FALSE
"GENE1033","GENE1033_HUMAN","P61532","Protein GENE1033",-0.5013,0.251329,0.067628,0.5907,1.1699,4,2,FALSE,TRUE,FALSE
"GENE2688","GENE2688_HUMAN","P19906","Protein GENE2688",0.1622,1,0.798165,0,0.0979,4,4,FALSE,FALSE,FALSE
"GENE2047","GENE2047_HUMAN","P04456","Protein GENE2047",0.5964,0.239897,0.125092,0.3163,0.9028,6,3,FALSE,FALSE,FALSE
"GENE1201","GENE1201_HUMAN","P21540","Protein GENE1201",-0.5328,1,0.478037,0,0.3205,3,2,FALSE,TRUE,FALSE
"GENE1042","GENE1042_HUMAN","P90828","Protein GENE1042",0.4745,1,0.480091,0,0.3187,4,2,FALSE,FALSE,FALSE
"GENE0218","GENE0218_HUMAN","P48428","Protein GENE0218",0.1728,0.634455,0.300901,0.5116,0.5216,6,2,FALSE,FALSE,FALSE
"GENE1901","GENE1901_HUMAN","P57253","Protein GENE1901",-0.6887,1,0.408283,0.1571,0.389,4,3,FALSE,FALSE,FALSE
"GENE1551","GENE1551_HUMAN","P56728","Protein GENE1551",0.0594,0.188862,0.105773,0.2986,0.9756,5,5,FALSE,FALSE,FALSE
"GENE0475","GENE0475_HUMAN","P39545","Protein GENE0475",0.1224,1,0.785433,0,0.1049,6,5,FALSE,FALSE,FALSE
"GENE2726","GENE2726_HUMAN","P29076","Protein GENE2726",-0.2699,0.324645,0.074768,0.6219,1.1263,5,4,TRUE,FALSE,FALSE
"GENE2427","GENE2427_HUMAN","P58287","Protein GENE2427",-0.1975,1,0.658681,0.0493,0.1813,4,6,FALSE,FALSE,FALSE
"GENE0463","GENE0463_HUMAN","P74267","Protein GENE0463",0.5093,1,0.721263,0,0.1419,6,4,TRUE,FALSE,FALSE
"GENE1162","GENE1162_HUMAN","P17564","Protein GENE1162",-0.0286,0.713433,0.356263,0.276,0.4482,5,3,FALSE,FALSE,FALSE
"GENE0432","GENE0432_HUMAN","P60143","Protein GENE0432",0.483,1,0.400792,0.0712,0.3971,3,3,FALSE,FALSE,FALSE
"GENE1738","GENE1738_HUMAN","P59344","Protein GENE1738",-3.382,0.167852,0.045668,1.0892,1.3404,6,3,FALSE,FALSE,TRUE
"GENE1457","GENE1457_HUMAN","P31830","Protein GENE1457",1.0542,0.432374,0.141,0.3639,0.8508,2,3,FALSE,FALSE,FALSE
"GENE2523","GENE2523_HUMAN","P60745","Protein GENE2523",-0.3199,1,0.638122,0,0.1951,4,6,TRUE,FALSE,FALSE
"GENE2589","GENE2589_HUMAN","P73865","Protein GENE2589",0.1894,0.996098,0.200902,0.0839,0.697,5,5,TRUE,FALSE,FALSE
"GENE0297","GENE0297_HUMAN","P25809","Protein GENE0297",0.1269,1,0.604399,0,0.2187,6,6,FALSE,FALSE,FALSE
"GENE1200","GENE1200_HUMAN","P81007","Protein GENE1200",-0.344,1,0.699545,0,0.1552,3,6,FALSE,TRUE,FALSE
"GENE0961","GENE0961_HUMAN","P05316","Protein GENE0961",0.4601,0.778781,0.531003,0.1425,0.2749,6,6,FALSE,TRUE,FALSE
"GENE1871","GENE1871_HUMAN","P11602","Protein GENE1871",0.0409,1,0.467544,0.2228,0.3302,4,4,FALSE,FALSE,FALSE
"GENE0449","GENE0449_HUMAN","P02236","Protein GENE0449",-0.1472,1,0.360715,0.2112,0.4428,2,3,FALSE,FALSE,FALSE
"GENE1924","GENE1924_HUMAN","P27729","Protein GENE1924",0.703,0.697753,0.518647,0.2018,0.2851,2,4,FALSE,FALSE,FALSE
"GENE0822","GENE0822_HUMAN","P09709","Protein GENE0822",-0.1192,1,0.58785,0,0.2307,4,2,FALSE,TRUE,FALSE
"GENE1775","GENE1775_HUMAN","P62890","Protein GENE1775",0.0401,0.808312,0.172173,0.5323,0.764,4,5,FALSE,FALSE,FALSE
"GENE2250","GENE2250_HUMAN","P99993","Protein GENE2250",-1.2517,0.016137,0.012711,1.2722,1.8958,2,3,FALSE,FALSE,TRUE
"GENE0383","GENE0383_HUMAN","P39033","Protein GENE0383",0.1602,0.96326,0.856108,0,0.0675,2,5,FALSE,FALSE,FALSE
"GENE1469","GENE1469_HUMAN","P90728","Protein GENE1469",0.5219,1,0.629736,0,0.2008,4,4,FALSE,FALSE,FALSE
"GENE0135","GENE0135_HUMAN","P47756","Protein GENE0135",0.043,0.644775,0.38841,0,0.4107,4,3,FALSE,TRUE,FALSE
"GENE2543","GENE2543_HUMAN","P87561","Protein GENE2543",-0.8732,0.316004,0.068991,0.889,1.1612,4,6,FALSE,FALSE,FALSE
"GENE1680","GENE1680_HUMAN","P76185","Protein GENE1680",0.3896,1,0.512806,0,0.29,3,6,FALSE,TRUE,FALSE
"GENE1023","GENE1023_HUMAN","P83270","Protein GENE1023",0.1727,1,0.52028,0,0.2838,3,4,FALSE,FALSE,FALSE
"DHX15","DHX15_HUMAN","P32463","Protein DHX15",0.3535,1,0.995524,0,0.0019,3,3,FALSE,FALSE,FALSE
"GENE2683","GENE2683_HUMAN","P40802","Protein GENE2683",0.5718,1,0.805909,0,0.0937,6,6,TRUE,FALSE,FALSE
"GENE2274","GENE2274_HUMAN","P40168","Protein GENE2274",3.6909,0.105122,0.024593,1.0376,1.6092,5,6,FALSE,FALSE,TRUE
"GENE0900","GENE0900_HUMAN","P84760","Protein GENE0900",-0.1024,1,0.888953,0,0.0511,3,5,FALSE,FALSE,FALSE
"GENE0665","GENE0665_HUMAN","P28776","Protein GENE0665",-0.1995,0.463386,0.270937,0.107,0.5671,2,3,FALSE,FALSE,FALSE
"GENE2079","GENE2079_HUMAN","P13722","Protein GENE2079",-0.3789,1,0.471254,0,0.3267,4,2,FALSE,FALSE,FALSE
"GENE2808","GENE2808_HUMAN","P32162","Protein GENE2808",2.9961,0.121885,0.026696,0.9829,1.5736,3,6,FALSE,FALSE,TRUE
"GENE2880","GENE2880_HUMAN","P56917","Protein GENE2880",0.324,1,0.876263,0,0.0574,6,4,FALSE,FALSE,FALSE
"GENE0564","GENE0564_HUMAN","P27899","Protein GENE0564",-0.7847,1,0.636351,0.1465,0.1963,4,6,FALSE,FALSE,FALSE
"GENE1000","GENE1000_HUMAN","P07624","Protein GENE1000",0.1287,1,0.233709,0.1104,0.6313,5,3,FALSE,FALSE,FALSE
"GENE2838","GENE2838_HUMAN","P53544","Protein GENE2838",-0.1489,0.979993,0.284745,0.0481,0.5455,3,4,FALSE,FALSE,FALSE
"GENE0372","GENE0372_HUMAN","P86224","Protein GENE0372",0.0974,1,0.259457,0.025,0.5859,4,6,FALSE,FALSE,FALSE
"GENE2666","GENE2666_HUMAN","P82571","Protein GENE2666",0.311,1,0.624955,0.121,0.2042,6,5,FALSE,FALSE,FALSE
"GENE1736","GENE1736_HUMAN","P69957","Protein GENE1736",-0.0378,1,0.47694,0,0.3215,4,5,FALSE,FALSE,FALSE
"GENE1104","GENE1104_HUMAN","P18631","Protein GENE1104",0.2333,0.219835,0.171912,0.5905,0.7647,6,3,FALSE,FALSE,FALSE
"GENE2464","GENE2464_HUMAN","P98473","Protein GENE2464",2.6169,0.190435,0.047885,1.1507,1.3198,2,3,FALSE,FALSE,TRUE
"GENE0562","GENE0562_HUMAN","P58681","Protein GENE0562",-0.4046,0.685084,0.351796,0.2765,0.4537,4,5,TRUE,FALSE,FALSE
"GENE1756","GENE1756_HUMAN","P43277","Protein GENE1756",0.01,1,0.258336,0.0422,0.5878,2,6,FALSE,FALSE,FALSE
"GENE2092","GENE2092_HUMAN","P70294","Protein GENE2092",-0.0642,1,0.635352,0,0.197,4,5,FALSE,FALSE,FALSE
"GENE2147","GENE2147_HUMAN","P24532","Protein GENE2147",0.1706,1,0.854894,0,0.0681,3,6,FALSE,FALSE,FALSE
"GENE0182","GENE0182_HUMAN","P69213","Protein GENE0182",-0.7008,1,0.756787,0,0.121,2,3,FALSE,FALSE,FALSE
"GENE0007","GENE0007_HUMAN","P77852","Protein GENE0007",0.0113,1,0.801657,0,0.096,4,2,FALSE,TRUE,FALSE
"GENE0500","GENE0500_HUMAN","P47136","Protein GENE0500",-0.065,1,0.486186,0,0.3132,2,5,FALSE,FALSE,FALSE
"GENE1543","GENE1543_HUMAN","P08646","Protein GENE1543",0.0649,0.280671,0.191121,0.1933,0.7187,6,2,FALSE,FALSE,FALSE
"GENE0539","GENE0539_HUMAN","P92429","Protein GENE0539",-0.6784,0.013727,0.009426,1.978,2.0257,3,2,FALSE,FALSE,TRUE
"GENE0997","GENE0997_HUMAN","P81724","Protein GENE0997",-0.1156,1,0.593427,0,0.2266,2,2,FALSE,FALSE,FALSE
"GENE0021","GENE0021_HUMAN","P64646","Protein GENE0021",-0.1448,1,0.989019,0,0.0048,3,2,TRUE,FALSE,FALSE
"GENE2604","GENE2604_HUMAN","P76797","Protein GENE2604",-0.348,0.763739,0.209844,0.401,0.6781,3,2,FALSE,FALSE,FALSE
"GENE0816","GENE0816_HUMAN","P51039","Protein GENE0816",-0.6468,0.867125,0.644024,0,0.1911,2,2,FALSE,FALSE,FALSE
"GENE0482","GENE0482_HUMAN","P41822","Protein GENE0482",-0.8077,1,0.5359,0,0.2709,3,3,FALSE,FALSE,FALSE
"GENE2435","GENE2435_HUMAN","P58913","Protein GENE2435",-0.3089,1,0.827234,0,0.0824,3,5,FALSE,FALSE,FALSE
"GENE0127","GENE0127_HUMAN","P39040","Protein GENE0127",0.133,1,0.692006,0,0.1599,3,4,FALSE,FALSE,FALSE
"GENE0899","GENE0899_HUMAN","P28616","Protein GENE0899",0.3466,1,0.842168,0,0.0746,5,3,FALSE,FALSE,FALSE
"GENE0703","GENE0703_HUMAN","P83115","Protein GENE0703",1.8305,0.093275,0.047414,0.9084,1.3241,6,3,FALSE,FALSE,TRUE
"GENE2505","GENE2505_HUMAN","P94711","Protein GENE2505",-0.1838,1,0.304764,0.0494,0.516,2,3,FALSE,TRUE,FALSE
"GENE0661","GENE0661_HUMAN","P86819","Protein GENE0661",-0.1231,0.814727,0.304449,0,0.5165,5,4,FALSE,FALSE,FALSE
"GENE2500","GENE2500_HUMAN","P47525","Protein GENE2500",0.5757,1,0.723766,0,0.1404,3,4,FALSE,FALSE,FALSE
"GENE0745","GENE0745_HUMAN","P49615","Protein GENE0745",-0.817,1,0.842083,0,0.0746,4,3,FALSE,FALSE,FALSE
"GENE0533","GENE0533_HUMAN","P37441","Protein GENE0533",2.6022,0.16111,0.03848,0.8513,1.4148,4,3,FALSE,FALSE,TRUE
"GENE0616","GENE0616_HUMAN","P68432","Protein GENE0616",-0.6984,1,0.261571,0.004,0.5824,5,6,FALSE,FALSE,FALSE
"GENE0904","GENE0904_HUMAN","P66867","Protein GENE0904",0.6336,0.536344,0.134848,0.2393,0.8702,2,3,FALSE,TRUE,FALSE
"GENE0242","GENE0242_HUMAN","P12277","Protein GENE0242",0.2853,0.248595,0.208813,0.4168,0.6802,3,5,FALSE,FALSE,FALSE
"GENE1176","GENE1176_HUMAN","P96726","Protein GENE1176",0.1818,0.826674,0.166733,0.6441,0.778,6,5,FALSE,FALSE,FALSE
"GENE0085","GENE0085_HUMAN","P17332","Protein GENE0085",0.0026,1,0.771646,0.0049,0.1126,6,4,FALSE,FALSE,FALSE
"GENE2557","GENE2557_HUMAN","P38407","Protein GENE2557",-0.0711,1,0.901306,0,0.0451,6,3,FALSE,FALSE,FALSE
"GENE0128","GENE0128_HUMAN","P54721","Protein GENE0128",-0.244,0.678342,0.170646,0.3931,0.7679,6,4,FALSE,FALSE,FALSE
"GENE0626","GENE0626_HUMAN","P31733","Protein GENE0626",-3.0612,0.062723,0.016782,1.7606,1.7752,3,3,FALSE,FALSE,TRUE
"GENE2056","GENE2056_HUMAN","P90797","Protein GENE2056",3.5153,0.174487,0.042019,1.0729,1.3766,5,4,FALSE,FALSE,TRUE
"GENE0163","GENE0163_HUMAN","P21649","Protein GENE0163",0.392,1,0.838072,0,0.0767,4,4,FALSE,FALSE,FALSE
"GENE2373","GENE2373_HUMAN","P70330","Protein GENE2373",-0.1595,1,0.647774,0.0671,0.1886,2,6,FALSE,FALSE,FALSE
"GENE1582","GENE1582_HUMAN","P86572","Protein GENE1582",-0.2157,1,0.694121,0,0.1586,4,4,FALSE,FALSE,FALSE
"GENE2734","GENE2734_HUMAN","P76584","Protein GENE2734",-0.3878,0.942273,0.266826,0,0.5738,3,6,TRUE,FALSE,FALSE
"GENE0808","GENE0808_HUMAN","P31435","Protein GENE0808",0.2509,1,0.996997,0,0.0013,5,3,FALSE,FALSE,FALSE
"GENE2705","GENE2705_HUMAN","P04682","Protein GENE2705",-0.0274,1,0.673051,0,0.172,2,6,FALSE,FALSE,FALSE
"GENE1780","GENE1780_HUMAN","P26716","Protein GENE1780",0.1385,0.641147,0.392358,0.1187,0.4063,2,3,FALSE,FALSE,FALSE
"GENE1702","GENE1702_HUMAN","P12852","Protein GENE1702",-0.0693,1,0.839356,0,0.0761,4,4,FALSE,FALSE,FALSE
"GENE1499","GENE1499_HUMAN","P62305","Protein GENE1499",1.8462,0.014004,0.005312,1.9624,2.2748,4,3,FALSE,FALSE,TRUE
"GENE2325","GENE2325_HUMAN","P12513","Protein GENE2325",-0.0505,1,0.695479,0,0.1577,6,5,FALSE,FALSE,FALSE
"GENE2044","GENE2044_HUMAN","P46718","Protein GENE2044",0.1337,1,0.562241,0,0.2501,5,6,FALSE,FALSE,FALSE
"GENE2472","GENE2472_HUMAN","P74583","Protein GENE2472",-0.1806,0.976605,0.21899,0.2973,0.6596,2,6,FALSE,FALSE,FALSE
"GENE1358","GENE1358_HUMAN","P45982","Protein GENE1358",-0.0258,1,0.235984,0.0215,0.6271,2,6,FALSE,FALSE,FALSE
"GENE1997","GENE1997_HUMAN","P05854","Protein GENE1997",-0.0556,1,0.901595,0,0.045,2,3,FALSE,FALSE,FALSE
"GENE1416","GENE1416_HUMAN","P11096","Protein GENE1416",-0.0292,0.572333,0.411906,0.3223,0.3852,4,5,FALSE,FALSE,FALSE
"GENE1776","GENE1776_HUMAN","P49887","Protein GENE1776",1.8164,0.020191,0.005066,1.649,2.2954,4,3,FALSE,FALSE,TRUE
"GENE1614","GENE1614_HUMAN","P16772","Protein GENE1614",0.1893,1,0.493386,0,0.3068,6,2,FALSE,FALSE,FALSE
"GENE1323","GENE1323_HUMAN","P63918","Protein GENE1323",-0.5166,1,0.856281,0,0.0674,6,2,TRUE,TRUE,FALSE
"GENE1666","GENE1666_HUMAN","P69750","Protein GENE1666",0.0785,0.813263,0.601877,0,0.2205,2,4,FALSE,TRUE,FALSE
"GENE1947","GENE1947_HUMAN","P01494","Protein GENE1947",-3.0899,0.061672,0.032794,1.2783,1.4842,4,4,FALSE,FALSE,TRUE
"GENE0093","GENE0093_HUMAN","P76879","Protein GENE0093",0.1126,0.192929,0.11157,0.5538,0.9525,6,4,TRUE,FALSE,FALSE
"GENE2584","GENE2584_HUMAN","P14756","Protein GENE2584",0.352,1,0.802228,0,0.0957,3,2,FALSE,FALSE,FALSE
"GENE2745","GENE2745_HUMAN","P32774","Protein GENE2745",2.8141,0.005682,0.002001,2.118,2.6987,3,4,FALSE,FALSE,TRUE
"GENE1388","GENE1388_HUMAN","P49684","Protein GENE1388",0.8661,1,0.876117,0,0.0574,4,3,FALSE,FALSE,FALSE
"GENE2381","GENE2381_HUMAN","P70977","Protein GENE2381",-0.2706,0.334249,0.084511,1.0419,1.0731,2,6,FALSE,TRUE,FALSE
"GENE2366","GENE2366_HUMAN","P42900","Protein GENE2366",-0.1417,0.183415,0.121978,0.8713,0.9137,6,5,FALSE,FALSE,FALSE
"GENE0716","GENE0716_HUMAN","P41520","Protein GENE0716",0.5391,1,0.514566,0,0.2886,6,5,FALSE,FALSE,FALSE
"GENE1219","GENE1219_HUMAN","P40239","Protein GENE1219",0.4806,1,0.791467,0,0.1016,5,4,FALSE,FALSE,FALSE
"GENE2756","GENE2756_HUMAN","P82688","Protein GENE2756",-0.4102,0.552504,0.266496,0.2336,0.5743,5,2,FALSE,FALSE,FALSE
"MED15","MED15_HUMAN","P26028","Protein MED15",3.0347,0.010344,0.00464,1.9188,2.3335,3,5,FALSE,FALSE,TRUE
"GENE2031","GENE2031_HUMAN","P29071","Protein GENE2031",0.0874,0.410174,0.257931,0,0.5885,6,3,FALSE,FALSE,FALSE
"GENE0367","GENE0367_HUMAN","P76412","Protein GENE0367",0.5484,0.441635,0.305321,0.2644,0.5152,2,6,TRUE,FALSE,FALSE
"GENE0346","GENE0346_HUMAN","P17936","Protein GENE0346",0.5593,1,0.56767,0,0.2459,3,4,FALSE,FALSE,FALSE
"GENE1576","GENE1576_HUMAN","P25319","Protein GENE1576",-0.2822,0.472042,0.152076,0.3874,0.8179,6,3,FALSE,FALSE,FALSE
"GENE0380","GENE0380_HUMAN","P92474","Protein GENE0380",0.3525,1,0.581265,0,0.2356,4,3,FALSE,FALSE,FALSE
"GENE2517","GENE2517_HUMAN","P25017","Protein GENE2517",-0.2388,1,0.80357,0,0.095,4,3,FALSE,FALSE,FALSE
"GENE2555","GENE2555_HUMAN","P27540","Protein GENE2555",0.6703,0.581593,0.32869,0,0.4832,4,4,FALSE,FALSE,FALSE
"GENE0121","GENE0121_HUMAN","P98532","Protein GENE0121",0.3034,1,0.583512,0,0.2339,5,2,FALSE,FALSE,FALSE
"GENE2871","GENE2871_HUMAN","P81372","Protein GENE2871",2.1887,0.084807,0.03931,0.9725,1.4055,3,6,FALSE,FALSE,TRUE
"GENE0075","GENE0075_HUMAN","P28118","Protein GENE0075",0.2675,1,0.808072,0,0.0925,6,4,FALSE,FALSE,FALSE
"GENE1795","GENE1795_HUMAN","P10483","Protein GENE1795",-0.5417,1,0.606295,0,0.2173,5,5,FALSE,FALSE,FALSE
"GENE0411","GENE0411_HUMAN","P97921","Protein GENE0411",-0.0089,0.7424,0.213423,0.1712,0.6708,4,3,FALSE,FALSE,FALSE
"GENE1071","GENE1071_HUMAN","P82824","Protein GENE1071",0.7111,0.879591,0.709351,0,0.1491,2,4,FALSE,TRUE,FALSE
"GENE2628","GENE2628_HUMAN","P46424","Protein GENE2628",0.6187,0.198262,0.169006,0.246,0.7721,4,6,TRUE,FALSE,FALSE
"GENE0358","GENE0358_HUMAN","P12271","Protein GENE0358",-0.1506,1,0.722989,0,0.1409,3,5,TRUE,FALSE,FALSE
"GENE0318","GENE0318_HUMAN","P63930","Protein GENE0318",-0.6933,0.004533,0.003313,2.1319,2.4798,2,4,FALSE,FALSE,TRUE
"GENE0903","GENE0903_HUMAN","P77364","Protein GENE0903",-0.2822,1,0.493267,0,0.3069,6,6,FALSE,FALSE,FALSE
"GENE1171","GENE1171_HUMAN","P71959","Protein GENE1171",0.4698,0.853381,0.428763,0,0.3678,4,3,FALSE,FALSE,FALSE
"GENE1890","GENE1890_HUMAN","P53550","Protein GENE1890",0.171,0.514912,0.185474,0.0723,0.7317,6,5,FALSE,FALSE,FALSE
"GENE0828","GENE0828_HUMAN","P15361","Protein GENE0828",-0.1675,1,0.46099,0,0.3363,2,2,FALSE,FALSE,FALSE
"GENE0073","GENE0073_HUMAN","P43035","Protein GENE0073",-0.1754,1,0.742128,0,0.1295,6,5,FALSE,FALSE,FALSE
"GENE2252","GENE2252_HUMAN","P57450","Protein GENE2252",-0.5711,0.225847,0.094036,0.4819,1.0267,4,4,FALSE,FALSE,FALSE
"GENE2094","GENE2094_HUMAN","P17662","Protein GENE2094",-0.2579,1,0.827996,0,0.082,6,3,FALSE,FALSE,FALSE
"GENE0299","GENE0299_HUMAN","P00225","Protein GENE0299",0.0322,1,0.750123,0,0.1249,4,2,FALSE,TRUE,FALSE
"GENE2671","GENE2671_HUMAN","P37692","Protein GENE2671",-0.9821,1,0.716141,0,0.145,3,4,FALSE,FALSE,FALSE
"GENE0848","GENE0848_HUMAN","P05850","Protein GENE0848",0.26,0.87131,0.205156,0.1937,0.6879,4,2,FALSE,FALSE,FALSE
"GENE2474","GENE2474_HUMAN","P44737","Protein GENE2474",0.0425,1,0.665708,0,0.1767,3,5,FALSE,FALSE,FALSE
"GENE0701","GENE0701_HUMAN","P32730","Protein GENE0701",-0.5453,1,0.853541,0,0.0688,4,2,FALSE,FALSE,FALSE
"GENE2547","GENE2547_HUMAN","P09214","Protein GENE2547",-0.4829,1,0.809757,0,0.0916,4,3,FALSE,FALSE,FALSE
"GENE0097","GENE0097_HUMAN","P90908","Protein GENE0097",-0.0096,1,0.927757,0,0.0326,4,5,FALSE,FALSE,FALSE
"GENE1532","GENE1532_HUMAN","P16663","Protein GENE1532",-0.9095,1,0.427419,0,0.3691,3,4,FALSE,FALSE,FALSE
"GENE2145","GENE2145_HUMAN","P75732","Protein GENE2145",0.0718,1,0.42181,0.0812,0.3749,6,2,FALSE,FALSE,FALSE
"GENE1874","GENE1874_HUMAN","P65705","Protein GENE1874",0.3582,1,0.606374,0.1049,0.2173,2,3,FALSE,FALSE,FALSE
"GENE1927","GENE1927_HUMAN","P76119","Protein GENE1927",-0.1691,0.695988,0.422226,0,0.3745,2,6,FALSE,FALSE,FALSE
"GENE2718","GENE2718_HUMAN","P05347","Protein GENE2718",0.5356,1,0.340236,0.457,0.4682,4,5,TRUE,FALSE,FALSE
"GENE0054","GENE0054_HUMAN","P11950","Protein GENE0054",0.1598,0.554213,0.500936,0,0.3002,3,5,FALSE,FALSE,FALSE
"GENE1078","GENE1078_HUMAN","P96888","Protein GENE1078",0.6469,1,0.607241,0,0.2166,2,4,TRUE,FALSE,FALSE
"GENE1265","GENE1265_HUMAN","P34548","Protein GENE1265",-0.5122,1,0.890041,0,0.0506,3,6,FALSE,FALSE,FALSE
"GENE1400","GENE1400_HUMAN","P18863","Protein GENE1400",-0.1824,1,0.763689,0,0.1171,3,5,FALSE,FALSE,FALSE
"GENE0942","GENE0942_HUMAN","P23828","Protein GENE0942",-0.1685,1,0.931548,0,0.0308,4,2,FALSE,FALSE,FALSE
"GENE0363","GENE0363_HUMAN","P65860","Protein GENE0363",-0.9372,1,0.562787,0,0.2497,4,5,FALSE,FALSE,FALSE
"GENE2620","GENE2620_HUMAN","P91321","Protein GENE2620",0.467,1,0.367606,0,0.4346,3,5,FALSE,FALSE,FALSE
"GENE0888","GENE0888_HUMAN","P13573","Protein GENE0888",0.1267,0.963887,0.77364,0,0.1115,5,6,FALSE,FALSE,FALSE
"GENE1258","GENE1258_HUMAN","P17816","Protein GENE1258",0.918,1,0.973202,0,0.0118,2,4,FALSE,FALSE,FALSE
"GENE0547","GENE0547_HUMAN","P33176","Protein GENE0547",0.129,0.907051,0.192655,0.2049,0.7152,3,3,FALSE,FALSE,FALSE
"GENE1605","GENE1605_HUMAN","P95365","Protein GENE1605",-0.2551,1,0.42059,0.03,0.3761,3,4,FALSE,FALSE,FALSE
"GENE0876","GENE0876_HUMAN","P01609","Protein GENE0876",-0.0315,0.475482,0.279243,0.4789,0.554,3,6,FALSE,FALSE,FALSE
"GENE0469","GENE0469_HUMAN","P04081","Protein GENE0469",1.1599,1,0.716179,0,0.145,3,6,FALSE,FALSE,FALSE
"GENE2049","GENE2049_HUMAN","P61703","Protein GENE2049",-0.9795,0.187798,0.136852,0.3395,0.8637,5,6,FALSE,FALSE,FALSE
"GENE0675","GENE0675_HUMAN","P93140","Protein GENE0675",0.1791,0.454572,0.153862,0.138,0.8129,2,2,FALSE,FALSE,FALSE
"GENE1107","GENE1107_HUMAN","P37790","Protein GENE1107",0.1319,1,0.54299,0,0.2652,3,3,FALSE,FALSE,FALSE
"GENE2097","GENE2097_HUMAN","P10431","Protein GENE2097",0.4566,0.715975,0.156521,0.6353,0.8054,5,6,FALSE,FALSE,FALSE
"GENE1317","GENE1317_HUMAN","P47952","Protein GENE1317",-0.3025,0.610652,0.128168,0.4753,0.8922,4,3,TRUE,FALSE,FALSE
"GENE1933","GENE1933_HUMAN","P45482","Protein GENE1933",0.3787,1,0.245382,0.0867,0.6102,5,6,FALSE,FALSE,FALSE
"GENE0873","GENE0873_HUMAN","P95156","Protein GENE0873",0.6623,0.587915,0.223468,0.4203,0.6508,2,6,FALSE,TRUE,FALSE
"GENE2157","GENE2157_HUMAN","P49013","Protein GENE2157",0.4569,1,0.823185,0,0.0845,3,5,FALSE,FALSE,FALSE
"GENE0952","GENE0952_HUMAN","P77783","Protein GENE0952",-0.2181,0.354768,0.19469,0.4263,0.7107,2,2,FALSE,FALSE,FALSE
"GENE2535","GENE2535_HUMAN","P57505","Protein GENE2535",0.1015,1,0.554813,0,0.2559,5,4,TRUE,FALSE,FALSE
"GENE0216","GENE0216_HUMAN","P99350","Protein GENE0216",0.0394,0.084612,0.062436,0.7146,1.2046,3,4,FALSE,FALSE,FALSE
"GENE2068","GENE2068_HUMAN","P16725","Protein GENE2068",0.3138,1,0.978735,0,0.0093,2,6,FALSE,FALSE,FALSE
"GENE0946","GENE0946_HUMAN","P51752","Protein GENE0946",-0.8087,1,0.796238,0,0.099,3,3,FALSE,FALSE,FALSE
"GENE2598","GENE2598_HUMAN","P87743","Protein GENE2598",-0.0976,0.579241,0.484063,0,0.3151,6,5,FALSE,FALSE,FALSE
"GENE0313","GENE0313_HUMAN","P32772","Protein GENE0313",0.228,1,0.409855,0,0.3874,2,4,FALSE,FALSE,FALSE
"GENE1899","GENE1899_HUMAN","P33379","Protein GENE1899",0.0559,1,0.524535,0,0.2802,5,6,FALSE,FALSE,FALSE
"GENE0209","GENE0209_HUMAN","P90255","Protein GENE0209",-0.2954,0.245262,0.076063,0.6581,1.1188,5,2,TRUE,FALSE,FALSE
"GENE1745","GENE1745_HUMAN","P67350","Protein GENE1745",-3.3371,0.065455,0.035739,1.1341,1.4469,5,5,FALSE,FALSE,TRUE
"GENE1631","GENE1631_HUMAN","P12013","Protein GENE1631",-0.379,0.243347,0.176393,0.1309,0.7535,2,4,FALSE,TRUE,FALSE
"GENE2418","GENE2418_HUMAN","P30085","Protein GENE2418",-0.0897,1,0.474127,0,0.3241,6,2,FALSE,FALSE,FALSE
"GENE2470","GENE2470_HUMAN","P72576","Protein GENE2470",0.1794,1,0.96723,0,0.0145,6,3,FALSE,FALSE,FALSE
"GENE1046","GENE1046_HUMAN","P32828","Protein GENE1046",-0.6928,0.996622,0.486075,0,0.3133,4,6,FALSE,FALSE,FALSE
"GENE1026","GENE1026_HUMAN","P65877","Protein GENE1026",0.4583,1,0.628046,0,0.202,3,3,FALSE,FALSE,FALSE
"GENE2594","GENE2594_HUMAN","P81416","Protein GENE2594",0.6868,1,0.388313,0,0.4108,4,5,FALSE,TRUE,FALSE
"GENE0074","GENE0074_HUMAN","P07018","Protein GENE0074",0.1463,0.460507,0.10982,0.4311,0.9593,2,2,FALSE,FALSE,FALSE
"GENE0636","GENE0636_HUMAN","P28834","Protein GENE0636",-0.3466,0.580169,0.22385,0.042,0.65,6,3,FALSE,FALSE,FALSE
"GENE2711","GENE2711_HUMAN","P41621","Protein GENE2711",0.0912,1,0.796112,0.0251,0.099,6,2,FALSE,FALSE,FALSE
"GENE2405","GENE2405_HUMAN","P81216","Protein GENE2405",-4.3269,0.028973,0.020246,1.0092,1.6937,3,3,FALSE,FALSE,TRUE
"GENE0838","GENE0838_HUMAN","P40045","Protein GENE0838",0.3992,1,0.709782,0,0.1489,6,3,FALSE,FALSE,FALSE
"GENE2757","GENE2757_HUMAN","P33460","Protein GENE2757",0.1957,1,0.870959,0,0.06,4,3,FALSE,FALSE,FALSE
"GENE0736","GENE0736_HUMAN","P74546","Protein GENE0736",0.6756,0.508895,0.102557,0.6777,0.989,4,6,FALSE,FALSE,FALSE
"GENE1584","GENE1584_HUMAN","P56863","Protein GENE1584",4.1263,0.050676,0.030521,1.0339,1.5154,3,4,FALSE,FALSE,TRUE
"GENE2258","GENE2258_HUMAN","P63235","Protein GENE2258",0.2678,1,0.357683,0,0.4465,6,2,FALSE,FALSE,FALSE
"GENE1821","GENE1821_HUMAN","P54814","Protein GENE1821",0.5019,0.756206,0.637314,0,0.1956,2,2,FALSE,FALSE,FALSE
"GENE2121","GENE2121_HUMAN","P97333","Protein GENE2121",-0.3635,0.734154,0.404922,0,0.3926,4,4,FALSE,TRUE,FALSE
"GENE2018","GENE2018_HUMAN","P17303","Protein GENE2018",0.4114,1,0.474155,0,0.3241,2,4,FALSE,TRUE,FALSE
"GENE0587","GENE0587_HUMAN","P49422","Protein GENE0587",-0.2713,1,0.940542,0,0.0266,6,6,FALSE,TRUE,FALSE
"GENE0735","GENE0735_HUMAN","P69803","Protein GENE0735",0.0058,1,0.653841,0,0.1845,2,6,FALSE,FALSE,FALSE
"GENE1946","GENE1946_HUMAN","P08166","Protein GENE1946",0.175,1,0.499147,0,0.3018,4,6,FALSE,FALSE,FALSE
"GENE1909","GENE1909_HUMAN","P05041","Protein GENE1909",0.1023,1,0.590109,0,0.2291,4,4,FALSE,FALSE,FALSE
"GENE0742","GENE0742_HUMAN","P87079","Protein GENE0742",0.031,0.163124,0.080049,0.6701,1.0966,5,5,FALSE,FALSE,FALSE
"GENE2051","GENE2051_HUMAN","P27817","Protein GENE2051",0.7603,0.096031,0.021869,1.2781,1.6602,3,6,FALSE,FALSE,TRUE
"GENE0546","GENE0546_HUMAN","P31607","Protein GENE0546",-0.0657,1,0.633426,0.0701,0.1983,6,4,FALSE,FALSE,FALSE
"GENE2066","GENE2066_HUMAN","P95648","Protein GENE2066",0.1825,1,0.997953,0,9e-04,5,6,FALSE,FALSE,FALSE
"GENE1638","GENE1638_HUMAN","P60322","Protein GENE1638",-2.8668,0.04619,0.031236,1.0301,1.5053,2,2,FALSE,FALSE,TRUE
"GENE1705","GENE1705_HUMAN","P19875","Protein GENE1705",-1.1243,0.217509,0.044126,0.8618,1.3553,6,6,FALSE,FALSE,TRUE
"GENE0620","GENE0620_HUMAN","P85792","Protein GENE0620",0.6909,0.09756,0.046255,0.7336,1.3348,4,5,FALSE,FALSE,TRUE
"GENE1009","GENE1009_HUMAN","P23018","Protein GENE1009",-0.0769,1,0.460965,0,0.3363,3,6,FALSE,FALSE,FALSE
"GENE0826","GENE0826_HUMAN","P29886","Protein GENE0826",0.3316,1,0.883845,0,0.0536,5,3,FALSE,FALSE,FALSE
"GENE0685","GENE0685_HUMAN","P93616","Protein GENE0685",-0.092,0.568655,0.210561,0.2766,0.6766,5,2,FALSE,FALSE,FALSE
"GENE0447","GENE0447_HUMAN","P42108","Protein GENE0447",-1.0494,1,0.687024,0,0.163,5,4,FALSE,FALSE,FALSE
"GENE0180","GENE0180_HUMAN","P88062","Protein GENE0180",-0.5703,1,0.903995,0,0.0438,2,3,FALSE,FALSE,FALSE
"GENE0870","GENE0870_HUMAN","P50476","Protein GENE0870",0.101,1,0.798427,0,0.0978,3,5,FALSE,FALSE,FALSE
"GENE2703","GENE2703_HUMAN","P02246","Protein GENE2703",-0.101,0.839849,0.410636,0.3342,0.3865,5,4,FALSE,FALSE,FALSE
"GENE1592","GENE1592_HUMAN","P65511","Protein GENE1592",0.3793,1,0.733357,0.046,0.1347,5,4,FALSE,FALSE,FALSE
"GENE1735","GENE1735_HUMAN","P46482","Protein GENE1735",0.2689,1,0.861717,0,0.0646,4,3,FALSE,FALSE,FALSE
"GENE0676","GENE0676_HUMAN","P18055","Protein GENE0676",-0.3815,0.672388,0.190506,0.6809,0.7201,5,6,FALSE,FALSE,FALSE
"GENE1278","GENE1278_HUMAN","P02639","Protein GENE1278",-0.2792,0.437609,0.227316,0,0.6434,2,3,FALSE,FALSE,FALSE
"GENE1183","GENE1183_HUMAN","P62184","Protein GENE1183",-0.3998,0.608784,0.261999,0.0755,0.5817,2,4,FALSE,FALSE,FALSE
"GENE2541","GENE2541_HUMAN","P02784","Protein GENE2541",0.0653,1,0.451785,0,0.3451,5,5,FALSE,FALSE,FALSE
"GENE1238","GENE1238_HUMAN","P20317","Protein GENE1238",-0.2618,1,0.667371,0,0.1756,2,6,FALSE,FALSE,FALSE
"GENE2698","GENE2698_HUMAN","P99287","Protein GENE2698",0.0975,0.887707,0.381043,0.0955,0.419,6,2,FALSE,FALSE,FALSE
"GENE1076","GENE1076_HUMAN","P47216","Protein GENE1076",0.2255,1,0.810689,0,0.0911,5,3,FALSE,FALSE,FALSE
"GENE0764","GENE0764_HUMAN","P78103","Protein GENE0764",-0.4037,1,0.910115,0,0.0409,2,6,FALSE,FALSE,FALSE
"GENE2774","GENE2774_HUMAN","P45908","Protein GENE2774",-0.5495,1,0.729282,0,0.1371,2,6,FALSE,FALSE,FALSE
"GENE2461","GENE2461_HUMAN","P43302","Protein GENE2461",-0.4205,1,0.703038,0,0.153,4,3,FALSE,FALSE,FALSE
"GENE2768","GENE2768_HUMAN","P12904","Protein GENE2768",-0.4723,0.928611,0.444891,0,0.3517,2,4,FALSE,FALSE,FALSE
"GENE2237","GENE2237_HUMAN","P05009","Protein GENE2237",-0.0508,0.626196,0.310179,0,0.5084,4,2,TRUE,FALSE,FALSE
"GENE1075","GENE1075_HUMAN","P36392","Protein GENE1075",1.8566,0.035141,0.027626,1.124,1.5587,5,4,FALSE,FALSE,TRUE
"DDX5","DDX5_HUMAN","P23990","Protein DDX5",-0.1769,0.363652,0.168843,0.0814,0.7725,2,4,FALSE,TRUE,FALSE
"GENE0438","GENE0438_HUMAN","P54092","Protein GENE0438",0.7765,0.338461,0.079405,0.4702,1.1002,2,5,FALSE,FALSE,FALSE
"GENE0051","GENE0051_HUMAN","P89222","Protein GENE0051",-0.6811,1,0.606137,0.1411,0.2174,5,4,FALSE,FALSE,FALSE
"GENE0190","GENE0190_HUMAN","P36137","Protein GENE0190",0.0158,1,0.712329,0.0016,0.1473,3,6,FALSE,FALSE,FALSE
"GENE2314","GENE2314_HUMAN","P95072","Protein GENE2314",0.137,1,0.598133,0,0.2232,2,5,FALSE,FALSE,FALSE
"GENE0199","GENE0199_HUMAN","P73982","Protein GENE0199",-0.1552,0.098547,0.066634,0.5196,1.1763,5,2,FALSE,FALSE,FALSE
"GENE0031","GENE0031_HUMAN","P08948","Protein GENE0031",-0.119,1,0.746068,0,0.1272,3,2,FALSE,FALSE,FALSE
"GENE0248","GENE0248_HUMAN","P36085","Protein GENE0248",-1.9501,0.00811,0.004259,1.8113,2.3707,4,2,FALSE,FALSE,TRUE
"GENE0207","GENE0207_HUMAN","P36048","Protein GENE0207",0.627,0.961247,0.369357,0,0.4326,2,2,FALSE,FALSE,FALSE
"GENE0639","GENE0639_HUMAN","P14747","Protein GENE0639",-0.1788,0.640959,0.293263,0.525,0.5327,6,2,FALSE,FALSE,FALSE
"GENE2714","GENE2714_HUMAN","P24180","Protein GENE2714",-0.4353,1,0.662283,0,0.179,2,3,FALSE,FALSE,FALSE
"GENE1502","GENE1502_HUMAN","P04340","Protein GENE1502",-1.0669,1,0.45348,0,0.3434,5,5,FALSE,FALSE,FALSE
"GENE2027","GENE2027_HUMAN","P17317","Protein GENE2027",0.1159,1,0.239347,0.0259,0.621,3,4,FALSE,TRUE,FALSE
"GENE2199","GENE2199_HUMAN","P16141","Protein GENE2199",0.6669,1,0.578296,0,0.2378,6,5,TRUE,FALSE,FALSE
"GENE1133","GENE1133_HUMAN","P91524","Protein GENE1133",-0.6473,0.840194,0.180741,0.161,0.7429,6,4,FALSE,FALSE,FALSE
"GENE2717","GENE2717_HUMAN","P33128","Protein GENE2717",0.0216,1,0.585394,0.0051,0.2326,2,2,FALSE,FALSE,FALSE
"GENE0328","GENE0328_HUMAN","P95957","Protein GENE0328",-0.0065,0.820342,0.272717,0,0.5643,6,4,FALSE,FALSE,FALSE
"GENE1765","GENE1765_HUMAN","P79918","Protein GENE1765",3.2003,0.124105,0.038088,0.7894,1.4192,3,4,FALSE,FALSE,TRUE
"GENE1747","GENE1747_HUMAN","P15720","Protein GENE1747",0.1613,0.963955,0.308941,0,0.5101,5,6,FALSE,FALSE,FALSE
"GENE0102","GENE0102_HUMAN","P26574","Protein GENE0102",0.1493,1,0.562017,0.1851,0.2503,5,5,FALSE,FALSE,FALSE
"GENE0595","GENE0595_HUMAN","P31814","Protein GENE0595",-0.5511,1,0.632031,0.101,0.1993,5,3,FALSE,FALSE,FALSE
"GENE2856","GENE2856_HUMAN","P44554","Protein GENE2856",3.9635,0.09178,0.019853,1.2097,1.7022,6,6,FALSE,FALSE,TRUE
"GENE2468","GENE2468_HUMAN","P60099","Protein GENE2468",-0.5322,1,0.925732,0,0.0335,3,3,FALSE,FALSE,FALSE
"GENE1248","GENE1248_HUMAN","P32474","Protein GENE1248",0.3117,1,0.854501,0,0.0683,3,5,FALSE,FALSE,FALSE
"GENE2096","GENE2096_HUMAN","P63060","Protein GENE2096",-0.2819,1,0.648303,0,0.1882,3,6,FALSE,FALSE,FALSE
"GENE1006","GENE1006_HUMAN","P89261","Protein GENE1006",-0.3556,1,0.272535,0.0739,0.5646,2,5,FALSE,FALSE,FALSE
"GENE1497","GENE1497_HUMAN","P24946","Protein GENE1497",-0.6036,0.326811,0.085309,0.6961,1.069,2,4,TRUE,FALSE,FALSE
"GENE2206","GENE2206_HUMAN","P58159","Protein GENE2206",-0.5284,1,0.727915,0,0.1379,6,3,FALSE,FALSE,FALSE
"GENE1492","GENE1492_HUMAN","P75698","Protein GENE1492",-0.1424,1,0.498357,0,0.3025,6,2,FALSE,FALSE,FALSE
"GENE1607","GENE1607_HUMAN","P90467","Protein GENE1607",0.2848,0.79265,0.198345,0.0278,0.7026,5,4,FALSE,FALSE,FALSE
"GENE1825","GENE1825_HUMAN","P15609","Protein GENE1825",0.0011,1,0.210934,0.0583,0.6759,2,3,FALSE,FALSE,FALSE
"GENE2725","GENE2725_HUMAN","P44248","Protein GENE2725",0.1029,0.746979,0.237127,0.4189,0.625,5,4,FALSE,FALSE,FALSE
"GENE1415","GENE1415_HUMAN","P81836","Protein GENE1415",-0.4273,0.924479,0.724718,0,0.1398,4,2,FALSE,FALSE,FALSE
"GENE1525","GENE1525_HUMAN","P34477","Protein GENE1525",-0.0676,1,0.720556,0,0.1423,3,5,FALSE,FALSE,FALSE
"GENE2335","GENE2335_HUMAN","P59097","Protein GENE2335",0.5461,0.131849,0.071199,0.9501,1.1475,6,4,FALSE,FALSE,FALSE
"GENE2801","GENE2801_HUMAN","P16720","Protein GENE2801",-2.7334,0.094995,0.029878,1.1903,1.5246,6,2,TRUE,FALSE,TRUE
"GENE2273","GENE2273_HUMAN","P93210","Protein GENE2273",0.1651,0.959531,0.818447,0,0.087,5,4,TRUE,FALSE,FALSE
"GENE0691","GENE0691_HUMAN","P06766","Protein GENE0691",0.0742,1,0.257228,0,0.5897,4,5,FALSE,FALSE,FALSE
"GENE0593","GENE0593_HUMAN","P31753","Protein GENE0593",-0.4114,0.91798,0.728161,0,0.1378,5,5,FALSE,FALSE,FALSE
"GENE0044","GENE0044_HUMAN","P18468","Protein GENE0044",0.0239,1,0.390379,0,0.4085,3,2,FALSE,FALSE,FALSE
"GENE1397","GENE1397_HUMAN","P68568","Protein GENE1397",-0.0255,0.420676,0.151531,0.2255,0.8195,2,5,FALSE,FALSE,FALSE
"GENE0964","GENE0964_HUMAN","P15993","Protein GENE0964",0.1786,1,0.83801,0,0.0768,2,6,FALSE,FALSE,FALSE
"GENE1632","GENE1632_HUMAN","P80420","Protein GENE1632",-0.5951,1,0.602857,0,0.2198,5,5,FALSE,FALSE,FALSE
"GENE2807","GENE2807_HUMAN","P73077","Protein GENE2807",0.5479,0.087136,0.064029,0.7411,1.1936,2,4,FALSE,FALSE,FALSE
"GENE1014","GENE1014_HUMAN","P01462","Protein GENE1014",-0.5299,0.912433,0.737902,0,0.132,3,4,FALSE,FALSE,FALSE
"GENE0737","GENE0737_HUMAN","P94449","Protein GENE0737",0.5111,1,0.928985,0,0.032,4,3,TRUE,TRUE,FALSE
"GENE1992","GENE1992_HUMAN","P67153","Protein GENE1992",0.1289,1,0.616269,0,0.2102,4,3,FALSE,FALSE,FALSE
"GENE1174","GENE1174_HUMAN","P04786","Protein GENE1174",-0.2815,1,0.441987,0,0.3546,6,5,FALSE,TRUE,FALSE
"GENE0374","GENE0374_HUMAN","P38346","Protein GENE0374",-0.1552,1,0.656385,0,0.1828,5,6,FALSE,FALSE,FALSE
"GENE2440","GENE2440_HUMAN","P15941","Protein GENE2440",-2.3304,0.123794,0.045036,0.8185,1.3464,5,4,TRUE,FALSE,TRUE
"GENE0992","GENE0992_HUMAN","P92114","Protein GENE0992",-0.0833,0.910382,0.35154,0,0.454,6,3,FALSE,FALSE,FALSE
"GENE1039","GENE1039_HUMAN","P77905","Protein GENE1039",-0.051,0.831657,0.486005,0.1557,0.3134,5,5,FALSE,FALSE,FALSE
"GENE0203","GENE0203_HUMAN","P87468","Protein GENE0203",-0.2585,0.684548,0.350894,0.1745,0.4548,6,6,FALSE,FALSE,FALSE
"GENE0530","GENE0530_HUMAN","P88503","Protein GENE0530",-0.1335,1,0.872707,0,0.0591,4,4,FALSE,FALSE,FALSE
"GENE1667","GENE1667_HUMAN","P43560","Protein GENE1667",-0.1563,0.931488,0.512867,0,0.29,2,5,FALSE,TRUE,FALSE
"GENE0029","GENE0029_HUMAN","P84893","Protein GENE0029",0.3393,1,0.51618,0,0.2872,6,5,FALSE,TRUE,FALSE
"GENE2067","GENE2067_HUMAN","P57322","Protein GENE2067",-0.3975,1,0.935505,0,0.029,3,6,FALSE,FALSE,FALSE
"GENE1022","GENE1022_HUMAN","P38311","Protein GENE1022",-0.144,1,0.311838,0,0.5061,5,3,FALSE,FALSE,FALSE
"GENE2824","GENE2824_HUMAN","P07399","Protein GENE2824",0.0738,1,0.642045,0,0.1924,5,2,FALSE,FALSE,FALSE
"GENE0648","GENE0648_HUMAN","P54706","Protein GENE0648",0.1068,1,0.743179,0,0.1289,6,4,FALSE,FALSE,FALSE
"GENE0556","GENE0556_HUMAN","P36224","Protein GENE0556",0.1769,1,0.538751,0,0.2686,6,4,FALSE,FALSE,FALSE
"GENE2412","GENE2412_HUMAN","P35161","Protein GENE2412",0.3739,0.718974,0.674658,0,0.1709,5,5,TRUE,FALSE,FALSE
"GENE1831","GENE1831_HUMAN","P52124","Protein GENE1831",-0.6771,0.305683,0.16712,0.0977,0.777,6,6,FALSE,FALSE,FALSE
"GENE1273","GENE1273_HUMAN","P05306","Protein GENE1273",-0.0056,1,0.860526,0.0439,0.0652,3,3,FALSE,FALSE,FALSE
"GENE2190","GENE2190_HUMAN","P42838","Protein GENE2190",0.3691,0.761151,0.625896,0,0.2035,4,3,FALSE,FALSE,FALSE
"GENE2462","GENE2462_HUMAN","P14632","Protein GENE2462",-0.0068,1,0.363384,0,0.4396,5,2,FALSE,FALSE,FALSE
"GENE2261","GENE2261_HUMAN","P89925","Protein GENE2261",-0.4962,1,0.567281,0,0.2462,5,6,FALSE,FALSE,FALSE
"GENE2130","GENE2130_HUMAN","P74069","Protein GENE2130",-0.0643,1,0.683789,0,0.1651,6,4,FALSE,FALSE,FALSE
"UFL1","UFL1_HUMAN","P51654","Protein UFL1",2.7009,0.047101,0.014637,1.2492,1.8346,4,2,FALSE,FALSE,TRUE
"GENE0568","GENE0568_HUMAN","P68441","Protein GENE0568",-0.6346,1,0.704214,0,0.1523,5,4,FALSE,FALSE,FALSE
"GENE2143","GENE2143_HUMAN","P85443","Protein GENE2143",0.0767,1,0.651564,0,0.186,4,3,FALSE,FALSE,FALSE
"GENE2497","GENE2497_HUMAN","P29033","Protein GENE2497",-0.3864,0.593007,0.46906,0,0.3288,6,3,FALSE,FALSE,FALSE
"GENE1729","GENE1729_HUMAN","P12681","Protein GENE1729",1.1269,0.212962,0.048222,0.7998,1.3168,3,4,FALSE,TRUE,TRUE
"GENE1860","GENE1860_HUMAN","P34508","Protein GENE1860",2.8798,0.046849,0.030863,1.1516,1.5106,2,2,TRUE,FALSE,TRUE
"GENE2706","GENE2706_HUMAN","P42551","Protein GENE2706",-2.2189,0.131851,0.040082,0.9861,1.397,6,5,TRUE,TRUE,TRUE
"GENE1417","GENE1417_HUMAN","P43151","Protein GENE1417",0.6754,1,0.327091,0.4198,0.4853,6,4,TRUE,FALSE,FALSE
"GENE0560","GENE0560_HUMAN","P88292","Protein GENE0560",0.107,0.588078,0.267573,0.5268,0.5726,2,2,FALSE,FALSE,FALSE
"GENE0174","GENE0174_HUMAN","P93891","Protein GENE0174",0.082,1,0.643017,0,0.1918,5,4,FALSE,FALSE,FALSE
"GENE0628","GENE0628_HUMAN","P71862","Protein GENE0628",0.3066,1,0.543032,0,0.2652,2,2,TRUE,FALSE,FALSE
"GENE2048","GENE2048_HUMAN","P75011","Protein GENE2048",0.6734,0.096714,0.02458,1.2162,1.6094,3,6,TRUE,FALSE,TRUE
"GENE2012","GENE2012_HUMAN","P79658","Protein GENE2012",-0.3328,0.56342,0.496338,0,0.3042,5,6,FALSE,FALSE,FALSE
"GENE1218","GENE1218_HUMAN","P14791","Protein GENE1218",0.4088,1,0.393861,0.221,0.4047,3,6,FALSE,FALSE,FALSE
"GENE2075","GENE2075_HUMAN","P93083","Protein GENE2075",0.0147,1,0.694892,0,0.1581,5,3,FALSE,FALSE,FALSE
"GENE1690","GENE1690_HUMAN","P84146","Protein GENE1690",0.0933,0.311687,0.068425,1.1225,1.1648,3,5,TRUE,TRUE,FALSE
"LARP7","LARP7_HUMAN","P80346","Protein LARP7",-0.1021,0.623476,0.354502,0.1161,0.4504,3,4,FALSE,FALSE,FALSE
"GENE2128","GENE2128_HUMAN","P54392","Protein GENE2128",-0.0754,0.580588,0.279785,0.1276,0.5532,5,5,FALSE,FALSE,FALSE
"GENE1105","GENE1105_HUMAN","P93706","Protein GENE1105",1.0445,0.082977,0.035628,1.3234,1.4482,2,6,FALSE,FALSE,TRUE
"GENE2575","GENE2575_HUMAN","P43260","Protein GENE2575",-0.2611,0.719814,0.458668,0,0.3385,5,3,FALSE,FALSE,FALSE
"GENE0437","GENE0437_HUMAN","P78815","Protein GENE0437",0.244,1,0.625316,0.023,0.2039,6,5,FALSE,FALSE,FALSE
"GENE0165","GENE0165_HUMAN","P41689","Protein GENE0165",2.0411,0.208409,0.042614,0.8471,1.3704,3,6,FALSE,FALSE,TRUE
"GENE2662","GENE2662_HUMAN","P27982","Protein GENE2662",-0.1098,0.796496,0.224912,0.3492,0.648,4,4,TRUE,FALSE,FALSE
"GENE2391","GENE2391_HUMAN","P02533","Protein GENE2391",1.2558,0.100642,0.028071,1.2465,1.5517,3,6,FALSE,FALSE,TRUE
"GENE1564","GENE1564_HUMAN","P13767","Protein GENE1564",-0.0374,1,0.605387,0,0.218,4,3,FALSE,FALSE,FALSE
"GENE0399","GENE0399_HUMAN","P39183","Protein GENE0399",0.9589,1,0.536835,0,0.2702,6,4,FALSE,FALSE,FALSE
"GENE1357","GENE1357_HUMAN","P65083","Protein GENE1357",-0.1791,0.842312,0.809247,0,0.0919,4,6,FALSE,FALSE,FALSE
"GENE0715","GENE0715_HUMAN","P16534","Protein GENE0715",-0.1182,1,0.900048,0,0.0457,6,4,FALSE,TRUE,FALSE
"GENE2797","GENE2797_HUMAN","P81806","Protein GENE2797",-0.3077,1,0.764338,0,0.1167,2,6,FALSE,FALSE,FALSE
"GENE1563","GENE1563_HUMAN","P18216","Protein GENE1563",-0.1677,1,0.621268,0,0.2067,4,6,FALSE,FALSE,FALSE
"GENE2315","GENE2315_HUMAN","P00857","Protein GENE2315",-0.046,1,0.88018,0,0.0554,3,2,FALSE,FALSE,FALSE
"GENE2365","GENE2365_HUMAN","P71340","Protein GENE2365",-0.23,1,0.258401,0.169,0.5877,4,3,FALSE,FALSE,FALSE
"GENE0999","GENE0999_HUMAN","P67470","Protein GENE0999",-0.0034,0.796655,0.465807,0,0.3318,2,3,FALSE,FALSE,FALSE
"GENE1807","GENE1807_HUMAN","P11880","Protein GENE1807",0.1337,1,0.59112,0,0.2283,6,2,TRUE,FALSE,FALSE
"GENE1481","GENE1481_HUMAN","P39043","Protein GENE1481",-0.3887,0.846371,0.358116,0.2448,0.446,4,5,FALSE,FALSE,FALSE
"GENE1149","GENE1149_HUMAN","P60426","Protein GENE1149",0.3182,1,0.804953,0,0.0942,3,2,FALSE,FALSE,FALSE
"GENE1059","GENE1059_HUMAN","P24166","Protein GENE1059",0.9061,0.123278,0.031232,1.1632,1.5054,5,4,FALSE,FALSE,TRUE
"GENE1897","GENE1897_HUMAN","P73786","Protein GENE1897",-0.1557,1,0.511359,0.0642,0.2913,2,4,FALSE,FALSE,FALSE
"GENE0862","GENE0862_HUMAN","P46351","Protein GENE0862",0.3849,1,0.392363,0,0.4063,3,6,FALSE,TRUE,FALSE
"GENE2544","GENE2544_HUMAN","P52723","Protein GENE2544",0.3763,0.702899,0.539228,0,0.2682,6,3,FALSE,FALSE,FALSE
"GENE2772","GENE2772_HUMAN","P41878","Protein GENE2772",-0.1653,1,0.709547,0,0.149,2,2,FALSE,FALSE,FALSE
"GENE1345","GENE1345_HUMAN","P38808","Protein GENE1345",-0.3671,1,0.411582,0,0.3855,4,3,FALSE,FALSE,FALSE
"GENE0491","GENE0491_HUMAN","P95848","Protein GENE0491",-0.1883,1,0.8001,0,0.0969,3,3,FALSE,FALSE,FALSE
"GENE0232","GENE0232_HUMAN","P75724","Protein GENE0232",0.3624,0.732593,0.636606,0,0.1961,3,3,FALSE,FALSE,FALSE
"GENE1805","GENE1805_HUMAN","P24468","Protein GENE1805",-1.8169,0.131988,0.039092,1.2226,1.4079,4,2,FALSE,FALSE,TRUE
"GENE0010","GENE0010_HUMAN","P84170","Protein GENE0010",-0.1361,1,0.985499,0,0.0063,4,5,FALSE,FALSE,FALSE
"GENE2632","GENE2632_HUMAN","P39980","Protein GENE2632",0.2158,1,0.586586,0,0.2317,6,5,FALSE,TRUE,FALSE
"GENE1065","GENE1065_HUMAN","P58851","Protein GENE1065",-0.2859,0.519068,0.279739,0,0.5532,5,3,FALSE,FALSE,FALSE
"GENE0136","GENE0136_HUMAN","P82140","Protein GENE0136",0.0413,1,0.723634,0,0.1405,3,5,FALSE,FALSE,FALSE
"GENE2733","GENE2733_HUMAN","P73218","Protein GENE2733",-0.1991,0.703066,0.316674,0,0.4994,3,3,FALSE,FALSE,FALSE
"DDRGK1","DDRGK1_HUMAN","P80641","Protein DDRGK1",2.5045,0.033453,0.017741,1.1768,1.751,6,3,FALSE,FALSE,TRUE
"GPATCH4","GPATCH4_HUMAN","P58627","Protein GPATCH4",-0.1581,0.761301,0.284893,0,0.5453,3,6,FALSE,FALSE,FALSE
"GENE0271","GENE0271_HUMAN","P19013","Protein GENE0271",-0.2587,1,0.306328,0.3557,0.5138,4,5,FALSE,FALSE,FALSE
"GENE2424","GENE2424_HUMAN","P94915","Protein GENE2424",-0.0647,0.393835,0.207805,0.5877,0.6823,4,6,FALSE,FALSE,FALSE
"GENE1359","GENE1359_HUMAN","P86676","Protein GENE1359",0.1926,1,0.929339,0,0.0318,4,4,TRUE,FALSE,FALSE
"GENE0235","GENE0235_HUMAN","P73934","Protein GENE0235",-0.3846,0.556772,0.481131,0,0.3177,2,4,FALSE,FALSE,FALSE
"GENE0597","GENE0597_HUMAN","P13904","Protein GENE0597",0.2807,1,0.544991,0.1865,0.2636,4,5,FALSE,FALSE,FALSE
"GENE1608","GENE1608_HUMAN","P89540","Protein GENE1608",0.4532,0.225326,0.102936,0.5113,0.9874,3,6,FALSE,FALSE,FALSE
"GENE1036","GENE1036_HUMAN","P14975","Protein GENE1036",2.6494,0.074895,0.043227,0.9595,1.3642,5,5,FALSE,FALSE,TRUE
"GENE2265","GENE2265_HUMAN","P23491","Protein GENE2265",-0.2229,1,0.850331,0,0.0704,6,4,FALSE,FALSE,FALSE
"GENE0441","GENE0441_HUMAN","P74442","Protein GENE0441",-0.4709,1,0.417896,0.1006,0.3789,3,6,FALSE,FALSE,FALSE
"GENE0022","GENE0022_HUMAN","P22550","Protein GENE0022",-0.3669,1,0.362348,0.1175,0.4409,6,2,FALSE,FALSE,FALSE
"GENE1695","GENE1695_HUMAN","P21138","Protein GENE1695",0.5606,1,0.779183,0,0.1084,6,4,FALSE,FALSE,FALSE
"GENE0775","GENE0775_HUMAN","P90068","Protein GENE0775",0.099,1,0.327142,0,0.4853,3,4,FALSE,FALSE,FALSE
"GENE1141","GENE1141_HUMAN","P81268","Protein GENE1141",-0.4718,1,0.60571,0.0699,0.2177,6,5,FALSE,FALSE,FALSE
"GENE1569","GENE1569_HUMAN","P59790","Protein GENE1569",0.5682,0.800736,0.597877,0,0.2234,5,4,FALSE,FALSE,FALSE
"GENE0417","GENE0417_HUMAN","P67431","Protein GENE0417",-0.3625,1,0.930116,0,0.0315,3,5,FALSE,FALSE,FALSE
"GENE2568","GENE2568_HUMAN","P30889","Protein GENE2568",-0.5288,0.321579,0.154037,0.7281,0.8124,5,2,FALSE,FALSE,FALSE
"GENE0712","GENE0712_HUMAN","P05333","Protein GENE0712",0.3526,1,0.837706,0,0.0769,4,6,FALSE,TRUE,FALSE
"GENE2640","GENE2640_HUMAN","P86430","Protein GENE2640",0.1501,0.885288,0.251821,0.5472,0.5989,2,5,FALSE,FALSE,FALSE
"GENE1083","GENE1083_HUMAN","P04755","Protein GENE1083",0.2616,1,0.904207,0,0.0437,6,2,FALSE,FALSE,FALSE
"GENE0210","GENE0210_HUMAN","P83779","Protein GENE0210",-1.0626,0.028828,0.024393,1.5272,1.6127,5,5,FALSE,FALSE,TRUE
"GENE0259","GENE0259_HUMAN","P24022","Protein GENE0259",0.8743,1,0.607715,0,0.2163,4,3,FALSE,FALSE,FALSE
"GENE1192","GENE1192_HUMAN","P90163","Protein GENE1192",4.3292,0.088675,0.021097,1.1491,1.6758,6,5,FALSE,TRUE,TRUE
"GENE0157","GENE0157_HUMAN","P40261","Protein GENE0157",0.164,1,0.373853,0,0.4273,2,3,FALSE,FALSE,FALSE
"NEK9","NEK9_HUMAN","P24263","Protein NEK9",2.2933,0.01069,0.0033,1.8577,2.4815,4,2,FALSE,FALSE,TRUE
"GENE2119","GENE2119_HUMAN","P81991","Protein GENE2119",-0.1422,1,0.954503,0,0.0202,2,5,FALSE,FALSE,FALSE
"GENE1734","GENE1734_HUMAN","P60777","Protein GENE1734",-0.2019,1,0.207774,0.6049,0.6824,6,6,FALSE,FALSE,FALSE
"GENE1384","GENE1384_HUMAN","P96721","Protein GENE1384",-0.2305,0.953094,0.444891,0,0.3517,6,3,FALSE,FALSE,FALSE
"GENE2571","GENE2571_HUMAN","P74564","Protein GENE2571",1.0629,1,0.641761,0,0.1926,2,4,FALSE,FALSE,FALSE
"GENE1314","GENE1314_HUMAN","P39536","Protein GENE1314",-0.1948,1,0.698471,0,0.1559,2,3,FALSE,FALSE,FALSE
"GENE2179","GENE2179_HUMAN","P65128","Protein GENE2179",0.408,0.286928,0.077838,0.7689,1.1088,2,5,FALSE,FALSE,FALSE
"GENE2777","GENE2777_HUMAN","P56787","Protein GENE2777",-0.2495,1,0.731721,0,0.1357,4,4,FALSE,FALSE,FALSE
"GENE0849","GENE0849_HUMAN","P31559","Protein GENE0849",-0.2278,1,0.479221,0.0022,0.3195,2,3,FALSE,FALSE,FALSE
"GENE1068","GENE1068_HUMAN","P24897","Protein GENE1068",0.0208,1,0.807925,0,0.0926,2,5,FALSE,TRUE,FALSE
"GENE1214","GENE1214_HUMAN","P96512","Protein GENE1214",3.6043,0.134709,0.041746,0.6957,1.3794,2,4,FALSE,FALSE,TRUE
"GENE0012","GENE0012_HUMAN","P38790","Protein GENE0012",-0.3179,1,0.997837,0,9e-04,4,4,FALSE,FALSE,FALSE
"GENE2836","GENE2836_HUMAN","P54214","Protein GENE2836",0.2982,0.202412,0.061441,0.8503,1.2115,4,3,FALSE,FALSE,FALSE
"GENE1572","GENE1572_HUMAN","P94450","Protein GENE1572",-0.1218,1,0.52381,0.1378,0.2808,5,6,FALSE,FALSE,FALSE
"GENE1438","GENE1438_HUMAN","P56437","Protein GENE1438",0.9269,1,0.47354,0,0.3246,6,6,FALSE,FALSE,FALSE
"GENE1706","GENE1706_HUMAN","P24879","Protein GENE1706",-0.0896,1,0.923711,0,0.0345,5,6,FALSE,FALSE,FALSE
"GENE2114","GENE2114_HUMAN","P86220","Protein GENE2114",-0.0121,1,0.412185,0,0.3849,5,5,FALSE,FALSE,FALSE
"GENE1470","GENE1470_HUMAN","P19990","Protein GENE1470",-0.6317,1,0.96588,0,0.0151,6,2,FALSE,TRUE,FALSE
"GENE1876","GENE1876_HUMAN","P65930","Protein GENE1876",-0.311,1,0.321573,0,0.4927,2,3,FALSE,FALSE,FALSE
"GENE0726","GENE0726_HUMAN","P91744","Protein GENE0726",0.5358,0.424168,0.125451,0.8221,0.9015,3,3,FALSE,FALSE,FALSE
"GENE2152","GENE2152_HUMAN","P48898","Protein GENE2152",0.5669,1,0.855172,0,0.0679,2,4,FALSE,FALSE,FALSE
"GENE2614","GENE2614_HUMAN","P45143","Protein GENE2614",-0.3687,1,0.889276,0,0.051,6,6,FALSE,TRUE,FALSE
"GENE1715","GENE1715_HUMAN","P29124","Protein GENE1715",1.0593,1,0.572643,0,0.2421,6,2,FALSE,FALSE,FALSE
"GENE1210","GENE1210_HUMAN","P18296","Protein GENE1210",0.1897,1,0.498867,0.1467,0.302,6,3,FALSE,FALSE,FALSE
"GENE1764","GENE1764_HUMAN","P62337","Protein GENE1764",0.1634,0.133237,0.071124,0.5493,1.148,2,5,FALSE,FALSE,FALSE
"GENE1880","GENE1880_HUMAN","P14466","Protein GENE1880",-0.5344,0.994015,0.848367,0,0.0714,3,3,FALSE,FALSE,FALSE
"GENE0091","GENE0091_HUMAN","P81826","Protein GENE0091",0.3345,0.200333,0.125383,0.4444,0.9018,2,5,FALSE,FALSE,FALSE
"GENE2815","GENE2815_HUMAN","P03100","Protein GENE2815",0.5128,0.164406,0.104188,0.3293,0.9822,5,5,FALSE,FALSE,FALSE
