"Gene","Entry.Name","UniProt.ID","Description","logFC","P.Val","adj.P.Val","log.P.Val","log.adj.P.Val","n_data_points_BK516_Ctrl","n_data_points_BK516_Cflag","imputed_BK516_Cflag","imputed_BK516_Ctrl","is_significant"
"GENE1099","GENE1099_HUMAN","P33132","Protein GENE1099",-0.3197,1,0.532923,0,0.2733,2,6,FALSE,FALSE,FALSE
"GENE2720","GENE2720_HUMAN","P80258","Protein GENE2720",-0.1922,1,0.772178,0,0.1123,4,3,TRUE,FALSE,FALSE
"GENE2829","GENE2829_HUMAN","P20886","Protein GENE2829",0.5566,0.03924,0.033623,1.3171,1.4734,5,5,FALSE,FALSE,TRUE
"GENE0006","GENE0006_HUMAN","P69703","Protein GENE0006",0.3249,1,0.615271,0,0.2109,3,6,FALSE,TRUE,FALSE
"GENE0796","GENE0796_HUMAN","P50013","Protein GENE0796",3.0997,0.021818,0.004745,2.0832,2.3238,5,6,FALSE,FALSE,TRUE
"GENE2492","GENE2492_HUMAN","P67722","Protein GENE2492",1.0144,0.174911,0.039233,1.2385,1.4063,4,3,FALSE,FALSE,TRUE
"GENE2059","GENE2059_HUMAN","P80275","Protein GENE2059",0.2374,1,0.534555,0.2356,0.272,4,3,FALSE,FALSE,FALSE
"GENE1560","GENE1560_HUMAN","P06643","Protein GENE1560",-0.887,1,0.886367,0,0.0524,4,4,FALSE,FALSE,FALSE
"GENE1140","GENE1140_HUMAN","P30790","Protein GENE1140",-0.9025,1,0.313032,0,0.5044,2,2,FALSE,FALSE,FALSE
"GENE2612","GENE2612_HUMAN","P07834","Protein GENE2612",-0.1094,0.236727,0.075374,0.7037,1.1228,3,2,FALSE,FALSE,FALSE
"GENE0565","GENE0565_HUMAN","P79985","Protein GENE0565",-0.5529,1,0.731377,0,0.1359,3,6,FALSE,FALSE,FALSE
"GENE2386","GENE2386_HUMAN","P16852","Protein GENE2386",0.2647,0.90478,0.816381,0,0.0881,3,2,FALSE,FALSE,FALSE
"GENE2383","GENE2383_HUMAN","P92087","Protein GENE2383",-0.2399,1,0.692674,0,0.1595,4,4,TRUE,FALSE,FALSE
"GENE0279","GENE0279_HUMAN","P36958","Protein GENE0279",-0.207,1,0.41916,0,0.3776,4,4,TRUE,FALSE,FALSE
"GENE0862","GENE0862_HUMAN","P07884","Protein GENE0862",0.3202,1,0.50471,0,0.297,6,2,FALSE,FALSE,FALSE
"GENE2311","GENE2311_HUMAN","P73092","Protein GENE2311",-1.2019,0.923789,0.82621,0,0.0829,3,3,FALSE,FALSE,FALSE
"GENE0408","GENE0408_HUMAN","P35863","Protein GENE0408",0.5489,1,0.595304,0,0.2253,5,6,FALSE,FALSE,FALSE
"GENE0020","GENE0020_HUMAN","P45199","Protein GENE0020",-0.3816,0.577515,0.254405,0,0.5945,3,5,FALSE,FALSE,FALSE
"GENE0511","GENE0511_HUMAN","P13489","Protein GENE0511",0.2352,1,0.953271,0,0.0208,2,5,TRUE,FALSE,FALSE
"GENE2503","GENE2503_HUMAN","P36846","Protein GENE2503",0.7863,1,0.429474,0.2803,0.3671,2,4,FALSE,FALSE,FALSE
"GENE2780","GENE2780_HUMAN","P11316","Protein GENE2780",0.1419,1,0.861313,0,0.0648,5,5,FALSE,FALSE,FALSE
"GENE1404","GENE1404_HUMAN","P76716","Protein GENE1404",-0.285,1,0.319509,0.0311,0.4955,4,6,TRUE,FALSE,FALSE
"GENE0622","GENE0622_HUMAN","P23642","Protein GENE0622",0.5774,1,0.44199,0.0997,0.3546,3,2,FALSE,FALSE,FALSE
"GENE0241","GENE0241_HUMAN","P58430","Protein GENE0241",-2.2327,0.090106,0.047269,0.8203,1.3254,5,3,FALSE,FALSE,TRUE
"GENE1187","GENE1187_HUMAN","P98415","Protein GENE1187",0.3629,1,0.558317,0,0.2531,5,6,FALSE,FALSE,FALSE
"GENE2360","GENE2360_HUMAN","P67022","Protein GENE2360",0.3405,0.986255,0.935348,0,0.029,5,3,FALSE,FALSE,FALSE
"GENE1240","GENE1240_HUMAN","P26044","Protein GENE1240",-0.2892,0.686238,0.228453,0.3769,0.6412,6,4,FALSE,FALSE,FALSE
"GENE1883","GENE1883_HUMAN","P16598","Protein GENE1883",0.7677,1,0.811177,0.0384,0.0909,4,3,FALSE,FALSE,FALSE
"GENE1259","GENE1259_HUMAN","P50730","Protein GENE1259",-0.2667,1,0.281747,0.3063,0.5501,6,3,FALSE,FALSE,FALSE
"GENE1182","GENE1182_HUMAN","P98695","Protein GENE1182",0.4907,1,0.640525,0,0.1935,4,3,TRUE,FALSE,FALSE
"GENE1122","GENE1122_HUMAN","P45898","Protein GENE1122",0.1689,1,0.984331,0,0.0069,3,4,FALSE,FALSE,FALSE
"GENE1164","GENE1164_HUMAN","P38648","Protein GENE1164",-0.9028,0.179171,0.175279,0.0749,0.7563,4,6,FALSE,FALSE,FALSE
"GENE2287","GENE2287_HUMAN","P37006","Protein GENE2287",0.3703,1,0.697726,0,0.1563,6,6,FALSE,FALSE,FALSE
"GENE1368","GENE1368_HUMAN","P48939","Protein GENE1368",-0.1891,1,0.495755,0,0.3047,5,4,FALSE,FALSE,FALSE
"GENE0651","GENE0651_HUMAN","P09008","Protein GENE0651",0.3359,1,0.995736,0,0.0019,5,6,FALSE,TRUE,FALSE
"GENE0273","GENE0273_HUMAN","P36427","Protein GENE0273",-0.3864,1,0.728317,0,0.1377,5,4,FALSE,FALSE,FALSE
"GENE1711","GENE1711_HUMAN","P76774","Protein GENE1711",0.3799,1,0.397091,0.3297,0.4011,2,2,FALSE,FALSE,FALSE
"GENE1769","GENE1769_HUMAN","P34379","Protein GENE1769",-0.0966,0.267588,0.075909,0.6464,1.1197,2,2,TRUE,FALSE,FALSE
"GENE1858","GENE1858_HUMAN","P61034","Protein GENE1858",0.1832,0.660638,0.222894,0.1071,0.6519,5,4,FALSE,FALSE,FALSE
"GENE0857","GENE0857_HUMAN","P35746","Protein GENE0857",0.0485,1,0.563958,0,0.2488,2,3,FALSE,FALSE,FALSE
"GENE0532","GENE0532_HUMAN","P03979","Protein GENE0532",0.2118,0.116677,0.110269,0.4464,0.9575,4,6,FALSE,TRUE,FALSE
"GENE2644","GENE2644_HUMAN","P15792","Protein GENE2644",-0.2868,0.399414,0.328107,0,0.484,5,4,FALSE,FALSE,FALSE
"GENE2244","GENE2244_HUMAN","P23133","Protein GENE2244",0.4065,1,0.683561,0,0.1652,4,3,FALSE,FALSE,FALSE
"GENE1323","GENE1323_HUMAN","P39621","Protein GENE1323",-0.0398,1,0.752441,0,0.1235,5,6,FALSE,FALSE,FALSE
"GENE2848","GENE2848_HUMAN","P81292","Protein GENE2848",-0.2112,1,0.484438,0.0725,0.3148,6,6,FALSE,FALSE,FALSE
"GENE0947","GENE0947_HUMAN","P79258","Protein GENE0947",-0.3565,0.862475,0.398006,0,0.4001,5,3,FALSE,FALSE,FALSE
"GENE2875","GENE2875_HUMAN","P77080","Protein GENE2875",0.0219,0.507021,0.264491,0,0.5776,4,2,FALSE,FALSE,FALSE
"GENE1000","GENE1000_HUMAN","P46178","Protein GENE1000",-0.4815,0.339672,0.201324,0.4993,0.6961,3,2,FALSE,FALSE,FALSE
"GENE1830","GENE1830_HUMAN","P55050","Protein GENE1830",-0.4799,0.301378,0.126262,0.8211,0.8987,2,3,TRUE,FALSE,FALSE
"GENE2849","GENE2849_HUMAN","P11746","Protein GENE2849",0.4996,1,0.421883,0.1181,0.3748,3,5,FALSE,FALSE,FALSE
"GENE2458","GENE2458_HUMAN","P43603","Protein GENE2458",-0.528,1,0.899409,0,0.046,2,4,FALSE,FALSE,FALSE
"GENE0803","GENE0803_HUMAN","P42652","Protein GENE0803",-0.0642,1,0.594602,0.1239,0.2258,4,3,FALSE,FALSE,FALSE
"GENE1816","GENE1816_HUMAN","P76032","Protein GENE1816",-0.6643,0.689414,0.539589,0.2216,0.2679,2,6,FALSE,TRUE,FALSE
"GENE0786","GENE0786_HUMAN","P13650","Protein GENE0786",-0.1398,0.824326,0.475739,0.0583,0.3226,4,3,FALSE,FALSE,FALSE
"GENE0870","GENE0870_HUMAN","P37786","Protein GENE0870",0.2948,0.275522,0.262652,0,0.5806,3,6,FALSE,FALSE,FALSE
"GENE1142","GENE1142_HUMAN","P03560","Protein GENE1142",-1.222,0.004136,0.001889,2.671,2.7239,5,5,FALSE,TRUE,TRUE
"GENE1279","GENE1279_HUMAN","P94664","Protein GENE1279",0.0363,1,0.72376,0,0.1404,3,2,FALSE,FALSE,FALSE
"GENE2123","GENE2123_HUMAN","P11113","Protein GENE2123",-0.0495,0.239831,0.193232,0.2954,0.7139,3,2,FALSE,FALSE,FALSE
"GENE2258","GENE2258_HUMAN","P02397","Protein GENE2258",0.9734,1,0.447062,0,0.3496,4,4,FALSE,FALSE,FALSE
"GENE1102","GENE1102_HUMAN","P13628","Protein GENE1102",-0.2502,0.563121,0.135442,0.6764,0.8682,3,2,FALSE,FALSE,FALSE
"GENE0891","GENE0891_HUMAN","P50090","Protein GENE0891",-0.2175,0.76235,0.70671,0,0.1508,5,3,FALSE,FALSE,FALSE
"GENE0104","GENE0104_HUMAN","P24591","Protein GENE0104",0.3667,1,0.933018,0,0.0301,5,4,FALSE,FALSE,FALSE
"GENE2475","GENE2475_HUMAN","P35302","Protein GENE2475",0.1617,0.234704,0.09681,0.6149,1.0141,3,6,FALSE,FALSE,FALSE
"GENE0685","GENE0685_HUMAN","P18084","Protein GENE0685",-0.095,0.591895,0.12119,0.4296,0.9165,5,5,FALSE,TRUE,FALSE
"GENE0842","GENE0842_HUMAN","P33488","Protein GENE0842",0.378,1,0.54419,0,0.2642,5,2,FALSE,FALSE,FALSE
"GENE0111","GENE0111_HUMAN","P30970","Protein GENE0111",-0.2463,1,0.952044,0,0.0213,2,2,FALSE,FALSE,FALSE
"GENE0628","GENE0628_HUMAN","P32503","Protein GENE0628",0.6698,0.371891,0.130987,0.3095,0.8828,5,2,FALSE,FALSE,FALSE
"GENE1123","GENE1123_HUMAN","P83477","Protein GENE1123",-0.0166,1,0.787369,0,0.1038,2,5,FALSE,FALSE,FALSE
"GENE1168","GENE1168_HUMAN","P81304","Protein GENE1168",-0.6242,1,0.739091,0,0.1313,4,6,FALSE,FALSE,FALSE
"GENE0819","GENE0819_HUMAN","P98758","Protein GENE0819",-0.1368,0.32157,0.116647,0.3574,0.9331,2,2,TRUE,FALSE,FALSE
"GENE0236","GENE0236_HUMAN","P40439","Protein GENE0236",-0.151,1,0.811704,0,0.0906,2,3,TRUE,FALSE,FALSE
"GENE1046","GENE1046_HUMAN","P35306","Protein GENE1046",-0.6585,0.743418,0.356056,0,0.4485,2,3,FALSE,FALSE,FALSE
"GENE1962","GENE1962_HUMAN","P69149","Protein GENE1962",0.3776,1,0.70197,0,0.1537,2,3,FALSE,FALSE,FALSE
"GENE0740","GENE0740_HUMAN","P49696","Protein GENE0740",0.0101,1,0.879734,0,0.0556,4,3,FALSE,FALSE,FALSE
"GENE1163","GENE1163_HUMAN","P47497","Protein GENE1163",-0.6498,0.299577,0.076949,0.5981,1.1138,3,6,FALSE,FALSE,FALSE
"GENE1803","GENE1803_HUMAN","P16673","Protein GENE1803",-0.4432,1,0.263794,0,0.5787,5,2,TRUE,FALSE,FALSE
"GENE1226","GENE1226_HUMAN","P38344","Protein GENE1226",2.9315,0.095341,0.036134,1.1529,1.4421,3,4,FALSE,TRUE,TRUE
"GENE1232","GENE1232_HUMAN","P15579","Protein GENE1232",0.3106,1,0.27111,0,0.5669,3,2,FALSE,FALSE,FALSE
"GENE1367","GENE1367_HUMAN","P14469","Protein GENE1367",-0.6411,1,0.986423,0,0.0059,4,2,FALSE,FALSE,FALSE
"GENE2212","GENE2212_HUMAN","P76332","Protein GENE2212",0.2348,1,0.258719,0,0.5872,2,2,FALSE,FALSE,FALSE
"GENE2032","GENE2032_HUMAN","P87196","Protein GENE2032",-0.0505,1,0.246194,0.1417,0.6087,2,4,FALSE,FALSE,FALSE
"GENE2014","GENE2014_HUMAN","P75576","Protein GENE2014",0.2447,1,0.950258,0,0.0222,4,2,FALSE,FALSE,FALSE
"GENE0164","GENE0164_HUMAN","P09314","Protein GENE0164",0.5572,1,0.585907,0,0.2322,3,6,FALSE,TRUE,FALSE
"GENE0519","GENE0519_HUMAN","P62303","Protein GENE0519",-0.0285,1,0.331181,0.4284,0.4799,3,5,FALSE,FALSE,FALSE
"GENE1305","GENE1305_HUMAN","P02489","Protein GENE1305",-0.1527,1,0.582509,0.2285,0.2347,4,2,FALSE,FALSE,FALSE
"GENE2142","GENE2142_HUMAN","P19241","Protein GENE2142",-0.1709,0.64666,0.459357,0,0.3378,5,3,FALSE,FALSE,FALSE
"GENE0508","GENE0508_HUMAN","P12722","Protein GENE0508",0.2906,0.582682,0.268905,0.2921,0.5704,2,3,FALSE,FALSE,FALSE
"GPATCH2","GPATCH2_HUMAN","P63015","Protein GPATCH2",-0.0434,0.532695,0.116218,0.7578,0.9347,6,3,FALSE,FALSE,FALSE
"GENE2400","GENE2400_HUMAN","P59133","Protein GENE2400",0.0342,1,0.896078,0,0.0477,4,2,FALSE,FALSE,FALSE
"GENE0737","GENE0737_HUMAN","P22748","Protein GENE0737",-0.3155,1,0.450446,0.1866,0.3464,4,4,FALSE,FALSE,FALSE
"GENE0330","GENE0330_HUMAN","P94323","Protein GENE0330",0.7186,0.633159,0.187823,0.5565,0.7263,5,2,FALSE,FALSE,FALSE
"GENE1817","GENE1817_HUMAN","P81419","Protein GENE1817",-0.7192,1,0.500758,0.2289,0.3004,5,5,FALSE,FALSE,FALSE
"GENE2778","GENE2778_HUMAN","P41159","Protein GENE2778",0.8753,1,0.829088,0,0.0814,6,2,TRUE,FALSE,FALSE
"GENE1499","GENE1499_HUMAN","P58063","Protein GENE1499",0.1577,0.849659,0.301618,0,0.5205,6,5,FALSE,FALSE,FALSE
"GENE0698","GENE0698_HUMAN","P46874","Protein GENE0698",0.4933,0.411839,0.354121,0,0.4508,2,3,FALSE,FALSE,FALSE
"GENE0840","GENE0840_HUMAN","P35682","Protein GENE0840",-0.4633,1,0.350074,0.1056,0.4558,2,6,FALSE,FALSE,FALSE
"GENE0755","GENE0755_HUMAN","P48890","Protein GENE0755",0.0485,0.556212,0.164128,0.4423,0.7848,6,3,FALSE,FALSE,FALSE
"GENE2325","GENE2325_HUMAN","P93219","Protein GENE2325",-0.0556,0.858813,0.349022,0.377,0.4571,3,6,TRUE,FALSE,FALSE
"GENE0274","GENE0274_HUMAN","P13696","Protein GENE0274",0.5205,1,0.935138,0,0.0291,6,4,FALSE,FALSE,FALSE
"GENE0209","GENE0209_HUMAN","P95158","Protein GENE0209",0.1512,1,0.77966,0,0.1081,3,2,FALSE,FALSE,FALSE
"GENE2881","GENE2881_HUMAN","P54431","Protein GENE2881",-3.6083,0.012414,0.008707,1.4437,2.0601,6,5,FALSE,FALSE,TRUE
"GENE2669","GENE2669_HUMAN","P81075","Protein GENE2669",-0.0403,1,0.597532,0,0.2236,4,4,FALSE,FALSE,FALSE
"GENE1409","GENE1409_HUMAN","P90184","Protein GENE1409",0.2738,1,0.526507,0,0.2786,6,6,FALSE,FALSE,FALSE
"GENE2147","GENE2147_HUMAN","P62009","Protein GENE2147",-0.4848,0.697608,0.254762,0.0844,0.5939,3,6,FALSE,FALSE,FALSE
"NCOA7","NCOA7_HUMAN","P50610","Protein NCOA7",2.3787,0.10197,0.021169,1.5703,1.6743,4,5,TRUE,FALSE,TRUE
"GENE0151","GENE0151_HUMAN","P52394","Protein GENE0151",0.2128,1,0.957268,0,0.019,3,5,FALSE,FALSE,FALSE
"GENE1498","GENE1498_HUMAN","P25795","Protein GENE1498",0.1905,1,0.721814,0,0.1416,4,2,TRUE,FALSE,FALSE
"GENE1732","GENE1732_HUMAN","P84623","Protein GENE1732",-0.0012,0.25976,0.139308,0.2727,0.856,3,2,FALSE,FALSE,FALSE
"GENE1940","GENE1940_HUMAN","P22814","Protein GENE1940",-0.2722,1,0.560047,0.2126,0.2518,3,3,FALSE,TRUE,FALSE
"GENE0659","GENE0659_HUMAN","P42516","Protein GENE0659",0.6443,0.951568,0.748612,0,0.1257,2,3,FALSE,FALSE,FALSE
"GENE0422","GENE0422_HUMAN","P51072","Protein GENE0422",-0.5534,0.015859,0.010525,1.8063,1.9778,6,6,FALSE,FALSE,TRUE
"GENE0329","GENE0329_HUMAN","P48391","Protein GENE0329",-1.0944,1,0.246512,0.1213,0.6082,2,5,FALSE,FALSE,FALSE
"GENE1993","GENE1993_HUMAN","P28402","Protein GENE1993",-1.0557,0.210139,0.090578,0.479,1.043,2,4,FALSE,FALSE,FALSE
"GENE0229","GENE0229_HUMAN","P22782","Protein GENE0229",0.7166,1,0.926901,0,0.033,2,4,FALSE,FALSE,FALSE
"GENE1288","GENE1288_HUMAN","P16731","Protein GENE1288",0.0653,0.62996,0.205987,0.0424,0.6862,3,3,FALSE,FALSE,FALSE
"GENE2485","GENE2485_HUMAN","P83837","Protein GENE2485",-0.7045,1,0.941535,0,0.0262,5,6,FALSE,FALSE,FALSE
"GENE1434","GENE1434_HUMAN","P17909","Protein GENE1434",2.2409,0.209221,0.048253,0.8269,1.3165,5,3,TRUE,FALSE,TRUE
"GENE2271","GENE2271_HUMAN","P49069","Protein GENE2271",0.5016,1,0.698861,0,0.1556,5,2,FALSE,FALSE,FALSE
"GENE0088","GENE0088_HUMAN","P12135","Protein GENE0088",-0.2543,1,0.748101,0,0.126,5,4,FALSE,FALSE,FALSE
"GENE2277","GENE2277_HUMAN","P93040","Protein GENE2277",0.1314,1,0.379031,0.2104,0.4213,3,2,FALSE,FALSE,FALSE
"GENE1327","GENE1327_HUMAN","P11807","Protein GENE1327",0.0915,1,0.362655,0.2251,0.4405,6,6,FALSE,FALSE,FALSE
"GENE1090","GENE1090_HUMAN","P57302","Protein GENE1090",-0.5351,1,0.822346,0,0.0849,5,5,FALSE,FALSE,FALSE
"GENE1777","GENE1777_HUMAN","P93673","Protein GENE1777",-0.4765,1,0.760399,0,0.119,2,2,FALSE,TRUE,FALSE
"GENE2236","GENE2236_HUMAN","P11476","Protein GENE2236",-0.6415,0.507483,0.171994,0.33,0.7645,5,4,FALSE,FALSE,FALSE
"GENE1188","GENE1188_HUMAN","P10258","Protein GENE1188",-0.7376,0.449317,0.096735,0.4814,1.0144,4,5,FALSE,FALSE,FALSE
"GENE2004","GENE2004_HUMAN","P07124","Protein GENE2004",-0.151,1,0.920618,0,0.0359,4,5,FALSE,FALSE,FALSE
"GENE1772","GENE1772_HUMAN","P77115","Protein GENE1772",3.8982,0.113524,0.026906,1.4276,1.5701,4,3,FALSE,FALSE,TRUE
"GENE2863","GENE2863_HUMAN","P82166","Protein GENE2863",0.1463,1,0.507674,0,0.2944,4,2,FALSE,FALSE,FALSE
"GENE1282","GENE1282_HUMAN","P00332","Protein GENE1282",0.2173,0.674882,0.153964,0.1324,0.8126,2,5,FALSE,FALSE,FALSE
"GENE0965","GENE0965_HUMAN","P99675","Protein GENE0965",-0.1157,0.269484,0.119245,0.3431,0.9236,2,6,FALSE,FALSE,FALSE
"GENE0200","GENE0200_HUMAN","P23079","Protein GENE0200",-3.6852,0.023708,0.011041,1.4484,1.957,3,2,FALSE,FALSE,TRUE
"GENE1939","GENE1939_HUMAN","P63597","Protein GENE1939",0.1883,1,0.833728,0,0.079,6,5,FALSE,FALSE,FALSE
"GENE2506","GENE2506_HUMAN","P82514","Protein GENE2506",-0.308,0.875129,0.595144,0,0.2254,4,6,FALSE,FALSE,FALSE
"GENE2111","GENE2111_HUMAN","P54786","Protein GENE2111",0.1834,1,0.953833,0,0.0205,3,2,FALSE,FALSE,FALSE
"GENE1058","GENE1058_HUMAN","P82826","Protein GENE1058",-0.1492,1,0.975352,0,0.0108,2,3,FALSE,FALSE,FALSE
"GENE2433","GENE2433_HUMAN","P93202","Protein GENE2433",-0.0867,1,0.97299,0,0.0119,6,5,FALSE,FALSE,FALSE
"GENE1559","GENE1559_HUMAN","P15656","Protein GENE1559",-0.1935,1,0.552392,0,0.2578,6,6,FALSE,FALSE,FALSE
"GENE1717","GENE1717_HUMAN","P77573","Protein GENE1717",-1.5376,0.016142,0.011392,1.6843,1.9434,6,3,FALSE,FALSE,TRUE
"GENE0041","GENE0041_HUMAN","P45250","Protein GENE0041",-0.2778,1,0.963154,0,0.0163,6,6,FALSE,FALSE,FALSE
"GENE2033","GENE2033_HUMAN","P40258","Protein GENE2033",0.6521,1,0.793587,0.0398,0.1004,6,3,TRUE,FALSE,FALSE
"GENE2883","GENE2883_HUMAN","P79851","Protein GENE2883",-0.1016,1,0.229758,0,0.6387,4,6,FALSE,FALSE,FALSE
"GENE1698","GENE1698_HUMAN","P22870","Protein GENE1698",0.0431,1,0.684369,0,0.1647,6,4,FALSE,FALSE,FALSE
"GENE0609","GENE0609_HUMAN","P58257","Protein GENE0609",0.2415,0.505242,0.142581,0.2508,0.8459,2,4,FALSE,FALSE,FALSE
"GENE0878","GENE0878_HUMAN","P30944","Protein GENE0878",-0.1275,1,0.453787,0,0.3431,5,6,FALSE,TRUE,FALSE
"GENE0691","GENE0691_HUMAN","P55750","Protein GENE0691",-3.6322,0.041586,0.019188,1.5931,1.717,6,6,FALSE,FALSE,TRUE
"GENE2316","GENE2316_HUMAN","P66279","Protein GENE2316",0.1733,0.692431,0.303807,0.0241,0.5174,6,4,FALSE,FALSE,FALSE
"GENE2017","GENE2017_HUMAN","P96313","Protein GENE2017",0.0859,0.96534,0.744465,0,0.1282,5,5,FALSE,FALSE,FALSE
"GENE0654","GENE0654_HUMAN","P52543","Protein GENE0654",0.335,1,0.837743,0,0.0769,5,3,FALSE,FALSE,FALSE
"GENE0938","GENE0938_HUMAN","P37843","Protein GENE0938",0.3459,1,0.588746,0,0.2301,5,2,FALSE,FALSE,FALSE
"GENE0579","GENE0579_HUMAN","P47735","Protein GENE0579",-0.5291,0.140175,0.083181,0.8134,1.08,3,3,FALSE,FALSE,FALSE
"GENE2148","GENE2148_HUMAN","P77991","Protein GENE2148",-0.1495,1,0.574626,0,0.2406,6,2,FALSE,FALSE,FALSE
"GENE2257","GENE2257_HUMAN","P81429","Protein GENE2257",3.7811,0.135138,0.037567,1.2411,1.4252,3,5,FALSE,FALSE,TRUE
"GENE0925","GENE0925_HUMAN","P09642","Protein GENE0925",4.026,0.054837,0.028673,0.8546,1.5425,4,5,FALSE,FALSE,TRUE
"GENE1403","GENE1403_HUMAN","P28374","Protein GENE1403",0.5588,1,0.854166,0,0.0685,6,6,FALSE,FALSE,FALSE
"GENE1485","GENE1485_HUMAN","P52694","Protein GENE1485",0.3554,0.326892,0.165245,0.1749,0.7819,3,6,FALSE,FALSE,FALSE
"GENE2790","GENE2790_HUMAN","P58937","Protein GENE2790",0.1294,1,0.734141,0,0.1342,5,6,FALSE,FALSE,FALSE
"GENE2317","GENE2317_HUMAN","P31844","Protein GENE2317",0.0835,1,0.528332,0,0.2771,4,6,FALSE,FALSE,FALSE
"GENE0147","GENE0147_HUMAN","P92960","Protein GENE0147",3.7601,0.013715,0.009512,1.8693,2.0217,2,4,FALSE,FALSE,TRUE
"GENE1276","GENE1276_HUMAN","P78506","Protein GENE1276",0.1845,1,0.343492,0.2633,0.4641,4,3,FALSE,FALSE,FALSE
"GENE0545","GENE0545_HUMAN","P17246","Protein GENE0545",0.1631,1,0.567289,0,0.2462,6,3,FALSE,FALSE,FALSE
"GENE1319","GENE1319_HUMAN","P20081","Protein GENE1319",-0.1923,0.413061,0.362327,0.0491,0.4409,4,2,FALSE,FALSE,FALSE
"GENE0977","GENE0977_HUMAN","P87088","Protein GENE0977",0.25,1,0.378115,0.2741,0.4224,6,2,FALSE,FALSE,FALSE
"GENE0130","GENE0130_HUMAN","P36178","Protein GENE0130",0.5833,1,0.792019,0,0.1013,4,6,FALSE,FALSE,FALSE
"GENE0839","GENE0839_HUMAN","P59545","Protein GENE0839",0.095,0.956073,0.53021,0,0.2756,4,5,TRUE,FALSE,FALSE
"LARP5","LARP5_HUMAN","P30543","Protein LARP5",0.0689,0.795866,0.692747,0,0.1594,6,2,FALSE,FALSE,FALSE
"GENE0832","GENE0832_HUMAN","P05944","Protein GENE0832",-0.1811,1,0.257993,0.236,0.5884,4,5,TRUE,TRUE,FALSE
"DHX38","DHX38_HUMAN","P35748","Protein DHX38",-0.6085,1,0.517947,0.1918,0.2857,2,2,FALSE,FALSE,FALSE
"GENE1925","GENE1925_HUMAN","P04606","Protein GENE1925",-0.6177,1,0.884157,0,0.0535,6,6,FALSE,FALSE,FALSE
"GENE0337","GENE0337_HUMAN","P00846","Protein GENE0337",-1.0753,0.031445,0.027727,1.1319,1.5571,2,3,FALSE,FALSE,TRUE
"GENE1895","GENE1895_HUMAN","P87322","Protein GENE1895",0.2432,0.261821,0.095708,0.5963,1.0191,5,6,FALSE,FALSE,FALSE
"GENE2890","GENE2890_HUMAN","P15262","Protein GENE2890",-0.2224,0.901611,0.57833,0,0.2378,6,3,FALSE,FALSE,FALSE
"GENE1111","GENE1111_HUMAN","P40976","Protein GENE1111",0.3617,1,0.740196,0,0.1307,6,4,FALSE,FALSE,FALSE
"GENE2330","GENE2330_HUMAN","P67706","Protein GENE2330",-0.2145,0.31937,0.258476,0,0.5876,5,5,FALSE,FALSE,FALSE
"GENE2359","GENE2359_HUMAN","P89730","Protein GENE2359",0.2897,1,0.571759,0.027,0.2428,2,5,FALSE,TRUE,FALSE
"GENE0233","GENE0233_HUMAN","P26155","Protein GENE0233",-0.4655,1,0.657917,0,0.1818,2,6,FALSE,FALSE,FALSE
"GENE2314","GENE2314_HUMAN","P82357","Protein GENE2314",0.215,1,0.466311,0.0123,0.3313,2,4,FALSE,FALSE,FALSE
"GENE1780","GENE1780_HUMAN","P84035","Protein GENE1780",0.6306,0.232372,0.074385,0.4955,1.1285,5,2,FALSE,FALSE,FALSE
"GENE1392","GENE1392_HUMAN","P40567","Protein GENE1392",0.1265,1,0.866186,0,0.0624,6,3,TRUE,FALSE,FALSE
"GENE1380","GENE1380_HUMAN","P94338","Protein GENE1380",-0.1784,1,0.869311,0,0.0608,3,3,FALSE,FALSE,FALSE
"GENE2001","GENE2001_HUMAN","P07110","Protein GENE2001",0.25,0.399534,0.26167,0.2158,0.5822,5,6,FALSE,FALSE,FALSE
"GENE1664","GENE1664_HUMAN","P15072","Protein GENE1664",1.1898,0.803322,0.201079,0.2521,0.6966,6,5,FALSE,FALSE,FALSE
"GENE0536","GENE0536_HUMAN","P03376","Protein GENE0536",0.0297,0.701542,0.250489,0.4186,0.6012,2,5,FALSE,FALSE,FALSE
"GENE0764","GENE0764_HUMAN","P15433","Protein GENE0764",-0.0735,1,0.754655,0,0.1223,2,3,FALSE,FALSE,FALSE
"GENE1809","GENE1809_HUMAN","P88162","Protein GENE1809",0.5661,1,0.984432,0,0.0068,5,5,FALSE,TRUE,FALSE
"GENE1792","GENE1792_HUMAN","P61003","Protein GENE1792",-0.743,1,0.547283,0,0.2618,6,2,FALSE,FALSE,FALSE
"GENE0708","GENE0708_HUMAN","P97806","Protein GENE0708",-0.5545,1,0.854177,0,0.0685,6,4,FALSE,TRUE,FALSE
"GENE1900","GENE1900_HUMAN","P44167","Protein GENE1900",-0.3136,1,0.927906,0,0.0325,5,6,FALSE,FALSE,FALSE
"GENE2791","GENE2791_HUMAN","P25529","Protein GENE2791",0.2826,1,0.566654,0,0.2467,3,5,FALSE,TRUE,FALSE
"GENE1192","GENE1192_HUMAN","P12883","Protein GENE1192",0.3894,0.917361,0.441129,0,0.3554,2,4,TRUE,FALSE,FALSE
"GENE0243","GENE0243_HUMAN","P10453","Protein GENE0243",-0.2193,0.712177,0.148205,0.2975,0.8291,6,5,FALSE,FALSE,FALSE
"GENE2715","GENE2715_HUMAN","P43082","Protein GENE2715",0.3272,0.877452,0.432346,0.0181,0.3642,3,5,FALSE,FALSE,FALSE
"GENE0370","GENE0370_HUMAN","P79190","Protein GENE0370",0.403,1,0.443765,0,0.3528,3,2,FALSE,FALSE,FALSE
"GENE1407","GENE1407_HUMAN","P78975","Protein GENE1407",-2.2533,0.075902,0.033638,0.8066,1.4732,6,3,TRUE,FALSE,TRUE
"GENE0086","GENE0086_HUMAN","P98777","Protein GENE0086",0.5251,1,0.291285,0.3021,0.5357,2,6,FALSE,TRUE,FALSE
"GENE1946","GENE1946_HUMAN","P07705","Protein GENE1946",-2.119,0.002956,0.001027,2.2962,2.9883,5,3,FALSE,FALSE,TRUE
"GENE0018","GENE0018_HUMAN","P37106","Protein GENE0018",0.2577,1,0.361484,0.3024,0.4419,4,4,FALSE,FALSE,FALSE
"GENE1692","GENE1692_HUMAN","P12196","Protein GENE1692",0.6299,0.77308,0.167794,0.1786,0.7752,6,6,FALSE,FALSE,FALSE
"GENE2725","GENE2725_HUMAN","P81536","Protein GENE2725",0.1634,0.905083,0.525013,0.2043,0.2798,3,6,FALSE,FALSE,FALSE
"GENE1101","GENE1101_HUMAN","P14922","Protein GENE1101",-0.0308,1,0.906284,0,0.0427,5,4,FALSE,FALSE,FALSE
"GENE0928","GENE0928_HUMAN","P21071","Protein GENE0928",0.324,1,0.484669,0.069,0.3146,3,5,FALSE,FALSE,FALSE
"GENE0487","GENE0487_HUMAN","P27125","Protein GENE0487",0.2488,0.390407,0.103461,0.6916,0.9852,3,5,TRUE,FALSE,FALSE
"GENE0509","GENE0509_HUMAN","P48265","Protein GENE0509",3.6958,0.132057,0.028282,1.023,1.5485,3,5,FALSE,FALSE,TRUE
"GENE0436","GENE0436_HUMAN","P70398","Protein GENE0436",-0.2832,1,0.543217,0,0.265,5,6,FALSE,FALSE,FALSE
"GENE1257","GENE1257_HUMAN","P49917","Protein GENE1257",0.1313,1,0.549798,0,0.2598,3,4,FALSE,TRUE,FALSE
"GENE2091","GENE2091_HUMAN","P81692","Protein GENE2091",-0.3348,1,0.499537,0,0.3014,6,6,FALSE,FALSE,FALSE
"GENE2348","GENE2348_HUMAN","P83222","Protein GENE2348",-0.1339,0.745922,0.358323,0,0.4457,5,4,FALSE,FALSE,FALSE
"GENE2025","GENE2025_HUMAN","P58901","Protein GENE2025",-0.3586,0.930828,0.427632,0.0262,0.3689,2,6,FALSE,FALSE,FALSE
"GENE0433","GENE0433_HUMAN","P28360","Protein GENE0433",-0.7368,0.040066,0.017211,1.3055,1.7642,3,6,FALSE,FALSE,TRUE
"GENE1495","GENE1495_HUMAN","P13514","Protein GENE1495",2.8005,0.056831,0.021039,1.0577,1.677,4,4,FALSE,FALSE,TRUE
"GENE1024","GENE1024_HUMAN","P91596","Protein GENE1024",-0.5913,1,0.748713,0.1148,0.1257,3,2,TRUE,FALSE,FALSE
"GENE2177","GENE2177_HUMAN","P45390","Protein GENE2177",-0.4376,1,0.282088,0.1143,0.5496,2,3,FALSE,FALSE,FALSE
"GENE1783","GENE1783_HUMAN","P81552","Protein GENE1783",-0.5706,1,0.86096,0,0.065,2,6,FALSE,FALSE,FALSE
"GENE2191","GENE2191_HUMAN","P04726","Protein GENE2191",0.4879,1,0.710537,0,0.1484,3,5,FALSE,FALSE,FALSE
"GENE1165","GENE1165_HUMAN","P42094","Protein GENE1165",0.1513,0.773411,0.58861,0,0.2302,3,4,FALSE,FALSE,FALSE
"GENE2518","GENE2518_HUMAN","P58277","Protein GENE2518",-0.4165,1,0.689814,0,0.1613,4,5,FALSE,FALSE,FALSE
"GENE2622","GENE2622_HUMAN","P23135","Protein GENE2622",-0.0644,1,0.790847,0,0.1019,2,4,FALSE,FALSE,FALSE
"GENE1920","GENE1920_HUMAN","P63440","Protein GENE1920",0.8228,1,0.454075,0,0.3429,3,6,TRUE,FALSE,FALSE
"GENE0135","GENE0135_HUMAN","P38240","Protein GENE0135",-0.0381,1,0.31379,0,0.5034,6,2,FALSE,FALSE,FALSE
"GENE2874","GENE2874_HUMAN","P15149","Protein GENE2874",-0.5944,1,0.578367,0,0.2378,6,2,TRUE,FALSE,FALSE
"GENE2799","GENE2799_HUMAN","P82627","Protein GENE2799",-0.8086,1,0.632546,0,0.1989,2,4,FALSE,FALSE,FALSE
"GENE2486","GENE2486_HUMAN","P20723","Protein GENE2486",0.3696,1,0.547039,0.0985,0.262,4,6,FALSE,TRUE,FALSE
"GENE0529","GENE0529_HUMAN","P33020","Protein GENE0529",1.3094,0.221491,0.04684,0.7491,1.3294,5,5,FALSE,FALSE,TRUE
"GENE0167","GENE0167_HUMAN","P63716","Protein GENE0167",0.2729,1,0.807381,0,0.0929,5,5,FALSE,FALSE,FALSE
"GENE0323","GENE0323_HUMAN","P39005","Protein GENE0323",-0.5532,1,0.967942,0,0.0142,5,5,FALSE,FALSE,FALSE
"GENE2141","GENE2141_HUMAN","P85246","Protein GENE2141",0.2199,1,0.624547,0,0.2044,3,4,FALSE,FALSE,FALSE
"GENE2880","GENE2880_HUMAN","P92186","Protein GENE2880",0.9239,0.816295,0.233839,0.0384,0.6311,2,2,FALSE,FALSE,FALSE
"GENE2576","GENE2576_HUMAN","P54799","Protein GENE2576",-0.4117,0.746757,0.648926,0,0.1878,3,4,FALSE,FALSE,FALSE
"GENE2127","GENE2127_HUMAN","P39095","Protein GENE2127",0.081,0.152156,0.065129,0.6947,1.1862,5,2,FALSE,FALSE,FALSE
"NCOA1","NCOA1_HUMAN","P18026","Protein NCOA1",-0.2454,1,0.785803,0,0.1047,6,3,FALSE,FALSE,FALSE
"GENE1219","GENE1219_HUMAN","P78592","Protein GENE1219",0.5986,1,0.937254,0,0.0281,3,2,FALSE,TRUE,FALSE
"GENE0668","GENE0668_HUMAN","P88120","Protein GENE0668",0.2605,1,0.235081,0.3397,0.6288,6,3,FALSE,FALSE,FALSE
"GENE2445","GENE2445_HUMAN","P27333","Protein GENE2445",1.409,0.021856,0.004478,1.6896,2.3489,4,2,FALSE,TRUE,TRUE
"GENE2647","GENE2647_HUMAN","P63423","Protein GENE2647",-0.2444,0.208206,0.201714,0.1905,0.6953,6,6,FALSE,FALSE,FALSE
"GENE0953","GENE0953_HUMAN","P30289","Protein GENE0953",0.311,1,0.886157,0,0.0525,5,3,FALSE,FALSE,FALSE
"GENE0876","GENE0876_HUMAN","P55449","Protein GENE0876",0.202,1,0.414355,0,0.3826,5,6,FALSE,FALSE,FALSE
"GENE1411","GENE1411_HUMAN","P43313","Protein GENE1411",0.0319,1,0.889554,0,0.0508,5,5,FALSE,FALSE,FALSE
"GENE2286","GENE2286_HUMAN","P91013","Protein GENE2286",-0.9037,0.178541,0.097266,0.7987,1.012,4,6,FALSE,FALSE,FALSE
"GENE2831","GENE2831_HUMAN","P92288","Protein GENE2831",0.1179,1,0.537774,0,0.2694,4,6,FALSE,FALSE,FALSE
"GENE1220","GENE1220_HUMAN","P98421","Protein GENE1220",-0.7008,1,0.828644,0,0.0816,5,6,FALSE,FALSE,FALSE
"GENE2833","GENE2833_HUMAN","P46932","Protein GENE2833",-0.2235,0.835915,0.27049,0.3962,0.5678,4,3,FALSE,FALSE,FALSE
"GENE0913","GENE0913_HUMAN","P04780","Protein GENE0913",-0.5354,1,0.632759,0,0.1988,4,6,FALSE,FALSE,FALSE
"GENE2248","GENE2248_HUMAN","P94209","Protein GENE2248",0.4556,1,0.495919,0,0.3046,4,6,TRUE,FALSE,FALSE
"GENE2260","GENE2260_HUMAN","P22357","Protein GENE2260",-0.104,0.913493,0.47561,0,0.3227,4,3,FALSE,TRUE,FALSE
"GENE1087","GENE1087_HUMAN","P87325","Protein GENE1087",-0.5831,0.816895,0.784304,0,0.1055,5,4,FALSE,FALSE,FALSE
"GENE2756","GENE2756_HUMAN","P62785","Protein GENE2756",0.6642,0.421635,0.420862,0.0907,0.3759,3,5,FALSE,FALSE,FALSE
"GENE1509","GENE1509_HUMAN","P11155","Protein GENE1509",0.462,1,0.644688,0,0.1907,6,3,FALSE,FALSE,FALSE
"GENE1015","GENE1015_HUMAN","P29764","Protein GENE1015",-0.4901,0.213119,0.148793,0.5894,0.8274,3,5,FALSE,FALSE,FALSE
"GENE0010","GENE0010_HUMAN","P60555","Protein GENE0010",-0.5452,1,0.868727,0,0.0611,5,3,FALSE,TRUE,FALSE
"GENE0162","GENE0162_HUMAN","P68070","Protein GENE0162",0.0413,1,0.498807,0,0.3021,4,5,FALSE,FALSE,FALSE
"GENE2895","GENE2895_HUMAN","P23599","Protein GENE2895",0.1786,0.492631,0.29802,0,0.5258,5,5,FALSE,FALSE,FALSE
"GENE2157","GENE2157_HUMAN","P03166","Protein GENE2157",-0.3705,0.41192,0.303149,0,0.5183,4,2,FALSE,FALSE,FALSE
"GENE0960","GENE0960_HUMAN","P50659","Protein GENE0960",-0.1657,0.627245,0.3818,0.1734,0.4182,4,6,FALSE,FALSE,FALSE
"GENE0498","GENE0498_HUMAN","P35423","Protein GENE0498",4.4592,0.030022,0.010159,1.7424,1.9932,4,6,FALSE,FALSE,TRUE
"GENE1225","GENE1225_HUMAN","P35600","Protein GENE1225",-0.8157,1,0.531505,0,0.2745,5,5,FALSE,FALSE,FALSE
"GENE2326","GENE2326_HUMAN","P60706","Protein GENE2326",0.4489,1,0.701053,0,0.1542,4,6,FALSE,FALSE,FALSE
"GENE0176","GENE0176_HUMAN","P65046","Protein GENE0176",-3.8125,0.091763,0.023858,1.4936,1.6224,3,5,FALSE,FALSE,TRUE
"GENE1865","GENE1865_HUMAN","P17714","Protein GENE1865",-0.4404,0.794971,0.718534,0,0.1436,3,3,FALSE,FALSE,FALSE
"GENE1329","GENE1329_HUMAN","P35600","Protein GENE1329",0.2066,1,0.701541,0,0.1539,5,3,TRUE,TRUE,FALSE
"GENE0686","GENE0686_HUMAN","P91145","Protein GENE0686",-0.2317,0.703554,0.19296,0.5002,0.7145,4,4,FALSE,FALSE,FALSE
"GENE0102","GENE0102_HUMAN","P44703","Protein GENE0102",-0.3085,1,0.948605,0,0.0229,6,2,FALSE,FALSE,FALSE
"GENE2007","GENE2007_HUMAN","P56812","Protein GENE2007",0.3563,1,0.783473,0,0.106,6,2,FALSE,FALSE,FALSE
"GENE1208","GENE1208_HUMAN","P72412","Protein GENE1208",-0.1971,0.445858,0.119552,0.2634,0.9224,2,3,FALSE,FALSE,FALSE
"GENE0251","GENE0251_HUMAN","P46627","Protein GENE0251",-3.6414,0.119527,0.035352,1.059,1.4516,5,3,FALSE,FALSE,TRUE
"GENE0312","GENE0312_HUMAN","P49326","Protein GENE0312",0.6361,0.395047,0.17222,0.0782,0.7639,2,4,FALSE,FALSE,FALSE
"GENE1985","GENE1985_HUMAN","P90890","Protein GENE1985",0.9256,1,0.562699,0,0.2497,6,2,TRUE,FALSE,FALSE
"GENE0770","GENE0770_HUMAN","P59091","Protein GENE0770",-0.1378,1,0.597399,0,0.2237,3,2,FALSE,TRUE,FALSE
"GENE2009","GENE2009_HUMAN","P43578","Protein GENE2009",0.0746,1,0.524184,0.085,0.2805,5,2,FALSE,FALSE,FALSE
"GENE0643","GENE0643_HUMAN","P10865","Protein GENE0643",-0.1691,1,0.683714,0,0.1651,6,3,FALSE,FALSE,FALSE
"GENE1248","GENE1248_HUMAN","P12408","Protein GENE1248",0.2902,0.704358,0.298198,0.364,0.5255,2,5,FALSE,FALSE,FALSE
"GENE1183","GENE1183_HUMAN","P87946","Protein GENE1183",-0.5394,1,0.873893,0,0.0585,5,2,FALSE,FALSE,FALSE
"GENE0333","GENE0333_HUMAN","P51014","Protein GENE0333",-0.3992,0.409877,0.129831,0.6394,0.8866,5,6,FALSE,FALSE,FALSE
"TRIP4","TRIP4_HUMAN","P50621","Protein TRIP4",0.0616,0.447994,0.092498,0.347,1.0339,6,5,FALSE,FALSE,FALSE
"GENE1870","GENE1870_HUMAN","P00086","Protein GENE1870",-0.0492,1,0.847351,0,0.0719,2,6,FALSE,FALSE,FALSE
"GENE1875","GENE1875_HUMAN","P77868","Protein GENE1875",-0.3805,1,0.546453,0,0.2624,6,6,FALSE,FALSE,FALSE
"GENE2757","GENE2757_HUMAN","P47024","Protein GENE2757",-0.0937,1,0.638879,0,0.1946,5,4,FALSE,FALSE,FALSE
"GENE2297","GENE2297_HUMAN","P70376","Protein GENE2297",0.6244,0.298096,0.069071,0.7903,1.1607,2,5,FALSE,FALSE,FALSE
"GENE2618","GENE2618_HUMAN","P62377","Protein GENE2618",-0.0205,1,0.845005,0,0.0731,3,6,FALSE,FALSE,FALSE
"GENE1844","GENE1844_HUMAN","P87508","Protein GENE1844",2.2184,0.082253,0.022701,1.1658,1.644,5,3,FALSE,FALSE,TRUE
"GENE1832","GENE1832_HUMAN","P78967","Protein GENE1832",-0.498,0.831141,0.209696,0.0763,0.6784,6,2,FALSE,FALSE,FALSE
"GENE1885","GENE1885_HUMAN","P36363","Protein GENE1885",0.1126,1,0.736317,0.0735,0.1329,6,3,FALSE,FALSE,FALSE
"GENE0374","GENE0374_HUMAN","P50637","Protein GENE0374",0.963,0.074441,0.034031,1.2605,1.4681,3,4,FALSE,FALSE,TRUE
"GENE1818","GENE1818_HUMAN","P56897","Protein GENE1818",-0.1772,1,0.974591,0,0.0112,4,6,FALSE,FALSE,FALSE
"GENE0588","GENE0588_HUMAN","P04010","Protein GENE0588",0.1862,0.464742,0.128486,0.5289,0.8911,4,5,FALSE,FALSE,FALSE
"GENE0911","GENE0911_HUMAN","P06176","Protein GENE0911",-0.4971,1,0.998712,0,6e-04,5,3,FALSE,FALSE,FALSE
"GENE2531","GENE2531_HUMAN","P92285","Protein GENE2531",-0.2807,1,0.485017,0.1024,0.3142,5,6,FALSE,FALSE,FALSE
"GENE1996","GENE1996_HUMAN","P70524","Protein GENE1996",-0.7678,0.894266,0.295471,0.025,0.5295,6,2,FALSE,FALSE,FALSE
"GENE1999","GENE1999_HUMAN","P88018","Protein GENE1999",-0.5738,0.814339,0.402498,0,0.3952,6,2,FALSE,FALSE,FALSE
"GENE1035","GENE1035_HUMAN","P89647","Protein GENE1035",0.1105,1,0.772326,0,0.1122,3,5,TRUE,FALSE,FALSE
"GENE1401","GENE1401_HUMAN","P29235","Protein GENE1401",-0.4557,1,0.996544,0,0.0015,6,5,FALSE,FALSE,FALSE
"GENE1684","GENE1684_HUMAN","P91218","Protein GENE1684",-0.0477,1,0.751549,0,0.124,3,4,TRUE,FALSE,FALSE
"DDX3","DDX3_HUMAN","P61505","Protein DDX3",-0.198,1,0.559849,3e-04,0.2519,3,5,FALSE,FALSE,FALSE
"GENE2683","GENE2683_HUMAN","P06153","Protein GENE2683",1.2227,0.080798,0.021798,1.0374,1.6616,4,6,TRUE,FALSE,TRUE
"GENE1260","GENE1260_HUMAN","P30840","Protein GENE1260",-4.3138,0.11798,0.041583,0.8027,1.3811,4,2,FALSE,FALSE,TRUE
"GENE1479","GENE1479_HUMAN","P20903","Protein GENE1479",0.9027,0.041934,0.018496,1.5272,1.7329,4,4,FALSE,FALSE,TRUE
"GENE1884","GENE1884_HUMAN","P31029","Protein GENE1884",-0.4134,1,0.312588,0.0779,0.505,2,5,FALSE,FALSE,FALSE
"GENE2552","GENE2552_HUMAN","P16578","Protein GENE2552",0.3256,1,0.338614,0.1276,0.4703,5,3,FALSE,FALSE,FALSE
"GENE1339","GENE1339_HUMAN","P91641","Protein GENE1339",0.8043,1,0.718908,0,0.1433,3,5,FALSE,FALSE,FALSE
"GENE1782","GENE1782_HUMAN","P12748","Protein GENE1782",-0.06,1,0.599019,0,0.2226,5,6,FALSE,FALSE,FALSE
"GENE2613","GENE2613_HUMAN","P55977","Protein GENE2613",-0.4303,1,0.959434,0,0.018,3,5,FALSE,FALSE,FALSE
"GENE1094","GENE1094_HUMAN","P84588","Protein GENE1094",0.3508,1,0.71433,0,0.1461,2,3,FALSE,FALSE,FALSE
"GENE0213","GENE0213_HUMAN","P14612","Protein GENE0213",-0.8391,1,0.403167,0.3538,0.3945,3,2,TRUE,FALSE,FALSE
"GENE2467","GENE2467_HUMAN","P09872","Protein GENE2467",-0.3997,1,0.78539,0,0.1049,3,6,TRUE,FALSE,FALSE
"GENE0558","GENE0558_HUMAN","P35555","Protein GENE0558",0.3173,1,0.970846,0,0.0128,2,3,FALSE,FALSE,FALSE
"GENE0599","GENE0599_HUMAN","P15459","Protein GENE0599",-0.378,0.490904,0.104531,0.6971,0.9808,6,6,FALSE,FALSE,FALSE
"GENE0926","GENE0926_HUMAN","P48255","Protein GENE0926",0.6257,1,0.421865,0.3137,0.3748,2,5,FALSE,FALSE,FALSE
"GENE0421","GENE0421_HUMAN","P55864","Protein GENE0421",1.0455,0.428951,0.173939,0.151,0.7596,4,3,FALSE,FALSE,FALSE
"GENE0191","GENE0191_HUMAN","P45245","Protein GENE0191",0.0713,1,0.596355,0,0.2245,4,5,FALSE,FALSE,FALSE
"GENE1800","GENE1800_HUMAN","P74491","Protein GENE1800",-0.2651,1,0.790594,0,0.102,2,5,FALSE,TRUE,FALSE
"GENE0177","GENE0177_HUMAN","P25729","Protein GENE0177",-0.0566,1,0.623436,0,0.2052,5,2,FALSE,FALSE,FALSE
"GENE1496","GENE1496_HUMAN","P80357","Protein GENE1496",-0.2152,1,0.357417,0.0336,0.4468,3,6,FALSE,FALSE,FALSE
"GENE1728","GENE1728_HUMAN","P65622","Protein GENE1728",0.1131,1,0.695371,0,0.1578,4,3,FALSE,FALSE,FALSE
"GENE0037","GENE0037_HUMAN","P64694","Protein GENE0037",-0.3923,1,0.730373,0,0.1365,4,4,FALSE,FALSE,FALSE
"GENE1086","GENE1086_HUMAN","P41118","Protein GENE1086",0.3574,0.640878,0.395943,0.1227,0.4024,4,3,TRUE,FALSE,FALSE
"GENE0530","GENE0530_HUMAN","P17986","Protein GENE0530",0.5712,1,0.679943,0,0.1675,6,4,TRUE,FALSE,FALSE
"GENE2182","GENE2182_HUMAN","P46412","Protein GENE2182",0.1298,0.349735,0.118244,0.2708,0.9272,6,6,FALSE,FALSE,FALSE
"GENE0194","GENE0194_HUMAN","P58186","Protein GENE0194",-0.1416,1,0.664718,0,0.1774,5,5,FALSE,FALSE,FALSE
"GENE2184","GENE2184_HUMAN","P84394","Protein GENE2184",-0.3801,1,0.499852,0,0.3012,6,3,FALSE,FALSE,FALSE
"GENE1571","GENE1571_HUMAN","P88532","Protein GENE1571",0.0174,0.959998,0.24926,0.5741,0.6033,6,2,FALSE,FALSE,FALSE
"GENE2670","GENE2670_HUMAN","P82890","Protein GENE2670",0.3369,0.23215,0.082561,0.3855,1.0832,4,2,FALSE,FALSE,FALSE
"GENE1263","GENE1263_HUMAN","P52981","Protein GENE1263",0.6698,0.652389,0.358989,0,0.4449,6,2,FALSE,FALSE,FALSE
"GENE2067","GENE2067_HUMAN","P60254","Protein GENE2067",-0.3914,1,0.531988,0,0.2741,2,3,FALSE,FALSE,FALSE
"GENE1756","GENE1756_HUMAN","P90571","Protein GENE1756",-0.1558,1,0.609666,0,0.2149,4,4,FALSE,FALSE,FALSE
"GENE1936","GENE1936_HUMAN","P63713","Protein GENE1936",0.086,0.971167,0.568004,0,0.2456,4,2,FALSE,FALSE,FALSE
"GENE2547","GENE2547_HUMAN","P30799","Protein GENE2547",0.2069,0.89906,0.694062,0,0.1586,4,5,TRUE,FALSE,FALSE
"GENE1206","GENE1206_HUMAN","P33613","Protein GENE1206",-0.1776,1,0.507876,0,0.2942,5,2,FALSE,FALSE,FALSE
"GENE0401","GENE0401_HUMAN","P43795","Protein GENE0401",-0.9837,0.014135,0.003514,2.1529,2.4542,6,5,FALSE,FALSE,TRUE
"GENE2292","GENE2292_HUMAN","P25578","Protein GENE2292",-0.1986,0.755848,0.605076,0,0.2182,5,4,FALSE,FALSE,FALSE
"GENE1573","GENE1573_HUMAN","P65277","Protein GENE1573",-0.4444,1,0.923583,0,0.0345,5,6,FALSE,FALSE,FALSE
"GENE0903","GENE0903_HUMAN","P95612","Protein GENE0903",0.8024,1,0.651361,0,0.1862,2,2,FALSE,TRUE,FALSE
"GENE0716","GENE0716_HUMAN","P59209","Protein GENE0716",0.4024,1,0.460109,0,0.3371,4,2,FALSE,TRUE,FALSE
"GENE2301","GENE2301_HUMAN","P15031","Protein GENE2301",0.2138,0.641754,0.474779,0,0.3235,3,4,FALSE,FALSE,FALSE
"GENE0221","GENE0221_HUMAN","P45619","Protein GENE0221",-0.0214,1,0.775436,0,0.1105,6,2,FALSE,TRUE,FALSE
"GENE1385","GENE1385_HUMAN","P32476","Protein GENE1385",-0.2752,1,0.557417,0,0.2538,2,4,TRUE,FALSE,FALSE
"GENE1658","GENE1658_HUMAN","P33302","Protein GENE1658",0.3847,1,0.908138,0,0.0418,4,3,FALSE,FALSE,FALSE
"GENE0909","GENE0909_HUMAN","P64266","Protein GENE0909",-0.335,0.250041,0.105784,0.5059,0.9756,6,6,FALSE,FALSE,FALSE
"GENE0454","GENE0454_HUMAN","P00522","Protein GENE0454",-0.0759,0.668442,0.204277,0.1585,0.6898,4,3,TRUE,FALSE,FALSE
"GENE1071","GENE1071_HUMAN","P41567","Protein GENE1071",-3.969,0.160255,0.039384,1.0216,1.4047,3,5,FALSE,FALSE,TRUE
"GENE0973","GENE0973_HUMAN","P25159","Protein GENE0973",0.1711,1,0.453509,0,0.3434,6,6,FALSE,FALSE,FALSE
"GENE0116","GENE0116_HUMAN","P87762","Protein GENE0116",0.0478,0.629615,0.130429,0.3972,0.8846,2,6,FALSE,FALSE,FALSE
"GENE0689","GENE0689_HUMAN","P35026","Protein GENE0689",-0.2179,1,0.956509,0,0.0193,4,5,FALSE,FALSE,FALSE
"GENE2773","GENE2773_HUMAN","P10471","Protein GENE2773",-0.1317,1,0.265673,0.3185,0.5757,3,4,FALSE,FALSE,FALSE
"GENE1252","GENE1252_HUMAN","P99255","Protein GENE1252",0.2433,1,0.933094,0,0.0301,4,4,FALSE,FALSE,FALSE
"GENE2057","GENE2057_HUMAN","P87318","Protein GENE2057",0.2485,1,0.815731,0,0.0885,5,4,FALSE,FALSE,FALSE
"GENE0885","GENE0885_HUMAN","P67992","Protein GENE0885",-0.3998,1,0.588652,0,0.2301,5,3,FALSE,FALSE,FALSE
"GENE2199","GENE2199_HUMAN","P93198","Protein GENE2199",0.0754,0.912664,0.182547,0.2827,0.7386,5,4,FALSE,TRUE,FALSE
"GENE0126","GENE0126_HUMAN","P64600","Protein GENE0126",-0.2681,1,0.305377,0.0323,0.5152,6,4,FALSE,FALSE,FALSE
"GENE0402","GENE0402_HUMAN","P45957","Protein GENE0402",-0.4863,0.839388,0.3355,0.1541,0.4743,5,6,FALSE,TRUE,FALSE
"GENE0630","GENE0630_HUMAN","P34788","Protein GENE0630",-4.4563,0.012094,0.00673,1.474,2.172,6,2,FALSE,FALSE,TRUE
"GENE0122","GENE0122_HUMAN","P31317","Protein GENE0122",0.057,1,0.883033,0,0.054,3,5,FALSE,FALSE,FALSE
"GENE0403","GENE0403_HUMAN","P12728","Protein GENE0403",-0.1307,0.453963,0.223401,0.2228,0.6509,4,3,FALSE,FALSE,FALSE
"GENE1152","GENE1152_HUMAN","P24946","Protein GENE1152",0.4308,0.288897,0.064865,0.8869,1.188,5,4,FALSE,FALSE,FALSE
"GENE1348","GENE1348_HUMAN","P15638","Protein GENE1348",0.2941,0.290716,0.127492,0.3174,0.8945,5,2,FALSE,FALSE,FALSE
"GENE0702","GENE0702_HUMAN","P73669","Protein GENE0702",0.1744,1,0.708361,0,0.1497,2,5,FALSE,TRUE,FALSE
"GENE0785","GENE0785_HUMAN","P94746","Protein GENE0785",0.6782,1,0.718356,0,0.1437,4,5,TRUE,FALSE,FALSE
"DDX5","DDX5_HUMAN","P91027","Protein DDX5",0.1176,0.664756,0.184167,0.1078,0.7348,4,5,FALSE,FALSE,FALSE
"GENE2242","GENE2242_HUMAN","P88872","Protein GENE2242",-0.4923,1,0.783237,0,0.1061,4,5,FALSE,FALSE,FALSE
"GENE0779","GENE0779_HUMAN","P03243","Protein GENE0779",-0.7031,0.090325,0.03714,1.1231,1.4302,2,4,FALSE,FALSE,TRUE
"GENE0623","GENE0623_HUMAN","P29472","Protein GENE0623",0.3682,0.198129,0.177566,0.4173,0.7506,6,3,FALSE,FALSE,FALSE
"GENE0216","GENE0216_HUMAN","P37479","Protein GENE0216",0.0034,1,0.858618,0.0281,0.0662,2,2,FALSE,FALSE,FALSE
"GENE2339","GENE2339_HUMAN","P28127","Protein GENE2339",0.4746,1,0.578463,0,0.2377,6,4,FALSE,FALSE,FALSE
"GENE1583","GENE1583_HUMAN","P56818","Protein GENE1583",-0.3947,1,0.662155,0,0.179,5,6,FALSE,FALSE,FALSE
"GENE2571","GENE2571_HUMAN","P92030","Protein GENE2571",-0.6356,0.293495,0.083101,0.4158,1.0804,3,4,FALSE,FALSE,FALSE
"GENE0634","GENE0634_HUMAN","P73628","Protein GENE0634",1.147,0.054286,0.025672,1.0156,1.5905,2,5,FALSE,FALSE,TRUE
"GENE0064","GENE0064_HUMAN","P40028","Protein GENE0064",-0.6235,1,0.436283,0,0.3602,6,6,FALSE,FALSE,FALSE
"GENE2390","GENE2390_HUMAN","P44183","Protein GENE2390",0.0464,1,0.63835,0,0.1949,2,5,FALSE,FALSE,FALSE
"GENE0217","GENE0217_HUMAN","P24445","Protein GENE0217",-0.2823,1,0.937214,0,0.0282,6,3,FALSE,FALSE,FALSE
"GENE2376","GENE2376_HUMAN","P96658","Protein GENE2376",-0.013,1,0.635573,0.1198,0.1968,5,3,FALSE,FALSE,FALSE
"GENE1315","GENE1315_HUMAN","P85047","Protein GENE1315",-0.0563,1,0.538463,0,0.2688,6,4,FALSE,FALSE,FALSE
"GENE2349","GENE2349_HUMAN","P29462","Protein GENE2349",0.4691,0.364916,0.262798,0.4123,0.5804,4,6,FALSE,FALSE,FALSE
"GENE1965","GENE1965_HUMAN","P57053","Protein GENE1965",-0.3044,0.464635,0.094523,0.5065,1.0245,6,6,FALSE,TRUE,FALSE
"GENE2324","GENE2324_HUMAN","P23899","Protein GENE2324",1.4321,0.054407,0.034937,1.1453,1.4567,3,5,FALSE,FALSE,TRUE
"GENE1890","GENE1890_HUMAN","P10153","Protein GENE1890",-0.2133,1,0.764531,0,0.1166,5,2,FALSE,FALSE,FALSE
"GENE0380","GENE0380_HUMAN","P04406","Protein GENE0380",-0.0663,0.183084,0.142997,0.148,0.8447,6,3,FALSE,FALSE,FALSE
"GENE1088","GENE1088_HUMAN","P96448","Protein GENE1088",0.5568,0.711559,0.634182,0,0.1978,6,6,FALSE,FALSE,FALSE
"GENE0683","GENE0683_HUMAN","P16272","Protein GENE0683",0.5232,0.375024,0.150683,0.6172,0.8219,6,2,FALSE,FALSE,FALSE
"GENE1200","GENE1200_HUMAN","P12238","Protein GENE1200",-0.1116,0.220039,0.070536,0.7962,1.1516,4,3,FALSE,FALSE,FALSE
"GENE0367","GENE0367_HUMAN","P85972","Protein GENE0367",-0.1682,1,0.676012,0,0.17,2,4,FALSE,FALSE,FALSE
"GENE1402","GENE1402_HUMAN","P70484","Protein GENE1402",-0.1151,1,0.751614,0,0.124,4,4,FALSE,FALSE,FALSE
"GENE1193","GENE1193_HUMAN","P95575","Protein GENE1193",-0.0188,1,0.492676,0.121,0.3074,6,5,FALSE,FALSE,FALSE
"GENE1077","GENE1077_HUMAN","P64425","Protein GENE1077",-0.0473,1,0.689636,0,0.1614,3,2,FALSE,FALSE,FALSE
"GENE0872","GENE0872_HUMAN","P47976","Protein GENE0872",0.1996,1,0.387769,0.2377,0.4114,6,3,FALSE,FALSE,FALSE
"GENE1697","GENE1697_HUMAN","P13374","Protein GENE1697",0.3809,1,0.364483,0.3085,0.4383,5,5,FALSE,TRUE,FALSE
"GENE1463","GENE1463_HUMAN","P36424","Protein GENE1463",0.5319,1,0.308127,0,0.5113,2,3,FALSE,FALSE,FALSE
"GENE1594","GENE1594_HUMAN","P39774","Protein GENE1594",-0.0047,1,0.81046,0,0.0913,3,5,FALSE,FALSE,FALSE
"GENE0195","GENE0195_HUMAN","P01108","Protein GENE0195",0.6201,1,0.816352,0,0.0881,5,4,FALSE,TRUE,FALSE
"GENE0317","GENE0317_HUMAN","P53373","Protein GENE0317",0.05,1,0.76444,0,0.1167,4,6,FALSE,FALSE,FALSE
"GENE2087","GENE2087_HUMAN","P12080","Protein GENE2087",0.3112,1,0.852461,0,0.0693,2,2,FALSE,FALSE,FALSE
"GENE1332","GENE1332_HUMAN","P08457","Protein GENE1332",0.2536,1,0.502052,0,0.2993,3,5,FALSE,FALSE,FALSE
"GENE2154","GENE2154_HUMAN","P43505","Protein GENE2154",0.4611,0.982528,0.320262,0.3583,0.4945,5,5,FALSE,FALSE,FALSE
"GENE1156","GENE1156_HUMAN","P78091","Protein GENE1156",1.3049,0.349509,0.099689,0.6222,1.0014,6,6,FALSE,FALSE,FALSE
"GENE2095","GENE2095_HUMAN","P64642","Protein GENE2095",0.2357,1,0.530562,0,0.2753,5,4,FALSE,FALSE,FALSE
"GENE1089","GENE1089_HUMAN","P05140","Protein GENE1089",-0.514,1,0.991955,0,0.0035,5,3,FALSE,FALSE,FALSE
"GENE1908","GENE1908_HUMAN","P27287","Protein GENE1908",0.1473,0.189622,0.100298,0.3708,0.9987,2,5,FALSE,FALSE,FALSE
"GENE2702","GENE2702_HUMAN","P89981","Protein GENE2702",-0.0125,1,0.996415,0,0.0016,6,4,TRUE,FALSE,FALSE
"GENE0781","GENE0781_HUMAN","P93304","Protein GENE0781",-0.3069,1,0.803116,0,0.0952,3,6,FALSE,TRUE,FALSE
"GENE2431","GENE2431_HUMAN","P24778","Protein GENE2431",-0.4155,0.420604,0.351479,0,0.4541,4,6,FALSE,FALSE,FALSE
"GENE2459","GENE2459_HUMAN","P11810","Protein GENE2459",0.4898,1,0.682505,0,0.1659,4,6,FALSE,FALSE,FALSE
"GENE0423","GENE0423_HUMAN","P85451","Protein GENE0423",0.7244,0.535815,0.117117,0.3685,0.9314,4,6,FALSE,FALSE,FALSE
"GENE2694","GENE2694_HUMAN","P07022","Protein GENE2694",-0.4069,1,0.868229,0,0.0614,6,4,TRUE,FALSE,FALSE
"GENE1596","GENE1596_HUMAN","P17711","Protein GENE1596",-0.0292,1,0.796341,0,0.0989,4,2,FALSE,FALSE,FALSE
"GENE1469","GENE1469_HUMAN","P00826","Protein GENE1469",-0.2333,1,0.590201,0,0.229,5,6,FALSE,FALSE,FALSE
"GENE2701","GENE2701_HUMAN","P32432","Protein GENE2701",0.0429,1,0.426173,0.0262,0.3704,3,5,FALSE,FALSE,FALSE
"GENE2796","GENE2796_HUMAN","P02091","Protein GENE2796",3.1398,0.155092,0.036562,1.2627,1.437,5,4,FALSE,FALSE,TRUE
"GENE0650","GENE0650_HUMAN","P62063","Protein GENE0650",0.0175,0.519892,0.328667,0.2381,0.4832,2,4,FALSE,FALSE,FALSE
"GENE1623","GENE1623_HUMAN","P36220","Protein GENE1623",2.8492,0.122734,0.025568,1.3743,1.5923,4,2,FALSE,FALSE,TRUE
"GENE1249","GENE1249_HUMAN","P66632","Protein GENE1249",0.5919,1,0.932649,0,0.0303,2,3,FALSE,FALSE,FALSE
"GENE1708","GENE1708_HUMAN","P59332","Protein GENE1708",0.3942,0.31745,0.138034,0.3619,0.86,2,5,FALSE,FALSE,FALSE
"GENE2192","GENE2192_HUMAN","P58133","Protein GENE2192",0.5061,1,0.816903,0,0.0878,5,6,FALSE,FALSE,FALSE
"GENE0031","GENE0031_HUMAN","P61639","Protein GENE0031",0.1366,0.586935,0.360033,0.4434,0.4437,5,2,FALSE,FALSE,FALSE
"GENE2807","GENE2807_HUMAN","P89348","Protein GENE2807",-0.2751,1,0.76039,0,0.119,6,6,FALSE,FALSE,FALSE
"GENE1561","GENE1561_HUMAN","P02634","Protein GENE1561",0.5538,1,0.93218,0,0.0305,5,3,FALSE,FALSE,FALSE
"GENE2034","GENE2034_HUMAN","P92187","Protein GENE2034",0.6322,1,0.709428,0,0.1491,3,6,FALSE,FALSE,FALSE
"GENE0043","GENE0043_HUMAN","P34318","Protein GENE0043",-3.0928,0.151685,0.033791,1.0242,1.4712,6,6,FALSE,FALSE,TRUE
"GENE0788","GENE0788_HUMAN","P91328","Protein GENE0788",0.0987,1,0.271118,0,0.5668,3,2,FALSE,FALSE,FALSE
"GENE0492","GENE0492_HUMAN","P13339","Protein GENE0492",0.1904,1,0.906337,0,0.0427,3,3,FALSE,FALSE,FALSE
"GENE0989","GENE0989_HUMAN","P11472","Protein GENE0989",0.0978,0.59415,0.369811,0.3849,0.432,4,2,FALSE,FALSE,FALSE
"GENE0411","GENE0411_HUMAN","P64976","Protein GENE0411",3.048,0.05047,0.026287,1.0141,1.5803,2,2,FALSE,FALSE,TRUE
"GENE0425","GENE0425_HUMAN","P07496","Protein GENE0425",0.3278,1,0.537499,0,0.2696,3,3,FALSE,FALSE,FALSE
"GENE1261","GENE1261_HUMAN","P52602","Protein GENE1261",-0.5597,1,0.460035,0.1109,0.3372,6,4,FALSE,FALSE,FALSE
"GENE1956","GENE1956_HUMAN","P34908","Protein GENE1956",2.1455,0.101955,0.024896,1.198,1.6039,5,6,TRUE,FALSE,TRUE
"GENE2434","GENE2434_HUMAN","P94953","Protein GENE2434",-0.3057,0.638016,0.271272,0,0.5666,5,3,TRUE,TRUE,FALSE
"GENE2327","GENE2327_HUMAN","P78767","Protein GENE2327",0.4217,0.662691,0.153754,0.6384,0.8132,3,4,FALSE,FALSE,FALSE
"GENE2700","GENE2700_HUMAN","P78370","Protein GENE2700",-0.3924,1,0.992661,0,0.0032,3,3,FALSE,FALSE,FALSE
"GENE2403","GENE2403_HUMAN","P05848","Protein GENE2403",3.316,0.048301,0.012562,1.4276,1.9009,2,2,FALSE,FALSE,TRUE
"GENE2724","GENE2724_HUMAN","P20293","Protein GENE2724",0.0462,0.292091,0.256359,0.2144,0.5912,4,2,FALSE,FALSE,FALSE
"GENE0671","GENE0671_HUMAN","P37509","Protein GENE0671",0.0129,1,0.284244,0,0.5463,4,3,FALSE,FALSE,FALSE
"GENE0107","GENE0107_HUMAN","P13616","Protein GENE0107",-0.813,1,0.962278,0,0.0167,5,4,FALSE,FALSE,FALSE
"GENE0150","GENE0150_HUMAN","P21054","Protein GENE0150",0.31,0.476454,0.151851,0.2859,0.8186,2,2,FALSE,FALSE,FALSE
"GENE1641","GENE1641_HUMAN","P45274","Protein GENE1641",0.2514,1,0.841631,0,0.0749,6,6,FALSE,FALSE,FALSE
"GENE1325","GENE1325_HUMAN","P64842","Protein GENE1325",-0.7793,0.025732,0.012894,1.2621,1.8896,3,5,FALSE,FALSE,TRUE
"GENE0771","GENE0771_HUMAN","P58206","Protein GENE0771",0.0846,1,0.493005,0,0.3071,4,4,FALSE,FALSE,FALSE
"GENE1981","GENE1981_HUMAN","P73520","Protein GENE1981",2.1971,0.066061,0.018174,1.1215,1.7406,5,5,FALSE,FALSE,TRUE
"GENE2599","GENE2599_HUMAN","P33048","Protein GENE2599",-0.3393,1,0.805701,0,0.0938,2,5,FALSE,FALSE,FALSE
"GENE0291","GENE0291_HUMAN","P30455","Protein GENE0291",-0.0907,1,0.784273,0,0.1055,2,4,FALSE,FALSE,FALSE
"GENE0635","GENE0635_HUMAN","P85439","Protein GENE0635",-0.0072,0.102198,0.091658,0.7854,1.0378,4,4,FALSE,FALSE,FALSE
"GENE0774","GENE0774_HUMAN","P92098","Protein GENE0774",-1.0558,0.047051,0.026174,1.0089,1.5821,6,4,TRUE,FALSE,TRUE
"GENE1504","GENE1504_HUMAN","P30194","Protein GENE1504",0.1714,0.159488,0.106482,0.4162,0.9727,4,3,FALSE,FALSE,FALSE
"GENE1851","GENE1851_HUMAN","P45362","Protein GENE1851",0.3709,0.445431,0.151445,0.1465,0.8197,4,5,FALSE,FALSE,FALSE
"GENE2068","GENE2068_HUMAN","P83204","Protein GENE2068",-0.4685,0.797609,0.674945,0,0.1707,5,3,FALSE,FALSE,FALSE
"GENE2443","GENE2443_HUMAN","P33328","Protein GENE2443",-0.2236,1,0.865071,0,0.0629,3,6,TRUE,FALSE,FALSE
"GENE2331","GENE2331_HUMAN","P17858","Protein GENE2331",-0.1876,1,0.699344,0.0581,0.1553,4,6,FALSE,FALSE,FALSE
"GENE2595","GENE2595_HUMAN","P48549","Protein GENE2595",-0.7764,1,0.985161,0,0.0065,4,4,FALSE,FALSE,FALSE
"GENE1397","GENE1397_HUMAN","P96855","Protein GENE1397",0.0568,0.43966,0.409587,0.1697,0.3877,4,6,FALSE,TRUE,FALSE
"GENE0750","GENE0750_HUMAN","P01228","Protein GENE0750",0.3017,0.257046,0.200975,0.027,0.6969,5,6,TRUE,FALSE,FALSE
"GENE2472","GENE2472_HUMAN","P20343","Protein GENE2472",-0.509,0.818361,0.193422,0.2496,0.7135,2,5,FALSE,FALSE,FALSE
"GENE1675","GENE1675_HUMAN","P19760","Protein GENE1675",0.0792,1,0.911469,0,0.0403,4,5,FALSE,FALSE,FALSE
"GENE2637","GENE2637_HUMAN","P23879","Protein GENE2637",-0.0577,1,0.474301,0,0.3239,5,6,FALSE,FALSE,FALSE
"GENE1790","GENE1790_HUMAN","P19615","Protein GENE1790",-0.4721,1,0.951374,0,0.0216,2,3,FALSE,TRUE,FALSE
"GENE2548","GENE2548_HUMAN","P11166","Protein GENE2548",-0.3832,0.648505,0.321761,0.1414,0.4925,2,2,FALSE,FALSE,FALSE
"GENE1638","GENE1638_HUMAN","P22820","Protein GENE1638",-0.077,1,0.395686,0,0.4026,2,4,FALSE,FALSE,FALSE
"GENE0777","GENE0777_HUMAN","P41162","Protein GENE0777",0.0434,0.427146,0.086821,0.4516,1.0614,3,2,FALSE,FALSE,FALSE
"GENE1575","GENE1575_HUMAN","P25119","Protein GENE1575",-0.2631,1,0.595347,0.1985,0.2252,3,4,FALSE,FALSE,FALSE
"GENE0674","GENE0674_HUMAN","P52436","Protein GENE0674",3.5533,0.174359,0.044278,0.7506,1.3538,3,5,TRUE,FALSE,TRUE
"GENE0895","GENE0895_HUMAN","P94928","Protein GENE0895",0.0984,0.256317,0.109219,0.4077,0.9617,2,2,FALSE,FALSE,FALSE
"GENE1963","GENE1963_HUMAN","P78909","Protein GENE1963",-0.2358,1,0.855095,0,0.068,6,2,FALSE,FALSE,FALSE
"GENE2343","GENE2343_HUMAN","P50577","Protein GENE2343",0.2418,0.786589,0.590524,0,0.2288,2,2,FALSE,FALSE,FALSE
"DDX46","DDX46_HUMAN","P93811","Protein DDX46",0.0763,1,0.575117,0,0.2402,6,3,FALSE,FALSE,FALSE
"GENE0889","GENE0889_HUMAN","P76855","Protein GENE0889",0.1613,1,0.542084,0,0.2659,4,2,FALSE,FALSE,FALSE
"GENE2560","GENE2560_HUMAN","P25750","Protein GENE2560",-0.3075,0.545506,0.141275,0.2213,0.8499,4,2,FALSE,FALSE,FALSE
"GENE0951","GENE0951_HUMAN","P66386","Protein GENE0951",-0.3599,1,0.599483,0,0.2222,3,4,FALSE,FALSE,FALSE
"GENE1785","GENE1785_HUMAN","P71436","Protein GENE1785",-0.8102,1,0.349198,0.0341,0.4569,2,2,FALSE,FALSE,FALSE
"GENE0137","GENE0137_HUMAN","P21700","Protein GENE0137",-0.2381,1,0.797113,0.0352,0.0985,4,3,FALSE,TRUE,FALSE
"GENE1528","GENE1528_HUMAN","P44410","Protein GENE1528",-0.4417,1,0.384805,0,0.4148,2,2,FALSE,FALSE,FALSE
"GENE2016","GENE2016_HUMAN","P74888","Protein GENE2016",0.1466,0.965241,0.446213,0,0.3505,5,5,FALSE,FALSE,FALSE
"GENE2178","GENE2178_HUMAN","P56608","Protein GENE2178",0.8245,0.227719,0.168694,0.1866,0.7729,2,4,FALSE,FALSE,FALSE
"GENE0460","GENE0460_HUMAN","P75397","Protein GENE0460",-0.0807,0.687758,0.32222,0.46,0.4918,4,6,FALSE,FALSE,FALSE
"GENE2122","GENE2122_HUMAN","P23515","Protein GENE2122",0.25,1,0.453066,0,0.3438,3,5,FALSE,FALSE,FALSE
"GENE2624","GENE2624_HUMAN","P17036","Protein GENE2624",-0.2314,1,0.372688,0,0.4287,3,3,TRUE,FALSE,FALSE
"GENE2736","GENE2736_HUMAN","P24185","Protein GENE2736",0.5312,1,0.778335,0,0.1088,2,5,TRUE,FALSE,FALSE
"GENE0930","GENE0930_HUMAN","P13843","Protein GENE0930",0.1384,1,0.784222,0,0.1056,2,3,FALSE,FALSE,FALSE
"GENE1701","GENE1701_HUMAN","P90151","Protein GENE1701",-0.3373,0.690145,0.369153,0.0671,0.4328,5,5,FALSE,FALSE,FALSE
"GENE1523","GENE1523_HUMAN","P58490","Protein GENE1523",0.4098,0.480857,0.316713,0.1114,0.4993,4,2,FALSE,FALSE,FALSE
"DDX17","DDX17_HUMAN","P11205","Protein DDX17",0.1207,1,0.55965,0,0.2521,2,3,FALSE,FALSE,FALSE
"GENE2037","GENE2037_HUMAN","P70577","Protein GENE2037",-0.1963,1,0.861137,0,0.0649,6,5,FALSE,FALSE,FALSE
"GENE0636","GENE0636_HUMAN","P37628","Protein GENE0636",0.5675,1,0.961579,0,0.017,6,4,FALSE,FALSE,FALSE
"GENE1042","GENE1042_HUMAN","P37363","Protein GENE1042",0.3265,0.601578,0.126138,0.231,0.8992,5,3,FALSE,FALSE,FALSE
"GENE0531","GENE0531_HUMAN","P96808","Protein GENE0531",-0.1459,1,0.859443,0,0.0658,4,2,FALSE,FALSE,FALSE
"GENE0550","GENE0550_HUMAN","P97504","Protein GENE0550",-0.3491,1,0.357757,0.0024,0.4464,2,5,FALSE,FALSE,FALSE
"GENE0971","GENE0971_HUMAN","P70077","Protein GENE0971",0.6805,1,0.633858,0,0.198,3,4,FALSE,TRUE,FALSE
"GENE0718","GENE0718_HUMAN","P54513","Protein GENE0718",0.4648,0.530634,0.218908,0.0677,0.6597,3,5,FALSE,FALSE,FALSE
"GENE1237","GENE1237_HUMAN","P73582","Protein GENE1237",1.3233,0.99683,0.264744,0.0762,0.5772,5,4,FALSE,FALSE,FALSE
"GENE1860","GENE1860_HUMAN","P39077","Protein GENE1860",0.263,1,0.957477,0,0.0189,5,2,FALSE,FALSE,FALSE
"GENE1831","GENE1831_HUMAN","P59802","Protein GENE1831",0.315,1,0.945885,0,0.0242,3,3,FALSE,FALSE,FALSE
"GENE0063","GENE0063_HUMAN","P82888","Protein GENE0063",0.1003,1,0.388964,0,0.4101,2,5,FALSE,FALSE,FALSE
"GENE0699","GENE0699_HUMAN","P51750","Protein GENE0699",-0.0772,1,0.296285,0,0.5283,3,6,FALSE,FALSE,FALSE
"GENE0624","GENE0624_HUMAN","P21561","Protein GENE0624",-0.4184,1,0.608404,0,0.2158,5,2,FALSE,FALSE,FALSE
"GENE1902","GENE1902_HUMAN","P61453","Protein GENE1902",-0.0788,1,0.897852,0,0.0468,2,2,FALSE,FALSE,FALSE
"GENE1566","GENE1566_HUMAN","P58822","Protein GENE1566",-0.7943,1,0.98323,0,0.0073,4,4,FALSE,FALSE,FALSE
"GENE0406","GENE0406_HUMAN","P06704","Protein GENE0406",-0.1929,0.46412,0.10109,0.434,0.9953,5,2,FALSE,FALSE,FALSE
"GENE1293","GENE1293_HUMAN","P78756","Protein GENE1293",-0.7172,0.801687,0.164667,0.1786,0.7834,2,4,FALSE,FALSE,FALSE
"GENE2893","GENE2893_HUMAN","P55686","Protein GENE2893",-0.2925,1,0.478041,0,0.3205,2,5,FALSE,FALSE,FALSE
"GENE1103","GENE1103_HUMAN","P63358","Protein GENE1103",0.0645,0.559515,0.263024,0.036,0.58,2,6,FALSE,FALSE,FALSE
"GENE0058","GENE0058_HUMAN","P92430","Protein GENE0058",-0.0218,1,0.616644,0,0.21,6,2,FALSE,FALSE,FALSE
"GENE2639","GENE2639_HUMAN","P86098","Protein GENE2639",0.6426,1,0.385746,0.3803,0.4137,4,2,FALSE,FALSE,FALSE
"GENE1696","GENE1696_HUMAN","P42448","Protein GENE1696",-1.7574,0.086837,0.021306,1.0292,1.6715,5,4,TRUE,FALSE,TRUE
"GENE0016","GENE0016_HUMAN","P81432","Protein GENE0016",-0.4115,0.938698,0.483164,0,0.3159,6,2,FALSE,TRUE,FALSE
"GENE2183","GENE2183_HUMAN","P42006","Protein GENE2183",0.185,1,0.974495,0,0.0112,3,4,FALSE,FALSE,FALSE
"GENE0696","GENE0696_HUMAN","P24449","Protein GENE0696",0.5317,0.743848,0.414132,0,0.3829,2,6,FALSE,FALSE,FALSE
"GENE0208","GENE0208_HUMAN","P22480","Protein GENE0208",0.4507,1,0.560664,0,0.2513,4,2,FALSE,FALSE,FALSE
"GENE2206","GENE2206_HUMAN","P04129","Protein GENE2206",-0.1201,0.082776,0.082112,0.4551,1.0856,4,5,FALSE,FALSE,FALSE
"GENE0775","GENE0775_HUMAN","P98247","Protein GENE0775",-0.1293,1,0.956732,0,0.0192,5,4,FALSE,FALSE,FALSE
"GENE2169","GENE2169_HUMAN","P42205","Protein GENE2169",0.1428,0.25686,0.100505,0.3635,0.9978,3,5,TRUE,FALSE,FALSE
"DDX21","DDX21_HUMAN","P82299","Protein DDX21",0.0994,1,0.922031,0,0.0353,6,6,FALSE,TRUE,FALSE
"GENE0997","GENE0997_HUMAN","P54164","Protein GENE0997",-0.6121,1,0.693121,0,0.1592,2,6,FALSE,FALSE,FALSE
"GENE0600","GENE0600_HUMAN","P53264","Protein GENE0600",-0.1462,1,0.613593,0,0.2121,5,3,FALSE,FALSE,FALSE
"GENE1480","GENE1480_HUMAN","P64815","Protein GENE1480",0.0332,1,0.595988,0.0572,0.2248,5,5,FALSE,FALSE,FALSE
"GENE2605","GENE2605_HUMAN","P96252","Protein GENE2605",-0.1192,0.948338,0.258959,0.0254,0.5868,2,5,FALSE,FALSE,FALSE
"GENE2440","GENE2440_HUMAN","P24076","Protein GENE2440",0.138,0.543567,0.316055,0.1111,0.5002,3,6,FALSE,FALSE,FALSE
"GENE0954","GENE0954_HUMAN","P91906","Protein GENE0954",0.0665,0.830392,0.213479,0.5083,0.6706,6,4,FALSE,FALSE,FALSE
"GENE0458","GENE0458_HUMAN","P62045","Protein GENE0458",0.416,1,0.333971,0.07,0.4763,5,4,FALSE,TRUE,FALSE
"GENE1003","GENE1003_HUMAN","P55740","Protein GENE1003",-0.3748,1,0.321125,0.1858,0.4933,2,3,TRUE,TRUE,FALSE
"GENE1428","GENE1428_HUMAN","P26692","Protein GENE1428",0.0918,1,0.609521,0,0.215,2,5,FALSE,TRUE,FALSE
"GENE2353","GENE2353_HUMAN","P83809","Protein GENE2353",-0.1753,0.290324,0.286876,0.1488,0.5423,2,6,FALSE,FALSE,FALSE
"GENE2043","GENE2043_HUMAN","P07849","Protein GENE2043",-0.5134,1,0.629546,0,0.201,6,4,FALSE,FALSE,FALSE
"GENE1892","GENE1892_HUMAN","P81152","Protein GENE1892",-0.0114,1,0.926154,0,0.0333,5,3,FALSE,FALSE,FALSE
"GENE1580","GENE1580_HUMAN","P95728","Protein GENE1580",-0.0754,1,0.771959,0,0.1124,6,4,FALSE,FALSE,FALSE
"GENE1911","GENE1911_HUMAN","P89070","Protein GENE1911",-0.1734,0.41053,0.208037,0.202,0.6819,6,6,TRUE,FALSE,FALSE
"GENE0314","GENE0314_HUMAN","P07577","Protein GENE0314",0.202,1,0.968737,0,0.0138,6,5,FALSE,FALSE,FALSE
"GENE2102","GENE2102_HUMAN","P46197","Protein GENE2102",-0.4265,1,0.486306,0,0.3131,2,4,FALSE,TRUE,FALSE
"GENE2511","GENE2511_HUMAN","P63032","Protein GENE2511",-0.7294,1,0.216242,0.4599,0.6651,4,5,TRUE,FALSE,FALSE
"GENE1690","GENE1690_HUMAN","P72428","Protein GENE1690",0.2179,1,0.475403,0,0.3229,3,2,TRUE,FALSE,FALSE
"GENE2844","GENE2844_HUMAN","P87283","Protein GENE2844",0.0866,1,0.461819,0.2755,0.3355,6,3,FALSE,FALSE,FALSE
"GENE1646","GENE1646_HUMAN","P14903","Protein GENE1646",0.1856,0.165314,0.117448,0.2519,0.9302,3,6,TRUE,FALSE,FALSE
"GENE1880","GENE1880_HUMAN","P79495","Protein GENE1880",-0.1173,1,0.525777,0,0.2792,4,6,FALSE,FALSE,FALSE
"GENE0735","GENE0735_HUMAN","P87014","Protein GENE0735",-1.9626,0.069245,0.043094,1.0072,1.3656,5,4,FALSE,FALSE,TRUE
"GENE0898","GENE0898_HUMAN","P06198","Protein GENE0898",0.7138,0.002465,0.000802,2.6636,3.0961,5,6,FALSE,FALSE,TRUE
"GENE1381","GENE1381_HUMAN","P77437","Protein GENE1381",0.6558,0.357613,0.351307,0,0.4543,6,6,FALSE,TRUE,FALSE
"GENE0022","GENE0022_HUMAN","P43268","Protein GENE0022",0.187,0.576562,0.499813,0.0139,0.3012,6,2,FALSE,FALSE,FALSE
"GENE0734","GENE0734_HUMAN","P10889","Protein GENE0734",0.2583,1,0.236517,0.1798,0.6261,6,4,FALSE,FALSE,FALSE
"GENE0739","GENE0739_HUMAN","P97068","Protein GENE0739",-0.1247,1,0.79705,0,0.0985,6,6,FALSE,FALSE,FALSE
"GENE1033","GENE1033_HUMAN","P62514","Protein GENE1033",0.5158,0.750042,0.157646,0.7289,0.8023,4,5,FALSE,FALSE,FALSE
"GENE0032","GENE0032_HUMAN","P53632","Protein GENE0032",0.591,0.035952,0.021527,0.9943,1.667,3,6,TRUE,FALSE,TRUE
"GENE2209","GENE2209_HUMAN","P75319","Protein GENE2209",0.1566,1,0.721212,0,0.1419,2,4,FALSE,FALSE,FALSE
"GENE1064","GENE1064_HUMAN","P08623","Protein GENE1064",-0.0483,1,0.668964,0,0.1746,2,4,FALSE,FALSE,FALSE
"GENE2539","GENE2539_HUMAN","P59559","Protein GENE2539",-0.4707,1,0.67337,0,0.1717,4,5,FALSE,FALSE,FALSE
"GENE2457","GENE2457_HUMAN","P39685","Protein GENE2457",-0.6939,1,0.839529,0,0.076,6,6,FALSE,FALSE,FALSE
"GENE1195","GENE1195_HUMAN","P25859","Protein GENE1195",0.7234,1,0.885525,0,0.0528,5,6,FALSE,FALSE,FALSE
"GENE2691","GENE2691_HUMAN","P61405","Protein GENE2691",0.4845,1,0.557803,0,0.2535,4,2,FALSE,FALSE,FALSE
"GENE2346","GENE2346_HUMAN","P89701","Protein GENE2346",0.6939,0.458157,0.126655,0.5977,0.8974,5,3,TRUE,FALSE,FALSE
"GENE1720","GENE1720_HUMAN","P28070","Protein GENE1720",0.0969,0.421908,0.113303,0.7106,0.9458,3,6,FALSE,FALSE,FALSE
"GENE1426","GENE1426_HUMAN","P99418","Protein GENE1426",0.2011,1,0.713832,0,0.1464,3,6,FALSE,FALSE,FALSE
"GENE2687","GENE2687_HUMAN","P29797","Protein GENE2687",0.5513,1,0.960553,0,0.0175,3,5,FALSE,FALSE,FALSE
"GENE1281","GENE1281_HUMAN","P45854","Protein GENE1281",-0.1123,0.922847,0.673997,0,0.1713,6,4,FALSE,FALSE,FALSE
"GENE2391","GENE2391_HUMAN","P52623","Protein GENE2391",0.39,0.573602,0.438482,0,0.358,6,2,FALSE,FALSE,FALSE
"GENE0772","GENE0772_HUMAN","P12350","Protein GENE0772",-0.1952,1,0.748007,0,0.1261,6,3,FALSE,FALSE,FALSE
"GENE2008","GENE2008_HUMAN","P08394","Protein GENE2008",0.6302,1,0.899252,0,0.0461,2,3,FALSE,FALSE,FALSE
"GENE0046","GENE0046_HUMAN","P13236","Protein GENE0046",-0.1581,1,0.498246,0,0.3026,2,5,FALSE,FALSE,FALSE
"GENE0897","GENE0897_HUMAN","P17491","Protein GENE0897",0.115,0.963133,0.260175,0,0.5847,6,3,FALSE,FALSE,FALSE
"GENE2866","GENE2866_HUMAN","P87343","Protein GENE2866",-0.0711,1,0.748646,0,0.1257,6,3,FALSE,FALSE,FALSE
"GENE0093","GENE0093_HUMAN","P32930","Protein GENE0093",-0.5953,1,0.936651,0,0.0284,3,5,FALSE,FALSE,FALSE
"GENE1922","GENE1922_HUMAN","P26804","Protein GENE1922",-0.0182,1,0.765046,0,0.1163,2,5,FALSE,FALSE,FALSE
"GENE1378","GENE1378_HUMAN","P25394","Protein GENE1378",-3.3842,0.092161,0.018512,1.1492,1.7326,3,2,TRUE,FALSE,TRUE
"GENE1525","GENE1525_HUMAN","P37279","Protein GENE1525",0.4211,0.636115,0.170527,0.3237,0.7682,6,5,FALSE,FALSE,FALSE
"GENE1104","GENE1104_HUMAN","P07826","Protein GENE1104",-0.0354,1,0.883555,0,0.0538,2,6,FALSE,FALSE,FALSE
"GENE1211","GENE1211_HUMAN","P41838","Protein GENE1211",0.1674,1,0.598251,0,0.2231,4,3,FALSE,TRUE,FALSE
"GENE1011","GENE1011_HUMAN","P19554","Protein GENE1011",-0.1211,0.743157,0.246009,0.3054,0.609,6,6,FALSE,FALSE,FALSE
"GENE0773","GENE0773_HUMAN","P89020","Protein GENE0773",-0.0549,1,0.557517,0,0.2537,5,3,FALSE,TRUE,FALSE
"GENE0869","GENE0869_HUMAN","P07033","Protein GENE0869",0.4928,0.471074,0.305096,0,0.5156,4,4,FALSE,FALSE,FALSE
"GENE2027","GENE2027_HUMAN","P06242","Protein GENE2027",-0.2504,1,0.69413,0,0.1586,5,6,FALSE,FALSE,FALSE
"GENE0311","GENE0311_HUMAN","P64325","Protein GENE0311",0.2444,0.276336,0.076881,0.9633,1.1142,2,6,FALSE,FALSE,FALSE
"GENE1207","GENE1207_HUMAN","P42861","Protein GENE1207",0.3184,1,0.627883,0,0.2021,5,4,FALSE,FALSE,FALSE
"GENE2193","GENE2193_HUMAN","P52717","Protein GENE2193",-2.5707,0.184482,0.047717,0.9596,1.3213,5,4,FALSE,TRUE,TRUE
"GENE0008","GENE0008_HUMAN","P06309","Protein GENE0008",-0.3828,0.948,0.816792,0,0.0879,3,4,FALSE,FALSE,FALSE
"GENE2424","GENE2424_HUMAN","P77641","Protein GENE2424",-1.0476,1,0.485716,0,0.3136,4,6,FALSE,FALSE,FALSE
"GENE2217","GENE2217_HUMAN","P29612","Protein GENE2217",-0.0298,1,0.621357,0,0.2067,2,2,TRUE,TRUE,FALSE
"GENE1748","GENE1748_HUMAN","P11836","Protein GENE1748",1.5186,0.067813,0.019649,1.0092,1.7067,2,5,FALSE,FALSE,TRUE
"GENE0077","GENE0077_HUMAN","P94049","Protein GENE0077",-0.0742,1,0.44449,0,0.3521,6,3,FALSE,FALSE,FALSE
"GENE1117","GENE1117_HUMAN","P47062","Protein GENE1117",0.3683,1,0.794577,0,0.0999,6,5,FALSE,FALSE,FALSE
"GENE2841","GENE2841_HUMAN","P66812","Protein GENE2841",0.5294,1,0.373513,0.1581,0.4277,4,6,FALSE,FALSE,FALSE
"GENE1349","GENE1349_HUMAN","P12715","Protein GENE1349",-0.4337,0.600074,0.16821,0.173,0.7741,6,4,FALSE,TRUE,FALSE
"GENE2388","GENE2388_HUMAN","P85613","Protein GENE2388",-0.516,1,0.439942,0.2237,0.3566,2,5,FALSE,FALSE,FALSE
"GENE2000","GENE2000_HUMAN","P02844","Protein GENE2000",0.2049,0.92492,0.498888,0,0.302,6,4,FALSE,FALSE,FALSE
"GENE1652","GENE1652_HUMAN","P51284","Protein GENE1652",0.2601,1,0.54223,0.2459,0.2658,3,6,FALSE,FALSE,FALSE
"GENE2896","GENE2896_HUMAN","P00922","Protein GENE2896",-0.324,1,0.45069,0.341,0.3461,3,5,FALSE,FALSE,FALSE
"GENE0867","GENE0867_HUMAN","P34964","Protein GENE0867",-0.5718,0.486425,0.411638,0.2755,0.3855,2,6,TRUE,FALSE,FALSE
"GENE1393","GENE1393_HUMAN","P47070","Protein GENE1393",0.1158,0.441828,0.35418,0,0.4508,4,6,FALSE,FALSE,FALSE
"GENE0042","GENE0042_HUMAN","P05923","Protein GENE0042",0.1214,0.114508,0.084206,0.5763,1.0747,3,5,FALSE,FALSE,FALSE
"GENE1853","GENE1853_HUMAN","P17307","Protein GENE1853",0.1716,1,0.338431,0,0.4705,3,5,TRUE,FALSE,FALSE
"GENE1277","GENE1277_HUMAN","P09260","Protein GENE1277",-2.7429,0.04712,0.013319,1.4754,1.8755,5,3,FALSE,FALSE,TRUE
"GENE2438","GENE2438_HUMAN","P72262","Protein GENE2438",-0.2799,1,0.822254,0,0.085,4,4,FALSE,FALSE,FALSE
"GENE0578","GENE0578_HUMAN","P10125","Protein GENE0578",-0.0459,0.239332,0.104734,0.7857,0.9799,4,6,FALSE,FALSE,FALSE
"GENE0982","GENE0982_HUMAN","P67635","Protein GENE0982",-0.0475,1,0.626856,0.1917,0.2028,2,2,FALSE,FALSE,FALSE
"GENE0192","GENE0192_HUMAN","P65746","Protein GENE0192",0.154,1,0.270345,0.455,0.5681,5,6,FALSE,FALSE,FALSE
"GENE0784","GENE0784_HUMAN","P57354","Protein GENE0784",-0.0928,1,0.663654,0,0.1781,4,3,FALSE,FALSE,FALSE
"GENE1247","GENE1247_HUMAN","P29754","Protein GENE1247",-0.0337,1,0.232329,0,0.6339,3,2,FALSE,FALSE,FALSE
"GENE2682","GENE2682_HUMAN","P80220","Protein GENE2682",0.4704,1,0.684939,0,0.1643,3,2,FALSE,FALSE,FALSE
"GENE0350","GENE0350_HUMAN","P72201","Protein GENE0350",0.5028,0.661181,0.229029,0.2331,0.6401,5,5,FALSE,FALSE,FALSE
"GENE1871","GENE1871_HUMAN","P76964","Protein GENE1871",0.1,1,0.445611,0.0348,0.351,6,2,FALSE,FALSE,FALSE
"GENE1656","GENE1656_HUMAN","P15382","Protein GENE1656",3.1392,0.008568,0.007977,1.7029,2.0981,3,5,FALSE,FALSE,TRUE
"GENE1421","GENE1421_HUMAN","P58637","Protein GENE1421",0.2567,0.930799,0.437906,0,0.3586,4,3,FALSE,FALSE,FALSE
"GENE0517","GENE0517_HUMAN","P11968","Protein GENE0517",0.4704,1,0.793434,0,0.1005,4,4,FALSE,FALSE,FALSE
"GENE2230","GENE2230_HUMAN","P17225","Protein GENE2230",-0.236,1,0.370379,0,0.4314,6,2,FALSE,FALSE,FALSE
"GENE1436","GENE1436_HUMAN","P41845","Protein GENE1436",-0.2883,1,0.993377,0,0.0029,4,3,FALSE,FALSE,FALSE
"GENE1781","GENE1781_HUMAN","P62376","Protein GENE1781",0.8849,0.031735,0.011456,1.5585,1.941,6,4,FALSE,FALSE,TRUE
"GENE1041","GENE1041_HUMAN","P30280","Protein GENE1041",-0.0362,1,0.933251,0,0.03,4,4,FALSE,FALSE,FALSE
"GENE2356","GENE2356_HUMAN","P32466","Protein GENE2356",0.7587,0.355573,0.116057,0.4955,0.9353,3,6,FALSE,FALSE,FALSE
"GENE1049","GENE1049_HUMAN","P77135","Protein GENE1049",-0.3643,1,0.822422,0,0.0849,3,6,FALSE,FALSE,FALSE
"GENE0453","GENE0453_HUMAN","P83123","Protein GENE0453",-0.6638,1,0.449045,0.344,0.3477,5,6,FALSE,FALSE,FALSE
"GENE1093","GENE1093_HUMAN","P35434","Protein GENE1093",3.4646,0.046268,0.016955,1.2426,1.7707,2,4,TRUE,FALSE,TRUE
"GENE2500","GENE2500_HUMAN","P16041","Protein GENE2500",-0.1459,1,0.869064,0,0.0609,3,2,FALSE,FALSE,FALSE
"GENE2794","GENE2794_HUMAN","P13172","Protein GENE2794",0.3742,1,0.669872,0,0.174,6,5,FALSE,TRUE,FALSE
"GENE1478","GENE1478_HUMAN","P99907","Protein GENE1478",0.1294,0.813477,0.737462,0,0.1323,6,3,TRUE,FALSE,FALSE
"GENE1524","GENE1524_HUMAN","P74428","Protein GENE1524",-0.0065,1,0.981234,0,0.0082,5,4,FALSE,FALSE,FALSE
"GENE0396","GENE0396_HUMAN","P67047","Protein GENE0396",-0.7459,1,0.86253,0,0.0642,2,2,FALSE,FALSE,FALSE
"GENE1745","GENE1745_HUMAN","P85176","Protein GENE1745",0.1167,1,0.685433,0.0182,0.164,4,2,TRUE,FALSE,FALSE
"GENE1753","GENE1753_HUMAN","P11975","Protein GENE1753",0.4904,1,0.499852,0,0.3012,4,4,FALSE,FALSE,FALSE
"PPP6R1","PPP6R1_HUMAN","P40167","Protein PPP6R1",3.4401,0.090288,0.029367,1.0153,1.5321,5,2,FALSE,FALSE,TRUE
"GENE2455","GENE2455_HUMAN","P38573","Protein GENE2455",0.0208,0.627074,0.566196,0.0408,0.247,5,3,FALSE,TRUE,FALSE
"GENE1047","GENE1047_HUMAN","P92952","Protein GENE1047",0.4185,1,0.648437,0,0.1881,4,5,FALSE,FALSE,FALSE
"GENE1419","GENE1419_HUMAN","P38850","Protein GENE1419",0.1168,1,0.90656,0,0.0426,4,2,FALSE,FALSE,FALSE
"GENE1502","GENE1502_HUMAN","P51434","Protein GENE1502",-0.5582,1,0.763523,0,0.1172,3,3,FALSE,FALSE,FALSE
"GENE2044","GENE2044_HUMAN","P18217","Protein GENE2044",-0.1713,1,0.745029,0,0.1278,5,5,FALSE,FALSE,FALSE
"GENE2521","GENE2521_HUMAN","P22398","Protein GENE2521",-0.2315,1,0.341361,0.0155,0.4668,6,3,FALSE,FALSE,FALSE
"GENE1726","GENE1726_HUMAN","P69074","Protein GENE1726",0.5164,0.171585,0.144521,0.75,0.8401,5,2,FALSE,FALSE,FALSE
"GENE1096","GENE1096_HUMAN","P42900","Protein GENE1096",-0.2642,0.170145,0.113768,0.6072,0.944,4,5,FALSE,FALSE,FALSE
"GENE1938","GENE1938_HUMAN","P88135","Protein GENE1938",0.1248,1,0.819462,0,0.0865,3,3,FALSE,FALSE,FALSE
"GENE0767","GENE0767_HUMAN","P25688","Protein GENE0767",0.5696,1,0.986683,0,0.0058,3,2,FALSE,FALSE,FALSE
"GENE0363","GENE0363_HUMAN","P85311","Protein GENE0363",0.1195,1,0.715754,0,0.1452,4,4,FALSE,FALSE,FALSE
"GENE1674","GENE1674_HUMAN","P13139","Protein GENE1674",-0.052,0.978759,0.274438,0.0628,0.5616,5,2,FALSE,FALSE,FALSE
"GENE2738","GENE2738_HUMAN","P24865","Protein GENE2738",-0.1303,0.19025,0.18558,0.6973,0.7315,2,5,FALSE,FALSE,FALSE
"GENE1447","GENE1447_HUMAN","P55633","Protein GENE1447",-0.1054,0.971811,0.905944,0,0.0429,6,2,FALSE,FALSE,FALSE
"GENE1725","GENE1725_HUMAN","P72501","Protein GENE1725",-0.4634,1,0.613345,0.064,0.2123,5,5,FALSE,FALSE,FALSE
"GENE0346","GENE0346_HUMAN","P47222","Protein GENE0346",0.1579,0.487483,0.136916,0.8168,0.8635,6,4,FALSE,FALSE,FALSE
"GENE0003","GENE0003_HUMAN","P91485","Protein GENE0003",-0.5147,0.848622,0.485626,0.0248,0.3137,2,5,FALSE,FALSE,FALSE
"GENE0146","GENE0146_HUMAN","P39526","Protein GENE0146",-1.5399,0.060554,0.025834,0.9011,1.5878,4,2,FALSE,FALSE,TRUE
"GENE0677","GENE0677_HUMAN","P18025","Protein GENE0677",0.0279,0.466668,0.120413,0.6773,0.9193,2,4,FALSE,FALSE,FALSE
"GENE2734","GENE2734_HUMAN","P55353","Protein GENE2734",-0.5765,0.462949,0.232243,0.1652,0.6341,3,3,FALSE,FALSE,FALSE
"GENE1957","GENE1957_HUMAN","P98928","Protein GENE1957",0.4019,0.970551,0.29042,0.4045,0.537,3,6,FALSE,FALSE,FALSE
"GENE2897","GENE2897_HUMAN","P39621","Protein GENE2897",-1.8271,0.071639,0.026819,0.999,1.5716,3,6,FALSE,FALSE,TRUE
"GENE2726","GENE2726_HUMAN","P84705","Protein GENE2726",4.41,0.175895,0.036297,0.8742,1.4401,5,3,TRUE,FALSE,TRUE
"GENE1905","GENE1905_HUMAN","P13062","Protein GENE1905",0.7607,1,0.957386,0,0.0189,5,2,FALSE,FALSE,FALSE
"GENE1613","GENE1613_HUMAN","P87979","Protein GENE1613",0.386,1,0.297355,0.3479,0.5267,5,2,FALSE,FALSE,FALSE
"GENE1065","GENE1065_HUMAN","P74350","Protein GENE1065",1.5909,0.076435,0.031156,0.9386,1.5065,5,6,FALSE,FALSE,TRUE
"GENE2419","GENE2419_HUMAN","P03780","Protein GENE2419",-0.0578,1,0.620113,0.0941,0.2075,4,6,FALSE,FALSE,FALSE
"GENE1618","GENE1618_HUMAN","P75599","Protein GENE1618",-0.1492,0.767318,0.179725,0.5161,0.7454,3,5,FALSE,FALSE,FALSE
"GENE2558","GENE2558_HUMAN","P94957","Protein GENE2558",0.1181,1,0.620667,0,0.2071,6,3,FALSE,TRUE,FALSE
"GENE2101","GENE2101_HUMAN","P24335","Protein GENE2101",0.2719,1,0.898918,0,0.0463,6,5,FALSE,FALSE,FALSE
"GENE2672","GENE2672_HUMAN","P21972","Protein GENE2672",-0.1552,0.965032,0.592168,0,0.2276,4,2,FALSE,FALSE,FALSE
"GENE1604","GENE1604_HUMAN","P88647","Protein GENE1604",0.6918,1,0.405658,0.248,0.3918,4,5,FALSE,TRUE,FALSE
"GENE2751","GENE2751_HUMAN","P36764","Protein GENE2751",0.036,1,0.285079,0,0.545,5,2,FALSE,FALSE,FALSE
"GENE2272","GENE2272_HUMAN","P23816","Protein GENE2272",0.5697,1,0.848756,0,0.0712,4,2,FALSE,FALSE,FALSE
"GENE0305","GENE0305_HUMAN","P97119","Protein GENE0305",-0.2628,1,0.888145,0.0235,0.0515,2,3,FALSE,FALSE,FALSE
"GENE2470","GENE2470_HUMAN","P21655","Protein GENE2470",0.0104,1,0.339643,0,0.469,5,2,FALSE,FALSE,FALSE
"GENE0373","GENE0373_HUMAN","P96394","Protein GENE0373",-0.0514,0.887977,0.710146,0.0763,0.1487,2,3,FALSE,FALSE,FALSE
"DHX36","DHX36_HUMAN","P35614","Protein DHX36",0.2753,1,0.964884,0,0.0155,6,3,FALSE,FALSE,FALSE
"GENE0464","GENE0464_HUMAN","P61172","Protein GENE0464",0.6667,1,0.398808,0,0.3992,2,4,FALSE,FALSE,FALSE
"GENE2732","GENE2732_HUMAN","P28417","Protein GENE2732",0.6798,0.721676,0.177462,0.3218,0.7509,6,2,FALSE,FALSE,FALSE
"GENE0021","GENE0021_HUMAN","P65734","Protein GENE0021",-0.3035,1,0.822358,0,0.0849,6,5,FALSE,FALSE,FALSE
"GENE1841","GENE1841_HUMAN","P20349","Protein GENE1841",-0.662,1,0.691303,0,0.1603,3,2,FALSE,FALSE,FALSE
"GENE2657","GENE2657_HUMAN","P24974","Protein GENE2657",0.6592,1,0.881256,0,0.0549,5,5,FALSE,FALSE,FALSE
"GENE2369","GENE2369_HUMAN","P59924","Protein GENE2369",0.302,1,0.419708,0,0.3771,3,5,FALSE,FALSE,FALSE
"GENE1942","GENE1942_HUMAN","P62463","Protein GENE1942",-0.0719,0.203828,0.136437,0.4196,0.8651,6,5,FALSE,FALSE,FALSE
"GENE1413","GENE1413_HUMAN","P21074","Protein GENE1413",-0.2063,0.808364,0.676166,0,0.1699,6,5,FALSE,FALSE,FALSE
"GENE0282","GENE0282_HUMAN","P89543","Protein GENE0282",-0.1381,1,0.48413,0,0.315,3,4,FALSE,FALSE,FALSE
"GENE2026","GENE2026_HUMAN","P82537","Protein GENE2026",-0.689,1,0.796991,0,0.0985,3,3,FALSE,FALSE,FALSE
"GENE2323","GENE2323_HUMAN","P25935","Protein GENE2323",-0.1534,1,0.728857,0.1112,0.1374,2,5,FALSE,FALSE,FALSE
"GENE1271","GENE1271_HUMAN","P44591","Protein GENE1271",0.1558,1,0.438961,0.0917,0.3576,4,6,FALSE,FALSE,FALSE
"GENE2575","GENE2575_HUMAN","P16887","Protein GENE2575",0.0883,1,0.574709,0.1409,0.2406,5,5,TRUE,FALSE,FALSE
"GENE2364","GENE2364_HUMAN","P77510","Protein GENE2364",0.5772,1,0.845211,0,0.073,3,3,FALSE,FALSE,FALSE
"GENE1205","GENE1205_HUMAN","P56221","Protein GENE1205",0.9082,1,0.477219,0,0.3213,5,4,FALSE,FALSE,FALSE
"GENE1185","GENE1185_HUMAN","P99147","Protein GENE1185",-0.3057,0.186721,0.115425,0.6086,0.9377,3,3,FALSE,FALSE,FALSE
"GENE1026","GENE1026_HUMAN","P50474","Protein GENE1026",-0.3636,1,0.626399,0,0.2031,5,6,TRUE,FALSE,FALSE
"GENE2661","GENE2661_HUMAN","P40923","Protein GENE2661",0.7123,0.250165,0.176753,0.419,0.7526,2,2,FALSE,FALSE,FALSE
"GENE0127","GENE0127_HUMAN","P01946","Protein GENE0127",0.7953,1,0.966578,0,0.0148,2,5,FALSE,FALSE,FALSE
"GENE2073","GENE2073_HUMAN","P11079","Protein GENE2073",0.2693,0.214691,0.114252,0.33,0.9421,3,3,FALSE,TRUE,FALSE
"GENE1347","GENE1347_HUMAN","P42410","Protein GENE1347",2.975,0.137959,0.036808,0.8316,1.4341,4,5,FALSE,FALSE,TRUE
"GENE2219","GENE2219_HUMAN","P63351","Protein GENE2219",0.3753,1,0.450637,0,0.3462,3,3,FALSE,FALSE,FALSE
"GENE0359","GENE0359_HUMAN","P52895","Protein GENE0359",0.3339,0.649337,0.462285,0,0.3351,6,4,FALSE,FALSE,FALSE
"GENE0226","GENE0226_HUMAN","P57780","Protein GENE0226",-0.0976,0.285959,0.094999,0.494,1.0223,6,6,FALSE,FALSE,FALSE
"GENE2237","GENE2237_HUMAN","P67433","Protein GENE2237",0.8339,0.466337,0.400784,0.18,0.3971,5,5,FALSE,FALSE,FALSE
"GENE2002","GENE2002_HUMAN","P82555","Protein GENE2002",-3.0658,0.127601,0.040786,0.8601,1.3895,2,3,FALSE,FALSE,TRUE
"GENE1178","GENE1178_HUMAN","P26803","Protein GENE1178",0.1643,0.847822,0.314664,0,0.5022,2,2,FALSE,FALSE,FALSE
"GENE2336","GENE2336_HUMAN","P43400","Protein GENE2336",-0.03,0.783771,0.216109,0.5963,0.6653,5,5,TRUE,FALSE,FALSE
"GENE2714","GENE2714_HUMAN","P61117","Protein GENE2714",-0.2165,0.729591,0.305323,0.1254,0.5152,6,2,FALSE,FALSE,FALSE
"GENE0990","GENE0990_HUMAN","P90943","Protein GENE0990",0.0116,0.463136,0.215543,0.1467,0.6665,5,3,FALSE,FALSE,FALSE
"GENE2564","GENE2564_HUMAN","P63245","Protein GENE2564",-0.0473,1,0.768588,0,0.1143,2,4,TRUE,FALSE,FALSE
"GENE1095","GENE1095_HUMAN","P33829","Protein GENE1095",-0.7048,0.795483,0.522211,0.0557,0.2822,3,3,FALSE,FALSE,FALSE
"GENE0052","GENE0052_HUMAN","P09415","Protein GENE0052",-1.0592,1,0.395804,0,0.4025,6,4,FALSE,TRUE,FALSE
"GENE2151","GENE2151_HUMAN","P98863","Protein GENE2151",-0.5802,1,0.453023,0.0533,0.3439,2,3,FALSE,FALSE,FALSE
"GENE2402","GENE2402_HUMAN","P83974","Protein GENE2402",-0.2968,1,0.648871,0,0.1878,5,6,FALSE,TRUE,FALSE
"GENE2232","GENE2232_HUMAN","P63665","Protein GENE2232",0.4771,1,0.537526,0,0.2696,3,2,TRUE,FALSE,FALSE
"GENE1742","GENE1742_HUMAN","P74582","Protein GENE1742",-0.0394,1,0.574252,0.1326,0.2409,4,5,FALSE,FALSE,FALSE
"GENE1057","GENE1057_HUMAN","P39623","Protein GENE1057",-0.1454,1,0.405179,0.0833,0.3924,5,4,FALSE,TRUE,FALSE
"GENE2656","GENE2656_HUMAN","P42921","Protein GENE2656",0.1196,1,0.867167,0,0.0619,3,6,FALSE,FALSE,FALSE
"GENE2554","GENE2554_HUMAN","P87500","Protein GENE2554",-0.3587,1,0.61028,0,0.2145,5,6,FALSE,FALSE,FALSE
"GENE1054","GENE1054_HUMAN","P17881","Protein GENE1054",0.5962,0.578385,0.527933,0,0.2774,6,2,FALSE,FALSE,FALSE
"GENE1737","GENE1737_HUMAN","P59937","Protein GENE1737",-0.2739,0.938721,0.393118,0,0.4055,3,6,FALSE,FALSE,FALSE
"GENE0301","GENE0301_HUMAN","P28814","Protein GENE0301",-0.2907,0.749363,0.648746,0,0.1879,5,2,FALSE,FALSE,FALSE
"GENE2137","GENE2137_HUMAN","P31545","Protein GENE2137",0.0298,0.104117,0.088443,0.5982,1.0533,4,5,TRUE,FALSE,FALSE
"GENE2762","GENE2762_HUMAN","P33289","Protein GENE2762",0.5583,0.42171,0.107338,0.3752,0.9692,6,5,FALSE,FALSE,FALSE
"GENE2574","GENE2574_HUMAN","P74003","Protein GENE2574",-0.5476,1,0.376431,0.0682,0.4243,3,6,FALSE,FALSE,FALSE
"GENE0375","GENE0375_HUMAN","P90652","Protein GENE0375",0,1,0.316468,0.145,0.4997,2,5,TRUE,FALSE,FALSE
"GENE0605","GENE0605_HUMAN","P17232","Protein GENE0605",-0.971,0.074558,0.020991,1.0575,1.678,6,2,FALSE,FALSE,TRUE
"GENE1307","GENE1307_HUMAN","P00341","Protein GENE1307",0.5659,0.526119,0.426938,0,0.3696,4,6,FALSE,FALSE,FALSE
"GENE1166","GENE1166_HUMAN","P83365","Protein GENE1166",-0.0223,1,0.267634,0.5089,0.5725,2,6,FALSE,FALSE,FALSE
"GENE0319","GENE0319_HUMAN","P35581","Protein GENE0319",0.1954,1,0.378203,0.3781,0.4223,3,4,TRUE,FALSE,FALSE
"GENE2873","GENE2873_HUMAN","P61570","Protein GENE2873",0.5649,1,0.566203,0,0.247,5,4,FALSE,FALSE,FALSE
"GENE2131","GENE2131_HUMAN","P46162","Protein GENE2131",-0.4496,1,0.588396,0,0.2303,4,4,FALSE,FALSE,FALSE
"GENE1671","GENE1671_HUMAN","P56344","Protein GENE1671",0.2496,1,0.704181,0,0.1523,4,2,FALSE,FALSE,FALSE
"GENE2081","GENE2081_HUMAN","P87367","Protein GENE2081",0.1894,1,0.83212,0,0.0798,6,4,FALSE,FALSE,FALSE
"GENE1626","GENE1626_HUMAN","P63855","Protein GENE1626",-0.6564,1,0.688498,0,0.1621,3,6,FALSE,FALSE,FALSE
"GENE1464","GENE1464_HUMAN","P15411","Protein GENE1464",0.8453,1,0.364072,0.0621,0.4388,3,5,FALSE,FALSE,FALSE
"GENE2279","GENE2279_HUMAN","P23709","Protein GENE2279",-0.4302,0.991557,0.436099,0.2854,0.3604,5,5,FALSE,FALSE,FALSE
"GENE0391","GENE0391_HUMAN","P39635","Protein GENE0391",0.3265,1,0.721721,0,0.1416,5,6,FALSE,TRUE,FALSE
"GENE2489","GENE2489_HUMAN","P95356","Protein GENE2489",-0.5343,1,0.707775,0,0.1501,4,6,FALSE,FALSE,FALSE
"GENE1455","GENE1455_HUMAN","P14018","Protein GENE1455",-0.468,1,0.844088,0,0.0736,3,2,FALSE,FALSE,FALSE
"GENE0239","GENE0239_HUMAN","P87455","Protein GENE0239",0.002,1,0.809132,0,0.092,6,5,FALSE,TRUE,FALSE
"GENE0835","GENE0835_HUMAN","P04436","Protein GENE0835",-0.3535,1,0.748056,0,0.1261,6,3,TRUE,FALSE,FALSE
"GENE1457","GENE1457_HUMAN","P05301","Protein GENE1457",-0.0745,0.556937,0.279362,0.1571,0.5538,3,3,FALSE,FALSE,FALSE
"GENE0424","GENE0424_HUMAN","P93219","Protein GENE0424",0.3403,1,0.628275,0,0.2019,5,3,FALSE,FALSE,FALSE
"GENE2763","GENE2763_HUMAN","P79740","Protein GENE2763",-0.8991,1,0.38292,0,0.4169,3,6,FALSE,FALSE,FALSE
"GENE0136","GENE0136_HUMAN","P80941","Protein GENE0136",-0.594,0.333329,0.302939,0,0.5186,4,5,FALSE,FALSE,FALSE
"GENE2803","GENE2803_HUMAN","P93090","Protein GENE2803",-0.0666,1,0.795536,0,0.0993,3,6,FALSE,FALSE,FALSE
"GENE1172","GENE1172_HUMAN","P72567","Protein GENE1172",-0.1971,0.180788,0.067688,1.1187,1.1695,4,2,FALSE,FALSE,FALSE
"GENE2412","GENE2412_HUMAN","P64668","Protein GENE2412",0.5781,1,0.895158,0,0.0481,3,5,FALSE,FALSE,FALSE
"GENE2421","GENE2421_HUMAN","P81584","Protein GENE2421",0.0212,1,0.453293,0,0.3436,6,6,FALSE,FALSE,FALSE
"GENE1100","GENE1100_HUMAN","P07968","Protein GENE1100",0.1612,1,0.988656,0,0.005,4,3,FALSE,FALSE,FALSE
"GENE2347","GENE2347_HUMAN","P84669","Protein GENE2347",0.011,1,0.826795,0,0.0826,3,3,FALSE,FALSE,FALSE
"GENE0265","GENE0265_HUMAN","P27945","Protein GENE0265",-0.428,0.121809,0.069674,0.5805,1.1569,6,3,FALSE,FALSE,FALSE
"GENE0940","GENE0940_HUMAN","P35804","Protein GENE0940",0.2178,1,0.340452,0.0352,0.4679,6,6,FALSE,FALSE,FALSE
"GENE1615","GENE1615_HUMAN","P92162","Protein GENE1615",-0.0156,0.525797,0.317488,0.3105,0.4983,4,2,TRUE,FALSE,FALSE
"GENE2743","GENE2743_HUMAN","P72116","Protein GENE2743",0.208,0.390767,0.134278,0.2457,0.872,6,3,FALSE,FALSE,FALSE
"GENE2626","GENE2626_HUMAN","P90474","Protein GENE2626",0.1358,1,0.445914,0.0883,0.3507,6,4,FALSE,TRUE,FALSE
"GENE2692","GENE2692_HUMAN","P55570","Protein GENE2692",-0.4783,1,0.884907,0,0.0531,5,4,FALSE,TRUE,FALSE
"GENE1506","GENE1506_HUMAN","P19745","Protein GENE1506",-0.2469,0.839799,0.403449,0,0.3942,4,3,FALSE,FALSE,FALSE
"GENE1412","GENE1412_HUMAN","P61763","Protein GENE1412",0.3953,1,0.664,0,0.1778,4,3,FALSE,FALSE,FALSE
"GENE0395","GENE0395_HUMAN","P71501","Protein GENE0395",-0.4822,0.469119,0.339612,0.3054,0.469,5,6,FALSE,FALSE,FALSE
"GENE1139","GENE1139_HUMAN","P94560","Protein GENE1139",0.5352,1,0.693411,0,0.159,6,5,FALSE,FALSE,FALSE
"GENE2667","GENE2667_HUMAN","P22898","Protein GENE2667",0.4425,1,0.812142,0,0.0904,5,6,FALSE,FALSE,FALSE
"GENE2040","GENE2040_HUMAN","P14706","Protein GENE2040",3.6486,0.019551,0.010142,1.8621,1.9939,6,2,FALSE,TRUE,TRUE
"GENE0801","GENE0801_HUMAN","P25328","Protein GENE0801",-0.0359,0.874421,0.354517,0,0.4504,2,3,FALSE,FALSE,FALSE
"GENE1876","GENE1876_HUMAN","P58029","Protein GENE1876",0.3975,1,0.547487,0,0.2616,5,3,FALSE,FALSE,FALSE
"GENE1558","GENE1558_HUMAN","P81430","Protein GENE1558",-0.1466,1,0.937115,0,0.0282,6,6,FALSE,FALSE,FALSE
"GENE2082","GENE2082_HUMAN","P64777","Protein GENE2082",-0.1856,1,0.639844,0,0.1939,4,2,FALSE,FALSE,FALSE
"GENE2385","GENE2385_HUMAN","P57561","Protein GENE2385",0.2214,1,0.710963,0,0.1482,4,2,FALSE,FALSE,FALSE
"GENE2045","GENE2045_HUMAN","P69295","Protein GENE2045",-0.3412,1,0.522511,0.1049,0.2819,3,5,FALSE,FALSE,FALSE
"GENE0294","GENE0294_HUMAN","P85086","Protein GENE0294",0.6014,1,0.712501,0,0.1472,5,5,FALSE,TRUE,FALSE
"GENE0430","GENE0430_HUMAN","P63777","Protein GENE0430",0.4787,0.64713,0.228191,0.1654,0.6417,6,4,FALSE,FALSE,FALSE
"GENE1761","GENE1761_HUMAN","P48927","Protein GENE1761",-0.4918,1,0.812096,0,0.0904,2,6,FALSE,TRUE,FALSE
"GENE0852","GENE0852_HUMAN","P59111","Protein GENE0852",-0.4312,1,0.332487,0,0.4782,2,4,FALSE,FALSE,FALSE
"GENE0438","GENE0438_HUMAN","P47395","Protein GENE0438",-0.1772,1,0.872725,0,0.0591,5,5,FALSE,FALSE,FALSE
"GENE2528","GENE2528_HUMAN","P16535","Protein GENE2528",0.084,0.418292,0.170786,0.1834,0.7675,5,4,FALSE,FALSE,FALSE
"GENE2252","GENE2252_HUMAN","P95405","Protein GENE2252",0.0874,1,0.866152,0,0.0624,2,6,FALSE,FALSE,FALSE
"GENE0719","GENE0719_HUMAN","P88065","Protein GENE0719",-0.0838,1,0.790013,0,0.1024,2,5,FALSE,FALSE,FALSE
"GENE0929","GENE0929_HUMAN","P41326","Protein GENE0929",0.1078,1,0.543122,0.0976,0.2651,6,5,TRUE,FALSE,FALSE
"GENE1297","GENE1297_HUMAN","P66541","Protein GENE1297",0.6798,1,0.588365,0,0.2304,4,6,FALSE,FALSE,FALSE
"GENE0787","GENE0787_HUMAN","P04569","Protein GENE0787",0.0744,1,0.674004,0,0.1713,5,4,FALSE,FALSE,FALSE
"GENE1198","GENE1198_HUMAN","P71940","Protein GENE1198",-0.2178,0.952903,0.276783,0.438,0.5579,4,6,FALSE,FALSE,FALSE
"GENE2850","GENE2850_HUMAN","P63766","Protein GENE2850",0.3969,0.977569,0.398641,0,0.3994,5,2,FALSE,FALSE,FALSE
"GENE1354","GENE1354_HUMAN","P58470","Protein GENE1354",-0.0525,1,0.959581,0,0.0179,6,4,FALSE,FALSE,FALSE
"GENE1789","GENE1789_HUMAN","P45803","Protein GENE1789",-0.2258,1,0.587245,0,0.2312,5,3,FALSE,FALSE,FALSE
"GENE0935","GENE0935_HUMAN","P84100","Protein GENE0935",0.3616,0.376035,0.124282,0.2821,0.9056,3,2,TRUE,TRUE,FALSE
"GENE0276","GENE0276_HUMAN","P92881","Protein GENE0276",0.0625,0.281211,0.158278,0.1164,0.8006,4,3,TRUE,FALSE,FALSE
"GENE2513","GENE2513_HUMAN","P94810","Protein GENE2513",0.0573,1,0.579873,0.1752,0.2367,2,5,FALSE,FALSE,FALSE
"GENE0851","GENE0851_HUMAN","P72104","Protein GENE0851",-0.414,1,0.690329,0,0.1609,5,5,FALSE,FALSE,FALSE
"GENE1910","GENE1910_HUMAN","P43471","Protein GENE1910",0.354,1,0.959482,0,0.018,4,2,FALSE,FALSE,FALSE
"GENE0757","GENE0757_HUMAN","P73400","Protein GENE0757",-0.0109,0.313821,0.073604,0.513,1.1331,5,6,FALSE,FALSE,FALSE
"GENE1767","GENE1767_HUMAN","P95368","Protein GENE1767",0.1849,0.812036,0.223796,0.0718,0.6501,5,4,FALSE,FALSE,FALSE
"GENE0518","GENE0518_HUMAN","P64278","Protein GENE0518",0.3558,1,0.579923,0,0.2366,2,3,FALSE,FALSE,FALSE
"GENE2012","GENE2012_HUMAN","P14148","Protein GENE2012",-0.3598,1,0.565032,0,0.2479,5,4,TRUE,FALSE,FALSE
"GENE2735","GENE2735_HUMAN","P38005","Protein GENE2735",-0.1356,1,0.690023,0.0833,0.1611,6,5,FALSE,FALSE,FALSE
"GENE2642","GENE2642_HUMAN","P03414","Protein GENE2642",0.5073,1,0.332777,0.112,0.4778,2,4,FALSE,TRUE,FALSE
"GENE0543","GENE0543_HUMAN","P68530","Protein GENE0543",0.2892,1,0.871237,0,0.0599,3,4,FALSE,FALSE,FALSE
"GENE1431","GENE1431_HUMAN","P79821","Protein GENE1431",1.2226,0.141572,0.02832,0.9369,1.5479,4,2,TRUE,TRUE,TRUE
"GENE1461","GENE1461_HUMAN","P52981","Protein GENE1461",-0.1119,1,0.984865,0,0.0066,4,4,FALSE,FALSE,FALSE
"GENE0214","GENE0214_HUMAN","P30260","Protein GENE0214",-0.1841,1,0.237325,0.2666,0.6247,4,4,TRUE,FALSE,FALSE
"DDRGK1","DDRGK1_HUMAN","P78536","Protein DDRGK1",-0.3453,1,0.556143,0,0.2548,5,4,FALSE,FALSE,FALSE
"GENE2254","GENE2254_HUMAN","P24321","Protein GENE2254",0.7188,1,0.764891,0,0.1164,3,5,FALSE,FALSE,FALSE
"GENE1801","GENE1801_HUMAN","P10775","Protein GENE1801",1.0606,0.536113,0.135638,0.587,0.8676,6,3,FALSE,FALSE,FALSE
"GENE2372","GENE2372_HUMAN","P08313","Protein GENE2372",0.8979,1,0.77493,0,0.1107,6,6,FALSE,FALSE,FALSE
"GENE2179","GENE2179_HUMAN","P81856","Protein GENE2179",-0.365,1,0.804942,0,0.0942,2,6,FALSE,FALSE,FALSE
"GENE0372","GENE0372_HUMAN","P13881","Protein GENE0372",0.4392,1,0.800526,0,0.0966,4,6,FALSE,FALSE,FALSE
"GENE0941","GENE0941_HUMAN","P56475","Protein GENE0941",-0.3546,1,0.88662,0,0.0523,5,2,FALSE,TRUE,FALSE
"GENE2216","GENE2216_HUMAN","P76829","Protein GENE2216",-1.1386,0.101989,0.023992,1.0268,1.6199,4,6,FALSE,FALSE,TRUE
"GENE0633","GENE0633_HUMAN","P07477","Protein GENE0633",-0.1288,0.289712,0.216402,0.5594,0.6647,4,3,FALSE,FALSE,FALSE
"GENE0632","GENE0632_HUMAN","P00106","Protein GENE0632",0.5691,1,0.814357,0,0.0892,2,3,FALSE,FALSE,FALSE
"GENE1637","GENE1637_HUMAN","P44271","Protein GENE1637",0.2564,0.21134,0.135491,0.2401,0.8681,3,6,TRUE,FALSE,FALSE
"GENE1201","GENE1201_HUMAN","P98440","Protein GENE1201",-0.1764,1,0.270096,0.2946,0.5685,2,4,FALSE,FALSE,FALSE
"GENE2502","GENE2502_HUMAN","P49273","Protein GENE2502",0.0539,1,0.270461,0.3083,0.5679,5,6,FALSE,TRUE,FALSE
"GENE2882","GENE2882_HUMAN","P70491","Protein GENE2882",-0.2003,1,0.50405,0.0772,0.2975,3,4,FALSE,FALSE,FALSE
"GENE0561","GENE0561_HUMAN","P36424","Protein GENE0561",0.1007,1,0.410472,0.3667,0.3867,6,4,FALSE,FALSE,FALSE
"GENE1460","GENE1460_HUMAN","P60408","Protein GENE1460",0.4424,0.478759,0.249294,0.0273,0.6033,3,3,FALSE,FALSE,FALSE
"GENE0387","GENE0387_HUMAN","P42302","Protein GENE0387",0.5243,0.956126,0.416649,0.2383,0.3802,2,4,FALSE,FALSE,FALSE
"GENE0812","GENE0812_HUMAN","P35024","Protein GENE0812",0.0763,0.249584,0.184132,0.1507,0.7349,4,2,TRUE,FALSE,FALSE
"GENE0729","GENE0729_HUMAN","P53248","Protein GENE0729",-0.4767,1,0.802342,0,0.0956,6,2,FALSE,FALSE,FALSE
"GENE1138","GENE1138_HUMAN","P42588","Protein GENE1138",-0.2088,0.729608,0.22135,0.0815,0.6549,3,5,FALSE,FALSE,FALSE
"GENE2442","GENE2442_HUMAN","P87593","Protein GENE2442",0.5441,0.328402,0.298593,0.3921,0.5249,3,4,FALSE,FALSE,FALSE
"GENE2078","GENE2078_HUMAN","P36617","Protein GENE2078",0.3236,1,0.763509,0,0.1172,2,3,FALSE,FALSE,FALSE
"GENE0713","GENE0713_HUMAN","P43292","Protein GENE0713",-0.6121,0.819508,0.404979,0,0.3926,5,5,FALSE,FALSE,FALSE
"GENE0184","GENE0184_HUMAN","P53958","Protein GENE0184",0.6055,1,0.847855,0,0.0717,3,3,FALSE,FALSE,FALSE
"GENE2676","GENE2676_HUMAN","P34174","Protein GENE2676",-0.0944,1,0.85015,0,0.0705,3,6,FALSE,FALSE,FALSE
"GENE0308","GENE0308_HUMAN","P23035","Protein GENE0308",-0.0031,1,0.757895,0,0.1204,6,5,FALSE,TRUE,FALSE
"GENE0792","GENE0792_HUMAN","P27296","Protein GENE0792",0.2647,0.934496,0.602747,0,0.2199,2,5,FALSE,FALSE,FALSE
"GENE0859","GENE0859_HUMAN","P18644","Protein GENE0859",0.0778,1,0.472498,0,0.3256,4,6,FALSE,FALSE,FALSE
"GENE2718","GENE2718_HUMAN","P55743","Protein GENE2718",-0.157,1,0.642329,0,0.1922,4,2,FALSE,FALSE,FALSE
"GENE2671","GENE2671_HUMAN","P75528","Protein GENE2671",0.1771,1,0.872733,0,0.0591,3,5,FALSE,FALSE,FALSE
"GENE2375","GENE2375_HUMAN","P72683","Protein GENE2375",-4e-04,1,0.94482,0,0.0247,6,4,FALSE,FALSE,FALSE
"WNK1","WNK1_HUMAN","P65805","Protein WNK1",2.7521,0.092271,0.027886,1.1079,1.5546,2,4,FALSE,FALSE,TRUE
"GENE0591","GENE0591_HUMAN","P99876","Protein GENE0591",0.1238,0.500886,0.287811,0,0.5409,6,3,FALSE,FALSE,FALSE
"GENE0679","GENE0679_HUMAN","P32069","Protein GENE0679",-0.2528,1,0.385767,0,0.4137,2,6,FALSE,FALSE,FALSE
"GENE1069","GENE1069_HUMAN","P66068","Protein GENE1069",2.9734,0.052496,0.03506,0.9716,1.4552,3,5,TRUE,FALSE,TRUE
"GENE1154","GENE1154_HUMAN","P02735","Protein GENE1154",4.0795,0.049073,0.04855,1.0582,1.3138,4,2,FALSE,FALSE,TRUE
"GENE2065","GENE2065_HUMAN","P85872","Protein GENE2065",0.0069,1,0.914918,0,0.0386,2,4,FALSE,FALSE,FALSE
"GENE1238","GENE1238_HUMAN","P72696","Protein GENE1238",-0.1501,1,0.568435,0,0.2453,5,2,FALSE,FALSE,FALSE
"GENE2729","GENE2729_HUMAN","P80841","Protein GENE2729",-0.6059,1,0.9417,0,0.0261,6,5,FALSE,FALSE,FALSE
"GENE0009","GENE0009_HUMAN","P39525","Protein GENE0009",-0.004,1,0.250811,0.2676,0.6007,4,4,FALSE,FALSE,FALSE
"GENE0061","GENE0061_HUMAN","P29871","Protein GENE0061",0.6468,0.244811,0.070798,1.0614,1.15,5,2,TRUE,FALSE,FALSE
"GENE1760","GENE1760_HUMAN","P36554","Protein GENE1760",-0.0987,1,0.894107,0,0.0486,5,6,FALSE,FALSE,FALSE
"GENE1620","GENE1620_HUMAN","P01374","Protein GENE1620",0.416,0.523016,0.108333,0.5293,0.9652,4,6,FALSE,FALSE,FALSE
"GENE2747","GENE2747_HUMAN","P97466","Protein GENE2747",-0.2411,0.41703,0.192007,0.4424,0.7167,2,5,FALSE,FALSE,FALSE
"GENE0884","GENE0884_HUMAN","P37415","Protein GENE0884",-0.8167,1,0.569272,0.0855,0.2447,3,5,FALSE,FALSE,FALSE
"GENE1097","GENE1097_HUMAN","P35773","Protein GENE1097",0.2704,0.831365,0.43936,0,0.3572,3,3,FALSE,FALSE,FALSE
"GENE0567","GENE0567_HUMAN","P37427","Protein GENE0567",-0.5016,1,0.723426,0,0.1406,5,5,FALSE,FALSE,FALSE
"GENE0904","GENE0904_HUMAN","P14282","Protein GENE0904",0.0203,0.865999,0.263266,0,0.5796,6,6,FALSE,FALSE,FALSE
"GENE1516","GENE1516_HUMAN","P05126","Protein GENE1516",0.4031,0.976913,0.255537,0.5737,0.5925,5,2,FALSE,FALSE,FALSE
"GENE2167","GENE2167_HUMAN","P62741","Protein GENE2167",0.0185,0.309975,0.132735,0.2726,0.877,4,3,FALSE,FALSE,FALSE
"GENE2856","GENE2856_HUMAN","P53952","Protein GENE2856",-0.2176,1,0.543717,0,0.2646,5,3,FALSE,FALSE,FALSE
"GENE1296","GENE1296_HUMAN","P74978","Protein GENE1296",0.0047,1,0.840371,0,0.0755,4,5,FALSE,FALSE,FALSE
"GENE1947","GENE1947_HUMAN","P55295","Protein GENE1947",-0.5419,1,0.895876,0,0.0478,4,2,FALSE,FALSE,FALSE
"GENE1688","GENE1688_HUMAN","P11305","Protein GENE1688",0.0636,1,0.516808,0.1899,0.2867,4,6,FALSE,FALSE,FALSE
"GENE2046","GENE2046_HUMAN","P95154","Protein GENE2046",0.4291,0.959068,0.275619,0,0.5597,4,4,FALSE,FALSE,FALSE
"GENE0763","GENE0763_HUMAN","P90247","Protein GENE0763",0.3989,1,0.361266,0,0.4422,3,6,FALSE,FALSE,FALSE
"GENE1997","GENE1997_HUMAN","P39626","Protein GENE1997",-4.2,0.11698,0.040208,0.7667,1.3957,3,5,FALSE,FALSE,TRUE
"GENE0416","GENE0416_HUMAN","P60278","Protein GENE0416",0.2113,1,0.842394,0,0.0745,3,3,FALSE,FALSE,FALSE
"GENE1072","GENE1072_HUMAN","P67382","Protein GENE1072",-0.2219,1,0.538183,0,0.2691,3,4,FALSE,FALSE,FALSE
"GENE1109","GENE1109_HUMAN","P61162","Protein GENE1109",0.6471,0.295814,0.174749,0.6018,0.7576,6,3,TRUE,TRUE,FALSE
"ASCC3","ASCC3_HUMAN","P20678","Protein ASCC3",5.553,0.031093,0.011845,1.3732,1.9265,4,2,FALSE,FALSE,TRUE
"GENE2335","GENE2335_HUMAN","P65939","Protein GENE2335",-0.4084,0.365136,0.158153,0.1659,0.8009,3,6,TRUE,FALSE,FALSE
"GENE0379","GENE0379_HUMAN","P03056","Protein GENE0379",0.8951,0.968527,0.50757,0,0.2945,2,3,FALSE,FALSE,FALSE
"GENE0494","GENE0494_HUMAN","P29973","Protein GENE0494",-0.1639,0.948126,0.27008,0,0.5685,4,4,FALSE,FALSE,FALSE
"GENE1579","GENE1579_HUMAN","P14744","Protein GENE1579",-0.1542,1,0.812041,0,0.0904,2,5,FALSE,FALSE,FALSE
"GENE1060","GENE1060_HUMAN","P56289","Protein GENE1060",0.4275,1,0.494182,0,0.3061,4,5,FALSE,FALSE,FALSE
"GENE0943","GENE0943_HUMAN","P09475","Protein GENE0943",0.003,1,0.995968,0,0.0018,3,2,TRUE,FALSE,FALSE
"GENE1017","GENE1017_HUMAN","P67200","Protein GENE1017",0.4997,1,0.961779,0,0.0169,5,5,FALSE,FALSE,FALSE
"GENE0118","GENE0118_HUMAN","P70322","Protein GENE0118",-0.1593,1,0.490767,0.0553,0.3091,3,4,FALSE,FALSE,FALSE
"GENE2114","GENE2114_HUMAN","P23827","Protein GENE2114",-0.2095,1,0.557543,0,0.2537,5,6,FALSE,FALSE,FALSE
"GENE2161","GENE2161_HUMAN","P75468","Protein GENE2161",0.1826,1,0.641025,0,0.1931,5,6,FALSE,FALSE,FALSE
"GENE0504","GENE0504_HUMAN","P73857","Protein GENE0504",-1.238,1,0.652422,0,0.1855,4,6,TRUE,FALSE,FALSE
"GENE1605","GENE1605_HUMAN","P91112","Protein GENE1605",-0.0855,1,0.311539,0,0.5065,2,5,FALSE,FALSE,FALSE
"GENE0992","GENE0992_HUMAN","P90514","Protein GENE0992",-0.4402,1,0.806116,0,0.0936,2,3,FALSE,TRUE,FALSE
"GENE2293","GENE2293_HUMAN","P05850","Protein GENE2293",-0.211,0.578604,0.533955,0,0.2725,4,6,TRUE,TRUE,FALSE
"GENE1361","GENE1361_HUMAN","P34090","Protein GENE1361",-0.4497,1,0.936421,0,0.0285,3,5,FALSE,FALSE,FALSE
"GENE1055","GENE1055_HUMAN","P41022","Protein GENE1055",-0.3198,1,0.777803,0,0.1091,4,6,FALSE,TRUE,FALSE
"GENE1180","GENE1180_HUMAN","P19512","Protein GENE1180",0.4857,1,0.743828,0,0.1285,5,2,FALSE,FALSE,FALSE
"GENE0455","GENE0455_HUMAN","P08345","Protein GENE0455",-0.1967,1,0.54964,0,0.2599,2,6,FALSE,FALSE,FALSE
"GENE0075","GENE0075_HUMAN","P84353","Protein GENE0075",0.5233,0.31107,0.071793,0.8503,1.1439,4,5,FALSE,TRUE,FALSE
"GENE1522","GENE1522_HUMAN","P72713","Protein GENE1522",-0.0591,1,0.569732,0,0.2443,5,3,FALSE,FALSE,FALSE
"GENE1544","GENE1544_HUMAN","P74359","Protein GENE1544",0.2991,0.504606,0.118375,0.4513,0.9267,2,3,FALSE,FALSE,FALSE
"GENE1984","GENE1984_HUMAN","P06556","Protein GENE1984",1.4461,0.046677,0.038507,0.8875,1.4145,5,6,FALSE,TRUE,TRUE
"MED1","MED1_HUMAN","P32638","Protein MED1",3.7141,0.101588,0.036656,0.8698,1.4359,2,4,FALSE,FALSE,TRUE
"GENE2583","GENE2583_HUMAN","P58937","Protein GENE2583",-0.5308,0.653236,0.20898,0.0282,0.6799,6,4,FALSE,FALSE,FALSE
"GENE0339","GENE0339_HUMAN","P15598","Protein GENE0339",-0.7052,1,0.364029,0,0.4389,5,3,FALSE,FALSE,FALSE
"GENE0826","GENE0826_HUMAN","P26280","Protein GENE0826",0.8496,1,0.692247,0,0.1597,6,4,FALSE,FALSE,FALSE
"GENE0825","GENE0825_HUMAN","P67737","Protein GENE0825",-0.1857,1,0.890167,0,0.0505,2,5,TRUE,FALSE,FALSE
"GENE1702","GENE1702_HUMAN","P42690","Protein GENE1702",0.2102,0.790992,0.314417,0,0.5025,2,3,FALSE,TRUE,FALSE
"GENE0860","GENE0860_HUMAN","P25473","Protein GENE0860",-0.1592,0.475307,0.416793,0,0.3801,6,2,FALSE,FALSE,FALSE
"GENE0687","GENE0687_HUMAN","P90056","Protein GENE0687",0.3014,1,0.969331,0,0.0135,5,2,FALSE,TRUE,FALSE
"GENE0448","GENE0448_HUMAN","P47810","Protein GENE0448",-0.3832,1,0.659273,0,0.1809,3,2,FALSE,FALSE,FALSE
"GENE2345","GENE2345_HUMAN","P05798","Protein GENE2345",0.8207,1,0.991642,0,0.0036,5,5,FALSE,FALSE,FALSE
"GENE1933","GENE1933_HUMAN","P22948","Protein GENE1933",-0.2181,1,0.959553,0,0.0179,3,6,TRUE,FALSE,FALSE
"GENE0310","GENE0310_HUMAN","P03623","Protein GENE0310",0.2546,0.650104,0.397275,0.042,0.4009,5,5,FALSE,FALSE,FALSE
"GENE2477","GENE2477_HUMAN","P12083","Protein GENE2477",-0.0297,0.432409,0.379677,0.2469,0.4206,2,4,FALSE,FALSE,FALSE
"GENE0820","GENE0820_HUMAN","P89932","Protein GENE0820",0.1738,0.155531,0.075668,0.4285,1.1211,3,5,FALSE,FALSE,FALSE
"GENE2110","GENE2110_HUMAN","P30643","Protein GENE2110",0.6069,0.707849,0.273276,0,0.5634,3,6,FALSE,FALSE,FALSE
"GENE1366","GENE1366_HUMAN","P34685","Protein GENE1366",-0.1834,1,0.246322,0,0.6085,6,5,FALSE,FALSE,FALSE
"GENE0246","GENE0246_HUMAN","P73614","Protein GENE0246",-0.3881,1,0.408911,0,0.3884,2,5,FALSE,TRUE,FALSE
"GENE1223","GENE1223_HUMAN","P89635","Protein GENE1223",0.2843,0.324,0.067989,0.4769,1.1676,5,3,FALSE,FALSE,FALSE
"GENE0798","GENE0798_HUMAN","P54930","Protein GENE0798",-2.798,0.037782,0.030258,0.8352,1.5192,6,2,FALSE,TRUE,TRUE
"GENE1153","GENE1153_HUMAN","P61138","Protein GENE1153",0.3128,0.460864,0.165054,0.2156,0.7824,6,5,FALSE,FALSE,FALSE
"GENE1530","GENE1530_HUMAN","P19168","Protein GENE1530",-0.4308,1,0.762342,0,0.1179,5,4,FALSE,FALSE,FALSE
"GENE0415","GENE0415_HUMAN","P72015","Protein GENE0415",0.0852,1,0.553367,0,0.257,5,2,FALSE,FALSE,FALSE
"GPATCH1","GPATCH1_HUMAN","P29623","Protein GPATCH1",-0.0548,1,0.851431,0,0.0699,3,6,FALSE,FALSE,FALSE
"GENE1383","GENE1383_HUMAN","P59509","Protein GENE1383",-0.3185,0.81399,0.448324,0.1174,0.3484,5,6,FALSE,FALSE,FALSE
"GENE1943","GENE1943_HUMAN","P70917","Protein GENE1943",0.3315,1,0.610969,0,0.214,4,4,FALSE,TRUE,FALSE
"GENE1298","GENE1298_HUMAN","P09140","Protein GENE1298",0.3462,0.983566,0.44965,0,0.3471,4,2,FALSE,FALSE,FALSE
"GENE0563","GENE0563_HUMAN","P15058","Protein GENE0563",-0.4214,1,0.862193,0,0.0644,4,5,FALSE,FALSE,FALSE
"GENE2684","GENE2684_HUMAN","P14993","Protein GENE2684",-0.1005,0.888822,0.216896,0.2399,0.6637,5,6,FALSE,FALSE,FALSE
"GENE2291","GENE2291_HUMAN","P10377","Protein GENE2291",1.8922,0.033732,0.013426,1.8287,1.8721,3,5,FALSE,FALSE,TRUE
"GENE0377","GENE0377_HUMAN","P68397","Protein GENE0377",0.7225,1,0.933839,0,0.0297,4,5,FALSE,FALSE,FALSE
"GENE0958","GENE0958_HUMAN","P04520","Protein GENE0958",-0.9198,0.752894,0.636005,0,0.1965,3,2,FALSE,FALSE,FALSE
"GENE1351","GENE1351_HUMAN","P45638","Protein GENE1351",-0.3725,1,0.442625,0,0.354,3,6,TRUE,TRUE,FALSE
"GENE2809","GENE2809_HUMAN","P26228","Protein GENE2809",0.4155,0.203831,0.157171,0.1875,0.8036,6,6,FALSE,FALSE,FALSE
"GENE2056","GENE2056_HUMAN","P86619","Protein GENE2056",0.203,1,0.958491,0.0012,0.0184,3,6,FALSE,FALSE,FALSE
"GENE2616","GENE2616_HUMAN","P62937","Protein GENE2616",0.1225,0.658094,0.149132,0.1705,0.8264,3,4,FALSE,FALSE,FALSE
"GENE2361","GENE2361_HUMAN","P18292","Protein GENE2361",-0.6344,0.193668,0.067756,1.0666,1.1691,4,6,FALSE,FALSE,FALSE
"GENE2135","GENE2135_HUMAN","P98052","Protein GENE2135",0.5719,1,0.413778,0,0.3832,6,6,FALSE,FALSE,FALSE
"GENE0598","GENE0598_HUMAN","P89748","Protein GENE0598",0.0792,1,0.680826,0,0.167,6,6,FALSE,FALSE,FALSE
"GENE1822","GENE1822_HUMAN","P37706","Protein GENE1822",0.5081,0.678066,0.595314,0,0.2253,5,2,FALSE,FALSE,FALSE
"GENE2878","GENE2878_HUMAN","P80544","Protein GENE2878",0.5067,1,0.562106,0.0274,0.2502,2,5,FALSE,FALSE,FALSE
"GENE2397","GENE2397_HUMAN","P19905","Protein GENE2397",0.1605,1,0.328111,0.303,0.484,2,3,FALSE,FALSE,FALSE
"GENE0863","GENE0863_HUMAN","P41415","Protein GENE0863",0.2243,1,0.688283,0,0.1622,5,2,FALSE,FALSE,FALSE
"GENE0933","GENE0933_HUMAN","P75606","Protein GENE0933",0.0839,1,0.579419,0.0483,0.237,5,6,FALSE,FALSE,FALSE
"GENE1199","GENE1199_HUMAN","P45766","Protein GENE1199",0.7915,0.698105,0.194722,0.0898,0.7106,2,3,FALSE,FALSE,FALSE
"GENE1039","GENE1039_HUMAN","P57577","Protein GENE1039",-0.4002,1,0.633172,0,0.1985,3,4,FALSE,FALSE,FALSE
"GENE1061","GENE1061_HUMAN","P33954","Protein GENE1061",0.5347,1,0.962962,0,0.0164,3,2,FALSE,FALSE,FALSE
"GENE0678","GENE0678_HUMAN","P91330","Protein GENE0678",0.3169,1,0.61767,0.0189,0.2092,2,6,FALSE,FALSE,FALSE
"GENE2523","GENE2523_HUMAN","P55947","Protein GENE2523",-0.1855,0.669321,0.253732,0.57,0.5956,6,2,FALSE,FALSE,FALSE
"GENE1848","GENE1848_HUMAN","P43968","Protein GENE1848",-0.572,0.191362,0.092235,0.5224,1.0351,4,3,FALSE,FALSE,FALSE
"GENE2601","GENE2601_HUMAN","P33360","Protein GENE2601",-0.3376,1,0.923537,0,0.0345,5,4,FALSE,FALSE,FALSE
"GENE0704","GENE0704_HUMAN","P90325","Protein GENE0704",-0.2288,0.982997,0.647173,0.1769,0.189,3,4,FALSE,FALSE,FALSE
"GENE0760","GENE0760_HUMAN","P02350","Protein GENE0760",0.3158,1,0.248081,0.1806,0.6054,5,2,FALSE,FALSE,FALSE
"GENE0934","GENE0934_HUMAN","P28864","Protein GENE0934",-0.316,1,0.989225,0,0.0047,3,5,FALSE,FALSE,FALSE
"GENE1500","GENE1500_HUMAN","P72878","Protein GENE1500",-0.131,1,0.564,0,0.2487,4,2,FALSE,FALSE,FALSE
"GENE0474","GENE0474_HUMAN","P08605","Protein GENE0474",0.0744,1,0.877962,0,0.0565,3,4,FALSE,FALSE,FALSE
"GENE0456","GENE0456_HUMAN","P48929","Protein GENE0456",0.342,1,0.926996,0,0.0329,2,6,FALSE,FALSE,FALSE
"GENE1246","GENE1246_HUMAN","P97998","Protein GENE1246",3.6219,0.045481,0.01155,1.5757,1.9374,5,6,FALSE,FALSE,TRUE
"GENE2143","GENE2143_HUMAN","P05057","Protein GENE2143",0.1593,0.598014,0.450169,0,0.3466,4,5,FALSE,FALSE,FALSE
"GENE0451","GENE0451_HUMAN","P99323","Protein GENE0451",0.3314,1,0.444166,0.0395,0.3525,4,3,FALSE,FALSE,FALSE
"GENE2697","GENE2697_HUMAN","P31862","Protein GENE2697",-0.0809,0.904863,0.323235,0.2377,0.4905,3,2,FALSE,FALSE,FALSE
"GENE1998","GENE1998_HUMAN","P02649","Protein GENE1998",0.495,0.509665,0.37556,0.3553,0.4253,6,4,FALSE,FALSE,FALSE
"GENE0901","GENE0901_HUMAN","P19898","Protein GENE0901",0.2264,1,0.864304,0,0.0633,6,6,FALSE,FALSE,FALSE
"GENE0967","GENE0967_HUMAN","P58179","Protein GENE0967",0.146,0.182696,0.066892,0.6626,1.1746,3,2,FALSE,FALSE,FALSE
"GPATCH8","GPATCH8_HUMAN","P10332","Protein GPATCH8",0.271,1,0.670546,0,0.1736,2,4,FALSE,FALSE,FALSE
"GENE2350","GENE2350_HUMAN","P21878","Protein GENE2350",-0.6862,1,0.855714,0,0.0677,4,4,FALSE,TRUE,FALSE
"GENE1375","GENE1375_HUMAN","P25596","Protein GENE1375",-0.0367,1,0.271457,0.2478,0.5663,3,5,FALSE,FALSE,FALSE
"GENE0597","GENE0597_HUMAN","P43766","Protein GENE0597",0.6808,1,0.757615,0,0.1206,6,5,FALSE,FALSE,FALSE
"GENE2717","GENE2717_HUMAN","P12901","Protein GENE2717",0.3431,1,0.634938,0,0.1973,2,3,TRUE,FALSE,FALSE
"GENE1894","GENE1894_HUMAN","P13098","Protein GENE1894",-0.1883,1,0.327218,0,0.4852,3,2,FALSE,FALSE,FALSE
"GENE1430","GENE1430_HUMAN","P06123","Protein GENE1430",0.2643,0.400827,0.226453,0.2003,0.645,6,6,FALSE,FALSE,FALSE
"GENE0917","GENE0917_HUMAN","P30347","Protein GENE0917",0.3479,1,0.287648,0.1013,0.5411,4,3,FALSE,FALSE,FALSE
"GENE1395","GENE1395_HUMAN","P48141","Protein GENE1395",-0.4855,1,0.509052,0,0.2932,2,6,TRUE,FALSE,FALSE
"GENE1091","GENE1091_HUMAN","P14038","Protein GENE1091",0.2982,1,0.572598,0.0916,0.2421,5,6,FALSE,FALSE,FALSE
"GENE2085","GENE2085_HUMAN","P82935","Protein GENE2085",-0.1696,1,0.939845,0,0.0269,6,3,TRUE,FALSE,FALSE
"GENE1341","GENE1341_HUMAN","P97000","Protein GENE1341",0.0224,0.779015,0.358529,0.0413,0.4455,4,2,FALSE,FALSE,FALSE
"GENE1534","GENE1534_HUMAN","P58769","Protein GENE1534",0.605,0.410147,0.358772,0.2284,0.4452,2,5,FALSE,TRUE,FALSE
"GENE2300","GENE2300_HUMAN","P01016","Protein GENE2300",0.2717,1,0.991272,0,0.0038,6,3,FALSE,FALSE,FALSE
"GENE0365","GENE0365_HUMAN","P06189","Protein GENE0365",0.3883,1,0.978192,0,0.0096,6,5,FALSE,FALSE,FALSE
"GENE2666","GENE2666_HUMAN","P49887","Protein GENE2666",-0.2234,0.704582,0.157221,0.7075,0.8035,6,4,FALSE,TRUE,FALSE
"GENE2643","GENE2643_HUMAN","P22715","Protein GENE2643",0.8026,0.376437,0.352216,0,0.4532,6,4,FALSE,TRUE,FALSE
"GENE0484","GENE0484_HUMAN","P97487","Protein GENE0484",-0.6414,0.564427,0.140585,0.4789,0.8521,2,5,FALSE,FALSE,FALSE
"GENE1453","GENE1453_HUMAN","P82374","Protein GENE1453",-0.2332,1,0.565384,0,0.2477,2,3,FALSE,FALSE,FALSE
"GENE2461","GENE2461_HUMAN","P54770","Protein GENE2461",0.1934,0.391454,0.229166,0.585,0.6398,5,5,FALSE,FALSE,FALSE
"GENE2202","GENE2202_HUMAN","P10578","Protein GENE2202",-0.2313,0.590981,0.271688,0,0.5659,4,3,FALSE,FALSE,FALSE
"GENE0526","GENE0526_HUMAN","P58200","Protein GENE0526",-0.016,0.112007,0.076085,0.705,1.1187,3,5,FALSE,FALSE,FALSE
"GENE2285","GENE2285_HUMAN","P60859","Protein GENE2285",-0.3894,1,0.935992,0,0.0287,2,4,FALSE,FALSE,FALSE
"GENE0802","GENE0802_HUMAN","P20487","Protein GENE0802",0.2001,1,0.630017,0,0.2006,5,3,FALSE,FALSE,FALSE
"GENE1080","GENE1080_HUMAN","P07063","Protein GENE1080",0.9495,0.096175,0.029313,1.2833,1.5329,2,3,FALSE,FALSE,TRUE
"GENE0049","GENE0049_HUMAN","P35051","Protein GENE0049",-1.1526,0.015537,0.012498,1.2306,1.9032,5,5,FALSE,FALSE,TRUE
"GENE0500","GENE0500_HUMAN","P84204","Protein GENE0500",-0.2096,1,0.499064,0.1392,0.3018,4,2,FALSE,FALSE,FALSE
"GENE1807","GENE1807_HUMAN","P20940","Protein GENE1807",-1.9129,0.04197,0.010704,1.7319,1.9704,4,3,FALSE,FALSE,TRUE
"GENE2162","GENE2162_HUMAN","P80231","Protein GENE2162",-0.2867,0.474981,0.180201,0.2627,0.7442,2,3,FALSE,FALSE,FALSE
"GENE1794","GENE1794_HUMAN","P02039","Protein GENE1794",0.6257,0.732276,0.585149,0,0.2327,3,5,TRUE,FALSE,FALSE
"FMR1","FMR1_HUMAN","P92421","Protein FMR1",0.2073,1,0.624519,0,0.2045,5,2,FALSE,FALSE,FALSE
"GENE0014","GENE0014_HUMAN","P70977","Protein GENE0014",0.2426,1,0.751145,0,0.1243,4,3,FALSE,FALSE,FALSE
"GENE0120","GENE0120_HUMAN","P93185","Protein GENE0120",0.3194,1,0.766423,0,0.1155,4,6,FALSE,FALSE,FALSE
"MED15","MED15_HUMAN","P72390","Protein MED15",3.7567,0.020236,0.010796,1.6809,1.9667,3,6,FALSE,FALSE,TRUE
"GENE2168","GENE2168_HUMAN","P46066","Protein GENE2168",-0.4954,1,0.339159,0,0.4696,4,2,FALSE,FALSE,FALSE
"GENE1643","GENE1643_HUMAN","P09050","Protein GENE1643",0.4027,1,0.424318,0,0.3723,4,5,FALSE,FALSE,FALSE
"GENE1330","GENE1330_HUMAN","P30250","Protein GENE1330",0.448,1,0.659675,0,0.1807,4,3,FALSE,FALSE,FALSE
"GENE0470","GENE0470_HUMAN","P27724","Protein GENE0470",1.2096,1,0.91534,0,0.0384,4,4,FALSE,FALSE,FALSE
"GENE1565","GENE1565_HUMAN","P38202","Protein GENE1565",1.3572,0.108923,0.034424,0.8136,1.4631,4,3,FALSE,FALSE,TRUE
"GENE1446","GENE1446_HUMAN","P01465","Protein GENE1446",0.6655,1,0.398214,0,0.3999,5,3,FALSE,FALSE,FALSE
"GENE0975","GENE0975_HUMAN","P23702","Protein GENE0975",-0.5866,0.517007,0.214103,0.2971,0.6694,3,4,FALSE,FALSE,FALSE
"GENE0987","GENE0987_HUMAN","P56520","Protein GENE0987",0.0055,1,0.564872,0,0.2481,4,2,FALSE,FALSE,FALSE
"GENE2515","GENE2515_HUMAN","P93569","Protein GENE2515",0.4499,0.64362,0.386864,0,0.4124,5,2,FALSE,FALSE,FALSE
"GENE1306","GENE1306_HUMAN","P51249","Protein GENE1306",0.2135,0.98324,0.621201,0,0.2068,6,6,FALSE,FALSE,FALSE
"GENE0829","GENE0829_HUMAN","P69369","Protein GENE0829",-0.6341,1,0.540873,0,0.2669,2,5,FALSE,FALSE,FALSE
"GENE0332","GENE0332_HUMAN","P98113","Protein GENE0332",-0.3149,1,0.374656,0,0.4264,6,3,FALSE,FALSE,FALSE
"GENE2476","GENE2476_HUMAN","P45530","Protein GENE2476",0.2141,0.858391,0.289587,0,0.5382,5,5,FALSE,FALSE,FALSE
"GENE1678","GENE1678_HUMAN","P21432","Protein GENE1678",0.1866,1,0.908016,0,0.0419,5,6,FALSE,FALSE,FALSE
"GENE0970","GENE0970_HUMAN","P22611","Protein GENE0970",0.3828,1,0.386436,0.188,0.4129,2,5,FALSE,TRUE,FALSE
"SUGP1","SUGP1_HUMAN","P86373","Protein SUGP1",-0.6073,1,0.880047,0,0.0555,6,2,FALSE,FALSE,FALSE
"GENE1779","GENE1779_HUMAN","P48318","Protein GENE1779",-1.0847,1,0.506166,0,0.2957,4,4,FALSE,FALSE,FALSE
"GENE0824","GENE0824_HUMAN","P77621","Protein GENE0824",-0.6525,1,0.304097,0,0.517,4,5,FALSE,FALSE,FALSE
"GENE2708","GENE2708_HUMAN","P99055","Protein GENE2708",-0.0372,0.633011,0.211993,0.0343,0.6737,3,6,TRUE,FALSE,FALSE
"GENE2055","GENE2055_HUMAN","P59596","Protein GENE2055",0.5302,1,0.424071,0.0953,0.3726,6,4,FALSE,FALSE,FALSE
"GENE2382","GENE2382_HUMAN","P73136","Protein GENE2382",-0.3833,0.638179,0.177138,0.2,0.7517,2,4,FALSE,FALSE,FALSE
"GENE1581","GENE1581_HUMAN","P37168","Protein GENE1581",0.1059,0.309442,0.063006,1.1775,1.2006,4,3,FALSE,FALSE,FALSE
"GENE0245","GENE0245_HUMAN","P80450","Protein GENE0245",-0.4781,1,0.812242,0,0.0903,5,3,FALSE,FALSE,FALSE
"GENE0639","GENE0639_HUMAN","P43785","Protein GENE0639",0.0564,1,0.514822,0.2536,0.2883,4,2,FALSE,FALSE,FALSE
"GENE1059","GENE1059_HUMAN","P81872","Protein GENE1059",-9e-04,0.67648,0.476044,0,0.3224,4,5,FALSE,FALSE,FALSE
"GENE2113","GENE2113_HUMAN","P30819","Protein GENE2113",-0.1099,1,0.784871,0,0.1052,6,4,FALSE,FALSE,FALSE
"GENE0571","GENE0571_HUMAN","P36435","Protein GENE0571",-0.0173,1,0.426221,0,0.3704,4,5,TRUE,FALSE,FALSE
"GENE1356","GENE1356_HUMAN","P80595","Protein GENE1356",1.1311,0.029167,0.01897,1.1673,1.7219,4,6,FALSE,FALSE,TRUE
"GENE1285","GENE1285_HUMAN","P52093","Protein GENE1285",0.4591,1,0.570506,0,0.2437,6,5,FALSE,TRUE,FALSE
"GENE0152","GENE0152_HUMAN","P82986","Protein GENE0152",0.2749,0.12668,0.126016,0.7812,0.8996,2,2,FALSE,FALSE,FALSE
"GENE2302","GENE2302_HUMAN","P77806","Protein GENE2302",-0.577,1,0.560158,0,0.2517,3,5,FALSE,FALSE,FALSE
"GENE2855","GENE2855_HUMAN","P97415","Protein GENE2855",0.1806,1,0.820993,0,0.0857,3,2,FALSE,FALSE,FALSE
"GENE0062","GENE0062_HUMAN","P20746","Protein GENE0062",0.5932,0.631478,0.328489,0.1442,0.4835,2,5,FALSE,FALSE,FALSE
"GENE2768","GENE2768_HUMAN","P04743","Protein GENE2768",-0.0166,0.459038,0.156493,0.3552,0.8055,3,6,FALSE,FALSE,FALSE
"GENE0810","GENE0810_HUMAN","P05491","Protein GENE0810",0.3442,0.402959,0.152134,0.2789,0.8178,2,4,FALSE,FALSE,FALSE
"GENE1527","GENE1527_HUMAN","P73105","Protein GENE1527",-0.2558,1,0.261192,0.1069,0.583,6,3,FALSE,FALSE,FALSE
"GENE0703","GENE0703_HUMAN","P48562","Protein GENE0703",-0.0374,0.798639,0.292342,0,0.5341,3,3,FALSE,FALSE,FALSE
"GENE0907","GENE0907_HUMAN","P59423","Protein GENE0907",-0.4788,1,0.921564,0,0.0355,3,3,FALSE,FALSE,FALSE
"GPATCH3","GPATCH3_HUMAN","P75631","Protein GPATCH3",0.0595,0.256249,0.15682,0.2544,0.8046,2,2,FALSE,FALSE,FALSE
"GENE1633","GENE1633_HUMAN","P70074","Protein GENE1633",-0.3791,1,0.842904,0,0.0742,6,2,FALSE,FALSE,FALSE
"GENE1551","GENE1551_HUMAN","P42073","Protein GENE1551",0.3195,0.422295,0.363473,0,0.4395,4,2,FALSE,TRUE,FALSE
"GENE0271","GENE0271_HUMAN","P95938","Protein GENE0271",0.6686,1,0.768779,0,0.1142,2,5,TRUE,FALSE,FALSE
"GENE0098","GENE0098_HUMAN","P59849","Protein GENE0098",0.1846,1,0.655559,0,0.1834,5,2,FALSE,FALSE,FALSE
"GENE1068","GENE1068_HUMAN","P87825","Protein GENE1068",0.0479,1,0.70466,0,0.152,4,2,FALSE,FALSE,FALSE
"GENE0759","GENE0759_HUMAN","P49793","Protein GENE0759",-0.084,1,0.54625,0,0.2626,2,2,FALSE,FALSE,FALSE
"GENE2074","GENE2074_HUMAN","P33648","Protein GENE2074",-0.6539,1,0.529607,0,0.276,2,4,FALSE,TRUE,FALSE
"GENE1186","GENE1186_HUMAN","P71969","Protein GENE1186",0.2774,1,0.774619,0,0.1109,6,4,TRUE,FALSE,FALSE
"GENE2396","GENE2396_HUMAN","P64982","Protein GENE2396",-0.588,1,0.852797,0,0.0692,6,6,FALSE,FALSE,FALSE
"GENE0766","GENE0766_HUMAN","P95490","Protein GENE0766",0.4284,1,0.522689,0,0.2818,3,2,TRUE,FALSE,FALSE
"GENE1350","GENE1350_HUMAN","P68954","Protein GENE1350",0.3955,1,0.749414,0.0546,0.1253,6,4,FALSE,FALSE,FALSE
"GENE2871","GENE2871_HUMAN","P11276","Protein GENE2871",-0.2089,0.373456,0.098026,0.5384,1.0087,6,6,FALSE,FALSE,FALSE
"GENE1487","GENE1487_HUMAN","P83782","Protein GENE1487",-0.1313,0.357116,0.276567,0,0.5582,5,3,FALSE,TRUE,FALSE
"GENE1606","GENE1606_HUMAN","P60522","Protein GENE1606",-0.39,1,0.569161,0.0514,0.2448,3,6,FALSE,FALSE,FALSE
"GENE0114","GENE0114_HUMAN","P45935","Protein GENE0114",-0.1894,1,0.942743,0,0.0256,6,5,FALSE,FALSE,FALSE
"GENE0388","GENE0388_HUMAN","P38740","Protein GENE0388",-0.3081,0.469523,0.165754,0.1216,0.7805,3,4,FALSE,FALSE,FALSE
"GENE0166","GENE0166_HUMAN","P28523","Protein GENE0166",0.0683,1,0.735333,0,0.1335,3,5,FALSE,TRUE,FALSE
"GENE0076","GENE0076_HUMAN","P83886","Protein GENE0076",-0.265,1,0.364335,0,0.4385,3,4,FALSE,FALSE,FALSE
"GENE0642","GENE0642_HUMAN","P19507","Protein GENE0642",-0.5966,1,0.385949,0,0.4135,6,3,FALSE,FALSE,FALSE
"GENE1148","GENE1148_HUMAN","P64599","Protein GENE1148",0.0438,0.818288,0.372481,0,0.4289,5,5,FALSE,FALSE,FALSE
"GENE0212","GENE0212_HUMAN","P71849","Protein GENE0212",-0.6254,1,0.739074,0,0.1313,2,4,FALSE,FALSE,FALSE
"GENE0994","GENE0994_HUMAN","P69774","Protein GENE0994",0.299,0.745307,0.175107,0.7544,0.7567,2,3,FALSE,FALSE,FALSE
"GENE1627","GENE1627_HUMAN","P27091","Protein GENE1627",0.0416,1,0.908898,0,0.0415,5,3,FALSE,FALSE,FALSE
"GENE0201","GENE0201_HUMAN","P70934","Protein GENE0201",0.5843,0.979431,0.470325,0,0.3276,5,5,FALSE,FALSE,FALSE
"GENE0026","GENE0026_HUMAN","P87142","Protein GENE0026",-1.1308,0.099668,0.021314,1.0907,1.6713,3,3,FALSE,FALSE,TRUE
"GENE2322","GENE2322_HUMAN","P29258","Protein GENE2322",-0.6466,1,0.932057,0,0.0306,3,5,FALSE,FALSE,FALSE
"GENE1802","GENE1802_HUMAN","P08631","Protein GENE1802",-4.1614,0.013616,0.009909,1.3797,2.004,4,6,FALSE,FALSE,TRUE
"GENE1537","GENE1537_HUMAN","P01916","Protein GENE1537",-0.4919,0.338868,0.07179,0.7847,1.1439,6,4,FALSE,FALSE,FALSE
"GENE2685","GENE2685_HUMAN","P28980","Protein GENE2685",-0.6715,0.182943,0.119424,0.3466,0.9229,4,4,FALSE,FALSE,FALSE
"GENE2688","GENE2688_HUMAN","P69261","Protein GENE2688",0.0761,1,0.316223,0,0.5,6,6,TRUE,FALSE,FALSE
"GENE1321","GENE1321_HUMAN","P10379","Protein GENE1321",0.2267,1,0.591893,0,0.2278,5,4,FALSE,FALSE,FALSE
"GENE1958","GENE1958_HUMAN","P47512","Protein GENE1958",0.267,0.599126,0.454985,0.1127,0.342,2,5,FALSE,FALSE,FALSE
"GENE0521","GENE0521_HUMAN","P42305","Protein GENE0521",-0.019,1,0.323828,0.0571,0.4897,6,3,FALSE,FALSE,FALSE
"GENE0005","GENE0005_HUMAN","P29948","Protein GENE0005",-0.2019,1,0.87177,0,0.0596,6,3,FALSE,FALSE,FALSE
"GENE1945","GENE1945_HUMAN","P80526","Protein GENE1945",0.7864,1,0.676185,0,0.1699,4,5,FALSE,TRUE,FALSE
"GENE1034","GENE1034_HUMAN","P83989","Protein GENE1034",-0.5827,1,0.890088,0,0.0506,5,4,FALSE,FALSE,FALSE
"GENE1067","GENE1067_HUMAN","P35203","Protein GENE1067",-0.1289,0.831879,0.252673,0,0.5974,6,2,FALSE,FALSE,FALSE
"GENE0510","GENE0510_HUMAN","P70826","Protein GENE0510",0.6583,1,0.690049,0,0.1611,4,6,FALSE,FALSE,FALSE
"GENE1420","GENE1420_HUMAN","P69637","Protein GENE1420",-0.5925,0.984169,0.734631,0,0.1339,2,6,FALSE,FALSE,FALSE
"GENE1693","GENE1693_HUMAN","P41535","Protein GENE1693",-0.2604,0.473868,0.272813,0.4728,0.5641,2,6,FALSE,FALSE,FALSE
"GENE0916","GENE0916_HUMAN","P10684","Protein GENE0916",-0.128,0.31918,0.290005,0.1979,0.5376,3,6,TRUE,FALSE,FALSE
"GENE0384","GENE0384_HUMAN","P32515","Protein GENE0384",0.2729,0.72762,0.29438,0.5237,0.5311,4,3,FALSE,FALSE,FALSE
"GENE0483","GENE0483_HUMAN","P77282","Protein GENE0483",-0.4346,0.838299,0.596736,0,0.2242,3,3,FALSE,FALSE,FALSE
"GENE0514","GENE0514_HUMAN","P35994","Protein GENE0514",-0.2682,1,0.595583,0,0.2251,5,2,FALSE,FALSE,FALSE
"GENE0573","GENE0573_HUMAN","P57088","Protein GENE0573",-0.0692,0.222038,0.089631,0.5181,1.0475,3,4,TRUE,TRUE,FALSE
"GENE1587","GENE1587_HUMAN","P01773","Protein GENE1587",-0.2641,1,0.604529,0,0.2186,4,3,FALSE,FALSE,FALSE
"GENE1114","GENE1114_HUMAN","P36689","Protein GENE1114",-0.3329,1,0.776266,0,0.11,6,6,FALSE,FALSE,FALSE
"SUGP2","SUGP2_HUMAN","P25433","Protein SUGP2",0.2335,0.837217,0.457564,0.1232,0.3395,4,5,FALSE,FALSE,FALSE
"GENE0141","GENE0141_HUMAN","P79791","Protein GENE0141",0.1937,1,0.989163,0,0.0047,4,2,TRUE,FALSE,FALSE
"GENE2889","GENE2889_HUMAN","P27211","Protein GENE2889",0.2471,0.622501,0.197387,0.3149,0.7047,2,5,FALSE,FALSE,FALSE
"GENE0443","GENE0443_HUMAN","P08977","Protein GENE0443",0.3029,1,0.758897,0,0.1198,2,2,FALSE,FALSE,FALSE
"GENE1766","GENE1766_HUMAN","P60236","Protein GENE1766",-0.3189,0.6715,0.501115,0.0913,0.3001,6,3,FALSE,FALSE,FALSE
"GENE1251","GENE1251_HUMAN","P55951","Protein GENE1251",1.4048,0.033103,0.022986,1.0719,1.6385,2,2,FALSE,FALSE,TRUE
"GENE1328","GENE1328_HUMAN","P01688","Protein GENE1328",-0.7151,1,0.279986,0.3088,0.5529,4,5,FALSE,FALSE,FALSE
"GENE1759","GENE1759_HUMAN","P13713","Protein GENE1759",-0.2481,0.803702,0.192185,0.2201,0.7163,2,2,FALSE,FALSE,FALSE
"GENE2798","GENE2798_HUMAN","P44696","Protein GENE2798",0.915,1,0.453994,0.1969,0.3429,6,2,FALSE,FALSE,FALSE
"GENE2733","GENE2733_HUMAN","P10143","Protein GENE2733",0.2359,0.398424,0.105524,0.7313,0.9766,2,2,FALSE,FALSE,FALSE
"GENE0465","GENE0465_HUMAN","P41299","Protein GENE0465",0.0321,1,0.260625,0,0.584,5,4,FALSE,FALSE,FALSE
"GENE2039","GENE2039_HUMAN","P58602","Protein GENE2039",-0.0913,0.99523,0.42057,0,0.3762,6,5,FALSE,FALSE,FALSE
"GENE1194","GENE1194_HUMAN","P92350","Protein GENE1194",-0.4488,0.689342,0.379223,0.1277,0.4211,3,2,FALSE,TRUE,FALSE
"GENE2482","GENE2482_HUMAN","P45016","Protein GENE2482",-0.6618,1,0.900459,0,0.0455,5,4,FALSE,FALSE,FALSE
"GENE0154","GENE0154_HUMAN","P02199","Protein GENE0154",0.1356,1,0.638036,0,0.1952,4,2,FALSE,FALSE,FALSE
"GENE0366","GENE0366_HUMAN","P76420","Protein GENE0366",0.3342,1,0.797012,0,0.0985,6,3,FALSE,FALSE,FALSE
"GENE2198","GENE2198_HUMAN","P10149","Protein GENE2198",-0.024,1,0.27191,0,0.5656,2,2,FALSE,FALSE,FALSE
"GENE2460","GENE2460_HUMAN","P49134","Protein GENE2460",0.23,1,0.554326,0,0.2562,6,4,FALSE,FALSE,FALSE
"GENE2145","GENE2145_HUMAN","P57005","Protein GENE2145",-0.4897,0.166351,0.141384,0.3099,0.8496,5,6,FALSE,FALSE,FALSE
"GENE0613","GENE0613_HUMAN","P07530","Protein GENE0613",2.1576,0.139382,0.030874,1.4023,1.5104,6,3,FALSE,FALSE,TRUE
"GENE2084","GENE2084_HUMAN","P90207","Protein GENE2084",0.0414,1,0.65676,0,0.1826,4,3,FALSE,FALSE,FALSE
"GENE0417","GENE0417_HUMAN","P62008","Protein GENE0417",0.2243,1,0.682867,0,0.1657,5,2,FALSE,FALSE,FALSE
"GENE1793","GENE1793_HUMAN","P94841","Protein GENE1793",-0.4144,1,0.891287,0,0.05,6,4,FALSE,FALSE,FALSE
"GENE0060","GENE0060_HUMAN","P49858","Protein GENE0060",-0.1748,1,0.777153,0,0.1095,2,2,FALSE,FALSE,FALSE
"GENE2304","GENE2304_HUMAN","P27159","Protein GENE2304",0.1273,1,0.514843,0,0.2883,6,2,FALSE,FALSE,FALSE
"GENE2711","GENE2711_HUMAN","P08632","Protein GENE2711",-0.2024,0.683362,0.466126,0.1568,0.3315,4,4,FALSE,FALSE,FALSE
"GENE0570","GENE0570_HUMAN","P87576","Protein GENE0570",0.388,0.861575,0.440979,0,0.3556,6,3,FALSE,FALSE,FALSE
"GENE2888","GENE2888_HUMAN","P23168","Protein GENE2888",0.3167,1,0.994465,0,0.0024,2,6,FALSE,FALSE,FALSE
"GENE1625","GENE1625_HUMAN","P95138","Protein GENE1625",-0.1065,1,0.755677,0,0.1217,6,4,FALSE,FALSE,FALSE
"GENE0110","GENE0110_HUMAN","P56581","Protein GENE0110",-0.2045,0.864733,0.73372,0,0.1345,2,6,FALSE,FALSE,FALSE
"GENE0816","GENE0816_HUMAN","P95882","Protein GENE0816",4.3981,0.177093,0.036331,0.9746,1.4397,6,4,FALSE,TRUE,TRUE
"GENE1662","GENE1662_HUMAN","P85585","Protein GENE1662",-0.3287,1,0.355971,0,0.4486,4,5,FALSE,FALSE,FALSE
"GENE2664","GENE2664_HUMAN","P61665","Protein GENE2664",0.2687,1,0.665643,0,0.1768,2,3,FALSE,FALSE,FALSE
"GENE0034","GENE0034_HUMAN","P59568","Protein GENE0034",0.4291,1,0.795902,0,0.0991,4,2,TRUE,FALSE,FALSE
"GENE2623","GENE2623_HUMAN","P94764","Protein GENE2623",-0.0083,1,0.673315,0,0.1718,2,3,FALSE,FALSE,FALSE
"GENE1066","GENE1066_HUMAN","P46920","Protein GENE1066",0.6435,0.522634,0.354813,0.0748,0.45,4,3,FALSE,FALSE,FALSE
"GENE2268","GENE2268_HUMAN","P36655","Protein GENE2268",0.0508,1,0.574147,0.0944,0.241,2,6,FALSE,FALSE,FALSE
"GENE2115","GENE2115_HUMAN","P20836","Protein GENE2115",0.314,1,0.302761,0.0627,0.5189,5,3,FALSE,FALSE,FALSE
"GENE1336","GENE1336_HUMAN","P67678","Protein GENE1336",0.0643,1,0.464966,0.2398,0.3326,3,2,FALSE,FALSE,FALSE
"GENE2231","GENE2231_HUMAN","P59621","Protein GENE2231",0.118,1,0.68745,0,0.1628,4,2,FALSE,FALSE,FALSE
"GENE1278","GENE1278_HUMAN","P68610","Protein GENE1278",0.618,1,0.331466,0.0509,0.4796,6,4,FALSE,TRUE,FALSE
"GENE0914","GENE0914_HUMAN","P40144","Protein GENE0914",-0.0295,1,0.641627,0,0.1927,4,6,FALSE,FALSE,FALSE
"GENE0791","GENE0791_HUMAN","P87538","Protein GENE0791",0.0967,1,0.809675,0,0.0917,3,4,FALSE,FALSE,FALSE
"GENE1475","GENE1475_HUMAN","P34823","Protein GENE1475",0.6021,1,0.710548,0,0.1484,5,6,FALSE,FALSE,FALSE
"GENE2295","GENE2295_HUMAN","P64822","Protein GENE2295",-0.226,1,0.620029,0,0.2076,3,2,TRUE,FALSE,FALSE
"GENE1388","GENE1388_HUMAN","P93210","Protein GENE1388",0.5835,0.445029,0.091218,0.3938,1.0399,5,6,FALSE,FALSE,FALSE
"GENE1074","GENE1074_HUMAN","P02486","Protein GENE1074",0.1081,1,0.832287,0,0.0797,3,5,FALSE,TRUE,FALSE
"GENE2160","GENE2160_HUMAN","P25341","Protein GENE2160",-0.0232,0.501483,0.495425,0,0.305,6,6,FALSE,FALSE,FALSE
"GENE2448","GENE2448_HUMAN","P48006","Protein GENE2448",-0.5736,1,0.511708,0,0.291,3,2,FALSE,TRUE,FALSE
"GENE2337","GENE2337_HUMAN","P15595","Protein GENE2337",0.0693,1,0.690896,0,0.1606,5,4,FALSE,FALSE,FALSE
"GENE1992","GENE1992_HUMAN","P07952","Protein GENE1992",0.1174,1,0.322738,0.2918,0.4912,6,2,FALSE,FALSE,FALSE
"GENE1829","GENE1829_HUMAN","P46321","Protein GENE1829",-0.6828,0.801016,0.562227,0,0.2501,5,6,FALSE,FALSE,FALSE
"GENE0284","GENE0284_HUMAN","P91899","Protein GENE0284",-1.0916,0.366322,0.100535,0.5307,0.9977,6,6,FALSE,FALSE,FALSE
"GENE0920","GENE0920_HUMAN","P41939","Protein GENE0920",-0.0234,1,0.388758,0,0.4103,4,4,FALSE,FALSE,FALSE
"GENE2363","GENE2363_HUMAN","P99276","Protein GENE2363",0.2181,1,0.641383,0,0.1929,6,6,FALSE,FALSE,FALSE
"GENE1913","GENE1913_HUMAN","P47909","Protein GENE1913",-0.1561,0.152453,0.065612,1.0919,1.183,6,5,FALSE,FALSE,FALSE
"GENE2342","GENE2342_HUMAN","P50666","Protein GENE2342",0.0305,0.826988,0.172761,0.1683,0.7626,5,3,FALSE,FALSE,FALSE
"GENE1796","GENE1796_HUMAN","P82273","Protein GENE1796",-0.8432,1,0.774163,0,0.1112,5,6,FALSE,FALSE,FALSE
"GENE2207","GENE2207_HUMAN","P82772","Protein GENE2207",-0.5559,0.557789,0.115204,0.2864,0.9385,6,3,FALSE,FALSE,FALSE
"GENE1833","GENE1833_HUMAN","P58714","Protein GENE1833",0.3529,0.935929,0.665905,0,0.1766,3,3,FALSE,FALSE,FALSE
"GENE2795","GENE2795_HUMAN","P59924","Protein GENE2795",0.5915,0.211596,0.162049,0.1802,0.7904,3,4,FALSE,FALSE,FALSE
"GENE0263","GENE0263_HUMAN","P01623","Protein GENE0263",-0.1188,1,0.96211,0,0.0168,3,6,FALSE,FALSE,FALSE
"GENE2827","GENE2827_HUMAN","P08836","Protein GENE2827",0.3079,0.314339,0.13262,0.8323,0.8774,6,6,TRUE,FALSE,FALSE
"GENE2634","GENE2634_HUMAN","P08939","Protein GENE2634",-0.6981,0.786509,0.189821,0.0686,0.7217,3,6,FALSE,FALSE,FALSE
"GENE2602","GENE2602_HUMAN","P48108","Protein GENE2602",-0.119,0.415618,0.363176,0,0.4399,5,5,FALSE,FALSE,FALSE
"GENE1731","GENE1731_HUMAN","P72984","Protein GENE1731",-2.2596,0.107316,0.027622,0.9298,1.5587,4,4,FALSE,FALSE,TRUE
"GENE0368","GENE0368_HUMAN","P98966","Protein GENE0368",0.0711,0.867947,0.52847,0,0.277,4,5,FALSE,FALSE,FALSE
"GENE1310","GENE1310_HUMAN","P11901","Protein GENE1310",0.9669,1,0.996535,0,0.0015,4,2,FALSE,FALSE,FALSE
"GENE2284","GENE2284_HUMAN","P34599","Protein GENE2284",0.8831,1,0.988514,0,0.005,5,6,FALSE,FALSE,FALSE
"GENE0289","GENE0289_HUMAN","P23768","Protein GENE0289",-0.1927,1,0.695136,0,0.1579,2,4,FALSE,FALSE,FALSE
"GENE0817","GENE0817_HUMAN","P62455","Protein GENE0817",0.2967,1,0.541244,0,0.2666,3,6,FALSE,FALSE,FALSE
"GENE0706","GENE0706_HUMAN","P27886","Protein GENE0706",0.3253,0.148143,0.101329,0.5917,0.9943,2,3,FALSE,FALSE,FALSE
"GENE1044","GENE1044_HUMAN","P40503","Protein GENE1044",0.1714,1,0.916085,0,0.0381,2,6,FALSE,FALSE,FALSE
"GENE1269","GENE1269_HUMAN","P57172","Protein GENE1269",-0.1217,0.79715,0.237377,0,0.6246,2,5,FALSE,TRUE,FALSE
"GENE0749","GENE0749_HUMAN","P02933","Protein GENE0749",0.751,0.399753,0.107328,0.7692,0.9693,3,2,FALSE,FALSE,FALSE
"GENE2468","GENE2468_HUMAN","P67755","Protein GENE2468",0.5333,1,0.339473,0,0.4692,5,6,FALSE,FALSE,FALSE
"GENE1477","GENE1477_HUMAN","P85473","Protein GENE1477",-0.2966,0.279551,0.121296,0.2242,0.9162,3,4,FALSE,FALSE,FALSE
"NCOA2","NCOA2_HUMAN","P43643","Protein NCOA2",0.3965,0.746188,0.172754,0.1994,0.7626,5,2,FALSE,FALSE,FALSE
"GENE1425","GENE1425_HUMAN","P82488","Protein GENE1425",-0.3743,1,0.414987,0.3308,0.382,3,6,FALSE,FALSE,FALSE
"GENE0447","GENE0447_HUMAN","P06882","Protein GENE0447",-0.2982,0.195245,0.127261,0.2585,0.8953,6,6,FALSE,FALSE,FALSE
"GENE2365","GENE2365_HUMAN","P86071","Protein GENE2365",2.946,0.111495,0.028456,1.0499,1.5458,3,4,FALSE,FALSE,TRUE
"GENE1834","GENE1834_HUMAN","P71571","Protein GENE1834",0.7669,1,0.973469,0,0.0117,3,3,FALSE,FALSE,FALSE
"GENE1313","GENE1313_HUMAN","P92695","Protein GENE1313",-0.067,0.430144,0.160942,0.2168,0.7933,2,4,FALSE,FALSE,FALSE
"GENE0921","GENE0921_HUMAN","P78870","Protein GENE0921",0.3659,1,0.523142,0,0.2814,2,4,FALSE,FALSE,FALSE
"GENE1147","GENE1147_HUMAN","P91021","Protein GENE1147",0.2939,1,0.877577,0,0.0567,4,6,FALSE,FALSE,FALSE
"GENE0815","GENE0815_HUMAN","P77437","Protein GENE0815",-0.4872,1,0.943798,0,0.0251,4,4,FALSE,FALSE,FALSE
"GENE0334","GENE0334_HUMAN","P46128","Protein GENE0334",-0.1123,1,0.851417,0,0.0699,4,2,FALSE,FALSE,FALSE
"GENE1549","GENE1549_HUMAN","P25964","Protein GENE1549",-0.3868,1,0.281501,0.1835,0.5505,4,6,FALSE,FALSE,FALSE
"GENE0680","GENE0680_HUMAN","P66586","Protein GENE0680",-0.0071,0.946518,0.356817,0.2,0.4476,6,3,FALSE,FALSE,FALSE
"GENE2318","GENE2318_HUMAN","P92718","Protein GENE2318",-0.3057,0.879269,0.587958,0,0.2307,4,4,FALSE,FALSE,FALSE
"GENE2826","GENE2826_HUMAN","P45430","Protein GENE2826",0.2638,1,0.982777,0,0.0075,3,6,FALSE,FALSE,FALSE
"GENE1155","GENE1155_HUMAN","P07533","Protein GENE1155",-0.5537,1,0.887032,0,0.0521,2,3,FALSE,FALSE,FALSE
"GENE0295","GENE0295_HUMAN","P91901","Protein GENE0295",-1.1758,0.272136,0.218701,0.6074,0.6601,3,6,FALSE,FALSE,FALSE
"GENE2373","GENE2373_HUMAN","P38226","Protein GENE2373",-0.0212,1,0.711404,0,0.1479,2,6,FALSE,FALSE,FALSE
"GENE1512","GENE1512_HUMAN","P54089","Protein GENE1512",0.0204,1,0.959856,0,0.0178,4,6,TRUE,FALSE,FALSE
"GENE1747","GENE1747_HUMAN","P96135","Protein GENE1747",-0.1532,1,0.25381,0.3015,0.5955,5,2,FALSE,FALSE,FALSE
"GENE1377","GENE1377_HUMAN","P23008","Protein GENE1377",-0.3999,1,0.972893,0,0.0119,6,6,FALSE,FALSE,FALSE
"GENE2276","GENE2276_HUMAN","P83951","Protein GENE2276",-0.1042,0.246564,0.062247,0.619,1.2059,6,3,FALSE,FALSE,FALSE
"GENE0596","GENE0596_HUMAN","P94412","Protein GENE0596",-0.4664,1,0.879668,0,0.0557,5,6,FALSE,FALSE,FALSE
"GENE0844","GENE0844_HUMAN","P29569","Protein GENE0844",-0.272,1,0.984307,0,0.0069,5,3,FALSE,FALSE,FALSE
"GENE2036","GENE2036_HUMAN","P20872","Protein GENE2036",0.3508,1,0.968407,0,0.0139,3,5,FALSE,FALSE,FALSE
"GENE0361","GENE0361_HUMAN","P54276","Protein GENE0361",0.4155,1,0.687898,0,0.1625,4,5,FALSE,FALSE,FALSE
"GENE1821","GENE1821_HUMAN","P06042","Protein GENE1821",0.3072,1,0.306805,0,0.5131,4,3,FALSE,FALSE,FALSE
"GENE1286","GENE1286_HUMAN","P23750","Protein GENE1286",-0.1001,1,0.843873,0,0.0737,4,2,FALSE,FALSE,FALSE
"GENE1345","GENE1345_HUMAN","P34098","Protein GENE1345",0.5005,0.922033,0.345053,0,0.4621,5,5,FALSE,FALSE,FALSE
"GENE2211","GENE2211_HUMAN","P90881","Protein GENE2211",-0.2628,1,0.949337,0,0.0226,6,4,FALSE,FALSE,FALSE
"GENE2858","GENE2858_HUMAN","P80586","Protein GENE2858",0.0407,1,0.602785,0,0.2198,2,5,FALSE,TRUE,FALSE
"GENE0248","GENE0248_HUMAN","P03901","Protein GENE0248",-0.0513,1,0.533619,0,0.2728,2,2,TRUE,FALSE,FALSE
"GENE0658","GENE0658_HUMAN","P82560","Protein GENE0658",0.1957,0.879188,0.780973,0,0.1074,4,6,FALSE,FALSE,FALSE
"GENE2514","GENE2514_HUMAN","P25913","Protein GENE2514",0.4987,1,0.724978,0,0.1397,3,5,FALSE,FALSE,FALSE
"GENE2420","GENE2420_HUMAN","P38179","Protein GENE2420",-0.1205,0.932057,0.667446,0,0.1756,6,5,FALSE,FALSE,FALSE
"GENE1162","GENE1162_HUMAN","P24498","Protein GENE1162",0.0024,1,0.443487,0,0.3531,5,2,TRUE,FALSE,FALSE
"GENE0450","GENE0450_HUMAN","P72952","Protein GENE0450",0.1302,1,0.783156,0,0.1062,2,4,FALSE,TRUE,FALSE
"GENE0900","GENE0900_HUMAN","P94802","Protein GENE0900",0.0966,0.903762,0.871738,0,0.0596,3,6,FALSE,FALSE,FALSE
"GENE0149","GENE0149_HUMAN","P74174","Protein GENE0149",-0.9553,1,0.578536,0,0.2377,3,6,FALSE,FALSE,FALSE
"GENE2329","GENE2329_HUMAN","P06612","Protein GENE2329",-0.1104,1,0.446511,0.126,0.3502,4,4,FALSE,FALSE,FALSE
"GENE2680","GENE2680_HUMAN","P48083","Protein GENE2680",0.2255,1,0.88945,0,0.0509,5,4,FALSE,FALSE,FALSE
"GENE1798","GENE1798_HUMAN","P04016","Protein GENE1798",-0.7988,1,0.734558,0,0.134,6,5,FALSE,FALSE,FALSE
"GENE0612","GENE0612_HUMAN","P95803","Protein GENE0612",-3.4451,0.024833,0.013624,1.2791,1.8657,3,4,FALSE,FALSE,TRUE
"GENE1032","GENE1032_HUMAN","P34908","Protein GENE1032",0.1392,0.992823,0.265595,0,0.5758,5,2,FALSE,FALSE,FALSE
"GENE2853","GENE2853_HUMAN","P14273","Protein GENE2853",-0.2648,1,0.409366,0.1876,0.3879,6,4,FALSE,FALSE,FALSE
"GENE1969","GENE1969_HUMAN","P02557","Protein GENE1969",-0.0367,1,0.917466,0,0.0374,3,3,FALSE,FALSE,FALSE
"GENE2565","GENE2565_HUMAN","P47133","Protein GENE2565",-0.2228,1,0.609965,0,0.2147,5,4,FALSE,FALSE,FALSE
"GENE0027","GENE0027_HUMAN","P47398","Protein GENE0027",-0.2988,1,0.717854,0,0.144,5,2,FALSE,FALSE,FALSE
"GENE1290","GENE1290_HUMAN","P48181","Protein GENE1290",-0.6911,1,0.869067,0,0.0609,5,6,FALSE,FALSE,FALSE
"GENE0085","GENE0085_HUMAN","P38618","Protein GENE0085",0.3496,1,0.749357,0,0.1253,6,3,FALSE,FALSE,FALSE
"GENE2478","GENE2478_HUMAN","P81066","Protein GENE2478",0.4064,1,0.847867,0,0.0717,2,2,FALSE,FALSE,FALSE
"GENE1952","GENE1952_HUMAN","P48360","Protein GENE1952",0.374,0.759912,0.654682,0,0.184,3,3,FALSE,FALSE,FALSE
"GENE1820","GENE1820_HUMAN","P65656","Protein GENE1820",0.2197,0.6969,0.24859,0.0988,0.6045,5,3,FALSE,FALSE,FALSE
"GENE1442","GENE1442_HUMAN","P60678","Protein GENE1442",0.1292,0.823726,0.748103,0,0.126,2,4,FALSE,FALSE,FALSE
"GENE2556","GENE2556_HUMAN","P77383","Protein GENE2556",0.0967,1,0.934685,0,0.0293,5,2,FALSE,FALSE,FALSE
"GENE1757","GENE1757_HUMAN","P99147","Protein GENE1757",-0.522,0.181578,0.147567,0.618,0.831,4,2,FALSE,FALSE,FALSE
"GENE2407","GENE2407_HUMAN","P87054","Protein GENE2407",0.706,1,0.771553,0,0.1126,5,6,FALSE,FALSE,FALSE
"GENE2263","GENE2263_HUMAN","P94966","Protein GENE2263",0.2367,1,0.870997,0,0.06,6,5,FALSE,FALSE,FALSE
"GENE0298","GENE0298_HUMAN","P47504","Protein GENE0298",-0.4638,1,0.938092,0,0.0278,4,6,FALSE,FALSE,FALSE
"GENE1863","GENE1863_HUMAN","P28024","Protein GENE1863",1.5422,0.023441,0.013599,1.4217,1.8665,3,4,FALSE,FALSE,TRUE
"GENE0249","GENE0249_HUMAN","P53180","Protein GENE0249",-0.3801,1,0.657161,0,0.1823,5,2,FALSE,FALSE,FALSE
"GENE0712","GENE0712_HUMAN","P06918","Protein GENE0712",0.4866,0.641464,0.213014,0.0073,0.6716,5,5,FALSE,FALSE,FALSE
"GENE1572","GENE1572_HUMAN","P75725","Protein GENE1572",-1.9444,0.00661,0.003012,2.1043,2.5211,5,4,TRUE,FALSE,TRUE
"GENE1052","GENE1052_HUMAN","P28998","Protein GENE1052",-0.4004,1,0.278859,0.1123,0.5546,2,2,TRUE,FALSE,FALSE
"GENE0139","GENE0139_HUMAN","P61087","Protein GENE0139",-0.1324,1,0.22415,0.363,0.6495,4,2,FALSE,FALSE,FALSE
"GENE0776","GENE0776_HUMAN","P99879","Protein GENE0776",0.5749,1,0.642931,0,0.1918,4,3,FALSE,FALSE,FALSE
"GENE1553","GENE1553_HUMAN","P99706","Protein GENE1553",-0.4984,0.293508,0.259809,0.0036,0.5853,3,4,FALSE,FALSE,FALSE
"GENE1935","GENE1935_HUMAN","P82673","Protein GENE1935",0.2838,1,0.687066,0,0.163,4,5,FALSE,FALSE,FALSE
"GENE1326","GENE1326_HUMAN","P85120","Protein GENE1326",0.5871,1,0.329813,0,0.4817,6,6,FALSE,FALSE,FALSE
"GENE2603","GENE2603_HUMAN","P00204","Protein GENE2603",0.0962,0.929624,0.572468,0,0.2422,3,3,FALSE,FALSE,FALSE
"GENE2103","GENE2103_HUMAN","P90260","Protein GENE2103",-0.4446,1,0.929754,0,0.0316,2,4,FALSE,FALSE,FALSE
"GENE1529","GENE1529_HUMAN","P26466","Protein GENE1529",0.8146,1,0.751109,0,0.1243,2,2,FALSE,TRUE,FALSE
"GENE2358","GENE2358_HUMAN","P22186","Protein GENE2358",0.4047,1,0.847104,0,0.0721,2,6,FALSE,TRUE,FALSE
"GENE0353","GENE0353_HUMAN","P82313","Protein GENE0353",-0.6865,0.022605,0.012546,1.5239,1.9015,5,4,FALSE,FALSE,TRUE
"GENE0352","GENE0352_HUMAN","P73793","Protein GENE0352",0.5955,0.723528,0.209021,0,0.6798,4,2,FALSE,FALSE,FALSE
"GENE0809","GENE0809_HUMAN","P08766","Protein GENE0809",0.578,0.781186,0.259935,0.162,0.5851,3,5,FALSE,FALSE,FALSE
"GENE2563","GENE2563_HUMAN","P15651","Protein GENE2563",-0.0353,1,0.663503,0,0.1782,2,3,FALSE,FALSE,FALSE
"GENE0743","GENE0743_HUMAN","P88733","Protein GENE0743",0.0238,1,0.950745,0,0.0219,4,6,FALSE,FALSE,FALSE
"GENE2522","GENE2522_HUMAN","P74651","Protein GENE2522",-0.1554,1,0.929951,0,0.0315,4,5,FALSE,TRUE,FALSE
"GENE1318","GENE1318_HUMAN","P40012","Protein GENE1318",0.0265,0.880717,0.656765,0.1701,0.1826,4,6,FALSE,FALSE,FALSE
"GENE0899","GENE0899_HUMAN","P84629","Protein GENE0899",-0.0183,1,0.834723,0,0.0785,2,2,FALSE,FALSE,FALSE
"GENE0833","GENE0833_HUMAN","P37770","Protein GENE0833",0.0556,1,0.399373,0,0.3986,4,2,FALSE,FALSE,FALSE
"GENE1132","GENE1132_HUMAN","P78643","Protein GENE1132",-0.0285,1,0.823516,0,0.0843,3,5,FALSE,FALSE,FALSE
"GENE1177","GENE1177_HUMAN","P17150","Protein GENE1177",-1.9691,0.016212,0.015327,1.1235,1.8145,4,4,FALSE,FALSE,TRUE
"GENE1448","GENE1448_HUMAN","P06735","Protein GENE1448",-0.13,0.501562,0.228747,0.0268,0.6406,3,4,FALSE,FALSE,FALSE
"GENE1815","GENE1815_HUMAN","P02652","Protein GENE1815",0.0383,1,0.558174,0,0.2532,4,6,FALSE,FALSE,FALSE
"GENE1280","GENE1280_HUMAN","P39374","Protein GENE1280",-0.1182,1,0.794439,0,0.0999,2,6,FALSE,FALSE,FALSE
"GENE0795","GENE0795_HUMAN","P88424","Protein GENE0795",-0.1409,1,0.364488,0,0.4383,4,2,FALSE,FALSE,FALSE
"GENE1867","GENE1867_HUMAN","P97703","Protein GENE1867",-0.5152,0.599141,0.224044,0.3248,0.6497,5,2,FALSE,FALSE,FALSE
"GENE0800","GENE0800_HUMAN","P64749","Protein GENE0800",-0.177,0.125449,0.093906,0.3452,1.0273,5,4,FALSE,FALSE,FALSE
"GENE0918","GENE0918_HUMAN","P76957","Protein GENE0918",0.1029,1,0.524905,0,0.2799,5,4,FALSE,FALSE,FALSE
"GENE2679","GENE2679_HUMAN","P37479","Protein GENE2679",0.1445,1,0.989083,0,0.0048,6,2,FALSE,FALSE,FALSE
"GENE1241","GENE1241_HUMAN","P88441","Protein GENE1241",0.6425,0.82925,0.278006,0,0.5559,3,2,FALSE,FALSE,FALSE
"GENE0607","GENE0607_HUMAN","P04095","Protein GENE0607",-0.1185,1,0.401183,0.2566,0.3967,3,5,FALSE,FALSE,FALSE
"GENE1092","GENE1092_HUMAN","P50196","Protein GENE1092",-1.9147,0.141384,0.047838,1.2581,1.3202,2,2,FALSE,TRUE,TRUE
"GENE0956","GENE0956_HUMAN","P86439","Protein GENE0956",-0.4545,1,0.386453,0,0.4129,2,4,TRUE,TRUE,FALSE
"GENE2737","GENE2737_HUMAN","P62622","Protein GENE2737",0.4651,1,0.980532,0,0.0085,4,3,FALSE,TRUE,FALSE
"GENE2473","GENE2473_HUMAN","P98094","Protein GENE2473",0.2066,1,0.845671,0,0.0728,2,2,TRUE,FALSE,FALSE
"GENE0537","GENE0537_HUMAN","P04783","Protein GENE0537",-0.1716,1,0.654019,0,0.1844,5,2,FALSE,FALSE,FALSE
"GENE1949","GENE1949_HUMAN","P49601","Protein GENE1949",-0.3353,0.986997,0.640907,0,0.1932,4,6,FALSE,FALSE,FALSE
"GENE2392","GENE2392_HUMAN","P93672","Protein GENE2392",0.0445,1,0.710949,0,0.1482,4,6,FALSE,FALSE,FALSE
"GENE0197","GENE0197_HUMAN","P48742","Protein GENE0197",-0.3204,1,0.772901,0,0.1119,6,6,FALSE,FALSE,FALSE
"GENE0769","GENE0769_HUMAN","P24604","Protein GENE0769",-0.5608,1,0.795195,0,0.0995,3,4,FALSE,FALSE,FALSE
"GENE1768","GENE1768_HUMAN","P70107","Protein GENE1768",-0.1613,1,0.484646,0,0.3146,5,3,FALSE,TRUE,FALSE
"GENE2625","GENE2625_HUMAN","P28122","Protein GENE2625",-0.1025,1,0.713332,0,0.1467,6,6,FALSE,FALSE,FALSE
"GENE2845","GENE2845_HUMAN","P91191","Protein GENE2845",0.293,1,0.859852,0,0.0656,3,3,FALSE,FALSE,FALSE
"GENE1640","GENE1640_HUMAN","P72138","Protein GENE1640",0.6862,0.677798,0.155228,0.1516,0.809,4,2,FALSE,FALSE,FALSE
"GENE1053","GENE1053_HUMAN","P16868","Protein GENE1053",-0.6093,0.992415,0.861283,0,0.0649,4,4,FALSE,FALSE,FALSE
"GENE1369","GENE1369_HUMAN","P53618","Protein GENE1369",-0.0207,1,0.525822,0,0.2792,2,4,TRUE,FALSE,FALSE
"GENE2384","GENE2384_HUMAN","P21198","Protein GENE2384",0.0295,1,0.740247,0,0.1306,2,6,FALSE,FALSE,FALSE
"GENE0854","GENE0854_HUMAN","P93773","Protein GENE0854",3.2641,0.012503,0.003266,1.7957,2.486,5,2,FALSE,FALSE,TRUE
"GENE1774","GENE1774_HUMAN","P93958","Protein GENE1774",0.0948,0.773986,0.647042,0,0.1891,3,2,FALSE,FALSE,FALSE
"GENE2066","GENE2066_HUMAN","P76340","Protein GENE2066",0.4603,1,0.468477,0,0.3293,2,5,FALSE,FALSE,FALSE
"GENE2048","GENE2048_HUMAN","P09181","Protein GENE2048",0.3293,0.996957,0.532172,0,0.2739,6,5,FALSE,FALSE,FALSE
"GENE0476","GENE0476_HUMAN","P76487","Protein GENE0476",-0.2244,1,0.833933,0,0.0789,4,2,FALSE,FALSE,FALSE
"GENE1410","GENE1410_HUMAN","P88498","Protein GENE1410",-0.2505,1,0.737638,0,0.1322,3,6,FALSE,FALSE,FALSE
"GENE0445","GENE0445_HUMAN","P50246","Protein GENE0445",0.3719,1,0.766766,0,0.1153,4,2,FALSE,FALSE,FALSE
"GENE1672","GENE1672_HUMAN","P82652","Protein GENE1672",0.1632,0.39174,0.088721,0.7367,1.052,2,6,FALSE,FALSE,FALSE
"GENE0747","GENE0747_HUMAN","P87747","Protein GENE0747",2.9963,0.078473,0.020122,1.295,1.6963,3,4,FALSE,FALSE,TRUE
"GENE1770","GENE1770_HUMAN","P40767","Protein GENE1770",0.0203,0.991885,0.232001,0.3242,0.6345,6,6,FALSE,FALSE,FALSE
"GENE0158","GENE0158_HUMAN","P10999","Protein GENE0158",-0.543,0.063081,0.019883,1.6787,1.7015,5,3,TRUE,FALSE,TRUE
"GENE1977","GENE1977_HUMAN","P35864","Protein GENE1977",0.1118,1,0.39286,0.2125,0.4058,3,2,FALSE,FALSE,FALSE
"GENE2816","GENE2816_HUMAN","P22226","Protein GENE2816",-0.1878,1,0.444314,0,0.3523,5,4,FALSE,FALSE,FALSE
"GENE2432","GENE2432_HUMAN","P88273","Protein GENE2432",0.2836,1,0.897351,0.0419,0.047,5,4,FALSE,FALSE,FALSE
"GENE1007","GENE1007_HUMAN","P36271","Protein GENE1007",-3.9539,0.028987,0.025632,0.9718,1.5912,4,3,TRUE,FALSE,TRUE
"GENE2465","GENE2465_HUMAN","P12063","Protein GENE2465",-0.0946,1,0.368713,0.3471,0.4333,5,4,FALSE,FALSE,FALSE
"GENE1541","GENE1541_HUMAN","P11486","Protein GENE1541",3.8524,0.009756,0.001961,2.1112,2.7074,3,6,FALSE,FALSE,TRUE
"GENE2900","GENE2900_HUMAN","P24914","Protein GENE2900",-0.0716,1,0.663651,0,0.1781,3,5,FALSE,FALSE,FALSE
"GENE0615","GENE0615_HUMAN","P84969","Protein GENE0615",0.212,0.500178,0.21081,0.4367,0.6761,3,4,FALSE,FALSE,FALSE
"GENE2569","GENE2569_HUMAN","P24110","Protein GENE2569",0.0897,1,0.690421,0,0.1609,3,6,FALSE,TRUE,FALSE
"GENE0024","GENE0024_HUMAN","P07420","Protein GENE0024",-0.5115,0.699201,0.188639,0.1596,0.7244,2,2,FALSE,FALSE,FALSE
"GENE1564","GENE1564_HUMAN","P23666","Protein GENE1564",0.5397,1,0.328903,0,0.4829,2,4,FALSE,FALSE,FALSE
"GENE1840","GENE1840_HUMAN","P04549","Protein GENE1840",-0.5673,0.469506,0.169183,0.207,0.7716,4,5,FALSE,FALSE,FALSE
"GENE0029","GENE0029_HUMAN","P92381","Protein GENE0029",0.1326,0.545247,0.142199,0.799,0.8471,6,6,FALSE,TRUE,FALSE
"GENE1294","GENE1294_HUMAN","P81862","Protein GENE1294",-0.0194,0.248641,0.089872,0.4198,1.0464,3,3,FALSE,FALSE,FALSE
"GENE0220","GENE0220_HUMAN","P12758","Protein GENE0220",-0.0686,0.164501,0.1285,0.3565,0.8911,4,2,FALSE,FALSE,FALSE
"GENE0117","GENE0117_HUMAN","P20498","Protein GENE0117",0.4738,1,0.598105,0,0.2232,3,3,FALSE,FALSE,FALSE
"GENE2269","GENE2269_HUMAN","P12892","Protein GENE2269",-0.3009,0.718431,0.300734,0.295,0.5218,4,6,FALSE,FALSE,FALSE
"GENE1932","GENE1932_HUMAN","P63084","Protein GENE1932",0.2638,1,0.938359,0,0.0276,5,2,FALSE,TRUE,FALSE
"GENE2173","GENE2173_HUMAN","P79312","Protein GENE2173",-0.7377,0.262627,0.10774,0.5616,0.9676,3,6,FALSE,TRUE,FALSE
"GENE0044","GENE0044_HUMAN","P39857","Protein GENE0044",-0.6452,1,0.86791,0,0.0615,2,5,FALSE,FALSE,FALSE
"GENE0345","GENE0345_HUMAN","P56941","Protein GENE0345",0.0317,0.141111,0.107859,0.4674,0.9671,5,5,FALSE,FALSE,FALSE
"GENE2196","GENE2196_HUMAN","P77602","Protein GENE2196",0.5286,0.521098,0.207916,0.036,0.6821,2,5,FALSE,FALSE,FALSE
"GENE0572","GENE0572_HUMAN","P96327","Protein GENE0572",0.4598,1,0.56857,0.0515,0.2452,6,6,FALSE,FALSE,FALSE
"GENE0513","GENE0513_HUMAN","P69562","Protein GENE0513",0.6793,1,0.544717,0,0.2638,4,6,FALSE,TRUE,FALSE
"GENE1520","GENE1520_HUMAN","P68243","Protein GENE1520",-0.0694,1,0.597456,0,0.2237,4,6,FALSE,FALSE,FALSE
"GENE1593","GENE1593_HUMAN","P44463","Protein GENE1593",0.1146,1,0.829614,0,0.0811,4,6,FALSE,FALSE,FALSE
"GENE2354","GENE2354_HUMAN","P89189","Protein GENE2354",-0.4966,1,0.844167,0,0.0736,6,5,FALSE,FALSE,FALSE
"GENE1497","GENE1497_HUMAN","P52861","Protein GENE1497",-0.0916,1,0.900655,0,0.0454,5,5,FALSE,FALSE,FALSE
"GENE0664","GENE0664_HUMAN","P97830","Protein GENE0664",-0.8774,1,0.72471,0,0.1398,5,3,TRUE,FALSE,FALSE
"DDX41","DDX41_HUMAN","P72117","Protein DDX41",-0.1732,1,0.724741,0,0.1398,4,4,FALSE,FALSE,FALSE
"GENE1744","GENE1744_HUMAN","P62551","Protein GENE1744",-0.0505,0.57672,0.289376,0.1311,0.5385,2,3,FALSE,FALSE,FALSE
"GENE1667","GENE1667_HUMAN","P64286","Protein GENE1667",-0.5112,0.596812,0.311252,0,0.5069,5,4,FALSE,TRUE,FALSE
"GENE0070","GENE0070_HUMAN","P61486","Protein GENE0070",-0.093,1,0.949558,0,0.0225,2,2,FALSE,FALSE,FALSE
"GENE2126","GENE2126_HUMAN","P92927","Protein GENE2126",-0.1304,1,0.760287,0,0.119,5,2,FALSE,FALSE,FALSE
"GENE1901","GENE1901_HUMAN","P25755","Protein GENE1901",-0.5453,0.909776,0.225925,0.0266,0.646,3,6,FALSE,FALSE,FALSE
"GENE0131","GENE0131_HUMAN","P60691","Protein GENE0131",0.5457,1,0.764904,0,0.1164,4,4,FALSE,FALSE,FALSE
"GENE0604","GENE0604_HUMAN","P70902","Protein GENE0604",0.1044,0.578643,0.446888,0.1353,0.3498,2,4,FALSE,FALSE,FALSE
"GENE2435","GENE2435_HUMAN","P55533","Protein GENE2435",-0.7013,1,0.502161,0,0.2992,3,2,FALSE,FALSE,FALSE
"GENE2505","GENE2505_HUMAN","P59032","Protein GENE2505",0.3132,1,0.821301,0,0.0855,6,2,FALSE,FALSE,FALSE
"GENE2779","GENE2779_HUMAN","P48446","Protein GENE2779",-0.1839,1,0.761862,0,0.1181,2,5,FALSE,TRUE,FALSE
"GENE2628","GENE2628_HUMAN","P76050","Protein GENE2628",-0.0374,1,0.701466,0,0.154,2,5,FALSE,FALSE,FALSE
"GENE2846","GENE2846_HUMAN","P56346","Protein GENE2846",0.7518,1,0.704888,0,0.1519,4,4,FALSE,FALSE,FALSE
"GENE0418","GENE0418_HUMAN","P79143","Protein GENE0418",-0.3922,0.541314,0.522473,0,0.2819,3,2,FALSE,FALSE,FALSE
"GENE0293","GENE0293_HUMAN","P01418","Protein GENE0293",-0.1415,1,0.54164,0,0.2663,4,2,FALSE,TRUE,FALSE
"GENE1250","GENE1250_HUMAN","P88231","Protein GENE1250",-0.068,1,0.767637,0,0.1148,3,4,FALSE,FALSE,FALSE
"GENE2164","GENE2164_HUMAN","P36347","Protein GENE2164",-0.9863,0.122199,0.102911,0.3641,0.9875,6,6,TRUE,FALSE,FALSE
"GENE2451","GENE2451_HUMAN","P96175","Protein GENE2451",-0.1621,1,0.694459,0,0.1584,4,2,FALSE,FALSE,FALSE
"GENE1842","GENE1842_HUMAN","P09694","Protein GENE1842",0.4341,1,0.356039,0,0.4485,2,2,FALSE,TRUE,FALSE
"GENE0923","GENE0923_HUMAN","P78991","Protein GENE0923",0.4266,1,0.682898,0,0.1656,4,2,FALSE,FALSE,FALSE
"GENE1930","GENE1930_HUMAN","P98797","Protein GENE1930",-0.2025,1,0.876379,0,0.0573,2,2,FALSE,FALSE,FALSE
"GENE0219","GENE0219_HUMAN","P66542","Protein GENE0219",-0.4003,1,0.787452,0,0.1038,3,2,FALSE,FALSE,FALSE
"EP300","EP300_HUMAN","P19647","Protein EP300",3.5542,0.082374,0.034426,0.9291,1.4631,3,3,FALSE,FALSE,TRUE
"GENE2303","GENE2303_HUMAN","P07286","Protein GENE2303",-0.2185,0.105165,0.094355,0.8147,1.0252,6,6,FALSE,FALSE,FALSE
"GENE0908","GENE0908_HUMAN","P12857","Protein GENE0908",0.1084,0.447519,0.129036,0.7335,0.8893,2,4,FALSE,FALSE,FALSE
"GENE1973","GENE1973_HUMAN","P45673","Protein GENE1973",3.7849,0.084779,0.026968,0.9228,1.5692,5,6,FALSE,FALSE,TRUE
"GENE0695","GENE0695_HUMAN","P81783","Protein GENE0695",0.2876,0.621509,0.189461,0.1853,0.7225,6,2,FALSE,FALSE,FALSE
"GENE1013","GENE1013_HUMAN","P35633","Protein GENE1013",-1.2678,0.207162,0.20221,0.55,0.6942,4,3,FALSE,FALSE,FALSE
"GENE0268","GENE0268_HUMAN","P19036","Protein GENE0268",-0.2718,1,0.516224,0,0.2872,5,6,FALSE,FALSE,FALSE
"GENE0399","GENE0399_HUMAN","P31510","Protein GENE0399",-0.313,0.787052,0.634944,0,0.1973,4,5,FALSE,FALSE,FALSE
"GENE2520","GENE2520_HUMAN","P29127","Protein GENE2520",0.1047,1,0.333151,0.4134,0.4774,6,4,FALSE,FALSE,FALSE
"GENE1224","GENE1224_HUMAN","P30448","Protein GENE1224",0.5966,0.388545,0.106467,0.8179,0.9728,4,2,FALSE,FALSE,FALSE
"GENE1063","GENE1063_HUMAN","P91951","Protein GENE1063",2.5282,0.112236,0.039789,0.7241,1.4002,3,4,FALSE,FALSE,TRUE
"GENE2146","GENE2146_HUMAN","P37168","Protein GENE2146",-0.1132,1,0.858142,0,0.0664,2,4,FALSE,FALSE,FALSE
"GENE2357","GENE2357_HUMAN","P34505","Protein GENE2357",0.418,0.894475,0.881869,0,0.0546,4,2,FALSE,TRUE,FALSE
"GENE0322","GENE0322_HUMAN","P54406","Protein GENE0322",-0.0517,1,0.718086,0.1237,0.1438,3,3,FALSE,TRUE,FALSE
"STK3","STK3_HUMAN","P24136","Protein STK3",2.9538,0.083062,0.025051,1.4435,1.6012,2,4,FALSE,FALSE,TRUE
"GENE1611","GENE1611_HUMAN","P39064","Protein GENE1611",-0.1986,0.166208,0.154085,0.488,0.8122,3,2,FALSE,FALSE,FALSE
"GENE2899","GENE2899_HUMAN","P99036","Protein GENE2899",-0.1997,1,0.44419,0,0.3524,2,4,FALSE,FALSE,FALSE
"GENE1320","GENE1320_HUMAN","P64222","Protein GENE1320",-0.0233,1,0.935777,0,0.0288,4,3,FALSE,FALSE,FALSE
"GENE1465","GENE1465_HUMAN","P75721","Protein GENE1465",0.5273,0.857625,0.490711,0,0.3092,6,5,FALSE,FALSE,FALSE
"GENE2132","GENE2132_HUMAN","P40652","Protein GENE2132",-0.0238,0.402432,0.208109,0.5101,0.6817,6,2,FALSE,FALSE,FALSE
"GENE0586","GENE0586_HUMAN","P34928","Protein GENE0586",-1.7226,0.039958,0.034737,1.263,1.4592,2,4,FALSE,FALSE,TRUE
"GENE0083","GENE0083_HUMAN","P60733","Protein GENE0083",0.5199,1,0.694524,0,0.1583,4,5,FALSE,FALSE,FALSE
"GENE1980","GENE1980_HUMAN","P46829","Protein GENE1980",-0.3637,0.238772,0.085093,0.7316,1.0701,6,4,FALSE,FALSE,FALSE
"GENE0171","GENE0171_HUMAN","P03585","Protein GENE0171",0.1038,1,0.951511,0,0.0216,2,4,FALSE,FALSE,FALSE
"GENE2650","GENE2650_HUMAN","P25908","Protein GENE2650",-0.0647,1,0.449891,0.3403,0.3469,5,3,FALSE,FALSE,FALSE
"GENE1651","GENE1651_HUMAN","P73183","Protein GENE1651",-0.018,0.888883,0.654247,0,0.1843,5,6,FALSE,FALSE,FALSE
"GENE0648","GENE0648_HUMAN","P40937","Protein GENE0648",0.3207,0.49571,0.383066,0.1234,0.4167,5,3,FALSE,FALSE,FALSE
"GENE0381","GENE0381_HUMAN","P35651","Protein GENE0381",-0.1067,0.192879,0.060675,1.2129,1.217,4,4,FALSE,FALSE,FALSE
"GENE2234","GENE2234_HUMAN","P95982","Protein GENE2234",-0.6037,0.632114,0.500629,0.2268,0.3005,5,3,FALSE,FALSE,FALSE
"GENE0715","GENE0715_HUMAN","P91492","Protein GENE0715",0.3559,0.189909,0.160033,0.2884,0.7958,2,2,TRUE,FALSE,FALSE
"GENE2223","GENE2223_HUMAN","P28864","Protein GENE2223",-0.3283,1,0.903522,0,0.0441,5,5,FALSE,FALSE,FALSE
"GENE1546","GENE1546_HUMAN","P59830","Protein GENE1546",-0.5532,0.117864,0.040325,0.8169,1.3944,6,4,FALSE,FALSE,TRUE
"GENE0472","GENE0472_HUMAN","P55269","Protein GENE0472",-0.2813,1,0.893593,0,0.0489,3,2,FALSE,FALSE,FALSE
"GENE1722","GENE1722_HUMAN","P39257","Protein GENE1722",0.541,1,0.442046,0,0.3545,3,3,FALSE,FALSE,FALSE
"GENE0814","GENE0814_HUMAN","P41001","Protein GENE0814",0.0746,0.334319,0.08684,0.3754,1.0613,2,3,FALSE,FALSE,FALSE
"GENE2116","GENE2116_HUMAN","P52372","Protein GENE2116",-0.0194,0.94964,0.589374,0,0.2296,4,5,FALSE,FALSE,FALSE
"GENE2800","GENE2800_HUMAN","P45378","Protein GENE2800",0.3714,0.189842,0.07991,0.804,1.0974,4,6,FALSE,FALSE,FALSE
"GENE2041","GENE2041_HUMAN","P60932","Protein GENE2041",-0.2407,1,0.727839,0,0.138,4,4,FALSE,FALSE,FALSE
"GENE0078","GENE0078_HUMAN","P62709","Protein GENE0078",0.2093,0.46399,0.292627,0,0.5337,6,3,TRUE,FALSE,FALSE
"GENE2668","GENE2668_HUMAN","P45816","Protein GENE2668",-0.3265,0.760739,0.228169,0.4497,0.6417,4,2,FALSE,FALSE,FALSE
"GENE2546","GENE2546_HUMAN","P81751","Protein GENE2546",-0.5565,1,0.669687,0,0.1741,5,5,FALSE,FALSE,FALSE
"GENE1926","GENE1926_HUMAN","P00886","Protein GENE1926",-0.448,0.547369,0.25632,0.1493,0.5912,2,5,FALSE,FALSE,FALSE
"GENE2842","GENE2842_HUMAN","P66748","Protein GENE2842",0.166,0.689003,0.401967,0,0.3958,4,5,FALSE,FALSE,FALSE
"GENE2658","GENE2658_HUMAN","P45352","Protein GENE2658",0.4225,1,0.474231,0.0633,0.324,3,2,TRUE,FALSE,FALSE
"GENE2054","GENE2054_HUMAN","P37562","Protein GENE2054",-0.8665,1,0.399214,0,0.3988,4,6,TRUE,FALSE,FALSE
"GENE1542","GENE1542_HUMAN","P39199","Protein GENE1542",-0.3597,0.818807,0.526847,0.2165,0.2783,3,6,FALSE,FALSE,FALSE
"GENE0235","GENE0235_HUMAN","P11190","Protein GENE0235",-2.7247,0.136715,0.046865,0.6303,1.3291,6,4,FALSE,FALSE,TRUE
"GENE0821","GENE0821_HUMAN","P18763","Protein GENE0821",-0.3104,1,0.803247,0,0.0952,5,6,FALSE,FALSE,FALSE
"GENE1912","GENE1912_HUMAN","P80085","Protein GENE1912",0.3334,1,0.448832,0,0.3479,6,3,FALSE,FALSE,FALSE
"GENE0656","GENE0656_HUMAN","P03842","Protein GENE0656",0.3058,1,0.316087,0.0649,0.5002,3,2,FALSE,FALSE,FALSE
"GENE1974","GENE1974_HUMAN","P37654","Protein GENE1974",0.5308,1,0.480679,0.0587,0.3181,3,5,FALSE,FALSE,FALSE
"GENE1540","GENE1540_HUMAN","P72938","Protein GENE1540",0.217,1,0.801937,0,0.0959,6,5,FALSE,FALSE,FALSE
"GENE1360","GENE1360_HUMAN","P91534","Protein GENE1360",-1.0146,1,0.507676,0,0.2944,3,2,FALSE,FALSE,FALSE
"GENE0849","GENE0849_HUMAN","P01365","Protein GENE0849",0.6397,0.944543,0.254323,0,0.5946,2,6,FALSE,FALSE,FALSE
"GENE1909","GENE1909_HUMAN","P45731","Protein GENE1909",0.2971,1,0.796507,0,0.0988,6,2,FALSE,TRUE,FALSE
"GENE2584","GENE2584_HUMAN","P62150","Protein GENE2584",0.2779,0.803152,0.485577,0,0.3137,6,3,FALSE,FALSE,FALSE
"GENE0108","GENE0108_HUMAN","P02580","Protein GENE0108",0.3571,1,0.471459,0,0.3266,5,6,FALSE,FALSE,FALSE
"GENE2093","GENE2093_HUMAN","P75306","Protein GENE2093",-0.7437,0.461073,0.305655,0,0.5148,3,4,FALSE,FALSE,FALSE
"GENE1685","GENE1685_HUMAN","P40872","Protein GENE1685",0.1673,0.893559,0.21974,0.2863,0.6581,2,5,FALSE,FALSE,FALSE
"GENE2493","GENE2493_HUMAN","P06764","Protein GENE2493",0.0065,1,0.525274,0,0.2796,3,3,FALSE,FALSE,FALSE
"GENE2368","GENE2368_HUMAN","P90359","Protein GENE2368",0.1989,0.898744,0.405153,0,0.3924,4,5,FALSE,FALSE,FALSE
"GENE2366","GENE2366_HUMAN","P56222","Protein GENE2366",-0.2901,1,0.310714,0,0.5076,3,3,FALSE,FALSE,FALSE
"GENE2815","GENE2815_HUMAN","P70704","Protein GENE2815",0.4329,0.829849,0.222768,0.0974,0.6521,3,2,FALSE,FALSE,FALSE
"GENE0181","GENE0181_HUMAN","P25382","Protein GENE0181",-0.0378,1,0.564446,0,0.2484,3,3,FALSE,TRUE,FALSE
"GENE2332","GENE2332_HUMAN","P72818","Protein GENE2332",0.0266,0.13367,0.078391,0.6417,1.1057,6,3,FALSE,FALSE,FALSE
"GENE2771","GENE2771_HUMAN","P85537","Protein GENE2771",-0.1255,0.88131,0.853132,0,0.069,6,6,FALSE,TRUE,FALSE
"GENE0446","GENE0446_HUMAN","P79398","Protein GENE0446",0.5868,1,0.619351,0,0.2081,4,4,FALSE,FALSE,FALSE
"GENE2836","GENE2836_HUMAN","P63829","Protein GENE2836",-0.1504,1,0.517443,0,0.2861,6,6,FALSE,FALSE,FALSE
"GENE2306","GENE2306_HUMAN","P43336","Protein GENE2306",-0.4393,0.806165,0.220544,0.4479,0.6565,6,6,FALSE,FALSE,FALSE
"GENE1576","GENE1576_HUMAN","P61039","Protein GENE1576",0.122,0.935836,0.393256,0,0.4053,4,5,FALSE,FALSE,FALSE
"GENE0744","GENE0744_HUMAN","P02664","Protein GENE0744",1.0181,1,0.457979,0,0.3392,4,3,FALSE,FALSE,FALSE
"GENE2106","GENE2106_HUMAN","P07023","Protein GENE2106",0.1332,0.515744,0.195581,0.0217,0.7087,5,5,FALSE,FALSE,FALSE
"GENE2872","GENE2872_HUMAN","P06954","Protein GENE2872",-0.0561,0.931874,0.544671,0,0.2639,2,4,FALSE,FALSE,FALSE
"GENE2410","GENE2410_HUMAN","P61791","Protein GENE2410",-0.3364,0.18174,0.14039,0.4133,0.8527,5,6,FALSE,FALSE,FALSE
"GENE1317","GENE1317_HUMAN","P05222","Protein GENE1317",0.0839,1,0.630429,0,0.2004,2,4,FALSE,FALSE,FALSE
"GENE2851","GENE2851_HUMAN","P38204","Protein GENE2851",0.3622,1,0.6739,0,0.1714,2,4,FALSE,FALSE,FALSE
"GENE0649","GENE0649_HUMAN","P79226","Protein GENE0649",-0.3897,1,0.378886,0,0.4215,6,2,FALSE,FALSE,FALSE
"GENE0112","GENE0112_HUMAN","P30306","Protein GENE0112",0.0564,1,0.701053,0,0.1542,3,4,FALSE,FALSE,FALSE
"GENE2894","GENE2894_HUMAN","P26616","Protein GENE2894",-0.1993,0.649124,0.327178,0,0.4852,2,3,FALSE,FALSE,FALSE
"GENE1272","GENE1272_HUMAN","P93661","Protein GENE1272",0.39,1,0.438798,0.0841,0.3577,4,3,TRUE,FALSE,FALSE
"GENE2614","GENE2614_HUMAN","P60735","Protein GENE2614",-0.3348,0.303722,0.076081,0.4619,1.1187,3,5,FALSE,FALSE,FALSE
"GENE1557","GENE1557_HUMAN","P65245","Protein GENE1557",-0.1283,0.312491,0.260301,0.3413,0.5845,5,6,FALSE,FALSE,FALSE
"GENE2731","GENE2731_HUMAN","P62413","Protein GENE2731",0.4756,0.835679,0.301626,0.0179,0.5205,3,4,FALSE,FALSE,FALSE
"GENE0666","GENE0666_HUMAN","P85241","Protein GENE0666",-0.2451,1,0.460406,0.1232,0.3369,5,3,FALSE,FALSE,FALSE
"GENE0673","GENE0673_HUMAN","P34956","Protein GENE0673",0.419,1,0.444524,0,0.3521,2,5,FALSE,FALSE,FALSE
"GENE2632","GENE2632_HUMAN","P73054","Protein GENE2632",0.3052,0.928344,0.627153,0.0052,0.2026,3,3,FALSE,FALSE,FALSE
"GENE1687","GENE1687_HUMAN","P95487","Protein GENE1687",0.0354,1,0.752849,0,0.1233,2,3,FALSE,FALSE,FALSE
"GENE0621","GENE0621_HUMAN","P72008","Protein GENE0621",-0.1255,1,0.529981,0,0.2757,3,3,FALSE,FALSE,FALSE
"GENE2689","GENE2689_HUMAN","P48870","Protein GENE2689",-0.1685,0.789653,0.441324,0.145,0.3552,2,4,FALSE,FALSE,FALSE
"GENE0528","GENE0528_HUMAN","P81405","Protein GENE0528",-0.0507,1,0.31475,0.4944,0.502,5,3,FALSE,FALSE,FALSE
"GENE1179","GENE1179_HUMAN","P98422","Protein GENE1179",0.2798,1,0.909593,0,0.0412,6,6,FALSE,FALSE,FALSE
"GENE2166","GENE2166_HUMAN","P15271","Protein GENE2166",0.3352,1,0.559046,0,0.2526,3,5,TRUE,FALSE,FALSE
"GENE0669","GENE0669_HUMAN","P60925","Protein GENE0669",-2.3624,0.059379,0.014155,1.2065,1.8491,4,2,FALSE,FALSE,TRUE
"GENE0393","GENE0393_HUMAN","P55113","Protein GENE0393",-0.0152,0.963277,0.243874,0.0241,0.6128,5,2,FALSE,FALSE,FALSE
"GENE0186","GENE0186_HUMAN","P43970","Protein GENE0186",0.0759,0.43932,0.147525,0.6643,0.8311,5,5,FALSE,FALSE,FALSE
"GENE0035","GENE0035_HUMAN","P61949","Protein GENE0035",-3.3994,0.196055,0.041094,1.0283,1.3862,2,3,FALSE,FALSE,TRUE
"GENE1400","GENE1400_HUMAN","P28895","Protein GENE1400",0.3727,1,0.332314,0,0.4785,5,3,FALSE,FALSE,FALSE
"GENE0742","GENE0742_HUMAN","P97671","Protein GENE0742",-0.3052,0.28929,0.073597,0.6804,1.1331,5,2,FALSE,FALSE,FALSE
"GENE2713","GENE2713_HUMAN","P90200","Protein GENE2713",0.4803,0.759489,0.309302,0.2023,0.5096,3,6,FALSE,FALSE,FALSE
"GENE2250","GENE2250_HUMAN","P02238","Protein GENE2250",0.5554,0.958002,0.624426,0,0.2045,3,3,FALSE,TRUE,FALSE
"GENE0582","GENE0582_HUMAN","P39836","Protein GENE0582",-0.4984,0.637216,0.491435,0,0.3085,6,4,FALSE,FALSE,FALSE
"GENE1291","GENE1291_HUMAN","P59350","Protein GENE1291",-0.4758,1,0.901576,0,0.045,6,2,TRUE,FALSE,FALSE
"GENE1340","GENE1340_HUMAN","P39345","Protein GENE1340",0.2262,1,0.789465,0,0.1027,5,4,FALSE,FALSE,FALSE
"GENE0115","GENE0115_HUMAN","P75794","Protein GENE0115",-0.1131,1,0.310928,0.0957,0.5073,5,6,FALSE,FALSE,FALSE
"GENE1386","GENE1386_HUMAN","P59488","Protein GENE1386",0.363,0.246207,0.099373,0.8053,1.0027,3,4,FALSE,FALSE,FALSE
"GENE2203","GENE2203_HUMAN","P34537","Protein GENE2203",0.4338,1,0.388569,0.1277,0.4105,3,5,TRUE,FALSE,FALSE
"GENE0886","GENE0886_HUMAN","P49490","Protein GENE0886",0.4357,0.855501,0.48059,0,0.3182,3,4,TRUE,FALSE,FALSE
"GENE0095","GENE0095_HUMAN","P08817","Protein GENE0095",0.2357,0.325586,0.068322,0.5278,1.1654,6,2,FALSE,FALSE,FALSE
"GENE0765","GENE0765_HUMAN","P22270","Protein GENE0765",-0.6844,1,0.369621,0,0.4322,2,4,FALSE,FALSE,FALSE
"GENE1176","GENE1176_HUMAN","P95887","Protein GENE1176",0.2986,1,0.413361,0.3272,0.3837,6,4,FALSE,FALSE,FALSE
"GENE2313","GENE2313_HUMAN","P45423","Protein GENE2313",0.5423,0.781647,0.202063,0.3044,0.6945,6,3,FALSE,FALSE,FALSE
"GENE1184","GENE1184_HUMAN","P93519","Protein GENE1184",0.3172,1,0.765464,0,0.1161,2,3,FALSE,FALSE,FALSE
"GENE2408","GENE2408_HUMAN","P65776","Protein GENE2408",-0.1252,1,0.521585,0,0.2827,2,6,FALSE,FALSE,FALSE
"GENE1175","GENE1175_HUMAN","P19026","Protein GENE1175",0.388,0.092483,0.066198,0.6374,1.1792,3,6,FALSE,FALSE,FALSE
"GENE1507","GENE1507_HUMAN","P48104","Protein GENE1507",-0.2606,1,0.553807,0,0.2566,2,3,FALSE,FALSE,FALSE
"GENE0157","GENE0157_HUMAN","P40716","Protein GENE0157",-0.1972,0.591564,0.182137,0.0927,0.7396,6,6,FALSE,FALSE,FALSE
"GENE1010","GENE1010_HUMAN","P92807","Protein GENE1010",-0.1924,1,0.634108,0,0.1978,5,2,TRUE,FALSE,FALSE
"GENE0955","GENE0955_HUMAN","P28522","Protein GENE0955",0.3599,0.37652,0.097825,0.4502,1.0096,4,2,FALSE,FALSE,FALSE
"GENE2823","GENE2823_HUMAN","P27969","Protein GENE2823",0.6061,1,0.698804,0,0.1556,2,3,FALSE,FALSE,FALSE
"GENE0652","GENE0652_HUMAN","P99251","Protein GENE0652",0.1475,1,0.80481,0,0.0943,5,4,FALSE,FALSE,FALSE
"GENE1758","GENE1758_HUMAN","P37259","Protein GENE1758",0.7756,0.101417,0.044079,0.7633,1.3558,4,4,FALSE,FALSE,TRUE
"GENE0540","GENE0540_HUMAN","P73641","Protein GENE0540",3.1313,0.054193,0.014303,1.548,1.8446,6,4,TRUE,FALSE,TRUE
"GENE2806","GENE2806_HUMAN","P17906","Protein GENE2806",0.3763,1,0.699002,0,0.1555,5,2,FALSE,FALSE,FALSE
"GENE2379","GENE2379_HUMAN","P76636","Protein GENE2379",0.2785,1,0.624853,0,0.2042,2,6,FALSE,FALSE,FALSE
"GENE2892","GENE2892_HUMAN","P89872","Protein GENE2892",-3.415,0.097753,0.042077,0.7877,1.376,3,5,FALSE,TRUE,TRUE
"GENE2405","GENE2405_HUMAN","P67451","Protein GENE2405",0.0843,1,0.476022,0,0.3224,5,5,FALSE,FALSE,FALSE
"GENE0092","GENE0092_HUMAN","P11393","Protein GENE0092",0.6314,1,0.419703,0,0.3771,3,2,FALSE,FALSE,FALSE
"GENE0185","GENE0185_HUMAN","P44187","Protein GENE0185",0.1921,1,0.213662,0.2826,0.6703,6,5,FALSE,TRUE,FALSE
"GENE0109","GENE0109_HUMAN","P66258","Protein GENE0109",0.1241,0.736844,0.154315,0.1786,0.8116,3,6,FALSE,TRUE,FALSE
"GENE0725","GENE0725_HUMAN","P11171","Protein GENE0725",0.1721,0.908598,0.197739,0.6274,0.7039,2,4,FALSE,TRUE,FALSE
"GENE0270","GENE0270_HUMAN","P48672","Protein GENE0270",0.047,1,0.807299,0,0.093,2,3,TRUE,FALSE,FALSE
"GENE2870","GENE2870_HUMAN","P67472","Protein GENE2870",-0.1142,0.948903,0.311023,0.2056,0.5072,4,3,FALSE,FALSE,FALSE
"GENE0087","GENE0087_HUMAN","P67563","Protein GENE0087",-0.0513,1,0.398028,0.0088,0.4001,6,4,FALSE,FALSE,FALSE
"GENE1135","GENE1135_HUMAN","P49796","Protein GENE1135",-0.4425,0.42776,0.099895,0.9084,1.0005,2,5,FALSE,FALSE,FALSE
"GENE0427","GENE0427_HUMAN","P97172","Protein GENE0427",0.1002,1,0.855061,0,0.068,5,5,TRUE,FALSE,FALSE
"GENE0161","GENE0161_HUMAN","P13578","Protein GENE0161",0.1196,0.32702,0.288116,0,0.5404,6,2,FALSE,FALSE,FALSE
"GENE1364","GENE1364_HUMAN","P41139","Protein GENE1364",0.5754,1,0.459295,0,0.3379,2,2,FALSE,FALSE,FALSE
"GENE2307","GENE2307_HUMAN","P48729","Protein GENE2307",0.5107,1,0.324175,0.3524,0.4892,6,5,FALSE,FALSE,FALSE
"GENE0684","GENE0684_HUMAN","P45511","Protein GENE0684",-0.4645,1,0.455124,0.2572,0.3419,6,2,FALSE,FALSE,FALSE
"GENE2651","GENE2651_HUMAN","P99815","Protein GENE2651",-0.3983,0.651026,0.296776,0.0073,0.5276,4,6,FALSE,FALSE,FALSE
"GENE0128","GENE0128_HUMAN","P73255","Protein GENE0128",0.0097,1,0.653746,0,0.1846,5,4,FALSE,TRUE,FALSE
"LARP1","LARP1_HUMAN","P58672","Protein LARP1",0.3413,1,0.604333,0,0.2187,5,2,FALSE,FALSE,FALSE
"GENE2149","GENE2149_HUMAN","P77833","Protein GENE2149",0.0779,1,0.885487,0,0.0528,5,6,FALSE,FALSE,FALSE
"GENE0056","GENE0056_HUMAN","P70125","Protein GENE0056",-0.3338,0.165971,0.083456,0.7273,1.0785,6,6,FALSE,FALSE,FALSE
"GENE0595","GENE0595_HUMAN","P10679","Protein GENE0595",-0.4098,1,0.839501,0,0.076,5,3,FALSE,FALSE,FALSE
"GENE0660","GENE0660_HUMAN","P81665","Protein GENE0660",0.4622,0.542789,0.175263,0.1396,0.7563,6,2,FALSE,TRUE,FALSE
"GENE0497","GENE0497_HUMAN","P10268","Protein GENE0497",0.3884,0.168099,0.070975,1.0596,1.1489,5,6,FALSE,FALSE,FALSE
"GENE0919","GENE0919_HUMAN","P39740","Protein GENE0919",0.2407,1,0.881257,0,0.0549,6,4,TRUE,FALSE,FALSE
"GENE0855","GENE0855_HUMAN","P59892","Protein GENE0855",0.1427,1,0.977129,0,0.01,3,4,FALSE,FALSE,FALSE
"GENE0637","GENE0637_HUMAN","P57973","Protein GENE0637",-0.0022,1,0.682973,0,0.1656,2,6,FALSE,FALSE,FALSE
"GENE1787","GENE1787_HUMAN","P86463","Protein GENE1787",0.2593,1,0.787688,0,0.1036,4,4,FALSE,FALSE,FALSE
"GENE0174","GENE0174_HUMAN","P78826","Protein GENE0174",-0.0393,1,0.495127,0,0.3053,6,4,FALSE,FALSE,FALSE
"GENE2551","GENE2551_HUMAN","P93119","Protein GENE2551",-0.068,1,0.801954,0,0.0959,6,2,FALSE,TRUE,FALSE
"GENE2120","GENE2120_HUMAN","P21653","Protein GENE2120",0.6636,0.556589,0.137819,0.2664,0.8607,4,3,FALSE,FALSE,FALSE
"GENE2728","GENE2728_HUMAN","P94358","Protein GENE2728",-0.8173,0.568627,0.422924,0,0.3737,5,5,FALSE,FALSE,FALSE
"GENE0349","GENE0349_HUMAN","P09651","Protein GENE0349",-0.1876,1,0.81781,0,0.0873,5,5,FALSE,FALSE,FALSE
"GENE0224","GENE0224_HUMAN","P38935","Protein GENE0224",-3.4663,0.145317,0.031011,0.8953,1.5085,3,5,FALSE,TRUE,TRUE
"GENE1173","GENE1173_HUMAN","P35828","Protein GENE1173",0.4581,1,0.875805,0,0.0576,6,6,FALSE,FALSE,FALSE
"GENE1879","GENE1879_HUMAN","P60499","Protein GENE1879",-1.2266,0.061225,0.03134,0.9985,1.5039,6,6,FALSE,FALSE,TRUE
"GENE0285","GENE0285_HUMAN","P99440","Protein GENE0285",-0.0965,1,0.442882,0.0468,0.3537,6,5,FALSE,FALSE,FALSE
"GENE1918","GENE1918_HUMAN","P23810","Protein GENE1918",1.3422,0.021003,0.011671,1.4649,1.9329,6,6,FALSE,FALSE,TRUE
"GENE2235","GENE2235_HUMAN","P97031","Protein GENE2235",-0.241,1,0.916145,0,0.038,5,6,FALSE,FALSE,FALSE
"GENE0585","GENE0585_HUMAN","P31533","Protein GENE0585",-0.409,0.764601,0.554671,0,0.256,5,6,FALSE,FALSE,FALSE
"GENE0204","GENE0204_HUMAN","P84733","Protein GENE0204",-0.6366,1,0.528792,0,0.2767,2,5,FALSE,FALSE,FALSE
"GENE1872","GENE1872_HUMAN","P92466","Protein GENE1872",0.131,0.195049,0.190614,0.3878,0.7198,5,3,FALSE,FALSE,FALSE
"GENE0144","GENE0144_HUMAN","P44700","Protein GENE0144",-0.086,1,0.314039,0.0857,0.503,3,4,FALSE,FALSE,FALSE
"GENE2769","GENE2769_HUMAN","P28572","Protein GENE2769",0.2253,1,0.466851,0,0.3308,2,3,FALSE,FALSE,FALSE
"GENE1739","GENE1739_HUMAN","P26899","Protein GENE1739",0.9268,1,0.913975,0,0.0391,2,3,FALSE,FALSE,FALSE
"GENE0335","GENE0335_HUMAN","P69485","Protein GENE0335",0.589,0.570951,0.134494,0.4469,0.8713,6,2,FALSE,TRUE,FALSE
"GENE2876","GENE2876_HUMAN","P46638","Protein GENE2876",-0.8054,1,0.845569,0,0.0729,4,3,FALSE,FALSE,FALSE
"GENE0440","GENE0440_HUMAN","P23879","Protein GENE0440",-0.2292,0.269838,0.067522,0.6939,1.1706,4,4,FALSE,FALSE,FALSE
"GENE1127","GENE1127_HUMAN","P97249","Protein GENE1127",-0.25,1,0.685284,0,0.1641,2,3,FALSE,FALSE,FALSE
"GENE1861","GENE1861_HUMAN","P52020","Protein GENE1861",0.0872,1,0.681109,0,0.1668,4,6,FALSE,FALSE,FALSE
"GENE2309","GENE2309_HUMAN","P51724","Protein GENE2309",0.5417,1,0.299707,0.0533,0.5233,6,4,FALSE,FALSE,FALSE
"GENE1078","GENE1078_HUMAN","P21170","Protein GENE1078",0.0209,0.958534,0.787071,0,0.104,6,3,FALSE,FALSE,FALSE
"GENE1118","GENE1118_HUMAN","P21941","Protein GENE1118",0.5418,1,0.584123,0,0.2335,3,3,FALSE,FALSE,FALSE
"GENE2527","GENE2527_HUMAN","P38545","Protein GENE2527",0.61,0.507591,0.258321,0.25,0.5878,3,5,FALSE,FALSE,FALSE
"GENE2508","GENE2508_HUMAN","P01375","Protein GENE2508",-0.0174,1,0.400702,0,0.3972,4,2,FALSE,FALSE,FALSE
"GENE0198","GENE0198_HUMAN","P78989","Protein GENE0198",0.3758,1,0.664684,0,0.1774,3,4,FALSE,FALSE,FALSE
"GENE1812","GENE1812_HUMAN","P04001","Protein GENE1812",0.1207,1,0.580141,0,0.2365,6,5,FALSE,FALSE,FALSE
"GENE2100","GENE2100_HUMAN","P21157","Protein GENE2100",-0.0169,0.63878,0.160837,0.2171,0.7936,3,4,TRUE,FALSE,FALSE
"GENE1799","GENE1799_HUMAN","P04632","Protein GENE1799",-0.4018,0.875325,0.508349,0,0.2938,3,4,FALSE,FALSE,FALSE
"GENE2367","GENE2367_HUMAN","P42466","Protein GENE2367",0.3428,1,0.823219,0,0.0845,4,2,FALSE,FALSE,FALSE
"GENE2745","GENE2745_HUMAN","P48610","Protein GENE2745",0.3066,1,0.474943,0,0.3234,3,6,FALSE,FALSE,FALSE
"GENE0170","GENE0170_HUMAN","P40129","Protein GENE0170",0.1031,1,0.259357,0,0.5861,3,2,FALSE,FALSE,FALSE
"GENE1359","GENE1359_HUMAN","P44213","Protein GENE1359",0.099,1,0.476633,0,0.3218,4,5,FALSE,FALSE,FALSE
"GENE2649","GENE2649_HUMAN","P66529","Protein GENE2649",0.3078,1,0.856214,0,0.0674,2,6,FALSE,FALSE,FALSE
"GENE0178","GENE0178_HUMAN","P13509","Protein GENE0178",-0.5273,1,0.497226,0,0.3034,5,6,FALSE,TRUE,FALSE
"GENE0400","GENE0400_HUMAN","P70610","Protein GENE0400",0.1385,1,0.735834,0,0.1332,6,6,FALSE,FALSE,FALSE
"GENE0053","GENE0053_HUMAN","P51648","Protein GENE0053",-1.6034,0.061236,0.018657,1.134,1.7292,2,3,FALSE,FALSE,TRUE
"GENE1231","GENE1231_HUMAN","P04539","Protein GENE1231",-0.0068,0.250611,0.122954,0.2173,0.9103,5,5,FALSE,FALSE,FALSE
"GENE1472","GENE1472_HUMAN","P01911","Protein GENE1472",-0.8086,1,0.97443,0,0.0112,5,2,FALSE,FALSE,FALSE
"GENE1727","GENE1727_HUMAN","P97966","Protein GENE1727",-0.3842,1,0.817766,0,0.0874,4,3,FALSE,FALSE,FALSE
"GENE1408","GENE1408_HUMAN","P70430","Protein GENE1408",0.53,1,0.415909,0,0.381,4,4,FALSE,FALSE,FALSE
"GENE2270","GENE2270_HUMAN","P79279","Protein GENE2270",-0.0489,0.415292,0.158068,0.1351,0.8012,4,5,FALSE,FALSE,FALSE
"GENE1621","GENE1621_HUMAN","P08884","Protein GENE1621",-0.0746,1,0.900318,0,0.0456,3,6,FALSE,FALSE,FALSE
"GENE0808","GENE0808_HUMAN","P05809","Protein GENE0808",0.4845,1,0.538163,0,0.2691,3,3,FALSE,FALSE,FALSE
"GENE1733","GENE1733_HUMAN","P64973","Protein GENE1733",0.7041,0.134982,0.085882,0.7619,1.0661,6,3,FALSE,FALSE,FALSE
"GENE1355","GENE1355_HUMAN","P59026","Protein GENE1355",-0.2872,1,0.702797,0,0.1532,2,6,FALSE,TRUE,FALSE
"GENE1562","GENE1562_HUMAN","P33286","Protein GENE1562",-0.1683,1,0.783246,0,0.1061,4,5,TRUE,FALSE,FALSE
"GENE1379","GENE1379_HUMAN","P57060","Protein GENE1379",0.368,1,0.272196,0.0286,0.5651,2,2,TRUE,FALSE,FALSE
"GENE1125","GENE1125_HUMAN","P96473","Protein GENE1125",0.1572,1,0.707574,0,0.1502,4,6,FALSE,FALSE,FALSE
"GENE2377","GENE2377_HUMAN","P29522","Protein GENE2377",0.7498,0.805632,0.713431,0,0.1466,3,6,FALSE,FALSE,FALSE
"GENE0709","GENE0709_HUMAN","P13302","Protein GENE0709",0.4276,0.823923,0.566128,0.1945,0.2471,4,6,FALSE,FALSE,FALSE
"GENE0223","GENE0223_HUMAN","P83211","Protein GENE0223",-0.1808,1,0.731257,0,0.1359,4,5,FALSE,FALSE,FALSE
"GENE0936","GENE0936_HUMAN","P56811","Protein GENE0936",0.0713,0.779491,0.264226,0.0709,0.578,3,2,FALSE,FALSE,FALSE
"GENE2636","GENE2636_HUMAN","P48255","Protein GENE2636",0.2666,1,0.787508,0.0287,0.1037,3,4,FALSE,FALSE,FALSE
"GENE2282","GENE2282_HUMAN","P53900","Protein GENE2282",-0.2106,1,0.632715,0,0.1988,6,5,FALSE,FALSE,FALSE
"GENE0793","GENE0793_HUMAN","P35852","Protein GENE0793",0.1827,0.973526,0.718849,0,0.1434,2,6,FALSE,FALSE,FALSE
"GENE2072","GENE2072_HUMAN","P52695","Protein GENE2072",-0.4619,1,0.32082,0.3861,0.4937,6,3,FALSE,FALSE,FALSE
"GENE1131","GENE1131_HUMAN","P53244","Protein GENE1131",-0.0227,1,0.515727,0.0318,0.2876,3,3,FALSE,FALSE,FALSE
"GENE1592","GENE1592_HUMAN","P80085","Protein GENE1592",0.0759,0.686084,0.339931,0.2166,0.4686,6,4,FALSE,FALSE,FALSE
"GENE0168","GENE0168_HUMAN","P23435","Protein GENE0168",0.7069,0.470852,0.176204,0.2069,0.754,4,6,FALSE,TRUE,FALSE
"GENE1873","GENE1873_HUMAN","P68454","Protein GENE1873",0.3428,0.996795,0.444635,0,0.352,3,4,FALSE,FALSE,FALSE
"GENE2818","GENE2818_HUMAN","P13444","Protein GENE2818",0.3807,1,0.73386,0,0.1344,3,6,FALSE,FALSE,FALSE
"GENE1458","GENE1458_HUMAN","P77867","Protein GENE1458",-0.348,1,0.663235,0,0.1783,6,5,FALSE,FALSE,FALSE
"GENE0949","GENE0949_HUMAN","P21160","Protein GENE0949",-4.0198,0.047036,0.013476,1.8451,1.8704,2,6,FALSE,FALSE,TRUE
"GENE1574","GENE1574_HUMAN","P99169","Protein GENE1574",0.3071,1,0.627553,0.0393,0.2023,6,5,FALSE,FALSE,FALSE
"GENE2777","GENE2777_HUMAN","P73079","Protein GENE2777",-0.885,1,0.856294,0,0.0674,4,6,FALSE,FALSE,FALSE
"GENE2406","GENE2406_HUMAN","P39964","Protein GENE2406",1.7646,0.175533,0.048349,0.8346,1.3156,2,2,FALSE,FALSE,TRUE
"GENE1978","GENE1978_HUMAN","P87362","Protein GENE1978",-0.4015,0.291839,0.077906,0.4492,1.1084,4,2,FALSE,FALSE,FALSE
"GENE1642","GENE1642_HUMAN","P56877","Protein GENE1642",-0.2031,1,0.443872,0,0.3527,6,4,FALSE,FALSE,FALSE
"GENE2843","GENE2843_HUMAN","P27638","Protein GENE2843",-0.1001,0.343548,0.197261,0.0732,0.705,4,5,FALSE,FALSE,FALSE
"GENE2545","GENE2545_HUMAN","P35134","Protein GENE2545",-0.4945,0.539017,0.201881,0.123,0.6949,5,4,FALSE,TRUE,FALSE
"GENE1536","GENE1536_HUMAN","P14483","Protein GENE1536",-0.2563,0.943985,0.566282,0,0.247,5,2,FALSE,FALSE,FALSE
"GENE2801","GENE2801_HUMAN","P49444","Protein GENE2801",-0.1524,1,0.916581,0,0.0378,2,5,FALSE,FALSE,FALSE
"GENE1483","GENE1483_HUMAN","P66733","Protein GENE1483",0.2763,0.131323,0.097093,0.4748,1.0128,4,2,FALSE,FALSE,FALSE
"GENE2310","GENE2310_HUMAN","P97218","Protein GENE2310",0.2369,1,0.261285,0.1301,0.5829,6,2,FALSE,FALSE,FALSE
"GENE2740","GENE2740_HUMAN","P15994","Protein GENE2740",-0.7019,1,0.61123,0,0.2138,4,2,FALSE,FALSE,FALSE
"GENE2176","GENE2176_HUMAN","P80589","Protein GENE2176",-0.099,1,0.348461,0,0.4578,3,6,FALSE,FALSE,FALSE
"GENE0942","GENE0942_HUMAN","P63813","Protein GENE0942",0.1022,1,0.955075,0,0.02,3,5,FALSE,FALSE,FALSE
"GENE2070","GENE2070_HUMAN","P98404","Protein GENE2070",-0.082,0.425957,0.093173,0.628,1.0307,6,2,TRUE,FALSE,FALSE
"GENE0589","GENE0589_HUMAN","P38209","Protein GENE0589",-0.4576,0.352571,0.154483,0.5003,0.8111,4,4,FALSE,FALSE,FALSE
"GENE0442","GENE0442_HUMAN","P44015","Protein GENE0442",-0.1268,0.855944,0.674793,0,0.1708,3,6,FALSE,FALSE,FALSE
"GENE1076","GENE1076_HUMAN","P97963","Protein GENE1076",-0.1749,1,0.418834,0,0.378,3,6,FALSE,FALSE,FALSE
"GENE0711","GENE0711_HUMAN","P58693","Protein GENE0711",-0.1251,0.63732,0.355122,0,0.4496,4,4,FALSE,FALSE,FALSE
"GENE1531","GENE1531_HUMAN","P15563","Protein GENE1531",0.0563,1,0.832391,0,0.0797,2,3,FALSE,FALSE,FALSE
"GENE1839","GENE1839_HUMAN","P20076","Protein GENE1839",-0.0837,1,0.712793,0,0.147,2,2,FALSE,FALSE,FALSE
"GENE2069","GENE2069_HUMAN","P60361","Protein GENE2069",0.5004,0.329094,0.098198,0.8031,1.0079,3,4,TRUE,FALSE,FALSE
"GENE1253","GENE1253_HUMAN","P57668","Protein GENE1253",-0.2725,0.219189,0.067306,0.754,1.1719,6,5,FALSE,FALSE,FALSE
"GENE2156","GENE2156_HUMAN","P75389","Protein GENE2156",-0.0056,1,0.950359,0,0.0221,2,2,FALSE,TRUE,FALSE
"GENE1488","GENE1488_HUMAN","P47012","Protein GENE1488",-0.4107,1,0.429574,0.1683,0.367,4,6,FALSE,FALSE,FALSE
"GENE2225","GENE2225_HUMAN","P44228","Protein GENE2225",0.0347,0.38249,0.197192,0.5801,0.7051,4,2,FALSE,FALSE,FALSE
"GENE1181","GENE1181_HUMAN","P14664","Protein GENE1181",0.7031,0.011801,0.00874,1.4067,2.0585,2,3,FALSE,FALSE,TRUE
"GENE2129","GENE2129_HUMAN","P81107","Protein GENE2129",-0.4555,1,0.524768,0,0.28,4,4,FALSE,FALSE,FALSE
"GENE1927","GENE1927_HUMAN","P35913","Protein GENE1927",-0.0286,1,0.35106,0.2229,0.4546,6,4,FALSE,FALSE,FALSE
"GENE0738","GENE0738_HUMAN","P82864","Protein GENE0738",-0.4112,1,0.628024,0,0.202,4,2,FALSE,FALSE,FALSE
"GENE2620","GENE2620_HUMAN","P29181","Protein GENE2620",0.4818,1,0.929285,0,0.0319,5,2,FALSE,FALSE,FALSE
"GENE2839","GENE2839_HUMAN","P69863","Protein GENE2839",-0.6795,0.865788,0.497448,0,0.3033,2,3,FALSE,FALSE,FALSE
"GENE1398","GENE1398_HUMAN","P96287","Protein GENE1398",-0.5153,1,0.995956,0,0.0018,3,4,FALSE,FALSE,FALSE
"GENE1889","GENE1889_HUMAN","P73219","Protein GENE1889",0.4927,1,0.378105,0,0.4224,2,6,TRUE,FALSE,FALSE
"GENE0499","GENE0499_HUMAN","P48184","Protein GENE0499",0.4107,0.628365,0.432685,0,0.3638,3,5,FALSE,FALSE,FALSE
"GENE2629","GENE2629_HUMAN","P15305","Protein GENE2629",0.003,1,0.738017,0,0.1319,5,4,FALSE,FALSE,FALSE
"GENE0998","GENE0998_HUMAN","P90665","Protein GENE0998",-0.2648,1,0.54477,0.0653,0.2638,6,2,FALSE,FALSE,FALSE
"GENE1645","GENE1645_HUMAN","P76479","Protein GENE1645",0.0079,1,0.973487,0,0.0117,6,5,FALSE,FALSE,FALSE
"GENE0675","GENE0675_HUMAN","P82185","Protein GENE0675",-0.7233,0.363941,0.237873,0.1067,0.6237,4,2,TRUE,FALSE,FALSE
"GENE0552","GENE0552_HUMAN","P86930","Protein GENE0552",0.3631,0.317632,0.071907,0.5347,1.1432,3,5,FALSE,FALSE,FALSE
"GENE0584","GENE0584_HUMAN","P81401","Protein GENE0584",4.3488,0.075197,0.029659,0.946,1.5278,3,5,FALSE,FALSE,TRUE
"GENE2208","GENE2208_HUMAN","P25736","Protein GENE2208",-0.4357,0.56864,0.123809,0.5026,0.9072,2,3,FALSE,FALSE,FALSE
"GENE2805","GENE2805_HUMAN","P07832","Protein GENE2805",-0.2652,1,0.525453,0,0.2795,6,4,FALSE,FALSE,FALSE
"GENE0583","GENE0583_HUMAN","P57781","Protein GENE0583",-0.0388,1,0.940661,0,0.0266,5,2,TRUE,TRUE,FALSE
"GENE1427","GENE1427_HUMAN","P16443","Protein GENE1427",-0.2651,0.689625,0.158235,0.6864,0.8007,6,2,FALSE,FALSE,FALSE
"GENE2401","GENE2401_HUMAN","P48013","Protein GENE2401",-0.3511,0.77243,0.157805,0.2506,0.8019,3,6,FALSE,FALSE,FALSE
"GENE1610","GENE1610_HUMAN","P81794","Protein GENE1610",-0.0411,1,0.616853,0,0.2098,6,5,TRUE,FALSE,FALSE
"GENE2362","GENE2362_HUMAN","P46678","Protein GENE2362",-0.2695,1,0.843265,0,0.074,2,4,TRUE,FALSE,FALSE
"GENE1859","GENE1859_HUMAN","P71434","Protein GENE1859",0.1191,0.141643,0.083907,0.7293,1.0762,3,2,FALSE,FALSE,FALSE
"GENE0331","GENE0331_HUMAN","P35208","Protein GENE0331",0.0048,0.491315,0.306385,0,0.5137,3,6,FALSE,FALSE,FALSE
"GENE2201","GENE2201_HUMAN","P38396","Protein GENE2201",0.2895,1,0.507881,0,0.2942,3,3,FALSE,FALSE,FALSE
"GENE1703","GENE1703_HUMAN","P46655","Protein GENE1703",-0.1262,1,0.710955,0,0.1482,3,4,FALSE,FALSE,FALSE
"GENE1161","GENE1161_HUMAN","P15852","Protein GENE1161",0.1974,1,0.567585,0,0.246,2,2,FALSE,FALSE,FALSE
"GENE2462","GENE2462_HUMAN","P72510","Protein GENE2462",0.4326,1,0.472428,0,0.3257,4,5,TRUE,FALSE,FALSE
"GENE2283","GENE2283_HUMAN","P94073","Protein GENE2283",0.1236,0.598505,0.161351,0.3454,0.7922,4,5,FALSE,FALSE,FALSE
"GENE1700","GENE1700_HUMAN","P20064","Protein GENE1700",-0.2981,0.920211,0.617384,0,0.2094,6,6,FALSE,FALSE,FALSE
"GENE0690","GENE0690_HUMAN","P37988","Protein GENE0690",-0.2819,1,0.578098,0,0.238,2,2,FALSE,FALSE,FALSE
"GENE2641","GENE2641_HUMAN","P13646","Protein GENE2641",0.2498,0.176289,0.062457,0.694,1.2044,2,4,FALSE,FALSE,FALSE
"GENE1334","GENE1334_HUMAN","P72742","Protein GENE1334",0.0479,1,0.876643,0,0.0572,4,4,TRUE,FALSE,FALSE
"GENE0124","GENE0124_HUMAN","P71898","Protein GENE0124",-0.0585,0.975106,0.296664,0,0.5277,4,5,FALSE,FALSE,FALSE
"GENE2678","GENE2678_HUMAN","P15658","Protein GENE2678",0.3798,0.640298,0.276934,0,0.5576,5,5,TRUE,FALSE,FALSE
"GENE0253","GENE0253_HUMAN","P22614","Protein GENE0253",0.2524,1,0.790078,0,0.1023,3,4,FALSE,FALSE,FALSE
"GENE1501","GENE1501_HUMAN","P33271","Protein GENE1501",0.3577,1,0.559975,0.0958,0.2518,5,4,FALSE,FALSE,FALSE
"GENE2158","GENE2158_HUMAN","P42672","Protein GENE2158",-0.125,1,0.825817,0,0.0831,3,2,TRUE,FALSE,FALSE
"GENE1975","GENE1975_HUMAN","P38654","Protein GENE1975",-0.3963,0.502817,0.332583,0,0.4781,4,3,FALSE,FALSE,FALSE
"GENE1869","GENE1869_HUMAN","P78272","Protein GENE1869",4.0154,0.069051,0.015064,1.3996,1.8221,4,5,FALSE,FALSE,TRUE
"GENE0580","GENE0580_HUMAN","P61326","Protein GENE0580",-0.5143,0.990999,0.479837,0,0.3189,2,5,FALSE,FALSE,FALSE
"GENE2821","GENE2821_HUMAN","P31099","Protein GENE2821",0.1451,1,0.396331,0,0.4019,6,5,FALSE,FALSE,FALSE
"GENE2630","GENE2630_HUMAN","P49921","Protein GENE2630",-0.2705,0.509991,0.334759,0.1763,0.4753,4,5,FALSE,FALSE,FALSE
"GENE1654","GENE1654_HUMAN","P26461","Protein GENE1654",0.2009,1,0.580106,0.1106,0.2365,3,3,FALSE,FALSE,FALSE
"GENE2083","GENE2083_HUMAN","P99494","Protein GENE2083",0.5323,1,0.906468,0,0.0426,6,5,FALSE,FALSE,FALSE
"GENE1239","GENE1239_HUMAN","P85877","Protein GENE1239",0.0332,1,0.978224,0,0.0096,6,4,FALSE,FALSE,FALSE
"GENE0805","GENE0805_HUMAN","P18999","Protein GENE0805",-0.5374,0.462513,0.214029,0.3732,0.6695,5,2,FALSE,FALSE,FALSE
"NEK1","NEK1_HUMAN","P71529","Protein NEK1",2.8676,0.073418,0.026135,1.0544,1.5828,2,4,FALSE,FALSE,TRUE
"GENE1301","GENE1301_HUMAN","P12271","Protein GENE1301",3.3085,0.15155,0.036839,1.0512,1.4337,6,2,TRUE,FALSE,TRUE
"GENE1951","GENE1951_HUMAN","P69182","Protein GENE1951",-0.2987,1,0.68051,0,0.1672,3,5,FALSE,FALSE,FALSE
"GENE0344","GENE0344_HUMAN","P30168","Protein GENE0344",0.1174,1,0.402751,0,0.395,4,6,FALSE,FALSE,FALSE
"GENE1217","GENE1217_HUMAN","P42768","Protein GENE1217",-0.0615,1,0.322404,0,0.4916,3,3,FALSE,FALSE,FALSE
"GENE2265","GENE2265_HUMAN","P96024","Protein GENE2265",0.2538,1,0.786021,0,0.1046,6,4,FALSE,FALSE,FALSE
"GENE2058","GENE2058_HUMAN","P55482","Protein GENE2058",0.5933,0.938386,0.19917,0.1471,0.7008,3,5,FALSE,FALSE,FALSE
"GENE0105","GENE0105_HUMAN","P11363","Protein GENE0105",-0.3522,1,0.813556,0,0.0896,6,4,FALSE,TRUE,FALSE
"GENE2659","GENE2659_HUMAN","P35516","Protein GENE2659",0.3721,0.224879,0.082552,0.4675,1.0833,3,5,FALSE,FALSE,FALSE
"GENE2049","GENE2049_HUMAN","P10513","Protein GENE2049",0.0813,1,0.9554,0,0.0198,5,3,FALSE,FALSE,FALSE
"GENE0051","GENE0051_HUMAN","P55821","Protein GENE0051",0.2234,0.877167,0.256338,0.1373,0.5912,4,4,FALSE,FALSE,FALSE
"GENE2852","GENE2852_HUMAN","P57781","Protein GENE2852",-0.0813,0.672785,0.185351,0.0419,0.732,6,2,TRUE,FALSE,FALSE
"GENE2822","GENE2822_HUMAN","P88725","Protein GENE2822",-0.1258,1,0.380003,0.1851,0.4202,6,6,FALSE,TRUE,FALSE
"GENE0134","GENE0134_HUMAN","P29697","Protein GENE0134",-0.1884,1,0.702319,0,0.1535,4,2,FALSE,FALSE,FALSE
"GENE1931","GENE1931_HUMAN","P55454","Protein GENE1931",0.5982,0.743505,0.677459,0,0.1691,2,5,FALSE,FALSE,FALSE
"DHX58","DHX58_HUMAN","P20901","Protein DHX58",0.0611,1,0.664263,0,0.1777,3,4,FALSE,FALSE,FALSE
"GENE0260","GENE0260_HUMAN","P36534","Protein GENE0260",-0.8853,0.051963,0.025675,0.9684,1.5905,5,3,FALSE,FALSE,TRUE
"GENE0503","GENE0503_HUMAN","P38382","Protein GENE0503",0.0408,0.900322,0.257442,0.2143,0.5893,2,4,FALSE,FALSE,FALSE
"GENE0275","GENE0275_HUMAN","P19730","Protein GENE0275",0.4354,1,0.936581,0,0.0285,2,4,FALSE,FALSE,FALSE
"GENE1837","GENE1837_HUMAN","P75670","Protein GENE1837",-0.3986,1,0.435549,0.1728,0.361,2,6,FALSE,FALSE,FALSE
"GENE1107","GENE1107_HUMAN","P81061","Protein GENE1107",-0.3824,1,0.35262,0.4503,0.4527,5,6,FALSE,FALSE,FALSE
"GENE1133","GENE1133_HUMAN","P83349","Protein GENE1133",-0.3141,1,0.902899,0,0.0444,2,4,FALSE,FALSE,FALSE
"GENE0015","GENE0015_HUMAN","P95635","Protein GENE0015",-0.3801,1,0.55476,0.0059,0.2559,6,2,FALSE,FALSE,FALSE
"GENE0834","GENE0834_HUMAN","P34114","Protein GENE0834",-0.1341,1,0.222799,0.4408,0.6521,2,4,FALSE,FALSE,FALSE
"GENE0783","GENE0783_HUMAN","P39697","Protein GENE0783",0.6877,1,0.6062,0,0.2174,2,5,FALSE,FALSE,FALSE
"GENE2837","GENE2837_HUMAN","P02031","Protein GENE2837",-0.7036,0.384145,0.080014,0.4559,1.0968,5,3,FALSE,FALSE,FALSE
"GENE1826","GENE1826_HUMAN","P34588","Protein GENE1826",2.206,0.075436,0.035857,1.2345,1.4454,5,2,FALSE,FALSE,TRUE
"GENE2474","GENE2474_HUMAN","P65375","Protein GENE2474",-0.4048,1,0.437227,0,0.3593,3,6,FALSE,FALSE,FALSE
"GENE1751","GENE1751_HUMAN","P75184","Protein GENE1751",-0.0599,0.339109,0.137615,0.1919,0.8613,6,5,FALSE,TRUE,FALSE
"GENE2079","GENE2079_HUMAN","P99199","Protein GENE2079",0.121,1,0.815917,0,0.0884,5,6,FALSE,FALSE,FALSE
"GENE2774","GENE2774_HUMAN","P27347","Protein GENE2774",-0.4758,0.852282,0.547303,0,0.2618,6,6,FALSE,FALSE,FALSE
"GENE2395","GENE2395_HUMAN","P17354","Protein GENE2395",0.1691,0.665657,0.598711,0,0.2228,5,4,FALSE,FALSE,FALSE
"GENE2830","GENE2830_HUMAN","P95789","Protein GENE2830",-0.4256,0.38225,0.171671,0.2144,0.7653,4,5,FALSE,FALSE,FALSE
"DHX15","DHX15_HUMAN","P20279","Protein DHX15",0.3899,1,0.320871,0.1109,0.4937,6,4,FALSE,FALSE,FALSE
"GENE0183","GENE0183_HUMAN","P15746","Protein GENE0183",0.5839,1,0.701467,0,0.154,2,5,TRUE,FALSE,FALSE
"GENE2125","GENE2125_HUMAN","P94688","Protein GENE2125",0.2618,1,0.946994,0,0.0237,6,4,FALSE,FALSE,FALSE
"GENE0902","GENE0902_HUMAN","P05324","Protein GENE0902",-0.3988,0.721122,0.29096,0.4485,0.5362,3,2,FALSE,FALSE,FALSE
"GENE0101","GENE0101_HUMAN","P00371","Protein GENE0101",-0.0717,1,0.946311,0,0.024,6,5,TRUE,FALSE,FALSE
"GENE1967","GENE1967_HUMAN","P70112","Protein GENE1967",0.3684,1,0.876916,0.0058,0.057,2,4,FALSE,FALSE,FALSE
"GENE2674","GENE2674_HUMAN","P33841","Protein GENE2674",2.7599,0.080316,0.018644,1.2194,1.7295,6,4,FALSE,FALSE,TRUE
"GENE0856","GENE0856_HUMAN","P78202","Protein GENE0856",-0.123,1,0.994936,0,0.0022,5,5,FALSE,FALSE,FALSE
"GENE1663","GENE1663_HUMAN","P05520","Protein GENE1663",0.0251,1,0.62866,0,0.2016,2,5,TRUE,FALSE,FALSE
"GENE0937","GENE0937_HUMAN","P27840","Protein GENE0937",0.3166,1,0.766083,0,0.1157,6,4,FALSE,FALSE,FALSE
"GENE0307","GENE0307_HUMAN","P08580","Protein GENE0307",-0.0638,1,0.58344,0,0.234,2,4,FALSE,FALSE,FALSE
"GENE2534","GENE2534_HUMAN","P91512","Protein GENE2534",-0.0091,1,0.818466,0,0.087,2,3,FALSE,TRUE,FALSE
"GENE1262","GENE1262_HUMAN","P13253","Protein GENE1262",-2.7428,0.034126,0.01147,1.7591,1.9404,5,2,FALSE,FALSE,TRUE
"GENE1619","GENE1619_HUMAN","P65162","Protein GENE1619",0.9164,0.417629,0.285003,0.1816,0.5452,3,4,FALSE,FALSE,FALSE
"GENE0033","GENE0033_HUMAN","P46203","Protein GENE0033",0.082,0.927548,0.293701,0.2883,0.5321,2,3,FALSE,FALSE,FALSE
"GENE2596","GENE2596_HUMAN","P28646","Protein GENE2596",-0.4257,1,0.728478,0,0.1376,5,2,TRUE,FALSE,FALSE
"GENE0667","GENE0667_HUMAN","P90897","Protein GENE0667",-0.1102,0.844063,0.797466,0,0.0983,2,3,FALSE,TRUE,FALSE
"GENE1235","GENE1235_HUMAN","P03024","Protein GENE1235",-0.1692,0.618987,0.530847,0,0.275,5,6,FALSE,FALSE,FALSE
"GENE2089","GENE2089_HUMAN","P47628","Protein GENE2089",0.3346,1,0.339882,0.0224,0.4687,4,2,FALSE,FALSE,FALSE
"GENE0277","GENE0277_HUMAN","P91920","Protein GENE0277",-0.0823,1,0.525425,0,0.2795,4,4,FALSE,FALSE,FALSE
"GENE1445","GENE1445_HUMAN","P53881","Protein GENE1445",-0.6943,1,0.829527,0.0581,0.0812,2,6,FALSE,FALSE,FALSE
"GENE0338","GENE0338_HUMAN","P48570","Protein GENE0338",-0.4473,1,0.981381,0,0.0082,6,6,FALSE,FALSE,FALSE
"GENE1284","GENE1284_HUMAN","P29356","Protein GENE1284",1.6704,0.099416,0.033337,1.3114,1.4771,3,2,FALSE,FALSE,TRUE
"GENE2299","GENE2299_HUMAN","P59964","Protein GENE2299",-0.0019,0.940703,0.406263,0,0.3912,5,5,FALSE,FALSE,FALSE
"GENE0428","GENE0428_HUMAN","P76161","Protein GENE0428",0.1679,0.634001,0.148664,0.4186,0.8278,3,2,FALSE,FALSE,FALSE
"GENE1209","GENE1209_HUMAN","P81911","Protein GENE1209",-0.1188,1,0.617147,0,0.2096,4,3,FALSE,FALSE,FALSE
"GENE0864","GENE0864_HUMAN","P01444","Protein GENE0864",0.1495,1,0.918732,0,0.0368,6,5,TRUE,TRUE,FALSE
"GENE0551","GENE0551_HUMAN","P79571","Protein GENE0551",0.1707,0.825983,0.358915,0.1243,0.445,3,4,FALSE,FALSE,FALSE
"GENE1632","GENE1632_HUMAN","P52080","Protein GENE1632",0.3606,1,0.491953,0,0.3081,3,4,FALSE,FALSE,FALSE
"GENE0376","GENE0376_HUMAN","P84392","Protein GENE0376",0.4632,0.937726,0.694948,0,0.158,4,2,TRUE,FALSE,FALSE
"GENE2172","GENE2172_HUMAN","P09099","Protein GENE2172",0.5271,1,0.991713,0,0.0036,5,5,FALSE,FALSE,FALSE
"GENE0001","GENE0001_HUMAN","P87998","Protein GENE0001",-0.3964,1,0.926501,0,0.0332,4,2,FALSE,FALSE,FALSE
"GENE0924","GENE0924_HUMAN","P91436","Protein GENE0924",0.1989,1,0.883107,0,0.054,4,6,FALSE,FALSE,FALSE
"GENE2834","GENE2834_HUMAN","P71152","Protein GENE2834",3.4942,0.075075,0.038475,1.3617,1.4148,2,6,FALSE,TRUE,TRUE
"GENE2593","GENE2593_HUMAN","P21626","Protein GENE2593",0.6056,1,0.889051,0,0.0511,2,3,TRUE,FALSE,FALSE
"GENE0148","GENE0148_HUMAN","P37317","Protein GENE0148",0.2149,1,0.52362,0,0.281,5,4,FALSE,TRUE,FALSE
"GENE1150","GENE1150_HUMAN","P42945","Protein GENE1150",-0.0011,1,0.64867,0,0.188,5,2,FALSE,FALSE,FALSE
"GENE0879","GENE0879_HUMAN","P73579","Protein GENE0879",-0.1211,0.315482,0.117644,0.874,0.9294,3,6,FALSE,TRUE,FALSE
"GENE1896","GENE1896_HUMAN","P13066","Protein GENE1896",0.3418,0.505625,0.378422,0,0.422,5,3,FALSE,FALSE,FALSE
"GENE0371","GENE0371_HUMAN","P65328","Protein GENE0371",-0.209,0.921011,0.410881,0.0841,0.3863,2,5,FALSE,FALSE,FALSE
"GENE0732","GENE0732_HUMAN","P40846","Protein GENE0732",-0.4497,1,0.722872,0,0.1409,5,3,FALSE,FALSE,FALSE
"GENE0638","GENE0638_HUMAN","P02744","Protein GENE0638",0.4314,0.503275,0.133138,0.2206,0.8757,5,5,FALSE,FALSE,FALSE
"GENE0606","GENE0606_HUMAN","P97415","Protein GENE0606",-0.0762,0.647615,0.637123,0,0.1958,2,5,FALSE,TRUE,FALSE
"GENE0462","GENE0462_HUMAN","P79014","Protein GENE0462",-0.6378,1,0.54973,0,0.2599,4,5,FALSE,FALSE,FALSE
"GENE0701","GENE0701_HUMAN","P93260","Protein GENE0701",-0.4917,1,0.441498,0,0.3551,4,4,FALSE,FALSE,FALSE
"GENE1976","GENE1976_HUMAN","P42268","Protein GENE1976",-0.0854,1,0.803661,0,0.0949,4,5,FALSE,FALSE,FALSE
"GENE0302","GENE0302_HUMAN","P26888","Protein GENE0302",0.1269,1,0.855277,0,0.0679,4,6,FALSE,FALSE,FALSE
"GENE1342","GENE1342_HUMAN","P27270","Protein GENE1342",-0.0241,1,0.996802,0,0.0014,4,2,FALSE,FALSE,FALSE
"GENE2490","GENE2490_HUMAN","P66755","Protein GENE2490",-0.1206,0.683984,0.660042,0.1193,0.1804,2,5,FALSE,FALSE,FALSE
"GENE0722","GENE0722_HUMAN","P95724","Protein GENE0722",0.8354,1,0.640825,0,0.1933,6,6,FALSE,FALSE,FALSE
"GENE0252","GENE0252_HUMAN","P12692","Protein GENE0252",-0.0975,0.126426,0.06009,0.6927,1.2212,2,4,FALSE,FALSE,FALSE
"GENE0296","GENE0296_HUMAN","P99799","Protein GENE0296",-0.2856,1,0.764222,0.0193,0.1168,2,4,FALSE,FALSE,FALSE
"GENE0846","GENE0846_HUMAN","P09729","Protein GENE0846",0.0729,0.659229,0.208954,0.4439,0.6799,4,5,FALSE,FALSE,FALSE
"GENE2370","GENE2370_HUMAN","P18185","Protein GENE2370",0.5889,1,0.920985,0,0.0357,2,5,FALSE,FALSE,FALSE
"GENE2394","GENE2394_HUMAN","P39474","Protein GENE2394",0.7782,1,0.748142,0,0.126,5,3,FALSE,FALSE,FALSE
"GENE0566","GENE0566_HUMAN","P38277","Protein GENE0566",-0.4385,1,0.683805,0,0.1651,6,2,FALSE,FALSE,FALSE
"GENE1888","GENE1888_HUMAN","P52977","Protein GENE1888",-0.3113,0.444788,0.189061,0.1224,0.7234,6,4,FALSE,FALSE,FALSE
"GENE0828","GENE0828_HUMAN","P38359","Protein GENE0828",-0.03,0.116616,0.109673,0.3202,0.9599,5,4,FALSE,FALSE,FALSE
"GENE1584","GENE1584_HUMAN","P48547","Protein GENE1584",-0.0678,0.103447,0.064951,0.6195,1.1874,5,6,FALSE,FALSE,FALSE
"GENE0995","GENE0995_HUMAN","P81525","Protein GENE0995",-1.119,1,0.638614,0,0.1948,4,2,FALSE,FALSE,FALSE
"GENE1228","GENE1228_HUMAN","P69713","Protein GENE1228",0.0828,1,0.386741,0.1478,0.4126,4,6,FALSE,FALSE,FALSE
"GENE2105","GENE2105_HUMAN","P11151","Protein GENE2105",0.4731,1,0.963766,0,0.016,4,6,FALSE,TRUE,FALSE
"GENE2533","GENE2533_HUMAN","P58030","Protein GENE2533",0.0313,1,0.943134,0,0.0254,5,2,FALSE,FALSE,FALSE
"GENE2654","GENE2654_HUMAN","P09643","Protein GENE2654",-0.731,1,0.567875,0.1153,0.2457,2,2,FALSE,FALSE,FALSE
"GENE1300","GENE1300_HUMAN","P58677","Protein GENE1300",0.4483,0.529167,0.30189,0,0.5202,2,3,FALSE,FALSE,FALSE
"GENE2150","GENE2150_HUMAN","P22877","Protein GENE2150",0.3181,1,0.750462,0,0.1247,6,2,FALSE,FALSE,FALSE
"GENE1037","GENE1037_HUMAN","P33979","Protein GENE1037",0.4437,0.480867,0.196975,0.4662,0.7056,5,2,FALSE,FALSE,FALSE
"GENE2060","GENE2060_HUMAN","P94555","Protein GENE2060",-0.1064,0.519879,0.251817,0.4783,0.5989,2,5,TRUE,FALSE,FALSE
"GENE1874","GENE1874_HUMAN","P01791","Protein GENE1874",0.2014,1,0.854616,0,0.0682,5,4,FALSE,FALSE,FALSE
"GENE2561","GENE2561_HUMAN","P15964","Protein GENE2561",0.7178,0.567202,0.50151,0,0.2997,6,3,FALSE,TRUE,FALSE
"GENE0619","GENE0619_HUMAN","P97414","Protein GENE0619",-2.9442,0.078999,0.023219,1.2712,1.6341,4,2,FALSE,FALSE,TRUE
"GENE2719","GENE2719_HUMAN","P58215","Protein GENE2719",0.2147,1,0.879691,0,0.0557,2,6,FALSE,FALSE,FALSE
"GPATCH4","GPATCH4_HUMAN","P47995","Protein GPATCH4",-0.0787,0.806116,0.757833,0,0.1204,6,6,FALSE,FALSE,FALSE
"GENE1857","GENE1857_HUMAN","P43087","Protein GENE1857",-0.0192,1,0.926033,0,0.0334,4,6,FALSE,FALSE,FALSE
"GENE2098","GENE2098_HUMAN","P55093","Protein GENE2098",-0.4837,1,0.847457,0.0284,0.0719,4,6,FALSE,FALSE,FALSE
"GENE2427","GENE2427_HUMAN","P41390","Protein GENE2427",0.5693,1,0.900278,0,0.0456,5,3,FALSE,FALSE,FALSE
"GENE2175","GENE2175_HUMAN","P00351","Protein GENE2175",0.1543,0.942871,0.566692,0,0.2467,6,3,FALSE,FALSE,FALSE
"GENE1994","GENE1994_HUMAN","P33512","Protein GENE1994",0.5046,1,0.909238,0,0.0413,3,5,FALSE,FALSE,FALSE
"GENE2609","GENE2609_HUMAN","P75415","Protein GENE2609",0.0056,1,0.815577,0.0439,0.0885,3,6,FALSE,FALSE,FALSE
"GENE2479","GENE2479_HUMAN","P68524","Protein GENE2479",-0.123,0.373918,0.192841,0.2488,0.7148,2,3,FALSE,FALSE,FALSE
"GENE1050","GENE1050_HUMAN","P91189","Protein GENE1050",-0.2938,0.986289,0.641421,0,0.1929,4,5,FALSE,FALSE,FALSE
"GENE2275","GENE2275_HUMAN","P94815","Protein GENE2275",0.2143,0.496006,0.113465,0.6688,0.9451,3,2,TRUE,FALSE,FALSE
"GENE1338","GENE1338_HUMAN","P82995","Protein GENE1338",-0.48,0.794881,0.181439,0.1622,0.7413,6,4,FALSE,FALSE,FALSE
"GENE1473","GENE1473_HUMAN","P48379","Protein GENE1473",-0.4772,1,0.416973,0,0.3799,2,5,FALSE,FALSE,FALSE
"GENE1825","GENE1825_HUMAN","P08143","Protein GENE1825",-0.0512,1,0.791188,0,0.1017,2,4,FALSE,FALSE,FALSE
"GENE1764","GENE1764_HUMAN","P87355","Protein GENE1764",0.0231,0.716652,0.247676,0,0.6061,2,6,FALSE,FALSE,FALSE
"GENE0153","GENE0153_HUMAN","P25697","Protein GENE0153",0.5918,0.585757,0.129955,0.4017,0.8862,4,6,TRUE,FALSE,FALSE
"GENE2028","GENE2028_HUMAN","P03673","Protein GENE2028",-3.3701,0.091071,0.021059,1.3571,1.6766,4,3,FALSE,FALSE,TRUE
"GENE0038","GENE0038_HUMAN","P72045","Protein GENE0038",-0.0439,1,0.626724,0,0.2029,5,4,FALSE,FALSE,FALSE
"GENE0871","GENE0871_HUMAN","P32608","Protein GENE0871",0.487,1,0.917175,0,0.0375,4,3,FALSE,FALSE,FALSE
"GENE1828","GENE1828_HUMAN","P47375","Protein GENE1828",0.9139,0.512268,0.122733,0.8052,0.911,5,4,FALSE,FALSE,FALSE
"GENE2076","GENE2076_HUMAN","P56011","Protein GENE2076",0.3264,1,0.883937,0,0.0536,4,6,FALSE,FALSE,FALSE
"GENE0489","GENE0489_HUMAN","P75838","Protein GENE0489",-0.4296,1,0.374851,0.2181,0.4261,5,6,FALSE,FALSE,FALSE
"GENE0505","GENE0505_HUMAN","P88426","Protein GENE0505",0.1997,1,0.690691,0,0.1607,4,4,FALSE,FALSE,FALSE
"GENE2819","GENE2819_HUMAN","P61804","Protein GENE2819",0.1616,1,0.554172,0,0.2564,5,4,FALSE,TRUE,FALSE
"GENE0324","GENE0324_HUMAN","P06488","Protein GENE0324",-0.2795,1,0.612889,0,0.2126,4,4,FALSE,FALSE,FALSE
"GENE1669","GENE1669_HUMAN","P97037","Protein GENE1669",-0.341,0.480221,0.113731,0.4204,0.9441,3,3,FALSE,FALSE,FALSE
"GENE2814","GENE2814_HUMAN","P73407","Protein GENE2814",-0.1287,0.56031,0.278553,0.2738,0.5551,5,6,FALSE,FALSE,FALSE
"GENE0125","GENE0125_HUMAN","P53763","Protein GENE0125",-3.3185,0.06057,0.022125,1.3375,1.6551,6,6,TRUE,FALSE,TRUE
"GENE2750","GENE2750_HUMAN","P81496","Protein GENE2750",-0.0968,1,0.994207,0,0.0025,2,6,FALSE,FALSE,FALSE
"GENE2638","GENE2638_HUMAN","P58054","Protein GENE2638",-0.681,0.604965,0.190535,0.6741,0.72,5,5,FALSE,FALSE,FALSE
"GENE0457","GENE0457_HUMAN","P85757","Protein GENE0457",0.5628,1,0.884139,0,0.0535,6,3,FALSE,FALSE,FALSE
"GENE1741","GENE1741_HUMAN","P66785","Protein GENE1741",-0.2353,0.88226,0.507042,0,0.295,3,6,FALSE,FALSE,FALSE
"GENE0692","GENE0692_HUMAN","P75492","Protein GENE0692",-0.1154,1,0.467455,0,0.3303,6,4,FALSE,TRUE,FALSE
"GENE2588","GENE2588_HUMAN","P35550","Protein GENE2588",0.8752,0.711865,0.560347,0,0.2515,4,3,TRUE,FALSE,FALSE
"GENE1119","GENE1119_HUMAN","P27894","Protein GENE1119",-0.0244,0.326268,0.078946,0.9076,1.1027,4,2,TRUE,FALSE,FALSE
"GENE0196","GENE0196_HUMAN","P89511","Protein GENE0196",0.2446,1,0.671066,0,0.1732,4,2,FALSE,FALSE,FALSE
"GENE0850","GENE0850_HUMAN","P60226","Protein GENE0850",0.3454,1,0.278653,0.0947,0.5549,6,5,FALSE,FALSE,FALSE
"GENE1934","GENE1934_HUMAN","P34060","Protein GENE1934",-0.323,1,0.886509,0,0.0523,3,4,FALSE,FALSE,FALSE
"GENE2665","GENE2665_HUMAN","P06424","Protein GENE2665",-2.2573,0.238296,0.048398,0.7762,1.3152,5,5,FALSE,FALSE,TRUE
"GENE1476","GENE1476_HUMAN","P93932","Protein GENE1476",-0.5805,1,0.549147,0,0.2603,5,4,FALSE,FALSE,FALSE
"GENE2298","GENE2298_HUMAN","P83774","Protein GENE2298",-0.5005,0.454261,0.451598,0,0.3452,5,6,FALSE,FALSE,FALSE
"GENE1126","GENE1126_HUMAN","P90159","Protein GENE1126",0.3586,1,0.893105,0,0.0491,3,4,FALSE,FALSE,FALSE
"GENE0631","GENE0631_HUMAN","P46617","Protein GENE0631",0.3078,0.214736,0.196616,0.0304,0.7064,4,2,FALSE,FALSE,FALSE
"GENE1145","GENE1145_HUMAN","P43017","Protein GENE1145",0.2185,1,0.64259,0,0.1921,3,6,FALSE,FALSE,FALSE
"GENE2170","GENE2170_HUMAN","P23998","Protein GENE2170",-0.8053,1,0.853425,0,0.0688,5,6,FALSE,FALSE,FALSE
"GENE2247","GENE2247_HUMAN","P79900","Protein GENE2247",-0.243,1,0.77489,0,0.1108,6,4,FALSE,FALSE,FALSE
"GENE1311","GENE1311_HUMAN","P50770","Protein GENE1311",-0.1009,1,0.39767,0.0823,0.4005,2,4,FALSE,FALSE,FALSE
"GENE1020","GENE1020_HUMAN","P57602","Protein GENE1020",-0.1707,1,0.25986,0,0.5853,6,6,FALSE,FALSE,FALSE
"GENE1639","GENE1639_HUMAN","P96227","Protein GENE1639",-0.3697,1,0.700401,0,0.1547,3,3,TRUE,FALSE,FALSE
"GENE0189","GENE0189_HUMAN","P69685","Protein GENE0189",-0.2294,1,0.426943,0.3263,0.3696,3,4,TRUE,FALSE,FALSE
"GENE0100","GENE0100_HUMAN","P29960","Protein GENE0100",-0.1481,0.4352,0.166504,0.0821,0.7786,6,3,FALSE,FALSE,FALSE
"GENE0547","GENE0547_HUMAN","P97302","Protein GENE0547",-0.1249,1,0.754352,0,0.1224,6,4,FALSE,FALSE,FALSE
"GENE2418","GENE2418_HUMAN","P64478","Protein GENE2418",-0.251,1,0.786131,0,0.1045,6,3,FALSE,FALSE,FALSE
"GENE2653","GENE2653_HUMAN","P21769","Protein GENE2653",0.572,0.346164,0.206681,0,0.6847,5,2,TRUE,FALSE,FALSE
"GENE0717","GENE0717_HUMAN","P89149","Protein GENE0717",0.3152,1,0.511682,0.2129,0.291,5,2,FALSE,FALSE,FALSE
"GENE2693","GENE2693_HUMAN","P58121","Protein GENE2693",0.387,1,0.886135,0,0.0525,3,3,FALSE,TRUE,FALSE
"GENE2785","GENE2785_HUMAN","P84470","Protein GENE2785",-0.4117,0.41042,0.105972,0.327,0.9748,5,4,FALSE,FALSE,FALSE
"GENE2239","GENE2239_HUMAN","P16177","Protein GENE2239",0.4469,1,0.282861,0,0.5484,4,5,FALSE,FALSE,FALSE
"GENE1051","GENE1051_HUMAN","P00435","Protein GENE1051",0.0479,1,0.7683,0,0.1145,4,5,FALSE,TRUE,FALSE
"GENE0893","GENE0893_HUMAN","P78683","Protein GENE0893",0.4273,0.435333,0.214974,0.0642,0.6676,2,6,FALSE,FALSE,FALSE
"GENE0758","GENE0758_HUMAN","P29343","Protein GENE0758",0.6774,0.570187,0.186815,0.1343,0.7286,4,6,FALSE,FALSE,FALSE
"GENE0190","GENE0190_HUMAN","P49686","Protein GENE0190",-0.4481,1,0.686403,0,0.1634,5,2,FALSE,FALSE,FALSE
"GENE2226","GENE2226_HUMAN","P73155","Protein GENE2226",0.2241,1,0.316289,0,0.4999,5,3,FALSE,FALSE,FALSE
"GENE1443","GENE1443_HUMAN","P25510","Protein GENE1443",0.2459,0.345553,0.137355,0.7899,0.8622,6,4,FALSE,FALSE,FALSE
"GENE0804","GENE0804_HUMAN","P64148","Protein GENE0804",-0.1225,1,0.97097,0,0.0128,6,5,FALSE,FALSE,FALSE
"GENE0218","GENE0218_HUMAN","P85946","Protein GENE0218",-0.1074,1,0.833075,0,0.0793,5,3,FALSE,FALSE,FALSE
"GENE0227","GENE0227_HUMAN","P25677","Protein GENE0227",-0.1848,0.896524,0.512862,0.1613,0.29,6,4,FALSE,FALSE,FALSE
"GENE1961","GENE1961_HUMAN","P96098","Protein GENE1961",-1.5039,0.501984,0.136097,0.2549,0.8662,4,6,FALSE,FALSE,FALSE
"GENE2703","GENE2703_HUMAN","P71392","Protein GENE2703",0.0213,1,0.872347,0,0.0593,3,2,FALSE,FALSE,FALSE
"GENE1887","GENE1887_HUMAN","P59299","Protein GENE1887",0.185,1,0.612043,0,0.2132,4,2,FALSE,FALSE,FALSE
"GENE1543","GENE1543_HUMAN","P63838","Protein GENE1543",0.1429,1,0.465825,0,0.3318,4,6,FALSE,FALSE,FALSE
"GENE1023","GENE1023_HUMAN","P28075","Protein GENE1023",0.5342,1,0.531939,0.0739,0.2741,4,3,FALSE,FALSE,FALSE
"GENE2550","GENE2550_HUMAN","P42952","Protein GENE2550",0.3258,1,0.64441,0,0.1908,5,5,FALSE,FALSE,FALSE
"GENE0682","GENE0682_HUMAN","P42648","Protein GENE0682",0.0428,1,0.650949,0,0.1865,2,6,FALSE,FALSE,FALSE
"GENE2064","GENE2064_HUMAN","P20862","Protein GENE2064",-0.4894,1,0.526696,0,0.2784,5,4,FALSE,FALSE,FALSE
"GENE0813","GENE0813_HUMAN","P10217","Protein GENE0813",0.0162,1,0.89503,0,0.0482,3,2,TRUE,FALSE,FALSE
"GENE2005","GENE2005_HUMAN","P71146","Protein GENE2005",0.1753,1,0.699174,0,0.1554,4,5,FALSE,FALSE,FALSE
"GENE2494","GENE2494_HUMAN","P92681","Protein GENE2494",0.1598,1,0.341094,0.1621,0.4671,6,3,FALSE,FALSE,FALSE
"GENE0385","GENE0385_HUMAN","P58264","Protein GENE0385",-0.6475,1,0.659427,0,0.1808,6,3,FALSE,FALSE,FALSE
"GENE0837","GENE0837_HUMAN","P84166","Protein GENE0837",-0.2346,0.99714,0.728255,0,0.1377,3,2,FALSE,TRUE,FALSE
"GENE1990","GENE1990_HUMAN","P07563","Protein GENE1990",0.5653,0.981313,0.30928,0.1285,0.5096,3,6,FALSE,FALSE,FALSE
"GENE1547","GENE1547_HUMAN","P89516","Protein GENE1547",-0.2146,1,0.83893,0,0.0763,5,4,FALSE,TRUE,FALSE
"GENE1189","GENE1189_HUMAN","P52530","Protein GENE1189",-0.6312,1,0.989306,0,0.0047,3,2,FALSE,FALSE,FALSE
"GENE2447","GENE2447_HUMAN","P41865","Protein GENE2447",-0.2707,0.462716,0.151968,0.1991,0.8182,3,3,FALSE,FALSE,FALSE
"GENE0542","GENE0542_HUMAN","P39220","Protein GENE0542",0.5497,1,0.837163,0,0.0772,4,6,FALSE,FALSE,FALSE
"GENE0559","GENE0559_HUMAN","P27937","Protein GENE0559",0.4113,0.421296,0.103766,0.7949,0.9839,5,4,FALSE,FALSE,FALSE
"GENE0435","GENE0435_HUMAN","P30294","Protein GENE0435",0.1758,1,0.807975,0,0.0926,5,4,FALSE,FALSE,FALSE
"GENE2600","GENE2600_HUMAN","P92942","Protein GENE2600",-0.1678,0.854365,0.292905,0,0.5333,3,3,FALSE,FALSE,FALSE
"GENE0389","GENE0389_HUMAN","P52530","Protein GENE0389",-0.0374,0.899086,0.358105,0,0.446,3,4,FALSE,FALSE,FALSE
"GENE1762","GENE1762_HUMAN","P65564","Protein GENE1762",-0.0779,1,0.846074,0,0.0726,4,2,FALSE,FALSE,FALSE
"GENE0264","GENE0264_HUMAN","P03927","Protein GENE0264",-0.7185,1,0.729723,0,0.1368,4,6,FALSE,FALSE,FALSE
"GENE0520","GENE0520_HUMAN","P90156","Protein GENE0520",-0.2593,0.95125,0.341873,0.2646,0.4661,6,2,FALSE,FALSE,FALSE
"GENE2760","GENE2760_HUMAN","P74795","Protein GENE2760",-0.2365,1,0.811748,0,0.0906,6,2,FALSE,TRUE,FALSE
"GENE1960","GENE1960_HUMAN","P73834","Protein GENE1960",-0.3837,1,0.942869,0,0.0255,2,4,FALSE,FALSE,FALSE
"GENE2538","GENE2538_HUMAN","P07041","Protein GENE2538",-0.1177,1,0.766419,0,0.1155,5,6,FALSE,FALSE,FALSE
"GENE0084","GENE0084_HUMAN","P56940","Protein GENE0084",0.2724,0.547692,0.454119,0,0.3428,6,6,TRUE,FALSE,FALSE
"GENE2124","GENE2124_HUMAN","P29546","Protein GENE2124",-0.5253,1,0.883879,0,0.0536,5,6,FALSE,FALSE,FALSE
"GENE0082","GENE0082_HUMAN","P02588","Protein GENE0082",0.3581,0.971837,0.304886,0.0729,0.5159,3,6,FALSE,FALSE,FALSE
"GENE0398","GENE0398_HUMAN","P13307","Protein GENE0398",-0.6478,0.137275,0.127947,0.5776,0.893,6,2,FALSE,FALSE,FALSE
"GENE0211","GENE0211_HUMAN","P64048","Protein GENE0211",0.2398,1,0.280315,0.372,0.5524,3,3,FALSE,FALSE,FALSE
"GENE0794","GENE0794_HUMAN","P80358","Protein GENE0794",0.7073,1,0.569047,0.0201,0.2449,3,5,FALSE,TRUE,FALSE
"GENE0495","GENE0495_HUMAN","P25621","Protein GENE0495",0.2086,1,0.807293,0,0.093,6,6,FALSE,FALSE,FALSE
"GENE1467","GENE1467_HUMAN","P62944","Protein GENE1467",0.3058,0.967781,0.283099,0.1545,0.5481,6,3,FALSE,FALSE,FALSE
"GENE2024","GENE2024_HUMAN","P42665","Protein GENE2024",0.5221,0.331715,0.311076,0,0.5071,4,2,FALSE,FALSE,FALSE
"GENE0315","GENE0315_HUMAN","P94628","Protein GENE0315",0.2186,1,0.486607,0,0.3128,4,4,FALSE,TRUE,FALSE
"GENE1082","GENE1082_HUMAN","P34832","Protein GENE1082",-0.2445,1,0.774622,0,0.1109,3,3,FALSE,FALSE,FALSE
"GENE0094","GENE0094_HUMAN","P50057","Protein GENE0094",-0.0262,1,0.304075,0.0592,0.517,5,3,FALSE,FALSE,FALSE
"GENE1274","GENE1274_HUMAN","P66499","Protein GENE1274",0.2674,1,0.92071,0,0.0359,3,4,FALSE,FALSE,FALSE
"GENE0657","GENE0657_HUMAN","P71670","Protein GENE0657",-0.1116,1,0.943702,0,0.0252,5,6,FALSE,FALSE,FALSE
"GENE0661","GENE0661_HUMAN","P79542","Protein GENE0661",0.5054,1,0.524499,0,0.2803,2,2,FALSE,FALSE,FALSE
"GENE2491","GENE2491_HUMAN","P46627","Protein GENE2491",4.418,0.072864,0.02675,1.0076,1.5727,2,4,FALSE,FALSE,TRUE
"GPKOW","GPKOW_HUMAN","P42469","Protein GPKOW",0.664,1,0.993256,0,0.0029,3,6,FALSE,FALSE,FALSE
"GENE1713","GENE1713_HUMAN","P98266","Protein GENE1713",0.7579,1,0.55706,0.0159,0.2541,5,6,FALSE,FALSE,FALSE
"GENE0745","GENE0745_HUMAN","P50050","Protein GENE0745",-0.2812,0.943259,0.880826,0,0.0551,4,6,FALSE,FALSE,FALSE
"GENE1970","GENE1970_HUMAN","P36547","Protein GENE1970",0.0383,1,0.717539,0,0.1442,4,4,FALSE,FALSE,FALSE
"GENE0414","GENE0414_HUMAN","P40068","Protein GENE0414",0.3633,0.726127,0.68812,0,0.1623,3,5,FALSE,FALSE,FALSE
"GENE1919","GENE1919_HUMAN","P75916","Protein GENE1919",-0.2004,1,0.990993,0,0.0039,3,3,FALSE,FALSE,FALSE
"CMTR1","CMTR1_HUMAN","P96650","Protein CMTR1",0.5914,1,0.379503,0,0.4208,5,4,FALSE,FALSE,FALSE
"GENE2464","GENE2464_HUMAN","P06918","Protein GENE2464",0.2613,0.334182,0.207098,0.3555,0.6838,3,6,FALSE,FALSE,FALSE
"GENE1599","GENE1599_HUMAN","P97364","Protein GENE1599",0.0607,1,0.719661,0,0.1429,6,4,TRUE,FALSE,FALSE
"GENE1470","GENE1470_HUMAN","P58932","Protein GENE1470",0.9792,1,0.570192,0,0.244,5,4,FALSE,FALSE,FALSE
"GENE2097","GENE2097_HUMAN","P85870","Protein GENE2097",-0.2997,0.250349,0.149328,0.3803,0.8259,2,5,FALSE,FALSE,FALSE
"GENE2879","GENE2879_HUMAN","P66207","Protein GENE2879",-0.0845,1,0.566401,0,0.2469,5,3,TRUE,FALSE,FALSE
"GENE0493","GENE0493_HUMAN","P68004","Protein GENE0493",-1.2998,0.080156,0.039517,0.8043,1.4032,5,6,TRUE,FALSE,TRUE
"GENE0030","GENE0030_HUMAN","P01137","Protein GENE0030",0.1019,0.362348,0.087192,0.9757,1.0595,2,2,FALSE,TRUE,FALSE
"GENE1882","GENE1882_HUMAN","P44012","Protein GENE1882",0.2957,1,0.96905,0,0.0137,5,5,FALSE,FALSE,FALSE
"GENE2597","GENE2597_HUMAN","P78289","Protein GENE2597",-0.2548,1,0.870496,0,0.0602,6,3,TRUE,FALSE,FALSE
"GENE0986","GENE0986_HUMAN","P26740","Protein GENE0986",-2.5479,0.172366,0.041539,0.6902,1.3815,4,2,FALSE,FALSE,TRUE
"GENE1029","GENE1029_HUMAN","P36390","Protein GENE1029",0.6693,0.958563,0.646431,0.1049,0.1895,6,4,FALSE,FALSE,FALSE
"GENE2607","GENE2607_HUMAN","P75242","Protein GENE2607",0.2755,1,0.450401,0,0.3464,2,2,FALSE,FALSE,FALSE
"GENE1362","GENE1362_HUMAN","P14365","Protein GENE1362",1.6851,0.169695,0.04128,0.6925,1.3843,3,2,FALSE,FALSE,TRUE
"GENE2204","GENE2204_HUMAN","P59837","Protein GENE2204",-0.0385,1,0.923905,0,0.0344,6,2,TRUE,FALSE,FALSE
"GENE2399","GENE2399_HUMAN","P32091","Protein GENE2399",-0.604,1,0.756274,0,0.1213,2,2,FALSE,FALSE,FALSE
"GENE1396","GENE1396_HUMAN","P00824","Protein GENE1396",0.1944,1,0.862087,0,0.0644,4,2,FALSE,FALSE,FALSE
"GENE1376","GENE1376_HUMAN","P36104","Protein GENE1376",-0.1346,0.352888,0.240271,0.0658,0.6193,6,5,FALSE,TRUE,FALSE
"GENE1771","GENE1771_HUMAN","P82922","Protein GENE1771",-0.5522,1,0.394391,0,0.4041,2,3,TRUE,FALSE,FALSE
"GENE1676","GENE1676_HUMAN","P20655","Protein GENE1676",0.0871,0.334146,0.260463,0,0.5843,4,4,FALSE,FALSE,FALSE
"GENE2792","GENE2792_HUMAN","P72083","Protein GENE2792",-0.2868,0.327351,0.077943,0.8404,1.1082,5,3,FALSE,FALSE,FALSE
"GENE1405","GENE1405_HUMAN","P19191","Protein GENE1405",0.223,0.925464,0.581794,0,0.2352,2,6,FALSE,FALSE,FALSE
"GENE1244","GENE1244_HUMAN","P05627","Protein GENE1244",-0.6644,1,0.377778,0,0.4228,4,4,TRUE,FALSE,FALSE
"GENE2381","GENE2381_HUMAN","P50995","Protein GENE2381",-0.6097,1,0.48574,0,0.3136,3,5,FALSE,FALSE,FALSE
"GENE2320","GENE2320_HUMAN","P27446","Protein GENE2320",-0.6526,1,0.835956,0,0.0778,2,6,FALSE,TRUE,FALSE
"GENE0544","GENE0544_HUMAN","P78707","Protein GENE0544",0.1292,1,0.955863,0,0.0196,4,4,FALSE,FALSE,FALSE
"GENE1570","GENE1570_HUMAN","P86524","Protein GENE1570",0.4952,0.620785,0.151147,0.4417,0.8206,5,3,FALSE,FALSE,FALSE
"GENE1084","GENE1084_HUMAN","P69605","Protein GENE1084",-0.07,0.177841,0.116285,0.3691,0.9345,4,6,FALSE,FALSE,FALSE
"GENE0341","GENE0341_HUMAN","P06918","Protein GENE0341",0.03,1,0.632735,0,0.1988,3,5,FALSE,FALSE,FALSE
"GENE1456","GENE1456_HUMAN","P86526","Protein GENE1456",1.6151,0.029321,0.006132,2.1066,2.2124,6,3,FALSE,FALSE,TRUE
"GENE1721","GENE1721_HUMAN","P03211","Protein GENE1721",0.0954,1,0.742942,0,0.129,5,2,FALSE,FALSE,FALSE
"GENE1855","GENE1855_HUMAN","P68784","Protein GENE1855",-0.2944,0.565524,0.114841,0.4811,0.9399,2,6,TRUE,FALSE,FALSE
"GENE0524","GENE0524_HUMAN","P87606","Protein GENE0524",-0.2825,1,0.524725,0,0.2801,5,2,FALSE,FALSE,FALSE
"GENE1459","GENE1459_HUMAN","P58326","Protein GENE1459",-0.5406,1,0.775258,0,0.1106,6,3,FALSE,FALSE,FALSE
"GENE1695","GENE1695_HUMAN","P04921","Protein GENE1695",0.8042,0.357467,0.130844,0.4644,0.8832,4,6,FALSE,FALSE,FALSE
"GENE1677","GENE1677_HUMAN","P84082","Protein GENE1677",3.6781,0.044117,0.010908,1.6792,1.9623,5,2,FALSE,FALSE,TRUE
"GENE0939","GENE0939_HUMAN","P36870","Protein GENE0939",-0.5944,1,0.772637,0,0.112,3,4,FALSE,TRUE,FALSE
"GENE0616","GENE0616_HUMAN","P67189","Protein GENE0616",0.2978,0.498797,0.155207,0.1814,0.8091,2,3,FALSE,TRUE,FALSE
"GENE1670","GENE1670_HUMAN","P64627","Protein GENE1670",-0.0199,0.585472,0.185659,0.5253,0.7313,5,3,FALSE,FALSE,FALSE
"GENE2481","GENE2481_HUMAN","P34561","Protein GENE2481",0.6239,1,0.660984,0,0.1798,4,3,FALSE,FALSE,FALSE
"GENE0067","GENE0067_HUMAN","P34451","Protein GENE0067",-0.0305,1,0.656368,0,0.1829,2,2,FALSE,FALSE,FALSE
"GENE0574","GENE0574_HUMAN","P04365","Protein GENE0574",0.1608,1,0.395427,0.3441,0.4029,3,3,FALSE,FALSE,FALSE
"GENE2741","GENE2741_HUMAN","P45015","Protein GENE2741",-0.3135,1,0.76234,0,0.1179,3,4,FALSE,FALSE,FALSE
"GENE2155","GENE2155_HUMAN","P14585","Protein GENE2155",0.3173,1,0.630598,0.1042,0.2002,2,5,FALSE,TRUE,FALSE
"GENE2029","GENE2029_HUMAN","P04817","Protein GENE2029",0.0206,1,0.925025,0,0.0338,3,2,FALSE,TRUE,FALSE
"GENE1019","GENE1019_HUMAN","P41038","Protein GENE1019",-0.2313,0.827087,0.449013,0.2468,0.3477,5,6,FALSE,FALSE,FALSE
"GENE2450","GENE2450_HUMAN","P31749","Protein GENE2450",-0.0235,0.258378,0.205442,0.248,0.6873,6,6,FALSE,FALSE,FALSE
"GENE2052","GENE2052_HUMAN","P94708","Protein GENE2052",0.409,1,0.563457,0,0.2491,2,4,FALSE,FALSE,FALSE
"GENE2675","GENE2675_HUMAN","P09198","Protein GENE2675",0.042,1,0.987704,0,0.0054,5,5,TRUE,FALSE,FALSE
"GENE1423","GENE1423_HUMAN","P40411","Protein GENE1423",1.803,0.063439,0.012872,1.3873,1.8904,6,2,FALSE,FALSE,TRUE
"GENE1715","GENE1715_HUMAN","P08518","Protein GENE1715",-0.1757,1,0.675641,0.138,0.1703,2,3,FALSE,FALSE,FALSE
"GENE0175","GENE0175_HUMAN","P99189","Protein GENE0175",0.7676,1,0.347418,0,0.4591,2,5,FALSE,FALSE,FALSE
"GENE1016","GENE1016_HUMAN","P35277","Protein GENE1016",-0.1358,0.881347,0.182402,0.2306,0.739,6,5,FALSE,FALSE,FALSE
"GENE1027","GENE1027_HUMAN","P33535","Protein GENE1027",0.46,1,0.385464,0,0.414,6,3,FALSE,FALSE,FALSE
"GENE0662","GENE0662_HUMAN","P80531","Protein GENE0662",0.2233,1,0.506178,0.063,0.2957,2,4,FALSE,FALSE,FALSE
"GENE0577","GENE0577_HUMAN","P82430","Protein GENE0577",0.5129,1,0.945242,0,0.0245,2,5,FALSE,FALSE,FALSE
"GENE2352","GENE2352_HUMAN","P99768","Protein GENE2352",-0.0781,0.925615,0.36114,0,0.4423,5,2,FALSE,FALSE,FALSE
"GENE1283","GENE1283_HUMAN","P01444","Protein GENE1283",-0.0998,1,0.295069,0.3955,0.5301,6,5,FALSE,FALSE,FALSE
"GENE1987","GENE1987_HUMAN","P08121","Protein GENE1987",3.5037,0.19404,0.039852,1.2658,1.3995,5,6,FALSE,FALSE,TRUE
"GENE1242","GENE1242_HUMAN","P73593","Protein GENE1242",1.9352,0.03725,0.023509,1.1604,1.6288,3,6,FALSE,FALSE,TRUE
"GENE1754","GENE1754_HUMAN","P53702","Protein GENE1754",-0.1008,1,0.397986,0.0526,0.4001,5,5,FALSE,FALSE,FALSE
"GENE0390","GENE0390_HUMAN","P06097","Protein GENE0390",-1.0747,0.789668,0.237266,0.0814,0.6248,3,4,TRUE,FALSE,FALSE
"GENE0865","GENE0865_HUMAN","P02203","Protein GENE0865",-0.2141,1,0.413177,0.0998,0.3839,3,5,FALSE,FALSE,FALSE
"GENE2188","GENE2188_HUMAN","P83396","Protein GENE2188",0.463,1,0.553319,0,0.257,2,3,FALSE,FALSE,FALSE
"GENE0831","GENE0831_HUMAN","P57895","Protein GENE0831",0.2169,1,0.39993,0.2044,0.398,5,5,FALSE,FALSE,FALSE
"GENE0707","GENE0707_HUMAN","P37317","Protein GENE0707",0.3396,0.350144,0.142157,0.7736,0.8472,3,3,FALSE,FALSE,FALSE
"GENE1568","GENE1568_HUMAN","P68678","Protein GENE1568",-0.1203,0.705129,0.605485,0,0.2179,5,3,FALSE,TRUE,FALSE
"GENE1422","GENE1422_HUMAN","P36673","Protein GENE1422",-0.404,1,0.492824,0,0.3073,4,3,FALSE,FALSE,FALSE
"GENE2578","GENE2578_HUMAN","P20192","Protein GENE2578",0.6435,0.939571,0.510839,0,0.2917,3,5,FALSE,TRUE,FALSE
"GENE0019","GENE0019_HUMAN","P11921","Protein GENE0019",0.2062,0.543473,0.224775,0.5385,0.6483,3,5,FALSE,FALSE,FALSE
"GENE1921","GENE1921_HUMAN","P37333","Protein GENE1921",0.5006,1,0.261656,0,0.5823,5,6,TRUE,FALSE,FALSE
"GENE2341","GENE2341_HUMAN","P39380","Protein GENE2341",0.5074,0.46542,0.324675,0,0.4886,2,2,FALSE,FALSE,FALSE
"DHX30","DHX30_HUMAN","P79272","Protein DHX30",0.6989,0.247513,0.246608,0.3841,0.608,3,5,TRUE,FALSE,FALSE
"GENE1070","GENE1070_HUMAN","P27579","Protein GENE1070",-0.193,1,0.870539,0,0.0602,3,5,FALSE,FALSE,FALSE
"GENE2529","GENE2529_HUMAN","P27225","Protein GENE2529",-0.626,0.622873,0.144443,0.5663,0.8403,6,5,TRUE,FALSE,FALSE
"GENE1136","GENE1136_HUMAN","P46111","Protein GENE1136",-0.3587,1,0.663409,0,0.1782,4,3,FALSE,FALSE,FALSE
"GENE1493","GENE1493_HUMAN","P36059","Protein GENE1493",-0.2509,1,0.42375,0,0.3729,2,2,FALSE,FALSE,FALSE
"GENE0261","GENE0261_HUMAN","P63948","Protein GENE0261",-0.1068,1,0.713197,0,0.1468,5,5,TRUE,FALSE,FALSE
"GENE1303","GENE1303_HUMAN","P88546","Protein GENE1303",-0.2678,1,0.886325,0,0.0524,2,2,FALSE,FALSE,FALSE
"GENE1110","GENE1110_HUMAN","P15563","Protein GENE1110",-0.2599,0.549427,0.182393,0.0897,0.739,2,6,FALSE,FALSE,FALSE
"GENE2727","GENE2727_HUMAN","P07741","Protein GENE2727",-0.1038,1,0.398836,0.1196,0.3992,5,4,TRUE,FALSE,FALSE
"GENE0647","GENE0647_HUMAN","P79706","Protein GENE0647",0.218,1,0.412513,0.0203,0.3846,6,2,FALSE,FALSE,FALSE
"GENE1218","GENE1218_HUMAN","P13553","Protein GENE1218",3.081,0.12592,0.035875,0.7653,1.4452,3,3,TRUE,FALSE,TRUE
"GENE2261","GENE2261_HUMAN","P07761","Protein GENE2261",-0.5809,1,0.951421,0,0.0216,5,6,FALSE,FALSE,FALSE
"GENE1929","GENE1929_HUMAN","P08103","Protein GENE1929",-0.5119,1,0.957392,0,0.0189,2,5,FALSE,FALSE,FALSE
"GENE0347","GENE0347_HUMAN","P45379","Protein GENE0347",0.5274,1,0.545683,0,0.2631,2,3,FALSE,FALSE,FALSE
"GENE0608","GENE0608_HUMAN","P64548","Protein GENE0608",-0.9998,0.459748,0.440658,0,0.3559,5,2,TRUE,FALSE,FALSE
"GENE1230","GENE1230_HUMAN","P01084","Protein GENE1230",-0.229,1,0.511626,0,0.291,6,4,FALSE,FALSE,FALSE
"GENE0780","GENE0780_HUMAN","P10110","Protein GENE0780",-0.0385,0.673055,0.206486,0.42,0.6851,3,2,FALSE,FALSE,FALSE
"GENE1170","GENE1170_HUMAN","P51175","Protein GENE1170",0.0585,1,0.543338,0.0496,0.2649,4,4,FALSE,FALSE,FALSE
"GENE0576","GENE0576_HUMAN","P45442","Protein GENE0576",-0.2978,1,0.352184,0,0.4532,2,5,FALSE,FALSE,FALSE
"GENE0797","GENE0797_HUMAN","P75621","Protein GENE0797",0.5729,1,0.953328,0,0.0208,5,4,FALSE,FALSE,FALSE
"GENE0138","GENE0138_HUMAN","P51432","Protein GENE0138",0.1066,1,0.664238,0.1294,0.1777,6,3,FALSE,FALSE,FALSE
"GENE1784","GENE1784_HUMAN","P94062","Protein GENE1784",0.2991,0.166006,0.087578,0.5729,1.0576,5,4,FALSE,FALSE,FALSE
"GENE2134","GENE2134_HUMAN","P80992","Protein GENE2134",0.4601,1,0.809006,0,0.092,5,5,FALSE,FALSE,FALSE
"GENE2869","GENE2869_HUMAN","P76358","Protein GENE2869",-1.3224,8.4e-05,6.2e-05,3.9317,4.2093,2,2,FALSE,FALSE,TRUE
"GENE2187","GENE2187_HUMAN","P39142","Protein GENE2187",0.3501,0.268467,0.19801,0.374,0.7033,2,2,FALSE,FALSE,FALSE
"GENE1312","GENE1312_HUMAN","P56894","Protein GENE1312",-0.154,0.927482,0.849729,0,0.0707,6,3,FALSE,FALSE,FALSE
"GENE0272","GENE0272_HUMAN","P71003","Protein GENE0272",-0.3242,1,0.606064,0.1463,0.2175,6,3,FALSE,TRUE,FALSE
"GENE0727","GENE0727_HUMAN","P53676","Protein GENE0727",0.0193,0.989732,0.471706,0,0.3263,3,6,FALSE,FALSE,FALSE
"GENE1062","GENE1062_HUMAN","P80960","Protein GENE1062",0.2109,1,0.547965,0,0.2612,2,4,FALSE,TRUE,FALSE
"GENE1877","GENE1877_HUMAN","P04217","Protein GENE1877",0.6417,0.893261,0.507221,0,0.2948,3,4,FALSE,FALSE,FALSE
"GENE0069","GENE0069_HUMAN","P29589","Protein GENE0069",0.1251,1,0.421732,0.2281,0.375,6,6,FALSE,FALSE,FALSE
"GENE0641","GENE0641_HUMAN","P84573","Protein GENE0641",3.9855,0.076053,0.040446,0.7029,1.3931,3,3,FALSE,FALSE,TRUE
"GENE2436","GENE2436_HUMAN","P45218","Protein GENE2436",0.2029,1,0.634046,0.1144,0.1979,4,4,FALSE,FALSE,FALSE
"GENE2594","GENE2594_HUMAN","P27661","Protein GENE2594",0.1406,1,0.868804,0.0019,0.0611,3,3,FALSE,FALSE,FALSE
"GENE0325","GENE0325_HUMAN","P23388","Protein GENE0325",0.5434,1,0.932883,0,0.0302,2,3,FALSE,TRUE,FALSE
"GENE1539","GENE1539_HUMAN","P57125","Protein GENE1539",-0.0773,1,0.744346,0.0855,0.1282,4,5,FALSE,FALSE,FALSE
"GENE1254","GENE1254_HUMAN","P33884","Protein GENE1254",-0.4932,0.87788,0.350986,0,0.4547,4,5,FALSE,FALSE,FALSE
"GENE1214","GENE1214_HUMAN","P82564","Protein GENE1214",0.1243,0.537664,0.134642,0.7597,0.8708,3,6,TRUE,FALSE,FALSE
"GENE1374","GENE1374_HUMAN","P58912","Protein GENE1374",-0.1535,0.306195,0.079298,0.5283,1.1007,3,6,FALSE,FALSE,FALSE
"GENE1734","GENE1734_HUMAN","P83358","Protein GENE1734",-0.276,1,0.838125,0,0.0767,5,5,FALSE,FALSE,FALSE
"GENE1810","GENE1810_HUMAN","P84701","Protein GENE1810",-0.3134,1,0.726435,0.055,0.1388,6,6,FALSE,FALSE,FALSE
"GENE2536","GENE2536_HUMAN","P96673","Protein GENE2536",0.2789,1,0.9646,0,0.0157,2,2,TRUE,FALSE,FALSE
"GENE0587","GENE0587_HUMAN","P72961","Protein GENE0587",0.5175,0.29587,0.197247,0.0709,0.705,6,6,FALSE,TRUE,FALSE
"GENE2180","GENE2180_HUMAN","P09687","Protein GENE2180",-0.6124,0.733062,0.206757,0.4483,0.6845,5,3,FALSE,FALSE,FALSE
"GENE0645","GENE0645_HUMAN","P54467","Protein GENE0645",0.0399,0.974027,0.461888,0,0.3355,5,2,FALSE,FALSE,FALSE
"GENE1012","GENE1012_HUMAN","P42840","Protein GENE1012",0.1791,1,0.718667,0,0.1435,4,3,FALSE,FALSE,FALSE
"GENE0405","GENE0405_HUMAN","P58383","Protein GENE0405",0.1725,1,0.723784,0,0.1404,2,5,FALSE,TRUE,FALSE
"GENE0602","GENE0602_HUMAN","P80474","Protein GENE0602",-0.7567,1,0.520901,0,0.2832,6,6,FALSE,FALSE,FALSE
"GENE2617","GENE2617_HUMAN","P37072","Protein GENE2617",-0.3051,0.456018,0.189879,0.0819,0.7215,3,3,TRUE,FALSE,FALSE
"GENE0873","GENE0873_HUMAN","P04816","Protein GENE0873",-0.5149,1,0.776807,0,0.1097,2,2,FALSE,FALSE,FALSE
"GENE2197","GENE2197_HUMAN","P84204","Protein GENE2197",0.3965,1,0.810138,0,0.0914,6,3,FALSE,FALSE,FALSE
"GENE1510","GENE1510_HUMAN","P01826","Protein GENE1510",0.0485,1,0.539437,0.1817,0.2681,2,6,FALSE,FALSE,FALSE
"GENE2245","GENE2245_HUMAN","P40356","Protein GENE2245",-0.3098,0.958559,0.69833,0,0.1559,2,4,TRUE,FALSE,FALSE
"GENE2723","GENE2723_HUMAN","P75493","Protein GENE2723",-0.0737,1,0.868645,0,0.0612,3,3,FALSE,FALSE,FALSE
"GENE0626","GENE0626_HUMAN","P63460","Protein GENE0626",0.4196,1,0.836436,0,0.0776,2,3,FALSE,FALSE,FALSE
"GENE1417","GENE1417_HUMAN","P45183","Protein GENE1417",-0.1561,0.623352,0.214383,0.1692,0.6688,3,5,FALSE,FALSE,FALSE
"GENE0206","GENE0206_HUMAN","P77319","Protein GENE0206",0.8294,1,0.906559,0,0.0426,6,3,FALSE,FALSE,FALSE
"GENE0007","GENE0007_HUMAN","P69990","Protein GENE0007",-0.5413,0.892516,0.263516,0.2513,0.5792,3,4,TRUE,FALSE,FALSE
"GENE1738","GENE1738_HUMAN","P13663","Protein GENE1738",0.159,1,0.500854,0,0.3003,6,4,FALSE,FALSE,FALSE
"GENE2139","GENE2139_HUMAN","P39335","Protein GENE2139",-0.1297,0.31421,0.096253,0.5968,1.0166,3,2,FALSE,FALSE,FALSE
"GENE1878","GENE1878_HUMAN","P26797","Protein GENE1878",0.9718,0.061329,0.015822,1.5273,1.8007,6,3,FALSE,FALSE,TRUE
"GENE2053","GENE2053_HUMAN","P56159","Protein GENE2053",0.2032,0.27677,0.074011,0.5819,1.1307,3,4,TRUE,TRUE,FALSE
"GENE0950","GENE0950_HUMAN","P30752","Protein GENE0950",-0.3133,1,0.837354,0,0.0771,2,2,FALSE,FALSE,FALSE
"GENE1416","GENE1416_HUMAN","P59380","Protein GENE1416",-0.4163,1,0.980521,0,0.0085,5,5,FALSE,FALSE,FALSE
"GENE1085","GENE1085_HUMAN","P19417","Protein GENE1085",0.0683,1,0.948858,0,0.0228,5,6,FALSE,FALSE,FALSE
"GENE1634","GENE1634_HUMAN","P03800","Protein GENE1634",-0.0717,0.381243,0.169218,0.4513,0.7716,5,5,FALSE,FALSE,FALSE
"GENE1655","GENE1655_HUMAN","P39312","Protein GENE1655",0.1629,0.7216,0.271823,0,0.5657,6,5,FALSE,TRUE,FALSE
"GENE1174","GENE1174_HUMAN","P47862","Protein GENE1174",-0.2064,0.949252,0.559424,0.2236,0.2523,6,2,FALSE,FALSE,FALSE
"DHX9","DHX9_HUMAN","P53595","Protein DHX9",-0.1425,0.55045,0.19177,0.0747,0.7172,2,6,FALSE,FALSE,FALSE
"GENE1357","GENE1357_HUMAN","P19865","Protein GENE1357",-0.0428,0.520401,0.245661,0.1762,0.6097,4,2,FALSE,FALSE,FALSE
"GENE1786","GENE1786_HUMAN","P51657","Protein GENE1786",-0.1147,1,0.652888,0,0.1852,5,2,FALSE,FALSE,FALSE
"GENE0830","GENE0830_HUMAN","P56267","Protein GENE0830",0.2041,1,0.459293,0,0.3379,4,2,FALSE,FALSE,FALSE
"GENE0556","GENE0556_HUMAN","P20568","Protein GENE0556",-0.1041,1,0.701653,0,0.1539,4,5,TRUE,FALSE,FALSE
"GENE0463","GENE0463_HUMAN","P84209","Protein GENE0463",0.0807,1,0.991554,0,0.0037,5,3,FALSE,FALSE,FALSE
"GENE0946","GENE0946_HUMAN","P20249","Protein GENE0946",-3.6489,0.081993,0.037162,1.1363,1.4299,6,6,FALSE,FALSE,TRUE
"GENE2765","GENE2765_HUMAN","P81895","Protein GENE2765",0.0805,0.390653,0.079999,0.4599,1.0969,2,5,FALSE,FALSE,FALSE
"GENE2333","GENE2333_HUMAN","P05446","Protein GENE2333",0.5656,1,0.449425,0,0.3473,2,3,FALSE,FALSE,FALSE
"GENE1365","GENE1365_HUMAN","P72670","Protein GENE1365",-0.2905,1,0.908266,0,0.0418,3,2,FALSE,FALSE,FALSE
"GENE2249","GENE2249_HUMAN","P74558","Protein GENE2249",-0.3011,1,0.583923,0.1199,0.2336,3,4,FALSE,FALSE,FALSE
"GENE0262","GENE0262_HUMAN","P00899","Protein GENE0262",-0.4038,0.65211,0.148096,0.2295,0.8295,5,3,FALSE,FALSE,FALSE
"GENE2480","GENE2480_HUMAN","P12959","Protein GENE2480",-0.9318,0.071382,0.019356,1.455,1.7132,2,2,FALSE,FALSE,TRUE
"GENE2804","GENE2804_HUMAN","P60291","Protein GENE2804",-0.2165,1,0.790516,0,0.1021,4,4,FALSE,FALSE,FALSE
"GENE2510","GENE2510_HUMAN","P60308","Protein GENE2510",0.2095,0.324812,0.070231,0.6796,1.1535,5,4,FALSE,FALSE,FALSE
"GENE0883","GENE0883_HUMAN","P42904","Protein GENE0883",-0.7849,1,0.851194,0,0.07,4,2,FALSE,FALSE,FALSE
"GENE1439","GENE1439_HUMAN","P47495","Protein GENE1439",0.3825,0.309497,0.213941,0.3827,0.6697,5,5,FALSE,FALSE,FALSE
"GENE1440","GENE1440_HUMAN","P86300","Protein GENE1440",-0.2119,0.560516,0.267061,0.5375,0.5734,5,3,FALSE,TRUE,FALSE
"GENE1519","GENE1519_HUMAN","P81164","Protein GENE1519",-0.1277,1,0.460849,0,0.3364,2,5,FALSE,FALSE,FALSE
"GENE2213","GENE2213_HUMAN","P33633","Protein GENE2213",0.3735,0.93308,0.241641,0.0777,0.6168,5,2,FALSE,FALSE,FALSE
"GENE1243","GENE1243_HUMAN","P92437","Protein GENE1243",-0.2445,1,0.78132,0,0.1072,3,4,FALSE,FALSE,FALSE
"GENE1429","GENE1429_HUMAN","P80977","Protein GENE1429",0.3344,0.250078,0.164369,0.302,0.7842,5,4,FALSE,FALSE,FALSE
"GENE1972","GENE1972_HUMAN","P04500","Protein GENE1972",0.0535,0.528413,0.501173,0,0.3,5,2,FALSE,FALSE,FALSE
"GENE2015","GENE2015_HUMAN","P18396","Protein GENE2015",-0.0268,0.734885,0.311922,0,0.506,3,4,FALSE,FALSE,FALSE
"GENE0461","GENE0461_HUMAN","P35722","Protein GENE0461",-0.5052,0.62504,0.373385,0,0.4278,2,5,FALSE,FALSE,FALSE
"GENE2587","GENE2587_HUMAN","P30419","Protein GENE2587",0.7854,1,0.895482,0,0.0479,3,6,FALSE,FALSE,FALSE
"GENE1554","GENE1554_HUMAN","P75848","Protein GENE1554",0.6116,0.534939,0.319489,0,0.4955,3,5,FALSE,FALSE,FALSE
"GENE0444","GENE0444_HUMAN","P68656","Protein GENE0444",0.7453,0.822918,0.196033,0.6112,0.7077,5,3,FALSE,FALSE,FALSE
"GENE1835","GENE1835_HUMAN","P99915","Protein GENE1835",0.1083,1,0.770175,0,0.1134,4,2,FALSE,TRUE,FALSE
"GENE2011","GENE2011_HUMAN","P71435","Protein GENE2011",0.8963,1,0.311992,0.1255,0.5059,2,3,TRUE,FALSE,FALSE
"GENE0297","GENE0297_HUMAN","P35892","Protein GENE0297",-0.1966,0.184953,0.076942,0.6071,1.1138,6,6,FALSE,FALSE,FALSE
"GENE1028","GENE1028_HUMAN","P84394","Protein GENE1028",0.7054,0.8903,0.697444,0,0.1565,6,2,FALSE,FALSE,FALSE
"GENE1775","GENE1775_HUMAN","P33298","Protein GENE1775",0.2931,1,0.636415,0,0.1963,3,6,FALSE,FALSE,FALSE
"GENE2541","GENE2541_HUMAN","P48598","Protein GENE2541",0.0135,0.856327,0.772513,0,0.1121,2,5,FALSE,FALSE,FALSE
"GENE1968","GENE1968_HUMAN","P63931","Protein GENE1968",0.159,1,0.827038,0,0.0825,6,4,FALSE,FALSE,FALSE
"GENE0581","GENE0581_HUMAN","P97819","Protein GENE0581",-0.3008,0.548569,0.190142,0.0897,0.7209,4,2,TRUE,FALSE,FALSE
"GENE0362","GENE0362_HUMAN","P55427","Protein GENE0362",-0.5896,0.266155,0.181777,0.5254,0.7405,2,5,FALSE,FALSE,FALSE
"GENE0119","GENE0119_HUMAN","P62720","Protein GENE0119",-0.4075,1,0.958854,0,0.0182,3,2,FALSE,FALSE,FALSE
"GENE2051","GENE2051_HUMAN","P15885","Protein GENE2051",0.0264,1,0.327317,0,0.485,2,2,FALSE,FALSE,FALSE
"GENE0266","GENE0266_HUMAN","P82338","Protein GENE0266",-0.0171,1,0.57446,0,0.2407,6,3,FALSE,FALSE,FALSE
"GENE0057","GENE0057_HUMAN","P43709","Protein GENE0057",-0.4586,1,0.388721,0,0.4104,5,3,FALSE,FALSE,FALSE
"GENE1661","GENE1661_HUMAN","P73495","Protein GENE1661",0.5353,1,0.957696,0,0.0188,2,4,FALSE,FALSE,FALSE
"GENE1129","GENE1129_HUMAN","P59001","Protein GENE1129",-0.2782,1,0.251117,0.131,0.6001,2,4,FALSE,FALSE,FALSE
"GENE0452","GENE0452_HUMAN","P71634","Protein GENE0452",0.1988,1,0.465625,0,0.332,5,2,FALSE,FALSE,FALSE
"GENE2200","GENE2200_HUMAN","P64940","Protein GENE2200",-0.3505,1,0.653822,0,0.1845,4,4,FALSE,FALSE,FALSE
"GENE0972","GENE0972_HUMAN","P10804","Protein GENE0972",0.285,0.315146,0.110156,0.3749,0.958,4,2,FALSE,FALSE,FALSE
"GENE0002","GENE0002_HUMAN","P08333","Protein GENE0002",-0.5756,0.443554,0.145103,0.611,0.8383,5,2,FALSE,FALSE,FALSE
"GENE0054","GENE0054_HUMAN","P73077","Protein GENE0054",-0.2929,0.461933,0.117895,0.3766,0.9285,3,4,FALSE,FALSE,FALSE
"GENE1441","GENE1441_HUMAN","P46791","Protein GENE1441",-0.2775,1,0.690152,0,0.1611,5,4,FALSE,FALSE,FALSE
"GENE0165","GENE0165_HUMAN","P81805","Protein GENE0165",-0.0268,1,0.969907,0,0.0133,5,6,TRUE,FALSE,FALSE
"GENE2577","GENE2577_HUMAN","P08836","Protein GENE2577",-0.0374,1,0.772077,0,0.1123,4,2,FALSE,FALSE,FALSE
"GENE0480","GENE0480_HUMAN","P94072","Protein GENE0480",-0.1075,1,0.786708,0,0.1042,5,3,FALSE,FALSE,FALSE
"GENE2340","GENE2340_HUMAN","P51111","Protein GENE2340",-0.2436,1,0.835438,0,0.0781,2,3,FALSE,FALSE,FALSE
"GENE0915","GENE0915_HUMAN","P68766","Protein GENE0915",-0.0953,1,0.521576,0,0.2827,4,5,FALSE,TRUE,FALSE
"GENE2606","GENE2606_HUMAN","P90627","Protein GENE2606",-0.1314,0.344421,0.152413,0.6488,0.817,4,2,FALSE,FALSE,FALSE
"GENE2018","GENE2018_HUMAN","P39041","Protein GENE2018",0.3007,0.402561,0.200883,0.1289,0.6971,3,3,FALSE,FALSE,FALSE
"GENE0283","GENE0283_HUMAN","P56528","Protein GENE0283",0.0352,0.803741,0.648933,0,0.1878,2,3,FALSE,FALSE,FALSE
"GENE2238","GENE2238_HUMAN","P81655","Protein GENE2238",-0.0935,1,0.723403,0,0.1406,2,6,FALSE,FALSE,FALSE
"GENE2572","GENE2572_HUMAN","P29799","Protein GENE2572",0.3831,1,0.646972,0,0.1891,3,4,FALSE,FALSE,FALSE
"GENE1538","GENE1538_HUMAN","P01407","Protein GENE1538",3.311,0.147197,0.031467,1.0322,1.5021,5,3,FALSE,FALSE,TRUE
"GENE2214","GENE2214_HUMAN","P88175","Protein GENE2214",0.3786,1,0.670531,0.0808,0.1736,6,6,FALSE,FALSE,FALSE
"GENE0468","GENE0468_HUMAN","P79071","Protein GENE0468",-0.5564,1,0.876044,0,0.0575,4,2,FALSE,FALSE,FALSE
"GENE2783","GENE2783_HUMAN","P92382","Protein GENE2783",0.0269,1,0.924349,0,0.0342,4,5,FALSE,FALSE,FALSE
"GENE0230","GENE0230_HUMAN","P90309","Protein GENE0230",0.3395,1,0.951395,0,0.0216,6,2,TRUE,TRUE,FALSE
"GENE1941","GENE1941_HUMAN","P59271","Protein GENE1941",-0.2684,0.777299,0.585704,0,0.2323,5,6,FALSE,FALSE,FALSE
"GENE2635","GENE2635_HUMAN","P49105","Protein GENE2635",-0.7442,0.055948,0.021575,1.5659,1.6661,3,2,FALSE,FALSE,TRUE
"GENE0286","GENE0286_HUMAN","P03946","Protein GENE0286",-0.2429,1,0.757279,0,0.1207,5,3,FALSE,FALSE,FALSE
"GENE0431","GENE0431_HUMAN","P38759","Protein GENE0431",-0.1563,0.336094,0.27005,0,0.5686,2,3,FALSE,FALSE,FALSE
"GENE0836","GENE0836_HUMAN","P72549","Protein GENE0836",0.057,0.76253,0.308536,0.1457,0.5107,4,4,FALSE,FALSE,FALSE
"GENE1486","GENE1486_HUMAN","P83296","Protein GENE1486",-0.0867,1,0.388229,0,0.4109,6,4,FALSE,FALSE,FALSE
"GENE1852","GENE1852_HUMAN","P96734","Protein GENE1852",0.5535,1,0.976794,0,0.0102,2,4,FALSE,FALSE,FALSE
"GENE2517","GENE2517_HUMAN","P21770","Protein GENE2517",-0.2504,0.315724,0.132935,0.1848,0.8764,6,4,FALSE,TRUE,FALSE
"GENE2884","GENE2884_HUMAN","P16359","Protein GENE2884",-0.3461,0.791776,0.252723,0,0.5974,3,3,FALSE,FALSE,FALSE
"GENE1750","GENE1750_HUMAN","P95595","Protein GENE1750",0.2447,1,0.236689,0.0737,0.6258,6,4,FALSE,FALSE,FALSE
"GENE2787","GENE2787_HUMAN","P15767","Protein GENE2787",-3.9559,0.073513,0.041043,0.7814,1.3868,5,3,FALSE,FALSE,TRUE
"GENE1614","GENE1614_HUMAN","P21633","Protein GENE1614",0.1777,1,0.851031,0,0.0701,3,4,FALSE,FALSE,FALSE
"GENE0522","GENE0522_HUMAN","P57486","Protein GENE0522",-0.8795,1,0.60852,0.0697,0.2157,2,6,FALSE,TRUE,FALSE
"GENE2274","GENE2274_HUMAN","P15857","Protein GENE2274",-0.328,1,0.542446,0,0.2656,6,4,TRUE,FALSE,FALSE
"GENE1112","GENE1112_HUMAN","P68990","Protein GENE1112",2.7657,0.102989,0.02382,1.2941,1.6231,6,5,FALSE,FALSE,TRUE
"GENE0670","GENE0670_HUMAN","P59027","Protein GENE0670",-0.0615,0.953246,0.275301,0.0937,0.5602,4,2,FALSE,FALSE,FALSE
"GENE2835","GENE2835_HUMAN","P39241","Protein GENE2835",0.4189,1,0.988765,0,0.0049,4,3,FALSE,FALSE,FALSE
"GENE1755","GENE1755_HUMAN","P06982","Protein GENE1755",-0.5862,0.511602,0.112247,0.2823,0.9498,6,5,FALSE,FALSE,FALSE
"GENE1031","GENE1031_HUMAN","P17729","Protein GENE1031",0.0133,0.706351,0.505688,0,0.2961,5,2,FALSE,FALSE,FALSE
"GENE2891","GENE2891_HUMAN","P75056","Protein GENE2891",0.5579,0.18825,0.040357,0.7576,1.3941,4,2,FALSE,FALSE,TRUE
"GENE2409","GENE2409_HUMAN","P86143","Protein GENE2409",0.0251,0.253499,0.075518,0.58,1.1219,4,4,FALSE,FALSE,FALSE
"GENE2877","GENE2877_HUMAN","P39965","Protein GENE2877",0.6576,0.573558,0.131373,0.8548,0.8815,2,4,FALSE,FALSE,FALSE
"GENE2038","GENE2038_HUMAN","P41341","Protein GENE2038",0.6066,1,0.851676,0,0.0697,5,6,FALSE,TRUE,FALSE
"GENE0089","GENE0089_HUMAN","P40845","Protein GENE0089",-0.5935,1,0.949882,0,0.0223,2,3,FALSE,FALSE,FALSE
"GENE0358","GENE0358_HUMAN","P06803","Protein GENE0358",-4.415,0.029836,0.012874,1.4569,1.8903,3,6,FALSE,FALSE,TRUE
"GENE0959","GENE0959_HUMAN","P56959","Protein GENE0959",0.4338,1,0.672423,0.0964,0.1724,4,6,FALSE,TRUE,FALSE
"GENE2585","GENE2585_HUMAN","P49528","Protein GENE2585",0.0187,0.765342,0.238724,0,0.6221,3,3,FALSE,FALSE,FALSE
"GENE2557","GENE2557_HUMAN","P79845","Protein GENE2557",-0.3189,1,0.928356,0,0.0323,4,3,TRUE,FALSE,FALSE
"GENE0160","GENE0160_HUMAN","P33163","Protein GENE0160",0.5171,0.969864,0.296025,0.289,0.5287,3,6,FALSE,FALSE,FALSE
"GENE2194","GENE2194_HUMAN","P99569","Protein GENE2194",0.3564,1,0.314811,0,0.502,6,3,FALSE,FALSE,FALSE
"GENE1018","GENE1018_HUMAN","P49621","Protein GENE1018",-0.4214,1,0.557328,0,0.2539,6,2,FALSE,FALSE,FALSE
"GENE0818","GENE0818_HUMAN","P53610","Protein GENE0818",-0.7883,0.251973,0.164222,0.089,0.7846,3,6,FALSE,FALSE,FALSE
"GENE1121","GENE1121_HUMAN","P22036","Protein GENE1121",-0.2579,1,0.408517,0.0139,0.3888,6,5,FALSE,FALSE,FALSE
"GENE1665","GENE1665_HUMAN","P96034","Protein GENE1665",-0.2975,1,0.406279,0.2332,0.3912,2,3,FALSE,FALSE,FALSE
"GENE0845","GENE0845_HUMAN","P28977","Protein GENE0845",0.4187,0.8993,0.251322,0.2062,0.5998,6,3,FALSE,FALSE,FALSE
"GENE1805","GENE1805_HUMAN","P33281","Protein GENE1805",0.0589,1,0.979765,0,0.0089,5,4,FALSE,FALSE,FALSE
"GENE2441","GENE2441_HUMAN","P62989","Protein GENE2441",-0.2412,0.518191,0.228228,0.3813,0.6416,6,4,FALSE,FALSE,FALSE
"GENE2898","GENE2898_HUMAN","P80930","Protein GENE2898",-0.3023,1,0.808244,0,0.0925,6,4,FALSE,FALSE,FALSE
"GENE2655","GENE2655_HUMAN","P87370","Protein GENE2655",-0.2803,0.891309,0.445621,0,0.351,5,2,FALSE,FALSE,FALSE
"GENE1983","GENE1983_HUMAN","P24226","Protein GENE1983",0.2443,1,0.749939,0,0.125,6,3,FALSE,FALSE,FALSE
"GENE0881","GENE0881_HUMAN","P86424","Protein GENE0881",-0.4701,1,0.922569,0,0.035,2,2,FALSE,FALSE,FALSE
"GENE2699","GENE2699_HUMAN","P73372","Protein GENE2699",0.0747,1,0.272952,0.0691,0.5639,3,6,FALSE,FALSE,FALSE
"GENE0432","GENE0432_HUMAN","P46878","Protein GENE0432",0.4007,1,0.77471,0,0.1109,3,4,FALSE,FALSE,FALSE
"GENE0382","GENE0382_HUMAN","P80889","Protein GENE0382",0.0488,1,0.833942,0,0.0789,3,3,FALSE,FALSE,FALSE
"GENE2312","GENE2312_HUMAN","P09017","Protein GENE2312",-0.6444,0.930768,0.198753,0.256,0.7017,2,6,FALSE,FALSE,FALSE
"GENE0113","GENE0113_HUMAN","P48587","Protein GENE0113",0.4004,0.19859,0.086632,0.7082,1.0623,5,4,FALSE,FALSE,FALSE
"GENE1567","GENE1567_HUMAN","P28847","Protein GENE1567",-0.8807,0.591182,0.38094,0.3211,0.4191,6,2,FALSE,FALSE,FALSE
"GENE2308","GENE2308_HUMAN","P35404","Protein GENE2308",0.1265,1,0.945139,0,0.0245,2,2,FALSE,TRUE,FALSE
"GENE0011","GENE0011_HUMAN","P39797","Protein GENE0011",0.9122,0.012191,0.002653,2.1661,2.5762,4,6,FALSE,TRUE,TRUE
"GENE1856","GENE1856_HUMAN","P29716","Protein GENE1856",1.2102,1,0.823668,0,0.0842,2,2,FALSE,TRUE,FALSE
"GENE2793","GENE2793_HUMAN","P67993","Protein GENE2793",-0.542,1,0.907293,0,0.0423,2,4,FALSE,FALSE,FALSE
"GENE1988","GENE1988_HUMAN","P22319","Protein GENE1988",-0.3572,0.204601,0.083278,0.5687,1.0795,2,4,TRUE,FALSE,FALSE
"GENE1950","GENE1950_HUMAN","P60442","Protein GENE1950",0.8733,0.693567,0.367956,0.394,0.4342,5,4,FALSE,FALSE,FALSE
"GENE1845","GENE1845_HUMAN","P41774","Protein GENE1845",-0.1458,1,0.679654,0,0.1677,4,5,FALSE,FALSE,FALSE
"GENE0874","GENE0874_HUMAN","P42665","Protein GENE0874",-0.6138,1,0.589561,0,0.2295,5,2,FALSE,FALSE,FALSE
"GENE0269","GENE0269_HUMAN","P78975","Protein GENE0269",0.1383,1,0.485261,0.0332,0.314,4,6,FALSE,FALSE,FALSE
"GENE2497","GENE2497_HUMAN","P93307","Protein GENE2497",0.0928,1,0.392681,0,0.406,6,3,FALSE,FALSE,FALSE
"GENE2061","GENE2061_HUMAN","P93125","Protein GENE2061",0.2542,1,0.360764,0,0.4428,2,4,FALSE,FALSE,FALSE
"DHX29","DHX29_HUMAN","P32783","Protein DHX29",0.2037,0.894113,0.184877,0.2065,0.7331,3,4,FALSE,FALSE,FALSE
"GENE0723","GENE0723_HUMAN","P44391","Protein GENE0723",-0.4222,1,0.873133,0,0.0589,2,4,FALSE,FALSE,FALSE
"GENE0419","GENE0419_HUMAN","P72322","Protein GENE0419",-0.1503,0.908354,0.409262,0.1972,0.388,3,5,FALSE,FALSE,FALSE
"GENE0620","GENE0620_HUMAN","P85549","Protein GENE0620",0.0284,1,0.540324,0,0.2673,3,5,FALSE,FALSE,FALSE
"GENE0232","GENE0232_HUMAN","P44806","Protein GENE0232",-0.0802,1,0.956261,0,0.0194,2,4,FALSE,FALSE,FALSE
"GENE1740","GENE1740_HUMAN","P54993","Protein GENE1740",0.0448,0.817088,0.61629,0,0.2102,3,3,TRUE,FALSE,FALSE
"GENE0074","GENE0074_HUMAN","P76082","Protein GENE0074",0.2761,0.665818,0.161322,0.3459,0.7923,5,4,FALSE,TRUE,FALSE
"GENE0040","GENE0040_HUMAN","P78467","Protein GENE0040",-0.0739,0.665156,0.424374,0.2882,0.3723,3,3,TRUE,TRUE,FALSE
"GENE2136","GENE2136_HUMAN","P97534","Protein GENE2136",0.0689,0.267555,0.089386,0.9829,1.0487,5,6,FALSE,FALSE,FALSE
"GENE2707","GENE2707_HUMAN","P58447","Protein GENE2707",0.5429,1,0.724138,0,0.1402,2,4,TRUE,FALSE,FALSE
"GENE0768","GENE0768_HUMAN","P92934","Protein GENE0768",0.1232,1,0.982875,0,0.0075,6,3,FALSE,FALSE,FALSE
"GENE1056","GENE1056_HUMAN","P28045","Protein GENE1056",0.4305,1,0.457411,0,0.3397,6,2,FALSE,FALSE,FALSE
"GENE0752","GENE0752_HUMAN","P33124","Protein GENE0752",-0.0084,1,0.639985,0,0.1938,4,6,FALSE,FALSE,FALSE
"GENE1513","GENE1513_HUMAN","P58537","Protein GENE1513",0.4092,1,0.993993,0,0.0026,5,2,FALSE,FALSE,FALSE
"GENE1898","GENE1898_HUMAN","P20843","Protein GENE1898",-0.2522,1,0.974944,0,0.011,3,4,FALSE,FALSE,FALSE
"GENE1358","GENE1358_HUMAN","P37530","Protein GENE1358",0.1525,1,0.275542,0.5126,0.5598,4,6,FALSE,FALSE,FALSE
"GENE0714","GENE0714_HUMAN","P22280","Protein GENE0714",-0.2048,0.454374,0.143409,0.3586,0.8434,4,3,FALSE,FALSE,FALSE
"GENE2509","GENE2509_HUMAN","P23129","Protein GENE2509",-0.081,0.30801,0.082195,0.8785,1.0852,5,2,FALSE,TRUE,FALSE
"GENE0726","GENE0726_HUMAN","P38875","Protein GENE0726",-0.5637,1,0.360032,0.2795,0.4437,6,4,FALSE,FALSE,FALSE
"GENE0404","GENE0404_HUMAN","P79589","Protein GENE0404",-1.5891,0.063332,0.026213,1.0314,1.5815,6,2,FALSE,FALSE,TRUE
"GENE2163","GENE2163_HUMAN","P58672","Protein GENE2163",-0.1142,1,0.258492,0.355,0.5876,5,6,FALSE,TRUE,FALSE
"GENE1591","GENE1591_HUMAN","P57867","Protein GENE1591",-0.4603,0.919722,0.333487,0,0.4769,3,5,FALSE,FALSE,FALSE
"GENE0753","GENE0753_HUMAN","P96856","Protein GENE0753",0.1599,1,0.413529,0,0.3835,4,2,TRUE,FALSE,FALSE
"GENE1924","GENE1924_HUMAN","P41335","Protein GENE1924",-0.2864,0.89822,0.577709,0,0.2383,3,6,FALSE,FALSE,FALSE
"GENE0300","GENE0300_HUMAN","P66778","Protein GENE0300",0.0743,0.505456,0.394956,0,0.4035,3,3,FALSE,FALSE,FALSE
"GENE2144","GENE2144_HUMAN","P64272","Protein GENE2144",-0.3839,0.794457,0.74645,0,0.127,4,6,FALSE,FALSE,FALSE
"GENE2319","GENE2319_HUMAN","P21650","Protein GENE2319",0.1699,1,0.762964,0,0.1175,6,2,FALSE,FALSE,FALSE
"GENE2712","GENE2712_HUMAN","P67440","Protein GENE2712",0.1209,1,0.236339,0.1619,0.6265,2,2,FALSE,TRUE,FALSE
"GENE0326","GENE0326_HUMAN","P88457","Protein GENE0326",0.0068,0.824636,0.263678,0.5563,0.5789,6,2,FALSE,FALSE,FALSE
"GENE2498","GENE2498_HUMAN","P66563","Protein GENE2498",0.2803,0.797049,0.421443,0,0.3753,6,3,FALSE,FALSE,FALSE
"GENE2256","GENE2256_HUMAN","P06971","Protein GENE2256",-1.158,1,0.590966,0,0.2284,2,6,FALSE,FALSE,FALSE
"GENE0090","GENE0090_HUMAN","P80027","Protein GENE0090",0.1607,1,0.695435,0,0.1577,6,5,FALSE,FALSE,FALSE
"GENE0593","GENE0593_HUMAN","P79437","Protein GENE0593",-0.232,1,0.250525,0.4958,0.6011,2,6,FALSE,TRUE,FALSE
"GENE2241","GENE2241_HUMAN","P38170","Protein GENE2241",0.2484,1,0.256162,0.1816,0.5915,6,4,FALSE,FALSE,FALSE
"GENE1222","GENE1222_HUMAN","P13206","Protein GENE1222",-0.419,1,0.989342,0,0.0047,4,2,FALSE,FALSE,FALSE
"GENE0984","GENE0984_HUMAN","P49223","Protein GENE0984",-0.4662,0.892879,0.314823,0,0.5019,5,3,FALSE,FALSE,FALSE
"GENE0961","GENE0961_HUMAN","P65006","Protein GENE0961",-0.1525,0.937005,0.450453,0,0.3464,4,2,FALSE,FALSE,FALSE
"GENE0978","GENE0978_HUMAN","P57683","Protein GENE0978",0.6366,1,0.959165,0,0.0181,4,4,FALSE,FALSE,FALSE
"GENE2698","GENE2698_HUMAN","P41729","Protein GENE2698",-0.2381,1,0.465447,0,0.3321,2,5,FALSE,FALSE,FALSE
"GENE2781","GENE2781_HUMAN","P38575","Protein GENE2781",-0.5249,1,0.673104,0,0.1719,5,2,FALSE,TRUE,FALSE
"GENE2825","GENE2825_HUMAN","P06540","Protein GENE2825",0.1516,1,0.603328,0,0.2194,6,3,FALSE,FALSE,FALSE
"GENE0663","GENE0663_HUMAN","P58822","Protein GENE0663",0.1142,0.229643,0.062383,1.1085,1.2049,6,5,FALSE,FALSE,FALSE
"GENE0568","GENE0568_HUMAN","P24886","Protein GENE0568",0.973,0.4113,0.097467,0.9467,1.0111,4,5,TRUE,FALSE,FALSE
"GENE0071","GENE0071_HUMAN","P79072","Protein GENE0071",0.0808,1,0.815043,0,0.0888,4,4,FALSE,FALSE,FALSE
"LARP4","LARP4_HUMAN","P28290","Protein LARP4",-0.3457,0.352311,0.341647,0,0.4664,5,2,FALSE,FALSE,FALSE
"GENE0429","GENE0429_HUMAN","P19810","Protein GENE0429",-0.4707,1,0.867963,0,0.0615,4,3,TRUE,TRUE,FALSE
"GENE2812","GENE2812_HUMAN","P81714","Protein GENE2812",-0.3909,0.448391,0.251949,0.4679,0.5987,4,3,FALSE,TRUE,FALSE
"GENE0610","GENE0610_HUMAN","P16989","Protein GENE0610",0.1321,1,0.56152,0,0.2506,5,3,FALSE,FALSE,FALSE
"GENE0179","GENE0179_HUMAN","P28687","Protein GENE0179",0.8096,1,0.723724,0.0723,0.1404,5,5,FALSE,FALSE,FALSE
"GENE0629","GENE0629_HUMAN","P64800","Protein GENE0629",-0.0532,1,0.699577,0,0.1552,6,2,FALSE,FALSE,FALSE
"GENE1991","GENE1991_HUMAN","P26630","Protein GENE1991",0.0213,0.329122,0.173909,0.6521,0.7597,3,3,FALSE,FALSE,FALSE
"GENE0590","GENE0590_HUMAN","P55366","Protein GENE0590",0.0508,1,0.645671,0.0319,0.19,2,2,FALSE,FALSE,FALSE
"GENE1002","GENE1002_HUMAN","P97129","Protein GENE1002",3.115,0.102892,0.037263,0.7675,1.4287,4,3,FALSE,FALSE,TRUE
"GENE1624","GENE1624_HUMAN","P31930","Protein GENE1624",-0.2941,1,0.928577,0,0.0322,6,4,FALSE,FALSE,FALSE
"GENE0841","GENE0841_HUMAN","P45374","Protein GENE0841",-0.3362,1,0.348762,0,0.4575,5,3,FALSE,TRUE,FALSE
"GENE1370","GENE1370_HUMAN","P29827","Protein GENE1370",-0.249,1,0.767618,0,0.1149,3,5,FALSE,FALSE,FALSE
"GENE2267","GENE2267_HUMAN","P38208","Protein GENE2267",0.1723,1,0.880901,0,0.0551,6,5,TRUE,FALSE,FALSE
"GENE1819","GENE1819_HUMAN","P08467","Protein GENE1819",-0.0074,1,0.594327,0,0.226,2,4,FALSE,FALSE,FALSE
"GENE2466","GENE2466_HUMAN","P72685","Protein GENE2466",0.115,1,0.777671,0,0.1092,5,5,FALSE,FALSE,FALSE
"GENE2290","GENE2290_HUMAN","P31638","Protein GENE2290",0.0142,0.715988,0.437677,0.0827,0.3588,2,4,TRUE,FALSE,FALSE
"GENE1650","GENE1650_HUMAN","P16652","Protein GENE1650",0.0936,1,0.627782,0,0.2022,5,4,TRUE,FALSE,FALSE
"GENE1437","GENE1437_HUMAN","P22513","Protein GENE1437",-0.0254,0.398505,0.083706,0.8983,1.0772,3,6,FALSE,FALSE,FALSE
"GENE1556","GENE1556_HUMAN","P00180","Protein GENE1556",-0.5656,0.919784,0.817716,0,0.0874,2,4,FALSE,FALSE,FALSE
"GENE0761","GENE0761_HUMAN","P85450","Protein GENE0761",0.0241,1,0.803919,0,0.0948,3,5,FALSE,FALSE,FALSE
"GENE2860","GENE2860_HUMAN","P36215","Protein GENE2860",-0.9044,0.064966,0.013368,1.6442,1.8739,4,6,FALSE,FALSE,TRUE
"GENE0280","GENE0280_HUMAN","P94768","Protein GENE0280",-0.0017,0.659417,0.529661,0,0.276,2,3,FALSE,FALSE,FALSE
"GENE1532","GENE1532_HUMAN","P96908","Protein GENE1532",0.1017,1,0.934595,0,0.0294,5,2,FALSE,FALSE,FALSE
"GENE1736","GENE1736_HUMAN","P06941","Protein GENE1736",-0.1145,1,0.663898,0,0.1779,3,6,FALSE,FALSE,FALSE
"GENE0287","GENE0287_HUMAN","P87800","Protein GENE0287",-2.7544,0.054543,0.030807,0.9211,1.5114,2,6,FALSE,FALSE,TRUE
"GENE0145","GENE0145_HUMAN","P29717","Protein GENE0145",-0.1094,1,0.71771,0,0.1441,5,4,FALSE,FALSE,FALSE
"GENE0106","GENE0106_HUMAN","P49081","Protein GENE0106",-0.1017,0.630916,0.166236,0.1537,0.7793,2,3,FALSE,TRUE,FALSE
"GENE0073","GENE0073_HUMAN","P80150","Protein GENE0073",-0.8704,1,0.984825,0,0.0066,2,2,FALSE,FALSE,FALSE
"GENE1255","GENE1255_HUMAN","P14195","Protein GENE1255",-0.2328,1,0.790711,0,0.102,2,4,FALSE,FALSE,FALSE
"GENE1083","GENE1083_HUMAN","P90354","Protein GENE1083",0.3787,0.449074,0.166585,0.325,0.7784,5,3,FALSE,FALSE,FALSE
"GENE2695","GENE2695_HUMAN","P54834","Protein GENE2695",0.0546,1,0.78535,0,0.1049,6,2,FALSE,FALSE,FALSE
"GENE1030","GENE1030_HUMAN","P12203","Protein GENE1030",0.2896,0.429996,0.429324,0.1227,0.3672,4,3,FALSE,FALSE,FALSE
"GENE1704","GENE1704_HUMAN","P50529","Protein GENE1704",-0.3513,1,0.882095,0,0.0545,2,5,FALSE,FALSE,FALSE
"GENE1141","GENE1141_HUMAN","P61882","Protein GENE1141",0.1348,0.945539,0.292778,0.1455,0.5335,4,2,FALSE,FALSE,FALSE
"GENE0847","GENE0847_HUMAN","P50585","Protein GENE0847",0.1325,1,0.475458,0.1137,0.3229,5,6,FALSE,TRUE,FALSE
"GENE1709","GENE1709_HUMAN","P03566","Protein GENE1709",0.3004,0.709475,0.42113,0,0.3756,5,3,FALSE,FALSE,FALSE
"GENE2663","GENE2663_HUMAN","P90883","Protein GENE2663",0.2236,1,0.379645,0.4174,0.4206,2,4,FALSE,FALSE,FALSE
"GENE1986","GENE1986_HUMAN","P66628","Protein GENE1986",0.1712,0.269142,0.230019,0.081,0.6382,3,2,FALSE,FALSE,FALSE
"GENE0730","GENE0730_HUMAN","P41699","Protein GENE0730",0.1766,1,0.652571,0.0246,0.1854,5,4,FALSE,FALSE,FALSE
"GENE2590","GENE2590_HUMAN","P26539","Protein GENE2590",-0.0153,1,0.856488,0,0.0673,4,4,FALSE,FALSE,FALSE
"GENE0140","GENE0140_HUMAN","P39698","Protein GENE0140",-0.6502,1,0.542104,0,0.2659,4,3,TRUE,FALSE,FALSE
"GENE2507","GENE2507_HUMAN","P30846","Protein GENE2507",-0.0634,1,0.654878,0,0.1838,6,5,FALSE,FALSE,FALSE
"GENE1710","GENE1710_HUMAN","P99570","Protein GENE1710",-0.6025,1,0.76041,0,0.119,6,4,FALSE,FALSE,FALSE
"GENE0013","GENE0013_HUMAN","P17947","Protein GENE0013",0.2263,1,0.447211,0,0.3495,4,2,TRUE,FALSE,FALSE
"GENE1116","GENE1116_HUMAN","P65230","Protein GENE1116",0.4242,1,0.764382,0,0.1167,6,6,FALSE,FALSE,FALSE
"GENE2021","GENE2021_HUMAN","P77372","Protein GENE2021",2.1767,0.009629,0.002312,2.4359,2.6361,6,3,FALSE,FALSE,TRUE
"GENE2010","GENE2010_HUMAN","P51144","Protein GENE2010",-0.422,0.910514,0.218447,0.0114,0.6607,5,4,FALSE,FALSE,FALSE
"GENE2133","GENE2133_HUMAN","P29780","Protein GENE2133",0.284,1,0.997025,0,0.0013,4,6,FALSE,FALSE,FALSE
"AGGF1","AGGF1_HUMAN","P89589","Protein AGGF1",0.2171,0.699758,0.211851,0.033,0.674,6,6,FALSE,FALSE,FALSE
"GENE1682","GENE1682_HUMAN","P77643","Protein GENE1682",-0.0827,1,0.414083,0,0.3829,2,3,FALSE,FALSE,FALSE
"GENE1907","GENE1907_HUMAN","P02349","Protein GENE1907",0.6963,0.941455,0.286224,0,0.5433,3,2,FALSE,FALSE,FALSE
"GENE0866","GENE0866_HUMAN","P68464","Protein GENE0866",-0.8454,1,0.696664,0,0.157,2,5,FALSE,FALSE,FALSE
"GENE1752","GENE1752_HUMAN","P43778","Protein GENE1752",0.6289,0.920449,0.301559,0,0.5206,2,5,FALSE,FALSE,FALSE
"GENE0313","GENE0313_HUMAN","P58500","Protein GENE0313",0.2834,1,0.703035,0,0.153,3,2,FALSE,FALSE,FALSE
"GENE2414","GENE2414_HUMAN","P93473","Protein GENE2414",0.0829,1,0.607775,0,0.2163,6,4,TRUE,FALSE,FALSE
"PKN3","PKN3_HUMAN","P36801","Protein PKN3",2.6244,0.022828,0.009276,1.5136,2.0327,3,2,FALSE,FALSE,TRUE
"GENE1964","GENE1964_HUMAN","P71165","Protein GENE1964",0.2325,0.591562,0.233915,0.1119,0.6309,6,3,FALSE,FALSE,FALSE
"GENE2555","GENE2555_HUMAN","P71262","Protein GENE2555",-0.0866,0.948416,0.400262,0,0.3977,3,5,FALSE,FALSE,FALSE
"GENE1636","GENE1636_HUMAN","P30999","Protein GENE1636",0.2003,1,0.370638,0.1029,0.4311,2,5,FALSE,FALSE,FALSE
"GENE0471","GENE0471_HUMAN","P00658","Protein GENE0471",-0.1754,0.153993,0.094637,0.5939,1.0239,4,3,FALSE,FALSE,FALSE
"GENE2696","GENE2696_HUMAN","P41651","Protein GENE2696",1.4377,0.044326,0.038348,0.7651,1.4163,6,5,FALSE,FALSE,TRUE
"GENE2567","GENE2567_HUMAN","P08089","Protein GENE2567",-0.6009,1,0.870543,0,0.0602,4,6,FALSE,FALSE,FALSE
"GENE2544","GENE2544_HUMAN","P85153","Protein GENE2544",-0.1787,0.654741,0.350542,0,0.4553,4,5,FALSE,FALSE,FALSE
"GENE0618","GENE0618_HUMAN","P58891","Protein GENE0618",-0.5447,0.414146,0.117063,0.3343,0.9316,4,6,FALSE,FALSE,FALSE
"GENE2393","GENE2393_HUMAN","P64676","Protein GENE2393",0.4734,1,0.892411,0,0.0494,5,2,FALSE,FALSE,FALSE
"GENE2374","GENE2374_HUMAN","P83230","Protein GENE2374",-0.1052,0.692692,0.434153,0,0.3624,2,5,FALSE,FALSE,FALSE
"GENE2797","GENE2797_HUMAN","P06047","Protein GENE2797",0.6526,0.126759,0.079266,0.57,1.1009,3,5,FALSE,FALSE,FALSE
"GENE2023","GENE2023_HUMAN","P73610","Protein GENE2023",-0.5201,1,0.89317,0,0.0491,6,4,FALSE,FALSE,FALSE
"GENE1582","GENE1582_HUMAN","P38078","Protein GENE1582",-0.81,0.145882,0.068462,0.6482,1.1646,2,6,FALSE,FALSE,FALSE
"GENE0557","GENE0557_HUMAN","P85221","Protein GENE0557",0.1377,0.406863,0.119339,0.6181,0.9232,3,5,TRUE,FALSE,FALSE
"GENE0694","GENE0694_HUMAN","P11995","Protein GENE0694",-0.2647,0.349384,0.106121,0.5001,0.9742,2,6,FALSE,FALSE,FALSE
"GENE2280","GENE2280_HUMAN","P60519","Protein GENE2280",-0.1474,1,0.236288,0.5316,0.6266,2,6,FALSE,FALSE,FALSE
"GENE2610","GENE2610_HUMAN","P82011","Protein GENE2610",-0.2561,1,0.960654,0,0.0174,6,6,FALSE,FALSE,FALSE
"GENE0159","GENE0159_HUMAN","P57982","Protein GENE0159",-0.1568,0.587012,0.128166,0.3473,0.8922,6,5,FALSE,FALSE,FALSE
"GENE1797","GENE1797_HUMAN","P11012","Protein GENE1797",0.3138,0.921625,0.348982,0,0.4572,6,2,FALSE,FALSE,FALSE
"GENE1295","GENE1295_HUMAN","P58599","Protein GENE1295",0.0855,1,0.998863,0,5e-04,3,6,FALSE,FALSE,FALSE
"GENE0187","GENE0187_HUMAN","P09293","Protein GENE0187",0.2816,0.075258,0.072263,0.975,1.1411,2,4,FALSE,FALSE,FALSE
"GENE2428","GENE2428_HUMAN","P46896","Protein GENE2428",0.2774,1,0.759086,0,0.1197,4,2,FALSE,FALSE,FALSE
"GENE2227","GENE2227_HUMAN","P67543","Protein GENE2227",-0.4663,1,0.913697,0,0.0392,3,3,FALSE,FALSE,FALSE
"GENE0397","GENE0397_HUMAN","P61510","Protein GENE0397",-0.0716,0.642218,0.22334,0.1397,0.651,2,5,FALSE,FALSE,FALSE
"GENE2031","GENE2031_HUMAN","P41606","Protein GENE2031",-0.2947,0.495155,0.203233,0.3368,0.692,4,2,FALSE,FALSE,FALSE
"GENE1552","GENE1552_HUMAN","P87531","Protein GENE1552",-1.3293,0.147044,0.033845,0.8199,1.4705,3,5,FALSE,FALSE,TRUE
"GENE0099","GENE0099_HUMAN","P59232","Protein GENE0099",0.0142,1,0.758665,0,0.1199,5,4,FALSE,FALSE,FALSE
"GENE0985","GENE0985_HUMAN","P31458","Protein GENE0985",-0.1952,1,0.994117,0,0.0026,2,2,FALSE,FALSE,FALSE
"GENE2742","GENE2742_HUMAN","P34668","Protein GENE2742",1.2458,0.066917,0.015623,1.2239,1.8062,2,5,FALSE,FALSE,TRUE
"GENE0080","GENE0080_HUMAN","P91515","Protein GENE0080",0.2372,1,0.475895,0,0.3225,2,3,FALSE,FALSE,FALSE
"GENE2519","GENE2519_HUMAN","P09611","Protein GENE2519",-0.1195,1,0.466474,0,0.3312,4,5,FALSE,FALSE,FALSE
"GENE1492","GENE1492_HUMAN","P96964","Protein GENE1492",0.3659,1,0.434696,0,0.3618,3,3,FALSE,FALSE,FALSE
"GENE0036","GENE0036_HUMAN","P10352","Protein GENE0036",2.91,0.060833,0.02049,1.6589,1.6885,6,5,FALSE,FALSE,TRUE
"GENE1589","GENE1589_HUMAN","P24220","Protein GENE1589",-0.0074,1,0.514107,0,0.2889,2,3,FALSE,FALSE,FALSE
"GENE1660","GENE1660_HUMAN","P26810","Protein GENE1660",-0.7416,0.403038,0.288129,0.3657,0.5404,2,5,FALSE,FALSE,FALSE
"GENE0413","GENE0413_HUMAN","P08751","Protein GENE0413",0.2848,0.312556,0.16268,0.1209,0.7887,6,5,FALSE,FALSE,FALSE
"GENE0890","GENE0890_HUMAN","P58343","Protein GENE0890",0.0489,1,0.914609,0,0.0388,3,3,FALSE,FALSE,FALSE
"GENE2488","GENE2488_HUMAN","P79527","Protein GENE2488",-2.0028,0.077925,0.045806,0.8654,1.3391,6,6,FALSE,FALSE,TRUE
"GENE1432","GENE1432_HUMAN","P33686","Protein GENE1432",0.8698,1,0.987595,0,0.0054,3,6,FALSE,FALSE,FALSE
"GENE1450","GENE1450_HUMAN","P35965","Protein GENE1450",0.4978,0.242052,0.135255,0.3266,0.8688,4,6,TRUE,FALSE,FALSE
"GENE2205","GENE2205_HUMAN","P50973","Protein GENE2205",0.0913,1,0.645816,0,0.1899,3,6,FALSE,FALSE,FALSE
"GENE0475","GENE0475_HUMAN","P25064","Protein GENE0475",0.1631,1,0.615428,0,0.2108,4,3,FALSE,FALSE,FALSE
"GENE1681","GENE1681_HUMAN","P75910","Protein GENE1681",0.5501,1,0.579263,0,0.2371,5,2,FALSE,FALSE,FALSE
"GENE2063","GENE2063_HUMAN","P21760","Protein GENE2063",-0.2605,1,0.913585,0,0.0393,5,6,FALSE,FALSE,FALSE
"GENE1022","GENE1022_HUMAN","P54781","Protein GENE1022",0.3426,1,0.843493,0,0.0739,3,5,FALSE,FALSE,FALSE
"GENE2013","GENE2013_HUMAN","P26124","Protein GENE2013",0.1037,1,0.807557,0,0.0928,3,4,FALSE,TRUE,FALSE
"GENE2749","GENE2749_HUMAN","P99479","Protein GENE2749",5e-04,1,0.506927,0,0.2951,6,2,FALSE,FALSE,FALSE
"PABPC1","PABPC1_HUMAN","P38279","Protein PABPC1",1.5364,0.036073,0.03355,0.8099,1.4743,6,5,FALSE,FALSE,TRUE
"GENE0746","GENE0746_HUMAN","P20596","Protein GENE0746",0.506,1,0.95215,0,0.0213,4,5,FALSE,FALSE,FALSE
"GENE0541","GENE0541_HUMAN","P49472","Protein GENE0541",-0.5286,1,0.642158,0,0.1924,6,5,FALSE,FALSE,FALSE
"GENE0979","GENE0979_HUMAN","P68712","Protein GENE0979",-0.5027,0.664093,0.292034,0.4687,0.5346,5,3,FALSE,FALSE,FALSE
"GENE2535","GENE2535_HUMAN","P77068","Protein GENE2535",-1.5844,0.019816,0.007139,1.459,2.1463,3,6,FALSE,FALSE,TRUE
"GENE1001","GENE1001_HUMAN","P11417","Protein GENE1001",-0.4017,1,0.937954,0,0.0278,3,5,FALSE,FALSE,FALSE
"GENE0931","GENE0931_HUMAN","P98580","Protein GENE0931",0.0389,1,0.810855,0,0.0911,6,6,FALSE,FALSE,FALSE
"GENE2824","GENE2824_HUMAN","P69853","Protein GENE2824",-0.2459,1,0.825094,0,0.0835,2,2,FALSE,FALSE,FALSE
"GENE1210","GENE1210_HUMAN","P29576","Protein GENE1210",0.5325,0.056405,0.011564,1.915,1.9369,4,6,FALSE,FALSE,TRUE
"GENE0467","GENE0467_HUMAN","P75972","Protein GENE0467",0.0854,1,0.351164,0.0915,0.4545,6,5,FALSE,FALSE,FALSE
"GENE0199","GENE0199_HUMAN","P14770","Protein GENE0199",0.5048,1,0.673786,0,0.1715,2,4,FALSE,FALSE,FALSE
"GENE2233","GENE2233_HUMAN","P68527","Protein GENE2233",0.1075,1,0.887498,0,0.0518,2,2,FALSE,FALSE,FALSE
"GENE1314","GENE1314_HUMAN","P17956","Protein GENE1314",0.5036,0.175559,0.122492,0.8151,0.9119,6,2,FALSE,FALSE,FALSE
"GENE0538","GENE0538_HUMAN","P73235","Protein GENE0538",0.25,1,0.504699,0,0.297,2,6,FALSE,FALSE,FALSE
"GENE0281","GENE0281_HUMAN","P70667","Protein GENE0281",0.4715,0.160844,0.072485,1.0906,1.1398,6,6,FALSE,FALSE,FALSE
"GENE0129","GENE0129_HUMAN","P14727","Protein GENE0129",-0.0043,0.482977,0.198185,0.6133,0.7029,6,5,FALSE,FALSE,FALSE
"GENE2315","GENE2315_HUMAN","P78670","Protein GENE2315",-0.2143,1,0.613819,0,0.212,3,2,FALSE,FALSE,FALSE
"GENE1106","GENE1106_HUMAN","P93053","Protein GENE1106",-0.0053,0.791772,0.288121,0.1029,0.5404,2,5,FALSE,FALSE,FALSE
"GENE2782","GENE2782_HUMAN","P71503","Protein GENE2782",0.0217,1,0.318793,0.0521,0.4965,4,4,FALSE,FALSE,FALSE
"GENE2186","GENE2186_HUMAN","P45657","Protein GENE2186",0.2596,1,0.388731,0,0.4104,4,2,FALSE,FALSE,FALSE
"GENE0238","GENE0238_HUMAN","P49398","Protein GENE0238",-0.047,0.288261,0.129841,0.5125,0.8866,4,3,FALSE,FALSE,FALSE
"GENE2289","GENE2289_HUMAN","P09873","Protein GENE2289",0.2462,1,0.67006,0,0.1739,4,3,FALSE,FALSE,FALSE
"GENE2573","GENE2573_HUMAN","P49890","Protein GENE2573",-0.1771,1,0.906283,0,0.0427,2,5,FALSE,TRUE,FALSE
"ANKRD28","ANKRD28_HUMAN","P91579","Protein ANKRD28",4.8777,0.025504,0.014944,1.1958,1.8255,3,4,FALSE,FALSE,TRUE
"MED23","MED23_HUMAN","P21936","Protein MED23",-0.197,0.799635,0.242831,0.0445,0.6147,2,4,FALSE,FALSE,FALSE
"GENE2371","GENE2371_HUMAN","P87774","Protein GENE2371",0.1371,0.57659,0.463522,0,0.3339,5,4,TRUE,FALSE,FALSE
"GENE0974","GENE0974_HUMAN","P75437","Protein GENE0974",0.5363,1,0.606859,0,0.2169,6,2,FALSE,TRUE,FALSE
"GENE1808","GENE1808_HUMAN","P66990","Protein GENE1808",-0.2573,1,0.874427,0.0562,0.0583,3,4,FALSE,FALSE,FALSE
"GENE1245","GENE1245_HUMAN","P80482","Protein GENE1245",-0.895,1,0.479403,0,0.3193,2,4,FALSE,FALSE,FALSE
"GENE1791","GENE1791_HUMAN","P14586","Protein GENE1791",-0.0135,0.3572,0.350857,0,0.4549,5,2,FALSE,FALSE,FALSE
"GENE2456","GENE2456_HUMAN","P37128","Protein GENE2456",0.2603,0.915346,0.734197,0,0.1342,3,4,FALSE,FALSE,FALSE
"GENE2104","GENE2104_HUMAN","P56946","Protein GENE2104",0.6131,1,0.883474,0,0.0538,3,6,FALSE,FALSE,FALSE
"GENE2118","GENE2118_HUMAN","P42470","Protein GENE2118",0.2369,1,0.894921,0,0.0482,4,3,FALSE,FALSE,FALSE
"GENE1212","GENE1212_HUMAN","P40761","Protein GENE1212",0.3893,0.287399,0.111072,0.869,0.9544,5,2,FALSE,FALSE,FALSE
"GENE0091","GENE0091_HUMAN","P42057","Protein GENE0091",-0.2304,1,0.677322,0.0672,0.1692,4,4,FALSE,FALSE,FALSE
"GENE1081","GENE1081_HUMAN","P94497","Protein GENE1081",0.3365,1,0.322571,0,0.4914,3,4,FALSE,FALSE,FALSE
"GENE2504","GENE2504_HUMAN","P77976","Protein GENE2504",0.7712,1,0.635074,0,0.1972,3,6,TRUE,FALSE,FALSE
"GENE2808","GENE2808_HUMAN","P56867","Protein GENE2808",-4.0697,0.144829,0.043324,1.1581,1.3633,5,3,TRUE,FALSE,TRUE
"GENE2423","GENE2423_HUMAN","P64312","Protein GENE2423",0.3763,1,0.830048,0,0.0809,3,6,FALSE,FALSE,FALSE
"GENE1344","GENE1344_HUMAN","P97585","Protein GENE1344",0.1589,1,0.57369,0.0919,0.2413,2,3,FALSE,FALSE,FALSE
"GENE1778","GENE1778_HUMAN","P84534","Protein GENE1778",-0.2895,1,0.83165,0,0.0801,4,3,FALSE,TRUE,FALSE
"GENE0193","GENE0193_HUMAN","P83805","Protein GENE0193",-0.4415,1,0.342992,0,0.4647,2,2,FALSE,FALSE,FALSE
"GENE0575","GENE0575_HUMAN","P52214","Protein GENE0575",0.3537,0.850424,0.312901,0.036,0.5046,3,3,FALSE,FALSE,FALSE
"GENE0321","GENE0321_HUMAN","P56882","Protein GENE0321",0.3019,0.654077,0.160699,0.7319,0.794,2,3,TRUE,FALSE,FALSE
"ASCC1","ASCC1_HUMAN","P20129","Protein ASCC1",0.455,0.552841,0.324664,0.0709,0.4886,2,4,FALSE,FALSE,FALSE
"GENE1937","GENE1937_HUMAN","P26001","Protein GENE1937",0.0185,1,0.467336,0.097,0.3304,6,6,FALSE,FALSE,FALSE
"GENE0549","GENE0549_HUMAN","P62562","Protein GENE0549",-0.0527,0.954436,0.215892,0.2071,0.6658,2,2,FALSE,FALSE,FALSE
"GENE1158","GENE1158_HUMAN","P12497","Protein GENE1158",0.4882,1,0.88308,0,0.054,4,2,FALSE,FALSE,FALSE
"GENE0945","GENE0945_HUMAN","P06349","Protein GENE0945",0.2976,0.651781,0.537074,0,0.27,4,4,FALSE,FALSE,FALSE
"GENE0228","GENE0228_HUMAN","P42914","Protein GENE0228",-0.5533,1,0.929792,0,0.0316,6,6,FALSE,FALSE,FALSE
"GENE2112","GENE2112_HUMAN","P36157","Protein GENE2112",-0.1255,1,0.296591,0.3153,0.5278,2,2,FALSE,FALSE,FALSE
"NEK6","NEK6_HUMAN","P61704","Protein NEK6",2.0754,0.03891,0.01316,1.6644,1.8808,5,6,FALSE,FALSE,TRUE
"GENE0459","GENE0459_HUMAN","P77939","Protein GENE0459",-0.1964,1,0.647397,0,0.1888,2,4,FALSE,FALSE,FALSE
"GENE2752","GENE2752_HUMAN","P15170","Protein GENE2752",-0.0906,1,0.815216,0,0.0887,3,2,FALSE,FALSE,FALSE
"GENE0614","GENE0614_HUMAN","P86801","Protein GENE0614",-0.5713,1,0.563771,0,0.2489,4,4,FALSE,FALSE,FALSE
"GENE2411","GENE2411_HUMAN","P03575","Protein GENE2411",-0.1057,0.711657,0.651419,0,0.1861,3,2,FALSE,FALSE,FALSE
"GENE0877","GENE0877_HUMAN","P64203","Protein GENE0877",-0.1396,1,0.969869,0,0.0133,4,2,FALSE,FALSE,FALSE
"GENE1555","GENE1555_HUMAN","P69007","Protein GENE1555",-0.0263,0.656744,0.35343,0,0.4517,4,3,FALSE,FALSE,FALSE
"GENE1171","GENE1171_HUMAN","P51368","Protein GENE1171",-0.2422,1,0.538601,0,0.2687,6,4,FALSE,FALSE,FALSE
"GENE1724","GENE1724_HUMAN","P92243","Protein GENE1724",-0.1824,1,0.474183,0.077,0.3241,4,6,FALSE,FALSE,FALSE
"GENE2334","GENE2334_HUMAN","P88025","Protein GENE2334",0.4824,1,0.929244,0,0.0319,2,6,FALSE,FALSE,FALSE
"GENE0244","GENE0244_HUMAN","P43406","Protein GENE0244",-0.2851,1,0.828223,0,0.0819,6,3,FALSE,FALSE,FALSE
"GENE0143","GENE0143_HUMAN","P47552","Protein GENE0143",-0.3789,1,0.317953,0,0.4976,6,4,FALSE,FALSE,FALSE
"GENE1514","GENE1514_HUMAN","P63153","Protein GENE1514",0.23,0.884418,0.316625,0.2233,0.4995,3,3,FALSE,FALSE,FALSE
"GENE0328","GENE0328_HUMAN","P85969","Protein GENE0328",-0.0798,1,0.903847,0,0.0439,6,6,FALSE,FALSE,FALSE
"GENE0479","GENE0479_HUMAN","P31849","Protein GENE0479",-0.6446,1,0.62067,0,0.2071,6,6,FALSE,FALSE,FALSE
"GENE2215","GENE2215_HUMAN","P40891","Protein GENE2215",0.2327,1,0.539471,0.0635,0.268,4,5,FALSE,FALSE,FALSE
"GENE1849","GENE1849_HUMAN","P05955","Protein GENE1849",0.07,0.511385,0.45093,0,0.3459,3,2,FALSE,FALSE,FALSE
"GENE0434","GENE0434_HUMAN","P43858","Protein GENE0434",-0.4622,0.211993,0.105388,0.4782,0.9772,5,3,FALSE,FALSE,FALSE
"GENE1600","GENE1600_HUMAN","P89553","Protein GENE1600",-0.0546,1,0.259177,0.0329,0.5864,6,4,FALSE,FALSE,FALSE
"GENE1827","GENE1827_HUMAN","P18824","Protein GENE1827",-0.4706,1,0.842352,0,0.0745,4,5,FALSE,FALSE,FALSE
"GENE2430","GENE2430_HUMAN","P37042","Protein GENE2430",-0.125,1,0.570895,0,0.2434,5,6,FALSE,FALSE,FALSE
"GENE0507","GENE0507_HUMAN","P91734","Protein GENE0507",0.1632,1,0.888211,0,0.0515,5,4,FALSE,FALSE,FALSE
"GENE2754","GENE2754_HUMAN","P16737","Protein GENE2754",-0.2559,1,0.851032,0,0.0701,5,6,FALSE,FALSE,FALSE
"GENE0523","GENE0523_HUMAN","P97812","Protein GENE0523",-0.4914,0.84726,0.2736,0.0665,0.5629,5,2,FALSE,FALSE,FALSE
"GENE1612","GENE1612_HUMAN","P90765","Protein GENE1612",-0.0483,1,0.51279,0,0.2901,2,4,FALSE,FALSE,FALSE
"GENE0980","GENE0980_HUMAN","P01162","Protein GENE0980",-0.3797,1,0.364176,0.306,0.4387,3,3,FALSE,FALSE,FALSE
"GENE0288","GENE0288_HUMAN","P24357","Protein GENE0288",-0.2559,1,0.792711,0,0.1009,5,6,FALSE,FALSE,FALSE
"GENE1130","GENE1130_HUMAN","P02334","Protein GENE1130",-0.617,1,0.895099,0,0.0481,2,2,FALSE,FALSE,FALSE
"GENE2273","GENE2273_HUMAN","P50119","Protein GENE2273",0.5161,1,0.449487,0,0.3473,5,6,FALSE,FALSE,FALSE
"GENE2759","GENE2759_HUMAN","P60434","Protein GENE2759",0.0362,0.262318,0.160552,0.3021,0.7944,5,4,TRUE,FALSE,FALSE
"GENE2619","GENE2619_HUMAN","P88812","Protein GENE2619",0.3377,0.272781,0.122226,0.5406,0.9128,4,3,FALSE,FALSE,FALSE
"GENE2109","GENE2109_HUMAN","P12821","Protein GENE2109",-0.3871,1,0.888761,0,0.0512,4,4,FALSE,FALSE,FALSE
"GENE1854","GENE1854_HUMAN","P32903","Protein GENE1854",-0.2086,1,0.950032,0,0.0223,3,5,FALSE,FALSE,FALSE
"GENE0603","GENE0603_HUMAN","P15689","Protein GENE0603",-0.2769,0.25556,0.211855,0.4641,0.674,2,5,FALSE,FALSE,FALSE
"GENE2050","GENE2050_HUMAN","P02273","Protein GENE2050",-0.5952,0.368729,0.295649,0,0.5292,2,3,FALSE,FALSE,FALSE
"GENE0672","GENE0672_HUMAN","P41394","Protein GENE0672",0.1048,0.437013,0.10031,0.7195,0.9987,3,4,TRUE,FALSE,FALSE
"GENE2516","GENE2516_HUMAN","P12527","Protein GENE2516",0.0506,1,0.460431,0.0121,0.3368,2,6,FALSE,FALSE,FALSE
"GENE1160","GENE1160_HUMAN","P40236","Protein GENE1160",0.0381,1,0.663054,0,0.1785,6,2,FALSE,FALSE,FALSE
"GENE0653","GENE0653_HUMAN","P05800","Protein GENE0653",0.6823,0.257094,0.075364,0.7063,1.1228,3,4,FALSE,TRUE,FALSE
"ASCC2","ASCC2_HUMAN","P69712","Protein ASCC2",0.3191,0.071061,0.026645,0.9866,1.5744,3,3,FALSE,FALSE,FALSE
"GENE1005","GENE1005_HUMAN","P39412","Protein GENE1005",-0.1141,1,0.989385,0,0.0046,3,4,FALSE,FALSE,FALSE
"GENE2092","GENE2092_HUMAN","P09857","Protein GENE2092",-0.1827,1,0.935725,0,0.0289,4,3,FALSE,TRUE,FALSE
"GENE1372","GENE1372_HUMAN","P41840","Protein GENE1372",-0.2783,1,0.71686,0,0.1446,2,4,FALSE,FALSE,FALSE
"GENE0256","GENE0256_HUMAN","P79261","Protein GENE0256",0.8279,1,0.543521,0,0.2648,3,2,FALSE,FALSE,FALSE
"GENE2811","GENE2811_HUMAN","P36864","Protein GENE2811",0.9594,1,0.735528,0,0.1334,2,4,FALSE,FALSE,FALSE
"GENE2165","GENE2165_HUMAN","P64182","Protein GENE2165",0.2493,0.222593,0.08064,0.6176,1.0935,5,3,FALSE,FALSE,FALSE
"GENE2598","GENE2598_HUMAN","P29455","Protein GENE2598",0.4204,1,0.425399,0,0.3712,6,3,FALSE,FALSE,FALSE
"GENE1196","GENE1196_HUMAN","P82832","Protein GENE1196",-0.5349,0.42731,0.128201,0.3654,0.8921,3,2,FALSE,FALSE,FALSE
"GENE2338","GENE2338_HUMAN","P71941","Protein GENE2338",0.05,0.31821,0.181579,0.1361,0.7409,4,2,FALSE,TRUE,FALSE
"GENE2218","GENE2218_HUMAN","P67457","Protein GENE2218",-0.4616,0.442769,0.258593,0.5554,0.5874,4,3,TRUE,FALSE,FALSE
"GENE2153","GENE2153_HUMAN","P42179","Protein GENE2153",-0.5123,1,0.508546,0,0.2937,4,3,FALSE,TRUE,FALSE
"GENE2704","GENE2704_HUMAN","P19804","Protein GENE2704",0.9761,1,0.814134,0.0324,0.0893,2,2,FALSE,FALSE,FALSE
"GENE0853","GENE0853_HUMAN","P30117","Protein GENE0853",-0.1949,1,0.959802,0,0.0178,3,6,FALSE,FALSE,FALSE
"GENE1216","GENE1216_HUMAN","P86202","Protein GENE1216",0.0779,0.553423,0.211528,0.1868,0.6746,2,2,FALSE,TRUE,FALSE
"GENE1824","GENE1824_HUMAN","P31594","Protein GENE1824",0.0556,1,0.709276,0,0.1492,6,6,TRUE,TRUE,FALSE
"GENE0173","GENE0173_HUMAN","P05270","Protein GENE0173",0.0395,1,0.772981,0,0.1118,4,5,FALSE,FALSE,FALSE
"GENE1914","GENE1914_HUMAN","P62716","Protein GENE1914",-0.2695,0.970666,0.712615,0,0.1471,4,4,FALSE,FALSE,FALSE
"GENE2294","GENE2294_HUMAN","P60661","Protein GENE2294",0.2783,0.600949,0.24919,0.5055,0.6035,2,3,FALSE,FALSE,FALSE
"GENE0988","GENE0988_HUMAN","P36747","Protein GENE0988",0.2867,1,0.519724,0.1494,0.2842,5,6,FALSE,FALSE,FALSE
"GENE2566","GENE2566_HUMAN","P81254","Protein GENE2566",1.9039,0.023784,0.01813,1.5196,1.7416,4,2,FALSE,FALSE,TRUE
"GENE2222","GENE2222_HUMAN","P73568","Protein GENE2222",-0.2353,1,0.684971,0,0.1643,6,3,FALSE,FALSE,FALSE
"GENE1897","GENE1897_HUMAN","P00987","Protein GENE1897",0.0232,1,0.932492,0,0.0304,5,3,TRUE,FALSE,FALSE
"GENE2224","GENE2224_HUMAN","P07354","Protein GENE2224",0.6443,1,0.35286,0.018,0.4524,6,2,FALSE,FALSE,FALSE
"GENE0327","GENE0327_HUMAN","P94172","Protein GENE0327",0.5587,0.73032,0.589329,0.1459,0.2296,5,2,FALSE,FALSE,FALSE
"GENE1995","GENE1995_HUMAN","P72178","Protein GENE1995",-4.2423,0.08548,0.03362,1.3045,1.4734,2,6,TRUE,FALSE,TRUE
"GENE1268","GENE1268_HUMAN","P12928","Protein GENE1268",-0.5643,0.441191,0.097311,0.4629,1.0118,5,2,TRUE,FALSE,FALSE
"GENE1468","GENE1468_HUMAN","P51918","Protein GENE1468",0.4761,0.822751,0.348489,0,0.4578,6,3,FALSE,FALSE,FALSE
"GENE2608","GENE2608_HUMAN","P04348","Protein GENE2608",-0.3598,0.378063,0.092618,0.3989,1.0333,3,5,FALSE,FALSE,FALSE
"GENE0133","GENE0133_HUMAN","P92297","Protein GENE0133",0.1521,0.344248,0.181588,0.6636,0.7409,2,2,FALSE,FALSE,FALSE
"GENE0910","GENE0910_HUMAN","P08305","Protein GENE0910",0.6726,0.63726,0.470911,0,0.3271,4,2,FALSE,FALSE,FALSE
"GENE1462","GENE1462_HUMAN","P84039","Protein GENE1462",0.1317,1,0.921285,0,0.0356,3,6,TRUE,FALSE,FALSE
"GENE1036","GENE1036_HUMAN","P26009","Protein GENE1036",-0.3123,1,0.264861,0.4943,0.577,4,6,FALSE,FALSE,FALSE
"GENE2802","GENE2802_HUMAN","P56672","Protein GENE2802",-0.7798,1,0.46391,0,0.3336,6,2,FALSE,FALSE,FALSE
"GENE0205","GENE0205_HUMAN","P28993","Protein GENE0205",0.0813,0.533956,0.123661,0.2146,0.9078,6,2,FALSE,FALSE,FALSE
"GENE2604","GENE2604_HUMAN","P29426","Protein GENE2604",0.0435,1,0.841231,0,0.0751,4,5,FALSE,FALSE,FALSE
"GENE2152","GENE2152_HUMAN","P42877","Protein GENE2152",-0.0984,1,0.960297,0,0.0176,4,3,FALSE,FALSE,FALSE
"GENE1550","GENE1550_HUMAN","P66068","Protein GENE1550",-0.0712,0.624816,0.241376,0.251,0.6173,5,2,FALSE,FALSE,FALSE
"GENE2767","GENE2767_HUMAN","P87605","Protein GENE2767",-0.1636,0.599035,0.402498,0,0.3952,5,5,TRUE,TRUE,FALSE
"GENE2748","GENE2748_HUMAN","P97137","Protein GENE2748",-0.6136,1,0.74546,0,0.1276,5,5,FALSE,FALSE,FALSE
"GENE0858","GENE0858_HUMAN","P44583","Protein GENE0858",0.224,0.516773,0.204247,0.4003,0.6898,4,3,TRUE,FALSE,FALSE
"GENE0644","GENE0644_HUMAN","P07085","Protein GENE0644",-0.3494,0.246188,0.154027,0.81,0.8124,5,2,FALSE,FALSE,FALSE
"GENE0180","GENE0180_HUMAN","P96424","Protein GENE0180",0.2229,1,0.605126,0.0625,0.2182,5,6,FALSE,FALSE,FALSE
"GENE1959","GENE1959_HUMAN","P76551","Protein GENE1959",0.4325,0.273793,0.065763,0.6144,1.182,2,4,FALSE,TRUE,FALSE
"GENE1795","GENE1795_HUMAN","P06884","Protein GENE1795",0.3792,0.872264,0.740417,0,0.1305,5,4,FALSE,FALSE,FALSE
"GENE2042","GENE2042_HUMAN","P31940","Protein GENE2042",0.4989,1,0.755462,0.1204,0.1218,3,6,FALSE,FALSE,FALSE
"GENE1666","GENE1666_HUMAN","P63567","Protein GENE1666",-0.4862,0.722757,0.658319,0,0.1816,5,6,FALSE,FALSE,FALSE
"GENE1233","GENE1233_HUMAN","P47547","Protein GENE1233",0.1063,0.670927,0.428649,0.2964,0.3679,3,6,FALSE,FALSE,FALSE
"GENE2413","GENE2413_HUMAN","P86460","Protein GENE2413",0.1792,1,0.552889,0.0544,0.2574,3,3,FALSE,TRUE,FALSE
"GENE2355","GENE2355_HUMAN","P89867","Protein GENE2355",0.2476,1,0.643618,0,0.1914,4,4,FALSE,FALSE,FALSE
"GENE1814","GENE1814_HUMAN","P53943","Protein GENE1814",0.5927,0.714066,0.304465,0,0.5165,2,6,TRUE,FALSE,FALSE
"GENE0724","GENE0724_HUMAN","P24515","Protein GENE0724",-2.7628,0.226122,0.045923,1.1053,1.338,6,2,FALSE,FALSE,TRUE
"GENE2483","GENE2483_HUMAN","P56355","Protein GENE2483",-0.0895,1,0.40984,0.0107,0.3874,5,6,FALSE,FALSE,FALSE
"GENE0996","GENE0996_HUMAN","P65937","Protein GENE0996",-0.2888,1,0.778862,0.0015,0.1085,6,3,FALSE,FALSE,FALSE
"GENE1548","GENE1548_HUMAN","P26963","Protein GENE1548",0.4119,0.487663,0.23556,0.1189,0.6279,5,4,TRUE,FALSE,FALSE
"GENE0132","GENE0132_HUMAN","P34157","Protein GENE0132",0.1585,0.54964,0.206569,0.4254,0.6849,5,6,FALSE,FALSE,FALSE
"GENE0807","GENE0807_HUMAN","P29843","Protein GENE0807",-0.1568,1,0.476918,0,0.3216,3,2,FALSE,FALSE,FALSE
"GENE1009","GENE1009_HUMAN","P75412","Protein GENE1009",0.3743,0.969423,0.96702,0,0.0146,5,3,FALSE,FALSE,FALSE
"GENE0756","GENE0756_HUMAN","P74898","Protein GENE0756",0.2631,1,0.497173,0,0.3035,3,4,FALSE,FALSE,FALSE
"GENE0059","GENE0059_HUMAN","P42045","Protein GENE0059",-0.0257,1,0.553447,0.0504,0.2569,3,2,TRUE,FALSE,FALSE
"GENE2543","GENE2543_HUMAN","P32205","Protein GENE2543",-0.0945,0.696263,0.442613,0,0.354,2,6,FALSE,FALSE,FALSE
"GENE1391","GENE1391_HUMAN","P66890","Protein GENE1391",0.1901,1,0.575459,0,0.24,5,6,FALSE,FALSE,FALSE
"GENE2586","GENE2586_HUMAN","P84061","Protein GENE2586",0.4754,1,0.600734,0.0838,0.2213,6,6,FALSE,FALSE,FALSE
"GENE1714","GENE1714_HUMAN","P86388","Protein GENE1714",0.6828,1,0.690452,0.0069,0.1609,4,3,FALSE,FALSE,FALSE
"GENE0182","GENE0182_HUMAN","P38454","Protein GENE0182",-0.0698,0.105109,0.066265,0.5135,1.1787,5,5,FALSE,FALSE,FALSE
"GENE1515","GENE1515_HUMAN","P80347","Protein GENE1515",-0.4599,0.864074,0.266594,0.0466,0.5741,5,4,TRUE,TRUE,FALSE
"GENE2075","GENE2075_HUMAN","P26330","Protein GENE2075",0.4124,1,0.802709,0,0.0954,5,6,TRUE,FALSE,FALSE
"GENE2709","GENE2709_HUMAN","P80945","Protein GENE2709",-0.0436,1,0.43412,0,0.3624,5,6,FALSE,FALSE,FALSE
"GENE2857","GENE2857_HUMAN","P33761","Protein GENE2857",0.1395,1,0.905269,0,0.0432,5,6,FALSE,TRUE,FALSE
"GENE2255","GENE2255_HUMAN","P27472","Protein GENE2255",-0.282,0.461635,0.270579,0.004,0.5677,3,6,FALSE,FALSE,FALSE
"GENE1335","GENE1335_HUMAN","P81178","Protein GENE1335",-0.3662,0.622527,0.242375,0,0.6155,3,4,FALSE,FALSE,FALSE
"GENE1590","GENE1590_HUMAN","P67484","Protein GENE1590",4.4441,0.078169,0.027801,0.995,1.5559,4,2,FALSE,FALSE,TRUE
"GENE1864","GENE1864_HUMAN","P46212","Protein GENE1864",-0.427,1,0.479848,0.1688,0.3189,6,5,TRUE,TRUE,FALSE
"GENE1073","GENE1073_HUMAN","P31535","Protein GENE1073",0.2387,0.562628,0.464722,0,0.3328,5,5,FALSE,FALSE,FALSE
"GENE2532","GENE2532_HUMAN","P28454","Protein GENE2532",-0.2989,1,0.56424,0,0.2485,6,4,FALSE,FALSE,FALSE
"GENE2140","GENE2140_HUMAN","P29970","Protein GENE2140",-0.0285,1,0.359955,0.3472,0.4438,6,6,FALSE,FALSE,FALSE
"GENE1316","GENE1316_HUMAN","P93104","Protein GENE1316",-0.3382,0.970602,0.301655,0.3083,0.5205,3,4,FALSE,FALSE,FALSE
"GENE0369","GENE0369_HUMAN","P16541","Protein GENE0369",0.2855,0.939902,0.221779,0.0683,0.6541,5,5,TRUE,FALSE,FALSE
"GENE0025","GENE0025_HUMAN","P04682","Protein GENE0025",-0.3129,1,0.95871,0,0.0183,6,4,FALSE,FALSE,FALSE
"GENE2463","GENE2463_HUMAN","P27132","Protein GENE2463",0.1329,1,0.902936,0,0.0443,4,5,FALSE,FALSE,FALSE
"DDX50","DDX50_HUMAN","P60408","Protein DDX50",-0.5149,1,0.64036,0.133,0.1936,5,3,FALSE,FALSE,FALSE
"GENE0340","GENE0340_HUMAN","P24185","Protein GENE0340",-0.2854,0.615923,0.355149,0.2491,0.4496,6,4,FALSE,FALSE,FALSE
"GENE1881","GENE1881_HUMAN","P27572","Protein GENE1881",-0.4443,1,0.872153,0,0.0594,5,6,FALSE,FALSE,FALSE
"GENE2840","GENE2840_HUMAN","P41503","Protein GENE2840",0.6704,1,0.839997,0,0.0757,5,4,FALSE,FALSE,FALSE
"GENE2581","GENE2581_HUMAN","P18493","Protein GENE2581",-0.0175,1,0.522359,0,0.282,4,5,FALSE,FALSE,FALSE
"GENE1137","GENE1137_HUMAN","P32900","Protein GENE1137",0.2532,1,0.926911,0,0.033,2,4,FALSE,FALSE,FALSE
"GENE2660","GENE2660_HUMAN","P78249","Protein GENE2660",-0.5924,1,0.784271,0,0.1055,2,3,FALSE,FALSE,FALSE
"GENE2189","GENE2189_HUMAN","P74023","Protein GENE2189",-0.432,0.386457,0.140021,0.5481,0.8538,5,5,FALSE,FALSE,FALSE
"GENE1128","GENE1128_HUMAN","P23178","Protein GENE1128",0.4579,1,0.766202,0,0.1157,6,2,FALSE,FALSE,FALSE
"GENE2121","GENE2121_HUMAN","P69310","Protein GENE2121",0.2114,0.540446,0.142783,0.4941,0.8453,2,6,FALSE,FALSE,FALSE
"GENE0065","GENE0065_HUMAN","P76060","Protein GENE0065",3.7191,0.149758,0.040379,0.7261,1.3938,3,5,FALSE,FALSE,TRUE
"GENE2885","GENE2885_HUMAN","P36443","Protein GENE2885",-0.2238,0.208244,0.165486,0.5347,0.7812,6,3,FALSE,FALSE,FALSE
"GENE1236","GENE1236_HUMAN","P40955","Protein GENE1236",0.5545,1,0.81103,0,0.091,3,3,FALSE,FALSE,FALSE
"GENE1712","GENE1712_HUMAN","P01129","Protein GENE1712",-0.3486,1,0.499765,0,0.3012,2,2,FALSE,FALSE,FALSE
"GENE2117","GENE2117_HUMAN","P51931","Protein GENE2117",0.2165,0.77435,0.300437,0.0061,0.5222,6,3,FALSE,FALSE,FALSE
"GENE2062","GENE2062_HUMAN","P52397","Protein GENE2062",-0.0291,0.686354,0.484314,0,0.3149,2,4,FALSE,FALSE,FALSE
"GENE1204","GENE1204_HUMAN","P65475","Protein GENE1204",-0.5192,0.261036,0.209484,0.0587,0.6789,3,3,FALSE,FALSE,FALSE
"GENE1299","GENE1299_HUMAN","P81894","Protein GENE1299",-0.2579,1,0.753174,0,0.1231,6,2,FALSE,FALSE,FALSE
"GENE2686","GENE2686_HUMAN","P48938","Protein GENE2686",-0.4864,1,0.717136,0.0199,0.1444,5,5,FALSE,FALSE,FALSE
"GENE1597","GENE1597_HUMAN","P98601","Protein GENE1597",3.519,0.093559,0.026856,1.3731,1.571,3,2,FALSE,FALSE,TRUE
"GENE2865","GENE2865_HUMAN","P26505","Protein GENE2865",-0.5908,1,0.287552,0,0.5413,2,4,FALSE,FALSE,FALSE
"GENE2813","GENE2813_HUMAN","P77462","Protein GENE2813",0.3798,1,0.86854,0,0.0612,6,2,FALSE,FALSE,FALSE
"GENE1511","GENE1511_HUMAN","P88926","Protein GENE1511",0.0843,1,0.241164,0.0376,0.6177,6,6,FALSE,FALSE,FALSE
"GENE0409","GENE0409_HUMAN","P81363","Protein GENE0409",0.522,0.023732,0.018882,1.159,1.7239,2,5,FALSE,FALSE,TRUE
"GENE0303","GENE0303_HUMAN","P57813","Protein GENE0303",1.2468,0.034294,0.016362,1.1684,1.7862,6,2,FALSE,FALSE,TRUE
"GENE2706","GENE2706_HUMAN","P45067","Protein GENE2706",0.2243,1,0.594749,0,0.2257,3,3,FALSE,FALSE,FALSE
"GENE2859","GENE2859_HUMAN","P77278","Protein GENE2859",0.2601,1,0.601175,0,0.221,4,3,TRUE,FALSE,FALSE
"GENE1649","GENE1649_HUMAN","P61829","Protein GENE1649",2.0047,0.151043,0.038083,1.254,1.4193,5,3,FALSE,FALSE,TRUE
"GENE1847","GENE1847_HUMAN","P06830","Protein GENE1847",-0.0054,0.208972,0.101939,0.7477,0.9917,5,2,TRUE,FALSE,FALSE
"GENE2553","GENE2553_HUMAN","P08537","Protein GENE2553",0.3203,1,0.594705,0,0.2257,4,4,FALSE,FALSE,FALSE
"GENE1521","GENE1521_HUMAN","P01434","Protein GENE1521",-0.0132,0.56292,0.380462,0.3684,0.4197,4,4,FALSE,TRUE,FALSE
"GENE2645","GENE2645_HUMAN","P67218","Protein GENE2645",1.0039,0.04007,0.03625,0.7612,1.4407,6,2,FALSE,TRUE,TRUE
"GENE2138","GENE2138_HUMAN","P80070","Protein GENE2138",-0.2373,1,0.236557,0.2721,0.6261,4,5,TRUE,FALSE,FALSE
"GENE2099","GENE2099_HUMAN","P87722","Protein GENE2099",-0.45,1,0.534329,0,0.2722,2,2,FALSE,FALSE,FALSE
"GENE1804","GENE1804_HUMAN","P33082","Protein GENE1804",0.2683,1,0.947836,0,0.0233,6,3,FALSE,FALSE,FALSE
"GENE1904","GENE1904_HUMAN","P98426","Protein GENE1904",-1.1119,0.587619,0.136982,0.2205,0.8633,2,5,FALSE,FALSE,FALSE
"GENE2171","GENE2171_HUMAN","P45106","Protein GENE2171",0.4526,1,0.234033,0,0.6307,2,3,FALSE,FALSE,FALSE
"GENE0539","GENE0539_HUMAN","P19293","Protein GENE0539",0.1488,1,0.345229,0,0.4619,5,4,FALSE,TRUE,FALSE
"GENE1730","GENE1730_HUMAN","P14611","Protein GENE1730",-0.3043,1,0.967516,0,0.0143,2,3,FALSE,FALSE,FALSE
"GENE0962","GENE0962_HUMAN","P79198","Protein GENE0962",0.3196,1,0.491273,0,0.3087,6,4,FALSE,FALSE,FALSE
"GENE1491","GENE1491_HUMAN","P58750","Protein GENE1491",0.013,1,0.624351,0,0.2046,3,5,FALSE,FALSE,FALSE
"GENE0466","GENE0466_HUMAN","P24569","Protein GENE0466",-0.4308,0.971116,0.859643,0.005,0.0657,4,3,FALSE,FALSE,FALSE
"GENE2240","GENE2240_HUMAN","P02556","Protein GENE2240",-0.7962,1,0.953638,0,0.0206,5,2,FALSE,FALSE,FALSE
"GENE0720","GENE0720_HUMAN","P43234","Protein GENE0720",0.013,1,0.266272,0.0745,0.5747,4,4,FALSE,FALSE,FALSE
"GENE0957","GENE0957_HUMAN","P17841","Protein GENE0957",-0.0509,1,0.993176,0,0.003,3,6,FALSE,FALSE,FALSE
"GENE1598","GENE1598_HUMAN","P49379","Protein GENE1598",0.0238,0.335594,0.120907,0.6322,0.9175,5,6,FALSE,FALSE,FALSE
"GENE1743","GENE1743_HUMAN","P58183","Protein GENE1743",0.2915,0.224206,0.160576,0.1584,0.7943,3,2,FALSE,FALSE,FALSE
"GENE2764","GENE2764_HUMAN","P84675","Protein GENE2764",-0.2197,1,0.445178,0,0.3515,2,5,FALSE,FALSE,FALSE
"GENE2862","GENE2862_HUMAN","P92287","Protein GENE2862",0.3336,1,0.896036,0,0.0477,2,3,FALSE,FALSE,FALSE
"GENE0601","GENE0601_HUMAN","P86945","Protein GENE0601",0.2695,0.996132,0.334387,0.1649,0.4758,5,6,FALSE,TRUE,FALSE
"GENE1982","GENE1982_HUMAN","P06711","Protein GENE1982",-0.5148,0.693118,0.67179,0,0.1728,2,4,FALSE,FALSE,FALSE
"GENE0731","GENE0731_HUMAN","P84836","Protein GENE0731",1.0166,0.380171,0.219335,0.0289,0.6589,5,5,FALSE,FALSE,FALSE
"GENE1628","GENE1628_HUMAN","P61661","Protein GENE1628",0.0061,1,0.975697,0,0.0107,4,4,TRUE,FALSE,FALSE
"GENE2580","GENE2580_HUMAN","P11366","Protein GENE2580",-0.6786,0.371169,0.225032,0.237,0.6478,3,2,FALSE,FALSE,FALSE
"GENE1079","GENE1079_HUMAN","P46411","Protein GENE1079",-0.864,0.631914,0.434806,0,0.3617,6,4,FALSE,FALSE,FALSE
"GENE0469","GENE0469_HUMAN","P69414","Protein GENE0469",0.283,1,0.38473,0.3842,0.4148,6,4,FALSE,FALSE,FALSE
"GENE2705","GENE2705_HUMAN","P26450","Protein GENE2705",0.3265,1,0.969134,0,0.0136,5,6,FALSE,FALSE,FALSE
"GENE0278","GENE0278_HUMAN","P63351","Protein GENE0278",-3.4597,0.175831,0.038591,1.0889,1.4135,6,3,FALSE,FALSE,TRUE
"GENE2592","GENE2592_HUMAN","P94427","Protein GENE2592",0.1115,0.939962,0.334002,0,0.4763,6,5,FALSE,FALSE,FALSE
"GENE1435","GENE1435_HUMAN","P30138","Protein GENE1435",0.011,1,0.700049,0,0.1549,6,5,FALSE,FALSE,FALSE
"GENE0927","GENE0927_HUMAN","P11822","Protein GENE0927",0.3011,0.764898,0.257367,0.1948,0.5894,2,6,FALSE,FALSE,FALSE
"GENE0254","GENE0254_HUMAN","P75773","Protein GENE0254",0.5218,1,0.48994,0.0954,0.3099,6,5,FALSE,FALSE,FALSE
"GENE1394","GENE1394_HUMAN","P38068","Protein GENE1394",0.0174,0.877925,0.379006,0.0451,0.4214,4,6,FALSE,FALSE,FALSE
"GENE1916","GENE1916_HUMAN","P01006","Protein GENE1916",0.1304,0.443346,0.364738,0.0829,0.438,4,2,FALSE,TRUE,FALSE
"GENE2495","GENE2495_HUMAN","P07960","Protein GENE2495",-0.0467,0.410924,0.195775,0.1872,0.7082,5,2,FALSE,FALSE,FALSE
"GENE1588","GENE1588_HUMAN","P93129","Protein GENE1588",-0.2915,1,0.780726,0,0.1075,2,4,FALSE,FALSE,FALSE
"GENE2487","GENE2487_HUMAN","P13167","Protein GENE2487",0.1344,0.784684,0.36868,0,0.4334,6,3,FALSE,FALSE,FALSE
"GENE1644","GENE1644_HUMAN","P74915","Protein GENE1644",0.548,1,0.675405,0,0.1704,5,5,FALSE,FALSE,FALSE
"GENE1494","GENE1494_HUMAN","P90354","Protein GENE1494",-0.5272,0.298193,0.08344,0.6244,1.0786,4,4,FALSE,FALSE,FALSE
"GENE2501","GENE2501_HUMAN","P16860","Protein GENE2501",-0.5079,0.908238,0.439377,0,0.3572,6,4,TRUE,FALSE,FALSE
"GENE2086","GENE2086_HUMAN","P26010","Protein GENE2086",0.5986,1,0.614589,0,0.2114,2,2,FALSE,FALSE,FALSE
"GENE0562","GENE0562_HUMAN","P68437","Protein GENE0562",-0.2036,1,0.297806,0.0651,0.5261,6,3,TRUE,FALSE,FALSE
"GENE1608","GENE1608_HUMAN","P89243","Protein GENE1608",0.0676,0.265534,0.121169,0.3781,0.9166,5,5,TRUE,FALSE,FALSE
"GENE2677","GENE2677_HUMAN","P06045","Protein GENE2677",-0.2383,0.231433,0.130619,0.7644,0.884,3,4,FALSE,FALSE,FALSE
"GENE1451","GENE1451_HUMAN","P03703","Protein GENE1451",0.0238,1,0.544504,0,0.264,3,3,FALSE,FALSE,FALSE
"GENE2758","GENE2758_HUMAN","P22668","Protein GENE2758",-0.3326,1,0.81152,0,0.0907,5,6,FALSE,FALSE,FALSE
"GENE1331","GENE1331_HUMAN","P97256","Protein GENE1331",0.0682,1,0.868745,0,0.0611,6,4,FALSE,FALSE,FALSE
"GENE1602","GENE1602_HUMAN","P97238","Protein GENE1602",0.1898,0.888443,0.33047,0,0.4809,5,2,FALSE,FALSE,FALSE
"GENE0486","GENE0486_HUMAN","P51953","Protein GENE0486",-0.1789,1,0.558036,0.2166,0.2533,3,2,FALSE,FALSE,FALSE
"GENE0964","GENE0964_HUMAN","P54930","Protein GENE0964",-0.1566,0.325704,0.065474,0.9033,1.1839,5,5,FALSE,FALSE,FALSE
"GENE1673","GENE1673_HUMAN","P13484","Protein GENE1673",0.0829,1,0.895131,0,0.0481,6,6,FALSE,FALSE,FALSE
"GENE2425","GENE2425_HUMAN","P25094","Protein GENE2425",0.2433,1,0.768948,0,0.1141,4,2,FALSE,FALSE,FALSE
"GENE1144","GENE1144_HUMAN","P82519","Protein GENE1144",-0.2543,1,0.991186,0,0.0038,2,2,TRUE,FALSE,FALSE
"GENE0478","GENE0478_HUMAN","P76523","Protein GENE0478",0.7872,0.488571,0.124442,0.4111,0.905,4,6,FALSE,FALSE,FALSE
"GENE2549","GENE2549_HUMAN","P04343","Protein GENE2549",0.3988,0.090527,0.084102,0.9587,1.0752,3,4,FALSE,FALSE,FALSE
"GENE1893","GENE1893_HUMAN","P15406","Protein GENE1893",0.1996,1,0.989864,0,0.0044,6,4,FALSE,FALSE,FALSE
"GENE1517","GENE1517_HUMAN","P42487","Protein GENE1517",-0.2976,1,0.915721,0,0.0382,6,6,FALSE,FALSE,FALSE
"GENE1452","GENE1452_HUMAN","P15554","Protein GENE1452",0.2407,1,0.290448,0.324,0.5369,5,5,FALSE,FALSE,FALSE
"GENE0736","GENE0736_HUMAN","P30093","Protein GENE0736",0.5744,1,0.924525,0,0.0341,2,2,FALSE,FALSE,FALSE
"GENE2615","GENE2615_HUMAN","P35877","Protein GENE2615",-0.5181,1,0.651143,0,0.1863,4,3,FALSE,FALSE,FALSE
"GENE2228","GENE2228_HUMAN","P58118","Protein GENE2228",-0.0755,1,0.999665,0,1e-04,2,6,FALSE,FALSE,FALSE
"GENE1191","GENE1191_HUMAN","P60184","Protein GENE1191",-0.047,1,0.525988,0,0.279,2,6,FALSE,FALSE,FALSE
"GENE1868","GENE1868_HUMAN","P48145","Protein GENE1868",0.8287,1,0.413721,0.0976,0.3833,6,5,FALSE,TRUE,FALSE
"GENE1601","GENE1601_HUMAN","P89146","Protein GENE1601",-0.3607,0.815137,0.358591,0.1482,0.4454,6,2,FALSE,FALSE,FALSE
"GENE1474","GENE1474_HUMAN","P50092","Protein GENE1474",-0.384,1,0.514919,0,0.2883,4,4,FALSE,FALSE,FALSE
"GENE1146","GENE1146_HUMAN","P78913","Protein GENE1146",-0.1662,1,0.388823,0,0.4102,6,6,FALSE,FALSE,FALSE
"GENE1337","GENE1337_HUMAN","P19493","Protein GENE1337",0.4858,1,0.85356,0,0.0688,2,3,FALSE,FALSE,FALSE
"GENE1490","GENE1490_HUMAN","P16509","Protein GENE1490",0.399,1,0.562953,0,0.2495,3,4,FALSE,FALSE,FALSE
"GENE2789","GENE2789_HUMAN","P33156","Protein GENE2789",-0.5908,1,0.987169,0,0.0056,6,2,FALSE,TRUE,FALSE
"GENE1043","GENE1043_HUMAN","P92319","Protein GENE1043",-0.4199,1,0.791093,0,0.1018,5,5,FALSE,TRUE,FALSE
"GENE0017","GENE0017_HUMAN","P41976","Protein GENE0017",0.4342,1,0.714928,0,0.1457,5,6,FALSE,FALSE,FALSE
"GENE0806","GENE0806_HUMAN","P97102","Protein GENE0806",0.0068,0.534785,0.187971,0.1747,0.7259,6,5,FALSE,FALSE,FALSE
"GENE1322","GENE1322_HUMAN","P68815","Protein GENE1322",-0.3105,1,0.857338,0,0.0668,3,3,FALSE,FALSE,FALSE
"GENE0888","GENE0888_HUMAN","P49708","Protein GENE0888",-0.0524,1,0.878016,0.0448,0.0565,6,2,FALSE,FALSE,FALSE
"GENE2559","GENE2559_HUMAN","P46070","Protein GENE2559",-0.1349,1,0.83067,0,0.0806,3,5,FALSE,FALSE,FALSE
"GENE0225","GENE0225_HUMAN","P55408","Protein GENE0225",-0.1587,1,0.818676,0,0.0869,4,4,FALSE,FALSE,FALSE
"GENE2739","GENE2739_HUMAN","P62479","Protein GENE2739",0.6933,0.25557,0.061754,0.5489,1.2093,6,5,FALSE,FALSE,FALSE
"GENE0357","GENE0357_HUMAN","P49008","Protein GENE0357",-0.2523,0.606875,0.47938,0.1722,0.3193,3,2,FALSE,FALSE,FALSE
"GENE0969","GENE0969_HUMAN","P37639","Protein GENE0969",0.1237,0.948965,0.757087,0,0.1209,2,3,FALSE,FALSE,FALSE
"GENE1699","GENE1699_HUMAN","P77973","Protein GENE1699",0.2793,1,0.930498,0,0.0313,6,2,FALSE,FALSE,FALSE
"GENE1040","GENE1040_HUMAN","P88992","Protein GENE1040",-3.9737,0.141738,0.043683,1.2167,1.3597,6,4,TRUE,FALSE,TRUE
"GENE1333","GENE1333_HUMAN","P71343","Protein GENE1333",0.2849,0.639161,0.220578,0.2672,0.6564,4,2,FALSE,FALSE,FALSE
"GENE1689","GENE1689_HUMAN","P96256","Protein GENE1689",-0.4499,1,0.554363,0.2351,0.2562,5,4,FALSE,FALSE,FALSE
"GENE2828","GENE2828_HUMAN","P10030","Protein GENE2828",-0.636,0.860748,0.25386,0,0.5954,3,6,FALSE,FALSE,FALSE
"GENE1607","GENE1607_HUMAN","P76653","Protein GENE1607",0.5562,1,0.685299,0,0.1641,6,4,TRUE,FALSE,FALSE
"GENE0188","GENE0188_HUMAN","P12945","Protein GENE0188",0.5405,0.231972,0.204207,0.3061,0.6899,5,3,FALSE,FALSE,FALSE
"GENE1679","GENE1679_HUMAN","P74735","Protein GENE1679",0.1054,1,0.313267,0.0973,0.5041,6,5,FALSE,FALSE,FALSE
"GENE0665","GENE0665_HUMAN","P62139","Protein GENE0665",-0.2165,1,0.584254,0.2265,0.2334,4,2,FALSE,FALSE,FALSE
"GENE1944","GENE1944_HUMAN","P50117","Protein GENE1944",-0.1055,1,0.64696,0,0.1891,5,3,TRUE,FALSE,FALSE
"GENE1749","GENE1749_HUMAN","P76306","Protein GENE1749",-0.2702,1,0.991913,0,0.0035,2,4,FALSE,TRUE,FALSE
"GENE0892","GENE0892_HUMAN","P05313","Protein GENE0892",0.2086,1,0.993743,0,0.0027,4,4,FALSE,FALSE,FALSE
"GENE2449","GENE2449_HUMAN","P21169","Protein GENE2449",0.2809,1,0.774337,0,0.1111,5,2,FALSE,FALSE,FALSE
"GENE0515","GENE0515_HUMAN","P38215","Protein GENE0515",0.3845,1,0.556293,0,0.2547,6,5,FALSE,FALSE,FALSE
"GENE0441","GENE0441_HUMAN","P08115","Protein GENE0441",-0.72,0.632219,0.387619,0.1103,0.4116,3,5,FALSE,FALSE,FALSE
"GENE0506","GENE0506_HUMAN","P51042","Protein GENE0506",-0.5316,0.486811,0.125624,0.7303,0.9009,4,6,FALSE,FALSE,FALSE
"GENE1484","GENE1484_HUMAN","P22301","Protein GENE1484",0.3955,0.975363,0.872146,0.0089,0.0594,6,6,FALSE,TRUE,FALSE
"GENE0234","GENE0234_HUMAN","P31113","Protein GENE0234",0.0905,0.930258,0.40663,0,0.3908,6,4,FALSE,FALSE,FALSE
"GENE2174","GENE2174_HUMAN","P94829","Protein GENE2174",-0.4856,1,0.599012,0,0.2226,3,4,FALSE,FALSE,FALSE
"GENE0267","GENE0267_HUMAN","P53279","Protein GENE0267",0.639,0.418833,0.111433,0.5122,0.953,4,3,FALSE,FALSE,FALSE
"GENE2820","GENE2820_HUMAN","P96105","Protein GENE2820",-0.0875,1,0.508698,0,0.2935,4,2,FALSE,FALSE,FALSE
"GENE2108","GENE2108_HUMAN","P00436","Protein GENE2108",0.2665,0.563915,0.486972,0,0.3125,3,2,FALSE,FALSE,FALSE
"GENE0811","GENE0811_HUMAN","P55130","Protein GENE0811",-0.3096,1,0.460764,0,0.3365,4,5,FALSE,FALSE,FALSE
"GENE1433","GENE1433_HUMAN","P48273","Protein GENE1433",-0.364,0.258681,0.175955,0.31,0.7546,5,6,FALSE,FALSE,FALSE
"GENE0827","GENE0827_HUMAN","P11925","Protein GENE0827",0.1468,1,0.868775,0,0.0611,2,6,FALSE,FALSE,FALSE
"GENE0045","GENE0045_HUMAN","P71268","Protein GENE0045",-0.1627,1,0.826174,0,0.0829,3,6,FALSE,FALSE,FALSE
"GENE1716","GENE1716_HUMAN","P42699","Protein GENE1716",-1.0714,0.310309,0.132022,0.2012,0.8794,5,4,FALSE,FALSE,FALSE
"GENE2266","GENE2266_HUMAN","P15436","Protein GENE2266",0.2669,1,0.649989,0,0.1871,2,3,FALSE,FALSE,FALSE
"GENE0354","GENE0354_HUMAN","P38920","Protein GENE0354",-0.5843,0.216139,0.078328,0.9966,1.1061,3,6,FALSE,FALSE,FALSE
"GENE2453","GENE2453_HUMAN","P59366","Protein GENE2453",-0.4158,1,0.304472,0.1606,0.5165,3,3,FALSE,TRUE,FALSE
"GENE1021","GENE1021_HUMAN","P58402","Protein GENE1021",-0.5514,0.788092,0.615247,0,0.211,6,6,FALSE,FALSE,FALSE
"GENE0309","GENE0309_HUMAN","P13007","Protein GENE0309",0.0401,0.263746,0.071584,1.0394,1.1452,5,3,FALSE,FALSE,FALSE
"GENE2243","GENE2243_HUMAN","P49541","Protein GENE2243",0.0943,1,0.94154,0,0.0262,4,3,FALSE,TRUE,FALSE
"GENE2530","GENE2530_HUMAN","P87607","Protein GENE2530",0.3288,0.256421,0.126948,0.5006,0.8964,5,5,FALSE,FALSE,FALSE
"GENE2673","GENE2673_HUMAN","P56528","Protein GENE2673",-0.0378,1,0.564975,0.0691,0.248,2,3,FALSE,FALSE,FALSE
"GENE1850","GENE1850_HUMAN","P89398","Protein GENE1850",-0.3951,0.302218,0.267214,0.2497,0.5731,4,6,FALSE,FALSE,FALSE
"GENE2417","GENE2417_HUMAN","P95986","Protein GENE2417",-0.4097,1,0.665664,0,0.1767,6,2,FALSE,FALSE,FALSE
"GENE1075","GENE1075_HUMAN","P16259","Protein GENE1075",6e-04,1,0.994118,0,0.0026,5,5,FALSE,FALSE,FALSE
"GENE1843","GENE1843_HUMAN","P76986","Protein GENE1843",0.3284,0.642453,0.204884,0.0022,0.6885,3,4,FALSE,FALSE,FALSE
"GENE2020","GENE2020_HUMAN","P45688","Protein GENE2020",-0.0829,0.282876,0.125534,0.3623,0.9012,3,5,FALSE,FALSE,FALSE
"GENE2868","GENE2868_HUMAN","P62887","Protein GENE2868",0.2507,0.47696,0.28128,0,0.5509,4,5,FALSE,FALSE,FALSE
"GENE2246","GENE2246_HUMAN","P57953","Protein GENE2246",3.6756,0.088986,0.038336,0.9592,1.4164,6,6,FALSE,TRUE,TRUE
"GENE1267","GENE1267_HUMAN","P33584","Protein GENE1267",1.1754,0.06025,0.026121,1.1355,1.583,3,6,FALSE,FALSE,TRUE
"GENE1659","GENE1659_HUMAN","P10784","Protein GENE1659",1.0237,0.046876,0.042618,0.8038,1.3704,2,5,FALSE,FALSE,TRUE
"GENE0516","GENE0516_HUMAN","P96609","Protein GENE0516",0.618,1,0.700848,0,0.1544,4,2,FALSE,FALSE,FALSE
"GENE1159","GENE1159_HUMAN","P79919","Protein GENE1159",0.112,1,0.603719,0,0.2192,6,6,FALSE,FALSE,FALSE
"GENE2288","GENE2288_HUMAN","P71738","Protein GENE2288",0.0079,1,0.785043,0,0.1051,5,4,FALSE,FALSE,FALSE
"GENE1609","GENE1609_HUMAN","P66176","Protein GENE1609",0.3491,1,0.70728,0,0.1504,6,3,FALSE,FALSE,FALSE
"GENE0700","GENE0700_HUMAN","P30635","Protein GENE0700",0.2575,0.589665,0.215857,0.0278,0.6658,3,3,FALSE,FALSE,FALSE
"GENE2710","GENE2710_HUMAN","P85018","Protein GENE2710",0.5512,0.722817,0.159193,0.1318,0.7981,4,4,FALSE,FALSE,FALSE
"GENE0983","GENE0983_HUMAN","P56167","Protein GENE0983",0.0509,1,0.73221,0,0.1354,6,3,TRUE,FALSE,FALSE
"GENE0420","GENE0420_HUMAN","P36770","Protein GENE0420",-0.0494,0.388535,0.131035,0.5323,0.8826,5,3,FALSE,FALSE,FALSE
"GENE2775","GENE2775_HUMAN","P91267","Protein GENE2775",-0.5227,0.184792,0.100993,0.7564,0.9957,6,5,TRUE,TRUE,FALSE
"GENE0068","GENE0068_HUMAN","P50710","Protein GENE0068",0.2745,1,0.784849,0,0.1052,5,5,FALSE,FALSE,FALSE
"GENE1806","GENE1806_HUMAN","P97956","Protein GENE1806",0.16,0.470698,0.350833,0.0468,0.4549,2,3,FALSE,FALSE,FALSE
"GENE1811","GENE1811_HUMAN","P01748","Protein GENE1811",-0.8521,1,0.472725,0,0.3254,5,2,FALSE,FALSE,FALSE
"GENE0172","GENE0172_HUMAN","P97478","Protein GENE0172",-0.0587,1,0.833671,0,0.079,2,4,FALSE,TRUE,FALSE
"GENE0292","GENE0292_HUMAN","P65885","Protein GENE0292",0.658,1,0.510745,0,0.2918,2,5,FALSE,FALSE,FALSE
"GENE1979","GENE1979_HUMAN","P69558","Protein GENE1979",0.5223,1,0.982681,0,0.0076,4,5,FALSE,FALSE,FALSE
"GENE2107","GENE2107_HUMAN","P37676","Protein GENE2107",-0.0044,0.452164,0.213085,0.2085,0.6714,5,4,FALSE,FALSE,FALSE
"GENE1706","GENE1706_HUMAN","P78330","Protein GENE1706",0.4419,1,0.887892,0,0.0516,2,6,FALSE,FALSE,FALSE
"GENE2810","GENE2810_HUMAN","P30255","Protein GENE2810",-0.7818,1,0.47617,0,0.3222,4,3,FALSE,TRUE,FALSE
"GENE0527","GENE0527_HUMAN","P85034","Protein GENE0527",-0.5082,1,0.343351,0,0.4643,6,3,TRUE,TRUE,FALSE
"GENE0121","GENE0121_HUMAN","P47523","Protein GENE0121",-0.443,1,0.956792,0,0.0192,2,4,FALSE,FALSE,FALSE
"GENE0999","GENE0999_HUMAN","P55109","Protein GENE0999",-0.1155,0.663937,0.142943,0.2028,0.8448,4,3,FALSE,FALSE,FALSE
"GENE0546","GENE0546_HUMAN","P18775","Protein GENE0546",-0.1955,1,0.644912,0,0.1905,5,2,FALSE,FALSE,FALSE
"GENE0560","GENE0560_HUMAN","P07393","Protein GENE0560",0.1046,1,0.680772,0,0.167,2,3,FALSE,FALSE,FALSE
"GENE1048","GENE1048_HUMAN","P24350","Protein GENE1048",0.2921,0.729924,0.160008,0.106,0.7959,5,2,FALSE,FALSE,FALSE
"GENE2627","GENE2627_HUMAN","P82264","Protein GENE2627",0.2646,0.203012,0.125455,0.7926,0.9015,4,4,FALSE,TRUE,FALSE
"GENE1390","GENE1390_HUMAN","P86565","Protein GENE1390",0.0136,0.724203,0.566397,0,0.2469,3,6,FALSE,FALSE,FALSE
"GENE2832","GENE2832_HUMAN","P81430","Protein GENE2832",0.0611,1,0.606491,0,0.2172,5,5,FALSE,FALSE,FALSE
"GENE1256","GENE1256_HUMAN","P58830","Protein GENE1256",1.1185,0.940728,0.665998,0.0611,0.1765,4,6,FALSE,FALSE,FALSE
"GENE1928","GENE1928_HUMAN","P72280","Protein GENE1928",0.6127,1,0.296041,0,0.5286,5,4,FALSE,FALSE,FALSE
"GENE2579","GENE2579_HUMAN","P31200","Protein GENE2579",-0.1467,0.890883,0.298376,0.3063,0.5252,5,4,FALSE,FALSE,FALSE
"GENE2404","GENE2404_HUMAN","P47370","Protein GENE2404",0.2896,1,0.715929,0,0.1451,2,6,FALSE,FALSE,FALSE
"GENE2690","GENE2690_HUMAN","P89875","Protein GENE2690",0.4085,1,0.964551,0,0.0157,3,6,FALSE,FALSE,FALSE
"GENE0047","GENE0047_HUMAN","P99454","Protein GENE0047",0.6739,1,0.451233,0.1524,0.3456,5,6,FALSE,TRUE,FALSE
"GENE0392","GENE0392_HUMAN","P83074","Protein GENE0392",-0.1828,1,0.482475,0,0.3165,2,4,FALSE,FALSE,FALSE
"GENE0627","GENE0627_HUMAN","P56876","Protein GENE0627",-0.2412,1,0.651926,0,0.1858,4,2,FALSE,TRUE,FALSE
"GENE1438","GENE1438_HUMAN","P06845","Protein GENE1438",-0.6245,1,0.594179,0,0.2261,2,5,FALSE,FALSE,FALSE
"GENE1891","GENE1891_HUMAN","P40740","Protein GENE1891",0.7378,1,0.522022,0.0577,0.2823,6,5,FALSE,FALSE,FALSE
"GENE0534","GENE0534_HUMAN","P89673","Protein GENE0534",0.1769,1,0.876478,0,0.0573,3,5,FALSE,FALSE,FALSE
"GENE1108","GENE1108_HUMAN","P46203","Protein GENE1108",0.6994,0.00985,0.003191,1.9001,2.496,4,3,FALSE,FALSE,TRUE
"GENE0688","GENE0688_HUMAN","P26282","Protein GENE0688",-0.1346,1,0.880161,0,0.0554,5,4,FALSE,FALSE,FALSE
"GENE1309","GENE1309_HUMAN","P83333","Protein GENE1309",-0.5779,1,0.364136,0,0.4387,4,3,FALSE,FALSE,FALSE
"GENE2847","GENE2847_HUMAN","P59215","Protein GENE2847",0.0213,0.437073,0.294555,0.3649,0.5308,5,6,FALSE,FALSE,FALSE
"GENE0981","GENE0981_HUMAN","P95797","Protein GENE0981",0.5204,1,0.929117,0,0.0319,4,4,FALSE,FALSE,FALSE
"GENE2296","GENE2296_HUMAN","P29419","Protein GENE2296",0.1295,1,0.694939,0.0414,0.1581,6,2,TRUE,FALSE,FALSE
"GENE0880","GENE0880_HUMAN","P76103","Protein GENE0880",-0.1015,0.862181,0.292546,0.3262,0.5338,6,4,FALSE,FALSE,FALSE
"GENE0336","GENE0336_HUMAN","P04548","Protein GENE0336",0.1575,1,0.98929,0,0.0047,3,2,FALSE,FALSE,FALSE
"GENE2496","GENE2496_HUMAN","P80000","Protein GENE2496",-0.2618,1,0.295718,0.1297,0.5291,5,5,FALSE,FALSE,FALSE
"GENE0215","GENE0215_HUMAN","P43238","Protein GENE0215",-0.3624,1,0.578783,0,0.2375,6,5,FALSE,FALSE,FALSE
"GENE1273","GENE1273_HUMAN","P86190","Protein GENE1273",0.3878,1,0.366179,0,0.4363,5,6,FALSE,FALSE,FALSE
"GENE2444","GENE2444_HUMAN","P58198","Protein GENE2444",0.3999,1,0.98186,0,0.008,5,6,FALSE,FALSE,FALSE
"GENE0838","GENE0838_HUMAN","P03177","Protein GENE0838",0.0753,1,0.559073,0,0.2525,4,2,FALSE,FALSE,FALSE
"GENE1526","GENE1526_HUMAN","P21964","Protein GENE1526",0.1198,1,0.639528,0,0.1941,3,2,FALSE,FALSE,FALSE
"GENE2744","GENE2744_HUMAN","P39017","Protein GENE2744",0.1154,0.225411,0.095622,0.3813,1.0194,4,4,FALSE,FALSE,FALSE
"GENE0407","GENE0407_HUMAN","P19080","Protein GENE0407",0.0739,1,0.322323,0.1239,0.4917,4,6,FALSE,FALSE,FALSE
"GENE2786","GENE2786_HUMAN","P12376","Protein GENE2786",0.602,1,0.79401,0,0.1002,2,2,FALSE,FALSE,FALSE
"GENE2446","GENE2446_HUMAN","P38304","Protein GENE2446",-0.1288,0.792928,0.731535,0,0.1358,6,4,FALSE,FALSE,FALSE
"GENE0592","GENE0592_HUMAN","P73963","Protein GENE0592",-0.7721,0.405865,0.272949,0.1994,0.5639,5,4,FALSE,FALSE,FALSE
"GENE0991","GENE0991_HUMAN","P77004","Protein GENE0991",-0.4799,1,0.59125,0.0284,0.2282,5,2,FALSE,FALSE,FALSE
"GENE1202","GENE1202_HUMAN","P43041","Protein GENE1202",-0.1528,1,0.518367,0,0.2854,3,6,FALSE,FALSE,FALSE
"GENE0482","GENE0482_HUMAN","P20563","Protein GENE0482",1.8096,0.085013,0.028659,1.046,1.5427,3,2,FALSE,FALSE,TRUE
"GENE1813","GENE1813_HUMAN","P23999","Protein GENE1813",-0.3319,0.475283,0.127655,0.3729,0.894,6,5,FALSE,FALSE,FALSE
"GENE0525","GENE0525_HUMAN","P39785","Protein GENE0525",0.1813,0.649155,0.337759,0,0.4714,5,4,FALSE,FALSE,FALSE
"GENE0963","GENE0963_HUMAN","P04224","Protein GENE0963",0.5341,0.060156,0.015327,1.6604,1.8145,2,2,FALSE,FALSE,TRUE
"GENE1352","GENE1352_HUMAN","P25663","Protein GENE1352",-0.1198,1,0.636562,0,0.1962,6,2,FALSE,FALSE,FALSE
"GENE2652","GENE2652_HUMAN","P03660","Protein GENE2652",-0.8495,1,0.908312,0,0.0418,2,6,FALSE,FALSE,FALSE
"GENE2722","GENE2722_HUMAN","P39716","Protein GENE2722",-0.5587,1,0.995129,0,0.0021,5,4,FALSE,FALSE,FALSE
"GENE2772","GENE2772_HUMAN","P24048","Protein GENE2772",0.0635,0.65826,0.356818,0.2677,0.4476,5,5,TRUE,FALSE,FALSE
"GENE0617","GENE0617_HUMAN","P55470","Protein GENE0617",-0.0593,1,0.735294,0,0.1335,6,6,FALSE,FALSE,FALSE
"GENE0843","GENE0843_HUMAN","P02243","Protein GENE0843",-0.1619,0.537372,0.331657,0.2034,0.4793,3,5,FALSE,FALSE,FALSE
"GENE0823","GENE0823_HUMAN","P69796","Protein GENE0823",0.3088,1,0.594122,0.2147,0.2261,4,4,FALSE,FALSE,FALSE
"GENE2019","GENE2019_HUMAN","P37740","Protein GENE2019",0.1188,0.662458,0.213283,0.3456,0.671,4,5,FALSE,FALSE,FALSE
"GENE0778","GENE0778_HUMAN","P47936","Protein GENE0778",0.4307,0.44607,0.36357,0,0.4394,2,2,FALSE,FALSE,FALSE
"GENE2253","GENE2253_HUMAN","P89540","Protein GENE2253",-1.9648,0.034956,0.010735,1.361,1.9692,6,6,FALSE,FALSE,TRUE
"GENE1270","GENE1270_HUMAN","P79980","Protein GENE1270",-0.1624,1,0.910052,0,0.0409,4,3,FALSE,FALSE,FALSE
"GENE0976","GENE0976_HUMAN","P48538","Protein GENE0976",-0.039,1,0.563377,0,0.2492,4,2,FALSE,FALSE,FALSE
"GENE1505","GENE1505_HUMAN","P52696","Protein GENE1505",0.6281,1,0.304437,0,0.5165,6,3,FALSE,FALSE,FALSE
"GENE0762","GENE0762_HUMAN","P66478","Protein GENE0762",0.7479,1,0.82332,0,0.0844,2,6,TRUE,FALSE,FALSE
"GENE0207","GENE0207_HUMAN","P26498","Protein GENE0207",0.148,0.255812,0.115477,0.4315,0.9375,3,3,FALSE,FALSE,FALSE
"GENE1387","GENE1387_HUMAN","P38020","Protein GENE1387",-0.9529,0.246419,0.124614,0.3385,0.9044,4,4,FALSE,FALSE,FALSE
"GENE2221","GENE2221_HUMAN","P74315","Protein GENE2221",-0.4058,0.817011,0.24155,0,0.617,4,6,FALSE,FALSE,FALSE
"GENE1729","GENE1729_HUMAN","P54663","Protein GENE1729",0.2781,0.169906,0.115195,0.6541,0.9386,6,5,TRUE,FALSE,FALSE
"GENE0202","GENE0202_HUMAN","P78525","Protein GENE0202",0.3985,1,0.32094,0.266,0.4936,2,3,FALSE,FALSE,FALSE
"GENE1648","GENE1648_HUMAN","P52268","Protein GENE1648",0.1923,0.778846,0.342152,0,0.4658,2,2,FALSE,FALSE,FALSE
"GENE2047","GENE2047_HUMAN","P59686","Protein GENE2047",-0.1132,1,0.690677,0,0.1607,3,6,FALSE,FALSE,FALSE
"GENE1533","GENE1533_HUMAN","P16960","Protein GENE1533",0.1325,0.969794,0.269123,0.0187,0.57,5,2,FALSE,FALSE,FALSE
"GENE2035","GENE2035_HUMAN","P83894","Protein GENE2035",0.2149,1,0.792592,0,0.101,3,4,FALSE,FALSE,FALSE
"GENE1304","GENE1304_HUMAN","P83588","Protein GENE1304",3.6066,0.083987,0.030083,0.8583,1.5217,6,5,FALSE,FALSE,TRUE
"GENE1004","GENE1004_HUMAN","P28718","Protein GENE1004",-0.7207,1,0.481336,0,0.3176,6,6,FALSE,FALSE,FALSE
"GENE0351","GENE0351_HUMAN","P71798","Protein GENE0351",0.7119,1,0.543045,0.093,0.2652,2,3,FALSE,FALSE,FALSE
"GENE2088","GENE2088_HUMAN","P70466","Protein GENE2088",0.252,0.567203,0.421866,0.176,0.3748,2,6,FALSE,FALSE,FALSE
"GENE1105","GENE1105_HUMAN","P82118","Protein GENE1105",-0.0156,1,0.670623,0,0.1735,3,5,FALSE,FALSE,FALSE
"GENE1545","GENE1545_HUMAN","P35356","Protein GENE1545",-0.2461,1,0.645509,0.0083,0.1901,2,3,FALSE,FALSE,FALSE
"GENE0156","GENE0156_HUMAN","P89995","Protein GENE0156",-0.4626,0.476021,0.16897,0.4487,0.7722,3,4,FALSE,FALSE,FALSE
"GENE1134","GENE1134_HUMAN","P91747","Protein GENE1134",0.4484,0.721737,0.318683,0,0.4966,4,6,FALSE,FALSE,FALSE
"GENE0488","GENE0488_HUMAN","P75914","Protein GENE0488",0.3894,1,0.89514,0,0.0481,5,2,FALSE,FALSE,FALSE
"GENE1535","GENE1535_HUMAN","P12655","Protein GENE1535",-0.3256,1,0.33558,0,0.4742,4,6,FALSE,FALSE,FALSE
"GENE2633","GENE2633_HUMAN","P06688","Protein GENE2633",0.1623,0.262027,0.060813,0.9584,1.216,5,5,FALSE,FALSE,FALSE
"GENE2264","GENE2264_HUMAN","P10355","Protein GENE2264",0.0273,1,0.309539,0.0576,0.5093,4,4,FALSE,FALSE,FALSE
"GENE2540","GENE2540_HUMAN","P34293","Protein GENE2540",0.2971,0.553179,0.132574,0.4259,0.8775,3,3,FALSE,FALSE,FALSE
"GENE2080","GENE2080_HUMAN","P97375","Protein GENE2080",-0.2798,0.550563,0.361556,0.4053,0.4418,6,5,FALSE,FALSE,FALSE
"GENE0410","GENE0410_HUMAN","P37638","Protein GENE0410",0.4863,0.931042,0.229267,0,0.6397,5,2,FALSE,FALSE,FALSE
"GENE1482","GENE1482_HUMAN","P25404","Protein GENE1482",-4e-04,0.673146,0.664554,0,0.1775,3,5,FALSE,FALSE,FALSE
"GENE1229","GENE1229_HUMAN","P99017","Protein GENE1229",0.0078,1,0.818916,0,0.0868,2,6,FALSE,TRUE,FALSE
"GENE1707","GENE1707_HUMAN","P80729","Protein GENE1707",-0.5331,1,0.777345,0,0.1094,2,5,FALSE,FALSE,FALSE
"GENE1657","GENE1657_HUMAN","P52887","Protein GENE1657",-0.3892,1,0.845723,0,0.0728,3,5,FALSE,FALSE,FALSE
"GENE1287","GENE1287_HUMAN","P68383","Protein GENE1287",-0.063,0.678417,0.318932,0,0.4963,5,2,FALSE,FALSE,FALSE
"GENE0050","GENE0050_HUMAN","P39345","Protein GENE0050",0.5988,1,0.700503,0.1066,0.1546,5,6,TRUE,FALSE,FALSE
"GENE0948","GENE0948_HUMAN","P79938","Protein GENE0948",-0.006,1,0.811647,0,0.0906,3,3,FALSE,FALSE,FALSE
"GENE1414","GENE1414_HUMAN","P78742","Protein GENE1414",-0.0127,1,0.900909,0,0.0453,3,4,FALSE,FALSE,FALSE
"GENE0290","GENE0290_HUMAN","P80653","Protein GENE0290",0.1976,1,0.811187,0,0.0909,6,6,FALSE,FALSE,FALSE
"GENE1149","GENE1149_HUMAN","P62958","Protein GENE1149",0.0177,0.330181,0.134815,0.2269,0.8703,6,5,FALSE,FALSE,FALSE
"GENE0754","GENE0754_HUMAN","P31961","Protein GENE0754",-0.0029,1,0.684624,0,0.1645,6,6,FALSE,FALSE,FALSE
"GENE1169","GENE1169_HUMAN","P67776","Protein GENE1169",0.3311,1,0.683618,0,0.1652,5,2,FALSE,FALSE,FALSE
"LARP7","LARP7_HUMAN","P40256","Protein LARP7",-4.2205,0.056446,0.042563,0.9251,1.371,6,2,FALSE,FALSE,TRUE
"GENE1264","GENE1264_HUMAN","P72033","Protein GENE1264",-0.0433,0.396245,0.20729,0,0.6834,3,6,FALSE,FALSE,FALSE
"GENE2838","GENE2838_HUMAN","P19093","Protein GENE2838",-0.2254,1,0.689363,0,0.1616,5,4,FALSE,TRUE,FALSE
"GENE1143","GENE1143_HUMAN","P99258","Protein GENE1143",0.418,1,0.285721,0.2596,0.5441,2,4,FALSE,FALSE,FALSE
"GENE1906","GENE1906_HUMAN","P74647","Protein GENE1906",3.8239,0.206401,0.048256,0.9494,1.3164,6,4,FALSE,FALSE,TRUE
"GENE0477","GENE0477_HUMAN","P97292","Protein GENE0477",0.1234,1,0.644514,0,0.1908,2,2,FALSE,FALSE,FALSE
"GENE1227","GENE1227_HUMAN","P06613","Protein GENE1227",0.2447,1,0.264154,0.1858,0.5781,6,4,FALSE,FALSE,FALSE
"GENE2542","GENE2542_HUMAN","P38276","Protein GENE2542",0.2847,0.387747,0.180777,0.4888,0.7429,4,4,FALSE,FALSE,FALSE
"GENE2631","GENE2631_HUMAN","P77085","Protein GENE2631",0.007,1,0.841847,0,0.0748,3,5,FALSE,FALSE,FALSE
"GENE2210","GENE2210_HUMAN","P95501","Protein GENE2210",-0.8697,0.947562,0.485018,0,0.3142,2,6,FALSE,FALSE,FALSE
"GENE2389","GENE2389_HUMAN","P78092","Protein GENE2389",-0.1102,1,0.797085,0,0.0985,4,4,FALSE,FALSE,FALSE
"GENE0799","GENE0799_HUMAN","P79374","Protein GENE0799",0.3401,1,0.834056,0,0.0788,6,2,FALSE,FALSE,FALSE
"GENE0426","GENE0426_HUMAN","P39705","Protein GENE0426",0.234,0.556299,0.547834,0.2259,0.2614,4,6,FALSE,FALSE,FALSE
"GENE1221","GENE1221_HUMAN","P10290","Protein GENE1221",0.5977,1,0.79,0,0.1024,5,3,FALSE,FALSE,FALSE
"GENE0502","GENE0502_HUMAN","P16394","Protein GENE0502",-0.4286,1,0.545513,0,0.2632,6,4,FALSE,FALSE,FALSE
"GENE1014","GENE1014_HUMAN","P60961","Protein GENE1014",-0.0164,0.87703,0.630824,0,0.2001,2,6,FALSE,FALSE,FALSE
"GENE2864","GENE2864_HUMAN","P84992","Protein GENE2864",-0.1946,0.254817,0.078323,0.7801,1.1061,5,6,FALSE,FALSE,FALSE
"GENE0535","GENE0535_HUMAN","P27697","Protein GENE0535",0.517,1,0.677948,0,0.1688,6,2,FALSE,FALSE,FALSE
"GENE2582","GENE2582_HUMAN","P88996","Protein GENE2582",-0.0756,0.903635,0.323217,0.1171,0.4905,2,5,FALSE,FALSE,FALSE
"GENE0822","GENE0822_HUMAN","P25330","Protein GENE0822",-0.1207,0.812357,0.250209,0.0486,0.6017,4,3,TRUE,FALSE,FALSE
"GENE0163","GENE0163_HUMAN","P61571","Protein GENE0163",0.7773,0.079821,0.070053,0.8846,1.1546,5,4,FALSE,FALSE,FALSE
"GENE1006","GENE1006_HUMAN","P21310","Protein GENE1006",-3.6937,0.101843,0.039933,0.7012,1.3987,3,5,FALSE,FALSE,TRUE
"GENE0394","GENE0394_HUMAN","P48218","Protein GENE0394",-1.1908,1,0.805674,0,0.0938,3,6,FALSE,FALSE,FALSE
"GENE2484","GENE2484_HUMAN","P93514","Protein GENE2484",-0.2765,1,0.949236,0,0.0226,3,4,FALSE,TRUE,FALSE
"GENE1008","GENE1008_HUMAN","P31286","Protein GENE1008",0.0614,0.515092,0.47375,0,0.3245,4,6,FALSE,FALSE,FALSE
"GENE1508","GENE1508_HUMAN","P68705","Protein GENE1508",-0.0416,1,0.609383,0.1231,0.2151,4,4,FALSE,FALSE,FALSE
"GENE1197","GENE1197_HUMAN","P46865","Protein GENE1197",-0.1335,1,0.526761,0,0.2784,6,5,FALSE,FALSE,FALSE
"GENE1308","GENE1308_HUMAN","P50351","Protein GENE1308",0.8332,0.739235,0.470287,0.232,0.3276,6,6,FALSE,TRUE,FALSE
"GENE2429","GENE2429_HUMAN","P71634","Protein GENE2429",-0.4854,1,0.387212,0,0.4121,2,6,FALSE,FALSE,FALSE
"GENE2328","GENE2328_HUMAN","P24143","Protein GENE2328",-0.4414,1,0.826372,0,0.0828,4,4,FALSE,FALSE,FALSE
"GENE2096","GENE2096_HUMAN","P31267","Protein GENE2096",-0.1034,0.858478,0.53106,0.0539,0.2749,2,6,FALSE,FALSE,FALSE
"GENE0501","GENE0501_HUMAN","P51181","Protein GENE0501",0.0071,1,0.702256,0,0.1535,4,2,FALSE,FALSE,FALSE
"GENE1384","GENE1384_HUMAN","P36695","Protein GENE1384",0.427,1,0.760716,0,0.1188,4,4,FALSE,TRUE,FALSE
"GENE0242","GENE0242_HUMAN","P52340","Protein GENE0242",0.1492,0.740346,0.73584,0,0.1332,5,5,FALSE,FALSE,FALSE
"GENE1765","GENE1765_HUMAN","P72556","Protein GENE1765",-0.3993,1,0.819602,0,0.0864,4,4,FALSE,FALSE,FALSE
"GENE1190","GENE1190_HUMAN","P76289","Protein GENE1190",0.3455,1,0.988116,0,0.0052,3,6,FALSE,FALSE,FALSE
"GENE1966","GENE1966_HUMAN","P94305","Protein GENE1966",0.1561,0.582239,0.276889,0,0.5577,4,2,FALSE,TRUE,FALSE
"GENE1718","GENE1718_HUMAN","P83552","Protein GENE1718",-0.4269,0.910385,0.786436,0,0.1043,3,2,FALSE,FALSE,FALSE
"GENE1203","GENE1203_HUMAN","P98072","Protein GENE1203",-0.8738,0.445128,0.203895,0.1196,0.6906,5,3,FALSE,FALSE,FALSE
"GENE1234","GENE1234_HUMAN","P93338","Protein GENE1234",-0.2804,1,0.988934,0,0.0048,5,5,FALSE,FALSE,FALSE
"GENE0258","GENE0258_HUMAN","P64199","Protein GENE0258",0.1413,0.899498,0.705131,0,0.1517,2,3,FALSE,FALSE,FALSE
"GENE0473","GENE0473_HUMAN","P85696","Protein GENE0473",0.268,1,0.877224,0,0.0569,5,5,FALSE,FALSE,FALSE
"GENE1471","GENE1471_HUMAN","P80704","Protein GENE1471",0.3984,0.690802,0.633767,0,0.1981,5,6,FALSE,FALSE,FALSE
"GENE2378","GENE2378_HUMAN","P65596","Protein GENE2378",-0.1469,0.833134,0.522089,0,0.2823,5,2,FALSE,FALSE,FALSE
"GENE1694","GENE1694_HUMAN","P22964","Protein GENE1694",-0.2203,0.386502,0.105877,0.297,0.9752,4,2,FALSE,FALSE,FALSE
"GENE1292","GENE1292_HUMAN","P84090","Protein GENE1292",-0.6701,0.404335,0.176199,0.1675,0.754,4,2,FALSE,FALSE,FALSE
"GENE1948","GENE1948_HUMAN","P92221","Protein GENE1948",-0.0362,1,0.441659,0,0.3549,6,3,FALSE,FALSE,FALSE
"GENE0882","GENE0882_HUMAN","P24109","Protein GENE0882",-0.2579,1,0.408352,0,0.389,5,3,FALSE,FALSE,FALSE
"GENE2640","GENE2640_HUMAN","P66978","Protein GENE2640",0.5753,1,0.914631,0,0.0388,5,4,FALSE,FALSE,FALSE
"GENE2454","GENE2454_HUMAN","P67988","Protein GENE2454",0.5578,1,0.528441,0,0.277,6,2,FALSE,FALSE,FALSE
"GENE0250","GENE0250_HUMAN","P91232","Protein GENE0250",0.1397,1,0.448242,0,0.3485,4,6,FALSE,FALSE,FALSE
"GENE2181","GENE2181_HUMAN","P79713","Protein GENE2181",-0.0684,0.589126,0.563953,0,0.2488,5,5,FALSE,FALSE,FALSE
"GENE2570","GENE2570_HUMAN","P34416","Protein GENE2570",-0.745,0.750406,0.2184,0,0.6607,2,3,FALSE,FALSE,FALSE
"GENE1466","GENE1466_HUMAN","P64763","Protein GENE1466",-0.3905,0.483281,0.252349,0,0.598,4,6,FALSE,FALSE,FALSE
"GENE2229","GENE2229_HUMAN","P23432","Protein GENE2229",-0.0136,0.66016,0.189353,0.4346,0.7227,4,5,FALSE,TRUE,FALSE
"GENE1629","GENE1629_HUMAN","P70595","Protein GENE1629",0.2834,1,0.511248,0,0.2914,6,4,FALSE,FALSE,FALSE
"GENE1124","GENE1124_HUMAN","P56524","Protein GENE1124",0.1034,0.878934,0.199636,0.0689,0.6998,3,6,FALSE,FALSE,FALSE
"GENE1705","GENE1705_HUMAN","P82779","Protein GENE1705",0.3666,1,0.980687,0,0.0085,5,2,FALSE,TRUE,FALSE
"GENE0240","GENE0240_HUMAN","P17414","Protein GENE0240",-0.0123,1,0.355855,0.0936,0.4487,4,3,FALSE,TRUE,FALSE
"GENE2426","GENE2426_HUMAN","P27299","Protein GENE2426",0.1738,1,0.343639,0.1313,0.4639,4,5,FALSE,FALSE,FALSE
"GENE1899","GENE1899_HUMAN","P34578","Protein GENE1899",0.5317,1,0.92257,0,0.035,3,2,FALSE,FALSE,FALSE
"GENE1955","GENE1955_HUMAN","P62586","Protein GENE1955",0.2475,1,0.81473,0,0.089,6,6,FALSE,FALSE,FALSE
"GENE1846","GENE1846_HUMAN","P12550","Protein GENE1846",-0.2606,1,0.73089,0,0.1361,5,3,FALSE,FALSE,FALSE
"GENE2886","GENE2886_HUMAN","P71189","Protein GENE2886",-0.5609,1,0.512528,0,0.2903,2,5,TRUE,TRUE,FALSE
"GENE0306","GENE0306_HUMAN","P58999","Protein GENE0306",-3.1032,0.052833,0.012414,1.3131,1.9061,2,2,FALSE,FALSE,TRUE
"GENE2716","GENE2716_HUMAN","P86834","Protein GENE2716",-0.185,0.60721,0.145381,0.201,0.8375,6,6,FALSE,FALSE,FALSE
"GENE1917","GENE1917_HUMAN","P81542","Protein GENE1917",-0.1894,0.612109,0.180756,0.5974,0.7429,5,4,TRUE,FALSE,FALSE
"GENE2766","GENE2766_HUMAN","P65578","Protein GENE2766",-0.4144,0.217504,0.191914,0.3803,0.7169,4,4,FALSE,FALSE,FALSE
"GENE1113","GENE1113_HUMAN","P60287","Protein GENE1113",-2.4033,0.075397,0.015829,1.3603,1.8005,4,4,FALSE,FALSE,TRUE
"GENE1915","GENE1915_HUMAN","P96799","Protein GENE1915",0,0.202813,0.106568,0.7329,0.9724,2,3,FALSE,FALSE,FALSE
"GENE0533","GENE0533_HUMAN","P27933","Protein GENE0533",0.0352,1,0.949818,0,0.0224,2,2,TRUE,FALSE,FALSE
"GENE2119","GENE2119_HUMAN","P48736","Protein GENE2119",-0.2356,0.570776,0.135138,0.666,0.8692,6,5,FALSE,FALSE,FALSE
"GENE2022","GENE2022_HUMAN","P40441","Protein GENE2022",0.0159,0.792362,0.1969,0.2923,0.7058,5,3,FALSE,FALSE,FALSE
"GENE1302","GENE1302_HUMAN","P99469","Protein GENE1302",0.4997,1,0.37775,0,0.4228,5,4,FALSE,FALSE,FALSE
"GENE0875","GENE0875_HUMAN","P10932","Protein GENE0875",0.3198,0.604013,0.304485,0,0.5164,4,5,FALSE,FALSE,FALSE
"GENE0304","GENE0304_HUMAN","P71503","Protein GENE0304",0.5901,1,0.717845,0,0.144,2,4,FALSE,FALSE,FALSE
"GENE0437","GENE0437_HUMAN","P74791","Protein GENE0437",-0.4352,0.235805,0.232719,0.5945,0.6332,2,4,FALSE,FALSE,FALSE
"GENE1577","GENE1577_HUMAN","P86589","Protein GENE1577",-0.0437,1,0.989206,0,0.0047,3,4,FALSE,FALSE,FALSE
"GENE1481","GENE1481_HUMAN","P19964","Protein GENE1481",-0.1157,0.754725,0.198376,0.005,0.7025,4,2,FALSE,FALSE,FALSE
"GENE2854","GENE2854_HUMAN","P39792","Protein GENE2854",0.5411,0.58794,0.524718,0,0.2801,6,5,FALSE,FALSE,FALSE
"GENE0348","GENE0348_HUMAN","P08539","Protein GENE0348",0.4827,1,0.882968,0,0.0541,3,5,FALSE,TRUE,FALSE
"GENE1324","GENE1324_HUMAN","P22340","Protein GENE1324",0.2645,1,0.430014,0,0.3665,6,2,TRUE,FALSE,FALSE
"GENE0364","GENE0364_HUMAN","P19312","Protein GENE0364",0.2855,1,0.47387,0,0.3243,5,4,FALSE,FALSE,FALSE
"GENE2537","GENE2537_HUMAN","P19191","Protein GENE2537",-0.0028,1,0.668064,0,0.1752,5,3,FALSE,FALSE,FALSE
"GENE2437","GENE2437_HUMAN","P01246","Protein GENE2437",0.3421,1,0.936531,0,0.0285,6,4,FALSE,FALSE,FALSE
"GENE1691","GENE1691_HUMAN","P64639","Protein GENE1691",0.0523,0.267364,0.088135,0.532,1.0548,3,5,FALSE,FALSE,FALSE
"GENE2094","GENE2094_HUMAN","P95607","Protein GENE2094",-0.5618,1,0.747448,0,0.1264,4,2,FALSE,FALSE,FALSE
"GENE0449","GENE0449_HUMAN","P41280","Protein GENE0449",0.0727,1,0.781655,0,0.107,2,6,FALSE,FALSE,FALSE
"GENE2278","GENE2278_HUMAN","P46681","Protein GENE2278",1.2687,0.093721,0.047098,0.6398,1.327,3,6,FALSE,FALSE,TRUE
"GENE0594","GENE0594_HUMAN","P58497","Protein GENE0594",-0.7205,1,0.76726,0,0.1151,3,2,FALSE,FALSE,FALSE
"GENE2646","GENE2646_HUMAN","P83499","Protein GENE2646",-0.3095,1,0.813741,0,0.0895,5,6,FALSE,FALSE,FALSE
"GENE2525","GENE2525_HUMAN","P29523","Protein GENE2525",-0.2898,1,0.46165,0.101,0.3357,3,3,FALSE,FALSE,FALSE
"GENE1616","GENE1616_HUMAN","P80869","Protein GENE1616",-0.4185,0.117426,0.087066,0.5745,1.0602,4,6,FALSE,FALSE,FALSE
"GENE2305","GENE2305_HUMAN","P08463","Protein GENE2305",-0.7646,1,0.974122,0,0.0114,2,4,FALSE,FALSE,FALSE
"GENE0079","GENE0079_HUMAN","P14057","Protein GENE0079",0.4498,0.167376,0.07561,0.796,1.1214,4,4,FALSE,FALSE,FALSE
"GENE1266","GENE1266_HUMAN","P02898","Protein GENE1266",0.4789,0.762446,0.306787,0.0848,0.5132,6,2,FALSE,FALSE,FALSE
"GENE1823","GENE1823_HUMAN","P15758","Protein GENE1823",3.4218,0.056634,0.013403,1.6341,1.8728,2,3,FALSE,FALSE,TRUE
"GENE0491","GENE0491_HUMAN","P33534","Protein GENE0491",-0.8206,1,0.857509,0,0.0668,5,4,FALSE,FALSE,FALSE
"GENE2611","GENE2611_HUMAN","P39189","Protein GENE2611",3.5776,0.014546,0.003447,1.7981,2.4626,3,4,FALSE,FALSE,TRUE
"GENE0055","GENE0055_HUMAN","P15829","Protein GENE0055",0.2128,0.540793,0.129285,0.2373,0.8885,2,5,TRUE,FALSE,FALSE
"GENE1603","GENE1603_HUMAN","P97058","Protein GENE1603",0.1446,0.595776,0.223979,0.0178,0.6498,2,5,FALSE,FALSE,FALSE
"GENE2344","GENE2344_HUMAN","P98177","Protein GENE2344",-0.721,1,0.947201,0.0175,0.0236,4,4,FALSE,FALSE,FALSE
"GENE0210","GENE0210_HUMAN","P70933","Protein GENE0210",0.3924,1,0.536871,0,0.2701,2,6,FALSE,FALSE,FALSE
"GENE1763","GENE1763_HUMAN","P01993","Protein GENE1763",0.6979,0.56029,0.19713,0.47,0.7052,6,5,FALSE,TRUE,FALSE
"GENE2753","GENE2753_HUMAN","P15577","Protein GENE2753",-0.0824,1,0.623714,0,0.205,2,6,FALSE,FALSE,FALSE
"GENE2471","GENE2471_HUMAN","P72281","Protein GENE2471",-0.9705,1,0.728693,0.0028,0.1375,2,6,FALSE,FALSE,FALSE
"GENE1115","GENE1115_HUMAN","P95140","Protein GENE1115",0.4981,1,0.917055,0,0.0376,5,3,FALSE,FALSE,FALSE
"GENE1622","GENE1622_HUMAN","P38466","Protein GENE1622",0.4089,1,0.738105,0,0.1319,5,4,FALSE,FALSE,FALSE
"GENE0355","GENE0355_HUMAN","P10306","Protein GENE0355",-0.1131,0.97138,0.411884,0.2287,0.3852,6,6,FALSE,FALSE,FALSE
"GENE0023","GENE0023_HUMAN","P92461","Protein GENE0023",0.1922,1,0.729502,0,0.137,4,6,FALSE,FALSE,FALSE
"NCOA3","NCOA3_HUMAN","P39105","Protein NCOA3",0.5472,0.060811,0.012959,1.3127,1.8874,4,3,TRUE,FALSE,TRUE
"GENE2524","GENE2524_HUMAN","P19155","Protein GENE2524",-0.305,1,0.292355,0,0.5341,6,2,FALSE,FALSE,FALSE
"GENE0096","GENE0096_HUMAN","P41055","Protein GENE0096",2.1784,0.089994,0.01833,1.0689,1.7368,2,2,FALSE,FALSE,TRUE
"GENE0905","GENE0905_HUMAN","P35494","Protein GENE0905",0.0932,1,0.420215,0.0284,0.3765,3,6,FALSE,FALSE,FALSE
"GENE1503","GENE1503_HUMAN","P11269","Protein GENE1503",-0.4501,1,0.508976,0,0.2933,3,4,FALSE,FALSE,FALSE
"GENE0705","GENE0705_HUMAN","P43221","Protein GENE0705",0.2198,0.75295,0.654433,0,0.1841,3,6,FALSE,TRUE,FALSE
"GENE1371","GENE1371_HUMAN","P52020","Protein GENE1371",-0.3044,1,0.966506,0,0.0148,6,2,FALSE,FALSE,FALSE
"GENE0555","GENE0555_HUMAN","P59581","Protein GENE0555",-0.1552,1,0.359742,0.0317,0.444,3,3,FALSE,FALSE,FALSE
"GENE2817","GENE2817_HUMAN","P82909","Protein GENE2817",0.3341,0.952275,0.670908,0,0.1733,5,5,FALSE,FALSE,FALSE
"GENE0896","GENE0896_HUMAN","P15690","Protein GENE0896",-0.2257,0.832849,0.357555,0.1136,0.4467,4,2,FALSE,FALSE,FALSE
"GENE2681","GENE2681_HUMAN","P38666","Protein GENE2681",-0.4628,1,0.717677,0,0.1441,5,5,FALSE,FALSE,FALSE
"GENE0012","GENE0012_HUMAN","P80640","Protein GENE0012",-0.0209,0.7277,0.156257,0.2383,0.8062,2,2,FALSE,FALSE,FALSE
"GENE2770","GENE2770_HUMAN","P23373","Protein GENE2770",0.1248,1,0.5697,0,0.2444,4,3,FALSE,FALSE,FALSE
"GENE1120","GENE1120_HUMAN","P86903","Protein GENE1120",3.3638,0.104546,0.046579,1.0097,1.3318,3,3,FALSE,FALSE,TRUE
"GENE0932","GENE0932_HUMAN","P09618","Protein GENE0932",-0.2737,0.805883,0.176423,0.3705,0.7534,5,4,FALSE,FALSE,FALSE
"GENE2452","GENE2452_HUMAN","P52823","Protein GENE2452",0.535,1,0.834814,0,0.0784,2,6,FALSE,FALSE,FALSE
"GENE0922","GENE0922_HUMAN","P37894","Protein GENE0922",-0.5319,1,0.247201,0.0816,0.607,6,2,FALSE,FALSE,FALSE
"GENE1275","GENE1275_HUMAN","P70394","Protein GENE1275",-2.9626,0.010361,0.00981,1.8375,2.0083,2,3,FALSE,FALSE,TRUE
"GENE1595","GENE1595_HUMAN","P30141","Protein GENE1595",-0.3033,0.172957,0.141633,0.8171,0.8488,6,5,FALSE,FALSE,FALSE
"GENE0697","GENE0697_HUMAN","P90703","Protein GENE0697",-0.1507,0.84927,0.292412,0.3603,0.534,2,2,FALSE,FALSE,FALSE
"GENE0693","GENE0693_HUMAN","P89876","Protein GENE0693",0.0506,1,0.389051,0,0.41,5,3,FALSE,FALSE,FALSE
"GENE0952","GENE0952_HUMAN","P74869","Protein GENE0952",-3.8512,0.091748,0.032744,1.1812,1.4849,4,4,FALSE,FALSE,TRUE
"GENE0097","GENE0097_HUMAN","P12163","Protein GENE0097",0.111,0.741579,0.177151,0.1807,0.7517,2,4,TRUE,FALSE,FALSE
"GENE1489","GENE1489_HUMAN","P11537","Protein GENE1489",0.7001,1,0.905821,0.0205,0.043,4,5,FALSE,FALSE,FALSE
"GENE0733","GENE0733_HUMAN","P26885","Protein GENE0733",-0.7813,0.675269,0.246273,0.4334,0.6086,6,6,FALSE,FALSE,FALSE
"GENE0169","GENE0169_HUMAN","P66109","Protein GENE0169",-0.0462,1,0.350568,0,0.4552,4,2,FALSE,FALSE,FALSE
"GENE2071","GENE2071_HUMAN","P33022","Protein GENE2071",-0.0559,0.497172,0.168579,0.3178,0.7732,6,4,FALSE,FALSE,FALSE
"GENE1418","GENE1418_HUMAN","P72795","Protein GENE1418",0.2266,1,0.806433,0,0.0934,4,3,FALSE,FALSE,FALSE
"GENE2387","GENE2387_HUMAN","P37481","Protein GENE2387",-0.1415,1,0.970375,0,0.0131,2,2,FALSE,FALSE,FALSE
"GENE0316","GENE0316_HUMAN","P89979","Protein GENE0316",0.0921,0.636385,0.178588,0.0605,0.7481,3,6,FALSE,FALSE,FALSE
"GENE1866","GENE1866_HUMAN","P25785","Protein GENE1866",-1.2042,0.070595,0.039884,0.7145,1.3992,5,2,TRUE,FALSE,TRUE
"GENE0906","GENE0906_HUMAN","P58801","Protein GENE0906",-0.0539,1,0.649382,0,0.1875,2,5,TRUE,FALSE,FALSE
"GENE1686","GENE1686_HUMAN","P71850","Protein GENE1686",0.6505,1,0.519443,0,0.2845,5,6,FALSE,FALSE,FALSE
"GENE1424","GENE1424_HUMAN","P35057","Protein GENE1424",0.2153,1,0.649873,0.1036,0.1872,6,5,FALSE,FALSE,FALSE
"GENE2281","GENE2281_HUMAN","P88906","Protein GENE2281",0.3976,1,0.495865,0,0.3046,2,5,FALSE,TRUE,FALSE
"GENE1346","GENE1346_HUMAN","P87546","Protein GENE1346",-0.3469,1,0.694431,0,0.1584,3,2,FALSE,FALSE,FALSE
"GENE1647","GENE1647_HUMAN","P27493","Protein GENE1647",0.5146,0.963287,0.262464,0.4043,0.5809,2,5,FALSE,FALSE,FALSE
"GENE1776","GENE1776_HUMAN","P95947","Protein GENE1776",0.1656,1,0.798327,0,0.0978,4,5,FALSE,FALSE,FALSE
"GENE1363","GENE1363_HUMAN","P64705","Protein GENE1363",-0.4965,1,0.35566,0.0735,0.449,3,4,FALSE,TRUE,FALSE
"GENE2128","GENE2128_HUMAN","P48491","Protein GENE2128",-0.1368,0.836831,0.492306,0,0.3078,3,4,FALSE,FALSE,FALSE
"GENE1953","GENE1953_HUMAN","P87038","Protein GENE1953",0.9352,1,0.948142,0,0.0231,6,2,TRUE,FALSE,FALSE
"GENE0966","GENE0966_HUMAN","P90061","Protein GENE0966",0.1358,1,0.906085,0,0.0428,6,4,FALSE,FALSE,FALSE
"GENE1213","GENE1213_HUMAN","P34387","Protein GENE1213",0.1349,1,0.740155,0,0.1307,4,2,FALSE,FALSE,FALSE
"GENE0728","GENE0728_HUMAN","P30252","Protein GENE0728",-0.0291,1,0.33517,0.2396,0.4747,5,2,TRUE,FALSE,FALSE
"GENE1631","GENE1631_HUMAN","P34228","Protein GENE1631",-0.3042,1,0.583195,0.0396,0.2342,5,6,FALSE,FALSE,FALSE
"GENE0383","GENE0383_HUMAN","P65838","Protein GENE0383",-0.0538,1,0.818402,0,0.087,4,5,FALSE,FALSE,FALSE
"GENE0066","GENE0066_HUMAN","P22859","Protein GENE0066",0.4644,1,0.482991,0,0.3161,3,3,FALSE,FALSE,FALSE
"GENE1838","GENE1838_HUMAN","P09642","Protein GENE1838",0.1717,0.644434,0.166521,0.7441,0.7785,2,2,FALSE,FALSE,FALSE
"GENE1989","GENE1989_HUMAN","P24416","Protein GENE1989",-0.6896,0.810054,0.361107,0,0.4424,3,3,FALSE,FALSE,FALSE
"GENE0655","GENE0655_HUMAN","P36570","Protein GENE0655",-0.2754,1,0.770652,0,0.1131,4,2,TRUE,FALSE,FALSE
"GENE1683","GENE1683_HUMAN","P50313","Protein GENE1683",0.4173,1,0.987128,0,0.0056,2,3,FALSE,FALSE,FALSE
"GENE0004","GENE0004_HUMAN","P43944","Protein GENE0004",0.2324,1,0.537735,0,0.2694,4,6,TRUE,TRUE,FALSE
"GENE2755","GENE2755_HUMAN","P88559","Protein GENE2755",2.4625,0.01204,0.008075,1.4723,2.0929,4,3,FALSE,FALSE,TRUE
"GENE2090","GENE2090_HUMAN","P89204","Protein GENE2090",-0.8115,0.936364,0.615887,0,0.2105,5,5,FALSE,FALSE,FALSE
"GENE0356","GENE0356_HUMAN","P57303","Protein GENE0356",-0.4764,1,0.329998,0,0.4815,2,3,FALSE,FALSE,FALSE
"GENE2469","GENE2469_HUMAN","P39999","Protein GENE2469",0.0821,0.595954,0.198054,0.2714,0.7032,5,5,TRUE,FALSE,FALSE
"GENE2262","GENE2262_HUMAN","P19481","Protein GENE2262",-0.2898,1,0.876046,0,0.0575,6,5,FALSE,FALSE,FALSE
"GENE2130","GENE2130_HUMAN","P59968","Protein GENE2130",-0.5287,1,0.889746,0,0.0507,5,3,FALSE,TRUE,FALSE
"GENE1258","GENE1258_HUMAN","P65110","Protein GENE1258",-0.2728,0.254795,0.123363,0.2121,0.9088,4,2,TRUE,FALSE,FALSE
"GENE2030","GENE2030_HUMAN","P38085","Protein GENE2030",0.5104,1,0.312999,0,0.5045,3,3,FALSE,FALSE,FALSE
"GENE0320","GENE0320_HUMAN","P76988","Protein GENE0320",-0.0638,1,0.929219,0,0.0319,2,6,FALSE,FALSE,FALSE
"GENE1585","GENE1585_HUMAN","P94799","Protein GENE1585",-0.9846,1,0.611372,0,0.2137,5,4,FALSE,FALSE,FALSE
"GENE2589","GENE2589_HUMAN","P60665","Protein GENE2589",-0.1547,1,0.857307,0,0.0669,2,5,FALSE,FALSE,FALSE
"GENE2648","GENE2648_HUMAN","P65696","Protein GENE2648",-0.274,1,0.402127,0,0.3956,3,2,FALSE,FALSE,FALSE
"GENE0255","GENE0255_HUMAN","P98171","Protein GENE0255",0.231,1,0.439494,0,0.357,2,3,FALSE,FALSE,FALSE
"GENE0751","GENE0751_HUMAN","P38787","Protein GENE0751",-0.0749,0.814527,0.270131,0.1856,0.5684,6,3,FALSE,FALSE,FALSE
"GENE0789","GENE0789_HUMAN","P21714","Protein GENE0789",0.1545,1,0.748965,0,0.1255,5,4,FALSE,FALSE,FALSE
"GENE0490","GENE0490_HUMAN","P58442","Protein GENE0490",2.8651,0.072066,0.019153,1.673,1.7178,3,4,FALSE,FALSE,TRUE
"GENE1389","GENE1389_HUMAN","P17276","Protein GENE1389",3.7762,0.143332,0.034452,0.8407,1.4628,3,3,FALSE,FALSE,TRUE
"GENE0081","GENE0081_HUMAN","P52482","Protein GENE0081",0.6123,1,0.955336,0,0.0198,5,4,FALSE,FALSE,FALSE
"GENE1680","GENE1680_HUMAN","P25896","Protein GENE1680",-0.2273,1,0.921399,0,0.0356,2,6,FALSE,FALSE,FALSE
"GENE1746","GENE1746_HUMAN","P73406","Protein GENE1746",0.6066,0.147725,0.048874,0.8412,1.3109,5,5,TRUE,FALSE,TRUE
"GENE0257","GENE0257_HUMAN","P83374","Protein GENE0257",-0.2442,0.292267,0.089522,0.6007,1.0481,2,6,FALSE,FALSE,FALSE
"GENE0721","GENE0721_HUMAN","P60153","Protein GENE0721",0.3457,1,0.574654,0,0.2406,2,5,FALSE,FALSE,FALSE
"GENE1399","GENE1399_HUMAN","P14485","Protein GENE1399",-0.6771,1,0.860424,0,0.0653,2,6,FALSE,FALSE,FALSE
"GENE0993","GENE0993_HUMAN","P41667","Protein GENE0993",-0.2603,1,0.757269,0,0.1207,3,5,FALSE,FALSE,FALSE
"GENE0048","GENE0048_HUMAN","P64003","Protein GENE0048",-0.379,1,0.475347,0.3201,0.323,3,5,FALSE,FALSE,FALSE
"GENE1954","GENE1954_HUMAN","P89472","Protein GENE1954",-0.2283,1,0.524239,0,0.2805,3,3,FALSE,FALSE,FALSE
"GENE2220","GENE2220_HUMAN","P29941","Protein GENE2220",-0.2306,1,0.383311,0.1697,0.4164,3,6,FALSE,FALSE,FALSE
"GENE1569","GENE1569_HUMAN","P54433","Protein GENE1569",-0.0557,1,0.690097,0,0.1611,5,2,TRUE,FALSE,FALSE
"GENE0861","GENE0861_HUMAN","P83308","Protein GENE0861",0.5335,0.648451,0.228469,0.0693,0.6412,2,3,FALSE,FALSE,FALSE
"GENE2568","GENE2568_HUMAN","P84959","Protein GENE2568",-0.2655,1,0.306533,0.2095,0.5135,3,5,FALSE,FALSE,FALSE
"GENE1788","GENE1788_HUMAN","P83137","Protein GENE1788",3.4459,0.015629,0.008202,2.0729,2.0861,5,5,TRUE,FALSE,TRUE
"GENE0155","GENE0155_HUMAN","P43962","Protein GENE0155",0.2234,1,0.868671,0,0.0611,2,3,FALSE,FALSE,FALSE
"GENE1578","GENE1578_HUMAN","P87138","Protein GENE1578",0.9073,1,0.290388,0.259,0.537,3,4,FALSE,FALSE,FALSE
"GENE1454","GENE1454_HUMAN","P09798","Protein GENE1454",-0.1973,1,0.665678,0,0.1767,3,4,FALSE,FALSE,FALSE
"GENE0912","GENE0912_HUMAN","P08352","Protein GENE0912",0.1382,1,0.634191,0,0.1978,6,3,FALSE,FALSE,FALSE
"GENE2730","GENE2730_HUMAN","P09487","Protein GENE2730",1.6517,0.093959,0.018936,1.1326,1.7227,6,5,FALSE,FALSE,TRUE
"GENE0782","GENE0782_HUMAN","P41242","Protein GENE0782",0.1206,1,0.373608,0,0.4276,6,6,TRUE,FALSE,FALSE
"GENE2662","GENE2662_HUMAN","P96545","Protein GENE2662",-0.2379,0.305069,0.121322,0.8344,0.9161,2,2,FALSE,FALSE,FALSE
"GENE0222","GENE0222_HUMAN","P79952","Protein GENE0222",-0.1568,1,0.815347,0.0454,0.0887,5,5,FALSE,TRUE,FALSE
"GENE2190","GENE2190_HUMAN","P68618","Protein GENE2190",0.4907,0.284652,0.227439,0.0856,0.6431,6,5,FALSE,FALSE,FALSE
"GENE2861","GENE2861_HUMAN","P21433","Protein GENE2861",-0.0852,0.531074,0.315848,0.1758,0.5005,5,3,FALSE,TRUE,FALSE
"GENE1444","GENE1444_HUMAN","P86862","Protein GENE1444",0.7099,1,0.881132,0,0.055,2,4,FALSE,FALSE,FALSE
"GENE2499","GENE2499_HUMAN","P81441","Protein GENE2499",0.655,1,0.330175,0,0.4813,3,2,FALSE,FALSE,FALSE
"GENE0748","GENE0748_HUMAN","P98134","Protein GENE0748",-0.0021,0.889931,0.731281,0,0.1359,2,5,FALSE,FALSE,FALSE
"GENE0887","GENE0887_HUMAN","P17094","Protein GENE0887",-0.8423,1,0.914436,0,0.0388,6,6,FALSE,FALSE,FALSE
"GENE2439","GENE2439_HUMAN","P84792","Protein GENE2439",-0.2447,1,0.790319,0,0.1022,6,4,FALSE,FALSE,FALSE
"GENE1563","GENE1563_HUMAN","P39444","Protein GENE1563",0.1589,0.894284,0.551647,0,0.2583,6,3,FALSE,TRUE,FALSE
"GENE2867","GENE2867_HUMAN","P68135","Protein GENE2867",-0.2866,0.371213,0.099322,0.9745,1.003,4,6,FALSE,FALSE,FALSE
"GENE1343","GENE1343_HUMAN","P85527","Protein GENE1343",-0.101,1,0.861769,0,0.0646,5,5,FALSE,FALSE,FALSE
"GENE2380","GENE2380_HUMAN","P48296","Protein GENE2380",0.5243,0.7652,0.675336,0,0.1705,5,5,FALSE,FALSE,FALSE
"GENE0299","GENE0299_HUMAN","P88724","Protein GENE0299",-0.3947,1,0.617643,0,0.2093,6,5,FALSE,FALSE,FALSE
"GENE0553","GENE0553_HUMAN","P11050","Protein GENE0553",0.2958,0.632507,0.251695,0.2127,0.5991,5,2,TRUE,FALSE,FALSE
"GENE1836","GENE1836_HUMAN","P30192","Protein GENE1836",-0.0659,1,0.577605,0.0773,0.2384,5,2,FALSE,FALSE,FALSE
"GENE2887","GENE2887_HUMAN","P52579","Protein GENE2887",0.1434,0.268325,0.10562,0.7636,0.9763,6,5,FALSE,FALSE,FALSE
"GENE0710","GENE0710_HUMAN","P84354","Protein GENE0710",0.8654,0.458753,0.409812,0.0701,0.3874,2,3,FALSE,FALSE,FALSE
"GENE0231","GENE0231_HUMAN","P52362","Protein GENE0231",-0.1504,0.702579,0.28651,0,0.5429,4,3,FALSE,FALSE,FALSE
"GENE2416","GENE2416_HUMAN","P54190","Protein GENE2416",0.3853,0.546666,0.142744,0.748,0.8454,2,4,FALSE,FALSE,FALSE
"GENE1723","GENE1723_HUMAN","P59714","Protein GENE1723",0.3589,0.309478,0.241875,0.1105,0.6164,3,5,FALSE,FALSE,FALSE
"GENE1215","GENE1215_HUMAN","P31414","Protein GENE1215",0.2823,1,0.328098,0.2264,0.484,4,6,FALSE,FALSE,FALSE
"GENE0944","GENE0944_HUMAN","P17420","Protein GENE0944",-0.0336,1,0.895634,0,0.0479,5,5,FALSE,FALSE,FALSE
"GENE1971","GENE1971_HUMAN","P56632","Protein GENE1971",0.5475,1,0.993007,0,0.003,2,2,FALSE,FALSE,FALSE
"GENE0569","GENE0569_HUMAN","P35129","Protein GENE0569",-0.4961,0.631384,0.246876,0.4058,0.6075,5,2,FALSE,FALSE,FALSE
"GENE0496","GENE0496_HUMAN","P26452","Protein GENE0496",0.692,1,0.429586,0.1187,0.367,4,5,FALSE,FALSE,FALSE
"ZNF598","ZNF598_HUMAN","P43082","Protein ZNF598",2.0852,0.019244,0.00867,1.426,2.062,6,5,FALSE,FALSE,TRUE
"GENE1151","GENE1151_HUMAN","P67395","Protein GENE1151",-0.2953,1,0.958036,0,0.0186,4,5,FALSE,FALSE,FALSE
"GENE1518","GENE1518_HUMAN","P43798","Protein GENE1518",-0.0884,1,0.789569,0,0.1026,4,6,FALSE,FALSE,FALSE
"GENE0554","GENE0554_HUMAN","P04441","Protein GENE0554",-0.525,0.445761,0.163323,0.1803,0.787,2,2,FALSE,FALSE,FALSE
"GENE2077","GENE2077_HUMAN","P94792","Protein GENE2077",-0.6092,0.419146,0.229462,0.0402,0.6393,4,3,TRUE,FALSE,FALSE
"GENE1903","GENE1903_HUMAN","P45248","Protein GENE1903",-0.2784,0.401292,0.156567,0.129,0.8053,6,5,FALSE,TRUE,FALSE
"GENE1719","GENE1719_HUMAN","P91782","Protein GENE1719",-0.3191,1,0.870393,0,0.0603,2,2,FALSE,FALSE,FALSE
"GENE0237","GENE0237_HUMAN","P79803","Protein GENE0237",-0.2511,1,0.316904,0.4896,0.4991,6,3,FALSE,FALSE,FALSE
"UFSP2","UFSP2_HUMAN","P96291","Protein UFSP2",1.6354,0.041247,0.022742,1.0983,1.6432,4,2,FALSE,FALSE,TRUE
"GENE2159","GENE2159_HUMAN","P29560","Protein GENE2159",-0.3344,1,0.963482,0,0.0162,4,5,FALSE,FALSE,FALSE
"GENE0485","GENE0485_HUMAN","P04380","Protein GENE0485",-0.3153,1,0.421913,0,0.3748,6,6,FALSE,FALSE,FALSE
"GENE0412","GENE0412_HUMAN","P81025","Protein GENE0412",-0.1061,1,0.479502,0,0.3192,2,2,FALSE,TRUE,FALSE
"GENE1406","GENE1406_HUMAN","P04251","Protein GENE1406",-0.9967,0.133267,0.0288,0.8454,1.5406,6,4,FALSE,FALSE,TRUE
"GENE2398","GENE2398_HUMAN","P15418","Protein GENE2398",0.0065,1,0.994935,0,0.0022,4,5,FALSE,FALSE,FALSE
"GENE0640","GENE0640_HUMAN","P78836","Protein GENE0640",-0.0026,1,0.887186,0,0.052,5,4,FALSE,FALSE,FALSE
"GENE0318","GENE0318_HUMAN","P93364","Protein GENE0318",0.5794,1,0.676862,0,0.1695,5,3,FALSE,FALSE,FALSE
"GENE0625","GENE0625_HUMAN","P71618","Protein GENE0625",-0.0726,0.466936,0.146306,0.2983,0.8347,5,3,FALSE,FALSE,FALSE
"GENE0386","GENE0386_HUMAN","P20707","Protein GENE0386",-0.8646,1,0.983658,0,0.0072,4,6,FALSE,FALSE,FALSE
"GENE1157","GENE1157_HUMAN","P03776","Protein GENE1157",-0.212,1,0.677421,0,0.1691,3,2,FALSE,FALSE,FALSE
"GENE1289","GENE1289_HUMAN","P34933","Protein GENE1289",-0.095,1,0.677362,0,0.1692,5,2,FALSE,FALSE,FALSE
"PKN1","PKN1_HUMAN","P36661","Protein PKN1",3.8813,0.029674,0.011344,1.6785,1.9452,5,6,FALSE,FALSE,TRUE
"GENE1382","GENE1382_HUMAN","P73617","Protein GENE1382",0.5783,0.746703,0.624457,0,0.2045,3,6,TRUE,FALSE,FALSE
"GENE2321","GENE2321_HUMAN","P23459","Protein GENE2321",-0.2747,0.573144,0.122589,0.2189,0.9115,6,6,FALSE,FALSE,FALSE
"GENE2721","GENE2721_HUMAN","P74763","Protein GENE2721",0.2979,1,0.797137,0,0.0985,2,2,FALSE,FALSE,FALSE
"GENE2351","GENE2351_HUMAN","P73160","Protein GENE2351",0.4238,1,0.974976,0,0.011,4,2,FALSE,TRUE,FALSE
"GENE0894","GENE0894_HUMAN","P38294","Protein GENE0894",-0.3674,1,0.426079,0.0768,0.3705,5,4,FALSE,FALSE,FALSE
"GENE1886","GENE1886_HUMAN","P71466","Protein GENE1886",0.0464,1,0.548772,0,0.2606,4,2,FALSE,FALSE,FALSE
"GENE1373","GENE1373_HUMAN","P02930","Protein GENE1373",0.6965,0.143757,0.06008,1.1868,1.2213,2,2,FALSE,FALSE,FALSE
"GENE1098","GENE1098_HUMAN","P12760","Protein GENE1098",0.1177,1,0.711063,0,0.1481,5,5,FALSE,FALSE,FALSE
"GENE1045","GENE1045_HUMAN","P55912","Protein GENE1045",0.2998,0.345416,0.148861,0.5105,0.8272,5,2,FALSE,FALSE,FALSE
"GENE0072","GENE0072_HUMAN","P00769","Protein GENE0072",0.2871,0.88155,0.563815,0.0921,0.2489,3,2,FALSE,FALSE,FALSE
"GENE1025","GENE1025_HUMAN","P52024","Protein GENE1025",0.2878,0.5551,0.19158,0.0911,0.7177,6,2,TRUE,FALSE,FALSE
"GENE1617","GENE1617_HUMAN","P62438","Protein GENE1617",0.3515,1,0.387862,0.0708,0.4113,3,3,FALSE,FALSE,FALSE
"GENE0123","GENE0123_HUMAN","P55692","Protein GENE0123",-0.9267,1,0.598495,0,0.2229,4,4,FALSE,FALSE,FALSE
"GENE0342","GENE0342_HUMAN","P68935","Protein GENE0342",-0.0018,1,0.952144,0,0.0213,4,2,FALSE,FALSE,FALSE
"GENE1773","GENE1773_HUMAN","P69047","Protein GENE1773",-3.4455,0.003739,0.001129,2.4458,2.9474,4,6,FALSE,FALSE,TRUE
"GENE0611","GENE0611_HUMAN","P49747","Protein GENE0611",-0.599,0.97393,0.200981,0.0191,0.6968,6,2,FALSE,FALSE,FALSE
"GENE1038","GENE1038_HUMAN","P96009","Protein GENE1038",0.1788,1,0.300616,0.125,0.522,3,6,FALSE,FALSE,FALSE
"GENE2185","GENE2185_HUMAN","P72984","Protein GENE2185",-0.3607,0.451551,0.373066,0.0451,0.4282,4,5,FALSE,FALSE,FALSE
"GENE0247","GENE0247_HUMAN","P21665","Protein GENE0247",-0.725,0.707481,0.200887,0.0885,0.697,4,5,FALSE,FALSE,FALSE
"GENE0481","GENE0481_HUMAN","P00941","Protein GENE0481",-0.3242,0.278014,0.106601,0.2826,0.9722,6,3,TRUE,FALSE,FALSE
"GENE2195","GENE2195_HUMAN","P14571","Protein GENE2195",-0.2836,1,0.452206,0,0.3447,3,4,FALSE,FALSE,FALSE
"GENE2621","GENE2621_HUMAN","P40947","Protein GENE2621",0.586,1,0.470973,0.0695,0.327,2,2,FALSE,FALSE,FALSE
"GENE0548","GENE0548_HUMAN","P22951","Protein GENE0548",-3.5034,0.161726,0.038583,0.7267,1.4136,6,6,FALSE,FALSE,TRUE
"NEK9","NEK9_HUMAN","P47909","Protein NEK9",-2.0327,0.011237,0.002975,1.8462,2.5265,2,2,FALSE,FALSE,TRUE
"GENE0868","GENE0868_HUMAN","P48316","Protein GENE0868",0.3577,0.980592,0.28829,0.1578,0.5402,5,2,FALSE,FALSE,FALSE
"GENE2591","GENE2591_HUMAN","P92301","Protein GENE2591",-0.0109,1,0.459898,0,0.3373,3,5,FALSE,FALSE,FALSE
"GENE0676","GENE0676_HUMAN","P55443","Protein GENE0676",-0.8089,0.538911,0.166767,0.1751,0.7779,6,6,FALSE,FALSE,FALSE
"GENE1635","GENE1635_HUMAN","P14084","Protein GENE1635",-0.4095,0.577878,0.247442,0.2635,0.6065,2,2,FALSE,FALSE,FALSE
"GENE2259","GENE2259_HUMAN","P39353","Protein GENE2259",0.4575,0.515999,0.110114,0.3677,0.9582,2,2,FALSE,FALSE,FALSE
"GENE0028","GENE0028_HUMAN","P41049","Protein GENE0028",0.8887,1,0.431106,0.3596,0.3654,4,2,FALSE,FALSE,FALSE
"GENE1586","GENE1586_HUMAN","P01659","Protein GENE1586",0.1859,1,0.92065,0,0.0359,3,3,FALSE,FALSE,FALSE
"GENE2512","GENE2512_HUMAN","P15867","Protein GENE2512",0.5262,0.270398,0.072396,0.7778,1.1403,3,3,FALSE,FALSE,FALSE
"GENE0439","GENE0439_HUMAN","P21790","Protein GENE0439",-0.4827,1,0.743869,0,0.1285,5,6,FALSE,FALSE,FALSE
"GENE2788","GENE2788_HUMAN","P13272","Protein GENE2788",0.3002,0.598953,0.367047,0,0.4353,5,3,FALSE,FALSE,FALSE
"GENE0039","GENE0039_HUMAN","P25416","Protein GENE0039",-0.021,1,0.477462,0,0.3211,2,6,TRUE,FALSE,FALSE
"GENE1167","GENE1167_HUMAN","P56091","Protein GENE1167",0.3226,1,0.832786,0,0.0795,4,4,FALSE,TRUE,FALSE
"GENE0790","GENE0790_HUMAN","P33305","Protein GENE0790",0.0173,1,0.584672,0,0.2331,5,6,FALSE,FALSE,FALSE
"GENE2422","GENE2422_HUMAN","P72406","Protein GENE2422",-0.4167,1,0.507135,0,0.2949,2,6,FALSE,FALSE,FALSE
"GENE0259","GENE0259_HUMAN","P11734","Protein GENE0259",-0.3345,1,0.931904,0,0.0306,4,5,FALSE,FALSE,FALSE
"GENE2784","GENE2784_HUMAN","P40382","Protein GENE2784",-0.1707,1,0.54492,0.0102,0.2637,2,5,FALSE,FALSE,FALSE
"GENE1353","GENE1353_HUMAN","P20450","Protein GENE1353",-0.3515,1,0.336221,0,0.4734,6,6,FALSE,FALSE,FALSE
"GENE0142","GENE0142_HUMAN","P20050","Protein GENE0142",-3.3178,0.077428,0.027199,1.1981,1.5654,2,4,FALSE,FALSE,TRUE
"GENE2006","GENE2006_HUMAN","P18240","Protein GENE2006",0.6038,1,0.882446,0,0.0543,6,6,FALSE,FALSE,FALSE
"GENE2761","GENE2761_HUMAN","P03306","Protein GENE2761",-0.391,1,0.885302,0,0.0529,6,5,FALSE,FALSE,FALSE
"GENE1449","GENE1449_HUMAN","P76680","Protein GENE1449",-0.0631,1,0.386171,0.0628,0.4132,3,2,FALSE,FALSE,FALSE
"GENE1923","GENE1923_HUMAN","P75250","Protein GENE1923",0.442,0.681181,0.178958,0.3235,0.7472,4,4,FALSE,FALSE,FALSE
"GENE1668","GENE1668_HUMAN","P48691","Protein GENE1668",-0.301,1,0.54665,0,0.2623,3,3,FALSE,FALSE,FALSE
"GENE2776","GENE2776_HUMAN","P45146","Protein GENE2776",-0.3012,1,0.997819,0,9e-04,5,5,FALSE,FALSE,FALSE
"GENE0512","GENE0512_HUMAN","P67702","Protein GENE0512",-0.482,1,0.649694,0,0.1873,4,4,FALSE,FALSE,FALSE
"GENE1735","GENE1735_HUMAN","P70230","Protein GENE1735",-0.2186,0.817493,0.285061,0,0.5451,5,2,TRUE,FALSE,FALSE
"GENE0646","GENE0646_HUMAN","P44597","Protein GENE0646",-0.234,1,0.359418,0,0.4444,6,4,FALSE,FALSE,FALSE
"GENE0343","GENE0343_HUMAN","P91996","Protein GENE0343",-0.2692,0.472868,0.196293,0.1914,0.7071,6,4,FALSE,FALSE,FALSE
"GENE0681","GENE0681_HUMAN","P44102","Protein GENE0681",-0.3655,0.281098,0.141634,0.4379,0.8488,6,3,FALSE,FALSE,FALSE
"GENE2526","GENE2526_HUMAN","P65767","Protein GENE2526",-0.1286,0.377683,0.177575,0.2403,0.7506,5,6,FALSE,FALSE,FALSE
"GENE0360","GENE0360_HUMAN","P21554","Protein GENE0360",-2.3056,0.091594,0.045447,0.7334,1.3425,6,5,FALSE,FALSE,TRUE
"GENE2562","GENE2562_HUMAN","P39966","Protein GENE2562",0.1197,1,0.606696,0.0238,0.217,2,5,FALSE,FALSE,FALSE
"GENE1630","GENE1630_HUMAN","P30716","Protein GENE1630",-0.3064,1,0.595725,0.1722,0.225,2,2,FALSE,FALSE,FALSE
"GENE0378","GENE0378_HUMAN","P11736","Protein GENE0378",1.2521,0.001687,0.000524,2.6406,3.2808,4,3,FALSE,FALSE,TRUE
"GENE2003","GENE2003_HUMAN","P21869","Protein GENE2003",0.3681,1,0.791216,0,0.1017,2,6,FALSE,FALSE,FALSE
"GENE2746","GENE2746_HUMAN","P61351","Protein GENE2746",0.8249,1,0.767163,0,0.1151,3,5,FALSE,FALSE,FALSE
"GENE1265","GENE1265_HUMAN","P95657","Protein GENE1265",0.6929,1,0.682218,0.1627,0.1661,3,5,FALSE,FALSE,FALSE
"GENE0203","GENE0203_HUMAN","P37492","Protein GENE0203",0.3255,0.446568,0.173495,0.0727,0.7607,6,3,FALSE,FALSE,FALSE
"GENE2251","GENE2251_HUMAN","P89690","Protein GENE2251",0.7084,1,0.801379,0,0.0962,6,6,FALSE,FALSE,FALSE
"GENE0848","GENE0848_HUMAN","P85222","Protein GENE0848",0.8843,1,0.753461,0,0.1229,6,5,FALSE,FALSE,FALSE
"GENE0968","GENE0968_HUMAN","P96156","Protein GENE0968",-0.0722,0.469493,0.400539,0.0957,0.3974,5,5,FALSE,FALSE,FALSE
"GENE2415","GENE2415_HUMAN","P59911","Protein GENE2415",0.1414,0.855024,0.231553,0.1707,0.6354,3,3,FALSE,FALSE,FALSE
"GENE1653","GENE1653_HUMAN","P45335","Protein GENE1653",0.0675,1,0.744513,0,0.1281,6,4,FALSE,FALSE,FALSE
"GENE0564","GENE0564_HUMAN","P58277","Protein GENE0564",-0.2753,1,0.660567,0.0292,0.1801,3,4,FALSE,FALSE,FALSE
"GENE0741","GENE0741_HUMAN","P56078","Protein GENE0741",0.5132,1,0.724668,0,0.1399,6,4,FALSE,TRUE,FALSE
"UFL1","UFL1_HUMAN","P40262","Protein UFL1",2.3287,0.052789,0.034197,1.4562,1.466,3,6,TRUE,FALSE,TRUE
"GENE1862","GENE1862_HUMAN","P37724","Protein GENE1862",-0.4283,1,0.462907,0,0.3345,4,5,FALSE,FALSE,FALSE
"GENE0103","GENE0103_HUMAN","P30399","Protein GENE0103",0.1126,1,0.97803,0,0.0096,4,3,FALSE,FALSE,FALSE
"GENE1415","GENE1415_HUMAN","P16320","Protein GENE1415",-0.32,1,0.541244,0,0.2666,6,3,FALSE,FALSE,FALSE
